region,case_id,resource_burden_proxy,observation_success_percent,full_dissemination_success_percent_s100,p90_first_reception_latency_min,pareto_optimal
California,T060_P03_H0500_I0600_CN000_F1,0.0034337293911762,31.25,0.0,84.56666666666666,True
California,T060_P03_H0500_I0600_CN010_F1,0.19475914156765223,53.125,0.0,48.56666666666667,True
California,T060_P03_H0500_I0600_CN020_F1,0.3146799299990789,56.25,0.0,24.233333333333334,False
California,T060_P03_H0500_I0600_CN030_F1,0.33851524362162666,56.25,0.0,14.233333333333334,False
California,T060_P03_H0500_I0600_CN040_F1,0.339620521322649,53.125,0.0,10.250000000000002,True
California,T060_P03_H0500_I0600_CN050_F1,0.33426913512019896,53.125,0.0,9.233333333333334,True
California,T060_P03_H0500_I0600_CN060_F1,0.34479506309293545,53.125,0.0,9.233333333333334,False
California,T060_P03_H0500_I0600_CN070_F1,0.3433029381965552,53.125,0.0,5.758333333333334,True
California,T060_P03_H0500_I0600_CN080_F1,0.344804273740444,53.125,0.0,5.25,False
California,T060_P03_H0500_I0600_CN090_F1,0.34458874458874456,53.125,0.0,4.241666666666667,True
California,T060_P03_H0500_I0600_CN100_F1,0.30526664824537164,53.125,0.0,4.241666666666667,True
California,T060_P03_H0500_I0800_CN000_F1,0.042100027631942524,0.0,0.0,317.90000000000003,False
California,T060_P03_H0500_I0800_CN010_F1,0.3028921433176752,37.5,6.25,138.4,False
California,T060_P03_H0500_I0800_CN020_F1,0.3747112462006079,43.75,6.25,138.4,False
California,T060_P03_H0500_I0800_CN030_F1,0.38352030947775634,37.5,6.25,125.4,False
California,T060_P03_H0500_I0800_CN040_F1,0.3837597863129778,40.625,6.25,129.4,False
California,T060_P03_H0500_I0800_CN050_F1,0.38228239845261125,40.625,6.25,121.4,False
California,T060_P03_H0500_I0800_CN060_F1,0.38337293911762005,40.625,3.125,125.4,False
California,T060_P03_H0500_I0800_CN070_F1,0.3741917656811274,31.25,0.0,121.4,False
California,T060_P03_H0500_I0800_CN080_F1,0.3774099659206043,21.875,0.0,121.4,False
California,T060_P03_H0500_I0800_CN090_F1,0.33384728746430875,25.0,0.0,121.4,False
California,T060_P03_H0500_I0800_CN100_F1,0.30526664824537164,15.625,0.0,121.4,False
California,T060_P03_H0500_I0986_CN000_F1,0.01978078658929723,0.0,0.0,319.8333333333333,False
California,T060_P03_H0500_I0986_CN010_F1,0.1841355807313254,46.875,0.0,163.82000000000005,True
California,T060_P03_H0500_I0986_CN020_F1,0.2182720825274017,37.5,0.0,158.15333333333336,True
California,T060_P03_H0500_I0986_CN030_F1,0.21807129041171597,43.75,0.0,158.26666666666668,True
California,T060_P03_H0500_I0986_CN040_F1,0.2504909275122041,31.25,0.0,150.35333333333335,False
California,T060_P03_H0500_I0986_CN050_F1,0.27985815602836883,37.5,9.375,149.71333333333334,False
California,T060_P03_H0500_I0986_CN060_F1,0.26382426084553745,37.5,0.0,150.35333333333335,False
California,T060_P03_H0500_I0986_CN070_F1,0.2927659574468085,43.75,3.125,151.31333333333333,False
California,T060_P03_H0500_I0986_CN080_F1,0.29341622916091004,53.125,0.0,147.31333333333333,False
California,T060_P03_H0500_I0986_CN090_F1,0.276428110896196,50.0,3.125,149.71333333333334,False
California,T060_P03_H0500_I0986_CN100_F1,0.24957907340886065,9.375,0.0,147.31333333333333,False
California,T060_P03_H0800_I0600_CN000_F1,0.0034337293911762,25.0,0.0,93.63333333333333,True
California,T060_P03_H0800_I0600_CN010_F1,0.20120106843511099,53.125,0.0,48.175,True
California,T060_P03_H0800_I0600_CN020_F1,0.3078124712167266,53.125,0.0,23.65833333333334,True
California,T060_P03_H0800_I0600_CN030_F1,0.33764944275582576,59.375,0.0,16.0,False
California,T060_P03_H0800_I0600_CN040_F1,0.34259924472690434,56.25,0.0,11.175,False
California,T060_P03_H0800_I0600_CN050_F1,0.3355457308648798,53.125,0.0,9.250000000000002,True
California,T060_P03_H0800_I0600_CN060_F1,0.3559473150962513,59.375,0.0,9.383333333333335,False
California,T060_P03_H0800_I0600_CN070_F1,0.34758773141751864,53.125,0.0,6.03666666666667,True
California,T060_P03_H0800_I0600_CN080_F1,0.3430874090448559,53.125,0.0,5.0,True
California,T060_P03_H0800_I0600_CN090_F1,0.3518964723220043,53.125,0.0,4.430000000000001,False
California,T060_P03_H0800_I0600_CN100_F1,0.30526664824537164,43.75,0.0,4.3950000000000005,False
California,T060_P03_H0800_I0800_CN000_F1,0.0857990236713641,0.0,0.0,223.61666666666667,False
California,T060_P03_H0800_I0800_CN010_F1,0.3363341622916091,34.375,6.25,92.81666666666666,False
California,T060_P03_H0800_I0800_CN020_F1,0.36913512019895,46.875,6.25,92.81666666666666,False
California,T060_P03_H0800_I0800_CN030_F1,0.38008658008658014,28.125,0.0,92.4,False
California,T060_P03_H0800_I0800_CN040_F1,0.38503638205765867,21.875,0.0,92.4,False
California,T060_P03_H0800_I0800_CN050_F1,0.3917030487243253,12.5,0.0,92.4,False
California,T060_P03_H0800_I0800_CN060_F1,0.3945104540849222,15.625,0.0,92.4,False
California,T060_P03_H0800_I0800_CN070_F1,0.3874716772589113,9.375,0.0,92.4,False
California,T060_P03_H0800_I0800_CN080_F1,0.37826102975039144,15.625,0.0,92.4,False
California,T060_P03_H0800_I0800_CN090_F1,0.33039882103711893,9.375,0.0,92.4,False
California,T060_P03_H0800_I0800_CN100_F1,0.30526664824537164,3.125,0.0,92.4,False
California,T060_P03_H0800_I0986_CN000_F1,0.040383162936354425,0.0,12.5,333.0416666666667,True
California,T060_P03_H0800_I0986_CN010_F1,0.2566104817168647,50.0,15.625,38.80500000000016,True
California,T060_P03_H0800_I0986_CN020_F1,0.2963083724785852,40.625,12.5,32.805000000000135,True
California,T060_P03_H0800_I0986_CN030_F1,0.3479506309293544,34.375,25.0,13.383333333333335,True
California,T060_P03_H0800_I0986_CN040_F1,0.3181670811458046,34.375,6.25,19.525000000000134,True
California,T060_P03_H0800_I0986_CN050_F1,0.34882564244266373,40.625,6.25,9.045000000000002,True
California,T060_P03_H0800_I0986_CN060_F1,0.33530072764115315,31.25,6.25,8.100000000000001,True
California,T060_P03_H0800_I0986_CN070_F1,0.3278069448282214,34.375,3.125,8.175,True
California,T060_P03_H0800_I0986_CN080_F1,0.3370710140922907,46.875,3.125,8.741666666666674,True
California,T060_P03_H0800_I0986_CN090_F1,0.31493230174081244,37.5,0.0,4.85,True
California,T060_P03_H0800_I0986_CN100_F1,0.30526664824537164,15.625,0.0,4.366666666666666,False
California,T060_P03_H1000_I0600_CN000_F1,0.002142396610481717,25.0,0.0,94.58333333333334,True
California,T060_P03_H1000_I0600_CN010_F1,0.20334346504559273,50.0,0.0,38.25,True
California,T060_P03_H1000_I0600_CN020_F1,0.31038039974210185,56.25,0.0,11.700000000000003,True
California,T060_P03_H1000_I0600_CN030_F1,0.3221976604955329,53.125,0.0,19.183333333333334,False
California,T060_P03_H1000_I0600_CN040_F1,0.34259924472690434,59.375,0.0,10.250000000000002,True
California,T060_P03_H1000_I0600_CN050_F1,0.33940499217094966,53.125,0.0,8.74166666666667,True
California,T060_P03_H1000_I0600_CN060_F1,0.34907985631389893,53.125,0.0,8.175,False
California,T060_P03_H1000_I0600_CN070_F1,0.35489545915077836,53.125,0.0,8.893333333333334,False
California,T060_P03_H1000_I0600_CN080_F1,0.3499548678272083,53.125,0.0,5.3400000000000025,True
California,T060_P03_H1000_I0600_CN090_F1,0.34071474624666115,53.125,0.0,5.025000000000001,True
California,T060_P03_H1000_I0600_CN100_F1,0.30526664824537164,50.0,0.0,4.256666666666667,False
California,T060_P03_H1000_I0800_CN000_F1,0.0875158883669522,0.0,0.0,222.43333333333334,False
California,T060_P03_H1000_I0800_CN010_F1,0.3539136041263701,40.625,6.25,81.4,True
California,T060_P03_H1000_I0800_CN020_F1,0.3768536428110897,40.625,6.25,77.05833333333334,False
California,T060_P03_H1000_I0800_CN030_F1,0.38352030947775634,37.5,6.25,81.4,False
California,T060_P03_H1000_I0800_CN040_F1,0.3846108501427651,18.75,0.0,76.15833333333336,False
California,T060_P03_H1000_I0800_CN050_F1,0.38699272358846826,15.625,0.0,75.25833333333337,False
California,T060_P03_H1000_I0800_CN060_F1,0.3979441834760984,18.75,0.0,75.65833333333336,False
California,T060_P03_H1000_I0800_CN070_F1,0.3917564704798747,9.375,0.0,71.65833333333336,False
California,T060_P03_H1000_I0800_CN080_F1,0.36324951644100584,15.625,0.0,71.65833333333336,False
California,T060_P03_H1000_I0800_CN090_F1,0.34369346965091646,15.625,0.0,71.65833333333336,False
California,T060_P03_H1000_I0800_CN100_F1,0.30526664824537164,12.5,0.0,71.65833333333336,False
California,T060_P03_H1000_I0986_CN000_F1,0.037374965460071845,0.0,15.625,342.0416666666667,True
California,T060_P03_H1000_I0986_CN010_F1,0.2647692732799116,53.125,15.625,43.825000000000095,True
California,T060_P03_H1000_I0986_CN020_F1,0.33444597955236255,43.75,6.25,21.175,True
California,T060_P03_H1000_I0986_CN030_F1,0.3445316385741918,37.5,15.625,18.825000000000006,True
California,T060_P03_H1000_I0986_CN040_F1,0.3464585060329741,37.5,6.25,7.940000000000004,True
California,T060_P03_H1000_I0986_CN050_F1,0.34925117435755737,34.375,12.5,9.858333333333334,True
California,T060_P03_H1000_I0986_CN060_F1,0.3481993184120844,37.5,6.25,7.940000000000004,False
California,T060_P03_H1000_I0986_CN070_F1,0.3385631389886709,34.375,3.125,9.758333333333333,False
California,T060_P03_H1000_I0986_CN080_F1,0.32976328635903107,31.25,0.0,4.01,True
California,T060_P03_H1000_I0986_CN090_F1,0.3226655613889656,9.375,3.125,9.758333333333333,True
California,T060_P03_H1000_I0986_CN100_F1,0.30526664824537164,6.25,0.0,4.01,False
California,T060_P05_H0500_I0600_CN000_F1,0.03507046145344018,0.0,0.0,29.03333333333333,True
California,T060_P05_H0500_I0600_CN010_F1,0.2822013447545363,50.0,3.125,39.07833333333333,False
California,T060_P05_H0500_I0600_CN020_F1,0.33517914709404073,56.25,3.125,16.96666666666667,True
California,T060_P05_H0500_I0600_CN030_F1,0.317809708022474,53.125,0.0,19.353333333333335,True
California,T060_P05_H0500_I0600_CN040_F1,0.3356138896564429,62.5,0.0,11.486666666666666,True
California,T060_P05_H0500_I0600_CN050_F1,0.3401823708206687,71.875,0.0,10.841666666666669,True
California,T060_P05_H0500_I0600_CN060_F1,0.36227134567560104,71.875,0.0,10.091666666666667,False
California,T060_P05_H0500_I0600_CN070_F1,0.35868103527677997,71.875,0.0,6.090000000000002,False
California,T060_P05_H0500_I0600_CN080_F1,0.3533591231463572,71.875,0.0,6.93166666666667,False
California,T060_P05_H0500_I0600_CN090_F1,0.35530072764115317,68.75,0.0,3.52,True
California,T060_P05_H0500_I0600_CN100_F1,0.30526664824537164,59.375,0.0,3.52,True
California,T060_P05_H0500_I0800_CN000_F1,0.042100027631942524,0.0,0.0,135.87,False
California,T060_P05_H0500_I0800_CN010_F1,0.30723588468269325,56.25,0.0,88.38333333333334,False
California,T060_P05_H0500_I0800_CN020_F1,0.3584673482545823,43.75,0.0,41.41666666666668,False
California,T060_P05_H0500_I0800_CN030_F1,0.37242700561849496,65.625,0.0,41.38333333333335,False
California,T060_P05_H0500_I0800_CN040_F1,0.38808879064198215,56.25,0.0,34.38333333333335,False
California,T060_P05_H0500_I0800_CN050_F1,0.4063332412268583,75.0,0.0,27.383333333333344,False
California,T060_P05_H0500_I0800_CN060_F1,0.41599336833379386,78.125,0.0,34.38333333333335,False
California,T060_P05_H0500_I0800_CN070_F1,0.3999299990789352,87.5,0.0,27.383333333333344,False
California,T060_P05_H0500_I0800_CN080_F1,0.3662871879893157,68.75,0.0,27.383333333333344,False
California,T060_P05_H0500_I0800_CN090_F1,0.33987841945288755,78.125,0.0,27.383333333333344,False
California,T060_P05_H0500_I0800_CN100_F1,0.30526664824537164,56.25,0.0,27.383333333333344,False
California,T060_P05_H0500_I0986_CN000_F1,0.04381689232753063,0.0,0.0,210.85,False
California,T060_P05_H0500_I0986_CN010_F1,0.2716956802063185,62.5,0.0,107.98000000000003,True
California,T060_P05_H0500_I0986_CN020_F1,0.30151791470940414,50.0,0.0,81.34666666666669,False
California,T060_P05_H0500_I0986_CN030_F1,0.3081698443400571,71.875,0.0,59.546666666666695,True
California,T060_P05_H0500_I0986_CN040_F1,0.31868103527678,56.25,0.0,68.33333333333333,False
California,T060_P05_H0500_I0986_CN050_F1,0.31635258358662616,62.5,0.0,60.34666666666667,False
California,T060_P05_H0500_I0986_CN060_F1,0.32385557704706647,59.375,0.0,58.36666666666667,False
California,T060_P05_H0500_I0986_CN070_F1,0.3108004052684904,56.25,0.0,56.746666666666684,False
California,T060_P05_H0500_I0986_CN080_F1,0.3247158515243622,62.5,0.0,60.333333333333336,False
California,T060_P05_H0500_I0986_CN090_F1,0.3107506677719444,56.25,0.0,58.36666666666667,False
California,T060_P05_H0500_I0986_CN100_F1,0.27314543612415954,43.75,0.0,58.36666666666667,False
California,T060_P05_H0800_I0600_CN000_F1,0.05309017223910841,0.0,6.25,28.241666666666667,True
California,T060_P05_H0800_I0600_CN010_F1,0.301101593442019,34.375,9.375,75.34166666666667,False
California,T060_P05_H0800_I0600_CN020_F1,0.3510564612692273,50.0,0.0,18.390000000000004,True
California,T060_P05_H0800_I0600_CN030_F1,0.3585889288016948,56.25,3.125,15.633333333333345,True
California,T060_P05_H0800_I0600_CN040_F1,0.35322280556323116,53.125,0.0,13.250000000000002,True
California,T060_P05_H0800_I0600_CN050_F1,0.3654950723035829,68.75,0.0,10.175,True
California,T060_P05_H0800_I0600_CN060_F1,0.38460532375425993,75.0,0.0,10.725000000000009,False
California,T060_P05_H0800_I0600_CN070_F1,0.38527033250437503,71.875,0.0,6.9166666666666705,False
California,T060_P05_H0800_I0600_CN080_F1,0.3615179147094041,75.0,0.0,4.341666666666667,True
California,T060_P05_H0800_I0600_CN090_F1,0.35399465782444506,62.5,0.0,4.26,True
California,T060_P05_H0800_I0600_CN100_F1,0.30526664824537164,59.375,0.0,4.26,False
California,T060_P05_H0800_I0800_CN000_F1,0.04896748641429493,0.0,0.0,178.7,False
California,T060_P05_H0800_I0800_CN010_F1,0.30810168554849404,37.5,0.0,37.0,False
California,T060_P05_H0800_I0800_CN020_F1,0.3696196002578982,46.875,0.0,31.960000000000004,False
California,T060_P05_H0800_I0800_CN030_F1,0.37756286266924566,46.875,0.0,23.22,False
California,T060_P05_H0800_I0800_CN040_F1,0.39065671916735745,75.0,0.0,21.0,False
California,T060_P05_H0800_I0800_CN050_F1,0.4136262319241043,93.75,0.0,8.383333333333335,True
California,T060_P05_H0800_I0800_CN060_F1,0.3941291332780695,71.875,0.0,15.219999999999999,False
California,T060_P05_H0800_I0800_CN070_F1,0.39392834116238373,87.5,0.0,6.25,True
California,T060_P05_H0800_I0800_CN080_F1,0.383441097909183,90.625,0.0,6.25,True
California,T060_P05_H0800_I0800_CN090_F1,0.34887353780970803,75.0,0.0,6.25,True
California,T060_P05_H0800_I0800_CN100_F1,0.30526664824537164,65.625,0.0,6.25,True
California,T060_P05_H0800_I0986_CN000_F1,0.04553375702311872,0.0,0.0,196.08333333333331,False
California,T060_P05_H0800_I0986_CN010_F1,0.29909183015566,56.25,3.125,73.84,True
California,T060_P05_H0800_I0986_CN020_F1,0.37133646495348627,75.0,15.625,33.175,True
California,T060_P05_H0800_I0986_CN030_F1,0.3771520677903657,78.125,3.125,21.383333333333333,True
California,T060_P05_H0800_I0986_CN040_F1,0.37995947315096257,59.375,0.0,12.383333333333335,False
California,T060_P05_H0800_I0986_CN050_F1,0.3827668785115594,59.375,0.0,10.008333333333335,True
California,T060_P05_H0800_I0986_CN060_F1,0.39198673666758777,71.875,3.125,14.341666666666667,True
California,T060_P05_H0800_I0986_CN070_F1,0.37677443124251636,68.75,0.0,6.26,False
California,T060_P05_H0800_I0986_CN080_F1,0.36455558625771395,71.875,0.0,6.26,True
California,T060_P05_H0800_I0986_CN090_F1,0.3557409965920604,65.625,0.0,6.26,False
California,T060_P05_H0800_I0986_CN100_F1,0.30526664824537164,31.25,0.0,6.26,True
California,T060_P05_H1000_I0600_CN000_F1,0.05438150501980289,0.0,9.375,27.099999999999998,True
California,T060_P05_H1000_I0600_CN010_F1,0.3148659850787511,34.375,9.375,68.58833333333332,False
California,T060_P05_H1000_I0600_CN020_F1,0.39189463019250254,53.125,9.375,31.25,True
California,T060_P05_H1000_I0600_CN030_F1,0.3633287280095791,56.25,9.375,18.25,True
California,T060_P05_H1000_I0600_CN040_F1,0.3643897946025606,56.25,0.0,12.341666666666667,True
California,T060_P05_H1000_I0600_CN050_F1,0.37622179239200515,62.5,0.0,12.191666666666666,True
California,T060_P05_H1000_I0600_CN060_F1,0.3756249424334531,65.625,0.0,4.2250000000000005,True
California,T060_P05_H1000_I0600_CN070_F1,0.38014921248963807,68.75,0.0,4.430000000000001,True
California,T060_P05_H1000_I0600_CN080_F1,0.37181910288293274,62.5,0.0,7.748333333333342,False
California,T060_P05_H1000_I0600_CN090_F1,0.34970986460348163,62.5,0.0,4.105000000000001,True
California,T060_P05_H1000_I0600_CN100_F1,0.30526664824537164,56.25,0.0,4.105000000000001,True
California,T060_P05_H1000_I0800_CN000_F1,0.042100027631942524,0.0,0.0,40.07,False
California,T060_P05_H1000_I0800_CN010_F1,0.3093782812931749,40.625,0.0,34.34166666666667,False
California,T060_P05_H1000_I0800_CN020_F1,0.348606429031961,31.25,0.0,28.758333333333333,False
California,T060_P05_H1000_I0800_CN030_F1,0.37885419544994015,50.0,0.0,20.025000000000002,False
California,T060_P05_H1000_I0800_CN040_F1,0.38681219489730134,53.125,0.0,15.906666666666672,False
California,T060_P05_H1000_I0800_CN050_F1,0.39948051948051955,75.0,0.0,15.741666666666674,False
California,T060_P05_H1000_I0800_CN060_F1,0.41685916919959476,84.375,0.0,10.735000000000007,False
California,T060_P05_H1000_I0800_CN070_F1,0.391785944551902,90.625,0.0,7.801666666666668,True
California,T060_P05_H1000_I0800_CN080_F1,0.3645703232937276,68.75,0.0,8.106666666666667,False
California,T060_P05_H1000_I0800_CN090_F1,0.35446440084737957,68.75,0.0,7.801666666666668,False
California,T060_P05_H1000_I0800_CN100_F1,0.30526664824537164,50.0,0.0,7.801666666666668,False
California,T060_P05_H1000_I0986_CN000_F1,0.05240121580547112,9.375,0.0,204.8,True
California,T060_P05_H1000_I0986_CN010_F1,0.30124896380215527,65.625,0.0,48.09166666666667,True
California,T060_P05_H1000_I0986_CN020_F1,0.3451874366767984,78.125,6.25,42.525,True
California,T060_P05_H1000_I0986_CN030_F1,0.37543520309477757,87.5,3.125,19.258333333333333,True
California,T060_P05_H1000_I0986_CN040_F1,0.3846697982868196,87.5,6.25,20.741666666666674,True
California,T060_P05_H1000_I0986_CN050_F1,0.38319241042645297,87.5,3.125,16.825000000000006,True
California,T060_P05_H1000_I0986_CN060_F1,0.3881274753615179,87.5,0.0,9.183333333333334,True
California,T060_P05_H1000_I0986_CN070_F1,0.37677443124251636,81.25,0.0,9.183333333333334,False
California,T060_P05_H1000_I0986_CN080_F1,0.37013171225937186,87.5,0.0,13.741666666666674,True
California,T060_P05_H1000_I0986_CN090_F1,0.3355641521598969,65.625,0.0,7.906666666666672,True
California,T060_P05_H1000_I0986_CN100_F1,0.30526664824537164,34.375,0.0,7.906666666666672,False
California,T060_P10_H0500_I0600_CN000_F1,0.017065487703785576,0.0,0.0,44.69500000000002,True
California,T060_P10_H0500_I0600_CN010_F1,0.2256184949801971,31.25,0.0,40.25,True
California,T060_P10_H0500_I0600_CN020_F1,0.3352528322741089,65.625,0.0,28.183333333333334,True
California,T060_P10_H0500_I0600_CN030_F1,0.3362991618310768,75.0,0.0,27.146666666666665,True
California,T060_P10_H0500_I0600_CN040_F1,0.3330754352030948,81.25,0.0,15.741666666666674,True
California,T060_P10_H0500_I0600_CN050_F1,0.3633821497651285,90.625,0.0,8.191666666666666,True
California,T060_P10_H0500_I0600_CN060_F1,0.3670553559915262,71.875,0.0,6.191666666666667,True
California,T060_P10_H0500_I0600_CN070_F1,0.38403794786773515,84.375,0.0,6.191666666666667,False
California,T060_P10_H0500_I0600_CN080_F1,0.3954296767062725,84.375,0.0,5.941666666666667,False
California,T060_P10_H0500_I0600_CN090_F1,0.37676890485401127,84.375,0.0,5.941666666666667,False
California,T060_P10_H0500_I0600_CN100_F1,0.30526664824537164,62.5,0.0,5.941666666666667,True
California,T060_P10_H0500_I0800_CN000_F1,0.040383162936354425,0.0,0.0,140.915,False
California,T060_P10_H0500_I0800_CN010_F1,0.28025052961223174,50.0,0.0,71.53333333333333,False
California,T060_P10_H0500_I0800_CN020_F1,0.3524804273740444,59.375,0.0,29.840000000000007,False
California,T060_P10_H0500_I0800_CN030_F1,0.37329280648429586,46.875,0.0,29.741666666666674,False
California,T060_P10_H0500_I0800_CN040_F1,0.3636271529888552,75.0,0.0,18.48500000000001,False
California,T060_P10_H0500_I0800_CN050_F1,0.3814460716588376,75.0,0.0,21.205000000000005,False
California,T060_P10_H0500_I0800_CN060_F1,0.3713990973565442,62.5,0.0,15.128333333333336,False
California,T060_P10_H0500_I0800_CN070_F1,0.37248963802155294,56.25,0.0,10.341666666666667,False
California,T060_P10_H0500_I0800_CN080_F1,0.3671235147830893,81.25,0.0,11.183333333333334,False
California,T060_P10_H0500_I0800_CN090_F1,0.33857234963617944,75.0,0.0,11.183333333333334,True
California,T060_P10_H0500_I0800_CN100_F1,0.30526664824537164,53.125,0.0,10.341666666666667,False
California,T060_P10_H0500_I0986_CN000_F1,0.03694943354517823,0.0,0.0,122.41500000000005,False
California,T060_P10_H0500_I0986_CN010_F1,0.2819526572718062,53.125,0.0,70.03333333333333,False
California,T060_P10_H0500_I0986_CN020_F1,0.31903840840011055,59.375,0.0,42.741666666666674,True
California,T060_P10_H0500_I0986_CN030_F1,0.39514230450400667,25.0,0.0,28.741666666666674,False
California,T060_P10_H0500_I0986_CN040_F1,0.38465506125080595,50.0,0.0,28.741666666666674,False
California,T060_P10_H0500_I0986_CN050_F1,0.39732338583402416,68.75,0.0,21.39166666666667,False
California,T060_P10_H0500_I0986_CN060_F1,0.40570691719627894,53.125,0.0,26.741666666666674,False
California,T060_P10_H0500_I0986_CN070_F1,0.4029529335912315,75.0,0.0,15.091666666666667,False
California,T060_P10_H0500_I0986_CN080_F1,0.38600902643455837,75.0,0.0,12.040000000000003,False
California,T060_P10_H0500_I0986_CN090_F1,0.33987841945288755,56.25,0.0,12.040000000000003,False
California,T060_P10_H0500_I0986_CN100_F1,0.30526664824537164,37.5,0.0,12.040000000000003,False
California,T060_P10_H0800_I0600_CN000_F1,0.03768260108685641,0.0,6.25,64.12333333333335,True
California,T060_P10_H0800_I0600_CN010_F1,0.24921433176752328,25.0,6.25,63.44166666666671,True
California,T060_P10_H0800_I0600_CN020_F1,0.336558902090817,56.25,6.25,32.4,True
California,T060_P10_H0800_I0600_CN030_F1,0.3431666206134292,78.125,6.25,18.758333333333333,True
California,T060_P10_H0800_I0600_CN040_F1,0.35068435110988305,87.5,0.0,7.211666666666667,True
California,T060_P10_H0800_I0600_CN050_F1,0.371966473243069,78.125,0.0,5.791666666666668,True
California,T060_P10_H0800_I0600_CN060_F1,0.3567836418900249,78.125,0.0,8.758333333333333,False
California,T060_P10_H0800_I0600_CN070_F1,0.36044211108040897,90.625,0.0,5.700000000000003,True
California,T060_P10_H0800_I0600_CN080_F1,0.38123975315464675,84.375,0.0,5.725000000000002,True
California,T060_P10_H0800_I0600_CN090_F1,0.3548457216542323,75.0,0.0,5.700000000000003,True
California,T060_P10_H0800_I0600_CN100_F1,0.30526664824537164,56.25,0.0,5.700000000000003,False
California,T060_P10_H0800_I0800_CN000_F1,0.04896748641429493,0.0,0.0,80.525,False
California,T060_P10_H0800_I0800_CN010_F1,0.27509993552546746,53.125,0.0,68.11666666666667,False
California,T060_P10_H0800_I0800_CN020_F1,0.3511890945933499,46.875,0.0,29.425,False
California,T060_P10_H0800_I0800_CN030_F1,0.3715759417887078,56.25,0.0,19.758333333333333,False
California,T060_P10_H0800_I0800_CN040_F1,0.38938012342267664,81.25,0.0,18.395,False
California,T060_P10_H0800_I0800_CN050_F1,0.3874624666114028,68.75,0.0,22.356666666666698,False
California,T060_P10_H0800_I0800_CN060_F1,0.39327806944828225,56.25,0.0,19.758333333333333,False
California,T060_P10_H0800_I0800_CN070_F1,0.37678916827853,53.125,0.0,9.008333333333335,False
California,T060_P10_H0800_I0800_CN080_F1,0.3632789905130331,71.875,0.0,10.643333333333336,False
California,T060_P10_H0800_I0800_CN090_F1,0.33685548494059137,75.0,0.0,9.341666666666669,True
California,T060_P10_H0800_I0800_CN100_F1,0.30526664824537164,40.625,0.0,9.008333333333335,False
California,T060_P10_H0800_I0986_CN000_F1,0.042100027631942524,21.875,0.0,152.625,True
California,T060_P10_H0800_I0986_CN010_F1,0.2802357925762181,46.875,3.125,67.325,False
California,T060_P10_H0800_I0986_CN020_F1,0.35933314912038317,56.25,3.125,33.75833333333333,False
California,T060_P10_H0800_I0986_CN030_F1,0.40542875564152164,59.375,3.125,18.025,True
California,T060_P10_H0800_I0986_CN040_F1,0.3927991157778392,75.0,3.125,14.000000000000002,True
California,T060_P10_H0800_I0986_CN050_F1,0.40461637653127014,65.625,3.125,25.175,False
California,T060_P10_H0800_I0986_CN060_F1,0.41257437597863134,75.0,3.125,16.758333333333336,False
California,T060_P10_H0800_I0986_CN070_F1,0.3862098185502441,81.25,0.0,14.000000000000002,False
California,T060_P10_H0800_I0986_CN080_F1,0.37956709956709966,81.25,0.0,14.000000000000002,False
California,T060_P10_H0800_I0986_CN090_F1,0.334287556415216,62.5,0.0,13.000000000000002,True
California,T060_P10_H0800_I0986_CN100_F1,0.30526664824537164,37.5,0.0,13.000000000000002,False
California,T060_P10_H1000_I0600_CN000_F1,0.04755825734549139,0.0,3.125,82.98333333333336,True
California,T060_P10_H1000_I0600_CN010_F1,0.2814239661048171,37.5,3.125,52.908333333333374,False
California,T060_P10_H1000_I0600_CN020_F1,0.33657363912683064,62.5,3.125,29.741666666666674,True
California,T060_P10_H1000_I0600_CN030_F1,0.3676872064106107,71.875,3.125,29.741666666666674,True
California,T060_P10_H1000_I0600_CN040_F1,0.355438887353781,68.75,0.0,18.025,False
California,T060_P10_H1000_I0600_CN050_F1,0.3822676614165976,81.25,0.0,7.341666666666667,True
California,T060_P10_H1000_I0600_CN060_F1,0.3717804181633969,71.875,0.0,7.191666666666667,True
California,T060_P10_H1000_I0600_CN070_F1,0.36813115962052134,68.75,0.0,7.191666666666667,False
California,T060_P10_H1000_I0600_CN080_F1,0.37438703140830804,84.375,0.0,7.191666666666667,True
California,T060_P10_H1000_I0600_CN090_F1,0.349695127567468,81.25,0.0,7.191666666666667,True
California,T060_P10_H1000_I0600_CN100_F1,0.30526664824537164,56.25,0.0,7.191666666666667,False
California,T060_P10_H1000_I0800_CN000_F1,0.04466795615731786,0.0,0.0,56.95,False
California,T060_P10_H1000_I0800_CN010_F1,0.3102440821589758,50.0,0.0,54.68000000000002,False
California,T060_P10_H1000_I0800_CN020_F1,0.33061619231832,46.875,0.0,33.741666666666674,True
California,T060_P10_H1000_I0800_CN030_F1,0.36985907709311966,59.375,0.0,33.741666666666674,False
California,T060_P10_H1000_I0800_CN040_F1,0.37909367228516166,71.875,0.0,27.758333333333333,False
California,T060_P10_H1000_I0800_CN050_F1,0.3887537993920973,81.25,0.0,26.23333333333333,False
California,T060_P10_H1000_I0800_CN060_F1,0.38255134935986,50.0,0.0,13.92833333333334,False
California,T060_P10_H1000_I0800_CN070_F1,0.3733554388873538,53.125,0.0,11.966666666666667,False
California,T060_P10_H1000_I0800_CN080_F1,0.3679598415768629,75.0,0.0,11.090000000000002,False
California,T060_P10_H1000_I0800_CN090_F1,0.3239568941696601,59.375,0.0,10.091666666666667,True
California,T060_P10_H1000_I0800_CN100_F1,0.30526664824537164,25.0,0.0,10.091666666666667,False
California,T060_P10_H1000_I0986_CN000_F1,0.06441926867458783,28.125,0.0,158.18,True
California,T060_P10_H1000_I0986_CN010_F1,0.3308317214700194,46.875,3.125,68.01500000000001,False
California,T060_P10_H1000_I0986_CN020_F1,0.3520548954591508,59.375,3.125,36.96666666666667,True
California,T060_P10_H1000_I0986_CN030_F1,0.39214884406373773,75.0,3.125,31.745000000000008,False
California,T060_P10_H1000_I0986_CN040_F1,0.3940904485585337,84.375,3.125,27.1,False
California,T060_P10_H1000_I0986_CN050_F1,0.3990255134935986,84.375,3.125,23.26666666666668,False
California,T060_P10_H1000_I0986_CN060_F1,0.39669706180344483,87.5,3.125,16.741666666666674,True
California,T060_P10_H1000_I0986_CN070_F1,0.39607073777286544,81.25,0.0,12.845000000000006,False
California,T060_P10_H1000_I0986_CN080_F1,0.3637045224279267,65.625,0.0,12.845000000000006,False
California,T060_P10_H1000_I0986_CN090_F1,0.3274200976328636,50.0,0.0,12.845000000000006,False
California,T060_P10_H1000_I0986_CN100_F1,0.30526664824537164,37.5,0.0,12.845000000000006,False
California,T120_P03_H0500_I0600_CN000_F1,0.2034337293911762,25.0,0.0,95.85,False
California,T120_P03_H0500_I0600_CN010_F1,0.539141567652206,59.375,0.0,21.405,False
California,T120_P03_H0500_I0600_CN020_F1,0.5301703969789077,53.125,0.0,9.136666666666667,False
California,T120_P03_H0500_I0600_CN030_F1,0.5559473150962513,56.25,0.0,5.161666666666667,False
California,T120_P03_H0500_I0600_CN040_F1,0.5602707930367505,53.125,0.0,5.008333333333334,False
California,T120_P03_H0500_I0600_CN050_F1,0.5744699272358847,53.125,0.0,3.8183333333333342,False
California,T120_P03_H0500_I0600_CN060_F1,0.580921064750852,53.125,0.0,3.0216666666666687,True
California,T120_P03_H0500_I0600_CN070_F1,0.6002707930367506,53.125,0.0,3.3966666666666665,False
California,T120_P03_H0500_I0600_CN080_F1,0.6114617297596021,53.125,0.0,3.3416666666666672,False
California,T120_P03_H0500_I0600_CN090_F1,0.6058800773694392,53.125,0.0,3.221666666666667,False
California,T120_P03_H0500_I0600_CN100_F1,0.5719333149120384,50.0,0.0,2.1366666666666667,True
California,T120_P03_H0500_I0800_CN000_F1,0.24210002763194255,0.0,0.0,316.4,False
California,T120_P03_H0500_I0800_CN010_F1,0.5760025789813024,50.0,6.25,139.4,False
California,T120_P03_H0500_I0800_CN020_F1,0.5944717693653865,37.5,6.25,128.4,False
California,T120_P03_H0500_I0800_CN030_F1,0.6013779128672746,34.375,0.0,124.4,False
California,T120_P03_H0500_I0800_CN040_F1,0.6057161278437875,34.375,0.0,122.4,False
California,T120_P03_H0500_I0800_CN050_F1,0.6117564704798748,31.25,0.0,122.4,False
California,T120_P03_H0500_I0800_CN060_F1,0.6118098922354243,34.375,0.0,122.4,False
California,T120_P03_H0500_I0800_CN070_F1,0.6225752970433822,25.0,0.0,120.4,False
California,T120_P03_H0500_I0800_CN080_F1,0.6316238371557521,28.125,0.0,120.4,False
California,T120_P03_H0500_I0800_CN090_F1,0.6393663074514139,25.0,0.0,120.4,False
California,T120_P03_H0500_I0800_CN100_F1,0.5719333149120384,9.375,0.0,120.4,False
California,T120_P03_H0500_I0986_CN000_F1,0.22149765128488536,0.0,0.0,320.08333333333337,False
California,T120_P03_H0500_I0986_CN010_F1,0.42170581191857787,40.625,0.0,159.75333333333336,False
California,T120_P03_H0500_I0986_CN020_F1,0.45220779220779217,43.75,0.0,153.15333333333334,False
California,T120_P03_H0500_I0986_CN030_F1,0.5118375241779498,37.5,3.125,147.91333333333333,False
California,T120_P03_H0500_I0986_CN040_F1,0.5200202634245188,28.125,0.0,148.36666666666667,False
California,T120_P03_H0500_I0986_CN050_F1,0.531636732062264,18.75,0.0,148.36666666666667,False
California,T120_P03_H0500_I0986_CN060_F1,0.5355346780878696,25.0,0.0,147.91333333333333,False
California,T120_P03_H0500_I0986_CN070_F1,0.5445832182002395,18.75,0.0,146.36666666666667,False
California,T120_P03_H0500_I0986_CN080_F1,0.5493322280556323,31.25,0.0,146.36666666666667,False
California,T120_P03_H0500_I0986_CN090_F1,0.5553725706917196,53.125,0.0,146.36666666666667,False
California,T120_P03_H0500_I0986_CN100_F1,0.5162457400755274,12.5,0.0,146.36666666666667,False
California,T120_P03_H0800_I0600_CN000_F1,0.20042553191489362,21.875,0.0,89.55,False
California,T120_P03_H0800_I0600_CN010_F1,0.5146946670350926,53.125,0.0,24.65833333333334,False
California,T120_P03_H0800_I0600_CN020_F1,0.533149120383163,56.25,0.0,11.783333333333337,False
California,T120_P03_H0800_I0600_CN030_F1,0.5422123975315465,53.125,0.0,7.341666666666667,False
California,T120_P03_H0800_I0600_CN040_F1,0.5516717325227964,53.125,0.0,5.808333333333334,False
California,T120_P03_H0800_I0600_CN050_F1,0.5645795339412361,53.125,0.0,5.383333333333334,False
California,T120_P03_H0800_I0600_CN060_F1,0.5787639311043566,53.125,0.0,4.241666666666667,False
California,T120_P03_H0800_I0600_CN070_F1,0.5908059316569955,53.125,0.0,3.1816666666666666,True
California,T120_P03_H0800_I0600_CN080_F1,0.6024371373307543,53.125,0.0,4.516666666666667,False
California,T120_P03_H0800_I0600_CN090_F1,0.6101796076264162,53.125,0.0,3.0000000000000004,False
California,T120_P03_H0800_I0600_CN100_F1,0.5719333149120384,43.75,0.0,2.533333333333333,False
California,T120_P03_H0800_I0800_CN000_F1,0.29008381689232754,0.0,0.0,223.06666666666666,False
California,T120_P03_H0800_I0800_CN010_F1,0.5725688495901262,46.875,0.0,93.4,False
California,T120_P03_H0800_I0800_CN020_F1,0.5961886340609746,34.375,0.0,93.4,False
California,T120_P03_H0800_I0800_CN030_F1,0.6009376439163674,18.75,0.0,93.4,False
California,T120_P03_H0800_I0800_CN040_F1,0.6142709772497007,12.5,0.0,93.4,False
California,T120_P03_H0800_I0800_CN050_F1,0.6250363820576587,18.75,0.0,93.4,False
California,T120_P03_H0800_I0800_CN060_F1,0.638369715390992,9.375,0.0,93.4,False
California,T120_P03_H0800_I0800_CN070_F1,0.64913512019895,12.5,0.0,91.4,False
California,T120_P03_H0800_I0800_CN080_F1,0.6603260569218017,6.25,0.0,91.4,False
California,T120_P03_H0800_I0800_CN090_F1,0.6492124896380216,9.375,0.0,91.4,False
California,T120_P03_H0800_I0800_CN100_F1,0.5719333149120384,6.25,0.0,91.4,False
California,T120_P03_H0800_I0986_CN000_F1,0.24896748641429495,0.0,6.25,331.0333333333333,False
California,T120_P03_H0800_I0986_CN010_F1,0.510909090909091,53.125,6.25,32.905000000000136,False
California,T120_P03_H0800_I0986_CN020_F1,0.5799299990789353,28.125,6.25,10.758333333333333,False
California,T120_P03_H0800_I0986_CN030_F1,0.5962715298885513,37.5,9.375,6.090000000000002,True
California,T120_P03_H0800_I0986_CN040_F1,0.6005950078290504,31.25,3.125,6.745000000000007,False
California,T120_P03_H0800_I0986_CN050_F1,0.6122114764667956,34.375,3.125,4.366666666666666,True
California,T120_P03_H0800_I0986_CN060_F1,0.625544809800129,31.25,0.0,3.225,True
California,T120_P03_H0800_I0986_CN070_F1,0.6144165054803353,28.125,0.0,4.758333333333334,False
California,T120_P03_H0800_I0986_CN080_F1,0.6114175186515612,37.5,3.125,4.006666666666669,True
California,T120_P03_H0800_I0986_CN090_F1,0.6161812655429677,43.75,0.0,3.0166666666666666,False
California,T120_P03_H0800_I0986_CN100_F1,0.5719333149120384,6.25,0.0,2.1466666666666665,False
California,T120_P03_H1000_I0600_CN000_F1,0.2030081974762826,21.875,0.0,94.36666666666666,False
California,T120_P03_H1000_I0600_CN010_F1,0.5108206686930091,50.0,0.0,12.700000000000003,False
California,T120_P03_H1000_I0600_CN020_F1,0.5374633876761536,56.25,0.0,11.250000000000002,False
California,T120_P03_H1000_I0600_CN030_F1,0.5520585797181543,56.25,0.0,7.146666666666667,False
California,T120_P03_H1000_I0600_CN040_F1,0.557262595560468,53.125,0.0,5.25,False
California,T120_P03_H1000_I0600_CN050_F1,0.5645795339412361,53.125,0.0,4.241666666666667,False
California,T120_P03_H1000_I0600_CN060_F1,0.5796297319701575,53.125,0.0,3.91,False
California,T120_P03_H1000_I0600_CN070_F1,0.5886635350465138,53.125,0.0,3.341666666666667,False
California,T120_P03_H1000_I0600_CN080_F1,0.6045795339412361,53.125,0.0,4.008333333333334,False
California,T120_P03_H1000_I0600_CN090_F1,0.6127622731878051,53.125,0.0,3.22,False
California,T120_P03_H1000_I0600_CN100_F1,0.5719333149120384,43.75,0.0,2.191666666666667,True
California,T120_P03_H1000_I0800_CN000_F1,0.2918006815879156,0.0,0.0,219.60000000000002,False
California,T120_P03_H1000_I0800_CN010_F1,0.582004236897854,43.75,6.25,76.75833333333338,False
California,T120_P03_H1000_I0800_CN020_F1,0.5910380399742102,25.0,0.0,76.75833333333338,False
California,T120_P03_H1000_I0800_CN030_F1,0.6043713733075435,18.75,0.0,70.45833333333337,False
California,T120_P03_H1000_I0800_CN040_F1,0.6134199134199134,18.75,0.0,72.25833333333337,False
California,T120_P03_H1000_I0800_CN050_F1,0.6267532467532467,18.75,0.0,72.25833333333337,False
California,T120_P03_H1000_I0800_CN060_F1,0.6375186515612048,15.625,0.0,70.45833333333337,False
California,T120_P03_H1000_I0800_CN070_F1,0.6508519848945381,18.75,0.0,54.09166666666667,False
California,T120_P03_H1000_I0800_CN080_F1,0.6560412637008383,18.75,0.0,54.09166666666667,False
California,T120_P03_H1000_I0800_CN090_F1,0.6337754444137423,15.625,0.0,54.09166666666667,False
California,T120_P03_H1000_I0800_CN100_F1,0.5719333149120384,15.625,0.0,54.09166666666667,False
California,T120_P03_H1000_I0986_CN000_F1,0.24725062171870685,0.0,0.0,338.91666666666663,False
California,T120_P03_H1000_I0986_CN010_F1,0.5464640324214793,37.5,3.125,21.175,False
California,T120_P03_H1000_I0986_CN020_F1,0.5752196739430783,31.25,9.375,9.093333333333334,True
California,T120_P03_H1000_I0986_CN030_F1,0.5859850787510362,37.5,6.25,7.906666666666672,True
California,T120_P03_H1000_I0986_CN040_F1,0.6040287372202267,37.5,0.0,4.146666666666667,True
California,T120_P03_H1000_I0986_CN050_F1,0.6087777470756195,34.375,0.0,4.1066666666666665,True
California,T120_P03_H1000_I0986_CN060_F1,0.6216855484940591,37.5,0.0,4.1,True
California,T120_P03_H1000_I0986_CN070_F1,0.6101169752233583,34.375,0.0,4.906666666666671,False
California,T120_P03_H1000_I0986_CN080_F1,0.6028331951736208,40.625,0.0,3.106666666666667,True
California,T120_P03_H1000_I0986_CN090_F1,0.6037376807589574,37.5,0.0,3.0216666666666687,False
California,T120_P03_H1000_I0986_CN100_F1,0.5719333149120384,6.25,0.0,3.0216666666666687,False
California,T120_P05_H0500_I0600_CN000_F1,0.2470885143225569,0.0,0.0,22.68,True
California,T120_P05_H0500_I0600_CN010_F1,0.541606336925486,53.125,0.0,12.483333333333334,False
California,T120_P05_H0500_I0600_CN020_F1,0.5570525927972737,53.125,0.0,11.145,False
California,T120_P05_H0500_I0600_CN030_F1,0.5532320162107397,53.125,0.0,11.016666666666667,False
California,T120_P05_H0500_I0600_CN040_F1,0.5601234226766142,59.375,0.0,6.008333333333334,False
California,T120_P05_H0500_I0600_CN050_F1,0.5764649534862302,62.5,0.0,3.2583333333333333,True
California,T120_P05_H0500_I0600_CN060_F1,0.5863645574283872,56.25,0.0,4.221666666666667,False
California,T120_P05_H0500_I0600_CN070_F1,0.5799760523164779,68.75,0.0,3.2500000000000004,True
California,T120_P05_H0500_I0600_CN080_F1,0.6160836326793774,71.875,0.0,3.2550000000000003,False
California,T120_P05_H0500_I0600_CN090_F1,0.6260127106935618,71.875,0.0,3.341666666666667,False
California,T120_P05_H0500_I0600_CN100_F1,0.5719333149120384,59.375,0.0,3.091666666666667,False
California,T120_P05_H0500_I0800_CN000_F1,0.24210002763194255,0.0,0.0,135.00333333333333,False
California,T120_P05_H0500_I0800_CN010_F1,0.5640434742562402,50.0,0.0,44.38333333333335,False
California,T120_P05_H0500_I0800_CN020_F1,0.6189628810905408,56.25,0.0,36.38333333333335,False
California,T120_P05_H0500_I0800_CN030_F1,0.6301538178133923,78.125,0.0,26.383333333333344,False
California,T120_P05_H0500_I0800_CN040_F1,0.6353430966196925,59.375,0.0,26.383333333333344,False
California,T120_P05_H0500_I0800_CN050_F1,0.6448171686469559,65.625,0.0,29.383333333333344,False
California,T120_P05_H0500_I0800_CN060_F1,0.6620097632863591,78.125,0.0,26.383333333333344,False
California,T120_P05_H0500_I0800_CN070_F1,0.6603315833103067,84.375,0.0,26.383333333333344,False
California,T120_P05_H0500_I0800_CN080_F1,0.6826600350004606,84.375,0.0,29.383333333333344,False
California,T120_P05_H0500_I0800_CN090_F1,0.6389555125725339,75.0,0.0,26.383333333333344,False
California,T120_P05_H0500_I0800_CN100_F1,0.5719333149120384,53.125,0.0,26.383333333333344,False
California,T120_P05_H0500_I0986_CN000_F1,0.23866629824076635,0.0,0.0,211.875,False
California,T120_P05_H0500_I0986_CN010_F1,0.4822068711430414,53.125,0.0,83.94666666666669,False
California,T120_P05_H0500_I0986_CN020_F1,0.5474127291148567,62.5,0.0,52.333333333333336,False
California,T120_P05_H0500_I0986_CN030_F1,0.5414644929538547,59.375,0.0,59.199999999999996,False
California,T120_P05_H0500_I0986_CN040_F1,0.5749304596113107,53.125,0.0,52.333333333333336,False
California,T120_P05_H0500_I0986_CN050_F1,0.5621147646679562,53.125,0.0,56.199999999999996,False
California,T120_P05_H0500_I0986_CN060_F1,0.6088753799392097,56.25,0.0,52.333333333333336,False
California,T120_P05_H0500_I0986_CN070_F1,0.5797715759417887,59.375,0.0,56.199999999999996,False
California,T120_P05_H0500_I0986_CN080_F1,0.6115206779036567,65.625,0.0,52.333333333333336,False
California,T120_P05_H0500_I0986_CN090_F1,0.6175315464677167,62.5,0.0,52.333333333333336,False
California,T120_P05_H0500_I0986_CN100_F1,0.55695127567468,37.5,0.0,52.333333333333336,False
California,T120_P05_H0800_I0600_CN000_F1,0.25480703693469653,0.0,3.125,23.616666666666667,True
California,T120_P05_H0800_I0600_CN010_F1,0.562663719259464,46.875,3.125,20.870000000000005,False
California,T120_P05_H0800_I0600_CN020_F1,0.5613521230542508,53.125,0.0,11.810000000000006,False
California,T120_P05_H0800_I0600_CN030_F1,0.5755365202173713,53.125,0.0,9.341666666666667,False
California,T120_P05_H0800_I0600_CN040_F1,0.5815768628534587,50.0,0.0,10.758333333333333,False
California,T120_P05_H0800_I0600_CN050_F1,0.5889085382702404,56.25,0.0,4.516666666666667,False
California,T120_P05_H0800_I0600_CN060_F1,0.602682140554481,56.25,0.0,5.008333333333335,False
California,T120_P05_H0800_I0600_CN070_F1,0.6220318688403795,56.25,0.0,4.396666666666667,False
California,T120_P05_H0800_I0600_CN080_F1,0.6328414847563784,59.375,0.0,3.533333333333333,False
California,T120_P05_H0800_I0600_CN090_F1,0.6230487243253201,68.75,0.0,3.1950000000000003,False
California,T120_P05_H0800_I0600_CN100_F1,0.5719333149120384,53.125,0.0,3.1950000000000003,False
California,T120_P05_H0800_I0800_CN000_F1,0.26270240397899974,0.0,0.0,176.07333333333332,False
California,T120_P05_H0800_I0800_CN010_F1,0.5520401584231371,46.875,0.0,31.043333333333337,False
California,T120_P05_H0800_I0800_CN020_F1,0.6211052777010224,59.375,0.0,19.0,False
California,T120_P05_H0800_I0800_CN030_F1,0.6241521598968408,71.875,0.0,12.091666666666667,False
California,T120_P05_H0800_I0800_CN040_F1,0.6456295477572074,62.5,0.0,12.091666666666667,False
California,T120_P05_H0800_I0800_CN050_F1,0.6508188265635074,62.5,0.0,8.091666666666667,False
California,T120_P05_H0800_I0800_CN060_F1,0.660292898590771,50.0,0.0,6.825000000000003,False
California,T120_P05_H0800_I0800_CN070_F1,0.6701925025329281,90.625,0.0,8.091666666666667,False
California,T120_P05_H0800_I0800_CN080_F1,0.6629381965552179,90.625,0.0,4.016666666666667,True
California,T120_P05_H0800_I0800_CN090_F1,0.6419637100488165,78.125,0.0,4.008333333333334,False
California,T120_P05_H0800_I0800_CN100_F1,0.5719333149120384,56.25,0.0,4.008333333333334,False
California,T120_P05_H0800_I0986_CN000_F1,0.24381689232753062,0.0,0.0,192.7166666666667,False
California,T120_P05_H0800_I0986_CN010_F1,0.5687537993920974,78.125,6.25,33.175,False
California,T120_P05_H0800_I0986_CN020_F1,0.6018089711706733,68.75,0.0,15.383333333333335,False
California,T120_P05_H0800_I0986_CN030_F1,0.6241521598968408,78.125,3.125,7.35,True
California,T120_P05_H0800_I0986_CN040_F1,0.6216229160910012,71.875,3.125,10.741666666666674,True
California,T120_P05_H0800_I0986_CN050_F1,0.6323883208989592,56.25,0.0,7.175000000000001,False
California,T120_P05_H0800_I0986_CN060_F1,0.6367117988394584,56.25,0.0,6.161666666666667,False
California,T120_P05_H0800_I0986_CN070_F1,0.6384673482545824,53.125,0.0,6.516666666666667,False
California,T120_P05_H0800_I0986_CN080_F1,0.647075619416045,65.625,0.0,5.341666666666667,False
California,T120_P05_H0800_I0986_CN090_F1,0.6221976604955328,53.125,0.0,3.841666666666667,False
California,T120_P05_H0800_I0986_CN100_F1,0.5719333149120384,25.0,0.0,3.841666666666667,False
California,T120_P05_H1000_I0600_CN000_F1,0.25480703693469653,0.0,0.0,24.991666666666667,False
California,T120_P05_H1000_I0600_CN010_F1,0.5807276411531731,50.0,0.0,29.825000000000006,False
California,T120_P05_H1000_I0600_CN020_F1,0.5733701759233674,56.25,0.0,12.316666666666668,False
California,T120_P05_H1000_I0600_CN030_F1,0.5751109883024776,53.125,0.0,8.383333333333335,False
California,T120_P05_H1000_I0600_CN040_F1,0.5798599981578706,56.25,0.0,9.861666666666673,False
California,T120_P05_H1000_I0600_CN050_F1,0.5850492769641706,53.125,0.0,3.791666666666668,True
California,T120_P05_H1000_I0600_CN060_F1,0.6091240674219398,56.25,0.0,3.8183333333333342,True
California,T120_P05_H1000_I0600_CN070_F1,0.6228976697061803,53.125,0.0,2.925,True
California,T120_P05_H1000_I0600_CN080_F1,0.6452850695403887,56.25,0.0,3.0083333333333333,True
California,T120_P05_H1000_I0600_CN090_F1,0.638911301464493,62.5,0.0,2.1983333333333337,True
California,T120_P05_H1000_I0600_CN100_F1,0.5719333149120384,53.125,0.0,2.1983333333333337,False
California,T120_P05_H1000_I0800_CN000_F1,0.24381689232753062,0.0,0.0,84.89833333333343,False
California,T120_P05_H1000_I0800_CN010_F1,0.5597439439992631,34.375,0.0,28.758333333333333,False
California,T120_P05_H1000_I0800_CN020_F1,0.6172460163949526,68.75,0.0,16.63333333333334,False
California,T120_P05_H1000_I0800_CN030_F1,0.6284369531178042,46.875,0.0,9.908333333333337,False
California,T120_P05_H1000_I0800_CN040_F1,0.6271990420926592,50.0,0.0,7.741666666666671,False
California,T120_P05_H1000_I0800_CN050_F1,0.6435258358662614,53.125,0.0,5.383333333333334,False
California,T120_P05_H1000_I0800_CN060_F1,0.6508575112830433,25.0,0.0,3.925,False
California,T120_P05_H1000_I0800_CN070_F1,0.64790273556231,68.75,0.0,4.925000000000001,False
California,T120_P05_H1000_I0800_CN080_F1,0.6569365386386663,59.375,0.0,3.1366666666666667,True
California,T120_P05_H1000_I0800_CN090_F1,0.6355217831813577,78.125,0.0,3.1366666666666667,False
California,T120_P05_H1000_I0800_CN100_F1,0.5719333149120384,37.5,0.0,3.1366666666666667,False
California,T120_P05_H1000_I0986_CN000_F1,0.2575518098922354,0.0,0.0,194.1,False
California,T120_P05_H1000_I0986_CN010_F1,0.5760467900893433,65.625,0.0,18.183333333333334,False
California,T120_P05_H1000_I0986_CN020_F1,0.594530717509441,68.75,0.0,12.175,False
California,T120_P05_H1000_I0986_CN030_F1,0.6155825734549139,75.0,0.0,9.260000000000002,False
California,T120_P05_H1000_I0986_CN040_F1,0.6164870590402506,62.5,0.0,8.00666666666667,False
California,T120_P05_H1000_I0986_CN050_F1,0.6293948604586903,78.125,0.0,8.801666666666668,False
California,T120_P05_H1000_I0986_CN060_F1,0.638003131620153,59.375,0.0,5.0600000000000005,False
California,T120_P05_H1000_I0986_CN070_F1,0.6406097448650641,81.25,0.0,7.741666666666675,False
California,T120_P05_H1000_I0986_CN080_F1,0.6530920143686102,71.875,0.0,4.341666666666667,False
California,T120_P05_H1000_I0986_CN090_F1,0.6363581099751313,78.125,0.0,4.683333333333334,True
California,T120_P05_H1000_I0986_CN100_F1,0.5719333149120384,37.5,0.0,4.341666666666667,False
California,T120_P10_H0500_I0600_CN000_F1,0.23292806484295847,0.0,0.0,29.03333333333333,False
California,T120_P10_H0500_I0600_CN010_F1,0.5536980749746707,53.125,0.0,31.078333333333333,False
California,T120_P10_H0500_I0600_CN020_F1,0.5373307543520309,68.75,0.0,15.741666666666674,False
California,T120_P10_H0500_I0600_CN030_F1,0.5446624297688127,56.25,0.0,11.966666666666667,False
California,T120_P10_H0500_I0600_CN040_F1,0.5575554941512388,59.375,0.0,10.941666666666666,False
California,T120_P10_H0500_I0600_CN050_F1,0.557168646955881,68.75,0.0,4.864999999999999,False
California,T120_P10_H0500_I0600_CN060_F1,0.600554480980013,78.125,0.0,5.008333333333334,True
California,T120_P10_H0500_I0600_CN070_F1,0.601033434650456,81.25,0.0,2.1966666666666668,True
California,T120_P10_H0500_I0600_CN080_F1,0.6187105093488072,78.125,0.0,2.8416666666666672,False
California,T120_P10_H0500_I0600_CN090_F1,0.6496232845169015,87.5,0.0,2.3466666666666667,True
California,T120_P10_H0500_I0600_CN100_F1,0.5719333149120384,65.625,0.0,2.1466666666666665,True
California,T120_P10_H0500_I0800_CN000_F1,0.23523256884959012,0.0,0.0,130.55833333333334,False
California,T120_P10_H0500_I0800_CN010_F1,0.5220171318043658,46.875,0.0,31.183333333333334,False
California,T120_P10_H0500_I0800_CN020_F1,0.6069595652574375,37.5,0.0,15.183333333333334,False
California,T120_P10_H0500_I0800_CN030_F1,0.6005710601455283,65.625,0.0,15.008333333333335,False
California,T120_P10_H0500_I0800_CN040_F1,0.616472322004237,53.125,0.0,14.806666666666674,False
California,T120_P10_H0500_I0800_CN050_F1,0.6508188265635074,65.625,0.0,13.741666666666674,False
California,T120_P10_H0500_I0800_CN060_F1,0.6628608271161462,59.375,0.0,7.175000000000001,False
California,T120_P10_H0500_I0800_CN070_F1,0.6453348070369347,71.875,0.0,7.031666666666666,False
California,T120_P10_H0500_I0800_CN080_F1,0.6518006815879156,68.75,0.0,7.176666666666667,False
California,T120_P10_H0500_I0800_CN090_F1,0.6393663074514139,62.5,0.0,7.175000000000001,False
California,T120_P10_H0500_I0800_CN100_F1,0.5719333149120384,9.375,0.0,7.031666666666666,False
California,T120_P10_H0500_I0986_CN000_F1,0.23179883945841395,0.0,0.0,123.625,False
California,T120_P10_H0500_I0986_CN010_F1,0.515164410058027,56.25,0.0,46.741666666666674,False
California,T120_P10_H0500_I0986_CN020_F1,0.6052427005618496,25.0,0.0,28.741666666666674,False
California,T120_P10_H0500_I0986_CN030_F1,0.6262798194713088,40.625,0.0,13.008333333333335,False
California,T120_P10_H0500_I0986_CN040_F1,0.6267587731417519,37.5,0.0,14.741666666666674,False
California,T120_P10_H0500_I0986_CN050_F1,0.6413834392557797,43.75,0.0,13.840000000000007,False
California,T120_P10_H0500_I0986_CN060_F1,0.6474237818918671,62.5,0.0,7.1066666666666665,False
California,T120_P10_H0500_I0986_CN070_F1,0.6539043934788615,68.75,0.0,7.9700000000000015,False
California,T120_P10_H0500_I0986_CN080_F1,0.6642295293359124,56.25,0.0,7.920000000000004,False
California,T120_P10_H0500_I0986_CN090_F1,0.6346559823155569,56.25,0.0,7.3533333333333335,False
California,T120_P10_H0500_I0986_CN100_F1,0.5719333149120384,31.25,0.0,6.92166666666667,False
California,T120_P10_H0800_I0600_CN000_F1,0.2591065671916736,0.0,0.0,28.141666666666666,False
California,T120_P10_H0800_I0600_CN010_F1,0.5704411900156581,37.5,0.0,36.4,False
California,T120_P10_H0800_I0600_CN020_F1,0.574250713825182,59.375,0.0,9.316666666666668,False
California,T120_P10_H0800_I0600_CN030_F1,0.5820226581928709,37.5,0.0,12.758333333333333,False
California,T120_P10_H0800_I0600_CN040_F1,0.5721562125817445,34.375,0.0,5.341666666666667,False
California,T120_P10_H0800_I0600_CN050_F1,0.591505940867643,53.125,0.0,4.191666666666667,False
California,T120_P10_H0800_I0600_CN060_F1,0.6168720641061067,46.875,0.0,4.191666666666667,False
California,T120_P10_H0800_I0600_CN070_F1,0.63020539743944,71.875,0.0,4.114999999999999,True
California,T120_P10_H0800_I0600_CN080_F1,0.6290116975223359,78.125,0.0,4.114999999999999,False
California,T120_P10_H0800_I0600_CN090_F1,0.6487722206871143,75.0,0.0,4.114999999999999,False
California,T120_P10_H0800_I0600_CN100_F1,0.5719333149120384,46.875,0.0,4.114999999999999,False
California,T120_P10_H0800_I0800_CN000_F1,0.24725062171870685,0.0,0.0,178.7,False
California,T120_P10_H0800_I0800_CN010_F1,0.5516146265082436,40.625,0.0,32.175,False
California,T120_P10_H0800_I0800_CN020_F1,0.6069595652574375,56.25,0.0,23.34166666666667,False
California,T120_P10_H0800_I0800_CN030_F1,0.6052813852813853,31.25,0.0,11.758333333333333,False
California,T120_P10_H0800_I0800_CN040_F1,0.6117472598323663,43.75,0.0,15.250000000000002,False
California,T120_P10_H0800_I0800_CN050_F1,0.6456682324767431,75.0,0.0,6.341666666666667,False
California,T120_P10_H0800_I0800_CN060_F1,0.6628608271161462,75.0,0.0,6.091666666666667,False
California,T120_P10_H0800_I0800_CN070_F1,0.6513217279174726,87.5,0.0,4.925000000000001,True
California,T120_P10_H0800_I0800_CN080_F1,0.6689398544717694,78.125,0.0,4.925000000000001,False
California,T120_P10_H0800_I0800_CN090_F1,0.6458082343188727,81.25,0.0,4.925000000000001,True
California,T120_P10_H0800_I0800_CN100_F1,0.5719333149120384,46.875,0.0,4.925000000000001,False
California,T120_P10_H0800_I0986_CN000_F1,0.23523256884959012,0.0,0.0,146.09833333333333,False
California,T120_P10_H0800_I0986_CN010_F1,0.5588928801694759,40.625,0.0,37.93333333333334,False
California,T120_P10_H0800_I0986_CN020_F1,0.6185226121396334,56.25,0.0,15.000000000000002,False
California,T120_P10_H0800_I0986_CN030_F1,0.6190015658100765,50.0,0.0,17.925000000000004,False
California,T120_P10_H0800_I0986_CN040_F1,0.6383218200239478,37.5,0.0,5.968333333333335,False
California,T120_P10_H0800_I0986_CN050_F1,0.6555291516993644,62.5,0.0,10.008333333333335,False
California,T120_P10_H0800_I0986_CN060_F1,0.6602781615547574,68.75,0.0,7.0,False
California,T120_P10_H0800_I0986_CN070_F1,0.6598913143593995,71.875,0.0,4.151666666666667,True
California,T120_P10_H0800_I0986_CN080_F1,0.6818089711706734,81.25,0.0,4.151666666666667,True
California,T120_P10_H0800_I0986_CN090_F1,0.6548033526756931,84.375,0.0,4.151666666666667,True
California,T120_P10_H0800_I0986_CN100_F1,0.5719333149120384,34.375,0.0,4.151666666666667,False
California,T120_P10_H1000_I0600_CN000_F1,0.2672800957907341,0.0,0.0,26.766666666666666,True
California,T120_P10_H1000_I0600_CN010_F1,0.5665819287095883,56.25,0.0,25.840000000000007,False
California,T120_P10_H1000_I0600_CN020_F1,0.5828645113751496,62.5,0.0,16.741666666666674,False
California,T120_P10_H1000_I0600_CN030_F1,0.5704301372386479,56.25,0.0,8.020000000000003,False
California,T120_P10_H1000_I0600_CN040_F1,0.5936391268306163,40.625,0.0,5.341666666666667,False
California,T120_P10_H1000_I0600_CN050_F1,0.5983881366860091,62.5,0.0,5.941666666666667,False
California,T120_P10_H1000_I0600_CN060_F1,0.6207607994842038,62.5,0.0,3.516666666666667,True
California,T120_P10_H1000_I0600_CN070_F1,0.6383936630745142,78.125,0.0,3.3500000000000005,True
California,T120_P10_H1000_I0600_CN080_F1,0.6401639495256517,75.0,0.0,3.598333333333333,False
California,T120_P10_H1000_I0600_CN090_F1,0.6522206871143041,84.375,0.0,3.191666666666667,False
California,T120_P10_H1000_I0600_CN100_F1,0.5719333149120384,50.0,0.0,3.191666666666667,False
California,T120_P10_H1000_I0800_CN000_F1,0.23694943354517825,0.0,0.0,44.59833333333333,False
California,T120_P10_H1000_I0800_CN010_F1,0.5365883761628443,34.375,0.0,29.116666666666667,False
California,T120_P10_H1000_I0800_CN020_F1,0.5636418900248688,50.0,0.0,28.758333333333333,False
California,T120_P10_H1000_I0800_CN030_F1,0.6044155844155845,37.5,0.0,13.775000000000004,False
California,T120_P10_H1000_I0800_CN040_F1,0.6344772957538916,65.625,0.0,8.000000000000002,False
California,T120_P10_H1000_I0800_CN050_F1,0.6370986460348163,59.375,0.0,11.116666666666667,False
California,T120_P10_H1000_I0800_CN060_F1,0.6568591691995948,71.875,0.0,5.75666666666667,False
California,T120_P10_H1000_I0800_CN070_F1,0.6440434742562402,75.0,0.0,6.6566666666666725,False
California,T120_P10_H1000_I0800_CN080_F1,0.6582278714193608,75.0,0.0,6.008333333333334,False
California,T120_P10_H1000_I0800_CN090_F1,0.6445021645021646,75.0,0.0,5.75666666666667,False
California,T120_P10_H1000_I0800_CN100_F1,0.5719333149120384,18.75,0.0,5.75666666666667,False
California,T120_P10_H1000_I0986_CN000_F1,0.2575518098922354,6.25,0.0,153.23333333333332,False
California,T120_P10_H1000_I0986_CN010_F1,0.5370433821497652,50.0,0.0,42.36000000000001,False
California,T120_P10_H1000_I0986_CN020_F1,0.6112443584784011,65.625,0.0,26.758333333333333,False
California,T120_P10_H1000_I0986_CN030_F1,0.635289674864143,43.75,0.0,9.183333333333334,False
California,T120_P10_H1000_I0986_CN040_F1,0.6246163765312702,43.75,0.0,17.741666666666674,False
California,T120_P10_H1000_I0986_CN050_F1,0.6448171686469559,56.25,0.0,15.741666666666674,False
California,T120_P10_H1000_I0986_CN060_F1,0.654716772589113,71.875,0.0,7.8200000000000065,False
California,T120_P10_H1000_I0986_CN070_F1,0.6504706640876854,68.75,0.0,8.146666666666667,False
California,T120_P10_H1000_I0986_CN080_F1,0.6625126646403243,78.125,0.0,8.741666666666674,False
California,T120_P10_H1000_I0986_CN090_F1,0.6441061066592982,62.5,0.0,7.8200000000000065,False
California,T120_P10_H1000_I0986_CN100_F1,0.5719333149120384,43.75,0.0,7.8200000000000065,False
California,T180_P03_H0500_I0600_CN000_F1,0.40086580086580087,18.75,0.0,93.66333333333333,False
California,T180_P03_H0500_I0600_CN010_F1,0.7462337662337664,56.25,0.0,14.948333333333338,False
California,T180_P03_H0500_I0600_CN020_F1,0.7576641797918394,56.25,0.0,7.021666666666668,False
California,T180_P03_H0500_I0600_CN030_F1,0.7635037303122411,53.125,0.0,5.1066666666666665,False
California,T180_P03_H0500_I0600_CN040_F1,0.7878032605692181,53.125,0.0,2.533333333333333,False
California,T180_P03_H0500_I0600_CN050_F1,0.8095201252648061,53.125,0.0,2.683333333333334,False
California,T180_P03_H0500_I0600_CN060_F1,0.82608639587363,53.125,0.0,2.3666666666666667,False
California,T180_P03_H0500_I0600_CN070_F1,0.8465119277885236,53.125,0.0,3.0166666666666666,False
California,T180_P03_H0500_I0600_CN080_F1,0.863503730312241,53.125,0.0,2.516666666666667,False
California,T180_P03_H0500_I0600_CN090_F1,0.8753449387491942,53.125,0.0,3.0000000000000004,False
California,T180_P03_H0500_I0600_CN100_F1,0.8385999815787051,46.875,0.0,2.3666666666666667,False
California,T180_P03_H0500_I0800_CN000_F1,0.44210002763194256,0.0,0.0,315.8,False
California,T180_P03_H0500_I0800_CN010_F1,0.7946725614810721,37.5,6.25,125.4,False
California,T180_P03_H0500_I0800_CN020_F1,0.8061029750391454,37.5,0.0,125.4,False
California,T180_P03_H0500_I0800_CN030_F1,0.8261029750391453,37.5,0.0,121.4,False
California,T180_P03_H0500_I0800_CN040_F1,0.8238132080685272,31.25,0.0,122.4,False
California,T180_P03_H0500_I0800_CN050_F1,0.8451045408492217,37.5,0.0,122.4,False
California,T180_P03_H0500_I0800_CN060_F1,0.8496674956249425,34.375,0.0,121.4,False
California,T180_P03_H0500_I0800_CN070_F1,0.8713843603205305,31.25,0.0,121.4,False
California,T180_P03_H0500_I0800_CN080_F1,0.8875250990144607,28.125,0.0,122.4,False
California,T180_P03_H0500_I0800_CN090_F1,0.9019489730128029,15.625,0.0,121.4,False
California,T180_P03_H0500_I0800_CN100_F1,0.8385999815787051,9.375,0.0,121.4,False
California,T180_P03_H0500_I0986_CN000_F1,0.42149765128488537,0.0,0.0,320.81666666666666,False
California,T180_P03_H0500_I0986_CN010_F1,0.6232218844984803,46.875,0.0,159.26666666666668,False
California,T180_P03_H0500_I0986_CN020_F1,0.672408584323478,40.625,0.0,151.35333333333335,False
California,T180_P03_H0500_I0986_CN030_F1,0.6906917196278899,28.125,0.0,151.75333333333336,False
California,T180_P03_H0500_I0986_CN040_F1,0.7501206594823616,28.125,0.0,148.31333333333333,False
California,T180_P03_H0500_I0986_CN050_F1,0.7666869300911855,28.125,0.0,147.31333333333333,False
California,T180_P03_H0500_I0986_CN060_F1,0.7866869300911855,25.0,0.0,146.36666666666667,False
California,T180_P03_H0500_I0986_CN070_F1,0.8058358662613982,28.125,3.125,146.36666666666667,False
California,T180_P03_H0500_I0986_CN080_F1,0.8155346780878697,25.0,0.0,147.31333333333333,False
California,T180_P03_H0500_I0986_CN090_F1,0.8260992907801419,46.875,0.0,146.36666666666667,False
California,T180_P03_H0500_I0986_CN100_F1,0.7829124067421941,6.25,0.0,146.36666666666667,False
California,T180_P03_H0800_I0600_CN000_F1,0.40086580086580087,18.75,0.0,89.89999999999999,False
California,T180_P03_H0800_I0600_CN010_F1,0.7436511006723773,59.375,0.0,14.591666666666669,False
California,T180_P03_H0800_I0600_CN020_F1,0.7503564520585798,56.25,0.0,7.25,False
California,T180_P03_H0800_I0600_CN030_F1,0.7660716588376163,53.125,0.0,4.01,False
California,T180_P03_H0800_I0600_CN040_F1,0.7770470664087685,53.125,0.0,3.925,False
California,T180_P03_H0800_I0600_CN050_F1,0.7970470664087685,53.125,0.0,3.341666666666667,False
California,T180_P03_H0800_I0600_CN060_F1,0.8204807957999448,53.125,0.0,2.683333333333334,False
California,T180_P03_H0800_I0600_CN070_F1,0.8370470664087686,53.125,0.0,2.1466666666666665,True
California,T180_P03_H0800_I0600_CN080_F1,0.8536133370175925,53.125,0.0,2.841666666666667,False
California,T180_P03_H0800_I0600_CN090_F1,0.8787786681403704,53.125,0.0,1.8350000000000004,True
California,T180_P03_H0800_I0600_CN100_F1,0.8385999815787051,43.75,0.0,1.6833333333333336,True
California,T180_P03_H0800_I0800_CN000_F1,0.49008381689232755,0.0,0.0,223.01666666666668,False
California,T180_P03_H0800_I0800_CN010_F1,0.7946725614810721,37.5,3.125,93.4,False
California,T180_P03_H0800_I0800_CN020_F1,0.8009376439163673,25.0,0.0,93.4,False
California,T180_P03_H0800_I0800_CN030_F1,0.8226545086119554,6.25,0.0,93.4,False
California,T180_P03_H0800_I0800_CN040_F1,0.8409376439163674,9.375,0.0,91.4,False
California,T180_P03_H0800_I0800_CN050_F1,0.8626545086119555,9.375,0.0,91.4,False
California,T180_P03_H0800_I0800_CN060_F1,0.878369715390992,9.375,0.0,91.4,False
California,T180_P03_H0800_I0800_CN070_F1,0.9000865800865802,6.25,0.0,92.4,False
California,T180_P03_H0800_I0800_CN080_F1,0.9158017868656168,9.375,0.0,91.4,False
California,T180_P03_H0800_I0800_CN090_F1,0.9208050105922447,6.25,0.0,91.4,False
California,T180_P03_H0800_I0800_CN100_F1,0.8385999815787051,6.25,0.0,91.4,False
California,T180_P03_H0800_I0986_CN000_F1,0.4472506217187069,0.0,0.0,331.01666666666665,False
California,T180_P03_H0800_I0986_CN010_F1,0.7792649903288202,34.375,0.0,14.383333333333335,False
California,T180_P03_H0800_I0986_CN020_F1,0.7992649903288203,40.625,0.0,6.23,False
California,T180_P03_H0800_I0986_CN030_F1,0.8222584507690891,28.125,0.0,5.758333333333334,False
California,T180_P03_H0800_I0986_CN040_F1,0.8396905222437139,31.25,0.0,4.016666666666667,False
California,T180_P03_H0800_I0986_CN050_F1,0.8614073869393019,40.625,0.0,2.683333333333334,True
California,T180_P03_H0800_I0986_CN060_F1,0.8736888643271623,28.125,0.0,2.191666666666667,True
California,T180_P03_H0800_I0986_CN070_F1,0.8851045408492217,34.375,0.0,3.7583333333333337,False
California,T180_P03_H0800_I0986_CN080_F1,0.8754923091093305,25.0,0.0,2.341666666666667,False
California,T180_P03_H0800_I0986_CN090_F1,0.8710011973841761,34.375,0.0,2.191666666666667,False
California,T180_P03_H0800_I0986_CN100_F1,0.8385999815787051,9.375,0.0,2.191666666666667,False
California,T180_P03_H1000_I0600_CN000_F1,0.40300819747628264,21.875,0.0,94.03333333333332,False
California,T180_P03_H1000_I0600_CN010_F1,0.7350815142304505,53.125,0.0,17.966666666666665,False
California,T180_P03_H1000_I0600_CN020_F1,0.7597771023302938,56.25,0.0,9.175,False
California,T180_P03_H1000_I0600_CN030_F1,0.7596297319701576,53.125,0.0,6.198333333333333,False
California,T180_P03_H1000_I0600_CN040_F1,0.7826379294464402,53.125,0.0,3.925,False
California,T180_P03_H1000_I0600_CN050_F1,0.7996297319701575,53.125,0.0,3.533333333333333,False
California,T180_P03_H1000_I0600_CN060_F1,0.8179128672745695,53.125,0.0,3.533333333333333,False
California,T180_P03_H1000_I0600_CN070_F1,0.8379128672745695,53.125,0.0,2.805000000000001,False
California,T180_P03_H1000_I0600_CN080_F1,0.8566215344938749,53.125,0.0,2.2500000000000004,False
California,T180_P03_H1000_I0600_CN090_F1,0.8804955328359584,53.125,0.0,2.0083333333333333,True
California,T180_P03_H1000_I0600_CN100_F1,0.8385999815787051,40.625,0.0,2.0083333333333333,False
California,T180_P03_H1000_I0800_CN000_F1,0.4918006815879157,0.0,0.0,220.0,False
California,T180_P03_H1000_I0800_CN010_F1,0.7946725614810721,37.5,6.25,77.45833333333337,False
California,T180_P03_H1000_I0800_CN020_F1,0.8043713733075437,18.75,0.0,70.45833333333337,False
California,T180_P03_H1000_I0800_CN030_F1,0.8226545086119554,21.875,0.0,73.45833333333337,False
California,T180_P03_H1000_I0800_CN040_F1,0.8426545086119555,15.625,0.0,54.09166666666667,False
California,T180_P03_H1000_I0800_CN050_F1,0.8626545086119555,15.625,0.0,56.09166666666667,False
California,T180_P03_H1000_I0800_CN060_F1,0.878369715390992,12.5,0.0,54.09166666666667,False
California,T180_P03_H1000_I0800_CN070_F1,0.9000865800865802,15.625,0.0,56.09166666666667,False
California,T180_P03_H1000_I0800_CN080_F1,0.9175186515612048,18.75,0.0,54.09166666666667,False
California,T180_P03_H1000_I0800_CN090_F1,0.9276577323385835,12.5,0.0,56.09166666666667,False
California,T180_P03_H1000_I0800_CN100_F1,0.8385999815787051,15.625,0.0,54.09166666666667,False
California,T180_P03_H1000_I0986_CN000_F1,0.4472506217187069,0.0,0.0,338.6166666666667,False
California,T180_P03_H1000_I0986_CN010_F1,0.7681274753615179,31.25,0.0,16.906666666666673,False
California,T180_P03_H1000_I0986_CN020_F1,0.7902698719719997,31.25,0.0,7.906666666666672,False
California,T180_P03_H1000_I0986_CN030_F1,0.8106954038868933,28.125,0.0,7.775,False
California,T180_P03_H1000_I0986_CN040_F1,0.8349801971078568,34.375,0.0,4.191666666666667,False
California,T180_P03_H1000_I0986_CN050_F1,0.8554057290227504,25.0,0.0,3.106666666666667,True
California,T180_P03_H1000_I0986_CN060_F1,0.8728378004973749,31.25,0.0,3.775,False
California,T180_P03_H1000_I0986_CN070_F1,0.8799539467624574,34.375,0.0,2.0166666666666666,True
California,T180_P03_H1000_I0986_CN080_F1,0.8767689048540113,31.25,0.0,2.0166666666666666,True
California,T180_P03_H1000_I0986_CN090_F1,0.8787491940683431,40.625,0.0,2.0166666666666666,False
California,T180_P03_H1000_I0986_CN100_F1,0.8385999815787051,6.25,0.0,2.0166666666666666,False
California,T180_P05_H0500_I0600_CN000_F1,0.4573749654600719,0.0,0.0,23.15833333333333,False
California,T180_P05_H0500_I0600_CN010_F1,0.7641355807313255,56.25,0.0,19.84166666666667,False
California,T180_P05_H0500_I0600_CN020_F1,0.7953320438426822,53.125,0.0,11.183333333333334,False
California,T180_P05_H0500_I0600_CN030_F1,0.7809358017868657,59.375,0.0,5.146666666666667,False
California,T180_P05_H0500_I0600_CN040_F1,0.8009358017868657,62.5,0.0,6.008333333333334,False
California,T180_P05_H0500_I0600_CN050_F1,0.821376070737773,59.375,0.0,3.0100000000000002,False
California,T180_P05_H0500_I0600_CN060_F1,0.8340830800405269,65.625,0.0,3.0166666666666666,False
California,T180_P05_H0500_I0600_CN070_F1,0.8450879616837064,65.625,0.0,2.9400000000000004,False
California,T180_P05_H0500_I0600_CN080_F1,0.8415068619323939,62.5,0.0,2.533333333333333,False
California,T180_P05_H0500_I0600_CN090_F1,0.8782941880814222,68.75,0.0,2.533333333333333,False
California,T180_P05_H0500_I0600_CN100_F1,0.8385999815787051,59.375,0.0,2.533333333333333,False
California,T180_P05_H0500_I0800_CN000_F1,0.44210002763194256,0.0,0.0,132.80333333333334,False
California,T180_P05_H0500_I0800_CN010_F1,0.8058690245924289,71.875,0.0,44.38333333333335,False
California,T180_P05_H0500_I0800_CN020_F1,0.8344386110343558,78.125,0.0,25.383333333333344,False
California,T180_P05_H0500_I0800_CN030_F1,0.8522962144238742,50.0,0.0,25.383333333333344,False
California,T180_P05_H0500_I0800_CN040_F1,0.8645776918117344,71.875,0.0,25.383333333333344,False
California,T180_P05_H0500_I0800_CN050_F1,0.8837266279819472,65.625,0.0,25.383333333333344,False
California,T180_P05_H0500_I0800_CN060_F1,0.8998673666758774,62.5,0.0,25.383333333333344,False
California,T180_P05_H0500_I0800_CN070_F1,0.92328635903104,59.375,0.0,25.383333333333344,False
California,T180_P05_H0500_I0800_CN080_F1,0.9407184305056646,75.0,0.0,25.383333333333344,False
California,T180_P05_H0500_I0800_CN090_F1,0.9337036013631759,75.0,0.0,25.383333333333344,False
California,T180_P05_H0500_I0800_CN100_F1,0.8385999815787051,34.375,0.0,25.383333333333344,False
California,T180_P05_H0500_I0986_CN000_F1,0.4403831629363545,0.0,0.0,212.79166666666669,False
California,T180_P05_H0500_I0986_CN010_F1,0.7038850511190938,59.375,0.0,61.946666666666694,False
California,T180_P05_H0500_I0986_CN020_F1,0.7363138988670904,56.25,0.0,59.199999999999996,False
California,T180_P05_H0500_I0986_CN030_F1,0.7875987841945289,62.5,0.0,53.53333333333333,False
California,T180_P05_H0500_I0986_CN040_F1,0.7943041355807314,65.625,0.0,54.333333333333336,False
California,T180_P05_H0500_I0986_CN050_F1,0.8121617389702496,65.625,0.0,58.36666666666667,False
California,T180_P05_H0500_I0986_CN060_F1,0.8531601731601732,62.5,0.0,53.36666666666667,False
California,T180_P05_H0500_I0986_CN070_F1,0.8658671824629272,53.125,0.0,53.36666666666667,False
California,T180_P05_H0500_I0986_CN080_F1,0.882433453071751,59.375,0.0,53.36666666666667,False
California,T180_P05_H0500_I0986_CN090_F1,0.8835479414202819,56.25,0.0,53.36666666666667,False
California,T180_P05_H0500_I0986_CN100_F1,0.8257603389518284,40.625,0.0,53.36666666666667,False
California,T180_P05_H0800_I0600_CN000_F1,0.4573749654600719,0.0,0.0,23.03333333333333,False
California,T180_P05_H0800_I0600_CN010_F1,0.7976660219213411,56.25,0.0,17.633333333333344,False
California,T180_P05_H0800_I0600_CN020_F1,0.8060440268950908,53.125,0.0,11.250000000000002,False
California,T180_P05_H0800_I0600_CN030_F1,0.7899456571796997,59.375,0.0,6.933333333333334,False
California,T180_P05_H0800_I0600_CN040_F1,0.8099456571796997,56.25,0.0,4.875000000000002,False
California,T180_P05_H0800_I0600_CN050_F1,0.8273777286543245,59.375,0.0,3.8350000000000004,False
California,T180_P05_H0800_I0600_CN060_F1,0.850385926130607,59.375,0.0,2.2583333333333333,True
California,T180_P05_H0800_I0600_CN070_F1,0.867392465690338,46.875,0.0,1.3966666666666667,True
California,T180_P05_H0800_I0600_CN080_F1,0.8917067329833288,59.375,0.0,3.3416666666666672,False
California,T180_P05_H0800_I0600_CN090_F1,0.916901538178134,65.625,0.0,1.9850000000000005,True
California,T180_P05_H0800_I0600_CN100_F1,0.8385999815787051,56.25,0.0,1.9850000000000005,True
California,T180_P05_H0800_I0800_CN000_F1,0.4661361333701759,0.0,0.0,177.68666666666667,False
California,T180_P05_H0800_I0800_CN010_F1,0.8144386110343558,50.0,0.0,16.175,False
California,T180_P05_H0800_I0800_CN020_F1,0.8344386110343558,65.625,0.0,9.008333333333335,False
California,T180_P05_H0800_I0800_CN030_F1,0.8522962144238742,43.75,0.0,6.176666666666667,False
California,T180_P05_H0800_I0800_CN040_F1,0.8744386110343557,53.125,0.0,3.191666666666667,False
California,T180_P05_H0800_I0800_CN050_F1,0.8905793497282859,59.375,0.0,3.8416666666666686,False
California,T180_P05_H0800_I0800_CN060_F1,0.9062945565073226,40.625,0.0,4.1,False
California,T180_P05_H0800_I0800_CN070_F1,0.925003223726628,43.75,0.0,2.925,False
California,T180_P05_H0800_I0800_CN080_F1,0.9334254398084186,78.125,0.0,2.7433333333333336,False
California,T180_P05_H0800_I0800_CN090_F1,0.9362567928525376,71.875,0.0,2.7433333333333336,False
California,T180_P05_H0800_I0800_CN100_F1,0.8385999815787051,34.375,0.0,2.075000000000001,False
California,T180_P05_H0800_I0986_CN000_F1,0.4455337570231187,0.0,0.0,191.88333333333333,False
California,T180_P05_H0800_I0986_CN010_F1,0.7887151146725615,75.0,0.0,21.031666666666666,False
California,T180_P05_H0800_I0986_CN020_F1,0.8215842313714655,68.75,3.125,9.024999999999999,False
California,T180_P05_H0800_I0986_CN030_F1,0.8308722483190568,56.25,0.0,8.758333333333333,False
California,T180_P05_H0800_I0986_CN040_F1,0.8500064474532559,56.25,0.0,5.843333333333333,False
California,T180_P05_H0800_I0986_CN050_F1,0.8695809155383624,62.5,0.0,5.758333333333334,False
California,T180_P05_H0800_I0986_CN060_F1,0.8822879248411164,59.375,0.0,5.040000000000001,False
California,T180_P05_H0800_I0986_CN070_F1,0.8911356728378006,53.125,0.0,3.1966666666666668,False
California,T180_P05_H0800_I0986_CN080_F1,0.9017002855300729,53.125,0.0,3.1466666666666665,False
California,T180_P05_H0800_I0986_CN090_F1,0.9131159620521323,71.875,0.0,2.933333333333334,False
California,T180_P05_H0800_I0986_CN100_F1,0.8385999815787051,25.0,0.0,3.1466666666666665,False
California,T180_P05_H1000_I0600_CN000_F1,0.4573749654600719,0.0,0.0,22.491666666666667,False
California,T180_P05_H1000_I0600_CN010_F1,0.7920898959196832,53.125,0.0,19.25,False
California,T180_P05_H1000_I0600_CN020_F1,0.8073353596757853,53.125,0.0,6.175000000000001,False
California,T180_P05_H1000_I0600_CN030_F1,0.7899456571796997,53.125,0.0,6.516666666666667,False
California,T180_P05_H1000_I0600_CN040_F1,0.8099456571796997,53.125,0.0,6.758333333333334,False
California,T180_P05_H1000_I0600_CN050_F1,0.8256608639587363,56.25,0.0,3.356666666666667,False
California,T180_P05_H1000_I0600_CN060_F1,0.8490945933499126,56.25,0.0,3.1166666666666667,False
California,T180_P05_H1000_I0600_CN070_F1,0.8631076724693747,53.125,0.0,2.341666666666667,False
California,T180_P05_H1000_I0600_CN080_F1,0.8891240674219398,56.25,0.0,3.0450000000000017,False
California,T180_P05_H1000_I0600_CN090_F1,0.9113548862485034,68.75,0.0,2.925000000000002,False
California,T180_P05_H1000_I0600_CN100_F1,0.8385999815787051,56.25,0.0,2.0166666666666666,True
California,T180_P05_H1000_I0800_CN000_F1,0.4455337570231187,0.0,0.0,177.79333333333332,False
California,T180_P05_H1000_I0800_CN010_F1,0.8058690245924289,43.75,0.0,21.258333333333333,False
California,T180_P05_H1000_I0800_CN020_F1,0.8344386110343558,50.0,0.0,10.091666666666667,False
California,T180_P05_H1000_I0800_CN030_F1,0.8522962144238742,53.125,0.0,5.341666666666667,False
California,T180_P05_H1000_I0800_CN040_F1,0.8744386110343557,25.0,0.0,5.758333333333334,False
California,T180_P05_H1000_I0800_CN050_F1,0.880292898590771,53.125,0.0,3.3500000000000005,False
California,T180_P05_H1000_I0800_CN060_F1,0.8925743759786313,43.75,0.0,3.516666666666667,False
California,T180_P05_H1000_I0800_CN070_F1,0.9112830431979368,40.625,0.0,4.008333333333334,False
California,T180_P05_H1000_I0800_CN080_F1,0.9197052592797273,62.5,0.0,2.3500000000000005,False
California,T180_P05_H1000_I0800_CN090_F1,0.9079506309293545,62.5,0.0,2.1466666666666665,True
California,T180_P05_H1000_I0800_CN100_F1,0.8385999815787051,28.125,0.0,2.1466666666666665,False
California,T180_P05_H1000_I0986_CN000_F1,0.45926867458782356,0.0,0.0,192.01666666666668,False
California,T180_P05_H1000_I0986_CN010_F1,0.7990015658100765,71.875,0.0,21.175,False
California,T180_P05_H1000_I0986_CN020_F1,0.8181505019802893,68.75,0.0,8.966666666666667,False
California,T180_P05_H1000_I0986_CN030_F1,0.8334401768444322,59.375,0.0,6.0,False
California,T180_P05_H1000_I0986_CN040_F1,0.8504319793681496,59.375,0.0,6.841666666666667,False
California,T180_P05_H1000_I0986_CN050_F1,0.8708722483190569,65.625,0.0,5.006666666666669,False
California,T180_P05_H1000_I0986_CN060_F1,0.879719996315741,65.625,0.0,3.225,False
California,T180_P05_H1000_I0986_CN070_F1,0.898003131620153,65.625,0.0,3.105000000000001,False
California,T180_P05_H1000_I0986_CN080_F1,0.905134014921249,71.875,0.0,3.106666666666667,False
California,T180_P05_H1000_I0986_CN090_F1,0.9105480335267571,71.875,0.0,2.516666666666667,False
California,T180_P05_H1000_I0986_CN100_F1,0.8385999815787051,12.5,0.0,2.516666666666667,False
California,T180_P10_H0500_I0600_CN000_F1,0.43421939762365297,0.0,0.0,24.583333333333336,False
California,T180_P10_H0500_I0600_CN010_F1,0.761611863313991,65.625,0.0,23.858333333333334,False
California,T180_P10_H0500_I0600_CN020_F1,0.7425052961223174,59.375,0.0,13.966666666666667,False
California,T180_P10_H0500_I0600_CN030_F1,0.7685069540388689,50.0,0.0,7.326666666666666,False
California,T180_P10_H0500_I0600_CN040_F1,0.7833710969881184,65.625,0.0,4.9200000000000035,False
California,T180_P10_H0500_I0600_CN050_F1,0.8020650271714101,71.875,0.0,2.925,False
California,T180_P10_H0500_I0600_CN060_F1,0.8233710969881184,65.625,0.0,2.683333333333334,False
California,T180_P10_H0500_I0600_CN070_F1,0.8511190936722852,68.75,0.0,5.031666666666668,False
California,T180_P10_H0500_I0600_CN080_F1,0.8737164962696878,84.375,0.0,2.683333333333334,False
California,T180_P10_H0500_I0600_CN090_F1,0.9014792299898683,81.25,0.0,4.906666666666671,False
California,T180_P10_H0500_I0600_CN100_F1,0.8385999815787051,46.875,0.0,2.683333333333334,False
California,T180_P10_H0500_I0800_CN000_F1,0.43179883945841396,0.0,0.0,148.01666666666665,False
California,T180_P10_H0500_I0800_CN010_F1,0.7625660863958736,25.0,0.0,25.116666666666667,False
California,T180_P10_H0500_I0800_CN020_F1,0.7774154923091094,50.0,0.0,15.175,False
California,T180_P10_H0500_I0800_CN030_F1,0.832999907893525,46.875,0.0,14.025000000000002,False
California,T180_P10_H0500_I0800_CN040_F1,0.8564336372847011,46.875,0.0,5.103333333333335,False
California,T180_P10_H0500_I0800_CN050_F1,0.8862945565073226,43.75,0.0,7.7183333333333355,False
California,T180_P10_H0500_I0800_CN060_F1,0.8921488440637377,56.25,0.0,5.383333333333334,False
California,T180_P10_H0500_I0800_CN070_F1,0.8984286635350466,56.25,0.0,8.758333333333333,False
California,T180_P10_H0500_I0800_CN080_F1,0.910710140922907,78.125,0.0,7.841666666666667,False
California,T180_P10_H0500_I0800_CN090_F1,0.923417150225661,78.125,0.0,3.7583333333333337,False
California,T180_P10_H0500_I0800_CN100_F1,0.8385999815787051,34.375,0.0,3.7583333333333337,False
California,T180_P10_H0500_I0986_CN000_F1,0.4300819747628259,0.0,0.0,189.69166666666666,False
California,T180_P10_H0500_I0986_CN010_F1,0.765544809800129,6.25,0.0,24.191666666666666,False
California,T180_P10_H0500_I0986_CN020_F1,0.8322814773878604,28.125,0.0,16.175,False
California,T180_P10_H0500_I0986_CN030_F1,0.8544238739983421,28.125,0.0,14.191666666666666,False
California,T180_P10_H0500_I0986_CN040_F1,0.8800000000000001,31.25,0.0,5.0600000000000005,False
California,T180_P10_H0500_I0986_CN050_F1,0.8961407386939302,43.75,0.0,7.0,False
California,T180_P10_H0500_I0986_CN060_F1,0.9178576033895184,43.75,0.0,5.0,False
California,T180_P10_H0500_I0986_CN070_F1,0.9211439624205582,68.75,0.0,3.1116666666666695,False
California,T180_P10_H0500_I0986_CN080_F1,0.9192797273648338,53.125,0.0,3.1116666666666695,False
California,T180_P10_H0500_I0986_CN090_F1,0.9221258174449665,68.75,0.0,1.841666666666667,True
California,T180_P10_H0500_I0986_CN100_F1,0.8385999815787051,31.25,0.0,1.6833333333333336,False
California,T180_P10_H0800_I0600_CN000_F1,0.46641429492493325,0.0,0.0,24.5,False
California,T180_P10_H0800_I0600_CN010_F1,0.7950833563599522,56.25,0.0,26.830000000000005,False
California,T180_P10_H0800_I0600_CN020_F1,0.7888753799392099,43.75,0.0,10.590000000000002,False
California,T180_P10_H0800_I0600_CN030_F1,0.7959767891682786,50.0,0.0,9.233333333333333,False
California,T180_P10_H0800_I0600_CN040_F1,0.8202763194252557,46.875,0.0,4.758333333333334,False
California,T180_P10_H0800_I0600_CN050_F1,0.8359767891682786,62.5,0.0,3.608333333333333,False
California,T180_P10_H0800_I0600_CN060_F1,0.8422566086395874,50.0,0.0,4.758333333333334,False
California,T180_P10_H0800_I0600_CN070_F1,0.8678769457492862,68.75,0.0,3.1950000000000003,False
California,T180_P10_H0800_I0600_CN080_F1,0.9024629271437783,81.25,0.0,3.1166666666666667,False
California,T180_P10_H0800_I0600_CN090_F1,0.9057640232108318,84.375,0.0,2.933333333333334,False
California,T180_P10_H0800_I0600_CN100_F1,0.8385999815787051,40.625,0.0,2.933333333333334,False
California,T180_P10_H0800_I0800_CN000_F1,0.45240121580547116,0.0,0.0,177.76666666666665,False
California,T180_P10_H0800_I0800_CN010_F1,0.7501225016118633,68.75,0.0,22.25,False
California,T180_P10_H0800_I0800_CN020_F1,0.8202781615547574,15.625,0.0,16.758333333333336,False
California,T180_P10_H0800_I0800_CN030_F1,0.8424352952012527,43.75,0.0,12.383333333333335,False
California,T180_P10_H0800_I0800_CN040_F1,0.8568591691995948,34.375,0.0,5.1,False
California,T180_P10_H0800_I0800_CN050_F1,0.8755678364189003,50.0,0.0,7.175000000000001,False
California,T180_P10_H0800_I0800_CN060_F1,0.8839900525006907,43.75,0.0,4.933333333333334,False
California,T180_P10_H0800_I0800_CN070_F1,0.9099917104172424,56.25,0.0,3.191666666666667,False
California,T180_P10_H0800_I0800_CN080_F1,0.9218476558902092,93.75,0.0,6.0,True
California,T180_P10_H0800_I0800_CN090_F1,0.9156838905775078,75.0,0.0,3.115,False
California,T180_P10_H0800_I0800_CN100_F1,0.8385999815787051,28.125,0.0,3.115,False
California,T180_P10_H0800_I0986_CN000_F1,0.4300819747628259,0.0,0.0,104.975,False
California,T180_P10_H0800_I0986_CN010_F1,0.7942765036382059,40.625,0.0,19.031666666666666,False
California,T180_P10_H0800_I0986_CN020_F1,0.8147167725891131,40.625,0.0,19.025,False
California,T180_P10_H0800_I0986_CN030_F1,0.8441374228608272,50.0,0.0,5.933333333333334,False
California,T180_P10_H0800_I0986_CN040_F1,0.8551423045040067,21.875,0.0,9.758333333333333,False
California,T180_P10_H0800_I0986_CN050_F1,0.8978576033895184,25.0,0.0,5.516666666666667,False
California,T180_P10_H0800_I0986_CN060_F1,0.913572810168555,53.125,0.0,5.758333333333334,False
California,T180_P10_H0800_I0986_CN070_F1,0.9318559454729668,78.125,0.0,3.516666666666667,False
California,T180_P10_H0800_I0986_CN080_F1,0.9308575112830433,81.25,0.0,3.516666666666667,False
California,T180_P10_H0800_I0986_CN090_F1,0.9320014737036014,81.25,0.0,3.516666666666667,False
California,T180_P10_H0800_I0986_CN100_F1,0.8385999815787051,31.25,0.0,3.516666666666667,False
California,T180_P10_H1000_I0600_CN000_F1,0.4715796260477112,0.0,0.0,26.57,False
California,T180_P10_H1000_I0600_CN010_F1,0.8028608271161463,59.375,0.0,25.34166666666667,False
California,T180_P10_H1000_I0600_CN020_F1,0.7789849866445612,62.5,0.0,10.741666666666674,False
California,T180_P10_H1000_I0600_CN030_F1,0.8045758496822326,56.25,0.0,8.091666666666667,False
California,T180_P10_H1000_I0600_CN040_F1,0.8194252555954684,37.5,0.0,4.9200000000000035,False
California,T180_P10_H1000_I0600_CN050_F1,0.838133922814774,40.625,0.0,3.516666666666667,False
California,T180_P10_H1000_I0600_CN060_F1,0.8646053237542599,56.25,0.0,3.165,False
California,T180_P10_H1000_I0600_CN070_F1,0.8726020079211569,50.0,0.0,5.006666666666669,False
California,T180_P10_H1000_I0600_CN080_F1,0.8930570139080778,56.25,0.0,3.106666666666667,False
California,T180_P10_H1000_I0600_CN090_F1,0.9066298240766326,71.875,0.0,4.940000000000003,False
California,T180_P10_H1000_I0600_CN100_F1,0.8385999815787051,50.0,0.0,3.106666666666667,False
California,T180_P10_H1000_I0800_CN000_F1,0.4403831629363545,0.0,0.0,179.48333333333332,False
California,T180_P10_H1000_I0800_CN010_F1,0.753541493967026,53.125,0.0,29.116666666666667,False
California,T180_P10_H1000_I0800_CN020_F1,0.8035645205857973,37.5,0.0,12.250000000000002,False
California,T180_P10_H1000_I0800_CN030_F1,0.8428608271161463,46.875,0.0,7.191666666666667,False
California,T180_P10_H1000_I0800_CN040_F1,0.8564336372847011,43.75,0.0,7.930000000000002,False
California,T180_P10_H1000_I0800_CN050_F1,0.8614221239753155,59.375,0.0,4.016666666666667,False
California,T180_P10_H1000_I0800_CN060_F1,0.8972847011144883,75.0,0.0,5.0,False
California,T180_P10_H1000_I0800_CN070_F1,0.8829768812747536,46.875,0.0,4.008333333333334,False
California,T180_P10_H1000_I0800_CN080_F1,0.9167117988394584,87.5,0.0,3.7183333333333364,False
California,T180_P10_H1000_I0800_CN090_F1,0.9139817629179332,75.0,0.0,3.7183333333333364,False
California,T180_P10_H1000_I0800_CN100_F1,0.8385999815787051,37.5,0.0,3.7183333333333364,False
California,T180_P10_H1000_I0986_CN000_F1,0.45411808050105923,0.0,0.0,134.625,False
California,T180_P10_H1000_I0986_CN010_F1,0.7732780694482823,62.5,0.0,28.116666666666667,False
California,T180_P10_H1000_I0986_CN020_F1,0.829713548862485,18.75,0.0,19.84166666666667,False
California,T180_P10_H1000_I0986_CN030_F1,0.850579349728286,56.25,0.0,9.175,False
California,T180_P10_H1000_I0986_CN040_F1,0.8761407386939303,37.5,0.0,6.341666666666667,False
California,T180_P10_H1000_I0986_CN050_F1,0.8978576033895184,46.875,0.0,3.0166666666666666,False
California,T180_P10_H1000_I0986_CN060_F1,0.9118559454729668,62.5,0.0,6.0,False
California,T180_P10_H1000_I0986_CN070_F1,0.9271456203371098,56.25,0.0,3.3416666666666672,False
California,T180_P10_H1000_I0986_CN080_F1,0.9179883945841394,87.5,0.0,2.9850000000000008,False
California,T180_P10_H1000_I0986_CN090_F1,0.9144072948328268,78.125,0.0,2.9850000000000008,False
California,T180_P10_H1000_I0986_CN100_F1,0.8385999815787051,28.125,0.0,2.9850000000000008,False
India,T060_P03_H0500_I0600_CN000_F1,0.005713622111253049,12.289780077619664,0.0,82.91666666666667,True
India,T060_P03_H0500_I0600_CN010_F1,0.17853490914611825,54.075032341526516,0.0,261.2133333333333,False
India,T060_P03_H0500_I0600_CN020_F1,0.3180422291829311,76.32600258732212,0.0,221.7,False
India,T060_P03_H0500_I0600_CN030_F1,0.3630354673437764,85.1228978007762,0.0,129.41666666666669,True
India,T060_P03_H0500_I0600_CN040_F1,0.3790791798568238,87.32212160413971,0.0,84.91666666666667,True
India,T060_P03_H0500_I0600_CN050_F1,0.36608086296575587,90.55627425614489,0.0,53.45000000000001,True
India,T060_P03_H0500_I0600_CN060_F1,0.3831815762951333,87.06338939197931,0.0,36.33333333333334,True
India,T060_P03_H0500_I0600_CN070_F1,0.3925652840596293,91.20310478654594,0.0,30.43666666666667,False
India,T060_P03_H0500_I0600_CN080_F1,0.3769821170721574,82.66494178525227,0.0,27.01666666666668,False
India,T060_P03_H0500_I0600_CN090_F1,0.37163917031557714,79.81888745148771,0.0,25.91666666666667,False
India,T060_P03_H0500_I0600_CN100_F1,0.3173624365820352,49.935316946959894,0.0,24.66666666666667,False
India,T060_P03_H0500_I0800_CN000_F1,0.0,0.0,0.0,356.43333333333334,True
India,T060_P03_H0500_I0800_CN010_F1,0.18436342182527574,23.93272962483829,0.0,340.1166666666667,False
India,T060_P03_H0500_I0800_CN020_F1,0.2915001883386826,35.058214747736095,0.0,340.53333333333336,False
India,T060_P03_H0500_I0800_CN030_F1,0.3489202831914796,49.417852522639066,0.0,325.28333333333336,False
India,T060_P03_H0500_I0800_CN040_F1,0.38033888928756554,63.130659767141005,0.0,136.93333333333334,False
India,T060_P03_H0500_I0800_CN050_F1,0.3826652179627227,57.56791720569211,0.0,109.35000000000002,False
India,T060_P03_H0500_I0800_CN060_F1,0.3804142871804906,61.57826649417852,0.0,102.06666666666668,False
India,T060_P03_H0500_I0800_CN070_F1,0.385577169967783,64.68305304010349,0.0,99.90000000000002,False
India,T060_P03_H0500_I0800_CN080_F1,0.37575494190377073,64.94178525226391,0.0,96.73333333333335,False
India,T060_P03_H0500_I0800_CN090_F1,0.35434790998890636,57.95601552393273,0.0,96.73333333333335,False
India,T060_P03_H0500_I0800_CN100_F1,0.3173624365820352,39.715394566623544,0.0,96.73333333333335,False
India,T060_P03_H0500_I0986_CN000_F1,0.03114126113960554,0.0,0.0,342.53999999999996,False
India,T060_P03_H0500_I0986_CN010_F1,0.21953129349469186,30.012936610608023,0.0,259.3416666666667,False
India,T060_P03_H0500_I0986_CN020_F1,0.2756325487173411,32.470892626131956,0.0,241.05833333333334,False
India,T060_P03_H0500_I0986_CN030_F1,0.31174915459525265,32.082794307891334,0.0,238.625,False
India,T060_P03_H0500_I0986_CN040_F1,0.34224164765021325,35.1875808538163,0.0,228.79,False
India,T060_P03_H0500_I0986_CN050_F1,0.3616780629019779,36.61060802069858,0.0,221.365,False
India,T060_P03_H0500_I0986_CN060_F1,0.3754874088208213,31.4359637774903,0.0,207.69166666666666,False
India,T060_P03_H0500_I0986_CN070_F1,0.37952993881423186,29.75420439844761,0.0,202.19166666666666,False
India,T060_P03_H0500_I0986_CN080_F1,0.3723804041984945,31.69469598965071,0.0,193.35833333333335,False
India,T060_P03_H0500_I0986_CN090_F1,0.3517208294583617,40.7503234152652,0.0,192.44166666666666,False
India,T060_P03_H0500_I0986_CN100_F1,0.3115326712873839,12.677878395860285,0.0,183.19166666666666,False
India,T060_P03_H0800_I0600_CN000_F1,0.006011339712970121,10.478654592496765,0.0,91.85,True
India,T060_P03_H0800_I0600_CN010_F1,0.20882901841387655,62.225097024579554,0.0,226.88333333333333,True
India,T060_P03_H0800_I0600_CN020_F1,0.3290999982279217,80.20698576972833,0.0,124.83333333333334,False
India,T060_P03_H0800_I0600_CN030_F1,0.3662411086178534,79.6895213454075,0.0,69.61666666666667,True
India,T060_P03_H0800_I0600_CN040_F1,0.364812813027786,80.85381630012937,0.0,44.05,True
India,T060_P03_H0800_I0600_CN050_F1,0.35426929775247396,79.6895213454075,0.0,32.51666666666667,True
India,T060_P03_H0800_I0600_CN060_F1,0.3732378210504649,78.26649417852522,0.0,26.68666666666667,True
India,T060_P03_H0800_I0600_CN070_F1,0.3843204170470116,84.60543337645537,0.0,27.01666666666668,True
India,T060_P03_H0800_I0600_CN080_F1,0.3784757788061268,77.23156532988357,0.0,20.933333333333337,True
India,T060_P03_H0800_I0600_CN090_F1,0.36738455846052465,73.09184993531694,0.0,19.87666666666667,True
India,T060_P03_H0800_I0600_CN100_F1,0.3173624365820352,51.746442432082794,0.0,16.923333333333336,True
India,T060_P03_H0800_I0800_CN000_F1,0.007942514311817375,0.0,0.0,307.225,False
India,T060_P03_H0800_I0800_CN010_F1,0.25093092239575354,35.83441138421733,0.0,295.68333333333334,False
India,T060_P03_H0800_I0800_CN020_F1,0.3611740994177862,51.746442432082794,0.0,261.3066666666694,False
India,T060_P03_H0800_I0800_CN030_F1,0.3676482049208093,65.97671410090557,0.0,98.83333333333334,False
India,T060_P03_H0800_I0800_CN040_F1,0.3756328466177038,69.59896507115135,0.0,73.93666666666668,False
India,T060_P03_H0800_I0800_CN050_F1,0.38818671753663314,79.17205692108668,0.0,61.900000000000006,False
India,T060_P03_H0800_I0800_CN060_F1,0.4034702948878295,76.84346701164296,0.0,60.900000000000006,False
India,T060_P03_H0800_I0800_CN070_F1,0.40720075070329054,79.43078913324709,0.0,61.900000000000006,False
India,T060_P03_H0800_I0800_CN080_F1,0.39212560154100107,72.3156532988357,0.0,60.900000000000006,False
India,T060_P03_H0800_I0800_CN090_F1,0.3645074651560434,67.01164294954722,0.0,61.900000000000006,False
India,T060_P03_H0800_I0800_CN100_F1,0.3173624365820352,46.57179818887451,0.0,60.900000000000006,False
India,T060_P03_H0800_I0986_CN000_F1,0.036460478072723276,0.0,0.0,275.2,True
India,T060_P03_H0800_I0986_CN010_F1,0.2565664858956937,35.70504527813713,0.0,221.78,False
India,T060_P03_H0800_I0986_CN020_F1,0.31765629286645114,33.76455368693402,0.0,220.08333333333334,False
India,T060_P03_H0800_I0986_CN030_F1,0.3625739270362441,35.963777490297545,0.0,191.4,False
India,T060_P03_H0800_I0986_CN040_F1,0.3741037320694542,33.893919793014234,0.0,165.75833333333333,False
India,T060_P03_H0800_I0986_CN050_F1,0.387352694930888,44.372574385511,0.0,155.18,False
India,T060_P03_H0800_I0986_CN060_F1,0.3908872070991161,44.76067270375162,0.0,141.80833333333334,False
India,T060_P03_H0800_I0986_CN070_F1,0.3965678165360583,31.82406209573092,0.0,140.39166666666668,False
India,T060_P03_H0800_I0986_CN080_F1,0.3855082658528912,44.372574385511,0.0,132.675,False
India,T060_P03_H0800_I0986_CN090_F1,0.3558479107164355,43.855109961190166,0.0,130.30833333333334,False
India,T060_P03_H0800_I0986_CN100_F1,0.31301661154420424,18.88745148771022,0.0,125.30833333333332,False
India,T060_P03_H1000_I0600_CN000_F1,0.008928972209797409,10.73738680465718,0.0,318.65,True
India,T060_P03_H1000_I0600_CN010_F1,0.2172339376331462,61.57826649417852,0.0,188.91666666666666,True
India,T060_P03_H1000_I0600_CN020_F1,0.3298639291942995,81.11254851228978,0.0,86.78333333333333,True
India,T060_P03_H1000_I0600_CN030_F1,0.37086396834029106,74.77360931435963,0.0,48.70000000000001,True
India,T060_P03_H1000_I0600_CN040_F1,0.36623088342338495,76.19663648124192,0.0,43.51666666666667,True
India,T060_P03_H1000_I0600_CN050_F1,0.36060582825681387,75.54980595084088,0.0,31.850000000000012,True
India,T060_P03_H1000_I0600_CN060_F1,0.37435943911252234,73.35058214747735,0.0,27.793333333333337,False
India,T060_P03_H1000_I0600_CN070_F1,0.38405648632314343,79.17205692108668,0.0,22.090000000000003,True
India,T060_P03_H1000_I0600_CN080_F1,0.37606279430357437,74.25614489003881,0.0,19.03000000000001,True
India,T060_P03_H1000_I0600_CN090_F1,0.36674436228659857,69.85769728331177,0.0,19.423333333333336,True
India,T060_P03_H1000_I0600_CN100_F1,0.3173624365820352,54.33376455368693,0.0,17.33333333333334,True
India,T060_P03_H1000_I0800_CN000_F1,0.026492218801054235,0.0,0.0,304.55,True
India,T060_P03_H1000_I0800_CN010_F1,0.279781655904401,41.52652005174644,0.0,283.8666666666667,False
India,T060_P03_H1000_I0800_CN020_F1,0.36741181247761223,53.29883570504528,0.0,122.41666666666667,False
India,T060_P03_H1000_I0800_CN030_F1,0.37439350983219866,63.26002587322122,0.0,65.53333333333333,False
India,T060_P03_H1000_I0800_CN040_F1,0.3834837217731235,71.02199223803363,0.0,55.23333333333334,False
India,T060_P03_H1000_I0800_CN050_F1,0.3953969705445077,72.57438551099612,0.0,43.900000000000006,False
India,T060_P03_H1000_I0800_CN060_F1,0.4059103139537339,75.54980595084088,0.0,40.400000000000006,False
India,T060_P03_H1000_I0800_CN070_F1,0.409873030830628,74.51487710219922,0.0,32.366666666666674,False
India,T060_P03_H1000_I0800_CN080_F1,0.398633584318255,76.58473479948253,0.0,32.866666666666674,False
India,T060_P03_H1000_I0800_CN090_F1,0.3629656726206743,67.39974126778783,0.0,27.03333333333334,False
India,T060_P03_H1000_I0800_CN100_F1,0.3173624365820352,38.68046571798189,0.0,25.03333333333334,False
India,T060_P03_H1000_I0986_CN000_F1,0.05642865362581469,0.0,0.0,275.68333333333334,False
India,T060_P03_H1000_I0986_CN010_F1,0.2829801315430436,38.42173350582148,0.0,198.91333333333333,False
India,T060_P03_H1000_I0986_CN020_F1,0.35509856843270765,32.470892626131956,0.0,198.71666666666667,False
India,T060_P03_H1000_I0986_CN030_F1,0.37580693247603264,32.470892626131956,0.0,169.38333333333333,False
India,T060_P03_H1000_I0986_CN040_F1,0.3806091716576752,34.54075032341527,0.0,139.55,False
India,T060_P03_H1000_I0986_CN050_F1,0.39500381798186623,45.66623544631307,0.0,122.13333333333334,False
India,T060_P03_H1000_I0986_CN060_F1,0.39919753065201785,38.292367399741266,0.0,116.63333333333334,False
India,T060_P03_H1000_I0986_CN070_F1,0.4026927688960755,31.82406209573092,0.0,117.87000000000025,False
India,T060_P03_H1000_I0986_CN080_F1,0.38519998747946854,47.994825355756795,0.0,101.61666666666667,False
India,T060_P03_H1000_I0986_CN090_F1,0.35661690275551583,33.247089262613194,0.0,99.65000000000022,False
India,T060_P03_H1000_I0986_CN100_F1,0.31693845365151513,20.827943078913325,0.0,95.11666666666667,True
India,T060_P05_H0500_I0600_CN000_F1,0.0405376993295576,22.639068564036222,12.548512289780078,182.2,True
India,T060_P05_H0500_I0600_CN010_F1,0.2578232008584198,59.637774902975416,13.842173350582149,157.41666666666666,True
India,T060_P05_H0500_I0600_CN020_F1,0.3500344000408654,69.46959896507116,15.135834411384216,153.53333333333336,True
India,T060_P05_H0500_I0600_CN030_F1,0.3598306906696194,72.1862871927555,10.219922380336351,99.98333333333336,True
India,T060_P05_H0500_I0600_CN040_F1,0.3628668938371325,70.76326002587322,5.692108667529108,91.33333333333334,True
India,T060_P05_H0500_I0600_CN050_F1,0.36505682238540016,70.76326002587322,0.646830530401035,65.92333333333335,False
India,T060_P05_H0500_I0600_CN060_F1,0.368146230079697,70.3751617076326,2.716688227684347,43.56666666666668,False
India,T060_P05_H0500_I0600_CN070_F1,0.369061253326434,70.2457956015524,0.258732212160414,33.433333333333344,False
India,T060_P05_H0500_I0600_CN080_F1,0.36861352791976965,71.02199223803363,0.258732212160414,38.45000000000001,True
India,T060_P05_H0500_I0600_CN090_F1,0.36276930299982224,67.52910737386804,1.1642949547218628,33.35000000000001,True
India,T060_P05_H0500_I0600_CN100_F1,0.3173624365820352,64.94178525226391,0.258732212160414,32.85000000000001,True
India,T060_P05_H0500_I0800_CN000_F1,0.03550525121087747,0.0,0.0,311.625,True
India,T060_P05_H0500_I0800_CN010_F1,0.24848673216243028,41.13842173350582,0.0,193.06666666666666,True
India,T060_P05_H0500_I0800_CN020_F1,0.29327514449344994,38.16300129366106,0.0,192.49166666666667,False
India,T060_P05_H0500_I0800_CN030_F1,0.3437615697439964,34.152652005174645,0.0,189.86666666666667,False
India,T060_P05_H0500_I0800_CN040_F1,0.37280939646630706,43.46701164294955,0.0,185.71666666666667,False
India,T060_P05_H0500_I0800_CN050_F1,0.3921237681674146,54.20439844760673,0.0,181.86666666666667,False
India,T060_P05_H0500_I0800_CN060_F1,0.40542636152925127,57.050452781371284,0.0,160.2566666666667,False
India,T060_P05_H0500_I0800_CN070_F1,0.39028532985305864,64.94178525226391,0.0,151.11666666666667,False
India,T060_P05_H0500_I0800_CN080_F1,0.392134471070912,68.4346701164295,0.0,131.50000000000003,False
India,T060_P05_H0500_I0800_CN090_F1,0.3679538110478452,62.09573091849935,0.0,122.58333333333334,False
India,T060_P05_H0500_I0800_CN100_F1,0.3173624365820352,46.05433376455368,0.0,121.66666666666667,False
India,T060_P05_H0500_I0986_CN000_F1,0.02852134624449532,0.0,0.0,318.825,False
India,T060_P05_H0500_I0986_CN010_F1,0.24636467498905246,18.111254851228978,0.0,307.62333333333333,False
India,T060_P05_H0500_I0986_CN020_F1,0.3327334435424091,26.778783958602848,0.0,298.225,False
India,T060_P05_H0500_I0986_CN030_F1,0.3862181663535374,23.803363518758086,0.129366106080207,151.5066666666667,False
India,T060_P05_H0500_I0986_CN040_F1,0.3886939864636409,44.5019404915912,0.0,115.83333333333334,False
India,T060_P05_H0500_I0986_CN050_F1,0.3810385512381349,53.94566623544631,0.129366106080207,91.20000000000002,False
India,T060_P05_H0500_I0986_CN060_F1,0.385801516495607,53.557567917205695,0.0,85.28333333333333,False
India,T060_P05_H0500_I0986_CN070_F1,0.39478530673028267,64.03622250970245,0.129366106080207,75.2,False
India,T060_P05_H0500_I0986_CN080_F1,0.40364452287795005,69.34023285899094,0.0,61.873333333333335,False
India,T060_P05_H0500_I0986_CN090_F1,0.369713934042034,52.52263906856404,0.0,61.16,False
India,T060_P05_H0500_I0986_CN100_F1,0.3173624365820352,35.57567917205692,0.0,59.25000000000001,False
India,T060_P05_H0800_I0600_CN000_F1,0.037832058297990356,14.877102199223804,14.877102199223804,189.925,True
India,T060_P05_H0800_I0600_CN010_F1,0.2844116812622731,59.37904269081501,17.335058214747736,120.68333333333335,True
India,T060_P05_H0800_I0600_CN020_F1,0.3580039362633528,64.68305304010349,16.946959896507117,108.38333333333337,True
India,T060_P05_H0800_I0600_CN030_F1,0.34736920780526226,68.17593790426908,9.055627425614489,94.95000000000002,True
India,T060_P05_H0800_I0600_CN040_F1,0.36566248278330266,69.34023285899094,7.632600258732213,76.7,True
India,T060_P05_H0800_I0600_CN050_F1,0.35933937916425673,71.79818887451488,1.034928848641656,51.70000000000001,True
India,T060_P05_H0800_I0600_CN060_F1,0.3701677532614027,71.92755498059509,4.3984476067270375,25.150000000000045,True
India,T060_P05_H0800_I0600_CN070_F1,0.3643940586071235,71.28072445019404,0.0,28.423333333333336,True
India,T060_P05_H0800_I0600_CN080_F1,0.3707296467678433,68.30530401034929,0.258732212160414,28.33333333333334,False
India,T060_P05_H0800_I0600_CN090_F1,0.35872625663641067,70.5045278137128,0.517464424320828,25.01666666666667,True
India,T060_P05_H0800_I0600_CN100_F1,0.3173624365820352,68.04657179818886,0.0,24.69666666666667,True
India,T060_P05_H0800_I0800_CN000_F1,0.041556303474318865,0.0,0.0,252.95833333333331,False
India,T060_P05_H0800_I0800_CN010_F1,0.28432681972573615,34.28201811125485,0.0,196.725,False
India,T060_P05_H0800_I0800_CN020_F1,0.34816154165223123,40.7503234152652,0.0,194.6,False
India,T060_P05_H0800_I0800_CN030_F1,0.3747072752519429,46.3130659767141,0.0,139.2566666666667,False
India,T060_P05_H0800_I0800_CN040_F1,0.3912176144505885,40.23285899094437,0.0,115.17333333333335,False
India,T060_P05_H0800_I0800_CN050_F1,0.3947457876252569,57.309184993531694,0.0,111.86666666666667,False
India,T060_P05_H0800_I0800_CN060_F1,0.4027730857299112,65.07115135834411,0.0,49.92333333333333,False
India,T060_P05_H0800_I0800_CN070_F1,0.39267298368673575,69.85769728331177,0.0,32.62666666666667,False
India,T060_P05_H0800_I0800_CN080_F1,0.38342761247177937,68.95213454075032,0.0,33.21,False
India,T060_P05_H0800_I0800_CN090_F1,0.36093866239264705,62.8719275549806,0.0,28.113333333333337,False
India,T060_P05_H0800_I0800_CN100_F1,0.3173624365820352,49.159120310478656,0.0,25.923333333333336,False
India,T060_P05_H0800_I0986_CN000_F1,0.03901536240116859,0.0,0.0,325.57500000000005,False
India,T060_P05_H0800_I0986_CN010_F1,0.3084799288154501,39.06856403622251,0.0,246.50833333333333,False
India,T060_P05_H0800_I0986_CN020_F1,0.3668197597577676,38.809831824062094,0.0,202.35000000000002,False
India,T060_P05_H0800_I0986_CN030_F1,0.3813465844307022,45.53686934023286,0.258732212160414,84.29333333333334,False
India,T060_P05_H0800_I0986_CN040_F1,0.39302292438888836,56.144890038809834,0.129366106080207,73.78333333333333,False
India,T060_P05_H0800_I0986_CN050_F1,0.3945025524711809,60.284605433376456,0.0,63.78333333333334,False
India,T060_P05_H0800_I0986_CN060_F1,0.39582551083041095,59.89650711513583,0.0,50.46666666666667,False
India,T060_P05_H0800_I0986_CN070_F1,0.39396521472715085,68.04657179818886,0.0,46.45000000000001,False
India,T060_P05_H0800_I0986_CN080_F1,0.39825436235822687,64.03622250970245,0.258732212160414,33.51666666666667,False
India,T060_P05_H0800_I0986_CN090_F1,0.37216070542243546,56.53298835705045,0.0,32.866666666666674,False
India,T060_P05_H0800_I0986_CN100_F1,0.3173624365820352,39.06856403622251,0.0,31.350000000000005,False
India,T060_P05_H1000_I0600_CN000_F1,0.039461268211611125,13.065976714100906,17.981888745148773,200.94166666666666,True
India,T060_P05_H1000_I0600_CN010_F1,0.2824763101906435,55.498059508408794,18.36998706338939,110.20000000000002,True
India,T060_P05_H1000_I0600_CN020_F1,0.36166733469311707,65.58861578266495,21.47477360931436,98.85,True
India,T060_P05_H1000_I0600_CN030_F1,0.3650988076386855,64.94178525226391,16.946959896507117,88.7,True
India,T060_P05_H1000_I0600_CN040_F1,0.36692303150860084,69.21086675291073,13.583441138421733,65.11666666666667,True
India,T060_P05_H1000_I0600_CN050_F1,0.3662835842328494,66.23544631306598,5.5627425614489,42.66666666666667,True
India,T060_P05_H1000_I0600_CN060_F1,0.36292118283932806,70.3751617076326,6.338939197930142,33.433333333333344,True
India,T060_P05_H1000_I0600_CN070_F1,0.3702825281275618,68.4346701164295,4.269081500646831,31.58333333333334,False
India,T060_P05_H1000_I0600_CN080_F1,0.37384744469004944,68.4346701164295,0.7761966364812419,27.340000000000003,False
India,T060_P05_H1000_I0600_CN090_F1,0.3526616870912933,65.20051746442432,1.29366106080207,23.28333333333333,True
India,T060_P05_H1000_I0600_CN100_F1,0.3173624365820352,65.84734799482536,0.0,24.750000000000004,False
India,T060_P05_H1000_I0800_CN000_F1,0.05664360160104505,0.0,0.0,238.88,False
India,T060_P05_H1000_I0800_CN010_F1,0.3011801538665917,43.59637774902975,0.0,200.61666666666667,False
India,T060_P05_H1000_I0800_CN020_F1,0.36339115292578755,36.99870633893919,0.0,182.28333333333336,False
India,T060_P05_H1000_I0800_CN030_F1,0.3822916764944615,41.65588615782665,0.0,107.20000000000002,False
India,T060_P05_H1000_I0800_CN040_F1,0.39747347989117376,50.58214747736093,0.0,77.16666666666667,False
India,T060_P05_H1000_I0800_CN050_F1,0.40117437060693184,60.284605433376456,0.0,45.20000000000001,False
India,T060_P05_H1000_I0800_CN060_F1,0.4040104083490661,71.28072445019404,0.0,37.63,False
India,T060_P05_H1000_I0800_CN070_F1,0.3881565456705472,62.35446313065977,0.0,29.923333333333336,False
India,T060_P05_H1000_I0800_CN080_F1,0.385498118402123,65.97671410090557,0.0,29.000000000000004,False
India,T060_P05_H1000_I0800_CN090_F1,0.36549225711759215,57.69728331177232,0.0,26.76666666666667,False
India,T060_P05_H1000_I0800_CN100_F1,0.3173624365820352,45.019404915912034,0.0,25.51666666666668,False
India,T060_P05_H1000_I0986_CN000_F1,0.04795870383988015,0.0,0.0,317.2833333333333,False
India,T060_P05_H1000_I0986_CN010_F1,0.3137222891420217,41.785252263906855,0.0,210.42499999999998,False
India,T060_P05_H1000_I0986_CN020_F1,0.3680000693929302,44.76067270375162,0.258732212160414,140.66666666666669,False
India,T060_P05_H1000_I0986_CN030_F1,0.38741621504852186,52.26390685640362,0.646830530401035,74.03333333333333,False
India,T060_P05_H1000_I0986_CN040_F1,0.4023003008435171,62.35446313065977,0.129366106080207,53.20000000000001,False
India,T060_P05_H1000_I0986_CN050_F1,0.4000582522438776,62.8719275549806,0.129366106080207,45.45000000000001,False
India,T060_P05_H1000_I0986_CN060_F1,0.39389097905333775,65.45924967658473,0.0,36.683333333333344,False
India,T060_P05_H1000_I0986_CN070_F1,0.3979626481728322,67.91720569210867,0.0,30.950000000000003,False
India,T060_P05_H1000_I0986_CN080_F1,0.4026643786681663,64.94178525226391,0.0,28.683333333333344,False
India,T060_P05_H1000_I0986_CN090_F1,0.3718921269468023,64.16558861578267,0.129366106080207,25.10333333333334,False
India,T060_P05_H1000_I0986_CN100_F1,0.3173624365820352,44.63130659767141,0.0,21.850000000000012,False
India,T060_P10_H0500_I0600_CN000_F1,0.049045657771486964,52.39327296248383,0.0,182.7733333333343,False
India,T060_P10_H0500_I0600_CN010_F1,0.26113566450700154,71.53945666235447,0.0,167.9,True
India,T060_P10_H0500_I0600_CN020_F1,0.3601120248760721,81.75937904269081,0.129366106080207,162.76666666666668,True
India,T060_P10_H0500_I0600_CN030_F1,0.38176041991045406,90.03880983182407,0.129366106080207,109.68333333333334,False
India,T060_P10_H0500_I0600_CN040_F1,0.37526839455484534,93.53169469598966,0.129366106080207,89.75,True
India,T060_P10_H0500_I0600_CN050_F1,0.3871351911139429,92.6261319534282,0.258732212160414,79.2,True
India,T060_P10_H0500_I0600_CN060_F1,0.40415060428048244,96.89521345407503,0.129366106080207,71.05000000000014,True
India,T060_P10_H0500_I0600_CN070_F1,0.400107467520689,95.47218628719276,0.129366106080207,49.53333333333334,False
India,T060_P10_H0500_I0600_CN080_F1,0.3981905844070558,95.73091849935317,0.129366106080207,40.75000000000001,False
India,T060_P10_H0500_I0600_CN090_F1,0.36093442796181935,94.82535575679172,0.129366106080207,36.51666666666667,True
India,T060_P10_H0500_I0600_CN100_F1,0.3173624365820352,89.78007761966364,0.0,36.51666666666667,True
India,T060_P10_H0500_I0800_CN000_F1,0.03543852940241785,0.0,0.0,283.275,True
India,T060_P10_H0500_I0800_CN010_F1,0.2575276131247983,18.758085381630014,0.0,208.42499999999995,False
India,T060_P10_H0500_I0800_CN020_F1,0.31608028747961403,37.77490297542044,0.0,194.32,False
India,T060_P10_H0500_I0800_CN030_F1,0.3629075360785422,40.36222509702458,0.0,194.4333333333333,False
India,T060_P10_H0500_I0800_CN040_F1,0.38280002989688117,37.128072445019406,0.0,150.03333333333336,False
India,T060_P10_H0500_I0800_CN050_F1,0.3921892247076987,54.980595084087966,0.0,118.70000000000002,False
India,T060_P10_H0500_I0800_CN060_F1,0.39431496198385785,69.72833117723157,0.0,80.36666666666667,False
India,T060_P10_H0500_I0800_CN070_F1,0.4025977472560885,68.30530401034929,0.0,75.7,False
India,T060_P10_H0500_I0800_CN080_F1,0.38216832901465675,77.49029754204399,0.0,68.45,False
India,T060_P10_H0500_I0800_CN090_F1,0.3789892059339306,74.1267787839586,0.0,44.366666666666674,False
India,T060_P10_H0500_I0800_CN100_F1,0.3173624365820352,51.48771021992238,0.0,42.01666666666667,False
India,T060_P10_H0500_I0986_CN000_F1,0.032712618774677606,0.0,0.0,301.4583333333333,True
India,T060_P10_H0500_I0986_CN010_F1,0.2958410933109201,35.83441138421733,0.0,214.04166666666669,False
India,T060_P10_H0500_I0986_CN020_F1,0.337338990178644,46.183699870633895,0.0,203.74166666666667,False
India,T060_P10_H0500_I0986_CN030_F1,0.37130949878784153,51.48771021992238,0.0,143.00000000000003,False
India,T060_P10_H0500_I0986_CN040_F1,0.38525989258533944,49.28848641655886,0.0,127.25000000000001,False
India,T060_P10_H0500_I0986_CN050_F1,0.3900241231109871,57.56791720569211,0.0,100.25000000000001,False
India,T060_P10_H0500_I0986_CN060_F1,0.4011088236702659,75.42043984476066,0.0,87.11666666666667,False
India,T060_P10_H0500_I0986_CN070_F1,0.40261210383232093,68.17593790426908,0.0,74.45,False
India,T060_P10_H0500_I0986_CN080_F1,0.37121782097047185,73.09184993531694,0.0,57.70000000000001,False
India,T060_P10_H0500_I0986_CN090_F1,0.3648486784600767,71.41009055627426,0.0,56.53333333333334,False
India,T060_P10_H0500_I0986_CN100_F1,0.3173624365820352,42.5614489003881,0.0,53.866666666666674,False
India,T060_P10_H0800_I0600_CN000_F1,0.04901651864540305,55.368693402328596,0.0,105.50000000000001,True
India,T060_P10_H0800_I0600_CN010_F1,0.272037603123486,80.46571798188874,0.0,101.38333333333334,True
India,T060_P10_H0800_I0600_CN020_F1,0.37041895426274163,90.03880983182407,0.258732212160414,100.08333333333334,True
India,T060_P10_H0800_I0600_CN030_F1,0.3799939579227055,95.86028460543338,0.258732212160414,80.33333333333333,True
India,T060_P10_H0800_I0600_CN040_F1,0.3826961260743015,93.27296248382923,0.129366106080207,66.54333333333334,True
India,T060_P10_H0800_I0600_CN050_F1,0.3981186467414203,94.04915912031048,0.517464424320828,51.25666666666667,True
India,T060_P10_H0800_I0600_CN060_F1,0.40194749402777613,96.11901681759379,0.129366106080207,40.45000000000001,True
India,T060_P10_H0800_I0600_CN070_F1,0.394478706945973,96.63648124191462,0.129366106080207,31.713333333333335,True
India,T060_P10_H0800_I0600_CN080_F1,0.39747522286837833,95.21345407503235,0.129366106080207,31.933333333333337,False
India,T060_P10_H0800_I0600_CN090_F1,0.359258765835912,94.04915912031048,0.129366106080207,25.26666666666667,True
India,T060_P10_H0800_I0600_CN100_F1,0.3173624365820352,89.13324708926261,0.0,24.433333333333337,True
India,T060_P10_H0800_I0800_CN000_F1,0.045223084387672516,0.0,0.0,210.76666666666665,False
India,T060_P10_H0800_I0800_CN010_F1,0.2798589384845662,20.69857697283312,0.129366106080207,205.49666666666667,False
India,T060_P10_H0800_I0800_CN020_F1,0.359251406333276,34.411384217335055,0.0,188.18666666666826,False
India,T060_P10_H0800_I0800_CN030_F1,0.37985799642211693,43.33764553686934,0.0,124.61666666666667,False
India,T060_P10_H0800_I0800_CN040_F1,0.3834490956007181,42.94954721862872,0.0,91.46000000000002,False
India,T060_P10_H0800_I0800_CN050_F1,0.39347299953914017,48.253557567917206,0.0,78.95,False
India,T060_P10_H0800_I0800_CN060_F1,0.3908952246817888,64.68305304010349,0.0,43.41666666666667,False
India,T060_P10_H0800_I0800_CN070_F1,0.4003937977088257,66.88227684346701,0.0,31.933333333333337,False
India,T060_P10_H0800_I0800_CN080_F1,0.38675487132289443,77.7490297542044,0.0,35.936666666666675,False
India,T060_P10_H0800_I0800_CN090_F1,0.37091367397881314,60.93143596377749,0.0,32.183333333333344,False
India,T060_P10_H0800_I0800_CN100_F1,0.3173624365820352,39.06856403622251,0.0,29.933333333333337,False
India,T060_P10_H0800_I0986_CN000_F1,0.048699408700114716,0.0,0.0,231.75333333333333,False
India,T060_P10_H0800_I0986_CN010_F1,0.3293062050276682,37.25743855109961,0.0,213.29166666666666,False
India,T060_P10_H0800_I0986_CN020_F1,0.37200806361031724,43.33764553686934,0.129366106080207,156.26666666666668,False
India,T060_P10_H0800_I0986_CN030_F1,0.3795488787541377,44.76067270375162,0.129366106080207,77.41666666666667,False
India,T060_P10_H0800_I0986_CN040_F1,0.3980021932861483,56.66235446313066,0.129366106080207,75.71000000000001,False
India,T060_P10_H0800_I0986_CN050_F1,0.39508489636655825,61.190168175937906,0.0,61.21666666666667,False
India,T060_P10_H0800_I0986_CN060_F1,0.40340357307936986,74.64424320827942,0.0,47.45000000000001,False
India,T060_P10_H0800_I0986_CN070_F1,0.4028300083175216,67.01164294954722,0.0,42.95000000000001,False
India,T060_P10_H0800_I0986_CN080_F1,0.37906109186415626,71.53945666235447,0.0,34.45000000000001,False
India,T060_P10_H0800_I0986_CN090_F1,0.36583769219977147,69.21086675291073,0.0,34.29666666666667,False
India,T060_P10_H0800_I0986_CN100_F1,0.3173624365820352,43.98447606727037,0.0,32.95,False
India,T060_P10_H1000_I0600_CN000_F1,0.05478463585697889,51.48771021992238,0.0,100.84833333333333,True
India,T060_P10_H1000_I0600_CN010_F1,0.28746021418698675,76.32600258732212,0.0,97.13333333333333,True
India,T060_P10_H1000_I0600_CN020_F1,0.37915284742522604,83.82923673997412,0.0,89.75,True
India,T060_P10_H1000_I0600_CN030_F1,0.3801818839872658,88.61578266494179,0.0,77.21000000000001,True
India,T060_P10_H1000_I0600_CN040_F1,0.38258845175255846,92.6261319534282,0.129366106080207,53.70000000000001,True
India,T060_P10_H1000_I0600_CN050_F1,0.3986182210103109,93.91979301423027,0.0,45.84,True
India,T060_P10_H1000_I0600_CN060_F1,0.4070331846312851,98.1888745148771,0.0,32.91666666666667,True
India,T060_P10_H1000_I0600_CN070_F1,0.39558892494176834,97.54204398447607,0.0,27.91666666666667,True
India,T060_P10_H1000_I0600_CN080_F1,0.3879355942789944,97.41267787839585,0.0,24.423333333333336,True
India,T060_P10_H1000_I0600_CN090_F1,0.3663579493857725,92.88486416558862,0.0,29.183333333333344,False
India,T060_P10_H1000_I0600_CN100_F1,0.3173624365820352,87.32212160413971,0.0,24.850000000000012,False
India,T060_P10_H1000_I0800_CN000_F1,0.06220099261553643,0.0,0.0,217.08,False
India,T060_P10_H1000_I0800_CN010_F1,0.30065270573979275,24.838292367399742,0.129366106080207,200.74666666666667,False
India,T060_P10_H1000_I0800_CN020_F1,0.3678433996698677,28.33117723156533,0.0,180.86666666666667,False
India,T060_P10_H1000_I0800_CN030_F1,0.38470086519248725,41.00905562742562,0.0,109.18666666666788,False
India,T060_P10_H1000_I0800_CN040_F1,0.39314201142957517,37.386804657179816,0.129366106080207,67.16666666666667,False
India,T060_P10_H1000_I0800_CN050_F1,0.3957352273385708,46.183699870633895,0.0,53.96,False
India,T060_P10_H1000_I0800_CN060_F1,0.3929822044037786,63.26002587322122,0.0,38.04333333333334,False
India,T060_P10_H1000_I0800_CN070_F1,0.39634652956726824,68.17593790426908,0.0,35.683333333333344,False
India,T060_P10_H1000_I0800_CN080_F1,0.3814305806643925,71.15135834411385,0.0,33.85000000000001,False
India,T060_P10_H1000_I0800_CN090_F1,0.36581277485183344,54.075032341526516,0.0,29.51666666666667,False
India,T060_P10_H1000_I0800_CN100_F1,0.3173624365820352,32.85899094437257,0.0,23.770000000000003,False
India,T060_P10_H1000_I0986_CN000_F1,0.06643533487441591,0.0,0.0,230.19166666666666,False
India,T060_P10_H1000_I0986_CN010_F1,0.34890824992878827,36.222509702457955,0.0,192.3,False
India,T060_P10_H1000_I0986_CN020_F1,0.3845890468362986,49.54721862871928,0.129366106080207,157.51666666666668,False
India,T060_P10_H1000_I0986_CN030_F1,0.39932786297449324,56.144890038809834,0.129366106080207,73.71333333333334,False
India,T060_P10_H1000_I0986_CN040_F1,0.41508905375661254,58.60284605433377,0.129366106080207,72.21333333333334,False
India,T060_P10_H1000_I0986_CN050_F1,0.40548050839965505,58.86157826649418,0.0,42.03333333333334,False
India,T060_P10_H1000_I0986_CN060_F1,0.4009306190828548,69.46959896507116,0.0,37.38,False
India,T060_P10_H1000_I0986_CN070_F1,0.4071078462787173,67.91720569210867,0.0,32.87666666666713,False
India,T060_P10_H1000_I0986_CN080_F1,0.3833334427790306,71.28072445019404,0.0,25.01666666666668,False
India,T060_P10_H1000_I0986_CN090_F1,0.37233764474167097,64.68305304010349,0.0,28.08333333333334,False
India,T060_P10_H1000_I0986_CN100_F1,0.3173624365820352,49.417852522639066,0.0,26.090000000000003,False
India,T120_P03_H0500_I0600_CN000_F1,0.20571362211125305,9.702457956015524,0.0,88.45833333333333,False
India,T120_P03_H0500_I0600_CN010_F1,0.5394576142577054,77.87839586028461,0.0,221.7,False
India,T120_P03_H0500_I0600_CN020_F1,0.5821082951326026,88.35705045278137,0.0,77.28333333333333,False
India,T120_P03_H0500_I0600_CN030_F1,0.5797538087577098,88.48641655886158,0.0,34.09,False
India,T120_P03_H0500_I0600_CN040_F1,0.5976601671176048,83.05304010349288,0.0,29.01666666666668,False
India,T120_P03_H0500_I0600_CN050_F1,0.6118908750342352,82.27684346701164,0.0,24.91666666666668,False
India,T120_P03_H0500_I0600_CN060_F1,0.6290409066894876,81.24191461836999,0.0,18.753333333333337,True
India,T120_P03_H0500_I0600_CN070_F1,0.6409701128825172,82.14747736093143,0.0,17.500000000000004,False
India,T120_P03_H0500_I0600_CN080_F1,0.6603012939525081,87.96895213454074,0.0,14.603333333333339,True
India,T120_P03_H0500_I0600_CN090_F1,0.6502365796325944,77.23156532988357,0.0,13.213333333333336,False
India,T120_P03_H0500_I0600_CN100_F1,0.5840291032487019,38.809831824062094,0.0,11.923333333333337,False
India,T120_P03_H0500_I0800_CN000_F1,0.20291763249682732,0.0,0.0,356.68333333333334,False
India,T120_P03_H0500_I0800_CN010_F1,0.49970494213257344,34.92884864165588,0.0,341.375,False
India,T120_P03_H0500_I0800_CN020_F1,0.5935693641910029,61.83699870633894,0.0,125.93333333333334,False
India,T120_P03_H0500_I0800_CN030_F1,0.6057519403361948,70.76326002587322,0.0,104.06666666666668,False
India,T120_P03_H0500_I0800_CN040_F1,0.62142900582727,64.68305304010349,0.0,99.56666666666668,False
India,T120_P03_H0500_I0800_CN050_F1,0.6409662653425804,66.88227684346701,0.0,97.90000000000002,False
India,T120_P03_H0500_I0800_CN060_F1,0.6520618622508021,68.04657179818886,0.0,96.23333333333335,False
India,T120_P03_H0500_I0800_CN070_F1,0.6629995241677855,70.76326002587322,0.0,95.40000000000002,False
India,T120_P03_H0500_I0800_CN080_F1,0.6687792866264788,67.01164294954722,0.0,95.90000000000002,False
India,T120_P03_H0500_I0800_CN090_F1,0.646705785525193,66.49417852522639,0.0,93.40000000000002,False
India,T120_P03_H0500_I0800_CN100_F1,0.5840291032487019,32.470892626131956,0.0,93.56666666666668,False
India,T120_P03_H0500_I0986_CN000_F1,0.23167715282269627,0.0,0.0,341.29999999999995,False
India,T120_P03_H0500_I0986_CN010_F1,0.47650374068452456,32.60025873221216,0.0,242.0,False
India,T120_P03_H0500_I0986_CN020_F1,0.5513087238813766,35.058214747736095,0.0,226.34166666666667,False
India,T120_P03_H0500_I0986_CN030_F1,0.5811697998959402,33.3764553686934,0.0,207.59166666666667,False
India,T120_P03_H0500_I0986_CN040_F1,0.5869187319867549,26.39068564036223,0.0,192.1183333333333,False
India,T120_P03_H0500_I0986_CN050_F1,0.5960569969853791,18.36998706338939,0.0,181.10833333333335,False
India,T120_P03_H0500_I0986_CN060_F1,0.6119169148156304,18.88745148771022,0.0,169.44166666666666,False
India,T120_P03_H0500_I0986_CN070_F1,0.6297865297877061,19.016817593790428,0.0,162.69166666666666,False
India,T120_P03_H0500_I0986_CN080_F1,0.6495062156685736,19.27554980595084,0.0,153.44166666666666,False
India,T120_P03_H0500_I0986_CN090_F1,0.6477311293317696,33.50582147477361,0.0,149.94166666666666,False
India,T120_P03_H0500_I0986_CN100_F1,0.5781993379540507,11.384217335058215,0.0,149.31666666666666,False
India,T120_P03_H0800_I0600_CN000_F1,0.20571362211125305,7.373868046571798,0.0,97.775,False
India,T120_P03_H0800_I0600_CN010_F1,0.5531623201084763,82.14747736093143,0.0,144.68333333333334,False
India,T120_P03_H0800_I0600_CN020_F1,0.5734419757258161,85.76972833117723,0.0,43.96,False
India,T120_P03_H0800_I0600_CN030_F1,0.5733328300377702,80.46571798188874,0.0,27.253333333333337,False
India,T120_P03_H0800_I0600_CN040_F1,0.5855479277926354,77.49029754204399,0.0,20.713333333333335,True
India,T120_P03_H0800_I0600_CN050_F1,0.59740280791547,75.03234152652006,0.0,18.01666666666668,True
India,T120_P03_H0800_I0600_CN060_F1,0.6157521535338825,77.49029754204399,0.0,15.000000000000007,True
India,T120_P03_H0800_I0600_CN070_F1,0.627733724959139,77.36093143596378,0.0,12.516666666666678,True
India,T120_P03_H0800_I0600_CN080_F1,0.6444437258658443,81.75937904269081,0.0,12.196666666666667,True
India,T120_P03_H0800_I0600_CN090_F1,0.6453096759675616,76.19663648124192,0.0,10.283333333333331,True
India,T120_P03_H0800_I0600_CN100_F1,0.5840291032487019,46.830530401034935,0.0,9.376666666666669,True
India,T120_P03_H0800_I0800_CN000_F1,0.20607343907502823,0.0,0.0,306.1166666666667,False
India,T120_P03_H0800_I0800_CN010_F1,0.5670068212224079,54.85122897800776,0.0,267.00000000000006,False
India,T120_P03_H0800_I0800_CN020_F1,0.5842974747826957,68.5640362225097,0.0,74.03333333333333,False
India,T120_P03_H0800_I0800_CN030_F1,0.602227059248734,82.14747736093143,0.0,58.900000000000006,False
India,T120_P03_H0800_I0800_CN040_F1,0.6176646853902599,76.32600258732212,0.0,58.900000000000006,False
India,T120_P03_H0800_I0800_CN050_F1,0.6340258687311964,76.32600258732212,0.0,58.900000000000006,False
India,T120_P03_H0800_I0800_CN060_F1,0.6473068368323025,79.81888745148771,0.0,58.900000000000006,False
India,T120_P03_H0800_I0800_CN070_F1,0.6621431147504535,71.28072445019404,0.0,58.900000000000006,False
India,T120_P03_H0800_I0800_CN080_F1,0.6741027253377425,79.81888745148771,0.0,58.900000000000006,False
India,T120_P03_H0800_I0800_CN090_F1,0.6610823698650067,77.49029754204399,0.0,58.900000000000006,False
India,T120_P03_H0800_I0800_CN100_F1,0.5840291032487019,36.481241914618366,0.0,58.900000000000006,False
India,T120_P03_H0800_I0986_CN000_F1,0.23544401644873936,0.0,0.0,276.99,False
India,T120_P03_H0800_I0986_CN010_F1,0.5210730736585499,30.40103492884864,0.0,220.04166666666666,False
India,T120_P03_H0800_I0986_CN020_F1,0.5875719550806461,33.893919793014234,0.0,165.175,False
India,T120_P03_H0800_I0986_CN030_F1,0.6060471400542425,38.55109961190168,0.0,145.40333333333334,False
India,T120_P03_H0800_I0986_CN040_F1,0.6152884442755265,23.15653298835705,0.0,136.02166666666682,False
India,T120_P03_H0800_I0986_CN050_F1,0.6357399654867176,23.673997412677878,0.0,127.30833333333332,False
India,T120_P03_H0800_I0986_CN060_F1,0.6487422203141042,24.191461836998705,0.0,120.14166666666667,False
India,T120_P03_H0800_I0986_CN070_F1,0.6588010860021688,25.22639068564036,0.0,112.64166666666667,False
India,T120_P03_H0800_I0986_CN080_F1,0.6597856971709539,25.35575679172057,0.0,106.30833333333332,False
India,T120_P03_H0800_I0986_CN090_F1,0.6494692914879906,34.67011642949547,0.0,102.05833333333344,False
India,T120_P03_H0800_I0986_CN100_F1,0.580107261141391,15.39456662354463,0.0,99.05833333333344,False
India,T120_P03_H1000_I0600_CN000_F1,0.20845262404705012,5.5627425614489,0.0,105.00166666666668,False
India,T120_P03_H1000_I0600_CN010_F1,0.545657731982474,82.14747736093143,0.0,85.61666666666667,False
India,T120_P03_H1000_I0600_CN020_F1,0.5692321248412555,76.58473479948253,0.0,37.52666666666667,False
India,T120_P03_H1000_I0600_CN030_F1,0.5703041407356105,75.80853816300129,0.0,25.526666666666674,False
India,T120_P03_H1000_I0600_CN040_F1,0.5803161282377695,71.92755498059509,0.0,21.2,False
India,T120_P03_H1000_I0600_CN050_F1,0.5951160887417204,74.1267787839586,0.0,16.71,True
India,T120_P03_H1000_I0600_CN060_F1,0.6067011251207461,73.73868046571799,0.0,13.350000000000005,True
India,T120_P03_H1000_I0600_CN070_F1,0.6253946405531623,75.67917205692109,0.0,11.876666666666669,True
India,T120_P03_H1000_I0600_CN080_F1,0.6375316164333059,77.49029754204399,0.0,11.28,True
India,T120_P03_H1000_I0600_CN090_F1,0.6497201182511202,78.78395860284606,0.0,9.170000000000005,True
India,T120_P03_H1000_I0600_CN100_F1,0.5840291032487019,50.064683053040106,0.0,9.616666666666672,True
India,T120_P03_H1000_I0800_CN000_F1,0.22360963845025145,0.0,0.0,302.2,False
India,T120_P03_H1000_I0800_CN010_F1,0.5721254594092093,54.980595084087966,0.0,127.45000000000002,False
India,T120_P03_H1000_I0800_CN020_F1,0.599268229057768,69.59896507115135,0.0,50.8,False
India,T120_P03_H1000_I0800_CN030_F1,0.6080445851825668,70.2457956015524,0.0,39.76666666666667,False
India,T120_P03_H1000_I0800_CN040_F1,0.6270645313691648,69.98706338939198,0.0,29.28333333333334,False
India,T120_P03_H1000_I0800_CN050_F1,0.6406199909658447,72.83311772315653,0.0,25.700000000000003,False
India,T120_P03_H1000_I0800_CN060_F1,0.6513671962819167,63.518758085381634,0.0,22.200000000000003,False
India,T120_P03_H1000_I0800_CN070_F1,0.6692427242739332,70.5045278137128,0.0,22.933333333333337,False
India,T120_P03_H1000_I0800_CN080_F1,0.6758991657461314,67.65847347994826,0.0,21.183333333333337,False
India,T120_P03_H1000_I0800_CN090_F1,0.6648167245340582,74.1267787839586,0.0,21.183333333333337,False
India,T120_P03_H1000_I0800_CN100_F1,0.5840291032487019,24.191461836998705,0.0,21.183333333333337,False
India,T120_P03_H1000_I0986_CN000_F1,0.257680332821202,0.0,0.0,274.09166666666664,False
India,T120_P03_H1000_I0986_CN010_F1,0.5656728110268346,33.50582147477361,0.0,202.55,False
India,T120_P03_H1000_I0986_CN020_F1,0.5955250175114873,33.3764553686934,0.0,142.46666666666667,False
India,T120_P03_H1000_I0986_CN030_F1,0.6148017161338373,36.61060802069858,0.0,118.11666666666719,False
India,T120_P03_H1000_I0986_CN040_F1,0.6303770076704283,22.509702457956017,0.0,114.8033333333339,False
India,T120_P03_H1000_I0986_CN050_F1,0.6416541916496504,24.320827943078914,0.0,92.61666666666667,False
India,T120_P03_H1000_I0986_CN060_F1,0.6473596280381488,23.544631306597672,0.0,89.11666666666667,False
India,T120_P03_H1000_I0986_CN070_F1,0.6505296103998184,26.13195342820181,0.0,78.36666666666667,False
India,T120_P03_H1000_I0986_CN080_F1,0.6546451107988664,27.166882276843467,0.0,76.45,False
India,T120_P03_H1000_I0986_CN090_F1,0.6397493410957817,30.659767141009052,0.0,71.45,False
India,T120_P03_H1000_I0986_CN100_F1,0.5840291032487019,16.041397153945667,0.0,68.03333333333333,False
India,T120_P05_H0500_I0600_CN000_F1,0.2498653364536815,5.433376455368694,5.045278137128072,281.19166666666666,False
India,T120_P05_H0500_I0600_CN010_F1,0.5580457407238745,62.35446313065977,7.115135834411385,180.53333333333336,False
India,T120_P05_H0500_I0600_CN020_F1,0.5712903914107804,63.26002587322122,5.821474773609314,99.95000000000002,False
India,T120_P05_H0500_I0600_CN030_F1,0.583921028539874,65.84734799482536,2.069857697283312,62.666666666666686,False
India,T120_P05_H0500_I0600_CN040_F1,0.5916644492490427,68.04657179818886,2.716688227684347,44.88333333333333,False
India,T120_P05_H0500_I0600_CN050_F1,0.5980679340900158,66.7529107373868,1.29366106080207,31.10333333333334,False
India,T120_P05_H0500_I0600_CN060_F1,0.614108173723092,65.71798188874514,0.646830530401035,24.253333333333337,False
India,T120_P05_H0500_I0600_CN070_F1,0.626002753743716,66.49417852522639,1.1642949547218628,20.000000000000004,False
India,T120_P05_H0500_I0600_CN080_F1,0.6398128612134157,69.85769728331177,1.29366106080207,19.850000000000005,False
India,T120_P05_H0500_I0600_CN090_F1,0.6406695158116031,70.76326002587322,0.0,17.28,False
India,T120_P05_H0500_I0600_CN100_F1,0.5840291032487019,54.20439844760673,0.0,16.170000000000005,False
India,T120_P05_H0500_I0800_CN000_F1,0.23790134860084644,0.0,0.0,306.57500000000005,False
India,T120_P05_H0500_I0800_CN010_F1,0.4965496121387186,41.00905562742562,0.0,191.175,False
India,T120_P05_H0500_I0800_CN020_F1,0.5692359459511458,41.91461836998706,0.0,187.62,False
India,T120_P05_H0500_I0800_CN030_F1,0.599179791592196,41.91461836998706,0.0,162.45000000000002,False
India,T120_P05_H0500_I0800_CN040_F1,0.6131098253971391,42.43208279430789,0.0,143.18333333333368,False
India,T120_P05_H0500_I0800_CN050_F1,0.6323924370394297,52.13454075032341,0.0,122.41666666666667,False
India,T120_P05_H0500_I0800_CN060_F1,0.6512713353473732,60.67270375161707,0.0,117.41666666666667,False
India,T120_P05_H0500_I0800_CN070_F1,0.6671937532079382,69.21086675291073,0.0,44.53333333333334,False
India,T120_P05_H0500_I0800_CN080_F1,0.6809713390679646,86.02846054333764,0.0,43.95000000000001,False
India,T120_P05_H0500_I0800_CN090_F1,0.6652339424973994,80.59508408796894,0.0,34.95000000000001,False
India,T120_P05_H0500_I0800_CN100_F1,0.5840291032487019,47.089262613195345,0.0,28.880000000000003,False
India,T120_P05_H0500_I0986_CN000_F1,0.22655641007316268,0.0,0.0,313.80833333333334,False
India,T120_P05_H0500_I0986_CN010_F1,0.5351392497568453,28.072445019404917,0.0,293.35833333333335,False
India,T120_P05_H0500_I0986_CN020_F1,0.599394494386571,45.019404915912034,0.0,119.50000000000001,False
India,T120_P05_H0500_I0986_CN030_F1,0.6021172677115771,43.72574385510996,0.0,80.53333333333333,False
India,T120_P05_H0500_I0986_CN040_F1,0.6099413534845004,33.3764553686934,0.0,68.11666666666667,False
India,T120_P05_H0500_I0986_CN050_F1,0.6247979009988245,40.7503234152652,0.0,58.05,False
India,T120_P05_H0500_I0986_CN060_F1,0.6365543896507644,45.019404915912034,0.0,52.82666666666667,False
India,T120_P05_H0500_I0986_CN070_F1,0.6554826966809648,50.19404915912031,0.0,43.866666666666674,False
India,T120_P05_H0500_I0986_CN080_F1,0.6684224514780375,56.27425614489003,0.0,41.70000000000001,False
India,T120_P05_H0500_I0986_CN090_F1,0.6673251439975352,73.86804657179819,0.0,37.00666666666667,False
India,T120_P05_H0500_I0986_CN100_F1,0.5840291032487019,34.152652005174645,0.0,32.95000000000001,False
India,T120_P05_H0800_I0600_CN000_F1,0.2516060291462538,5.692108667529108,7.373868046571798,191.06666666666666,False
India,T120_P05_H0800_I0600_CN010_F1,0.5712618590510795,61.319534282018104,8.796895213454075,122.11666666666667,False
India,T120_P05_H0800_I0600_CN020_F1,0.5869072548797194,60.67270375161707,7.503234152652006,81.28333333333333,False
India,T120_P05_H0800_I0600_CN030_F1,0.5877106922984412,69.21086675291073,4.3984476067270375,34.16666666666667,False
India,T120_P05_H0800_I0600_CN040_F1,0.5910196053233516,68.82276843467011,2.3285899094437257,27.380000000000003,False
India,T120_P05_H0800_I0600_CN050_F1,0.5986283171474254,69.34023285899094,1.9404915912031047,27.326666666666686,False
India,T120_P05_H0800_I0600_CN060_F1,0.6075541647071705,70.89262613195343,1.034928848641656,20.44666666666667,True
India,T120_P05_H0800_I0600_CN070_F1,0.6160070465877577,69.59896507115135,0.38809831824062097,19.44666666666667,False
India,T120_P05_H0800_I0600_CN080_F1,0.6288543229338763,71.41009055627426,0.129366106080207,15.590000000000003,True
India,T120_P05_H0800_I0600_CN090_F1,0.643029721760991,70.76326002587322,0.0,14.58333333333334,False
India,T120_P05_H0800_I0600_CN100_F1,0.5840291032487019,65.97671410090557,0.0,14.756666666666671,True
India,T120_P05_H0800_I0800_CN000_F1,0.23958588025666472,0.0,0.0,255.70166666666665,False
India,T120_P05_H0800_I0800_CN010_F1,0.549256551124556,40.879689521345405,0.0,186.75,False
India,T120_P05_H0800_I0800_CN020_F1,0.5862197671989503,35.44631306597672,0.0,116.50000000000001,False
India,T120_P05_H0800_I0800_CN030_F1,0.5975826773146294,52.52263906856404,0.0,37.09,False
India,T120_P05_H0800_I0800_CN040_F1,0.6097542793671784,50.064683053040106,0.0,29.78,False
India,T120_P05_H0800_I0800_CN050_F1,0.6322256325182807,55.75679172056921,0.0,30.33333333333334,False
India,T120_P05_H0800_I0800_CN060_F1,0.6548101596901291,59.76714100905562,0.0,21.543333333333337,False
India,T120_P05_H0800_I0800_CN070_F1,0.6747794197186324,69.21086675291073,0.0,18.500000000000004,False
India,T120_P05_H0800_I0800_CN080_F1,0.6801140777033944,82.14747736093143,0.0,21.840000000000003,False
India,T120_P05_H0800_I0800_CN090_F1,0.6586241984183432,74.90297542043984,0.0,15.55,False
India,T120_P05_H0800_I0800_CN100_F1,0.5840291032487019,44.113842173350584,0.0,14.923333333333337,False
India,T120_P05_H0800_I0986_CN000_F1,0.23876705352170843,0.0,0.0,328.27500000000003,False
India,T120_P05_H0800_I0986_CN010_F1,0.5794602865040923,39.974126778783955,0.0,204.51666666666668,False
India,T120_P05_H0800_I0986_CN020_F1,0.5899169525065634,52.39327296248383,0.0,73.28333333333333,False
India,T120_P05_H0800_I0986_CN030_F1,0.6074191715584922,55.368693402328596,0.258732212160414,48.20000000000001,False
India,T120_P05_H0800_I0986_CN040_F1,0.6250565254691349,51.35834411384217,0.0,36.53333333333334,False
India,T120_P05_H0800_I0986_CN050_F1,0.6379891019780914,53.42820181112549,0.0,34.95000000000001,False
India,T120_P05_H0800_I0986_CN060_F1,0.6556365906868208,57.4385510996119,0.0,28.700000000000003,False
India,T120_P05_H0800_I0986_CN070_F1,0.6707182209744615,59.637774902975416,0.0,26.183333333333337,False
India,T120_P05_H0800_I0986_CN080_F1,0.6735148943960436,60.025873221216045,0.0,24.463333333333335,False
India,T120_P05_H0800_I0986_CN090_F1,0.6588826420958898,60.80206985769728,0.0,22.130000000000003,False
India,T120_P05_H0800_I0986_CN100_F1,0.5840291032487019,33.247089262613194,0.0,21.213333333333335,False
India,T120_P05_H1000_I0600_CN000_F1,0.25210095566337937,5.950840879689522,9.573091849935317,99.71000000000001,True
India,T120_P05_H1000_I0600_CN010_F1,0.5773099548045505,59.89650711513583,11.1254851228978,108.95000000000002,False
India,T120_P05_H1000_I0600_CN020_F1,0.5884959256009942,63.90685640362225,10.090556274256144,69.7,False
India,T120_P05_H1000_I0600_CN030_F1,0.5917685212117043,66.7529107373868,4.786545924967658,39.483333333333356,False
India,T120_P05_H1000_I0600_CN040_F1,0.5974427012587049,69.34023285899094,5.692108667529108,26.256666666666668,True
India,T120_P05_H1000_I0600_CN050_F1,0.5980577992919293,68.69340232858991,1.034928848641656,26.66666666666667,False
India,T120_P05_H1000_I0600_CN060_F1,0.6021568258993311,70.76326002587322,1.29366106080207,18.08333333333334,True
India,T120_P05_H1000_I0600_CN070_F1,0.6151459894186607,69.59896507115135,1.29366106080207,17.16666666666667,True
India,T120_P05_H1000_I0600_CN080_F1,0.6281761181039556,71.15135834411385,0.7761966364812419,14.483333333333345,True
India,T120_P05_H1000_I0600_CN090_F1,0.6392886147774424,70.11642949547219,0.646830530401035,13.506666666666671,True
India,T120_P05_H1000_I0600_CN100_F1,0.5840291032487019,68.82276843467011,0.0,12.960000000000004,True
India,T120_P05_H1000_I0800_CN000_F1,0.2553847441175416,0.0,0.0,235.33333333333334,False
India,T120_P05_H1000_I0800_CN010_F1,0.5663404550850499,38.16300129366106,0.0,179.66666666666669,False
India,T120_P05_H1000_I0800_CN020_F1,0.5938375293456988,39.19793014230272,0.0,79.75,False
India,T120_P05_H1000_I0800_CN030_F1,0.6074221280684625,46.95989650711513,0.0,37.85000000000001,False
India,T120_P05_H1000_I0800_CN040_F1,0.618501677158657,47.60672703751617,0.0,29.96,False
India,T120_P05_H1000_I0800_CN050_F1,0.6445553503548315,57.17981888745148,0.0,23.043333333333337,False
India,T120_P05_H1000_I0800_CN060_F1,0.663997588230155,62.8719275549806,0.0,20.43666666666667,False
India,T120_P05_H1000_I0800_CN070_F1,0.6749884546739221,62.613195342820184,0.0,17.54666666666667,False
India,T120_P05_H1000_I0800_CN080_F1,0.6713388060540074,67.52910737386804,0.0,16.69666666666667,False
India,T120_P05_H1000_I0800_CN090_F1,0.660179082261769,67.27037516170763,0.0,14.376666666666669,False
India,T120_P05_H1000_I0800_CN100_F1,0.5840291032487019,33.247089262613194,0.0,13.88,False
India,T120_P05_H1000_I0986_CN000_F1,0.24696124654389365,0.0,0.0,319.7833333333333,False
India,T120_P05_H1000_I0986_CN010_F1,0.5784873205824247,41.65588615782665,0.129366106080207,136.36666666666667,False
India,T120_P05_H1000_I0986_CN020_F1,0.602505114020661,55.75679172056921,0.0,58.05,False
India,T120_P05_H1000_I0986_CN030_F1,0.6175272007879584,66.6235446313066,0.0,35.683333333333344,False
India,T120_P05_H1000_I0986_CN040_F1,0.631320834466012,53.94566623544631,0.129366106080207,26.850000000000012,False
India,T120_P05_H1000_I0986_CN050_F1,0.657731768784247,61.319534282018104,0.0,23.043333333333337,False
India,T120_P05_H1000_I0986_CN060_F1,0.6637480140825192,57.050452781371284,0.0,20.01666666666667,False
India,T120_P05_H1000_I0986_CN070_F1,0.6826573167847222,60.284605433376456,0.0,16.850000000000005,False
India,T120_P05_H1000_I0986_CN080_F1,0.6734173422197054,61.319534282018104,0.0,16.713333333333335,False
India,T120_P05_H1000_I0986_CN090_F1,0.6667128216815174,64.16558861578267,0.0,14.543333333333337,False
India,T120_P05_H1000_I0986_CN100_F1,0.5840291032487019,36.481241914618366,0.0,12.836666666666678,False
India,T120_P10_H0500_I0600_CN000_F1,0.2676730581618264,27.42561448900388,0.0,185.91666666666666,False
India,T120_P10_H0500_I0600_CN010_F1,0.5663657857539254,75.9379042690815,0.0,158.0666666666667,False
India,T120_P10_H0500_I0600_CN020_F1,0.605705668916672,89.0038809831824,0.129366106080207,102.33333333333334,False
India,T120_P10_H0500_I0600_CN030_F1,0.6076395939273622,90.42690815006468,0.129366106080207,65.28333333333333,False
India,T120_P10_H0500_I0600_CN040_F1,0.6201296091514205,95.34282018111256,0.38809831824062097,38.76666666666667,True
India,T120_P10_H0500_I0600_CN050_F1,0.6269748159827355,96.89521345407503,0.0,29.01666666666667,False
India,T120_P10_H0500_I0600_CN060_F1,0.6340983101141511,96.11901681759379,0.0,26.53,False
India,T120_P10_H0500_I0600_CN070_F1,0.6391263809672851,94.4372574385511,0.0,22.53,False
India,T120_P10_H0500_I0600_CN080_F1,0.6682759039003797,96.63648124191462,0.0,19.636666666666688,False
India,T120_P10_H0500_I0600_CN090_F1,0.6686971755017849,95.73091849935317,0.0,19.76666666666667,False
India,T120_P10_H0500_I0600_CN100_F1,0.5840291032487019,90.55627425614489,0.0,17.04666666666667,False
India,T120_P10_H0500_I0800_CN000_F1,0.2372552394069798,0.0,0.0,278.18333333333334,False
India,T120_P10_H0500_I0800_CN010_F1,0.5310835507116779,50.19404915912031,0.0,187.51666666666668,False
India,T120_P10_H0500_I0800_CN020_F1,0.5956090524061497,42.5614489003881,0.0,131.58333333333334,False
India,T120_P10_H0500_I0800_CN030_F1,0.6127962407701587,50.840879689521344,0.0,82.36666666666667,False
India,T120_P10_H0500_I0800_CN040_F1,0.6231034153376835,54.20439844760673,0.0,60.66666666666667,False
India,T120_P10_H0500_I0800_CN050_F1,0.640109016630692,69.59896507115135,0.0,41.683333333333344,False
India,T120_P10_H0500_I0800_CN060_F1,0.6581500838756819,76.71410090556274,0.0,28.51666666666668,False
India,T120_P10_H0500_I0800_CN070_F1,0.6725332397372289,71.28072445019404,0.0,35.35000000000001,False
India,T120_P10_H0500_I0800_CN080_F1,0.6772931580883488,88.61578266494179,0.0,22.250000000000004,False
India,T120_P10_H0500_I0800_CN090_F1,0.6594996121636725,82.53557567917206,0.0,21.183333333333337,False
India,T120_P10_H0500_I0800_CN100_F1,0.5840291032487019,59.637774902975416,0.0,19.043333333333337,False
India,T120_P10_H0500_I0986_CN000_F1,0.23572611220604842,0.0,0.0,293.3666666666667,False
India,T120_P10_H0500_I0986_CN010_F1,0.5519761227587365,38.292367399741266,0.0,200.60333333333335,False
India,T120_P10_H0500_I0986_CN020_F1,0.589514504440392,43.07891332470893,0.0,121.45000000000017,False
India,T120_P10_H0500_I0986_CN030_F1,0.60404884297868,51.09961190168176,0.0,87.1,False
India,T120_P10_H0500_I0986_CN040_F1,0.6212229400346323,53.04010349288486,0.0,67.11666666666667,False
India,T120_P10_H0500_I0986_CN050_F1,0.6324578935797137,55.10996119016818,0.0,52.03333333333334,False
India,T120_P10_H0500_I0986_CN060_F1,0.6464753447629086,59.76714100905562,0.0,42.683333333333344,False
India,T120_P10_H0500_I0986_CN070_F1,0.665782447779518,58.86157826649418,0.0,40.183333333333344,False
India,T120_P10_H0500_I0986_CN080_F1,0.6665343719132509,75.9379042690815,0.0,26.01666666666668,False
India,T120_P10_H0500_I0986_CN090_F1,0.6290817681034624,64.55368693402329,0.0,22.026666666666674,False
India,T120_P10_H0500_I0986_CN100_F1,0.5840291032487019,41.91461836998706,0.0,21.683333333333344,False
India,T120_P10_H0800_I0600_CN000_F1,0.26650667912927706,16.946959896507117,0.0,192.00833333333333,False
India,T120_P10_H0800_I0600_CN010_F1,0.587846614716302,86.02846054333764,0.0,131.51000000000107,False
India,T120_P10_H0800_I0600_CN020_F1,0.6019096661645451,80.85381630012937,0.0,73.28333333333333,False
India,T120_P10_H0800_I0600_CN030_F1,0.6090935557635423,93.27296248382923,0.0,50.63333333333333,False
India,T120_P10_H0800_I0600_CN040_F1,0.6226203022077573,92.6261319534282,0.129366106080207,26.750000000000004,False
India,T120_P10_H0800_I0600_CN050_F1,0.6227780564062317,98.57697283311772,0.0,25.923333333333336,True
India,T120_P10_H0800_I0600_CN060_F1,0.6341840362506082,95.21345407503235,0.0,23.366666666666667,False
India,T120_P10_H0800_I0600_CN070_F1,0.6398379467014357,97.80077619663649,0.0,19.253333333333337,True
India,T120_P10_H0800_I0600_CN080_F1,0.6666040375789991,98.70633893919793,0.0,15.336666666666671,True
India,T120_P10_H0800_I0600_CN090_F1,0.6675776746551412,98.57697283311772,0.0,14.543333333333337,True
India,T120_P10_H0800_I0600_CN100_F1,0.5840291032487019,91.07373868046572,0.0,13.88,True
India,T120_P10_H0800_I0800_CN000_F1,0.24273999559307097,0.0,0.0,210.77333333333334,False
India,T120_P10_H0800_I0800_CN010_F1,0.5696571531644593,49.159120310478656,0.0,154.16666666666669,False
India,T120_P10_H0800_I0800_CN020_F1,0.5931158288134616,40.36222509702458,0.0,93.84,False
India,T120_P10_H0800_I0800_CN030_F1,0.6103524258997275,49.935316946959894,0.0,42.37666666666667,False
India,T120_P10_H0800_I0800_CN040_F1,0.6282119060737168,56.27425614489003,0.0,31.046666666666667,False
India,T120_P10_H0800_I0800_CN050_F1,0.6414320653863039,61.190168175937906,0.0,33.10000000000001,False
India,T120_P10_H0800_I0800_CN060_F1,0.6518625487726615,60.543337645536866,0.0,27.01666666666668,False
India,T120_P10_H0800_I0800_CN070_F1,0.6796602971449976,65.58861578266495,0.0,21.45,False
India,T120_P10_H0800_I0800_CN080_F1,0.6645204529932804,83.57050452781371,0.0,17.183333333333337,False
India,T120_P10_H0800_I0800_CN090_F1,0.6498113440865805,63.90685640362225,0.0,16.380000000000003,False
India,T120_P10_H0800_I0800_CN100_F1,0.5840291032487019,48.253557567917206,0.0,15.966666666666669,False
India,T120_P10_H0800_I0986_CN000_F1,0.24745786430281394,0.0,0.0,226.25833333333335,False
India,T120_P10_H0800_I0986_CN010_F1,0.5787457642599714,40.620957309184995,0.0,134.75000000000003,False
India,T120_P10_H0800_I0986_CN020_F1,0.5980355541903781,40.36222509702458,0.0,80.21000000000001,False
India,T120_P10_H0800_I0986_CN030_F1,0.6116231094231123,47.994825355756795,0.0,48.116666666666674,False
India,T120_P10_H0800_I0986_CN040_F1,0.6240096594508916,41.65588615782665,0.0,33.46333333333334,False
India,T120_P10_H0800_I0986_CN050_F1,0.6361145396949809,46.57179818887451,0.0,31.183333333333337,False
India,T120_P10_H0800_I0986_CN060_F1,0.6435944556539005,47.60672703751617,0.0,27.66666666666667,False
India,T120_P10_H0800_I0986_CN070_F1,0.6592090211146618,63.26002587322122,0.0,25.26333333333343,False
India,T120_P10_H0800_I0986_CN080_F1,0.664142496301428,72.70375161707634,0.0,16.51666666666668,False
India,T120_P10_H0800_I0986_CN090_F1,0.6413092986645917,63.38939197930142,0.0,16.020000000000007,False
India,T120_P10_H0800_I0986_CN100_F1,0.5840291032487019,44.63130659767141,0.0,15.683333333333339,False
India,T120_P10_H1000_I0600_CN000_F1,0.2632507898383867,15.39456662354463,0.0,204.56666666666663,False
India,T120_P10_H1000_I0600_CN010_F1,0.5884099542836818,77.10219922380335,0.0,98.35333333333334,False
India,T120_P10_H1000_I0600_CN020_F1,0.6068488218430781,85.76972833117723,0.129366106080207,59.42333333333333,False
India,T120_P10_H1000_I0600_CN030_F1,0.6115698922436468,92.36739974126779,0.129366106080207,36.90333333333335,False
India,T120_P10_H1000_I0600_CN040_F1,0.6208458226373361,94.4372574385511,0.129366106080207,29.350000000000012,True
India,T120_P10_H1000_I0600_CN050_F1,0.630736192562457,96.11901681759379,0.0,22.423333333333336,True
India,T120_P10_H1000_I0600_CN060_F1,0.6392046962874522,96.248382923674,0.0,17.33333333333334,True
India,T120_P10_H1000_I0600_CN070_F1,0.6531537344203928,96.89521345407503,0.0,19.85333333333334,True
India,T120_P10_H1000_I0600_CN080_F1,0.6683878126529503,98.1888745148771,0.0,13.83333333333334,True
India,T120_P10_H1000_I0600_CN090_F1,0.659475534110291,98.70633893919793,0.0,15.323333333333343,True
India,T120_P10_H1000_I0600_CN100_F1,0.5840291032487019,87.83958602846054,0.0,12.88,True
India,T120_P10_H1000_I0800_CN000_F1,0.2603699260347421,0.0,0.0,209.5,False
India,T120_P10_H1000_I0800_CN010_F1,0.5769873325075772,45.278137128072444,0.0,177.15000000000003,False
India,T120_P10_H1000_I0800_CN020_F1,0.6020084962617407,47.089262613195345,0.0,61.95000000000001,False
India,T120_P10_H1000_I0800_CN030_F1,0.618076183779106,50.45278137128072,0.0,44.35000000000001,False
India,T120_P10_H1000_I0800_CN040_F1,0.6307807210047753,60.543337645536866,0.0,32.01666666666667,False
India,T120_P10_H1000_I0800_CN050_F1,0.6465810953146832,61.96636481241915,0.0,25.78333333333334,False
India,T120_P10_H1000_I0800_CN060_F1,0.6547303465736127,53.557567917205695,0.0,21.200000000000003,False
India,T120_P10_H1000_I0800_CN070_F1,0.6709981995163569,64.03622250970245,0.0,20.61666666666667,False
India,T120_P10_H1000_I0800_CN080_F1,0.6636986697483539,74.38551099611902,0.0,17.683333333333344,False
India,T120_P10_H1000_I0800_CN090_F1,0.6489671740300671,63.90685640362225,0.0,17.100000000000005,False
India,T120_P10_H1000_I0800_CN100_F1,0.5840291032487019,35.83441138421733,0.0,16.383333333333333,False
India,T120_P10_H1000_I0986_CN000_F1,0.2746063017904578,0.0,0.0,225.36666666666667,False
India,T120_P10_H1000_I0986_CN010_F1,0.5905645077613695,52.91073738680466,0.0,163.10000000000002,False
India,T120_P10_H1000_I0986_CN020_F1,0.6175387816469843,45.66623544631307,0.0,75.93666666666668,False
India,T120_P10_H1000_I0986_CN030_F1,0.6301635057561372,49.28848641655886,0.0,42.51666666666667,False
India,T120_P10_H1000_I0986_CN040_F1,0.6392624968305911,56.53298835705045,0.0,31.683333333333344,False
India,T120_P10_H1000_I0986_CN050_F1,0.6488479708658788,60.15523932729625,0.0,24.33333333333334,False
India,T120_P10_H1000_I0986_CN060_F1,0.6577218791670157,67.27037516170763,0.0,17.683333333333337,False
India,T120_P10_H1000_I0986_CN070_F1,0.674034919053871,69.34023285899094,0.0,17.11666666666667,False
India,T120_P10_H1000_I0986_CN080_F1,0.6598676148502024,66.49417852522639,0.0,16.256666666666668,False
India,T120_P10_H1000_I0986_CN090_F1,0.6472509727118136,64.55368693402329,0.0,14.03,False
India,T120_P10_H1000_I0986_CN100_F1,0.5840291032487019,44.76067270375162,0.0,15.350000000000005,False
India,T180_P03_H0500_I0600_CN000_F1,0.40571362211125306,7.761966364812419,0.0,92.82500000000002,False
India,T180_P03_H0500_I0600_CN010_F1,0.7639353724634247,82.53557567917206,0.0,130.35,False
India,T180_P03_H0500_I0600_CN020_F1,0.7816372405707314,89.52134540750323,0.0,38.85000000000001,False
India,T180_P03_H0500_I0600_CN030_F1,0.8013555707870413,81.37128072445019,0.0,22.586666666666673,False
India,T180_P03_H0500_I0600_CN040_F1,0.8296925029296758,77.87839586028461,0.0,19.500000000000004,False
India,T180_P03_H0500_I0600_CN050_F1,0.85209620458138,77.23156532988357,0.0,16.51666666666668,False
India,T180_P03_H0500_I0600_CN060_F1,0.8710303342351393,76.45536869340232,0.0,13.210000000000004,False
India,T180_P03_H0500_I0600_CN070_F1,0.8934948446753624,79.81888745148771,0.0,11.696666666666667,False
India,T180_P03_H0500_I0600_CN080_F1,0.9127689223649794,85.51099611901681,0.0,10.500000000000007,False
India,T180_P03_H0500_I0600_CN090_F1,0.9267440527176517,87.45148771021992,0.0,10.350000000000012,False
India,T180_P03_H0500_I0600_CN100_F1,0.8506957699153685,35.57567917205692,0.0,9.6,False
India,T180_P03_H0500_I0800_CN000_F1,0.40381078530197856,0.0,0.0,356.745,False
India,T180_P03_H0500_I0800_CN010_F1,0.7679733451014521,46.95989650711513,0.0,326.0833333333333,False
India,T180_P03_H0500_I0800_CN020_F1,0.8062510886314664,71.66882276843467,0.0,104.90000000000002,False
India,T180_P03_H0500_I0800_CN030_F1,0.8284153509336214,65.20051746442432,0.0,98.56666666666668,False
India,T180_P03_H0500_I0800_CN040_F1,0.8538654809473072,71.28072445019404,0.0,95.56666666666668,False
India,T180_P03_H0500_I0800_CN050_F1,0.8787987236058996,72.83311772315653,0.0,94.56666666666668,False
India,T180_P03_H0500_I0800_CN060_F1,0.8965014436604445,77.36093143596378,0.0,92.56666666666668,False
India,T180_P03_H0500_I0800_CN070_F1,0.9117138966322715,75.80853816300129,0.0,93.23333333333335,False
India,T180_P03_H0500_I0800_CN080_F1,0.922447920243905,72.96248382923673,0.0,92.56666666666668,False
India,T180_P03_H0500_I0800_CN090_F1,0.9246659551782546,71.66882276843467,0.0,91.56666666666668,False
India,T180_P03_H0500_I0800_CN100_F1,0.8506957699153685,31.565329883570502,0.0,91.40000000000002,False
India,T180_P03_H0500_I0986_CN000_F1,0.43185578338372654,0.0,0.0,339.8566666666667,False
India,T180_P03_H0500_I0986_CN010_F1,0.7088188567639877,31.4359637774903,0.0,230.74166666666667,False
India,T180_P03_H0500_I0986_CN020_F1,0.7836993409028284,31.177231565329883,0.0,206.34333333333333,False
India,T180_P03_H0500_I0986_CN030_F1,0.788710860220616,17.852522639068564,0.0,189.69166666666666,False
India,T180_P03_H0500_I0986_CN040_F1,0.8087209950187025,18.36998706338939,0.0,171.09333333333333,False
India,T180_P03_H0500_I0986_CN050_F1,0.832412267306375,17.46442432082794,0.0,157.60833333333335,False
India,T180_P03_H0500_I0986_CN060_F1,0.8565900225548815,17.72315653298836,0.0,150.19166666666666,False
India,T180_P03_H0500_I0986_CN070_F1,0.8820135439788345,17.852522639068564,0.0,149.31666666666666,False
India,T180_P03_H0500_I0986_CN080_F1,0.907108943406811,18.628719275549805,0.0,150.2566666666667,False
India,T180_P03_H0500_I0986_CN090_F1,0.9248374201038504,18.758085381630014,0.0,147.34166666666667,False
India,T180_P03_H0500_I0986_CN100_F1,0.8448660046207174,9.831824062095732,0.0,143.675,False
India,T180_P03_H0800_I0600_CN000_F1,0.40571362211125306,5.5627425614489,0.0,100.05833333333334,False
India,T180_P03_H0800_I0600_CN010_F1,0.7740176577030782,84.47606727037517,0.0,70.61666666666667,False
India,T180_P03_H0800_I0600_CN020_F1,0.7740038565795748,77.49029754204399,0.0,27.183333333333337,False
India,T180_P03_H0800_I0600_CN030_F1,0.7915089417450921,74.1267787839586,0.0,19.756666666666668,False
India,T180_P03_H0800_I0600_CN040_F1,0.8116364723420706,73.99741267787839,0.0,15.546666666666669,False
India,T180_P03_H0800_I0600_CN050_F1,0.8351710749066807,74.51487710219922,0.0,11.710000000000004,False
India,T180_P03_H0800_I0600_CN060_F1,0.8563809496415464,74.1267787839586,0.0,10.710000000000004,False
India,T180_P03_H0800_I0600_CN070_F1,0.8772871937547545,76.32600258732212,0.0,9.923333333333337,False
India,T180_P03_H0800_I0600_CN080_F1,0.8977521418512396,79.17205692108668,0.0,9.6,True
India,T180_P03_H0800_I0600_CN090_F1,0.9227394409838541,83.95860284605433,0.0,10.03333333333334,False
India,T180_P03_H0800_I0600_CN100_F1,0.8506957699153685,43.855109961190166,0.0,9.383333333333333,False
India,T180_P03_H0800_I0800_CN000_F1,0.40589480851399806,0.0,0.0,312.80833333333356,False
India,T180_P03_H0800_I0800_CN010_F1,0.7861873359856588,64.94178525226391,0.0,99.26333333333342,False
India,T180_P03_H0800_I0800_CN020_F1,0.8033942775758399,81.24191461836999,0.0,58.900000000000006,False
India,T180_P03_H0800_I0800_CN030_F1,0.8302569782861213,78.26649417852522,0.0,59.900000000000006,False
India,T180_P03_H0800_I0800_CN040_F1,0.8555170776725148,77.87839586028461,0.0,58.900000000000006,False
India,T180_P03_H0800_I0800_CN050_F1,0.8770360700753597,75.67917205692109,0.0,57.900000000000006,False
India,T180_P03_H0800_I0800_CN060_F1,0.8916197269395228,75.80853816300129,0.0,58.900000000000006,False
India,T180_P03_H0800_I0800_CN070_F1,0.9066518581085249,77.7490297542044,0.0,57.900000000000006,False
India,T180_P03_H0800_I0800_CN080_F1,0.9271108931850696,73.09184993531694,0.0,57.900000000000006,False
India,T180_P03_H0800_I0800_CN090_F1,0.9419094980244631,78.91332470892625,0.0,57.900000000000006,False
India,T180_P03_H0800_I0800_CN100_F1,0.8506957699153685,32.082794307891334,0.0,57.900000000000006,False
India,T180_P03_H0800_I0986_CN000_F1,0.43473245071458866,0.0,0.0,305.1333333333333,False
India,T180_P03_H0800_I0986_CN010_F1,0.767410882786674,29.88357050452781,0.0,194.48333333333332,False
India,T180_P03_H0800_I0986_CN020_F1,0.8111438047503947,41.26778783958603,0.0,142.64166666666668,False
India,T180_P03_H0800_I0986_CN030_F1,0.827134545264832,22.639068564036222,0.0,129.475,False
India,T180_P03_H0800_I0986_CN040_F1,0.8549613423668702,22.121604139715394,0.0,114.97500000000001,False
India,T180_P03_H0800_I0986_CN050_F1,0.877729057455132,22.509702457956017,0.0,107.97500000000001,False
India,T180_P03_H0800_I0986_CN060_F1,0.8925145709864687,22.639068564036222,0.0,102.89166666666678,False
India,T180_P03_H0800_I0986_CN070_F1,0.9042346518278265,23.93272962483829,0.0,98.97500000000001,False
India,T180_P03_H0800_I0986_CN080_F1,0.9118322991628754,25.35575679172057,0.0,94.14166666666667,False
India,T180_P03_H0800_I0986_CN090_F1,0.9253357291045654,27.684346701164298,0.0,91.52500000000008,False
India,T180_P03_H0800_I0986_CN100_F1,0.847621893669098,13.195342820181114,0.0,88.05833333333345,False
India,T180_P03_H1000_I0600_CN000_F1,0.4083930805267067,4.657179818887451,0.0,107.25000000000001,False
India,T180_P03_H1000_I0600_CN010_F1,0.774639275522626,80.20698576972833,0.0,52.20000000000001,False
India,T180_P03_H1000_I0600_CN020_F1,0.7719684027952559,72.70375161707634,0.0,26.526666666666674,False
India,T180_P03_H1000_I0600_CN030_F1,0.7869405644702954,70.89262613195343,0.0,17.66666666666667,False
India,T180_P03_H1000_I0600_CN040_F1,0.8070376906730146,71.92755498059509,0.0,14.00333333333334,False
India,T180_P03_H1000_I0600_CN050_F1,0.8266702947528675,71.41009055627426,0.0,10.713333333333336,False
India,T180_P03_H1000_I0600_CN060_F1,0.8486352309242002,72.44501940491591,0.0,10.436666666666671,False
India,T180_P03_H1000_I0600_CN070_F1,0.8691073573088017,71.92755498059509,0.0,10.38,False
India,T180_P03_H1000_I0600_CN080_F1,0.8897408011682306,73.99741267787839,0.0,10.043333333333337,False
India,T180_P03_H1000_I0600_CN090_F1,0.9213336226017556,86.54592496765846,0.0,10.78,False
India,T180_P03_H1000_I0600_CN100_F1,0.8506957699153685,47.994825355756795,0.0,10.436666666666671,False
India,T180_P03_H1000_I0800_CN000_F1,0.42360963845025146,0.0,0.0,301.96666666666664,False
India,T180_P03_H1000_I0800_CN010_F1,0.7874664630653353,67.65847347994826,0.0,67.46666666666667,False
India,T180_P03_H1000_I0800_CN020_F1,0.8160833737498651,75.16170763260025,0.0,40.52666666666667,False
India,T180_P03_H1000_I0800_CN030_F1,0.8383544710792066,74.38551099611902,0.0,26.78333333333334,False
India,T180_P03_H1000_I0800_CN040_F1,0.8573439224751633,68.69340232858991,0.0,23.01666666666667,False
India,T180_P03_H1000_I0800_CN050_F1,0.8779786316027678,64.42432082794308,0.0,20.183333333333337,False
India,T180_P03_H1000_I0800_CN060_F1,0.8936670067637231,65.32988357050453,0.0,21.850000000000005,False
India,T180_P03_H1000_I0800_CN070_F1,0.9111492917967161,61.96636481241915,0.0,20.183333333333337,False
India,T180_P03_H1000_I0800_CN080_F1,0.9300268344401021,68.30530401034929,0.0,20.183333333333337,False
India,T180_P03_H1000_I0800_CN090_F1,0.9390708393495958,66.49417852522639,0.0,20.183333333333337,False
India,T180_P03_H1000_I0800_CN100_F1,0.8506957699153685,20.827943078913325,0.0,20.183333333333337,False
India,T180_P03_H1000_I0986_CN000_F1,0.45786909818031873,0.0,0.0,273.85833333333335,False
India,T180_P03_H1000_I0986_CN010_F1,0.7940627025153976,30.012936610608023,0.0,171.3,False
India,T180_P03_H1000_I0986_CN020_F1,0.8214000601466316,34.54075032341527,0.0,112.11666666666667,False
India,T180_P03_H1000_I0986_CN030_F1,0.8447382930903895,21.08667529107374,0.0,110.70333333333433,False
India,T180_P03_H1000_I0986_CN040_F1,0.8561433432438275,22.2509702457956,0.0,86.45,False
India,T180_P03_H1000_I0986_CN050_F1,0.867154814861005,22.76843467011643,0.0,79.11666666666667,False
India,T180_P03_H1000_I0986_CN060_F1,0.8788081738939031,23.02716688227684,0.0,72.45,False
India,T180_P03_H1000_I0986_CN070_F1,0.89363000483944,24.320827943078914,0.0,67.46333333333334,False
India,T180_P03_H1000_I0986_CN080_F1,0.9110409203122084,25.74385510996119,0.0,64.28333333333333,False
India,T180_P03_H1000_I0986_CN090_F1,0.9273889219487063,28.978007761966364,0.0,60.20000000000001,False
India,T180_P03_H1000_I0986_CN100_F1,0.8506957699153685,14.23027166882277,0.0,58.91666666666668,False
India,T180_P05_H0500_I0600_CN000_F1,0.4537310175242384,4.527813712807244,3.2341526520051747,257.07333333333236,False
India,T180_P05_H0500_I0600_CN010_F1,0.7828993510587143,61.0608020698577,5.045278137128072,113.78333333333337,False
India,T180_P05_H0500_I0600_CN020_F1,0.7880700706359156,63.26002587322122,1.9404915912031047,65.28333333333333,False
India,T180_P05_H0500_I0600_CN030_F1,0.8032018585439881,66.7529107373868,1.6817593790426906,43.616666666666674,False
India,T180_P05_H0500_I0600_CN040_F1,0.8195743515548048,62.09573091849935,0.517464424320828,28.850000000000005,False
India,T180_P05_H0500_I0600_CN050_F1,0.8394142993481528,61.190168175937906,0.38809831824062097,23.100000000000005,False
India,T180_P05_H0500_I0600_CN060_F1,0.8571157541345222,62.09573091849935,0.258732212160414,18.10333333333334,False
India,T180_P05_H0500_I0600_CN070_F1,0.877284249897466,63.77749029754204,0.38809831824062097,15.686666666666671,False
India,T180_P05_H0500_I0600_CN080_F1,0.8962259838129605,68.4346701164295,0.258732212160414,14.196666666666667,False
India,T180_P05_H0500_I0600_CN090_F1,0.914629295509013,72.70375161707634,0.0,12.336666666666671,True
India,T180_P05_H0500_I0600_CN100_F1,0.8506957699153685,53.29883570504528,0.0,12.213333333333336,False
India,T180_P05_H0500_I0800_CN000_F1,0.4376399484133295,0.0,0.0,307.3333333333333,False
India,T180_P05_H0500_I0800_CN010_F1,0.7475284333700395,34.92884864165588,0.0,184.6833333333333,False
India,T180_P05_H0500_I0800_CN020_F1,0.791037963802238,35.44631306597672,0.0,164.38333333333344,False
India,T180_P05_H0500_I0800_CN030_F1,0.8129387087014623,37.77490297542044,0.0,132.51666666666668,False
India,T180_P05_H0500_I0800_CN040_F1,0.8360404588056413,53.557567917205695,0.0,108.33333333333334,False
India,T180_P05_H0500_I0800_CN050_F1,0.8669065059815448,58.34411384217335,0.0,43.70000000000001,False
India,T180_P05_H0500_I0800_CN060_F1,0.891419561514144,56.01552393272963,0.0,31.336666666666673,False
India,T180_P05_H0500_I0800_CN070_F1,0.9174558312277339,64.16558861578267,0.0,26.840000000000003,False
India,T180_P05_H0500_I0800_CN080_F1,0.9449050976115386,72.96248382923673,0.0,23.87666666666667,False
India,T180_P05_H0500_I0800_CN090_F1,0.9393170310136421,81.37128072445019,0.0,19.33333333333334,False
India,T180_P05_H0500_I0800_CN100_F1,0.8506957699153685,45.14877102199224,0.0,18.840000000000003,False
India,T180_P05_H0500_I0986_CN000_F1,0.42602051839007193,0.0,0.0,312.6333333333334,False
India,T180_P05_H0500_I0986_CN010_F1,0.8058852418213225,23.02716688227684,0.0,142.35000000000002,False
India,T180_P05_H0500_I0986_CN020_F1,0.8061729794094264,43.98447606727037,0.0,81.03333333333333,False
India,T180_P05_H0500_I0986_CN030_F1,0.8240644648230881,37.25743855109961,0.0,60.82666666666667,False
India,T180_P05_H0500_I0986_CN040_F1,0.8382110474486743,37.51617076326003,0.0,54.966666666666676,False
India,T180_P05_H0500_I0986_CN050_F1,0.8553998366580962,37.51617076326003,0.0,42.8,False
India,T180_P05_H0500_I0986_CN060_F1,0.875106340834525,48.124191461837,0.0,33.95000000000001,False
India,T180_P05_H0500_I0986_CN070_F1,0.8988761609705385,56.53298835705045,0.0,31.03333333333334,False
India,T180_P05_H0500_I0986_CN080_F1,0.9255876790040788,60.025873221216045,0.0,29.28333333333334,False
India,T180_P05_H0500_I0986_CN090_F1,0.9385125608549182,71.92755498059509,0.0,27.03333333333334,False
India,T180_P05_H0500_I0986_CN100_F1,0.8506957699153685,30.142302716688228,0.0,23.36666666666667,False
India,T180_P05_H0800_I0600_CN000_F1,0.456788845952482,4.3984476067270375,4.657179818887451,190.78333333333333,False
India,T180_P05_H0800_I0600_CN010_F1,0.7816299328035051,58.34411384217335,4.786545924967658,94.01666666666667,False
India,T180_P05_H0800_I0600_CN020_F1,0.7971485469333411,70.89262613195343,4.527813712807244,39.01666666666667,True
India,T180_P05_H0800_I0600_CN030_F1,0.8062702477439372,67.01164294954722,1.034928848641656,28.48333333333335,False
India,T180_P05_H0800_I0600_CN040_F1,0.8207314350838243,67.78783958602847,1.6817593790426906,21.170000000000005,True
India,T180_P05_H0800_I0600_CN050_F1,0.8353873008027684,67.65847347994826,0.517464424320828,18.350000000000005,False
India,T180_P05_H0800_I0600_CN060_F1,0.851078632473694,68.30530401034929,0.646830530401035,17.350000000000012,False
India,T180_P05_H0800_I0600_CN070_F1,0.8627721047253192,67.39974126778783,0.258732212160414,13.00333333333334,True
India,T180_P05_H0800_I0600_CN080_F1,0.8835537747515189,67.91720569210867,0.129366106080207,11.710000000000004,False
India,T180_P05_H0800_I0600_CN090_F1,0.911065553818319,71.41009055627426,0.38809831824062097,9.516666666666667,True
India,T180_P05_H0800_I0600_CN100_F1,0.8506957699153685,66.10608020698578,0.0,9.666666666666673,False
India,T180_P05_H0800_I0800_CN000_F1,0.43972819340349484,0.0,0.0,289.15000000000003,False
India,T180_P05_H0800_I0800_CN010_F1,0.7762220458766419,38.939197930142306,0.0,140.71,False
India,T180_P05_H0800_I0800_CN020_F1,0.7860907905410324,49.935316946959894,0.0,48.45000000000001,False
India,T180_P05_H0800_I0800_CN030_F1,0.8118817078851324,45.278137128072444,0.0,28.923333333333336,False
India,T180_P05_H0800_I0800_CN040_F1,0.8383580083472695,49.029754204398444,0.0,23.046666666666667,False
India,T180_P05_H0800_I0800_CN050_F1,0.8683368157379624,53.29883570504528,0.0,18.000000000000004,False
India,T180_P05_H0800_I0800_CN060_F1,0.8920090836976375,55.498059508408794,0.0,15.336666666666671,False
India,T180_P05_H0800_I0800_CN070_F1,0.9257023894821463,61.319534282018104,0.0,13.876666666666669,False
India,T180_P05_H0800_I0800_CN080_F1,0.9407911076615216,67.78783958602847,0.0,12.696666666666667,False
India,T180_P05_H0800_I0800_CN090_F1,0.9239776155502473,64.8124191461837,0.0,11.28,False
India,T180_P05_H0800_I0800_CN100_F1,0.8506957699153685,38.55109961190168,0.0,11.256666666666671,False
India,T180_P05_H0800_I0986_CN000_F1,0.43860151426873506,0.0,0.0,327.53333333333336,False
India,T180_P05_H0800_I0986_CN010_F1,0.8016019168138052,38.55109961190168,0.0,90.96000000000002,False
India,T180_P05_H0800_I0986_CN020_F1,0.8061674923631049,50.064683053040106,0.0,49.70000000000001,False
India,T180_P05_H0800_I0986_CN030_F1,0.8342295070365465,50.064683053040106,0.0,32.85000000000001,False
India,T180_P05_H0800_I0986_CN040_F1,0.8507067305118178,48.124191461837,0.0,28.450000000000003,False
India,T180_P05_H0800_I0986_CN050_F1,0.876414878229431,52.52263906856404,0.0,22.60333333333334,False
India,T180_P05_H0800_I0986_CN060_F1,0.8972092135900683,55.627425614489,0.0,21.546666666666667,False
India,T180_P05_H0800_I0986_CN070_F1,0.9163451999110012,58.34411384217335,0.0,18.630000000000003,False
India,T180_P05_H0800_I0986_CN080_F1,0.9388747409178894,62.225097024579554,0.0,16.630000000000003,False
India,T180_P05_H0800_I0986_CN090_F1,0.9290768234354322,61.448900388098316,0.0,15.63,False
India,T180_P05_H0800_I0986_CN100_F1,0.8506957699153685,33.247089262613194,0.0,14.546666666666669,False
India,T180_P05_H1000_I0600_CN000_F1,0.45494721859998205,5.045278137128072,4.269081500646831,98.3,False
India,T180_P05_H1000_I0600_CN010_F1,0.7882329245680644,59.89650711513583,5.5627425614489,92.01666666666667,False
India,T180_P05_H1000_I0600_CN020_F1,0.8023241854514531,68.04657179818886,4.527813712807244,40.85000000000001,False
India,T180_P05_H1000_I0600_CN030_F1,0.8137431662075044,71.53945666235447,3.8809831824062093,26.66666666666667,False
India,T180_P05_H1000_I0600_CN040_F1,0.8212411441508013,67.91720569210867,1.6817593790426906,18.91666666666667,True
India,T180_P05_H1000_I0600_CN050_F1,0.8389641338015191,69.08150064683053,0.517464424320828,16.16666666666667,False
India,T180_P05_H1000_I0600_CN060_F1,0.8535199168077741,72.0569210866753,0.517464424320828,13.626666666666669,True
India,T180_P05_H1000_I0600_CN070_F1,0.8682294130271211,70.89262613195343,0.9055627425614489,11.28333333333334,True
India,T180_P05_H1000_I0600_CN080_F1,0.8833519180843453,69.46959896507116,0.129366106080207,11.213333333333336,True
India,T180_P05_H1000_I0600_CN090_F1,0.9023903648816215,71.28072445019404,0.0,9.210000000000004,True
India,T180_P05_H1000_I0600_CN100_F1,0.8506957699153685,68.95213454075032,0.0,9.546666666666669,False
India,T180_P05_H1000_I0800_CN000_F1,0.4533518208695737,0.0,0.0,234.40833333333333,False
India,T180_P05_H1000_I0800_CN010_F1,0.7825851723180328,35.44631306597672,0.0,108.28333333333335,False
India,T180_P05_H1000_I0800_CN020_F1,0.7944403880181046,47.347994825355755,0.0,38.92333333333333,False
India,T180_P05_H1000_I0800_CN030_F1,0.8210226842128716,48.51228978007762,0.0,27.66666666666667,False
India,T180_P05_H1000_I0800_CN040_F1,0.84415483871131,50.45278137128072,0.0,21.113333333333337,False
India,T180_P05_H1000_I0800_CN050_F1,0.8702405171471568,50.32341526520052,0.0,16.216666666666665,False
India,T180_P05_H1000_I0800_CN060_F1,0.8948494336142996,44.372574385511,0.0,15.500000000000007,False
India,T180_P05_H1000_I0800_CN070_F1,0.9204123116751124,53.557567917205695,0.0,15.590000000000003,False
India,T180_P05_H1000_I0800_CN080_F1,0.9403046247006878,54.980595084087966,0.0,12.33333333333334,False
India,T180_P05_H1000_I0800_CN090_F1,0.9296080673667579,64.03622250970245,0.0,13.216666666666669,False
India,T180_P05_H1000_I0800_CN100_F1,0.8506957699153685,32.85899094437257,0.0,12.423333333333337,False
India,T180_P05_H1000_I0986_CN000_F1,0.4463818591584866,0.0,0.0,324.99333333333334,False
India,T180_P05_H1000_I0986_CN010_F1,0.7988907887359165,47.86545924967658,0.129366106080207,73.7,False
India,T180_P05_H1000_I0986_CN020_F1,0.819043236680833,61.448900388098316,0.0,38.933333333333344,False
India,T180_P05_H1000_I0986_CN030_F1,0.8472809254053345,53.169469598965065,0.0,24.44666666666667,False
India,T180_P05_H1000_I0986_CN040_F1,0.8727204946473147,51.746442432082794,0.0,21.350000000000005,False
India,T180_P05_H1000_I0986_CN050_F1,0.8920583376354209,51.09961190168176,0.0,18.183333333333344,False
India,T180_P05_H1000_I0986_CN060_F1,0.913180794992035,54.59249676584734,0.0,14.516666666666671,False
India,T180_P05_H1000_I0986_CN070_F1,0.9332867907246649,58.86157826649418,0.0,15.613333333333335,False
India,T180_P05_H1000_I0986_CN080_F1,0.9513176327751863,59.50840879689522,0.0,13.463333333333336,False
India,T180_P05_H1000_I0986_CN090_F1,0.9347022015265587,57.17981888745148,0.0,13.696666666666674,False
India,T180_P05_H1000_I0986_CN100_F1,0.8506957699153685,26.52005174644243,0.0,12.350000000000005,False
India,T180_P10_H0500_I0600_CN000_F1,0.4720953264852662,7.373868046571798,0.0,287.46666666666664,False
India,T180_P10_H0500_I0600_CN010_F1,0.8008286903438973,79.6895213454075,0.0,113.42333333333382,False
India,T180_P10_H0500_I0600_CN020_F1,0.8236078054984213,86.41655886157827,0.129366106080207,67.66666666666667,False
India,T180_P10_H0500_I0600_CN030_F1,0.8369820136013377,91.46183699870633,0.129366106080207,36.433333333333344,False
India,T180_P10_H0500_I0600_CN040_F1,0.846899741014366,93.53169469598966,0.0,24.923333333333336,False
India,T180_P10_H0500_I0600_CN050_F1,0.8670504977174879,95.47218628719276,0.129366106080207,21.250000000000004,True
India,T180_P10_H0500_I0600_CN060_F1,0.8765294596501445,95.47218628719276,0.0,19.423333333333336,False
India,T180_P10_H0500_I0600_CN070_F1,0.8892203891977561,97.54204398447607,0.0,15.350000000000012,False
India,T180_P10_H0500_I0600_CN080_F1,0.9091823805417614,95.60155239327295,0.0,13.53,False
India,T180_P10_H0500_I0600_CN090_F1,0.9366253205846882,96.89521345407503,0.0,11.923333333333337,False
India,T180_P10_H0500_I0600_CN100_F1,0.8506957699153685,89.13324708926261,0.0,11.710000000000004,False
India,T180_P10_H0500_I0800_CN000_F1,0.438430061995821,0.0,0.0,278.07500000000005,False
India,T180_P10_H0500_I0800_CN010_F1,0.7872173148913187,45.924967658473484,0.0,184.08333333333334,False
India,T180_P10_H0500_I0800_CN020_F1,0.8151762903421006,46.05433376455368,0.0,86.61666666666667,False
India,T180_P10_H0500_I0800_CN030_F1,0.8318857748788048,63.77749029754204,0.0,43.51666666666667,False
India,T180_P10_H0500_I0800_CN040_F1,0.8597750720111568,68.17593790426908,0.0,38.51666666666667,False
India,T180_P10_H0500_I0800_CN050_F1,0.8867581250303005,68.5640362225097,0.0,23.923333333333336,False
India,T180_P10_H0500_I0800_CN060_F1,0.9062745985794372,69.08150064683053,0.0,22.16666666666667,False
India,T180_P10_H0500_I0800_CN070_F1,0.917904731506192,72.83311772315653,0.0,18.51666666666668,False
India,T180_P10_H0500_I0800_CN080_F1,0.9413025079702934,78.00776196636481,0.0,16.213333333333335,False
India,T180_P10_H0500_I0800_CN090_F1,0.9423115201170155,85.89909443725745,0.0,14.603333333333339,False
India,T180_P10_H0500_I0800_CN100_F1,0.8506957699153685,59.637774902975416,0.0,14.546666666666669,False
India,T180_P10_H0500_I0986_CN000_F1,0.4360833733281089,0.0,0.0,293.2,False
India,T180_P10_H0500_I0986_CN010_F1,0.793191084574595,43.98447606727037,0.0,151.20000000000002,False
India,T180_P10_H0500_I0986_CN020_F1,0.8143849114914334,46.3130659767141,0.0,79.78333333333333,False
India,T180_P10_H0500_I0986_CN030_F1,0.8409266684938547,50.19404915912031,0.0,59.95000000000001,False
India,T180_P10_H0500_I0986_CN040_F1,0.8575272007879584,46.05433376455368,0.0,43.85000000000001,False
India,T180_P10_H0500_I0986_CN050_F1,0.8718583269945155,51.746442432082794,0.0,28.01666666666668,False
India,T180_P10_H0500_I0986_CN060_F1,0.8886172202534767,52.91073738680466,0.0,23.58333333333334,False
India,T180_P10_H0500_I0986_CN070_F1,0.9055416527654113,58.73221216041398,0.0,18.16666666666667,False
India,T180_P10_H0500_I0986_CN080_F1,0.9247705435109173,69.21086675291073,0.0,16.713333333333335,False
India,T180_P10_H0500_I0986_CN090_F1,0.932653656434183,79.5601552393273,0.0,15.850000000000012,False
India,T180_P10_H0500_I0986_CN100_F1,0.8506957699153685,46.3130659767141,0.0,14.090000000000003,False
India,T180_P10_H0800_I0600_CN000_F1,0.4728892358722845,8.020698576972833,0.0,236.92833333333968,False
India,T180_P10_H0800_I0600_CN010_F1,0.8054363415428643,85.38163001293661,0.0,91.50000000000001,False
India,T180_P10_H0800_I0600_CN020_F1,0.8183468668174713,90.94437257438551,0.0,53.616666666666674,False
India,T180_P10_H0800_I0600_CN030_F1,0.8411859514659576,93.53169469598966,0.0,29.483333333333356,False
India,T180_P10_H0800_I0600_CN040_F1,0.8469343671867714,95.08408796895213,0.0,22.08333333333334,False
India,T180_P10_H0800_I0600_CN050_F1,0.8644685914783724,97.67141009055628,0.0,16.28,False
India,T180_P10_H0800_I0600_CN060_F1,0.8760978724578892,96.76584734799482,0.0,13.543333333333337,True
India,T180_P10_H0800_I0600_CN070_F1,0.883257593607123,95.73091849935317,0.0,13.916666666666673,False
India,T180_P10_H0800_I0600_CN080_F1,0.904889760030714,97.02457956015525,0.0,11.876666666666669,False
India,T180_P10_H0800_I0600_CN090_F1,0.9281895709975398,98.1888745148771,0.0,10.00333333333334,False
India,T180_P10_H0800_I0600_CN100_F1,0.8506957699153685,90.16817593790427,0.0,9.613333333333335,True
India,T180_P10_H0800_I0800_CN000_F1,0.44091906381036317,0.0,0.0,208.56666666666666,False
India,T180_P10_H0800_I0800_CN010_F1,0.7838034906091903,48.77102199223803,0.0,115.96000000000002,False
India,T180_P10_H0800_I0800_CN020_F1,0.8054225657247245,46.57179818887451,0.0,45.70000000000001,False
India,T180_P10_H0800_I0800_CN030_F1,0.8265087056671383,55.886157826649416,0.0,35.01666666666667,False
India,T180_P10_H0800_I0800_CN040_F1,0.8517392399538288,58.99094437257438,0.0,20.613333333333337,False
India,T180_P10_H0800_I0800_CN050_F1,0.8800233808906168,64.16558861578267,0.0,16.923333333333336,False
India,T180_P10_H0800_I0800_CN060_F1,0.8889947509717102,61.57826649417852,0.0,17.350000000000012,False
India,T180_P10_H0800_I0800_CN070_F1,0.9036974948765601,53.557567917205695,0.0,18.590000000000003,False
India,T180_P10_H0800_I0800_CN080_F1,0.9395005805155829,72.96248382923673,0.0,13.270000000000003,False
India,T180_P10_H0800_I0800_CN090_F1,0.9308648202875294,65.71798188874514,0.0,12.256666666666671,False
India,T180_P10_H0800_I0800_CN100_F1,0.8506957699153685,39.974126778783955,0.0,12.090000000000003,False
India,T180_P10_H0800_I0986_CN000_F1,0.44671293766443354,0.0,0.0,227.34333333333333,False
India,T180_P10_H0800_I0986_CN010_F1,0.7951893816501574,42.94954721862872,0.0,84.66666666666667,False
India,T180_P10_H0800_I0986_CN020_F1,0.8171555830896656,45.924967658473484,0.0,45.91666666666691,False
India,T180_P10_H0800_I0986_CN030_F1,0.842194395507269,43.72574385510996,0.0,33.85000000000001,False
India,T180_P10_H0800_I0986_CN040_F1,0.8479580197515534,39.84476067270375,0.0,29.08333333333334,False
India,T180_P10_H0800_I0986_CN050_F1,0.8651438524510048,47.86545924967658,0.0,21.51666666666668,False
India,T180_P10_H0800_I0986_CN060_F1,0.8827203071767467,48.38292367399741,0.0,19.01666666666668,False
India,T180_P10_H0800_I0986_CN070_F1,0.9065378447932223,60.67270375161707,0.0,17.506666666666668,False
India,T180_P10_H0800_I0986_CN080_F1,0.924183977837394,62.613195342820184,0.0,14.683333333333339,False
India,T180_P10_H0800_I0986_CN090_F1,0.9289796972327131,71.66882276843467,0.0,13.683333333333346,False
India,T180_P10_H0800_I0986_CN100_F1,0.8506957699153685,39.84476067270375,0.0,12.850000000000012,False
India,T180_P10_H1000_I0600_CN000_F1,0.47351887127450487,8.408796895213454,0.0,200.34166666666664,False
India,T180_P10_H1000_I0600_CN010_F1,0.8073252604022073,80.85381630012937,0.0,92.28333333333335,False
India,T180_P10_H1000_I0600_CN020_F1,0.8234296009110101,87.71021992238033,0.0,39.85000000000001,False
India,T180_P10_H1000_I0600_CN030_F1,0.8434207313810992,91.46183699870633,0.0,25.673333333333336,False
India,T180_P10_H1000_I0600_CN040_F1,0.8610436383191276,87.71021992238033,0.0,17.750000000000014,False
India,T180_P10_H1000_I0600_CN050_F1,0.8722915927758839,98.70633893919793,0.0,17.613333333333337,False
India,T180_P10_H1000_I0600_CN060_F1,0.882450024806637,96.89521345407503,0.0,13.423333333333337,True
India,T180_P10_H1000_I0600_CN070_F1,0.8921177520984105,98.1888745148771,0.0,10.78,True
India,T180_P10_H1000_I0600_CN080_F1,0.9070557135746639,97.80077619663649,0.0,9.863333333333335,True
India,T180_P10_H1000_I0600_CN090_F1,0.9256587647224761,99.09443725743856,0.0,9.696666666666667,True
India,T180_P10_H1000_I0600_CN100_F1,0.8506957699153685,86.80465717981889,0.0,8.520000000000005,True
India,T180_P10_H1000_I0800_CN000_F1,0.4576385283606804,0.0,0.0,208.79999999999998,False
India,T180_P10_H1000_I0800_CN010_F1,0.7909347697951048,52.39327296248383,0.0,81.38333333333345,False
India,T180_P10_H1000_I0800_CN020_F1,0.807812750094753,54.72186287192755,0.0,34.33333333333334,False
India,T180_P10_H1000_I0800_CN030_F1,0.8338752024244562,56.403622250970244,0.0,28.61666666666667,False
India,T180_P10_H1000_I0800_CN040_F1,0.854954164078754,51.87580853816301,0.0,21.10333333333334,False
India,T180_P10_H1000_I0800_CN050_F1,0.8830161787521955,57.17981888745148,0.0,17.380000000000003,False
India,T180_P10_H1000_I0800_CN060_F1,0.8980529576729628,57.82664941785253,0.0,16.43666666666667,False
India,T180_P10_H1000_I0800_CN070_F1,0.9115242919785984,48.51228978007762,0.0,15.923333333333337,False
India,T180_P10_H1000_I0800_CN080_F1,0.9360749301935732,53.8163001293661,0.0,13.683333333333339,False
India,T180_P10_H1000_I0800_CN090_F1,0.9281228618417621,56.27425614489003,0.0,14.000000000000007,False
India,T180_P10_H1000_I0800_CN100_F1,0.8506957699153685,30.142302716688228,0.0,11.590000000000003,False
India,T180_P10_H1000_I0986_CN000_F1,0.4761789246937055,0.0,0.0,223.09333333333342,False
India,T180_P10_H1000_I0986_CN010_F1,0.8087999178081794,44.89003880983182,0.0,76.7,False
India,T180_P10_H1000_I0986_CN020_F1,0.8334481081994924,46.70116429495472,0.0,43.85000000000001,False
India,T180_P10_H1000_I0986_CN030_F1,0.8600000000000001,47.994825355756795,0.0,31.16666666666667,False
India,T180_P10_H1000_I0986_CN040_F1,0.870703619217374,50.71151358344114,0.0,20.683333333333344,False
India,T180_P10_H1000_I0986_CN050_F1,0.8824862000890454,49.029754204398444,0.0,18.256666666666668,False
India,T180_P10_H1000_I0986_CN060_F1,0.9000364721986737,57.95601552393273,0.0,13.713333333333336,False
India,T180_P10_H1000_I0986_CN070_F1,0.91866866247257,62.74256144890039,0.0,14.83333333333334,False
India,T180_P10_H1000_I0986_CN080_F1,0.9411255686510578,66.49417852522639,0.0,13.046666666666669,False
India,T180_P10_H1000_I0986_CN090_F1,0.9231347234145911,58.86157826649418,0.0,11.363333333333335,False
India,T180_P10_H1000_I0986_CN100_F1,0.8506957699153685,43.07891332470893,0.0,10.840000000000003,False
