family,failure_level_percent,task_size_multiplier,cn_fraction_percent,case_count,scenario_evaluations,delta_observation_success_percent_n,delta_observation_success_percent_mean,delta_observation_success_percent_median,delta_observation_success_percent_std,delta_observation_success_percent_p05,delta_observation_success_percent_p95,delta_observation_success_percent_min,delta_observation_success_percent_max,delta_s100_surviving_before_deadline_percent_n,delta_s100_surviving_before_deadline_percent_mean,delta_s100_surviving_before_deadline_percent_median,delta_s100_surviving_before_deadline_percent_std,delta_s100_surviving_before_deadline_percent_p05,delta_s100_surviving_before_deadline_percent_p95,delta_s100_surviving_before_deadline_percent_min,delta_s100_surviving_before_deadline_percent_max,delta_mean_surviving_coverage_deadline_percent_n,delta_mean_surviving_coverage_deadline_percent_mean,delta_mean_surviving_coverage_deadline_percent_median,delta_mean_surviving_coverage_deadline_percent_std,delta_mean_surviving_coverage_deadline_percent_p05,delta_mean_surviving_coverage_deadline_percent_p95,delta_mean_surviving_coverage_deadline_percent_min,delta_mean_surviving_coverage_deadline_percent_max,delta_p100_t100_surviving_min_n,delta_p100_t100_surviving_min_mean,delta_p100_t100_surviving_min_median,delta_p100_t100_surviving_min_std,delta_p100_t100_surviving_min_p05,delta_p100_t100_surviving_min_p95,delta_p100_t100_surviving_min_min,delta_p100_t100_surviving_min_max,delta_total_transferred_data_mbits_n,delta_total_transferred_data_mbits_mean,delta_total_transferred_data_mbits_median,delta_total_transferred_data_mbits_std,delta_total_transferred_data_mbits_p05,delta_total_transferred_data_mbits_p95,delta_total_transferred_data_mbits_min,delta_total_transferred_data_mbits_max,delta_n_transfer_events_n,delta_n_transfer_events_mean,delta_n_transfer_events_median,delta_n_transfer_events_std,delta_n_transfer_events_p05,delta_n_transfer_events_p95,delta_n_transfer_events_min,delta_n_transfer_events_max,delta_used_capacity_percent_n,delta_used_capacity_percent_mean,delta_used_capacity_percent_median,delta_used_capacity_percent_std,delta_used_capacity_percent_p05,delta_used_capacity_percent_p95,delta_used_capacity_percent_min,delta_used_capacity_percent_max,delta_peak_node_sent_data_mbits_n,delta_peak_node_sent_data_mbits_mean,delta_peak_node_sent_data_mbits_median,delta_peak_node_sent_data_mbits_std,delta_peak_node_sent_data_mbits_p05,delta_peak_node_sent_data_mbits_p95,delta_peak_node_sent_data_mbits_min,delta_peak_node_sent_data_mbits_max,delta_node_sent_data_gini_n,delta_node_sent_data_gini_mean,delta_node_sent_data_gini_median,delta_node_sent_data_gini_std,delta_node_sent_data_gini_p05,delta_node_sent_data_gini_p95,delta_node_sent_data_gini_min,delta_node_sent_data_gini_max
capacity_degradation,5.0,1.0,0.0,81,81,81,0.0,0.0,0.0,0.0,0.0,0.0,0.0,81,0.0,0.0,0.0,0.0,0.0,0.0,0.0,81,-0.001879637204993664,0.0,0.013544443590489902,0.0,0.0,-0.1171875,0.0,23,0.010869565217419726,0.004385964912501095,0.0097060057798011,0.0043859649122168776,0.025438596491316887,0.0043859649122168776,0.043859649122651945,81,-0.012345679012345678,0.0,0.07807482956975109,0.0,0.0,-0.5,0.0,81,0.0,0.0,0.0,0.0,0.0,0.0,0.0,81,0.017651278841207194,0.015694856123011858,0.007295601693952102,0.00852377950515476,0.02742299752707611,0.0074220453301418465,0.039617119243534726,81,-0.012345679012345678,0.0,0.07807482956975109,0.0,0.0,-0.5,0.0,81,0.0,0.0,0.0,0.0,0.0,0.0,0.0
capacity_degradation,5.0,1.0,10.0,81,81,81,-0.15432098765432098,0.0,0.6812991968871036,0.0,0.0,-3.125,0.0,81,0.0,0.0,0.0,0.0,0.0,0.0,0.0,81,-0.15398185819371024,0.0,0.3322495912091469,-0.9300595238095184,0.0,-1.5625,0.0,76,0.18322993613434216,0.022843567251868535,0.7732368934561944,0.004385964912330564,0.10850694444567566,0.0043859649122168776,5.045687134502799,81,-1.3703703703703705,0.0,2.338238890941452,-6.0,0.0,-13.5,0.0,81,-0.9135802469135802,0.0,1.5588259272943013,-4.0,0.0,-9.0,0.0,81,0.02345351631457235,0.022372229993554593,0.006623491414030683,0.015557560240217205,0.036574327193872214,0.013037934630129977,0.04325160270505224,81,0.5123456790123457,0.0,3.1632413248142077,-3.5,5.0,-8.0,20.5,81,-0.0002943263142150399,-0.00016885022098866997,0.0005998033913795948,-0.0015969516764622327,0.0005558262050973095,-0.002406679764243691,0.0012562795682060646
capacity_degradation,5.0,1.0,20.0,81,81,81,0.07716049382716049,0.0,0.4879676848109443,0.0,0.0,0.0,3.125,81,-0.15432098765432098,0.0,0.6812991968871036,0.0,0.0,-3.125,0.0,81,-0.11475168898132787,0.0,0.3494921835649694,-0.7407407407407334,0.0,-1.5873015873015959,0.961538461538467,78,0.12304131054134014,0.045687134502799154,1.0332177102722266,0.008771929824547442,0.09480080409339474,-4.994517543857128,5.629020467837108,81,-1.1851851851851851,0.0,2.1307927580545645,-4.5,0.0,-12.0,0.0,81,-0.7901234567901234,0.0,1.4205285053697096,-3.0,0.0,-8.0,0.0,81,0.02332356890653977,0.021784081669247335,0.007743785861745975,0.013852613345369968,0.037246750000065276,0.01199466237338126,0.046953001716455556,81,0.29012345679012347,0.0,2.6455909046124084,-4.5,4.5,-7.5,6.0,81,-0.0009324754640601276,-0.0007694422531971945,0.0010967899536397487,-0.002773476357423199,0.00048660047447501853,-0.004752818676869275,0.0013516032811335954
capacity_degradation,5.0,1.0,30.0,81,81,81,-0.07716049382716049,0.0,0.9851570110493825,0.0,0.0,-3.125,6.25,81,-0.15432098765432098,0.0,0.6812991968871036,0.0,0.0,-3.125,0.0,81,-0.11443549734444766,0.0,0.39870873364336096,-0.892857142857153,0.0,-1.517857142857153,1.7307692307692406,81,0.06522543498675532,0.022843567251896957,0.18059739789711846,0.022843567251385366,0.1142178362570121,0.008771929824931135,1.5888157894737844,81,-1.1296296296296295,0.0,2.354221975751461,-7.5,0.0,-10.5,3.0,81,-0.7530864197530864,0.0,1.5694813171676405,-5.0,0.0,-7.0,2.0,81,0.022780050542648634,0.021517620587710173,0.007892211546800372,0.011765300479365526,0.03769979853895977,0.0105713131349007,0.04702967104412581,81,-0.22839506172839505,0.0,3.128547369303413,-4.5,4.5,-9.0,7.5,81,-0.0012254907647229302,-0.0009773879803636198,0.0016485721469032646,-0.004108059834784461,0.0008792601038893899,-0.008460769999231621,0.002202003665674468
capacity_degradation,5.0,1.0,40.0,81,81,81,0.038580246913580245,0.0,0.9235719498798879,0.0,0.0,-3.125,6.25,81,-0.15432098765432098,0.0,0.6812991968871036,0.0,0.0,-3.125,0.0,81,-0.11960480296475903,0.0,0.42314657645561704,-0.4464285714285836,0.0,-2.564102564102569,0.0,81,0.27734549851997753,0.04568713450280626,3.6368300082387277,0.004385964912344775,3.743603801151039,-14.023209064327958,25.763742690059985,81,-1.2407407407407407,0.0,2.321248466761894,-6.0,0.0,-10.5,3.0,81,-0.8271604938271605,0.0,1.547498977841263,-4.0,0.0,-7.0,2.0,81,0.02250111334747777,0.020653810747410684,0.00864629206060079,0.01168936075594279,0.03897729334903266,0.010226698649457744,0.04751808752248443,81,0.19135802469135801,0.0,3.49782780918616,-5.5,6.0,-12.0,12.0,81,-0.001719342142786658,-0.0012371136972191277,0.002180905126722096,-0.005914695679596349,0.0007098941497116762,-0.009367862263251814,0.0035803772090916564
capacity_degradation,5.0,1.0,50.0,81,81,81,0.038580246913580245,0.0,0.34722222222222227,0.0,0.0,0.0,3.125,81,-0.07716049382716049,0.0,0.4879676848109443,0.0,0.0,-3.125,0.0,81,-0.036495783023560956,0.0,0.1783506614308639,0.0,0.0,-1.2820512820512846,0.0,81,0.1435636416140055,0.045687134502799154,0.7339152094201261,0.022843567251385366,0.18274853801267454,-1.954312865507866,4.76644736842136,81,-0.7037037037037037,0.0,1.8536750284532377,-3.0,0.0,-12.0,6.0,81,-0.4691358024691358,0.0,1.2357833523021584,-2.0,0.0,-8.0,4.0,81,0.02269499611237013,0.02034406844587372,0.00958991125909174,0.011275005848122133,0.04086307726799787,0.007955226417937777,0.049876729747963866,81,0.5740740740740741,0.0,3.472311109973363,-4.0,6.5,-9.0,12.0,81,-0.0016099214384423255,-0.0011275023963364106,0.0018492458519285227,-0.005570106513008488,0.00021935225347990972,-0.007584358246609968,0.0013186422233384398
capacity_degradation,5.0,1.0,60.0,81,81,81,-0.038580246913580245,0.0,0.34722222222222227,0.0,0.0,-3.125,0.0,81,-0.2700617283950617,0.0,1.0123180372995315,-3.125,0.0,-6.25,0.0,81,-0.06403054069964437,0.0,0.22339963798934417,-0.6578947368421098,0.0,-1.2820512820512846,0.0,81,-0.0055023103011578554,0.04568713450280626,0.6169222091893356,-0.6904239765834035,0.18274853801121793,-2.9543128654457718,2.5047880116973857,81,-0.8703703703703703,0.0,1.7884661336215206,-6.0,0.0,-7.5,0.0,81,-0.5802469135802469,0.0,1.1923107557476806,-4.0,0.0,-5.0,0.0,81,0.02218828484154939,0.01949575218128141,0.009719428020307024,0.01077433405582734,0.041235538032535324,0.008521753485136507,0.047369485086897534,81,0.25308641975308643,0.0,3.653870770147498,-4.0,7.0,-11.5,13.5,81,-0.002136552385652871,-0.0017096294302778592,0.002126087614989568,-0.006337321204912039,0.000573330307843678,-0.008338427376982205,0.0026670637212671267
capacity_degradation,5.0,1.0,70.0,81,81,81,0.0,0.0,0.0,0.0,0.0,0.0,0.0,81,0.0,0.0,0.0,0.0,0.0,0.0,0.0,81,-0.011022927689594305,0.0,0.09920634920634873,0.0,0.0,-0.8928571428571388,0.0,81,0.03734838639839544,0.04568713450305495,0.6104203336115239,0.022843567251399577,0.22843567251596397,-4.954312865497201,1.4848318713460031,81,-0.6481481481481481,0.0,1.6421107690341044,-4.5,0.0,-7.5,0.0,81,-0.43209876543209874,0.0,1.094740512689403,-3.0,0.0,-5.0,0.0,81,0.02199116765439036,0.01919899229791433,0.00988109373591102,0.010440604738863823,0.0398901150539035,0.008272535074926729,0.04670905651438484,81,-0.37037037037037035,0.0,3.6364283453838477,-5.5,5.0,-17.5,7.5,81,-0.002182985047074778,-0.0016252390057360788,0.002352894130528255,-0.007181623122554548,0.0005780364909713231,-0.009199154386619446,0.004246241635028847
capacity_degradation,5.0,1.0,80.0,81,81,81,-0.038580246913580245,0.0,0.34722222222222227,0.0,0.0,-3.125,0.0,81,-0.038580246913580245,0.0,0.34722222222222227,0.0,0.0,-3.125,0.0,81,-0.01515652557319239,0.0,0.09943859224568247,0.0,0.0,-0.78125,0.0,81,0.2513022525456698,0.0456871345037726,0.8200033055430029,0.022843567251399577,1.4163011695922805,-0.8223684210529143,6.005482456144094,81,-0.6111111111111112,0.0,1.6393596310755003,-3.0,0.0,-7.5,3.0,81,-0.4074074074074074,0.0,1.0929064207170003,-2.0,0.0,-5.0,2.0,81,0.021565711830075107,0.01876216015225124,0.009805914740990537,0.009966086373947886,0.03957265211694949,0.007965933722252405,0.0469672676518903,81,-0.8395061728395061,-0.5,3.9241457354545872,-6.0,6.5,-19.0,9.0,81,-0.001769683005256588,-0.0010727071535507893,0.0027679108082049987,-0.006399584213871989,0.0006516310202382414,-0.010852664278958146,0.009039476550180003
capacity_degradation,5.0,1.0,90.0,81,81,81,0.0,0.0,0.0,0.0,0.0,0.0,0.0,81,-0.07716049382716049,0.0,0.4879676848109443,0.0,0.0,-3.125,0.0,81,-0.02094356261022925,0.0,0.1468957628468337,0.0,0.0,-1.25,0.0,81,0.35637002743547186,0.04568713450305495,1.3327752889515818,0.008771929824931135,2.234685672518026,-1.4899488304193511,7.5797149122866045,81,-0.7222222222222222,0.0,1.9137659209004638,-6.0,0.0,-10.5,0.0,81,-0.48148148148148145,0.0,1.2758439472669758,-4.0,0.0,-7.0,0.0,81,0.021180890022845785,0.01828498223488767,0.009774205746341925,0.009635879130532654,0.039357179933002806,0.007622448181244995,0.046214527622081,81,-0.2716049382716049,0.0,3.3994938802673715,-5.0,6.0,-11.5,9.0,81,-0.0015467021034593418,-0.001285665084596932,0.0031804343741075173,-0.0055415040340180965,0.0034009768129550366,-0.014622393491757757,0.008126468698052891
capacity_degradation,5.0,1.0,100.0,80,80,80,0.0,0.0,0.0,0.0,0.0,0.0,0.0,80,-0.078125,0.0,0.4909686724647227,0.0,0.0,-3.125,0.0,80,-0.012090773809523902,0.0,0.07621346483861427,0.0,0.0,-0.5208333333333428,0.0,80,0.25508497806974734,0.06853070175468545,0.9263908166847559,0.01142178362564867,0.943192616960705,-0.8223684210529143,6.1374269005604845,80,-0.65625,0.0,1.5982461708963391,-4.5,0.0,-7.5,0.0,80,-0.4375,0.0,1.065497447264226,-3.0,0.0,-5.0,0.0,80,0.02103142606480523,0.01801880384947302,0.009830530328202912,0.009287517972834395,0.0391525140975905,0.007272638388387737,0.04553580784076117,80,-0.6375,0.0,4.195367396895856,-8.1,6.524999999999999,-15.5,9.0,80,-0.0018979596712891873,-0.0013865572271114512,0.003423843455322695,-0.00741255481016162,0.0015839094014460464,-0.017082532178588128,0.008256699994768635
capacity_degradation,10.0,1.0,0.0,81,81,81,0.0,0.0,0.0,0.0,0.0,0.0,0.0,81,0.0,0.0,0.0,0.0,0.0,0.0,0.0,81,-0.007106815245714661,0.0,0.03152256903419948,-0.0520833333333357,0.0,-0.1953125,0.0,23,0.02294685990350741,0.009259259259408736,0.020490456646423846,0.009259259259238206,0.05370370370345367,0.009259259259238206,0.0925925925926947,81,-0.06172839506172839,0.0,0.2892092241071193,-0.5,0.0,-2.0,0.0,81,-0.07407407407407407,0.0,0.30731814857642964,-1.0,0.0,-2.0,0.0,81,0.037214200011351437,0.0331335851485805,0.015375019756967296,0.017994645621993377,0.05789299477938259,0.015668762363632793,0.08363614062523961,81,-0.06172839506172839,0.0,0.2892092241071193,-0.5,0.0,-2.0,0.0,81,0.0,0.0,0.0,0.0,0.0,0.0,0.0
capacity_degradation,10.0,1.0,10.0,81,81,81,-0.19290123456790123,0.0,0.7567532888091448,-3.125,0.0,-3.125,0.0,81,0.0,0.0,0.0,0.0,0.0,0.0,0.0,81,-0.15398185819371024,0.0,0.3322495912091469,-0.9300595238095184,0.0,-1.5625,0.0,76,0.2184464343733639,0.0482253086424862,0.774096291991735,0.009259259259351893,0.22907021605218425,0.009259259259238206,5.096450617283693,81,-1.3703703703703705,0.0,2.338238890941452,-6.0,0.0,-13.5,0.0,81,-0.9135802469135802,0.0,1.5588259272943013,-4.0,0.0,-9.0,0.0,81,0.050421394604172484,0.047724993731594945,0.014120375622035447,0.03400826955878544,0.07940823060272628,0.030391625127606958,0.09130893904399895,81,0.5370370370370371,0.0,3.192547746097325,-3.5,5.0,-8.0,20.5,81,-0.0002840470483669941,-0.00016558726030946325,0.0005947521208754115,-0.0014501813540670483,0.0005558262050973095,-0.002406679764243691,0.0012562795682060646
capacity_degradation,10.0,1.0,20.0,81,81,81,0.07716049382716049,0.0,0.4879676848109443,0.0,0.0,0.0,3.125,81,-0.15432098765432098,0.0,0.6812991968871036,0.0,0.0,-3.125,0.0,81,-0.11475168898132787,0.0,0.3494921835649694,-0.7407407407407334,0.0,-1.5873015873015959,0.961538461538467,78,0.256435976575018,0.09645061728369342,1.3112991562448177,0.01851851851869597,0.389216820987057,-4.96913580246644,7.279783950613151,81,-1.1851851851851851,0.0,2.1307927580545645,-4.5,0.0,-12.0,0.0,81,-0.7901234567901234,0.0,1.4205285053697096,-3.0,0.0,-8.0,0.0,81,0.050037952107576805,0.04643534359802254,0.016747300781372827,0.02924440595133654,0.08074768771812812,0.025322065010471517,0.10113942256700237,81,0.2222222222222222,0.0,2.7681221071332818,-4.5,4.0,-10.5,6.0,81,-0.001015039716200377,-0.0008893926685271669,0.001177333335815517,-0.0034325682041977945,0.00048672643231184587,-0.004752818676869275,0.0013516032811335954
capacity_degradation,10.0,1.0,30.0,81,81,81,-0.07716049382716049,0.0,0.9851570110493825,0.0,0.0,-3.125,6.25,81,-0.15432098765432098,0.0,0.6812991968871036,0.0,0.0,-3.125,0.0,81,-0.11443549734444766,0.0,0.39870873364336096,-0.892857142857153,0.0,-1.517857142857153,1.7307692307692406,81,0.11811842706925765,0.09645061728369342,0.19574188383029623,0.04822530864184671,0.24112654320973093,0.01851851851874642,1.6141975308642316,81,-1.1666666666666667,0.0,2.349201992166702,-7.5,0.0,-10.5,3.0,81,-0.7901234567901234,0.0,1.5709555164191955,-5.0,0.0,-7.0,2.0,81,0.04900362916780142,0.04638175595593069,0.017619912046457277,0.024837856567549388,0.07975206312206984,0.022317216618123664,0.10118565613641817,81,-0.24691358024691357,0.0,3.7667322183742065,-5.0,5.0,-18.0,7.5,81,-0.0014797652117124116,-0.0012687906487673928,0.0017903610228733405,-0.004280491658766206,0.0009678534393364746,-0.008460769999231621,0.002202003665674468
capacity_degradation,10.0,1.0,40.0,81,81,81,0.038580246913580245,0.0,0.9235719498798879,0.0,0.0,-3.125,6.25,81,-0.15432098765432098,0.0,0.6812991968871036,0.0,0.0,-3.125,0.0,81,-0.11960480296475903,0.0,0.42314657645561704,-0.4464285714285836,0.0,-2.564102564102569,0.0,81,0.49172382258822483,0.09645061728417659,3.558129777132737,0.037037037037464415,4.096450617284191,-13.92168209876617,25.81450617284088,81,-1.2962962962962963,0.0,2.3409103167595102,-6.0,0.0,-10.5,3.0,81,-0.8765432098765432,0.0,1.5683009600311313,-4.0,0.0,-7.0,2.0,81,0.048273440233102184,0.04360248935564465,0.019031877125756727,0.024677539373656937,0.08228539707017979,0.021589697148855225,0.10196589614199758,81,0.19135802469135801,0.0,3.777869688424423,-6.0,7.0,-13.0,12.0,81,-0.0017973848179505933,-0.0013152471949344768,0.002076865155852889,-0.005914695679596349,0.000889480467346937,-0.007221948672735401,0.002824097294594763
capacity_degradation,10.0,1.0,50.0,81,81,81,0.038580246913580245,0.0,0.34722222222222227,0.0,0.0,0.0,3.125,81,-0.07716049382716049,0.0,0.4879676848109443,0.0,0.0,-3.125,0.0,81,-0.036495783023560956,0.0,0.1783506614308639,0.0,0.0,-1.2820512820512846,0.0,81,0.2136869379670636,0.09645061728369342,0.7289979309850458,0.0482253086418325,0.6751543209875877,-1.9035493827269718,4.842592592592702,81,-0.7407407407407407,0.0,1.9057661043382121,-4.5,0.0,-12.0,6.0,81,-0.5061728395061729,0.0,1.2954097497522112,-3.0,0.0,-8.0,4.0,81,0.048220440131665106,0.042948588941288945,0.020550880523289895,0.023802790123813367,0.08626649645466211,0.017695271677072855,0.10529531835681238,81,0.7037037037037037,0.0,3.6450118122046065,-4.0,7.0,-10.0,13.0,81,-0.0016232502814795536,-0.0013202830590184345,0.0017978893747179537,-0.005570106513008488,0.000343180368013396,-0.007836644591611597,0.0024141030027675647
capacity_degradation,10.0,1.0,60.0,81,81,81,-0.038580246913580245,0.0,0.34722222222222227,0.0,0.0,-3.125,0.0,81,-0.2700617283950617,0.0,1.0123180372995315,-3.125,0.0,-6.25,0.0,81,-0.06403054069964437,0.0,0.22339963798934417,-0.6578947368421098,0.0,-1.2820512820512846,0.0,81,0.13987578113261634,0.09645061728394921,0.8045564043603708,0.01851851851874642,0.3858024691377082,-2.9035493826619643,5.096450617283693,81,-0.8950617283950617,0.0,1.7935928491834414,-6.0,0.0,-7.5,0.0,81,-0.6049382716049383,0.0,1.2008227632094484,-4.0,0.0,-5.0,0.0,81,0.047171281143466415,0.04115769904937183,0.020772285528778793,0.02274581634007991,0.08705280251313052,0.018353077510327553,0.10097616820823319,81,-0.024691358024691357,0.0,4.028725942037927,-5.0,7.0,-14.5,13.5,81,-0.002325702384191375,-0.0018928688381245617,0.0022878424364464267,-0.00657886709863198,0.0006313911193465138,-0.008724462959392332,0.0027742581790266563
capacity_degradation,10.0,1.0,70.0,81,81,81,0.0,0.0,0.0,0.0,0.0,0.0,0.0,81,0.0,0.0,0.0,0.0,0.0,0.0,0.0,81,-0.011022927689594305,0.0,0.09920634920634873,0.0,0.0,-0.8928571428571388,0.0,81,0.11480719402598433,0.09645061728465976,0.6278586112083268,0.04822530864186092,0.4822530864233485,-4.903549382715809,1.6878858024695802,81,-0.7098765432098766,0.0,1.6505002982634995,-4.5,0.0,-7.5,0.0,81,-0.49382716049382713,0.0,1.1194134266449938,-3.0,0.0,-5.0,0.0,81,0.04664700038427301,0.04053120596226356,0.021117233021046386,0.02204127667093475,0.0859408665011987,0.01769088551030748,0.09860800819703452,81,-0.4382716049382716,0.0,3.763627502198994,-7.0,5.0,-17.5,7.5,81,-0.002270755445071316,-0.0019210100268016728,0.0022867894400536897,-0.006351515151515219,0.0005780364909713231,-0.008867531332637846,0.003919700360211609
capacity_degradation,10.0,1.0,80.0,81,81,81,-0.038580246913580245,0.0,0.34722222222222227,0.0,0.0,-3.125,0.0,81,-0.038580246913580245,0.0,0.34722222222222227,0.0,0.0,-3.125,0.0,81,-0.01515652557319239,0.0,0.09943859224568247,0.0,0.0,-0.78125,0.0,81,0.23620256058625602,0.0964506172856403,1.2332038079753234,0.04822530864184671,1.5432098765450064,-7.903549382720669,6.030864197535024,81,-0.691358024691358,0.0,1.7276571947918513,-4.0,0.0,-7.5,3.0,81,-0.49382716049382713,0.0,1.2157657750377275,-4.0,0.0,-5.0,2.0,81,0.045733655831947495,0.03961569426947986,0.02090790166795264,0.021039515678334453,0.08491702472108131,0.01688148642617146,0.09915312059843506,81,-0.8765432098765432,-0.5,4.133348267595482,-6.5,5.0,-19.0,10.0,81,-0.0018399238816599252,-0.0012300130758007288,0.002799536037135038,-0.006399584213871989,0.0011083226678756386,-0.0104187125274402,0.0092218127325161
capacity_degradation,10.0,1.0,90.0,81,81,81,0.0,0.0,0.0,0.0,0.0,0.0,0.0,81,-0.07716049382716049,0.0,0.4879676848109443,0.0,0.0,-3.125,0.0,81,-0.02094356261022925,0.0,0.1468957628468337,0.0,0.0,-1.25,0.0,81,0.4060728166446074,0.09645061728465976,1.3383322068213106,0.01851851851874642,2.4885030864234707,-1.3630401234666323,7.630478395067982,81,-0.8209876543209876,0.0,1.951455613726758,-6.0,0.0,-10.5,0.0,81,-0.5802469135802469,0.0,1.3496684549442521,-4.0,0.0,-7.0,0.0,81,0.04499373625105026,0.0387349298533477,0.021006185363866618,0.02034241149779109,0.08385980669331694,0.01609183504929501,0.09756400275772614,81,-0.3148148148148148,0.0,3.738686638082654,-7.5,6.0,-11.5,9.5,81,-0.0017719920308082188,-0.0013410401017166507,0.003052268394693318,-0.006542442413749239,0.0009961402012668152,-0.014661917230703425,0.0079900490055973
capacity_degradation,10.0,1.0,100.0,80,80,80,0.0,0.0,0.0,0.0,0.0,0.0,0.0,80,-0.078125,0.0,0.4909686724647227,0.0,0.0,-3.125,0.0,80,-0.012090773809523902,0.0,0.07621346483861427,0.0,0.0,-0.5208333333333428,0.0,80,0.29188850308642705,0.14467592592652068,1.0976231581320355,0.048225308641846,1.0282214506189318,-4.9035493827041705,6.162808641951173,80,-0.75625,0.0,1.6477713180097826,-4.5,0.0,-7.5,0.0,80,-0.5375,0.0,1.1577340373617002,-3.05,0.0,-5.0,0.0,80,0.04460244001984581,0.0380396970155541,0.02101513579189733,0.01960698238709471,0.08331631298467239,0.015402197049285582,0.09613114988605098,80,-0.625,0.0,4.477439933090156,-9.0,6.524999999999999,-15.5,9.0,80,-0.002089627678967099,-0.0014025295854832587,0.0034696034260703217,-0.0074966137984397215,0.0012934394171192464,-0.017082532178588128,0.008256699994768635
capacity_degradation,20.0,1.0,0.0,81,81,81,0.0,0.0,0.0,0.0,0.0,0.0,0.0,81,0.0,0.0,0.0,0.0,0.0,0.0,0.0,81,-0.041291048424200644,0.0,0.20631307373201194,-0.1488095238095255,0.0,-1.5625,0.0,23,0.05163043478260314,0.02083333333337123,0.04610352745443425,0.020833333333314386,0.12083333333333422,0.020833333333314386,0.2083333333333286,81,-0.08641975308641975,0.0,0.3690369515440673,-1.0,0.0,-2.5,0.0,81,-0.07407407407407407,0.0,0.30731814857642964,-1.0,0.0,-2.0,0.0,81,0.08376915584386373,0.07455056658430603,0.03460576592884457,0.040487952649485015,0.13025923825361074,0.03525471531817381,0.1881813164067888,81,-0.08641975308641975,0.0,0.3690369515440673,-1.0,0.0,-2.5,0.0,81,0.0,0.0,0.0,0.0,0.0,0.0,0.0
capacity_degradation,20.0,1.0,10.0,81,81,81,-0.7330246913580247,0.0,1.5835769793043584,-3.125,0.0,-6.25,3.125,81,-2.006172839506173,0.0,4.823765274114515,-12.5,0.0,-25.0,0.0,81,-1.1607431365200203,-0.6410256410256494,1.3041013552202092,-4.01484253160983,0.0,-5.375963583200431,0.0,75,7.7408749999996065,0.325520833338544,21.75651248715602,-1.0953125000138835,39.22946180555428,-80.89149305554054,112.94184027776208,81,-10.17283950617284,-8.5,9.31368633176036,-26.5,0.0,-48.5,0.0,81,-7.950617283950617,-6.0,8.205030826523295,-21.0,0.0,-47.0,0.0,81,0.10642197776357039,0.09966575484010809,0.026508662484408824,0.07346803083255893,0.16161869055453082,0.065305961435283,0.17722764370406874,81,7.882716049382716,4.5,16.979265223526728,-14.5,47.0,-23.0,61.0,81,-0.0009293954609158564,-0.0007453022213044225,0.0043602963929579115,-0.008338310777015412,0.004789985516242323,-0.011569984015461277,0.017406170933400134
capacity_degradation,20.0,1.0,20.0,81,81,81,-0.8101851851851852,0.0,1.5450413514782633,-3.125,0.0,-6.25,0.0,81,-2.8549382716049383,0.0,7.414840924365269,-21.875,0.0,-43.75,0.0,81,-0.8559135426743982,-0.625,0.938430248170831,-2.564102564102555,0.0,-4.418913398692823,0.0,78,6.98967459045572,4.041666666666671,12.561859813006407,-0.6595052083288875,19.381770833323955,-49.242187499995026,63.10850694445736,81,-11.592592592592593,-10.5,7.742783378375275,-22.5,-1.5,-42.0,0.0,81,-7.691358024691358,-7.0,5.173591536130008,-17.0,-1.0,-23.0,0.0,81,0.10737210841517046,0.10265241634229733,0.03468616034938875,0.06393748395369181,0.17565687250020035,0.0560890300102414,0.22302675815316397,81,9.376543209876543,6.0,17.319882156101254,-14.0,40.5,-25.5,51.0,81,-0.0013184549669927894,-0.001855485810632329,0.006583820852091647,-0.010939216743569347,0.01130633789332025,-0.015360630053534052,0.01630773048666012
capacity_degradation,20.0,1.0,30.0,81,81,81,-0.7330246913580247,0.0,1.8000383119208092,-3.125,0.0,-9.375,3.125,81,-1.5046296296296295,0.0,3.634655483826646,-6.25,0.0,-21.875,0.0,81,-0.8635873683081584,-0.4807692307692264,1.0978980722403606,-3.040714391817346,0.0,-5.052083333333343,0.0,81,6.205274777091866,2.299652777777979,12.73492336952588,-1.2489583333334622,21.217013888883727,-19.89149305555523,90.10850694444113,81,-13.932098765432098,-11.0,9.712669910489259,-29.0,-3.5,-58.0,0.0,81,-8.765432098765432,-7.0,7.401472159202978,-17.0,-3.0,-58.0,0.0,81,0.10574335502222373,0.09859421162483895,0.03841031140573727,0.05432724858835347,0.17465713572594876,0.03841788170562177,0.22125254303592512,81,12.75925925925926,5.5,23.594240704978077,-16.5,47.0,-39.5,106.0,81,-0.0013305276202318136,-0.0012771889881364462,0.007945699677692205,-0.014633648046296743,0.010520201907233018,-0.017354110147257407,0.023858792754379632
capacity_degradation,20.0,1.0,40.0,81,81,81,-0.8101851851851852,0.0,1.7662317664388718,-3.125,0.0,-6.25,6.25,81,-0.7716049382716049,0.0,1.443166836154195,-3.125,0.0,-6.25,0.0,81,-0.6686651533564971,-0.4166666666666572,0.8653281564567301,-2.34375,0.0,-4.53125,0.0,81,6.156837277092295,4.174305555555236,8.560729951280715,0.10850694444452813,20.217013888885646,-19.891493055560062,49.78298611111627,81,-16.0,-12.0,13.021136663133523,-40.0,-4.5,-75.0,-1.5,81,-9.839506172839506,-7.0,9.61308586007045,-22.0,-3.0,-75.0,-1.0,81,0.1049583862581492,0.09622800772965778,0.041932124209325475,0.05049396183262925,0.17800231085211082,0.04390846702363013,0.21766748945846337,81,12.734567901234568,8.5,23.37026508457824,-19.5,41.5,-33.5,108.5,81,-0.0001860486375824721,0.0004912804519998648,0.009938970505764168,-0.015746605196333308,0.01468414962665654,-0.024077464183308583,0.02682369597956158
capacity_degradation,20.0,1.0,50.0,81,81,81,-0.8101851851851852,0.0,1.545041351478263,-3.125,0.0,-6.25,0.0,81,-0.6944444444444444,0.0,1.3975424859373684,-3.125,0.0,-6.25,0.0,81,-0.49808753059815714,-0.238095238095255,0.668987372833563,-1.6741071428571388,0.0,-2.604166666666657,0.0,81,4.306312157062969,2.907638888888087,6.790964579313496,-0.6510416666671546,15.812847222219958,-27.89149305555958,22.21701388888711,81,-21.85185185185185,-15.0,19.901231815588144,-56.0,-3.5,-136.5,-2.0,81,-13.0,-9.0,15.888675212238432,-28.0,-2.0,-136.0,-1.0,81,0.10394776552303107,0.09393126707264426,0.04542571204053999,0.04881439112773858,0.19025376148212259,0.036706682923281136,0.2237464552067927,81,16.401234567901234,11.0,22.364232011334305,-9.5,59.0,-18.5,74.0,81,0.004378893333373337,0.0017220402600275353,0.013476803684277118,-0.013574667070732183,0.029083171817831488,-0.024929868350694218,0.0436421157332052
capacity_degradation,20.0,1.0,60.0,81,81,81,-0.5787037037037037,0.0,1.4914396940912868,-3.125,0.0,-9.375,0.0,81,-0.8487654320987654,0.0,1.9144512155680866,-6.25,0.0,-9.375,0.0,81,-0.5123078972891272,-0.20576131687244015,0.7172141100797227,-2.0833333333333286,0.0,-3.125,0.0,81,3.925484396432031,2.7322916666566073,6.428032570662709,-1.7656250000051017,13.59965277777907,-19.891493055575864,21.40034722224081,81,-25.12962962962963,-18.0,25.045930030867513,-65.5,-5.0,-180.0,5.0,81,-15.308641975308642,-10.0,21.50211732324787,-33.0,-3.0,-179.0,5.0,81,0.10156378999678267,0.09064865845759945,0.04606916079519372,0.047669469649786134,0.18968930719799126,0.033088194313518365,0.2224273528919395,81,17.666666666666668,17.5,22.558119380834917,-9.0,61.0,-21.5,98.5,81,0.00445665940217788,0.004109498943258627,0.01467215187982598,-0.015013795733757052,0.03061760324918228,-0.03412900525362539,0.04048813627458259
capacity_degradation,20.0,1.0,70.0,81,81,81,-0.6558641975308642,0.0,1.458746634555556,-3.125,0.0,-6.25,0.0,81,-0.7716049382716049,0.0,1.603437484585947,-3.125,0.0,-9.375,0.0,81,-0.5518972324307905,0.0,0.8385487677446478,-2.34375,0.0,-3.125,0.0,81,4.573859739366992,3.844618055554747,6.534374549453538,0.10850694444451392,13.567708333329577,-21.891493055557646,30.001041666660115,81,-31.54320987654321,-23.0,33.39930739652997,-76.0,-5.5,-256.5,-2.0,81,-19.22222222222222,-13.0,30.183604821160774,-38.0,-3.0,-256.0,-1.0,81,0.09977649162378291,0.0877115799569424,0.04660687311735464,0.04389531446416181,0.1905097464080796,0.028345370592133712,0.21402961689921596,81,16.35185185185185,17.0,25.1333250442073,-17.0,61.5,-43.0,80.0,81,0.006218133395773727,0.0031244048569900595,0.0204810227061016,-0.022578483419480655,0.04216345837971147,-0.031287524766137054,0.06776883369746556
capacity_degradation,20.0,1.0,80.0,81,81,81,-0.6558641975308642,0.0,1.6174742637294608,-3.125,0.0,-6.25,3.125,81,-0.8873456790123457,0.0,1.797524875770109,-3.125,0.0,-9.375,0.0,81,-0.5132836441665674,0.0,0.7580186032907805,-1.9886363636363598,0.0,-3.050595238095241,0.0,81,4.1450360082296,4.325520833325086,6.227734482215867,0.10850694444476972,11.59965277777519,-25.891493055554747,15.217013888888566,81,-35.25308641975309,-23.0,39.55511372256359,-92.0,-6.0,-293.0,-1.5,81,-21.34567901234568,-15.0,34.900272382112995,-46.0,-4.0,-293.0,-1.0,81,0.09803756582979478,0.0868240244192433,0.04639526202914257,0.04313480540017928,0.18516271899604653,0.026620195103381178,0.21400408244611246,81,17.32716049382716,13.5,25.84922151799585,-20.5,66.0,-26.0,99.5,81,0.012212594729378854,0.010770163885033712,0.023196716343180053,-0.0207698881339764,0.05229055546776573,-0.028151650333689382,0.08194675602175594
capacity_degradation,20.0,1.0,90.0,81,81,81,-0.5787037037037037,0.0,1.3176156917368245,-3.125,0.0,-6.25,0.0,81,-0.9645061728395061,0.0,1.5342743816170623,-3.125,0.0,-6.25,0.0,81,-0.4667190587431006,0.0,0.6675003518913405,-1.5625,0.0,-2.0833333333333286,0.0,81,3.798593964335115,3.9149305555460145,5.952352591801253,-2.193576388887095,13.410590277780045,-20.89149305555739,17.782986111124288,81,-38.31481481481482,-23.0,45.63252982005027,-110.0,-6.0,-340.0,-5.5,81,-23.530864197530864,-13.0,41.21046178452538,-55.0,-4.0,-340.0,-3.0,81,0.09643209066699647,0.08442428287284992,0.04664134865141696,0.04182093594090161,0.18678237814091847,0.025114242186309893,0.2109867065234129,81,17.45679012345679,13.0,23.96992875600387,-16.5,59.0,-27.5,94.0,81,0.01767222037055198,0.015023508264249363,0.027980848309772814,-0.02856598422768064,0.05649009865514176,-0.04190727965679164,0.10121168308692696
capacity_degradation,20.0,1.0,100.0,80,80,80,-0.6640625,0.0,1.466071149807358,-3.125,0.0,-6.25,0.0,80,-0.9375,0.0,1.4410900410207246,-3.125,0.0,-3.125,0.0,80,-0.4264075691912865,0.0,0.5945713439862578,-1.5625,0.0,-2.0833333333333286,0.0,80,3.006215277779718,1.9648437499924825,5.222139275585981,-2.215277777776559,12.217013888887092,-17.89149305553704,17.44687499999975,80,-43.1875,-27.5,54.00172143294618,-110.7,-8.0,-417.0,-4.0,80,-26.6375,-15.0,49.832439170392675,-55.35,-4.0,-417.0,-2.0,80,0.09522476871085386,0.08337457517133126,0.04633529761574062,0.040459483759731824,0.18437115618831743,0.02233806080273404,0.20853923930745533,80,17.2625,14.75,25.077724115944875,-18.05,62.574999999999996,-23.5,115.0,80,0.022210550053468444,0.02409369927324667,0.030729877843821436,-0.024576951083957577,0.07014389818483534,-0.03388722811887557,0.12216603258974867
capacity_degradation,30.0,1.0,0.0,81,81,81,0.0,0.0,0.0,0.0,0.0,0.0,0.0,81,0.0,0.0,0.0,0.0,0.0,0.0,0.0,81,-0.06195828924776008,0.0,0.2541988299578453,-0.28166118421052744,0.0,-1.950757575757578,0.0,23,0.08850931677025117,0.03571428571450497,0.0790346184933181,0.03571428571422075,0.2071428571431098,0.03571428571422075,0.3571428571429891,81,-0.2222222222222222,0.0,0.6937218462755804,-1.5,0.0,-4.5,0.0,81,-0.2716049382716049,0.0,0.741827905902244,-2.0,0.0,-4.0,0.0,81,0.14339351392407565,0.12780097128738183,0.0592741417378439,0.06940791882768862,0.2233015512919042,0.060436654831155096,0.3225965424116387,81,-0.2222222222222222,0.0,0.6937218462755804,-1.5,0.0,-4.5,0.0,81,0.0,0.0,0.0,0.0,0.0,0.0,0.0
capacity_degradation,30.0,1.0,10.0,81,81,81,-1.0802469135802468,0.0,1.986311421522719,-6.25,0.0,-6.25,3.125,81,-2.121913580246914,0.0,4.836869116994822,-12.5,0.0,-25.0,0.0,81,-1.284791605334756,-0.8718036129574074,1.5164166416936524,-4.174890350877192,0.0,-5.660054492291337,3.5511363636363598,75,9.100746031746327,1.7519841269847092,22.075310256106604,-1.0178075396931343,39.57202380952483,-80.81398809522057,113.01934523808023,81,-11.858024691358025,-10.0,12.133691361221562,-32.0,0.0,-51.5,40.0,81,-9.08641975308642,-8.0,9.667209435592309,-24.0,0.0,-49.0,27.0,81,0.18638113271360798,0.17679686624837293,0.04790070421573546,0.12855997486270815,0.27848933939044207,0.11371033109010381,0.3194626051436873,81,9.37037037037037,5.0,21.651324696450125,-19.0,51.5,-34.0,81.0,81,-0.001966735243423412,-0.0018959473734754262,0.005026194840711254,-0.010673690429705562,0.004521954327158628,-0.014799154670502856,0.016683776712553833
capacity_degradation,30.0,1.0,20.0,81,81,81,-0.8101851851851852,0.0,1.6221261981664,-3.125,0.0,-6.25,3.125,81,-2.932098765432099,0.0,7.433718823047013,-21.875,0.0,-43.75,3.125,81,-0.9547636841184128,-0.9170653907495989,1.1338456366632357,-2.951839826839816,0.0,-4.418913398692823,3.3333333333333286,78,8.948066748066754,6.372023809523249,13.5868816969303,-0.2639880952382552,34.132351190470615,-49.16468253967662,63.186011904776876,81,-12.38888888888889,-14.0,12.175795661885921,-26.0,-1.0,-43.5,66.0,81,-8.234567901234568,-8.0,8.150569926296981,-18.0,-1.0,-24.0,44.0,81,0.18711240992042316,0.1773451285473473,0.06043122667557925,0.11123318289261397,0.2896942932420181,0.09598393406263878,0.3791587091779929,81,11.41358024691358,10.0,23.46923386631112,-21.5,47.0,-34.5,68.5,81,-0.004624664709204912,-0.005293464575351292,0.007536189581854284,-0.017028475737895343,0.008489854101138228,-0.022466708440574745,0.013457691911140657
capacity_degradation,30.0,1.0,30.0,81,81,81,-0.8101851851851852,0.0,1.766231766438872,-3.125,0.0,-9.375,0.0,81,-1.6589506172839505,0.0,3.6672650500789907,-6.25,0.0,-21.875,0.0,81,-0.9660685190552284,-0.5265068990559314,1.160843507685169,-3.125,0.0,-5.833333333333343,0.0,81,7.583269645307157,4.986706349206713,12.893608815093538,0.18601190476182694,26.372023809518822,-19.813988095237676,90.18601190475857,81,-15.969135802469136,-15.0,9.947784200203941,-30.0,-4.5,-59.0,0.0,81,-10.135802469135802,-9.0,7.651393805085046,-19.0,-3.0,-59.0,0.0,81,0.18360887401198683,0.17022360195527253,0.0668509673121107,0.09382244931328776,0.3056779778138635,0.0723672840901178,0.3780681341052021,81,14.62962962962963,5.5,30.625844659553657,-23.0,64.5,-58.0,115.0,81,-0.006228502402061966,-0.0060843629109854636,0.009082413955487843,-0.020892119341938464,0.006109068546637619,-0.03362454443139029,0.016430318956877077
capacity_degradation,30.0,1.0,40.0,81,81,81,-0.9259259259259259,0.0,1.811721576138134,-3.125,0.0,-6.25,3.125,81,-0.8101851851851852,0.0,1.695710478760386,-3.125,0.0,-6.25,3.125,81,-0.6939461098538179,-0.4784688995215305,1.0831943623571025,-2.564102564102555,0.0,-5.572916666666686,3.3333333333333286,81,7.393606701940376,5.127380952395711,9.874080376512833,0.18601190476232432,20.37202380952027,-19.813988095242536,55.37202380951541,81,-16.191358024691358,-14.0,21.148813190879437,-43.0,-3.5,-77.0,130.5,81,-10.0,-8.0,14.753813066458447,-24.0,-1.0,-77.0,87.0,81,0.18209775689979651,0.16644152652376243,0.07217098313140191,0.08806419835247556,0.30724714085556126,0.0815553587549008,0.37986185442081233,81,16.987654320987655,11.5,30.559877219632483,-28.0,61.5,-46.0,133.5,81,-0.005406156938586198,-0.005420720288663583,0.01110732795034062,-0.02116455792596783,0.013297198264937471,-0.04259882550220251,0.030263556772363698
capacity_degradation,30.0,1.0,50.0,81,81,81,-1.1574074074074074,0.0,2.003685839757432,-6.25,0.0,-9.375,0.0,81,-0.7716049382716049,0.0,1.4431668361541947,-3.125,0.0,-6.25,0.0,81,-0.5587595617562995,-0.3086419753086602,0.7266753023539008,-2.0833333333333286,0.0,-3.125,0.0,81,5.307980599647551,5.0714285714285126,6.906422799919615,-0.26061507936537964,17.186011904762324,-27.813988095242024,23.02876984129398,81,-23.69753086419753,-18.0,19.80746055977799,-56.0,-6.0,-139.5,-2.0,81,-14.246913580246913,-10.0,16.102430611710094,-30.0,-3.0,-139.0,-1.0,81,0.18033492190903228,0.16256963386467932,0.07779754265937971,0.08411009430437233,0.3295822556857604,0.06752924940149194,0.38732764066765535,81,20.746913580246915,11.5,29.256636368607694,-18.5,72.5,-22.0,89.5,81,-0.002035148015537586,-0.005474234760047381,0.015482933357101545,-0.024151812898078218,0.02417497833927751,-0.028696913119174994,0.0442822002363803
capacity_degradation,30.0,1.0,60.0,81,81,81,-0.6172839506172839,0.0,1.5949561219244237,-3.125,0.0,-9.375,3.125,81,-0.8487654320987654,0.0,1.9771858996538805,-6.25,0.0,-9.375,3.125,81,-0.4769475055690865,-0.20576131687244015,0.8187928408483147,-2.0833333333333286,0.0,-3.125,2.962962962962976,81,5.189400842640771,4.2321428571337805,6.961596480451557,0.14285714285723827,17.372023809496994,-19.813988095257827,21.555357142878336,81,-24.265432098765434,-20.5,33.89700267167375,-65.5,-5.0,-182.0,181.5,81,-14.753086419753087,-11.0,26.40242927468869,-33.0,-3.0,-181.0,121.0,81,0.1769433324649289,0.156291946797479,0.07898311185263057,0.08269704183691945,0.32943241025981684,0.06706038512003545,0.38566428548477416,81,21.314814814814813,21.0,29.378185406484484,-16.5,65.5,-36.0,112.0,81,-0.002966673880817797,-0.0013175341324640488,0.016893488435096787,-0.02654070390269614,0.02664137387031662,-0.04907171251818765,0.03480321129965347
capacity_degradation,30.0,1.0,70.0,81,81,81,-0.7330246913580247,0.0,1.5045183363398122,-3.125,0.0,-6.25,0.0,81,-0.8873456790123457,0.0,1.6561444469044195,-3.125,0.0,-9.375,0.0,81,-0.5968672320182364,0.0,0.8569856315985408,-2.34375,0.0,-3.125,0.0,81,5.5154516950802215,5.226686507936279,6.710780781064257,0.13194444444137332,14.389384920634626,-21.813988095239125,30.156051587294982,81,-32.68518518518518,-24.5,33.60947080478623,-76.0,-5.0,-258.5,0.5,81,-20.0,-15.0,30.446264138642693,-38.0,-3.0,-258.0,2.0,81,0.17392839918916064,0.1522040178458532,0.08028808674613594,0.07674945162911817,0.3276186432523218,0.0611684231667535,0.3643147592863183,81,19.061728395061728,19.0,33.57402108737214,-25.0,75.0,-42.0,96.5,81,-0.0020919036712261007,-0.003453203658541515,0.02302738110814568,-0.04029552635326561,0.03784484968886437,-0.0482612368205142,0.05733396726268536
capacity_degradation,30.0,1.0,80.0,81,81,81,-0.7330246913580247,0.0,1.8000383119208094,-3.125,0.0,-6.25,3.125,81,-0.9259259259259259,0.0,1.877891289304161,-3.125,0.0,-9.375,3.125,81,-0.49524278584793097,0.0,0.8453416404240249,-1.9886363636363598,0.0,-3.050595238095241,2.962962962962976,81,5.291992455419222,5.651984126983379,6.920775859858019,0.18601190476232432,14.3100198412804,-25.813988095236965,26.06994047619616,81,-33.358024691358025,-25.0,51.46420082007864,-92.0,-6.0,-297.0,262.5,81,-20.11111111111111,-16.0,41.37722803668704,-46.0,-4.0,-297.0,175.0,81,0.17108245578814132,0.14933376488226163,0.07939346301664774,0.07507759752681775,0.32237670897536486,0.05794728395693627,0.37076004372206417,81,20.290123456790123,16.5,33.39890194653962,-28.5,80.5,-38.0,99.5,81,0.004863034614287772,0.0066153151505154995,0.02562780369274244,-0.03575294297557097,0.045012686244871425,-0.04353741343065565,0.08261260266199422
capacity_degradation,30.0,1.0,90.0,81,81,81,-0.5787037037037037,0.0,1.4072141756360723,-3.125,0.0,-6.25,3.125,81,-0.9645061728395061,0.0,1.6118742206159944,-3.125,0.0,-6.25,3.125,81,-0.430874130922864,0.0,0.7363886266995104,-1.5625,0.0,-2.0833333333333286,2.5925925925925952,81,4.855674358222549,5.170138888889532,6.342231003168473,-1.4139880952403416,17.372023809523185,-20.813988095239836,22.669345238095417,81,-36.05555555555556,-27.0,58.48530798414248,-110.0,-6.0,-344.0,289.5,81,-22.061728395061728,-16.0,48.08751024928727,-55.0,-3.0,-344.0,193.0,81,0.16847236915617322,0.1460640888322461,0.0801989698122528,0.0729003790762554,0.3208109338122034,0.05566757627317631,0.3630566648463148,81,22.506172839506174,17.5,31.46262602548861,-18.0,72.5,-33.5,97.5,81,0.01045637997274709,0.011323143129832625,0.029856666167267266,-0.03696363670442171,0.05345234494197659,-0.06198803657210217,0.09540254130444503
capacity_degradation,30.0,1.0,100.0,80,80,80,-0.6640625,0.0,1.466071149807358,-3.125,0.0,-6.25,0.0,80,-0.8984375,0.0,1.5076405813809146,-3.125,0.0,-3.125,3.125,80,-0.3960504263341436,0.0,0.7270896713174704,-1.5625,0.0,-2.0833333333333286,3.3333333333333286,80,4.11122767857332,3.3370535714289886,5.527796707330683,-2.1377728174580626,12.505332341270007,-17.813988095216587,17.601884920635825,80,-40.58125,-30.0,68.00900181249278,-110.7,-9.975000000000001,-423.0,324.0,80,-24.95,-18.0,57.27811343332646,-55.35,-5.950000000000003,-423.0,216.0,80,0.1665152062467846,0.1434870890458302,0.0797328394848407,0.07085037843818344,0.31862009814232933,0.05195211574502631,0.35980043362809633,80,22.175,19.75,31.97042739545565,-21.175,82.42499999999998,-30.0,115.0,80,0.01439205353456816,0.01550762206931977,0.03197708211238161,-0.03292269152501469,0.06485837707507124,-0.05286610913977752,0.11701497641703607
combined_stress,10.0,2.0,0.0,81,810,810,-0.22376543209876543,0.0,1.0756347569337736,-3.125,0.0,-12.5,0.0,810,0.2700617283950617,0.0,1.1520586705384814,0.0,3.125,-3.125,9.375,810,-0.07611345619551849,-0.054433565714425924,1.2235008264110574,-1.9005375463083933,1.8411782413950017,-9.334485219423172,6.394571562545423,230,0.27637681159419747,0.08333333333337123,3.179093431183727,-1.4208333333333618,0.5,-17.5,34.73333333333335,810,238.43086419753087,209.5,128.90918521434685,75.4,500.82499999999993,36.0,581.5,810,-41.17654320987654,-38.0,23.263465319916573,-85.0,-11.0,-136.0,0.0,810,0.333893325726806,0.29329478878140186,0.1400872694756911,0.1557233423795685,0.5585802564412797,0.12520268085383068,0.8614188840620173,810,238.43086419753087,209.5,128.90918521434685,75.4,500.82499999999993,36.0,581.5,810,0.0,0.0,0.0,0.0,0.0,0.0,0.0
combined_stress,10.0,2.0,10.0,81,810,810,-4.31712962962963,-3.125,5.490294752241279,-15.625,0.0,-34.375,0.0,810,-7.901234567901234,-3.125,12.21369769272742,-37.5,3.125,-59.375,18.75,810,-4.700484962999638,-3.7478792848474143,4.088426924629287,-11.797730038974118,0.05337117652084988,-24.514868004240476,3.206387136414307,733,29.553677808096122,19.569444444444287,64.19497885569432,-41.20138888888904,163.25305555556758,-281.3340277777827,263.3319444444434,810,578.9925925925926,578.25,296.1157639851995,176.95,1095.55,-49.0,1328.5,810,-132.48888888888888,-121.5,72.12513504367243,-259.0,-34.450000000000045,-420.0,-7.0,810,0.4486461677364948,0.42534545743749774,0.12027340308283208,0.30191929166816683,0.7035190430640402,0.018536341116758615,0.8305939737235857,810,206.8641975308642,131.5,159.4826736396742,54.45,531.4749999999998,24.5,700.5,810,-0.0040292878745587304,-0.0055383234084613875,0.013725009813429789,-0.023097792691677232,0.018596414286417656,-0.04422462542497407,0.09686108483034506
combined_stress,10.0,2.0,20.0,81,810,810,-3.734567901234568,-3.125,4.262555198670455,-12.5,0.0,-21.875,3.125,810,-8.024691358024691,-3.125,11.490004788536545,-31.25,0.0,-68.75,9.375,810,-4.160560921804978,-3.8888888888888857,3.125091598990049,-9.811194653299912,0.0,-20.100122100122093,2.6666666666666714,780,34.6737143874661,24.986458333332443,43.56481548408467,0.4340277777778567,130.94861111111095,-102.61805555556106,239.54861111111146,810,821.6777777777778,803.5,400.822335175789,300.95,1484.05,135.5,1687.5,810,-167.25185185185185,-166.5,78.31395897830508,-300.55,-53.0,-391.0,-19.0,810,0.46176110543831006,0.43843354024700876,0.1411920322890824,0.2729944224574679,0.7305656148978749,0.2317189913990747,0.9393883704270589,810,206.2679012345679,115.75,165.01127378585466,44.0,536.5999999999999,9.5,672.0,810,-0.012299618921796977,-0.013401038215526628,0.01839004958293065,-0.03921607379673494,0.018735674372921337,-0.06194189541090522,0.052381112791098694
combined_stress,10.0,2.0,30.0,81,810,810,-3.7885802469135803,-3.125,4.660675388502058,-12.5,0.0,-25.0,0.0,810,-6.030092592592593,-3.125,7.758807218491459,-18.75,0.0,-56.25,6.25,810,-3.5387719911967714,-3.0303030303030454,3.0074991550500183,-9.636201225045374,0.0,-16.68402777777777,2.421652421652425,810,23.191390603568692,16.309027777789737,25.203812142821228,0.43402777777762935,70.26736111111204,-102.39930555555111,199.8166666667084,810,1067.4839506172839,1065.25,513.1971152484492,392.3,1851.0,262.5,2071.5,810,-196.02592592592592,-195.5,86.00079379542498,-340.55,-69.90000000000009,-475.0,-25.0,810,0.4651675553310078,0.4436286381170826,0.15725800624475034,0.2604257772615001,0.7553960757459903,0.20420559499121935,0.9880511487861954,810,215.54074074074074,130.5,170.16921032559776,45.725,561.55,1.0,635.5,810,-0.017595028200007645,-0.0186797828137788,0.01998998847827203,-0.04802394586288805,0.01584390455341871,-0.08433872785576191,0.06352386109165731
combined_stress,10.0,2.0,40.0,81,810,810,-3.8580246913580245,-3.125,4.203025734748061,-12.5,0.0,-15.625,3.125,810,-4.834104938271605,-3.125,5.33823576617579,-15.625,0.0,-40.625,6.25,810,-2.999852103239289,-2.281910797535801,2.8474836833328623,-8.401027358058604,0.0,-16.458333333333343,2.9629629629629477,810,16.858508230454426,13.583333333332543,17.48875412355459,0.43402777777773166,51.174722222219614,-37.31319444444003,132.26736111111182,810,1300.1345679012345,1328.0,610.7719313125252,481.85,2218.1,307.0,2434.5,810,-232.32592592592593,-226.5,100.75834799987163,-404.55,-90.0,-533.0,-15.0,810,0.46562628519102006,0.43130970753478487,0.16986828733132892,0.2482564051240432,0.7615415493422913,0.14395626779526252,1.012538279841394,810,223.1037037037037,140.0,172.24467242946116,48.5,552.5999999999999,14.0,724.0,810,-0.020556992134878566,-0.021238688215781676,0.021679518617669674,-0.05494528007319342,0.01465074059189819,-0.10214711322443226,0.03884613012020943
combined_stress,10.0,2.0,50.0,81,810,810,-4.197530864197531,-3.125,4.8969946210483535,-12.5,0.0,-25.0,0.0,810,-3.8271604938271606,-3.125,4.2425800449425966,-12.5,0.0,-25.0,6.25,810,-2.436187482050464,-1.8130404245289569,2.4625663809765106,-8.081101190476186,0.0,-14.6875,1.9270833333333428,810,14.913540809328182,13.235416666683157,14.847519556314339,0.4340277777781125,36.77545138888882,-27.56597222222601,122.78402777777787,810,1529.6148148148147,1548.5,693.938658195181,613.625,2535.55,259.0,2758.5,810,-266.18765432098763,-265.5,114.50505884044343,-452.55,-99.45000000000005,-699.0,-19.0,810,0.46730114347438917,0.43347042546240044,0.18391513802602777,0.236140833556595,0.8088351571006127,0.12355655624155074,1.0356209959280782,810,235.10493827160494,155.0,171.3871028874458,48.0,574.275,18.5,713.5,810,-0.016034735462502014,-0.017930870983160374,0.027918448419816153,-0.059228561650998025,0.03509384711826864,-0.09022596347252398,0.07775456053040641
combined_stress,10.0,2.0,60.0,81,810,810,-4.027777777777778,-3.125,5.511446539182297,-15.625,0.0,-31.25,3.125,810,-3.8233024691358026,-3.125,4.98732643385643,-15.625,0.0,-21.875,6.25,810,-2.0649449192416696,-1.3157894736842053,2.6642869844603676,-7.8125,0.0,-15.989583333333343,2.5925925925925952,810,12.751711248284904,11.868055555558566,13.22738894386111,0.0,31.427951388887948,-20.565972222244937,144.53124999999284,810,1762.1901234567902,1805.25,796.6876232250535,720.175,2893.825,402.5,3104.0,810,-300.1567901234568,-296.0,126.46267147934937,-498.0,-122.45000000000005,-841.0,-34.0,810,0.4629523315066223,0.4172304799435933,0.1891448022388428,0.22695032543565413,0.8140049065117694,0.12215845542452533,1.028751103745344,810,240.71604938271605,184.0,165.8014833484352,56.725,549.5999999999999,-14.0,704.0,810,-0.018774671247084086,-0.02129079465447048,0.028159335171339284,-0.06300806656072853,0.030494129536531574,-0.1028197116768339,0.07614331628125925
combined_stress,10.0,2.0,70.0,81,810,810,-3.128858024691358,0.0,4.747312012676426,-12.5,0.0,-28.125,0.0,810,-3.2137345679012346,-3.125,3.800181396999554,-9.375,0.0,-15.625,6.25,810,-1.7586463178281475,-1.3020833333333428,2.077582888946507,-5.572916666666671,0.0,-14.81481481481481,1.5625,810,10.03082647462277,8.868055555578522,9.731889309812507,-1.0937500000106866,28.570138888896338,-25.565972222231608,51.53124999999879,810,1986.0765432098765,2039.75,885.9132203190783,845.9,3230.825,551.5,3494.5,810,-336.441975308642,-328.0,145.54585790252787,-557.55,-138.9000000000001,-1060.0,-85.0,810,0.46093473039528376,0.4170632063011542,0.1971142363059897,0.21675441752491176,0.8299694492418894,0.10874576991872079,1.006768299272379,810,242.86172839506173,183.0,169.94820345789606,45.225,554.275,18.0,744.5,810,-0.01873683637357209,-0.021602610726775162,0.03530717426586296,-0.07518273924943727,0.04407291962713957,-0.10701544407877295,0.07048571198413645
combined_stress,10.0,2.0,80.0,81,810,810,-3.900462962962963,-3.125,5.4924929609709165,-15.625,0.0,-21.875,3.125,810,-3.0632716049382718,-1.5625,4.177461352319108,-12.5,0.0,-15.625,9.375,810,-1.6498690799679954,-1.1870941558441501,2.206485702073121,-6.225074404761907,0.0,-13.541666666666657,6.410256410256409,810,9.922184499315483,9.868055555555237,10.019569584990903,-0.12906250000381372,27.445173611140856,-30.565972222219244,65.91736111111022,810,2228.296296296296,2267.25,988.6783100946087,960.725,3591.0,313.5,3851.0,810,-365.5814814814815,-361.5,150.95224370355507,-599.65,-161.9000000000001,-813.0,-100.0,810,0.4548495973564053,0.40783332716620385,0.19651764732161947,0.2106043866034434,0.8275698001122664,0.14129799847355662,1.0151029974748318,810,243.70864197530864,192.0,163.16969538670796,53.0,538.8749999999999,15.0,658.5,810,-0.012624569843335983,-0.012748924593454225,0.038411956071844285,-0.07243405194517413,0.05310618995454966,-0.11309685915916612,0.09098634832528729
combined_stress,10.0,2.0,90.0,81,810,810,-3.263888888888889,0.0,5.016101238177316,-15.625,0.0,-28.125,3.125,810,-2.8973765432098766,-3.125,3.674794512582803,-9.375,0.0,-15.625,6.25,810,-1.2956125221001622,-0.8099680669125036,1.6012236500943635,-3.934895833333323,0.0,-11.538461538461533,0.3703703703703525,810,9.221683813444786,9.58472222221829,8.218238893891577,-1.4894097222133207,20.81874999999964,-20.565972222223593,48.43402777775093,810,2463.9703703703703,2509.5,1076.0876754024916,1109.225,3954.5,326.0,4171.5,810,-397.9382716049383,-391.0,163.75750452644033,-640.55,-182.0,-821.0,-136.0,810,0.4514658652208796,0.39855009020440646,0.20134954325026727,0.20759469888976026,0.8381311732798381,0.16251656128447048,0.9994391347233008,810,252.76296296296297,201.5,157.73515413204245,56.725,545.275,11.0,660.5,810,0.0011951935826703492,-0.0031708479344768614,0.04504415154549682,-0.06312731676728467,0.08125052676866291,-0.10992374373257796,0.12205698733406933
combined_stress,10.0,2.0,100.0,80,800,800,-3.12109375,0.0,5.096311571814188,-15.625,0.0,-31.25,0.0,800,-2.55078125,0.0,3.544629217740907,-9.375,0.0,-15.625,3.125,800,-1.1415752389198106,-0.6634317026474008,1.4628273229439273,-3.90625,0.0,-9.926739926739927,0.8465608465608341,800,8.608336805557782,9.352083333349462,7.152458984580396,-1.5659722222092824,19.170138888887116,-17.565972222191334,30.076388888892446,800,2666.5275,2721.0,1156.6597296337613,1244.975,4300.0,827.0,4348.0,800,-431.785,-422.0,181.14680229022807,-675.0,-203.95000000000005,-957.0,-183.0,800,0.44993146602593925,0.39397887700838885,0.2034261510634097,0.20023020052808746,0.8267602684584816,0.12248108683765854,0.9848561503802021,800,252.77875,213.0,151.78989595516595,65.5,526.5,24.5,688.5,800,0.0065110146459238525,0.003208462809427215,0.04720629208297289,-0.0648268449518488,0.08811600993190973,-0.1164632182631209,0.1360651984485941
combined_stress,10.0,4.0,0.0,81,810,810,-0.28935185185185186,0.0,1.030989260986623,-3.125,0.0,-9.375,0.0,810,0.2507716049382716,0.0,1.2989858375343628,0.0,3.125,-3.125,12.5,810,-0.5396917175535819,-0.32331392291128935,1.8319451184976023,-3.715315781812222,1.5626808779886772,-13.056650913745933,6.325655137298341,230,0.23210144927536283,0.25,2.927436705809195,-2.6666666666666288,1.5,-16.5,18.83333333333333,810,764.9086419753087,663.0,408.66831010967064,263.95,1622.9999999999995,133.0,1843.0,810,-43.60493827160494,-40.0,24.767287235231812,-91.0,-9.0,-130.0,0.0,810,0.9899270856679165,0.8794589481123813,0.4093738917758886,0.4803883374888904,1.6125219543258156,0.38770866780731883,2.506424815710772,810,764.9086419753087,663.0,408.66831010967064,263.95,1622.9999999999995,133.0,1843.0,810,0.0,0.0,0.0,0.0,0.0,0.0,0.0
combined_stress,10.0,4.0,10.0,81,810,810,-8.931327160493828,-6.25,8.79960173333955,-25.0,0.0,-43.75,0.0,810,-29.108796296296298,-28.125,20.20837514703493,-61.09374999999999,0.0,-87.5,6.25,810,-14.102477869968789,-14.123264953757158,5.775456014328091,-23.97128719981555,-4.818321613587404,-31.769011203221723,-1.1156747500696085,666,58.85470574741538,74.42083333335225,89.3260080864968,-86.01736111112574,194.37760416666094,-301.86736111111605,250.1493055555557,810,1678.495061728395,1655.5,880.897528012285,535.2,3223.1,189.5,3770.5,810,-201.71481481481482,-190.5,95.20877535760795,-363.1,-64.45000000000005,-471.0,-42.0,810,1.1477982784236227,1.0988917406132255,0.2876354389681508,0.7827504393466862,1.7897814624123067,0.5474360357336583,2.0515955917535993,810,787.7308641975309,593.5,511.42457226161207,273.45,1959.875,156.5,2228.5,810,-0.00591513187100245,-0.006636356735813975,0.018640349821874305,-0.03749535975583128,0.025717759722841158,-0.06307953419825596,0.0741443815085896
combined_stress,10.0,4.0,20.0,81,810,810,-9.359567901234568,-9.375,6.8981555415099605,-21.875,0.0,-31.25,0.0,810,-26.64351851851852,-21.875,18.814255485763645,-62.5,0.0,-90.625,0.0,810,-12.764762739528946,-13.324175824175825,5.568151968665801,-20.06288943777208,-2.504291924716443,-35.1471070311148,2.024827024827033,769,76.69612953330662,78.60416666666666,55.35700781939377,-23.06986111111264,161.45250000000001,-101.95138888889439,257.4972222222219,810,2404.1493827160493,2363.75,1159.4866780261057,904.95,4511.775,609.0,5029.0,810,-238.5074074074074,-230.0,106.22135885651502,-419.0,-83.45000000000005,-509.0,-22.0,810,1.1910211828247477,1.1801114256283962,0.36488341854902184,0.7010784927892287,1.8625981432768108,0.6139155586794525,2.4097768705812874,810,846.1037037037037,607.25,582.0842333762591,257.725,2088.0,188.5,2431.5,810,-0.021177906051107583,-0.02167764926707183,0.03050335860005714,-0.07362721737196885,0.03324917719671584,-0.0962239940287597,0.10383248737901729
combined_stress,10.0,4.0,30.0,81,810,810,-10.054012345679013,-12.5,6.818757708491748,-18.75,0.0,-31.25,0.0,810,-21.257716049382715,-18.75,15.472601608163973,-53.125,-6.25,-81.25,0.0,810,-12.676105576055111,-13.80427170868348,5.675738446563718,-20.0,-2.7862353860503535,-27.628206001435302,2.421652421652425,809,64.79924890125456,68.47083333334933,49.83253755554416,1.3020833333333428,138.26583333333124,-163.01805555556396,256.3020833333652,810,3042.620987654321,2953.5,1422.3995921268338,1249.725,5433.25,826.5,6076.5,810,-291.116049382716,-287.5,125.57521097363508,-507.55,-109.45000000000005,-603.0,-41.0,810,1.1910470619363074,1.136890261306924,0.4264343848643114,0.6238430349597734,1.9081337854531053,0.5762254268761804,2.5004559015276904,810,911.4543209876543,625.75,616.9930910675287,289.975,2152.7999999999993,168.0,2487.5,810,-0.03321167647088979,-0.03136944115771456,0.03150522413004335,-0.0880054518803556,0.020579777020694523,-0.138755883836281,0.07573046811530992
combined_stress,10.0,4.0,40.0,81,810,810,-10.864197530864198,-12.5,6.537033701521434,-21.875,0.0,-28.125,0.0,810,-16.824845679012345,-15.625,11.14161548514956,-40.625,-3.125,-71.875,0.0,810,-12.028317782837545,-13.091517857142854,5.2329360158335785,-18.973214285714292,-3.4860236696174187,-21.841856060606062,0.0,810,59.01282921811275,56.60416666666666,34.83111041152958,4.302083333353721,120.43628472222862,-3.697916666673933,237.0659722222219,810,3704.5765432098765,3625.0,1720.0298313789572,1548.325,6446.15,998.5,7056.5,810,-342.6333333333333,-337.5,145.51670053973302,-581.55,-135.0,-689.0,-61.0,810,1.1823850362295527,1.108893802754383,0.4596231404460948,0.5934972029214003,1.963374018845301,0.5359611226907711,2.533917738043725,810,985.2432098765432,693.5,667.9314891142475,299.675,2389.6,165.0,2664.5,810,-0.046434201913975084,-0.0438768231641099,0.029506888095663077,-0.09744106466345998,0.0021770174149633604,-0.1504748907362774,0.03398205395361664
combined_stress,10.0,4.0,50.0,81,810,810,-11.454475308641975,-12.5,7.398308270695403,-21.875,0.0,-37.5,0.0,810,-13.858024691358025,-12.5,7.364538238940278,-21.875,-3.125,-62.5,0.0,810,-11.060884716065567,-11.669835099111417,5.131125734651864,-18.687562003968253,-2.451843386876289,-21.09375,0.0,810,49.30481481481823,47.14409722223075,30.472487479787244,4.302083333335759,99.62152777777979,-6.697916666673933,214.13541666671262,810,4368.861728395062,4317.25,1996.649769858963,1817.35,7424.0,1171.0,7928.0,810,-392.9283950617284,-399.0,165.89258087468158,-678.65,-155.0,-777.0,-46.0,810,1.183998575692551,1.0841787765985265,0.5015296668706273,0.5685681514073803,2.170675063229804,0.46796790219397355,2.7681945640117007,810,1064.651851851852,772.75,707.0266068342812,314.9,2505.775,223.0,2911.5,810,-0.044501281974454146,-0.048097601565395,0.03451317941086825,-0.09831855799008873,0.016026750389825116,-0.1475816777041945,0.05700378870301148
combined_stress,10.0,4.0,60.0,81,810,810,-10.906635802469136,-9.375,7.574137996339369,-25.0,0.0,-37.5,0.0,810,-14.992283950617283,-15.625,7.678898636544376,-28.125,-3.125,-50.0,3.125,810,-10.374031284641118,-11.34551547579553,5.064292521421741,-17.91852678571429,-2.6361705084131493,-21.875,0.4711174242424221,810,43.126814128946016,41.06666666666473,26.760412445659416,5.302083333330415,94.92500000001078,-5.697916666658898,168.13541666666373,810,5062.469135802469,5079.25,2339.0323196772906,2100.8,8523.15,1355.5,8937.0,810,-438.7172839506173,-445.0,176.06260916542396,-725.55,-186.0,-868.0,-86.0,810,1.1651403912653255,1.0999244535127255,0.49300455227973516,0.5655079094135221,2.1217057692021424,0.44251561629620273,2.61680487516964,810,1133.0543209876544,808.5,749.3865291681823,322.225,2634.1,188.0,3176.5,810,-0.05511743645165858,-0.05469631697091859,0.036114483653341474,-0.1171090243983486,0.004987558411108995,-0.16835586962897375,0.03953770933909939
combined_stress,10.0,4.0,70.0,81,810,810,-9.591049382716049,-9.375,7.430703567666882,-25.0,0.0,-37.5,0.0,810,-13.614969135802468,-12.5,6.207254605160483,-21.875,-6.25,-31.25,0.0,810,-9.094485861723994,-9.103041056166042,4.359071439619429,-16.822916666666657,-2.4372663726076604,-19.6875,0.0,810,39.33422496570795,34.87916666668334,25.919885590178545,1.8680555555547471,88.13590277781012,-6.6979166666545495,143.5659722222219,810,5769.8074074074075,5759.0,2668.724437314269,2428.225,9615.925,1400.5,10274.0,810,-482.3160493827161,-494.0,193.16497714326093,-786.2,-217.0,-1021.0,-129.0,810,1.1584581569213281,1.0880998409008469,0.5044270053028563,0.557900560513555,2.1404942601055206,0.3988714700437884,2.61898998564054,810,1199.151851851852,849.0,792.264641286083,327.225,2751.975,224.0,3292.0,810,-0.06210000210727961,-0.06650635757691015,0.04615421133838399,-0.13871966722937878,0.012988127204288115,-0.21229541410676211,0.04859693061648129
combined_stress,10.0,4.0,80.0,81,810,810,-9.614197530864198,-9.375,7.793165445555394,-25.0,0.0,-31.25,0.0,810,-14.193672839506172,-12.5,6.921819904403886,-21.875,-3.125,-43.75,0.0,810,-8.180459974035553,-7.7777777777777715,4.4391507489876,-16.382812499999996,-1.8746039746543737,-19.53125,3.952380952380963,810,34.88664609053834,32.54513888889139,23.907509359322432,2.3854166667065613,73.4604166666665,-6.69791666666643,251.0493055555516,810,6463.276543209877,6463.25,3008.6134959771625,2702.725,10744.025,1587.5,11364.0,810,-528.5493827160494,-543.5,203.2714958359779,-833.55,-239.0,-1135.0,-168.0,810,1.1442121630016258,1.0775296826118683,0.504601293080616,0.546962416047838,2.1343005380768196,0.41492164395031644,2.650807820989844,810,1266.8703703703704,949.25,817.6914577094392,339.725,2852.075,247.0,3532.0,810,-0.05940924669901014,-0.05994169509867464,0.050276024803368,-0.13962187725778955,0.031267715854934,-0.19342800986141606,0.07696932824316405
combined_stress,10.0,4.0,90.0,81,810,810,-9.556327160493828,-6.25,8.033435667623001,-25.0,0.0,-37.5,0.0,810,-13.283179012345679,-12.5,6.240456143497541,-21.875,-3.125,-31.25,0.0,810,-7.030419601065426,-6.429763491395427,4.130322915856027,-14.583333333333329,-1.1304901695526728,-17.96875,0.0,810,31.15674039780903,29.04305555555111,19.678188657159364,1.8680555555532976,65.71590277777764,-7.697916666666174,117.5659722221946,810,7186.538271604938,7229.5,3337.7579670147306,3023.075,11848.4,1664.0,12712.5,810,-569.2444444444444,-587.5,216.10721484150247,-901.1,-261.0,-1276.0,-189.0,810,1.134459275956017,1.0661685927355347,0.5072791432417498,0.5336059692916838,2.1155355339032047,0.39783535032455,2.6308128139511653,810,1320.9753086419753,987.0,841.4076832173702,363.0,2865.875,255.0,3764.5,810,-0.04799769232790863,-0.05334561674915972,0.06016383395527006,-0.13315802012075484,0.05477469404766402,-0.19076305097317214,0.1343615308271231
combined_stress,10.0,4.0,100.0,80,800,800,-8.921875,-6.25,7.997596121743906,-25.0,0.0,-31.25,0.0,800,-10.78125,-12.5,6.381593378032887,-18.75,0.0,-21.875,0.0,800,-5.762944680045784,-5.022446689113352,3.99370725598756,-13.28125,0.0,-18.22916666666667,0.0,800,22.57548611111525,22.96874999999964,12.655930125694072,2.3812500000240493,44.747881944467736,-8.697916666628345,64.60416666669965,800,7841.3125,8014.0,3621.587079729525,3388.95,12894.849999999999,1849.0,13752.0,800,-607.28375,-614.5,234.6405729707515,-952.1,-276.0,-1465.0,-241.0,800,1.133579413441968,1.0468815186817249,0.5102210857995828,0.5187856795364845,2.080041769580562,0.3456535628900672,2.5834457346444495,800,1379.2025,1066.0,869.2249753752017,384.6,2858.125,276.0,4009.5,800,-0.04343794555295581,-0.0503717213702114,0.06377947750374825,-0.135111827875744,0.07847041038670016,-0.18664068272752332,0.1505525326163457
combined_stress,20.0,2.0,0.0,81,810,810,-0.42052469135802467,0.0,1.5934136695726349,-3.125,0.0,-15.625,0.0,810,0.5555555555555556,0.0,1.7797445685534277,0.0,6.25,-6.25,12.5,810,-0.007943001895643842,0.03686644730771427,1.9466218720233777,-2.759759477272177,2.762966910784313,-16.04552886960662,9.1848548596071,228,-0.34846491228070736,0.08333333333337123,3.8309561462965895,-4.833333333333352,0.5,-17.75,25.0,810,178.86296296296297,158.0,100.49459141390311,50.225,382.0,-9.0,502.0,810,-81.75432098765432,-75.0,42.36678547624646,-158.0,-24.0,-206.0,-10.0,810,0.3331500048923447,0.2862894491572303,0.14578730809949023,0.15951942448572673,0.593626246649236,0.08333089843683716,0.9014512923682481,810,178.86296296296297,158.0,100.49459141390311,50.225,382.0,-9.0,502.0,810,0.0,0.0,0.0,0.0,0.0,0.0,0.0
combined_stress,20.0,2.0,10.0,81,810,810,-5.7253086419753085,-3.125,7.145014224826873,-18.75,0.0,-40.625,0.0,810,-13.387345679012345,-6.25,18.111652249598748,-50.0,3.125,-78.125,46.875,810,-6.680434706193546,-5.604403287955122,5.455442111147339,-16.751519595884503,0.014285625031240796,-29.57895617454441,5.766856007240619,720,42.92408275463189,32.35069444444307,83.05470343070579,-103.5696180556053,205.50361111111064,-281.3340277777827,270.7,810,396.441975308642,377.75,222.90956464103166,82.225,785.3249999999999,-58.0,1149.5,810,-243.7925925925926,-234.0,124.01832650745696,-463.1,-71.45000000000005,-609.0,-27.0,810,0.4721966696374858,0.4473690835392194,0.1284055153483758,0.319428708424193,0.7243200856454896,0.11667705907200832,0.9149838073375061,810,183.4543209876543,129.5,137.1986497043172,46.225,466.275,8.0,649.5,810,-0.0038905994878117717,-0.005487911742885432,0.018320354333789667,-0.030712919570293182,0.026169315489114456,-0.061172149025849665,0.11675974277149215
combined_stress,20.0,2.0,20.0,81,810,810,-5.061728395061729,-3.125,5.401366664288325,-15.625,0.0,-31.25,3.125,810,-11.17283950617284,-6.25,13.70676802765969,-43.75,0.0,-75.0,9.375,810,-5.439239061484439,-4.955357142857139,4.033084043609568,-12.974780427905415,0.0,-29.364024864024856,8.89038991311719,778,49.56072461439846,34.38576388889039,58.018357552401504,-4.5659722222146115,181.91493055555296,-133.697916666671,270.0000000000199,810,581.0259259259259,567.5,305.4658521708551,158.225,1097.275,-81.5,1384.0,810,-304.70246913580246,-303.0,137.17840600561715,-525.55,-109.0,-672.0,-49.0,810,0.5085321721613728,0.47817116469266147,0.149336909470466,0.3125054568654495,0.8166941970758843,0.23444690472425017,1.035045298497104,810,187.00987654320988,118.75,148.81405891169894,38.725,490.8749999999999,-3.5,657.5,810,-0.011689267155415841,-0.013971485712647058,0.02535061691302737,-0.04992534527471062,0.034436781732270445,-0.0861948684805307,0.09315312019212718
combined_stress,20.0,2.0,30.0,81,810,810,-5.1234567901234565,-3.125,5.690687187740296,-15.625,0.0,-31.25,0.0,810,-9.027777777777779,-6.25,11.153748046654862,-31.25,0.0,-65.625,6.25,810,-4.657300822269243,-3.718841440195604,3.719134134749022,-11.946380876068375,0.0,-20.312499999999986,3.794642857142861,809,34.097748420549514,24.667361111111603,41.10982731038034,0.4340277777778567,99.60277777779311,-126.04930555555525,273.816666666705,810,753.9493827160494,732.0,388.26229048285205,234.20000000000002,1396.275,89.5,1717.5,810,-368.6333333333333,-374.0,158.2144267150325,-637.2,-147.45000000000005,-800.0,-67.0,810,0.5219678129415356,0.49958164171914043,0.1655824721810934,0.3042462450915475,0.8310025889192533,0.23558026067919066,1.1124142993385373,810,201.5888888888889,121.5,158.195116259654,41.0,510.5,-25.0,639.0,810,-0.016240138189883284,-0.017449461042652548,0.025602201455007894,-0.05378994119414058,0.028658600649561262,-0.08974741887905613,0.1097584691153457
combined_stress,20.0,2.0,40.0,81,810,810,-5.324074074074074,-3.125,5.142637795203169,-15.625,0.0,-21.875,3.125,810,-6.832561728395062,-6.25,7.7804508084659645,-18.75,0.0,-62.5,9.375,810,-3.9168395772832216,-3.079189881809363,3.431729931336897,-10.495135073260071,0.0,-16.66666666666667,7.5211020863194875,810,24.454459876544767,18.758333333326725,25.86287273903829,0.43402777777762935,66.33993055555459,-53.47986111108912,216.43402777778695,810,932.9098765432099,944.25,470.8847968109851,292.5,1674.55,104.0,1979.0,810,-430.0246913580247,-427.0,178.30978690615308,-722.1,-176.0,-839.0,-83.0,810,0.530876987066615,0.5066847720987478,0.18115284654611113,0.29138753322607186,0.8488500884571044,0.1858246532662798,1.1206033915325406,810,210.81358024691357,135.0,162.76496264944737,41.5,529.5999999999999,-24.0,688.0,810,-0.02097034698070104,-0.021321741169223474,0.02666886007075694,-0.06440187179959396,0.0253213550384931,-0.10101146568906505,0.0778574550225346
combined_stress,20.0,2.0,50.0,81,810,810,-5.528549382716049,-3.125,5.773964455930555,-15.625,0.0,-31.25,0.0,810,-5.084876543209877,-3.125,6.003122486605577,-15.625,0.0,-53.125,9.375,810,-3.1414859044272165,-2.25826462462976,3.161117789472618,-10.15625,0.0,-15.833333333333343,3.0357142857142776,810,20.72604423868283,17.34895833333285,18.354642335307897,0.4340277777795336,55.402083333330665,-28.82986111109446,112.78402777777738,810,1106.2543209876544,1099.0,534.7637113333853,391.8,1946.2499999999998,121.0,2137.5,810,-491.86172839506173,-501.0,202.22114745152993,-805.65,-208.0,-956.0,-114.0,810,0.5363668472869769,0.4991619447832859,0.19851872772087295,0.28122571191655055,0.9130096963234456,0.18126356406481234,1.2032526580274057,810,224.8740740740741,149.25,167.33049891144316,43.5,548.775,12.5,751.5,810,-0.015400487998294807,-0.01760129035767044,0.03192265304356848,-0.06344652312959335,0.04078045575599665,-0.1265774660941652,0.09407648056210127
combined_stress,20.0,2.0,60.0,81,810,810,-5.300925925925926,-3.125,6.274373912354449,-18.75,0.0,-28.125,3.125,810,-4.398148148148148,-3.125,5.305161935996616,-15.625,0.0,-21.875,12.5,810,-2.480334472833012,-1.5625,3.1530031163836694,-9.114583333333329,0.0,-18.63839285714286,11.88811188811188,810,17.284339849107674,15.408680555559052,16.333819161569014,0.316145833349328,47.05138888889874,-23.565972222221177,116.0833333333321,810,1293.5111111111112,1318.25,610.6768220295849,450.225,2207.375,264.5,2501.5,810,-549.358024691358,-547.0,228.38816136831804,-905.55,-232.45000000000005,-1096.0,-162.0,810,0.5381447754368883,0.4904626259612987,0.2084937724558366,0.2754477809263833,0.9301499610939936,0.15161589090515856,1.1860327771478434,810,232.70864197530864,180.25,165.11550528619702,49.225,545.775,-3.5,693.0,810,-0.01924547262730957,-0.02087717266911937,0.033721288011604754,-0.07239974827620986,0.03823484529924181,-0.11936643319398654,0.0885688408369183
combined_stress,20.0,2.0,70.0,81,810,810,-4.147376543209877,-3.125,5.447452092657418,-15.625,0.0,-31.25,0.0,810,-3.75,-3.125,4.542793706528414,-12.5,0.0,-34.375,6.25,810,-2.1752066938270413,-1.5089699074074119,2.481698820757574,-7.21291762672811,0.0,-13.020833333333343,5.952380952380963,810,13.758136145404535,12.10034722222202,12.618164430323631,0.4340277777814947,34.868055555556516,-24.829861111111427,111.9173611111062,810,1450.2641975308643,1475.25,665.5128160735385,563.725,2431.275,116.5,2716.5,810,-618.8135802469136,-610.0,256.5014423479864,-1005.1,-273.45000000000005,-1122.0,-183.0,810,0.5378941970127102,0.49072077699048977,0.21791932672821643,0.2638379526996157,0.9438833399253754,0.16538688653677935,1.1638434688541468,810,237.0530864197531,191.75,170.8930632937838,39.725,549.9749999999998,-8.0,784.5,810,-0.018325090439544386,-0.018663598067187315,0.0398680049825375,-0.0873351182451906,0.046038226593717896,-0.12811509236743546,0.08532788339201347
combined_stress,20.0,2.0,80.0,81,810,810,-4.756944444444445,-3.125,5.993762369788133,-18.75,0.0,-21.875,3.125,810,-3.576388888888889,-3.125,4.546114025721072,-12.5,0.0,-21.875,6.25,810,-1.9635333482756951,-1.4099702380952408,2.5295253782633424,-7.244791666666661,0.0,-18.75,3.952380952380963,810,13.491776406037541,12.000000000001219,14.337399735897137,0.4340277777785957,34.58697916666851,-30.093749999998067,125.78402777777931,810,1623.4654320987654,1648.25,740.8460357038897,642.725,2712.325,225.0,2886.5,810,-681.0567901234568,-676.0,277.4516191583944,-1086.65,-309.45000000000005,-1294.0,-196.0,810,0.5338302758431303,0.4839084713585239,0.21870868642826108,0.2574971492068711,0.9463020612493032,0.16813031296532588,1.239234745024509,810,239.57654320987655,187.5,165.69582559148478,45.225,539.7999999999997,-4.0,744.5,810,-0.010687639847338259,-0.012507451345555198,0.043123872024115106,-0.07726473456874537,0.0629744573438941,-0.1569293683099653,0.11408907734285334
combined_stress,20.0,2.0,90.0,81,810,810,-4.33641975308642,-3.125,5.772342053088511,-17.343749999999993,0.0,-34.375,3.125,810,-3.7037037037037037,-3.125,4.353678152974747,-12.5,0.0,-25.0,6.25,810,-1.6860253422078681,-1.070304863147598,2.0541128669208066,-5.46875,0.0,-14.81481481481481,1.0416666666666572,810,11.23777091906839,11.434027777777253,9.661595617775147,-2.106770833331025,27.121666666665718,-20.565972222223593,62.118055555586764,810,1793.3012345679012,1821.25,801.5541135246198,758.675,2928.6,144.0,3154.0,810,-745.8061728395062,-739.0,306.0352964630969,-1169.1,-344.0,-1609.0,-262.0,810,0.5323859117552668,0.4740607597102394,0.22684961065076117,0.2526518251192789,0.9617691801523806,0.13180190777856796,1.1808419177215903,810,248.38024691358024,196.25,158.37119750041037,54.5,531.775,17.5,734.0,810,0.002866434248686717,-0.00233727137223505,0.04749133237214157,-0.06991521564888493,0.08012152432666655,-0.12138351046882212,0.15469489563651684
combined_stress,20.0,2.0,100.0,80,800,800,-4.109375,0.0,5.852733381242896,-18.75,0.0,-28.125,0.0,800,-2.96484375,0.0,4.005827553367729,-9.531249999999991,0.0,-18.75,3.125,800,-1.36901030899376,-0.8379710159121885,1.8562964109477487,-4.6875,0.0,-11.979166666666657,1.5625,800,10.801517361114215,11.001388888897523,9.436515502306204,-1.5659722222098402,22.711111111110647,-17.565972222227742,109.17013888889392,800,1948.43625,2001.0,868.0218766879949,861.925,3182.0,219.0,3230.0,800,-803.69,-800.0,327.1500540230876,-1251.05,-390.0,-1423.0,-312.0,800,0.5317513659858192,0.4719199826194915,0.2299783428358031,0.24513741429240063,0.9533380281381804,0.1556073889763798,1.1548392109425554,800,247.94,210.5,152.8000080270493,55.95,515.525,-2.0,718.5,800,0.011658319271335447,0.009039401434277061,0.049755683217619764,-0.06585333107699706,0.09382989931728034,-0.12202029272901926,0.13936530842746064
combined_stress,20.0,4.0,0.0,81,810,810,-0.5439814814814815,0.0,1.7318094971419002,-3.125,0.0,-15.625,0.0,810,0.5285493827160493,0.0,1.7641728472607154,0.0,3.125,-3.125,12.5,810,-0.4525811200287027,-0.2494395036460304,2.286099337710803,-4.440711472974064,2.482245560256884,-17.289219237303918,8.46844265018607,229,-0.0471615720524018,0.25,4.185679771985015,-4.599999999999977,1.5,-19.0,34.89999999999998,810,649.1654320987655,575.25,348.15589554762965,209.225,1374.7749999999996,75.0,1619.0,810,-83.39382716049383,-75.0,44.04912654064295,-163.0,-25.0,-224.0,-3.0,810,0.9940094271522926,0.8820049478008982,0.42003095523427675,0.4809759939684238,1.6762744800353755,0.3027596894888518,2.5320766477835583,810,649.1654320987655,575.25,348.15589554762965,209.225,1374.7749999999996,75.0,1619.0,810,0.0,0.0,0.0,0.0,0.0,0.0,0.0
combined_stress,20.0,4.0,10.0,81,810,810,-9.957561728395062,-6.25,9.602620583773628,-28.125,0.0,-46.875,0.0,810,-31.454475308641975,-31.25,22.189089155875116,-68.75,0.0,-84.375,9.375,810,-15.77056899893372,-15.577334559464752,6.495316135157929,-27.658132095221262,-5.4249988213013856,-35.945748383767885,-1.1985134509997266,645,63.97782622739071,79.38541666667139,100.51339552432616,-99.76472222222154,227.5744444444275,-301.86736111111605,267.9347222222626,810,1361.4604938271605,1356.5,723.3877694149849,404.45,2618.2,123.5,3152.5,810,-303.25555555555553,-292.5,144.8419628089818,-555.1,-106.0,-760.0,-53.0,810,1.1900993242193598,1.1351596174204184,0.30274013248259024,0.8214190139015063,1.863076808861625,0.4955921853365429,2.420236842252936,810,716.046913580247,554.25,451.09756168409393,252.35000000000002,1728.5,96.5,2066.5,810,-0.005452915070436769,-0.005978385671890241,0.021071250030094094,-0.038433545463420704,0.030944709430045455,-0.07195043923358924,0.09718446096794953
combined_stress,20.0,4.0,20.0,81,810,810,-10.524691358024691,-9.375,7.659672877764612,-25.0,0.0,-40.625,0.0,810,-31.48148148148148,-28.125,20.037661649775412,-68.75,-1.406250000000142,-90.625,0.0,810,-14.275593943035858,-14.849056512000978,6.076782772260388,-22.68727626540126,-3.068737818769907,-38.714123295005656,0.0,765,90.10805737109926,91.98263888888613,63.53884525802845,-12.874722222221346,198.69138888887431,-131.50069444444767,277.8666666666667,810,1955.9839506172839,1919.25,975.2203930117819,664.95,3656.4249999999997,195.5,4465.0,810,-373.6827160493827,-375.0,160.54896344670982,-624.55,-144.0,-749.0,-38.0,810,1.2669593916141406,1.2104805838548856,0.36455698712720186,0.7878863946963103,1.939602912239996,0.6740202479041075,2.525467490998292,810,779.3358024691358,568.5,523.1031489129375,243.175,1878.5,133.0,2281.0,810,-0.01796003947537151,-0.01982304071867047,0.035038214275993095,-0.07218280251503675,0.043544734525740786,-0.12388100495767573,0.12767900338655047
combined_stress,20.0,4.0,30.0,81,810,810,-11.084104938271604,-12.5,7.650488946466121,-23.593749999999993,0.0,-40.625,0.0,810,-24.6875,-18.75,16.61637850699984,-57.96874999999999,-6.25,-81.25,0.0,810,-13.501825617025153,-14.786142676767682,5.881340529172562,-21.32291666666666,-3.0250592983517177,-30.58228537204721,5.196108239586508,803,78.41820170887442,78.50416666668278,56.99468433149465,1.3020833333466726,178.6347222222623,-158.3513888888973,270.89930555555463,810,2494.4679012345678,2424.75,1179.7230490214115,942.1750000000001,4494.174999999999,589.5,4977.5,810,-451.0962962962963,-452.5,192.10624406757685,-754.55,-178.35000000000014,-864.0,-77.0,810,1.2948883213975344,1.2444268798732345,0.43614564016748136,0.7086167940330128,2.0761553393789183,0.6232790325315644,2.7334931171040653,810,847.1358024691358,610.5,558.8222186142652,272.9,1973.3499999999992,158.0,2311.5,810,-0.03103622173088665,-0.031952892147014134,0.036724414854046754,-0.09077230507793092,0.029774330434426916,-0.1525770006137248,0.12002054962581266
combined_stress,20.0,4.0,40.0,81,810,810,-11.697530864197532,-12.5,6.8106357293561945,-21.875,0.0,-31.25,0.0,810,-18.912037037037038,-18.75,13.131005372309668,-46.875,-4.531250000000142,-81.25,0.0,810,-12.569731346316713,-13.520307643745156,5.431771442474348,-19.792348710317462,-3.7540301051367275,-24.81963613077744,8.528428093645488,810,66.11331961591752,63.21874999998096,38.94162998212553,4.302083333353721,141.20954861111173,-45.18125000000035,245.28472222225878,810,3051.9345679012345,2995.75,1432.572860721496,1199.675,5372.65,808.5,6059.5,810,-527.3901234567901,-525.0,220.53024851031057,-870.65,-217.45000000000005,-1041.0,-103.0,810,1.3025785275827535,1.222659609438381,0.48420490656335713,0.6703789967899745,2.118226888797236,0.5825955951296122,2.8501572896656144,810,919.7765432098765,664.0,611.5085796287781,293.95,2175.424999999999,163.0,2571.5,810,-0.04409069473761917,-0.041648381606099405,0.03632943072584874,-0.100478796723492,0.013151488540512303,-0.15411186445145186,0.08553035356561223
combined_stress,20.0,4.0,50.0,81,810,810,-12.476851851851851,-12.5,7.951639188724959,-25.0,0.0,-37.5,0.0,810,-15.281635802469136,-15.625,8.97115139911877,-28.125,-3.125,-68.75,0.0,810,-11.568588773579446,-12.09603410569693,5.191097762650661,-19.31175595238096,-2.8183565821433647,-22.512400793650798,0.0,810,56.25290809328165,54.010416666664966,32.75312891434347,4.302083333333632,107.79861111111094,-6.697916666673933,212.13541666669698,810,3600.079012345679,3510.25,1670.3711644052796,1450.75,6222.05,869.0,6645.0,810,-605.9691358024692,-615.5,250.4327632030833,-985.55,-258.45000000000005,-1158.0,-146.0,810,1.3090417867584772,1.215987034744254,0.5319990312673937,0.6491335266335051,2.2963405022109185,0.5299570082150453,3.0596465074758132,810,996.9851851851852,744.0,656.9076691684977,292.675,2356.4249999999997,193.0,2675.5,810,-0.04339295671560258,-0.04430038100571276,0.038445990275555855,-0.10697864841694389,0.020843483294190078,-0.1529759164488338,0.08006564611026379
combined_stress,20.0,4.0,60.0,81,810,810,-12.044753086419753,-12.5,8.11457110105264,-25.0,0.0,-37.5,0.0,810,-15.470679012345679,-15.625,7.4257441579821615,-28.125,-6.25,-43.75,9.375,810,-10.837906422352827,-11.732438568376068,5.230647151065318,-18.365327380952376,-2.7953474987022955,-24.127721661055006,11.88811188811188,810,50.02980452675123,46.60416666666818,31.407764371220793,6.385416666668151,105.81385416666298,-10.697916666685842,271.8680555555999,810,4175.545679012345,4167.0,1924.48960206138,1708.85,7070.875,1087.5,7694.5,810,-680.7234567901235,-692.0,276.59775217307043,-1088.0,-299.0,-1249.0,-143.0,810,1.2973282859625945,1.221772994058086,0.52971232619155,0.6382191421386729,2.2900832857845934,0.5175700726717174,2.8841952064912744,810,1062.0197530864198,781.0,688.3475382063176,312.35,2431.275,214.0,2944.5,810,-0.05622951381892582,-0.05706309565180245,0.038787796315220266,-0.12098660724052138,0.009156772757141395,-0.1682386826702229,0.05691340489764163
combined_stress,20.0,4.0,70.0,81,810,810,-10.779320987654321,-9.375,7.991366140360445,-25.0,0.0,-40.625,0.0,810,-14.131944444444445,-12.5,6.4926067169389325,-21.875,-6.25,-50.0,0.0,810,-9.768928713914084,-9.778499524381452,4.548257487500288,-16.927083333333343,-2.5305842731829578,-21.875,0.0,810,44.3983641975329,40.13819444444319,30.181515350673894,3.9999999999936904,97.90361111111415,-13.312499999999517,267.9513888889138,810,4728.254320987654,4737.0,2226.1333377276046,1938.5,8055.325,1092.5,8687.0,810,-761.9876543209876,-771.0,302.18773762678404,-1216.0,-350.9000000000001,-1449.0,-238.0,810,1.291948015410647,1.215445919641883,0.5467455308841085,0.6274273122831783,2.3440434557310414,0.46017842994213687,3.0006177050558493,810,1127.0432098765432,826.25,735.9126016150893,313.0,2592.075,224.0,2994.0,810,-0.058506029828485295,-0.062208359987118045,0.045085320962827455,-0.13197724210020295,0.015310344663609752,-0.19585054270998525,0.060060058083232004
combined_stress,20.0,4.0,80.0,81,810,810,-10.82175925925926,-9.375,8.291583004735568,-25.0,0.0,-34.375,0.0,810,-14.645061728395062,-15.625,7.301423400936618,-21.875,-3.125,-50.0,0.0,810,-8.925799404882211,-8.401513850732584,4.597421545221139,-16.97916666666667,-2.006456757730101,-20.3125,3.952380952380963,810,40.820593278466575,36.30416666666522,28.78874977463791,2.3854166667065613,87.99913194444964,-17.69791666666086,251.0493055555516,810,5316.530864197531,5312.0,2499.942838587156,2199.4,8929.775,1247.5,9582.0,810,-833.6358024691358,-848.5,325.4221021622288,-1315.55,-384.0,-1562.0,-309.0,810,1.2796773761443487,1.2106863964727694,0.5489033088815012,0.6219902066806409,2.3483125071179085,0.44353271042644127,3.041242222450538,810,1185.9271604938272,909.5,763.8779932888418,319.225,2671.825,227.0,3292.0,810,-0.05865826330426151,-0.05966039635817033,0.05078776700763184,-0.1402155310027417,0.028531223623665534,-0.2072227205899555,0.06869403967817678
combined_stress,20.0,4.0,90.0,81,810,810,-10.617283950617283,-9.375,8.482008646145657,-25.0,0.0,-40.625,0.0,810,-13.591820987654321,-12.5,6.594093973123391,-21.875,-3.125,-37.5,0.0,810,-7.775747611694611,-7.5,4.31849495068536,-15.485119047619044,-1.3333333333333428,-21.09375,4.61904761904762,810,34.789435871059176,32.64583333333849,23.263320322894366,2.51736111112308,79.5145833333246,-11.04861111111336,164.56597222220856,810,5924.827160493827,5909.5,2790.557446116675,2435.5,9892.2,1384.0,10708.0,810,-902.953086419753,-924.0,345.358587613903,-1404.55,-430.45000000000005,-1604.0,-333.0,810,1.2738060822872885,1.2031224636033029,0.5560523034654622,0.6101716606732426,2.345616762662418,0.42693068313339,2.9349516190494964,810,1240.2123456790123,953.0,786.2678513631332,324.4,2733.825,251.0,3450.5,810,-0.04893045078345488,-0.05174127613342294,0.05889529591896193,-0.13842964416077858,0.05000438051445213,-0.21552647288423565,0.14803261180623717
combined_stress,20.0,4.0,100.0,80,800,800,-10.171875,-6.25,8.520579312708449,-25.0,0.0,-34.375,0.0,800,-11.49609375,-12.5,6.06786269266471,-18.75,0.0,-21.875,0.0,800,-6.51624452782776,-5.945798992673986,4.186660969842124,-14.588541666666675,-0.5239234449760795,-19.270833333333343,0.0,800,24.819611111114536,25.434027777771313,13.042846113375644,4.275694444455051,47.820451388887065,-4.048611111118845,66.60416666666424,800,6470.7475,6589.0,3020.28358600954,2743.8,10711.1,1517.0,11466.0,800,-968.61875,-990.5,376.07777322360937,-1511.0,-457.9000000000001,-1914.0,-391.0,800,1.2766804783345826,1.198413448674643,0.5605952042114867,0.5981542276291595,2.321605271773099,0.40554246472390465,2.911073790749386,800,1302.3225,1015.0,822.9158951295212,363.475,2804.4249999999997,250.0,3743.5,800,-0.042565652811163764,-0.04477199169441426,0.06439245472523394,-0.13844747470285107,0.07881030052370085,-0.1972735762590896,0.14470564711290557
ground_station_outage,5.0,1.0,0.0,81,2430,2430,-0.6918724279835391,0.0,2.42682445537321,-6.25,0.0,-18.75,3.125,2430,-0.2816358024691358,0.0,1.3228546288833727,0.0,0.0,-9.375,0.0,2430,-1.597978750677161,0.0,2.8408511601600046,-7.690329218106996,0.0,-19.857837635615418,0.05264487870620371,686,-2.4031341107871724,0.0,19.50576011107852,-1.5625000000000284,0.0,-204.33333333333334,35.0,2430,-9.942798353909465,0.0,20.47126985935826,-47.775,0.0,-226.5,0.5,2430,-13.279835390946502,0.0,25.96517057780841,-64.0,0.0,-211.0,0.0,2430,0.005450337955485789,0.011505925797043876,0.02155108191142925,-0.037101973612369395,0.028159040081488246,-0.1517132975205991,0.06585705757990712,2430,-9.942798353909465,0.0,20.47126985935826,-47.775,0.0,-226.5,0.5,2430,0.0,0.0,0.0,0.0,0.0,0.0,0.0
ground_station_outage,5.0,1.0,10.0,81,2430,2430,-1.3091563786008231,0.0,3.366856170014711,-9.375,0.0,-21.875,0.0,2430,-1.1329732510288066,0.0,2.8452604189947963,-9.375,0.0,-18.75,3.125,2430,-1.492284989722798,0.0,3.527035712127945,-9.496958154039808,0.0,-23.094293844445076,3.2932692307692264,2270,8.01061118012763,0.0,34.4693264234305,0.0,85.59232638888852,-216.63194444443263,243.56597222222288,2430,-14.706584362139917,0.0,38.353842135116054,-88.55,0.0,-391.5,22.5,2430,-13.281893004115226,0.0,33.46684332311717,-77.55,0.0,-350.0,15.0,2430,0.003387797353989359,0.0090154772399339,0.02363279090395009,-0.0449514769651491,0.02411972726298976,-0.19635794671605167,0.03790199946876538,2430,-4.462139917695473,0.0,13.793118206890643,-30.775,1.0,-154.0,38.5,2430,0.00010097535769236488,0.0,0.0023451884905534063,-0.0032763868193001035,0.0036062818391194807,-0.013576514538449436,0.018927151072966275
ground_station_outage,5.0,1.0,20.0,81,2430,2430,-1.3194444444444444,0.0,3.5262425581401837,-9.375,0.0,-21.875,0.0,2430,-1.3490226337448559,0.0,3.2678595837742463,-9.375,0.0,-21.875,6.25,2430,-1.3751928060907077,0.0,3.5263889124911456,-9.375,0.0,-24.627687780541166,4.408482142857139,2340,20.86207294634373,0.0,47.424329410646656,0.0,147.01409722221888,-86.60000000000146,218.00000000000196,2430,-20.599382716049384,0.0,55.92839791483317,-130.775,0.0,-551.5,19.5,2430,-17.288888888888888,0.0,45.13077470921878,-106.0,0.0,-439.0,13.0,2430,0.0013159367344802691,0.005739204618061267,0.02162945441237057,-0.04172348025142335,0.02353393124616632,-0.1706378323799445,0.03994492260322291,2430,-4.240123456790124,0.0,13.318348313368185,-32.775,3.0,-129.5,36.0,2430,-1.3340706485401367e-05,0.0,0.004307766126325643,-0.007241852218733191,0.006169438072584521,-0.02296941869023339,0.029805985459175677
ground_station_outage,5.0,1.0,30.0,81,2430,2430,-1.3143004115226338,0.0,3.6215095806775537,-9.375,0.0,-21.875,0.0,2430,-1.3554526748971194,0.0,3.4115207394179268,-9.375,0.0,-21.875,0.0,2430,-1.4483270734041143,0.0,3.809829187137234,-10.525642687620909,0.0,-24.570381756372086,0.0,2430,21.402433413351797,0.0,49.378365964276014,0.0,149.93576388889878,-142.48194444444113,237.56458333333163,2430,-27.156584362139917,0.0,73.68624630181085,-179.55,0.0,-619.5,28.5,2430,-22.599588477366254,0.0,59.937978784552556,-150.1,0.0,-531.0,19.0,2430,-0.0008431665066172707,0.0040931077838641805,0.023241063123925865,-0.049975387970640446,0.022057115282775156,-0.17743971700456473,0.03167162121939249,2430,-3.9781893004115227,0.0,13.278291591802061,-32.55,2.5,-108.5,46.5,2430,-0.0003702611015626133,0.0,0.006026044366355143,-0.010678564720971128,0.007622241083874445,-0.04687997769658714,0.048097416294583084
ground_station_outage,5.0,1.0,40.0,81,2430,2430,-1.3593106995884774,0.0,3.7859933117066236,-9.375,0.0,-21.875,6.25,2430,-1.3824588477366255,0.0,3.585395501614722,-9.375,0.0,-21.875,3.125,2430,-1.4059021538774068,0.0,3.8481294986271832,-10.350337162837164,0.0,-25.161509563606757,1.40625,2430,20.02413866026509,0.0,48.444338287982085,0.0,146.98975694444408,-144.78263888887875,278.65000000000003,2430,-33.89259259259259,0.0,97.89314539571144,-226.2,0.0,-823.0,27.0,2430,-27.653909465020575,0.0,77.02048814448031,-188.0,0.0,-647.0,18.0,2430,-0.0015872381364675824,0.00321855398443327,0.022951646659066773,-0.04693780662569387,0.020151065744077448,-0.20182129004567295,0.02897941566725104,2430,-3.5127572016460906,0.0,12.656587831315468,-31.0,3.0,-89.0,69.0,2430,-0.00034519280188584524,0.0,0.007057955042209792,-0.012332592037809575,0.007938641240111597,-0.04878102199686629,0.05080409548660425
ground_station_outage,5.0,1.0,50.0,81,2430,2430,-1.3850308641975309,0.0,3.837903240779355,-9.375,0.0,-21.875,0.0,2430,-1.4094650205761317,0.0,3.623452512755907,-9.375,0.0,-21.875,0.0,2430,-1.424612962699321,0.0,3.8922666613882853,-10.924107142857139,0.0,-25.273192426129114,0.0,2430,21.64416552354802,0.0,48.27545899289705,0.0,142.39621527777877,-142.86597222222383,280.6500000000097,2430,-41.440534979423866,0.0,116.1422874824889,-278.1,0.0,-894.0,9.0,2430,-33.45679012345679,0.0,90.4890899873377,-225.0,0.0,-729.0,6.0,2430,-0.003129486780080848,0.002538525695599231,0.02403329507858218,-0.050972684922395,0.018045853526826916,-0.18592233114484413,0.02784775634980552,2430,-3.082098765432099,0.0,11.7682589629328,-26.5,4.5,-108.5,42.5,2430,-0.00027289851694255055,0.0,0.010084608471999577,-0.01601427023442319,0.012195098231921886,-0.06029851984707735,0.0872647279176797
ground_station_outage,5.0,1.0,60.0,81,2430,2430,-1.3078703703703705,0.0,3.7540753951574306,-9.375,0.0,-21.875,0.0,2430,-1.36059670781893,0.0,3.65751338086911,-9.375,0.0,-21.875,3.125,2430,-1.3349210674776466,0.0,3.7895770511819022,-10.526315789473685,0.0,-25.588544009596646,1.5625,2430,21.108241026520098,0.0,47.114651170665425,0.0,141.31736111111118,-21.866666666666774,258.94791666665645,2430,-45.18333333333333,0.0,130.4798915133561,-322.65,0.0,-1042.0,51.0,2430,-36.093827160493824,0.0,101.21506072142256,-241.0,0.0,-820.0,34.0,2430,-0.0035039671709849955,0.0020624566180577064,0.02437242500794424,-0.05312870465609017,0.015837611843716258,-0.2067998611678341,0.025559472670796723,2430,-2.8709876543209876,0.0,12.58691977635569,-25.5,6.5,-99.0,45.0,2430,-0.00046863146260848516,0.0,0.010843033408272836,-0.018083018141907704,0.012901134065202852,-0.07038259170647376,0.0935960996817482
ground_station_outage,5.0,1.0,70.0,81,2430,2430,-1.2448559670781894,0.0,3.5656951706584525,-9.375,0.0,-21.875,6.25,2430,-1.3001543209876543,0.0,3.5543910426802445,-9.375,0.0,-21.875,6.25,2430,-1.2502159452281474,0.0,3.6690846689009815,-9.134615384615387,0.0,-25.25252525252526,1.5625,2430,21.805931641517738,0.0,48.80967343824545,0.0,147.75541666666965,-23.99861111108715,275.5173611111114,2430,-48.27037037037037,0.0,141.74138042262544,-334.65,0.0,-1187.5,46.5,2430,-38.99917695473251,0.0,110.88380678802102,-261.0,0.0,-927.0,31.0,2430,-0.003750058912906908,0.0017081731877845452,0.023824468741630658,-0.04801931631698243,0.015027376437450779,-0.21825694124324946,0.02340448237485382,2430,-2.398559670781893,0.0,11.86682907697138,-25.5,7.0,-106.0,61.5,2430,-0.0006015292222741382,0.0,0.012083165412188375,-0.022064304340274777,0.015137459208394302,-0.09020587505758138,0.0844486668591733
ground_station_outage,5.0,1.0,80.0,81,2430,2430,-1.3593106995884774,0.0,3.8355789389344843,-9.375,0.0,-21.875,0.0,2430,-1.352880658436214,0.0,3.6724378199125867,-9.375,0.0,-21.875,0.0,2430,-1.340797008968364,0.0,3.817382203370312,-10.0,0.0,-25.925925925925924,0.0,2430,21.55332618884336,0.0,48.43510284049179,0.0,145.00000000001165,-15.367361111115798,291.483333333335,2430,-55.11625514403292,0.0,160.8355996744876,-387.0,0.0,-1339.5,52.5,2430,-44.33539094650206,0.0,124.98245847503158,-295.0,0.0,-1046.0,35.0,2430,-0.004133034603201568,0.0014569926572899905,0.022768255812694593,-0.04664123703628617,0.013142813798265587,-0.2122188392572687,0.021611959096914157,2430,-2.3816872427983538,0.0,12.862587808151124,-23.549999999999997,5.5,-123.5,83.5,2430,-0.0005412698194388442,0.0,0.012682308859206456,-0.022124976549377205,0.015956781027466456,-0.08869627892899445,0.09830350816717148
ground_station_outage,5.0,1.0,90.0,81,2430,2430,-1.3811728395061729,0.0,3.9410915384409813,-9.375,0.0,-21.875,3.125,2430,-1.4647633744855968,0.0,3.917457956094585,-12.5,0.0,-21.875,0.0,2430,-1.3944317323044495,0.0,3.8958850453105094,-11.538461538461533,0.0,-25.588544009596646,0.0,2430,21.22303955189723,0.0,47.59115422461944,0.0,143.08347222222164,-137.35000000000122,208.9999999999913,2430,-68.47510288065844,0.0,189.40240982185352,-486.0,0.0,-1477.5,78.0,2430,-54.004938271604935,0.0,144.42455189508115,-380.0,0.0,-1152.0,52.0,2430,-0.005180463395563667,0.0012501547467868857,0.024455351968418606,-0.053361096276056626,0.011872254923528197,-0.23118152990830698,0.02069681606321494,2430,-2.4290123456790123,0.0,14.695740955642059,-29.775,8.0,-123.5,81.5,2430,-0.0008045114690149214,0.0,0.015762765268752088,-0.02971504029595272,0.019280486898743468,-0.0995024877778663,0.10284240397283861
ground_station_outage,5.0,1.0,100.0,80,2400,2400,-1.28515625,0.0,3.8191273026788197,-9.375,0.0,-21.875,0.0,2400,-1.3138020833333333,0.0,3.7020606555722853,-9.375,0.0,-21.875,0.0,2400,-1.2586391417582719,0.0,3.7184610128575573,-10.069609788359799,0.0,-25.925925925925938,0.0,2400,22.237755208333233,0.0,48.88845331325994,0.0,146.54184027774568,-142.86597222222213,280.6500000000092,2400,-67.57208333333334,0.0,204.34197712127616,-449.275,0.0,-1620.0,78.0,2400,-53.31791666666667,0.0,155.18165937725803,-360.0,0.0,-1260.0,52.0,2400,-0.004799270884285942,0.0011134211629184598,0.0228240450173802,-0.04948527129301882,0.010790250941182052,-0.20288292864535062,0.019309213712270124,2400,-2.7591666666666668,0.0,14.712767469388924,-33.025,9.0,-133.5,72.5,2400,-0.0009761109495239711,0.0,0.017306703934454295,-0.0305583984829787,0.020507451601204606,-0.10533715384273279,0.13935041936284165
ground_station_outage,10.0,1.0,0.0,81,2430,2430,-2.175925925925926,0.0,4.3625887493071325,-12.5,0.0,-21.875,0.0,2430,-0.46039094650205764,0.0,1.650111200339956,-6.25,0.0,-9.375,0.0,2430,-3.77601013367528,-3.0779316105403147,3.9560779978937144,-11.505588964991924,0.0,-19.857837635615418,0.0,686,-5.850728862973761,0.0,31.420595388266303,-24.91666666666667,0.0,-204.33333333333334,54.0,2430,-24.5559670781893,-13.5,31.224554158729493,-90.0,0.0,-232.5,0.0,2430,-33.81646090534979,-19.0,41.91953584195973,-121.1,0.0,-259.0,0.0,2430,0.005400206924137491,0.011239397044233781,0.03621896177406673,-0.0569297523398628,0.05372155103969572,-0.18717604572292917,0.09125983892052358,2430,-24.5559670781893,-13.5,31.224554158729493,-90.0,0.0,-232.5,0.0,2430,0.0,0.0,0.0,0.0,0.0,0.0,0.0
ground_station_outage,10.0,1.0,10.0,81,2430,2430,-4.686213991769547,0.0,6.206589279238195,-15.625,0.0,-21.875,0.0,2430,-3.7409979423868314,0.0,5.378972674951178,-15.625,0.0,-21.875,6.25,2430,-5.239611173416054,-0.978966685488416,6.511974134422225,-18.26409238909239,0.0,-26.923076923076927,5.089285714285722,2268,15.044335439937374,0.0,54.40646012806238,-9.4826388888888,153.0405902777646,-216.63194444443263,271.1340277777776,2430,-50.90082304526749,-12.0,73.96930198541774,-211.0,0.0,-415.5,39.0,2430,-55.83827160493827,-12.5,82.5463564529917,-233.55,0.0,-504.0,26.0,2430,-0.0036713383276932516,0.010194082977623586,0.04021128567861676,-0.07995005188605092,0.041910363211338564,-0.19577536529037898,0.08759054644999342,2430,-12.860493827160493,-2.5,22.635986819734036,-62.275,2.7749999999998636,-154.0,36.0,2430,0.0006893045841633102,0.0,0.003605006297150901,-0.004104573737615458,0.007689254141673129,-0.01748184614566939,0.018927151072966275
ground_station_outage,10.0,1.0,20.0,81,2430,2430,-4.512602880658436,0.0,6.262816366440992,-15.625,0.0,-21.875,0.0,2430,-4.606481481481482,0.0,6.161198427485651,-15.625,0.0,-21.875,0.0,2430,-5.095600889010164,0.0,6.83820816747529,-19.297996794871793,0.0,-26.923076923076927,0.0,2340,30.735776353276318,0.0,65.47911556298017,0.0,191.48434027777776,-136.34999999999684,295.2152777777762,2430,-66.20370370370371,-2.0,99.16672103998611,-279.825,0.0,-551.5,9.0,2430,-66.96584362139917,-2.0,100.376151678886,-284.0,0.0,-640.0,6.0,2430,-0.007960801991389366,0.005727372912246481,0.03951098921739674,-0.0788252735895421,0.042523528142630815,-0.2423859091782884,0.06282123295389641,2430,-11.118930041152263,0.0,20.700232885308647,-55.0,3.0,-147.5,34.5,2430,0.000771059456270128,0.0,0.005956046029888689,-0.00838902105140814,0.012106837565990987,-0.02296941869023339,0.02875246361615158
ground_station_outage,10.0,1.0,30.0,81,2430,2430,-4.897119341563786,0.0,6.699728318763473,-21.875,0.0,-21.875,3.125,2430,-4.967849794238683,0.0,6.577202990068877,-18.75,0.0,-21.875,6.25,2430,-5.369458200658219,0.0,7.21087009609717,-20.98214285714286,0.0,-26.92307692307692,2.604166666666657,2430,33.25294438728879,0.0,69.71569610832123,0.0,206.91795138890262,-139.8673611111112,294.5486111111068,2430,-90.6820987654321,-0.5,136.68510789464733,-394.0,0.0,-687.5,18.0,2430,-89.73786008230452,-0.5,133.47394022803434,-374.55,0.0,-756.0,13.0,2430,-0.012758656327180984,0.003004511689861794,0.03993446747781125,-0.09317657432686745,0.039398451442016126,-0.21467350619857162,0.05247740119991362,2430,-11.028395061728395,0.0,21.314448107398636,-57.0,4.0,-130.5,59.5,2430,0.0012082486152610653,0.0,0.008813344456932722,-0.01306118297941583,0.01711513929618855,-0.0392316821476526,0.044136581926544904
ground_station_outage,10.0,1.0,40.0,81,2430,2430,-4.822530864197531,0.0,6.692642539095266,-21.875,0.0,-21.875,0.0,2430,-5.105452674897119,0.0,6.678531665008241,-18.75,0.0,-21.875,6.25,2430,-5.480741957939416,0.0,7.359562734249139,-21.634615384615387,0.0,-26.923076923076927,0.703983516483504,2430,37.900223765431925,0.0,73.38586480655145,-1.2418749999932293,211.42333333334042,-145.86597222222383,305.78194444445205,2430,-112.65246913580246,-7.75,165.82470489735866,-482.875,0.0,-823.0,30.0,2430,-107.55514403292182,-7.0,153.3934257632765,-431.65,0.0,-805.0,20.0,2430,-0.01591280358809003,0.0019191531958231839,0.04073446763385712,-0.09384017334458469,0.031172379571283017,-0.22209497649850218,0.04633057192750367,2430,-10.787448559670782,0.0,20.21701901964744,-56.5,5.0,-100.0,67.0,2430,0.000904274909503798,0.0,0.011140779709171843,-0.01741745075847837,0.019357972018905656,-0.04801188484218688,0.05861073542234463
ground_station_outage,10.0,1.0,50.0,81,2430,2430,-5.05787037037037,0.0,6.918431607335541,-21.875,0.0,-21.875,0.0,2430,-5.2764917695473255,0.0,6.860604175514112,-21.875,0.0,-21.875,0.0,2430,-5.609026509457892,0.0,7.489262328770004,-21.875,0.0,-26.923076923076934,0.0,2430,36.89422525148575,0.0,73.9421941971542,-1.074305555545382,220.35000000000284,-142.86597222222383,316.9826388888888,2430,-134.98827160493826,0.0,199.96582449439407,-564.825,0.0,-948.5,36.0,2430,-129.01316872427984,0.0,185.9096355241792,-536.0,0.0,-897.0,24.0,2430,-0.017849821510644674,0.0014700012945767782,0.0413317446149039,-0.09839811127218895,0.03170722498014604,-0.22951322856698986,0.04302643371751602,2430,-9.842181069958848,0.0,18.580793131083702,-50.275,4.5,-108.5,42.5,2430,0.0014545144946508243,0.0,0.013577320200420238,-0.02021012084102486,0.024886846513485494,-0.05875744907344238,0.07891164374520199
ground_station_outage,10.0,1.0,60.0,81,2430,2430,-4.966563786008231,0.0,6.962097129600966,-21.875,0.0,-21.875,3.125,2430,-5.079732510288066,0.0,6.812393330732055,-21.875,0.0,-21.875,0.0,2430,-5.313182760854037,0.0,7.3831373183656535,-21.875,0.0,-26.923076923076927,0.0,2430,39.52623399634179,0.0,75.62996528996918,-0.5083333333249537,228.9652083333347,-141.35000000000605,316.1145833333348,2430,-150.14382716049383,0.0,229.69458661800647,-650.925,0.0,-1078.0,27.0,2430,-139.44444444444446,0.0,204.96659097775924,-592.0,0.0,-927.0,18.0,2430,-0.017903068801446653,0.0012895183823066897,0.04113463354115132,-0.09661114330443525,0.02526282099685116,-0.21903025460194914,0.03976570574768268,2430,-9.070576131687243,0.0,19.989593280497893,-55.775,8.0,-99.0,75.5,2430,0.0008730585064222499,0.0,0.014988791948381363,-0.024850719041436764,0.02514301295596165,-0.07334711575997255,0.07776078304090217
ground_station_outage,10.0,1.0,70.0,81,2430,2430,-5.002572016460905,0.0,6.940314383382065,-21.875,0.0,-21.875,0.0,2430,-5.213477366255144,0.0,6.880933080936698,-21.875,0.0,-21.875,0.0,2430,-5.42220720159118,0.0,7.3773974345906055,-21.875,0.0,-26.923076923076934,0.0,2430,41.627687757201194,0.0,79.43259180435169,-1.7875000000218222,235.97982638888888,-141.86597222221874,322.46250000000003,2430,-174.77345679012345,0.0,260.71258838315066,-731.925,0.0,-1199.5,16.5,2430,-161.81893004115227,0.0,233.16602178091995,-644.55,0.0,-999.0,11.0,2430,-0.019011567308077116,0.0009704578990011314,0.04053559510965777,-0.09966090021475478,0.023863463214578478,-0.21872636949293944,0.03673869631502613,2430,-9.513168724279835,0.0,19.87564342517667,-53.775,7.274999999999864,-106.0,77.5,2430,0.0011244257734829954,0.0,0.01842413176891734,-0.02942552718425977,0.028865313104685212,-0.11538735429359614,0.0844486668591733
ground_station_outage,10.0,1.0,80.0,81,2430,2430,-5.483539094650205,0.0,7.232780698876096,-21.875,0.0,-21.875,0.0,2430,-5.608281893004115,0.0,7.031169362980186,-21.875,0.0,-21.875,0.0,2430,-5.873927819617944,0.0,7.634586287106262,-21.875,0.0,-26.92307692307692,0.0,2430,44.02891575217169,0.0,83.10154737971344,-0.621527777806719,252.65847222221942,-143.8659722221923,312.246527777773,2430,-204.02654320987654,-7.25,297.3143788440443,-841.5,0.0,-1339.5,16.5,2430,-189.0543209876543,-6.0,263.49411092514237,-748.0,0.0,-1095.0,11.0,2430,-0.021933915802399,0.0004533610727687487,0.041978826890736426,-0.10889161194162168,0.01917289521413248,-0.22165951319128596,0.034805423843797034,2430,-10.014609053497942,0.0,21.324168088340002,-61.0,6.774999999999864,-130.0,78.0,2430,0.0027973993695906666,0.0,0.02088768845217192,-0.03088789678499545,0.04040367644127608,-0.08814893797149459,0.1033389986441835
ground_station_outage,10.0,1.0,90.0,81,2430,2430,-5.015432098765432,0.0,7.019211493482824,-21.875,0.0,-21.875,0.0,2430,-5.1440329218107,0.0,6.920253521431988,-21.875,0.0,-21.875,0.0,2430,-5.3451583275429835,0.0,7.373308981173901,-21.875,0.0,-26.92307692307692,0.0,2430,43.693995484682084,0.0,82.29332726719863,-0.30972222221173024,248.64013888889048,-143.1659722222168,322.46250000000293,2430,-205.92736625514402,0.0,306.0516626083262,-899.325,0.0,-1478.5,6.0,2430,-190.1259259259259,0.0,271.7329952258048,-770.0,0.0,-1181.0,4.0,2430,-0.020259502778556107,0.000687714696990846,0.040250884613303194,-0.09937600255213122,0.018052598920529343,-0.22518089082446846,0.03190274289515871,2430,-7.992181069958848,0.0,19.643900133367183,-49.5,7.774999999999864,-123.5,105.0,2430,0.002135618694087236,0.0,0.022891717280272672,-0.03958688822333911,0.04068686738568261,-0.10269540608527983,0.11492266079466851
ground_station_outage,10.0,1.0,100.0,80,2400,2400,-5.169270833333333,0.0,7.010963693443206,-21.875,0.0,-21.875,0.0,2400,-5.43359375,0.0,7.03769034568835,-21.875,0.0,-21.875,0.0,2400,-5.531816206731434,0.0,7.453167041940102,-21.875,0.0,-26.92307692307692,0.0,2400,46.05701273148144,0.0,84.10987171648802,-0.4479166666637582,249.03913194444561,-142.86597222222213,325.61527777777906,2400,-238.41729166666667,0.0,352.0595071202154,-997.5,0.0,-1620.0,27.0,2400,-219.98375,0.0,309.1847193001423,-841.0,0.0,-1260.0,18.0,2400,-0.021744745899255746,0.0003441368079866447,0.03994350047704836,-0.10139219070746958,0.015293887213434972,-0.22312104109711972,0.029861402961142702,2400,-8.962708333333333,0.0,20.66578277989306,-54.0,8.5,-133.5,88.5,2400,0.002996210472866991,0.0,0.02491705779910139,-0.04041060993772383,0.04377589597550414,-0.12898869228907772,0.13935041936284165
ground_station_outage,20.0,1.0,0.0,81,2430,2430,-5.559413580246914,-3.125,6.835697861140942,-21.875,0.0,-28.125,0.0,2430,-1.0223765432098766,0.0,2.577867120047512,-6.25,0.0,-12.5,0.0,2430,-8.580177054813282,-7.794474692118559,4.7612130662672945,-17.554563492063494,-2.038043478260871,-28.16737968128117,0.0,680,-13.938235294117652,0.0,44.80045733481016,-180.33333333333334,0.0,-204.33333333333334,44.0,2430,-56.18045267489712,-44.5,43.25089861686038,-145.0,-7.5,-271.0,0.0,2430,-78.01563786008231,-63.0,57.12211430863035,-192.0,-12.0,-313.0,0.0,2430,0.004097177967511812,0.004631667509072068,0.04582891633439229,-0.07365476969555938,0.07985074284182016,-0.18170916195638664,0.15814841390257217,2430,-56.18045267489712,-44.5,43.25089861686038,-145.0,-7.5,-271.0,0.0,2430,0.0,0.0,0.0,0.0,0.0,0.0,0.0
ground_station_outage,20.0,1.0,10.0,81,2430,2430,-12.862654320987655,-12.5,6.786393006976066,-25.0,-3.125,-37.5,0.0,2430,-9.49074074074074,-9.375,7.137333616370013,-21.875,0.0,-37.5,0.0,2430,-14.559127808923533,-14.02515434928786,6.723208258922049,-26.2231236485263,-3.846153846153854,-40.23125996810208,0.0,2231,12.085592845759388,0.0,60.80357440507376,-51.0,158.27604166667652,-216.63194444443263,271.1340277777776,2430,-141.6006172839506,-113.5,97.22989769083787,-328.5,-31.5,-539.0,0.0,2430,-167.90123456790124,-135.0,119.77715739502969,-413.55,-37.0,-719.0,0.0,2430,-0.03187365073357509,-0.02643222934446149,0.045298977409265355,-0.11223674276291813,0.03596897261666168,-0.22399779099992256,0.09809513297630768,2430,-33.56399176954732,-22.5,31.952622266273593,-100.0,-0.5,-234.5,20.0,2430,0.0017921617395873998,0.0010638094552813948,0.004897743735547075,-0.004816297055597607,0.011397109109641508,-0.018441047906826658,0.02433410579921591
ground_station_outage,20.0,1.0,20.0,81,2430,2430,-13.38477366255144,-12.5,7.021063458003717,-21.875,0.0,-37.5,0.0,2430,-12.959104938271604,-12.5,6.917613688175955,-21.875,0.0,-37.5,0.0,2430,-15.400648761458957,-15.603621321823063,7.384595793702302,-27.396334134615376,-3.124999999999992,-41.35338345864662,0.0,2340,31.175298848527937,0.0,69.93115187591985,-15.350000000001955,201.39597222222537,-138.3500000000039,283.04930555556444,2430,-199.31460905349795,-164.5,135.51056682880392,-466.275,-44.0,-782.5,0.0,2430,-222.3028806584362,-195.0,148.5919408123003,-508.0,-45.0,-815.0,0.0,2430,-0.042339259100495436,-0.03870471205877479,0.0429760532360816,-0.1194493145460253,0.02327062293299228,-0.2934642804936477,0.09053468823397326,2430,-31.148765432098767,-22.0,30.346682671331745,-92.0,0.0,-197.5,33.0,2430,0.00282601903184583,0.0018739186407876751,0.008600920546843407,-0.010460453516820234,0.019349813622163082,-0.029132017262251564,0.03933802479327819
ground_station_outage,20.0,1.0,30.0,81,2430,2430,-13.905606995884774,-12.5,7.269804843728895,-25.0,0.0,-37.5,0.0,2430,-14.0625,-12.5,6.916726782332282,-25.0,-3.125,-37.5,0.0,2430,-16.013282078089563,-15.625,7.642543171322299,-28.125,-1.159150572315131,-41.35338345864662,0.0,2430,36.79884002057642,0.0,77.03691440382276,-10.402083333325933,225.24597222222087,-147.5166666666668,303.38263888888565,2430,-256.05123456790125,-212.0,171.2288570262272,-603.5,-56.0,-996.5,0.0,2430,-275.5074074074074,-246.0,175.30516281554443,-626.0,-56.45000000000027,-975.0,0.0,2430,-0.05098471966743206,-0.04502223881997383,0.04234476094899815,-0.12682651591623767,0.008140032757077623,-0.27748526149266617,0.06749378812493012,2430,-30.16460905349794,-23.5,27.889822166464,-81.0,0.0,-175.0,44.0,2430,0.0036218444961711137,0.003391016033624905,0.01275459200702707,-0.0154754801491648,0.025584354229922345,-0.033399442842440674,0.0546452290051298
ground_station_outage,20.0,1.0,40.0,81,2430,2430,-14.20138888888889,-12.5,7.435843641564484,-28.125,0.0,-37.5,0.0,2430,-14.664351851851851,-15.625,6.911454664550924,-28.125,-3.125,-37.5,0.0,2430,-16.352307854914727,-15.625,7.677730855739505,-28.125,-2.7252976190476415,-42.10526315789474,0.0,2430,38.301558356195436,0.0,77.91868931521338,-9.017361111112166,234.1159027777738,-145.86597222222383,312.81597222222337,2430,-312.9288065843621,-260.0,208.1177617397418,-751.5,-68.5,-1174.0,0.0,2430,-330.3798353909465,-289.0,207.43083528070454,-736.1,-72.0,-1119.0,0.0,2430,-0.054874355839221796,-0.04641863724089963,0.04398511791853302,-0.13626828982815284,0.0007881841875923125,-0.2887746551229686,0.0746832407621224,2430,-29.03641975308642,-23.0,27.586489814338396,-83.55,0.0,-185.0,30.5,2430,0.004752864273187737,0.0047585081942818075,0.01580592514394482,-0.01992094203347966,0.03197946655022827,-0.05993533299698872,0.061230024991909326
ground_station_outage,20.0,1.0,50.0,81,2430,2430,-14.387860082304528,-15.625,7.487692436858945,-28.125,0.0,-37.5,0.0,2430,-14.786522633744855,-15.625,6.94791675155953,-28.125,-3.125,-37.5,0.0,2430,-16.32335878471785,-15.625,7.606254180058292,-28.125,-3.7037037037036953,-42.10526315789474,0.0,2430,40.86724965706416,0.0,80.22673056774791,-5.017361111110475,234.20326388888853,-147.7006944444518,310.48333333332846,2430,-365.71275720164607,-306.5,240.6897188485146,-887.5,-90.45000000000027,-1375.5,0.0,2430,-378.01851851851853,-331.0,230.07648160666068,-813.55,-92.90000000000055,-1308.0,0.0,2430,-0.05800808879017856,-0.048168585973213746,0.04604800565489883,-0.14291780476859212,-0.004230548534428041,-0.32313590515823953,0.07461859174745344,2430,-26.843415637860083,-20.0,25.17549084927516,-75.5,0.0,-159.5,50.0,2430,0.006136817169526934,0.006895852783555201,0.0197093007001304,-0.024945136160709213,0.03832914869091796,-0.051189202877326645,0.08955082118090929
ground_station_outage,20.0,1.0,60.0,81,2430,2430,-14.479166666666666,-15.625,7.582967698053047,-28.125,0.0,-37.5,0.0,2430,-14.876543209876543,-15.625,7.081898656496168,-28.125,-3.125,-37.5,0.0,2430,-16.189354050630115,-15.625,7.749502330201222,-28.125,-2.614528740490317,-42.10526315789474,0.0,2430,42.67554669638709,0.0,81.11335274280943,-5.447395833337847,230.70385416665255,-151.4819444444387,307.03194444442295,2430,-419.84855967078187,-348.5,282.14231776214257,-1032.0,-92.0,-1552.5,0.0,2430,-424.7617283950617,-371.0,259.0085325673038,-906.65,-92.45000000000027,-1469.0,0.0,2430,-0.058823716624145005,-0.048390859659888597,0.04540159915811774,-0.15170021833997588,-0.008020734558438375,-0.30940675718201527,0.07226877910207175,2430,-25.677366255144033,-20.0,25.213840938336695,-74.5,0.5,-140.0,52.5,2430,0.007244340328499137,0.006928548435194748,0.022467501397251646,-0.02642449803513772,0.04612811339429989,-0.06972057836350576,0.09579665140242954
ground_station_outage,20.0,1.0,70.0,81,2430,2430,-14.421296296296296,-15.625,7.580625654222426,-28.125,0.0,-37.5,0.0,2430,-14.852109053497943,-15.625,7.158058428057838,-28.125,-3.125,-37.5,0.0,2430,-16.19162312961833,-15.625,7.735209463891496,-28.125,-0.5631720430107798,-42.10526315789474,0.0,2430,44.05542838362982,0.0,83.76847654645972,-6.53802083332437,249.93506944444414,-145.48194444443726,313.74722222222334,2430,-471.01296296296294,-397.0,313.86364876015335,-1178.5,-99.45000000000027,-1730.0,0.0,2430,-477.0148148148148,-416.0,291.1159880742028,-996.65,-101.45000000000027,-1612.0,0.0,2430,-0.05919767547031015,-0.04822130320690585,0.04394569335877235,-0.15098207533330307,-0.009991301738461333,-0.3224277356214972,0.058020544159432585,2430,-26.37366255144033,-21.0,25.782079222952138,-78.0,0.0,-116.5,48.5,2430,0.007034723774182712,0.007334372428779434,0.02614894435517074,-0.035648860451570494,0.053216493239700326,-0.09358847170127471,0.11750203992301089
ground_station_outage,20.0,1.0,80.0,81,2430,2430,-14.405864197530864,-15.625,7.549455209111344,-28.125,0.0,-37.5,0.0,2430,-14.809670781893004,-15.625,7.12716432965426,-28.125,-3.125,-37.5,0.0,2430,-16.065008293099975,-15.625,7.7402172446605055,-28.125,-1.5162721893491988,-42.10526315789474,0.0,2430,46.31575617283934,0.0,85.8044833226164,-6.866666666664756,248.7581249999999,-151.4819444444443,319.3826388888958,2430,-514.9296296296296,-444.0,352.253733348787,-1324.0,-102.0,-1951.5,0.0,2430,-524.7415637860082,-453.0,328.4028629409884,-1106.0,-102.0,-1816.0,0.0,2430,-0.05914798258834903,-0.04728960188607474,0.04583926939703965,-0.15274282691650962,-0.009605266720928726,-0.3133840512327344,0.04758737021248871,2430,-25.47037037037037,-17.0,26.926449893296038,-78.5,0.5,-138.0,55.0,2430,0.0115587731398897,0.012124157012223025,0.029780787257313347,-0.03768705974010683,0.061500604903986865,-0.08655967037903833,0.13286987708646292
ground_station_outage,20.0,1.0,90.0,81,2430,2430,-14.510030864197532,-15.625,7.774949114104771,-28.125,0.0,-37.5,0.0,2430,-14.962705761316872,-15.625,7.41612419246945,-28.125,0.0,-37.5,0.0,2430,-16.031666242218616,-15.625,7.893566521857113,-28.125,0.0,-42.10526315789474,0.0,2430,48.09841963877396,0.0,86.39797114192417,-8.014548611106578,247.01756944444676,-147.64861111109735,322.57708333333403,2430,-572.5946502057614,-491.0,390.5449962349685,-1470.5,-112.0,-2142.5,0.0,2430,-577.3786008230453,-498.0,358.23723638509364,-1218.55,-114.45000000000027,-1985.0,0.0,2430,-0.060356592052533395,-0.047148598228963834,0.047109043911276495,-0.15921384847745287,-0.010390041552615368,-0.3234687019960951,0.05598350282992359,2430,-23.535802469135803,-17.0,25.413386555407524,-74.0,1.5,-131.0,37.0,2430,0.012187506887196635,0.0141051417273651,0.032140039612526566,-0.041299458653717425,0.06530003290575315,-0.10616246498599446,0.12109142540083728
ground_station_outage,20.0,1.0,100.0,80,2400,2400,-14.626302083333334,-15.625,7.6157032940894895,-28.125,0.0,-37.5,0.0,2400,-15.092447916666666,-15.625,7.422269948008681,-28.125,0.0,-37.5,0.0,2400,-16.18776685683469,-15.625,7.9165558761825725,-28.125,0.0,-42.10526315789474,0.0,2400,47.560440972222125,0.0,86.57977465781893,-8.281250000000966,250.0390972222461,-152.35000000000025,325.61527777777303,2400,-616.9341666666667,-540.0,413.01263577100957,-1584.0,-130.87500000000068,-2340.0,0.0,2400,-621.6995833333333,-540.0,376.48980783846673,-1260.0,-131.0,-2160.0,0.0,2400,-0.06116675054042743,-0.047307391052355374,0.047298100535184004,-0.16330052290628294,-0.012215264966488422,-0.297965921785056,0.05898744821284363,2400,-23.028958333333332,-15.0,25.796327160169426,-76.0,1.0,-140.5,41.5,2400,0.013172086931400186,0.015924892828728554,0.03458551126884909,-0.04213807827346459,0.06363179851923391,-0.09619650066188679,0.15938037132457317
ground_station_outage,30.0,1.0,0.0,81,2430,2430,-8.289609053497943,-3.125,9.37625592254126,-25.0,0.0,-31.25,0.0,2430,-1.6358024691358024,0.0,3.22201893299913,-9.375,0.0,-15.625,0.0,2430,-13.57295261594373,-12.78598878176475,5.678130077074042,-25.21484781656465,-5.487845646201623,-28.537750051651543,0.0,659,-23.291299949418313,0.0,56.658434806576416,-199.33333333333334,0.0,-207.20000000000002,74.08333333333337,2430,-88.56913580246913,-76.0,55.32953929839742,-203.5,-22.0,-275.5,0.0,2430,-120.50164609053498,-105.0,71.68138727569718,-262.55,-31.0,-357.0,0.0,2430,0.0006077972776071289,-0.001973147072048209,0.04466518249167277,-0.0662886370598352,0.07976852921071398,-0.14769686298957924,0.2112123832245224,2430,-88.56913580246913,-76.0,55.32953929839742,-203.5,-22.0,-275.5,0.0,2430,0.0,0.0,0.0,0.0,0.0,0.0,0.0
ground_station_outage,30.0,1.0,10.0,81,2430,2430,-20.191615226337447,-21.875,8.05238790174872,-34.375,-9.375,-37.5,0.0,2430,-14.871399176954732,-15.625,9.636317211684068,-31.25,0.0,-37.5,0.0,2430,-23.36274424570457,-24.043193390716606,7.872485147314464,-34.91956603067713,-10.526315789473685,-45.49441786283892,0.0,2219,6.373356366731876,0.0,61.568544020889135,-71.20118055555548,143.48437499998732,-271.6305555555556,265.63263888888906,2430,-228.76954732510288,-207.0,135.39240492982228,-490.05,-60.0,-619.0,0.0,2430,-271.37242798353907,-234.0,160.9109360303398,-570.1,-72.45000000000027,-873.0,0.0,2430,-0.059242336542992914,-0.06213734219046424,0.055294950079481056,-0.14713023323328212,0.036873666517800364,-0.2206109914152118,0.11337479335571388,2430,-53.47880658436214,-39.0,44.79205721645998,-151.55,-8.5,-254.0,20.0,2430,0.002642542960830182,0.001869976174873167,0.005787181539615918,-0.00505098952407409,0.01361555880980525,-0.017695468253486446,0.02977746337725118
ground_station_outage,30.0,1.0,20.0,81,2430,2430,-21.403034979423868,-21.875,8.715981320516416,-37.5,-9.375,-37.5,0.0,2430,-20.599279835390945,-21.875,8.867225950888212,-34.375,-6.25,-37.5,0.0,2430,-25.39423268405684,-26.05113636363636,8.449567618756307,-37.49999999999999,-12.02752976190488,-47.36842105263158,0.0,2340,27.374764066951435,0.0,70.00145094666678,-24.515277777783552,200.43684027777192,-138.3500000000039,297.8159722222219,2430,-325.974279835391,-296.0,184.1208882761108,-680.775,-87.0,-785.5,-9.0,2430,-361.9860082304527,-317.0,202.07026842599518,-738.0,-100.0,-1020.0,-9.0,2430,-0.07958305053167225,-0.08222874275845794,0.05397655846619094,-0.16890132890799894,0.0067844654833336595,-0.2823938021533372,0.08832896256069478,2430,-50.59917695473251,-39.5,41.3831821376083,-138.0,-3.5,-232.5,23.5,2430,0.004532768184819504,0.0033912360661374485,0.010827366304651776,-0.011454803238341393,0.02466066986371242,-0.024466748957364226,0.040885570302593655
ground_station_outage,30.0,1.0,30.0,81,2430,2430,-22.20164609053498,-21.875,9.036634781966248,-37.5,-9.375,-37.5,0.0,2430,-22.54758230452675,-21.875,8.61083790965765,-37.5,-9.375,-37.5,0.0,2430,-26.245474299387947,-26.92307692307692,8.708509585496698,-37.5,-12.5,-47.36842105263158,0.0,2430,30.310677583447962,0.0,72.15101938371109,-15.048611111110688,203.60885416667105,-147.5166666666668,307.1145833333331,2430,-417.85041152263375,-378.5,232.47970147790153,-859.5,-116.5,-996.5,-7.0,2430,-446.2662551440329,-392.0,243.20189744346064,-904.0,-127.0,-1152.0,-7.0,2430,-0.08944090897088582,-0.08662281215488352,0.05408256693313465,-0.18085945098182618,-0.0058398893435640175,-0.28246275755194294,0.07075216689367947,2430,-49.062139917695475,-41.5,37.30818441688534,-120.0,-2.0,-193.0,57.5,2430,0.005137108969256742,0.0030540039605916336,0.015638387075318567,-0.017465068657582128,0.03392978118666919,-0.0368807151377335,0.061857279495324935
ground_station_outage,30.0,1.0,40.0,81,2430,2430,-22.737911522633745,-21.875,9.06689659384884,-37.5,-9.375,-37.5,0.0,2430,-23.37834362139918,-25.0,8.491461903620154,-37.5,-9.375,-37.5,-3.125,2430,-26.759761309223027,-27.34375,8.659176260556064,-37.50000000000001,-12.5,-47.36842105263158,-3.7037037037037095,2430,31.683125285779347,0.0,75.27230328884869,-14.11458333333357,214.09340277777645,-148.64861111111446,307.8159722222209,2430,-514.4584362139917,-479.0,281.0832639576616,-1047.0,-145.5,-1178.0,-38.0,2430,-538.338683127572,-478.0,286.88813083599,-1084.55,-156.0,-1302.0,-45.0,2430,-0.09710128150084293,-0.090843304049369,0.05566622967335882,-0.19760131145997392,-0.01663926431309897,-0.29726387283707967,0.06136803342325925,2430,-47.44526748971193,-41.5,35.708221423414564,-111.0,-1.0,-185.0,30.5,2430,0.007819725514055246,0.006051646818562961,0.01911860064924599,-0.020659733516100297,0.04047068053319344,-0.049184046998900666,0.06760867093295198
ground_station_outage,30.0,1.0,50.0,81,2430,2430,-23.13400205761317,-21.875,9.150948135156819,-37.5,-9.375,-37.5,0.0,2430,-23.708847736625515,-25.0,8.832277485214007,-37.5,-9.375,-37.5,-3.125,2430,-26.779224021180852,-27.268024283988964,8.833842772363614,-37.5,-12.5,-47.36842105263158,-3.7037037037037095,2430,33.95818558527606,0.0,76.42851485450348,-8.65000000000073,220.97513888888557,-152.16597222222893,316.9826388888888,2430,-592.0965020576132,-545.5,325.47882491397286,-1227.5,-179.5,-1382.5,-43.5,2430,-613.9234567901235,-530.5,323.56152557564343,-1249.0,-178.0,-1441.0,-62.0,2430,-0.09826338543359216,-0.09006621873546011,0.05788773072585384,-0.2041546372687325,-0.01793492477959989,-0.3166544123057434,0.050536859635145315,2430,-43.547325102880656,-41.0,31.848473439739855,-102.5,-2.0,-167.0,59.5,2430,0.009255913724575116,0.007858668653195844,0.024014320449410546,-0.026115816665913227,0.05307641559209933,-0.05477799896284008,0.08955082118090929
ground_station_outage,30.0,1.0,60.0,81,2430,2430,-23.4375,-21.875,9.29024142361971,-37.5,-9.375,-37.5,0.0,2430,-24.112654320987655,-25.0,8.751082939034358,-37.5,-9.375,-37.5,0.0,2430,-26.767525410865822,-27.093929677134014,8.865531944740605,-37.50000000000001,-12.5,-47.36842105263158,0.0,2430,36.764648205303665,0.0,79.85127126372551,-9.425694444423783,234.79513888888914,-151.4819444444387,316.99999999999125,2430,-685.1098765432099,-626.0,378.303038898169,-1429.0,-201.5,-1559.5,-21.0,2430,-699.1168724279836,-602.0,370.1559799446355,-1428.0,-208.0,-1582.0,-21.0,2430,-0.10149613575830597,-0.09060318760348535,0.059671441080423014,-0.22038275301557478,-0.021481596809551372,-0.3133025239689575,0.03208618168115729,2430,-43.330658436213994,-40.5,31.39282227231049,-100.275,0.0,-142.5,42.5,2430,0.010962719523260948,0.008803235878175553,0.02782032637679109,-0.029167612542169652,0.06286170345006847,-0.061875150438370996,0.0995564698708622
ground_station_outage,30.0,1.0,70.0,81,2430,2430,-23.374485596707817,-21.875,9.364167942450841,-37.5,-9.375,-37.5,0.0,2430,-24.184670781893004,-25.0,8.793365110215682,-37.5,-9.375,-37.5,-3.125,2430,-26.862456460627932,-26.92307692307692,8.867373474441564,-38.45283147041459,-12.5,-47.36842105263158,-3.7037037037036953,2430,40.01167323959692,0.0,81.06356319232398,-10.383333333332729,233.61666666666946,-145.48194444443726,317.6486111111106,2430,-775.6362139917695,-714.5,429.95220679620786,-1608.5,-229.0,-1764.0,-66.0,2430,-784.6469135802469,-678.5,415.4097596886313,-1597.0,-232.0,-1720.0,-89.0,2430,-0.1017722990622331,-0.09124577190531594,0.05895653072275048,-0.2155812086762804,-0.023363029348812684,-0.30530133763246214,0.025053905365257978,2430,-43.053909465020574,-39.5,31.740128393833132,-99.0,-1.0,-138.0,33.5,2430,0.012643705927708512,0.010890058447274198,0.0318851050699003,-0.03642008141112618,0.07078419721871954,-0.08342010473022299,0.11621963461879958
ground_station_outage,30.0,1.0,80.0,81,2430,2430,-23.676697530864196,-25.0,9.272429964166939,-37.5,-9.375,-37.5,0.0,2430,-24.623199588477366,-25.0,8.7427168182682,-37.5,-10.781250000000853,-37.5,-3.125,2430,-27.157273603713318,-28.125,8.869122413125774,-38.46153846153846,-12.5,-47.36842105263158,-3.7037037037036953,2430,40.163252743484165,0.0,81.86831814909104,-9.482638888867484,238.35718750000112,-151.4819444444443,323.8159722222258,2430,-864.7187242798354,-785.5,469.12111750514225,-1779.05,-257.4500000000003,-1956.0,-72.0,2430,-873.7263374485597,-754.5,453.42693341919994,-1786.0,-257.0,-1866.0,-97.0,2430,-0.10460501119660137,-0.09209908760995791,0.06175664239155173,-0.22101382900914446,-0.02347155948061547,-0.3154328096672073,0.01856125432539546,2430,-44.443827160493825,-40.5,32.36812292682819,-100.5,-2.0,-138.0,75.0,2430,0.016660349747655553,0.013867615600636762,0.03540010757772675,-0.03624445415707678,0.08111670286227568,-0.08069957741374023,0.13203510463754076
ground_station_outage,30.0,1.0,90.0,81,2430,2430,-23.84002057613169,-25.0,9.387467595617988,-37.5,-9.375,-37.5,0.0,2430,-24.741512345679013,-25.0,8.87930968699427,-37.5,-12.5,-37.5,-3.125,2430,-27.012265034890206,-28.125,8.933977046692059,-37.6421522556391,-12.5,-47.36842105263158,-3.7037037037036953,2430,39.61811728395081,0.0,82.87462341204699,-12.551076388869372,236.5881597222222,-147.64861111109735,316.9826388888873,2430,-953.1769547325102,-877.25,528.2943498604437,-1979.775,-274.5,-2151.5,-163.0,2430,-956.2995884773662,-828.0,505.2352231098784,-1960.0,-275.0,-2004.0,-178.0,2430,-0.10315766584361015,-0.08997189137091391,0.06260298214642154,-0.22607270928617798,-0.02364157682829252,-0.3226273939894333,0.009418787018594443,2430,-39.81296296296296,-35.5,32.875710911179794,-104.775,0.0,-144.0,97.0,2430,0.01826311805478513,0.015862302840018216,0.037866995044269804,-0.03816917084028937,0.08732778163946642,-0.12405666348941291,0.1327447100150101
ground_station_outage,30.0,1.0,100.0,80,2400,2400,-23.80859375,-25.0,9.397368984027928,-37.5,-9.375,-37.5,0.0,2400,-24.84375,-25.0,8.867801814688553,-37.5,-12.5,-37.5,-3.125,2400,-27.01626543613683,-28.125,8.793230954052557,-37.50000000000001,-12.5,-47.36842105263158,-3.7037037037037095,2400,40.13790190972201,0.0,82.24460112835888,-12.349999999998296,240.97597222222734,-152.35000000000025,315.8965277777829,2400,-1040.7272916666666,-934.5,576.7044375048314,-2160.0,-300.0,-2340.0,-128.0,2400,-1035.6029166666667,-900.0,546.0645547451068,-2145.0,-300.0,-2160.0,-158.0,2400,-0.10401123479926862,-0.08990311216908622,0.061851371380159836,-0.22593185374628683,-0.026240132868797082,-0.3231012028300211,0.0012506524504677374,2400,-41.64791666666667,-37.75,32.59341907342537,-103.0,0.0,-148.5,86.5,2400,0.02077806331005127,0.018360399010837414,0.04153982010960607,-0.03899270821818228,0.09377550421968496,-0.1286535989904829,0.155150311624503
link_window_outage,5.0,1.0,0.0,81,2430,2430,-0.07973251028806584,0.0,0.5894386895730704,0.0,0.0,-9.375,0.0,2430,-1.8930041152263375,0.0,4.505154340522682,-12.5,0.0,-28.125,0.0,2430,-1.33753680003102,-1.0797060452899458,1.0877157217043445,-3.3998534740722244,-0.15358705620160373,-8.555514219576708,0.0,643,-36.66438569206843,0.0,85.26792227769718,-204.33333333333334,62.97500000000001,-221.6833333333333,74.16666666666669,2430,-8.367489711934157,-7.0,6.53113743153091,-20.5,-1.0,-49.5,0.0,2430,-10.309465020576132,-9.0,7.427854797002616,-25.0,-1.0,-51.0,0.0,2430,0.007339382134183184,0.007363812074826087,0.0072804708592325105,-0.003919391412209464,0.01943727748768608,-0.039978269447575654,0.03678730567289534,2430,-8.367489711934157,-7.0,6.53113743153091,-20.5,-1.0,-49.5,0.0,2430,0.0,0.0,0.0,0.0,0.0,0.0,0.0
link_window_outage,5.0,1.0,10.0,81,2430,2430,-0.5066872427983539,0.0,1.8091711016521697,-3.125,0.0,-21.875,0.0,2430,-1.1123971193415638,0.0,2.6563529038914018,-6.25,0.0,-28.125,0.0,2430,-0.7475783793945232,-0.2851113221483743,1.307745258797543,-3.292949992842807,0.0,-12.903225806451616,0.0,2261,7.742108948842642,0.0,19.946466577134203,0.0,43.83402777777543,-181.99999999999997,135.48402777777812,2430,-6.896502057613168,-3.75,11.132546986902812,-23.0,0.0,-170.0,3.0,2430,-5.0588477366255145,-3.0,7.595002386367944,-17.0,0.0,-109.0,2.0,2430,0.019402517414972776,0.018945798859833024,0.008138403315553168,0.006762893068019896,0.0330036484431556,-0.05904144000651934,0.04854844269358605,2430,-2.9024691358024692,-2.0,10.478513866725596,-20.5,12.0,-55.0,85.5,2430,-0.0009119295227051172,-0.000969564276401047,0.0029255368468174125,-0.005521047205775465,0.003988769072370155,-0.014756131760036206,0.01268188904768075
link_window_outage,5.0,1.0,20.0,81,2430,2430,-0.3433641975308642,0.0,1.3741350620168804,-3.125,0.0,-12.5,3.125,2430,-0.9477880658436214,0.0,2.301480159506097,-6.25,0.0,-18.75,3.125,2430,-0.5070559680850127,0.0,1.180002520670227,-2.7540246212121047,0.0,-11.71875,0.641025641025621,2340,8.22488960114001,2.999999999999204,13.215068569449924,0.0,35.34999999999684,-29.04930555555427,158.9826388888888,2430,-6.846090534979424,-3.0,11.341147623567384,-27.275,0.0,-139.5,4.5,2430,-4.530041152263374,-2.0,7.505982436203787,-18.0,0.0,-93.0,3.0,2430,0.020386846622404364,0.019703300634766358,0.008859981872935015,0.009357041257822782,0.03519673059564382,-0.03321963210236922,0.053488847088997815,2430,-2.559053497942387,-2.0,9.50386751080016,-18.5,11.5,-59.0,44.5,2430,-0.00250491969236255,-0.002313856342976983,0.004802816960135743,-0.010578254653498464,0.0049824840723683,-0.025250419864008666,0.02273488288120551
link_window_outage,5.0,1.0,30.0,81,2430,2430,-0.3150720164609053,0.0,1.3244270784785133,-3.125,0.0,-12.5,3.125,2430,-0.6867283950617284,0.0,1.9155294526262039,-6.25,0.0,-15.625,3.125,2430,-0.39828641229865125,0.0,1.0457581372980653,-2.1919038622940263,0.0,-11.538461538461533,0.5208333333333428,2430,4.3480286922727815,6.792788553866558e-12,9.347329250145995,0.0,19.748472222223413,-2.8333333333334565,116.5166666666663,2430,-6.7936213991769545,-3.0,12.536316140235295,-25.775,0.0,-234.0,4.5,2430,-4.434156378600823,-2.0,8.504931972409983,-17.0,0.0,-156.0,3.0,2430,0.020517218574070135,0.019308827457899858,0.008880332747253463,0.010127152262632354,0.03678298034224582,-0.047314952579482594,0.05209392079905151,2430,-1.3141975308641975,-1.0,9.964291126179331,-16.5,13.5,-63.5,59.0,2430,-0.0030049095265979567,-0.002779516944179772,0.005775632236795268,-0.012592342350431584,0.005680854810941331,-0.030754518732714065,0.027036493481477297
link_window_outage,5.0,1.0,40.0,81,2430,2430,-0.2957818930041152,0.0,1.1900075443892322,-3.125,0.0,-9.375,3.125,2430,-0.5246913580246914,0.0,1.6601174729794301,-3.125,0.0,-12.5,3.125,2430,-0.3354352767444637,0.0,1.0765526233309575,-1.9010416666666683,0.0,-14.81481481481481,0.4464285714285694,2430,2.8614786236854126,0.0,5.899697908957975,0.0,13.325138888890976,-6.599999999963373,63.965277777782475,2430,-6.726954732510288,-3.0,17.006193438255796,-23.0,0.0,-358.5,6.0,2430,-4.417695473251029,-2.0,12.5332171098133,-15.0,0.0,-287.0,3.0,2430,0.020631169607178406,0.018617694239061983,0.009522414806991022,0.010646547173429973,0.03739757698805993,-0.050433271547272895,0.05409947924077041,2430,-0.7304526748971193,-0.5,10.683100287009594,-16.5,15.0,-72.0,63.5,2430,-0.004203799305243405,-0.003721424411267993,0.007368327279203658,-0.017182634420534904,0.006603143504502775,-0.044346245733040135,0.031551745184986935
link_window_outage,5.0,1.0,50.0,81,2430,2430,-0.3125,0.0,1.2468762430075802,-3.125,0.0,-12.5,3.125,2430,-0.46296296296296297,0.0,1.5200023789642856,-3.125,0.0,-12.5,0.0,2430,-0.25349380879586864,0.0,0.9087301821054758,-1.2820512820512846,0.0,-11.538461538461533,0.0,2430,2.153473365340067,0.0,4.979422620595113,0.0,10.197638888914799,-5.0,116.00000000000001,2430,-7.055555555555555,-3.5,14.936196125984488,-25.5,0.0,-319.0,6.0,2430,-4.538683127572017,-2.0,11.025623507461454,-16.0,0.0,-260.0,3.0,2430,0.0206654169327714,0.01883802719695915,0.010002824640576285,0.010321402005500913,0.038117413970701536,-0.0876389295278363,0.055356555957480014,2430,0.3648148148148148,0.0,9.891607732155,-14.5,16.274999999999864,-53.5,61.0,2430,-0.003402315718693411,-0.0031302213803325873,0.008144359784931225,-0.017120023813729325,0.009127330731362947,-0.0471383606517799,0.04097771227540048
link_window_outage,5.0,1.0,60.0,81,2430,2430,-0.23276748971193414,0.0,1.0751495178090313,-3.125,0.0,-15.625,0.0,2430,-0.4243827160493827,0.0,1.4859208302949785,-3.125,0.0,-15.625,0.0,2430,-0.15559456672266506,0.0,0.5823781232703475,-0.78125,0.0,-8.333333333333329,0.2380952380952266,2430,1.769285836762499,0.0,3.6598379790592355,0.0,9.567361111107914,-7.125694444431069,26.868055555547585,2430,-6.175514403292181,-3.0,15.443643720761454,-21.0,0.0,-337.5,3.0,2430,-3.9617283950617286,-2.0,10.294739205391048,-13.0,0.0,-225.0,2.0,2430,0.020880666679083105,0.018109604536549945,0.009271450145936963,0.01005860017324983,0.038572429774099526,-0.018379719909447645,0.052589398839623325,2430,0.1816872427983539,0.0,11.458106251957448,-15.5,17.0,-84.0,89.5,2430,-0.004853633847622156,-0.004603940469170564,0.00881204420538034,-0.018483060053091936,0.008087917703760987,-0.0652763114979229,0.03795638366616583
link_window_outage,5.0,1.0,70.0,81,2430,2430,-0.13503086419753085,0.0,0.8326916042665795,0.0,0.0,-12.5,3.125,2430,-0.3227880658436214,0.0,1.3042001907088505,-3.125,0.0,-15.625,3.125,2430,-0.1506479603966052,0.0,0.7708129981772963,-0.78125,0.0,-14.81481481481481,0.625,2430,1.4521719250106353,0.0,3.1605407140366277,0.0,8.000000000005413,-5.868055555556204,32.00000000000048,2430,-6.640329218106996,-3.0,22.013279121774094,-23.0,0.0,-557.0,5.5,2430,-4.3312757201646095,-2.0,16.606088491506945,-15.0,0.0,-433.0,4.0,2430,0.020518272901830916,0.018399516840458124,0.009988557112795098,0.009875228000190991,0.03821336915441553,-0.09639798653395648,0.048217787859091255,2430,-0.497119341563786,-1.0,10.933318603028813,-16.5,17.0,-54.5,72.5,2430,-0.005757465621104192,-0.005394009070906813,0.009734924159393041,-0.02128310618228372,0.009122172814785565,-0.0703563287558453,0.04239894678601508
link_window_outage,5.0,1.0,80.0,81,2430,2430,-0.12731481481481483,0.0,0.8434940037014046,0.0,0.0,-12.5,3.125,2430,-0.3073559670781893,0.0,1.2155170230065908,-3.125,0.0,-12.5,3.125,2430,-0.11829605996438088,0.0,0.5148818566868194,-0.78125,0.0,-11.538461538461533,1.0416666666666572,2430,1.318724565614525,0.0,3.797241232975904,0.0,6.999999999997014,-7.131944444448649,120.35000000000049,2430,-5.746707818930041,-2.0,14.017373632383348,-23.0,0.0,-433.5,8.0,2430,-3.625102880658436,-1.0,9.579840846700872,-14.0,0.0,-289.0,4.0,2430,0.02043486885296206,0.018250410469348888,0.009773214073742221,0.009521921652891544,0.03835856619622743,-0.0927482444758872,0.05026915907257801,2430,-0.6594650205761317,-1.0,11.328026744116043,-16.5,16.5,-68.0,74.0,2430,-0.004457008319410165,-0.004981721702570274,0.010430497092601335,-0.020656963861427936,0.012048912873289892,-0.0500375834817568,0.062367040963910325
link_window_outage,5.0,1.0,90.0,81,2430,2430,-0.08359053497942387,0.0,0.5854802941151489,0.0,0.0,-9.375,3.125,2430,-0.2109053497942387,0.0,0.9551769536883359,-3.125,0.0,-9.375,0.0,2430,-0.08717058696309324,0.0,0.5291131805272685,-0.5208333333333428,0.0,-11.538461538461533,0.0,2430,1.0816438042980356,0.0,2.724676293875954,-1.9326762412674725e-12,5.86805555555911,-10.00000000000049,24.516666666666296,2430,-5.816666666666666,-2.0,13.934476954779951,-22.0,0.0,-345.0,10.0,2430,-3.6674897119341563,-1.0,9.797818875067144,-14.0,0.0,-230.0,8.0,2430,0.020165549502407662,0.017845891829001398,0.010014530931387558,0.00944395742782088,0.03783520246633432,-0.09502406472029862,0.04897122343162641,2430,0.5187242798353909,0.0,12.776080825909801,-16.0,18.274999999999864,-74.5,106.5,2430,-0.003297168542660957,-0.004034627232459065,0.010738179967126574,-0.01900150219169604,0.014367764600925445,-0.05053184346941686,0.04837344948052724
link_window_outage,5.0,1.0,100.0,80,2400,2400,-0.13671875,0.0,0.8664085229855852,0.0,0.0,-9.375,3.125,2400,-0.08984375,0.0,0.5813215910027828,0.0,0.0,-6.25,3.125,2400,-0.05273114817602674,0.0,0.3263796773707195,-0.31371001683501654,0.0,-7.037037037037052,0.78125,2400,1.0359658564820056,0.0,2.050960367801744,-0.3020833333197501,5.0,-5.395833333333329,24.0,2400,-6.360416666666667,-2.0,19.3338869040664,-22.0,0.0,-547.5,8.0,2400,-4.055416666666667,-2.0,13.050190564654399,-14.0,0.0,-365.0,4.0,2400,0.020141360574557392,0.017751443192557226,0.009246706812313562,0.009086060658992203,0.03761596462685735,-0.014320043971973784,0.04905736798981919,2400,-0.4195833333333333,-1.0,12.556159456677609,-17.0,17.5,-85.0,89.0,2400,-0.0024745305645367493,-0.0029860207785276094,0.01087278359032363,-0.01860150234679021,0.016102788972742425,-0.05155145036344999,0.046184922019544494
link_window_outage,10.0,1.0,0.0,81,2430,2430,-0.20833333333333334,0.0,1.016884778192797,0.0,0.0,-12.5,0.0,2430,-2.9681069958847734,0.0,6.22740450888847,-18.75,0.0,-28.125,0.0,2430,-2.6745783824434533,-2.3173333271506777,1.6758922268460992,-5.8418799033517885,-0.6673911871613364,-12.109067155357941,0.0,567,-59.2959141681364,-20.0,91.24318865705813,-207.9,62.05833333333335,-221.6833333333333,74.16666666666669,2430,-16.832716049382714,-14.5,11.075627017111922,-38.5,-3.0,-81.0,0.0,2430,-20.97037037037037,-19.0,12.67862681359514,-45.0,-4.0,-78.0,0.0,2430,0.015397620512749503,0.014642957508167964,0.01143724186320895,-0.0012661638191217351,0.03584299958481339,-0.03955519581322847,0.06912448155735496,2430,-16.832716049382714,-14.5,11.075627017111922,-38.5,-3.0,-81.0,0.0,2430,0.0,0.0,0.0,0.0,0.0,0.0,0.0
link_window_outage,10.0,1.0,10.0,81,2430,2430,-1.0300925925925926,0.0,2.689353072431252,-6.25,0.0,-21.875,3.125,2430,-2.3045267489711936,0.0,3.924312234690327,-9.375,0.0,-25.0,0.0,2430,-1.54962888556688,-0.9154040404040416,1.9826320712237957,-5.615370306776552,0.0,-17.10419210419208,0.0,2249,15.421867434909215,8.0,29.033943180634513,0.0,63.31430555555393,-208.33333333333334,168.33402777777812,2430,-14.3440329218107,-10.5,15.027686654663924,-44.5,0.0,-129.0,0.0,2430,-10.613991769547326,-8.0,10.509223228250127,-32.0,0.0,-86.0,0.0,2430,0.04050639596307191,0.03923627500690066,0.01450872968756419,0.018208220236697367,0.06736836796851423,-0.04501530189641412,0.0901627922654692,2430,-5.9792181069958845,-4.5,16.248180700823752,-33.775,18.0,-76.5,93.0,2430,-0.0017484365300363695,-0.001832900256770409,0.00429113738819171,-0.008548855110587849,0.0056143174144992,-0.021298865069356854,0.017785668697418044
link_window_outage,10.0,1.0,20.0,81,2430,2430,-0.7523148148148148,0.0,2.0664866230943817,-6.25,0.0,-18.75,3.125,2430,-1.9354423868312758,0.0,3.471136834231294,-9.375,0.0,-25.0,3.125,2430,-1.0735401328033136,-0.41409465020576164,1.6681905857327881,-4.514615978157646,0.0,-11.762152777777771,0.6666666666666714,2340,16.063279914529925,10.434027777760889,18.865058900283994,0.0,51.00999999999985,-25.668055555555966,136.64999999999415,2430,-15.138477366255144,-10.0,17.028058509471915,-48.5,0.0,-208.5,0.0,2430,-10.069135802469136,-7.0,11.345293269375144,-32.0,0.0,-144.0,0.0,2430,0.04236808982406517,0.04060834008267883,0.015933683246275428,0.021178942539843395,0.0719589055552594,-0.030945851818485637,0.10691662502144617,2430,-5.41358024691358,-3.5,14.391819754812918,-32.5,15.0,-77.0,51.0,2430,-0.005071101390002521,-0.0049329913157651895,0.007302386869824124,-0.01694919013328262,0.0070216329603853215,-0.032887852404643425,0.028810735885530292
link_window_outage,10.0,1.0,30.0,81,2430,2430,-0.7548868312757202,0.0,2.075257362888411,-6.25,0.0,-25.0,3.125,2430,-1.3233024691358024,0.0,2.6610213900844744,-6.25,0.0,-21.875,0.0,2430,-0.8424728572512422,-0.13652188823283495,1.5527256054633136,-3.94736842105263,0.0,-11.538461538461533,0.2380952380952266,2430,9.033564814815314,5.49201388888936,12.801443392618314,0.0,31.541145833333655,-7.8333333333334565,128.31736111111118,2430,-13.946296296296296,-9.0,16.647969717196137,-42.5,0.0,-187.5,1.5,2430,-9.049382716049383,-6.0,11.265428084889031,-28.549999999999997,0.0,-140.0,1.0,2430,0.04308467222191528,0.04062712924022924,0.016456282450641214,0.022894990984047514,0.07239963289395812,-0.054551533415053144,0.11094884440505048,2430,-3.013786008230453,-2.5,14.126389265484713,-28.0,18.774999999999864,-102.5,53.5,2430,-0.006139570830339053,-0.005918720897660545,0.008757912115901757,-0.020258481063500568,0.007957963911025283,-0.05011251031464137,0.031077980231034807
link_window_outage,10.0,1.0,40.0,81,2430,2430,-0.6262860082304527,0.0,1.7380879182179003,-6.25,0.0,-12.5,3.125,2430,-1.1496913580246915,0.0,2.428653594614559,-6.25,0.0,-15.625,3.125,2430,-0.7258623037450467,0.0,1.6869787099088658,-3.846153846153854,0.0,-14.81481481481481,0.2840909090909207,2430,6.102936957018676,3.5076388888888133,8.880605863821335,0.0,23.700694444444522,-1.9999999999985434,105.35069444444952,2430,-14.3619341563786,-8.0,26.822629429838734,-44.0,0.0,-389.5,1.5,2430,-9.490534979423868,-5.0,19.960761037283543,-29.0,0.0,-318.0,1.0,2430,0.043295917807854835,0.03914755020504854,0.018121998876658604,0.02271198007636355,0.07562863568601283,-0.03726109810523692,0.10455324126352317,2430,-1.757201646090535,-1.5,15.987184155233095,-28.0,23.5,-83.5,87.5,2430,-0.008574344873246416,-0.007579993530647311,0.01081298583102863,-0.027270943511765688,0.006767369158352675,-0.06487517692534062,0.02823229648342762
link_window_outage,10.0,1.0,50.0,81,2430,2430,-0.676440329218107,0.0,1.8596072528822607,-3.125,0.0,-18.75,3.125,2430,-0.882201646090535,0.0,2.0372646591833874,-6.25,0.0,-15.625,0.0,2430,-0.48410064187733454,0.0,1.1538057948751599,-2.564102564102569,0.0,-14.81481481481481,0.3472222222222143,2430,4.748515374942125,2.3500000000006054,8.316038740422172,0.0,16.49878472222548,-3.999999999992241,121.00000000000001,2430,-13.905761316872429,-9.0,19.292582884633738,-42.0,0.0,-476.0,4.5,2430,-8.85843621399177,-6.0,13.986397291813631,-26.0,0.0,-386.0,5.0,2430,0.043558318572441135,0.03991862300856139,0.017855390151494503,0.022022554610929265,0.07637490402645015,-0.06724422399423058,0.10767640822352942,2430,0.5323045267489712,0.0,14.182494531285766,-22.5,24.5,-52.5,84.0,2430,-0.006612337952477509,-0.0062468792980966414,0.011970374968648263,-0.026533126537163044,0.011964478653376057,-0.05430032713359645,0.03964338544187207
link_window_outage,10.0,1.0,60.0,81,2430,2430,-0.4809670781893004,0.0,1.5170519011275791,-3.125,0.0,-15.625,0.0,2430,-0.8461934156378601,0.0,2.1853076653075973,-6.25,0.0,-18.75,0.0,2430,-0.37688520288239064,0.0,1.1123855779380507,-1.851562500000002,0.0,-14.81481481481481,0.0,2430,3.9119067215355448,1.5572916666547805,6.722047709811475,0.0,15.263888888904567,-6.729861111118105,116.31736111111118,2430,-14.045884773662552,-8.0,29.623523817720606,-39.0,0.0,-563.5,13.5,2430,-9.106995884773662,-5.0,21.99837357914461,-26.0,0.0,-457.0,9.0,2430,0.04357526280616629,0.03794424767589688,0.01921245973129519,0.021187684047156832,0.07988945314049173,-0.041492142064221915,0.1063423033670835,2430,-0.18806584362139916,-0.5,15.781632469044682,-24.5,24.5,-82.5,92.5,2430,-0.009742155745656787,-0.009556767388369636,0.012612384273727302,-0.03118332543774376,0.009860260429227783,-0.07238981724348137,0.049090335928700934
link_window_outage,10.0,1.0,70.0,81,2430,2430,-0.2854938271604938,0.0,1.3296080698283144,-3.125,0.0,-15.625,3.125,2430,-0.664866255144033,0.0,1.9137999185535641,-6.25,0.0,-15.625,3.125,2430,-0.3216161574632664,0.0,0.9849128932898581,-1.5625,0.0,-14.81481481481481,1.0416666666666572,2430,3.267625743025781,1.3020833333333286,5.332337927533207,0.0,13.363020833332145,-5.868055555556204,113.86736111113495,2430,-14.078395061728395,-7.5,29.332994809531165,-43.0,0.0,-599.0,7.5,2430,-9.043621399176955,-5.0,20.652682539098926,-28.0,0.0,-475.0,5.0,2430,0.04336752164515845,0.03868336518164231,0.019166774645472385,0.020689120076170953,0.08025341958589308,-0.07437112287074232,0.10001717438624036,2430,-0.973045267489712,-2.0,16.123162042434853,-26.0,27.0,-66.0,96.5,2430,-0.011820816077391985,-0.011272725064286893,0.015017704366191403,-0.037029756497926794,0.010808056143763378,-0.09983960659223823,0.056487844913944096
link_window_outage,10.0,1.0,80.0,81,2430,2430,-0.29963991769547327,0.0,1.2500303100364702,-3.125,0.0,-12.5,3.125,2430,-0.7150205761316872,0.0,1.9261326084750003,-3.125,0.0,-12.5,3.125,2430,-0.2959332737641869,0.0,0.9704232052152612,-1.5625,0.0,-14.81481481481481,1.0416666666666572,2430,3.005358939185757,1.0000000000035172,5.691120128475007,0.0,10.999999999983276,-7.131944444448649,120.35000000000049,2430,-14.199382716049383,-7.5,33.554608527398365,-43.5,0.0,-691.5,4.5,2430,-9.092181069958848,-5.0,24.055080812638412,-27.0,0.0,-549.0,3.0,2430,0.04282247218861557,0.038366269577437884,0.019685648150298957,0.02010898348453045,0.07938876100254846,-0.08241326739366445,0.10021467357179836,2430,-1.4960905349794238,-2.0,16.70013438930554,-28.0,25.0,-85.5,79.5,2430,-0.00976160274419586,-0.010203302811914505,0.01498857807440416,-0.033569846623580965,0.01573576778614252,-0.08366039706851724,0.05720323367966129
link_window_outage,10.0,1.0,90.0,81,2430,2430,-0.21862139917695472,0.0,1.0535980778791694,-3.125,0.0,-9.375,3.125,2430,-0.4488168724279835,0.0,1.4331579946366253,-3.125,0.0,-12.5,0.0,2430,-0.1743269416643022,0.0,0.6118587917854021,-1.1458333333333144,0.0,-8.518518518518533,0.0,2430,2.3577937814351206,0.999999999983995,4.879384427689594,-1.9326762412674725e-12,9.30208333333729,-9.093749999988361,113.86805555558723,2430,-12.893415637860082,-7.5,26.330619458306202,-40.5,0.0,-499.5,16.5,2430,-8.14320987654321,-5.0,17.44265630398806,-25.0,0.0,-333.0,11.0,2430,0.04250414373732185,0.03774080441217853,0.019132617966687235,0.019774293033538694,0.07857971582883758,-0.00942859620395431,0.09678915714730862,2430,0.2623456790123457,-0.5,15.975079716070283,-23.0,26.5,-85.0,92.5,2430,-0.006803290164495988,-0.007183527689102243,0.015177573363756894,-0.030524900663053765,0.017690763711122753,-0.10226775154428536,0.059168543431323606
link_window_outage,10.0,1.0,100.0,80,2400,2400,-0.29296875,0.0,1.23371901941432,-3.125,0.0,-12.5,3.125,2400,-0.28515625,0.0,1.1466927935678526,-3.125,0.0,-12.5,3.125,2400,-0.1191901574719986,0.0,0.5734421829049892,-0.7232188786008228,0.0,-11.538461538461533,1.0416666666666572,2400,2.2338836805562257,1.000000000022311,3.6699912402739927,-2.4229507289419416e-12,7.999999999997903,-2.9999999999888374,109.86805555558337,2400,-13.900833333333333,-8.0,31.66753879070803,-40.0,0.0,-601.5,4.0,2400,-8.910833333333333,-5.0,21.580610907135856,-25.0,0.0,-401.0,2.0,2400,0.04226607559400791,0.03714825633881591,0.019388637035218665,0.019067447811768112,0.07828993053174188,-0.07918074700791589,0.09917888140212161,2400,-0.5145833333333333,-0.5,17.16867002242836,-26.525,27.0,-86.5,96.5,2400,-0.005618336320534143,-0.006109417888180313,0.015708566290370898,-0.02831101318644763,0.020549788054934147,-0.08934717273587722,0.08520533061669555
link_window_outage,20.0,1.0,0.0,81,2430,2430,-0.4218106995884774,0.0,1.5605390496664564,-3.125,0.0,-18.75,0.0,2430,-4.059927983539095,0.0,7.756268494063078,-21.875,0.0,-28.125,0.0,2430,-5.780751066492939,-5.222477049444311,2.785399147472705,-11.251270904534842,-2.2567454637770354,-22.575401688453148,-0.5119332421963989,356,-93.0014981273408,-59.38333333333333,97.26777669262219,-217.98333333333332,61.083333333333314,-228.23333333333332,74.0,2430,-36.63930041152263,-33.0,21.116578304647145,-78.775,-10.0,-129.5,-2.0,2430,-45.855144032921814,-42.0,24.336303440964134,-90.0,-14.0,-145.0,-3.0,2430,0.031001588585058158,0.028344652622416297,0.02025340148572651,0.0019399751643372019,0.06879730444388664,-0.03512268786316686,0.13203645776597017,2430,-36.63930041152263,-33.0,21.116578304647145,-78.775,-10.0,-129.5,-2.0,2430,0.0,0.0,0.0,0.0,0.0,0.0,0.0
link_window_outage,20.0,1.0,10.0,81,2430,2430,-2.238940329218107,0.0,4.025033255955413,-12.5,0.0,-28.125,0.0,2430,-5.489969135802469,-3.125,6.561695240630426,-18.75,0.0,-37.5,0.0,2430,-3.5055637102104633,-2.7118092018186104,3.1131601532546536,-9.764388842253421,0.0,-18.51925489180391,0.0,2206,25.896189055102365,30.000000000003155,47.36276006357862,-48.15312499999604,87.65555555553807,-268.6319444444443,244.9826388888888,2430,-31.98559670781893,-26.5,24.80474592270902,-79.5,-4.5,-189.5,0.0,2430,-24.158024691358026,-21.0,17.30459116739767,-57.0,-4.0,-127.0,0.0,2430,0.08780231928384984,0.08457274342132973,0.02757766219392758,0.04885003078483085,0.14463719084957893,-0.0367345881974912,0.18312253917852872,2430,-13.690740740740742,-10.5,28.33547007579164,-63.5,27.5,-132.0,134.5,2430,-0.003192493530637372,-0.0037275142016143237,0.006333373823973752,-0.012639099330814408,0.008223746747526947,-0.0211444463400301,0.02837249782419482
link_window_outage,20.0,1.0,20.0,81,2430,2430,-1.685956790123457,0.0,3.1815510276150896,-9.375,0.0,-25.0,3.125,2430,-4.17309670781893,-3.125,5.6598062221895145,-15.625,0.0,-40.625,3.125,2430,-2.394286482432752,-1.5659114799616205,2.543391466258307,-7.692307692307693,0.0,-14.82974910394266,0.6666666666666714,2340,31.93664707977208,24.458333333341272,28.071704542902776,0.0,88.0024652777808,-53.2500000000058,201.21527777777763,2430,-33.598559670781896,-27.0,27.29798847813115,-82.5,-5.0,-235.0,0.0,2430,-22.486008230452676,-18.0,18.057374188095306,-55.0,-3.0,-156.0,0.0,2430,0.093946260196822,0.0900719497109766,0.03140234836596168,0.0525020999152319,0.15090552174480965,0.006142703188383836,0.22260592468730378,2430,-11.063786008230453,-9.0,22.446332438090042,-52.0,25.0,-100.0,72.0,2430,-0.009611024593589543,-0.009437295852261274,0.011424941330555976,-0.027928943097392144,0.009554861517860898,-0.0471781236405191,0.04058925979680694
link_window_outage,20.0,1.0,30.0,81,2430,2430,-1.5689300411522633,0.0,3.073427961609406,-6.25,0.0,-21.875,0.0,2430,-2.99511316872428,0.0,3.947963037111096,-12.5,0.0,-25.0,0.0,2430,-1.94130542773358,-1.0416666666666572,2.430333495983282,-7.387086323763951,0.0,-16.66666666666667,0.0,2430,20.185771604939116,14.65902777777815,20.97912900585946,0.0,58.33538194444428,-0.7013888888888005,171.9166666666678,2430,-32.123456790123456,-25.5,27.215052888634077,-78.0,-4.0,-208.5,0.0,2430,-20.91275720164609,-16.0,18.67156165692679,-52.0,-2.0,-161.0,0.0,2430,0.0952036623303704,0.08984584731855039,0.0336448898110764,0.052624945799309715,0.1575416579233649,-0.002525050859697786,0.2335642026011694,2430,-6.882510288065844,-6.0,20.686356928749735,-41.0,27.0,-88.5,76.5,2430,-0.012615309222894147,-0.012142904411313604,0.012680647264607717,-0.03410290130762371,0.0069250880836377055,-0.05945656645538033,0.04405565905915232
link_window_outage,20.0,1.0,40.0,81,2430,2430,-1.4261831275720165,0.0,2.6772988393410975,-6.25,0.0,-15.625,3.125,2430,-2.460133744855967,0.0,3.454949423262896,-9.375,0.0,-21.875,3.125,2430,-1.6413345120385705,-0.6747159090909065,2.4408217957099816,-6.904761904761898,0.0,-17.239583333333343,0.2840909090909207,2430,13.889849108367567,9.999999999997325,14.95157128370874,0.0,43.31597222224892,0.0,159.83333333333354,2430,-31.247736625514403,-23.25,33.716529917648806,-77.275,-3.0,-394.5,4.0,2430,-20.361316872427984,-15.0,23.789618977475396,-51.0,-2.0,-323.0,2.0,2430,0.09604970269359031,0.0881458092846025,0.0364168791929025,0.05109955878382379,0.16242143655083185,-0.03000202193889745,0.2232444473899392,2430,-3.8646090534979423,-3.5,23.520962474833553,-43.0,33.0,-89.5,111.0,2430,-0.017277741423551016,-0.0161728582998113,0.014961752769960868,-0.04248917916128714,0.0048458069141624534,-0.08706166088560452,0.0445366896448105
link_window_outage,20.0,1.0,50.0,81,2430,2430,-1.478909465020576,0.0,2.9589757360231834,-6.25,0.0,-28.125,3.125,2430,-2.1875,0.0,3.3792348170472466,-9.375,0.0,-18.75,3.125,2430,-1.212697302565056,-0.43946870015948747,2.0717072695415144,-5.46875,0.0,-14.81481481481481,0.0,2430,10.580542981252197,7.965624999994056,11.919201180748605,0.0,30.999999999999993,-3.999999999992241,142.35000000000122,2430,-32.64382716049383,-25.5,32.20436991952025,-83.0,-4.0,-496.0,0.5,2430,-20.961316872427982,-16.0,23.691011890053222,-54.0,-2.0,-406.0,0.0,2430,0.09588176069955742,0.08842112146691752,0.03894378121011864,0.04927801349803259,0.1669847366199786,-0.0294956040823946,0.23622741529279967,2430,0.3907407407407407,0.0,21.04388992747808,-35.0,36.0,-77.5,103.0,2430,-0.014135064549550698,-0.013770963506569811,0.0175118458448331,-0.04307234335100814,0.014357196508040675,-0.09798226042571856,0.05194381758137068
link_window_outage,20.0,1.0,60.0,81,2430,2430,-1.1072530864197532,0.0,2.521911514312867,-6.25,0.0,-25.0,0.0,2430,-1.9611625514403292,0.0,3.4333236276936208,-9.375,0.0,-18.75,0.0,2430,-0.998436470216927,-0.19493177387914784,1.946431382804805,-4.667410714285719,0.0,-15.364583333333329,0.0,2430,8.938445930497178,6.347222222219287,10.129820256240796,0.0,27.842187499997824,-3.9000000000071537,150.31736111111312,2430,-32.75267489711934,-22.5,45.37518613200692,-83.0,-2.0,-646.5,0.0,2430,-21.247736625514403,-14.0,34.45603198573977,-56.0,-1.0,-540.0,0.0,2430,0.09594886553651608,0.08272912805458513,0.0408040680268249,0.04739416702448501,0.17385092358546736,-0.015087398984438588,0.22797025366768253,2430,-0.9113168724279835,-1.0,23.634408759102605,-40.0,39.0,-98.0,90.5,2430,-0.0200111620027408,-0.019163619765003914,0.01914434513010033,-0.0516885533492243,0.009724439685327926,-0.12529079221448924,0.06108885956158927
link_window_outage,20.0,1.0,70.0,81,2430,2430,-0.6159979423868313,0.0,1.8665539790442065,-3.125,0.0,-15.625,3.125,2430,-1.6203703703703705,0.0,2.9240579561114215,-9.375,0.0,-18.75,3.125,2430,-0.7956280594433729,0.0,1.7946396138636034,-3.5379464285714213,0.0,-14.81481481481481,1.0416666666666572,2430,6.8191532350238235,4.868055555555721,7.748657659284418,0.0,22.017361111107572,-4.565972222223365,113.86736111113495,2430,-32.46358024691358,-22.5,53.36470072232339,-76.775,0.0,-697.0,2.0,2430,-21.192592592592593,-14.0,41.11593758950921,-50.0,0.0,-573.0,1.0,2430,0.09588704297138353,0.08564814565283324,0.04179882603757704,0.04612668896149341,0.17247631599598692,-0.032286232082155086,0.22197285445085502,2430,-2.4300411522633745,-3.5,23.45583612341744,-39.775,37.5,-77.0,105.0,2430,-0.022392912716934037,-0.020631125347549073,0.021131379561093025,-0.059013139053091766,0.00932766925165061,-0.13497608695652175,0.06244028233258225
link_window_outage,20.0,1.0,80.0,81,2430,2430,-0.6391460905349794,0.0,1.9308927443267814,-6.25,0.0,-18.75,3.125,2430,-1.4017489711934157,0.0,2.786347432751966,-6.25,0.0,-18.75,3.125,2430,-0.6370137594479413,0.0,1.5415310887387637,-3.037202380952374,0.0,-14.81481481481481,1.0416666666666572,2430,6.6199142661176795,4.5767361111121545,9.666335764128341,0.0,19.948611111102693,-5.829861111115321,141.35000000000048,2430,-31.467489711934157,-21.0,49.48765885175748,-79.0,0.0,-706.5,0.0,2430,-20.237860082304525,-13.0,36.56372430855242,-51.0,0.0,-564.0,0.0,2430,0.0952002049453601,0.08608764018096712,0.04270558912039023,0.04501774913746837,0.17545905949069604,-0.04912284132439754,0.21884888388812773,2430,-2.4020576131687243,-3.0,24.991964041624595,-43.275,39.5,-83.0,104.5,2430,-0.019822397892228505,-0.01977140498014074,0.02233861462820869,-0.05475204544788424,0.01642283342489613,-0.16484698261937059,0.08326378281902036
link_window_outage,20.0,1.0,90.0,81,2430,2430,-0.5182613168724279,0.0,1.6657611786407704,-3.125,0.0,-21.875,3.125,2430,-1.127829218106996,0.0,2.467566678435649,-6.25,0.0,-15.625,0.0,2430,-0.5068257794586476,0.0,1.4229592189271065,-2.631578947368425,0.0,-14.81481481481481,0.0,2430,5.385997370826714,3.976388888861525,6.417232203500624,0.0,16.172256944443767,-5.868055555560332,108.86805555558215,2430,-32.29259259259259,-22.0,53.04457785948465,-83.5,0.0,-821.0,6.0,2430,-20.648971193415637,-13.0,38.084387526275606,-54.0,0.0,-663.0,3.0,2430,0.09429784074335121,0.08382881665113442,0.04276543524045409,0.044074716151200406,0.17476796027933506,-0.03853587089103189,0.21402090046912614,2430,0.6594650205761317,0.0,24.63571945858046,-39.5,41.0,-123.5,119.5,2430,-0.014737931463570947,-0.015240266369196398,0.022468997146465244,-0.05049755684699776,0.023218706158171964,-0.10232563948840934,0.09576559047963129
link_window_outage,20.0,1.0,100.0,80,2400,2400,-0.51953125,0.0,1.6349604280707641,-3.125,0.0,-12.5,3.125,2400,-0.6510416666666666,0.0,1.8423601186883753,-3.125,0.0,-12.5,0.0,2400,-0.30469215729194976,0.0,1.0194322653630297,-1.5625,0.0,-14.81481481481481,0.46875,2400,4.884121817129919,3.9999999999893276,4.3445185047371675,0.0,13.000868055558781,-5.0,26.61388888888638,2400,-30.341041666666666,-22.5,47.28977792333434,-74.025,0.0,-904.5,2.0,2400,-19.36916666666667,-14.0,33.90764814743265,-48.0,0.0,-728.0,1.0,2400,0.09446373794606368,0.08283410635300628,0.043119737751221424,0.042962310497684474,0.17390924101796454,-0.04789601573951241,0.20951059995933197,2400,-0.8860416666666666,-1.0,25.348653289502916,-43.5,42.5,-130.0,87.0,2400,-0.0120497748899937,-0.012131517739836006,0.020736520550423996,-0.044887548266719424,0.022849664402816366,-0.1160939713671787,0.06818995556508889
link_window_outage,30.0,1.0,0.0,81,2430,2430,-0.73559670781893,0.0,2.2267966351538497,-6.25,0.0,-21.875,0.0,2430,-4.492026748971194,0.0,8.274047033948522,-21.875,0.0,-28.125,0.0,2430,-9.03562503392139,-8.213101579915172,3.817889206821947,-16.049928502790134,-4.031443067099962,-35.684365760192954,-1.6821726032252329,233,-110.71037195994279,-132.56666666666666,96.43479746105812,-217.98333333333332,0.0,-222.98333333333332,74.0,2430,-57.93065843621399,-52.5,32.04997876314737,-120.775,-18.0,-194.5,-3.5,2430,-73.35061728395061,-68.0,37.28285435048644,-141.0,-24.0,-217.0,-7.0,2430,0.04787941224047481,0.04355041201258972,0.030106782692008515,0.006347662100653652,0.10350279473690287,-0.06794587133402816,0.17415153840737818,2430,-57.93065843621399,-52.5,32.04997876314737,-120.775,-18.0,-194.5,-3.5,2430,0.0,0.0,0.0,0.0,0.0,0.0,0.0
link_window_outage,30.0,1.0,10.0,81,2430,2430,-3.63940329218107,0.0,5.198649885881048,-15.625,0.0,-34.375,0.0,2430,-9.8315329218107,-6.25,9.510001683237366,-28.125,0.0,-50.0,0.0,2430,-5.882649503090089,-5.066426414143134,4.298285102621712,-14.229049297199046,-0.3050595238095248,-27.92685270239449,0.0,2161,39.405551377962766,49.000000000002444,67.41403894103807,-100.56597222221461,128.8159722222219,-271.6305555555556,241.33402777777786,2430,-52.46872427983539,-47.5,32.94437233590181,-112.275,-10.0,-267.0,0.0,2430,-40.623045267489715,-38.0,23.242707010470316,-82.0,-9.0,-182.0,0.0,2430,0.14577453818138422,0.13960003001184518,0.04310167454903068,0.0867143276207652,0.23213283957657146,0.001822140189306154,0.3126903642622332,2430,-21.6798353909465,-15.5,38.11982965465642,-91.5,31.774999999999864,-174.5,142.0,2430,-0.004493745422783699,-0.005127506787443004,0.008093611387142218,-0.016217733739101414,0.01013015868384236,-0.028551359096722795,0.03447139548096678
link_window_outage,30.0,1.0,20.0,81,2430,2430,-2.844650205761317,0.0,4.204234945751213,-12.5,0.0,-25.0,3.125,2430,-7.056327160493828,-6.25,7.9850411000093136,-25.0,0.0,-50.0,3.125,2430,-4.104400603612203,-3.4861637846106106,3.3272728547783803,-10.541675121753249,0.0,-21.14751503640393,0.6666666666666714,2340,50.42011663105403,43.01701388888923,37.337665169698994,6.0,125.6493055555562,-53.2500000000058,214.6493055555356,2430,-57.27407407407407,-50.0,37.06314066997315,-127.0,-12.5,-362.5,0.0,2430,-38.660493827160494,-34.0,24.535796581262076,-83.55,-9.0,-247.0,0.0,2430,0.15684845866313882,0.1505910883161222,0.05003367373073578,0.09092833922000684,0.25368733381763975,0.019114113067339566,0.3943030720317946,2430,-17.048148148148147,-13.25,30.518123351358057,-70.0,31.774999999999864,-171.0,86.5,2430,-0.014637777130270988,-0.014589798774804819,0.015241280963684272,-0.039177526427376,0.011093625333254208,-0.07038255861785281,0.045268285031664135
link_window_outage,30.0,1.0,30.0,81,2430,2430,-2.583590534979424,0.0,4.049143236539465,-12.5,0.0,-31.25,3.125,2430,-5.001286008230453,-3.125,5.147684325367767,-15.625,0.0,-34.375,0.0,2430,-3.3173450415338634,-2.34375,3.2873420848259567,-10.052083333333336,0.0,-23.95106950662506,0.0,2430,33.83345821902227,26.99999999998593,27.610826941759814,3.5096527777788444,89.34312500000325,-31.565972222222143,193.18402777778152,2430,-55.98786008230453,-48.0,38.229972958253754,-124.775,-12.0,-326.5,0.0,2430,-36.75061728395062,-31.0,26.309170399844742,-83.55,-7.0,-210.0,0.0,2430,0.15910142882193135,0.1519181506787396,0.05508158088715874,0.08885885172749693,0.2575728279087211,0.030998202539402997,0.3965195439588305,2430,-10.867489711934157,-9.5,26.63856115063072,-56.5,32.0,-102.5,90.0,2430,-0.01934377198681117,-0.01862787917305575,0.016759058637514337,-0.04797625672684497,0.005544529398587531,-0.08255453688003489,0.050146308776598314
link_window_outage,30.0,1.0,40.0,81,2430,2430,-2.286522633744856,0.0,3.3784971431353,-9.375,0.0,-21.875,3.125,2430,-4.32227366255144,-3.125,4.3930973431476215,-12.5,0.0,-25.0,3.125,2430,-2.8016957361808568,-1.5873015873015817,3.1812587512963844,-10.0,0.0,-17.239583333333343,0.2840909090909207,2430,23.752901806127017,17.999999999994667,21.816618513048677,1.885277777777745,65.92083333333392,0.0,211.83333333335224,2430,-55.62181069958848,-45.0,47.335642036549146,-131.5,-10.0,-461.5,0.0,2430,-36.5477366255144,-29.0,34.79106586050416,-86.0,-6.0,-390.0,0.0,2430,0.1609563867672667,0.1490702826130508,0.059961112041681384,0.0851644178859049,0.26739292961793054,0.01333008649026296,0.37450269070321585,2430,-6.207818930041152,-6.5,28.06988610861852,-52.0,41.0,-118.5,124.5,2430,-0.02606042412169454,-0.023974621460511436,0.019624914221236217,-0.06007189904015886,0.002969830254776233,-0.10563211944659368,0.03311820778161034
link_window_outage,30.0,1.0,50.0,81,2430,2430,-2.444701646090535,0.0,3.768224067374507,-9.375,0.0,-28.125,3.125,2430,-3.710133744855967,-3.125,4.378198875541974,-12.5,0.0,-21.875,0.0,2430,-2.1638580401472693,-1.104549233661075,2.848250885748704,-8.326636904761902,0.0,-16.88988095238095,0.0,2430,19.183271033378446,14.759374999996922,18.660790295648628,0.8824305555556387,53.49416666665002,-3.999999999992241,142.35000000000122,2430,-58.976543209876546,-47.0,53.50142325422428,-136.0,-10.0,-592.0,0.0,2430,-38.24074074074074,-29.0,41.00070874015478,-89.0,-6.0,-502.0,0.0,2430,0.16105666918665437,0.15012484830491934,0.0628430293614973,0.08287227834531492,0.2779030959113183,0.007751912771621822,0.37479201397776685,2430,-0.8065843621399177,-0.5,26.139644580480184,-44.5,44.0,-82.0,113.0,2430,-0.022197217500388125,-0.02218273455914954,0.022154422127426524,-0.05888564265798797,0.013476722061108157,-0.10909323811330207,0.05709905669451554
link_window_outage,30.0,1.0,60.0,81,2430,2430,-1.8968621399176955,0.0,3.4319933425549722,-9.375,0.0,-25.0,0.0,2430,-3.1237139917695473,0.0,4.447077083749726,-12.5,0.0,-21.875,0.0,2430,-1.6734450414833293,-0.5238098996979446,2.6309239913794222,-7.380952380952394,0.0,-15.625,0.0,2430,15.133174439870205,12.042361111107148,13.578609610212565,0.0,40.57552083333567,-2.9132252166164108e-12,128.99999999999977,2430,-55.03148148148148,-42.5,58.51698982918433,-129.5,-8.0,-688.5,0.0,2430,-35.62469135802469,-27.0,43.780073324562196,-88.0,-4.0,-582.0,0.0,2430,0.16217539340725828,0.14168260539490166,0.06645544664968016,0.08119622428735072,0.2863023314595996,0.007435658226143255,0.39144444589930816,2430,-1.7037037037037037,-2.5,30.490367021910064,-51.5,48.274999999999864,-103.5,123.0,2430,-0.03036453705803071,-0.02920009667432555,0.023647897284109716,-0.07127259687332962,0.0068729227027737256,-0.12082063834563561,0.0665228452551172
link_window_outage,30.0,1.0,70.0,81,2430,2430,-1.2834362139917694,0.0,2.9496950221328606,-6.25,0.0,-25.0,3.125,2430,-2.5694444444444446,0.0,3.666210892116751,-9.375,0.0,-18.75,0.0,2430,-1.3395571531778963,-0.4115226337448661,2.3071575880058774,-6.077752976190477,0.0,-17.187499999999986,0.0,2430,12.558177297666436,9.200000000000728,12.163981895594148,0.0,35.080381944431984,-4.565972222223365,125.78055555555571,2430,-55.614609053497944,-44.0,61.42772090502858,-128.5,-4.0,-753.0,0.0,2430,-36.12551440329218,-27.0,46.93823941646175,-87.0,-2.0,-629.0,0.0,2430,0.16165057148853745,0.14549017171944448,0.06840835137368254,0.07673800059701683,0.28879424886613575,0.01194879522842393,0.3692129779648765,2430,-3.373456790123457,-4.5,29.87342818961885,-50.775,47.774999999999864,-100.0,132.5,2430,-0.034266351707763584,-0.03322982050999013,0.026994086486126223,-0.08001639263002469,0.0072299727841414856,-0.1635002827128531,0.053810636881292506
link_window_outage,30.0,1.0,80.0,81,2430,2430,-1.36059670781893,0.0,2.9924790544329825,-6.25,0.0,-18.75,3.125,2430,-2.3816872427983538,0.0,3.6996787039242056,-9.375,0.0,-18.75,0.0,2430,-1.175534971025778,-0.19493177387914784,2.1931723953220796,-5.937499999999994,0.0,-14.81481481481481,0.0,2430,11.497379401005524,8.999999999997332,13.30729183445519,0.0,30.483333333329455,-3.0000000000043627,143.35000000000025,2430,-56.70452674897119,-42.0,67.94105511420315,-137.5,-4.0,-824.5,0.0,2430,-36.63456790123457,-26.0,51.55199183148457,-92.0,-2.0,-682.0,0.0,2430,0.15990097772337986,0.14433607532918188,0.06932179771055241,0.07499474077566137,0.2909237317464638,0.01213157242817034,0.37113291915011826,2430,-3.866255144032922,-4.5,32.441564991839165,-59.275,51.0,-104.0,116.0,2430,-0.03235714949962621,-0.031513407708973706,0.029373903406415956,-0.07912885120465288,0.016530458289737267,-0.15721228384019081,0.0743888986335337
link_window_outage,30.0,1.0,90.0,81,2430,2430,-0.9709362139917695,0.0,2.434709428680361,-6.25,0.0,-18.75,3.125,2430,-2.008744855967078,0.0,3.3837819231842445,-9.375,0.0,-18.75,0.0,2430,-0.9010818482087286,0.0,1.938769553065047,-4.848958333333318,0.0,-14.81481481481481,0.0,2430,9.333820301782412,7.300347222220022,8.94074081716202,0.0,24.38458333332104,-5.367361111111919,119.00000000002376,2430,-55.17695473251029,-42.0,66.4707623826844,-131.775,-2.0,-858.0,0.0,2430,-35.46666666666667,-25.0,48.273573690355725,-87.55,-1.0,-700.0,0.0,2430,0.15952086648460584,0.14229807656506668,0.0705521308093723,0.07451417370329028,0.29158037371099793,-0.006460676309960778,0.3686766201826638,2430,0.9829218106995885,0.5,31.36185074046305,-52.275,53.274999999999864,-122.0,115.0,2430,-0.024866555194665244,-0.024322016431713944,0.0290773549026718,-0.07400392189870929,0.020574631963783473,-0.14122584592039544,0.07644332147981792
link_window_outage,30.0,1.0,100.0,80,2400,2400,-0.9596354166666666,0.0,2.360401011915722,-6.25,0.0,-21.875,3.125,2400,-1.2734375,0.0,2.8429290123329207,-6.25,0.0,-18.75,3.125,2400,-0.6198918576242531,0.0,1.5891970750400102,-2.7083333333333157,0.0,-14.81481481481481,1.0416666666666572,2400,8.211307581018723,6.604166666671759,7.584243672523793,0.35069444444573605,19.48329861110943,-1.1319444444348363,119.00000000001285,2400,-53.609375,-42.5,68.20236769479266,-126.025,0.0,-969.5,0.0,2400,-34.40125,-25.0,51.32444509731915,-82.0,0.0,-793.0,0.0,2400,0.15992729566771718,0.14071876589090607,0.07216892232835856,0.0723318949137236,0.29532225478439605,-0.0003168449494598824,0.3645755032808874,2400,-1.6041666666666667,-1.0,32.331220503257136,-60.025,50.0,-121.0,113.0,2400,-0.021463558477187016,-0.020642899672672743,0.027306175202657205,-0.06575484746526843,0.02015841018321819,-0.1246951244932879,0.09170038518432078
random_cn_failure,5.0,1.0,10.0,81,2430,2430,-1.0789609053497942,0.0,2.989766751607645,-6.25,0.0,-21.875,0.0,2430,-4.308127572016461,0.0,8.130354003921793,-25.0,0.0,-46.875,3.125,2430,-1.9173694425601202,-0.6057381838880005,2.8082709847887113,-8.293052887087455,0.0,-14.577024827024822,0.3216047932330923,2216,7.942777276374278,0.0,46.57271955576836,-45.650000000020356,80.7326388888886,-217.83333333333576,249.6319444444443,2430,-35.85987654320988,-32.5,14.497860292189946,-59.0,-20.5,-130.0,-12.5,2430,-38.302880658436216,-34.0,12.855838090438578,-64.0,-25.0,-98.0,-17.0,2430,-0.002897268301313767,0.0018341301047596903,0.019446465603148985,-0.0386950659217943,0.019951382175817434,-0.13490791398956736,0.04835489438992724,2430,4.2102880658436215,1.5,14.482390078829187,-12.0,31.5,-51.0,98.5,2430,0.008798664352785576,0.006555423336010446,0.008721283002307024,-0.0002987750127907418,0.02824269136397395,-0.005557247507504082,0.04835654605102446
random_cn_failure,5.0,1.0,20.0,81,2430,2430,-0.6198559670781894,0.0,2.143108258884627,-6.25,0.0,-18.75,3.125,2430,-2.4305555555555554,0.0,7.062966667582805,-12.5,0.0,-56.25,9.375,2430,-0.7013215953670972,0.0,1.590138464627022,-3.7037037037037095,0.0,-16.84027777777777,1.6034226190476204,2340,11.385292616334704,0.9486111111104663,31.510336843893423,0.0,53.101562499998245,-118.65000000000751,242.18402777782126,2430,-53.156172839506176,-57.5,21.81185202130208,-81.5,-23.5,-266.0,-12.5,2430,-54.40576131687243,-60.0,18.27057421059884,-76.0,-27.0,-200.0,-17.0,2430,0.003965173106102844,0.005255004465016977,0.011293949111243998,-0.01557078730481809,0.019074133614999957,-0.06433583643014595,0.03154518444868515,2430,1.891358024691358,0.5,11.342688134308979,-13.0,22.274999999999864,-54.0,75.5,2430,0.008848502440797964,0.008093217328821178,0.006658104322531632,-0.0009289197775024238,0.020264781942205268,-0.014454823931087768,0.03486872816454256
random_cn_failure,5.0,1.0,30.0,81,2430,2430,-0.4655349794238683,0.0,1.6559663645327682,-3.125,0.0,-21.875,0.0,2430,-0.8166152263374485,0.0,3.357010924736556,-6.25,0.0,-46.875,6.25,2430,-0.31429484255773776,0.0,0.9625302036504549,-1.8229166666666792,0.0,-11.666666666666671,2.5,2430,3.708279035208084,0.0,10.910817051637636,0.0,17.000000000001066,-126.48333333333335,148.9166666666721,2430,-61.83271604938272,-61.0,27.530773597636973,-100.5,-23.5,-203.0,-12.5,2430,-63.40164609053498,-63.0,26.758760918349722,-99.0,-27.0,-175.0,-17.0,2430,0.005517532912461599,0.006200538270262401,0.00705140773413826,-0.004861767429916435,0.014101752943940803,-0.06623948466531693,0.02662510387880923,2430,1.2473251028806585,0.0,11.140580736987449,-13.0,20.5,-52.0,78.0,2430,0.008006701710748874,0.007941720353634163,0.0066998417216353615,-0.0023077786282108548,0.01894930899160574,-0.033337380156840846,0.031050728177172804
random_cn_failure,5.0,1.0,40.0,81,2430,2430,-0.5529835390946503,0.0,1.7409883385460396,-3.125,0.0,-12.5,3.125,2430,-0.5722736625514403,0.0,2.7779936813803916,-3.125,0.0,-34.375,9.375,2430,-0.4019709062168239,0.0,1.3708883207280063,-2.280134810841324,0.0,-12.552083333333343,2.864583333333343,2430,3.5395321787838294,0.0,10.496785903256441,0.0,15.0,-41.53124999999913,168.16666666668524,2430,-93.14300411522633,-92.5,29.69652013933872,-133.5,-52.0,-319.0,-25.0,2430,-95.36502057613168,-95.0,27.88647534381612,-132.0,-57.0,-258.0,-34.0,2430,0.008775406331686416,0.008275474139241124,0.008043826347861617,-0.0018370253272746936,0.022074539561368862,-0.0886492674206455,0.03605838046853327,2430,1.5592592592592593,0.0,13.755502909714457,-15.5,27.5,-57.0,106.5,2430,0.010343113697753831,0.01015165586760225,0.00986933951394654,-0.004712129067077619,0.026695739638489067,-0.04003667708422043,0.061843864398186454
random_cn_failure,5.0,1.0,50.0,81,2430,2430,-0.5606995884773662,0.0,1.8087869683039777,-3.125,0.0,-18.75,0.0,2430,-0.4591049382716049,0.0,1.7043970486360374,-3.125,0.0,-21.875,6.25,2430,-0.29247152783155594,0.0,1.07798367411748,-1.5625,0.0,-14.81481481481481,2.083333333333343,2430,2.5379535322355733,0.0,6.454050988850946,0.0,11.99999999999418,-7.797916666668485,112.34999999999953,2430,-104.68045267489713,-94.5,43.737470105996934,-165.275,-54.0,-533.5,-32.0,2430,-106.63909465020576,-96.0,42.40849246343345,-164.0,-58.0,-466.0,-40.0,2430,0.009495383510864437,0.008743001849886467,0.007332760651991495,0.0017232960528315716,0.021071433985784607,-0.09279545268407341,0.035343687968222515,2430,2.1179012345679014,0.0,12.523587811239558,-12.274999999999999,25.0,-33.5,110.5,2430,0.011319555884059253,0.010603204037731295,0.010248167479577177,-0.003508552725291547,0.029011095655000332,-0.03739606988273292,0.06261435812050431
random_cn_failure,5.0,1.0,60.0,81,2430,2430,-0.419238683127572,0.0,1.4738038589171185,-3.125,0.0,-12.5,0.0,2430,-0.37808641975308643,0.0,1.530234518933659,-3.125,0.0,-18.75,9.375,2430,-0.16965542989213725,0.0,0.7389136705328249,-0.952380952380949,0.0,-14.81481481481481,2.8645833333333286,2430,1.8710248056694736,0.0,3.7361638034978384,0.0,10.0,-4.131944444433117,31.451388888888815,2430,-124.3917695473251,-126.0,54.88081526795572,-193.0,-54.0,-621.5,-27.0,2430,-127.20164609053498,-128.0,54.08525661287047,-195.0,-58.0,-542.0,-36.0,2430,0.011607854892120968,0.010954411794200009,0.005279325341203634,0.006147960918024234,0.02062627552485897,-0.04006137981517732,0.03161023519181094,2430,1.9329218106995885,0.0,13.381012248089053,-14.0,26.774999999999864,-39.0,142.5,2430,0.010561310248530936,0.01033400678408869,0.01024201125011526,-0.005107813392876226,0.02826569077143135,-0.03544143933773869,0.057662313667212084
random_cn_failure,5.0,1.0,70.0,81,2430,2430,-0.37294238683127573,0.0,1.4310732874988394,-3.125,0.0,-15.625,3.125,2430,-0.3292181069958848,0.0,1.4666467194214372,-3.125,0.0,-12.5,6.25,2430,-0.17590778022441664,0.0,0.8677982387877552,-0.961538461538467,0.0,-14.81481481481481,2.425595238095241,2430,2.0759479309547766,0.0,3.9627926994624563,0.0,10.165972222223843,-5.885416666667638,32.00000000000048,2430,-155.63333333333333,-155.5,56.25670373117684,-226.5,-85.5,-706.5,-51.5,2430,-159.09259259259258,-159.5,54.85998558502282,-227.0,-90.0,-614.0,-63.0,2430,0.015521191578158261,0.013674144583522674,0.008856846651995319,0.0077850215988977374,0.0308358200190759,-0.09912037786949696,0.04795503709217286,2430,0.1845679012345679,-2.0,14.892194889523193,-18.275,26.0,-62.0,87.0,2430,0.010324876239083635,0.009932153248550901,0.012758723552494567,-0.008672238996882308,0.0313319945257311,-0.06938468799768205,0.0657303748277267
random_cn_failure,5.0,1.0,80.0,81,2430,2430,-0.27906378600823045,0.0,1.228886194222402,-3.125,0.0,-12.5,3.125,2430,-0.34593621399176955,0.0,1.3587749057852339,-3.125,0.0,-12.5,3.125,2430,-0.1375435372133573,0.0,0.5436167591144127,-0.8910714285714249,0.0,-11.538461538461533,1.5625,2430,1.7377457704613386,0.0,5.929269704938973,0.0,8.680555555551592,-7.131944444448649,120.35000000000049,2430,-164.95329218106997,-157.5,66.91031230243549,-256.0,-84.0,-623.0,-52.5,2430,-168.8395061728395,-160.0,66.479010166179,-258.0,-89.0,-506.0,-63.0,2430,0.016162689973864056,0.01384662899159994,0.00785783220337401,0.008494791131009686,0.030670755076955162,-0.09327650478596594,0.04493101325901483,2430,0.911522633744856,-1.0,14.792352754963517,-16.5,27.5,-39.0,110.0,2430,0.009418963386350664,0.00855001039258163,0.012948290016353281,-0.010962321565253308,0.030733201285870766,-0.03704084804241181,0.11103645047906463
random_cn_failure,5.0,1.0,90.0,81,2430,2430,-0.30349794238683125,0.0,1.2698478216365752,-3.125,0.0,-15.625,3.125,2430,-0.23791152263374485,0.0,1.2211635594196266,-3.125,0.0,-12.5,6.25,2430,-0.10790330871849481,0.0,0.6939264862982177,-0.625,0.0,-11.538461538461533,3.07692307692308,2430,1.1769335848192746,0.0,2.7548266813560627,-0.009548611122754687,6.708229166671201,-11.915277777775671,22.198611111111433,2430,-186.21234567901234,-189.0,79.38789328155046,-285.5,-85.5,-694.5,-53.5,2430,-190.5304526748971,-192.0,79.15955518853026,-290.0,-90.0,-565.0,-65.0,2430,0.01721693525460925,0.01574255724218293,0.008082916818166164,0.009190987794129277,0.029665684728202572,-0.10118077315758622,0.04193603088373676,2430,1.938065843621399,-1.0,16.691333962265524,-17.0,30.0,-60.0,145.0,2430,0.00974370110338763,0.008482257219529887,0.014629035500204697,-0.011528587021773406,0.03603488158856444,-0.07681621801262906,0.08708281145920571
random_cn_failure,5.0,1.0,100.0,80,2400,2400,-0.22526041666666666,0.0,1.0337702321947069,-3.125,0.0,-9.375,3.125,2400,-0.06380208333333333,0.0,0.7549153727984104,0.0,0.0,-12.5,6.25,2400,-0.0369026006649159,0.0,0.3966396074919893,-0.20663396531451847,0.0,-14.81481481481481,1.5625,2400,0.9327418981485253,0.0,2.0969937022783403,-0.9999999999800828,5.0000000000063025,-8.0,14.350694444449857,2400,-183.84,-188.0,78.98836470687488,-285.5,-85.5,-944.0,-52.0,2400,-188.51625,-192.0,79.16793050079733,-290.0,-91.0,-808.0,-64.0,2400,0.017399616469171864,0.015876707823046787,0.006894966961629652,0.008852827444172593,0.030066173013007395,-0.02925636092726369,0.040695571719655654,2400,0.5547916666666667,-1.0,14.462850672000343,-17.0,24.024999999999864,-76.5,107.0,2400,0.008074861065097968,0.006893391728264753,0.014754571021402717,-0.013910179115197551,0.035136954266962034,-0.0410133194601634,0.07520812295906976
random_cn_failure,10.0,1.0,10.0,81,2430,2430,-1.629372427983539,0.0,3.68872508341652,-9.375,0.0,-31.25,0.0,2430,-6.78369341563786,0.0,10.315679892141498,-28.125,0.0,-75.0,3.125,2430,-2.4998536240800746,-1.5692651136833433,2.8663908903554884,-8.805190399421527,0.0,-15.919129998809225,0.6458529135338296,2188,20.904658935101473,1.0000000000001137,64.88248333985251,-51.206909722234826,170.115277777766,-225.33263888884352,249.6319444444443,2430,-59.40864197530864,-58.0,25.052466300365854,-102.0,-23.5,-227.0,-12.5,2430,-63.10493827160494,-62.0,22.330540582557305,-103.0,-28.0,-174.0,-17.0,2430,-0.0003362533029280569,0.002912174205644713,0.022513502631538996,-0.03877541328868028,0.031654186265356876,-0.13490791398956736,0.05514025545876794,2430,7.156172839506173,4.0,18.5880730695638,-14.5,43.774999999999864,-56.5,122.5,2430,0.01261195503763997,0.01109151829463817,0.00843929052043416,0.0023770293926300813,0.02996591314455181,-0.005889022894869145,0.04835654605102446
random_cn_failure,10.0,1.0,20.0,81,2430,2430,-1.1188271604938271,0.0,2.8003434776834584,-6.25,0.0,-25.0,3.125,2430,-4.911265432098766,0.0,10.402792124161097,-28.125,0.0,-68.75,3.125,2430,-1.4353129391330726,-0.4239096002003677,2.2362038828369593,-6.390977443609032,0.0,-13.333333333333343,1.1693948412698347,2339,22.25580287159815,6.999999999999488,47.41109414648883,0.0,128.73097222222154,-119.0840277777782,257.41388888888855,2430,-96.00843621399177,-92.5,32.50101228469182,-143.5,-50.0,-282.0,-25.0,2430,-98.48189300411522,-96.0,28.361751124341794,-138.0,-57.0,-234.0,-34.0,2430,0.006047239756788943,0.009174507380748459,0.01858814737341363,-0.032012801115903974,0.02963303652698714,-0.07733807623198685,0.067894014828071,2430,3.2919753086419754,1.5,15.379789145818307,-18.0,31.5,-57.0,81.0,2430,0.015954817925643322,0.014775474644615705,0.009527459054829731,0.0019522285927334627,0.03363975412599063,-0.013156537530164991,0.05883833178093112
random_cn_failure,10.0,1.0,30.0,81,2430,2430,-0.9555041152263375,0.0,2.5042253923620503,-6.25,0.0,-21.875,0.0,2430,-1.945730452674897,0.0,5.061025645049256,-9.375,0.0,-50.0,6.25,2430,-0.8333708809346914,-0.068681318681314,1.759594628934491,-4.457979885611467,0.0,-14.895833333333343,2.5,2430,8.438730852766762,3.1826388888872934,19.5275569170486,0.0,29.416666666662053,-126.48333333333335,250.56597222222126,2430,-125.5477366255144,-124.5,54.129831734782194,-201.0,-51.0,-352.5,-25.0,2430,-128.1395061728395,-128.0,53.02601064208018,-199.0,-56.0,-303.0,-34.0,2430,0.010116878416020469,0.012112806414875776,0.012980239152097396,-0.013104992812122013,0.027050874875051974,-0.06712057410319194,0.04055033894947546,2430,2.554320987654321,0.5,15.97431075857288,-18.5,31.0,-73.0,93.5,2430,0.016167775406030968,0.016304953729062266,0.010072211999296586,-0.00027448471175265375,0.03177453048563842,-0.03882956166296947,0.05406162504823642
random_cn_failure,10.0,1.0,40.0,81,2430,2430,-0.9645061728395061,0.0,2.2583157848702373,-6.25,0.0,-15.625,3.125,2430,-1.2435699588477367,0.0,3.9333672855727673,-6.25,0.0,-43.75,9.375,2430,-0.7121496485514619,0.0,1.858402016085265,-3.845182595182595,0.0,-15.677083333333343,2.96875,2430,6.70976880429807,2.7833333333067714,15.421237955291835,0.0,25.71805555555717,-43.61527777777772,174.96527777777789,2430,-166.30349794238683,-153.5,68.26357727218574,-264.0,-80.0,-501.5,-37.5,2430,-170.0917695473251,-158.0,67.46755478829165,-263.0,-87.0,-466.0,-51.0,2430,0.014524839168883637,0.015042283896909148,0.012208804835036254,-0.006934836078452333,0.03203343561771098,-0.0770454728775044,0.05445878845553154,2430,3.321604938271605,1.0,17.359011737117847,-19.5,35.0,-56.5,112.5,2430,0.01767129342255304,0.018065779583884778,0.01295520017600369,-0.0027018456350871517,0.03873194687798784,-0.04770633689051218,0.07267720945556388
random_cn_failure,10.0,1.0,50.0,81,2430,2430,-0.834619341563786,0.0,2.1121874311467574,-6.25,0.0,-18.75,0.0,2430,-0.8539094650205762,0.0,2.4806279384778724,-6.25,0.0,-28.125,6.25,2430,-0.45843756337186015,0.0,1.2388445112633337,-2.34375,0.0,-14.81481481481481,2.083333333333343,2430,3.9951240283487257,1.6979166666666643,7.364410559129361,0.0,15.114583333333812,-3.999999999992241,112.34999999999953,2430,-187.4170781893004,-189.0,78.22131763941496,-294.5,-84.5,-591.5,-49.5,2430,-191.220987654321,-192.0,78.5541701571972,-294.0,-90.0,-542.0,-62.0,2430,0.01676774798154504,0.016430054991991405,0.00956544223730208,0.004461446006489553,0.030926540060234233,-0.08590383845394461,0.049833108647349134,2430,3.6903292181069958,1.0,16.348267153431813,-17.0,33.5,-48.5,155.0,2430,0.019892244427345853,0.01934792124524687,0.013636347815571118,-0.0023533280064394254,0.04198269214163195,-0.026792965873120522,0.10766879794563988
random_cn_failure,10.0,1.0,60.0,81,2430,2430,-0.8166152263374485,0.0,2.132454694471973,-6.25,0.0,-18.75,0.0,2430,-0.7484567901234568,0.0,2.2548316644255815,-6.25,0.0,-18.75,9.375,2430,-0.3355865503730358,0.0,1.0612290321927118,-1.5625,0.016817920207020803,-14.81481481481481,2.8645833333333286,2430,3.8038774577039645,1.2659722222198369,7.655743844316423,0.0,14.999999999998053,-4.131944444433117,164.83333333335332,2430,-238.1514403292181,-250.0,93.21957608773648,-355.275,-111.5,-706.0,-50.0,2430,-243.5275720164609,-256.0,93.08583282992839,-357.0,-119.0,-649.0,-68.0,2430,0.02314214140606854,0.022040466313964474,0.01024963359768415,0.0126251409001321,0.04184818792742644,-0.0705511984273024,0.06486649239239317,2430,3.5919753086419752,0.5,17.89502914618076,-19.5,37.0,-63.5,107.0,2430,0.019649953166847835,0.01917691911141106,0.015035519139901284,-0.0036641033044518046,0.04426125082579862,-0.05748738140418719,0.09083275796229517
random_cn_failure,10.0,1.0,70.0,81,2430,2430,-0.6674382716049383,0.0,1.9565428892557448,-6.25,0.0,-15.625,3.125,2430,-0.6198559670781894,0.0,1.9444243634617793,-3.125,0.0,-18.75,6.25,2430,-0.3363935796601339,0.0,1.156888437302847,-1.5625,0.0,-14.81481481481481,2.083333333333343,2430,3.4589649062635,1.3020833333333286,6.060500917502137,0.0,13.950694444440039,-5.885416666667638,114.48333333335346,2430,-280.2341563786008,-281.5,108.61736933365489,-420.0,-144.5,-843.5,-89.0,2430,-286.4679012345679,-288.0,107.8757175595403,-422.55,-152.0,-778.0,-108.0,2430,0.02831353619832201,0.025369816231436165,0.013004971475678088,0.015025386220410874,0.0530467443716526,-0.08665455652758547,0.07612477339616353,2430,0.4831275720164609,-2.0,18.426082211167905,-24.5,34.0,-58.5,98.0,2430,0.018639307759633024,0.01859870275063058,0.01673226987455859,-0.00802749885031423,0.04454701781737809,-0.08184391142257175,0.08238485296421261
random_cn_failure,10.0,1.0,80.0,81,2430,2430,-0.5799897119341564,0.0,1.8126999399657722,-3.125,0.0,-18.75,3.125,2430,-0.5877057613168725,0.0,1.9264147608025255,-3.125,0.0,-15.625,6.25,2430,-0.2878806037747677,0.0,1.0233182306704753,-1.5625,0.0,-14.81481481481481,5.142857142857153,2430,3.1154269547320808,0.9999999999992752,7.761862481167686,0.0,11.335104166667373,-10.00000000000437,122.35000000000024,2430,-310.6835390946502,-315.0,130.8706941704558,-484.5,-142.0,-892.0,-88.5,2430,-317.66213991769547,-320.0,131.33064695457404,-486.0,-151.0,-817.0,-107.0,2430,0.02988429372364623,0.02742381075720382,0.012368591162215394,0.01657106957566943,0.0514817225433563,-0.07952716903388013,0.07478986400746912,2430,0.1257201646090535,-2.5,18.74865542031932,-24.5,33.774999999999864,-58.0,138.0,2430,0.01817838558969233,0.01732899695184431,0.017725281291227562,-0.009183592933435724,0.047669213651981075,-0.03834092243197573,0.12493541420690013
random_cn_failure,10.0,1.0,90.0,81,2430,2430,-0.5066872427983539,0.0,1.6017191878262216,-3.125,0.0,-15.625,3.125,2430,-0.4359567901234568,0.0,1.550174481270028,-3.125,0.0,-12.5,3.125,2430,-0.18323591386919225,0.0,0.808561249412839,-1.1458333333333144,0.0,-11.538461538461533,6.410256410256409,2430,2.1801523205298268,0.7826388888444242,4.380377672399298,-0.5869791666681755,9.649305555550995,-11.915277777775671,108.00000000000799,2430,-350.5117283950617,-346.0,141.36270416031877,-545.5,-175.0,-912.5,-114.0,2430,-358.88271604938274,-352.0,142.9742691975112,-549.55,-183.45000000000027,-801.0,-135.0,2430,0.034829866458092676,0.031007908751253088,0.015217889303519591,0.018196161227462735,0.061761716861714014,-0.07917604758158692,0.08977344462987757,2430,2.631275720164609,-1.0,21.307755147209875,-25.0,43.5,-57.0,166.0,2430,0.018108270392650068,0.017040139477912497,0.020454786458573865,-0.012716586625853298,0.05372492102820219,-0.07130715157369272,0.11426176435545754
random_cn_failure,10.0,1.0,100.0,80,2400,2400,-0.5403645833333334,0.0,1.6080652751467517,-3.125,0.0,-12.5,3.125,2400,-0.22395833333333334,0.0,1.2659101920567677,-3.125,0.0,-12.5,6.25,2400,-0.10547593435041457,0.0,0.7528346534978665,-0.625,0.0,-14.81481481481481,6.410256410256409,2400,1.9705708912041462,0.8680555555595788,3.141108018392287,-1.0000000000322515,8.281250000000483,-10.131944444431667,19.251388888891967,2400,-368.96979166666665,-377.25,155.21904013672204,-579.0,-174.5,-1180.5,-111.0,2400,-377.7970833333333,-384.0,156.7587630317289,-582.0,-183.0,-1085.0,-133.0,2400,0.03609600314728907,0.0333302870551023,0.014493044497175483,0.018267567633100723,0.06178822382989827,-0.07885539872696384,0.08194054383812277,2400,1.0754166666666667,-2.5,21.350392159051385,-26.0,40.024999999999864,-72.0,162.0,2400,0.016473983384277833,0.015244508408282842,0.0211658074615529,-0.015589553543237466,0.05184940165216591,-0.05753528974355615,0.11678276287191158
random_cn_failure,20.0,1.0,10.0,81,2430,2430,-3.220164609053498,0.0,5.36743735620737,-12.5,0.0,-34.375,0.0,2430,-13.213734567901234,-6.25,15.63544843389606,-46.875,0.0,-78.125,3.125,2430,-5.173409788023935,-3.9813045356776016,4.512393757753319,-14.08126095442807,0.0,-25.366005038992654,0.21384617254344107,2144,30.908520872202523,12.083333333333371,84.17117397083159,-122.33847222222174,203.28194444444426,-270.33263888888763,269.7833333333333,2430,-108.97962962962963,-106.5,38.690822177042925,-177.0,-51.0,-285.0,-27.0,2430,-116.28847736625515,-114.0,34.128283270113535,-178.0,-65.0,-238.0,-36.0,2430,-0.00465641404548136,0.0005844456673576026,0.039917418625230516,-0.07548748114204373,0.05194003236292573,-0.22267262453114645,0.11123720810635407,2430,12.2619341563786,7.5,27.21551098638584,-22.0,62.5,-69.0,198.0,2430,0.023070772131027952,0.019730500082865254,0.013884769209127904,0.008439769160357047,0.055935008188111125,-0.007339756201424574,0.0937324792248091
random_cn_failure,20.0,1.0,20.0,81,2430,2430,-2.048611111111111,0.0,3.5647403538903912,-9.375,0.0,-21.875,3.125,2430,-8.735853909465021,-3.125,13.276638506573386,-40.625,0.0,-68.75,3.125,2430,-2.462258952619712,-1.4136904761904816,2.8823431574069587,-8.75347429593354,0.0,-18.078754578754584,1.6034226190476204,2338,36.541522015493726,17.065277777769502,59.6498884098505,0.0,196.41388888888855,-165.16666666666677,274.2673611111267,2430,-170.63045267489713,-157.0,70.94981134092833,-282.775,-78.5,-448.5,-38.5,2430,-175.15226337448559,-161.0,66.7733416339543,-275.0,-89.0,-388.0,-52.0,2430,0.011229024891241708,0.016238213049622363,0.029333682304127827,-0.046390232088181785,0.050354376546637436,-0.12195067260863168,0.10195653403975474,2430,5.561522633744856,3.0,22.35168446497216,-25.5,46.5,-79.5,157.0,2430,0.0266386495698352,0.025443888447246543,0.012568864560056441,0.007899244883265577,0.048101828232910614,-0.015842002895884555,0.07789966798562764
random_cn_failure,20.0,1.0,30.0,81,2430,2430,-2.034465020576132,0.0,3.8265778505508505,-9.375,0.0,-31.25,0.0,2430,-4.886831275720165,0.0,9.036671033287806,-25.0,0.0,-71.875,6.25,2430,-1.710848070822979,-0.78125,2.5721661065061214,-7.142701048951039,0.0,-16.532784914576084,2.6041666666666714,2430,20.349360711020623,10.732638888888815,37.860255004704406,0.0,95.38482638888635,-146.3993055555555,273.81666666670543,2430,-239.91028806584362,-251.0,93.72306956205797,-363.5,-106.5,-514.0,-50.0,2430,-245.46872427983539,-256.0,92.23148942881839,-363.0,-117.0,-467.0,-68.0,2430,0.019721184534121264,0.022866559750919224,0.024050957715307218,-0.025222731379472202,0.052940828269898946,-0.14126387247329397,0.08887458804353199,2430,4.6117283950617285,2.0,22.6505885687685,-28.0,46.5,-70.0,112.5,2430,0.032073229313321225,0.03201432146802674,0.01400527253274361,0.009441331603584192,0.055031479531501455,-0.027092401292160728,0.08541924624671116
random_cn_failure,20.0,1.0,40.0,81,2430,2430,-2.0267489711934155,0.0,3.210585656555265,-9.375,0.0,-18.75,3.125,2430,-2.8382201646090537,0.0,6.214692685719722,-12.5,0.0,-53.125,9.375,2430,-1.444274306926622,-0.48295454545454675,2.5910322314255794,-6.904761904761898,0.0,-15.677083333333343,2.96875,2430,12.21433098994047,7.701388888888744,20.209775262422674,0.0,34.83576388888895,-47.5159722222253,216.00000000000423,2430,-311.7341563786008,-309.0,130.90076625923263,-493.275,-138.22500000000014,-629.0,-65.5,2430,-318.93744855967077,-318.0,131.4731374682431,-493.0,-148.0,-625.0,-88.0,2430,0.02724519046741284,0.02894383600745755,0.019057828558994034,-0.010961389339203714,0.05448199977008573,-0.07287123133546902,0.0848892322403556,2430,5.073045267489712,2.0,24.897528025831086,-28.5,53.274999999999864,-77.5,128.5,2430,0.03271278346363981,0.033793000801509265,0.01799557314524078,0.0007879576396355956,0.0605557999910138,-0.052263098046103185,0.09968117676577881
random_cn_failure,20.0,1.0,50.0,81,2430,2430,-1.9032921810699588,0.0,3.232258231330263,-9.375,0.0,-28.125,0.0,2430,-1.8968621399176955,0.0,4.141240523665894,-9.375,0.0,-34.375,9.375,2430,-0.9828571193144322,-0.31286347491348465,1.866865235656412,-4.185350248380808,0.0,-15.104166666666657,3.125,2430,9.604799096935585,6.100347222218868,15.065281265474361,0.0,26.75000000000388,-3.999999999992241,232.9826388889092,2430,-374.10473251028804,-380.0,154.09469159981109,-587.0,-172.5,-793.0,-105.0,2430,-381.91893004115224,-386.0,155.65401804766796,-588.0,-182.0,-784.0,-127.0,2430,0.03469034234328321,0.033709158225987426,0.017232867213450066,0.008088902138860384,0.06399314244846271,-0.08053822491070828,0.09536967565716936,2430,7.088065843621399,4.5,21.879400670419987,-23.5,49.0,-51.5,119.0,2430,0.03954371550511059,0.03970148419575381,0.019761456716660786,0.006996656620962005,0.07153778845863924,-0.03430116792215032,0.11984352175633717
random_cn_failure,20.0,1.0,60.0,81,2430,2430,-1.760545267489712,0.0,3.263908100722688,-9.375,0.0,-31.25,0.0,2430,-1.6820987654320987,0.0,3.576698296835442,-9.375,0.0,-28.125,12.5,2430,-0.8541121403685482,-0.15649956400108778,1.898948749895627,-4.38318452380953,0.0744047619047592,-16.66666666666667,4.166666666666657,2430,8.36961534064788,5.35902777777525,12.476652024059078,0.0,25.072569444451965,-6.302083333336725,164.83333333335332,2430,-466.0913580246914,-472.5,181.16575323024577,-712.0,-229.72500000000014,-944.5,-109.0,2430,-476.61975308641973,-480.0,182.97830012583975,-715.0,-243.0,-937.0,-145.0,2430,0.046540636610375635,0.043379084936085235,0.019735066357762714,0.0231738930806056,0.08595646083956986,-0.08084014573621873,0.13757144659004805,2430,4.207407407407407,1.0,24.171257259561216,-29.275,50.5,-88.5,114.5,2430,0.039382047348414856,0.03936564612176141,0.021237589854565572,0.0041613522353981195,0.07303781452497866,-0.03757450035688792,0.11828848657763369
random_cn_failure,20.0,1.0,70.0,81,2430,2430,-1.412037037037037,0.0,2.939964100420389,-6.25,0.0,-31.25,3.125,2430,-1.2602880658436213,0.0,2.7673108953905383,-6.25,0.0,-34.375,6.25,2430,-0.6863905093100936,-0.0547246855726371,1.642250775641484,-3.0,0.0,-14.81481481481481,3.07692307692308,2430,6.735003143574047,4.9659722222229306,8.269206759104407,0.0,21.648611111110952,-5.000000000000007,127.78055555555645,2430,-539.0267489711935,-535.0,221.35558098300746,-845.5,-264.0,-1103.0,-159.5,2430,-551.1555555555556,-544.0,223.59124802158178,-848.0,-276.0,-1096.0,-193.0,2430,0.05523224117542376,0.05078351462673408,0.021779941382172627,0.03168768936457545,0.09709581451259901,-0.056618010431079946,0.13942792918389213,2430,0.9160493827160494,-2.0,25.960335470352728,-35.5,49.274999999999864,-75.5,184.0,2430,0.03586593513662963,0.03647991663810013,0.0241371962163345,-0.005079448271727549,0.07341092419644882,-0.08868968700541591,0.12291357160855054
random_cn_failure,20.0,1.0,80.0,81,2430,2430,-1.3284465020576133,0.0,2.7825924630413903,-6.25,0.0,-21.875,3.125,2430,-1.2049897119341564,0.0,2.6913923123812387,-6.25,0.0,-21.875,6.25,2430,-0.577182403979012,0.0,1.454673383810897,-2.631578947368425,0.0,-14.81481481481481,7.259259259259267,2430,6.260183184727257,4.233680555565179,9.034683247203173,0.0,19.235416666672975,-7.800000000004488,120.35000000000049,2430,-609.1230452674897,-630.0,244.89911569216255,-937.275,-290.0,-1172.0,-183.5,2430,-623.3078189300412,-640.0,247.60202412612585,-941.0,-304.4500000000003,-1160.0,-219.0,2430,0.0638481024073185,0.058989508292426274,0.023856041856304206,0.03491811772447936,0.10774127533386466,-0.04477345096902263,0.15670312133563669,2430,0.06419753086419754,-2.5,27.347992891350138,-40.275,49.0,-76.0,179.0,2430,0.03614514463775673,0.03535410990595245,0.02554946153978673,-0.0040946875165529415,0.07866043472256234,-0.07743660326027513,0.15827068353695828
random_cn_failure,20.0,1.0,90.0,81,2430,2430,-1.2255658436213992,0.0,2.688070683668361,-6.25,0.0,-21.875,3.125,2430,-0.9143518518518519,0.0,2.309756888766983,-6.25,0.0,-21.875,6.25,2430,-0.399413136782084,0.0,1.2408523778058909,-1.9791666666666572,0.0,-14.81481481481481,6.410256410256409,2430,4.794018061270524,3.4670138888936606,6.3017494591334495,-1.9326762412674725e-12,15.165034722220357,-11.915277777775671,113.00000000000969,2430,-680.498353909465,-693.0,281.8858082448239,-1059.5,-323.0,-1319.5,-210.0,2430,-696.7123456790124,-704.0,285.7948202170899,-1067.0,-338.0,-1310.0,-249.0,2430,0.07193617564460068,0.06544806679199272,0.02668699574730659,0.03906532601121666,0.12050780295829613,-0.05488287355394095,0.15939982655786078,2430,3.707818930041152,1.25,28.488096735216104,-38.0,54.274999999999864,-73.5,159.5,2430,0.03631451112552048,0.03513585880724601,0.028896349263257372,-0.007385261218728267,0.08471218524214995,-0.10046093035266068,0.14835733930757744
random_cn_failure,20.0,1.0,100.0,80,2400,2400,-1.1940104166666667,0.0,2.7328078328731635,-6.25,0.0,-25.0,3.125,2400,-0.54296875,0.0,1.8431475473965864,-3.125,0.0,-12.5,6.25,2400,-0.28395613868191966,0.0,1.090541804451755,-1.5625,0.048589863295743316,-14.81481481481481,6.410256410256409,2400,4.293506944444891,3.131944444456348,5.581330901745069,-0.6326388888695323,13.225694444443796,-15.131944444441359,114.00000000001091,2400,-737.3522916666667,-754.0,305.2031115548973,-1156.0,-355.5,-1508.5,-228.5,2400,-755.2233333333334,-768.0,310.08126534591156,-1164.0,-370.0,-1494.0,-271.0,2400,0.07888522298769403,0.07339044287337212,0.030409814708667833,0.040700096987231524,0.13429359473605568,-0.041400422766650014,0.1793450029777398,2400,0.9241666666666667,-1.0,29.275998292182805,-44.5,54.5,-95.0,162.5,2400,0.030474207358183635,0.029312451179759336,0.029932518514076266,-0.015168184343991453,0.08083471956210876,-0.11100240328761624,0.1533486629351941
random_cn_failure,30.0,1.0,10.0,81,2430,2430,-3.883744855967078,0.0,5.837134301643072,-15.625,0.0,-34.375,0.0,2430,-18.082561728395063,-12.5,18.374883407356364,-53.125,0.0,-78.125,3.125,2430,-6.4529487772789365,-5.666599745634464,4.489931045206751,-14.864371677904893,-0.5056338090045636,-25.366005038992654,0.0,2107,47.792183792122444,25.66666666666667,98.77050148364025,-143.98409722225125,234.67027777777736,-267.4645833332994,269.7833333333333,2430,-147.46316872427983,-144.5,68.83950389613244,-266.0,-53.725000000000136,-430.0,-27.0,2430,-157.4218106995885,-154.5,65.95923190408662,-264.55,-67.0,-376.0,-36.0,2430,-0.0009489360321360227,0.00031140115279876257,0.04576280325591774,-0.07258082374126823,0.0763803062680799,-0.22267262453114645,0.1146614506637274,2430,16.697119341563788,11.0,32.583932724790365,-22.5,77.5,-64.0,246.0,2430,0.02843921513082772,0.02523676401635422,0.013820439645407835,0.012804137083988776,0.05801037534330189,-0.007339756201424574,0.0937324792248091
random_cn_failure,30.0,1.0,20.0,81,2430,2430,-3.218878600823045,0.0,4.674426411477932,-12.5,0.0,-31.25,3.125,2430,-14.17824074074074,-6.25,16.977673401709186,-53.125,0.0,-78.125,3.125,2430,-4.097127011537322,-3.176511618413656,3.8171961593638692,-11.792757340372342,0.0,-26.652464494569756,0.6666666666666714,2326,51.37361618658762,26.58298611110282,68.75670400378723,-17.41666666667055,215.6319444444443,-119.75000000000193,275.81597222221774,2430,-247.28765432098766,-255.25,99.0430008986965,-391.775,-113.0,-647.0,-53.0,2430,-254.23703703703703,-264.0,92.82054707393863,-382.0,-124.0,-549.0,-71.0,2430,0.015133968187520205,0.02143000634943762,0.04176034778574197,-0.06744880332566462,0.07467209029407022,-0.14761273378296158,0.12937552408615155,2430,8.003086419753087,4.0,27.156850619141593,-31.0,60.0,-76.5,136.5,2430,0.039341253368426796,0.03872244835657912,0.014733319236798704,0.017218316180416415,0.06417606471906319,-0.007149181540346161,0.11760198359289875
random_cn_failure,30.0,1.0,30.0,81,2430,2430,-3.226594650205761,0.0,4.901818698440382,-12.5,0.0,-37.5,0.0,2430,-8.9184670781893,-3.125,13.433748749364044,-40.625,0.0,-68.75,6.25,2430,-3.006496646962375,-1.772008145363415,3.6227670889507393,-10.930747058081174,0.0,-25.30877976190476,2.317708333333343,2417,32.040949236887926,18.816666666675886,49.88942613539162,0.0,133.54305555555513,-163.1673611111112,287.00000000002194,2430,-354.5987654320988,-347.0,144.11550305211978,-560.0,-165.5,-714.0,-77.0,2430,-363.36543209876544,-355.5,142.78861766839475,-560.0,-179.0,-668.0,-104.0,2430,0.02826354011751569,0.03365740206809595,0.0365846139972069,-0.04397434329710036,0.08051828775020156,-0.1548949397431097,0.13655270954847676,2430,6.165226337448559,3.0,27.955979862201044,-34.5,59.274999999999864,-82.0,114.0,2430,0.04803749855781154,0.04802641087974491,0.018063832337347378,0.018678002700040486,0.07753775285457111,-0.013927149793998339,0.12755296390377802
random_cn_failure,30.0,1.0,40.0,81,2430,2430,-3.157150205761317,0.0,4.0899848504177525,-12.5,0.0,-25.0,3.125,2430,-5.487397119341564,-3.125,9.406956410318475,-25.0,0.0,-68.75,12.5,2430,-2.361643141021711,-1.171875,3.169161099645165,-9.983498111970352,0.0,-18.11755952380952,2.8125,2430,22.528559956561654,14.291666666662167,33.814188417928996,0.0,74.00000000000097,-62.26597222222249,274.0,2430,-465.8238683127572,-466.5,182.22782579023053,-721.0,-226.0,-830.0,-106.0,2430,-477.3197530864198,-478.0,182.96010376168277,-722.0,-241.0,-796.0,-142.0,2430,0.041957282744992754,0.043472542586742435,0.030542476471801284,-0.017264196274202837,0.08617709158834352,-0.08600860157955248,0.13833293667442748,2430,6.627366255144033,3.0,30.14313548345617,-34.0,64.5,-87.0,180.5,2430,0.051456626364600785,0.05368186160088573,0.022363225590254207,0.012297005367880677,0.08496592845390542,-0.042240764425826915,0.13841844525015645
random_cn_failure,30.0,1.0,50.0,81,2430,2430,-3.0992798353909463,0.0,4.315318177316089,-12.5,0.0,-31.25,0.0,2430,-3.587962962962963,0.0,6.5572220520742315,-14.218749999999991,0.0,-56.25,9.375,2430,-1.7954001011828935,-0.78125,2.7296703372247584,-7.881167763157897,0.0,-21.875,3.125,2430,15.918788294466482,11.55625000000164,20.483195654307092,0.0,40.16857638888674,-7.517361111110958,252.5638888888888,2430,-561.5246913580247,-571.0,229.81582161451612,-878.775,-264.5,-951.5,-164.0,2430,-573.6316872427983,-579.0,232.9446397127139,-881.0,-277.0,-972.0,-196.0,2430,0.052529004771692776,0.05157447201440939,0.026761140382546005,0.004201991330316681,0.09822819133103831,-0.08864800154542496,0.14917263709378292,2430,7.714814814814815,4.5,26.19659472924413,-30.0,57.0,-62.5,123.0,2430,0.06006912754294736,0.06033245154396394,0.025227687049541054,0.01802578607752473,0.099642981513524,-0.027978577875195754,0.19313835020292403
random_cn_failure,30.0,1.0,60.0,81,2430,2430,-2.746913580246914,0.0,4.3155949840819305,-12.5,0.0,-31.25,0.0,2430,-2.709619341563786,0.0,4.882767408764228,-12.5,0.0,-40.625,12.5,2430,-1.3290888088488795,-0.47040510929399204,2.3662939313200946,-6.25,0.0,-18.75,4.166666666666657,2430,13.269526463189916,10.199305555550804,15.939371763262185,0.0,32.999999999988084,-6.302083333336725,251.565972222219,2430,-681.9407407407407,-694.5,282.5824205424247,-1066.5,-318.0,-1180.5,-153.5,2430,-698.1493827160493,-705.0,286.776793161432,-1071.55,-334.4500000000003,-1167.0,-203.0,2430,0.06986340136430173,0.066312162158534,0.02666135196541685,0.03369912891381817,0.11922401304467893,-0.06252490722272008,0.18721598966278397,2430,4.790123456790123,1.5,30.3603475805736,-39.5,59.774999999999864,-86.0,153.5,2430,0.057351444935461,0.05812827306892454,0.027141636245973284,0.011143880583597256,0.10007532570926934,-0.046318563528729095,0.1517863692657233
random_cn_failure,30.0,1.0,70.0,81,2430,2430,-2.3816872427983538,0.0,4.161981670973598,-12.5,0.0,-31.25,3.125,2430,-2.1810699588477367,0.0,3.722306717416069,-9.375,0.0,-37.5,6.25,2430,-1.2298305861731818,-0.38221772747739635,2.302457177920527,-5.347614247311827,0.0,-16.927083333333343,6.410256410256409,2430,11.44732081618461,7.999999999999218,13.8898881163026,0.0,31.711666666665028,-2.799999999999997,243.91736111115438,2430,-799.2312757201646,-819.0,322.9600997467418,-1237.0,-383.0,-1415.0,-242.5,2430,-817.0127572016461,-833.0,327.1380825796803,-1239.0,-400.0,-1384.0,-289.0,2430,0.08525198991263608,0.08080825176976245,0.03262641267909722,0.04841152451864219,0.14792281522311082,-0.02626525056770662,0.20500801266248236,2430,-0.11193415637860082,-2.0,30.00612709428904,-45.0,54.5,-91.0,138.0,2430,0.055847960882611375,0.056849338719287545,0.029411036962690353,0.007162479331316174,0.10318106081154345,-0.0678595508136608,0.1653982023820395
random_cn_failure,30.0,1.0,80.0,81,2430,2430,-2.358539094650206,0.0,4.10327191307938,-9.375,0.0,-28.125,3.125,2430,-1.9007201646090535,0.0,3.558156410830257,-9.375,0.0,-31.25,6.25,2430,-0.9705577228219289,-0.1488095238095184,1.9405167147089626,-4.6875,0.0,-16.40625,7.259259259259267,2430,10.339445873341871,7.697916666643625,13.056659130442615,0.0,28.32885416667162,-7.534027777782349,124.35000000000049,2430,-908.3491769547325,-914.5,371.18991480142586,-1422.0,-438.5,-1548.5,-283.5,2430,-929.6444444444444,-929.0,376.27264866611233,-1428.0,-460.0,-1509.0,-339.0,2430,0.1017952025744007,0.09332920133136641,0.03695849420599639,0.05796227575555959,0.17548356761691794,-0.038444929123096494,0.26318139649879446,2430,-0.20473251028806586,-2.25,33.11303977094247,-50.5,59.274999999999864,-104.0,176.0,2430,0.05417638971494467,0.054135279797501656,0.0322201417280402,0.0003255675287485494,0.10910579539926035,-0.05552402984144389,0.19470563984250577
random_cn_failure,30.0,1.0,90.0,81,2430,2430,-2.4099794238683128,0.0,4.168866700591396,-12.5,0.0,-28.125,3.125,2430,-1.6396604938271604,0.0,3.107595185431998,-9.375,0.0,-18.75,6.25,2430,-0.720842765849309,0.0,1.7787848650867142,-3.5087719298245474,0.0,-14.81481481481481,13.986013986013987,2430,8.4184082075893,6.618402777777863,9.095531399439299,0.0,23.815972222218022,-12.26388888888954,119.00000000002376,2430,-1020.2366255144033,-1037.5,409.0786255949099,-1580.05,-502.0,-1711.5,-325.5,2430,-1044.9864197530865,-1056.0,415.24029190499687,-1587.0,-524.0,-1774.0,-385.0,2430,0.11993649215652326,0.10833133843610382,0.04566014144272246,0.06434735062878025,0.20682020842972798,0.003976146523686441,0.2751189047688085,2430,2.1076131687242796,2.0,32.291508207711296,-52.775,55.0,-97.5,197.0,2430,0.05275382655124361,0.052102362627372334,0.0351838741905314,-0.0029682211826422495,0.1128619429563722,-0.07763951405722769,0.1821954860809638
random_cn_failure,30.0,1.0,100.0,80,2400,2400,-2.15234375,0.0,3.7467073882532427,-9.375,0.0,-25.0,3.125,2400,-1.0729166666666667,0.0,2.5751817204670853,-6.25,0.0,-18.75,3.125,2400,-0.5099546695569851,0.0,1.589734502307243,-2.34375,0.12667410714284952,-14.81481481481481,7.259259259259267,2400,6.868520543981521,5.697916666661325,6.823826153667172,-0.13194444444509584,18.40434027777202,-10.131944444431667,116.0,2400,-1105.8639583333334,-1132.0,458.77337013022037,-1737.0,-532.0,-1885.5,-351.0,2400,-1132.8570833333333,-1152.0,466.14056937884635,-1747.0,-555.0,-1947.0,-415.0,2400,0.1321933065661738,0.12268001628562258,0.04942014769003258,0.0692969062565569,0.2245205070901087,-0.014837517459515004,0.31691359268310626,2400,-0.17145833333333332,-1.0,34.70625975816078,-58.5,58.024999999999864,-112.0,158.5,2400,0.04362833251193797,0.042562639870149854,0.03715651220972008,-0.015769998131020202,0.10724679427764723,-0.08498601532325356,0.17274949387401506
random_satellite_failure,5.0,1.0,0.0,81,2430,2430,-0.09645061728395062,0.0,0.6362371892959875,0.0,0.0,-9.375,0.0,2430,0.11445473251028807,0.0,0.6996059593526222,0.0,0.0,-3.125,6.25,2430,0.02310561104286237,0.0185667252766315,0.8095253795957964,-1.2562046342158397,1.2072803172382314,-5.5260331466818045,7.175461940835632,690,-0.07951690821256045,0.0,2.3314696251337352,0.0,0.0,-18.0,34.64999999999998,2430,-15.090946502057614,-13.0,10.828425395747727,-36.0,-1.5,-79.5,0.0,2430,-20.51851851851852,-19.0,13.304810303785105,-45.0,-2.0,-83.0,0.0,2430,-0.00025689028222335587,0.00022775671182551083,0.010721349470411508,-0.017587204088606798,0.016193311795830567,-0.06359644925598151,0.0430211734529351,2430,-15.090946502057614,-13.0,10.828425395747727,-36.0,-1.5,-79.5,0.0,2430,0.0,0.0,0.0,0.0,0.0,0.0,0.0
random_satellite_failure,5.0,1.0,10.0,81,2430,2430,-0.6404320987654321,0.0,2.2720022342524318,-3.125,0.0,-31.25,0.0,2430,-1.6486625514403292,0.0,6.5893284908392715,-15.625,3.125,-56.25,46.875,2430,-0.7419054470071059,-0.07293054168052748,2.1556936477433615,-4.865744006874833,1.0082474369949632,-25.366005038992654,4.661388121682236,2255,6.822655826558634,0.0,41.603588427969086,-4.0,71.94791666664571,-302.86736111111605,249.6319444444443,2430,-46.79382716049383,-41.0,33.79339429999763,-110.5,-6.0,-251.0,0.0,2430,-55.62510288065844,-51.0,35.89294652176264,-123.0,-9.0,-227.0,0.0,2430,0.006230730354949995,0.007266789903115606,0.015072339614515717,-0.018077418064400864,0.026942487264368764,-0.12190562248681236,0.06711561914618858,2430,-4.037037037037037,-3.5,13.67207951262475,-24.0,16.5,-64.0,172.5,2430,4.842539615191644e-05,-0.0028382532079378464,0.008085408369822576,-0.008822540434675074,0.014794294392631522,-0.021197340252891328,0.08114938269892624
random_satellite_failure,5.0,1.0,20.0,81,2430,2430,-0.47968106995884774,0.0,1.7818854447167876,-3.125,0.0,-15.625,3.125,2430,-1.2294238683127572,0.0,5.6264059564330475,-7.968749999999991,0.0,-62.5,25.0,2430,-0.4922579079661334,0.0,1.5049344854730446,-3.074113386613405,0.5320180532374525,-13.333333333333343,3.6923076923076934,2340,6.960987357550179,0.0,24.30437749696998,0.0,36.519618055555306,-118.65000000000751,239.46527777777808,2430,-63.038271604938274,-56.5,40.468206880347914,-135.5,-10.0,-261.5,0.0,2430,-70.54279835390946,-65.0,41.49876886858887,-145.0,-14.0,-266.0,0.0,2430,0.010446545085214734,0.011029679877301302,0.011438686064392243,-0.00770131281058391,0.026200813062102406,-0.0680157444280095,0.05774273633837823,2430,-2.8253086419753086,-2.0,11.32819276063554,-20.0,15.5,-64.5,75.5,2430,2.9246706154841287e-05,-0.0017304910111060057,0.008919261948153578,-0.010177673343238125,0.015571268750487045,-0.02057174997078204,0.05634164572387301
random_satellite_failure,5.0,1.0,30.0,81,2430,2430,-0.44495884773662553,0.0,1.6664478614841787,-3.125,0.0,-21.875,0.0,2430,-0.8140432098765432,0.0,3.994183136736629,-6.25,0.0,-46.875,9.375,2430,-0.34958794477041627,0.0,1.257864727350444,-2.1037946428571375,0.26014110463123485,-14.0625,3.5763888888889,2430,3.340712448559898,0.0,16.909128402018712,0.0,17.565972222226264,-126.48333333333335,257.6493055555557,2430,-76.95123456790124,-71.5,45.57432987500194,-158.5,-12.0,-304.5,0.0,2430,-84.18683127572017,-79.0,46.42457673552216,-166.0,-16.0,-274.0,0.0,2430,0.01328810145823615,0.012958761784118783,0.009327092927155832,0.001001508925036249,0.02739807274245728,-0.07171385156466537,0.049038895556122286,2430,-1.594238683127572,-1.0,11.055884080627234,-17.5,15.774999999999864,-51.0,71.5,2430,0.0003288147785072481,-0.0008531220571150744,0.009794934143002032,-0.01247665002003554,0.01793072553954574,-0.03472030233311996,0.04479306352996204
random_satellite_failure,5.0,1.0,40.0,81,2430,2430,-0.43338477366255146,0.0,1.4683361775125292,-3.125,0.0,-12.5,3.125,2430,-0.3395061728395062,0.0,2.5641146597273408,-3.125,0.0,-34.375,12.5,2430,-0.21166308577699103,0.0,1.0031224825715341,-1.2820512820512846,0.2604166666666714,-14.81481481481481,3.3333333333333286,2430,2.676364026063118,0.0,11.329465151425486,0.0,12.072569444442472,-64.51597222222482,168.16666666668524,2430,-93.99958847736626,-88.5,53.73974764914106,-188.0,-16.5,-467.0,0.0,2430,-100.89876543209877,-95.0,54.56856910878833,-195.0,-22.0,-429.0,0.0,2430,0.01471738125719027,0.013931482002716072,0.008100078010529707,0.006225255764072367,0.02794601056804219,-0.07328001065925771,0.05715745621171586,2430,-0.4388888888888889,-0.5,11.859991436385627,-16.5,21.274999999999864,-53.0,81.5,2430,0.0007010153633186599,-0.0001591565025651498,0.010650819124677975,-0.014536850697463587,0.01974856125412854,-0.05448548723046742,0.04511480671174217
random_satellite_failure,5.0,1.0,50.0,81,2430,2430,-0.46810699588477367,0.0,1.6841355629989743,-3.125,0.0,-25.0,0.0,2430,-0.29963991769547327,0.0,1.8164255091445085,-3.125,0.0,-21.875,12.5,2430,-0.2079751274457819,0.0,0.9312345620670701,-1.25,0.18518518518519045,-15.989583333333329,5.952380952380963,2430,1.7264954846819378,0.0,5.256076791731305,0.0,8.999999999999568,-9.65208333333382,112.34999999999953,2430,-108.12654320987654,-103.0,55.660959197101896,-203.5,-28.5,-523.0,0.0,2430,-114.23703703703704,-110.0,56.62788863602173,-211.0,-31.0,-457.0,0.0,2430,0.0153708091580298,0.014248256684607274,0.007743849659342919,0.0073809161975672945,0.028743756934023944,-0.09396436312365092,0.04829239967883392,2430,0.21337448559670782,-0.5,11.91629954582706,-16.0,23.0,-36.0,76.0,2430,0.0023345488322457837,0.0013369395109665838,0.011924951727348313,-0.015718579934684652,0.023268793131998155,-0.038001954164376794,0.0704286153085476
random_satellite_failure,5.0,1.0,60.0,81,2430,2430,-0.42052469135802467,0.0,1.4472834045888308,-3.125,0.0,-15.625,0.0,2430,-0.30349794238683125,0.0,1.8102407575923778,-3.125,0.0,-18.75,9.375,2430,-0.15620386830610855,0.0,0.8864266436748925,-0.8536081973581986,0.16690435012039645,-14.81481481481481,2.604166666666657,2430,1.6376866140829835,0.0,4.059228532131811,0.0,9.999999999997344,-11.99999999999514,39.09722222221376,2430,-124.8366255144033,-120.5,62.99775571662129,-229.775,-36.225000000000136,-687.5,0.0,2430,-130.6835390946502,-128.0,63.01773503227237,-236.0,-40.0,-617.0,0.0,2430,0.016097539507327834,0.014920261426747822,0.007468722449831573,0.00852267082861557,0.02942640816021406,-0.07543262031177067,0.044114793498842175,2430,1.0458847736625514,-0.25,13.17774634382671,-14.774999999999999,23.774999999999864,-56.5,98.0,2430,0.003038552811805765,0.0023506091190915734,0.012563631739314221,-0.016333376181510408,0.02439259828541945,-0.048200221919818986,0.07697853842944768
random_satellite_failure,5.0,1.0,70.0,81,2430,2430,-0.25977366255144035,0.0,1.150460219995036,-3.125,0.0,-9.375,3.125,2430,-0.1787551440329218,0.0,1.5231497369482019,-3.125,0.0,-12.5,12.5,2430,-0.14654376451946002,0.0,0.8044709492787293,-0.8437499999999936,0.0,-14.81481481481481,1.8229166666666572,2430,1.3466203703695636,0.0,3.293646889589964,-2.4158453015843406e-12,7.463194444444525,-11.99999999999224,28.868055555556808,2430,-140.2701646090535,-136.0,69.0858481912937,-252.0,-45.0,-669.0,-4.5,2430,-145.6008230452675,-142.0,68.34210555481039,-257.0,-48.0,-577.0,-9.0,2430,0.016630335668006976,0.015252737644703751,0.007721336020168866,0.008842294219761427,0.02983530556003879,-0.09367730763819021,0.0449945798899517,2430,-0.6096707818930042,-2.0,13.146262467077229,-18.0,22.5,-53.5,84.5,2430,0.00257410439610427,0.0021261384806267047,0.012938251573884068,-0.016857037124227946,0.024050814667657672,-0.09943794673178674,0.06445936977451594
random_satellite_failure,5.0,1.0,80.0,81,2430,2430,-0.2816358024691358,0.0,1.2051690889711717,-3.125,0.0,-12.5,3.125,2430,-0.22633744855967078,0.0,1.5339385709463336,-3.125,0.0,-12.5,9.375,2430,-0.11083902350744214,0.0,0.6299482518711828,-0.78125,0.0,-11.538461538461533,2.0833333333333286,2430,1.2996782121624093,0.0,4.671335397924143,-0.31125000000031355,6.98263888889003,-10.01736111111289,120.35000000000049,2430,-154.7216049382716,-156.5,71.35568199896025,-266.0,-55.5,-555.0,-13.0,2430,-160.00781893004114,-161.0,71.66050527478347,-272.0,-61.45000000000027,-479.0,-19.0,2430,0.016752895687286537,0.015232543113065183,0.007581182957655841,0.008756733232515896,0.029401692572314946,-0.09535631888658413,0.04603785613923328,2430,0.016872427983539096,-2.0,14.468472108362167,-17.0,25.0,-43.5,148.0,2430,0.004254166358662133,0.0033784985499980547,0.013346231020636513,-0.01557472623772993,0.027413639029541834,-0.04095695793727505,0.09434022881094317
random_satellite_failure,5.0,1.0,90.0,81,2430,2430,-0.2674897119341564,0.0,1.11313972540195,-3.125,0.0,-12.5,3.125,2430,-0.11059670781893004,0.0,1.1604605750754797,-3.125,0.0,-12.5,9.375,2430,-0.061523316610559285,0.0,0.374191863832692,-0.5260416666666792,0.0,-6.666666666666671,1.5625,2430,0.856102537722982,0.0,2.542874915332538,-0.9999999999944229,5.445486111112424,-9.99999999999585,22.198611111111433,2430,-169.30576131687243,-169.5,72.30899320192691,-283.5,-65.22500000000014,-430.0,-37.5,2430,-174.34609053497942,-176.0,73.40575644592843,-288.0,-70.0,-341.0,-38.0,2430,0.017104883409204737,0.015476593575782155,0.006768237117476649,0.00888043567959611,0.029704382093702172,-0.016026800535188207,0.042525705168994676,2430,0.9664609053497942,-1.5,14.862246795561576,-16.5,27.774999999999864,-59.5,117.5,2430,0.0060672502753278505,0.004732067892455616,0.014281664182056128,-0.014613844788038465,0.031065388065312192,-0.06276943423682613,0.12165662260710808
random_satellite_failure,5.0,1.0,100.0,80,2400,2400,-0.2513020833333333,0.0,1.115131265391478,-3.125,0.0,-9.375,3.125,2400,-0.10026041666666667,0.0,0.8331721856181328,0.0,0.0,-9.375,6.25,2400,-0.060496903357686115,0.0,0.4698487516737566,-0.33350168350167875,0.0,-11.538461538461533,1.5625,2400,1.0103993055561615,0.0,2.2625743911789007,-0.8746527777779193,5.435937500020773,-8.0,18.81597222222335,2400,-185.13291666666666,-189.0,81.30144659640135,-287.5,-85.5,-792.0,-55.5,2400,-189.31458333333333,-192.0,80.12209183277469,-290.05,-90.0,-630.0,-67.0,2400,0.017231152067889152,0.015727356416625454,0.0072262543615254264,0.008814665477011787,0.03020271663945044,-0.09308796496596944,0.03941580980470394,2400,0.3458333333333333,-1.5,15.794710760532862,-18.0,25.5,-79.0,114.0,2400,0.00834486502942744,0.007231233894953504,0.014484072189302111,-0.013589975069907556,0.03395104947160474,-0.04453473464567015,0.09120807871197845
random_satellite_failure,10.0,1.0,0.0,81,2430,2430,-0.1838991769547325,0.0,0.9502249263094543,0.0,0.0,-12.5,0.0,2430,0.2006172839506173,0.0,0.9985024447559682,0.0,3.125,-6.25,9.375,2430,0.028266627356992743,0.07100504657593021,1.1912350196497472,-1.85188446355912,1.7452895007364129,-8.937548996142745,7.811206162513358,689,-0.017223028543783457,0.0,3.224753500498596,-2.0,0.0,-18.0,34.64999999999998,2430,-29.732304526748973,-26.5,18.864919424389257,-66.275,-5.5,-134.5,0.0,2430,-40.56625514403292,-37.0,23.428410554896413,-84.0,-9.0,-130.0,0.0,2430,0.00036580565839484057,0.0005345420929975947,0.014819950392016562,-0.024047455916287035,0.023779878878299465,-0.07762226135322625,0.0558154577186708,2430,-29.732304526748973,-26.5,18.864919424389257,-66.275,-5.5,-134.5,0.0,2430,0.0,0.0,0.0,0.0,0.0,0.0,0.0
random_satellite_failure,10.0,1.0,10.0,81,2430,2430,-1.337448559670782,0.0,3.368866408966299,-6.25,0.0,-28.125,0.0,2430,-3.6895576131687244,0.0,9.948148959636159,-26.718749999999993,6.25,-62.5,43.75,2430,-1.593973406716603,-0.46133548070930885,3.100392925034907,-8.13845587258547,1.0631457111032294,-23.95122722135106,5.314235618976738,2237,14.485117717181067,0.0,54.79753992984518,-25.867361111113382,119.40986111110364,-302.86736111111605,269.7833333333333,2430,-93.79526748971193,-85.5,56.88223153986822,-197.275,-17.725000000000136,-387.0,-2.0,2430,-111.54526748971193,-105.0,62.465603612345284,-223.0,-24.0,-348.0,-2.0,2430,0.01218012749073538,0.014047095194288345,0.023984851575143733,-0.02561829791593695,0.045697828556542607,-0.22281180235165343,0.12555445975737123,2430,-8.485390946502058,-7.0,20.38037556734911,-42.275,22.274999999999864,-100.5,222.0,2430,-6.835292012509469e-07,-0.0019831214139633957,0.01175755069587003,-0.013812270866633414,0.020307790490773175,-0.03923079198440771,0.08388738955487196
random_satellite_failure,10.0,1.0,20.0,81,2430,2430,-1.021090534979424,0.0,2.5650888039765483,-6.25,0.0,-21.875,3.125,2430,-2.939814814814815,0.0,8.440848304372835,-18.75,3.125,-65.625,50.0,2430,-0.9550869134385676,-0.16327433510980427,2.0989430082853473,-5.296316964285703,0.6410256410256352,-14.0625,4.86686663097953,2339,15.594390705905266,2.0,40.099440309395625,-2.00000000000486,105.12930555557766,-118.65000000000751,242.18402777782126,2430,-125.99650205761317,-117.0,68.32092169307397,-248.5,-29.5,-366.5,-3.0,2430,-141.40576131687243,-134.0,71.51473495369142,-267.55,-38.45000000000027,-375.0,-3.0,2430,0.022297601448323264,0.022419479230866596,0.017838010067788478,-0.007869698194420587,0.049572669222693044,-0.07627920575329045,0.151150331852472,2430,-5.726543209876543,-4.5,16.00326152897672,-33.775,20.5,-74.0,72.0,2430,0.00010898057811545701,-0.0015336966469160496,0.013388025444783793,-0.018186121597242987,0.024187591482131385,-0.033791066527357305,0.09860721807035544
random_satellite_failure,10.0,1.0,30.0,81,2430,2430,-1.1111111111111112,0.0,2.7832651588416026,-6.25,0.0,-31.25,0.0,2430,-1.6216563786008231,0.0,5.598732330497089,-9.375,3.125,-59.375,9.375,2430,-0.7709011967743947,-0.07102272727271952,1.8819038380745148,-4.38017283448177,0.5214120370370413,-14.635416666666671,4.00297619047619,2429,7.005959528384483,1.7486111111097387,21.682064477990497,-1.2149999999958936,26.897222222222837,-126.48333333333335,260.81597222222007,2430,-156.54279835390946,-150.0,79.83237907035343,-298.0,-42.0,-440.5,-8.0,2430,-170.70205761316873,-165.0,83.03732981707829,-317.55,-51.0,-449.0,-12.0,2430,0.026917305035170928,0.026108419179048742,0.014663807298123797,0.003184636265682784,0.05089123404742386,-0.06406040023009929,0.09391807056157297,2430,-3.5349794238683128,-4.0,16.305151862328373,-29.0,24.5,-63.0,85.5,2430,0.00105680911878895,-0.00011198139170520705,0.01441720515934917,-0.02014777667912653,0.02670610527674619,-0.048766052037671814,0.07949947474656693
random_satellite_failure,10.0,1.0,40.0,81,2430,2430,-0.9542181069958847,0.0,2.2484242013496973,-6.25,0.0,-15.625,3.125,2430,-0.6237139917695473,0.0,3.339681999356151,-6.25,3.125,-37.5,12.5,2430,-0.49823605454341097,0.0,1.596214877589692,-2.997395833333324,0.5201231060606036,-14.81481481481481,3.4747023809523796,2430,4.581435756744329,1.209722222223352,11.321311219774229,-0.07256944445748664,19.992187500001254,-47.16666666666849,216.00000000000423,2430,-185.8448559670782,-180.0,90.71452448722546,-337.5,-56.725000000000136,-548.0,-5.5,2430,-199.5843621399177,-194.0,94.11713706986083,-356.0,-67.0,-533.0,-9.0,2430,0.030294028107710095,0.028498527893071002,0.01318364699519366,0.01549994264937731,0.05335058987220351,-0.05747426403858358,0.09588790207771314,2430,-0.9925925925925926,-2.5,17.03554836380212,-25.0,29.5,-66.0,99.0,2430,0.0014246238691781848,0.00028731168727036405,0.015769218211681302,-0.0228019695045634,0.02753911696368711,-0.06192206971119285,0.061918923964197514
random_satellite_failure,10.0,1.0,50.0,81,2430,2430,-0.9696502057613169,0.0,2.2685508032854886,-6.25,0.0,-25.0,0.0,2430,-0.5979938271604939,0.0,2.8764769843439457,-6.25,3.125,-34.375,12.5,2430,-0.41809358206722297,0.0,1.2989045460291258,-2.261904761904767,0.32334665010103836,-14.81481481481481,6.410256410256409,2430,3.5475020004567597,1.0847222222218988,6.738039814587655,-0.815972222213189,14.833333333335645,-8.999999999997087,112.34999999999953,2430,-217.18765432098766,-213.0,101.91210003752809,-391.5,-73.0,-629.5,-17.0,2430,-229.58395061728396,-227.0,105.2415527601472,-407.0,-81.0,-595.0,-27.0,2430,0.03215348422921823,0.029957091532968078,0.012902394161434736,0.017636517089508835,0.05644166913653987,-0.08231563806521924,0.08887435174098068,2430,0.8695473251028807,-1.0,16.831009855474118,-21.5,32.5,-43.5,126.5,2430,0.004838356114604314,0.0038143513386675876,0.017232077062158076,-0.02134250029732031,0.03354205738229757,-0.05324924581995294,0.09761948985252444
random_satellite_failure,10.0,1.0,60.0,81,2430,2430,-0.8899176954732511,0.0,2.3079894381070702,-6.25,0.0,-21.875,0.0,2430,-0.6121399176954733,0.0,2.501767438009685,-6.25,0.0,-18.75,12.5,2430,-0.3262646749320356,0.0,1.1232992462663094,-1.5625,0.31076388888888323,-14.81481481481481,2.916666666666657,2430,3.2499511316866503,1.0,7.165262223916113,-0.8680555555557206,14.395833333341095,-14.0,116.31736111111118,2430,-249.70246913580246,-250.5,111.75470179769898,-429.775,-88.0,-710.0,-15.5,2430,-261.5604938271605,-263.0,114.74497221483264,-446.55,-97.0,-646.0,-20.0,2430,0.03352072941230373,0.031085501679201516,0.012968336968936532,0.018820149835035743,0.057899852922809684,-0.0568967171072976,0.09282397366304285,2430,1.0045267489711933,-1.5,18.14092119778897,-24.0,35.774999999999864,-58.0,120.0,2430,0.005590841517253188,0.004755896701939766,0.017738198033277714,-0.022167362624013653,0.0343396739125869,-0.05432231625889217,0.09673837518390749
random_satellite_failure,10.0,1.0,70.0,81,2430,2430,-0.5311213991769548,0.0,1.7117586481418363,-3.125,0.0,-15.625,3.125,2430,-0.2777777777777778,0.0,2.2154325109049564,-3.125,0.0,-40.625,15.625,2430,-0.23526442759242164,0.0,1.0111426716280205,-1.409774436090217,0.2560824592074601,-14.81481481481481,3.125,2430,2.721667238225,0.8680555555610567,5.423515519549376,-1.000000000009706,11.999999999999517,-20.000000000000966,125.78055555555571,2430,-279.2866255144033,-278.5,125.4887950222405,-477.55,-104.5,-813.5,-39.0,2430,-290.0950617283951,-290.0,127.43721327295555,-487.0,-113.0,-759.0,-54.0,2430,0.03462672515883179,0.032023995787955256,0.013717597107153978,0.018914167464154773,0.059422422504284214,-0.07695813915070882,0.08782365863364916,2430,-1.3775720164609053,-3.5,18.18879227829543,-28.0,32.774999999999864,-59.5,96.5,2430,0.005024599895083602,0.0052791741454224494,0.018836998250445047,-0.025736472390596343,0.034938020390327305,-0.11995404481546434,0.09825625214114408
random_satellite_failure,10.0,1.0,80.0,81,2430,2430,-0.628858024691358,0.0,1.862258901370661,-3.125,0.0,-25.0,3.125,2430,-0.44495884773662553,0.0,1.9673854463207558,-3.125,0.0,-15.625,12.5,2430,-0.250822412651349,0.0,0.9310280889401295,-1.5625,0.13888888888889994,-11.538461538461533,3.07692307692308,2430,2.651521204846756,0.8680555555576461,6.21259280851739,-0.8680555555429947,10.416666666666416,-13.26388888887692,120.35000000000049,2430,-310.57654320987655,-315.5,135.65714032541462,-516.775,-122.72500000000014,-822.0,-53.5,2430,-320.67942386831277,-324.0,136.96385388478595,-526.0,-130.0,-732.0,-64.0,2430,0.035198719591737045,0.0324499656541489,0.013913266905981918,0.018908671988986145,0.05929336869797399,-0.08697443091533924,0.0904698254371189,2430,-0.4524691358024691,-2.5,19.4575760679741,-26.775,36.5,-49.0,126.0,2430,0.008459735246314572,0.007515312096252891,0.019318962096836756,-0.020981308543590715,0.041185090415308795,-0.0636466655689063,0.11092391088552578
random_satellite_failure,10.0,1.0,90.0,81,2430,2430,-0.4976851851851852,0.0,1.610792242495475,-3.125,0.0,-18.75,3.125,2430,-0.35108024691358025,0.0,1.5741379441881826,-3.125,0.0,-9.375,9.375,2430,-0.1493636598731977,0.0,0.626146732968598,-1.0416666666666572,0.0,-11.538461538461533,3.125,2430,1.9016961019655747,0.684027777789268,3.719923958878938,-1.302083333339155,8.99999999999978,-11.017361111111676,24.000000000002416,2430,-340.72263374485595,-346.5,143.7342506526574,-552.775,-145.72500000000014,-870.5,-68.5,2430,-350.598353909465,-355.0,145.88751679275163,-562.0,-156.0,-778.0,-85.0,2430,0.035647320265571936,0.032301348745486624,0.013807930051031116,0.018560142508376055,0.061202796430541884,-0.07327213817992057,0.08509752958057704,2430,1.7294238683127572,-2.0,20.38286627601582,-24.5,39.0,-45.5,156.0,2430,0.013215335677465643,0.011520364470067879,0.021315396414941217,-0.017997650011190025,0.0507927210022938,-0.0681225309213438,0.13827704730857993
random_satellite_failure,10.0,1.0,100.0,80,2400,2400,-0.4973958333333333,0.0,1.6155897535433317,-3.125,0.0,-18.75,3.125,2400,-0.1796875,0.0,1.2273654783115662,-3.125,0.0,-12.5,6.25,2400,-0.09793714619229557,0.0,0.7012228971236056,-0.625,0.0,-11.538461538461533,6.410256410256409,2400,1.9635896990747528,0.8680555555576461,3.7245736326437595,-1.0000000000072493,8.000000000007084,-5.868055555552331,109.00000000000921,2400,-368.62375,-377.5,154.38275052056537,-577.0,-175.5,-981.0,-106.0,2400,-377.60083333333336,-384.0,156.0217564781002,-581.0,-184.0,-858.0,-129.0,2400,0.036065422155113276,0.03346958060806071,0.0148463156062395,0.018311838052994682,0.06302204378431642,-0.08136777907054787,0.08136245526745278,2400,0.9210416666666666,-2.0,21.025280912047922,-26.5,38.5,-65.5,133.0,2400,0.016038775220710472,0.014884886817042808,0.020896426638645237,-0.015181016330001062,0.05120998931796071,-0.08808732253608609,0.11386983953637109
random_satellite_failure,20.0,1.0,0.0,81,2430,2430,-0.4308127572016461,0.0,1.5824006364736711,-3.125,0.0,-18.75,0.0,2430,0.525977366255144,0.0,1.718033579383989,0.0,3.125,-9.375,12.5,2430,0.07518198411565313,0.0871436756085302,1.8633610101303972,-2.839203121155793,2.9536922663598153,-11.967982174908006,8.758619859927052,689,-0.2009433962264149,0.0,4.669506195589415,-4.683333333333312,0.0,-20.0,34.64999999999998,2430,-59.75864197530864,-53.5,34.58424891717763,-128.5,-14.5,-178.0,-2.0,2430,-81.29835390946502,-75.0,43.23066462240893,-161.55,-23.0,-222.0,-4.0,2430,0.00039950705476432817,0.0007117757327826657,0.022447671039971324,-0.035599640908210446,0.037126032510775404,-0.11565845078530268,0.10664374813833838,2430,-59.75864197530864,-53.5,34.58424891717763,-128.5,-14.5,-178.0,-2.0,2430,0.0,0.0,0.0,0.0,0.0,0.0,0.0
random_satellite_failure,20.0,1.0,10.0,81,2430,2430,-2.953960905349794,0.0,5.263044822078948,-12.5,0.0,-37.5,0.0,2430,-8.09156378600823,0.0,15.16976844123091,-40.625,6.25,-78.125,50.0,2430,-3.5347931400817694,-2.0856666680154774,4.780006358933569,-13.521226715190863,1.1771846349462987,-32.01952792935766,11.018171512912758,2195,25.214511832447762,6.9673611111110745,76.38201883236137,-76.0,192.99930555555574,-302.86736111111605,269.7833333333333,2430,-186.74423868312758,-174.5,100.78904797640028,-369.5,-50.0,-565.5,-15.0,2430,-222.7008230452675,-210.0,114.52911362076227,-429.0,-65.45000000000027,-698.0,-18.0,2430,0.02425754883592,0.027539661811006394,0.040134664289321186,-0.04647225801232454,0.08081745137281961,-0.24987530928106427,0.18342394948077823,2430,-17.30946502057613,-13.5,32.57233317643709,-71.5,30.049999999999727,-136.5,144.0,2430,-0.00017105288407142952,-0.001605355935234698,0.01672019783697272,-0.02277858187998729,0.0288533108790217,-0.056129372787748544,0.12126632397888293
random_satellite_failure,20.0,1.0,20.0,81,2430,2430,-2.16820987654321,0.0,3.853868587929168,-9.375,0.0,-28.125,3.125,2430,-6.300154320987654,0.0,12.383081702901617,-34.375,3.125,-68.75,28.125,2430,-2.09513686509452,-0.9339618714618751,3.25195602789537,-9.052060686946295,0.6998483287545795,-30.58035714285714,6.358974358974379,2337,28.361859340085402,11.34999999999927,53.867272776802416,-6.999999999997101,157.04930555555498,-133.00069444444767,275.9479166666663,2430,-247.56728395061728,-237.25,121.6635214569406,-452.0,-78.0,-635.0,-28.5,2430,-278.8872427983539,-271.0,130.48252771507728,-501.0,-95.0,-621.0,-38.0,2430,0.04781988905528853,0.047685948348011764,0.03174493938148369,-0.008392914791887945,0.09795656976803908,-0.1771810670281987,0.2053122455327424,2430,-11.965843621399177,-10.0,24.740910769705366,-55.0,25.274999999999864,-110.0,124.0,2430,-0.0009083867355555747,-0.002353315426684044,0.019380333090306123,-0.029808577678437264,0.03182542685910242,-0.05796852991326262,0.10882587534800536
random_satellite_failure,20.0,1.0,30.0,81,2430,2430,-2.1965020576131686,0.0,3.81679811166801,-9.375,0.0,-31.25,0.0,2430,-3.4104938271604937,0.0,8.626996726706516,-18.75,3.125,-71.875,15.625,2430,-1.4451536779153369,-0.5208333333333286,2.814793756382343,-7.139832389832391,0.78125,-19.31030507953585,9.709684255138797,2429,15.568974715247245,8.648611111117617,32.346372781157,-1.0833333333334565,56.865972222225814,-144.81666666667442,273.81666666670543,2430,-310.6530864197531,-304.5,144.4349298872411,-553.275,-105.0,-727.0,-27.0,2430,-339.6744855967078,-335.0,153.27078629301732,-597.55,-124.0,-756.0,-39.0,2430,0.05805170166987454,0.05621870713723842,0.02752248553682912,0.014461047807183798,0.10339909045335074,-0.15955734553939488,0.17339418061956002,2430,-7.2783950617283955,-7.25,22.93016512185953,-46.0,29.5,-110.0,98.0,2430,0.0015800040934699792,0.0006307764783913816,0.021654734269608088,-0.03215405075644896,0.03820923088001137,-0.07152564629940183,0.12040230272319707
random_satellite_failure,20.0,1.0,40.0,81,2430,2430,-2.219650205761317,0.0,3.421646513476282,-9.375,0.0,-21.875,3.125,2430,-2.1579218106995883,0.0,6.051713298166447,-12.5,3.125,-59.375,12.5,2430,-1.2522739848740183,-0.37023675912564613,2.601318988810965,-6.6981646825396775,0.518936588773538,-18.117559523809533,11.88811188811188,2430,11.813600823045281,6.999999999995396,23.400540582287924,-0.8680555555319529,35.62256944445234,-60.65000000000218,270.41388888888855,2430,-374.38168724279836,-369.25,167.52815858023325,-647.55,-137.5,-820.5,-52.5,2430,-401.75679012345677,-398.5,176.02051704835182,-684.0,-154.0,-827.0,-70.0,2430,0.0642792522969176,0.06101217156348415,0.02506952093673094,0.030219345808095203,0.11159111929255099,-0.03514217573958167,0.196900364390182,2430,-4.152469135802469,-5.0,23.49280313565235,-40.775,35.0,-99.0,173.5,2430,0.0028629062314278033,0.0030125631135716757,0.02321598760198101,-0.036085105908110295,0.0408049342434468,-0.08953092467075496,0.11311930396311509
random_satellite_failure,20.0,1.0,50.0,81,2430,2430,-2.175925925925926,0.0,3.672054859948256,-9.375,0.0,-28.125,0.0,2430,-1.3940329218106995,0.0,4.499849660238136,-9.375,3.125,-43.75,12.5,2430,-0.9645455903675659,-0.2232142857142776,2.128944445931757,-4.714608078166434,0.4568319081333909,-18.75,5.952380952380963,2430,8.39617255372568,5.499305555552809,13.744722303779044,-0.29371527776673634,25.428784722206995,-18.000000000007276,232.9826388889092,2430,-434.8763374485597,-433.0,188.53156205981642,-739.275,-168.5,-926.5,-92.5,2430,-459.37572016460905,-457.0,196.38074776523365,-773.0,-185.0,-957.0,-104.0,2430,0.06893791355326097,0.06472207715277417,0.02552631615906934,0.03901690323478937,0.11654047787471963,-0.07202106133170172,0.18680673800968073,2430,-0.21666666666666667,-1.0,22.969780521561972,-36.5,39.274999999999864,-83.5,97.5,2430,0.008346768358311697,0.007673829411710131,0.02512400365043705,-0.03229729036554426,0.050992749784367596,-0.0777341250863488,0.11473362457166436
random_satellite_failure,20.0,1.0,60.0,81,2430,2430,-1.8891460905349795,0.0,3.4965594660000483,-9.375,0.0,-28.125,0.0,2430,-1.1908436213991769,0.0,3.8606028455718673,-9.375,3.125,-40.625,12.5,2430,-0.7443832669042781,0.0,1.9986963603661947,-4.050781250000004,0.4166666666666572,-15.104166666666657,8.528428093645488,2430,6.88586619798708,4.106249999983991,10.54125321705781,-0.5755208333287342,22.852430555548402,-13.00000000000194,148.99999999999952,2430,-497.8804526748971,-498.5,214.69527364985055,-831.5,-195.72500000000014,-1002.0,-86.0,2430,-521.5609053497942,-522.0,221.8730405996163,-862.55,-211.0,-1020.0,-114.0,2430,0.07275327011825347,0.06764424551340831,0.026130899261722185,0.042288788131300645,0.12360902702615377,-0.017693193916842265,0.195730191952742,2430,1.0520576131687243,-1.5,25.696907756037234,-36.0,48.5,-76.0,118.5,2430,0.009562617277147686,0.00927179581540205,0.026558153834609525,-0.034044758914777165,0.05369328339824697,-0.0768258987351873,0.11553151288982555
random_satellite_failure,20.0,1.0,70.0,81,2430,2430,-1.4068930041152263,0.0,3.0786463445837633,-6.25,0.0,-31.25,3.125,2430,-0.8397633744855967,0.0,3.0852003490001585,-6.25,3.125,-15.625,12.5,2430,-0.6052138698391771,0.0,1.7530334907718286,-2.991455894648825,0.372023809523796,-16.927083333333343,6.410256410256409,2430,5.925148891173709,3.965625000001644,10.126224876852056,-1.000000000000314,20.534027777777865,-14.00000000000098,270.8340277777878,2430,-561.512962962963,-560.5,239.30972577481793,-923.775,-232.22500000000014,-1198.5,-143.0,2430,-583.3074074074074,-583.0,245.19155043466745,-950.0,-246.45000000000027,-1214.0,-169.0,2430,0.07529840008103172,0.06946726788294394,0.027560065261359283,0.0428609899958153,0.12622693477226885,-0.05707750038265169,0.19828438936253434,2430,-3.3977366255144035,-5.0,25.52978255416291,-43.0,41.0,-82.5,131.5,2430,0.010685171449448418,0.011022633506030388,0.02734695418039149,-0.034504757653772346,0.05545587985889053,-0.11539722910879124,0.1263868464052289
random_satellite_failure,20.0,1.0,80.0,81,2430,2430,-1.4030349794238683,0.0,2.928527085428652,-6.25,0.0,-25.0,3.125,2430,-0.8873456790123457,0.0,2.7726089494982977,-6.25,3.125,-18.75,9.375,2430,-0.5119008622393189,0.0,1.461381024854415,-2.631578947368425,0.2537089646464596,-14.81481481481481,5.142857142857153,2430,5.498992912665504,3.6979166666530823,9.503085001712458,-1.0725694444407874,18.188854166682216,-13.999999999999517,120.35000000000049,2430,-619.2158436213991,-625.25,262.15845709061847,-1004.0,-261.0,-1175.5,-143.0,2430,-639.9786008230452,-645.5,268.0008194558381,-1026.55,-277.0,-1168.0,-174.0,2430,0.07668459432419182,0.07049171880168226,0.028747282834071002,0.04240694583945335,0.12983600808063295,-0.04336793180765475,0.18624540306702797,2430,-1.748559670781893,-3.5,26.988823830568286,-42.0,46.774999999999864,-84.0,163.5,2430,0.016491476358982442,0.016300575585640686,0.02800121289365235,-0.028526325523574193,0.062494981342625724,-0.09266734509271823,0.13401234727513378
random_satellite_failure,20.0,1.0,90.0,81,2430,2430,-1.1805555555555556,0.0,2.546715144651058,-6.25,0.0,-18.75,3.125,2430,-0.7137345679012346,0.0,2.266953396125364,-6.25,0.0,-15.625,9.375,2430,-0.34715286147457103,0.0,1.1713876150638616,-1.7630208333333257,0.22256389443888724,-11.538461538461533,4.61904761904762,2430,4.225276063099337,2.999999999989992,5.651897086113697,-1.1612152777743836,14.697916666670068,-11.915277777775671,38.48333333333322,2430,-680.7592592592592,-686.0,282.93985250311783,-1085.5,-307.72500000000014,-1299.5,-187.5,2430,-700.2382716049383,-706.0,288.1944724460061,-1103.0,-320.4500000000003,-1260.0,-221.0,2430,0.078269831001561,0.0721129514465583,0.029793113445939438,0.041874623452885056,0.13350616209478075,-0.05252725207236825,0.19517407211159543,2430,2.535185185185185,0.0,27.945870763683438,-43.0,51.54999999999973,-91.0,152.5,2430,0.02484415126963722,0.023329729342875805,0.02961943772378769,-0.020968783590528638,0.07514203184183671,-0.07808741369741767,0.1528394785388032
random_satellite_failure,20.0,1.0,100.0,80,2400,2400,-1.2330729166666667,0.0,2.6036643473088263,-6.25,0.0,-21.875,3.125,2400,-0.5442708333333334,0.0,1.9195824492514215,-3.125,0.0,-18.75,3.125,2400,-0.24996618685057315,0.0,0.9495850929619734,-1.5625,0.0892857142857224,-11.538461538461533,3.952380952380963,2400,4.4781484375003915,3.156597222221656,6.0232530801525535,-0.566840277758882,13.385937500002031,-13.0,109.86805555558337,2400,-737.154375,-754.0,306.223213937982,-1156.525,-351.97500000000014,-1450.5,-223.5,2400,-754.9841666666666,-768.0,310.75659087748187,-1164.0,-369.0,-1375.0,-267.0,2400,0.07941805608775092,0.07388309701609269,0.030439756647391104,0.0410383723611647,0.1353421579225843,-0.03597667574318858,0.1927352094743161,2400,0.51125,-2.0,28.838106536307414,-42.025,50.0,-107.0,156.0,2400,0.03134664957335165,0.03033111904134822,0.028321191062138498,-0.012166292023789826,0.07919124278073945,-0.07106771404577494,0.13711291925248803
random_satellite_failure,30.0,1.0,0.0,81,2430,2430,-0.739454732510288,0.0,2.152978434487032,-6.25,0.0,-15.625,0.0,2430,0.8461934156378601,0.0,2.392569982998739,0.0,6.25,-6.25,21.875,2430,0.10748141115896534,0.08022207298825101,2.4686708424589376,-3.757349412102692,4.319125526612243,-23.32445037523226,12.848410717556334,687,-0.2787239204269779,0.0,6.249932472997463,-8.849999999999998,3.8333333333333286,-27.033333333333335,34.64999999999998,2430,-89.89094650205762,-81.5,50.42494841170585,-190.775,-25.5,-278.0,-8.0,2430,-122.37325102880658,-115.0,62.804854570676575,-240.0,-38.0,-330.0,-14.0,2430,-0.0001180718472990941,0.00023988852407774708,0.03073801673380883,-0.05051926508002285,0.04800560125153987,-0.17379903745809455,0.15829909985169444,2430,-89.89094650205762,-81.5,50.42494841170585,-190.775,-25.5,-278.0,-8.0,2430,0.0,0.0,0.0,0.0,0.0,0.0,0.0
random_satellite_failure,30.0,1.0,10.0,81,2430,2430,-5.131172839506172,-3.125,7.879949806778705,-18.75,0.0,-71.875,0.0,2430,-13.325617283950617,-6.25,19.047867419244316,-53.125,6.25,-78.125,53.125,2430,-6.158965835213807,-4.50788752591874,6.56196976332088,-18.678709274445985,0.7777915725358832,-42.31683433481023,14.920288045288046,2134,40.5003368088103,18.83333333333337,91.46275483889936,-94.09812499999379,225.72489583333243,-302.86736111111605,269.7833333333333,2430,-280.83395061728396,-269.0,142.2197767642432,-529.775,-89.0,-841.0,-19.5,2430,-335.84855967078187,-321.0,163.9497210152532,-624.55,-115.0,-980.0,-28.0,2430,0.034594304683016115,0.03997715061041318,0.06004064345452817,-0.07743382620521602,0.11887103761405501,-0.3087923291313922,0.3052729804836161,2430,-27.886831275720166,-18.75,45.31903911309848,-108.0,31.5,-192.5,204.5,2430,0.00022839408738340442,-0.001173991695291865,0.022477566810478602,-0.03176832786335607,0.03707011686552638,-0.08563760391944597,0.12543996552190206
random_satellite_failure,30.0,1.0,20.0,81,2430,2430,-3.8194444444444446,0.0,5.230201449715962,-14.218749999999991,0.0,-37.5,3.125,2430,-10.71116255144033,-6.25,15.862713251930298,-46.875,3.125,-81.25,37.5,2430,-3.7666446483058724,-2.486229341721753,4.4744559079799435,-12.46643406359723,0.7187364297260547,-32.6416083916084,9.205605001059538,2336,44.29914116010353,22.834027777781323,66.0307859381212,-16.52916666666389,205.11527777777764,-156.7645833333372,277.6319444444414,2430,-375.63786008230454,-372.5,173.20424030122763,-666.325,-133.5,-851.0,-63.0,2430,-423.4851851851852,-419.0,187.12499148954308,-738.0,-159.45000000000027,-886.0,-87.0,2430,0.07239853869100983,0.07459258461433338,0.04870012347073653,-0.01582803672827602,0.14438823730778688,-0.20612925613465283,0.29978023451465835,2430,-20.00164609053498,-14.25,33.00276317021568,-83.0,25.0,-152.5,130.0,2430,5.1783854517651045e-05,-0.0017100431223142643,0.025848758462825097,-0.03871350812839752,0.04370322653274014,-0.08117720504494663,0.14916859960100415
random_satellite_failure,30.0,1.0,30.0,81,2430,2430,-3.616255144032922,0.0,5.076490179335071,-12.5,0.0,-40.625,0.0,2430,-6.34130658436214,-3.125,11.778484031282327,-31.25,3.125,-75.0,12.5,2430,-2.567740596501083,-1.2637208928592614,3.819060863857558,-10.799987664610263,0.78125,-27.521117822128843,10.256410256410248,2427,28.52336847044926,16.0,49.690581016752276,-3.000000000003638,131.32430555555246,-163.1673611111112,273.81666666670543,2430,-466.21893004115225,-468.5,205.49101948707798,-796.0,-178.0,-1024.5,-67.0,2430,-509.9872427983539,-509.5,219.19141857367208,-866.0,-203.0,-1071.0,-91.0,2430,0.09184267488322971,0.08929458190705838,0.0399344866066272,0.03143673981392914,0.15896131164013103,-0.1928316025427173,0.31341277249883237,2430,-12.61872427983539,-10.5,29.07705438702422,-64.0,33.0,-124.0,112.5,2430,0.0022922823959331813,0.0013686461291149143,0.028291324211481034,-0.04227938422374041,0.04989200407411978,-0.11278869621066145,0.10495347032238267
random_satellite_failure,30.0,1.0,40.0,81,2430,2430,-3.4825102880658436,-3.125,4.434037810849792,-12.5,0.0,-21.875,3.125,2430,-3.67798353909465,0.0,8.050901315269089,-18.75,3.125,-62.5,12.5,2430,-1.9642502425453212,-0.7575757575757507,3.270531269417717,-9.444444444444443,0.5509672619047619,-18.229166666666657,9.259259259259267,2429,17.327047310278832,11.965277777779562,29.70814330452583,-1.000000000002757,51.6104166666756,-74.56597222222578,274.0,2430,-556.7864197530864,-544.75,244.8628783836244,-947.5,-218.0,-1167.0,-90.5,2430,-598.1333333333333,-594.0,258.26891082849136,-1006.0,-244.0,-1203.0,-121.0,2430,0.10579799079259258,0.09998922749321315,0.03764144387686761,0.05805589298807293,0.17702295986116978,-0.04915154827937207,0.27045178293451877,2430,-7.590740740740741,-7.5,28.03988911357004,-52.5,38.774999999999864,-111.0,121.0,2430,0.0021713856486661716,0.0023845629688526992,0.030268956738619974,-0.04787368004092994,0.04936653273150685,-0.1353570139446485,0.13617158098315163
random_satellite_failure,30.0,1.0,50.0,81,2430,2430,-3.532664609053498,-3.125,4.7039373621622005,-12.5,0.0,-31.25,0.0,2430,-2.5784465020576133,0.0,6.2765327878689865,-12.5,3.125,-59.375,12.5,2430,-1.516480169597166,-0.595238095238102,2.716614170954349,-7.4161055203854165,0.5357142857142776,-18.75,6.410256410256409,2429,14.50929280453684,10.41666666666788,20.413441077133882,0.0,39.91361111111324,-39.31319444444695,266.04722222222216,2430,-650.9168724279835,-658.5,276.9260016286448,-1078.0,-268.72500000000014,-1262.0,-109.5,2430,-688.4539094650206,-695.0,289.9288994041462,-1133.0,-291.0,-1318.0,-135.0,2430,0.11303406847546928,0.10592847292879981,0.038232942895193626,0.06867209595327958,0.1882533793753386,-0.031584868018243895,0.3004963447335156,2430,-1.3664609053497943,-1.5,27.79462050486354,-45.5,46.5,-92.0,145.0,2430,0.010931386233345327,0.010607605353779137,0.03349571784656616,-0.041298470056488436,0.0675066197974683,-0.1105678408993176,0.16112952926181667
random_satellite_failure,30.0,1.0,60.0,81,2430,2430,-3.1815843621399176,0.0,4.759825795296169,-12.5,0.0,-31.25,0.0,2430,-1.9071502057613168,0.0,4.867872813747849,-9.375,3.125,-46.875,12.5,2430,-1.1001173814204992,-0.2604166666666572,2.4068105392222305,-5.9419882872503855,0.5079475043212094,-17.708333333333343,15.567765567765562,2430,11.91262602880505,8.282638888879717,16.314302343778053,0.0,33.94874999999705,-19.00000000000631,254.00000000000003,2430,-742.762962962963,-751.0,313.97679948710504,-1212.5,-315.72500000000014,-1361.5,-136.0,2430,-779.1320987654321,-785.0,325.7292686288045,-1260.0,-338.0,-1390.0,-181.0,2430,0.11996402999863534,0.11173640650733688,0.04062139507337481,0.07211522536149632,0.20271977114679934,-0.030497869948638012,0.3309867867353108,2430,-2.475925925925926,-4.25,29.792049564207122,-49.5,50.274999999999864,-92.0,118.5,2430,0.012782630093735054,0.012069801889753262,0.03375732454115928,-0.042844695910967553,0.0698136872058617,-0.11321238886904239,0.15752118016510552
random_satellite_failure,30.0,1.0,70.0,81,2430,2430,-2.5347222222222223,0.0,4.165739184202823,-12.5,0.0,-28.125,3.125,2430,-1.2757201646090535,0.0,4.1116968947562595,-9.375,3.125,-40.625,15.625,2430,-0.9708909077633885,-0.1488095238095184,2.191992125078452,-4.7838541666666625,0.5301061946027193,-16.927083333333343,6.410256410256409,2430,9.849046067670567,7.136111111110342,13.835742819560936,-1.3087152777818167,29.92531249999986,-13.697916666636104,255.000000000017,2430,-838.0611111111111,-840.0,356.2212349188087,-1366.325,-360.72500000000014,-1642.0,-223.0,2430,-871.0012345679012,-871.0,366.0595065967027,-1401.0,-382.0,-1582.0,-269.0,2430,0.12407544811383427,0.11481071255488978,0.043372572592828784,0.07182575673782422,0.2105212791641503,-0.0026868254043304063,0.28515117517368826,2430,-3.7275720164609054,-6.0,32.038259039317964,-50.775,55.0,-107.0,161.5,2430,0.014987822254099817,0.01594665799305517,0.03460626428631786,-0.04195639887627621,0.07145582884546807,-0.11581889528795486,0.1507139972682383
random_satellite_failure,30.0,1.0,80.0,81,2430,2430,-2.62988683127572,0.0,4.204024204459728,-12.5,0.0,-25.0,3.125,2430,-1.5869341563786008,0.0,3.861759782872489,-9.375,3.125,-40.625,15.625,2430,-0.8899120808446553,0.0,2.0072528044436337,-4.6875,0.2604166666666572,-18.75,6.410256410256409,2430,8.991781550068325,6.726388888899784,11.99490324233737,-0.8114583333341108,26.687500000000245,-15.000000000014552,162.48333333333142,2430,-928.4639917695473,-936.5,385.4935524262884,-1481.825,-417.5,-1620.5,-244.0,2430,-959.562962962963,-964.0,394.72864282740915,-1512.55,-439.0,-1636.0,-291.0,2430,0.12689490961551744,0.1171965802744741,0.044822172771283766,0.07125975824357905,0.21006173717620505,-0.00222605342438148,0.30490572351847645,2430,-4.883539094650206,-5.5,33.00377700582746,-57.775,49.5,-109.0,157.5,2430,0.02241388453430409,0.02156019001216658,0.035801558946922316,-0.034641739093695334,0.08147800557449429,-0.10383238758274982,0.17660038787754195
random_satellite_failure,30.0,1.0,90.0,81,2430,2430,-2.3392489711934155,0.0,3.968565554253546,-12.5,0.0,-28.125,3.125,2430,-1.4338991769547325,0.0,3.3065233582929907,-9.375,0.0,-25.0,9.375,2430,-0.7441293286551889,0.0,1.8985800761197622,-3.6458333333333286,0.2178649237472854,-21.875,6.410256410256409,2430,7.274374714219598,5.583333333314414,9.134133471586342,-2.000000000001498,22.067187500001264,-13.999999999979622,133.99999999999926,2430,-1021.1913580246913,-1030.75,421.7017905727942,-1617.0,-471.5,-1822.5,-294.0,2430,-1050.2358024691357,-1057.0,430.46067976514655,-1642.0,-491.0,-1806.0,-343.0,2430,0.1288855007104975,0.11776394182063132,0.046646780424868105,0.07048075815079569,0.2162381694508718,-0.007170348476783217,0.2915979423062659,2430,1.0775720164609053,0.0,34.20097545354549,-56.5,58.0,-110.0,132.5,2430,0.034647203223577866,0.03383514018473621,0.03757337223848328,-0.02561451120154864,0.09689908216197998,-0.12829471614346155,0.17966407733914624
random_satellite_failure,30.0,1.0,100.0,80,2400,2400,-2.1171875,0.0,3.7941514944707992,-9.375,0.0,-25.0,3.125,2400,-0.9791666666666666,0.0,2.499196584813381,-6.25,0.0,-18.75,6.25,2400,-0.4339278396670418,0.0,1.4387410009156292,-2.1568500384024487,0.18782242063491886,-17.96875,7.259259259259267,2400,6.858354745370509,5.799305555550017,7.211422857739224,-0.4340277777780983,17.9670138888661,-13.565972222223365,119.00000000001285,2400,-1104.3816666666667,-1132.0,457.3841905750211,-1735.0,-531.0,-1938.0,-354.5,2400,-1131.7620833333333,-1152.0,465.1364302762656,-1747.0,-555.0,-2001.0,-420.0,2400,0.13226373681624218,0.12254275848477794,0.049380191034612865,0.0697778908113133,0.22420261994808569,-0.01011089768241269,0.3016748991219903,2400,-0.7825,-1.0,35.005951170344716,-60.025,55.024999999999864,-120.0,152.0,2400,0.043116320778106156,0.04210078979992138,0.03654888592873778,-0.015160052208181028,0.10375746818702314,-0.10057848086823817,0.1652628118513133
targeted_cn_failure,5.0,1.0,10.0,81,81,81,-0.7716049382716049,0.0,2.818174145963182,-6.25,0.0,-21.875,0.0,81,-4.320987654320987,0.0,7.9144581471093565,-25.0,0.0,-31.25,3.125,81,-2.012176724145844,-0.9443681318681314,2.6880476204368264,-7.15748889268626,0.0,-14.577024827024822,0.0,75,0.5161481481481404,0.0,45.08593542358277,-81.55,72.44305555555765,-195.86666666666665,116.4833333333377,81,-36.53086419753087,-31.5,14.941834241277983,-69.0,-20.5,-82.5,-12.5,81,-38.44444444444444,-33.0,13.155797201234138,-61.0,-25.0,-87.0,-17.0,81,-0.002602320754727074,0.0018266440965212793,0.017338796838010265,-0.03610828129796956,0.015951297520281904,-0.08982347533950563,0.02587108359882545,81,5.481481481481482,3.0,13.024362854964453,-9.0,23.0,-14.5,68.5,81,0.008162016053558608,0.005810805734534963,0.008762694573117373,-0.0019464284042776114,0.028247760621336493,-0.004803815953270174,0.037624833348665954
targeted_cn_failure,5.0,1.0,20.0,81,81,81,-0.38580246913580246,0.0,1.3425427034153616,-3.125,0.0,-6.25,0.0,81,-1.7361111111111112,0.0,3.5630482034348065,-9.375,0.0,-15.625,0.0,81,-0.5158882605025007,0.0,0.9694267155361302,-3.028846153846146,0.0,-3.8569078947368496,0.04734848484849863,78,12.431339031340803,0.9913194444405207,26.666192665924047,0.0,71.6526041666673,-5.434027777783314,122.46597222222746,81,-51.75308641975309,-59.0,19.226629231483564,-71.5,-24.5,-108.0,-17.5,81,-53.01234567901235,-62.0,17.168644258619036,-70.0,-28.0,-94.0,-22.0,81,0.006649723382571467,0.00610446665631198,0.008603847697740478,-0.007529325225340222,0.022617024047939416,-0.015711888331352175,0.03154518444868515,81,1.691358024691358,0.5,10.424001121580716,-14.0,18.5,-24.0,41.0,81,0.008468672443133119,0.007830669034221582,0.006146690198458204,-0.0006843136121796878,0.019015977524952543,-0.0053354005331338605,0.02225809943174828
targeted_cn_failure,5.0,1.0,30.0,81,81,81,-0.4243827160493827,0.0,1.1851422337413897,-3.125,0.0,-6.25,0.0,81,-0.38580246913580246,0.0,2.2307507784362253,-3.125,0.0,-18.75,3.125,81,-0.2742796891899918,0.0,0.7837803153978349,-1.2345679012345556,0.0,-3.94736842105263,0.1785714285714164,81,3.2219907407404733,0.0,8.645202127227048,0.0,15.534027777782342,0.0,65.98263888889485,81,-60.864197530864196,-63.0,26.170118019613398,-95.0,-25.5,-104.5,-12.5,81,-62.67901234567901,-64.0,26.114568329044722,-96.0,-28.0,-103.0,-17.0,81,0.007015135195096303,0.007034855992590794,0.006675281791273031,-0.0024463211184222455,0.01564695472596933,-0.02783145658151942,0.02150640873515819,81,1.0246913580246915,-1.0,12.20192127150677,-15.0,29.0,-19.0,38.5,81,0.007223656142003867,0.007476090822822412,0.006331410076931045,-0.00285174571709379,0.016769046276172705,-0.006286056198073098,0.02140485253344271
targeted_cn_failure,5.0,1.0,40.0,81,81,81,-0.2700617283950617,0.0,1.2300687211054409,-3.125,0.0,-9.375,0.0,81,-0.30864197530864196,0.0,1.169783369994654,-3.125,0.0,-6.25,0.0,81,-0.23015104002771705,0.0,0.8554763927616083,-1.09375,0.0,-6.666666666666671,0.1674107142857224,81,2.962259945129926,0.0,5.66194787650619,0.0,13.199999999994418,0.0,28.49930555554866,81,-91.71604938271605,-93.5,29.680479514278925,-136.0,-51.0,-150.0,-25.0,81,-94.18518518518519,-95.0,28.486449020153035,-133.0,-57.0,-143.0,-34.0,81,0.011772707218117833,0.009353788410646102,0.008177277054073822,0.003050974201171508,0.029715120570610987,-0.0020160201514586307,0.040797075480766276,81,0.24074074074074073,-1.5,10.209710791420315,-12.0,22.5,-23.0,31.5,81,0.008603665498917312,0.008969764024847393,0.009524676451125726,-0.005875436937241574,0.021249575471292692,-0.02082690436818857,0.03423437954639108
targeted_cn_failure,5.0,1.0,50.0,81,81,81,-0.3472222222222222,0.0,1.3975424859373684,-3.125,0.0,-9.375,0.0,81,-0.2700617283950617,0.0,1.230068721105441,-3.125,0.0,-6.25,3.125,81,-0.19708606257524183,0.0,0.5857887934242975,-1.5625,0.0,-3.6309523809523796,0.5208333333333286,81,2.656378600823241,0.0,4.8146429801515085,0.0,14.001388888888712,-3.886668764607748e-12,25.367361111111435,81,-103.23456790123457,-94.5,41.182603003251955,-161.5,-53.5,-178.5,-30.5,81,-105.1358024691358,-96.0,40.478930657324604,-162.0,-57.0,-170.0,-39.0,81,0.010895901341265862,0.009664091236252448,0.006844699454422598,0.001272540191846916,0.024956430125319007,-0.0043168933608659366,0.029841849910391627,81,6.345679012345679,2.0,18.377064845771184,-10.5,35.0,-20.0,114.5,81,0.014682031909994094,0.01496336292417344,0.013355655260263376,-0.0038055097230313972,0.034967935709391273,-0.01018791490515758,0.06524101742304667
targeted_cn_failure,5.0,1.0,60.0,81,81,81,-0.2700617283950617,0.0,0.8835424062499634,-3.125,0.0,-3.125,0.0,81,-0.30864197530864196,0.0,0.9381427837573817,-3.125,0.0,-3.125,0.0,81,-0.1394860223100726,0.0,0.4751220781288005,-0.78125,0.0,-3.8461538461538396,0.1292722307215115,81,1.8033179012338405,0.0,3.620737378125269,0.0,10.0,-4.131944444433117,14.999999999998053,81,-122.69135802469135,-126.0,52.19659758435138,-195.0,-54.0,-221.0,-27.0,81,-125.70370370370371,-128.0,52.53533202627648,-195.0,-58.0,-208.0,-36.0,81,0.013324665436634183,0.01269274442436863,0.004767801602333917,0.007220103888520735,0.020391278918401645,0.004483231924962028,0.03153762806221139,81,3.382716049382716,1.0,13.327197662331875,-14.5,30.0,-23.5,54.0,81,0.009967559321447236,0.008786696226044999,0.013016756028886627,-0.006044422495699919,0.026532468860128278,-0.018711214779305818,0.06769797864373395
targeted_cn_failure,5.0,1.0,70.0,81,81,81,-0.30864197530864196,0.0,1.169783369994654,-3.125,0.0,-6.25,0.0,81,-0.7716049382716049,0.0,2.068815154134199,-3.125,0.0,-12.5,0.0,81,-0.27781711509849516,0.0,0.8161659488474557,-0.78125,0.0,-6.410256410256409,0.0,81,1.8573645404654462,0.0,3.5619957368615554,0.0,6.81666666666618,0.0,18.6493055555556,81,-154.6604938271605,-155.5,51.03147479500359,-224.0,-85.0,-236.5,-61.0,81,-158.19753086419752,-159.0,51.746357300076305,-227.0,-90.0,-235.0,-71.0,81,0.017708234590971813,0.014389260833646333,0.008983889734727033,0.008616452622804999,0.03347252073744289,0.0028657033419213773,0.04567492041628629,81,2.808641975308642,0.0,16.421131184626596,-17.0,35.5,-19.5,62.5,81,0.008032691839617434,0.007386213594956947,0.014266305843743724,-0.01958468172919403,0.030790514296994642,-0.030458377895821842,0.04159905654603846
targeted_cn_failure,5.0,1.0,80.0,81,81,81,-0.4243827160493827,0.0,1.3758064413999271,-3.125,0.0,-6.25,0.0,81,-0.6172839506172839,0.0,1.5949561219244237,-3.125,0.0,-6.25,0.0,81,-0.1228732878810306,0.0,0.3202690200547527,-0.9672619047619122,0.0,-1.25,0.372023809523796,81,1.6826560356634939,0.0,3.7437793053746358,0.0,9.697916666661328,-5.0,21.0,81,-164.95679012345678,-155.5,66.88904981062223,-268.0,-81.5,-290.0,-61.5,81,-168.54320987654322,-159.0,66.59505412992695,-264.0,-88.0,-275.0,-72.0,81,0.01825899003857302,0.014988006085694727,0.008934109848967293,0.008460841185072593,0.03524189107511433,0.007434450633313605,0.050938059682697046,81,0.42592592592592593,-1.5,20.01048336358831,-25.0,31.5,-39.0,116.5,81,0.007581443075651384,0.005880753361839464,0.018164413776220512,-0.013490636343208129,0.03432809562433592,-0.03832932858857174,0.08029648894317543
targeted_cn_failure,5.0,1.0,90.0,81,81,81,-0.11574074074074074,0.0,0.5938413672391344,0.0,0.0,-3.125,0.0,81,-0.19290123456790123,0.0,0.903778825334748,0.0,0.0,-6.25,0.0,81,-0.04699098809962107,0.0,0.20995747587214794,-0.08818342151676006,0.0,-1.5104166666666572,0.0,81,1.2009173525377592,0.0,2.157610533227925,0.0,5.906250000005336,-0.8680555555562037,8.634027777777852,81,-184.8395061728395,-188.0,77.00831234193544,-285.5,-86.0,-319.5,-60.5,81,-189.39506172839506,-192.0,78.1210085400121,-289.0,-91.0,-306.0,-71.0,81,0.018907002057021473,0.015897284897514852,0.007980088628354488,0.009199815348650192,0.03416481458781884,0.007045541257884785,0.04267367899851471,81,6.518518518518518,2.5,20.262564689046098,-10.5,36.0,-18.5,114.0,81,0.00919456130978481,0.007945219685083993,0.016124384865321858,-0.013596637852977267,0.038388673916816884,-0.02044288304384345,0.04421855420434517
targeted_cn_failure,5.0,1.0,100.0,80,80,80,-0.0390625,0.0,0.6077016744737732,0.0,0.0,-3.125,3.125,80,-0.0390625,0.0,0.34938562148434216,0.0,0.0,-3.125,0.0,80,-0.02672349352036889,0.0,0.12156088905767073,-0.11197916666665858,0.0,-0.78125,0.07102272727271952,80,1.3535156249996558,0.0,2.649711626090295,0.0,7.294791666670066,-1.0000000000322515,11.999999999994301,80,-185.36875,-189.0,77.50821694904518,-286.525,-85.5,-349.5,-61.0,80,-188.85,-192.0,78.15937952411686,-289.05,-90.0,-321.0,-72.0,80,0.01723976648587756,0.01552258203380058,0.007115682002083787,0.008723416832801688,0.030812545329988773,0.00518431635399319,0.03799674137414344,80,6.60625,0.5,20.254190650925814,-12.075,38.09999999999994,-21.5,91.5,80,0.01556625069608438,0.012977301642922212,0.022459257422516858,-0.0156895509071887,0.05668013093036333,-0.01979729534036334,0.08986995746945836
targeted_cn_failure,10.0,1.0,10.0,81,81,81,-1.1959876543209877,0.0,3.185657449781078,-6.25,0.0,-21.875,0.0,81,-8.063271604938272,0.0,11.949439766169318,-31.25,0.0,-56.25,3.125,81,-2.587438044231628,-1.8827326519634227,2.705695527888461,-7.15748889268626,0.0,-14.577024827024822,0.0,74,22.901614114114146,3.1416666666657633,75.39030762556352,-63.40833333333333,193.5580208333324,-195.86666666666665,249.6319444444443,81,-60.34567901234568,-58.5,23.973245761591794,-108.0,-25.5,-114.5,-18.5,81,-63.25925925925926,-62.0,21.748435448198208,-104.0,-30.0,-126.0,-25.0,81,-0.0002908041517695768,0.0028126418404237907,0.02062179670232902,-0.03610828129796956,0.024595153432123262,-0.08982347533950563,0.05408542085567897,81,9.067901234567902,7.5,15.757687228464826,-14.5,38.0,-21.0,75.5,81,0.011698299593727332,0.010610001909153954,0.008024874133319248,0.0007286719070129788,0.028247760621336493,-0.004803815953270174,0.037624833348665954
targeted_cn_failure,10.0,1.0,20.0,81,81,81,-0.8487654320987654,0.0,2.097032506135783,-6.25,0.0,-9.375,0.0,81,-4.359567901234568,0.0,7.120595752706144,-21.875,0.0,-31.25,0.0,81,-1.1331065770111868,-0.2604166666666714,1.6269556716332583,-3.8569078947368496,0.0,-8.338217338217333,0.19841269841269593,78,24.616987179488387,6.742361111110512,49.27051596907104,0.0,125.27524305557588,-5.434027777783314,239.46527777777808,81,-92.93827160493827,-93.5,28.481505261753785,-132.0,-51.0,-172.5,-30.0,81,-95.92592592592592,-96.0,26.230124750836477,-131.0,-58.0,-159.0,-39.0,81,0.009325192936050355,0.009857820564745157,0.018413649913915503,-0.0306456226239763,0.03421385471782257,-0.04686919462321937,0.0652372212624226,81,4.283950617283951,3.0,15.540861115058291,-17.5,30.5,-31.0,53.0,81,0.015417987047485962,0.015700874910950402,0.01010178138159267,-0.0008645639633837465,0.031579403910255266,-0.006508804713114991,0.042887381319408835
targeted_cn_failure,10.0,1.0,30.0,81,81,81,-1.0416666666666667,0.0,2.2642776165920995,-6.25,0.0,-9.375,0.0,81,-1.7361111111111112,0.0,5.825422463221015,-9.375,0.0,-31.25,3.125,81,-0.5622434582639435,-0.0372023809523796,1.2923451705985067,-3.94736842105263,0.0,-5.9636517328824965,0.1785714285714164,81,13.510759602194266,3.849305555550046,32.706104799037554,0.0,51.64930555555526,-0.8680555555557135,250.56597222222126,81,-122.5,-126.0,51.01047686505195,-191.5,-52.5,-205.5,-38.0,81,-126.0,-128.0,51.44754610280261,-193.0,-57.0,-204.0,-50.0,81,0.012818485438107896,0.014271709888198592,0.012486728649647654,-0.008569823176185043,0.031010416664561835,-0.04272769155036793,0.03844418735772981,81,3.04320987654321,0.5,15.501047853867854,-16.5,32.0,-35.0,46.5,81,0.015846663688900385,0.01494510500238877,0.009847745087411612,0.00232790241660652,0.03335657108096157,-0.008638851055359442,0.04331659653589526
targeted_cn_failure,10.0,1.0,40.0,81,81,81,-0.7716049382716049,0.0,1.9472326240013826,-3.125,0.0,-9.375,0.0,81,-1.2345679012345678,0.0,3.375832230496176,-6.25,0.0,-18.75,0.0,81,-0.47140060178510607,0.0,1.06649752846966,-1.8518518518518619,0.0,-6.666666666666671,0.11837121212121815,81,6.8004029492444165,4.434027777774702,9.968757064695998,0.0,25.2847222222219,0.0,55.99999999999662,81,-163.98765432098764,-156.5,67.60972449048296,-268.0,-76.0,-281.5,-40.5,81,-168.22222222222223,-160.0,67.43960260855636,-267.0,-84.0,-275.0,-54.0,81,0.01830797778244165,0.01605066219664758,0.011313965545300583,0.003808645447896053,0.044141333166041075,-0.01915574652173202,0.04921750477020592,81,3.259259259259259,-1.0,15.34481001656405,-15.5,27.0,-36.0,51.0,81,0.015237614552196925,0.016185907965919677,0.01399543385157543,-0.008125313283208202,0.03560799968352635,-0.04304715573253404,0.042871375196480654
targeted_cn_failure,10.0,1.0,50.0,81,81,81,-0.7330246913580247,0.0,1.9931281442453006,-6.25,0.0,-9.375,0.0,81,-1.0030864197530864,0.0,4.0693200113702375,-6.25,0.0,-34.375,0.0,81,-0.4756800546818752,0.0,0.9042448486767356,-2.2347861842105345,0.0,-4.990203602320335,0.0,81,5.385785322358058,1.5673611111108272,8.421412799598233,0.0,22.00000000000533,-3.886668764607748e-12,45.99999999996653,81,-189.52469135802468,-190.5,80.8844817175461,-301.5,-84.5,-338.5,-48.0,81,-191.62962962962962,-193.0,80.17300737225162,-297.0,-88.0,-318.0,-60.0,81,0.018036143596454886,0.017725264631119286,0.009374281256142382,0.003919090406094949,0.03299277092315378,-0.0164847249620792,0.04681890097978214,81,11.38888888888889,3.0,25.325629311035886,-17.0,71.5,-34.0,97.0,81,0.025113165331900323,0.024106258880555398,0.017579780522470313,-0.003541752220563854,0.05202601483010927,-0.007227357974461945,0.07642720055129604
targeted_cn_failure,10.0,1.0,60.0,81,81,81,-0.5401234567901234,0.0,1.6230549850722562,-3.125,0.0,-9.375,0.0,81,-0.7716049382716049,0.0,1.8175350455975556,-3.125,0.0,-9.375,0.0,81,-0.2401375235891383,0.0,0.5933868893793739,-0.9672619047619264,0.054945054945036986,-3.8461538461538396,0.5208333333333428,81,3.3315672153621247,1.1666666666655772,4.7523286507520845,0.0,14.829861111112415,-6.302083333336725,15.999999999999517,81,-234.59259259259258,-248.0,90.89510132259298,-352.5,-110.0,-379.0,-61.0,81,-240.74074074074073,-256.0,91.83895929530368,-357.0,-118.0,-369.0,-79.0,81,0.02665382944262709,0.0251052796595172,0.010242249857316811,0.014196991281149735,0.04516658289432707,0.011124202602375788,0.06627838038749478,81,8.061728395061728,6.5,18.02158128398584,-18.0,39.0,-30.0,57.5,81,0.02177445300683027,0.020684184425918684,0.017596328496686152,-0.0016296494740271061,0.04893760370645861,-0.01855893203910397,0.09475292698320437
targeted_cn_failure,10.0,1.0,70.0,81,81,81,-0.46296296296296297,0.0,1.4072141756360725,-3.125,0.0,-6.25,0.0,81,-0.9259259259259259,0.0,2.340854693150441,-3.125,0.0,-12.5,0.0,81,-0.38087870439858046,0.0,0.9274359578935586,-2.083333333333343,0.0,-6.666666666666657,0.18939393939393767,81,2.9906035665279953,0.9999999999961062,4.083504589258265,0.0,11.298611111110716,0.0,18.6493055555556,81,-279.7098765432099,-284.0,101.63860192483253,-418.5,-146.0,-421.5,-110.0,81,-285.58024691358025,-289.0,103.58219733592387,-421.0,-154.0,-425.0,-129.0,81,0.031195680658187917,0.0268434752057502,0.014348373018406866,0.01646618485541515,0.05856360480734535,0.012997228979543168,0.08132102265379693,81,3.654320987654321,-1.0,21.207109947979216,-23.0,44.0,-27.5,87.5,81,0.01616418335128192,0.01772246214308759,0.01877589328459144,-0.013628486315566901,0.048348188544937054,-0.0288373043241692,0.059869268746804094
targeted_cn_failure,10.0,1.0,80.0,81,81,81,-0.5787037037037037,0.0,1.5711565759373283,-3.125,0.0,-6.25,0.0,81,-0.9259259259259259,0.0,1.811721576138134,-6.25,0.0,-6.25,0.0,81,-0.2599306326938965,0.0,0.6586982509727705,-1.5625,0.0,-2.0833333333333144,3.07692307692308,81,2.979243827158615,1.58333333333551,4.465716221508224,0.0,10.516666666666914,-5.0,21.0,81,-310.1666666666667,-315.0,130.46874625748498,-496.5,-143.5,-544.5,-97.5,81,-316.4691358024691,-320.0,131.2477701162722,-492.0,-150.0,-516.0,-115.0,81,0.033324466492336655,0.030274511733036746,0.013607615060798883,0.01682037244617765,0.059316908706064986,0.013887034464093617,0.08232036823836386,81,1.462962962962963,0.0,23.715603747556397,-31.0,33.5,-57.0,125.0,81,0.016932049279011967,0.014658457287969773,0.022597609413508742,-0.01182276757340639,0.05837590179979535,-0.030514122448586978,0.09518916451630166
targeted_cn_failure,10.0,1.0,90.0,81,81,81,-0.4243827160493827,0.0,1.6939320718958983,-3.125,0.0,-9.375,3.125,81,-0.4243827160493827,0.0,1.543089308561734,-3.125,0.0,-9.375,0.0,81,-0.1695140000632393,0.0,0.5845770876370194,-0.78125,0.0,-3.9583333333333144,0.0,81,2.494907407408191,1.0000000000339568,3.6645648437199414,-0.8680555555552303,9.516666666666538,-4.367361111111919,16.56597222222723,81,-351.25308641975306,-346.5,140.70490226571687,-545.5,-175.0,-577.5,-127.0,81,-358.9012345679012,-352.0,142.93806394189335,-549.0,-182.0,-565.0,-148.0,81,0.03729676000316666,0.031358226552360924,0.016410076766742717,0.018809985494535192,0.06865569825677265,0.014689456759709923,0.08717857761066639,81,8.691358024691358,3.5,23.52931255652651,-18.5,56.5,-31.5,113.5,81,0.0233467612875689,0.02131480690594323,0.02273087073305883,-0.009899767626789568,0.06503508202309338,-0.026961467751703383,0.07659302997348827
targeted_cn_failure,10.0,1.0,100.0,80,80,80,-0.390625,0.0,1.6769772714581859,-3.125,0.0,-9.375,3.125,80,-0.2734375,0.0,0.8885910458007189,-3.125,0.0,-3.125,0.0,80,-0.19046355602345227,0.0,0.6044500620325308,-1.1180555555555585,0.0,-3.8461538461538396,0.3314393939393767,80,2.6697829861112345,0.557291666667151,4.102933625014192,-0.010034722220375122,11.012569444446832,-4.9999999999978115,20.0000000000165,80,-371.25,-378.0,153.98633426132497,-582.175,-179.55,-635.0,-112.0,80,-378.0875,-384.0,156.05039706470032,-585.25,-183.85000000000002,-610.0,-135.0,80,0.035125341854272546,0.03282089993383153,0.014160752662286438,0.01811099049720843,0.058998218542415555,0.013446934431607577,0.07996553589370281,80,14.075,5.0,31.95468508269448,-13.025,88.625,-27.0,149.0,80,0.0332619044562435,0.034133406502765196,0.029490292127665848,-0.013725377102892355,0.07459181619114393,-0.022994401472919535,0.11562629629329058
targeted_cn_failure,20.0,1.0,10.0,81,81,81,-3.0864197530864197,0.0,5.1702892952527275,-12.5,0.0,-25.0,0.0,81,-13.194444444444445,-6.25,14.405538214520138,-40.625,0.0,-56.25,3.125,81,-5.16758972323255,-3.74094991017148,4.844562208851299,-15.240978157644818,-0.0513715587245116,-21.29726292226291,0.0,72,39.71131365740826,8.62499999999973,95.71899978567856,-104.04749999999999,233.6586805555553,-195.86666666666665,263.16597222222225,81,-107.58641975308642,-106.5,34.036450142040444,-164.5,-58.5,-187.5,-33.0,81,-114.1358024691358,-113.0,29.04726884167415,-156.0,-69.0,-183.0,-44.0,81,-0.004287652248379838,0.0037881434225503496,0.040464203579947636,-0.0810698958583691,0.051074800272404186,-0.11428384409658249,0.07494532230928774,81,16.75925925925926,11.5,25.61446260307728,-13.5,62.0,-20.5,141.5,81,0.022602516017801402,0.018225457027540415,0.014497434903632901,0.008131342835308475,0.05669607611633065,0.00425055421912468,0.08155876312719279
targeted_cn_failure,20.0,1.0,20.0,81,81,81,-1.8904320987654322,0.0,3.1124361637561004,-9.375,0.0,-9.375,0.0,81,-7.986111111111111,-3.125,9.882117688026185,-28.125,0.0,-37.5,0.0,81,-2.344028108032849,-1.2746710526315894,2.5702401893163738,-7.458791208791212,0.0,-10.047846889952154,0.2594702903090962,78,41.36526887464491,15.126736111109011,62.72639460366764,0.0,222.16788194444413,-0.4826388888851625,239.46527777777808,81,-166.679012345679,-156.0,68.64024460192684,-279.5,-82.0,-314.5,-69.0,81,-171.82716049382717,-159.0,65.77628564373653,-271.0,-94.0,-298.0,-81.0,81,0.015454437817408566,0.018503404490974262,0.027775584767239535,-0.04017795755527098,0.04966354708986814,-0.05804009253952358,0.08526674405410939,81,9.395061728395062,4.0,23.43191147364299,-19.0,60.0,-41.5,100.0,81,0.026762283249357876,0.02661571270876606,0.011480745875420988,0.009058135012258939,0.04518433720211834,-0.0026020655832481587,0.05765226205484986
targeted_cn_failure,20.0,1.0,30.0,81,81,81,-2.700617283950617,0.0,4.036971666880699,-9.375,0.0,-21.875,0.0,81,-5.092592592592593,0.0,10.107387802713639,-28.125,0.0,-59.375,3.125,81,-1.783355072889781,-0.78125,2.8276917909231165,-7.23557692307692,0.0,-16.347503991734783,0.1785714285714164,81,20.966392318243827,14.13333333333999,32.799109838535834,0.0,100.99999999999855,-7.764583333332851,196.6319444444443,81,-239.46913580246914,-255.0,90.67946107302265,-358.5,-111.0,-388.0,-70.0,81,-244.87654320987653,-259.0,90.18749673819113,-360.0,-119.0,-378.0,-93.0,81,0.020680846145973843,0.025082953315398893,0.026857076648879527,-0.014750381057268225,0.0578550719697592,-0.09936925304118016,0.07138621974034864,81,7.901234567901234,3.0,22.99367029112121,-18.5,55.0,-30.5,97.0,81,0.03184792788469131,0.03366348650005002,0.015696619345753515,0.00489873461633028,0.05425177681422633,-0.012476833239129625,0.062264499969098
targeted_cn_failure,20.0,1.0,40.0,81,81,81,-2.044753086419753,0.0,3.4644009133285376,-9.375,0.0,-15.625,0.0,81,-3.433641975308642,0.0,9.790342946379154,-12.5,0.0,-53.125,3.125,81,-1.102568265731863,-0.45309041074317236,1.796992133136532,-4.688402498805871,0.0,-10.15625,0.2840909090909207,81,8.191237997255998,5.302083333338189,12.59603995765416,0.0,26.99999999999369,-62.829861111091056,44.9652777777804,81,-309.85185185185185,-311.0,131.39623863633912,-499.0,-135.0,-520.5,-81.5,81,-317.320987654321,-318.0,131.5853171102777,-498.0,-145.0,-512.0,-104.0,81,0.031515977418994826,0.0313496593292808,0.0208789415720929,-0.004340749639025976,0.06741228845362635,-0.03183138639093186,0.08512134212220368,81,8.12962962962963,1.5,25.520307817718642,-22.0,48.5,-30.0,98.0,81,0.030031285096853644,0.028921269655793003,0.02026911400129877,-0.006534856895681562,0.06154063494764772,-0.031151848683191208,0.07071843219779583
targeted_cn_failure,20.0,1.0,50.0,81,81,81,-1.8904320987654322,0.0,3.5174999287074327,-9.375,0.0,-15.625,0.0,81,-2.4305555555555554,0.0,5.719689130538477,-9.375,0.0,-34.375,3.125,81,-1.0424059759916722,-0.78125,1.1997765885053577,-3.393308080808083,0.0,-5.073678356068143,0.0,81,11.66795267489533,9.000000000000007,12.39427243085771,0.0,30.39583333333188,-1.74722222222141,68.35000000000049,81,-379.19135802469134,-385.5,161.3001776173316,-627.0,-174.5,-638.0,-100.5,81,-383.5679012345679,-389.0,159.82607251881691,-606.0,-182.0,-626.0,-123.0,81,0.0372609474200698,0.03660052351442317,0.01890832850423051,0.012328928311969356,0.07016988225723364,-0.03832558199840552,0.0766540252889032,81,22.166666666666668,12.0,39.548625134130766,-18.5,111.5,-47.0,138.5,81,0.049327213886257895,0.05125601529724566,0.024814454875833288,0.012914219782968583,0.08892301692083304,-0.007064393843194017,0.1134866820298428
targeted_cn_failure,20.0,1.0,60.0,81,81,81,-1.8132716049382716,0.0,3.272465828745755,-9.375,0.0,-12.5,0.0,81,-1.6589506172839505,0.0,3.6672650500789907,-9.375,0.0,-18.75,0.0,81,-0.7940773466691913,-0.10307551232845924,1.685020096139341,-3.541666666666657,0.0744047619047592,-12.1875,0.5208333333333428,81,11.45190329217869,6.868055555554747,18.88434556419288,0.0,32.999999999992724,-6.302083333336725,116.31736111111118,81,-465.21604938271605,-476.5,182.9332176347356,-731.0,-221.0,-760.0,-122.0,81,-475.28395061728395,-482.0,183.8601530081968,-723.0,-237.0,-756.0,-158.0,81,0.05073115306021494,0.046304695072006574,0.02138890146502361,0.02256081884672012,0.09693370415578645,0.010320567741431863,0.11683346396871297,81,13.049382716049383,10.0,26.77797660138267,-23.5,56.5,-54.0,75.0,81,0.042955157666644185,0.041618636066917736,0.028493658612658394,0.0013608493941852373,0.08897620035724296,-0.009693687836481502,0.1284349881195881
targeted_cn_failure,20.0,1.0,70.0,81,81,81,-0.9259259259259259,0.0,2.1220363320274336,-6.25,0.0,-9.375,0.0,81,-1.8904320987654322,0.0,3.2655506998754116,-9.375,0.0,-12.5,0.0,81,-0.9794231901560051,-0.2604166666666572,1.9843892870095212,-3.125,0.0,-11.538461538461533,0.18939393939393767,81,6.049794238682585,4.430555555555117,5.492914421126716,0.0,17.812499999978172,0.0,23.017361111109736,81,-540.3703703703703,-537.5,215.11980350751324,-841.5,-276.5,-879.0,-216.0,81,-551.3456790123457,-548.0,219.22443753456338,-845.0,-284.0,-862.0,-246.0,81,0.05786333841175234,0.05167488067918197,0.027381960889369297,0.03316445369594867,0.11174327684940377,-0.05426820555741446,0.13450842568361032,81,4.277777777777778,-0.5,30.2000620860289,-35.0,71.0,-53.5,103.5,81,0.0332050173895198,0.031230288714677368,0.03209901780709031,-0.01295069966735296,0.08244538346163588,-0.06071268489466619,0.11931449235645575
targeted_cn_failure,20.0,1.0,80.0,81,81,81,-1.3117283950617284,0.0,2.700197002129408,-6.25,0.0,-9.375,3.125,81,-1.5817901234567902,0.0,2.6664993798801517,-6.25,0.0,-12.5,0.0,81,-0.4806429950990761,-0.03551136363635976,0.8945649094373577,-2.1875,0.0,-3.385416666666657,3.07692307692308,81,6.34833676268738,4.604166666667638,6.962649223850878,0.0,20.46597222222433,-5.0,36.99999999999807,81,-608.2592592592592,-628.5,247.6228749418043,-951.5,-288.5,-983.0,-201.0,81,-621.8888888888889,-640.0,249.71363599130905,-947.0,-304.0,-972.0,-236.0,81,0.07054604485658174,0.06217702401859371,0.030847428001950634,0.03619137646249748,0.13054875608486893,0.028857845462719883,0.19142865498102202,81,7.604938271604938,4.5,33.37118105954061,-36.5,47.5,-68.0,191.0,81,0.040207431863363015,0.04169063148252694,0.036127241959978344,-0.021171775592828457,0.10293160146705027,-0.03389864744035176,0.12222623931289456
targeted_cn_failure,20.0,1.0,90.0,81,81,81,-1.2345679012345678,0.0,2.8674753919531355,-6.25,0.0,-18.75,3.125,81,-1.0416666666666667,0.0,2.209708691207961,-6.25,0.0,-9.375,3.125,81,-0.3369899017148594,0.0,0.75689512688598,-1.5625,0.0,-4.010416666666657,0.16835016835017313,81,5.883384773662524,5.000000000000128,8.15127425326234,-0.8680555555552303,16.56597222222723,-4.367361111111919,58.01736111111096,81,-680.3641975308642,-693.0,280.4602357325553,-1049.5,-324.5,-1089.5,-223.5,81,-696.3086419753087,-704.0,286.1075253281233,-1061.0,-337.0,-1081.0,-263.0,81,0.07767524298464888,0.06938372658442121,0.03229202375504979,0.0380957508063125,0.1337883986606364,0.032688009757811554,0.19091826854722016,81,13.530864197530864,10.0,36.67154428836925,-26.0,93.5,-55.0,167.5,81,0.04308651960210508,0.04204301179162173,0.03772904779170205,-0.013495566469512665,0.1119840518202897,-0.025455180637348196,0.1440654242205477
targeted_cn_failure,20.0,1.0,100.0,80,80,80,-1.0546875,0.0,2.532607270117477,-6.25,0.0,-12.5,3.125,80,-0.9765625,0.0,2.0254603467600814,-3.2812499999999996,0.0,-9.375,0.0,80,-0.3504636278073777,0.0,1.1244456950226902,-2.1356095679012355,0.0,-3.8461538461538396,6.410256410256409,80,8.781935763888082,7.132638888889158,8.676427285217995,0.0,28.839756944451455,-4.9999999999978115,36.000000000004846,80,-745.0,-758.0,309.3013769321952,-1190.025,-351.6,-1212.5,-231.0,80,-757.625,-769.0,313.08248498608685,-1180.4,-362.95,-1200.0,-275.0,80,0.07367369123754264,0.06861646552271494,0.02744438975672503,0.03913972437263437,0.13340181525418335,0.027051191451991363,0.1421262103634604,80,26.85,14.5,46.71760029384204,-23.125,123.32499999999996,-33.0,169.0,80,0.06436185710965642,0.06503724405838252,0.0439111823337283,-0.010933330597641965,0.13281490481416616,-0.029397019485380538,0.16079506052032122
targeted_cn_failure,30.0,1.0,10.0,81,81,81,-3.4722222222222223,0.0,5.158616881005993,-12.5,0.0,-25.0,0.0,81,-21.64351851851852,-18.75,20.407098097911366,-65.625,0.0,-68.75,3.125,81,-6.7224269364912725,-5.073275456427638,4.62524483972772,-15.240978157644818,-1.4770332505409556,-21.29726292226291,-0.5505952380952408,72,59.87762345679198,41.82499999999884,115.81807081151264,-166.76506944442335,246.43315972222217,-200.3340277777805,258.0819444444434,81,-147.59876543209876,-140.5,64.70574838031618,-244.5,-59.0,-339.0,-33.0,81,-158.12345679012347,-156.0,62.525871188662656,-244.0,-71.0,-333.0,-44.0,81,-0.001855838467949892,-0.0012720978697619567,0.046260230239886055,-0.0810698958583691,0.0743073823478359,-0.11428384409658249,0.11021720184837763,81,22.796296296296298,16.0,33.07612221998085,-13.5,74.5,-29.0,151.5,81,0.02775162862580119,0.025433834806734446,0.014502787826309699,0.011929620775197991,0.057514876174575624,0.004423866266954013,0.08155876312719279
targeted_cn_failure,30.0,1.0,20.0,81,81,81,-3.3950617283950617,0.0,4.770042288454262,-12.5,0.0,-25.0,0.0,81,-13.387345679012345,-12.5,12.657547849169378,-37.5,0.0,-43.75,0.0,81,-4.357444517872497,-3.571428571428555,3.4748238717287476,-10.047846889952154,0.0,-15.678323412698404,0.2594702903090962,78,57.97828525641075,29.117708333323392,69.29225644315294,0.0,228.85024305555484,-0.4826388888851625,239.46527777777808,81,-248.57407407407408,-256.5,101.39665647566711,-401.0,-113.5,-447.0,-96.5,81,-253.71604938271605,-260.0,94.86243125809885,-389.0,-127.0,-420.0,-119.0,81,0.017260492293608168,0.0220291839857904,0.03898581513847416,-0.06390524285864263,0.0754215989504341,-0.07927257751115863,0.09795627291951586,81,14.185185185185185,9.0,29.325058018319037,-25.5,77.5,-46.0,102.0,81,0.03967093677900682,0.042435011632706576,0.015132393011730676,0.01421115490274949,0.0639991851447268,0.003794902209206752,0.07248192470705561
targeted_cn_failure,30.0,1.0,30.0,81,81,81,-4.089506172839506,-3.125,5.267316477874329,-12.5,0.0,-21.875,0.0,81,-8.796296296296296,-6.25,11.060812802914219,-28.125,0.0,-59.375,0.0,81,-3.3407279372984755,-1.7045454545454675,3.9993176229047798,-12.485569985569995,0.0,-16.77628084585099,0.3961489898990038,81,38.68799725651574,18.3673611111124,56.5296202216091,0.0,165.74861111111363,-7.764583333332851,239.94791666666677,81,-358.2345679012346,-348.0,144.98722112697882,-553.5,-175.5,-650.5,-95.0,81,-365.4320987654321,-355.0,142.69013090186064,-556.0,-183.0,-621.0,-127.0,81,0.028391799088896316,0.033575609390112254,0.0411996222605545,-0.0356371005689915,0.08584441053517766,-0.10436103820421783,0.11168234816358846,81,11.567901234567902,6.5,28.038004686320377,-19.0,67.0,-60.5,79.5,81,0.04606496695118803,0.04471839497142094,0.021960665723991028,0.013711133678447895,0.08180245223466254,-0.02379375497616598,0.09776994685435358
targeted_cn_failure,30.0,1.0,40.0,81,81,81,-3.6651234567901234,0.0,4.835934305753947,-12.5,0.0,-21.875,0.0,81,-5.671296296296297,-3.125,11.027654237693124,-21.875,0.0,-56.25,3.125,81,-2.6462187188939654,-1.0788690476190368,3.719778543989243,-10.267857142857139,0.0,-19.34668449652682,0.2840909090909207,80,18.345190972223218,11.481944444434397,32.473641998828214,0.0,58.79184027777039,-62.82986111110803,246.28194444444426,81,-469.24691358024694,-469.5,181.51047014319846,-721.0,-232.5,-853.5,-122.0,81,-479.55555555555554,-479.0,181.85035056331347,-722.0,-244.0,-812.0,-158.0,81,0.042876337561005125,0.04528637367265653,0.03425259882821058,-0.02045868618977209,0.09074468795163637,-0.08180840213910623,0.13490330255131533,81,17.21604938271605,10.5,40.468501506696924,-26.0,74.5,-32.0,212.0,81,0.04988707006203137,0.048854066053531486,0.028044852710171667,-0.0015854206570908858,0.0873053047374337,-0.04542165447429469,0.10483067583149008
targeted_cn_failure,30.0,1.0,50.0,81,81,81,-3.6651234567901234,0.0,5.629124430989949,-12.5,0.0,-28.125,0.0,81,-4.050925925925926,-3.125,6.412809988175578,-15.625,0.0,-34.375,3.125,81,-1.8770682580973492,-1.4383766147686856,1.7117461047951026,-5.11904761904762,0.0,-6.8701212848584134,0.0,81,25.38017832647416,20.778472222220934,26.90779006147094,0.0,67.86666666666682,0.0,174.35000000001648,81,-570.9506172839506,-582.5,239.00258373261198,-910.0,-263.0,-964.0,-158.0,81,-577.3086419753087,-593.0,238.39408769804405,-900.0,-277.0,-937.0,-191.0,81,0.05779883822330773,0.057322349562211106,0.03033249182505322,0.0008255414884776879,0.1139583664274374,-0.03392132252928315,0.13300349702557834,81,33.58641975308642,29.5,42.96174098278147,-21.5,131.0,-41.5,157.5,81,0.07553280480330334,0.0804627484739775,0.036181198507801805,0.015830568184502347,0.1295470985426228,-0.01823350141847979,0.1579395708061142
targeted_cn_failure,30.0,1.0,60.0,81,81,81,-2.4691358024691357,0.0,3.944068472887756,-12.5,0.0,-15.625,0.0,81,-2.314814814814815,0.0,4.413275034232263,-12.5,0.0,-18.75,3.125,81,-1.1921165460961591,-0.33670033670033206,2.087616369116372,-4.691506410256409,0.15782828282827666,-12.96875,1.5625,81,15.000771604935244,9.516666666661692,18.93159652042858,0.0,50.367361111106106,-5.218750000002672,128.3173611111124,81,-683.4629629629629,-695.0,286.21430757582874,-1075.5,-316.5,-1182.0,-167.5,81,-697.9135802469136,-705.0,288.4150740482744,-1074.0,-333.0,-1154.0,-217.0,81,0.07456356876988496,0.06978871048252244,0.029956927139893036,0.03835298641886006,0.13981236881684178,0.007394070306597222,0.1668366115452533,81,16.703703703703702,13.0,34.24231462841131,-26.5,69.5,-65.5,134.0,81,0.07033451631699485,0.06872306688753538,0.036779411713861086,0.01586445416595761,0.13794709995845267,-0.004100122607182621,0.16505174941886325
targeted_cn_failure,30.0,1.0,70.0,81,81,81,-1.6589506172839505,0.0,3.566007721883236,-9.375,0.0,-18.75,3.125,81,-2.816358024691358,0.0,4.296305026731232,-9.375,0.0,-21.875,0.0,81,-1.3871978126496194,-0.7179487179487296,2.5961969952789152,-4.6875,0.0,-16.14583333333333,0.0,81,9.553266460903654,9.298611111109977,7.0995200922444095,0.0,23.21875000000157,0.0,31.351388888896565,81,-795.9382716049382,-821.5,319.31139173536434,-1232.5,-388.5,-1261.0,-298.0,81,-813.641975308642,-838.0,324.22435552569056,-1235.0,-404.0,-1248.0,-346.0,81,0.08988464589595295,0.08056151273505052,0.03994848948646846,0.04747443293084885,0.16607117429697182,-0.025453586759783653,0.21222293443985107,81,6.5246913580246915,2.5,35.62942088662191,-37.0,91.5,-60.0,134.0,81,0.057216461905151894,0.055825439208193384,0.03871610759615197,-0.00021110369057297795,0.11568196205270054,-0.02613905206778444,0.1781187341871222
targeted_cn_failure,30.0,1.0,80.0,81,81,81,-2.044753086419753,0.0,3.3204685193917443,-9.375,0.0,-12.5,0.0,81,-3.125,0.0,5.321683239352001,-12.5,0.0,-28.125,0.0,81,-0.9201857451035925,-0.489999249368708,1.5442343731605541,-3.385416666666657,0.0,-8.0,3.07692307692308,81,11.624159807955401,10.0,10.698273266011482,0.0,37.563888888888556,0.0,47.99999999999807,81,-909.3086419753087,-897.5,377.0241667312359,-1436.0,-441.5,-1507.0,-293.0,81,-929.2345679012345,-921.0,380.6429518461145,-1433.0,-459.0,-1484.0,-346.0,81,0.11057204338631871,0.09784044225650568,0.047512810199967066,0.05868203785982562,0.20026618493214432,0.05276909299010918,0.2955709652231222,81,15.432098765432098,7.5,40.73341327203164,-36.5,86.5,-81.5,152.5,81,0.06451579302900376,0.05891891571841534,0.04755831614411313,-0.00921989731798667,0.14606736101230355,-0.03583139227188159,0.161478676923835
targeted_cn_failure,30.0,1.0,90.0,81,81,81,-1.9290123456790123,0.0,3.407822932217236,-6.25,0.0,-18.75,3.125,81,-1.7361111111111112,0.0,2.7510651346342203,-6.25,0.0,-15.625,0.0,81,-0.6299529348538732,-0.16897176897177246,1.2029823608187404,-2.34375,0.0,-7.590277777777757,0.0,81,10.400660150890396,8.897916666666546,9.224925785590978,0.0,27.516666666666545,-5.565972222224332,52.13194444443883,81,-1018.5308641975308,-1041.5,407.56899987670045,-1575.5,-513.5,-1611.5,-355.0,81,-1043.1851851851852,-1057.0,415.8150764195278,-1584.0,-533.0,-1602.0,-416.0,81,0.1311417153487347,0.11320273246353152,0.059476714026605156,0.06349862662962832,0.23357878979389912,0.05434207153467405,0.35755184467955303,81,16.253086419753085,11.0,43.685103543484225,-35.5,73.5,-82.0,261.0,81,0.06939652988337529,0.05841362675165929,0.050612365479785926,0.011427896300854501,0.16088766058052095,-0.04008601454530614,0.21791963015597826
targeted_cn_failure,30.0,1.0,100.0,80,80,80,-3.0859375,-3.125,4.11506733520358,-9.53125,0.0,-21.875,0.0,80,-2.0703125,0.0,3.651926606475311,-9.375,0.0,-21.875,3.125,80,-0.7278809659295418,0.0,2.7789582634997743,-3.2633880876068466,0.2900094696969586,-12.864583333333343,13.986013986013987,80,15.54215277777692,12.30694444444179,12.916074276184705,0.0,43.91472222222027,-4.9999999999978115,49.13194444444477,80,-1128.33125,-1136.0,474.21535421750417,-1810.55,-530.7,-1953.0,-345.0,80,-1142.55,-1153.0,474.11962118211625,-1783.2,-553.65,-1854.0,-410.0,80,0.12090371538307816,0.113357310570074,0.04832073481772857,0.05960649567287199,0.21515468105361027,0.04641304199608054,0.24595670675360803,80,31.64375,18.25,57.89718045593269,-33.5,145.44999999999993,-45.5,257.5,80,0.10038455225095758,0.10665018736672982,0.06304706424466004,-0.008327734189620782,0.20882350951084364,-0.02979852891131185,0.2329019105593857
