"task_id","region","timestamp_utc","centroid_lat","centroid_lon","priority_class","required_response_time_min","task_priority_score","num_detections","mean_frp_mw","max_frp_mw","total_frp_mw","confidence_score","approx_radius_km"
"CAL_S3_20250703_C000","California","2025-07-03 05:28:29+00:00","35.13416468531469","-119.88381145454544","Critical","30","0.9225282128119354","143","69.692603986014","373.2559","9966.042370000005","0.8627972027972028","13.266529621661729"
"CAL_S3_20250704_C001","California","2025-07-04 05:41:12+00:00","35.17686616666666","-120.02342916666667","High","60","0.7749867050172687","24","208.95450975","817.33154","5014.908234","0.6237499999999999","10.002973403920402"
"CAL_S3_20250704_C000","California","2025-07-04 05:41:12+00:00","35.070718125","-119.75115978125","High","60","0.7391820764708178","32","85.74771590625001","615.66943","2743.9269090000003","0.5934375000000001","5.351323820449692"
"CAL_S3_20250705_C001","California","2025-07-05 05:14:37+00:00","35.18281715384616","-120.01705492307688","High","60","0.6109796693736267","13","27.52596007692308","47.398617","357.837481","0.9923076923076924","5.385961668774211"
"CAL_S3_20250705_C000","California","2025-07-05 05:14:37+00:00","35.033037750000005","-119.729488375","High","60","0.6042590933360003","8","31.000554625","112.92574","248.004437","0.96","2.455173095104364"
"CAL_S3_20250705_C003","California","2025-07-05 05:19:37+00:00","41.47332809090909","-118.8454979090909","High","60","0.7770920626601086","22","87.4037852272727","476.87808","1922.883275","0.8677272727272727","3.7316078550116343"
"CAL_S3_20250705_C005","California","2025-07-05 05:19:37+00:00","41.529387","-123.14855","High","60","0.6026489849666842","7","61.22190371428571","159.37798","428.553326","0.84","3.4966347142054284"
"CAL_S3_20250703_C001","California","2025-07-03 05:28:29+00:00","40.8818715","-122.548133","Medium","180","0.399003783015457","4","19.82144675","33.16673","79.285787","0.72","2.7269696257729845"
"CAL_S3_20250703_C003","California","2025-07-03 05:28:29+00:00","40.8357784","-122.099614","Medium","180","0.349592896002913","5","13.819099799999998","24.18485","69.09549899999999","0.594","1.0"
"CAL_S3_20250703_C002","California","2025-07-03 05:33:29+00:00","41.5300196","-123.149262","Medium","180","0.4073758480057133","5","15.6676082","23.608591","78.338041","0.772","1.413337994591913"
"CAL_S3_20250703_I006","California","2025-07-03 17:48:25+00:00","32.440468","-114.82922","Medium","180","0.4361789343183539","1","48.569965","48.569965","48.569965","1.0","1.0"
"CAL_S3_20250703_C005","California","2025-07-03 17:48:25+00:00","38.62217966666667","-118.634245","Medium","180","0.3307857016927591","3","21.16323033333333","22.118801","63.48969100000001","0.62","1.9691290067942309"
"CAL_S3_20250703_I004","California","2025-07-03 18:26:43+00:00","37.48893","-120.48887","Medium","180","0.4864763631842036","1","85.42824","85.42824","85.42824","1.0","1.0"
"CAL_S3_20250704_I001","California","2025-07-04 05:41:12+00:00","34.571907","-118.154144","Medium","180","0.4261437509609675","1","43.365753","43.365753","43.365753","1.0","1.0"
"CAL_S3_20250704_C003","California","2025-07-04 05:41:12+00:00","41.524924000000006","-123.13957533333333","Medium","180","0.4002250429830269","3","41.98193133333333","73.96321","125.945794","0.57","1.0"
"CAL_S3_20250704_C004","California","2025-07-04 17:55:48+00:00","40.90854775","-116.4026375","Medium","180","0.5331900651877819","8","63.11746","129.89471","504.93968","0.5975","1.831066028340869"
"CAL_S3_20250704_C005","California","2025-07-04 17:55:48+00:00","40.71474233333333","-117.84643916666666","Medium","180","0.5063299518885696","6","41.409122333333336","117.28811","248.454734","0.6666666666666666","2.762165821065272"
"CAL_S3_20250704_I006","California","2025-07-04 18:57:30+00:00","40.87332","-122.55424","Medium","180","0.4316972567165374","1","46.174328","46.174328","46.174328","1.0","1.0"
"CAL_S3_20250705_C002","California","2025-07-05 05:14:37+00:00","40.7458012","-117.869703","Medium","180","0.4755159733669756","5","19.057553","29.009232","95.287765","0.94","2.917768056484961"
"CAL_S3_20250705_I001","California","2025-07-05 05:14:37+00:00","36.483177","-119.52553","Medium","180","0.3359587076277015","1","15.373548","15.373548","15.373548","1.0","1.0"
"CAL_S3_20250705_C004","California","2025-07-05 05:19:37+00:00","41.30750866666667","-123.40407416666666","Medium","180","0.396483081742179","6","22.6073275","37.72559","135.643965","0.5616666666666666","1.3207019949619034"
"CAL_S3_20250705_C006","California","2025-07-05 18:31:33+00:00","40.8430348","-122.09818479999998","Medium","180","0.4370915943648058","5","26.8132233","52.074116","134.0661165","0.674","1.3187829791654118"
"CAL_S3_20250705_C007","California","2025-07-05 18:31:33+00:00","39.734878","-121.996185","Medium","180","0.3434224704817185","4","14.63157475","18.555193","58.526299","0.665","1.0"
"CAL_S3_20250703_I001","California","2025-07-03 18:21:43+00:00","40.06368","-122.73621","Low","360","0.1323246816106261","1","10.043146","10.043146","10.043146","0.44","1.0"
"CAL_S3_20250703_C004","California","2025-07-03 18:21:43+00:00","41.81108066666667","-123.90688666666668","Low","360","0.0863896182847338","3","10.807955","11.260693","32.423865","0.0","1.0"
"CAL_S3_20250703_I002","California","2025-07-03 18:21:43+00:00","39.73023","-120.50166","Low","360","0.0117607804555663","1","11.531072","11.531072","11.531072","0.0","1.0"
"CAL_S3_20250703_I005","California","2025-07-03 18:26:43+00:00","33.78047","-117.73429","Low","360","0.1656601349244975","1","11.243476","11.243476","11.243476","0.52","1.0"
"CAL_S3_20250704_C002","California","2025-07-04 05:41:12+00:00","40.7936395","-123.134764","Low","360","0.2329710047778107","4","13.4263305","13.78449","53.705322","0.3525","1.0"
"CAL_S3_20250704_I003","California","2025-07-04 18:00:48+00:00","36.22421","-119.50114","Low","360","0.2086220549897686","1","12.668593","12.668593","12.668593","0.63","1.0"
"CAL_S3_20250704_I005","California","2025-07-04 18:00:48+00:00","35.910633","-121.21761","Low","360","0.0534710742704338","1","18.870346","18.870346","18.870346","0.0","1.0"
"CAL_S3_20250705_I002","California","2025-07-05 18:31:33+00:00","41.833073","-121.381035","Low","360","0.1415323004931161","1","11.226189","11.226189","11.226189","0.44","1.0"
"CAL_S3_20250705_I004","California","2025-07-05 18:36:33+00:00","39.011024","-121.610275","Low","360","0.1696345392130885","1","10.58193","10.58193","10.58193","0.55","1.0"
"IND_S3_20260414_C035","India","2026-04-14 04:29:57+00:00","27.25639736666667","82.92333100000002","High","60","0.618168613676463","30","18.5210531","41.586407","555.631593","0.8476666666666667","25.155650876859543"
"IND_S3_20260414_C034","India","2026-04-14 04:29:57+00:00","26.992480166666667","82.8543205","High","60","0.6033017762646048","12","31.523088166666668","71.16131","378.277058","0.9083333333333332","7.961684543623632"
"IND_S3_20260414_C025","India","2026-04-14 04:34:57+00:00","25.11295414814815","83.92732007407409","High","60","0.6926938309060895","27","30.515939759259258","197.63364","823.9303735","0.8159259259259259","22.21909815614281"
"IND_S3_20260414_C016","India","2026-04-14 04:34:57+00:00","13.96514264","79.11849356","High","60","0.663199415123194","25","29.708257000000003","85.38975","742.7064250000001","0.8732","12.635835157256636"
"IND_S3_20260414_C044","India","2026-04-14 04:34:57+00:00","24.707187333333337","76.73855999999999","High","60","0.6033028892588208","3","77.61091499999999","206.08917","232.832745","1.0","7.480157840183168"
"IND_S3_20260414_C003","India","2026-04-14 04:34:57+00:00","23.63818875","77.9690285","High","60","0.6021350235399684","8","35.1519745","85.298996","281.215796","0.9775","7.059323476769939"
"IND_S3_20260415_C006","India","2026-04-15 04:08:23+00:00","25.151519277777776","83.9331775","High","60","0.6813430211945224","18","31.31485538888889","122.020775","563.667397","0.9683333333333332","17.974513920732328"
"IND_S3_20260415_C003","India","2026-04-15 04:08:23+00:00","27.27118792857143","82.98811135714286","High","60","0.6031691493385287","14","23.856922571428573","102.129776","333.996916","0.8485714285714286","12.522087515757718"
"IND_S3_20260415_C015","India","2026-04-15 04:47:41+00:00","22.1067022","79.31462563333335","High","60","0.6679016919676547","30","32.5897042","176.17987","977.691126","0.7100000000000001","28.937706260887648"
"IND_S3_20260416_C018","India","2026-04-16 03:41:48+00:00","21.441766333333334","93.23008666666668","High","60","0.6323581114463784","3","433.1959466666667","654.0545","1299.58784","0.6666666666666666","1.068140618560934"
"IND_S3_20260416_C004","India","2026-04-16 04:21:07+00:00","22.1948054375","79.41403787499999","High","60","0.7000530237628481","16","35.58363275","191.2501","569.338124","0.9775","23.849072475113225"
"IND_S3_20260414_I004","India","2026-04-14 03:31:44+00:00","23.988216","93.90314","Medium","180","0.5585293201493051","1","190.6564","190.6564","190.6564","1.0","1.0"
"IND_S3_20260414_I018","India","2026-04-14 03:31:44+00:00","21.624378","92.5429","Medium","180","0.4761023758532015","1","76.06525","76.06525","76.06525","1.0","1.0"
"IND_S3_20260414_C001","India","2026-04-14 03:31:44+00:00","18.80383","96.75258625","Medium","180","0.4701645955338406","4","69.86866625","199.12672","279.474665","0.5","2.0765029501645373"
"IND_S3_20260414_I028","India","2026-04-14 03:31:44+00:00","16.669788","96.257","Medium","180","0.4011171236165575","1","32.6446","32.6446","32.6446","1.0","1.0"
"IND_S3_20260414_I005","India","2026-04-14 03:31:44+00:00","23.097317","97.26262","Medium","180","0.3971468866784842","1","31.20012","31.20012","31.20012","1.0","1.0"
"IND_S3_20260414_I003","India","2026-04-14 03:31:44+00:00","23.520565","97.3275","Medium","180","0.3703314358951372","1","29.195501","29.195501","29.195501","0.93","1.0"
"IND_S3_20260414_C000","India","2026-04-14 03:31:44+00:00","21.68808933333333","93.74614","Medium","180","0.3274196712936174","3","18.927222333333333","21.857937","56.781667","0.6266666666666666","3.007429628178225"
"IND_S3_20260414_I029","India","2026-04-14 03:31:44+00:00","16.604586","95.6787","Medium","180","0.3169711566354071","1","18.760855","18.760855","18.760855","0.88","1.0"
"IND_S3_20260414_C036","India","2026-04-14 04:29:57+00:00","27.2393830625","82.6149268125","Medium","180","0.5003050973060934","16","18.8337939375","47.449406","301.340703","0.618125","15.39834270777383"
"IND_S3_20260414_C040","India","2026-04-14 04:29:57+00:00","27.172728181818183","83.13078145454546","Medium","180","0.4596046961647037","11","15.958872772727272","38.060043","175.5476005","0.6490909090909092","20.405933847842054"
"IND_S3_20260414_C037","India","2026-04-14 04:29:57+00:00","27.489217333333333","83.15513466666667","Medium","180","0.3639017919084526","3","14.6529125","17.642406","43.9587375","0.8166666666666668","6.316934905394766"
"IND_S3_20260414_I210","India","2026-04-14 04:29:57+00:00","26.94107","83.50985","Medium","180","0.3556563437","1","21.485203","21.485203","21.485203","0.97","1.0"
"IND_S3_20260414_C032","India","2026-04-14 04:34:57+00:00","26.37773707692308","83.73987846153847","Medium","180","0.578980574659049","13","23.066726384615382","75.84267","299.867443","0.8399999999999999","14.014990079241302"
"IND_S3_20260414_C043","India","2026-04-14 04:34:57+00:00","24.8083962","84.04161","Medium","180","0.5703616172473848","5","38.4274482","111.120636","192.137241","0.95","2.9051852187691134"
"IND_S3_20260414_I242","India","2026-04-14 04:34:57+00:00","23.865595","78.188774","Medium","180","0.564970735475071","1","204.79903","204.79903","204.79903","1.0","1.0"
"IND_S3_20260414_C007","India","2026-04-14 04:34:57+00:00","23.468335928571427","76.60986921428572","Medium","180","0.5561040166092258","14","25.0964595","52.040874","351.35043299999995","0.7871428571428573","19.712013988183024"
"IND_S3_20260414_C013","India","2026-04-14 04:34:57+00:00","22.21446542857143","79.4095022857143","Medium","180","0.5504604764755912","7","27.796293714285717","57.68248","194.574056","0.9371428571428572","8.061609605336885"
"IND_S3_20260414_C010","India","2026-04-14 04:34:57+00:00","22.95940655555556","77.52255955555556","Medium","180","0.5478294192171361","9","21.42124377777777","46.800137","192.791194","0.9266666666666666","11.911085235313887"
"IND_S3_20260414_C041","India","2026-04-14 04:34:57+00:00","26.41038366666667","83.40554999999999","Medium","180","0.5308188151294216","3","45.118594","103.55603","135.355782","0.9433333333333334","2.4688255356384485"
"IND_S3_20260414_C006","India","2026-04-14 04:34:57+00:00","23.343380666666665","77.66671766666666","Medium","180","0.5249739096123139","6","57.94962733333333","160.27184","347.697764","0.6316666666666667","3.308244745725183"
"IND_S3_20260414_C033","India","2026-04-14 04:34:57+00:00","26.523531","83.518594","Medium","180","0.5147969839209927","5","24.971160200000003","44.2692","124.855801","0.968","5.013602673523761"
"IND_S3_20260414_C019","India","2026-04-14 04:34:57+00:00","19.286802428571427","81.06968242857144","Medium","180","0.5108900801044803","7","24.551952571428576","67.884476","171.86366800000002","0.7985714285714286","7.500699000531909"
"IND_S3_20260414_C015","India","2026-04-14 04:34:57+00:00","11.4909362","76.611878","Medium","180","0.5103922953815796","10","38.5322503","79.00962","385.322503","0.6060000000000001","2.3251973542670945"
"IND_S3_20260414_C018","India","2026-04-14 04:34:57+00:00","15.544749285714287","78.7944542857143","Medium","180","0.4936916120976908","7","26.78406214285714","44.874462","187.488435","0.7914285714285715","6.158342548723644"
"IND_S3_20260414_C046","India","2026-04-14 04:34:57+00:00","23.75415725","78.551405","Medium","180","0.4723153723885477","4","28.903769500000003","34.186028","115.615078","0.905","7.778534883303168"
"IND_S3_20260414_I259","India","2026-04-14 04:34:57+00:00","22.163855","78.85764","Medium","180","0.4440451537040614","1","53.072685","53.072685","53.072685","1.0","1.0"
"IND_S3_20260414_C047","India","2026-04-14 04:34:57+00:00","20.96642475","86.012175","Medium","180","0.4239099376625593","4","23.81853775","35.177704","95.274151","0.7675","1.0"
"IND_S3_20260414_C042","India","2026-04-14 04:34:57+00:00","24.903457666666668","85.07866833333333","Medium","180","0.4210072735092244","3","18.73207066666667","26.770874","56.196212","0.91","6.020741392401804"
"IND_S3_20260414_I233","India","2026-04-14 04:34:57+00:00","24.664862","78.54734","Medium","180","0.4109147465453036","1","36.49262","36.49262","36.49262","1.0","1.0"
"IND_S3_20260414_I236","India","2026-04-14 04:34:57+00:00","23.97132","79.66878","Medium","180","0.4036583545653203","1","33.603","33.603","33.603","1.0","1.0"
"IND_S3_20260414_I234","India","2026-04-14 04:34:57+00:00","24.625961","77.93531","Medium","180","0.4007591528330926","1","32.511745","32.511745","32.511745","1.0","1.0"
"IND_S3_20260414_I226","India","2026-04-14 04:34:57+00:00","25.186491","84.19973","Medium","180","0.3995341280719566","1","32.061054","32.061054","32.061054","1.0","1.0"
"IND_S3_20260414_I246","India","2026-04-14 04:34:57+00:00","23.75611","77.24607","Medium","180","0.3990474381879716","1","31.883686","31.883686","31.883686","1.0","1.0"
"IND_S3_20260414_C002","India","2026-04-14 04:34:57+00:00","24.8428164","76.6395996","Medium","180","0.3977754789987513","5","25.397842","62.954163","126.98921","0.522","1.5253933046192825"
"IND_S3_20260414_I274","India","2026-04-14 04:34:57+00:00","17.91645","83.31955","Medium","180","0.3901214730782442","1","28.794369","28.794369","28.794369","1.0","1.0"
"IND_S3_20260414_C020","India","2026-04-14 04:34:57+00:00","19.367990666666667","80.95080366666666","Medium","180","0.3866554596533005","3","12.821184","15.558362","38.463552","0.93","2.9109048433524967"
"IND_S3_20260414_I244","India","2026-04-14 04:34:57+00:00","23.612265","79.14272","Medium","180","0.3861784143814992","1","27.52376","27.52376","27.52376","1.0","1.0"
"IND_S3_20260414_I227","India","2026-04-14 04:34:57+00:00","25.275257","83.54186","Medium","180","0.3753096592490661","1","24.295002","24.295002","24.295002","1.0","1.0"
"IND_S3_20260414_C011","India","2026-04-14 04:34:57+00:00","23.08795775","76.566927","Medium","180","0.3741587239352436","4","18.89824975","23.98829","75.592999","0.6925","3.540217000454384"
"IND_S3_20260414_I239","India","2026-04-14 04:34:57+00:00","24.254808","77.43752","Medium","180","0.372881193912075","1","51.794724","51.794724","51.794724","0.77","1.0"
"IND_S3_20260414_I238","India","2026-04-14 04:34:57+00:00","23.948303","79.30599","Medium","180","0.3682942846997658","1","24.012709","24.012709","24.012709","0.98","1.0"
"IND_S3_20260414_I237","India","2026-04-14 04:34:57+00:00","23.962933","79.51813","Medium","180","0.3658917042402491","1","21.794327","21.794327","21.794327","1.0","1.0"
"IND_S3_20260414_C004","India","2026-04-14 04:34:57+00:00","23.973629000000003","76.14598333333333","Medium","180","0.3599735312841148","3","28.810998","54.656643","86.43299400000001","0.5366666666666666","3.4577044138429374"
"IND_S3_20260414_I214","India","2026-04-14 04:34:57+00:00","26.787716","83.11324","Medium","180","0.3586708738187878","1","20.0458","20.0458","20.0458","1.0","1.0"
"IND_S3_20260414_I228","India","2026-04-14 04:34:57+00:00","24.889843","84.9597","Medium","180","0.3539980675943551","1","19.660254","19.660254","19.660254","0.99","1.0"
"IND_S3_20260414_C009","India","2026-04-14 04:34:57+00:00","22.502700666666662","79.48685533333334","Medium","180","0.3497309973282355","3","13.597243333333331","14.04452","40.79173","0.8133333333333334","1.0"
"IND_S3_20260414_I260","India","2026-04-14 04:34:57+00:00","21.950045","78.932755","Medium","180","0.3489305075720593","1","21.305536","21.305536","21.305536","0.95","1.0"
"IND_S3_20260414_C026","India","2026-04-14 04:34:57+00:00","23.8235575","77.86716275","Medium","180","0.3466726180157177","4","16.11520475","21.892273","64.460819","0.6375000000000001","2.7777009060047027"
"IND_S3_20260414_I217","India","2026-04-14 04:34:57+00:00","26.221867","83.981445","Medium","180","0.3436904872857043","1","18.699648","18.699648","18.699648","0.97","1.0"
"IND_S3_20260414_I268","India","2026-04-14 04:34:57+00:00","20.043552","77.96273","Medium","180","0.3389914579061288","1","21.819473","21.819473","21.819473","0.91","1.0"
"IND_S3_20260414_I248","India","2026-04-14 04:34:57+00:00","23.269646","77.741615","Medium","180","0.3378012404098437","1","23.876772","23.876772","23.876772","0.88","1.0"
"IND_S3_20260414_I215","India","2026-04-14 04:34:57+00:00","26.593426","83.30867","Medium","180","0.3349306946300776","1","16.881742","16.881742","16.881742","0.97","1.0"
"IND_S3_20260414_C048","India","2026-04-14 04:34:57+00:00","21.396386","81.23911666666667","Medium","180","0.332138651123213","3","20.079325333333333","23.467972","60.237976","0.6233333333333334","5.93284967300234"
"IND_S3_20260414_I247","India","2026-04-14 04:34:57+00:00","23.555052","76.24991","Medium","180","0.3288565876532026","1","50.626423","50.626423","50.626423","0.63","1.0"
"IND_S3_20260414_I257","India","2026-04-14 04:34:57+00:00","21.80034","81.09476","Medium","180","0.3269643236323475","1","17.087204","17.087204","17.087204","0.94","1.0"
"IND_S3_20260414_I262","India","2026-04-14 04:34:57+00:00","21.345669","80.93664","Medium","180","0.3251183704548501","1","17.93702","17.93702","17.93702","0.92","1.0"
"IND_S3_20260414_I222","India","2026-04-14 04:34:57+00:00","25.324135","85.09959","Medium","180","0.32439097792031","1","17.1727","17.1727","17.1727","0.93","1.0"
"IND_S3_20260414_C028","India","2026-04-14 04:34:57+00:00","23.9608984","77.81236","Medium","180","0.3232549419545006","5","15.2355942","20.856451","76.177971","0.514","2.812013883258863"
"IND_S3_20260414_C017","India","2026-04-14 04:34:57+00:00","14.3564605","78.91506625","Medium","180","0.3214331359627221","4","17.74678025","28.533735","70.987121","0.5","1.791033123250663"
"IND_S3_20260414_I266","India","2026-04-14 04:34:57+00:00","20.627064","77.41079","Medium","180","0.3175252780366767","1","18.882254","18.882254","18.882254","0.88","1.0"
"IND_S3_20260414_I253","India","2026-04-14 04:34:57+00:00","21.615492","83.17959","Medium","180","0.31724542584568","1","18.82085","18.82085","18.82085","0.88","1.0"
"IND_S3_20260414_C045","India","2026-04-14 04:34:57+00:00","23.429229666666668","81.220512","Medium","180","0.312919163505434","3","19.070068","19.161488","57.210204","0.5966666666666667","1.0"
"IND_S3_20260414_I265","India","2026-04-14 04:34:57+00:00","20.468733","79.3398","Medium","180","0.3123178982606125","1","19.733418","19.733418","19.733418","0.85","1.0"
"IND_S3_20260414_I256","India","2026-04-14 04:34:57+00:00","21.617182","82.39119","Medium","180","0.309442242911697","1","17.183","17.183","17.183","0.88","1.0"
"IND_S3_20260414_I212","India","2026-04-14 04:34:57+00:00","26.803177","83.3023","Medium","180","0.3085132982899091","1","15.2931385","15.2931385","15.2931385","0.91","1.0"
"IND_S3_20260414_I243","India","2026-04-14 04:34:57+00:00","23.446896","80.49701","Medium","180","0.3075036547439305","1","16.797539","16.797539","16.797539","0.88","1.0"
"IND_S3_20260414_I039","India","2026-04-14 05:09:13+00:00","29.199892","72.79645","Medium","180","0.4123737210637699","1","37.10212","37.10212","37.10212","1.0","1.0"
"IND_S3_20260414_C030","India","2026-04-14 05:09:13+00:00","24.212369","77.244388","Medium","180","0.4113465738597515","3","15.694766333333334","22.36659","47.084299","0.93","6.686202153157447"
"IND_S3_20260414_I044","India","2026-04-14 05:09:13+00:00","25.34634","77.19922","Medium","180","0.4073976823283525","1","35.063114","35.063114","35.063114","1.0","1.0"
"IND_S3_20260414_I051","India","2026-04-14 05:09:13+00:00","23.898735","78.325485","Medium","180","0.3879574388408959","1","28.090181","28.090181","28.090181","1.0","1.0"
"IND_S3_20260414_I040","India","2026-04-14 05:09:13+00:00","29.061134","72.14093","Medium","180","0.3877503124004978","1","28.02366","28.02366","28.02366","1.0","1.0"
"IND_S3_20260414_I036","India","2026-04-14 05:09:13+00:00","29.590893","77.48886","Medium","180","0.3731260010273404","1","23.6918","23.6918","23.6918","1.0","1.0"
"IND_S3_20260414_I047","India","2026-04-14 05:09:13+00:00","25.321323","75.773636","Medium","180","0.371547546691076","1","23.264753","23.264753","23.264753","1.0","1.0"
"IND_S3_20260414_I049","India","2026-04-14 05:09:13+00:00","25.40668","73.281586","Medium","180","0.3561778274368942","1","19.473795","19.473795","19.473795","1.0","1.0"
"IND_S3_20260414_I054","India","2026-04-14 05:09:13+00:00","24.626652","74.63524","Medium","180","0.328997659672008","1","15.746735","15.746735","15.746735","0.97","1.0"
"IND_S3_20260414_I052","India","2026-04-14 05:09:13+00:00","24.58935","74.923355","Medium","180","0.3085885340538409","1","15.306693","15.306693","15.306693","0.91","1.0"
"IND_S3_20260414_I042","India","2026-04-14 05:09:13+00:00","28.793482","70.15092","Medium","180","0.3036024269414973","1","33.201496","33.201496","33.201496","0.67","1.0"
"IND_S3_20260414_C005","India","2026-04-14 05:14:13+00:00","23.735458","77.4262672","Medium","180","0.512458311919257","5","22.0797932","39.32983","110.398966","0.996","5.353819070309641"
"IND_S3_20260414_C012","India","2026-04-14 05:14:13+00:00","23.048437","75.88726900000002","Medium","180","0.507447664251424","5","22.3222768","38.736774","111.611384","0.98","8.105563847352572"
"IND_S3_20260414_I134","India","2026-04-14 05:14:13+00:00","22.476334","70.63722","Medium","180","0.4422643333171756","1","52.018772","52.018772","52.018772","1.0","1.0"
"IND_S3_20260414_I079","India","2026-04-14 05:14:13+00:00","23.45728","76.93503","Medium","180","0.4291781020084114","1","44.878933","44.878933","44.878933","1.0","1.0"
"IND_S3_20260414_C014","India","2026-04-14 05:14:13+00:00","21.258092","79.26985","Medium","180","0.4276189696248149","3","19.620493666666665","28.374052","58.861481","0.9166666666666666","3.6117827474179554"
"IND_S3_20260414_I137","India","2026-04-14 05:14:13+00:00","21.917646","72.03739","Medium","180","0.4254809488769203","1","43.041924","43.041924","43.041924","1.0","1.0"
"IND_S3_20260414_I112","India","2026-04-14 05:14:13+00:00","22.75384","75.678764","Medium","180","0.4247434470360705","1","42.684376","42.684376","42.684376","1.0","1.0"
"IND_S3_20260414_I103","India","2026-04-14 05:14:13+00:00","22.940962","75.65548","Medium","180","0.4180380227310296","1","39.56382","39.56382","39.56382","1.0","1.0"
"IND_S3_20260414_I095","India","2026-04-14 05:14:13+00:00","22.95036","76.89424","Medium","180","0.4155492186863368","1","38.463184","38.463184","38.463184","1.0","1.0"
"IND_S3_20260414_I060","India","2026-04-14 05:14:13+00:00","24.13676","75.87882","Medium","180","0.4146819456811994","1","38.086704","38.086704","38.086704","1.0","1.0"
"IND_S3_20260414_I161","India","2026-04-14 05:14:13+00:00","15.119238","76.58319","Medium","180","0.412745883648102","1","41.260757","41.260757","41.260757","0.97","1.0"
"IND_S3_20260414_I091","India","2026-04-14 05:14:13+00:00","23.162394","76.280945","Medium","180","0.4114689987267756","1","36.723007","36.723007","36.723007","1.0","1.0"
"IND_S3_20260414_C008","India","2026-04-14 05:14:13+00:00","23.56041133333333","75.87076","Medium","180","0.410920418065548","3","16.804490666666666","24.264296","50.413472","0.9066666666666666","7.326214286532793"
"IND_S3_20260414_I113","India","2026-04-14 05:14:13+00:00","22.638935","76.16621","Medium","180","0.4101101731597163","1","36.160683","36.160683","36.160683","1.0","1.0"
"IND_S3_20260414_I092","India","2026-04-14 05:14:13+00:00","23.38064","75.2309","Medium","180","0.4059649978461556","1","34.496544","34.496544","34.496544","1.0","1.0"
"IND_S3_20260414_I067","India","2026-04-14 05:14:13+00:00","24.062302","75.39198","Medium","180","0.4020039388091458","1","32.976","32.976","32.976","1.0","1.0"
"IND_S3_20260414_I130","India","2026-04-14 05:14:13+00:00","23.064955","69.07415","Medium","180","0.3969009011966616","1","31.112692","31.112692","31.112692","1.0","1.0"
"IND_S3_20260414_I115","India","2026-04-14 05:14:13+00:00","22.430635","76.07252","Medium","180","0.3960612504000897","1","30.816048","30.816048","30.816048","1.0","1.0"
"IND_S3_20260414_I099","India","2026-04-14 05:14:13+00:00","22.90569","76.31703","Medium","180","0.3920208706065687","1","29.426476","29.426476","29.426476","1.0","1.0"
"IND_S3_20260414_I059","India","2026-04-14 05:14:13+00:00","24.44177","74.94772","Medium","180","0.390872274738684","1","29.042646","29.042646","29.042646","1.0","1.0"
"IND_S3_20260414_I074","India","2026-04-14 05:14:13+00:00","23.730635","76.151535","Medium","180","0.3904406756476269","1","28.899672","28.899672","28.899672","1.0","1.0"
"IND_S3_20260414_I119","India","2026-04-14 05:14:13+00:00","21.856386","77.988","Medium","180","0.3889415269334255","1","28.408321","28.408321","28.408321","1.0","1.0"
"IND_S3_20260414_I062","India","2026-04-14 05:14:13+00:00","23.311344","79.42609","Medium","180","0.3872949890315641","1","27.877962","27.877962","27.877962","1.0","1.0"
"IND_S3_20260414_I097","India","2026-04-14 05:14:13+00:00","22.97993","76.64357","Medium","180","0.3870859869931142","1","27.811329","27.811329","27.811329","1.0","1.0"
"IND_S3_20260414_I139","India","2026-04-14 05:14:13+00:00","21.623959","71.63744","Medium","180","0.381946772930089","1","26.220375","26.220375","26.220375","1.0","1.0"
"IND_S3_20260414_I096","India","2026-04-14 05:14:13+00:00","23.031637","76.420654","Medium","180","0.3804945447535144","1","25.786942","25.786942","25.786942","1.0","1.0"
"IND_S3_20260414_I100","India","2026-04-14 05:14:13+00:00","23.06096","75.54457","Medium","180","0.3783624193887115","1","25.16306","25.16306","25.16306","1.0","1.0"
"IND_S3_20260414_I068","India","2026-04-14 05:14:13+00:00","23.651718","76.97602","Medium","180","0.374851435663323","1","24.167215","24.167215","24.167215","1.0","1.0"
"IND_S3_20260414_I071","India","2026-04-14 05:14:13+00:00","23.740602","76.37917","Medium","180","0.373662196517148","1","23.83857","23.83857","23.83857","1.0","1.0"
"IND_S3_20260414_I109","India","2026-04-14 05:14:13+00:00","22.909267","75.26437","Medium","180","0.3689579620558925","1","22.580086","22.580086","22.580086","1.0","1.0"
"IND_S3_20260414_I132","India","2026-04-14 05:14:13+00:00","22.329742","72.119965","Medium","180","0.3661632992409958","1","21.862856","21.862856","21.862856","1.0","1.0"
"IND_S3_20260414_I057","India","2026-04-14 05:14:13+00:00","24.852953","73.33477","Medium","180","0.3612863020169311","1","20.663069","20.663069","20.663069","1.0","1.0"
"IND_S3_20260414_I066","India","2026-04-14 05:14:13+00:00","24.038074","75.558586","Medium","180","0.3598901004805344","1","20.331331","20.331331","20.331331","1.0","1.0"
"IND_S3_20260414_I123","India","2026-04-14 05:14:13+00:00","22.114523","76.28754","Medium","180","0.3578255584710736","1","19.850082","19.850082","19.850082","1.0","1.0"
"IND_S3_20260414_I076","India","2026-04-14 05:14:13+00:00","23.420574","77.31147","Medium","180","0.3569152461149097","1","19.64135","19.64135","19.64135","1.0","1.0"
"IND_S3_20260414_I085","India","2026-04-14 05:14:13+00:00","23.42704","75.66752","Medium","180","0.3567677331505262","1","19.607723","19.607723","19.607723","1.0","1.0"
"IND_S3_20260414_I141","India","2026-04-14 05:14:13+00:00","21.5666","71.34893","Medium","180","0.3562552688732266","1","19.491327","19.491327","19.491327","1.0","1.0"
"IND_S3_20260414_I093","India","2026-04-14 05:14:13+00:00","23.329023","75.49083","Medium","180","0.35578954738964","1","19.386118","19.386118","19.386118","1.0","1.0"
"IND_S3_20260414_I107","India","2026-04-14 05:14:13+00:00","22.907963","75.415085","Medium","180","0.3553922970628045","1","19.296804","19.296804","19.296804","1.0","1.0"
"IND_S3_20260414_I125","India","2026-04-14 05:14:13+00:00","21.871914","77.25956","Medium","180","0.3538823295078631","1","18.960873","18.960873","18.960873","1.0","1.0"
"IND_S3_20260414_I064","India","2026-04-14 05:14:13+00:00","23.834896","76.889305","Medium","180","0.3517251143522786","1","18.490568","18.490568","18.490568","1.0","1.0"
"IND_S3_20260414_I129","India","2026-04-14 05:14:13+00:00","21.219196","78.25026","Medium","180","0.3480168404505552","1","17.707859","17.707859","17.707859","1.0","1.0"
"IND_S3_20260414_I144","India","2026-04-14 05:14:13+00:00","19.581806","77.19264","Medium","180","0.3404061558570878","1","16.77837","16.77837","16.77837","0.99","1.0"
"IND_S3_20260414_I077","India","2026-04-14 05:14:13+00:00","23.737368","75.84776","Medium","180","0.3402378585873414","1","17.343603","17.343603","17.343603","0.98","1.0"
"IND_S3_20260414_I105","India","2026-04-14 05:14:13+00:00","22.642834","76.78389","Medium","180","0.3378087391941898","1","15.7118025","15.7118025","15.7118025","1.0","1.0"
"IND_S3_20260414_I104","India","2026-04-14 05:14:13+00:00","22.84162","75.97422","Medium","180","0.3340494849074882","1","16.130865","16.130865","16.130865","0.98","1.0"
"IND_S3_20260414_I058","India","2026-04-14 05:14:13+00:00","23.986748","77.06484","Medium","180","0.333766833343864","1","15.520453","15.520453","15.520453","0.99","1.0"
"IND_S3_20260414_I140","India","2026-04-14 05:14:13+00:00","21.774181","70.591415","Medium","180","0.331172135571799","1","16.154104","16.154104","16.154104","0.97","1.0"
"IND_S3_20260414_I083","India","2026-04-14 05:14:13+00:00","23.514542","75.58835","Medium","180","0.3300927942476733","1","14.345651","14.345651","14.345651","1.0","1.0"
"IND_S3_20260414_I135","India","2026-04-14 05:14:13+00:00","22.18609","72.055115","Medium","180","0.3295684552463618","1","14.771353","14.771353","14.771353","0.99","1.0"
"IND_S3_20260414_I126","India","2026-04-14 05:14:13+00:00","21.987698","76.17279","Medium","180","0.3262417106836155","1","14.201973","14.201973","14.201973","0.99","1.0"
"IND_S3_20260414_I075","India","2026-04-14 05:14:13+00:00","23.640213","76.58988","Medium","180","0.3186992189502183","1","14.448854","14.448854","14.448854","0.96","1.0"
"IND_S3_20260414_I086","India","2026-04-14 05:14:13+00:00","23.215155","76.612366","Medium","180","0.3184096319382118","1","14.399485","14.399485","14.399485","0.96","1.0"
"IND_S3_20260414_I090","India","2026-04-14 05:14:13+00:00","23.463722","75.191124","Medium","180","0.3178357479826708","1","15.902585","15.902585","15.902585","0.93","1.0"
"IND_S3_20260414_I142","India","2026-04-14 05:14:13+00:00","21.612036","69.9443","Medium","180","0.3144069455170127","1","15.822665","15.822665","15.822665","0.92","1.0"
"IND_S3_20260414_I120","India","2026-04-14 05:14:13+00:00","21.918835","77.34751","Medium","180","0.306449961822012","1","14.406351","14.406351","14.406351","0.92","1.0"
"IND_S3_20260414_I148","India","2026-04-14 05:14:13+00:00","19.215225","76.54088","Medium","180","0.3059217611148651","1","15.366863","15.366863","15.366863","0.9","1.0"
"IND_S3_20260414_I152","India","2026-04-14 05:14:13+00:00","19.464457","74.81197","Medium","180","0.3058974295250751","1","15.362462","15.362462","15.362462","0.9","1.0"
"IND_S3_20260414_I138","India","2026-04-14 05:14:13+00:00","20.535027","77.55911","Medium","180","0.3042985307217745","1","13.553651","13.553651","13.553651","0.93","1.0"
"IND_S3_20260414_I127","India","2026-04-14 05:14:13+00:00","21.28939","78.50648","Medium","180","0.3005688380214087","1","15.484339","15.484339","15.484339","0.88","1.0"
"IND_S3_20260414_I102","India","2026-04-14 05:14:13+00:00","23.680931","72.108925","Medium","180","0.3004242022913318","1","14.921233","14.921233","14.921233","0.89","1.0"
"IND_S3_20260414_I307","India","2026-04-14 15:40:11+00:00","21.049387","93.16816","Medium","180","0.3679397955960715","1","22.316212","22.316212","22.316212","1.0","1.0"
"IND_S3_20260414_I304","India","2026-04-14 15:40:11+00:00","18.69661","94.38012","Medium","180","0.3394466136284126","1","16.017094","16.017094","16.017094","1.0","1.0"
"IND_S3_20260414_I301","India","2026-04-14 15:40:11+00:00","16.557241","94.83008","Medium","180","0.3374118417045289","1","15.638651","15.638651","15.638651","1.0","1.0"
"IND_S3_20260414_I168","India","2026-04-14 16:18:21+00:00","19.58406","80.70738","Medium","180","0.3079945577164198","1","11.0201435","11.0201435","11.0201435","1.0","1.0"
"IND_S3_20260414_C029","India","2026-04-14 16:23:21+00:00","23.862213333333333","77.20545866666667","Medium","180","0.4601724927356568","3","22.228527666666665","29.760853","66.685583","1.0","1.0"
"IND_S3_20260414_C021","India","2026-04-14 16:23:21+00:00","22.03028525","79.3705675","Medium","180","0.4587558246494507","4","18.50910375","28.371782","74.036415","0.9525","6.1864809836824834"
"IND_S3_20260414_C023","India","2026-04-14 16:23:21+00:00","23.176062","77.6245155","Medium","180","0.4556503389894449","4","17.346147000000002","25.925814","69.38458800000001","0.965","1.0"
"IND_S3_20260414_C031","India","2026-04-14 16:23:21+00:00","24.562838666666664","78.099304","Medium","180","0.4535757975573963","3","22.091955666666667","25.839624","66.275867","1.0","1.0"
"IND_S3_20260414_C022","India","2026-04-14 16:23:21+00:00","23.15547375","78.0140275","Medium","180","0.452287422068077","4","17.08842275","19.255219","68.353691","1.0","5.438143288657227"
"IND_S3_20260414_I173","India","2026-04-14 16:23:21+00:00","22.511187","77.216805","Medium","180","0.4482336167655757","1","55.634796","55.634796","55.634796","1.0","1.0"
"IND_S3_20260414_I190","India","2026-04-14 16:23:21+00:00","24.995823","77.29323","Medium","180","0.4287819966108319","1","44.67851","44.67851","44.67851","1.0","1.0"
"IND_S3_20260414_I177","India","2026-04-14 16:23:21+00:00","23.483782","78.06061","Medium","180","0.4140665488654959","1","37.821743","37.821743","37.821743","1.0","1.0"
"IND_S3_20260414_C027","India","2026-04-14 16:23:21+00:00","23.325520500000003","75.74503250000001","Medium","180","0.4022883396007601","4","17.225884","37.57788","68.903536","0.7324999999999999","2.427614309881436"
"IND_S3_20260414_I184","India","2026-04-14 16:23:21+00:00","23.811762","76.66656","Medium","180","0.3709970945589103","1","23.117573","23.117573","23.117573","1.0","1.0"
"IND_S3_20260414_I186","India","2026-04-14 16:23:21+00:00","23.675716","75.6226","Medium","180","0.3639449990185972","1","21.309109","21.309109","21.309109","1.0","1.0"
"IND_S3_20260414_I175","India","2026-04-14 16:23:21+00:00","23.078989","77.48315","Medium","180","0.3627239475521252","1","21.010046","21.010046","21.010046","1.0","1.0"
"IND_S3_20260414_I194","India","2026-04-14 16:23:21+00:00","25.394464","76.67162","Medium","180","0.3534938421689331","1","18.875347","18.875347","18.875347","1.0","1.0"
"IND_S3_20260414_I171","India","2026-04-14 16:23:21+00:00","22.38199","79.57008","Medium","180","0.3443203241659046","1","16.958916","16.958916","16.958916","1.0","1.0"
"IND_S3_20260414_I191","India","2026-04-14 16:23:21+00:00","25.022745","77.121826","Medium","180","0.3394278065659176","1","16.013557","16.013557","16.013557","1.0","1.0"
"IND_S3_20260414_I169","India","2026-04-14 16:23:21+00:00","21.75487","83.84236","Medium","180","0.3384350042528656","1","15.827883","15.827883","15.827883","1.0","1.0"
"IND_S3_20260414_I174","India","2026-04-14 16:23:21+00:00","22.458168","76.802574","Medium","180","0.3321982250587165","1","14.706947","14.706947","14.706947","1.0","1.0"
"IND_S3_20260414_I181","India","2026-04-14 16:23:21+00:00","24.058447","78.22363","Medium","180","0.3191241650803461","1","12.59358","12.59358","12.59358","1.0","1.0"
"IND_S3_20260414_I172","India","2026-04-14 16:23:21+00:00","22.44839","79.74487","Medium","180","0.3166555447108681","1","12.22769","12.22769","12.22769","1.0","1.0"
"IND_S3_20260414_I180","India","2026-04-14 16:23:21+00:00","23.29364","76.05889","Medium","180","0.3111253251268317","1","13.687258","13.687258","13.687258","0.95","1.0"
"IND_S3_20260414_I179","India","2026-04-14 16:23:21+00:00","23.43531","77.10873","Medium","180","0.303265084298748","1","12.465116","12.465116","12.465116","0.95","1.0"
"IND_S3_20260415_C033","India","2026-04-15 04:08:23+00:00","23.496798","93.86559975","Medium","180","0.5773317975692169","4","146.04355175","532.55347","584.174207","0.5974999999999999","6.388509793016956"
"IND_S3_20260415_C035","India","2026-04-15 04:08:23+00:00","23.436538","93.5064675","Medium","180","0.4722302574491007","4","36.704589625","81.796036","146.81835850000002","0.7375","1.0"
"IND_S3_20260415_I235","India","2026-04-15 04:08:23+00:00","21.635408","93.78028","Medium","180","0.4698156262342869","1","70.892075","70.892075","70.892075","1.0","1.0"
"IND_S3_20260415_C034","India","2026-04-15 04:08:23+00:00","25.03161266666667","85.75708200000001","Medium","180","0.419731907112856","3","21.71102666666667","22.539736","65.13308","0.91","2.6374323810641163"
"IND_S3_20260415_I245","India","2026-04-15 04:08:23+00:00","18.823137","94.93995","Medium","180","0.4143143317569528","1","37.92821","37.92821","37.92821","1.0","1.0"
"IND_S3_20260415_I227","India","2026-04-15 04:08:23+00:00","23.015156","93.588646","Medium","180","0.4062494528210208","1","34.608322","34.608322","34.608322","1.0","1.0"
"IND_S3_20260415_C036","India","2026-04-15 04:08:23+00:00","22.67480933333333","93.90537333333332","Medium","180","0.4022996909779803","3","42.353708000000005","99.67878","127.061124","0.5299999999999999","1.0"
"IND_S3_20260415_C030","India","2026-04-15 04:08:23+00:00","22.92114966666667","93.92097","Medium","180","0.383310247026397","3","19.258507","27.438652","57.775521","0.7766666666666667","4.972577818365442"
"IND_S3_20260415_C037","India","2026-04-15 04:08:23+00:00","22.35377875","93.7883825","Medium","180","0.378808414245991","4","15.23784","21.556232","60.95136","0.755","2.694141751452782"
"IND_S3_20260415_I221","India","2026-04-15 04:08:23+00:00","25.246613","85.36401","Medium","180","0.306226603205492","1","34.208023","34.208023","34.208023","0.67","1.0"
"IND_S3_20260415_I242","India","2026-04-15 04:08:23+00:00","20.963058","93.86085","Medium","180","0.3003212407959825","1","19.734184","19.734184","19.734184","0.81","1.0"
"IND_S3_20260415_C004","India","2026-04-15 04:42:41+00:00","27.047676625","82.782545875","Medium","180","0.5630534412368836","16","18.88337475","29.08425","302.133996","0.900625","19.053828025061893"
"IND_S3_20260415_C002","India","2026-04-15 04:42:41+00:00","27.38896722222222","82.87601211111111","Medium","180","0.4976130910654103","9","16.06291838888889","31.011839","144.5662655","0.8633333333333333","6.813938953343555"
"IND_S3_20260415_C005","India","2026-04-15 04:42:41+00:00","26.39393257142857","83.61360657142858","Medium","180","0.4723913526081148","7","14.429629571428572","19.247135","101.007407","0.9371428571428572","12.868551471119329"
"IND_S3_20260415_I019","India","2026-04-15 04:42:41+00:00","27.418036","83.14385","Medium","180","0.4105427714301929","1","36.33879","36.33879","36.33879","1.0","1.0"
"IND_S3_20260415_I007","India","2026-04-15 04:42:41+00:00","28.5214","80.563545","Medium","180","0.4091812883452551","1","35.781113","35.781113","35.781113","1.0","1.0"
"IND_S3_20260415_C001","India","2026-04-15 04:42:41+00:00","27.35884225","83.3849735","Medium","180","0.3963559392088173","4","14.80242525","23.482744","59.209701","0.8049999999999999","5.336571970517511"
"IND_S3_20260415_I022","India","2026-04-15 04:42:41+00:00","27.854143","80.10171","Medium","180","0.3726621931184144","1","23.565544","23.565544","23.565544","1.0","1.0"
"IND_S3_20260415_I023","India","2026-04-15 04:42:41+00:00","27.21282","82.61888","Medium","180","0.3685041133227941","1","22.462097","22.462097","22.462097","1.0","1.0"
"IND_S3_20260415_I025","India","2026-04-15 04:42:41+00:00","27.940662","77.67393","Medium","180","0.3674861968546683","1","22.981768","22.981768","22.981768","0.99","1.0"
"IND_S3_20260415_I016","India","2026-04-15 04:42:41+00:00","28.079273","80.63301","Medium","180","0.3142918045033995","1","16.367714","16.367714","16.367714","0.91","1.0"
"IND_S3_20260415_I021","India","2026-04-15 04:42:41+00:00","27.249275","83.277016","Medium","180","0.3066941143550643","1","15.50718","15.50718","15.50718","0.9","1.0"
"IND_S3_20260415_C016","India","2026-04-15 04:47:41+00:00","21.279025043478267","79.31903686956521","Medium","180","0.5909389841116417","23","26.143033739130427","69.62539","601.2897759999998","0.7069565217391305","15.091876557413066"
"IND_S3_20260415_C017","India","2026-04-15 04:47:41+00:00","19.601356666666664","80.89214377777779","Medium","180","0.5584304197708965","9","29.329824666666664","132.92357","263.968422","0.7566666666666666","14.362835441288064"
"IND_S3_20260415_C014","India","2026-04-15 04:47:41+00:00","22.411391","79.61432466666666","Medium","180","0.5556150744354229","3","53.50399133333334","104.31635","160.511974","1.0","5.007063455031634"
"IND_S3_20260415_C028","India","2026-04-15 04:47:41+00:00","11.449162045454546","76.56696145454545","Medium","180","0.5318169790526579","11","32.55161204545455","118.34829","358.06773250000003","0.6127272727272728","8.292350435084732"
"IND_S3_20260415_C024","India","2026-04-15 04:47:41+00:00","15.5441426","78.756654","Medium","180","0.5212998862140242","5","102.58740859999996","178.39888","512.9370429999999","0.5700000000000001","6.042920802598058"
"IND_S3_20260415_C027","India","2026-04-15 04:47:41+00:00","13.929805571428572","79.11837200000001","Medium","180","0.5009293395084872","7","27.99841478571429","94.45252","195.9889035","0.6957142857142856","7.474014419837674"
"IND_S3_20260415_I062","India","2026-04-15 04:47:41+00:00","24.234488","79.40537","Medium","180","0.4958065332931516","1","94.816925","94.816925","94.816925","1.0","1.0"
"IND_S3_20260415_I088","India","2026-04-15 04:47:41+00:00","23.368711","77.8205","Medium","180","0.488140456350859","1","87.03262","87.03262","87.03262","1.0","1.0"
"IND_S3_20260415_C019","India","2026-04-15 04:47:41+00:00","19.37758075","80.9179455","Medium","180","0.4782846959999197","8","19.964825375","55.641872","159.718603","0.7125","11.34450889055358"
"IND_S3_20260415_I059","India","2026-04-15 04:47:41+00:00","24.839058","76.493675","Medium","180","0.4695058636900832","1","70.646355","70.646355","70.646355","1.0","1.0"
"IND_S3_20260415_I102","India","2026-04-15 04:47:41+00:00","22.546986","79.84276","Medium","180","0.4640169992635605","1","66.42897","66.42897","66.42897","1.0","1.0"
"IND_S3_20260415_I094","India","2026-04-15 04:47:41+00:00","23.661634","75.74563","Medium","180","0.4605737250240395","1","63.91098","63.91098","63.91098","1.0","1.0"
"IND_S3_20260415_I065","India","2026-04-15 04:47:41+00:00","24.612906","76.21902","Medium","180","0.4566967188729877","1","61.188175","61.188175","61.188175","1.0","1.0"
"IND_S3_20260415_I091","India","2026-04-15 04:47:41+00:00","23.723017","75.52573","Medium","180","0.4556656547316524","1","60.48349","60.48349","60.48349","1.0","1.0"
"IND_S3_20260415_I100","India","2026-04-15 04:47:41+00:00","23.168055","76.834114","Medium","180","0.4549615935321914","1","60.00689","60.00689","60.00689","1.0","1.0"
"IND_S3_20260415_C025","India","2026-04-15 04:47:41+00:00","15.00311875","78.6166785","Medium","180","0.4531960572132996","4","20.1300665","32.815174","80.520266","0.8999999999999999","5.486778090789727"
"IND_S3_20260415_I174","India","2026-04-15 04:47:41+00:00","9.293045","76.4278","Medium","180","0.4519113033004978","1","57.984367","57.984367","57.984367","1.0","1.0"
"IND_S3_20260415_C029","India","2026-04-15 04:47:41+00:00","10.2493184","77.27713800000001","Medium","180","0.4487869524814737","5","20.748949600000003","29.113987","103.74474800000002","0.8379999999999999","7.783052954801551"
"IND_S3_20260415_I147","India","2026-04-15 04:47:41+00:00","17.659307","82.236885","Medium","180","0.4474557953376072","1","55.149986","55.149986","55.149986","1.0","1.0"
"IND_S3_20260415_C026","India","2026-04-15 04:47:41+00:00","14.5147268","78.953669","Medium","180","0.4463673412704206","5","21.3210056","37.492455","106.605028","0.788","3.705868911136064"
"IND_S3_20260415_C007","India","2026-04-15 04:47:41+00:00","25.499289333333333","76.634435","Medium","180","0.4328979791925403","3","20.49897933333333","23.92701","61.496938","0.9533333333333333","3.777474758443528"
"IND_S3_20260415_I057","India","2026-04-15 04:47:41+00:00","24.423758","79.01428","Medium","180","0.4316558153593017","1","46.152725","46.152725","46.152725","1.0","1.0"
"IND_S3_20260415_C020","India","2026-04-15 04:47:41+00:00","19.250031","81.02346666666666","Medium","180","0.4248918529798513","3","20.517157333333333","28.587555","61.551472","0.9","4.432432993404636"
"IND_S3_20260415_I064","India","2026-04-15 04:47:41+00:00","24.73895","76.565544","Medium","180","0.424790877175942","1","42.707283","42.707283","42.707283","1.0","1.0"
"IND_S3_20260415_C022","India","2026-04-15 04:47:41+00:00","16.13494875","78.527845","Medium","180","0.4042815097741028","4","28.408603","37.953255","113.634412","0.665","1.0652658366797705"
"IND_S3_20260415_C023","India","2026-04-15 04:47:41+00:00","15.67528483333333","79.01034366666667","Medium","180","0.4027868742669052","3","17.430378333333334","19.493385","52.291135","0.9066666666666666","1.0"
"IND_S3_20260415_I047","India","2026-04-15 04:47:41+00:00","24.840391","78.29666","Medium","180","0.4016600657044838","1","32.84711","32.84711","32.84711","1.0","1.0"
"IND_S3_20260415_I050","India","2026-04-15 04:47:41+00:00","25.1534","76.352905","Medium","180","0.4009578680799224","1","32.58543","32.58543","32.58543","1.0","1.0"
"IND_S3_20260415_I111","India","2026-04-15 04:47:41+00:00","22.941729","75.24903","Medium","180","0.4006538810040527","1","32.472775","32.472775","32.472775","1.0","1.0"
"IND_S3_20260415_I078","India","2026-04-15 04:47:41+00:00","23.613918","78.696724","Medium","180","0.4004107018262222","1","32.382927","32.382927","32.382927","1.0","1.0"
"IND_S3_20260415_I096","India","2026-04-15 04:47:41+00:00","23.333439","77.45057","Medium","180","0.3971144337912679","1","31.188572","31.188572","31.188572","1.0","1.0"
"IND_S3_20260415_C018","India","2026-04-15 04:47:41+00:00","19.565600250000003","80.6966465","Medium","180","0.3964031294196343","4","16.841357249999998","29.500109","67.36542899999999","0.7525","7.437894375185494"
"IND_S3_20260415_I163","India","2026-04-15 04:47:41+00:00","15.563187","77.69742","Medium","180","0.3960219764150082","1","30.80224","30.80224","30.80224","1.0","1.0"
"IND_S3_20260415_I086","India","2026-04-15 04:47:41+00:00","23.224882","78.6862","Medium","180","0.3957219789011806","1","30.696964","30.696964","30.696964","1.0","1.0"
"IND_S3_20260415_I171","India","2026-04-15 04:47:41+00:00","14.032783","79.05152","Medium","180","0.3942528860130144","1","30.186436","30.186436","30.186436","1.0","1.0"
"IND_S3_20260415_I054","India","2026-04-15 04:47:41+00:00","24.920132","77.09526","Medium","180","0.3938231272220911","1","30.03865","30.03865","30.03865","1.0","1.0"
"IND_S3_20260415_C013","India","2026-04-15 04:47:41+00:00","23.320776","76.51306550000001","Medium","180","0.3920911165276597","4","41.98223825","59.22795","167.928953","0.5","2.6451856180046662"
"IND_S3_20260415_I077","India","2026-04-15 04:47:41+00:00","23.565996","78.96953","Medium","180","0.3881095894401154","1","28.139143","28.139143","28.139143","1.0","1.0"
"IND_S3_20260415_I079","India","2026-04-15 04:47:41+00:00","23.808031","77.47032","Medium","180","0.3843309044235351","1","26.947205","26.947205","26.947205","1.0","1.0"
"IND_S3_20260415_C011","India","2026-04-15 04:47:41+00:00","23.6282725","77.90833566666667","Medium","180","0.3836041686735911","6","16.383762166666667","21.934437","98.302573","0.6466666666666666","13.25781896799385"
"IND_S3_20260415_I072","India","2026-04-15 04:47:41+00:00","23.61745","79.63405","Medium","180","0.3830304923303484","1","26.548386","26.548386","26.548386","1.0","1.0"
"IND_S3_20260415_I154","India","2026-04-15 04:47:41+00:00","17.925945","74.7614","Medium","180","0.3821240125311689","1","26.273752","26.273752","26.273752","1.0","1.0"
"IND_S3_20260415_I116","India","2026-04-15 04:47:41+00:00","22.769758","75.33291","Medium","180","0.3798701302812243","1","25.602707","25.602707","25.602707","1.0","1.0"
"IND_S3_20260415_I173","India","2026-04-15 04:47:41+00:00","9.501524","76.34491","Medium","180","0.3777988840895262","1","25.8772","25.8772","25.8772","0.99","1.0"
"IND_S3_20260415_I101","India","2026-04-15 04:47:41+00:00","23.050661","77.388885","Medium","180","0.3730743290673711","1","23.677702","23.677702","23.677702","1.0","1.0"
"IND_S3_20260415_I049","India","2026-04-15 04:47:41+00:00","25.018803","77.250916","Medium","180","0.3709484108900467","1","23.104599","23.104599","23.104599","1.0","1.0"
"IND_S3_20260415_I117","India","2026-04-15 04:47:41+00:00","22.64847","75.41991","Medium","180","0.3707918069411424","1","23.062912","23.062912","23.062912","1.0","1.0"
"IND_S3_20260415_I092","India","2026-04-15 04:47:41+00:00","23.439386","77.06102","Medium","180","0.3704881812397433","1","22.982294","22.982294","22.982294","1.0","1.0"
"IND_S3_20260415_I067","India","2026-04-15 04:47:41+00:00","23.910673","78.917816","Medium","180","0.3693123723360804","1","22.672636","22.672636","22.672636","1.0","1.0"
"IND_S3_20260415_C009","India","2026-04-15 04:47:41+00:00","24.2039394","77.43400640000002","Medium","180","0.3688576686943488","5","22.8615722","53.38755","114.307861","0.466","3.587505467175"
"IND_S3_20260415_I131","India","2026-04-15 04:47:41+00:00","19.45822","80.837944","Medium","180","0.3680874223683092","1","22.354288","22.354288","22.354288","1.0","1.0"
"IND_S3_20260415_I141","India","2026-04-15 04:47:41+00:00","18.697687","80.4008","Medium","180","0.3655587659369613","1","21.7106","21.7106","21.7106","1.0","1.0"
"IND_S3_20260415_I118","India","2026-04-15 04:47:41+00:00","22.21989","77.26636","Medium","180","0.3635492022583693","1","21.211727","21.211727","21.211727","1.0","1.0"
"IND_S3_20260415_I164","India","2026-04-15 04:47:41+00:00","15.320638","78.835205","Medium","180","0.3624051686281968","1","20.932632","20.932632","20.932632","1.0","1.0"
"IND_S3_20260415_I127","India","2026-04-15 04:47:41+00:00","20.348675","78.82566","Medium","180","0.3618731722256399","1","20.804045","20.804045","20.804045","1.0","1.0"
"IND_S3_20260415_I098","India","2026-04-15 04:47:41+00:00","23.22079","77.7067","Medium","180","0.3615995059248711","1","20.738192","20.738192","20.738192","1.0","1.0"
"IND_S3_20260415_I043","India","2026-04-15 04:47:41+00:00","24.113773","83.42071","Medium","180","0.3609604087379964","1","20.585178","20.585178","20.585178","1.0","1.0"
"IND_S3_20260415_I107","India","2026-04-15 04:47:41+00:00","22.389006","79.75379","Medium","180","0.3572112825474487","1","19.709","19.709","19.709","1.0","1.0"
"IND_S3_20260415_I149","India","2026-04-15 04:47:41+00:00","17.801918","80.7434","Medium","180","0.3546880282464639","1","21.99584","21.99584","21.99584","0.96","1.0"
"IND_S3_20260415_I037","India","2026-04-15 04:47:41+00:00","25.303736","79.35818","Medium","180","0.353781468460725","1","18.938633","18.938633","18.938633","1.0","1.0"
"IND_S3_20260415_I083","India","2026-04-15 04:47:41+00:00","22.165596","84.684944","Medium","180","0.3497794597295476","1","25.57606","25.57606","25.57606","0.9","1.0"
"IND_S3_20260415_I038","India","2026-04-15 04:47:41+00:00","25.299015","79.068634","Medium","180","0.3495052995005702","1","18.659367","18.659367","18.659367","0.99","1.0"
"IND_S3_20260415_I120","India","2026-04-15 04:47:41+00:00","22.004364","77.13809","Medium","180","0.3474543700914946","1","17.591915","17.591915","17.591915","1.0","1.0"
"IND_S3_20260415_I097","India","2026-04-15 04:47:41+00:00","23.43302","76.560234","Medium","180","0.3429218124487115","1","18.532988","18.532988","18.532988","0.97","1.0"
"IND_S3_20260415_I144","India","2026-04-15 04:47:41+00:00","18.303902","80.629295","Medium","180","0.3419909087951914","1","20.355112","20.355112","20.355112","0.94","1.0"
"IND_S3_20260415_I082","India","2026-04-15 04:47:41+00:00","23.325394","79.54527","Medium","180","0.3413290957606625","1","16.374874","16.374874","16.374874","1.0","1.0"
"IND_S3_20260415_I138","India","2026-04-15 04:47:41+00:00","19.547676","78.27156","Medium","180","0.3412385328228077","1","16.942688","16.942688","16.942688","0.99","1.0"
"IND_S3_20260415_I076","India","2026-04-15 04:47:41+00:00","23.483027","79.51931","Medium","180","0.3411654781816398","1","16.343481","16.343481","16.343481","1.0","1.0"
"IND_S3_20260415_C010","India","2026-04-15 04:47:41+00:00","23.6619965","79.02211875","Medium","180","0.3380232539173047","4","14.27631475","18.310423","57.105259","0.6525","1.0"
"IND_S3_20260415_I090","India","2026-04-15 04:47:41+00:00","23.52583","76.75692","Medium","180","0.3374181010846316","1","17.99986","17.99986","17.99986","0.96","1.0"
"IND_S3_20260415_I087","India","2026-04-15 04:47:41+00:00","23.349089","77.97682","Medium","180","0.3355160659117119","1","18.23184","18.23184","18.23184","0.95","1.0"
"IND_S3_20260415_I103","India","2026-04-15 04:47:41+00:00","23.337118","75.5596","Medium","180","0.3331495307657251","1","21.113823","21.113823","21.113823","0.9","1.0"
"IND_S3_20260415_I136","India","2026-04-15 04:47:41+00:00","19.702816","77.99943","Medium","180","0.3329054668162279","1","15.915615","15.915615","15.915615","0.98","1.0"
"IND_S3_20260415_I135","India","2026-04-15 04:47:41+00:00","19.33845","80.04156","Medium","180","0.3309005774099246","1","18.528404","18.528404","18.528404","0.93","1.0"
"IND_S3_20260415_C012","India","2026-04-15 04:47:41+00:00","23.44279","78.23263949999999","Medium","180","0.3296077055274701","4","24.907687000000003","35.567757","99.630748","0.445","1.8523384611672733"
"IND_S3_20260415_I124","India","2026-04-15 04:47:41+00:00","21.489614","77.37229","Medium","180","0.3260859841321226","1","18.140636","18.140636","18.140636","0.92","1.0"
"IND_S3_20260415_I132","India","2026-04-15 04:47:41+00:00","20.19084","77.22422","Medium","180","0.3233778557080878","1","14.738163","14.738163","14.738163","0.97","1.0"
"IND_S3_20260415_I129","India","2026-04-15 04:47:41+00:00","20.392866","78.15419","Medium","180","0.3210623914803501","1","13.840168","13.840168","13.840168","0.98","1.0"
"IND_S3_20260415_I032","India","2026-04-15 04:47:41+00:00","24.975473","83.69245","Medium","180","0.320542254866091","1","15.847843","15.847843","15.847843","0.94","1.0"
"IND_S3_20260415_I045","India","2026-04-15 04:47:41+00:00","25.284311","76.811584","Medium","180","0.3202107430573152","1","18.167048","18.167048","18.167048","0.9","1.0"
"IND_S3_20260415_I165","India","2026-04-15 04:47:41+00:00","15.07567","78.41956","Medium","180","0.3201875157523559","1","16.347706","16.347706","16.347706","0.93","1.0"
"IND_S3_20260415_I055","India","2026-04-15 04:47:41+00:00","25.061028","76.07235","Medium","180","0.3198343134224997","1","20.083853","20.083853","20.083853","0.87","1.0"
"IND_S3_20260415_I034","India","2026-04-15 04:47:41+00:00","25.114298","81.50221","Medium","180","0.3136764602196206","1","14.616626","14.616626","14.616626","0.94","1.0"
"IND_S3_20260415_I070","India","2026-04-15 04:47:41+00:00","24.531813","74.82764","Medium","180","0.312938487343029","1","19.876123","19.876123","19.876123","0.85","1.0"
"IND_S3_20260415_I121","India","2026-04-15 04:47:41+00:00","20.976961","81.743744","Medium","180","0.3101496739339044","1","15.590507","15.590507","15.590507","0.91","1.0"
"IND_S3_20260415_I109","India","2026-04-15 04:47:41+00:00","23.071432","75.19813","Medium","180","0.3082871141204708","1","31.608498","31.608498","31.608498","0.7","1.0"
"IND_S3_20260415_C008","India","2026-04-15 04:47:41+00:00","24.286660666666663","78.25425666666666","Medium","180","0.3081397190274741","3","30.267803","39.301575","90.803409","0.4066666666666667","5.555770196014996"
"IND_S3_20260415_I042","India","2026-04-15 04:47:41+00:00","25.17293","79.11774","Medium","180","0.3077989098913107","1","15.709987","15.709987","15.709987","0.9","1.0"
"IND_S3_20260415_I143","India","2026-04-15 04:47:41+00:00","18.054695","81.88476","Medium","180","0.3057752358960255","1","19.609432","19.609432","19.609432","0.83","1.0"
"IND_S3_20260415_I128","India","2026-04-15 04:47:41+00:00","20.585436","77.53508","Medium","180","0.3048900048589276","1","12.709134","12.709134","12.709134","0.95","1.0"
"IND_S3_20260415_I161","India","2026-04-15 04:47:41+00:00","15.716337","78.40789","Medium","180","0.3028226175017634","1","17.058897","17.058897","17.058897","0.86","1.0"
"IND_S3_20260415_I075","India","2026-04-15 04:47:41+00:00","23.599026","79.46031","Medium","180","0.3007340960084955","1","13.950755","13.950755","13.950755","0.91","1.0"
"IND_S3_20260415_I071","India","2026-04-15 04:47:41+00:00","24.0957","77.352264","Medium","180","0.3005399391342771","1","15.4790745","15.4790745","15.4790745","0.88","1.0"
"IND_S3_20260415_I085","India","2026-04-15 04:47:41+00:00","23.314821","78.6615","Medium","180","0.3004074558827702","1","13.411017","13.411017","13.411017","0.92","1.0"
"IND_S3_20260415_I250","India","2026-04-15 05:45:46+00:00","27.964737","68.97291","Medium","180","0.3878493156035011","1","28.055437","28.055437","28.055437","1.0","1.0"
"IND_S3_20260415_C039","India","2026-04-15 15:14:22+00:00","20.23911275","97.858105","Medium","180","0.5492318965192013","4","32.55146125","88.28943","130.205845","1.0","1.0"
"IND_S3_20260415_I257","India","2026-04-15 15:14:22+00:00","19.759892","97.751495","Medium","180","0.3323225244844391","1","14.728541","14.728541","14.728541","1.0","1.0"
"IND_S3_20260415_I255","India","2026-04-15 15:14:22+00:00","19.24359","97.953575","Medium","180","0.3169965960017892","1","12.277647","12.277647","12.277647","1.0","1.0"
"IND_S3_20260415_I260","India","2026-04-15 15:19:22+00:00","23.543346","96.13884","Medium","180","0.3644125272014502","1","21.42469","21.42469","21.42469","1.0","1.0"
"IND_S3_20260415_I187","India","2026-04-15 15:52:32+00:00","19.922173","93.99116","Medium","180","0.4335814368068721","1","47.16706","47.16706","47.16706","1.0","1.0"
"IND_S3_20260415_C031","India","2026-04-15 15:57:32+00:00","26.44608283333333","83.34182833333334","Medium","180","0.5387629633729472","6","22.89785483333333","47.788506","137.387129","0.9983333333333334","6.830166172588009"
"IND_S3_20260415_I192","India","2026-04-15 15:57:32+00:00","23.830322","82.75859","Medium","180","0.367442732714106","1","22.188465","22.188465","22.188465","1.0","1.0"
"IND_S3_20260415_I200","India","2026-04-15 15:57:32+00:00","28.656431","82.00152","Medium","180","0.3522307773891387","1","18.599806","18.599806","18.599806","1.0","1.0"
"IND_S3_20260415_I193","India","2026-04-15 15:57:32+00:00","26.482388","83.93557","Medium","180","0.3450617126353333","1","17.106684","17.106684","17.106684","1.0","1.0"
"IND_S3_20260415_I195","India","2026-04-15 15:57:32+00:00","26.733337","83.66936","Medium","180","0.3405417825193698","1","16.224333","16.224333","16.224333","1.0","1.0"
"IND_S3_20260415_I199","India","2026-04-15 15:57:32+00:00","28.610632","81.89854","Medium","180","0.3395003121383956","1","16.027197","16.027197","16.027197","1.0","1.0"
"IND_S3_20260415_I196","India","2026-04-15 15:57:32+00:00","27.10762","83.29851","Medium","180","0.3205359108913923","1","12.807355","12.807355","12.807355","1.0","1.0"
"IND_S3_20260415_I265","India","2026-04-15 16:58:57+00:00","21.347849","79.51061","Medium","180","0.4476655817148278","1","55.280334","55.280334","55.280334","1.0","1.0"
"IND_S3_20260415_I289","India","2026-04-15 16:58:57+00:00","24.1047","77.97252","Medium","180","0.3569798397070408","1","19.656092","19.656092","19.656092","1.0","1.0"
"IND_S3_20260415_I271","India","2026-04-15 16:58:57+00:00","21.108603","72.6354","Medium","180","0.3550342705139276","1","19.216644","19.216644","19.216644","1.0","1.0"
"IND_S3_20260415_I279","India","2026-04-15 16:58:57+00:00","23.967028","79.028755","Medium","180","0.3459375266008308","1","19.195038","19.195038","19.195038","0.97","1.0"
"IND_S3_20260415_I291","India","2026-04-15 16:58:57+00:00","22.924788","70.10257","Medium","180","0.3440178447614351","1","16.898975","16.898975","16.898975","1.0","1.0"
"IND_S3_20260415_I275","India","2026-04-15 16:58:57+00:00","23.685305","79.19022","Medium","180","0.3325406119727224","1","18.885624","18.885624","18.885624","0.93","1.0"
"IND_S3_20260416_I103","India","2026-04-16 03:41:48+00:00","21.042896","93.77309","Medium","180","0.4454040001989669","1","53.890938","53.890938","53.890938","1.0","1.0"
"IND_S3_20260416_I111","India","2026-04-16 03:41:48+00:00","19.202013","95.44541","Medium","180","0.4259255126716203","1","43.258865","43.258865","43.258865","1.0","1.0"
"IND_S3_20260416_I117","India","2026-04-16 03:41:48+00:00","16.832846","95.2589","Medium","180","0.3831686484600287","1","26.590485","26.590485","26.590485","1.0","1.0"
"IND_S3_20260416_C020","India","2026-04-16 03:41:48+00:00","18.483306","94.48222733333334","Medium","180","0.3782880969996678","3","46.836884","63.855267","140.510652","0.5033333333333333","1.0"
"IND_S3_20260416_I110","India","2026-04-16 03:41:48+00:00","19.13187","96.82254","Medium","180","0.3378009867081302","1","24.715405","24.715405","24.715405","0.87","1.0"
"IND_S3_20260416_I104","India","2026-04-16 03:41:48+00:00","20.819052","93.369576","Medium","180","0.304076907201144","1","22.873524","22.873524","22.873524","0.78","1.0"
"IND_S3_20260416_I004","India","2026-04-16 04:16:07+00:00","28.592297","81.97657","Medium","180","0.3010576071551098","1","25.364866","25.364866","25.364866","0.74","1.0"
"IND_S3_20260416_C008","India","2026-04-16 04:21:07+00:00","13.934642750000002","79.15162872222223","Medium","180","0.5207308166947959","18","44.14021855555556","108.94764","794.523934","0.4","4.3593915981512605"
"IND_S3_20260416_I035","India","2026-04-16 04:21:07+00:00","23.675379","80.469444","Medium","180","0.4814832934118015","1","102.15539","102.15539","102.15539","0.93","1.0"
"IND_S3_20260416_I024","India","2026-04-16 04:21:07+00:00","25.061895","79.78136","Medium","180","0.4520017941954697","1","106.24607","106.24607","106.24607","0.82","1.0"
"IND_S3_20260416_C028","India","2026-04-16 04:21:07+00:00","21.341659333333336","79.28281333333332","Medium","180","0.4465966423901422","3","27.24670466666667","57.17479","81.740114","0.8266666666666667","6.1807583837617095"
"IND_S3_20260416_I051","India","2026-04-16 04:21:07+00:00","15.147362","78.58927","Medium","180","0.4414631983977087","1","51.551373","51.551373","51.551373","1.0","1.0"
"IND_S3_20260416_I011","India","2026-04-16 04:21:07+00:00","27.441147","83.160706","Medium","180","0.4294924623182864","1","45.03862","45.03862","45.03862","1.0","1.0"
"IND_S3_20260416_I042","India","2026-04-16 04:21:07+00:00","22.135044","78.95823","Medium","180","0.4156109094489481","1","83.66446","83.66446","83.66446","0.77","1.0"
"IND_S3_20260416_I010","India","2026-04-16 04:21:07+00:00","27.513866","83.24609","Medium","180","0.3996991500257493","1","34.392395","34.392395","34.392395","0.98","1.0"
"IND_S3_20260416_I022","India","2026-04-16 04:21:07+00:00","25.00661","83.96146","Medium","180","0.395320267990078","1","30.55654","30.55654","30.55654","1.0","1.0"
"IND_S3_20260416_I014","India","2026-04-16 04:21:07+00:00","27.214586","83.582054","Medium","180","0.3934206472343271","1","30.942684","30.942684","30.942684","0.99","1.0"
"IND_S3_20260416_I026","India","2026-04-16 04:21:07+00:00","22.439762","92.455","Medium","180","0.3796367103772364","1","32.466423","32.466423","32.466423","0.93","1.0"
"IND_S3_20260416_I029","India","2026-04-16 04:21:07+00:00","24.284124","80.8638","Medium","180","0.378396197450663","1","32.01069","32.01069","32.01069","0.93","1.0"
"IND_S3_20260416_I037","India","2026-04-16 04:21:07+00:00","22.581945","79.82522","Medium","180","0.3756958690339618","1","32.12021","32.12021","32.12021","0.92","1.0"
"IND_S3_20260416_I036","India","2026-04-16 04:21:07+00:00","23.37144","79.4989","Medium","180","0.3748462151553018","1","67.04981","67.04981","67.04981","0.7","1.0"
"IND_S3_20260416_I039","India","2026-04-16 04:21:07+00:00","21.493155","83.36446","Medium","180","0.3715593657034723","1","23.267923","23.267923","23.267923","1.0","1.0"
"IND_S3_20260416_I034","India","2026-04-16 04:21:07+00:00","24.007135","78.99461","Medium","180","0.3562052839110111","1","32.6774","32.6774","32.6774","0.85","1.0"
"IND_S3_20260416_C009","India","2026-04-16 04:21:07+00:00","11.428554875","76.606932125","Medium","180","0.3549213126225393","8","30.359598625","50.839638","242.876789","0.25375","9.26926831758484"
"IND_S3_20260416_C003","India","2026-04-16 04:21:07+00:00","27.194621666666663","82.55548366666666","Medium","180","0.3471502315947153","3","18.69808533333333","21.98529","56.094256","0.6933333333333334","4.87018254332623"
"IND_S3_20260416_I027","India","2026-04-16 04:21:07+00:00","24.257399","82.81488","Medium","180","0.342034813262799","1","22.600124","22.600124","22.600124","0.91","1.0"
"IND_S3_20260416_C005","India","2026-04-16 04:21:07+00:00","19.6426322","80.83978199999999","Medium","180","0.3415839161830549","5","14.131730199999998","18.964764","70.65865099999999","0.6","12.934169872484542"
"IND_S3_20260416_I047","India","2026-04-16 04:21:07+00:00","19.334253","80.92679","Medium","180","0.3368139370470689","1","26.180439","26.180439","26.180439","0.85","1.0"
"IND_S3_20260416_I045","India","2026-04-16 04:21:07+00:00","19.944437","82.031784","Medium","180","0.325516897085869","1","22.207481","22.207481","22.207481","0.86","1.0"
"IND_S3_20260416_I018","India","2026-04-16 04:21:07+00:00","26.28348","83.793396","Medium","180","0.3090483165440327","1","21.089098","21.089098","21.089098","0.82","1.0"
"IND_S3_20260416_I040","India","2026-04-16 04:21:07+00:00","20.969208","86.00543","Medium","180","0.306898762998491","1","19.866959","19.866959","19.866959","0.83","1.0"
"IND_S3_20260416_I028","India","2026-04-16 04:21:07+00:00","24.432726","80.170715","Medium","180","0.3064763285154967","1","22.715574","22.715574","22.715574","0.79","1.0"
"IND_S3_20260416_C025","India","2026-04-16 05:19:16+00:00","23.7991521","77.719538","Medium","180","0.5712308261996011","10","25.4048673","41.40554","254.048673","0.968","13.117094899755129"
"IND_S3_20260416_C013","India","2026-04-16 05:19:16+00:00","23.71879883333333","77.47109066666667","Medium","180","0.427098243317937","6","26.083300833333336","32.201454","156.499805","0.6666666666666666","5.828917145159559"
"IND_S3_20260416_I129","India","2026-04-16 05:19:16+00:00","24.32518","77.514946","Medium","180","0.4154322786035674","1","38.41221","38.41221","38.41221","1.0","1.0"
"IND_S3_20260416_I123","India","2026-04-16 05:19:16+00:00","30.798306","74.564926","Medium","180","0.3922968402963031","1","29.519426","29.519426","29.519426","1.0","1.0"
"IND_S3_20260416_I135","India","2026-04-16 05:19:16+00:00","23.06973","77.491066","Medium","180","0.384563686426847","1","27.019203","27.019203","27.019203","1.0","1.0"
"IND_S3_20260416_I126","India","2026-04-16 05:19:16+00:00","25.129436","77.01513","Medium","180","0.3709759679983884","1","23.111942","23.111942","23.111942","1.0","1.0"
"IND_S3_20260416_I128","India","2026-04-16 05:19:16+00:00","25.012583","74.73181","Medium","180","0.3651776308592172","1","21.61513","21.61513","21.61513","1.0","1.0"
"IND_S3_20260416_I130","India","2026-04-16 05:19:16+00:00","24.512642","74.692215","Medium","180","0.3625714350269279","1","20.972975","20.972975","20.972975","1.0","1.0"
"IND_S3_20260416_C024","India","2026-04-16 05:19:16+00:00","24.190293","77.45176083333332","Medium","180","0.3620892682243279","6","19.220689583333336","44.71359","115.32413750000002","0.445","4.983788695632819"
"IND_S3_20260416_I133","India","2026-04-16 05:19:16+00:00","23.324041","77.71492","Medium","180","0.3520954924327396","1","20.61743","20.61743","20.61743","0.97","1.0"
"IND_S3_20260416_I134","India","2026-04-16 05:19:16+00:00","23.341578","77.27782","Medium","180","0.3404405456642158","1","18.004574","18.004574","18.004574","0.97","1.0"
"IND_S3_20260416_I132","India","2026-04-16 05:19:16+00:00","24.689924","73.61757","Medium","180","0.3393911120165147","1","19.073439","19.073439","19.073439","0.95","1.0"
"IND_S3_20260416_I131","India","2026-04-16 05:19:16+00:00","24.542","74.3168","Medium","180","0.3033835424501962","1","14.395045","14.395045","14.395045","0.91","1.0"
"IND_S3_20260416_I167","India","2026-04-16 05:24:16+00:00","15.882564","74.08935","Medium","180","0.4560850707640644","1","60.769173","60.769173","60.769173","1.0","1.0"
"IND_S3_20260416_I157","India","2026-04-16 05:24:16+00:00","18.02549","73.384705","Medium","180","0.4217764885316795","1","41.275055","41.275055","41.275055","1.0","1.0"
"IND_S3_20260416_I149","India","2026-04-16 05:24:16+00:00","21.38074","70.23999","Medium","180","0.3934556762402005","1","29.912846","29.912846","29.912846","1.0","1.0"
"IND_S3_20260416_I161","India","2026-04-16 05:24:16+00:00","16.749138","74.66912","Medium","180","0.384204926469432","1","26.908318","26.908318","26.908318","1.0","1.0"
"IND_S3_20260416_I142","India","2026-04-16 05:24:16+00:00","22.904005","71.844734","Medium","180","0.3696795873659005","1","22.768913","22.768913","22.768913","1.0","1.0"
"IND_S3_20260416_I155","India","2026-04-16 05:24:16+00:00","18.467548","73.552956","Medium","180","0.3689699247275337","1","22.583204","22.583204","22.583204","1.0","1.0"
"IND_S3_20260416_I158","India","2026-04-16 05:24:16+00:00","17.738525","74.29249","Medium","180","0.361627753214522","1","20.74498","20.74498","20.74498","1.0","1.0"
"IND_S3_20260416_I150","India","2026-04-16 05:24:16+00:00","20.135536","74.0978","Medium","180","0.358367799221407","1","19.975418","19.975418","19.975418","1.0","1.0"
"IND_S3_20260416_I141","India","2026-04-16 05:24:16+00:00","23.460136","69.074005","Medium","180","0.3355168225462812","1","17.604753","17.604753","17.604753","0.96","1.0"
"IND_S3_20260416_I139","India","2026-04-16 05:24:16+00:00","23.250906","75.61029","Medium","180","0.3326040708193941","1","16.427761","16.427761","16.427761","0.97","1.0"
"IND_S3_20260416_I148","India","2026-04-16 05:24:16+00:00","21.479849","70.387886","Medium","180","0.3144200833950903","1","15.2763605","15.2763605","15.2763605","0.93","1.0"
"IND_S3_20260416_I140","India","2026-04-16 05:24:16+00:00","23.417572","69.79274","Medium","180","0.310800505597278","1","14.12802","14.12802","14.12802","0.94","1.0"
"IND_S3_20260416_I147","India","2026-04-16 05:24:16+00:00","21.800013","70.24441","Medium","180","0.3075361222542819","1","13.59192","13.59192","13.59192","0.94","1.0"
"IND_S3_20260416_I062","India","2026-04-16 15:26:43+00:00","19.88449","94.03196","Medium","180","0.385226764077912","1","27.225307","27.225307","27.225307","1.0","1.0"
"IND_S3_20260416_I065","India","2026-04-16 15:26:43+00:00","20.661858","93.52465","Medium","180","0.3804926026358587","1","25.786367","25.786367","25.786367","1.0","1.0"
"IND_S3_20260416_I063","India","2026-04-16 15:26:43+00:00","20.13896","94.24633","Medium","180","0.334954554782504","1","15.192827","15.192827","15.192827","1.0","1.0"
"IND_S3_20260416_I060","India","2026-04-16 15:26:43+00:00","18.077274","95.87663","Medium","180","0.3108860996162255","1","11.410509","11.410509","11.410509","1.0","1.0"
"IND_S3_20260416_C027","India","2026-04-16 16:28:08+00:00","19.4788145","80.84687100000001","Medium","180","0.4907218468370428","4","19.51828325","41.27963","78.073133","0.995","2.659611076780512"
"IND_S3_20260416_C026","India","2026-04-16 16:28:08+00:00","15.559103","78.80207333333333","Medium","180","0.4081356188661473","3","14.772505333333331","19.710844","44.317516","0.9466666666666668","1.0"
"IND_S3_20260416_I174","India","2026-04-16 16:28:08+00:00","19.498295","80.99988","Medium","180","0.328816998562925","1","14.130778","14.130778","14.130778","1.0","1.0"
"IND_S3_20260416_C032","India","2026-04-16 16:33:08+00:00","27.04021525","82.75889649999999","Medium","180","0.5544210173036608","8","30.120963125000003","62.403316","240.967705","0.8887499999999999","4.397400300899249"
"IND_S3_20260416_C029","India","2026-04-16 16:33:08+00:00","22.22693325","79.230689","Medium","180","0.4772951679814806","4","20.79820175","34.63105","83.192807","0.9675","7.745725099778418"
"IND_S3_20260416_C030","India","2026-04-16 16:33:08+00:00","23.611951333333334","79.11311866666667","Medium","180","0.4717421531336794","3","22.253474666666666","39.286243","66.760424","0.9966666666666668","3.819001103981466"
"IND_S3_20260416_I195","India","2026-04-16 16:33:08+00:00","23.757246","77.32045","Medium","180","0.4022891799653121","1","33.083286","33.083286","33.083286","1.0","1.0"
"IND_S3_20260416_I180","India","2026-04-16 16:33:08+00:00","22.675411","76.29148","Medium","180","0.3937591575830282","1","30.016712","30.016712","30.016712","1.0","1.0"
"IND_S3_20260416_I211","India","2026-04-16 16:33:08+00:00","24.960321","77.63452","Medium","180","0.383902807647532","1","26.81528","26.81528","26.81528","1.0","1.0"
"IND_S3_20260416_I182","India","2026-04-16 16:33:08+00:00","23.020163","75.48173","Medium","180","0.3797625997643785","1","25.571108","25.571108","25.571108","1.0","1.0"
"IND_S3_20260416_I177","India","2026-04-16 16:33:08+00:00","21.99296","79.579155","Medium","180","0.3765251541851279","1","24.637125","24.637125","24.637125","1.0","1.0"
"IND_S3_20260416_I201","India","2026-04-16 16:33:08+00:00","24.043226","77.22704","Medium","180","0.3703057302322233","1","22.93398","22.93398","22.93398","1.0","1.0"
"IND_S3_20260416_I190","India","2026-04-16 16:33:08+00:00","23.311792","76.03987","Medium","180","0.3646601862851849","1","21.486158","21.486158","21.486158","1.0","1.0"
"IND_S3_20260416_I199","India","2026-04-16 16:33:08+00:00","25.141666","83.77331","Medium","180","0.3565492487092724","1","19.558018","19.558018","19.558018","1.0","1.0"
"IND_S3_20260416_I207","India","2026-04-16 16:33:08+00:00","24.437973","77.35999","Medium","180","0.353530146956711","1","18.883324","18.883324","18.883324","1.0","1.0"
"IND_S3_20260416_I210","India","2026-04-16 16:33:08+00:00","23.981012","75.166756","Medium","180","0.3472098814002132","1","17.541742","17.541742","17.541742","1.0","1.0"
"IND_S3_20260416_C014","India","2026-04-16 16:33:08+00:00","24.897240125","76.59804450000001","Medium","180","0.3467037064636569","8","24.29158","35.97175","194.33264","0.31125","2.453285001267936"
"IND_S3_20260416_I178","India","2026-04-16 16:33:08+00:00","21.982903","79.17851","Medium","180","0.3427172752673962","1","16.643518","16.643518","16.643518","1.0","1.0"
"IND_S3_20260416_I193","India","2026-04-16 16:33:08+00:00","23.426441","75.92455","Medium","180","0.3418325463656652","1","16.471827","16.471827","16.471827","1.0","1.0"
"IND_S3_20260416_I185","India","2026-04-16 16:33:08+00:00","23.61173","77.9043","Medium","180","0.3392522397184639","1","15.980574","15.980574","15.980574","1.0","1.0"
"IND_S3_20260416_I205","India","2026-04-16 16:33:08+00:00","23.623816","74.970764","Medium","180","0.3325103990875372","1","14.761236","14.761236","14.761236","1.0","1.0"
"IND_S3_20260416_C034","India","2026-04-16 16:33:08+00:00","28.905546","81.45129833333334","Medium","180","0.3316399460305195","3","12.454138333333333","13.311444","37.362415","0.7733333333333334","1.0217328716600775"
"IND_S3_20260416_C031","India","2026-04-16 16:33:08+00:00","23.523524","77.36272666666666","Medium","180","0.3310371368129351","3","12.810058666666668","15.708503","38.430176","0.7433333333333333","6.570132078024282"
"IND_S3_20260416_I198","India","2026-04-16 16:33:08+00:00","23.400623","75.27243","Medium","180","0.3278734212903895","1","13.973796","13.973796","13.973796","1.0","1.0"
"IND_S3_20260416_I189","India","2026-04-16 16:33:08+00:00","23.128595","75.31255","Medium","180","0.3220360342563036","1","13.038198","13.038198","13.038198","1.0","1.0"
"IND_S3_20260416_I204","India","2026-04-16 16:33:08+00:00","23.631697","75.08866","Medium","180","0.3209272970223416","1","12.867214","12.867214","12.867214","1.0","1.0"
"IND_S3_20260416_I194","India","2026-04-16 16:33:08+00:00","23.601826","76.61555","Medium","180","0.3189935529967716","1","12.57397","12.57397","12.57397","1.0","1.0"
"IND_S3_20260416_I187","India","2026-04-16 16:33:08+00:00","23.359953","76.49348","Medium","180","0.3174264119119488","1","12.340875","12.340875","12.340875","1.0","1.0"
"IND_S3_20260416_I175","India","2026-04-16 16:33:08+00:00","21.227478","79.99267","Medium","180","0.3168267874486901","1","12.25275","12.25275","12.25275","1.0","1.0"
"IND_S3_20260416_I200","India","2026-04-16 16:33:08+00:00","23.638754","75.62439","Medium","180","0.3150641584592087","1","11.997058","11.997058","11.997058","1.0","1.0"
"IND_S3_20260416_I179","India","2026-04-16 16:33:08+00:00","21.940174","76.26435","Medium","180","0.3106949249626232","1","11.384313","11.384313","11.384313","1.0","1.0"
"IND_S3_20260416_I181","India","2026-04-16 16:33:08+00:00","23.608301","79.275085","Medium","180","0.3089261151285037","1","11.1445465","11.1445465","11.1445465","1.0","1.0"
"IND_S3_20260416_I080","India","2026-04-16 17:11:17+00:00","23.642744","75.783264","Medium","180","0.4310754438405824","1","45.85122","45.85122","45.85122","1.0","1.0"
"IND_S3_20260416_C010","India","2026-04-16 17:11:17+00:00","21.11690533333333","72.64150666666667","Medium","180","0.4188447808178105","3","17.506705","20.800116","52.520115","0.95","1.0"
"IND_S3_20260416_I073","India","2026-04-16 17:11:17+00:00","22.93056","75.25106","Medium","180","0.3440860314003907","1","18.140646","18.140646","18.140646","0.98","1.0"
"IND_S3_20260414_I015","India","2026-04-14 03:31:44+00:00","21.938684","93.61135","Low","360","0.2774958583035908","1","22.202085","22.202085","22.202085","0.7","1.0"
"IND_S3_20260414_I017","India","2026-04-14 03:31:44+00:00","20.988808","97.94197","Low","360","0.2715876834319721","1","15.6710205","15.6710205","15.6710205","0.78","1.0"
"IND_S3_20260414_I021","India","2026-04-14 03:31:44+00:00","19.22276","97.54576","Low","360","0.2427209326517137","1","14.797955","14.797955","14.797955","0.7","1.0"
"IND_S3_20260414_I030","India","2026-04-14 03:31:44+00:00","16.626509","95.50021","Low","360","0.2356821602561407","1","13.138811","13.138811","13.138811","0.71","1.0"
"IND_S3_20260414_I010","India","2026-04-14 03:31:44+00:00","22.73464","93.76762","Low","360","0.2346761784431634","1","19.136786","19.136786","19.136786","0.6","1.0"
"IND_S3_20260414_I026","India","2026-04-14 03:31:44+00:00","17.10146","96.7616","Low","360","0.2308431197768567","1","11.133411","11.133411","11.133411","0.74","1.0"
"IND_S3_20260414_I027","India","2026-04-14 03:31:44+00:00","16.902948","96.01801","Low","360","0.228234833767902","1","12.914431","12.914431","12.914431","0.69","1.0"
"IND_S3_20260414_I014","India","2026-04-14 03:31:44+00:00","21.562923","97.30263","Low","360","0.2261109860834594","1","14.519325","14.519325","14.519325","0.65","1.0"
"IND_S3_20260414_I006","India","2026-04-14 03:31:44+00:00","22.786242","97.26619","Low","360","0.2098404920336519","1","15.352168","15.352168","15.352168","0.58","1.0"
"IND_S3_20260414_I002","India","2026-04-14 03:31:44+00:00","23.770418","96.1621","Low","360","0.2055638171606433","1","14.597195","14.597195","14.597195","0.58","1.0"
"IND_S3_20260414_I025","India","2026-04-14 03:31:44+00:00","17.658855","94.91703","Low","360","0.1966968006660405","1","12.67989","12.67989","12.67989","0.59","1.0"
"IND_S3_20260414_I016","India","2026-04-14 03:31:44+00:00","21.936623","93.345726","Low","360","0.1954979530115309","1","17.807606","17.807606","17.807606","0.49","1.0"
"IND_S3_20260414_I011","India","2026-04-14 03:31:44+00:00","22.431581","93.714165","Low","360","0.1890326989708654","1","15.386944","15.386944","15.386944","0.51","1.0"
"IND_S3_20260414_I007","India","2026-04-14 03:31:44+00:00","22.759846","97.1554","Low","360","0.1637474706436112","1","13.149021","13.149021","13.149021","0.47","1.0"
"IND_S3_20260414_I013","India","2026-04-14 03:31:44+00:00","21.537659","97.487526","Low","360","0.1518545505976612","1","11.001557","11.001557","11.001557","0.48","1.0"
"IND_S3_20260414_I020","India","2026-04-14 03:31:44+00:00","21.385134","93.486145","Low","360","0.141635955357254","1","13.447459","13.447459","13.447459","0.39","1.0"
"IND_S3_20260414_I023","India","2026-04-14 03:31:44+00:00","19.158741","96.718544","Low","360","0.1395933991057124","1","11.787485","11.787485","11.787485","0.42","1.0"
"IND_S3_20260414_I022","India","2026-04-14 03:31:44+00:00","19.298466","96.88527","Low","360","0.1299647678517072","1","10.496507","10.496507","10.496507","0.42","1.0"
"IND_S3_20260414_I008","India","2026-04-14 03:31:44+00:00","22.83198","96.62206","Low","360","0.1212094993834939","1","11.318045","11.318045","11.318045","0.37","1.0"
"IND_S3_20260414_I009","India","2026-04-14 03:31:44+00:00","22.52882","96.37234","Low","360","0.1188423246130463","1","10.229949","10.229949","10.229949","0.39","1.0"
"IND_S3_20260414_I024","India","2026-04-14 03:31:44+00:00","18.368587","96.94606","Low","360","0.1175192565025305","1","10.066921","10.066921","10.066921","0.39","1.0"
"IND_S3_20260414_I207","India","2026-04-14 04:29:57+00:00","27.365423","83.40277","Low","360","0.2844162067665753","1","16.391611","16.391611","16.391611","0.81","1.0"
"IND_S3_20260414_I202","India","2026-04-14 04:29:57+00:00","32.268623","79.197845","Low","360","0.2675543200222225","1","19.787668","19.787668","19.787668","0.7","1.0"
"IND_S3_20260414_I209","India","2026-04-14 04:29:57+00:00","27.262774","83.39088","Low","360","0.2522938577910463","1","12.9235115","12.9235115","12.9235115","0.77","1.0"
"IND_S3_20260414_C039","India","2026-04-14 04:29:57+00:00","28.53764766666667","82.076212","Low","360","0.2375468444789601","3","12.852740666666667","17.356848","38.558222","0.4166666666666667","1.2080882014703993"
"IND_S3_20260414_I211","India","2026-04-14 04:29:57+00:00","26.90113","83.283104","Low","360","0.2325916821741891","1","11.370189","11.370189","11.370189","0.74","1.0"
"IND_S3_20260414_I204","India","2026-04-14 04:29:57+00:00","28.276499","82.24881","Low","360","0.2164974482283218","1","15.471337","15.471337","15.471337","0.6","1.0"
"IND_S3_20260414_I208","India","2026-04-14 04:29:57+00:00","27.590399","82.051704","Low","360","0.2057703833728063","1","10.221023","10.221023","10.221023","0.68","1.0"
"IND_S3_20260414_C038","India","2026-04-14 04:29:57+00:00","30.75197533333333","81.32706166666667","Low","360","0.186855610246222","3","13.410141","16.388454","40.230423","0.25","1.3710485175339282"
"IND_S3_20260414_I203","India","2026-04-14 04:29:57+00:00","28.38818","81.585014","Low","360","0.1532366815901449","1","11.186306","11.186306","11.186306","0.48","1.0"
"IND_S3_20260414_I250","India","2026-04-14 04:34:57+00:00","22.348907","81.88326","Low","360","0.296958495966482","1","17.086039","17.086039","17.086039","0.84","1.0"
"IND_S3_20260414_I231","India","2026-04-14 04:34:57+00:00","24.567667","80.505035","Low","360","0.2949426503596762","1","13.985258","13.985258","13.985258","0.89","1.0"
"IND_S3_20260414_C024","India","2026-04-14 04:34:57+00:00","23.621859333333333","77.52322866666667","Low","360","0.2913146189403137","3","14.996166333333337","16.256687","44.988499","0.5833333333333334","4.839555559513542"
"IND_S3_20260414_I224","India","2026-04-14 04:34:57+00:00","25.047161","85.3567","Low","360","0.2864311569535525","1","14.066388","14.066388","14.066388","0.86","1.0"
"IND_S3_20260414_I230","India","2026-04-14 04:34:57+00:00","25.216185","77.03421","Low","360","0.2847668814244694","1","19.607529","19.607529","19.607529","0.76","1.0"
"IND_S3_20260414_I245","India","2026-04-14 04:34:57+00:00","23.454622","79.79355","Low","360","0.2802314618561351","1","15.063926","15.063926","15.063926","0.82","1.0"
"IND_S3_20260414_I255","India","2026-04-14 04:34:57+00:00","21.78904","81.61764","Low","360","0.2797250052865703","1","12.990021","12.990021","12.990021","0.86","1.0"
"IND_S3_20260414_I219","India","2026-04-14 04:34:57+00:00","26.092062","83.39418","Low","360","0.2796863128510266","1","13.942861","13.942861","13.942861","0.84","1.0"
"IND_S3_20260414_I235","India","2026-04-14 04:34:57+00:00","24.068731","79.298996","Low","360","0.273786459836557","1","14.985109","14.985109","14.985109","0.8","1.0"
"IND_S3_20260414_I282","India","2026-04-14 04:34:57+00:00","13.919003","79.45956","Low","360","0.2716791400018625","1","15.687881","15.687881","15.687881","0.78","1.0"
"IND_S3_20260414_I258","India","2026-04-14 04:34:57+00:00","21.337902","83.17598","Low","360","0.2661372132752924","1","13.689188","13.689188","13.689188","0.8","1.0"
"IND_S3_20260414_I280","India","2026-04-14 04:34:57+00:00","16.090467","78.764885","Low","360","0.2651190643352072","1","15.584895","15.584895","15.584895","0.76","1.0"
"IND_S3_20260414_I261","India","2026-04-14 04:34:57+00:00","22.270271","76.91827","Low","360","0.2624177677544745","1","17.99979","17.99979","17.99979","0.71","1.0"
"IND_S3_20260414_I223","India","2026-04-14 04:34:57+00:00","25.004396","85.75487","Low","360","0.2597792123001822","1","12.245783","12.245783","12.245783","0.81","1.0"
"IND_S3_20260414_I240","India","2026-04-14 04:34:57+00:00","23.879417","79.2059","Low","360","0.253109549757938","1","14.012927","14.012927","14.012927","0.75","1.0"
"IND_S3_20260414_I276","India","2026-04-14 04:34:57+00:00","17.472557","80.91678","Low","360","0.2438074783510162","1","14.988823","14.988823","14.988823","0.7","1.0"
"IND_S3_20260414_I229","India","2026-04-14 04:34:57+00:00","24.80905","79.68438","Low","360","0.243706102633865","1","12.530912","12.530912","12.530912","0.75","1.0"
"IND_S3_20260414_I216","India","2026-04-14 04:34:57+00:00","26.659277","81.67639","Low","360","0.24308295857708","1","11.999759","11.999759","11.999759","0.76","1.0"
"IND_S3_20260414_I232","India","2026-04-14 04:34:57+00:00","24.380455","80.80252","Low","360","0.2429055557691287","1","11.55114","11.55114","11.55114","0.77","1.0"
"IND_S3_20260414_I283","India","2026-04-14 04:34:57+00:00","13.150403","78.95212","Low","360","0.2423209896106377","1","18.190418","18.190418","18.190418","0.64","1.0"
"IND_S3_20260414_I263","India","2026-04-14 04:34:57+00:00","21.296112","80.703094","Low","360","0.2411532730620718","1","14.020184","14.020184","14.020184","0.71","1.0"
"IND_S3_20260414_I264","India","2026-04-14 04:34:57+00:00","20.886562","81.32812","Low","360","0.2321462930271735","1","11.3094425","11.3094425","11.3094425","0.74","1.0"
"IND_S3_20260414_I281","India","2026-04-14 04:34:57+00:00","14.280273","78.85472","Low","360","0.2306011777544521","1","12.817319","12.817319","12.817319","0.7","1.0"
"IND_S3_20260414_I273","India","2026-04-14 04:34:57+00:00","18.557901","80.63014","Low","360","0.2286807448485142","1","13.454613","13.454613","13.454613","0.68","1.0"
"IND_S3_20260414_I279","India","2026-04-14 04:34:57+00:00","16.33625","78.96376","Low","360","0.2256845695292486","1","12.527692","12.527692","12.527692","0.69","1.0"
"IND_S3_20260414_I251","India","2026-04-14 04:34:57+00:00","22.027697","82.82713","Low","360","0.2212438184500161","1","10.660189","10.660189","10.660189","0.72","1.0"
"IND_S3_20260414_I269","India","2026-04-14 04:34:57+00:00","19.271759","80.8094","Low","360","0.2130514008661804","1","12.4333515","12.4333515","12.4333515","0.65","1.0"
"IND_S3_20260414_I221","India","2026-04-14 04:34:57+00:00","24.896353","87.607475","Low","360","0.2124883131708047","1","12.800093","12.800093","12.800093","0.64","1.0"
"IND_S3_20260414_I249","India","2026-04-14 04:34:57+00:00","22.96454","79.519875","Low","360","0.2053205915722049","1","11.748985","11.748985","11.748985","0.64","1.0"
"IND_S3_20260414_I272","India","2026-04-14 04:34:57+00:00","18.670856","80.91099","Low","360","0.1913174631402797","1","11.469821","11.469821","11.469821","0.6","1.0"
"IND_S3_20260414_I270","India","2026-04-14 04:34:57+00:00","18.625826","83.02801","Low","360","0.1827188067661443","1","11.116751","11.116751","11.116751","0.58","1.0"
"IND_S3_20260414_I267","India","2026-04-14 04:34:57+00:00","19.608927","80.94982","Low","360","0.167876641737421","1","10.359068","10.359068","10.359068","0.55","1.0"
"IND_S3_20260414_I220","India","2026-04-14 04:34:57+00:00","25.031857","87.37782","Low","360","0.1635965429668979","1","10.577067","10.577067","10.577067","0.53","1.0"
"IND_S3_20260414_I277","India","2026-04-14 04:34:57+00:00","17.253006","80.019226","Low","360","0.1593684687848459","1","10.420985","10.420985","10.420985","0.52","1.0"
"IND_S3_20260414_I278","India","2026-04-14 04:34:57+00:00","16.606432","81.23573","Low","360","0.1275425097245335","1","10.570155","10.570155","10.570155","0.41","1.0"
"IND_S3_20260414_I294","India","2026-04-14 04:34:57+00:00","21.915918","79.47198","Low","360","0.0836182641823736","1","26.727938","26.727938","26.727938","0.0","1.0"
"IND_S3_20260414_I293","India","2026-04-14 04:34:57+00:00","22.48219","79.64045","Low","360","0.0514633284786023","1","18.434254","18.434254","18.434254","0.0","1.0"
"IND_S3_20260414_I290","India","2026-04-14 04:34:57+00:00","23.637878","78.24894","Low","360","0.0213439075188486","1","12.931216","12.931216","12.931216","0.0","1.0"
"IND_S3_20260414_I296","India","2026-04-14 04:34:57+00:00","18.66075","81.14135","Low","360","0.0003950960591691","1","10.051744","10.051744","10.051744","0.0","1.0"
"IND_S3_20260414_I300","India","2026-04-14 04:39:57+00:00","9.002935","78.216736","Low","360","0.2769002623674678","1","18.528336","18.528336","18.528336","0.75","1.0"
"IND_S3_20260414_I045","India","2026-04-14 05:09:13+00:00","24.54846","80.01103","Low","360","0.2919404692726411","1","15.552189","15.552189","15.552189","0.85","1.0"
"IND_S3_20260414_I050","India","2026-04-14 05:09:13+00:00","24.589441","76.35436","Low","360","0.2844636976239566","1","13.261474","13.261474","13.261474","0.87","1.0"
"IND_S3_20260414_I053","India","2026-04-14 05:09:13+00:00","24.831282","73.60556","Low","360","0.2596744171844792","1","12.676506","12.676506","12.676506","0.8","1.0"
"IND_S3_20260414_I043","India","2026-04-14 05:09:13+00:00","25.598057","77.10856","Low","360","0.2515601761163527","1","11.92486","11.92486","11.92486","0.79","1.0"
"IND_S3_20260414_I035","India","2026-04-14 05:09:13+00:00","31.34727","72.23429","Low","360","0.2242900984492698","1","15.252993","15.252993","15.252993","0.63","1.0"
"IND_S3_20260414_I037","India","2026-04-14 05:09:13+00:00","29.13481","78.93862","Low","360","0.1990789142011026","1","10.135591","10.135591","10.135591","0.66","1.0"
"IND_S3_20260414_I038","India","2026-04-14 05:09:13+00:00","28.794636","80.42605","Low","360","0.1948125925713646","1","13.799251","13.799251","13.799251","0.56","1.0"
"IND_S3_20260414_I101","India","2026-04-14 05:14:13+00:00","23.060898","75.29217","Low","360","0.299819022879659","1","14.299286","14.299286","14.299286","0.9","1.0"
"IND_S3_20260414_I084","India","2026-04-14 05:14:13+00:00","23.507238","75.47495","Low","360","0.297385787400054","1","13.407566","13.407566","13.407566","0.91","1.0"
"IND_S3_20260414_I098","India","2026-04-14 05:14:13+00:00","23.15199","75.395706","Low","360","0.2946676685181832","1","13.939782","13.939782","13.939782","0.89","1.0"
"IND_S3_20260414_I151","India","2026-04-14 05:14:13+00:00","19.700006","73.8749","Low","360","0.2937966422859744","1","12.395579","12.395579","12.395579","0.92","1.0"
"IND_S3_20260414_I145","India","2026-04-14 05:14:13+00:00","19.795975","75.2592","Low","360","0.2907414560369993","1","12.838759","12.838759","12.838759","0.9","1.0"
"IND_S3_20260414_I160","India","2026-04-14 05:14:13+00:00","16.118078","73.74649","Low","360","0.2890720634421203","1","17.310019","17.310019","17.310019","0.81","1.0"
"IND_S3_20260414_I155","India","2026-04-14 05:14:13+00:00","18.373074","75.855965","Low","360","0.2883281092577641","1","13.398384","13.398384","13.398384","0.88","1.0"
"IND_S3_20260414_I136","India","2026-04-14 05:14:13+00:00","21.38979","74.61867","Low","360","0.2871744516291409","1","14.190676","14.190676","14.190676","0.86","1.0"
"IND_S3_20260414_I121","India","2026-04-14 05:14:13+00:00","22.019596","76.81832","Low","360","0.2853384154904037","1","12.036516","12.036516","12.036516","0.9","1.0"
"IND_S3_20260414_I153","India","2026-04-14 05:14:13+00:00","19.463408","74.5456","Low","360","0.2828218254672136","1","12.54823","12.54823","12.54823","0.88","1.0"
"IND_S3_20260414_I116","India","2026-04-14 05:14:13+00:00","23.128878","72.25855","Low","360","0.2773193325206382","1","13.082224","13.082224","13.082224","0.85","1.0"
"IND_S3_20260414_I082","India","2026-04-14 05:14:13+00:00","23.248413","76.817825","Low","360","0.2740765371733976","1","10.898795","10.898795","10.898795","0.89","1.0"
"IND_S3_20260414_I063","India","2026-04-14 05:14:13+00:00","24.247295","74.97065","Low","360","0.2714078932975401","1","12.191532","12.191532","12.191532","0.85","1.0"
"IND_S3_20260414_I122","India","2026-04-14 05:14:13+00:00","22.179218","76.04917","Low","360","0.2694451797598338","1","11.080161","11.080161","11.080161","0.87","1.0"
"IND_S3_20260414_I110","India","2026-04-14 05:14:13+00:00","23.193048","73.80574","Low","360","0.2604593503361083","1","12.795676","12.795676","12.795676","0.8","1.0"
"IND_S3_20260414_I078","India","2026-04-14 05:14:13+00:00","23.847507","75.14534","Low","360","0.2560948540795699","1","11.302446","11.302446","11.302446","0.82","1.0"
"IND_S3_20260414_I156","India","2026-04-14 05:14:13+00:00","18.358383","75.24285","Low","360","0.2550926680112754","1","10.770102","10.770102","10.770102","0.83","1.0"
"IND_S3_20260414_I157","India","2026-04-14 05:14:13+00:00","18.461115","73.58113","Low","360","0.2541022639151039","1","11.440196","11.440196","11.440196","0.81","1.0"
"IND_S3_20260414_I118","India","2026-04-14 05:14:13+00:00","21.624247","79.00353","Low","360","0.2483361989333489","1","11.892903","11.892903","11.892903","0.78","1.0"
"IND_S3_20260414_I159","India","2026-04-14 05:14:13+00:00","18.074144","73.44076","Low","360","0.2447913402856527","1","10.993175","10.993175","10.993175","0.79","1.0"
"IND_S3_20260414_I150","India","2026-04-14 05:14:13+00:00","19.066998","77.13297","Low","360","0.2367227013179672","1","11.525799","11.525799","11.525799","0.75","1.0"
"IND_S3_20260414_I149","India","2026-04-14 05:14:13+00:00","19.437435","75.49971","Low","360","0.2339486549414189","1","11.980476","11.980476","11.980476","0.73","1.0"
"IND_S3_20260414_I124","India","2026-04-14 05:14:13+00:00","22.192053","75.85019","Low","360","0.2313569555599604","1","10.047086","10.047086","10.047086","0.77","1.0"
"IND_S3_20260414_I069","India","2026-04-14 05:14:13+00:00","24.042364","75.07236","Low","360","0.2263324830373182","1","10.166844","10.166844","10.166844","0.75","1.0"
"IND_S3_20260414_I154","India","2026-04-14 05:14:13+00:00","19.397205","73.23938","Low","360","0.2260035089795885","1","10.126314","10.126314","10.126314","0.75","1.0"
"IND_S3_20260414_I163","India","2026-04-14 05:14:13+00:00","13.222337","75.83631","Low","360","0.2232862519607113","1","13.077076","13.077076","13.077076","0.67","1.0"
"IND_S3_20260414_I117","India","2026-04-14 05:14:13+00:00","21.560362","79.356865","Low","360","0.2213885957469924","1","12.3353","12.3353","12.3353","0.68","1.0"
"IND_S3_20260414_I114","India","2026-04-14 05:14:13+00:00","22.197512","77.84917","Low","360","0.2203662710770125","1","10.547639","10.547639","10.547639","0.72","1.0"
"IND_S3_20260414_I131","India","2026-04-14 05:14:13+00:00","22.189028","73.301254","Low","360","0.2191990995265307","1","11.181245","11.181245","11.181245","0.7","1.0"
"IND_S3_20260414_I146","India","2026-04-14 05:14:13+00:00","19.388332","77.04549","Low","360","0.210852151348885","1","10.107716","10.107716","10.107716","0.7","1.0"
"IND_S3_20260414_I162","India","2026-04-14 05:14:13+00:00","13.537956","76.28472","Low","360","0.2076667165671821","1","12.083907","12.083907","12.083907","0.64","1.0"
"IND_S3_20260414_I128","India","2026-04-14 05:14:13+00:00","22.99598","70.21661","Low","360","0.2051278046693015","1","15.045532","15.045532","15.045532","0.57","1.0"
"IND_S3_20260414_I143","India","2026-04-14 05:14:13+00:00","19.289455","78.56911","Low","360","0.2037458422799755","1","10.342658","10.342658","10.342658","0.67","1.0"
"IND_S3_20260414_I147","India","2026-04-14 05:14:13+00:00","19.467588","75.87873","Low","360","0.1998489191339675","1","10.609406","10.609406","10.609406","0.65","1.0"
"IND_S3_20260414_I089","India","2026-04-14 05:14:13+00:00","22.696934","78.64189","Low","360","0.1968654781817322","1","10.611531","10.611531","10.611531","0.64","1.0"
"IND_S3_20260414_I302","India","2026-04-14 15:40:11+00:00","18.077244","97.690926","Low","360","0.2247969732341288","1","12.395628","12.395628","12.395628","0.69","1.0"
"IND_S3_20260414_I303","India","2026-04-14 15:40:11+00:00","19.10331","97.64468","Low","360","0.118305246925568","1","17.357271","17.357271","17.357271","0.24","1.0"
"IND_S3_20260414_I305","India","2026-04-14 15:40:11+00:00","19.970081","96.609","Low","360","0.0427984512898662","1","11.262208","11.262208","11.262208","0.11","1.0"
"IND_S3_20260414_I308","India","2026-04-14 15:40:11+00:00","22.624966","96.22212","Low","360","0.0327369007234956","1","11.527765","11.527765","11.527765","0.07","1.0"
"IND_S3_20260414_I197","India","2026-04-14 16:23:21+00:00","27.104595","82.48681","Low","360","0.2795586129109732","1","12.068283","12.068283","12.068283","0.88","1.0"
"IND_S3_20260414_I183","India","2026-04-14 16:23:21+00:00","24.02481","77.57306","Low","360","0.2708527910518705","1","11.269575","11.269575","11.269575","0.87","1.0"
"IND_S3_20260414_I182","India","2026-04-14 16:23:21+00:00","23.738369","76.74384","Low","360","0.2563309681352213","1","11.334594","11.334594","11.334594","0.82","1.0"
"IND_S3_20260414_I195","India","2026-04-14 16:23:21+00:00","27.029556","83.62215","Low","360","0.2524431778180403","1","12.05162","12.05162","12.05162","0.79","1.0"
"IND_S3_20260414_I188","India","2026-04-14 16:23:21+00:00","24.333801","75.71209","Low","360","0.2232420968962587","1","10.531801","10.531801","10.531801","0.73","1.0"
"IND_S3_20260414_I192","India","2026-04-14 16:23:21+00:00","24.859411","76.37169","Low","360","0.2190015211076967","1","10.003772","10.003772","10.003772","0.73","1.0"
"IND_S3_20260414_I189","India","2026-04-14 16:23:21+00:00","24.923994","77.127335","Low","360","0.2173286263722189","1","10.166368","10.166368","10.166368","0.72","1.0"
"IND_S3_20260414_I311","India","2026-04-14 17:19:45+00:00","9.739653","76.875946","Low","360","0.137101383814415","1","49.07795","49.07795","49.07795","0.0","1.0"
"IND_S3_20260414_I312","India","2026-04-14 17:24:45+00:00","29.145668","71.66032","Low","360","0.0297307127795521","1","14.28436","14.28436","14.28436","0.0","1.0"
"IND_S3_20260415_I209","India","2026-04-15 04:03:23+00:00","31.29927","87.87136","Low","360","0.2991905083223014","1","23.169186","23.169186","23.169186","0.76","1.0"
"IND_S3_20260415_I207","India","2026-04-15 04:03:23+00:00","36.13778","94.70384","Low","360","0.2940404919605572","1","18.995798","18.995798","18.995798","0.8","1.0"
"IND_S3_20260415_I212","India","2026-04-15 04:03:23+00:00","30.002686","90.43035","Low","360","0.2810305160834463","1","16.901482","16.901482","16.901482","0.79","1.0"
"IND_S3_20260415_I210","India","2026-04-15 04:03:23+00:00","31.170914","87.71507","Low","360","0.276001589488446","1","18.987202","18.987202","18.987202","0.74","1.0"
"IND_S3_20260415_I208","India","2026-04-15 04:03:23+00:00","32.142742","87.86988","Low","360","0.2695499078245507","1","18.239035","18.239035","18.239035","0.73","1.0"
"IND_S3_20260415_I206","India","2026-04-15 04:03:23+00:00","36.292797","94.19786","Low","360","0.2683608668276312","1","18.628008","18.628008","18.628008","0.72","1.0"
"IND_S3_20260415_I214","India","2026-04-15 04:03:23+00:00","29.144127","87.7411","Low","360","0.2635707602023909","1","15.853152","15.853152","15.853152","0.75","1.0"
"IND_S3_20260415_I213","India","2026-04-15 04:03:23+00:00","29.648514","88.85057","Low","360","0.2524872305262319","1","19.094776","19.094776","19.094776","0.66","1.0"
"IND_S3_20260415_I211","India","2026-04-15 04:03:23+00:00","30.901304","86.6615","Low","360","0.2515920243808648","1","18.247993","18.247993","18.247993","0.67","1.0"
"IND_S3_20260415_C032","India","2026-04-15 04:03:23+00:00","31.6838295","89.56741","Low","360","0.2491133179281166","4","14.871255","17.425003","59.485020000000006","0.3575","2.104962585201568"
"IND_S3_20260415_C038","India","2026-04-15 04:08:23+00:00","21.76849233333333","93.84457333333334","Low","360","0.2939805439176871","3","14.427850666666666","16.758503","43.283552","0.5933333333333334","5.4397966487109946"
"IND_S3_20260415_I244","India","2026-04-15 04:08:23+00:00","18.883898","95.1349","Low","360","0.282278725654656","1","17.150167","17.150167","17.150167","0.79","1.0"
"IND_S3_20260415_I232","India","2026-04-15 04:08:23+00:00","22.290447","94.03417","Low","360","0.2814381394070072","1","17.58858","17.58858","17.58858","0.78","1.0"
"IND_S3_20260415_I240","India","2026-04-15 04:08:23+00:00","21.052805","93.892876","Low","360","0.2722593066034128","1","21.635555","21.635555","21.635555","0.69","1.0"
"IND_S3_20260415_I222","India","2026-04-15 04:08:23+00:00","23.837734","92.08178","Low","360","0.2651694651506041","1","19.246876","19.246876","19.246876","0.7","1.0"
"IND_S3_20260415_I247","India","2026-04-15 04:08:23+00:00","18.53909","94.44758","Low","360","0.2520490256677955","1","20.368834","20.368834","20.368834","0.64","1.0"
"IND_S3_20260415_I234","India","2026-04-15 04:08:23+00:00","21.833136","93.73785","Low","360","0.2235980155949577","1","14.0942","14.0942","14.0942","0.65","1.0"
"IND_S3_20260415_I241","India","2026-04-15 04:08:23+00:00","21.151854","93.01018","Low","360","0.2144049302382406","1","15.63738","15.63738","15.63738","0.59","1.0"
"IND_S3_20260415_I239","India","2026-04-15 04:08:23+00:00","21.059958","93.99412","Low","360","0.2113658689336711","1","13.564487","13.564487","13.564487","0.62","1.0"
"IND_S3_20260415_I219","India","2026-04-15 04:08:23+00:00","23.730453","93.83918","Low","360","0.2026652482468","1","16.829355","16.829355","16.829355","0.53","1.0"
"IND_S3_20260415_I233","India","2026-04-15 04:08:23+00:00","22.37189","93.520966","Low","360","0.1792061137303704","1","14.195993","14.195993","14.195993","0.5","1.0"
"IND_S3_20260415_I237","India","2026-04-15 04:08:23+00:00","21.750898","92.85792","Low","360","0.165313536744643","1","12.472329","12.472329","12.472329","0.49","1.0"
"IND_S3_20260415_I224","India","2026-04-15 04:08:23+00:00","23.246847","93.46172","Low","360","0.1648197694781128","1","13.800425","13.800425","13.800425","0.46","1.0"
"IND_S3_20260415_I238","India","2026-04-15 04:08:23+00:00","21.46221","93.01832","Low","360","0.1600291453278904","1","12.579311","12.579311","12.579311","0.47","1.0"
"IND_S3_20260415_I230","India","2026-04-15 04:08:23+00:00","22.431824","93.88814","Low","360","0.1596922463660721","1","10.848362","10.848362","10.848362","0.51","1.0"
"IND_S3_20260415_I248","India","2026-04-15 04:08:23+00:00","12.405772","92.83798","Low","360","0.1563697722882185","1","12.041035","12.041035","12.041035","0.47","1.0"
"IND_S3_20260415_I226","India","2026-04-15 04:08:23+00:00","23.324768","92.184006","Low","360","0.155330395367838","1","11.892076","11.892076","11.892076","0.47","1.0"
"IND_S3_20260415_I229","India","2026-04-15 04:08:23+00:00","22.942078","92.30875","Low","360","0.1450451153477613","1","11.710226","11.710226","11.710226","0.44","1.0"
"IND_S3_20260415_I223","India","2026-04-15 04:08:23+00:00","23.72993","91.54863","Low","360","0.1434684251713168","1","11.490645","11.490645","11.490645","0.44","1.0"
"IND_S3_20260415_I243","India","2026-04-15 04:08:23+00:00","20.850672","93.43115","Low","360","0.1031117811877744","1","10.139637","10.139637","10.139637","0.34","1.0"
"IND_S3_20260415_I017","India","2026-04-15 04:42:41+00:00","27.458687","83.01833","Low","360","0.2959986807416714","1","15.746924","15.746924","15.746924","0.86","1.0"
"IND_S3_20260415_I028","India","2026-04-15 04:42:41+00:00","26.386684","83.91572","Low","360","0.2846481937435899","1","14.785259","14.785259","14.785259","0.84","1.0"
"IND_S3_20260415_I012","India","2026-04-15 04:42:41+00:00","28.146345","81.05442","Low","360","0.2609483018744129","1","13.338067","13.338067","13.338067","0.79","1.0"
"IND_S3_20260415_I001","India","2026-04-15 04:42:41+00:00","37.138577","84.37272","Low","360","0.257261644053895","1","11.46213","11.46213","11.46213","0.82","1.0"
"IND_S3_20260415_I024","India","2026-04-15 04:42:41+00:00","26.983873","82.986725","Low","360","0.2552197108642771","1","10.786641","10.786641","10.786641","0.83","1.0"
"IND_S3_20260415_I002","India","2026-04-15 04:42:41+00:00","32.988712","83.32142","Low","360","0.2525222005182626","1","14.418657","14.418657","14.418657","0.74","1.0"
"IND_S3_20260415_I029","India","2026-04-15 04:42:41+00:00","25.006973","85.46091","Low","360","0.2478466701122796","1","13.164543","13.164543","13.164543","0.75","1.0"
"IND_S3_20260415_I020","India","2026-04-15 04:42:41+00:00","27.95525","80.13702","Low","360","0.2360516435563146","1","12.285728","12.285728","12.285728","0.73","1.0"
"IND_S3_20260415_I026","India","2026-04-15 04:42:41+00:00","27.935284","77.21089","Low","360","0.2351852236318967","1","12.602757","12.602757","12.602757","0.72","1.0"
"IND_S3_20260415_I027","India","2026-04-15 04:42:41+00:00","26.800547","82.97997","Low","360","0.2306647900276876","1","11.517784","11.517784","11.517784","0.73","1.0"
"IND_S3_20260415_I011","India","2026-04-15 04:42:41+00:00","28.210665","81.39469","Low","360","0.2243598060893825","1","13.245107","13.245107","13.245107","0.67","1.0"
"IND_S3_20260415_I004","India","2026-04-15 04:42:41+00:00","30.757336","81.25486","Low","360","0.2132755170642939","1","11.191538","11.191538","11.191538","0.68","1.0"
"IND_S3_20260415_C000","India","2026-04-15 04:42:41+00:00","37.478977333333326","85.48453","Low","360","0.197177250158579","3","17.336814","17.64914","52.010442","0.2366666666666666","1.0227788173291867"
"IND_S3_20260415_I009","India","2026-04-15 04:42:41+00:00","28.309505","81.49496","Low","360","0.1848857624032267","1","11.005698","11.005698","11.005698","0.59","1.0"
"IND_S3_20260415_I006","India","2026-04-15 04:42:41+00:00","28.672771","81.78308","Low","360","0.1810946851983032","1","12.145944","12.145944","12.145944","0.55","1.0"
"IND_S3_20260415_I013","India","2026-04-15 04:42:41+00:00","27.293907","84.764496","Low","360","0.1657312263608649","1","11.666206","11.666206","11.666206","0.51","1.0"
"IND_S3_20260415_I005","India","2026-04-15 04:42:41+00:00","29.20906","80.97919","Low","360","0.1631441772663737","1","10.519327","10.519327","10.519327","0.53","1.0"
"IND_S3_20260415_I031","India","2026-04-15 04:42:41+00:00","28.401592","81.32311","Low","360","0.1005479155586772","1","32.433594","32.433594","32.433594","0.0","1.0"
"IND_S3_20260415_I156","India","2026-04-15 04:47:41+00:00","16.697584","77.970146","Low","360","0.2994911829484629","1","16.992863","16.992863","16.992863","0.85","1.0"
"IND_S3_20260415_C021","India","2026-04-15 04:47:41+00:00","18.652776666666664","80.85316","Low","360","0.2994184653192805","3","15.842463333333331","19.386587","47.52739","0.5766666666666667","1.0"
"IND_S3_20260415_I133","India","2026-04-15 04:47:41+00:00","18.988363","82.17643","Low","360","0.2966051634533683","1","18.899817","18.899817","18.899817","0.81","1.0"
"IND_S3_20260415_I104","India","2026-04-15 04:47:41+00:00","22.492342","79.48732","Low","360","0.2932026071132303","1","13.699809","13.699809","13.699809","0.89","1.0"
"IND_S3_20260415_I099","India","2026-04-15 04:47:41+00:00","23.293741","76.72385","Low","360","0.2919924061509711","1","14.498998","14.498998","14.498998","0.87","1.0"
"IND_S3_20260415_I046","India","2026-04-15 04:47:41+00:00","24.968485","78.20658","Low","360","0.2913905297646652","1","14.396234","14.396234","14.396234","0.87","1.0"
"IND_S3_20260415_I152","India","2026-04-15 04:47:41+00:00","18.57675","74.57041","Low","360","0.2896449534473981","1","17.426327","17.426327","17.426327","0.81","1.0"
"IND_S3_20260415_I108","India","2026-04-15 04:47:41+00:00","21.926361","81.73038","Low","360","0.2877275699723956","1","14.799114","14.799114","14.799114","0.85","1.0"
"IND_S3_20260415_I068","India","2026-04-15 04:47:41+00:00","23.149464","82.29976","Low","360","0.2863787205978586","1","15.632561","15.632561","15.632561","0.83","1.0"
"IND_S3_20260415_I105","India","2026-04-15 04:47:41+00:00","23.119585","76.07122","Low","360","0.286104867093334","1","14.01215","14.01215","14.01215","0.86","1.0"
"IND_S3_20260415_I151","India","2026-04-15 04:47:41+00:00","17.8894","78.61255","Low","360","0.2856223949662836","1","16.625025","16.625025","16.625025","0.81","1.0"
"IND_S3_20260415_I035","India","2026-04-15 04:47:41+00:00","25.581488","78.49675","Low","360","0.2856201817529355","1","14.435364","14.435364","14.435364","0.85","1.0"
"IND_S3_20260415_I036","India","2026-04-15 04:47:41+00:00","25.429129","78.78418","Low","360","0.2809963029690774","1","13.666328","13.666328","13.666328","0.85","1.0"
"IND_S3_20260415_I048","India","2026-04-15 04:47:41+00:00","24.145117","81.77111","Low","360","0.2792099333953753","1","12.910602","12.910602","12.910602","0.86","1.0"
"IND_S3_20260415_I081","India","2026-04-15 04:47:41+00:00","23.60774","78.2259","Low","360","0.2784397966974371","1","13.257707","13.257707","13.257707","0.85","1.0"
"IND_S3_20260415_I039","India","2026-04-15 04:47:41+00:00","24.878744","81.08323","Low","360","0.2776410822775109","1","13.608858","13.608858","13.608858","0.84","1.0"
"IND_S3_20260415_I137","India","2026-04-15 04:47:41+00:00","19.239235","80.05771","Low","360","0.277456468961253","1","13.579079","13.579079","13.579079","0.84","1.0"
"IND_S3_20260415_I066","India","2026-04-15 04:47:41+00:00","24.01996","79.25927","Low","360","0.277007736062859","1","13.996042","13.996042","13.996042","0.83","1.0"
"IND_S3_20260415_I114","India","2026-04-15 04:47:41+00:00","21.66114","81.41471","Low","360","0.2716790874814752","1","12.677212","12.677212","12.677212","0.84","1.0"
"IND_S3_20260415_I157","India","2026-04-15 04:47:41+00:00","16.305845","78.91474","Low","360","0.2675855984848369","1","12.512902","12.512902","12.512902","0.83","1.0"
"IND_S3_20260415_I044","India","2026-04-15 04:47:41+00:00","24.653133","80.72787","Low","360","0.2647747395564965","1","12.099538","12.099538","12.099538","0.83","1.0"
"IND_S3_20260415_I139","India","2026-04-15 04:47:41+00:00","19.07362","79.29524","Low","360","0.2590896021977853","1","12.588388","12.588388","12.588388","0.8","1.0"
"IND_S3_20260415_I110","India","2026-04-15 04:47:41+00:00","22.922756","76.08349","Low","360","0.2575690611276139","1","12.812415","12.812415","12.812415","0.79","1.0"
"IND_S3_20260415_I160","India","2026-04-15 04:47:41+00:00","15.65489","78.86372","Low","360","0.2566360865039436","1","12.670713","12.670713","12.670713","0.79","1.0"
"IND_S3_20260415_I167","India","2026-04-15 04:47:41+00:00","14.360258","78.86701","Low","360","0.2566119389274625","1","13.604153","13.604153","13.604153","0.77","1.0"
"IND_S3_20260415_I112","India","2026-04-15 04:47:41+00:00","22.490288","77.464935","Low","360","0.2561506315953724","1","11.725058","11.725058","11.725058","0.81","1.0"
"IND_S3_20260415_I169","India","2026-04-15 04:47:41+00:00","14.923796","75.318794","Low","360","0.2555760990316211","1","15.485662","15.485662","15.485662","0.73","1.0"
"IND_S3_20260415_I053","India","2026-04-15 04:47:41+00:00","25.049128","76.45298","Low","360","0.2521076230040087","1","13.847589","13.847589","13.847589","0.75","1.0"
"IND_S3_20260415_I073","India","2026-04-15 04:47:41+00:00","23.958841","77.831635","Low","360","0.2511178044573326","1","11.442333","11.442333","11.442333","0.8","1.0"
"IND_S3_20260415_I056","India","2026-04-15 04:47:41+00:00","24.538412","78.6492","Low","360","0.249910616456936","1","12.119226","12.119226","12.119226","0.78","1.0"
"IND_S3_20260415_I080","India","2026-04-15 04:47:41+00:00","23.69792","77.797516","Low","360","0.2495009489302679","1","12.500265","12.500265","12.500265","0.77","1.0"
"IND_S3_20260415_I119","India","2026-04-15 04:47:41+00:00","21.14271","81.86474","Low","360","0.2471091641967564","1","11.304392","11.304392","11.304392","0.79","1.0"
"IND_S3_20260415_I172","India","2026-04-15 04:47:41+00:00","14.165827","77.48586","Low","360","0.2456632210693245","1","11.109309","11.109309","11.109309","0.79","1.0"
"IND_S3_20260415_I159","India","2026-04-15 04:47:41+00:00","15.837331","79.060524","Low","360","0.2456556563874908","1","12.374721","12.374721","12.374721","0.76","1.0"
"IND_S3_20260415_I061","India","2026-04-15 04:47:41+00:00","24.38702","78.65062","Low","360","0.2441308946758278","1","10.905946","10.905946","10.905946","0.79","1.0"
"IND_S3_20260415_I033","India","2026-04-15 04:47:41+00:00","24.906803","83.030136","Low","360","0.241665593179091","1","10.585906","10.585906","10.585906","0.79","1.0"
"IND_S3_20260415_I150","India","2026-04-15 04:47:41+00:00","17.768541","80.43338","Low","360","0.239912096722347","1","12.412684","12.412684","12.412684","0.74","1.0"
"IND_S3_20260415_I074","India","2026-04-15 04:47:41+00:00","23.991245","77.558014","Low","360","0.2351170763984875","1","10.515877","10.515877","10.515877","0.77","1.0"
"IND_S3_20260415_I155","India","2026-04-15 04:47:41+00:00","16.56968","78.76889","Low","360","0.2313445013664481","1","11.612181","11.612181","11.612181","0.73","1.0"
"IND_S3_20260415_I122","India","2026-04-15 04:47:41+00:00","21.179356","80.6794","Low","360","0.2310664906489496","1","10.766697","10.766697","10.766697","0.75","1.0"
"IND_S3_20260415_I153","India","2026-04-15 04:47:41+00:00","17.628126","78.97153","Low","360","0.226439627962341","1","10.946643","10.946643","10.946643","0.73","1.0"
"IND_S3_20260415_I142","India","2026-04-15 04:47:41+00:00","18.545809","80.579666","Low","360","0.2238726518436247","1","11.827015","11.827015","11.827015","0.7","1.0"
"IND_S3_20260415_I170","India","2026-04-15 04:47:41+00:00","14.685971","76.29283","Low","360","0.2237391565785733","1","12.23992","12.23992","12.23992","0.69","1.0"
"IND_S3_20260415_I162","India","2026-04-15 04:47:41+00:00","15.563707","78.657875","Low","360","0.2234277254483339","1","13.574448","13.574448","13.574448","0.66","1.0"
"IND_S3_20260415_I041","India","2026-04-15 04:47:41+00:00","25.070524","79.730316","Low","360","0.2199169882862396","1","10.115679","10.115679","10.115679","0.73","1.0"
"IND_S3_20260415_I168","India","2026-04-15 04:47:41+00:00","14.29295","78.57287","Low","360","0.2179513394204584","1","12.271007","12.271007","12.271007","0.67","1.0"
"IND_S3_20260415_I134","India","2026-04-15 04:47:41+00:00","19.251558","80.758705","Low","360","0.198139983303737","1","10.776259","10.776259","10.776259","0.64","1.0"
"IND_S3_20260415_I051","India","2026-04-15 04:47:41+00:00","23.55237","84.17177","Low","360","0.1975368348075705","1","12.807496","12.807496","12.807496","0.59","1.0"
"IND_S3_20260415_I123","India","2026-04-15 04:47:41+00:00","20.52225","82.46014","Low","360","0.1890331707896201","1","10.007622","10.007622","10.007622","0.63","1.0"
"IND_S3_20260415_I140","India","2026-04-15 04:47:41+00:00","19.031408","79.10469","Low","360","0.1880003623822021","1","10.628855","10.628855","10.628855","0.61","1.0"
"IND_S3_20260415_I158","India","2026-04-15 04:47:41+00:00","16.04428","79.76595","Low","360","0.1827381274949033","1","10.724069","10.724069","10.724069","0.59","1.0"
"IND_S3_20260415_I146","India","2026-04-15 04:47:41+00:00","17.746805","82.737625","Low","360","0.1810686800846184","1","12.142166","12.142166","12.142166","0.55","1.0"
"IND_S3_20260415_I130","India","2026-04-15 04:47:41+00:00","19.756996","80.96919","Low","360","0.175822076270958","1","10.227436","10.227436","10.227436","0.58","1.0"
"IND_S3_20260415_I040","India","2026-04-15 04:47:41+00:00","23.673244","86.33659","Low","360","0.1669974974297561","1","11.425799","11.425799","11.425799","0.52","1.0"
"IND_S3_20260415_I115","India","2026-04-15 04:47:41+00:00","20.784683","85.2002","Low","360","0.1570698022487967","1","11.29904","11.29904","11.29904","0.49","1.0"
"IND_S3_20260415_I126","India","2026-04-15 04:47:41+00:00","19.773403","84.84433","Low","360","0.103276934435275","1","10.15999","10.15999","10.15999","0.34","1.0"
"IND_S3_20260415_I178","India","2026-04-15 04:47:41+00:00","23.208729","78.40684","Low","360","0.0548408136741418","1","19.173462","19.173462","19.173462","0.0","1.0"
"IND_S3_20260415_I186","India","2026-04-15 04:47:41+00:00","10.311647","77.553925","Low","360","0.023412353922048","1","13.253383","13.253383","13.253383","0.0","1.0"
"IND_S3_20260415_I183","India","2026-04-15 04:47:41+00:00","18.758955","82.10947","Low","360","0.0076907477388222","1","10.979848","10.979848","10.979848","0.0","1.0"
"IND_S3_20260415_I251","India","2026-04-15 05:45:46+00:00","22.5059","70.938194","Low","360","0.2768396398286026","1","14.47285","14.47285","14.47285","0.82","1.0"
"IND_S3_20260415_I249","India","2026-04-15 05:45:46+00:00","29.912025","72.66118","Low","360","0.1841090421154714","1","12.591308","12.591308","12.591308","0.55","1.0"
"IND_S3_20260415_I253","India","2026-04-15 05:50:46+00:00","21.575508","70.251945","Low","360","0.298867446428544","1","15.72265","15.72265","15.72265","0.87","1.0"
"IND_S3_20260415_I252","India","2026-04-15 05:50:46+00:00","21.678574","70.26884","Low","360","0.2410858865820072","1","11.715955","11.715955","11.715955","0.76","1.0"
"IND_S3_20260415_I254","India","2026-04-15 15:14:22+00:00","18.076862","95.86322","Low","360","0.2934949752861625","1","11.915549","11.915549","11.915549","0.93","1.0"
"IND_S3_20260415_I258","India","2026-04-15 15:14:22+00:00","22.528025","96.366005","Low","360","0.2596571265437989","1","10.975397","10.975397","10.975397","0.84","1.0"
"IND_S3_20260415_I259","India","2026-04-15 15:14:22+00:00","21.787636","92.41082","Low","360","0.0880333705434549","1","13.51106","13.51106","13.51106","0.21","1.0"
"IND_S3_20260415_I190","India","2026-04-15 15:52:32+00:00","22.202696","93.684845","Low","360","0.2909887732187378","1","15.37899","15.37899","15.37899","0.85","1.0"
"IND_S3_20260415_I188","India","2026-04-15 15:52:32+00:00","21.84864","92.71924","Low","360","0.1710610235749177","1","11.162669","11.162669","11.162669","0.54","1.0"
"IND_S3_20260415_I198","India","2026-04-15 15:57:32+00:00","27.736238","82.827065","Low","360","0.278366355095016","1","10.675992","10.675992","10.675992","0.91","1.0"
"IND_S3_20260415_I197","India","2026-04-15 15:57:32+00:00","27.343662","82.66679","Low","360","0.267046522826081","1","11.570711","11.570711","11.570711","0.85","1.0"
"IND_S3_20260415_I203","India","2026-04-15 15:57:32+00:00","28.495037","81.994385","Low","360","0.2327956914676169","1","10.602578","10.602578","10.602578","0.76","1.0"
"IND_S3_20260415_I202","India","2026-04-15 15:57:32+00:00","28.86215","81.48802","Low","360","0.2205267204853094","1","10.568136","10.568136","10.568136","0.72","1.0"
"IND_S3_20260415_I191","India","2026-04-15 15:57:32+00:00","22.034166","83.74809","Low","360","0.2203909973251877","1","17.374678","17.374678","17.374678","0.58","1.0"
"IND_S3_20260415_I264","India","2026-04-15 16:53:57+00:00","18.68427","73.03464","Low","360","0.2830492965543412","1","10.507253","10.507253","10.507253","0.93","1.0"
"IND_S3_20260415_I262","India","2026-04-15 16:53:57+00:00","18.678202","76.416664","Low","360","0.2215178405021201","1","10.695558","10.695558","10.695558","0.72","1.0"
"IND_S3_20260415_I285","India","2026-04-15 16:58:57+00:00","23.617159","75.90381","Low","360","0.2907192531789799","1","13.783991","13.783991","13.783991","0.88","1.0"
"IND_S3_20260415_I295","India","2026-04-15 16:58:57+00:00","28.044333","69.8902","Low","360","0.2857754948810174","1","11.672405","11.672405","11.672405","0.91","1.0"
"IND_S3_20260415_I293","India","2026-04-15 16:58:57+00:00","24.771402","76.891426","Low","360","0.2508473982720888","1","13.164657","13.164657","13.164657","0.76","1.0"
"IND_S3_20260415_I287","India","2026-04-15 16:58:57+00:00","23.957863","77.67076","Low","360","0.2477332880779729","1","13.623754","13.623754","13.623754","0.74","1.0"
"IND_S3_20260415_I282","India","2026-04-15 16:58:57+00:00","23.770092","77.695015","Low","360","0.2437593674902372","1","14.459128","14.459128","14.459128","0.71","1.0"
"IND_S3_20260415_I276","India","2026-04-15 16:58:57+00:00","23.567213","77.657326","Low","360","0.230169722155782","1","13.694467","13.694467","13.694467","0.68","1.0"
"IND_S3_20260415_I277","India","2026-04-15 16:58:57+00:00","23.656792","77.472534","Low","360","0.2257496857090702","1","13.4656315","13.4656315","13.4656315","0.67","1.0"
"IND_S3_20260415_I296","India","2026-04-15 16:58:57+00:00","23.499954","77.28696","Low","360","0.1877355056205663","1","11.389869","11.389869","11.389869","0.59","1.0"
"IND_S3_20260415_I273","India","2026-04-15 16:58:57+00:00","23.18482","77.53668","Low","360","0.1626209467341494","1","11.238174","11.238174","11.238174","0.51","1.0"
"IND_S3_20260415_I283","India","2026-04-15 16:58:57+00:00","23.900972","78.35542","Low","360","0.1376466003302267","1","10.330223","10.330223","10.330223","0.45","1.0"
"IND_S3_20260415_I281","India","2026-04-15 16:58:57+00:00","23.501778","76.221436","Low","360","0.1189740280729718","1","13.184496","13.184496","13.184496","0.32","1.0"
"IND_S3_20260415_I292","India","2026-04-15 16:58:57+00:00","24.406038","76.190056","Low","360","0.0798467537725302","1","12.255675","12.255675","12.255675","0.21","1.0"
"IND_S3_20260415_I267","India","2026-04-15 16:58:57+00:00","22.130033","79.58971","Low","360","0.0335406071083275","1","14.9417305","14.9417305","14.9417305","0.0","1.0"
"IND_S3_20260415_I269","India","2026-04-15 16:58:57+00:00","22.397434","79.95886","Low","360","0.0179270433892873","1","12.4149","12.4149","12.4149","0.0","1.0"
"IND_S3_20260415_I290","India","2026-04-15 16:58:57+00:00","24.213999","77.910515","Low","360","0.0166075372370988","1","12.220673","12.220673","12.220673","0.0","1.0"
"IND_S3_20260415_I294","India","2026-04-15 16:58:57+00:00","24.989344","77.903206","Low","360","0.0052903543100527","1","10.666188","10.666188","10.666188","0.0","1.0"
"IND_S3_20260415_I272","India","2026-04-15 16:58:57+00:00","23.080605","77.60194","Low","360","0.0010905319249746","1","10.137021","10.137021","10.137021","0.0","1.0"
"IND_S3_20260416_C017","India","2026-04-16 03:36:48+00:00","37.31602633333333","93.66158683333332","Low","360","0.2479582168589749","6","24.07974433333333","26.56107","144.478466","0.11","1.5479265960912243"
"IND_S3_20260416_I095","India","2026-04-16 03:41:48+00:00","23.139818","97.33208","Low","360","0.298064064066946","1","20.609922","20.609922","20.609922","0.79","1.0"
"IND_S3_20260416_I116","India","2026-04-16 03:41:48+00:00","17.9837","96.734215","Low","360","0.2807720884102087","1","15.705034","15.705034","15.705034","0.81","1.0"
"IND_S3_20260416_I099","India","2026-04-16 03:41:48+00:00","22.634245","96.22248","Low","360","0.2754746166234035","1","18.871124","18.871124","18.871124","0.74","1.0"
"IND_S3_20260416_I106","India","2026-04-16 03:41:48+00:00","19.757933","97.76798","Low","360","0.252976157198881","1","17.29062","17.29062","17.29062","0.69","1.0"
"IND_S3_20260416_I101","India","2026-04-16 03:41:48+00:00","20.517443","97.46069","Low","360","0.251221217337027","1","13.702833","13.702833","13.702833","0.75","1.0"
"IND_S3_20260416_I107","India","2026-04-16 03:41:48+00:00","20.260649","93.23546","Low","360","0.2444747803596317","1","16.211582","16.211582","16.211582","0.68","1.0"
"IND_S3_20260416_I109","India","2026-04-16 03:41:48+00:00","19.239027","96.76987","Low","360","0.2284880030086247","1","16.598864","16.598864","16.598864","0.62","1.0"
"IND_S3_20260416_I113","India","2026-04-16 03:41:48+00:00","19.021526","93.77514","Low","360","0.2122224106457362","1","11.876698","11.876698","11.876698","0.66","1.0"
"IND_S3_20260416_I098","India","2026-04-16 03:41:48+00:00","23.028227","97.32503","Low","360","0.200127209008632","1","14.694623","14.694623","14.694623","0.56","1.0"
"IND_S3_20260416_I097","India","2026-04-16 03:41:48+00:00","23.757198","93.84922","Low","360","0.1984318363610245","1","16.587942","16.587942","16.587942","0.52","1.0"
"IND_S3_20260416_C019","India","2026-04-16 03:41:48+00:00","19.472742666666665","96.62246666666668","Low","360","0.1973466493940185","3","12.744194166666666","13.851249","38.2325825","0.3166666666666666","4.682313031371182"
"IND_S3_20260416_I115","India","2026-04-16 03:41:48+00:00","18.640907","94.482834","Low","360","0.1901136054607611","1","14.0136","14.0136","14.0136","0.54","1.0"
"IND_S3_20260416_I108","India","2026-04-16 03:41:48+00:00","19.265593","97.050224","Low","360","0.1781826229799859","1","12.602366","12.602366","12.602366","0.53","1.0"
"IND_S3_20260416_I100","India","2026-04-16 03:41:48+00:00","23.010492","93.59185","Low","360","0.1484885146119511","1","10.563252","10.563252","10.563252","0.48","1.0"
"IND_S3_20260416_I114","India","2026-04-16 03:41:48+00:00","18.365114","96.95148","Low","360","0.1473190961515278","1","11.60864","11.60864","11.60864","0.45","1.0"
"IND_S3_20260416_I094","India","2026-04-16 03:41:48+00:00","25.098122","94.96242","Low","360","0.1010685920998148","1","10.637628","10.637628","10.637628","0.32","1.0"
"IND_S3_20260416_I105","India","2026-04-16 03:41:48+00:00","20.86934","92.76342","Low","360","0.0993935324346519","1","10.051553","10.051553","10.051553","0.33","1.0"
"IND_S3_20260416_C021","India","2026-04-16 03:41:48+00:00","26.535001666666663","95.82340833333336","Low","360","0.0950772391642015","3","11.830812666666668","12.601691","35.492438","0.0","1.0797428858094975"
"IND_S3_20260416_I001","India","2026-04-16 04:16:07+00:00","37.43883","89.258606","Low","360","0.2764723714229619","1","19.091476","19.091476","19.091476","0.74","1.0"
"IND_S3_20260416_I003","India","2026-04-16 04:16:07+00:00","30.549374","86.35678","Low","360","0.2560072663223309","1","16.122873","16.122873","16.122873","0.72","1.0"
"IND_S3_20260416_I002","India","2026-04-16 04:16:07+00:00","31.047953","86.641525","Low","360","0.2555892968024911","1","14.950312","14.950312","14.950312","0.74","1.0"
"IND_S3_20260416_I005","India","2026-04-16 04:16:07+00:00","28.36795","82.144806","Low","360","0.247565037946794","1","20.729912","20.729912","20.729912","0.62","1.0"
"IND_S3_20260416_C000","India","2026-04-16 04:16:07+00:00","31.2501998","83.5677542","Low","360","0.2212151281301989","5","18.828961","21.59329","94.144805","0.1379999999999999","1.3461903335438026"
"IND_S3_20260416_C001","India","2026-04-16 04:16:07+00:00","28.80815275","85.67910749999999","Low","360","0.1788030866507119","4","12.04833425","13.551092","48.193337","0.19","1.58404794386057"
"IND_S3_20260416_C002","India","2026-04-16 04:16:07+00:00","27.566545000000005","87.8408275","Low","360","0.1386101487571025","4","11.51831175","12.421125","46.073247","0.075","1.066163849255751"
"IND_S3_20260416_I017","India","2026-04-16 04:21:07+00:00","26.567553","83.31115","Low","360","0.2924062032835368","1","20.691797","20.691797","20.691797","0.77","1.0"
"IND_S3_20260416_I046","India","2026-04-16 04:21:07+00:00","19.507975","84.10984","Low","360","0.2883637689048234","1","18.41288","18.41288","18.41288","0.79","1.0"
"IND_S3_20260416_C007","India","2026-04-16 04:21:07+00:00","14.027501375000002","79.06865025","Low","360","0.2740404031230312","4","25.79822275","32.117405","103.192891","0.27","5.404093864848538"
"IND_S3_20260416_I044","India","2026-04-16 04:21:07+00:00","21.185879","79.43211","Low","360","0.2734700477788984","1","19.09096","19.09096","19.09096","0.73","1.0"
"IND_S3_20260416_I021","India","2026-04-16 04:21:07+00:00","25.219847","83.85486","Low","360","0.2724778284057356","1","14.755563","14.755563","14.755563","0.8","1.0"
"IND_S3_20260416_I013","India","2026-04-16 04:21:07+00:00","27.35788","83.01606","Low","360","0.2685647483133944","1","20.021128","20.021128","20.021128","0.7","1.0"
"IND_S3_20260416_I049","India","2026-04-16 04:21:07+00:00","18.018438","82.067566","Low","360","0.2441001132038602","1","17.933199","17.933199","17.933199","0.65","1.0"
"IND_S3_20260416_I015","India","2026-04-16 04:21:07+00:00","26.97651","82.880875","Low","360","0.2417558118606491","1","15.702029","15.702029","15.702029","0.68","1.0"
"IND_S3_20260416_I043","India","2026-04-16 04:21:07+00:00","20.793938","85.25368","Low","360","0.213543509167441","1","13.919294","13.919294","13.919294","0.62","1.0"
"IND_S3_20260416_I023","India","2026-04-16 04:21:07+00:00","22.57632","92.43096","Low","360","0.2084124333082859","1","17.379032","17.379032","17.379032","0.54","1.0"
"IND_S3_20260416_I020","India","2026-04-16 04:21:07+00:00","24.631977","88.352005","Low","360","0.1928941449406191","1","13.488747","13.488747","13.488747","0.56","1.0"
"IND_S3_20260416_I033","India","2026-04-16 04:21:07+00:00","21.561125","92.53278","Low","360","0.1797528806679763","1","14.8035345","14.8035345","14.8035345","0.49","1.0"
"IND_S3_20260416_I032","India","2026-04-16 04:21:07+00:00","21.726849","92.45969","Low","360","0.1774734812451599","1","14.4103565","14.4103565","14.4103565","0.49","1.0"
"IND_S3_20260416_I048","India","2026-04-16 04:21:07+00:00","19.263702","81.2941","Low","360","0.1550242000945531","1","12.729483","12.729483","12.729483","0.45","1.0"
"IND_S3_20260416_C006","India","2026-04-16 04:21:07+00:00","18.681046666666663","81.15205933333333","Low","360","0.1478712290930278","3","11.535084499999998","13.471916","34.6052535","0.17","1.1419247094304277"
"IND_S3_20260416_I030","India","2026-04-16 04:21:07+00:00","21.854343","92.43529","Low","360","0.1463517060304822","1","11.895113","11.895113","11.895113","0.44","1.0"
"IND_S3_20260416_I050","India","2026-04-16 04:21:07+00:00","17.580414","81.46326","Low","360","0.1415079362253133","1","11.222897","11.222897","11.222897","0.44","1.0"
"IND_S3_20260416_I009","India","2026-04-16 04:21:07+00:00","27.328434","84.84807","Low","360","0.1304140137829391","1","11.345921","11.345921","11.345921","0.4","1.0"
"IND_S3_20260416_I008","India","2026-04-16 04:21:07+00:00","28.07086","82.07987","Low","360","0.1246143530174171","1","12.221669","12.221669","12.221669","0.36","1.0"
"IND_S3_20260416_I031","India","2026-04-16 04:21:07+00:00","21.804392","92.58872","Low","360","0.1007514159252587","1","11.392048","11.392048","11.392048","0.3","1.0"
"IND_S3_20260416_I054","India","2026-04-16 04:21:07+00:00","27.16672","82.8425","Low","360","0.0550988923871083","1","19.231089","19.231089","19.231089","0.0","1.0"
"IND_S3_20260416_I059","India","2026-04-16 04:26:07+00:00","9.580188","78.48604","Low","360","0.2337684862901464","1","17.656576","17.656576","17.656576","0.62","1.0"
"IND_S3_20260416_I136","India","2026-04-16 05:19:16+00:00","23.596333","74.87573","Low","360","0.2860621274034887","1","13.515673","13.515673","13.515673","0.87","1.0"
"IND_S3_20260416_I122","India","2026-04-16 05:19:16+00:00","32.859177","74.09438","Low","360","0.2829306242765621","1","17.897764","17.897764","17.897764","0.78","1.0"
"IND_S3_20260416_C023","India","2026-04-16 05:19:16+00:00","29.546491666666668","72.43659666666666","Low","360","0.2649182688790789","3","11.67895","13.633754","35.03685","0.5566666666666666","3.685439569876823"
"IND_S3_20260416_I127","India","2026-04-16 05:19:16+00:00","24.678318","77.43742","Low","360","0.2515636242733646","1","12.811585","12.811585","12.811585","0.77","1.0"
"IND_S3_20260416_I125","India","2026-04-16 05:19:16+00:00","29.12666","71.52133","Low","360","0.2344326753951282","1","15.459549","15.459549","15.459549","0.66","1.0"
"IND_S3_20260416_I124","India","2026-04-16 05:19:16+00:00","29.628143","73.07887","Low","360","0.2333481838371847","1","11.894611","11.894611","11.894611","0.73","1.0"
"IND_S3_20260416_C022","India","2026-04-16 05:19:16+00:00","35.67225925","76.11211187500001","Low","360","0.230569469675501","8","14.291605375","19.368856","114.332843","0.09375","2.918803724270411"
"IND_S3_20260416_I121","India","2026-04-16 05:19:16+00:00","34.142845","80.26908","Low","360","0.1420938567011904","1","12.589027","12.589027","12.589027","0.41","1.0"
"IND_S3_20260416_I152","India","2026-04-16 05:24:16+00:00","19.423176","75.30546","Low","360","0.2886724707776694","1","14.964982","14.964982","14.964982","0.85","1.0"
"IND_S3_20260416_I144","India","2026-04-16 05:24:16+00:00","22.763151","70.68478","Low","360","0.286460266816304","1","13.579691","13.579691","13.579691","0.87","1.0"
"IND_S3_20260416_I163","India","2026-04-16 05:24:16+00:00","16.271982","74.34597","Low","360","0.2807527373410835","1","13.626898","13.626898","13.626898","0.85","1.0"
"IND_S3_20260416_I145","India","2026-04-16 05:24:16+00:00","21.54625","75.71668","Low","360","0.2768726971935549","1","12.55585","12.55585","12.55585","0.86","1.0"
"IND_S3_20260416_I146","India","2026-04-16 05:24:16+00:00","21.935724","70.80105","Low","360","0.2750961909610417","1","11.439361","11.439361","11.439361","0.88","1.0"
"IND_S3_20260416_I162","India","2026-04-16 05:24:16+00:00","16.23787","74.71445","Low","360","0.2456626575717082","1","16.43905","16.43905","16.43905","0.68","1.0"
"IND_S3_20260416_I153","India","2026-04-16 05:24:16+00:00","19.096064","73.65043","Low","360","0.2383426300655656","1","11.336184","11.336184","11.336184","0.76","1.0"
"IND_S3_20260416_I154","India","2026-04-16 05:24:16+00:00","18.155437","75.053276","Low","360","0.2235306051319876","1","12.209436","12.209436","12.209436","0.69","1.0"
"IND_S3_20260416_I151","India","2026-04-16 05:24:16+00:00","19.359457","75.73438","Low","360","0.2222232426531502","1","11.184496","11.184496","11.184496","0.71","1.0"
"IND_S3_20260416_I159","India","2026-04-16 05:24:16+00:00","17.128466","74.32953","Low","360","0.2198366260412265","1","11.267383","11.267383","11.267383","0.7","1.0"
"IND_S3_20260416_I164","India","2026-04-16 05:24:16+00:00","15.974735","74.602005","Low","360","0.2061220509617172","1","12.296071","12.296071","12.296071","0.63","1.0"
"IND_S3_20260416_I166","India","2026-04-16 05:24:16+00:00","15.909741","73.94032","Low","360","0.1233315197439733","1","10.801216","10.801216","10.801216","0.39","1.0"
"IND_S3_20260416_I170","India","2026-04-16 05:24:16+00:00","21.882664","69.45564","Low","360","0.0285662058887994","1","14.088894","14.088894","14.088894","0.0","1.0"
"IND_S3_20260416_I169","India","2026-04-16 05:24:16+00:00","20.43021","76.623405","Low","360","0.0207204673907553","1","12.835549","12.835549","12.835549","0.0","1.0"
"IND_S3_20260416_I064","India","2026-04-16 15:26:43+00:00","20.225718","93.79049","Low","360","0.2537782869608205","1","11.395729","11.395729","11.395729","0.81","1.0"
"IND_S3_20260416_I061","India","2026-04-16 15:26:43+00:00","19.856245","94.2754","Low","360","0.2172025147714631","1","10.526757","10.526757","10.526757","0.71","1.0"
"IND_S3_20260416_I067","India","2026-04-16 15:31:43+00:00","23.343666","92.24005","Low","360","0.2897279920073142","1","13.622898","13.622898","13.622898","0.88","1.0"
"IND_S3_20260416_I173","India","2026-04-16 16:28:08+00:00","18.361687","80.69786","Low","360","0.2748815031229878","1","10.234813","10.234813","10.234813","0.91","1.0"
"IND_S3_20260416_I171","India","2026-04-16 16:28:08+00:00","9.49041","80.203896","Low","360","0.2365064554121018","1","12.352683","12.352683","12.352683","0.73","1.0"
"IND_S3_20260416_I172","India","2026-04-16 16:28:08+00:00","14.540774","78.96317","Low","360","0.1223353387821285","1","14.217713","14.217713","14.217713","0.31","1.0"
"IND_S3_20260416_I202","India","2026-04-16 16:33:08+00:00","24.179247","77.77138","Low","360","0.2619974371038596","1","10.500659","10.500659","10.500659","0.86","1.0"
"IND_S3_20260416_I206","India","2026-04-16 16:33:08+00:00","23.808374","75.332504","Low","360","0.2511601519812627","1","10.269468","10.269468","10.269468","0.83","1.0"
"IND_S3_20260416_I203","India","2026-04-16 16:33:08+00:00","23.778612","75.74579","Low","360","0.2508843538572778","1","10.235167","10.235167","10.235167","0.83","1.0"
"IND_S3_20260416_I186","India","2026-04-16 16:33:08+00:00","23.387463","76.87645","Low","360","0.2463327757536028","1","10.044134","10.044134","10.044134","0.82","1.0"
"IND_S3_20260416_C016","India","2026-04-16 16:33:08+00:00","25.03722475","76.5571285","Low","360","0.2406624239036967","4","18.59555675","23.964487","74.382227","0.25","2.230760891908277"
"IND_S3_20260416_I214","India","2026-04-16 16:33:08+00:00","20.231913","75.18409","Low","360","0.228997312504629","1","10.125552","10.125552","10.125552","0.76","1.0"
"IND_S3_20260416_C033","India","2026-04-16 16:33:08+00:00","27.202491666666663","83.00229","Low","360","0.2031186457674032","3","12.140331333333334","13.18052","36.420994","0.35","4.04180733238324"
"IND_S3_20260416_I176","India","2026-04-16 16:33:08+00:00","20.024529","74.17554","Low","360","0.0345578688828761","1","10.194697","10.194697","10.194697","0.11","1.0"
"IND_S3_20260416_I213","India","2026-04-16 16:33:08+00:00","28.31097","81.97029","Low","360","0.0131828481411114","1","11.72959","11.72959","11.72959","0.0","1.0"
"IND_S3_20260416_C011","India","2026-04-16 17:11:17+00:00","23.25411825","75.88210124999999","Low","360","0.2446412703032685","4","21.89684875","25.55499","87.587395","0.2299999999999999","1.3498627014617317"
"IND_S3_20260416_I068","India","2026-04-16 17:11:17+00:00","22.040808","76.49325","Low","360","0.2123722406632332","1","13.727396","13.727396","13.727396","0.62","1.0"
"IND_S3_20260416_I083","India","2026-04-16 17:11:17+00:00","24.6614","76.932365","Low","360","0.2122056164487544","1","16.351177","16.351177","16.351177","0.57","1.0"
"IND_S3_20260416_I091","India","2026-04-16 17:11:17+00:00","24.302464","68.214775","Low","360","0.1696413381162268","1","13.132433","13.132433","13.132433","0.49","1.0"
"IND_S3_20260416_C015","India","2026-04-16 17:11:17+00:00","25.02257875","76.411856","Low","360","0.1578389024011862","4","18.043899","20.695347","72.175596","0.0","1.3031521524558178"
"IND_S3_20260416_C012","India","2026-04-16 17:11:17+00:00","23.339889666666664","75.74455","Low","360","0.1534427443417521","3","15.799259333333334","20.814499","47.397778","0.08","3.7917994149900127"
"IND_S3_20260416_I086","India","2026-04-16 17:11:17+00:00","24.60134","74.64051","Low","360","0.141310103012637","1","21.153105","21.153105","21.153105","0.26","1.0"
"IND_S3_20260416_I077","India","2026-04-16 17:11:17+00:00","23.404951","76.65767","Low","360","0.0794882564092763","1","10.563219","10.563219","10.563219","0.25","1.0"
"IND_S3_20260416_I070","India","2026-04-16 17:11:17+00:00","23.016197","77.69203","Low","360","0.0642941434164358","1","21.395367","21.395367","21.395367","0.0","1.0"
"IND_S3_20260416_I082","India","2026-04-16 17:11:17+00:00","24.18453","75.936295","Low","360","0.0624446806987905","1","17.589924","17.589924","17.589924","0.05","1.0"
"IND_S3_20260416_I092","India","2026-04-16 17:11:17+00:00","23.634052","75.94288","Low","360","0.0537153307639066","1","18.924063","18.924063","18.924063","0.0","1.0"
"IND_S3_20260416_I075","India","2026-04-16 17:11:17+00:00","23.467815","77.69567","Low","360","0.0533485045181333","1","18.843445","18.843445","18.843445","0.0","1.0"
"IND_S3_20260416_I081","India","2026-04-16 17:11:17+00:00","23.824646","76.183876","Low","360","0.0364980524392138","1","15.471447","15.471447","15.471447","0.0","1.0"
"IND_S3_20260416_I090","India","2026-04-16 17:11:17+00:00","25.474363","75.91118","Low","360","0.0320577813824544","1","14.682584","14.682584","14.682584","0.0","1.0"
"IND_S3_20260416_I078","India","2026-04-16 17:11:17+00:00","23.749205","76.644135","Low","360","0.022814612498184","1","13.159525","13.159525","13.159525","0.0","1.0"
"IND_S3_20260416_I072","India","2026-04-16 17:11:17+00:00","23.115318","76.70625","Low","360","0.0202824411577555","1","12.768727","12.768727","12.768727","0.0","1.0"
"IND_S3_20260416_I085","India","2026-04-16 17:11:17+00:00","24.806356","77.026215","Low","360","0.0174234753660243","1","12.340442","12.340442","12.340442","0.0","1.0"
