region,case_id,base_id,family,normalised_auc_retention_observation_success_percent,normalised_auc_retention_s100_surviving_before_deadline_percent
India,T180_P03_H0500_I0600_CN030_F1,T180_P03_H0500_I0600_F1,capacity_degradation,0.9549950544015825,0.9556087187666137
India,T180_P03_H0500_I0600_CN030_F1,T180_P03_H0500_I0600_F1,ground_station_outage,0.9009108143752061,0.9042574871522241
India,T180_P03_H0500_I0600_CN030_F1,T180_P03_H0500_I0600_F1,link_window_outage,0.9672931091328718,0.9313219918483077
India,T180_P03_H0500_I0600_CN030_F1,T180_P03_H0500_I0600_F1,random_cn_failure,0.9739449390042861,0.8964292043239411
India,T180_P03_H0500_I0600_CN030_F1,T180_P03_H0500_I0600_F1,random_satellite_failure,0.9713361358391033,0.9100345560871878
India,T180_P03_H0500_I0600_CN030_F1,T180_P03_H0500_I0600_F1,targeted_cn_failure,0.9631552917903066,0.9346092503987241
India,T180_P03_H0500_I0600_CN040_F1,T180_P03_H0500_I0600_F1,capacity_degradation,0.9495738636363635,0.9419642857142857
India,T180_P03_H0500_I0600_CN040_F1,T180_P03_H0500_I0600_F1,ground_station_outage,0.8801057449494949,0.8831803902116403
India,T180_P03_H0500_I0600_CN040_F1,T180_P03_H0500_I0600_F1,link_window_outage,0.9636994949494948,0.9366360780423281
India,T180_P03_H0500_I0600_CN040_F1,T180_P03_H0500_I0600_F1,random_cn_failure,0.9656092171717172,0.9154017857142857
India,T180_P03_H0500_I0600_CN040_F1,T180_P03_H0500_I0600_F1,random_satellite_failure,0.9667574179292929,0.9246941137566137
India,T180_P03_H0500_I0600_CN040_F1,T180_P03_H0500_I0600_F1,targeted_cn_failure,0.970407196969697,0.947172619047619
India,T180_P03_H0500_I0600_CN050_F1,T180_P03_H0500_I0600_F1,capacity_degradation,0.963869463869464,0.9543395326657129
India,T180_P03_H0500_I0600_CN050_F1,T180_P03_H0500_I0600_F1,ground_station_outage,0.9098096348096348,0.9110832935940234
India,T180_P03_H0500_I0600_CN050_F1,T180_P03_H0500_I0600_F1,link_window_outage,0.9775446775446777,0.9496701637259577
India,T180_P03_H0500_I0600_CN050_F1,T180_P03_H0500_I0600_F1,random_cn_failure,0.9814568764568765,0.9435463360356064
India,T180_P03_H0500_I0600_CN050_F1,T180_P03_H0500_I0600_F1,random_satellite_failure,0.9805167055167057,0.9461055476076934
India,T180_P03_H0500_I0600_CN050_F1,T180_P03_H0500_I0600_F1,targeted_cn_failure,0.9637529137529138,0.8209346685741535
India,T180_P03_H0500_I0600_CN060_F1,T180_P03_H0500_I0600_F1,capacity_degradation,0.9723374827109268,0.949771689497717
India,T180_P03_H0500_I0600_CN060_F1,T180_P03_H0500_I0600_F1,ground_station_outage,0.8944713385584753,0.8958866057838659
India,T180_P03_H0500_I0600_CN060_F1,T180_P03_H0500_I0600_F1,link_window_outage,0.9825879821730443,0.9502968036529681
India,T180_P03_H0500_I0600_CN060_F1,T180_P03_H0500_I0600_F1,random_cn_failure,0.9839595819886278,0.9474771689497717
India,T180_P03_H0500_I0600_CN060_F1,T180_P03_H0500_I0600_F1,random_satellite_failure,0.9848778238819732,0.9502435312024353
India,T180_P03_H0500_I0600_CN060_F1,T180_P03_H0500_I0600_F1,targeted_cn_failure,0.977293683725219,0.9006849315068493
India,T180_P03_H0500_I0600_CN070_F1,T180_P03_H0500_I0600_F1,capacity_degradation,0.9803383630544126,0.9643835616438355
India,T180_P03_H0500_I0600_CN070_F1,T180_P03_H0500_I0600_F1,ground_station_outage,0.9062261850327696,0.9076331811263318
India,T180_P03_H0500_I0600_CN070_F1,T180_P03_H0500_I0600_F1,link_window_outage,0.9874980948026217,0.9756164383561644
India,T180_P03_H0500_I0600_CN070_F1,T180_P03_H0500_I0600_F1,random_cn_failure,0.9893385154702029,0.9740601217656012
India,T180_P03_H0500_I0600_CN070_F1,T180_P03_H0500_I0600_F1,random_satellite_failure,0.9889117512574305,0.978759512937595
India,T180_P03_H0500_I0600_CN070_F1,T180_P03_H0500_I0600_F1,targeted_cn_failure,0.9894833104709648,0.9842465753424658
India,T180_P03_H0500_I0600_CN080_F1,T180_P03_H0500_I0600_F1,capacity_degradation,0.9860730593607306,0.9808219178082193
India,T180_P03_H0500_I0600_CN080_F1,T180_P03_H0500_I0600_F1,ground_station_outage,0.9031392694063924,0.9036605783866055
India,T180_P03_H0500_I0600_CN080_F1,T180_P03_H0500_I0600_F1,link_window_outage,0.9928805175038052,0.9925494672754945
India,T180_P03_H0500_I0600_CN080_F1,T180_P03_H0500_I0600_F1,random_cn_failure,0.9940220700152208,0.9934398782343986
India,T180_P03_H0500_I0600_CN080_F1,T180_P03_H0500_I0600_F1,random_satellite_failure,0.9941818873668189,0.993538812785388
India,T180_P03_H0500_I0600_CN080_F1,T180_P03_H0500_I0600_F1,targeted_cn_failure,0.9917808219178081,0.9915525114155251
India,T180_P03_H0500_I0600_CN090_F1,T180_P03_H0500_I0600_F1,capacity_degradation,0.9885844748858447,0.9961187214611872
India,T180_P03_H0500_I0600_CN090_F1,T180_P03_H0500_I0600_F1,ground_station_outage,0.9002739726027399,0.9020091324200913
India,T180_P03_H0500_I0600_CN090_F1,T180_P03_H0500_I0600_F1,link_window_outage,0.9966133942161338,0.9989269406392691
India,T180_P03_H0500_I0600_CN090_F1,T180_P03_H0500_I0600_F1,random_cn_failure,0.9971841704718415,0.9994901065449007
India,T180_P03_H0500_I0600_CN090_F1,T180_P03_H0500_I0600_F1,random_satellite_failure,0.9977168949771688,0.9997108066971078
India,T180_P03_H0500_I0600_CN090_F1,T180_P03_H0500_I0600_F1,targeted_cn_failure,0.997716894977169,1.0
India,T180_P03_H0500_I0600_CN100_F1,T180_P03_H0500_I0600_F1,capacity_degradation,0.9918949771689498,0.9986301369863014
India,T180_P03_H0500_I0600_CN100_F1,T180_P03_H0500_I0600_F1,ground_station_outage,0.8791019786910197,0.8815144596651446
India,T180_P03_H0500_I0600_CN100_F1,T180_P03_H0500_I0600_F1,link_window_outage,0.998546423135464,0.9999999999999997
India,T180_P03_H0500_I0600_CN100_F1,T180_P03_H0500_I0600_F1,random_cn_failure,0.9989611872146116,0.9999999999999997
India,T180_P03_H0500_I0600_CN100_F1,T180_P03_H0500_I0600_F1,random_satellite_failure,0.9988812785388125,0.9999999999999997
India,T180_P03_H0500_I0600_CN100_F1,T180_P03_H0500_I0600_F1,targeted_cn_failure,0.9906392694063927,0.9817351598173516
India,T180_P03_H0500_I0800_CN030_F1,T180_P03_H0500_I0800_F1,capacity_degradation,0.9248885172798217,0.9126838235294116
India,T180_P03_H0500_I0800_CN030_F1,T180_P03_H0500_I0800_F1,ground_station_outage,0.8700994054254922,0.8712469362745099
India,T180_P03_H0500_I0800_CN030_F1,T180_P03_H0500_I0800_F1,link_window_outage,0.9374860646599777,0.9107689950980391
India,T180_P03_H0500_I0800_CN030_F1,T180_P03_H0500_I0800_F1,random_cn_failure,0.9470364176885916,0.9164317810457516
India,T180_P03_H0500_I0800_CN030_F1,T180_P03_H0500_I0800_F1,random_satellite_failure,0.9451365663322185,0.9218647875816992
India,T180_P03_H0500_I0800_CN030_F1,T180_P03_H0500_I0800_F1,targeted_cn_failure,0.9559643255295429,0.8858762254901962
India,T180_P03_H0500_I0800_CN040_F1,T180_P03_H0500_I0800_F1,capacity_degradation,0.9244123931623933,0.905187074829932
India,T180_P03_H0500_I0800_CN040_F1,T180_P03_H0500_I0800_F1,ground_station_outage,0.8757256054131055,0.8786422902494331
India,T180_P03_H0500_I0800_CN040_F1,T180_P03_H0500_I0800_F1,link_window_outage,0.9493500712250713,0.9273951247165532
India,T180_P03_H0500_I0800_CN040_F1,T180_P03_H0500_I0800_F1,random_cn_failure,0.9624643874643876,0.9335837112622827
India,T180_P03_H0500_I0800_CN040_F1,T180_P03_H0500_I0800_F1,random_satellite_failure,0.9568331552706553,0.9374669312169311
India,T180_P03_H0500_I0800_CN040_F1,T180_P03_H0500_I0800_F1,targeted_cn_failure,0.9479166666666667,0.901360544217687
India,T180_P03_H0500_I0800_CN050_F1,T180_P03_H0500_I0800_F1,capacity_degradation,0.913500506585613,0.8673780487804879
India,T180_P03_H0500_I0800_CN050_F1,T180_P03_H0500_I0800_F1,ground_station_outage,0.892240797028031,0.8867589769647696
India,T180_P03_H0500_I0800_CN050_F1,T180_P03_H0500_I0800_F1,link_window_outage,0.9448201621073962,0.9104463075880759
India,T180_P03_H0500_I0800_CN050_F1,T180_P03_H0500_I0800_F1,random_cn_failure,0.9616176967240798,0.9296790311653117
India,T180_P03_H0500_I0800_CN050_F1,T180_P03_H0500_I0800_F1,random_satellite_failure,0.9537571766295171,0.9231495596205962
India,T180_P03_H0500_I0800_CN050_F1,T180_P03_H0500_I0800_F1,targeted_cn_failure,0.9617527862208715,0.8677591463414632
India,T180_P03_H0500_I0800_CN060_F1,T180_P03_H0500_I0800_F1,capacity_degradation,0.9274274274274273,0.8679733727810653
India,T180_P03_H0500_I0800_CN060_F1,T180_P03_H0500_I0800_F1,ground_station_outage,0.8835502168835502,0.878690006574622
India,T180_P03_H0500_I0800_CN060_F1,T180_P03_H0500_I0800_F1,link_window_outage,0.9635969302635968,0.934249671268902
India,T180_P03_H0500_I0800_CN060_F1,T180_P03_H0500_I0800_F1,random_cn_failure,0.9741574908241575,0.9487878040762656
India,T180_P03_H0500_I0800_CN060_F1,T180_P03_H0500_I0800_F1,random_satellite_failure,0.9666374708041374,0.9432733399079554
India,T180_P03_H0500_I0800_CN060_F1,T180_P03_H0500_I0800_F1,targeted_cn_failure,0.967092092092092,0.8934911242603552
India,T180_P03_H0500_I0800_CN070_F1,T180_P03_H0500_I0800_F1,capacity_degradation,0.9333333333333333,0.8869731800766284
India,T180_P03_H0500_I0800_CN070_F1,T180_P03_H0500_I0800_F1,ground_station_outage,0.8686815920398009,0.8656489463601533
India,T180_P03_H0500_I0800_CN070_F1,T180_P03_H0500_I0800_F1,link_window_outage,0.9696683250414594,0.9436701787994892
India,T180_P03_H0500_I0800_CN070_F1,T180_P03_H0500_I0800_F1,random_cn_failure,0.9813971807628524,0.9600335249042147
India,T180_P03_H0500_I0800_CN070_F1,T180_P03_H0500_I0800_F1,random_satellite_failure,0.9752487562189054,0.9570282567049808
India,T180_P03_H0500_I0800_CN070_F1,T180_P03_H0500_I0800_F1,targeted_cn_failure,0.966542288557214,0.9309147509578544
India,T180_P03_H0500_I0800_CN080_F1,T180_P03_H0500_I0800_F1,capacity_degradation,0.9348687469044081,0.8970170454545454
India,T180_P03_H0500_I0800_CN080_F1,T180_P03_H0500_I0800_F1,ground_station_outage,0.8721933300313687,0.8716145833333333
India,T180_P03_H0500_I0800_CN080_F1,T180_P03_H0500_I0800_F1,link_window_outage,0.9755819712729074,0.966457544191919
India,T180_P03_H0500_I0800_CN080_F1,T180_P03_H0500_I0800_F1,random_cn_failure,0.9827142149578999,0.9763297032828284
India,T180_P03_H0500_I0800_CN080_F1,T180_P03_H0500_I0800_F1,random_satellite_failure,0.9802171041769853,0.9767992424242422
India,T180_P03_H0500_I0800_CN080_F1,T180_P03_H0500_I0800_F1,targeted_cn_failure,0.9628528974739969,0.9454308712121212
India,T180_P03_H0500_I0800_CN090_F1,T180_P03_H0500_I0800_F1,capacity_degradation,0.9384003974167908,0.9126647834274951
India,T180_P03_H0500_I0800_CN090_F1,T180_P03_H0500_I0800_F1,ground_station_outage,0.8979218413644644,0.8951035781544256
India,T180_P03_H0500_I0800_CN090_F1,T180_P03_H0500_I0800_F1,link_window_outage,0.9840495115085276,0.9801082862523541
India,T180_P03_H0500_I0800_CN090_F1,T180_P03_H0500_I0800_F1,random_cn_failure,0.986669978473257,0.9854637476459509
India,T180_P03_H0500_I0800_CN090_F1,T180_P03_H0500_I0800_F1,random_satellite_failure,0.9843765524093392,0.9857540803515378
India,T180_P03_H0500_I0800_CN090_F1,T180_P03_H0500_I0800_F1,targeted_cn_failure,0.9740437158469945,0.9670433145009416
India,T180_P03_H0500_I0800_CN100_F1,T180_P03_H0500_I0800_F1,capacity_degradation,0.904867256637168,0.9130536130536131
India,T180_P03_H0500_I0800_CN100_F1,T180_P03_H0500_I0800_F1,ground_station_outage,0.8944895116355293,0.8932983682983682
India,T180_P03_H0500_I0800_CN100_F1,T180_P03_H0500_I0800_F1,link_window_outage,0.974397738446411,0.9820784770784772
India,T180_P03_H0500_I0800_CN100_F1,T180_P03_H0500_I0800_F1,random_cn_failure,0.9791748607014095,0.9885742035742039
India,T180_P03_H0500_I0800_CN100_F1,T180_P03_H0500_I0800_F1,random_satellite_failure,0.977085381842019,0.9860295260295261
India,T180_P03_H0500_I0800_CN100_F1,T180_P03_H0500_I0800_F1,targeted_cn_failure,0.9310471976401179,0.9362470862470862
India,T180_P03_H0500_I0986_CN030_F1,T180_P03_H0500_I0986_F1,capacity_degradation,1.0,0.9369095816464239
India,T180_P03_H0500_I0986_CN030_F1,T180_P03_H0500_I0986_F1,ground_station_outage,0.8736877164934718,0.8643780926675665
India,T180_P03_H0500_I0986_CN030_F1,T180_P03_H0500_I0986_F1,link_window_outage,1.0,0.9302294197031041
India,T180_P03_H0500_I0986_CN030_F1,T180_P03_H0500_I0986_F1,random_cn_failure,1.0,0.9405926675663517
India,T180_P03_H0500_I0986_CN030_F1,T180_P03_H0500_I0986_F1,random_satellite_failure,1.0,0.9496176338281601
India,T180_P03_H0500_I0986_CN030_F1,T180_P03_H0500_I0986_F1,targeted_cn_failure,1.0,0.9450067476383267
India,T180_P03_H0500_I0986_CN040_F1,T180_P03_H0500_I0986_F1,capacity_degradation,1.0,0.9413099870298315
India,T180_P03_H0500_I0986_CN040_F1,T180_P03_H0500_I0986_F1,ground_station_outage,0.8685651478816948,0.8551448335495029
India,T180_P03_H0500_I0986_CN040_F1,T180_P03_H0500_I0986_F1,link_window_outage,1.0,0.9546368352788588
India,T180_P03_H0500_I0986_CN040_F1,T180_P03_H0500_I0986_F1,random_cn_failure,1.0,0.9663316039775185
India,T180_P03_H0500_I0986_CN040_F1,T180_P03_H0500_I0986_F1,random_satellite_failure,1.0,0.9671422395157804
India,T180_P03_H0500_I0986_CN040_F1,T180_P03_H0500_I0986_F1,targeted_cn_failure,1.0,0.9619001297016863
India,T180_P03_H0500_I0986_CN050_F1,T180_P03_H0500_I0986_F1,capacity_degradation,1.0,0.9457289659601799
India,T180_P03_H0500_I0986_CN050_F1,T180_P03_H0500_I0986_F1,ground_station_outage,0.8734012789768186,0.8602654677799187
India,T180_P03_H0500_I0986_CN050_F1,T180_P03_H0500_I0986_F1,link_window_outage,1.0,0.9740419610361807
India,T180_P03_H0500_I0986_CN050_F1,T180_P03_H0500_I0986_F1,random_cn_failure,1.0,0.9833440376792979
India,T180_P03_H0500_I0986_CN050_F1,T180_P03_H0500_I0986_F1,random_satellite_failure,1.0,0.985458146007279
India,T180_P03_H0500_I0986_CN050_F1,T180_P03_H0500_I0986_F1,targeted_cn_failure,1.0,0.9651573538856777
India,T180_P03_H0500_I0986_CN060_F1,T180_P03_H0500_I0986_F1,capacity_degradation,1.0,0.9433902593295381
India,T180_P03_H0500_I0986_CN060_F1,T180_P03_H0500_I0986_F1,ground_station_outage,0.8663002930988543,0.8619913556820579
India,T180_P03_H0500_I0986_CN060_F1,T180_P03_H0500_I0986_F1,link_window_outage,1.0,0.9806293485135988
India,T180_P03_H0500_I0986_CN060_F1,T180_P03_H0500_I0986_F1,random_cn_failure,1.0,0.9863377609108159
India,T180_P03_H0500_I0986_CN060_F1,T180_P03_H0500_I0986_F1,random_satellite_failure,1.0,0.9887465738983766
India,T180_P03_H0500_I0986_CN060_F1,T180_P03_H0500_I0986_F1,targeted_cn_failure,1.0,0.9710626185958254
India,T180_P03_H0500_I0986_CN070_F1,T180_P03_H0500_I0986_F1,capacity_degradation,1.0,0.9458489388264667
India,T180_P03_H0500_I0986_CN070_F1,T180_P03_H0500_I0986_F1,ground_station_outage,0.8732280841993071,0.8663025384935497
India,T180_P03_H0500_I0986_CN070_F1,T180_P03_H0500_I0986_F1,link_window_outage,1.0,0.9904754473574698
India,T180_P03_H0500_I0986_CN070_F1,T180_P03_H0500_I0986_F1,random_cn_failure,1.0,0.9936121514773198
India,T180_P03_H0500_I0986_CN070_F1,T180_P03_H0500_I0986_F1,random_satellite_failure,1.0,0.9943196004993758
India,T180_P03_H0500_I0986_CN070_F1,T180_P03_H0500_I0986_F1,targeted_cn_failure,1.0,0.9861111111111109
India,T180_P03_H0500_I0986_CN080_F1,T180_P03_H0500_I0986_F1,capacity_degradation,1.0,0.9555243445692884
India,T180_P03_H0500_I0986_CN080_F1,T180_P03_H0500_I0986_F1,ground_station_outage,0.880109245936584,0.8771899708697461
India,T180_P03_H0500_I0986_CN080_F1,T180_P03_H0500_I0986_F1,link_window_outage,1.0,0.9951570952975445
India,T180_P03_H0500_I0986_CN080_F1,T180_P03_H0500_I0986_F1,random_cn_failure,1.0,0.996650020807324
India,T180_P03_H0500_I0986_CN080_F1,T180_P03_H0500_I0986_F1,random_satellite_failure,1.0,0.9994694132334582
India,T180_P03_H0500_I0986_CN080_F1,T180_P03_H0500_I0986_F1,targeted_cn_failure,1.0,0.992353308364544
India,T180_P03_H0500_I0986_CN090_F1,T180_P03_H0500_I0986_F1,capacity_degradation,1.0,0.9455187231430325
India,T180_P03_H0500_I0986_CN090_F1,T180_P03_H0500_I0986_F1,ground_station_outage,0.8807953637090329,0.8732044198895027
India,T180_P03_H0500_I0986_CN090_F1,T180_P03_H0500_I0986_F1,link_window_outage,1.0,0.9891497851442603
India,T180_P03_H0500_I0986_CN090_F1,T180_P03_H0500_I0986_F1,random_cn_failure,1.0,0.9912113771229794
India,T180_P03_H0500_I0986_CN090_F1,T180_P03_H0500_I0986_F1,random_satellite_failure,1.0,0.9942858604460815
India,T180_P03_H0500_I0986_CN090_F1,T180_P03_H0500_I0986_F1,targeted_cn_failure,1.0,0.9892572130141192
India,T180_P03_H0500_I0986_CN100_F1,T180_P03_H0500_I0986_F1,capacity_degradation,1.0,0.9540540540540542
India,T180_P03_H0500_I0986_CN100_F1,T180_P03_H0500_I0986_F1,ground_station_outage,0.886763922195577,0.882792792792793
India,T180_P03_H0500_I0986_CN100_F1,T180_P03_H0500_I0986_F1,link_window_outage,1.0,0.9876326326326327
India,T180_P03_H0500_I0986_CN100_F1,T180_P03_H0500_I0986_F1,random_cn_failure,1.0,0.9932482482482482
India,T180_P03_H0500_I0986_CN100_F1,T180_P03_H0500_I0986_F1,random_satellite_failure,1.0,0.9924774774774775
India,T180_P03_H0500_I0986_CN100_F1,T180_P03_H0500_I0986_F1,targeted_cn_failure,1.0,0.9927927927927929
India,T180_P03_H0800_I0600_CN030_F1,T180_P03_H0800_I0600_F1,capacity_degradation,0.9555074555074554,0.9641693811074918
India,T180_P03_H0800_I0600_CN030_F1,T180_P03_H0800_I0600_F1,ground_station_outage,0.8952942119608788,0.8943856315598987
India,T180_P03_H0800_I0600_CN030_F1,T180_P03_H0800_I0600_F1,link_window_outage,0.9721620971620972,0.9292797683677162
India,T180_P03_H0800_I0600_CN030_F1,T180_P03_H0800_I0600_F1,random_cn_failure,0.9775092191758857,0.8720412595005427
India,T180_P03_H0800_I0600_CN030_F1,T180_P03_H0800_I0600_F1,random_satellite_failure,0.9777857944524608,0.9003483532392328
India,T180_P03_H0800_I0600_CN030_F1,T180_P03_H0800_I0600_F1,targeted_cn_failure,0.971981721981722,0.9379750271444081
India,T180_P03_H0800_I0600_CN040_F1,T180_P03_H0800_I0600_F1,capacity_degradation,0.9621956928838953,0.9536331300813008
India,T180_P03_H0800_I0600_CN040_F1,T180_P03_H0800_I0600_F1,ground_station_outage,0.888760143570537,0.8915862127371273
India,T180_P03_H0800_I0600_CN040_F1,T180_P03_H0800_I0600_F1,link_window_outage,0.9751872659176032,0.9374322493224932
India,T180_P03_H0800_I0600_CN040_F1,T180_P03_H0800_I0600_F1,random_cn_failure,0.9784722222222222,0.925681741192412
India,T180_P03_H0800_I0600_CN040_F1,T180_P03_H0800_I0600_F1,random_satellite_failure,0.9787258114856431,0.9251016260162603
India,T180_P03_H0800_I0600_CN040_F1,T180_P03_H0800_I0600_F1,targeted_cn_failure,0.9717930711610487,0.9288617886178862
India,T180_P03_H0800_I0600_CN050_F1,T180_P03_H0800_I0600_F1,capacity_degradation,0.9717611802674042,0.9547859547859547
India,T180_P03_H0800_I0600_CN050_F1,T180_P03_H0800_I0600_F1,ground_station_outage,0.8895458736745044,0.88821949655283
India,T180_P03_H0800_I0600_CN050_F1,T180_P03_H0800_I0600_F1,link_window_outage,0.981362378976487,0.9389931056597722
India,T180_P03_H0800_I0600_CN050_F1,T180_P03_H0800_I0600_F1,random_cn_failure,0.9843745197479639,0.9313451980118646
India,T180_P03_H0800_I0600_CN050_F1,T180_P03_H0800_I0600_F1,random_satellite_failure,0.9845474104810206,0.9350769600769601
India,T180_P03_H0800_I0600_CN050_F1,T180_P03_H0800_I0600_F1,targeted_cn_failure,0.98144306131858,0.7631072631072632
India,T180_P03_H0800_I0600_CN060_F1,T180_P03_H0800_I0600_F1,capacity_degradation,0.9792526364053186,0.9534246575342464
India,T180_P03_H0800_I0600_CN060_F1,T180_P03_H0800_I0600_F1,ground_station_outage,0.8909330582301696,0.8907914764079146
India,T180_P03_H0800_I0600_CN060_F1,T180_P03_H0800_I0600_F1,link_window_outage,0.988246981506954,0.9470129375951294
India,T180_P03_H0800_I0600_CN060_F1,T180_P03_H0800_I0600_F1,random_cn_failure,0.9899931224209078,0.9404908675799086
India,T180_P03_H0800_I0600_CN060_F1,T180_P03_H0800_I0600_F1,random_satellite_failure,0.989977838911814,0.9395700152207002
India,T180_P03_H0800_I0600_CN060_F1,T180_P03_H0800_I0600_F1,targeted_cn_failure,0.9848693259972489,0.9105022831050228
India,T180_P03_H0800_I0600_CN070_F1,T180_P03_H0800_I0600_F1,capacity_degradation,0.9848173515981735,0.9707762557077626
India,T180_P03_H0800_I0600_CN070_F1,T180_P03_H0800_I0600_F1,ground_station_outage,0.8971004566210043,0.8968873668188737
India,T180_P03_H0800_I0600_CN070_F1,T180_P03_H0800_I0600_F1,link_window_outage,0.9917884322678847,0.9762328767123288
India,T180_P03_H0800_I0600_CN070_F1,T180_P03_H0800_I0600_F1,random_cn_failure,0.9932153729071539,0.9637100456621004
India,T180_P03_H0800_I0600_CN070_F1,T180_P03_H0800_I0600_F1,random_satellite_failure,0.9927054794520548,0.9687442922374427
India,T180_P03_H0800_I0600_CN070_F1,T180_P03_H0800_I0600_F1,targeted_cn_failure,0.9908675799086756,0.9718036529680365
India,T180_P03_H0800_I0600_CN080_F1,T180_P03_H0800_I0600_F1,capacity_degradation,0.9926940639269406,0.9878995433789955
India,T180_P03_H0800_I0600_CN080_F1,T180_P03_H0800_I0600_F1,ground_station_outage,0.8935578386605783,0.8947640791476407
India,T180_P03_H0800_I0600_CN080_F1,T180_P03_H0800_I0600_F1,link_window_outage,0.9957914764079147,0.9930593607305933
India,T180_P03_H0800_I0600_CN080_F1,T180_P03_H0800_I0600_F1,random_cn_failure,0.9967884322678844,0.9904566210045661
India,T180_P03_H0800_I0600_CN080_F1,T180_P03_H0800_I0600_F1,random_satellite_failure,0.9968264840182646,0.9923363774733635
India,T180_P03_H0800_I0600_CN080_F1,T180_P03_H0800_I0600_F1,targeted_cn_failure,0.9949771689497717,0.991324200913242
India,T180_P03_H0800_I0600_CN090_F1,T180_P03_H0800_I0600_F1,capacity_degradation,0.9952054794520548,0.9997716894977169
India,T180_P03_H0800_I0600_CN090_F1,T180_P03_H0800_I0600_F1,ground_station_outage,0.8951560121765599,0.8973744292237441
India,T180_P03_H0800_I0600_CN090_F1,T180_P03_H0800_I0600_F1,link_window_outage,0.997800608828006,0.9987747336377469
India,T180_P03_H0800_I0600_CN090_F1,T180_P03_H0800_I0600_F1,random_cn_failure,0.9984322678843225,0.9979832572298323
India,T180_P03_H0800_I0600_CN090_F1,T180_P03_H0800_I0600_F1,random_satellite_failure,0.9986339421613394,0.9989726027397257
India,T180_P03_H0800_I0600_CN090_F1,T180_P03_H0800_I0600_F1,targeted_cn_failure,0.9993150684931507,1.0
India,T180_P03_H0800_I0600_CN100_F1,T180_P03_H0800_I0600_F1,capacity_degradation,0.997716894977169,1.0
India,T180_P03_H0800_I0600_CN100_F1,T180_P03_H0800_I0600_F1,ground_station_outage,0.8908637747336378,0.8958181126331811
India,T180_P03_H0800_I0600_CN100_F1,T180_P03_H0800_I0600_F1,link_window_outage,0.9990258751902586,0.9999999999999997
India,T180_P03_H0800_I0600_CN100_F1,T180_P03_H0800_I0600_F1,random_cn_failure,0.9995129375951292,0.9999999999999997
India,T180_P03_H0800_I0600_CN100_F1,T180_P03_H0800_I0600_F1,random_satellite_failure,0.9995205479452051,0.9999999999999997
India,T180_P03_H0800_I0600_CN100_F1,T180_P03_H0800_I0600_F1,targeted_cn_failure,0.9984018264840183,1.0
India,T180_P03_H0800_I0800_CN030_F1,T180_P03_H0800_I0800_F1,capacity_degradation,0.9496179560649476,0.92523953605648
India,T180_P03_H0800_I0800_CN030_F1,T180_P03_H0800_I0800_F1,ground_station_outage,0.8909781916587074,0.8845226088418222
India,T180_P03_H0800_I0800_CN030_F1,T180_P03_H0800_I0800_F1,link_window_outage,0.9574936326010823,0.9077029752899648
India,T180_P03_H0800_I0800_CN030_F1,T180_P03_H0800_I0800_F1,random_cn_failure,0.969595670168736,0.9140485795932088
India,T180_P03_H0800_I0800_CN030_F1,T180_P03_H0800_I0800_F1,random_satellite_failure,0.9669571792422798,0.9166708690536223
India,T180_P03_H0800_I0800_CN030_F1,T180_P03_H0800_I0800_F1,targeted_cn_failure,0.9477077363896846,0.8859051941502772
India,T180_P03_H0800_I0800_CN040_F1,T180_P03_H0800_I0800_F1,capacity_degradation,0.9551636698939603,0.9310502283105022
India,T180_P03_H0800_I0800_CN040_F1,T180_P03_H0800_I0800_F1,ground_station_outage,0.8905294298447826,0.8857800608828005
India,T180_P03_H0800_I0800_CN040_F1,T180_P03_H0800_I0800_F1,link_window_outage,0.9715037651759643,0.9265981735159817
India,T180_P03_H0800_I0800_CN040_F1,T180_P03_H0800_I0800_F1,random_cn_failure,0.9757069309973876,0.9272108066971081
India,T180_P03_H0800_I0800_CN040_F1,T180_P03_H0800_I0800_F1,random_satellite_failure,0.9761372368218841,0.927800608828006
India,T180_P03_H0800_I0800_CN040_F1,T180_P03_H0800_I0800_F1,targeted_cn_failure,0.9630013831258644,0.9138127853881278
India,T180_P03_H0800_I0800_CN050_F1,T180_P03_H0800_I0800_F1,capacity_degradation,0.9659090909090909,0.960958904109589
India,T180_P03_H0800_I0800_CN050_F1,T180_P03_H0800_I0800_F1,ground_station_outage,0.8938246097337007,0.8861225266362251
India,T180_P03_H0800_I0800_CN050_F1,T180_P03_H0800_I0800_F1,link_window_outage,0.9905876951331499,0.978694824961948
India,T180_P03_H0800_I0800_CN050_F1,T180_P03_H0800_I0800_F1,random_cn_failure,0.9930593816957454,0.9777016742770167
India,T180_P03_H0800_I0800_CN050_F1,T180_P03_H0800_I0800_F1,random_satellite_failure,0.9922214569941843,0.9782572298325722
India,T180_P03_H0800_I0800_CN050_F1,T180_P03_H0800_I0800_F1,targeted_cn_failure,0.9941460055096419,0.9710045662100456
India,T180_P03_H0800_I0800_CN060_F1,T180_P03_H0800_I0800_F1,capacity_degradation,0.9750800182898949,0.9853881278538814
India,T180_P03_H0800_I0800_CN060_F1,T180_P03_H0800_I0800_F1,ground_station_outage,0.8985520499923791,0.8892503805175037
India,T180_P03_H0800_I0800_CN060_F1,T180_P03_H0800_I0800_F1,link_window_outage,0.994654016156074,0.9963926940639266
India,T180_P03_H0800_I0800_CN060_F1,T180_P03_H0800_I0800_F1,random_cn_failure,0.9956637707666516,0.9930783866057837
India,T180_P03_H0800_I0800_CN060_F1,T180_P03_H0800_I0800_F1,random_satellite_failure,0.9950426764212774,0.9938203957382038
India,T180_P03_H0800_I0800_CN060_F1,T180_P03_H0800_I0800_F1,targeted_cn_failure,0.9902834933699133,0.9704337899543378
India,T180_P03_H0800_I0800_CN070_F1,T180_P03_H0800_I0800_F1,capacity_degradation,0.982371794871795,0.9915525114155251
India,T180_P03_H0800_I0800_CN070_F1,T180_P03_H0800_I0800_F1,ground_station_outage,0.8891674297924299,0.8823287671232874
India,T180_P03_H0800_I0800_CN070_F1,T180_P03_H0800_I0800_F1,link_window_outage,0.9979662698412699,0.9998211567732114
India,T180_P03_H0800_I0800_CN070_F1,T180_P03_H0800_I0800_F1,random_cn_failure,0.9983440170940173,0.9990715372907152
India,T180_P03_H0800_I0800_CN070_F1,T180_P03_H0800_I0800_F1,random_satellite_failure,0.998366910866911,0.9988660578386602
India,T180_P03_H0800_I0800_CN070_F1,T180_P03_H0800_I0800_F1,targeted_cn_failure,0.9955357142857143,0.9883561643835618
India,T180_P03_H0800_I0800_CN080_F1,T180_P03_H0800_I0800_F1,capacity_degradation,0.9875228937728938,0.997716894977169
India,T180_P03_H0800_I0800_CN080_F1,T180_P03_H0800_I0800_F1,ground_station_outage,0.8934676434676434,0.8901293759512937
India,T180_P03_H0800_I0800_CN080_F1,T180_P03_H0800_I0800_F1,link_window_outage,0.9993131868131869,0.9999695585996953
India,T180_P03_H0800_I0800_CN080_F1,T180_P03_H0800_I0800_F1,random_cn_failure,0.9995955433455436,0.9998401826484016
India,T180_P03_H0800_I0800_CN080_F1,T180_P03_H0800_I0800_F1,random_satellite_failure,0.9995879120879123,0.9999999999999997
India,T180_P03_H0800_I0800_CN080_F1,T180_P03_H0800_I0800_F1,targeted_cn_failure,0.9977106227106228,0.9972602739726029
India,T180_P03_H0800_I0800_CN090_F1,T180_P03_H0800_I0800_F1,capacity_degradation,0.9918727106227107,0.9990867579908677
India,T180_P03_H0800_I0800_CN090_F1,T180_P03_H0800_I0800_F1,ground_station_outage,0.9039835164835165,0.8994216133942159
India,T180_P03_H0800_I0800_CN090_F1,T180_P03_H0800_I0800_F1,link_window_outage,0.9999046092796094,0.9999999999999997
India,T180_P03_H0800_I0800_CN090_F1,T180_P03_H0800_I0800_F1,random_cn_failure,0.9999313186813189,0.9999999999999997
India,T180_P03_H0800_I0800_CN090_F1,T180_P03_H0800_I0800_F1,random_satellite_failure,0.9998855311355311,0.9999999999999997
India,T180_P03_H0800_I0800_CN090_F1,T180_P03_H0800_I0800_F1,targeted_cn_failure,1.0,1.0
India,T180_P03_H0800_I0800_CN100_F1,T180_P03_H0800_I0800_F1,capacity_degradation,0.994047619047619,0.9995433789954338
India,T180_P03_H0800_I0800_CN100_F1,T180_P03_H0800_I0800_F1,ground_station_outage,0.895898199023199,0.892796803652968
India,T180_P03_H0800_I0800_CN100_F1,T180_P03_H0800_I0800_F1,link_window_outage,1.000041971916972,0.9999999999999997
India,T180_P03_H0800_I0800_CN100_F1,T180_P03_H0800_I0800_F1,random_cn_failure,0.9999847374847375,0.9999999999999997
India,T180_P03_H0800_I0800_CN100_F1,T180_P03_H0800_I0800_F1,random_satellite_failure,0.9999771062271063,0.9999999999999997
India,T180_P03_H0800_I0800_CN100_F1,T180_P03_H0800_I0800_F1,targeted_cn_failure,0.9969093406593409,1.0
India,T180_P03_H0800_I0986_CN030_F1,T180_P03_H0800_I0986_F1,capacity_degradation,0.9935163996948891,0.965576323987539
India,T180_P03_H0800_I0986_CN030_F1,T180_P03_H0800_I0986_F1,ground_station_outage,0.8930015255530128,0.8774402907580477
India,T180_P03_H0800_I0986_CN030_F1,T180_P03_H0800_I0986_F1,link_window_outage,0.9957220950928042,0.9502076843198336
India,T180_P03_H0800_I0986_CN030_F1,T180_P03_H0800_I0986_F1,random_cn_failure,0.9946033562166285,0.9619781931464175
India,T180_P03_H0800_I0986_CN030_F1,T180_P03_H0800_I0986_F1,random_satellite_failure,0.9951055174167301,0.9624714434060228
India,T180_P03_H0800_I0986_CN030_F1,T180_P03_H0800_I0986_F1,targeted_cn_failure,0.9910373760488175,0.964797507788162
India,T180_P03_H0800_I0986_CN040_F1,T180_P03_H0800_I0986_F1,capacity_degradation,0.9912680334092634,0.954424778761062
India,T180_P03_H0800_I0986_CN040_F1,T180_P03_H0800_I0986_F1,ground_station_outage,0.876069349531764,0.8692330383480827
India,T180_P03_H0800_I0986_CN040_F1,T180_P03_H0800_I0986_F1,link_window_outage,0.9941976714755758,0.9477777777777777
India,T180_P03_H0800_I0986_CN040_F1,T180_P03_H0800_I0986_F1,random_cn_failure,0.9932865097443684,0.9551917404129795
India,T180_P03_H0800_I0986_CN040_F1,T180_P03_H0800_I0986_F1,random_satellite_failure,0.993647177929638,0.9588643067846608
India,T180_P03_H0800_I0986_CN040_F1,T180_P03_H0800_I0986_F1,targeted_cn_failure,0.9863325740318907,0.9504424778761063
India,T180_P03_H0800_I0986_CN050_F1,T180_P03_H0800_I0986_F1,capacity_degradation,0.9901515151515152,0.9457627118644069
India,T180_P03_H0800_I0986_CN050_F1,T180_P03_H0800_I0986_F1,ground_station_outage,0.8849116161616162,0.8774340866290019
India,T180_P03_H0800_I0986_CN050_F1,T180_P03_H0800_I0986_F1,link_window_outage,0.9945391414141415,0.9471233521657252
India,T180_P03_H0800_I0986_CN050_F1,T180_P03_H0800_I0986_F1,random_cn_failure,0.9958522727272727,0.956982109227872
India,T180_P03_H0800_I0986_CN050_F1,T180_P03_H0800_I0986_F1,random_satellite_failure,0.9955176767676768,0.9591242937853107
India,T180_P03_H0800_I0986_CN050_F1,T180_P03_H0800_I0986_F1,targeted_cn_failure,0.9929924242424242,0.9525423728813558
India,T180_P03_H0800_I0986_CN060_F1,T180_P03_H0800_I0986_F1,capacity_degradation,0.9855480480480481,0.9458195819581958
India,T180_P03_H0800_I0986_CN060_F1,T180_P03_H0800_I0986_F1,ground_station_outage,0.8879692192192193,0.8789053905390538
India,T180_P03_H0800_I0986_CN060_F1,T180_P03_H0800_I0986_F1,link_window_outage,0.9915290290290292,0.9592042537587093
India,T180_P03_H0800_I0986_CN060_F1,T180_P03_H0800_I0986_F1,random_cn_failure,0.9926051051051054,0.9668454345434543
India,T180_P03_H0800_I0986_CN060_F1,T180_P03_H0800_I0986_F1,random_satellite_failure,0.9914914914914916,0.9700815914924824
India,T180_P03_H0800_I0986_CN060_F1,T180_P03_H0800_I0986_F1,targeted_cn_failure,0.9889264264264263,0.9665841584158416
India,T180_P03_H0800_I0986_CN070_F1,T180_P03_H0800_I0986_F1,capacity_degradation,0.9905731523378584,0.937632696390658
India,T180_P03_H0800_I0986_CN070_F1,T180_P03_H0800_I0986_F1,ground_station_outage,0.8801533433886377,0.8791268577494693
India,T180_P03_H0800_I0986_CN070_F1,T180_P03_H0800_I0986_F1,link_window_outage,0.9945952740070386,0.9534058740268933
India,T180_P03_H0800_I0986_CN070_F1,T180_P03_H0800_I0986_F1,random_cn_failure,0.994469582704877,0.9604608987968862
India,T180_P03_H0800_I0986_CN070_F1,T180_P03_H0800_I0986_F1,random_satellite_failure,0.9941804927099045,0.9638667728237793
India,T180_P03_H0800_I0986_CN070_F1,T180_P03_H0800_I0986_F1,targeted_cn_failure,0.9960407239819005,0.9555467091295119
India,T180_P03_H0800_I0986_CN080_F1,T180_P03_H0800_I0986_F1,capacity_degradation,0.9776785714285713,0.92829754601227
India,T180_P03_H0800_I0986_CN080_F1,T180_P03_H0800_I0986_F1,ground_station_outage,0.8770895337301585,0.8810369802317656
India,T180_P03_H0800_I0986_CN080_F1,T180_P03_H0800_I0986_F1,link_window_outage,0.9897631448412698,0.9500383435582822
India,T180_P03_H0800_I0986_CN080_F1,T180_P03_H0800_I0986_F1,random_cn_failure,0.9907118055555556,0.954094239945467
India,T180_P03_H0800_I0986_CN080_F1,T180_P03_H0800_I0986_F1,random_satellite_failure,0.9913070436507937,0.9625298227675528
India,T180_P03_H0800_I0986_CN080_F1,T180_P03_H0800_I0986_F1,targeted_cn_failure,0.9912574404761904,0.9529652351738241
India,T180_P03_H0800_I0986_CN090_F1,T180_P03_H0800_I0986_F1,capacity_degradation,0.983744394618834,0.9297530864197531
India,T180_P03_H0800_I0986_CN090_F1,T180_P03_H0800_I0986_F1,ground_station_outage,0.8797521175884404,0.8739753086419753
India,T180_P03_H0800_I0986_CN090_F1,T180_P03_H0800_I0986_F1,link_window_outage,0.9932486297957149,0.9579218106995881
India,T180_P03_H0800_I0986_CN090_F1,T180_P03_H0800_I0986_F1,random_cn_failure,0.994114349775785,0.9657037037037036
India,T180_P03_H0800_I0986_CN090_F1,T180_P03_H0800_I0986_F1,random_satellite_failure,0.9940707523667165,0.9721728395061727
India,T180_P03_H0800_I0986_CN090_F1,T180_P03_H0800_I0986_F1,targeted_cn_failure,0.9932735426008967,0.961111111111111
India,T180_P03_H0800_I0986_CN100_F1,T180_P03_H0800_I0986_F1,capacity_degradation,0.9812127976190477,0.9334061135371178
India,T180_P03_H0800_I0986_CN100_F1,T180_P03_H0800_I0986_F1,ground_station_outage,0.8929625496031744,0.8829694323144105
India,T180_P03_H0800_I0986_CN100_F1,T180_P03_H0800_I0986_F1,link_window_outage,0.9933407738095238,0.974947436519489
India,T180_P03_H0800_I0986_CN100_F1,T180_P03_H0800_I0986_F1,random_cn_failure,0.9935639880952382,0.9870087336244543
India,T180_P03_H0800_I0986_CN100_F1,T180_P03_H0800_I0986_F1,random_satellite_failure,0.9936817956349205,0.9864062752709041
India,T180_P03_H0800_I0986_CN100_F1,T180_P03_H0800_I0986_F1,targeted_cn_failure,0.9886532738095237,0.9814410480349344
India,T180_P03_H1000_I0600_CN030_F1,T180_P03_H1000_I0600_F1,capacity_degradation,0.9592884431709646,0.9695459579180508
India,T180_P03_H1000_I0600_CN030_F1,T180_P03_H1000_I0600_F1,ground_station_outage,0.9047198344476278,0.9051033591731267
India,T180_P03_H1000_I0600_CN030_F1,T180_P03_H1000_I0600_F1,link_window_outage,0.9748487742757083,0.9297665190107052
India,T180_P03_H1000_I0600_CN030_F1,T180_P03_H1000_I0600_F1,random_cn_failure,0.9801615727475325,0.8982927279438909
India,T180_P03_H1000_I0600_CN030_F1,T180_P03_H1000_I0600_F1,random_satellite_failure,0.9804003502069404,0.8910991140642304
India,T180_P03_H1000_I0600_CN030_F1,T180_P03_H1000_I0600_F1,targeted_cn_failure,0.9748089780324737,0.9240033222591362
India,T180_P03_H1000_I0600_CN040_F1,T180_P03_H1000_I0600_F1,capacity_degradation,0.9623319425127491,0.9569187242798355
India,T180_P03_H1000_I0600_CN040_F1,T180_P03_H1000_I0600_F1,ground_station_outage,0.9006374594343995,0.9027777777777776
India,T180_P03_H1000_I0600_CN040_F1,T180_P03_H1000_I0600_F1,link_window_outage,0.9761551537629424,0.9293167009602196
India,T180_P03_H1000_I0600_CN040_F1,T180_P03_H1000_I0600_F1,random_cn_failure,0.9810887034461444,0.9119641632373112
India,T180_P03_H1000_I0600_CN040_F1,T180_P03_H1000_I0600_F1,random_satellite_failure,0.9804203368876526,0.9234182098765432
India,T180_P03_H1000_I0600_CN040_F1,T180_P03_H1000_I0600_F1,targeted_cn_failure,0.9756606397774686,0.9185956790123458
India,T180_P03_H1000_I0600_CN050_F1,T180_P03_H1000_I0600_F1,capacity_degradation,0.9766527970411466,0.9534742468415938
India,T180_P03_H1000_I0600_CN050_F1,T180_P03_H1000_I0600_F1,ground_station_outage,0.8957389428263217,0.898781179138322
India,T180_P03_H1000_I0600_CN050_F1,T180_P03_H1000_I0600_F1,link_window_outage,0.9899406688241641,0.9321833495302886
India,T180_P03_H1000_I0600_CN050_F1,T180_P03_H1000_I0600_F1,random_cn_failure,0.9938472800123286,0.9277615808228054
India,T180_P03_H1000_I0600_CN050_F1,T180_P03_H1000_I0600_F1,random_satellite_failure,0.9925836030204962,0.9256154842889538
India,T180_P03_H1000_I0600_CN050_F1,T180_P03_H1000_I0600_F1,targeted_cn_failure,0.9854368932038836,0.7919096209912537
India,T180_P03_H1000_I0600_CN060_F1,T180_P03_H1000_I0600_F1,capacity_degradation,0.9786236854138088,0.9513314967860421
India,T180_P03_H1000_I0600_CN060_F1,T180_P03_H1000_I0600_F1,ground_station_outage,0.8898986434994665,0.8925275482093664
India,T180_P03_H1000_I0600_CN060_F1,T180_P03_H1000_I0600_F1,link_window_outage,0.9900891632373114,0.9316192225283134
India,T180_P03_H1000_I0600_CN060_F1,T180_P03_H1000_I0600_F1,random_cn_failure,0.9919867398262462,0.9198079277624733
India,T180_P03_H1000_I0600_CN060_F1,T180_P03_H1000_I0600_F1,random_satellite_failure,0.9919562566681909,0.9279920416284052
India,T180_P03_H1000_I0600_CN060_F1,T180_P03_H1000_I0600_F1,targeted_cn_failure,0.9909693644261547,0.9097796143250689
India,T180_P03_H1000_I0600_CN070_F1,T180_P03_H1000_I0600_F1,capacity_degradation,0.9885844748858449,0.9636986301369863
India,T180_P03_H1000_I0600_CN070_F1,T180_P03_H1000_I0600_F1,ground_station_outage,0.893169710806697,0.8930859969558601
India,T180_P03_H1000_I0600_CN070_F1,T180_P03_H1000_I0600_F1,link_window_outage,0.9948896499238964,0.9668493150684931
India,T180_P03_H1000_I0600_CN070_F1,T180_P03_H1000_I0600_F1,random_cn_failure,0.9963964992389649,0.9585996955859971
India,T180_P03_H1000_I0600_CN070_F1,T180_P03_H1000_I0600_F1,random_satellite_failure,0.9961529680365295,0.9640639269406391
India,T180_P03_H1000_I0600_CN070_F1,T180_P03_H1000_I0600_F1,targeted_cn_failure,0.9970319634703197,0.9484018264840183
India,T180_P03_H1000_I0600_CN080_F1,T180_P03_H1000_I0600_F1,capacity_degradation,0.9929223744292237,0.9899543378995435
India,T180_P03_H1000_I0600_CN080_F1,T180_P03_H1000_I0600_F1,ground_station_outage,0.8994482496194824,0.8999124809741249
India,T180_P03_H1000_I0600_CN080_F1,T180_P03_H1000_I0600_F1,link_window_outage,0.9976027397260271,0.9908447488584472
India,T180_P03_H1000_I0600_CN080_F1,T180_P03_H1000_I0600_F1,random_cn_failure,0.9988508371385081,0.9850684931506847
India,T180_P03_H1000_I0600_CN080_F1,T180_P03_H1000_I0600_F1,random_satellite_failure,0.9986757990867577,0.9857267884322677
India,T180_P03_H1000_I0600_CN080_F1,T180_P03_H1000_I0600_F1,targeted_cn_failure,0.9990867579908677,0.993835616438356
India,T180_P03_H1000_I0600_CN090_F1,T180_P03_H1000_I0600_F1,capacity_degradation,0.995662100456621,1.0
India,T180_P03_H1000_I0600_CN090_F1,T180_P03_H1000_I0600_F1,ground_station_outage,0.9063203957382039,0.9071461187214612
India,T180_P03_H1000_I0600_CN090_F1,T180_P03_H1000_I0600_F1,link_window_outage,0.999216133942161,0.9993150684931503
India,T180_P03_H1000_I0600_CN090_F1,T180_P03_H1000_I0600_F1,random_cn_failure,0.99972602739726,0.9975494672754943
India,T180_P03_H1000_I0600_CN090_F1,T180_P03_H1000_I0600_F1,random_satellite_failure,0.9998325722983255,0.9989726027397258
India,T180_P03_H1000_I0600_CN090_F1,T180_P03_H1000_I0600_F1,targeted_cn_failure,1.0,1.0
India,T180_P03_H1000_I0600_CN100_F1,T180_P03_H1000_I0600_F1,capacity_degradation,0.997716894977169,1.0
India,T180_P03_H1000_I0600_CN100_F1,T180_P03_H1000_I0600_F1,ground_station_outage,0.891617199391172,0.8937595129375951
India,T180_P03_H1000_I0600_CN100_F1,T180_P03_H1000_I0600_F1,link_window_outage,0.9998706240487059,0.9999999999999997
India,T180_P03_H1000_I0600_CN100_F1,T180_P03_H1000_I0600_F1,random_cn_failure,0.9999695585996953,0.9999999999999997
India,T180_P03_H1000_I0600_CN100_F1,T180_P03_H1000_I0600_F1,random_satellite_failure,0.999961948249619,0.9999999999999997
India,T180_P03_H1000_I0600_CN100_F1,T180_P03_H1000_I0600_F1,targeted_cn_failure,0.9997716894977169,1.0
India,T180_P03_H1000_I0800_CN030_F1,T180_P03_H1000_I0800_F1,capacity_degradation,0.960707502374169,0.9449899295065457
India,T180_P03_H1000_I0800_CN030_F1,T180_P03_H1000_I0800_F1,ground_station_outage,0.8894507755618868,0.8874034911043973
India,T180_P03_H1000_I0800_CN030_F1,T180_P03_H1000_I0800_F1,link_window_outage,0.9638374485596709,0.927190332326284
India,T180_P03_H1000_I0800_CN030_F1,T180_P03_H1000_I0800_F1,random_cn_failure,0.9716168091168093,0.929330312185297
India,T180_P03_H1000_I0800_CN030_F1,T180_P03_H1000_I0800_F1,random_satellite_failure,0.9709124723013612,0.9285498489425983
India,T180_P03_H1000_I0800_CN030_F1,T180_P03_H1000_I0800_F1,targeted_cn_failure,0.9633190883190882,0.9128902316213494
India,T180_P03_H1000_I0800_CN040_F1,T180_P03_H1000_I0800_F1,capacity_degradation,0.9675354366712393,0.9372427983539094
India,T180_P03_H1000_I0800_CN040_F1,T180_P03_H1000_I0800_F1,ground_station_outage,0.8933851547020273,0.8906302392927908
India,T180_P03_H1000_I0800_CN040_F1,T180_P03_H1000_I0800_F1,link_window_outage,0.9752438652644415,0.9219478737997256
India,T180_P03_H1000_I0800_CN040_F1,T180_P03_H1000_I0800_F1,random_cn_failure,0.9817520195092212,0.9188462124676118
India,T180_P03_H1000_I0800_CN040_F1,T180_P03_H1000_I0800_F1,random_satellite_failure,0.9818510897729006,0.9285589087029417
India,T180_P03_H1000_I0800_CN040_F1,T180_P03_H1000_I0800_F1,targeted_cn_failure,0.9703932327389119,0.9038637402834933
India,T180_P03_H1000_I0800_CN050_F1,T180_P03_H1000_I0800_F1,capacity_degradation,0.9866438356164383,0.9659817351598173
India,T180_P03_H1000_I0800_CN050_F1,T180_P03_H1000_I0800_F1,ground_station_outage,0.8943226788432269,0.8914345509893453
India,T180_P03_H1000_I0800_CN050_F1,T180_P03_H1000_I0800_F1,link_window_outage,0.992796803652968,0.9715258751902588
India,T180_P03_H1000_I0800_CN050_F1,T180_P03_H1000_I0800_F1,random_cn_failure,0.9966704718417045,0.9711073059360731
India,T180_P03_H1000_I0800_CN050_F1,T180_P03_H1000_I0800_F1,random_satellite_failure,0.9956773211567731,0.9710502283105023
India,T180_P03_H1000_I0800_CN050_F1,T180_P03_H1000_I0800_F1,targeted_cn_failure,0.9898401826484019,0.9321917808219179
India,T180_P03_H1000_I0800_CN060_F1,T180_P03_H1000_I0800_F1,capacity_degradation,0.9915525114155251,0.9922374429223744
India,T180_P03_H1000_I0800_CN060_F1,T180_P03_H1000_I0800_F1,ground_station_outage,0.9253424657534246,0.9246651445966514
India,T180_P03_H1000_I0800_CN060_F1,T180_P03_H1000_I0800_F1,link_window_outage,0.9989573820395735,0.9957001522070014
India,T180_P03_H1000_I0800_CN060_F1,T180_P03_H1000_I0800_F1,random_cn_failure,0.9996270928462706,0.9917275494672751
India,T180_P03_H1000_I0800_CN060_F1,T180_P03_H1000_I0800_F1,random_satellite_failure,0.9993835616438353,0.9925342465753421
India,T180_P03_H1000_I0800_CN060_F1,T180_P03_H1000_I0800_F1,targeted_cn_failure,0.995662100456621,0.9549086757990869
India,T180_P03_H1000_I0800_CN070_F1,T180_P03_H1000_I0800_F1,capacity_degradation,0.993835616438356,0.9979452054794521
India,T180_P03_H1000_I0800_CN070_F1,T180_P03_H1000_I0800_F1,ground_station_outage,0.9061834094368338,0.9020814307458143
India,T180_P03_H1000_I0800_CN070_F1,T180_P03_H1000_I0800_F1,link_window_outage,0.9999315068493146,0.9997488584474882
India,T180_P03_H1000_I0800_CN070_F1,T180_P03_H1000_I0800_F1,random_cn_failure,0.9999695585996953,0.9985616438356162
India,T180_P03_H1000_I0800_CN070_F1,T180_P03_H1000_I0800_F1,random_satellite_failure,0.999954337899543,0.9983789954337896
India,T180_P03_H1000_I0800_CN070_F1,T180_P03_H1000_I0800_F1,targeted_cn_failure,0.9993150684931507,0.9821917808219178
India,T180_P03_H1000_I0800_CN080_F1,T180_P03_H1000_I0800_F1,capacity_degradation,0.995662100456621,0.9990867579908677
India,T180_P03_H1000_I0800_CN080_F1,T180_P03_H1000_I0800_F1,ground_station_outage,0.884410197869102,0.881773211567732
India,T180_P03_H1000_I0800_CN080_F1,T180_P03_H1000_I0800_F1,link_window_outage,0.9999999999999997,0.9999999999999997
India,T180_P03_H1000_I0800_CN080_F1,T180_P03_H1000_I0800_F1,random_cn_failure,0.9999999999999997,0.9998097412480971
India,T180_P03_H1000_I0800_CN080_F1,T180_P03_H1000_I0800_F1,random_satellite_failure,0.9999999999999997,0.9998401826484016
India,T180_P03_H1000_I0800_CN080_F1,T180_P03_H1000_I0800_F1,targeted_cn_failure,1.0,0.9963470319634703
India,T180_P03_H1000_I0800_CN090_F1,T180_P03_H1000_I0800_F1,capacity_degradation,0.997945205479452,1.0
India,T180_P03_H1000_I0800_CN090_F1,T180_P03_H1000_I0800_F1,ground_station_outage,0.8890943683409437,0.8875342465753424
India,T180_P03_H1000_I0800_CN090_F1,T180_P03_H1000_I0800_F1,link_window_outage,0.9999999999999997,0.9999999999999997
India,T180_P03_H1000_I0800_CN090_F1,T180_P03_H1000_I0800_F1,random_cn_failure,0.9999923896499235,0.9999999999999997
India,T180_P03_H1000_I0800_CN090_F1,T180_P03_H1000_I0800_F1,random_satellite_failure,0.9999999999999997,0.9999315068493146
India,T180_P03_H1000_I0800_CN090_F1,T180_P03_H1000_I0800_F1,targeted_cn_failure,1.0,1.0
India,T180_P03_H1000_I0800_CN100_F1,T180_P03_H1000_I0800_F1,capacity_degradation,0.9984018264840183,1.0
India,T180_P03_H1000_I0800_CN100_F1,T180_P03_H1000_I0800_F1,ground_station_outage,0.9065829528158296,0.9074238964992388
India,T180_P03_H1000_I0800_CN100_F1,T180_P03_H1000_I0800_F1,link_window_outage,0.9999999999999997,0.9999999999999997
India,T180_P03_H1000_I0800_CN100_F1,T180_P03_H1000_I0800_F1,random_cn_failure,0.9999999999999997,0.9999999999999997
India,T180_P03_H1000_I0800_CN100_F1,T180_P03_H1000_I0800_F1,random_satellite_failure,0.9999999999999997,0.9999999999999997
India,T180_P03_H1000_I0800_CN100_F1,T180_P03_H1000_I0800_F1,targeted_cn_failure,0.9997716894977169,1.0
India,T180_P03_H1000_I0986_CN030_F1,T180_P03_H1000_I0986_F1,capacity_degradation,0.9686609686609687,0.9688847812692545
India,T180_P03_H1000_I0986_CN030_F1,T180_P03_H1000_I0986_F1,ground_station_outage,0.8860458214624881,0.8779831587594987
India,T180_P03_H1000_I0986_CN030_F1,T180_P03_H1000_I0986_F1,link_window_outage,0.9785493827160494,0.9632059971246664
India,T180_P03_H1000_I0986_CN030_F1,T180_P03_H1000_I0986_F1,random_cn_failure,0.9819563152896486,0.9706202505647977
India,T180_P03_H1000_I0986_CN030_F1,T180_P03_H1000_I0986_F1,random_satellite_failure,0.9801756885090217,0.9687872253029368
India,T180_P03_H1000_I0986_CN030_F1,T180_P03_H1000_I0986_F1,targeted_cn_failure,0.9830840455840456,0.9813616759088108
India,T180_P03_H1000_I0986_CN040_F1,T180_P03_H1000_I0986_F1,capacity_degradation,0.9639121338912136,0.9449658703071673
India,T180_P03_H1000_I0986_CN040_F1,T180_P03_H1000_I0986_F1,ground_station_outage,0.8928695955369597,0.8862390974592339
India,T180_P03_H1000_I0986_CN040_F1,T180_P03_H1000_I0986_F1,link_window_outage,0.9775278940027896,0.9480422828972319
India,T180_P03_H1000_I0986_CN040_F1,T180_P03_H1000_I0986_F1,random_cn_failure,0.9792480241748026,0.9567121729237769
India,T180_P03_H1000_I0986_CN040_F1,T180_P03_H1000_I0986_F1,random_satellite_failure,0.9791027429102745,0.9602199469093667
India,T180_P03_H1000_I0986_CN040_F1,T180_P03_H1000_I0986_F1,targeted_cn_failure,0.9686192468619248,0.9574800910125142
India,T180_P03_H1000_I0986_CN050_F1,T180_P03_H1000_I0986_F1,capacity_degradation,0.9644582470669427,0.9388616557734205
India,T180_P03_H1000_I0986_CN050_F1,T180_P03_H1000_I0986_F1,ground_station_outage,0.8844778007821485,0.8795479302832245
India,T180_P03_H1000_I0986_CN050_F1,T180_P03_H1000_I0986_F1,link_window_outage,0.9764837819185644,0.945474763979666
India,T180_P03_H1000_I0986_CN050_F1,T180_P03_H1000_I0986_F1,random_cn_failure,0.9800667126754082,0.9581790123456789
India,T180_P03_H1000_I0986_CN050_F1,T180_P03_H1000_I0986_F1,random_satellite_failure,0.9781746031746031,0.9600308641975309
India,T180_P03_H1000_I0986_CN050_F1,T180_P03_H1000_I0986_F1,targeted_cn_failure,0.9780883367839889,0.9616013071895426
India,T180_P03_H1000_I0986_CN060_F1,T180_P03_H1000_I0986_F1,capacity_degradation,0.9579973118279569,0.9280538302277433
India,T180_P03_H1000_I0986_CN060_F1,T180_P03_H1000_I0986_F1,ground_station_outage,0.8868055555555555,0.88501121463078
India,T180_P03_H1000_I0986_CN060_F1,T180_P03_H1000_I0986_F1,link_window_outage,0.977766577060932,0.9432841614906832
India,T180_P03_H1000_I0986_CN060_F1,T180_P03_H1000_I0986_F1,random_cn_failure,0.9794410842293907,0.9543737060041408
India,T180_P03_H1000_I0986_CN060_F1,T180_P03_H1000_I0986_F1,random_satellite_failure,0.978673835125448,0.9550077639751554
India,T180_P03_H1000_I0986_CN060_F1,T180_P03_H1000_I0986_F1,targeted_cn_failure,0.9690860215053764,0.9506987577639752
India,T180_P03_H1000_I0986_CN070_F1,T180_P03_H1000_I0986_F1,capacity_degradation,0.9588373655913979,0.9310606060606061
India,T180_P03_H1000_I0986_CN070_F1,T180_P03_H1000_I0986_F1,ground_station_outage,0.898347894265233,0.8950084175084176
India,T180_P03_H1000_I0986_CN070_F1,T180_P03_H1000_I0986_F1,link_window_outage,0.9831373207885304,0.9523190235690234
India,T180_P03_H1000_I0986_CN070_F1,T180_P03_H1000_I0986_F1,random_cn_failure,0.9829525089605735,0.9563804713804714
India,T180_P03_H1000_I0986_CN070_F1,T180_P03_H1000_I0986_F1,random_satellite_failure,0.9817764336917563,0.9627483164983166
India,T180_P03_H1000_I0986_CN070_F1,T180_P03_H1000_I0986_F1,targeted_cn_failure,0.9729502688172044,0.9536616161616162
India,T180_P03_H1000_I0986_CN080_F1,T180_P03_H1000_I0986_F1,capacity_degradation,0.9622736418511066,0.9236311239193086
India,T180_P03_H1000_I0986_CN080_F1,T180_P03_H1000_I0986_F1,ground_station_outage,0.8872177509501452,0.8834534101825168
India,T180_P03_H1000_I0986_CN080_F1,T180_P03_H1000_I0986_F1,link_window_outage,0.9879666890230271,0.9455131284021775
India,T180_P03_H1000_I0986_CN080_F1,T180_P03_H1000_I0986_F1,random_cn_failure,0.9867538564721664,0.9506604226705092
India,T180_P03_H1000_I0986_CN080_F1,T180_P03_H1000_I0986_F1,random_satellite_failure,0.988084059915046,0.9578170028818443
India,T180_P03_H1000_I0986_CN080_F1,T180_P03_H1000_I0986_F1,targeted_cn_failure,0.9785378940308519,0.9525696445725264
India,T180_P03_H1000_I0986_CN090_F1,T180_P03_H1000_I0986_F1,capacity_degradation,0.9528985507246376,0.9223163841807909
India,T180_P03_H1000_I0986_CN090_F1,T180_P03_H1000_I0986_F1,ground_station_outage,0.8798913043478261,0.8817404268675457
India,T180_P03_H1000_I0986_CN090_F1,T180_P03_H1000_I0986_F1,link_window_outage,0.9821750109793588,0.9538724105461396
India,T180_P03_H1000_I0986_CN090_F1,T180_P03_H1000_I0986_F1,random_cn_failure,0.9833058849363195,0.957266164469554
India,T180_P03_H1000_I0986_CN090_F1,T180_P03_H1000_I0986_F1,random_satellite_failure,0.9816534914361003,0.9680163214061518
India,T180_P03_H1000_I0986_CN090_F1,T180_P03_H1000_I0986_F1,targeted_cn_failure,0.9708498023715414,0.9545668549905836
India,T180_P03_H1000_I0986_CN100_F1,T180_P03_H1000_I0986_F1,capacity_degradation,0.9577557755775578,0.9517123287671232
India,T180_P03_H1000_I0986_CN100_F1,T180_P03_H1000_I0986_F1,ground_station_outage,0.888982398239824,0.8923972602739726
India,T180_P03_H1000_I0986_CN100_F1,T180_P03_H1000_I0986_F1,link_window_outage,0.9891694169416941,0.9897146118721458
India,T180_P03_H1000_I0986_CN100_F1,T180_P03_H1000_I0986_F1,random_cn_failure,0.9897854785478547,0.9972108066971079
India,T180_P03_H1000_I0986_CN100_F1,T180_P03_H1000_I0986_F1,random_satellite_failure,0.989174917491749,0.9967884322678843
India,T180_P03_H1000_I0986_CN100_F1,T180_P03_H1000_I0986_F1,targeted_cn_failure,0.9717821782178218,0.9863013698630136
India,T180_P05_H0500_I0600_CN030_F1,T180_P05_H0500_I0600_F1,capacity_degradation,0.9909488139825219,0.9733796296296298
India,T180_P05_H0500_I0600_CN030_F1,T180_P05_H0500_I0600_F1,ground_station_outage,0.8919007490636702,0.8837791495198903
India,T180_P05_H0500_I0600_CN030_F1,T180_P05_H0500_I0600_F1,link_window_outage,0.994283187682064,0.9557055898491086
India,T180_P05_H0500_I0600_CN030_F1,T180_P05_H0500_I0600_F1,random_cn_failure,0.9991677070328755,0.9697873799725651
India,T180_P05_H0500_I0600_CN030_F1,T180_P05_H0500_I0600_F1,random_satellite_failure,0.9905326674989595,0.9629458161865571
India,T180_P05_H0500_I0600_CN030_F1,T180_P05_H0500_I0600_F1,targeted_cn_failure,0.9984394506866415,0.9711934156378601
India,T180_P05_H0500_I0600_CN040_F1,T180_P05_H0500_I0600_F1,capacity_degradation,0.9863161131611317,0.983614951356887
India,T180_P05_H0500_I0600_CN040_F1,T180_P05_H0500_I0600_F1,ground_station_outage,0.8947160721607216,0.8922725721112819
India,T180_P05_H0500_I0600_CN040_F1,T180_P05_H0500_I0600_F1,link_window_outage,0.9918665436654367,0.9755248335893498
India,T180_P05_H0500_I0600_CN040_F1,T180_P05_H0500_I0600_F1,random_cn_failure,0.9981754817548175,0.987446663253115
India,T180_P05_H0500_I0600_CN040_F1,T180_P05_H0500_I0600_F1,random_satellite_failure,0.9897960229602295,0.9854284007509816
India,T180_P05_H0500_I0600_CN040_F1,T180_P05_H0500_I0600_F1,targeted_cn_failure,0.9986162361623616,0.9923195084485407
India,T180_P05_H0500_I0600_CN050_F1,T180_P05_H0500_I0600_F1,capacity_degradation,0.985222425350396,0.9923312883435583
India,T180_P05_H0500_I0600_CN050_F1,T180_P05_H0500_I0600_F1,ground_station_outage,0.8972882388787323,0.8919435923653718
India,T180_P05_H0500_I0600_CN050_F1,T180_P05_H0500_I0600_F1,link_window_outage,0.9888330286410726,0.9926891615541922
India,T180_P05_H0500_I0600_CN050_F1,T180_P05_H0500_I0600_F1,random_cn_failure,0.9970851107048546,0.9967663599182005
India,T180_P05_H0500_I0600_CN050_F1,T180_P05_H0500_I0600_F1,random_satellite_failure,0.984156002437538,0.9927147239263804
India,T180_P05_H0500_I0600_CN050_F1,T180_P05_H0500_I0600_F1,targeted_cn_failure,0.9955819622181595,0.9922034764826175
India,T180_P05_H0500_I0600_CN060_F1,T180_P05_H0500_I0600_F1,capacity_degradation,0.9856215213358069,1.0
India,T180_P05_H0500_I0600_CN060_F1,T180_P05_H0500_I0600_F1,ground_station_outage,0.9017934446505875,0.8997706422018348
India,T180_P05_H0500_I0600_CN060_F1,T180_P05_H0500_I0600_F1,link_window_outage,0.9905534941249227,0.9966063540604824
India,T180_P05_H0500_I0600_CN060_F1,T180_P05_H0500_I0600_F1,random_cn_failure,0.9941970727685014,0.9936841658171932
India,T180_P05_H0500_I0600_CN060_F1,T180_P05_H0500_I0600_F1,random_satellite_failure,0.9900072150072151,0.9937903499830105
India,T180_P05_H0500_I0600_CN060_F1,T180_P05_H0500_I0600_F1,targeted_cn_failure,0.9955163883735312,0.9940112130479103
India,T180_P05_H0500_I0600_CN070_F1,T180_P05_H0500_I0600_F1,capacity_degradation,0.9884735202492211,1.0
India,T180_P05_H0500_I0600_CN070_F1,T180_P05_H0500_I0600_F1,ground_station_outage,0.8993821391484943,0.8970690828654075
India,T180_P05_H0500_I0600_CN070_F1,T180_P05_H0500_I0600_F1,link_window_outage,0.9907892004153688,0.9984941296579886
India,T180_P05_H0500_I0600_CN070_F1,T180_P05_H0500_I0600_F1,random_cn_failure,0.9946209761163032,0.997213714480177
India,T180_P05_H0500_I0600_CN070_F1,T180_P05_H0500_I0600_F1,random_satellite_failure,0.9881619937694702,0.9943763825080825
India,T180_P05_H0500_I0600_CN070_F1,T180_P05_H0500_I0600_F1,targeted_cn_failure,0.9933021806853581,0.9974476773864216
India,T180_P05_H0500_I0600_CN080_F1,T180_P05_H0500_I0600_F1,capacity_degradation,0.9833641404805914,1.0
India,T180_P05_H0500_I0600_CN080_F1,T180_P05_H0500_I0600_F1,ground_station_outage,0.9008523310741425,0.9024549779136936
India,T180_P05_H0500_I0600_CN080_F1,T180_P05_H0500_I0600_F1,link_window_outage,0.9905268022181147,0.9987895005096838
India,T180_P05_H0500_I0600_CN080_F1,T180_P05_H0500_I0600_F1,random_cn_failure,0.9931094680632572,0.9959225280326198
India,T180_P05_H0500_I0600_CN080_F1,T180_P05_H0500_I0600_F1,random_satellite_failure,0.9859314027521051,0.9948521916411824
India,T180_P05_H0500_I0600_CN080_F1,T180_P05_H0500_I0600_F1,targeted_cn_failure,0.9867529266789893,0.9905708460754332
India,T180_P05_H0500_I0600_CN090_F1,T180_P05_H0500_I0600_F1,capacity_degradation,0.981203007518797,1.0
India,T180_P05_H0500_I0600_CN090_F1,T180_P05_H0500_I0600_F1,ground_station_outage,0.9066990392648286,0.9068170234454637
India,T180_P05_H0500_I0600_CN090_F1,T180_P05_H0500_I0600_F1,link_window_outage,0.9892752715121135,0.9995327896704042
India,T180_P05_H0500_I0600_CN090_F1,T180_P05_H0500_I0600_F1,random_cn_failure,0.9891917293233082,0.995336391437309
India,T180_P05_H0500_I0600_CN090_F1,T180_P05_H0500_I0600_F1,random_satellite_failure,0.9860223475355053,0.9952896704043491
India,T180_P05_H0500_I0600_CN090_F1,T180_P05_H0500_I0600_F1,targeted_cn_failure,0.9822994987468671,0.9963047910295617
India,T180_P05_H0500_I0600_CN100_F1,T180_P05_H0500_I0600_F1,capacity_degradation,0.9769133459835546,1.0
India,T180_P05_H0500_I0600_CN100_F1,T180_P05_H0500_I0600_F1,ground_station_outage,0.8975542905334175,0.9014058783554195
India,T180_P05_H0500_I0600_CN100_F1,T180_P05_H0500_I0600_F1,link_window_outage,0.9888836179633143,0.9997536527353039
India,T180_P05_H0500_I0600_CN100_F1,T180_P05_H0500_I0600_F1,random_cn_failure,0.9871442125237192,0.9947120285423039
India,T180_P05_H0500_I0600_CN100_F1,T180_P05_H0500_I0600_F1,random_satellite_failure,0.9867436221800548,0.9954170914033298
India,T180_P05_H0500_I0600_CN100_F1,T180_P05_H0500_I0600_F1,targeted_cn_failure,0.9898798228969008,0.9994903160040776
India,T180_P05_H0500_I0800_CN030_F1,T180_P05_H0500_I0800_F1,capacity_degradation,0.9529881504379186,0.9560988433228182
India,T180_P05_H0500_I0800_CN030_F1,T180_P05_H0500_I0800_F1,ground_station_outage,0.8986218444100978,0.8969812478093235
India,T180_P05_H0500_I0800_CN030_F1,T180_P05_H0500_I0800_F1,link_window_outage,0.9618495620814014,0.9674377847879424
India,T180_P05_H0500_I0800_CN030_F1,T180_P05_H0500_I0800_F1,random_cn_failure,0.9623561737935771,0.9713985278654049
India,T180_P05_H0500_I0800_CN030_F1,T180_P05_H0500_I0800_F1,random_satellite_failure,0.9641894212605187,0.975280406589555
India,T180_P05_H0500_I0800_CN030_F1,T180_P05_H0500_I0800_F1,targeted_cn_failure,0.9674137042761463,0.9792323869610937
India,T180_P05_H0500_I0800_CN040_F1,T180_P05_H0500_I0800_F1,capacity_degradation,0.954093992248062,0.9500505816894286
India,T180_P05_H0500_I0800_CN040_F1,T180_P05_H0500_I0800_F1,ground_station_outage,0.9020227713178294,0.9023098971505649
India,T180_P05_H0500_I0800_CN040_F1,T180_P05_H0500_I0800_F1,link_window_outage,0.9663517441860463,0.9666877423705951
India,T180_P05_H0500_I0800_CN040_F1,T180_P05_H0500_I0800_F1,random_cn_failure,0.9658066860465114,0.9731411229135053
India,T180_P05_H0500_I0800_CN040_F1,T180_P05_H0500_I0800_F1,random_satellite_failure,0.9649830426356587,0.9725004215140786
India,T180_P05_H0500_I0800_CN040_F1,T180_P05_H0500_I0800_F1,targeted_cn_failure,0.9508236434108528,0.971927162367223
India,T180_P05_H0500_I0800_CN050_F1,T180_P05_H0500_I0800_F1,capacity_degradation,0.9612268518518517,0.9465227817745804
India,T180_P05_H0500_I0800_CN050_F1,T180_P05_H0500_I0800_F1,ground_station_outage,0.903341049382716,0.9033812949640286
India,T180_P05_H0500_I0800_CN050_F1,T180_P05_H0500_I0800_F1,link_window_outage,0.9716512345679014,0.9601558752997602
India,T180_P05_H0500_I0800_CN050_F1,T180_P05_H0500_I0800_F1,random_cn_failure,0.9735300925925927,0.9661031175059951
India,T180_P05_H0500_I0800_CN050_F1,T180_P05_H0500_I0800_F1,random_satellite_failure,0.9689274691358023,0.9666266986410871
India,T180_P05_H0500_I0800_CN050_F1,T180_P05_H0500_I0800_F1,targeted_cn_failure,0.959375,0.9562350119904077
India,T180_P05_H0500_I0800_CN060_F1,T180_P05_H0500_I0800_F1,capacity_degradation,0.9744734432234432,0.9479166666666666
India,T180_P05_H0500_I0800_CN060_F1,T180_P05_H0500_I0800_F1,ground_station_outage,0.9004540598290601,0.9006712962962963
India,T180_P05_H0500_I0800_CN060_F1,T180_P05_H0500_I0800_F1,link_window_outage,0.9805288461538463,0.9562770061728396
India,T180_P05_H0500_I0800_CN060_F1,T180_P05_H0500_I0800_F1,random_cn_failure,0.9796092796092796,0.9616010802469136
India,T180_P05_H0500_I0800_CN060_F1,T180_P05_H0500_I0800_F1,random_satellite_failure,0.9808226495726498,0.9638155864197528
India,T180_P05_H0500_I0800_CN060_F1,T180_P05_H0500_I0800_F1,targeted_cn_failure,0.9594780219780221,0.9625
India,T180_P05_H0500_I0800_CN070_F1,T180_P05_H0500_I0800_F1,capacity_degradation,0.9850456621004565,0.9474043715846995
India,T180_P05_H0500_I0800_CN070_F1,T180_P05_H0500_I0800_F1,ground_station_outage,0.9012100456621004,0.8998709775349119
India,T180_P05_H0500_I0800_CN070_F1,T180_P05_H0500_I0800_F1,link_window_outage,0.9888622526636226,0.9631033697632058
India,T180_P05_H0500_I0800_CN070_F1,T180_P05_H0500_I0800_F1,random_cn_failure,0.9908219178082192,0.9677747419550699
India,T180_P05_H0500_I0800_CN070_F1,T180_P05_H0500_I0800_F1,random_satellite_failure,0.9892085235920852,0.9695544930176079
India,T180_P05_H0500_I0800_CN070_F1,T180_P05_H0500_I0800_F1,targeted_cn_failure,0.9865296803652968,0.9690346083788708
India,T180_P05_H0500_I0800_CN080_F1,T180_P05_H0500_I0800_F1,capacity_degradation,0.9904891304347826,0.9590643274853802
India,T180_P05_H0500_I0800_CN080_F1,T180_P05_H0500_I0800_F1,ground_station_outage,0.9002415458937197,0.8990778227620332
India,T180_P05_H0500_I0800_CN080_F1,T180_P05_H0500_I0800_F1,link_window_outage,0.99002490942029,0.9795846453741192
India,T180_P05_H0500_I0800_CN080_F1,T180_P05_H0500_I0800_F1,random_cn_failure,0.9902891002415458,0.9843379817064027
India,T180_P05_H0500_I0800_CN080_F1,T180_P05_H0500_I0800_F1,random_satellite_failure,0.989790911835749,0.9862273204378468
India,T180_P05_H0500_I0800_CN080_F1,T180_P05_H0500_I0800_F1,targeted_cn_failure,0.9862998188405797,0.9624381466486728
India,T180_P05_H0500_I0800_CN090_F1,T180_P05_H0500_I0800_F1,capacity_degradation,0.9927732610659441,0.9673864147548359
India,T180_P05_H0500_I0800_CN090_F1,T180_P05_H0500_I0800_F1,ground_station_outage,0.8956714844926227,0.8934173039436197
India,T180_P05_H0500_I0800_CN090_F1,T180_P05_H0500_I0800_F1,link_window_outage,0.9909025895814513,0.9874606387764283
India,T180_P05_H0500_I0800_CN090_F1,T180_P05_H0500_I0800_F1,random_cn_failure,0.9913843721770551,0.9911905832958463
India,T180_P05_H0500_I0800_CN090_F1,T180_P05_H0500_I0800_F1,random_satellite_failure,0.9898712737127371,0.9924576398260609
India,T180_P05_H0500_I0800_CN090_F1,T180_P05_H0500_I0800_F1,targeted_cn_failure,0.9863369467028004,0.9808816914080072
India,T180_P05_H0500_I0800_CN100_F1,T180_P05_H0500_I0800_F1,capacity_degradation,0.993581081081081,0.9977507872244714
India,T180_P05_H0500_I0800_CN100_F1,T180_P05_H0500_I0800_F1,ground_station_outage,0.9109084084084085,0.9112535612535612
India,T180_P05_H0500_I0800_CN100_F1,T180_P05_H0500_I0800_F1,link_window_outage,0.991659159159159,0.9998500524816314
India,T180_P05_H0500_I0800_CN100_F1,T180_P05_H0500_I0800_F1,random_cn_failure,0.99262012012012,0.9999850052481631
India,T180_P05_H0500_I0800_CN100_F1,T180_P05_H0500_I0800_F1,random_satellite_failure,0.992804054054054,0.9999775078722447
India,T180_P05_H0500_I0800_CN100_F1,T180_P05_H0500_I0800_F1,targeted_cn_failure,0.9759009009009009,0.9988753936122358
India,T180_P05_H0500_I0986_CN030_F1,T180_P05_H0500_I0986_F1,capacity_degradation,0.9819819819819819,0.9297091412742382
India,T180_P05_H0500_I0986_CN030_F1,T180_P05_H0500_I0986_F1,ground_station_outage,0.8810885885885885,0.8777008310249308
India,T180_P05_H0500_I0986_CN030_F1,T180_P05_H0500_I0986_F1,link_window_outage,0.9856869369369368,0.9200446291166513
India,T180_P05_H0500_I0986_CN030_F1,T180_P05_H0500_I0986_F1,random_cn_failure,0.9908746246246244,0.9202562326869808
India,T180_P05_H0500_I0986_CN030_F1,T180_P05_H0500_I0986_F1,random_satellite_failure,0.9881306306306307,0.9242690058479532
India,T180_P05_H0500_I0986_CN030_F1,T180_P05_H0500_I0986_F1,targeted_cn_failure,0.9945945945945946,0.9345567867036012
India,T180_P05_H0500_I0986_CN040_F1,T180_P05_H0500_I0986_F1,capacity_degradation,0.9993252361673413,0.9684684684684683
India,T180_P05_H0500_I0986_CN040_F1,T180_P05_H0500_I0986_F1,ground_station_outage,0.8871832358674463,0.8849399399399401
India,T180_P05_H0500_I0986_CN040_F1,T180_P05_H0500_I0986_F1,link_window_outage,0.9991378017693807,0.9818918918918917
India,T180_P05_H0500_I0986_CN040_F1,T180_P05_H0500_I0986_F1,random_cn_failure,0.9988603988603989,0.9749174174174176
India,T180_P05_H0500_I0986_CN040_F1,T180_P05_H0500_I0986_F1,random_satellite_failure,0.9985530064477433,0.9766291291291294
India,T180_P05_H0500_I0986_CN040_F1,T180_P05_H0500_I0986_F1,targeted_cn_failure,0.997638326585695,0.9594594594594594
India,T180_P05_H0500_I0986_CN050_F1,T180_P05_H0500_I0986_F1,capacity_degradation,1.0,1.0
India,T180_P05_H0500_I0986_CN050_F1,T180_P05_H0500_I0986_F1,ground_station_outage,0.9038536512220723,0.9009834834834834
India,T180_P05_H0500_I0986_CN050_F1,T180_P05_H0500_I0986_F1,link_window_outage,0.999962513120408,0.9993993993993995
India,T180_P05_H0500_I0986_CN050_F1,T180_P05_H0500_I0986_F1,random_cn_failure,0.9998800419853051,0.9982282282282284
India,T180_P05_H0500_I0986_CN050_F1,T180_P05_H0500_I0986_F1,random_satellite_failure,0.9998125656020395,0.9975825825825827
India,T180_P05_H0500_I0986_CN050_F1,T180_P05_H0500_I0986_F1,targeted_cn_failure,0.9997750787224471,0.9759009009009009
India,T180_P05_H0500_I0986_CN060_F1,T180_P05_H0500_I0986_F1,capacity_degradation,1.0,1.0
India,T180_P05_H0500_I0986_CN060_F1,T180_P05_H0500_I0986_F1,ground_station_outage,0.9030214424951265,0.9021471471471472
India,T180_P05_H0500_I0986_CN060_F1,T180_P05_H0500_I0986_F1,link_window_outage,1.0,0.9999924924924926
India,T180_P05_H0500_I0986_CN060_F1,T180_P05_H0500_I0986_F1,random_cn_failure,1.0,0.9996321321321323
India,T180_P05_H0500_I0986_CN060_F1,T180_P05_H0500_I0986_F1,random_satellite_failure,0.9999850052481634,0.9999924924924926
India,T180_P05_H0500_I0986_CN060_F1,T180_P05_H0500_I0986_F1,targeted_cn_failure,0.9977507872244715,0.9943693693693695
India,T180_P05_H0500_I0986_CN070_F1,T180_P05_H0500_I0986_F1,capacity_degradation,1.0,1.0
India,T180_P05_H0500_I0986_CN070_F1,T180_P05_H0500_I0986_F1,ground_station_outage,0.8999737591842855,0.8992755255255257
India,T180_P05_H0500_I0986_CN070_F1,T180_P05_H0500_I0986_F1,link_window_outage,1.0,0.9999924924924926
India,T180_P05_H0500_I0986_CN070_F1,T180_P05_H0500_I0986_F1,random_cn_failure,1.0,1.0
India,T180_P05_H0500_I0986_CN070_F1,T180_P05_H0500_I0986_F1,random_satellite_failure,0.9999925026240817,1.0000075075075077
India,T180_P05_H0500_I0986_CN070_F1,T180_P05_H0500_I0986_F1,targeted_cn_failure,1.0,1.0
India,T180_P05_H0500_I0986_CN080_F1,T180_P05_H0500_I0986_F1,capacity_degradation,1.0,1.0
India,T180_P05_H0500_I0986_CN080_F1,T180_P05_H0500_I0986_F1,ground_station_outage,0.9035462588094165,0.8998423423423424
India,T180_P05_H0500_I0986_CN080_F1,T180_P05_H0500_I0986_F1,link_window_outage,1.0,1.0
India,T180_P05_H0500_I0986_CN080_F1,T180_P05_H0500_I0986_F1,random_cn_failure,1.0,1.0
India,T180_P05_H0500_I0986_CN080_F1,T180_P05_H0500_I0986_F1,random_satellite_failure,0.9999775078722448,1.0000225225225228
India,T180_P05_H0500_I0986_CN080_F1,T180_P05_H0500_I0986_F1,targeted_cn_failure,1.0,1.0
India,T180_P05_H0500_I0986_CN090_F1,T180_P05_H0500_I0986_F1,capacity_degradation,1.0,1.0
India,T180_P05_H0500_I0986_CN090_F1,T180_P05_H0500_I0986_F1,ground_station_outage,0.9066764132553605,0.9049099099099099
India,T180_P05_H0500_I0986_CN090_F1,T180_P05_H0500_I0986_F1,link_window_outage,1.0,1.0
India,T180_P05_H0500_I0986_CN090_F1,T180_P05_H0500_I0986_F1,random_cn_failure,0.9999925026240817,0.9999924924924926
India,T180_P05_H0500_I0986_CN090_F1,T180_P05_H0500_I0986_F1,random_satellite_failure,0.9999775078722448,1.000045045045045
India,T180_P05_H0500_I0986_CN090_F1,T180_P05_H0500_I0986_F1,targeted_cn_failure,1.0,1.0
India,T180_P05_H0500_I0986_CN100_F1,T180_P05_H0500_I0986_F1,capacity_degradation,1.0,1.0
India,T180_P05_H0500_I0986_CN100_F1,T180_P05_H0500_I0986_F1,ground_station_outage,0.9064402459139302,0.9057354925775978
India,T180_P05_H0500_I0986_CN100_F1,T180_P05_H0500_I0986_F1,link_window_outage,1.0,0.9993027440395863
India,T180_P05_H0500_I0986_CN100_F1,T180_P05_H0500_I0986_F1,random_cn_failure,1.0,0.9994301994301994
India,T180_P05_H0500_I0986_CN100_F1,T180_P05_H0500_I0986_F1,random_satellite_failure,1.0,0.9994339481181588
India,T180_P05_H0500_I0986_CN100_F1,T180_P05_H0500_I0986_F1,targeted_cn_failure,1.0,0.9993252361673413
India,T180_P05_H0800_I0600_CN030_F1,T180_P05_H0800_I0600_F1,capacity_degradation,0.9953095684803,0.973838693210822
India,T180_P05_H0800_I0600_CN030_F1,T180_P05_H0800_I0600_F1,ground_station_outage,0.8993693975401293,0.8897907095456865
India,T180_P05_H0800_I0600_CN030_F1,T180_P05_H0800_I0600_F1,link_window_outage,0.992771523869085,0.9470818444784754
India,T180_P05_H0800_I0600_CN030_F1,T180_P05_H0800_I0600_F1,random_cn_failure,0.9969720658745052,0.9769057342181386
India,T180_P05_H0800_I0600_CN030_F1,T180_P05_H0800_I0600_F1,random_satellite_failure,0.9902543256201793,0.9752977709715841
India,T180_P05_H0800_I0600_CN030_F1,T180_P05_H0800_I0600_F1,targeted_cn_failure,0.99718574108818,0.9752424706482898
India,T180_P05_H0800_I0600_CN040_F1,T180_P05_H0800_I0600_F1,capacity_degradation,0.9936961869618697,0.9908536585365854
India,T180_P05_H0800_I0600_CN040_F1,T180_P05_H0800_I0600_F1,ground_station_outage,0.9051148011480116,0.9010374322493223
India,T180_P05_H0800_I0600_CN040_F1,T180_P05_H0800_I0600_F1,link_window_outage,0.9926711767117671,0.9775999322493225
India,T180_P05_H0800_I0600_CN040_F1,T180_P05_H0800_I0600_F1,random_cn_failure,0.9934245592455926,0.9916836043360433
India,T180_P05_H0800_I0600_CN040_F1,T180_P05_H0800_I0600_F1,random_satellite_failure,0.9891605166051661,0.9875550474254743
India,T180_P05_H0800_I0600_CN040_F1,T180_P05_H0800_I0600_F1,targeted_cn_failure,0.997539975399754,0.9935213414634146
India,T180_P05_H0800_I0600_CN050_F1,T180_P05_H0800_I0600_F1,capacity_degradation,0.993222427603204,0.9972180070814365
India,T180_P05_H0800_I0600_CN050_F1,T180_P05_H0800_I0600_F1,ground_station_outage,0.8951940850277263,0.8921092564491656
India,T180_P05_H0800_I0600_CN050_F1,T180_P05_H0800_I0600_F1,link_window_outage,0.9911994249332511,0.9902545945034565
India,T180_P05_H0800_I0600_CN050_F1,T180_P05_H0800_I0600_F1,random_cn_failure,0.9888478126925446,0.990912156466026
India,T180_P05_H0800_I0600_CN050_F1,T180_P05_H0800_I0600_F1,random_satellite_failure,0.9877901006366809,0.9894326420502446
India,T180_P05_H0800_I0600_CN050_F1,T180_P05_H0800_I0600_F1,targeted_cn_failure,0.9929143561306223,0.9877339403136065
India,T180_P05_H0800_I0600_CN060_F1,T180_P05_H0800_I0600_F1,capacity_degradation,0.9956709956709957,0.9977238239757208
India,T180_P05_H0800_I0600_CN060_F1,T180_P05_H0800_I0600_F1,ground_station_outage,0.9078592042877758,0.9065123925139102
India,T180_P05_H0800_I0600_CN060_F1,T180_P05_H0800_I0600_F1,link_window_outage,0.9923778602350031,0.9940187152250887
India,T180_P05_H0800_I0600_CN060_F1,T180_P05_H0800_I0600_F1,random_cn_failure,0.9915893630179344,0.9919490810993089
India,T180_P05_H0800_I0600_CN060_F1,T180_P05_H0800_I0600_F1,random_satellite_failure,0.9898474541331683,0.9906550328780983
India,T180_P05_H0800_I0600_CN060_F1,T180_P05_H0800_I0600_F1,targeted_cn_failure,0.9785095856524428,0.9957005563985837
India,T180_P05_H0800_I0600_CN070_F1,T180_P05_H0800_I0600_F1,capacity_degradation,0.9961204220980757,1.0
India,T180_P05_H0800_I0600_CN070_F1,T180_P05_H0800_I0600_F1,ground_station_outage,0.9006052141527002,0.8970114651829372
India,T180_P05_H0800_I0600_CN070_F1,T180_P05_H0800_I0600_F1,link_window_outage,0.9896648044692736,0.9985499915697187
India,T180_P05_H0800_I0600_CN070_F1,T180_P05_H0800_I0600_F1,random_cn_failure,0.9892458100558659,0.9916245152588099
India,T180_P05_H0800_I0600_CN070_F1,T180_P05_H0800_I0600_F1,random_satellite_failure,0.9882526381129733,0.9923705951778791
India,T180_P05_H0800_I0600_CN070_F1,T180_P05_H0800_I0600_F1,targeted_cn_failure,0.9945685909373061,0.9946889226100152
India,T180_P05_H0800_I0600_CN080_F1,T180_P05_H0800_I0600_F1,capacity_degradation,0.9902498476538696,1.0
India,T180_P05_H0800_I0600_CN080_F1,T180_P05_H0800_I0600_F1,ground_station_outage,0.9060227503554742,0.905387713997986
India,T180_P05_H0800_I0600_CN080_F1,T180_P05_H0800_I0600_F1,link_window_outage,0.9898588259191551,0.9985943269553542
India,T180_P05_H0800_I0600_CN080_F1,T180_P05_H0800_I0600_F1,random_cn_failure,0.989589681088767,0.9917128230949983
India,T180_P05_H0800_I0600_CN080_F1,T180_P05_H0800_I0600_F1,random_satellite_failure,0.986903310989234,0.9917967438737832
India,T180_P05_H0800_I0600_CN080_F1,T180_P05_H0800_I0600_F1,targeted_cn_failure,0.9888787324801951,0.9852719033232629
India,T180_P05_H0800_I0600_CN090_F1,T180_P05_H0800_I0600_F1,capacity_degradation,0.9931444241316271,1.0
India,T180_P05_H0800_I0600_CN090_F1,T180_P05_H0800_I0600_F1,ground_station_outage,0.9018687791996748,0.9008392077878483
India,T180_P05_H0800_I0600_CN090_F1,T180_P05_H0800_I0600_F1,link_window_outage,0.9922455819622181,0.9993412218865392
India,T180_P05_H0800_I0600_CN090_F1,T180_P05_H0800_I0600_F1,random_cn_failure,0.9900873451147675,0.9925772071164821
India,T180_P05_H0800_I0600_CN090_F1,T180_P05_H0800_I0600_F1,random_satellite_failure,0.9895236644322568,0.9919016448472644
India,T180_P05_H0800_I0600_CN090_F1,T180_P05_H0800_I0600_F1,targeted_cn_failure,0.9911639244363194,0.9832578046324268
India,T180_P05_H0800_I0600_CN100_F1,T180_P05_H0800_I0600_F1,capacity_degradation,0.9934371184371185,1.0
India,T180_P05_H0800_I0600_CN100_F1,T180_P05_H0800_I0600_F1,ground_station_outage,0.898941798941799,0.9009902651896607
India,T180_P05_H0800_I0600_CN100_F1,T180_P05_H0800_I0600_F1,link_window_outage,0.9909289784289785,0.9997901980530379
India,T180_P05_H0800_I0600_CN100_F1,T180_P05_H0800_I0600_F1,random_cn_failure,0.9892297517297519,0.9930010070493454
India,T180_P05_H0800_I0600_CN100_F1,T180_P05_H0800_I0600_F1,random_satellite_failure,0.988446275946276,0.992451325948305
India,T180_P05_H0800_I0600_CN100_F1,T180_P05_H0800_I0600_F1,targeted_cn_failure,0.9987789987789988,0.9904330312185297
India,T180_P05_H0800_I0800_CN030_F1,T180_P05_H0800_I0800_F1,capacity_degradation,0.972415391747798,0.9438657407407407
India,T180_P05_H0800_I0800_CN030_F1,T180_P05_H0800_I0800_F1,ground_station_outage,0.8923698037397619,0.8923456790123454
India,T180_P05_H0800_I0800_CN030_F1,T180_P05_H0800_I0800_F1,link_window_outage,0.9730528511821974,0.9355864197530865
India,T180_P05_H0800_I0800_CN030_F1,T180_P05_H0800_I0800_F1,random_cn_failure,0.9786006799567298,0.9364930555555557
India,T180_P05_H0800_I0800_CN030_F1,T180_P05_H0800_I0800_F1,random_satellite_failure,0.9746291145108948,0.9392592592592592
India,T180_P05_H0800_I0800_CN030_F1,T180_P05_H0800_I0800_F1,targeted_cn_failure,0.9773991655076494,0.9594907407407407
India,T180_P05_H0800_I0800_CN040_F1,T180_P05_H0800_I0800_F1,capacity_degradation,0.9869505494505495,0.9617633828160144
India,T180_P05_H0800_I0800_CN040_F1,T180_P05_H0800_I0800_F1,ground_station_outage,0.8876297313797313,0.8841617933723197
India,T180_P05_H0800_I0800_CN040_F1,T180_P05_H0800_I0800_F1,link_window_outage,0.9866452991452993,0.9699317738791424
India,T180_P05_H0800_I0800_CN040_F1,T180_P05_H0800_I0800_F1,random_cn_failure,0.987389346764347,0.9745726495726496
India,T180_P05_H0800_I0800_CN040_F1,T180_P05_H0800_I0800_F1,random_satellite_failure,0.9828907203907207,0.9722372169740591
India,T180_P05_H0800_I0800_CN040_F1,T180_P05_H0800_I0800_F1,targeted_cn_failure,0.9848901098901099,0.9785200179937023
India,T180_P05_H0800_I0800_CN050_F1,T180_P05_H0800_I0800_F1,capacity_degradation,0.9932924056389268,0.9907782276203329
India,T180_P05_H0800_I0800_CN050_F1,T180_P05_H0800_I0800_F1,ground_station_outage,0.9027247233591023,0.9015707002549108
India,T180_P05_H0800_I0800_CN050_F1,T180_P05_H0800_I0800_F1,link_window_outage,0.9911095952705774,0.9955840455840457
India,T180_P05_H0800_I0800_CN050_F1,T180_P05_H0800_I0800_F1,random_cn_failure,0.9922843716840988,0.9958277103013946
India,T180_P05_H0800_I0800_CN050_F1,T180_P05_H0800_I0800_F1,random_satellite_failure,0.9894724874943155,0.995362872994452
India,T180_P05_H0800_I0800_CN050_F1,T180_P05_H0800_I0800_F1,targeted_cn_failure,0.9917007730786722,0.9905533063427802
India,T180_P05_H0800_I0800_CN060_F1,T180_P05_H0800_I0800_F1,capacity_degradation,0.993112014453478,1.0
India,T180_P05_H0800_I0800_CN060_F1,T180_P05_H0800_I0800_F1,ground_station_outage,0.8971205962059622,0.8952391662917977
India,T180_P05_H0800_I0800_CN060_F1,T180_P05_H0800_I0800_F1,link_window_outage,0.9893970189701898,0.9992840005997903
India,T180_P05_H0800_I0800_CN060_F1,T180_P05_H0800_I0800_F1,random_cn_failure,0.9896492020475762,0.9996138851402011
India,T180_P05_H0800_I0800_CN060_F1,T180_P05_H0800_I0800_F1,random_satellite_failure,0.9897696476964771,0.9996813615234669
India,T180_P05_H0800_I0800_CN060_F1,T180_P05_H0800_I0800_F1,targeted_cn_failure,0.9902890695573624,0.9988753936122358
India,T180_P05_H0800_I0800_CN070_F1,T180_P05_H0800_I0800_F1,capacity_degradation,0.9939189189189188,1.0
India,T180_P05_H0800_I0800_CN070_F1,T180_P05_H0800_I0800_F1,ground_station_outage,0.9023648648648649,0.9022117258959365
India,T180_P05_H0800_I0800_CN070_F1,T180_P05_H0800_I0800_F1,link_window_outage,0.9926951951951951,0.9999475183685711
India,T180_P05_H0800_I0800_CN070_F1,T180_P05_H0800_I0800_F1,random_cn_failure,0.9923948948948949,0.9999325236167341
India,T180_P05_H0800_I0800_CN070_F1,T180_P05_H0800_I0800_F1,random_satellite_failure,0.99274024024024,0.9999850052481631
India,T180_P05_H0800_I0800_CN070_F1,T180_P05_H0800_I0800_F1,targeted_cn_failure,0.9902027027027027,1.0
India,T180_P05_H0800_I0800_CN080_F1,T180_P05_H0800_I0800_F1,capacity_degradation,0.9964012595591544,1.0
India,T180_P05_H0800_I0800_CN080_F1,T180_P05_H0800_I0800_F1,ground_station_outage,0.9105563052931472,0.9088618983355824
India,T180_P05_H0800_I0800_CN080_F1,T180_P05_H0800_I0800_F1,link_window_outage,0.9959776578197631,1.0
India,T180_P05_H0800_I0800_CN080_F1,T180_P05_H0800_I0800_F1,random_cn_failure,0.9961351027140499,1.0
India,T180_P05_H0800_I0800_CN080_F1,T180_P05_H0800_I0800_F1,random_satellite_failure,0.9955315639526164,1.0
India,T180_P05_H0800_I0800_CN080_F1,T180_P05_H0800_I0800_F1,targeted_cn_failure,0.9904408457040037,1.0
India,T180_P05_H0800_I0800_CN090_F1,T180_P05_H0800_I0800_F1,capacity_degradation,0.9959514170040487,1.0
India,T180_P05_H0800_I0800_CN090_F1,T180_P05_H0800_I0800_F1,ground_station_outage,0.9219185784975259,0.920362872994452
India,T180_P05_H0800_I0800_CN090_F1,T180_P05_H0800_I0800_F1,link_window_outage,0.9972896986054882,1.0
India,T180_P05_H0800_I0800_CN090_F1,T180_P05_H0800_I0800_F1,random_cn_failure,0.9964537411905833,1.0
India,T180_P05_H0800_I0800_CN090_F1,T180_P05_H0800_I0800_F1,random_satellite_failure,0.9973609236767131,1.0
India,T180_P05_H0800_I0800_CN090_F1,T180_P05_H0800_I0800_F1,targeted_cn_failure,0.9925775978407557,1.0
India,T180_P05_H0800_I0800_CN100_F1,T180_P05_H0800_I0800_F1,capacity_degradation,0.9973009446693658,1.0
India,T180_P05_H0800_I0800_CN100_F1,T180_P05_H0800_I0800_F1,ground_station_outage,0.9043559754086069,0.9068038686459737
India,T180_P05_H0800_I0800_CN100_F1,T180_P05_H0800_I0800_F1,link_window_outage,0.9986804618383566,1.0
India,T180_P05_H0800_I0800_CN100_F1,T180_P05_H0800_I0800_F1,random_cn_failure,0.9989091318038686,1.0
India,T180_P05_H0800_I0800_CN100_F1,T180_P05_H0800_I0800_F1,random_satellite_failure,0.9982718548508023,1.0
India,T180_P05_H0800_I0800_CN100_F1,T180_P05_H0800_I0800_F1,targeted_cn_failure,0.9924651372019792,1.0
India,T180_P05_H0800_I0986_CN030_F1,T180_P05_H0800_I0986_F1,capacity_degradation,0.9924549549549548,0.949310344827586
India,T180_P05_H0800_I0986_CN030_F1,T180_P05_H0800_I0986_F1,ground_station_outage,0.9025750750750752,0.9015134099616858
India,T180_P05_H0800_I0986_CN030_F1,T180_P05_H0800_I0986_F1,link_window_outage,0.9943055555555556,0.9298773946360155
India,T180_P05_H0800_I0986_CN030_F1,T180_P05_H0800_I0986_F1,random_cn_failure,0.9930855855855855,0.9197394636015326
India,T180_P05_H0800_I0986_CN030_F1,T180_P05_H0800_I0986_F1,random_satellite_failure,0.9927590090090089,0.9269923371647508
India,T180_P05_H0800_I0986_CN030_F1,T180_P05_H0800_I0986_F1,targeted_cn_failure,0.9885135135135135,0.9085057471264367
India,T180_P05_H0800_I0986_CN040_F1,T180_P05_H0800_I0986_F1,capacity_degradation,0.9975258659469186,0.9687359424201529
India,T180_P05_H0800_I0986_CN040_F1,T180_P05_H0800_I0986_F1,ground_station_outage,0.8952953966111861,0.8933798170640277
India,T180_P05_H0800_I0986_CN040_F1,T180_P05_H0800_I0986_F1,link_window_outage,0.9992502624081572,0.973373069425701
India,T180_P05_H0800_I0986_CN040_F1,T180_P05_H0800_I0986_F1,random_cn_failure,0.9978032688559004,0.9668503523766682
India,T180_P05_H0800_I0986_CN040_F1,T180_P05_H0800_I0986_F1,random_satellite_failure,0.9979569650622281,0.965973159394212
India,T180_P05_H0800_I0986_CN040_F1,T180_P05_H0800_I0986_F1,targeted_cn_failure,0.996401259559154,0.9491677912730545
India,T180_P05_H0800_I0986_CN050_F1,T180_P05_H0800_I0986_F1,capacity_degradation,0.9986504723346827,0.998200629779577
India,T180_P05_H0800_I0986_CN050_F1,T180_P05_H0800_I0986_F1,ground_station_outage,0.8931923826660668,0.8915429599640127
India,T180_P05_H0800_I0986_CN050_F1,T180_P05_H0800_I0986_F1,link_window_outage,0.9997450892187735,0.9977207977207978
India,T180_P05_H0800_I0986_CN050_F1,T180_P05_H0800_I0986_F1,random_cn_failure,0.9992352676563203,0.9960413855150698
India,T180_P05_H0800_I0986_CN050_F1,T180_P05_H0800_I0986_F1,random_satellite_failure,0.9992952466636676,0.9952241715399611
India,T180_P05_H0800_I0986_CN050_F1,T180_P05_H0800_I0986_F1,targeted_cn_failure,0.9997750787224471,0.9752586594691858
India,T180_P05_H0800_I0986_CN060_F1,T180_P05_H0800_I0986_F1,capacity_degradation,1.0,1.0
India,T180_P05_H0800_I0986_CN060_F1,T180_P05_H0800_I0986_F1,ground_station_outage,0.9033738191632927,0.9019718098665467
India,T180_P05_H0800_I0986_CN060_F1,T180_P05_H0800_I0986_F1,link_window_outage,1.0,0.9999250262408156
India,T180_P05_H0800_I0986_CN060_F1,T180_P05_H0800_I0986_F1,random_cn_failure,0.9999550157444894,0.9994526915579549
India,T180_P05_H0800_I0986_CN060_F1,T180_P05_H0800_I0986_F1,random_satellite_failure,0.9999025341130605,0.9998350577297946
India,T180_P05_H0800_I0986_CN060_F1,T180_P05_H0800_I0986_F1,targeted_cn_failure,0.9973009446693657,0.9973009446693657
India,T180_P05_H0800_I0986_CN070_F1,T180_P05_H0800_I0986_F1,capacity_degradation,1.0,1.0
India,T180_P05_H0800_I0986_CN070_F1,T180_P05_H0800_I0986_F1,ground_station_outage,0.9042547608337081,0.9030926675663518
India,T180_P05_H0800_I0986_CN070_F1,T180_P05_H0800_I0986_F1,link_window_outage,1.0,1.0
India,T180_P05_H0800_I0986_CN070_F1,T180_P05_H0800_I0986_F1,random_cn_failure,0.9999925026240817,1.0
India,T180_P05_H0800_I0986_CN070_F1,T180_P05_H0800_I0986_F1,random_satellite_failure,0.9999700104963263,1.0
India,T180_P05_H0800_I0986_CN070_F1,T180_P05_H0800_I0986_F1,targeted_cn_failure,1.0,1.0
India,T180_P05_H0800_I0986_CN080_F1,T180_P05_H0800_I0986_F1,capacity_degradation,1.0,1.0
India,T180_P05_H0800_I0986_CN080_F1,T180_P05_H0800_I0986_F1,ground_station_outage,0.9068526015894437,0.9050194931773881
India,T180_P05_H0800_I0986_CN080_F1,T180_P05_H0800_I0986_F1,link_window_outage,1.0,1.0
India,T180_P05_H0800_I0986_CN080_F1,T180_P05_H0800_I0986_F1,random_cn_failure,1.0,1.0
India,T180_P05_H0800_I0986_CN080_F1,T180_P05_H0800_I0986_F1,random_satellite_failure,0.9999850052481631,0.9999850052481631
India,T180_P05_H0800_I0986_CN080_F1,T180_P05_H0800_I0986_F1,targeted_cn_failure,1.0,1.0
India,T180_P05_H0800_I0986_CN090_F1,T180_P05_H0800_I0986_F1,capacity_degradation,1.0,1.0
India,T180_P05_H0800_I0986_CN090_F1,T180_P05_H0800_I0986_F1,ground_station_outage,0.910882441145599,0.9103463787674314
India,T180_P05_H0800_I0986_CN090_F1,T180_P05_H0800_I0986_F1,link_window_outage,1.0,1.0
India,T180_P05_H0800_I0986_CN090_F1,T180_P05_H0800_I0986_F1,random_cn_failure,1.0,1.0
India,T180_P05_H0800_I0986_CN090_F1,T180_P05_H0800_I0986_F1,random_satellite_failure,1.0,1.0
India,T180_P05_H0800_I0986_CN090_F1,T180_P05_H0800_I0986_F1,targeted_cn_failure,1.0,1.0
India,T180_P05_H0800_I0986_CN100_F1,T180_P05_H0800_I0986_F1,capacity_degradation,1.0,1.0
India,T180_P05_H0800_I0986_CN100_F1,T180_P05_H0800_I0986_F1,ground_station_outage,0.9110436347278453,0.9108562003298847
India,T180_P05_H0800_I0986_CN100_F1,T180_P05_H0800_I0986_F1,link_window_outage,1.0,1.0
India,T180_P05_H0800_I0986_CN100_F1,T180_P05_H0800_I0986_F1,random_cn_failure,1.0,1.0
India,T180_P05_H0800_I0986_CN100_F1,T180_P05_H0800_I0986_F1,random_satellite_failure,1.0,1.0
India,T180_P05_H0800_I0986_CN100_F1,T180_P05_H0800_I0986_F1,targeted_cn_failure,1.0,1.0
India,T180_P05_H1000_I0600_CN030_F1,T180_P05_H1000_I0600_F1,capacity_degradation,0.9946941323345816,0.980269989615784
India,T180_P05_H1000_I0600_CN030_F1,T180_P05_H1000_I0600_F1,ground_station_outage,0.9085466084061589,0.9036820699203876
India,T180_P05_H1000_I0600_CN030_F1,T180_P05_H1000_I0600_F1,link_window_outage,0.9909644194756553,0.9411734164070613
India,T180_P05_H1000_I0600_CN030_F1,T180_P05_H1000_I0600_F1,random_cn_failure,0.9947981689554724,0.9796599169262719
India,T180_P05_H1000_I0600_CN030_F1,T180_P05_H1000_I0600_F1,random_satellite_failure,0.9900176862255513,0.9810141917618554
India,T180_P05_H1000_I0600_CN030_F1,T180_P05_H1000_I0600_F1,targeted_cn_failure,0.9979712858926341,0.9836448598130841
India,T180_P05_H1000_I0600_CN040_F1,T180_P05_H1000_I0600_F1,capacity_degradation,0.9945721583652618,0.99609375
India,T180_P05_H1000_I0600_CN040_F1,T180_P05_H1000_I0600_F1,ground_station_outage,0.9015644955300127,0.8935112847222224
India,T180_P05_H1000_I0600_CN040_F1,T180_P05_H1000_I0600_F1,link_window_outage,0.9899584929757343,0.9722135416666667
India,T180_P05_H1000_I0600_CN040_F1,T180_P05_H1000_I0600_F1,random_cn_failure,0.991560238399319,0.9930164930555555
India,T180_P05_H1000_I0600_CN040_F1,T180_P05_H1000_I0600_F1,random_satellite_failure,0.9882183908045977,0.9927430555555558
India,T180_P05_H1000_I0600_CN040_F1,T180_P05_H1000_I0600_F1,targeted_cn_failure,0.9859514687100893,0.9947916666666664
India,T180_P05_H1000_I0600_CN050_F1,T180_P05_H1000_I0600_F1,capacity_degradation,1.0060747663551401,0.9994815966822188
India,T180_P05_H1000_I0600_CN050_F1,T180_P05_H1000_I0600_F1,ground_station_outage,0.8933541017653167,0.8815362018316919
India,T180_P05_H1000_I0600_CN050_F1,T180_P05_H1000_I0600_F1,link_window_outage,1.0047767393561786,0.9825686884396059
India,T180_P05_H1000_I0600_CN050_F1,T180_P05_H1000_I0600_F1,random_cn_failure,1.0025077881619937,0.9957706929324349
India,T180_P05_H1000_I0600_CN050_F1,T180_P05_H1000_I0600_F1,random_satellite_failure,1.0000363447559708,0.9948246068774842
India,T180_P05_H1000_I0600_CN050_F1,T180_P05_H1000_I0600_F1,targeted_cn_failure,0.97803738317757,0.994556765163297
India,T180_P05_H1000_I0600_CN060_F1,T180_P05_H1000_I0600_F1,capacity_degradation,0.9875231053604436,1.000388198757764
India,T180_P05_H1000_I0600_CN060_F1,T180_P05_H1000_I0600_F1,ground_station_outage,0.8928630108851919,0.8816166321601104
India,T180_P05_H1000_I0600_CN060_F1,T180_P05_H1000_I0600_F1,link_window_outage,0.9902700759909633,0.9948800897170462
India,T180_P05_H1000_I0600_CN060_F1,T180_P05_H1000_I0600_F1,random_cn_failure,0.9909581022797288,0.9967132505175982
India,T180_P05_H1000_I0600_CN060_F1,T180_P05_H1000_I0600_F1,random_satellite_failure,0.987035325528856,0.9939656659765356
India,T180_P05_H1000_I0600_CN060_F1,T180_P05_H1000_I0600_F1,targeted_cn_failure,0.9787430683918669,0.9944358178053831
India,T180_P05_H1000_I0600_CN070_F1,T180_P05_H1000_I0600_F1,capacity_degradation,1.0006150061500616,0.998971193415638
India,T180_P05_H1000_I0600_CN070_F1,T180_P05_H1000_I0600_F1,ground_station_outage,0.9080565805658056,0.9035322359396434
India,T180_P05_H1000_I0600_CN070_F1,T180_P05_H1000_I0600_F1,link_window_outage,0.9994003690036901,0.9951603223593962
India,T180_P05_H1000_I0600_CN070_F1,T180_P05_H1000_I0600_F1,random_cn_failure,0.995172201722017,0.9950874485596709
India,T180_P05_H1000_I0600_CN070_F1,T180_P05_H1000_I0600_F1,random_satellite_failure,0.9958230832308322,0.9931198559670783
India,T180_P05_H1000_I0600_CN070_F1,T180_P05_H1000_I0600_F1,targeted_cn_failure,0.9952337023370234,0.9962705761316873
India,T180_P05_H1000_I0600_CN080_F1,T180_P05_H1000_I0600_F1,capacity_degradation,0.9995335820895523,0.9992295839753467
India,T180_P05_H1000_I0600_CN080_F1,T180_P05_H1000_I0600_F1,ground_station_outage,0.9040474709784411,0.9019988015750727
India,T180_P05_H1000_I0600_CN080_F1,T180_P05_H1000_I0600_F1,link_window_outage,1.009530472636816,0.9951164184215029
India,T180_P05_H1000_I0600_CN080_F1,T180_P05_H1000_I0600_F1,random_cn_failure,1.0050839552238804,0.9926168464304058
India,T180_P05_H1000_I0600_CN080_F1,T180_P05_H1000_I0600_F1,random_satellite_failure,1.001736111111111,0.9921588769046394
India,T180_P05_H1000_I0600_CN080_F1,T180_P05_H1000_I0600_F1,targeted_cn_failure,1.001865671641791,0.9938366718027735
India,T180_P05_H1000_I0600_CN090_F1,T180_P05_H1000_I0600_F1,capacity_degradation,0.9969249692496924,1.0
India,T180_P05_H1000_I0600_CN090_F1,T180_P05_H1000_I0600_F1,ground_station_outage,0.910890733907339,0.9075286765964733
India,T180_P05_H1000_I0600_CN090_F1,T180_P05_H1000_I0600_F1,link_window_outage,0.9943726937269374,0.9976373908577296
India,T180_P05_H1000_I0600_CN090_F1,T180_P05_H1000_I0600_F1,random_cn_failure,0.9947570725707257,0.9938409518917993
India,T180_P05_H1000_I0600_CN090_F1,T180_P05_H1000_I0600_F1,random_satellite_failure,0.9970172201722017,0.9944530046224962
India,T180_P05_H1000_I0600_CN090_F1,T180_P05_H1000_I0600_F1,targeted_cn_failure,0.9841635916359164,0.9893425783256292
India,T180_P05_H1000_I0600_CN100_F1,T180_P05_H1000_I0600_F1,capacity_degradation,1.003228782287823,1.0
India,T180_P05_H1000_I0600_CN100_F1,T180_P05_H1000_I0600_F1,ground_station_outage,0.8991338663386633,0.8966658106488616
India,T180_P05_H1000_I0600_CN100_F1,T180_P05_H1000_I0600_F1,link_window_outage,0.9980781057810578,0.9990070193460023
India,T180_P05_H1000_I0600_CN100_F1,T180_P05_H1000_I0600_F1,random_cn_failure,0.9955873308733086,0.9952876219825372
India,T180_P05_H1000_I0600_CN100_F1,T180_P05_H1000_I0600_F1,random_satellite_failure,0.994259942599426,0.9949024139702106
India,T180_P05_H1000_I0600_CN100_F1,T180_P05_H1000_I0600_F1,targeted_cn_failure,0.9720172201722017,0.9856189008731382
India,T180_P05_H1000_I0800_CN030_F1,T180_P05_H1000_I0800_F1,capacity_degradation,0.9858578775128566,0.9475093109869647
India,T180_P05_H1000_I0800_CN030_F1,T180_P05_H1000_I0800_F1,ground_station_outage,0.9120344397693627,0.9113555245189324
India,T180_P05_H1000_I0800_CN030_F1,T180_P05_H1000_I0800_F1,link_window_outage,0.9848839021349541,0.9366969273743017
India,T180_P05_H1000_I0800_CN030_F1,T180_P05_H1000_I0800_F1,random_cn_failure,0.9869175627240144,0.9511677529484792
India,T180_P05_H1000_I0800_CN030_F1,T180_P05_H1000_I0800_F1,random_satellite_failure,0.9827411563035686,0.9515557107386717
India,T180_P05_H1000_I0800_CN030_F1,T180_P05_H1000_I0800_F1,targeted_cn_failure,0.9931042543244507,0.9449487895716946
India,T180_P05_H1000_I0800_CN040_F1,T180_P05_H1000_I0800_F1,capacity_degradation,0.9866666666666665,0.972072072072072
India,T180_P05_H1000_I0800_CN040_F1,T180_P05_H1000_I0800_F1,ground_station_outage,0.8925095785440613,0.8893843843843843
India,T180_P05_H1000_I0800_CN040_F1,T180_P05_H1000_I0800_F1,link_window_outage,0.987544061302682,0.9764001501501501
India,T180_P05_H1000_I0800_CN040_F1,T180_P05_H1000_I0800_F1,random_cn_failure,0.9884444444444443,0.982713963963964
India,T180_P05_H1000_I0800_CN040_F1,T180_P05_H1000_I0800_F1,random_satellite_failure,0.9856475095785441,0.983460960960961
India,T180_P05_H1000_I0800_CN040_F1,T180_P05_H1000_I0800_F1,targeted_cn_failure,0.9936781609195402,0.9804054054054052
India,T180_P05_H1000_I0800_CN050_F1,T180_P05_H1000_I0800_F1,capacity_degradation,0.9861300591177808,0.9863922627080522
India,T180_P05_H1000_I0800_CN050_F1,T180_P05_H1000_I0800_F1,ground_station_outage,0.8970630589661964,0.8945194182036287
India,T180_P05_H1000_I0800_CN050_F1,T180_P05_H1000_I0800_F1,link_window_outage,0.9879755949674092,0.9937434397960715
India,T180_P05_H1000_I0800_CN050_F1,T180_P05_H1000_I0800_F1,random_cn_failure,0.9888585720782175,0.9940808217124005
India,T180_P05_H1000_I0800_CN050_F1,T180_P05_H1000_I0800_F1,random_satellite_failure,0.9868728209792328,0.9940733243364822
India,T180_P05_H1000_I0800_CN050_F1,T180_P05_H1000_I0800_F1,targeted_cn_failure,0.9841973624374717,0.9959514170040485
India,T180_P05_H1000_I0800_CN060_F1,T180_P05_H1000_I0800_F1,capacity_degradation,0.9872402890695575,1.0
India,T180_P05_H1000_I0800_CN060_F1,T180_P05_H1000_I0800_F1,ground_station_outage,0.8990665462210179,0.8975108711950818
India,T180_P05_H1000_I0800_CN060_F1,T180_P05_H1000_I0800_F1,link_window_outage,0.9874059018367961,0.9993439796071376
India,T180_P05_H1000_I0800_CN060_F1,T180_P05_H1000_I0800_F1,random_cn_failure,0.9872478169226137,0.9988716449242765
India,T180_P05_H1000_I0800_CN060_F1,T180_P05_H1000_I0800_F1,random_satellite_failure,0.9854787714543813,0.9992577597840756
India,T180_P05_H1000_I0800_CN060_F1,T180_P05_H1000_I0800_F1,targeted_cn_failure,0.9859981933152665,0.9993252361673414
India,T180_P05_H1000_I0800_CN070_F1,T180_P05_H1000_I0800_F1,capacity_degradation,0.9925775978407557,1.0
India,T180_P05_H1000_I0800_CN070_F1,T180_P05_H1000_I0800_F1,ground_station_outage,0.9314289998500523,0.9293147398410556
India,T180_P05_H1000_I0800_CN070_F1,T180_P05_H1000_I0800_F1,link_window_outage,0.9916029389713599,0.9999700104963265
India,T180_P05_H1000_I0800_CN070_F1,T180_P05_H1000_I0800_F1,random_cn_failure,0.993526015894437,0.999962513120408
India,T180_P05_H1000_I0800_CN070_F1,T180_P05_H1000_I0800_F1,random_satellite_failure,0.9917941220572799,0.9999700104963263
India,T180_P05_H1000_I0800_CN070_F1,T180_P05_H1000_I0800_F1,targeted_cn_failure,0.9906657669815565,1.0
India,T180_P05_H1000_I0800_CN080_F1,T180_P05_H1000_I0800_F1,capacity_degradation,0.9919028340080972,1.0
India,T180_P05_H1000_I0800_CN080_F1,T180_P05_H1000_I0800_F1,ground_station_outage,0.9062828010196431,0.9045921427500374
India,T180_P05_H1000_I0800_CN080_F1,T180_P05_H1000_I0800_F1,link_window_outage,0.9943769680611787,0.9997675813465288
India,T180_P05_H1000_I0800_CN080_F1,T180_P05_H1000_I0800_F1,random_cn_failure,0.9953141400509821,0.9998500524816315
India,T180_P05_H1000_I0800_CN080_F1,T180_P05_H1000_I0800_F1,random_satellite_failure,0.9943882141250562,0.9998800419853051
India,T180_P05_H1000_I0800_CN080_F1,T180_P05_H1000_I0800_F1,targeted_cn_failure,0.9950517318938371,1.0
India,T180_P05_H1000_I0800_CN090_F1,T180_P05_H1000_I0800_F1,capacity_degradation,0.9943769680611786,1.0
India,T180_P05_H1000_I0800_CN090_F1,T180_P05_H1000_I0800_F1,ground_station_outage,0.9020767731294048,0.9025041235567551
India,T180_P05_H1000_I0800_CN090_F1,T180_P05_H1000_I0800_F1,link_window_outage,0.9976758134652872,1.0
India,T180_P05_H1000_I0800_CN090_F1,T180_P05_H1000_I0800_F1,random_cn_failure,0.9970535312640577,1.0
India,T180_P05_H1000_I0800_CN090_F1,T180_P05_H1000_I0800_F1,random_satellite_failure,0.9974808816914079,1.0
India,T180_P05_H1000_I0800_CN090_F1,T180_P05_H1000_I0800_F1,targeted_cn_failure,0.9956140350877193,1.0
India,T180_P05_H1000_I0800_CN100_F1,T180_P05_H1000_I0800_F1,capacity_degradation,0.9961763382816015,1.0
India,T180_P05_H1000_I0800_CN100_F1,T180_P05_H1000_I0800_F1,ground_station_outage,0.9023504273504274,0.9036249812565603
India,T180_P05_H1000_I0800_CN100_F1,T180_P05_H1000_I0800_F1,link_window_outage,0.9991228070175439,1.0
India,T180_P05_H1000_I0800_CN100_F1,T180_P05_H1000_I0800_F1,random_cn_failure,0.9987554355975409,1.0
India,T180_P05_H1000_I0800_CN100_F1,T180_P05_H1000_I0800_F1,random_satellite_failure,0.9986429749587645,1.0
India,T180_P05_H1000_I0800_CN100_F1,T180_P05_H1000_I0800_F1,targeted_cn_failure,0.9939271255060729,1.0
India,T180_P05_H1000_I0986_CN030_F1,T180_P05_H1000_I0986_F1,capacity_degradation,0.9929895974672095,0.9473248106060607
India,T180_P05_H1000_I0986_CN030_F1,T180_P05_H1000_I0986_F1,ground_station_outage,0.9049562792100105,0.8981415719696969
India,T180_P05_H1000_I0986_CN030_F1,T180_P05_H1000_I0986_F1,link_window_outage,0.9939883913764512,0.9380760732323232
India,T180_P05_H1000_I0986_CN030_F1,T180_P05_H1000_I0986_F1,random_cn_failure,0.991677973767526,0.926333648989899
India,T180_P05_H1000_I0986_CN030_F1,T180_P05_H1000_I0986_F1,random_satellite_failure,0.9914442936830997,0.933041351010101
India,T180_P05_H1000_I0986_CN030_F1,T180_P05_H1000_I0986_F1,targeted_cn_failure,0.985979194934419,0.9177320075757576
India,T180_P05_H1000_I0986_CN040_F1,T180_P05_H1000_I0986_F1,capacity_degradation,0.99685110211426,0.9586144849302745
India,T180_P05_H1000_I0986_CN040_F1,T180_P05_H1000_I0986_F1,ground_station_outage,0.8955503073924126,0.8936647173489277
India,T180_P05_H1000_I0986_CN040_F1,T180_P05_H1000_I0986_F1,link_window_outage,0.9972822012295698,0.9707602339181286
India,T180_P05_H1000_I0986_CN040_F1,T180_P05_H1000_I0986_F1,random_cn_failure,0.9962738041685409,0.9591280551806867
India,T180_P05_H1000_I0986_CN040_F1,T180_P05_H1000_I0986_F1,random_satellite_failure,0.9964050082471133,0.9647435897435898
India,T180_P05_H1000_I0986_CN040_F1,T180_P05_H1000_I0986_F1,targeted_cn_failure,0.9910031488978855,0.9644624381466487
India,T180_P05_H1000_I0986_CN050_F1,T180_P05_H1000_I0986_F1,capacity_degradation,0.9979757085020242,0.9932523616734142
India,T180_P05_H1000_I0986_CN050_F1,T180_P05_H1000_I0986_F1,ground_station_outage,0.9132778527515371,0.9101064627380417
India,T180_P05_H1000_I0986_CN050_F1,T180_P05_H1000_I0986_F1,link_window_outage,0.9989691108112162,0.9952391662917979
India,T180_P05_H1000_I0986_CN050_F1,T180_P05_H1000_I0986_F1,random_cn_failure,0.998654221022642,0.9909769080821712
India,T180_P05_H1000_I0986_CN050_F1,T180_P05_H1000_I0986_F1,random_satellite_failure,0.9982081271554956,0.9925738491527966
India,T180_P05_H1000_I0986_CN050_F1,T180_P05_H1000_I0986_F1,targeted_cn_failure,0.9977507872244714,0.9587269455690508
India,T180_P05_H1000_I0986_CN060_F1,T180_P05_H1000_I0986_F1,capacity_degradation,0.9986504723346827,1.0
India,T180_P05_H1000_I0986_CN060_F1,T180_P05_H1000_I0986_F1,ground_station_outage,0.9017393912130753,0.9005847953216375
India,T180_P05_H1000_I0986_CN060_F1,T180_P05_H1000_I0986_F1,link_window_outage,0.9998650472334684,0.9996026390763233
India,T180_P05_H1000_I0986_CN060_F1,T180_P05_H1000_I0986_F1,random_cn_failure,0.9995988903883642,0.9989203778677462
India,T180_P05_H1000_I0986_CN060_F1,T180_P05_H1000_I0986_F1,random_satellite_failure,0.999790073474284,0.9995576548208127
India,T180_P05_H1000_I0986_CN060_F1,T180_P05_H1000_I0986_F1,targeted_cn_failure,1.0,1.0
India,T180_P05_H1000_I0986_CN070_F1,T180_P05_H1000_I0986_F1,capacity_degradation,1.0,1.0
India,T180_P05_H1000_I0986_CN070_F1,T180_P05_H1000_I0986_F1,ground_station_outage,0.9035200179937023,0.9025303643724695
India,T180_P05_H1000_I0986_CN070_F1,T180_P05_H1000_I0986_F1,link_window_outage,1.0,1.0
India,T180_P05_H1000_I0986_CN070_F1,T180_P05_H1000_I0986_F1,random_cn_failure,0.9999175288648974,1.0
India,T180_P05_H1000_I0986_CN070_F1,T180_P05_H1000_I0986_F1,random_satellite_failure,0.9999175288648973,0.9999850052481634
India,T180_P05_H1000_I0986_CN070_F1,T180_P05_H1000_I0986_F1,targeted_cn_failure,1.0,1.0
India,T180_P05_H1000_I0986_CN080_F1,T180_P05_H1000_I0986_F1,capacity_degradation,1.0,1.0
India,T180_P05_H1000_I0986_CN080_F1,T180_P05_H1000_I0986_F1,ground_station_outage,0.9092967461388515,0.9086557204978258
India,T180_P05_H1000_I0986_CN080_F1,T180_P05_H1000_I0986_F1,link_window_outage,1.0,1.0
India,T180_P05_H1000_I0986_CN080_F1,T180_P05_H1000_I0986_F1,random_cn_failure,1.0,1.0
India,T180_P05_H1000_I0986_CN080_F1,T180_P05_H1000_I0986_F1,random_satellite_failure,0.9999700104963263,0.9999700104963263
India,T180_P05_H1000_I0986_CN080_F1,T180_P05_H1000_I0986_F1,targeted_cn_failure,1.0,1.0
India,T180_P05_H1000_I0986_CN090_F1,T180_P05_H1000_I0986_F1,capacity_degradation,1.0,1.0
India,T180_P05_H1000_I0986_CN090_F1,T180_P05_H1000_I0986_F1,ground_station_outage,0.9100389863547759,0.9107849752586594
India,T180_P05_H1000_I0986_CN090_F1,T180_P05_H1000_I0986_F1,link_window_outage,1.0,1.0
India,T180_P05_H1000_I0986_CN090_F1,T180_P05_H1000_I0986_F1,random_cn_failure,1.0,1.0
India,T180_P05_H1000_I0986_CN090_F1,T180_P05_H1000_I0986_F1,random_satellite_failure,1.0,1.0
India,T180_P05_H1000_I0986_CN090_F1,T180_P05_H1000_I0986_F1,targeted_cn_failure,0.9993252361673413,0.9993252361673413
India,T180_P05_H1000_I0986_CN100_F1,T180_P05_H1000_I0986_F1,capacity_degradation,1.0,1.0
India,T180_P05_H1000_I0986_CN100_F1,T180_P05_H1000_I0986_F1,ground_station_outage,0.9048882890988154,0.9048657969710601
India,T180_P05_H1000_I0986_CN100_F1,T180_P05_H1000_I0986_F1,link_window_outage,1.0,1.0
India,T180_P05_H1000_I0986_CN100_F1,T180_P05_H1000_I0986_F1,random_cn_failure,0.9999850052481631,0.9999850052481631
India,T180_P05_H1000_I0986_CN100_F1,T180_P05_H1000_I0986_F1,random_satellite_failure,0.9999850052481631,0.9999850052481631
India,T180_P05_H1000_I0986_CN100_F1,T180_P05_H1000_I0986_F1,targeted_cn_failure,0.9997750787224471,1.0
India,T180_P10_H0500_I0600_CN030_F1,T180_P10_H0500_I0600_F1,capacity_degradation,0.9835600907029478,0.9598617756512493
India,T180_P10_H0500_I0600_CN030_F1,T180_P10_H0500_I0600_F1,ground_station_outage,0.9046825396825398,0.9010012404749247
India,T180_P10_H0500_I0600_CN030_F1,T180_P10_H0500_I0600_F1,link_window_outage,0.9888170823885112,0.9509480772638667
India,T180_P10_H0500_I0600_CN030_F1,T180_P10_H0500_I0600_F1,random_cn_failure,0.9937452758881329,0.9180444798865852
India,T180_P10_H0500_I0600_CN030_F1,T180_P10_H0500_I0600_F1,random_satellite_failure,0.991031746031746,0.938618642566011
India,T180_P10_H0500_I0600_CN030_F1,T180_P10_H0500_I0600_F1,targeted_cn_failure,0.9964852607709751,0.9467038809144074
India,T180_P10_H0500_I0600_CN040_F1,T180_P10_H0500_I0600_F1,capacity_degradation,0.9918478260869567,0.9457259158751696
India,T180_P10_H0500_I0600_CN040_F1,T180_P10_H0500_I0600_F1,ground_station_outage,0.9083974939613526,0.8998266244534902
India,T180_P10_H0500_I0600_CN040_F1,T180_P10_H0500_I0600_F1,link_window_outage,0.9933952294685989,0.9364729383386101
India,T180_P10_H0500_I0600_CN040_F1,T180_P10_H0500_I0600_F1,random_cn_failure,0.9971656099033815,0.9161955374641942
India,T180_P10_H0500_I0600_CN040_F1,T180_P10_H0500_I0600_F1,random_satellite_failure,0.9940255132850241,0.9307892356399818
India,T180_P10_H0500_I0600_CN040_F1,T180_P10_H0500_I0600_F1,targeted_cn_failure,0.9979619565217391,0.9284260515603797
India,T180_P10_H0500_I0600_CN050_F1,T180_P10_H0500_I0600_F1,capacity_degradation,0.9966032608695652,0.9851351351351352
India,T180_P10_H0500_I0600_CN050_F1,T180_P10_H0500_I0600_F1,ground_station_outage,0.9101260567632848,0.9046021021021021
India,T180_P10_H0500_I0600_CN050_F1,T180_P10_H0500_I0600_F1,link_window_outage,0.9973694142512076,0.9805330330330331
India,T180_P10_H0500_I0600_CN050_F1,T180_P10_H0500_I0600_F1,random_cn_failure,0.9985394021739128,0.9761824324324324
India,T180_P10_H0500_I0600_CN050_F1,T180_P10_H0500_I0600_F1,random_satellite_failure,0.9975241545893717,0.9797147147147146
India,T180_P10_H0500_I0600_CN050_F1,T180_P10_H0500_I0600_F1,targeted_cn_failure,0.9961503623188406,0.9757882882882882
India,T180_P10_H0500_I0600_CN060_F1,T180_P10_H0500_I0600_F1,capacity_degradation,0.9972826086956522,0.9923423423423422
India,T180_P10_H0500_I0600_CN060_F1,T180_P10_H0500_I0600_F1,ground_station_outage,0.9097637379227053,0.9060285285285284
India,T180_P10_H0500_I0600_CN060_F1,T180_P10_H0500_I0600_F1,link_window_outage,0.9985129830917873,0.99509009009009
India,T180_P10_H0500_I0600_CN060_F1,T180_P10_H0500_I0600_F1,random_cn_failure,0.9994904891304345,0.9924887387387389
India,T180_P10_H0500_I0600_CN060_F1,T180_P10_H0500_I0600_F1,random_satellite_failure,0.9982035024154589,0.9882545045045047
India,T180_P10_H0500_I0600_CN060_F1,T180_P10_H0500_I0600_F1,targeted_cn_failure,1.0,0.9975225225225225
India,T180_P10_H0500_I0600_CN070_F1,T180_P10_H0500_I0600_F1,capacity_degradation,0.9993215739484396,0.9995495495495494
India,T180_P10_H0500_I0600_CN070_F1,T180_P10_H0500_I0600_F1,ground_station_outage,0.9108925071611639,0.9072109609609611
India,T180_P10_H0500_I0600_CN070_F1,T180_P10_H0500_I0600_F1,link_window_outage,0.9990275893260967,0.9992004504504507
India,T180_P10_H0500_I0600_CN070_F1,T180_P10_H0500_I0600_F1,random_cn_failure,0.9993027287803407,0.9982770270270273
India,T180_P10_H0500_I0600_CN070_F1,T180_P10_H0500_I0600_F1,random_satellite_failure,0.9992198100407054,0.9991591591591593
India,T180_P10_H0500_I0600_CN070_F1,T180_P10_H0500_I0600_F1,targeted_cn_failure,0.9997738579828132,0.9997747747747747
India,T180_P10_H0500_I0600_CN080_F1,T180_P10_H0500_I0600_F1,capacity_degradation,1.0,1.0
India,T180_P10_H0500_I0600_CN080_F1,T180_P10_H0500_I0600_F1,ground_station_outage,0.902921195652174,0.8995795795795798
India,T180_P10_H0500_I0600_CN080_F1,T180_P10_H0500_I0600_F1,link_window_outage,1.0000301932367146,0.999744744744745
India,T180_P10_H0500_I0600_CN080_F1,T180_P10_H0500_I0600_F1,random_cn_failure,0.9999773550724635,0.999117867867868
India,T180_P10_H0500_I0600_CN080_F1,T180_P10_H0500_I0600_F1,random_satellite_failure,0.9998754528985503,0.998783783783784
India,T180_P10_H0500_I0600_CN080_F1,T180_P10_H0500_I0600_F1,targeted_cn_failure,1.0002264492753623,1.0
India,T180_P10_H0500_I0600_CN090_F1,T180_P10_H0500_I0600_F1,capacity_degradation,1.0002264492753623,1.0
India,T180_P10_H0500_I0600_CN090_F1,T180_P10_H0500_I0600_F1,ground_station_outage,0.8949879227053138,0.8937349849849849
India,T180_P10_H0500_I0600_CN090_F1,T180_P10_H0500_I0600_F1,link_window_outage,1.0001283212560383,0.999984984984985
India,T180_P10_H0500_I0600_CN090_F1,T180_P10_H0500_I0600_F1,random_cn_failure,0.9999018719806763,0.9993543543543545
India,T180_P10_H0500_I0600_CN090_F1,T180_P10_H0500_I0600_F1,random_satellite_failure,0.9999924516908211,0.9994519519519521
India,T180_P10_H0500_I0600_CN090_F1,T180_P10_H0500_I0600_F1,targeted_cn_failure,1.0,0.9995495495495494
India,T180_P10_H0500_I0600_CN100_F1,T180_P10_H0500_I0600_F1,capacity_degradation,1.0,1.0
India,T180_P10_H0500_I0600_CN100_F1,T180_P10_H0500_I0600_F1,ground_station_outage,0.9034382548309178,0.9013063063063063
India,T180_P10_H0500_I0600_CN100_F1,T180_P10_H0500_I0600_F1,link_window_outage,0.9999773550724635,1.0
India,T180_P10_H0500_I0600_CN100_F1,T180_P10_H0500_I0600_F1,random_cn_failure,0.9998905495169078,0.9994144144144144
India,T180_P10_H0500_I0600_CN100_F1,T180_P10_H0500_I0600_F1,random_satellite_failure,0.999860356280193,0.9996208708708709
India,T180_P10_H0500_I0600_CN100_F1,T180_P10_H0500_I0600_F1,targeted_cn_failure,0.9977355072463768,0.9997747747747747
India,T180_P10_H0500_I0800_CN030_F1,T180_P10_H0500_I0800_F1,capacity_degradation,0.9804318488529015,0.9601889338731444
India,T180_P10_H0500_I0800_CN030_F1,T180_P10_H0500_I0800_F1,ground_station_outage,0.9049145299145299,0.9014619883040935
India,T180_P10_H0500_I0800_CN030_F1,T180_P10_H0500_I0800_F1,link_window_outage,0.9862835507572351,0.9571562453141401
India,T180_P10_H0500_I0800_CN030_F1,T180_P10_H0500_I0800_F1,random_cn_failure,0.9932373669215776,0.9481856350277401
India,T180_P10_H0500_I0800_CN030_F1,T180_P10_H0500_I0800_F1,random_satellite_failure,0.9892525116209325,0.954479682111261
India,T180_P10_H0500_I0800_CN030_F1,T180_P10_H0500_I0800_F1,targeted_cn_failure,0.99685110211426,0.9253261358524516
India,T180_P10_H0500_I0800_CN040_F1,T180_P10_H0500_I0800_F1,capacity_degradation,1.0,0.9928025191183086
India,T180_P10_H0500_I0800_CN040_F1,T180_P10_H0500_I0800_F1,ground_station_outage,0.9082358674463937,0.9047121007647322
India,T180_P10_H0500_I0800_CN040_F1,T180_P10_H0500_I0800_F1,link_window_outage,0.999565152196731,0.9937621832358675
India,T180_P10_H0500_I0800_CN040_F1,T180_P10_H0500_I0800_F1,random_cn_failure,0.9999325236167341,0.9919928025191183
India,T180_P10_H0500_I0800_CN040_F1,T180_P10_H0500_I0800_F1,random_satellite_failure,0.9997225970910182,0.9924801319538161
India,T180_P10_H0500_I0800_CN040_F1,T180_P10_H0500_I0800_F1,targeted_cn_failure,1.0,0.9950517318938371
India,T180_P10_H0500_I0800_CN050_F1,T180_P10_H0500_I0800_F1,capacity_degradation,1.0,1.0
India,T180_P10_H0500_I0800_CN050_F1,T180_P10_H0500_I0800_F1,ground_station_outage,0.9074448942869996,0.9042285200179936
India,T180_P10_H0500_I0800_CN050_F1,T180_P10_H0500_I0800_F1,link_window_outage,1.0,0.9999775078722448
India,T180_P10_H0500_I0800_CN050_F1,T180_P10_H0500_I0800_F1,random_cn_failure,1.0,0.999962513120408
India,T180_P10_H0500_I0800_CN050_F1,T180_P10_H0500_I0800_F1,random_satellite_failure,0.9999850052481631,0.9999025341130604
India,T180_P10_H0500_I0800_CN050_F1,T180_P10_H0500_I0800_F1,targeted_cn_failure,1.0,0.9885290148448043
India,T180_P10_H0500_I0800_CN060_F1,T180_P10_H0500_I0800_F1,capacity_degradation,1.0,1.0
India,T180_P10_H0500_I0800_CN060_F1,T180_P10_H0500_I0800_F1,ground_station_outage,0.8921689908532012,0.8897698305593041
India,T180_P10_H0500_I0800_CN060_F1,T180_P10_H0500_I0800_F1,link_window_outage,1.0,1.0
India,T180_P10_H0500_I0800_CN060_F1,T180_P10_H0500_I0800_F1,random_cn_failure,1.0,1.0
India,T180_P10_H0500_I0800_CN060_F1,T180_P10_H0500_I0800_F1,random_satellite_failure,0.9999925026240817,1.0
India,T180_P10_H0500_I0800_CN060_F1,T180_P10_H0500_I0800_F1,targeted_cn_failure,1.0,0.9997750787224471
India,T180_P10_H0500_I0800_CN070_F1,T180_P10_H0500_I0800_F1,capacity_degradation,1.0,1.0
India,T180_P10_H0500_I0800_CN070_F1,T180_P10_H0500_I0800_F1,ground_station_outage,0.9022154745838958,0.899437696806118
India,T180_P10_H0500_I0800_CN070_F1,T180_P10_H0500_I0800_F1,link_window_outage,1.0,1.0
India,T180_P10_H0500_I0800_CN070_F1,T180_P10_H0500_I0800_F1,random_cn_failure,1.0,0.9999925026240817
India,T180_P10_H0500_I0800_CN070_F1,T180_P10_H0500_I0800_F1,random_satellite_failure,1.0,1.0
India,T180_P10_H0500_I0800_CN070_F1,T180_P10_H0500_I0800_F1,targeted_cn_failure,1.0,1.0
India,T180_P10_H0500_I0800_CN080_F1,T180_P10_H0500_I0800_F1,capacity_degradation,1.0,1.0
India,T180_P10_H0500_I0800_CN080_F1,T180_P10_H0500_I0800_F1,ground_station_outage,0.9105038236617184,0.9082396161343529
India,T180_P10_H0500_I0800_CN080_F1,T180_P10_H0500_I0800_F1,link_window_outage,1.0,1.0
India,T180_P10_H0500_I0800_CN080_F1,T180_P10_H0500_I0800_F1,random_cn_failure,1.0,1.0
India,T180_P10_H0500_I0800_CN080_F1,T180_P10_H0500_I0800_F1,random_satellite_failure,1.0,1.0
India,T180_P10_H0500_I0800_CN080_F1,T180_P10_H0500_I0800_F1,targeted_cn_failure,1.0,1.0
India,T180_P10_H0500_I0800_CN090_F1,T180_P10_H0500_I0800_F1,capacity_degradation,1.0,1.0
India,T180_P10_H0500_I0800_CN090_F1,T180_P10_H0500_I0800_F1,ground_station_outage,0.9220910181436499,0.920520317888739
India,T180_P10_H0500_I0800_CN090_F1,T180_P10_H0500_I0800_F1,link_window_outage,1.0,1.0
India,T180_P10_H0500_I0800_CN090_F1,T180_P10_H0500_I0800_F1,random_cn_failure,1.0,1.0
India,T180_P10_H0500_I0800_CN090_F1,T180_P10_H0500_I0800_F1,random_satellite_failure,1.0,1.0
India,T180_P10_H0500_I0800_CN090_F1,T180_P10_H0500_I0800_F1,targeted_cn_failure,1.0,1.0
India,T180_P10_H0500_I0800_CN100_F1,T180_P10_H0500_I0800_F1,capacity_degradation,1.0,1.0
India,T180_P10_H0500_I0800_CN100_F1,T180_P10_H0500_I0800_F1,ground_station_outage,0.9130754236017393,0.9109011845853952
India,T180_P10_H0500_I0800_CN100_F1,T180_P10_H0500_I0800_F1,link_window_outage,1.0,1.0
India,T180_P10_H0500_I0800_CN100_F1,T180_P10_H0500_I0800_F1,random_cn_failure,1.0,1.0
India,T180_P10_H0500_I0800_CN100_F1,T180_P10_H0500_I0800_F1,random_satellite_failure,1.0,1.0
India,T180_P10_H0500_I0800_CN100_F1,T180_P10_H0500_I0800_F1,targeted_cn_failure,1.0,1.0
India,T180_P10_H0500_I0986_CN030_F1,T180_P10_H0500_I0986_F1,capacity_degradation,0.9820062977957715,0.9624381466486729
India,T180_P10_H0500_I0986_CN030_F1,T180_P10_H0500_I0986_F1,ground_station_outage,0.9000074973759186,0.896048882890988
India,T180_P10_H0500_I0986_CN030_F1,T180_P10_H0500_I0986_F1,link_window_outage,0.9840793222372171,0.9597165991902834
India,T180_P10_H0500_I0986_CN030_F1,T180_P10_H0500_I0986_F1,random_cn_failure,0.9917791273054433,0.9536287299445194
India,T180_P10_H0500_I0986_CN030_F1,T180_P10_H0500_I0986_F1,random_satellite_failure,0.9862985455090719,0.9565114709851553
India,T180_P10_H0500_I0986_CN030_F1,T180_P10_H0500_I0986_F1,targeted_cn_failure,0.9934772829509672,0.9131803868645975
India,T180_P10_H0500_I0986_CN040_F1,T180_P10_H0500_I0986_F1,capacity_degradation,0.9993252361673414,0.9955015744489427
India,T180_P10_H0500_I0986_CN040_F1,T180_P10_H0500_I0986_F1,ground_station_outage,0.900089968511021,0.8972784525416103
India,T180_P10_H0500_I0986_CN040_F1,T180_P10_H0500_I0986_F1,link_window_outage,0.9992727545359124,0.9939721097615835
India,T180_P10_H0500_I0986_CN040_F1,T180_P10_H0500_I0986_F1,random_cn_failure,0.9997825760983656,0.9923376818113661
India,T180_P10_H0500_I0986_CN040_F1,T180_P10_H0500_I0986_F1,random_satellite_failure,0.9994826810616286,0.9944107062528117
India,T180_P10_H0500_I0986_CN040_F1,T180_P10_H0500_I0986_F1,targeted_cn_failure,0.9995501574448942,0.9912280701754386
India,T180_P10_H0500_I0986_CN050_F1,T180_P10_H0500_I0986_F1,capacity_degradation,1.0,1.0
India,T180_P10_H0500_I0986_CN050_F1,T180_P10_H0500_I0986_F1,ground_station_outage,0.9145748987854251,0.9131391512970458
India,T180_P10_H0500_I0986_CN050_F1,T180_P10_H0500_I0986_F1,link_window_outage,1.0,1.0
India,T180_P10_H0500_I0986_CN050_F1,T180_P10_H0500_I0986_F1,random_cn_failure,1.0,0.9999175288648973
India,T180_P10_H0500_I0986_CN050_F1,T180_P10_H0500_I0986_F1,random_satellite_failure,1.0,0.9999325236167341
India,T180_P10_H0500_I0986_CN050_F1,T180_P10_H0500_I0986_F1,targeted_cn_failure,1.0,0.9991003148897887
India,T180_P10_H0500_I0986_CN060_F1,T180_P10_H0500_I0986_F1,capacity_degradation,1.0,1.0
India,T180_P10_H0500_I0986_CN060_F1,T180_P10_H0500_I0986_F1,ground_station_outage,0.9123444294496924,0.9111860848702954
India,T180_P10_H0500_I0986_CN060_F1,T180_P10_H0500_I0986_F1,link_window_outage,1.0,1.0
India,T180_P10_H0500_I0986_CN060_F1,T180_P10_H0500_I0986_F1,random_cn_failure,1.0,1.0
India,T180_P10_H0500_I0986_CN060_F1,T180_P10_H0500_I0986_F1,random_satellite_failure,1.0,1.0
India,T180_P10_H0500_I0986_CN060_F1,T180_P10_H0500_I0986_F1,targeted_cn_failure,1.0,1.0
India,T180_P10_H0500_I0986_CN070_F1,T180_P10_H0500_I0986_F1,capacity_degradation,1.0,1.0
India,T180_P10_H0500_I0986_CN070_F1,T180_P10_H0500_I0986_F1,ground_station_outage,0.8838881391512972,0.8827522866996552
India,T180_P10_H0500_I0986_CN070_F1,T180_P10_H0500_I0986_F1,link_window_outage,1.0,1.0
India,T180_P10_H0500_I0986_CN070_F1,T180_P10_H0500_I0986_F1,random_cn_failure,1.0,1.0
India,T180_P10_H0500_I0986_CN070_F1,T180_P10_H0500_I0986_F1,random_satellite_failure,1.0,1.0
India,T180_P10_H0500_I0986_CN070_F1,T180_P10_H0500_I0986_F1,targeted_cn_failure,1.0,1.0
India,T180_P10_H0500_I0986_CN080_F1,T180_P10_H0500_I0986_F1,capacity_degradation,1.0,1.0
India,T180_P10_H0500_I0986_CN080_F1,T180_P10_H0500_I0986_F1,ground_station_outage,0.9038986354775828,0.9017768780926675
India,T180_P10_H0500_I0986_CN080_F1,T180_P10_H0500_I0986_F1,link_window_outage,1.0,1.0
India,T180_P10_H0500_I0986_CN080_F1,T180_P10_H0500_I0986_F1,random_cn_failure,1.0,1.0
India,T180_P10_H0500_I0986_CN080_F1,T180_P10_H0500_I0986_F1,random_satellite_failure,1.0,1.0
India,T180_P10_H0500_I0986_CN080_F1,T180_P10_H0500_I0986_F1,targeted_cn_failure,1.0,1.0
India,T180_P10_H0500_I0986_CN090_F1,T180_P10_H0500_I0986_F1,capacity_degradation,1.0,1.0
India,T180_P10_H0500_I0986_CN090_F1,T180_P10_H0500_I0986_F1,ground_station_outage,0.8979682111261058,0.8962100764732345
India,T180_P10_H0500_I0986_CN090_F1,T180_P10_H0500_I0986_F1,link_window_outage,1.0,1.0
India,T180_P10_H0500_I0986_CN090_F1,T180_P10_H0500_I0986_F1,random_cn_failure,1.0,1.0
India,T180_P10_H0500_I0986_CN090_F1,T180_P10_H0500_I0986_F1,random_satellite_failure,1.0,1.0
India,T180_P10_H0500_I0986_CN090_F1,T180_P10_H0500_I0986_F1,targeted_cn_failure,1.0,1.0
India,T180_P10_H0500_I0986_CN100_F1,T180_P10_H0500_I0986_F1,capacity_degradation,1.0,1.0
India,T180_P10_H0500_I0986_CN100_F1,T180_P10_H0500_I0986_F1,ground_station_outage,0.9118346078872395,0.9105900434847801
India,T180_P10_H0500_I0986_CN100_F1,T180_P10_H0500_I0986_F1,link_window_outage,1.0,1.0
India,T180_P10_H0500_I0986_CN100_F1,T180_P10_H0500_I0986_F1,random_cn_failure,1.0,1.0
India,T180_P10_H0500_I0986_CN100_F1,T180_P10_H0500_I0986_F1,random_satellite_failure,1.0,1.0
India,T180_P10_H0500_I0986_CN100_F1,T180_P10_H0500_I0986_F1,targeted_cn_failure,1.0,1.0
India,T180_P10_H0800_I0600_CN030_F1,T180_P10_H0800_I0600_F1,capacity_degradation,0.9997732426303856,0.9623081140350878
India,T180_P10_H0800_I0600_CN030_F1,T180_P10_H0800_I0600_F1,ground_station_outage,0.919750566893424,0.9106176900584797
India,T180_P10_H0800_I0600_CN030_F1,T180_P10_H0800_I0600_F1,link_window_outage,0.9998790627362056,0.9561403508771932
India,T180_P10_H0800_I0600_CN030_F1,T180_P10_H0800_I0600_F1,random_cn_failure,0.9999924414210128,0.9194992690058481
India,T180_P10_H0800_I0600_CN030_F1,T180_P10_H0800_I0600_F1,random_satellite_failure,0.9996560846560848,0.9295869883040936
India,T180_P10_H0800_I0600_CN030_F1,T180_P10_H0800_I0600_F1,targeted_cn_failure,1.0,0.9562774122807018
India,T180_P10_H0800_I0600_CN040_F1,T180_P10_H0800_I0600_F1,capacity_degradation,0.9997735507246378,0.9457872928176795
India,T180_P10_H0800_I0600_CN040_F1,T180_P10_H0800_I0600_F1,ground_station_outage,0.9053026871980675,0.8978859729895642
India,T180_P10_H0800_I0600_CN040_F1,T180_P10_H0800_I0600_F1,link_window_outage,0.9999245169082123,0.9321976672805403
India,T180_P10_H0800_I0600_CN040_F1,T180_P10_H0800_I0600_F1,random_cn_failure,0.999547101449275,0.9213512891344382
India,T180_P10_H0800_I0600_CN040_F1,T180_P10_H0800_I0600_F1,random_satellite_failure,0.9995546497584539,0.93484883364027
India,T180_P10_H0800_I0600_CN040_F1,T180_P10_H0800_I0600_F1,targeted_cn_failure,1.0,0.9278314917127072
India,T180_P10_H0800_I0600_CN050_F1,T180_P10_H0800_I0600_F1,capacity_degradation,0.9993215739484396,0.992773261065944
India,T180_P10_H0800_I0600_CN050_F1,T180_P10_H0800_I0600_F1,ground_station_outage,0.9056347052615711,0.90087699488106
India,T180_P10_H0800_I0600_CN050_F1,T180_P10_H0800_I0600_F1,link_window_outage,0.9994007236544551,0.9764829870520929
India,T180_P10_H0800_I0600_CN050_F1,T180_P10_H0800_I0600_F1,random_cn_failure,0.9991783506708881,0.968458295694068
India,T180_P10_H0800_I0600_CN050_F1,T180_P10_H0800_I0600_F1,random_satellite_failure,0.9991557364691693,0.971047877145438
India,T180_P10_H0800_I0600_CN050_F1,T180_P10_H0800_I0600_F1,targeted_cn_failure,1.0,0.9674796747967479
India,T180_P10_H0800_I0600_CN060_F1,T180_P10_H0800_I0600_F1,capacity_degradation,1.0,0.9997747747747747
India,T180_P10_H0800_I0600_CN060_F1,T180_P10_H0800_I0600_F1,ground_station_outage,0.9114470108695651,0.9052965465465465
India,T180_P10_H0800_I0600_CN060_F1,T180_P10_H0800_I0600_F1,link_window_outage,0.9998943236714972,0.9944444444444444
India,T180_P10_H0800_I0600_CN060_F1,T180_P10_H0800_I0600_F1,random_cn_failure,0.9995999396135264,0.9922372372372372
India,T180_P10_H0800_I0600_CN060_F1,T180_P10_H0800_I0600_F1,random_satellite_failure,0.9995320048309178,0.9878566066066067
India,T180_P10_H0800_I0600_CN060_F1,T180_P10_H0800_I0600_F1,targeted_cn_failure,0.9997735507246378,0.9977477477477475
India,T180_P10_H0800_I0600_CN070_F1,T180_P10_H0800_I0600_F1,capacity_degradation,0.9997738579828132,0.9986486486486486
India,T180_P10_H0800_I0600_CN070_F1,T180_P10_H0800_I0600_F1,ground_station_outage,0.8948326549072819,0.8921996996996998
India,T180_P10_H0800_I0600_CN070_F1,T180_P10_H0800_I0600_F1,link_window_outage,0.9995816372682047,0.997195945945946
India,T180_P10_H0800_I0600_CN070_F1,T180_P10_H0800_I0600_F1,random_cn_failure,0.9994421830242727,0.9949662162162163
India,T180_P10_H0800_I0600_CN070_F1,T180_P10_H0800_I0600_F1,random_satellite_failure,0.9990388964269561,0.9950975975975975
India,T180_P10_H0800_I0600_CN070_F1,T180_P10_H0800_I0600_F1,targeted_cn_failure,0.9980777928539124,0.9987612612612612
India,T180_P10_H0800_I0600_CN080_F1,T180_P10_H0800_I0600_F1,capacity_degradation,1.0,1.0
India,T180_P10_H0800_I0600_CN080_F1,T180_P10_H0800_I0600_F1,ground_station_outage,0.9110658827076737,0.9078716216216217
India,T180_P10_H0800_I0600_CN080_F1,T180_P10_H0800_I0600_F1,link_window_outage,0.9997437057138551,0.9995232732732734
India,T180_P10_H0800_I0600_CN080_F1,T180_P10_H0800_I0600_F1,random_cn_failure,0.9993705713854969,0.9968618618618621
India,T180_P10_H0800_I0600_CN080_F1,T180_P10_H0800_I0600_F1,random_satellite_failure,0.9993064978139604,0.9975000000000002
India,T180_P10_H0800_I0600_CN080_F1,T180_P10_H0800_I0600_F1,targeted_cn_failure,0.9997738579828132,0.9997747747747747
India,T180_P10_H0800_I0600_CN090_F1,T180_P10_H0800_I0600_F1,capacity_degradation,0.9997738579828132,1.0
India,T180_P10_H0800_I0600_CN090_F1,T180_P10_H0800_I0600_F1,ground_station_outage,0.9002902155887234,0.8972710210210211
India,T180_P10_H0800_I0600_CN090_F1,T180_P10_H0800_I0600_F1,link_window_outage,0.9996871702095582,0.9999249249249249
India,T180_P10_H0800_I0600_CN090_F1,T180_P10_H0800_I0600_F1,random_cn_failure,0.9993253429820594,0.9999549549549551
India,T180_P10_H0800_I0600_CN090_F1,T180_P10_H0800_I0600_F1,random_satellite_failure,0.9991858887381276,0.9994594594594595
India,T180_P10_H0800_I0600_CN090_F1,T180_P10_H0800_I0600_F1,targeted_cn_failure,1.0,1.0
India,T180_P10_H0800_I0600_CN100_F1,T180_P10_H0800_I0600_F1,capacity_degradation,1.0,1.0
India,T180_P10_H0800_I0600_CN100_F1,T180_P10_H0800_I0600_F1,ground_station_outage,0.9159128599427109,0.9135135135135134
India,T180_P10_H0800_I0600_CN100_F1,T180_P10_H0800_I0600_F1,link_window_outage,0.9998718528569276,0.9999849849849851
India,T180_P10_H0800_I0600_CN100_F1,T180_P10_H0800_I0600_F1,random_cn_failure,0.9993630333182572,0.9996021021021023
India,T180_P10_H0800_I0600_CN100_F1,T180_P10_H0800_I0600_F1,random_satellite_failure,0.9993743404191165,0.9995420420420422
India,T180_P10_H0800_I0600_CN100_F1,T180_P10_H0800_I0600_F1,targeted_cn_failure,0.9993215739484396,0.9984234234234233
India,T180_P10_H0800_I0800_CN030_F1,T180_P10_H0800_I0800_F1,capacity_degradation,1.0,0.949436936936937
India,T180_P10_H0800_I0800_CN030_F1,T180_P10_H0800_I0800_F1,ground_station_outage,0.9072124756335282,0.903753753753754
India,T180_P10_H0800_I0800_CN030_F1,T180_P10_H0800_I0800_F1,link_window_outage,0.9984030589293746,0.9450750750750748
India,T180_P10_H0800_I0800_CN030_F1,T180_P10_H0800_I0800_F1,random_cn_failure,0.9993552256710151,0.9369594594594594
India,T180_P10_H0800_I0800_CN030_F1,T180_P10_H0800_I0800_F1,random_satellite_failure,0.9990253411306043,0.9398611111111111
India,T180_P10_H0800_I0800_CN030_F1,T180_P10_H0800_I0800_F1,targeted_cn_failure,1.0,0.9257882882882883
India,T180_P10_H0800_I0800_CN040_F1,T180_P10_H0800_I0800_F1,capacity_degradation,1.0,0.9941520467836256
India,T180_P10_H0800_I0800_CN040_F1,T180_P10_H0800_I0800_F1,ground_station_outage,0.905510571300045,0.9031676413255361
India,T180_P10_H0800_I0800_CN040_F1,T180_P10_H0800_I0800_F1,link_window_outage,1.0,0.9936047383415805
India,T180_P10_H0800_I0800_CN040_F1,T180_P10_H0800_I0800_F1,random_cn_failure,0.9999925026240817,0.9867446393762184
India,T180_P10_H0800_I0800_CN040_F1,T180_P10_H0800_I0800_F1,random_satellite_failure,0.9999400209926527,0.9893012445644023
India,T180_P10_H0800_I0800_CN040_F1,T180_P10_H0800_I0800_F1,targeted_cn_failure,1.0,0.9914529914529914
India,T180_P10_H0800_I0800_CN050_F1,T180_P10_H0800_I0800_F1,capacity_degradation,1.0,1.0
India,T180_P10_H0800_I0800_CN050_F1,T180_P10_H0800_I0800_F1,ground_station_outage,0.902189233768181,0.8996851102114258
India,T180_P10_H0800_I0800_CN050_F1,T180_P10_H0800_I0800_F1,link_window_outage,1.0,0.9998575498575498
India,T180_P10_H0800_I0800_CN050_F1,T180_P10_H0800_I0800_F1,random_cn_failure,1.0,0.9992352676563204
India,T180_P10_H0800_I0800_CN050_F1,T180_P10_H0800_I0800_F1,random_satellite_failure,1.0,0.9993477282950968
India,T180_P10_H0800_I0800_CN050_F1,T180_P10_H0800_I0800_F1,targeted_cn_failure,1.0,0.9939271255060729
India,T180_P10_H0800_I0800_CN060_F1,T180_P10_H0800_I0800_F1,capacity_degradation,1.0,1.0
India,T180_P10_H0800_I0800_CN060_F1,T180_P10_H0800_I0800_F1,ground_station_outage,0.9003298845404107,0.8980544309491678
India,T180_P10_H0800_I0800_CN060_F1,T180_P10_H0800_I0800_F1,link_window_outage,1.0,0.9999925026240817
India,T180_P10_H0800_I0800_CN060_F1,T180_P10_H0800_I0800_F1,random_cn_failure,1.0,0.9999925026240817
India,T180_P10_H0800_I0800_CN060_F1,T180_P10_H0800_I0800_F1,random_satellite_failure,1.0,1.0
India,T180_P10_H0800_I0800_CN060_F1,T180_P10_H0800_I0800_F1,targeted_cn_failure,1.0,1.0
India,T180_P10_H0800_I0800_CN070_F1,T180_P10_H0800_I0800_F1,capacity_degradation,1.0,1.0
India,T180_P10_H0800_I0800_CN070_F1,T180_P10_H0800_I0800_F1,ground_station_outage,0.9050569800569799,0.9024478932373668
India,T180_P10_H0800_I0800_CN070_F1,T180_P10_H0800_I0800_F1,link_window_outage,1.0,1.0
India,T180_P10_H0800_I0800_CN070_F1,T180_P10_H0800_I0800_F1,random_cn_failure,1.0,1.0
India,T180_P10_H0800_I0800_CN070_F1,T180_P10_H0800_I0800_F1,random_satellite_failure,1.0,1.0
India,T180_P10_H0800_I0800_CN070_F1,T180_P10_H0800_I0800_F1,targeted_cn_failure,1.0,1.0
India,T180_P10_H0800_I0800_CN080_F1,T180_P10_H0800_I0800_F1,capacity_degradation,1.0,1.0
India,T180_P10_H0800_I0800_CN080_F1,T180_P10_H0800_I0800_F1,ground_station_outage,0.9070662768031189,0.9048620482831008
India,T180_P10_H0800_I0800_CN080_F1,T180_P10_H0800_I0800_F1,link_window_outage,1.0,1.0
India,T180_P10_H0800_I0800_CN080_F1,T180_P10_H0800_I0800_F1,random_cn_failure,1.0,1.0
India,T180_P10_H0800_I0800_CN080_F1,T180_P10_H0800_I0800_F1,random_satellite_failure,0.9999850052481631,1.0
India,T180_P10_H0800_I0800_CN080_F1,T180_P10_H0800_I0800_F1,targeted_cn_failure,1.0,1.0
India,T180_P10_H0800_I0800_CN090_F1,T180_P10_H0800_I0800_F1,capacity_degradation,1.0,1.0
India,T180_P10_H0800_I0800_CN090_F1,T180_P10_H0800_I0800_F1,ground_station_outage,0.9047870745239166,0.9002511620932673
India,T180_P10_H0800_I0800_CN090_F1,T180_P10_H0800_I0800_F1,link_window_outage,1.0,1.0
India,T180_P10_H0800_I0800_CN090_F1,T180_P10_H0800_I0800_F1,random_cn_failure,1.0,1.0
India,T180_P10_H0800_I0800_CN090_F1,T180_P10_H0800_I0800_F1,random_satellite_failure,1.0,1.0
India,T180_P10_H0800_I0800_CN090_F1,T180_P10_H0800_I0800_F1,targeted_cn_failure,1.0,1.0
India,T180_P10_H0800_I0800_CN100_F1,T180_P10_H0800_I0800_F1,capacity_degradation,1.0,1.0
India,T180_P10_H0800_I0800_CN100_F1,T180_P10_H0800_I0800_F1,ground_station_outage,0.9206027890238416,0.918597240965662
India,T180_P10_H0800_I0800_CN100_F1,T180_P10_H0800_I0800_F1,link_window_outage,1.0,1.0
India,T180_P10_H0800_I0800_CN100_F1,T180_P10_H0800_I0800_F1,random_cn_failure,1.0,1.0
India,T180_P10_H0800_I0800_CN100_F1,T180_P10_H0800_I0800_F1,random_satellite_failure,1.0,1.0
India,T180_P10_H0800_I0800_CN100_F1,T180_P10_H0800_I0800_F1,targeted_cn_failure,1.0,1.0
India,T180_P10_H0800_I0986_CN030_F1,T180_P10_H0800_I0986_F1,capacity_degradation,0.9991003148897887,0.957714799820063
India,T180_P10_H0800_I0986_CN030_F1,T180_P10_H0800_I0986_F1,ground_station_outage,0.905896686159844,0.9032576098365571
India,T180_P10_H0800_I0986_CN030_F1,T180_P10_H0800_I0986_F1,link_window_outage,0.9991902834008096,0.9587944219523166
India,T180_P10_H0800_I0986_CN030_F1,T180_P10_H0800_I0986_F1,random_cn_failure,0.9997600839706102,0.948927875243665
India,T180_P10_H0800_I0986_CN030_F1,T180_P10_H0800_I0986_F1,random_satellite_failure,0.9989353726195832,0.960357624831309
India,T180_P10_H0800_I0986_CN030_F1,T180_P10_H0800_I0986_F1,targeted_cn_failure,1.0,0.9056455240665767
India,T180_P10_H0800_I0986_CN040_F1,T180_P10_H0800_I0986_F1,capacity_degradation,1.0,0.9946018893387315
India,T180_P10_H0800_I0986_CN040_F1,T180_P10_H0800_I0986_F1,ground_station_outage,0.9142974958764432,0.9124381466486731
India,T180_P10_H0800_I0986_CN040_F1,T180_P10_H0800_I0986_F1,link_window_outage,0.9999775078722447,0.995066726645674
India,T180_P10_H0800_I0986_CN040_F1,T180_P10_H0800_I0986_F1,random_cn_failure,1.0,0.9922139751087121
India,T180_P10_H0800_I0986_CN040_F1,T180_P10_H0800_I0986_F1,random_satellite_failure,0.9999850052481631,0.9934435447593342
India,T180_P10_H0800_I0986_CN040_F1,T180_P10_H0800_I0986_F1,targeted_cn_failure,1.0,0.9871794871794871
India,T180_P10_H0800_I0986_CN050_F1,T180_P10_H0800_I0986_F1,capacity_degradation,1.0,1.0
India,T180_P10_H0800_I0986_CN050_F1,T180_P10_H0800_I0986_F1,ground_station_outage,0.9042997450892187,0.9023541760383866
India,T180_P10_H0800_I0986_CN050_F1,T180_P10_H0800_I0986_F1,link_window_outage,1.0,0.9999850052481631
India,T180_P10_H0800_I0986_CN050_F1,T180_P10_H0800_I0986_F1,random_cn_failure,1.0,0.9995576548208126
India,T180_P10_H0800_I0986_CN050_F1,T180_P10_H0800_I0986_F1,random_satellite_failure,1.0,0.9990478332583596
India,T180_P10_H0800_I0986_CN050_F1,T180_P10_H0800_I0986_F1,targeted_cn_failure,1.0,0.9984255510571299
India,T180_P10_H0800_I0986_CN060_F1,T180_P10_H0800_I0986_F1,capacity_degradation,1.0,1.0
India,T180_P10_H0800_I0986_CN060_F1,T180_P10_H0800_I0986_F1,ground_station_outage,0.9012220722747039,0.8998950367371419
India,T180_P10_H0800_I0986_CN060_F1,T180_P10_H0800_I0986_F1,link_window_outage,1.0,1.0
India,T180_P10_H0800_I0986_CN060_F1,T180_P10_H0800_I0986_F1,random_cn_failure,1.0,1.0
India,T180_P10_H0800_I0986_CN060_F1,T180_P10_H0800_I0986_F1,random_satellite_failure,1.0,1.0
India,T180_P10_H0800_I0986_CN060_F1,T180_P10_H0800_I0986_F1,targeted_cn_failure,1.0,1.0
India,T180_P10_H0800_I0986_CN070_F1,T180_P10_H0800_I0986_F1,capacity_degradation,1.0,1.0
India,T180_P10_H0800_I0986_CN070_F1,T180_P10_H0800_I0986_F1,ground_station_outage,0.9017056530214425,0.899981256560204
India,T180_P10_H0800_I0986_CN070_F1,T180_P10_H0800_I0986_F1,link_window_outage,1.0,1.0
India,T180_P10_H0800_I0986_CN070_F1,T180_P10_H0800_I0986_F1,random_cn_failure,1.0,1.0
India,T180_P10_H0800_I0986_CN070_F1,T180_P10_H0800_I0986_F1,random_satellite_failure,1.0,1.0
India,T180_P10_H0800_I0986_CN070_F1,T180_P10_H0800_I0986_F1,targeted_cn_failure,1.0,1.0
India,T180_P10_H0800_I0986_CN080_F1,T180_P10_H0800_I0986_F1,capacity_degradation,1.0,1.0
India,T180_P10_H0800_I0986_CN080_F1,T180_P10_H0800_I0986_F1,ground_station_outage,0.9029277252961464,0.8997788274104063
India,T180_P10_H0800_I0986_CN080_F1,T180_P10_H0800_I0986_F1,link_window_outage,1.0,1.0
India,T180_P10_H0800_I0986_CN080_F1,T180_P10_H0800_I0986_F1,random_cn_failure,1.0,1.0
India,T180_P10_H0800_I0986_CN080_F1,T180_P10_H0800_I0986_F1,random_satellite_failure,1.0,1.0
India,T180_P10_H0800_I0986_CN080_F1,T180_P10_H0800_I0986_F1,targeted_cn_failure,1.0,1.0
India,T180_P10_H0800_I0986_CN090_F1,T180_P10_H0800_I0986_F1,capacity_degradation,1.0,1.0
India,T180_P10_H0800_I0986_CN090_F1,T180_P10_H0800_I0986_F1,ground_station_outage,0.9132178737441896,0.9109199280251911
India,T180_P10_H0800_I0986_CN090_F1,T180_P10_H0800_I0986_F1,link_window_outage,1.0,1.0
India,T180_P10_H0800_I0986_CN090_F1,T180_P10_H0800_I0986_F1,random_cn_failure,1.0,1.0
India,T180_P10_H0800_I0986_CN090_F1,T180_P10_H0800_I0986_F1,random_satellite_failure,0.9999850052481631,1.0
India,T180_P10_H0800_I0986_CN090_F1,T180_P10_H0800_I0986_F1,targeted_cn_failure,1.0,1.0
India,T180_P10_H0800_I0986_CN100_F1,T180_P10_H0800_I0986_F1,capacity_degradation,1.0,1.0
India,T180_P10_H0800_I0986_CN100_F1,T180_P10_H0800_I0986_F1,ground_station_outage,0.9190808217124007,0.9175963412805518
India,T180_P10_H0800_I0986_CN100_F1,T180_P10_H0800_I0986_F1,link_window_outage,1.0,1.0
India,T180_P10_H0800_I0986_CN100_F1,T180_P10_H0800_I0986_F1,random_cn_failure,1.0,1.0
India,T180_P10_H0800_I0986_CN100_F1,T180_P10_H0800_I0986_F1,random_satellite_failure,1.0,1.0
India,T180_P10_H0800_I0986_CN100_F1,T180_P10_H0800_I0986_F1,targeted_cn_failure,1.0,1.0
India,T180_P10_H1000_I0600_CN030_F1,T180_P10_H1000_I0600_F1,capacity_degradation,1.0,0.9630398671096345
India,T180_P10_H1000_I0600_CN030_F1,T180_P10_H1000_I0600_F1,ground_station_outage,0.9020682367149758,0.8930970837947583
India,T180_P10_H1000_I0600_CN030_F1,T180_P10_H1000_I0600_F1,link_window_outage,0.9993621678743961,0.9468023255813953
India,T180_P10_H1000_I0600_CN030_F1,T180_P10_H1000_I0600_F1,random_cn_failure,0.9996490036231882,0.9084717607973423
India,T180_P10_H1000_I0600_CN030_F1,T180_P10_H1000_I0600_F1,random_satellite_failure,0.9990187198067632,0.9232142857142859
India,T180_P10_H1000_I0600_CN030_F1,T180_P10_H1000_I0600_F1,targeted_cn_failure,0.9989809782608696,0.9536267995570322
India,T180_P10_H1000_I0600_CN040_F1,T180_P10_H1000_I0600_F1,capacity_degradation,1.0,0.9534632034632032
India,T180_P10_H1000_I0600_CN040_F1,T180_P10_H1000_I0600_F1,ground_station_outage,0.9129113828502414,0.9005651755651757
India,T180_P10_H1000_I0600_CN040_F1,T180_P10_H1000_I0600_F1,link_window_outage,0.9992149758454104,0.9418390251723584
India,T180_P10_H1000_I0600_CN040_F1,T180_P10_H1000_I0600_F1,random_cn_failure,0.9993395229468597,0.9308521725188391
India,T180_P10_H1000_I0600_CN040_F1,T180_P10_H1000_I0600_F1,random_satellite_failure,0.9989960748792268,0.9456870290203623
India,T180_P10_H1000_I0600_CN040_F1,T180_P10_H1000_I0600_F1,targeted_cn_failure,1.0,0.9361471861471862
India,T180_P10_H1000_I0600_CN050_F1,T180_P10_H1000_I0600_F1,capacity_degradation,1.0,0.9788843721770552
India,T180_P10_H1000_I0600_CN050_F1,T180_P10_H1000_I0600_F1,ground_station_outage,0.9166930857487923,0.9094662752183076
India,T180_P10_H1000_I0600_CN050_F1,T180_P10_H1000_I0600_F1,link_window_outage,0.999452747584541,0.9630231857874136
India,T180_P10_H1000_I0600_CN050_F1,T180_P10_H1000_I0600_F1,random_cn_failure,0.9994451992753621,0.9529735019572418
India,T180_P10_H1000_I0600_CN050_F1,T180_P10_H1000_I0600_F1,random_satellite_failure,0.9992376207729466,0.9634598012646793
India,T180_P10_H1000_I0600_CN050_F1,T180_P10_H1000_I0600_F1,targeted_cn_failure,1.0,0.9546070460704608
India,T180_P10_H1000_I0600_CN060_F1,T180_P10_H1000_I0600_F1,capacity_degradation,1.0,0.9986486486486486
India,T180_P10_H1000_I0600_CN060_F1,T180_P10_H1000_I0600_F1,ground_station_outage,0.9001585144927535,0.8948385885885887
India,T180_P10_H1000_I0600_CN060_F1,T180_P10_H1000_I0600_F1,link_window_outage,0.9995471014492752,0.9887199699699697
India,T180_P10_H1000_I0600_CN060_F1,T180_P10_H1000_I0600_F1,random_cn_failure,0.9992980072463766,0.9868918918918919
India,T180_P10_H1000_I0600_CN060_F1,T180_P10_H1000_I0600_F1,random_satellite_failure,0.9993357487922704,0.98725975975976
India,T180_P10_H1000_I0600_CN060_F1,T180_P10_H1000_I0600_F1,targeted_cn_failure,0.9993206521739132,0.9938063063063062
India,T180_P10_H1000_I0600_CN070_F1,T180_P10_H1000_I0600_F1,capacity_degradation,1.0,0.9968468468468468
India,T180_P10_H1000_I0600_CN070_F1,T180_P10_H1000_I0600_F1,ground_station_outage,0.9081446256038647,0.9036486486486488
India,T180_P10_H1000_I0600_CN070_F1,T180_P10_H1000_I0600_F1,link_window_outage,0.9997169384057969,0.9937800300300298
India,T180_P10_H1000_I0600_CN070_F1,T180_P10_H1000_I0600_F1,random_cn_failure,0.9994565217391304,0.9856118618618617
India,T180_P10_H1000_I0600_CN070_F1,T180_P10_H1000_I0600_F1,random_satellite_failure,0.9991206219806763,0.9887575075075075
India,T180_P10_H1000_I0600_CN070_F1,T180_P10_H1000_I0600_F1,targeted_cn_failure,0.9993206521739132,0.9971846846846846
India,T180_P10_H1000_I0600_CN080_F1,T180_P10_H1000_I0600_F1,capacity_degradation,1.0,1.0
India,T180_P10_H1000_I0600_CN080_F1,T180_P10_H1000_I0600_F1,ground_station_outage,0.924422554347826,0.9215924426450742
India,T180_P10_H1000_I0600_CN080_F1,T180_P10_H1000_I0600_F1,link_window_outage,0.99921875,0.999194032088769
India,T180_P10_H1000_I0600_CN080_F1,T180_P10_H1000_I0600_F1,random_cn_failure,0.999199879227053,0.9980994152046783
India,T180_P10_H1000_I0600_CN080_F1,T180_P10_H1000_I0600_F1,random_satellite_failure,0.9988488828502414,0.99770955165692
India,T180_P10_H1000_I0600_CN080_F1,T180_P10_H1000_I0600_F1,targeted_cn_failure,0.9997735507246378,1.0
India,T180_P10_H1000_I0600_CN090_F1,T180_P10_H1000_I0600_F1,capacity_degradation,1.0,1.0
India,T180_P10_H1000_I0600_CN090_F1,T180_P10_H1000_I0600_F1,ground_station_outage,0.8928555253623186,0.8916929074823811
India,T180_P10_H1000_I0600_CN090_F1,T180_P10_H1000_I0600_F1,link_window_outage,0.9997848731884055,0.9995351626930573
India,T180_P10_H1000_I0600_CN090_F1,T180_P10_H1000_I0600_F1,random_cn_failure,0.9995093599033814,0.9994002099265257
India,T180_P10_H1000_I0600_CN090_F1,T180_P10_H1000_I0600_F1,random_satellite_failure,0.9994187801932365,0.9983430799220272
India,T180_P10_H1000_I0600_CN090_F1,T180_P10_H1000_I0600_F1,targeted_cn_failure,1.0,0.9997750787224471
India,T180_P10_H1000_I0600_CN100_F1,T180_P10_H1000_I0600_F1,capacity_degradation,1.0,1.0
India,T180_P10_H1000_I0600_CN100_F1,T180_P10_H1000_I0600_F1,ground_station_outage,0.914329865822403,0.9132403658719447
India,T180_P10_H1000_I0600_CN100_F1,T180_P10_H1000_I0600_F1,link_window_outage,0.9991218151665912,0.9999775078722448
India,T180_P10_H1000_I0600_CN100_F1,T180_P10_H1000_I0600_F1,random_cn_failure,0.9985753052917232,0.9990703253861148
India,T180_P10_H1000_I0600_CN100_F1,T180_P10_H1000_I0600_F1,random_satellite_failure,0.9986770691994572,0.9992015294646873
India,T180_P10_H1000_I0600_CN100_F1,T180_P10_H1000_I0600_F1,targeted_cn_failure,0.9972862957937585,0.9993252361673414
India,T180_P10_H1000_I0800_CN030_F1,T180_P10_H1000_I0800_F1,capacity_degradation,1.0,0.9486648250460404
India,T180_P10_H1000_I0800_CN030_F1,T180_P10_H1000_I0800_F1,ground_station_outage,0.899790073474284,0.8969076120319214
India,T180_P10_H1000_I0800_CN030_F1,T180_P10_H1000_I0800_F1,link_window_outage,0.9987254460938672,0.9421654389195824
India,T180_P10_H1000_I0800_CN030_F1,T180_P10_H1000_I0800_F1,random_cn_failure,0.9997375918428552,0.9384093001841619
India,T180_P10_H1000_I0800_CN030_F1,T180_P10_H1000_I0800_F1,random_satellite_failure,0.9987554355975409,0.9406384284837322
India,T180_P10_H1000_I0800_CN030_F1,T180_P10_H1000_I0800_F1,targeted_cn_failure,0.9997750787224471,0.9247237569060773
India,T180_P10_H1000_I0800_CN040_F1,T180_P10_H1000_I0800_F1,capacity_degradation,1.0,0.9853801169590644
India,T180_P10_H1000_I0800_CN040_F1,T180_P10_H1000_I0800_F1,ground_station_outage,0.9182223721697406,0.9150509821562453
India,T180_P10_H1000_I0800_CN040_F1,T180_P10_H1000_I0800_F1,link_window_outage,1.0,0.9888251611935824
India,T180_P10_H1000_I0800_CN040_F1,T180_P10_H1000_I0800_F1,random_cn_failure,1.0,0.9806417753786173
India,T180_P10_H1000_I0800_CN040_F1,T180_P10_H1000_I0800_F1,random_satellite_failure,0.9999775078722448,0.9848065677013046
India,T180_P10_H1000_I0800_CN040_F1,T180_P10_H1000_I0800_F1,targeted_cn_failure,1.0,0.9875168690958165
India,T180_P10_H1000_I0800_CN050_F1,T180_P10_H1000_I0800_F1,capacity_degradation,1.0,1.0
India,T180_P10_H1000_I0800_CN050_F1,T180_P10_H1000_I0800_F1,ground_station_outage,0.9136302294197028,0.9114822312190732
India,T180_P10_H1000_I0800_CN050_F1,T180_P10_H1000_I0800_F1,link_window_outage,1.0,0.9995651521967311
India,T180_P10_H1000_I0800_CN050_F1,T180_P10_H1000_I0800_F1,random_cn_failure,1.0,0.9991752886489728
India,T180_P10_H1000_I0800_CN050_F1,T180_P10_H1000_I0800_F1,random_satellite_failure,0.9999850052481631,0.9994002099265257
India,T180_P10_H1000_I0800_CN050_F1,T180_P10_H1000_I0800_F1,targeted_cn_failure,1.0,0.9887539361223572
India,T180_P10_H1000_I0800_CN060_F1,T180_P10_H1000_I0800_F1,capacity_degradation,1.0,1.0
India,T180_P10_H1000_I0800_CN060_F1,T180_P10_H1000_I0800_F1,ground_station_outage,0.9033738191632927,0.900018743439796
India,T180_P10_H1000_I0800_CN060_F1,T180_P10_H1000_I0800_F1,link_window_outage,1.0,0.9997825760983656
India,T180_P10_H1000_I0800_CN060_F1,T180_P10_H1000_I0800_F1,random_cn_failure,1.0,0.9996963562753038
India,T180_P10_H1000_I0800_CN060_F1,T180_P10_H1000_I0800_F1,random_satellite_failure,1.0,0.999895036737142
India,T180_P10_H1000_I0800_CN060_F1,T180_P10_H1000_I0800_F1,targeted_cn_failure,1.0,0.9991003148897886
India,T180_P10_H1000_I0800_CN070_F1,T180_P10_H1000_I0800_F1,capacity_degradation,1.0,1.0
India,T180_P10_H1000_I0800_CN070_F1,T180_P10_H1000_I0800_F1,ground_station_outage,0.9149235267656319,0.9115234667866245
India,T180_P10_H1000_I0800_CN070_F1,T180_P10_H1000_I0800_F1,link_window_outage,1.0,1.0
India,T180_P10_H1000_I0800_CN070_F1,T180_P10_H1000_I0800_F1,random_cn_failure,1.0,1.0
India,T180_P10_H1000_I0800_CN070_F1,T180_P10_H1000_I0800_F1,random_satellite_failure,1.0,1.0
India,T180_P10_H1000_I0800_CN070_F1,T180_P10_H1000_I0800_F1,targeted_cn_failure,1.0,1.0
India,T180_P10_H1000_I0800_CN080_F1,T180_P10_H1000_I0800_F1,capacity_degradation,1.0,1.0
India,T180_P10_H1000_I0800_CN080_F1,T180_P10_H1000_I0800_F1,ground_station_outage,0.9093642225221171,0.9062828010196432
India,T180_P10_H1000_I0800_CN080_F1,T180_P10_H1000_I0800_F1,link_window_outage,1.0,0.9999925026240817
India,T180_P10_H1000_I0800_CN080_F1,T180_P10_H1000_I0800_F1,random_cn_failure,1.0,1.0
India,T180_P10_H1000_I0800_CN080_F1,T180_P10_H1000_I0800_F1,random_satellite_failure,1.0,1.0
India,T180_P10_H1000_I0800_CN080_F1,T180_P10_H1000_I0800_F1,targeted_cn_failure,1.0,1.0
India,T180_P10_H1000_I0800_CN090_F1,T180_P10_H1000_I0800_F1,capacity_degradation,1.0,1.0
India,T180_P10_H1000_I0800_CN090_F1,T180_P10_H1000_I0800_F1,ground_station_outage,0.903062678062678,0.8995501574448942
India,T180_P10_H1000_I0800_CN090_F1,T180_P10_H1000_I0800_F1,link_window_outage,1.0,1.0
India,T180_P10_H1000_I0800_CN090_F1,T180_P10_H1000_I0800_F1,random_cn_failure,1.0,1.0
India,T180_P10_H1000_I0800_CN090_F1,T180_P10_H1000_I0800_F1,random_satellite_failure,1.0,1.0
India,T180_P10_H1000_I0800_CN090_F1,T180_P10_H1000_I0800_F1,targeted_cn_failure,1.0,1.0
India,T180_P10_H1000_I0800_CN100_F1,T180_P10_H1000_I0800_F1,capacity_degradation,1.0,1.0
India,T180_P10_H1000_I0800_CN100_F1,T180_P10_H1000_I0800_F1,ground_station_outage,0.9186947068526017,0.917075273654221
India,T180_P10_H1000_I0800_CN100_F1,T180_P10_H1000_I0800_F1,link_window_outage,1.0,1.0
India,T180_P10_H1000_I0800_CN100_F1,T180_P10_H1000_I0800_F1,random_cn_failure,1.0,1.0
India,T180_P10_H1000_I0800_CN100_F1,T180_P10_H1000_I0800_F1,random_satellite_failure,1.0,1.0
India,T180_P10_H1000_I0800_CN100_F1,T180_P10_H1000_I0800_F1,targeted_cn_failure,1.0,1.0
India,T180_P10_H1000_I0986_CN030_F1,T180_P10_H1000_I0986_F1,capacity_degradation,0.9997750787224471,0.9557961208840775
India,T180_P10_H1000_I0986_CN030_F1,T180_P10_H1000_I0986_F1,ground_station_outage,0.9125318638476533,0.9087204931589234
India,T180_P10_H1000_I0986_CN030_F1,T180_P10_H1000_I0986_F1,link_window_outage,0.9995576548208127,0.9516350924672982
India,T180_P10_H1000_I0986_CN030_F1,T180_P10_H1000_I0986_F1,random_cn_failure,0.9998800419853052,0.9482972485340552
India,T180_P10_H1000_I0986_CN030_F1,T180_P10_H1000_I0986_F1,random_satellite_failure,0.9996176338281603,0.9569914298601714
India,T180_P10_H1000_I0986_CN030_F1,T180_P10_H1000_I0986_F1,targeted_cn_failure,1.0,0.9520748759585026
India,T180_P10_H1000_I0986_CN040_F1,T180_P10_H1000_I0986_F1,capacity_degradation,1.0,0.9925775978407557
India,T180_P10_H1000_I0986_CN040_F1,T180_P10_H1000_I0986_F1,ground_station_outage,0.901015894436947,0.8986204828310094
India,T180_P10_H1000_I0986_CN040_F1,T180_P10_H1000_I0986_F1,link_window_outage,1.0,0.9932486129854551
India,T180_P10_H1000_I0986_CN040_F1,T180_P10_H1000_I0986_F1,random_cn_failure,1.0,0.9892000299895035
India,T180_P10_H1000_I0986_CN040_F1,T180_P10_H1000_I0986_F1,random_satellite_failure,0.9999700104963263,0.9914417453891138
India,T180_P10_H1000_I0986_CN040_F1,T180_P10_H1000_I0986_F1,targeted_cn_failure,1.0,0.982905982905983
India,T180_P10_H1000_I0986_CN050_F1,T180_P10_H1000_I0986_F1,capacity_degradation,1.0,1.0
India,T180_P10_H1000_I0986_CN050_F1,T180_P10_H1000_I0986_F1,ground_station_outage,0.9082995951417003,0.9065976908082173
India,T180_P10_H1000_I0986_CN050_F1,T180_P10_H1000_I0986_F1,link_window_outage,1.0,0.9999475183685711
India,T180_P10_H1000_I0986_CN050_F1,T180_P10_H1000_I0986_F1,random_cn_failure,1.0,0.9988079172289699
India,T180_P10_H1000_I0986_CN050_F1,T180_P10_H1000_I0986_F1,random_satellite_failure,0.9999550157444894,0.9998050682261208
India,T180_P10_H1000_I0986_CN050_F1,T180_P10_H1000_I0986_F1,targeted_cn_failure,1.0,1.0
India,T180_P10_H1000_I0986_CN060_F1,T180_P10_H1000_I0986_F1,capacity_degradation,1.0,1.0
India,T180_P10_H1000_I0986_CN060_F1,T180_P10_H1000_I0986_F1,ground_station_outage,0.9210751237067026,0.9186347278452541
India,T180_P10_H1000_I0986_CN060_F1,T180_P10_H1000_I0986_F1,link_window_outage,1.0,1.0
India,T180_P10_H1000_I0986_CN060_F1,T180_P10_H1000_I0986_F1,random_cn_failure,1.0,0.999962513120408
India,T180_P10_H1000_I0986_CN060_F1,T180_P10_H1000_I0986_F1,random_satellite_failure,1.0,0.9999475183685711
India,T180_P10_H1000_I0986_CN060_F1,T180_P10_H1000_I0986_F1,targeted_cn_failure,1.0,1.0
India,T180_P10_H1000_I0986_CN070_F1,T180_P10_H1000_I0986_F1,capacity_degradation,1.0,1.0
India,T180_P10_H1000_I0986_CN070_F1,T180_P10_H1000_I0986_F1,ground_station_outage,0.9074898785425101,0.9057429899535162
India,T180_P10_H1000_I0986_CN070_F1,T180_P10_H1000_I0986_F1,link_window_outage,1.0,1.0
India,T180_P10_H1000_I0986_CN070_F1,T180_P10_H1000_I0986_F1,random_cn_failure,1.0,0.9999925026240817
India,T180_P10_H1000_I0986_CN070_F1,T180_P10_H1000_I0986_F1,random_satellite_failure,1.0,1.0
India,T180_P10_H1000_I0986_CN070_F1,T180_P10_H1000_I0986_F1,targeted_cn_failure,1.0,1.0
India,T180_P10_H1000_I0986_CN080_F1,T180_P10_H1000_I0986_F1,capacity_degradation,1.0,1.0
India,T180_P10_H1000_I0986_CN080_F1,T180_P10_H1000_I0986_F1,ground_station_outage,0.9175626030889189,0.915290898185635
India,T180_P10_H1000_I0986_CN080_F1,T180_P10_H1000_I0986_F1,link_window_outage,1.0,1.0
India,T180_P10_H1000_I0986_CN080_F1,T180_P10_H1000_I0986_F1,random_cn_failure,1.0,1.0
India,T180_P10_H1000_I0986_CN080_F1,T180_P10_H1000_I0986_F1,random_satellite_failure,0.9999850052481631,1.0
India,T180_P10_H1000_I0986_CN080_F1,T180_P10_H1000_I0986_F1,targeted_cn_failure,1.0,1.0
India,T180_P10_H1000_I0986_CN090_F1,T180_P10_H1000_I0986_F1,capacity_degradation,1.0,1.0
India,T180_P10_H1000_I0986_CN090_F1,T180_P10_H1000_I0986_F1,ground_station_outage,0.9179224771330035,0.9163705203178887
India,T180_P10_H1000_I0986_CN090_F1,T180_P10_H1000_I0986_F1,link_window_outage,1.0,1.0
India,T180_P10_H1000_I0986_CN090_F1,T180_P10_H1000_I0986_F1,random_cn_failure,1.0,1.0
India,T180_P10_H1000_I0986_CN090_F1,T180_P10_H1000_I0986_F1,random_satellite_failure,1.0,1.0
India,T180_P10_H1000_I0986_CN090_F1,T180_P10_H1000_I0986_F1,targeted_cn_failure,1.0,1.0
India,T180_P10_H1000_I0986_CN100_F1,T180_P10_H1000_I0986_F1,capacity_degradation,1.0,1.0
India,T180_P10_H1000_I0986_CN100_F1,T180_P10_H1000_I0986_F1,ground_station_outage,0.9197743289848553,0.9177013045434099
India,T180_P10_H1000_I0986_CN100_F1,T180_P10_H1000_I0986_F1,link_window_outage,1.0,1.0
India,T180_P10_H1000_I0986_CN100_F1,T180_P10_H1000_I0986_F1,random_cn_failure,1.0,1.0
India,T180_P10_H1000_I0986_CN100_F1,T180_P10_H1000_I0986_F1,random_satellite_failure,1.0,1.0
India,T180_P10_H1000_I0986_CN100_F1,T180_P10_H1000_I0986_F1,targeted_cn_failure,1.0,1.0
