region,case_id,base_id,task_size_multiplier,failure_level_percent,replicates,baseline_observation_success_percent,stressed_observation_success_percent,delta_observation_success_percent,retention_observation_success_percent,baseline_s100_surviving_before_deadline_percent,stressed_s100_surviving_before_deadline_percent,delta_s100_surviving_before_deadline_percent,retention_s100_surviving_before_deadline_percent
India,T180_P03_H0500_I0600_CN030_F1,T180_P03_H0500_I0600_F1,2.0,10.0,10,90.95816464237517,74.65587044534412,-16.302294197031046,0.8207715133531156,84.61538461538461,60.28340080971659,-24.331983805668024,0.7124401913875598
India,T180_P03_H0500_I0600_CN030_F1,T180_P03_H0500_I0600_F1,2.0,20.0,10,90.95816464237517,73.26585695006749,-17.69230769230768,0.8054896142433235,84.61538461538461,52.658569500674766,-31.956815114709848,0.6223285486443382
India,T180_P03_H0500_I0600_CN030_F1,T180_P03_H0500_I0600_F1,4.0,10.0,10,90.95816464237517,59.77058029689609,-31.187584345479074,0.6571216617210683,84.61538461538461,33.02294197031039,-51.59244264507422,0.39027113237639555
India,T180_P03_H0500_I0600_CN030_F1,T180_P03_H0500_I0600_F1,4.0,20.0,10,90.95816464237517,58.663967611336034,-32.29419703103913,0.6449554896142433,84.61538461538461,25.870445344129553,-58.74493927125506,0.30574162679425837
India,T180_P03_H0500_I0600_CN040_F1,T180_P03_H0500_I0600_F1,2.0,10.0,10,95.00674763832659,76.43724696356274,-18.569500674763844,0.8045454545454545,90.68825910931174,68.0161943319838,-22.672064777327947,0.7499999999999999
India,T180_P03_H0500_I0600_CN040_F1,T180_P03_H0500_I0600_F1,2.0,20.0,10,95.00674763832659,75.19568151147098,-19.811066126855607,0.7914772727272726,90.68825910931174,64.6288798920378,-26.059379217273943,0.7126488095238097
India,T180_P03_H0500_I0600_CN040_F1,T180_P03_H0500_I0600_F1,4.0,10.0,10,95.00674763832659,61.74089068825911,-33.26585695006748,0.6498579545454545,90.68825910931174,39.10931174089068,-51.57894736842106,0.4312499999999999
India,T180_P03_H0500_I0600_CN040_F1,T180_P03_H0500_I0600_F1,4.0,20.0,10,95.00674763832659,60.55330634278003,-34.453441295546554,0.6373579545454546,90.68825910931174,33.225371120107965,-57.46288798920378,0.36636904761904765
India,T180_P03_H0500_I0600_CN050_F1,T180_P03_H0500_I0600_F1,2.0,10.0,10,96.49122807017544,78.13765182186236,-18.353576248313075,0.80979020979021,94.33198380566802,72.92847503373818,-21.403508771929836,0.7731044349070099
India,T180_P03_H0500_I0600_CN050_F1,T180_P03_H0500_I0600_F1,2.0,20.0,10,96.49122807017544,76.65317139001351,-19.838056680161927,0.7944055944055946,94.33198380566802,69.5681511470985,-24.763832658569513,0.7374821173104433
India,T180_P03_H0500_I0600_CN050_F1,T180_P03_H0500_I0600_F1,4.0,10.0,10,96.49122807017544,62.834008097165984,-33.657219973009454,0.6511888111888111,94.33198380566802,42.75303643724696,-51.578947368421055,0.45321888412017164
India,T180_P03_H0500_I0600_CN050_F1,T180_P03_H0500_I0600_F1,4.0,20.0,10,96.49122807017544,61.80836707152497,-34.68286099865047,0.6405594405594406,94.33198380566802,38.6774628879892,-55.654520917678816,0.4100143061516452
India,T180_P03_H0500_I0600_CN060_F1,T180_P03_H0500_I0600_F1,2.0,10.0,10,97.57085020242914,81.12010796221321,-16.45074224021593,0.8313969571230981,98.51551956815115,76.07287449392713,-22.442645074224018,0.7721917808219179
India,T180_P03_H0500_I0600_CN060_F1,T180_P03_H0500_I0600_F1,2.0,20.0,10,97.57085020242914,79.0148448043185,-18.556005398110642,0.8098201936376213,98.51551956815115,72.95546558704453,-25.56005398110662,0.7405479452054794
India,T180_P03_H0500_I0600_CN060_F1,T180_P03_H0500_I0600_F1,4.0,10.0,10,97.57085020242914,64.52091767881242,-33.04993252361672,0.6612724757952975,98.51551956815115,50.33738191632928,-48.17813765182187,0.510958904109589
India,T180_P03_H0500_I0600_CN060_F1,T180_P03_H0500_I0600_F1,4.0,20.0,10,97.57085020242914,63.41430499325236,-34.156545209176784,0.6499308437067773,98.51551956815115,44.4804318488529,-54.03508771929825,0.4515068493150685
India,T180_P03_H0500_I0600_CN070_F1,T180_P03_H0500_I0600_F1,2.0,10.0,10,98.38056680161942,84.33198380566802,-14.048582995951406,0.8572016460905351,98.51551956815115,79.06882591093117,-19.44669365721998,0.8026027397260274
India,T180_P03_H0500_I0600_CN070_F1,T180_P03_H0500_I0600_F1,2.0,20.0,10,98.38056680161942,82.07827260458839,-16.30229419703103,0.8342935528120714,98.51551956815115,76.7071524966262,-21.808367071524955,0.7786301369863015
India,T180_P03_H0500_I0600_CN070_F1,T180_P03_H0500_I0600_F1,4.0,10.0,10,98.38056680161942,66.18083670715251,-32.199730094466915,0.6727023319615915,98.51551956815115,56.747638326585694,-41.767881241565455,0.576027397260274
India,T180_P03_H0500_I0600_CN070_F1,T180_P03_H0500_I0600_F1,4.0,20.0,10,98.38056680161942,65.2361673414305,-33.14439946018892,0.6631001371742113,98.51551956815115,51.88933873144399,-46.62618083670716,0.5267123287671233
India,T180_P03_H0500_I0600_CN080_F1,T180_P03_H0500_I0600_F1,2.0,10.0,10,98.51551956815115,85.34412955465586,-13.171390013495284,0.8663013698630136,98.51551956815115,81.72739541160593,-16.788124156545223,0.8295890410958903
India,T180_P03_H0500_I0600_CN080_F1,T180_P03_H0500_I0600_F1,2.0,20.0,10,98.51551956815115,83.41430499325237,-15.101214574898776,0.8467123287671234,98.51551956815115,79.05533063427801,-19.46018893387314,0.8024657534246575
India,T180_P03_H0500_I0600_CN080_F1,T180_P03_H0500_I0600_F1,4.0,10.0,10,98.51551956815115,66.99055330634278,-31.524966261808373,0.6799999999999999,98.51551956815115,61.943319838056674,-36.572199730094475,0.6287671232876711
India,T180_P03_H0500_I0600_CN080_F1,T180_P03_H0500_I0600_F1,4.0,20.0,10,98.51551956815115,65.62753036437248,-32.88798920377867,0.6661643835616439,98.51551956815115,55.02024291497976,-43.49527665317139,0.5584931506849315
India,T180_P03_H0500_I0600_CN090_F1,T180_P03_H0500_I0600_F1,2.0,10.0,10,98.51551956815115,86.41025641025641,-12.10526315789474,0.8771232876712328,98.51551956815115,84.53441295546558,-13.981106612685565,0.8580821917808219
India,T180_P03_H0500_I0600_CN090_F1,T180_P03_H0500_I0600_F1,2.0,20.0,10,98.51551956815115,84.91228070175438,-13.603238866396765,0.8619178082191781,98.51551956815115,82.42914979757086,-16.08636977058029,0.8367123287671233
India,T180_P03_H0500_I0600_CN090_F1,T180_P03_H0500_I0600_F1,4.0,10.0,10,98.51551956815115,67.81376518218624,-30.701754385964904,0.6883561643835617,98.51551956815115,63.46828609986504,-35.04723346828611,0.6442465753424657
India,T180_P03_H0500_I0600_CN090_F1,T180_P03_H0500_I0600_F1,4.0,20.0,10,98.51551956815115,66.92307692307693,-31.592442645074215,0.6793150684931508,98.51551956815115,58.8663967611336,-39.64912280701755,0.5975342465753424
India,T180_P03_H0500_I0600_CN100_F1,T180_P03_H0500_I0600_F1,2.0,10.0,10,98.51551956815115,87.97570850202429,-10.539811066126859,0.8930136986301369,98.51551956815115,88.04318488529015,-10.472334682861003,0.8936986301369862
India,T180_P03_H0500_I0600_CN100_F1,T180_P03_H0500_I0600_F1,2.0,20.0,10,98.51551956815115,85.93792172739542,-12.577597840755729,0.8723287671232878,98.51551956815115,86.6531713900135,-11.862348178137651,0.8795890410958904
India,T180_P03_H0500_I0600_CN100_F1,T180_P03_H0500_I0600_F1,4.0,10.0,10,98.51551956815115,59.82456140350878,-38.69095816464237,0.6072602739726028,98.51551956815115,57.71929824561404,-40.79622132253711,0.5858904109589042
India,T180_P03_H0500_I0600_CN100_F1,T180_P03_H0500_I0600_F1,4.0,20.0,10,98.51551956815115,58.5425101214575,-39.97300944669365,0.5942465753424658,98.51551956815115,55.30364372469636,-43.21187584345479,0.5613698630136986
India,T180_P03_H0500_I0800_CN030_F1,T180_P03_H0500_I0800_F1,2.0,10.0,10,80.7017543859649,54.278002699055335,-26.42375168690957,0.6725752508361206,73.41430499325237,45.88394062078273,-27.53036437246964,0.625
India,T180_P03_H0500_I0800_CN030_F1,T180_P03_H0500_I0800_F1,2.0,20.0,10,80.7017543859649,51.44399460188934,-29.257759784075567,0.6374581939799332,73.41430499325237,42.63157894736842,-30.782726045883955,0.5806985294117646
India,T180_P03_H0500_I0800_CN030_F1,T180_P03_H0500_I0800_F1,4.0,10.0,10,80.7017543859649,33.14439946018892,-47.55735492577598,0.4107023411371236,73.41430499325237,26.828609986504723,-46.58569500674765,0.36544117647058816
India,T180_P03_H0500_I0800_CN030_F1,T180_P03_H0500_I0800_F1,4.0,20.0,10,80.7017543859649,31.700404858299596,-49.00134952766531,0.392809364548495,73.41430499325237,25.07422402159244,-48.34008097165993,0.3415441176470587
India,T180_P03_H0500_I0800_CN040_F1,T180_P03_H0500_I0800_F1,2.0,10.0,10,84.21052631578947,57.66531713900135,-26.545209176788113,0.6847756410256411,79.35222672064778,51.255060728744944,-28.097165991902834,0.6459183673469387
India,T180_P03_H0500_I0800_CN040_F1,T180_P03_H0500_I0800_F1,2.0,20.0,10,84.21052631578947,55.04723346828611,-29.163292847503357,0.6536858974358976,79.35222672064778,47.70580296896087,-31.64642375168691,0.6011904761904762
India,T180_P03_H0500_I0800_CN040_F1,T180_P03_H0500_I0800_F1,4.0,10.0,10,84.21052631578947,35.883940620782724,-48.32658569500674,0.4261217948717949,79.35222672064778,28.60998650472335,-50.742240215924426,0.36054421768707484
India,T180_P03_H0500_I0800_CN040_F1,T180_P03_H0500_I0800_F1,4.0,20.0,10,84.21052631578947,34.0080971659919,-50.20242914979757,0.40384615384615385,79.35222672064778,27.287449392712546,-52.06477732793523,0.34387755102040807
India,T180_P03_H0500_I0800_CN050_F1,T180_P03_H0500_I0800_F1,2.0,10.0,10,88.79892037786774,59.16329284750337,-29.635627530364374,0.6662613981762918,88.52901484480432,52.78002699055331,-35.74898785425101,0.5961890243902439
India,T180_P03_H0500_I0800_CN050_F1,T180_P03_H0500_I0800_F1,2.0,20.0,10,88.79892037786774,56.6531713900135,-32.14574898785425,0.6379939209726444,88.52901484480432,51.84885290148448,-36.680161943319845,0.585670731707317
India,T180_P03_H0500_I0800_CN050_F1,T180_P03_H0500_I0800_F1,4.0,10.0,10,88.79892037786774,36.275303643724705,-52.52361673414304,0.40851063829787243,88.52901484480432,30.836707152496626,-57.69230769230769,0.3483231707317073
India,T180_P03_H0500_I0800_CN050_F1,T180_P03_H0500_I0800_F1,4.0,20.0,10,88.79892037786774,34.7638326585695,-54.03508771929825,0.3914893617021276,88.52901484480432,28.83940620782726,-59.68960863697706,0.3257621951219512
India,T180_P03_H0500_I0800_CN060_F1,T180_P03_H0500_I0800_F1,2.0,10.0,10,89.87854251012146,61.24156545209176,-28.6369770580297,0.6813813813813813,91.22807017543859,55.31713900134954,-35.91093117408905,0.6063609467455623
India,T180_P03_H0500_I0800_CN060_F1,T180_P03_H0500_I0800_F1,2.0,20.0,10,89.87854251012146,60.1889338731444,-29.689608636977063,0.6696696696696697,91.22807017543859,53.72469635627531,-37.50337381916328,0.588905325443787
India,T180_P03_H0500_I0800_CN060_F1,T180_P03_H0500_I0800_F1,4.0,10.0,10,89.87854251012146,37.97570850202429,-51.90283400809717,0.4225225225225225,91.22807017543859,33.03643724696356,-58.19163292847503,0.3621301775147929
India,T180_P03_H0500_I0800_CN060_F1,T180_P03_H0500_I0800_F1,4.0,20.0,10,89.87854251012146,35.74898785425101,-54.12955465587045,0.39774774774774774,91.22807017543859,31.16059379217274,-60.06747638326585,0.34156804733727814
India,T180_P03_H0500_I0800_CN070_F1,T180_P03_H0500_I0800_F1,2.0,10.0,10,90.41835357624831,62.52361673414305,-27.89473684210526,0.6914925373134329,93.92712550607287,56.8421052631579,-37.08502024291497,0.6051724137931035
India,T180_P03_H0500_I0800_CN070_F1,T180_P03_H0500_I0800_F1,2.0,20.0,10,90.41835357624831,60.51282051282052,-29.90553306342779,0.6692537313432837,93.92712550607287,55.384615384615394,-38.542510121457475,0.5896551724137933
India,T180_P03_H0500_I0800_CN070_F1,T180_P03_H0500_I0800_F1,4.0,10.0,10,90.41835357624831,36.95006747638327,-53.46828609986504,0.4086567164179105,93.92712550607287,33.18488529014844,-60.742240215924426,0.3533045977011494
India,T180_P03_H0500_I0800_CN070_F1,T180_P03_H0500_I0800_F1,4.0,20.0,10,90.41835357624831,35.236167341430495,-55.18218623481781,0.3897014925373134,93.92712550607287,32.037786774628884,-61.889338731443985,0.3410919540229886
India,T180_P03_H0500_I0800_CN080_F1,T180_P03_H0500_I0800_F1,2.0,10.0,10,90.82321187584346,62.469635627530366,-28.35357624831309,0.687815750371471,95.00674763832659,57.827260458839405,-37.17948717948718,0.6086647727272727
India,T180_P03_H0500_I0800_CN080_F1,T180_P03_H0500_I0800_F1,2.0,20.0,10,90.82321187584346,59.946018893387304,-30.87719298245615,0.6600297176820207,95.00674763832659,55.9919028340081,-39.014844804318486,0.5893465909090909
India,T180_P03_H0500_I0800_CN080_F1,T180_P03_H0500_I0800_F1,4.0,10.0,10,90.82321187584346,35.53306342780027,-55.29014844804318,0.3912332838038633,95.00674763832659,32.15924426450742,-62.847503373819166,0.3384943181818182
India,T180_P03_H0500_I0800_CN080_F1,T180_P03_H0500_I0800_F1,4.0,20.0,10,90.82321187584346,32.199730094466936,-58.62348178137652,0.3545319465081724,95.00674763832659,29.94601889338731,-65.06072874493927,0.3151988636363636
India,T180_P03_H0500_I0800_CN090_F1,T180_P03_H0500_I0800_F1,2.0,10.0,10,90.55330634278003,61.214574898785415,-29.338731443994618,0.6760059612518627,95.54655870445345,60.0,-35.546558704453446,0.6279661016949152
India,T180_P03_H0500_I0800_CN090_F1,T180_P03_H0500_I0800_F1,2.0,20.0,10,90.55330634278003,59.73009446693658,-30.823211875843455,0.6596125186289121,95.54655870445345,58.3535762483131,-37.19298245614035,0.6107344632768362
India,T180_P03_H0500_I0800_CN090_F1,T180_P03_H0500_I0800_F1,4.0,10.0,10,90.55330634278003,33.49527665317139,-57.058029689608645,0.36989567809239937,95.54655870445345,33.130904183535755,-62.41565452091769,0.34675141242937846
India,T180_P03_H0500_I0800_CN090_F1,T180_P03_H0500_I0800_F1,4.0,20.0,10,90.55330634278003,31.039136302294196,-59.51417004048584,0.3427719821162444,95.54655870445345,30.79622132253711,-64.75033738191634,0.32231638418079095
India,T180_P03_H0500_I0800_CN100_F1,T180_P03_H0500_I0800_F1,2.0,10.0,10,91.49797570850203,53.535762483130895,-37.96221322537113,0.585103244837758,96.49122807017544,59.79757085020242,-36.69365721997302,0.6197202797202797
India,T180_P03_H0500_I0800_CN100_F1,T180_P03_H0500_I0800_F1,2.0,20.0,10,91.49797570850203,52.13225371120107,-39.36572199730095,0.5697640117994099,96.49122807017544,58.13765182186235,-38.35357624831309,0.6025174825174825
India,T180_P03_H0500_I0800_CN100_F1,T180_P03_H0500_I0800_F1,4.0,10.0,10,91.49797570850203,28.02968960863698,-63.46828609986505,0.30634218289085546,96.49122807017544,31.57894736842106,-64.91228070175438,0.3272727272727273
India,T180_P03_H0500_I0800_CN100_F1,T180_P03_H0500_I0800_F1,4.0,20.0,10,91.49797570850203,27.300944669365727,-64.1970310391363,0.298377581120944,96.49122807017544,29.743589743589745,-66.7476383265857,0.3082517482517483
India,T180_P03_H0500_I0986_CN030_F1,T180_P03_H0500_I0986_F1,2.0,10.0,10,56.2753036437247,55.95141700404859,-0.3238866396761111,0.9942446043165468,66.66666666666666,44.12955465587044,-22.537112010796214,0.6619433198380568
India,T180_P03_H0500_I0986_CN030_F1,T180_P03_H0500_I0986_F1,2.0,20.0,10,56.2753036437247,55.08771929824561,-1.1875843454790882,0.9788968824940046,66.66666666666666,39.608636977058026,-27.05802968960863,0.5941295546558705
India,T180_P03_H0500_I0986_CN030_F1,T180_P03_H0500_I0986_F1,4.0,10.0,10,56.2753036437247,40.75573549257759,-15.519568151147105,0.724220623501199,66.66666666666666,19.25775978407557,-47.40890688259108,0.2888663967611336
India,T180_P03_H0500_I0986_CN030_F1,T180_P03_H0500_I0986_F1,4.0,20.0,10,56.2753036437247,36.680161943319845,-19.595141700404852,0.6517985611510793,66.66666666666666,16.032388663967613,-50.63427800269905,0.24048582995951423
India,T180_P03_H0500_I0986_CN040_F1,T180_P03_H0500_I0986_F1,2.0,10.0,10,56.2753036437247,56.261808367071524,-0.01349527665317396,0.9997601918465228,69.36572199730094,49.39271255060729,-19.973009446693645,0.7120622568093387
India,T180_P03_H0500_I0986_CN040_F1,T180_P03_H0500_I0986_F1,2.0,20.0,10,56.2753036437247,55.92442645074224,-0.350877192982459,0.9937649880095922,69.36572199730094,46.2753036437247,-23.09041835357624,0.6671206225680935
India,T180_P03_H0500_I0986_CN040_F1,T180_P03_H0500_I0986_F1,4.0,10.0,10,56.2753036437247,42.44264507422402,-13.83265856950068,0.7541966426858512,69.36572199730094,22.807017543859647,-46.558704453441294,0.32879377431906615
India,T180_P03_H0500_I0986_CN040_F1,T180_P03_H0500_I0986_F1,4.0,20.0,10,56.2753036437247,40.94466936572199,-15.330634278002705,0.72757793764988,69.36572199730094,20.48582995951417,-48.87989203778677,0.2953307392996109
India,T180_P03_H0500_I0986_CN050_F1,T180_P03_H0500_I0986_F1,2.0,10.0,10,56.2753036437247,56.27530364372469,-7.105427357601002e-15,0.9999999999999999,70.04048582995951,52.847503373819166,-17.192982456140342,0.7545279383429674
India,T180_P03_H0500_I0986_CN050_F1,T180_P03_H0500_I0986_F1,2.0,20.0,10,56.2753036437247,56.23481781376519,-0.04048582995950767,0.9992805755395685,70.04048582995951,51.44399460188934,-18.59649122807017,0.7344894026974952
India,T180_P03_H0500_I0986_CN050_F1,T180_P03_H0500_I0986_F1,4.0,10.0,10,56.2753036437247,44.58839406207827,-11.686909581646425,0.792326139088729,70.04048582995951,26.653171390013494,-43.38731443994601,0.3805394990366089
India,T180_P03_H0500_I0986_CN050_F1,T180_P03_H0500_I0986_F1,4.0,20.0,10,56.2753036437247,43.13090418353576,-13.144399460188936,0.7664268585131894,70.04048582995951,24.49392712550607,-45.54655870445344,0.3497109826589595
India,T180_P03_H0500_I0986_CN060_F1,T180_P03_H0500_I0986_F1,2.0,10.0,10,56.2753036437247,56.27530364372469,-7.105427357601002e-15,0.9999999999999999,71.12010796221323,57.28744939271255,-13.832658569500673,0.8055028462998103
India,T180_P03_H0500_I0986_CN060_F1,T180_P03_H0500_I0986_F1,2.0,20.0,10,56.2753036437247,56.27530364372469,-7.105427357601002e-15,0.9999999999999999,71.12010796221323,54.46693657219972,-16.653171390013505,0.7658444022770398
India,T180_P03_H0500_I0986_CN060_F1,T180_P03_H0500_I0986_F1,4.0,10.0,10,56.2753036437247,46.558704453441294,-9.716599190283404,0.8273381294964028,71.12010796221323,30.63427800269905,-40.48582995951418,0.43074003795066407
India,T180_P03_H0500_I0986_CN060_F1,T180_P03_H0500_I0986_F1,4.0,20.0,10,56.2753036437247,45.08771929824561,-11.187584345479088,0.801199040767386,71.12010796221323,28.717948717948712,-42.40215924426451,0.40379506641366214
India,T180_P03_H0500_I0986_CN070_F1,T180_P03_H0500_I0986_F1,2.0,10.0,10,56.2753036437247,56.27530364372469,-7.105427357601002e-15,0.9999999999999999,72.06477732793523,58.94736842105264,-13.117408906882595,0.8179775280898877
India,T180_P03_H0500_I0986_CN070_F1,T180_P03_H0500_I0986_F1,2.0,20.0,10,56.2753036437247,56.27530364372469,-7.105427357601002e-15,0.9999999999999999,72.06477732793523,57.42240215924427,-14.642375168690961,0.7968164794007491
India,T180_P03_H0500_I0986_CN070_F1,T180_P03_H0500_I0986_F1,4.0,10.0,10,56.2753036437247,47.54385964912281,-8.73144399460189,0.8448441247002398,72.06477732793523,33.17139001349527,-38.89338731443996,0.4602996254681646
India,T180_P03_H0500_I0986_CN070_F1,T180_P03_H0500_I0986_F1,4.0,20.0,10,56.2753036437247,46.315789473684205,-9.959514170040492,0.8230215827338129,72.06477732793523,30.337381916329285,-41.72739541160595,0.4209737827715355
India,T180_P03_H0500_I0986_CN080_F1,T180_P03_H0500_I0986_F1,2.0,10.0,10,56.2753036437247,56.27530364372469,-7.105427357601002e-15,0.9999999999999999,72.06477732793523,59.93252361673414,-12.132253711201095,0.8316479400749062
India,T180_P03_H0500_I0986_CN080_F1,T180_P03_H0500_I0986_F1,2.0,20.0,10,56.2753036437247,56.27530364372469,-7.105427357601002e-15,0.9999999999999999,72.06477732793523,59.40620782726046,-12.658569500674773,0.8243445692883894
India,T180_P03_H0500_I0986_CN080_F1,T180_P03_H0500_I0986_F1,4.0,10.0,10,56.2753036437247,48.34008097165992,-7.935222672064775,0.8589928057553957,72.06477732793523,35.47908232118758,-36.58569500674765,0.4923220973782771
India,T180_P03_H0500_I0986_CN080_F1,T180_P03_H0500_I0986_F1,4.0,20.0,10,56.2753036437247,46.558704453441294,-9.716599190283404,0.8273381294964028,72.06477732793523,33.00944669365722,-39.055330634278015,0.4580524344569287
India,T180_P03_H0500_I0986_CN090_F1,T180_P03_H0500_I0986_F1,2.0,10.0,10,56.2753036437247,56.27530364372469,-7.105427357601002e-15,0.9999999999999999,73.27935222672065,60.134952766531725,-13.144399460188922,0.8206261510128915
India,T180_P03_H0500_I0986_CN090_F1,T180_P03_H0500_I0986_F1,2.0,20.0,10,56.2753036437247,56.27530364372469,-7.105427357601002e-15,0.9999999999999999,73.27935222672065,60.161943319838066,-13.11740890688258,0.8209944751381217
India,T180_P03_H0500_I0986_CN090_F1,T180_P03_H0500_I0986_F1,4.0,10.0,10,56.2753036437247,49.014844804318486,-7.260458839406212,0.8709832134292566,73.27935222672065,37.73279352226721,-35.54655870445344,0.5149171270718232
India,T180_P03_H0500_I0986_CN090_F1,T180_P03_H0500_I0986_F1,4.0,20.0,10,56.2753036437247,47.530364372469634,-8.744939271255063,0.8446043165467626,73.27935222672065,36.16734143049932,-37.11201079622133,0.4935543278084714
India,T180_P03_H0500_I0986_CN100_F1,T180_P03_H0500_I0986_F1,2.0,10.0,10,56.2753036437247,56.27530364372469,-7.105427357601002e-15,0.9999999999999999,74.89878542510121,61.97031039136302,-12.928475033738188,0.8273873873873874
India,T180_P03_H0500_I0986_CN100_F1,T180_P03_H0500_I0986_F1,2.0,20.0,10,56.2753036437247,56.27530364372469,-7.105427357601002e-15,0.9999999999999999,74.89878542510121,61.6464237516869,-13.252361673414306,0.823063063063063
India,T180_P03_H0500_I0986_CN100_F1,T180_P03_H0500_I0986_F1,4.0,10.0,10,56.2753036437247,49.50067476383266,-6.774628879892035,0.8796163069544365,74.89878542510121,41.228070175438596,-33.670715249662614,0.5504504504504505
India,T180_P03_H0500_I0986_CN100_F1,T180_P03_H0500_I0986_F1,4.0,20.0,10,56.2753036437247,48.232118758434545,-8.043184885290152,0.8570743405275779,74.89878542510121,39.35222672064778,-35.54655870445343,0.5254054054054055
India,T180_P03_H0800_I0600_CN030_F1,T180_P03_H0800_I0600_F1,2.0,10.0,10,93.52226720647774,76.43724696356277,-17.085020242914965,0.8173160173160174,82.86099865047234,57.54385964912281,-25.31713900134953,0.6944625407166124
India,T180_P03_H0800_I0600_CN030_F1,T180_P03_H0800_I0600_F1,2.0,20.0,10,93.52226720647774,74.75033738191632,-18.77192982456141,0.7992784992784993,82.86099865047234,46.47773279352227,-36.38326585695007,0.5609120521172639
India,T180_P03_H0800_I0600_CN030_F1,T180_P03_H0800_I0600_F1,4.0,10.0,10,93.52226720647774,63.72469635627531,-29.797570850202426,0.6813852813852814,82.86099865047234,33.56275303643725,-49.29824561403509,0.40504885993485346
India,T180_P03_H0800_I0600_CN030_F1,T180_P03_H0800_I0600_F1,4.0,20.0,10,93.52226720647774,62.87449392712551,-30.647773279352222,0.6722943722943724,82.86099865047234,28.070175438596486,-54.79082321187585,0.3387622149837133
India,T180_P03_H0800_I0600_CN040_F1,T180_P03_H0800_I0600_F1,2.0,10.0,10,96.08636977058029,79.10931174089069,-16.9770580296896,0.8233146067415731,88.52901484480432,66.12685560053981,-22.40215924426451,0.7469512195121951
India,T180_P03_H0800_I0600_CN040_F1,T180_P03_H0800_I0600_F1,2.0,20.0,10,96.08636977058029,78.08367071524967,-18.002699055330623,0.8126404494382024,88.52901484480432,61.90283400809717,-26.62618083670715,0.6992378048780489
India,T180_P03_H0800_I0600_CN040_F1,T180_P03_H0800_I0600_F1,4.0,10.0,10,96.08636977058029,65.49257759784075,-30.59379217273954,0.6816011235955056,88.52901484480432,39.21727395411606,-49.31174089068826,0.4429878048780488
India,T180_P03_H0800_I0600_CN040_F1,T180_P03_H0800_I0600_F1,4.0,20.0,10,96.08636977058029,64.64237516869096,-31.44399460188933,0.6727528089887641,88.52901484480432,35.910931174089065,-52.61808367071526,0.40564024390243897
India,T180_P03_H0800_I0600_CN050_F1,T180_P03_H0800_I0600_F1,2.0,10.0,10,97.57085020242914,81.59244264507421,-15.978407557354927,0.836237897648686,93.52226720647774,73.10391363022943,-20.418353576248307,0.7816738816738817
India,T180_P03_H0800_I0600_CN050_F1,T180_P03_H0800_I0600_F1,2.0,20.0,10,97.57085020242914,80.05398110661268,-17.51686909581646,0.8204702627939142,93.52226720647774,69.7570850202429,-23.76518218623484,0.7458874458874457
India,T180_P03_H0800_I0600_CN050_F1,T180_P03_H0800_I0600_F1,4.0,10.0,10,97.57085020242914,66.6531713900135,-30.917678812415645,0.6831258644536654,93.52226720647774,45.35762483130904,-48.1646423751687,0.4849927849927849
India,T180_P03_H0800_I0600_CN050_F1,T180_P03_H0800_I0600_F1,4.0,20.0,10,97.57085020242914,65.87044534412958,-31.700404858299564,0.6751037344398343,93.52226720647774,40.229419703103915,-53.29284750337382,0.43015873015873013
India,T180_P03_H0800_I0600_CN060_F1,T180_P03_H0800_I0600_F1,2.0,10.0,10,98.11066126855602,83.84615384615384,-14.264507422402176,0.8546079779917467,98.51551956815115,76.68016194331983,-21.835357624831317,0.7783561643835616
India,T180_P03_H0800_I0600_CN060_F1,T180_P03_H0800_I0600_F1,2.0,20.0,10,98.11066126855602,82.36167341430499,-15.748987854251027,0.8394773039889958,98.51551956815115,73.56275303643726,-24.95276653171389,0.7467123287671233
India,T180_P03_H0800_I0600_CN060_F1,T180_P03_H0800_I0600_F1,4.0,10.0,10,98.11066126855602,68.15114709851552,-29.959514170040492,0.6946354883081155,98.51551956815115,52.21322537112011,-46.30229419703104,0.53
India,T180_P03_H0800_I0600_CN060_F1,T180_P03_H0800_I0600_F1,4.0,20.0,10,98.11066126855602,67.46288798920378,-30.647773279352236,0.6876203576341128,98.51551956815115,46.05937921727396,-52.45614035087719,0.4675342465753425
India,T180_P03_H0800_I0600_CN070_F1,T180_P03_H0800_I0600_F1,2.0,10.0,10,98.51551956815115,85.58704453441295,-12.928475033738195,0.8687671232876713,98.51551956815115,79.06882591093117,-19.44669365721998,0.8026027397260274
India,T180_P03_H0800_I0600_CN070_F1,T180_P03_H0800_I0600_F1,2.0,20.0,10,98.51551956815115,83.98110661268555,-14.534412955465598,0.8524657534246575,98.51551956815115,77.20647773279352,-21.309041835357633,0.7836986301369863
India,T180_P03_H0800_I0600_CN070_F1,T180_P03_H0800_I0600_F1,4.0,10.0,10,98.51551956815115,69.66261808367071,-28.85290148448044,0.7071232876712328,98.51551956815115,57.786774628879904,-40.728744939271245,0.5865753424657535
India,T180_P03_H0800_I0600_CN070_F1,T180_P03_H0800_I0600_F1,4.0,20.0,10,98.51551956815115,68.24561403508774,-30.269905533063408,0.6927397260273974,98.51551956815115,52.645074224021585,-45.870445344129564,0.5343835616438355
India,T180_P03_H0800_I0600_CN080_F1,T180_P03_H0800_I0600_F1,2.0,10.0,10,98.51551956815115,87.89473684210527,-10.620782726045874,0.8921917808219179,98.51551956815115,81.9298245614035,-16.585695006747642,0.8316438356164383
India,T180_P03_H0800_I0600_CN080_F1,T180_P03_H0800_I0600_F1,2.0,20.0,10,98.51551956815115,86.11336032388664,-12.40215924426451,0.8741095890410958,98.51551956815115,79.7165991902834,-18.798920377867745,0.8091780821917809
India,T180_P03_H0800_I0600_CN080_F1,T180_P03_H0800_I0600_F1,4.0,10.0,10,98.51551956815115,70.17543859649122,-28.34008097165993,0.7123287671232875,98.51551956815115,61.511470985155185,-37.004048582995964,0.6243835616438355
India,T180_P03_H0800_I0600_CN080_F1,T180_P03_H0800_I0600_F1,4.0,20.0,10,98.51551956815115,68.9608636977058,-29.554655870445345,0.7,98.51551956815115,58.13765182186235,-40.3778677462888,0.5901369863013699
India,T180_P03_H0800_I0600_CN090_F1,T180_P03_H0800_I0600_F1,2.0,10.0,10,98.51551956815115,89.17678812415656,-9.33873144399459,0.9052054794520549,98.51551956815115,85.77597840755735,-12.739541160593802,0.8706849315068492
India,T180_P03_H0800_I0600_CN090_F1,T180_P03_H0800_I0600_F1,2.0,20.0,10,98.51551956815115,86.92307692307693,-11.592442645074215,0.8823287671232878,98.51551956815115,82.88798920377867,-15.627530364372475,0.8413698630136985
India,T180_P03_H0800_I0600_CN090_F1,T180_P03_H0800_I0600_F1,4.0,10.0,10,98.51551956815115,71.45748987854252,-27.05802968960863,0.7253424657534248,98.51551956815115,66.693657219973,-31.821862348178144,0.6769863013698629
India,T180_P03_H0800_I0600_CN090_F1,T180_P03_H0800_I0600_F1,4.0,20.0,10,98.51551956815115,69.97300944669365,-28.542510121457497,0.7102739726027396,98.51551956815115,62.55060728744938,-35.96491228070177,0.634931506849315
India,T180_P03_H0800_I0600_CN100_F1,T180_P03_H0800_I0600_F1,2.0,10.0,10,98.51551956815115,91.53846153846155,-6.977058029689601,0.9291780821917809,98.51551956815115,91.43049932523617,-7.085020242914979,0.928082191780822
India,T180_P03_H0800_I0600_CN100_F1,T180_P03_H0800_I0600_F1,2.0,20.0,10,98.51551956815115,88.47503373819163,-10.040485829959522,0.8980821917808218,98.51551956815115,89.28475033738192,-9.230769230769226,0.9063013698630138
India,T180_P03_H0800_I0600_CN100_F1,T180_P03_H0800_I0600_F1,4.0,10.0,10,98.51551956815115,70.74224021592443,-27.773279352226723,0.7180821917808219,98.51551956815115,68.7719298245614,-29.74358974358975,0.6980821917808219
India,T180_P03_H0800_I0600_CN100_F1,T180_P03_H0800_I0600_F1,4.0,20.0,10,98.51551956815115,68.15114709851552,-30.364372469635626,0.6917808219178082,98.51551956815115,65.06072874493927,-33.45479082321188,0.6604109589041095
India,T180_P03_H0800_I0800_CN030_F1,T180_P03_H0800_I0800_F1,2.0,10.0,10,94.1970310391363,74.99325236167343,-19.20377867746288,0.7961318051575932,89.20377867746289,60.41835357624831,-28.785425101214585,0.6773071104387292
India,T180_P03_H0800_I0800_CN030_F1,T180_P03_H0800_I0800_F1,2.0,20.0,10,94.1970310391363,71.90283400809716,-22.294197031039147,0.7633237822349569,89.20377867746289,55.843454790823216,-33.36032388663968,0.6260211800302572
India,T180_P03_H0800_I0800_CN030_F1,T180_P03_H0800_I0800_F1,4.0,10.0,10,94.1970310391363,45.46558704453441,-48.7314439946019,0.48266475644699136,89.20377867746289,33.03643724696356,-56.167341430499334,0.37034795763993944
India,T180_P03_H0800_I0800_CN030_F1,T180_P03_H0800_I0800_F1,4.0,20.0,10,94.1970310391363,43.18488529014845,-51.012145748987855,0.4584527220630373,89.20377867746289,28.97435897435897,-60.22941970310392,0.32481089258698936
India,T180_P03_H0800_I0800_CN040_F1,T180_P03_H0800_I0800_F1,2.0,10.0,10,97.57085020242914,77.85425101214574,-19.716599190283404,0.7979253112033194,98.51551956815115,68.90688259109312,-29.608636977058026,0.6994520547945206
India,T180_P03_H0800_I0800_CN040_F1,T180_P03_H0800_I0800_F1,2.0,20.0,10,97.57085020242914,76.50472334682861,-21.06612685560053,0.784094052558783,98.51551956815115,63.049932523616725,-35.46558704453442,0.6399999999999999
India,T180_P03_H0800_I0800_CN040_F1,T180_P03_H0800_I0800_F1,4.0,10.0,10,97.57085020242914,47.93522267206477,-49.635627530364374,0.49128630705394183,98.51551956815115,36.69365721997301,-61.821862348178136,0.37246575342465754
India,T180_P03_H0800_I0800_CN040_F1,T180_P03_H0800_I0800_F1,4.0,20.0,10,97.57085020242914,46.28879892037786,-51.282051282051285,0.4744121715076071,98.51551956815115,34.75033738191633,-63.76518218623482,0.3527397260273973
India,T180_P03_H0800_I0800_CN050_F1,T180_P03_H0800_I0800_F1,2.0,10.0,10,97.97570850202429,80.08097165991902,-17.894736842105274,0.8173553719008263,98.51551956815115,73.09041835357624,-25.42510121457491,0.741917808219178
India,T180_P03_H0800_I0800_CN050_F1,T180_P03_H0800_I0800_F1,2.0,20.0,10,97.97570850202429,78.55600539811067,-19.41970310391362,0.8017906336088155,98.51551956815115,68.67746288798921,-29.83805668016194,0.6971232876712329
India,T180_P03_H0800_I0800_CN050_F1,T180_P03_H0800_I0800_F1,4.0,10.0,10,97.97570850202429,51.551956815114714,-46.423751686909576,0.5261707988980717,98.51551956815115,39.46018893387314,-59.05533063427801,0.4005479452054794
India,T180_P03_H0800_I0800_CN050_F1,T180_P03_H0800_I0800_F1,4.0,20.0,10,97.97570850202429,49.08232118758435,-48.89338731443994,0.5009641873278238,98.51551956815115,37.08502024291498,-61.43049932523617,0.37643835616438354
India,T180_P03_H0800_I0800_CN060_F1,T180_P03_H0800_I0800_F1,2.0,10.0,10,98.38056680161942,81.5519568151147,-16.828609986504716,0.8289437585733883,98.51551956815115,76.93657219973011,-21.57894736842104,0.7809589041095891
India,T180_P03_H0800_I0800_CN060_F1,T180_P03_H0800_I0800_F1,2.0,20.0,10,98.38056680161942,80.12145748987854,-18.259109311740886,0.81440329218107,98.51551956815115,72.9689608636977,-25.546558704453446,0.7406849315068492
India,T180_P03_H0800_I0800_CN060_F1,T180_P03_H0800_I0800_F1,4.0,10.0,10,98.38056680161942,53.19838056680162,-45.182186234817806,0.5407407407407407,98.51551956815115,41.20107962213225,-57.3144399460189,0.4182191780821917
India,T180_P03_H0800_I0800_CN060_F1,T180_P03_H0800_I0800_F1,4.0,20.0,10,98.38056680161942,50.35087719298245,-48.02968960863697,0.5117969821673526,98.51551956815115,39.203778677462886,-59.31174089068826,0.397945205479452
India,T180_P03_H0800_I0800_CN070_F1,T180_P03_H0800_I0800_F1,2.0,10.0,10,98.24561403508771,82.94197031039137,-15.303643724696343,0.8442307692307693,98.51551956815115,79.66261808367071,-18.85290148448044,0.8086301369863013
India,T180_P03_H0800_I0800_CN070_F1,T180_P03_H0800_I0800_F1,2.0,20.0,10,98.24561403508771,81.48448043184885,-16.76113360323886,0.8293956043956044,98.51551956815115,76.00539811066128,-22.510121457489873,0.7715068493150685
India,T180_P03_H0800_I0800_CN070_F1,T180_P03_H0800_I0800_F1,4.0,10.0,10,98.24561403508771,53.22537112010796,-45.020242914979754,0.5417582417582417,98.51551956815115,42.05128205128205,-56.4642375168691,0.42684931506849316
India,T180_P03_H0800_I0800_CN070_F1,T180_P03_H0800_I0800_F1,4.0,20.0,10,98.24561403508771,50.89068825910931,-47.3549257759784,0.5179945054945055,98.51551956815115,40.148448043184885,-58.36707152496626,0.4075342465753425
India,T180_P03_H0800_I0800_CN080_F1,T180_P03_H0800_I0800_F1,2.0,10.0,10,98.24561403508771,84.08906882591093,-14.156545209176784,0.8559065934065935,98.51551956815115,82.44264507422402,-16.07287449392713,0.8368493150684931
India,T180_P03_H0800_I0800_CN080_F1,T180_P03_H0800_I0800_F1,2.0,20.0,10,98.24561403508771,82.83400809716599,-15.41160593792172,0.8431318681318682,98.51551956815115,79.9460188933873,-18.569500674763844,0.8115068493150683
India,T180_P03_H0800_I0800_CN080_F1,T180_P03_H0800_I0800_F1,4.0,10.0,10,98.24561403508771,54.07557354925776,-44.17004048582995,0.550412087912088,98.51551956815115,44.156545209176784,-54.358974358974365,0.44821917808219175
India,T180_P03_H0800_I0800_CN080_F1,T180_P03_H0800_I0800_F1,4.0,20.0,10,98.24561403508771,52.24021592442646,-46.005398110661254,0.5317307692307693,98.51551956815115,41.659919028340084,-56.855600539811064,0.42287671232876717
India,T180_P03_H0800_I0800_CN090_F1,T180_P03_H0800_I0800_F1,2.0,10.0,10,98.24561403508771,84.91228070175438,-13.333333333333329,0.8642857142857143,98.51551956815115,82.10526315789473,-16.410256410256423,0.8334246575342464
India,T180_P03_H0800_I0800_CN090_F1,T180_P03_H0800_I0800_F1,2.0,20.0,10,98.24561403508771,83.6707152496626,-14.574898785425106,0.8516483516483516,98.51551956815115,81.84885290148449,-16.666666666666657,0.8308219178082192
India,T180_P03_H0800_I0800_CN090_F1,T180_P03_H0800_I0800_F1,4.0,10.0,10,98.24561403508771,52.67206477732793,-45.57354925775978,0.5361263736263736,98.51551956815115,45.11470985155196,-53.40080971659919,0.45794520547945206
India,T180_P03_H0800_I0800_CN090_F1,T180_P03_H0800_I0800_F1,4.0,20.0,10,98.24561403508771,50.80971659919028,-47.43589743589743,0.5171703296703297,98.51551956815115,43.76518218623481,-54.75033738191634,0.44424657534246564
India,T180_P03_H0800_I0800_CN100_F1,T180_P03_H0800_I0800_F1,2.0,10.0,10,98.24561403508771,84.0620782726046,-14.183535762483118,0.8556318681318683,98.51551956815115,76.77462887989205,-21.7408906882591,0.7793150684931508
India,T180_P03_H0800_I0800_CN100_F1,T180_P03_H0800_I0800_F1,2.0,20.0,10,98.24561403508771,82.07827260458839,-16.16734143049932,0.8354395604395605,98.51551956815115,74.93927125506073,-23.576248313090417,0.7606849315068493
India,T180_P03_H0800_I0800_CN100_F1,T180_P03_H0800_I0800_F1,4.0,10.0,10,98.24561403508771,48.27260458839406,-49.97300944669365,0.4913461538461539,98.51551956815115,44.60188933873145,-53.913630229419695,0.45273972602739737
India,T180_P03_H0800_I0800_CN100_F1,T180_P03_H0800_I0800_F1,4.0,20.0,10,98.24561403508771,45.883940620782724,-52.36167341430499,0.46703296703296704,98.51551956815115,43.04993252361673,-55.465587044534416,0.436986301369863
India,T180_P03_H0800_I0986_CN030_F1,T180_P03_H0800_I0986_F1,2.0,10.0,10,58.97435897435898,58.2051282051282,-0.7692307692307807,0.9869565217391303,72.19973009446694,55.6140350877193,-16.585695006747642,0.7702803738317757
India,T180_P03_H0800_I0986_CN030_F1,T180_P03_H0800_I0986_F1,2.0,20.0,10,58.97435897435898,58.19163292847503,-0.7827260458839476,0.9867276887871852,72.19973009446694,51.24156545209176,-20.95816464237518,0.7097196261682241
India,T180_P03_H0800_I0986_CN030_F1,T180_P03_H0800_I0986_F1,4.0,10.0,10,58.97435897435898,50.661268556005396,-8.313090418353582,0.8590389016018306,72.19973009446694,29.190283400809715,-43.009446693657225,0.4042990654205607
India,T180_P03_H0800_I0986_CN030_F1,T180_P03_H0800_I0986_F1,4.0,20.0,10,58.97435897435898,48.13765182186234,-10.836707152496636,0.8162471395881006,72.19973009446694,25.209176788124157,-46.99055330634279,0.34915887850467286
India,T180_P03_H0800_I0986_CN040_F1,T180_P03_H0800_I0986_F1,2.0,10.0,10,59.24426450742241,58.40755735492578,-0.8367071524966292,0.985876993166287,76.24831309041835,63.387314439946024,-12.860998650472325,0.8313274336283187
India,T180_P03_H0800_I0986_CN040_F1,T180_P03_H0800_I0986_F1,2.0,20.0,10,59.24426450742241,57.989203778677464,-1.2550607287449438,0.9788154897494304,76.24831309041835,59.50067476383266,-16.747638326585687,0.780353982300885
India,T180_P03_H0800_I0986_CN040_F1,T180_P03_H0800_I0986_F1,4.0,10.0,10,59.24426450742241,53.30634278002699,-5.93792172739542,0.8997722095671981,76.24831309041835,35.76248313090419,-40.48582995951416,0.46902654867256643
India,T180_P03_H0800_I0986_CN040_F1,T180_P03_H0800_I0986_F1,4.0,20.0,10,59.24426450742241,52.19973009446693,-7.044534412955478,0.8810933940774486,76.24831309041835,32.658569500674766,-43.589743589743584,0.4283185840707965
India,T180_P03_H0800_I0986_CN050_F1,T180_P03_H0800_I0986_F1,2.0,10.0,10,59.37921727395412,58.421052631578945,-0.9581646423751735,0.9838636363636363,79.6221322537112,66.42375168690958,-13.198380566801617,0.8342372881355933
India,T180_P03_H0800_I0986_CN050_F1,T180_P03_H0800_I0986_F1,2.0,20.0,10,59.37921727395412,58.35357624831308,-1.0256410256410362,0.9827272727272726,79.6221322537112,64.49392712550608,-15.128205128205124,0.81
India,T180_P03_H0800_I0986_CN050_F1,T180_P03_H0800_I0986_F1,4.0,10.0,10,59.37921727395412,54.69635627530364,-4.682860998650476,0.9211363636363635,79.6221322537112,42.064777327935225,-37.557354925775975,0.5283050847457628
India,T180_P03_H0800_I0986_CN050_F1,T180_P03_H0800_I0986_F1,4.0,20.0,10,59.37921727395412,53.37381916329284,-6.005398110661275,0.8988636363636363,79.6221322537112,38.35357624831309,-41.26855600539811,0.4816949152542373
India,T180_P03_H0800_I0986_CN060_F1,T180_P03_H0800_I0986_F1,2.0,10.0,10,59.91902834008097,58.50202429149798,-1.4170040485829887,0.9763513513513514,81.78137651821862,68.42105263157895,-13.360323886639677,0.8366336633663366
India,T180_P03_H0800_I0986_CN060_F1,T180_P03_H0800_I0986_F1,2.0,20.0,10,59.91902834008097,58.54251012145748,-1.376518218623488,0.9770270270270269,81.78137651821862,67.13900134952766,-14.642375168690961,0.8209570957095709
India,T180_P03_H0800_I0986_CN060_F1,T180_P03_H0800_I0986_F1,4.0,10.0,10,59.91902834008097,55.492577597840764,-4.426450742240206,0.9261261261261263,81.78137651821862,45.64102564102564,-36.14035087719298,0.5580858085808581
India,T180_P03_H0800_I0986_CN060_F1,T180_P03_H0800_I0986_F1,4.0,20.0,10,59.91902834008097,54.69635627530365,-5.222672064777321,0.912837837837838,81.78137651821862,42.874493927125506,-38.906882591093115,0.5242574257425743
India,T180_P03_H0800_I0986_CN070_F1,T180_P03_H0800_I0986_F1,2.0,10.0,10,59.64912280701754,58.55600539811066,-1.0931174089068776,0.9816742081447964,84.75033738191632,69.47368421052632,-15.27665317139001,0.8197452229299363
India,T180_P03_H0800_I0986_CN070_F1,T180_P03_H0800_I0986_F1,2.0,20.0,10,59.64912280701754,58.4885290148448,-1.1605937921727403,0.9805429864253393,84.75033738191632,68.19163292847502,-16.558704453441308,0.8046178343949043
India,T180_P03_H0800_I0986_CN070_F1,T180_P03_H0800_I0986_F1,4.0,10.0,10,59.64912280701754,56.69365721997301,-2.9554655870445288,0.9504524886877829,84.75033738191632,49.32523616734143,-35.425101214574894,0.5820063694267517
India,T180_P03_H0800_I0986_CN070_F1,T180_P03_H0800_I0986_F1,4.0,20.0,10,59.64912280701754,55.68151147098515,-3.967611336032391,0.9334841628959275,84.75033738191632,46.12685560053981,-38.62348178137651,0.5442675159235669
India,T180_P03_H0800_I0986_CN080_F1,T180_P03_H0800_I0986_F1,2.0,10.0,10,60.45883940620783,58.43454790823212,-2.0242914979757103,0.9665178571428571,87.98920377867746,70.87719298245614,-17.112010796221327,0.8055214723926379
India,T180_P03_H0800_I0986_CN080_F1,T180_P03_H0800_I0986_F1,2.0,20.0,10,60.45883940620783,58.40755735492578,-2.051282051282051,0.9660714285714286,87.98920377867746,70.08097165991902,-17.90823211875845,0.7964723926380367
India,T180_P03_H0800_I0986_CN080_F1,T180_P03_H0800_I0986_F1,4.0,10.0,10,60.45883940620783,57.09851551956815,-3.3603238866396765,0.9444196428571429,87.98920377867746,52.42914979757084,-35.56005398110663,0.5958588957055213
India,T180_P03_H0800_I0986_CN080_F1,T180_P03_H0800_I0986_F1,4.0,20.0,10,60.45883940620783,56.19433198380567,-4.264507422402161,0.9294642857142856,87.98920377867746,47.51686909581646,-40.472334682861,0.5400306748466257
India,T180_P03_H0800_I0986_CN090_F1,T180_P03_H0800_I0986_F1,2.0,10.0,10,60.1889338731444,58.55600539811066,-1.6329284750337365,0.9728699551569507,91.09311740890689,72.61808367071525,-18.47503373819164,0.7971851851851851
India,T180_P03_H0800_I0986_CN090_F1,T180_P03_H0800_I0986_F1,2.0,20.0,10,60.1889338731444,58.50202429149798,-1.6869095816464181,0.9719730941704037,91.09311740890689,71.92982456140352,-19.16329284750337,0.7896296296296297
India,T180_P03_H0800_I0986_CN090_F1,T180_P03_H0800_I0986_F1,4.0,10.0,10,60.1889338731444,57.55735492577598,-2.6315789473684177,0.9562780269058296,91.09311740890689,56.086369770580305,-35.00674763832659,0.6157037037037038
India,T180_P03_H0800_I0986_CN090_F1,T180_P03_H0800_I0986_F1,4.0,20.0,10,60.1889338731444,56.89608636977058,-3.292847503373821,0.9452914798206278,91.09311740890689,54.30499325236168,-36.78812415654521,0.5961481481481482
India,T180_P03_H0800_I0986_CN100_F1,T180_P03_H0800_I0986_F1,2.0,10.0,10,60.45883940620783,58.55600539811066,-1.902834008097166,0.9685267857142857,92.71255060728745,74.48043184885289,-18.232118758434567,0.8033478893740901
India,T180_P03_H0800_I0986_CN100_F1,T180_P03_H0800_I0986_F1,2.0,20.0,10,60.45883940620783,58.55600539811066,-1.902834008097166,0.9685267857142857,92.71255060728745,74.39946018893389,-18.313090418353568,0.8024745269286755
India,T180_P03_H0800_I0986_CN100_F1,T180_P03_H0800_I0986_F1,4.0,10.0,10,60.45883940620783,57.78677462887989,-2.6720647773279396,0.9558035714285713,92.71255060728745,57.989203778677464,-34.72334682860999,0.6254730713245997
India,T180_P03_H0800_I0986_CN100_F1,T180_P03_H0800_I0986_F1,4.0,20.0,10,60.45883940620783,57.206477732793516,-3.2523616734143133,0.946205357142857,92.71255060728745,56.342780026990546,-36.36977058029691,0.6077147016011644
India,T180_P03_H1000_I0600_CN030_F1,T180_P03_H1000_I0600_F1,2.0,10.0,10,94.1970310391363,77.92172739541161,-16.275303643724698,0.8272206303724928,81.24156545209176,55.82995951417005,-25.411605937921713,0.6872093023255815
India,T180_P03_H1000_I0600_CN030_F1,T180_P03_H1000_I0600_F1,2.0,20.0,10,94.1970310391363,76.7476383265857,-17.449392712550605,0.814756446991404,81.24156545209176,50.60728744939271,-30.634278002699055,0.6229235880398671
India,T180_P03_H1000_I0600_CN030_F1,T180_P03_H1000_I0600_F1,4.0,10.0,10,94.1970310391363,64.87179487179488,-29.32523616734143,0.6886819484240688,81.24156545209176,32.59109311740891,-48.65047233468285,0.40116279069767447
India,T180_P03_H1000_I0600_CN030_F1,T180_P03_H1000_I0600_F1,4.0,20.0,10,94.1970310391363,64.34547908232119,-29.851551956815115,0.6830945558739255,81.24156545209176,29.8110661268556,-51.43049932523616,0.3669435215946844
India,T180_P03_H1000_I0600_CN040_F1,T180_P03_H1000_I0600_F1,2.0,10.0,10,97.0310391363023,80.6612685560054,-16.3697705802969,0.8312934631432545,87.4493927125506,65.668016194332,-21.781376518218607,0.7509259259259261
India,T180_P03_H1000_I0600_CN040_F1,T180_P03_H1000_I0600_F1,2.0,20.0,10,97.0310391363023,79.40620782726045,-17.624831309041852,0.8183588317107091,87.4493927125506,60.337381916329285,-27.11201079622132,0.6899691358024692
India,T180_P03_H1000_I0600_CN040_F1,T180_P03_H1000_I0600_F1,4.0,10.0,10,97.0310391363023,66.77462887989205,-30.25641025641025,0.6881780250347707,87.4493927125506,41.039136302294196,-46.41025641025641,0.4692901234567901
India,T180_P03_H1000_I0600_CN040_F1,T180_P03_H1000_I0600_F1,4.0,20.0,10,97.0310391363023,65.99190283400809,-31.03913630229421,0.6801112656467314,87.4493927125506,36.383265856950075,-51.06612685560053,0.41604938271604947
India,T180_P03_H1000_I0600_CN050_F1,T180_P03_H1000_I0600_F1,2.0,10.0,10,97.30094466936572,82.41565452091767,-14.88529014844805,0.847018030513176,92.57759784075573,71.59244264507421,-20.985155195681514,0.7733236151603498
India,T180_P03_H1000_I0600_CN050_F1,T180_P03_H1000_I0600_F1,2.0,20.0,10,97.30094466936572,81.06612685560054,-16.234817813765176,0.8331484049930652,92.57759784075573,66.73414304993253,-25.843454790823202,0.7208454810495628
India,T180_P03_H1000_I0600_CN050_F1,T180_P03_H1000_I0600_F1,4.0,10.0,10,97.30094466936572,68.08367071524965,-29.217273954116067,0.6997226074895977,92.57759784075573,46.15384615384615,-46.423751686909576,0.49854227405247814
India,T180_P03_H1000_I0600_CN050_F1,T180_P03_H1000_I0600_F1,4.0,20.0,10,97.30094466936572,67.47638326585695,-29.824561403508767,0.6934812760055479,92.57759784075573,42.10526315789473,-50.472334682860996,0.45481049562682213
India,T180_P03_H1000_I0600_CN060_F1,T180_P03_H1000_I0600_F1,2.0,10.0,10,98.38056680161942,84.53441295546558,-13.84615384615384,0.8592592592592593,97.97570850202429,76.05937921727394,-21.916329284750347,0.7763085399449035
India,T180_P03_H1000_I0600_CN060_F1,T180_P03_H1000_I0600_F1,2.0,20.0,10,98.38056680161942,83.2118758434548,-15.168690958164618,0.8458161865569276,97.97570850202429,73.04993252361672,-24.92577597840757,0.7455922865013772
India,T180_P03_H1000_I0600_CN060_F1,T180_P03_H1000_I0600_F1,4.0,10.0,10,98.38056680161942,69.44669365721998,-28.933873144399442,0.7058984910836764,97.97570850202429,51.95681511470984,-46.01889338731445,0.5303030303030302
India,T180_P03_H1000_I0600_CN060_F1,T180_P03_H1000_I0600_F1,4.0,20.0,10,98.38056680161942,68.70445344129556,-29.676113360323868,0.6983539094650207,97.97570850202429,48.02968960863698,-49.94601889338731,0.49022038567493115
India,T180_P03_H1000_I0600_CN070_F1,T180_P03_H1000_I0600_F1,2.0,10.0,10,98.51551956815115,85.88394062078274,-12.63157894736841,0.8717808219178084,98.51551956815115,78.21862348178139,-20.296896086369756,0.7939726027397261
India,T180_P03_H1000_I0600_CN070_F1,T180_P03_H1000_I0600_F1,2.0,20.0,10,98.51551956815115,84.72334682860999,-13.792172739541158,0.86,98.51551956815115,75.77597840755736,-22.739541160593788,0.7691780821917809
India,T180_P03_H1000_I0600_CN070_F1,T180_P03_H1000_I0600_F1,4.0,10.0,10,98.51551956815115,69.97300944669365,-28.542510121457497,0.7102739726027396,98.51551956815115,58.92037786774629,-39.59514170040486,0.5980821917808219
India,T180_P03_H1000_I0600_CN070_F1,T180_P03_H1000_I0600_F1,4.0,20.0,10,98.51551956815115,69.32523616734142,-29.190283400809733,0.7036986301369862,98.51551956815115,53.238866396761125,-45.27665317139002,0.5404109589041095
India,T180_P03_H1000_I0600_CN080_F1,T180_P03_H1000_I0600_F1,2.0,10.0,10,98.51551956815115,87.47638326585694,-11.03913630229421,0.8879452054794519,98.51551956815115,81.82186234817814,-16.693657219973005,0.8305479452054795
India,T180_P03_H1000_I0600_CN080_F1,T180_P03_H1000_I0600_F1,2.0,20.0,10,98.51551956815115,86.01889338731442,-12.496626180836728,0.8731506849315066,98.51551956815115,79.91902834008097,-18.596491228070178,0.8112328767123287
India,T180_P03_H1000_I0600_CN080_F1,T180_P03_H1000_I0600_F1,4.0,10.0,10,98.51551956815115,71.02564102564102,-27.489878542510127,0.720958904109589,98.51551956815115,62.26720647773279,-36.24831309041836,0.6320547945205479
India,T180_P03_H1000_I0600_CN080_F1,T180_P03_H1000_I0600_F1,4.0,20.0,10,98.51551956815115,69.97300944669365,-28.542510121457497,0.7102739726027396,98.51551956815115,58.87989203778678,-39.63562753036437,0.5976712328767124
India,T180_P03_H1000_I0600_CN090_F1,T180_P03_H1000_I0600_F1,2.0,10.0,10,98.51551956815115,90.08097165991902,-8.434547908232133,0.9143835616438355,98.51551956815115,85.82995951417004,-12.685560053981106,0.8712328767123287
India,T180_P03_H1000_I0600_CN090_F1,T180_P03_H1000_I0600_F1,2.0,20.0,10,98.51551956815115,87.70580296896087,-10.809716599190281,0.8902739726027398,98.51551956815115,84.04858299595142,-14.466936572199728,0.8531506849315069
India,T180_P03_H1000_I0600_CN090_F1,T180_P03_H1000_I0600_F1,4.0,10.0,10,98.51551956815115,71.65991902834008,-26.855600539811064,0.7273972602739727,98.51551956815115,66.49122807017542,-32.024291497975724,0.6749315068493149
India,T180_P03_H1000_I0600_CN090_F1,T180_P03_H1000_I0600_F1,4.0,20.0,10,98.51551956815115,70.78272604588395,-27.7327935222672,0.7184931506849316,98.51551956815115,62.9689608636977,-35.546558704453446,0.6391780821917807
India,T180_P03_H1000_I0600_CN100_F1,T180_P03_H1000_I0600_F1,2.0,10.0,10,98.51551956815115,91.59244264507421,-6.923076923076934,0.9297260273972602,98.51551956815115,92.55060728744941,-5.964912280701739,0.9394520547945207
India,T180_P03_H1000_I0600_CN100_F1,T180_P03_H1000_I0600_F1,2.0,20.0,10,98.51551956815115,89.50067476383266,-9.014844804318486,0.9084931506849315,98.51551956815115,90.67476383265857,-7.8407557354925785,0.9204109589041096
India,T180_P03_H1000_I0600_CN100_F1,T180_P03_H1000_I0600_F1,4.0,10.0,10,98.51551956815115,72.91497975708502,-25.600539811066128,0.7401369863013698,98.51551956815115,72.28070175438596,-26.23481781376519,0.7336986301369862
India,T180_P03_H1000_I0600_CN100_F1,T180_P03_H1000_I0600_F1,4.0,20.0,10,98.51551956815115,70.76923076923079,-27.74628879892036,0.7183561643835619,98.51551956815115,69.36572199730094,-29.14979757085021,0.7041095890410958
India,T180_P03_H1000_I0800_CN030_F1,T180_P03_H1000_I0800_F1,2.0,10.0,10,94.73684210526315,77.28744939271255,-17.449392712550605,0.8158119658119658,89.3387314439946,67.16599190283401,-22.172739541160595,0.7518126888217522
India,T180_P03_H1000_I0800_CN030_F1,T180_P03_H1000_I0800_F1,2.0,20.0,10,94.73684210526315,74.56140350877193,-20.17543859649122,0.7870370370370371,89.3387314439946,61.22807017543859,-28.110661268556015,0.685347432024169
India,T180_P03_H1000_I0800_CN030_F1,T180_P03_H1000_I0800_F1,4.0,10.0,10,94.73684210526315,52.631578947368425,-42.105263157894726,0.5555555555555557,89.3387314439946,37.08502024291498,-52.253711201079625,0.4151057401812689
India,T180_P03_H1000_I0800_CN030_F1,T180_P03_H1000_I0800_F1,4.0,20.0,10,94.73684210526315,49.608636977058026,-45.128205128205124,0.5236467236467236,89.3387314439946,32.88798920377867,-56.45074224021593,0.3681268882175226
India,T180_P03_H1000_I0800_CN040_F1,T180_P03_H1000_I0800_F1,2.0,10.0,10,98.38056680161942,80.89068825910931,-17.489878542510112,0.8222222222222223,98.38056680161942,72.80701754385964,-25.57354925775978,0.7400548696844993
India,T180_P03_H1000_I0800_CN040_F1,T180_P03_H1000_I0800_F1,2.0,20.0,10,98.38056680161942,79.75708502024293,-18.623481781376498,0.8106995884773665,98.38056680161942,71.16059379217276,-27.21997300944666,0.7233196159122088
India,T180_P03_H1000_I0800_CN040_F1,T180_P03_H1000_I0800_F1,4.0,10.0,10,98.38056680161942,57.90823211875844,-40.47233468286098,0.5886145404663925,98.38056680161942,43.819163292847506,-54.56140350877192,0.4454046639231825
India,T180_P03_H1000_I0800_CN040_F1,T180_P03_H1000_I0800_F1,4.0,20.0,10,98.38056680161942,54.62887989203779,-43.751686909581636,0.5552812071330591,98.38056680161942,38.59649122807018,-59.784075573549245,0.3923182441700961
India,T180_P03_H1000_I0800_CN050_F1,T180_P03_H1000_I0800_F1,2.0,10.0,10,98.51551956815115,83.11740890688259,-15.39811066126856,0.8436986301369862,98.51551956815115,78.4480431848853,-20.067476383265856,0.7963013698630137
India,T180_P03_H1000_I0800_CN050_F1,T180_P03_H1000_I0800_F1,2.0,20.0,10,98.51551956815115,81.97031039136303,-16.54520917678812,0.832054794520548,98.51551956815115,75.82995951417004,-22.685560053981106,0.7697260273972603
India,T180_P03_H1000_I0800_CN050_F1,T180_P03_H1000_I0800_F1,4.0,10.0,10,98.51551956815115,61.6059379217274,-36.909581646423746,0.6253424657534247,98.51551956815115,48.110661268556,-50.40485829959515,0.4883561643835616
India,T180_P03_H1000_I0800_CN050_F1,T180_P03_H1000_I0800_F1,4.0,20.0,10,98.51551956815115,58.73144399460189,-39.78407557354926,0.5961643835616438,98.51551956815115,45.08771929824562,-53.42780026990553,0.45767123287671235
India,T180_P03_H1000_I0800_CN060_F1,T180_P03_H1000_I0800_F1,2.0,10.0,10,98.51551956815115,84.69635627530364,-13.819163292847506,0.8597260273972602,98.51551956815115,81.76788124156545,-16.7476383265857,0.83
India,T180_P03_H1000_I0800_CN060_F1,T180_P03_H1000_I0800_F1,2.0,20.0,10,98.51551956815115,83.33333333333333,-15.18218623481782,0.845890410958904,98.51551956815115,79.28475033738191,-19.23076923076924,0.8047945205479451
India,T180_P03_H1000_I0800_CN060_F1,T180_P03_H1000_I0800_F1,4.0,10.0,10,98.51551956815115,63.72469635627531,-34.79082321187584,0.6468493150684932,98.51551956815115,50.0944669365722,-48.421052631578945,0.5084931506849315
India,T180_P03_H1000_I0800_CN060_F1,T180_P03_H1000_I0800_F1,4.0,20.0,10,98.51551956815115,60.877192982456144,-37.638326585695005,0.6179452054794521,98.51551956815115,46.51821862348178,-51.99730094466937,0.47219178082191776
India,T180_P03_H1000_I0800_CN070_F1,T180_P03_H1000_I0800_F1,2.0,10.0,10,98.51551956815115,86.0863697705803,-12.429149797570844,0.8738356164383563,98.51551956815115,85.38461538461539,-13.130904183535762,0.8667123287671233
India,T180_P03_H1000_I0800_CN070_F1,T180_P03_H1000_I0800_F1,2.0,20.0,10,98.51551956815115,84.79082321187585,-13.724696356275302,0.8606849315068493,98.51551956815115,82.65856950067476,-15.85695006747639,0.8390410958904109
India,T180_P03_H1000_I0800_CN070_F1,T180_P03_H1000_I0800_F1,4.0,10.0,10,98.51551956815115,65.11470985155196,-33.400809716599184,0.6609589041095891,98.51551956815115,52.56410256410256,-45.95141700404859,0.5335616438356164
India,T180_P03_H1000_I0800_CN070_F1,T180_P03_H1000_I0800_F1,4.0,20.0,10,98.51551956815115,62.91497975708502,-35.60053981106613,0.6386301369863013,98.51551956815115,49.365721997300945,-49.149797570850204,0.5010958904109589
India,T180_P03_H1000_I0800_CN080_F1,T180_P03_H1000_I0800_F1,2.0,10.0,10,98.51551956815115,87.11201079622131,-11.403508771929836,0.8842465753424656,98.51551956815115,87.90823211875843,-10.607287449392715,0.8923287671232877
India,T180_P03_H1000_I0800_CN080_F1,T180_P03_H1000_I0800_F1,2.0,20.0,10,98.51551956815115,85.78947368421053,-12.726045883940614,0.8708219178082193,98.51551956815115,85.97840755735493,-12.537112010796221,0.8727397260273972
India,T180_P03_H1000_I0800_CN080_F1,T180_P03_H1000_I0800_F1,4.0,10.0,10,98.51551956815115,65.62753036437248,-32.88798920377867,0.6661643835616439,98.51551956815115,55.330634278002705,-43.18488529014844,0.5616438356164384
India,T180_P03_H1000_I0800_CN080_F1,T180_P03_H1000_I0800_F1,4.0,20.0,10,98.51551956815115,63.37381916329284,-35.141700404858305,0.6432876712328767,98.51551956815115,52.88798920377867,-45.627530364372475,0.5368493150684931
India,T180_P03_H1000_I0800_CN090_F1,T180_P03_H1000_I0800_F1,2.0,10.0,10,98.51551956815115,88.38056680161944,-10.134952766531711,0.897123287671233,98.51551956815115,90.33738191632928,-8.17813765182187,0.9169863013698629
India,T180_P03_H1000_I0800_CN090_F1,T180_P03_H1000_I0800_F1,2.0,20.0,10,98.51551956815115,87.15249662618083,-11.363022941970314,0.8846575342465753,98.51551956815115,88.28609986504723,-10.229419703103915,0.8961643835616439
India,T180_P03_H1000_I0800_CN090_F1,T180_P03_H1000_I0800_F1,4.0,10.0,10,98.51551956815115,64.03508771929825,-34.4804318488529,0.65,98.51551956815115,56.828609986504716,-41.68690958164643,0.576849315068493
India,T180_P03_H1000_I0800_CN090_F1,T180_P03_H1000_I0800_F1,4.0,20.0,10,98.51551956815115,61.147098515519566,-37.36842105263158,0.6206849315068493,98.51551956815115,53.11740890688259,-45.39811066126856,0.5391780821917808
India,T180_P03_H1000_I0800_CN100_F1,T180_P03_H1000_I0800_F1,2.0,10.0,10,98.51551956815115,88.89338731443993,-9.622132253711214,0.9023287671232876,98.51551956815115,89.54116059379217,-8.974358974358978,0.9089041095890411
India,T180_P03_H1000_I0800_CN100_F1,T180_P03_H1000_I0800_F1,2.0,20.0,10,98.51551956815115,87.57085020242914,-10.944669365722007,0.888904109589041,98.51551956815115,88.02968960863697,-10.485829959514177,0.8935616438356163
India,T180_P03_H1000_I0800_CN100_F1,T180_P03_H1000_I0800_F1,4.0,10.0,10,98.51551956815115,60.958164642375166,-37.55735492577598,0.6187671232876713,98.51551956815115,53.1578947368421,-45.357624831309046,0.5395890410958903
India,T180_P03_H1000_I0800_CN100_F1,T180_P03_H1000_I0800_F1,4.0,20.0,10,98.51551956815115,58.81241565452092,-39.70310391363023,0.596986301369863,98.51551956815115,51.25506072874494,-47.26045883940621,0.5202739726027397
India,T180_P03_H1000_I0986_CN030_F1,T180_P03_H1000_I0986_F1,2.0,10.0,10,63.1578947368421,58.825910931174086,-4.331983805668017,0.9314102564102564,73.00944669365722,56.72064777327936,-16.288798920377864,0.7768946395563772
India,T180_P03_H1000_I0986_CN030_F1,T180_P03_H1000_I0986_F1,2.0,20.0,10,63.1578947368421,58.55600539811066,-4.601889338731439,0.9271367521367522,73.00944669365722,50.76923076923077,-22.240215924426458,0.6953789279112753
India,T180_P03_H1000_I0986_CN030_F1,T180_P03_H1000_I0986_F1,4.0,10.0,10,63.1578947368421,55.41160593792173,-7.746288798920375,0.8773504273504273,73.00944669365722,29.75708502024292,-43.252361673414306,0.4075785582255083
India,T180_P03_H1000_I0986_CN030_F1,T180_P03_H1000_I0986_F1,4.0,20.0,10,63.1578947368421,53.45479082321187,-9.70310391363023,0.8463675213675214,73.00944669365722,26.86909581646423,-46.14035087719299,0.36802218114602575
India,T180_P03_H1000_I0986_CN040_F1,T180_P03_H1000_I0986_F1,2.0,10.0,10,64.50742240215924,59.10931174089069,-5.3981106612685466,0.9163179916317993,79.08232118758434,63.40080971659919,-15.68151147098515,0.8017064846416383
India,T180_P03_H1000_I0986_CN040_F1,T180_P03_H1000_I0986_F1,2.0,20.0,10,64.50742240215924,58.93387314439947,-5.573549257759765,0.913598326359833,79.08232118758434,60.472334682861,-18.609986504723338,0.7646757679180889
India,T180_P03_H1000_I0986_CN040_F1,T180_P03_H1000_I0986_F1,4.0,10.0,10,64.50742240215924,57.341430499325234,-7.165991902834001,0.8889121338912135,79.08232118758434,37.20647773279352,-41.87584345479082,0.47047781569965874
India,T180_P03_H1000_I0986_CN040_F1,T180_P03_H1000_I0986_F1,4.0,20.0,10,64.50742240215924,56.38326585695006,-8.124156545209175,0.8740585774058578,79.08232118758434,34.25101214574899,-44.831309041835354,0.4331058020477816
India,T180_P03_H1000_I0986_CN050_F1,T180_P03_H1000_I0986_F1,2.0,10.0,10,65.18218623481782,59.257759784075574,-5.924426450742246,0.9091097308488612,82.5910931174089,67.15249662618083,-15.438596491228068,0.8130718954248366
India,T180_P03_H1000_I0986_CN050_F1,T180_P03_H1000_I0986_F1,2.0,20.0,10,65.18218623481782,59.122807017543856,-6.059379217273964,0.9070393374741199,82.5910931174089,65.38461538461539,-17.206477732793516,0.7916666666666667
India,T180_P03_H1000_I0986_CN050_F1,T180_P03_H1000_I0986_F1,4.0,10.0,10,65.18218623481782,57.51686909581647,-7.665317139001353,0.8824016563146998,82.5910931174089,43.225371120107965,-39.36572199730094,0.5233660130718955
India,T180_P03_H1000_I0986_CN050_F1,T180_P03_H1000_I0986_F1,4.0,20.0,10,65.18218623481782,57.165991902834,-8.016194331983819,0.8770186335403725,82.5910931174089,39.959514170040485,-42.63157894736842,0.4838235294117647
India,T180_P03_H1000_I0986_CN060_F1,T180_P03_H1000_I0986_F1,2.0,10.0,10,66.9365721997301,59.6221322537112,-7.314439946018894,0.8907258064516129,86.90958164642375,68.90688259109312,-18.002699055330623,0.7928571428571429
India,T180_P03_H1000_I0986_CN060_F1,T180_P03_H1000_I0986_F1,2.0,20.0,10,66.9365721997301,59.365721997300945,-7.570850202429149,0.8868951612903226,86.90958164642375,68.11066126855599,-18.79892037786776,0.7836956521739129
India,T180_P03_H1000_I0986_CN060_F1,T180_P03_H1000_I0986_F1,4.0,10.0,10,66.9365721997301,57.88124156545209,-9.055330634278,0.8647177419354839,86.90958164642375,47.04453441295547,-39.865047233468275,0.541304347826087
India,T180_P03_H1000_I0986_CN060_F1,T180_P03_H1000_I0986_F1,4.0,20.0,10,66.9365721997301,57.61133603238867,-9.325236167341423,0.8606854838709679,86.90958164642375,43.23886639676114,-43.67071524966261,0.4975155279503107
India,T180_P03_H1000_I0986_CN070_F1,T180_P03_H1000_I0986_F1,2.0,10.0,10,66.9365721997301,59.608636977058026,-7.3279352226720675,0.8905241935483871,89.06882591093117,70.33738191632929,-18.731443994601875,0.7896969696969698
India,T180_P03_H1000_I0986_CN070_F1,T180_P03_H1000_I0986_F1,2.0,20.0,10,66.9365721997301,59.50067476383266,-7.435897435897431,0.8889112903225808,89.06882591093117,69.54116059379217,-19.527665317138997,0.7807575757575758
India,T180_P03_H1000_I0986_CN070_F1,T180_P03_H1000_I0986_F1,4.0,10.0,10,66.9365721997301,58.056680161943326,-8.879892037786767,0.8673387096774194,89.06882591093117,50.97165991902834,-38.09716599190283,0.5722727272727273
India,T180_P03_H1000_I0986_CN070_F1,T180_P03_H1000_I0986_F1,4.0,20.0,10,66.9365721997301,57.77327935222672,-9.16329284750337,0.8631048387096775,89.06882591093117,47.84075573549258,-41.22807017543859,0.5371212121212122
India,T180_P03_H1000_I0986_CN080_F1,T180_P03_H1000_I0986_F1,2.0,10.0,10,67.0715249662618,59.74358974358974,-7.3279352226720675,0.8907444668008048,93.65721997300945,72.02429149797572,-21.632928475033722,0.769020172910663
India,T180_P03_H1000_I0986_CN080_F1,T180_P03_H1000_I0986_F1,2.0,20.0,10,67.0715249662618,59.58164642375168,-7.489878542510127,0.8883299798792755,93.65721997300945,71.05263157894737,-22.604588394062077,0.7586455331412104
India,T180_P03_H1000_I0986_CN080_F1,T180_P03_H1000_I0986_F1,4.0,10.0,10,67.0715249662618,58.24561403508771,-8.825910931174093,0.8684104627766599,93.65721997300945,56.032388663967616,-37.62483130904183,0.598270893371758
India,T180_P03_H1000_I0986_CN080_F1,T180_P03_H1000_I0986_F1,4.0,20.0,10,67.0715249662618,58.124156545209175,-8.94736842105263,0.8665995975855131,93.65721997300945,52.87449392712551,-40.78272604588393,0.5645533141210376
India,T180_P03_H1000_I0986_CN090_F1,T180_P03_H1000_I0986_F1,2.0,10.0,10,68.28609986504723,59.8110661268556,-8.475033738191634,0.875889328063241,95.54655870445345,73.5357624831309,-22.01079622132255,0.7696327683615818
India,T180_P03_H1000_I0986_CN090_F1,T180_P03_H1000_I0986_F1,2.0,20.0,10,68.28609986504723,59.70310391363023,-8.582995951417004,0.8743083003952569,95.54655870445345,73.41430499325236,-22.132253711201088,0.7683615819209039
India,T180_P03_H1000_I0986_CN090_F1,T180_P03_H1000_I0986_F1,4.0,10.0,10,68.28609986504723,58.24561403508771,-10.040485829959522,0.8529644268774702,95.54655870445345,60.02699055330635,-35.5195681511471,0.6282485875706215
India,T180_P03_H1000_I0986_CN090_F1,T180_P03_H1000_I0986_F1,4.0,20.0,10,68.28609986504723,58.11066126855601,-10.175438596491226,0.8509881422924902,95.54655870445345,56.720647773279346,-38.8259109311741,0.59364406779661
India,T180_P03_H1000_I0986_CN100_F1,T180_P03_H1000_I0986_F1,2.0,10.0,10,68.15114709851552,59.932523616734144,-8.218623481781378,0.8794059405940594,98.51551956815115,76.97705802968963,-21.53846153846152,0.7813698630136988
India,T180_P03_H1000_I0986_CN100_F1,T180_P03_H1000_I0986_F1,2.0,20.0,10,68.15114709851552,59.743589743589745,-8.407557354925778,0.8766336633663366,98.51551956815115,76.77462887989205,-21.7408906882591,0.7793150684931508
India,T180_P03_H1000_I0986_CN100_F1,T180_P03_H1000_I0986_F1,4.0,10.0,10,68.15114709851552,58.2995951417004,-9.851551956815122,0.8554455445544553,98.51551956815115,64.64237516869096,-33.87314439946019,0.6561643835616439
India,T180_P03_H1000_I0986_CN100_F1,T180_P03_H1000_I0986_F1,4.0,20.0,10,68.15114709851552,58.286099865047234,-9.865047233468289,0.8552475247524752,98.51551956815115,62.99595141700405,-35.5195681511471,0.6394520547945206
India,T180_P05_H0500_I0600_CN030_F1,T180_P05_H0500_I0600_F1,2.0,10.0,10,72.06477732793523,68.5425101214575,-3.5222672064777356,0.951123595505618,87.4493927125506,73.14439946018895,-14.304993252361655,0.8364197530864199
India,T180_P05_H0500_I0600_CN030_F1,T180_P05_H0500_I0600_F1,2.0,20.0,10,72.06477732793523,68.12415654520916,-3.9406207827260715,0.9453183520599248,87.4493927125506,64.12955465587045,-23.319838056680155,0.7333333333333334
India,T180_P05_H0500_I0600_CN030_F1,T180_P05_H0500_I0600_F1,4.0,10.0,10,72.06477732793523,62.41565452091768,-9.649122807017555,0.8661048689138575,87.4493927125506,42.51012145748988,-44.939271255060724,0.48611111111111116
India,T180_P05_H0500_I0600_CN030_F1,T180_P05_H0500_I0600_F1,4.0,20.0,10,72.06477732793523,61.88933873144399,-10.17543859649124,0.8588014981273406,87.4493927125506,37.11201079622133,-50.33738191632928,0.42438271604938277
India,T180_P05_H0500_I0600_CN040_F1,T180_P05_H0500_I0600_F1,2.0,10.0,10,73.14439946018894,68.83940620782727,-4.304993252361669,0.9411439114391145,87.85425101214574,76.39676113360323,-11.457489878542503,0.8695852534562213
India,T180_P05_H0500_I0600_CN040_F1,T180_P05_H0500_I0600_F1,2.0,20.0,10,73.14439946018894,68.1646423751687,-4.979757085020239,0.931918819188192,87.85425101214574,74.42645074224022,-13.427800269905518,0.8471582181259603
India,T180_P05_H0500_I0600_CN040_F1,T180_P05_H0500_I0600_F1,4.0,10.0,10,73.14439946018894,63.468286099865054,-9.676113360323882,0.8677121771217713,87.85425101214574,47.51686909581646,-40.33738191632928,0.5408602150537635
India,T180_P05_H0500_I0600_CN040_F1,T180_P05_H0500_I0600_F1,4.0,20.0,10,73.14439946018894,63.036437246963565,-10.10796221322537,0.8618081180811809,87.85425101214574,43.29284750337382,-44.56140350877192,0.49278033794162834
India,T180_P05_H0500_I0600_CN050_F1,T180_P05_H0500_I0600_F1,2.0,10.0,10,73.8191632928475,69.25775978407559,-4.561403508771917,0.9382084095063987,87.98920377867746,79.78407557354926,-8.205128205128204,0.9067484662576687
India,T180_P05_H0500_I0600_CN050_F1,T180_P05_H0500_I0600_F1,2.0,20.0,10,73.8191632928475,68.55600539811067,-5.263157894736835,0.9287020109689215,87.98920377867746,77.84075573549259,-10.148448043184871,0.8846625766871167
India,T180_P05_H0500_I0600_CN050_F1,T180_P05_H0500_I0600_F1,4.0,10.0,10,73.8191632928475,63.21187584345479,-10.607287449392715,0.8563071297989031,87.98920377867746,57.51686909581646,-30.472334682861003,0.653680981595092
India,T180_P05_H0500_I0600_CN050_F1,T180_P05_H0500_I0600_F1,4.0,20.0,10,73.8191632928475,62.73954116059379,-11.079622132253718,0.849908592321755,87.98920377867746,50.985155195681514,-37.00404858299595,0.5794478527607362
India,T180_P05_H0500_I0600_CN060_F1,T180_P05_H0500_I0600_F1,2.0,10.0,10,72.73954116059379,68.48852901484479,-4.2510121457490015,0.9415584415584414,88.25910931174089,81.5519568151147,-6.707152496626179,0.924006116207951
India,T180_P05_H0500_I0600_CN060_F1,T180_P05_H0500_I0600_F1,2.0,20.0,10,72.73954116059379,67.66531713900136,-5.074224021592428,0.9302411873840447,88.25910931174089,79.87854251012145,-8.380566801619437,0.905045871559633
India,T180_P05_H0500_I0600_CN060_F1,T180_P05_H0500_I0600_F1,4.0,10.0,10,72.73954116059379,64.18353576248312,-8.55600539811067,0.8823747680890537,88.25910931174089,61.20107962213226,-27.058029689608624,0.6934250764525995
India,T180_P05_H0500_I0600_CN060_F1,T180_P05_H0500_I0600_F1,4.0,20.0,10,72.73954116059379,63.0229419703104,-9.71659919028339,0.8664192949907237,88.25910931174089,56.39676113360324,-31.862348178137644,0.6389908256880734
India,T180_P05_H0500_I0600_CN070_F1,T180_P05_H0500_I0600_F1,2.0,10.0,10,72.19973009446694,67.53036437246965,-4.669365721997295,0.9353271028037384,88.12415654520917,82.90148448043185,-5.222672064777328,0.9407350689127105
India,T180_P05_H0500_I0600_CN070_F1,T180_P05_H0500_I0600_F1,2.0,20.0,10,72.19973009446694,66.95006747638327,-5.249662618083676,0.9272897196261681,88.12415654520917,80.41835357624832,-7.705802968960853,0.9125574272588056
India,T180_P05_H0500_I0600_CN070_F1,T180_P05_H0500_I0600_F1,4.0,10.0,10,72.19973009446694,63.64372469635627,-8.55600539811067,0.8814953271028036,88.12415654520917,66.43724696356274,-21.686909581646432,0.7539050535987748
India,T180_P05_H0500_I0600_CN070_F1,T180_P05_H0500_I0600_F1,4.0,20.0,10,72.19973009446694,62.658569500674766,-9.541160593792178,0.8678504672897196,88.12415654520917,61.49797570850202,-26.626180836707157,0.6978560490045941
India,T180_P05_H0500_I0600_CN080_F1,T180_P05_H0500_I0600_F1,2.0,10.0,10,73.00944669365722,66.92307692307692,-6.086369770580305,0.9166358595194084,88.25910931174089,83.6302294197031,-4.628879892037787,0.9475535168195719
India,T180_P05_H0500_I0600_CN080_F1,T180_P05_H0500_I0600_F1,2.0,20.0,10,73.00944669365722,66.4102564102564,-6.59919028340083,0.9096118299445468,88.25910931174089,82.10526315789473,-6.15384615384616,0.930275229357798
India,T180_P05_H0500_I0600_CN080_F1,T180_P05_H0500_I0600_F1,4.0,10.0,10,73.00944669365722,63.022941970310384,-9.98650472334684,0.8632162661737521,88.25910931174089,66.88259109311741,-21.376518218623474,0.7577981651376148
India,T180_P05_H0500_I0600_CN080_F1,T180_P05_H0500_I0600_F1,4.0,20.0,10,73.00944669365722,62.07827260458839,-10.931174089068833,0.8502772643253234,88.25910931174089,64.7638326585695,-23.495276653171388,0.7337920489296637
India,T180_P05_H0500_I0600_CN090_F1,T180_P05_H0500_I0600_F1,2.0,10.0,10,71.7948717948718,67.0310391363023,-4.763832658569498,0.9336466165413534,88.25910931174089,84.50742240215924,-3.7516869095816503,0.9574923547400611
India,T180_P05_H0500_I0600_CN090_F1,T180_P05_H0500_I0600_F1,2.0,20.0,10,71.7948717948718,66.51821862348177,-5.2766531713900235,0.926503759398496,88.25910931174089,82.44264507422403,-5.816464237516854,0.9340978593272173
India,T180_P05_H0500_I0600_CN090_F1,T180_P05_H0500_I0600_F1,4.0,10.0,10,71.7948717948718,62.955465587044536,-8.83940620782726,0.8768796992481203,88.25910931174089,68.47503373819164,-19.784075573549245,0.7758409785932723
India,T180_P05_H0500_I0600_CN090_F1,T180_P05_H0500_I0600_F1,4.0,20.0,10,71.7948717948718,61.91632928475034,-9.878542510121456,0.8624060150375941,88.25910931174089,65.96491228070175,-22.294197031039133,0.7474006116207952
India,T180_P05_H0500_I0600_CN100_F1,T180_P05_H0500_I0600_F1,2.0,10.0,10,71.12010796221323,64.2914979757085,-6.8286099865047305,0.9039848197343453,88.25910931174089,84.0080971659919,-4.251012145748987,0.9518348623853211
India,T180_P05_H0500_I0600_CN100_F1,T180_P05_H0500_I0600_F1,2.0,20.0,10,71.12010796221323,63.859649122807014,-7.260458839406212,0.8979127134724857,88.25910931174089,82.13225371120107,-6.1268556005398125,0.9305810397553517
India,T180_P05_H0500_I0600_CN100_F1,T180_P05_H0500_I0600_F1,4.0,10.0,10,71.12010796221323,56.49122807017544,-14.628879892037787,0.7943074003795066,88.25910931174089,68.47503373819164,-19.784075573549245,0.7758409785932723
India,T180_P05_H0500_I0600_CN100_F1,T180_P05_H0500_I0600_F1,4.0,20.0,10,71.12010796221323,53.88663967611336,-17.233468286099864,0.757685009487666,88.25910931174089,63.72469635627531,-24.534412955465577,0.7220183486238533
India,T180_P05_H0500_I0800_CN030_F1,T180_P05_H0500_I0800_F1,2.0,10.0,10,87.3144399460189,72.7800269905533,-14.534412955465598,0.8335394126738793,85.5600539811066,71.32253711201079,-14.237516869095813,0.833596214511041
India,T180_P05_H0500_I0800_CN030_F1,T180_P05_H0500_I0800_F1,2.0,20.0,10,87.3144399460189,70.41835357624831,-16.896086369770586,0.8064914992272024,85.5600539811066,69.25775978407557,-16.30229419703103,0.8094637223974764
India,T180_P05_H0500_I0800_CN030_F1,T180_P05_H0500_I0800_F1,4.0,10.0,10,87.3144399460189,58.3940620782726,-28.920377867746296,0.6687789799072642,85.5600539811066,44.15654520917679,-41.403508771929815,0.5160883280757098
India,T180_P05_H0500_I0800_CN030_F1,T180_P05_H0500_I0800_F1,4.0,20.0,10,87.3144399460189,55.68151147098515,-31.632928475033744,0.6377125193199381,85.5600539811066,40.661268556005396,-44.89878542510121,0.47523659305993693
India,T180_P05_H0500_I0800_CN040_F1,T180_P05_H0500_I0800_F1,2.0,10.0,10,92.84750337381917,76.19433198380565,-16.65317139001351,0.8206395348837208,88.93387314439946,74.43994601889338,-14.493927125506076,0.8370257966616085
India,T180_P05_H0500_I0800_CN040_F1,T180_P05_H0500_I0800_F1,2.0,20.0,10,92.84750337381917,74.87179487179486,-17.975708502024304,0.8063953488372092,88.93387314439946,73.67071524966262,-15.263157894736835,0.8283763277693476
India,T180_P05_H0500_I0800_CN040_F1,T180_P05_H0500_I0800_F1,4.0,10.0,10,92.84750337381917,62.33468286099865,-30.512820512820518,0.6713662790697674,88.93387314439946,52.6450742240216,-36.28879892037786,0.5919575113808803
India,T180_P05_H0500_I0800_CN040_F1,T180_P05_H0500_I0800_F1,4.0,20.0,10,92.84750337381917,60.040485829959515,-32.80701754385965,0.646656976744186,88.93387314439946,47.5978407557355,-41.33603238866396,0.5352048558421852
India,T180_P05_H0500_I0800_CN050_F1,T180_P05_H0500_I0800_F1,2.0,10.0,10,97.16599190283401,78.90688259109311,-18.2591093117409,0.8120833333333333,93.79217273954116,76.63967611336032,-17.152496626180834,0.8171223021582734
India,T180_P05_H0500_I0800_CN050_F1,T180_P05_H0500_I0800_F1,2.0,20.0,10,97.16599190283401,77.80026990553306,-19.365721997300952,0.8006944444444444,93.79217273954116,75.81646423751685,-17.975708502024304,0.8083453237410071
India,T180_P05_H0500_I0800_CN050_F1,T180_P05_H0500_I0800_F1,4.0,10.0,10,97.16599190283401,63.80566801619433,-33.36032388663968,0.6566666666666666,93.79217273954116,56.612685560053976,-37.17948717948718,0.6035971223021582
India,T180_P05_H0500_I0800_CN050_F1,T180_P05_H0500_I0800_F1,4.0,20.0,10,97.16599190283401,62.73954116059379,-34.42645074224022,0.6456944444444443,93.79217273954116,53.063427800269906,-40.72874493927125,0.5657553956834532
India,T180_P05_H0500_I0800_CN060_F1,T180_P05_H0500_I0800_F1,2.0,10.0,10,98.24561403508771,80.76923076923076,-17.476383265856953,0.8221153846153846,97.16599190283401,77.34143049932524,-19.824561403508767,0.7959722222222223
India,T180_P05_H0500_I0800_CN060_F1,T180_P05_H0500_I0800_F1,2.0,20.0,10,98.24561403508771,79.48717948717947,-18.758434547908237,0.809065934065934,97.16599190283401,76.7071524966262,-20.458839406207815,0.7894444444444446
India,T180_P05_H0500_I0800_CN060_F1,T180_P05_H0500_I0800_F1,4.0,10.0,10,98.24561403508771,65.16869095816465,-33.076923076923066,0.6633241758241759,97.16599190283401,59.608636977058026,-37.55735492577598,0.6134722222222222
India,T180_P05_H0500_I0800_CN060_F1,T180_P05_H0500_I0800_F1,4.0,20.0,10,98.24561403508771,64.04858299595142,-34.19703103913629,0.651923076923077,97.16599190283401,57.017543859649116,-40.14844804318489,0.5868055555555555
India,T180_P05_H0500_I0800_CN070_F1,T180_P05_H0500_I0800_F1,2.0,10.0,10,98.51551956815115,81.63292847503374,-16.882591093117412,0.8286301369863014,98.78542510121457,78.25910931174089,-20.526315789473685,0.7922131147540984
India,T180_P05_H0500_I0800_CN070_F1,T180_P05_H0500_I0800_F1,2.0,20.0,10,98.51551956815115,79.95951417004049,-18.556005398110656,0.8116438356164384,98.78542510121457,77.38191632928473,-21.403508771929836,0.7833333333333332
India,T180_P05_H0500_I0800_CN070_F1,T180_P05_H0500_I0800_F1,4.0,10.0,10,98.51551956815115,65.68151147098516,-32.83400809716599,0.6667123287671233,98.78542510121457,61.59244264507422,-37.19298245614035,0.6234972677595628
India,T180_P05_H0500_I0800_CN070_F1,T180_P05_H0500_I0800_F1,4.0,20.0,10,98.51551956815115,65.33063427800269,-33.18488529014846,0.6631506849315068,98.78542510121457,60.620782726045874,-38.1646423751687,0.6136612021857922
India,T180_P05_H0500_I0800_CN080_F1,T180_P05_H0500_I0800_F1,2.0,10.0,10,99.32523616734143,84.41295546558705,-14.912280701754383,0.8498641304347826,100.0,79.70310391363023,-20.29689608636977,0.7970310391363022
India,T180_P05_H0500_I0800_CN080_F1,T180_P05_H0500_I0800_F1,2.0,20.0,10,99.32523616734143,81.83535762483132,-17.489878542510112,0.823913043478261,100.0,78.67746288798921,-21.322537112010792,0.786774628879892
India,T180_P05_H0500_I0800_CN080_F1,T180_P05_H0500_I0800_F1,4.0,10.0,10,99.32523616734143,66.65317139001351,-32.67206477732792,0.6710597826086958,100.0,63.29284750337382,-36.70715249662618,0.6329284750337382
India,T180_P05_H0500_I0800_CN080_F1,T180_P05_H0500_I0800_F1,4.0,20.0,10,99.32523616734143,65.82995951417004,-33.49527665317139,0.6627717391304349,100.0,62.01079622132253,-37.98920377867747,0.6201079622132253
India,T180_P05_H0500_I0800_CN090_F1,T180_P05_H0500_I0800_F1,2.0,10.0,10,99.59514170040485,86.47773279352226,-13.117408906882588,0.8682926829268293,100.0,80.944669365722,-19.055330634277993,0.8094466936572201
India,T180_P05_H0500_I0800_CN090_F1,T180_P05_H0500_I0800_F1,2.0,20.0,10,99.59514170040485,83.46828609986505,-16.1268556005398,0.8380758807588077,100.0,79.54116059379217,-20.45883940620783,0.7954116059379217
India,T180_P05_H0500_I0800_CN090_F1,T180_P05_H0500_I0800_F1,4.0,10.0,10,99.59514170040485,67.7327935222672,-31.86234817813765,0.6800813008130081,100.0,65.5195681511471,-34.4804318488529,0.655195681511471
India,T180_P05_H0500_I0800_CN090_F1,T180_P05_H0500_I0800_F1,4.0,20.0,10,99.59514170040485,66.3157894736842,-33.27935222672065,0.6658536585365854,100.0,64.35897435897435,-35.64102564102565,0.6435897435897435
India,T180_P05_H0500_I0800_CN100_F1,T180_P05_H0500_I0800_F1,2.0,10.0,10,99.86504723346829,89.73009446693656,-10.134952766531725,0.8985135135135134,100.0,89.05533063427801,-10.944669365721992,0.8905533063427801
India,T180_P05_H0500_I0800_CN100_F1,T180_P05_H0500_I0800_F1,2.0,20.0,10,99.86504723346829,86.11336032388664,-13.75168690958165,0.8622972972972973,100.0,85.8029689608637,-14.197031039136306,0.8580296896086369
India,T180_P05_H0500_I0800_CN100_F1,T180_P05_H0500_I0800_F1,4.0,10.0,10,99.86504723346829,68.65047233468286,-31.21457489878543,0.6874324324324323,100.0,68.11066126855602,-31.889338731443985,0.6811066126855602
India,T180_P05_H0500_I0800_CN100_F1,T180_P05_H0500_I0800_F1,4.0,20.0,10,99.86504723346829,67.39541160593792,-32.469635627530366,0.6748648648648649,100.0,67.34143049932524,-32.65856950067476,0.6734143049932524
India,T180_P05_H0500_I0986_CN030_F1,T180_P05_H0500_I0986_F1,2.0,10.0,10,99.86504723346829,71.4574898785425,-28.407557354925785,0.7155405405405405,97.43589743589743,58.529014844804315,-38.906882591093115,0.6006925207756233
India,T180_P05_H0500_I0986_CN030_F1,T180_P05_H0500_I0986_F1,2.0,20.0,10,99.86504723346829,66.95006747638328,-32.91497975708501,0.6704054054054055,97.43589743589743,54.1970310391363,-43.23886639676113,0.5562326869806095
India,T180_P05_H0500_I0986_CN030_F1,T180_P05_H0500_I0986_F1,4.0,10.0,10,99.86504723346829,34.26450742240216,-65.60053981106613,0.3431081081081081,97.43589743589743,25.60053981106613,-71.8353576248313,0.2627423822714682
India,T180_P05_H0500_I0986_CN030_F1,T180_P05_H0500_I0986_F1,4.0,20.0,10,99.86504723346829,30.89068825910931,-68.97435897435898,0.30932432432432433,97.43589743589743,22.415654520917677,-75.02024291497975,0.23005540166204985
India,T180_P05_H0500_I0986_CN040_F1,T180_P05_H0500_I0986_F1,2.0,10.0,10,100.0,83.00944669365722,-16.990553306342775,0.8300944669365723,99.86504723346829,70.21592442645074,-29.649122807017548,0.7031081081081081
India,T180_P05_H0500_I0986_CN040_F1,T180_P05_H0500_I0986_F1,2.0,20.0,10,100.0,78.94736842105263,-21.05263157894737,0.7894736842105263,99.86504723346829,65.73549257759784,-34.12955465587045,0.6582432432432432
India,T180_P05_H0500_I0986_CN040_F1,T180_P05_H0500_I0986_F1,4.0,10.0,10,100.0,43.022941970310384,-56.977058029689616,0.43022941970310385,99.86504723346829,32.05128205128205,-67.81376518218624,0.32094594594594594
India,T180_P05_H0500_I0986_CN040_F1,T180_P05_H0500_I0986_F1,4.0,20.0,10,100.0,38.59649122807018,-61.40350877192982,0.3859649122807018,99.86504723346829,28.407557354925775,-71.45748987854252,0.28445945945945944
India,T180_P05_H0500_I0986_CN050_F1,T180_P05_H0500_I0986_F1,2.0,10.0,10,100.0,90.32388663967612,-9.676113360323882,0.9032388663967612,99.86504723346829,81.5114709851552,-18.35357624831309,0.8162162162162162
India,T180_P05_H0500_I0986_CN050_F1,T180_P05_H0500_I0986_F1,2.0,20.0,10,100.0,85.42510121457488,-14.57489878542512,0.8542510121457488,99.86504723346829,74.92577597840754,-24.939271255060746,0.7502702702702702
India,T180_P05_H0500_I0986_CN050_F1,T180_P05_H0500_I0986_F1,4.0,10.0,10,100.0,48.25910931174089,-51.74089068825911,0.48259109311740894,99.86504723346829,38.232118758434545,-61.632928475033744,0.3828378378378378
India,T180_P05_H0500_I0986_CN050_F1,T180_P05_H0500_I0986_F1,4.0,20.0,10,100.0,44.54790823211876,-55.45209176788124,0.4454790823211876,99.86504723346829,34.15654520917679,-65.7085020242915,0.34202702702702703
India,T180_P05_H0500_I0986_CN060_F1,T180_P05_H0500_I0986_F1,2.0,10.0,10,100.0,95.7085020242915,-4.291497975708495,0.9570850202429151,99.86504723346829,87.59784075573549,-12.267206477732799,0.8771621621621621
India,T180_P05_H0500_I0986_CN060_F1,T180_P05_H0500_I0986_F1,2.0,20.0,10,100.0,91.76788124156545,-8.232118758434552,0.9176788124156545,99.86504723346829,82.73954116059379,-17.1255060728745,0.8285135135135134
India,T180_P05_H0500_I0986_CN060_F1,T180_P05_H0500_I0986_F1,4.0,10.0,10,100.0,54.08906882591093,-45.91093117408907,0.5408906882591092,99.86504723346829,43.45479082321187,-56.410256410256416,0.4351351351351351
India,T180_P05_H0500_I0986_CN060_F1,T180_P05_H0500_I0986_F1,4.0,20.0,10,100.0,50.283400809716596,-49.716599190283404,0.5028340080971659,99.86504723346829,40.229419703103915,-59.635627530364374,0.40283783783783783
India,T180_P05_H0500_I0986_CN070_F1,T180_P05_H0500_I0986_F1,2.0,10.0,10,100.0,98.74493927125505,-1.255060728744951,0.9874493927125505,99.86504723346829,93.53576248313091,-6.329284750337379,0.9366216216216217
India,T180_P05_H0500_I0986_CN070_F1,T180_P05_H0500_I0986_F1,2.0,20.0,10,100.0,95.50607287449392,-4.493927125506076,0.9550607287449392,99.86504723346829,89.5681511470985,-10.296896086369784,0.8968918918918918
India,T180_P05_H0500_I0986_CN070_F1,T180_P05_H0500_I0986_F1,4.0,10.0,10,100.0,57.08502024291498,-42.91497975708502,0.5708502024291497,99.86504723346829,47.584345479082316,-52.28070175438597,0.4764864864864864
India,T180_P05_H0500_I0986_CN070_F1,T180_P05_H0500_I0986_F1,4.0,20.0,10,100.0,52.30769230769231,-47.69230769230769,0.5230769230769231,99.86504723346829,43.60323886639676,-56.26180836707153,0.4366216216216216
India,T180_P05_H0500_I0986_CN080_F1,T180_P05_H0500_I0986_F1,2.0,10.0,10,100.0,99.98650472334683,-0.01349527665317396,0.9998650472334683,99.86504723346829,96.84210526315789,-3.0229419703103986,0.9697297297297297
India,T180_P05_H0500_I0986_CN080_F1,T180_P05_H0500_I0986_F1,2.0,20.0,10,100.0,99.19028340080972,-0.8097165991902813,0.9919028340080972,99.86504723346829,93.34682860998652,-6.518218623481772,0.9347297297297298
India,T180_P05_H0500_I0986_CN080_F1,T180_P05_H0500_I0986_F1,4.0,10.0,10,100.0,61.336032388663966,-38.663967611336034,0.6133603238866396,99.86504723346829,52.348178137651814,-47.516869095816475,0.5241891891891891
India,T180_P05_H0500_I0986_CN080_F1,T180_P05_H0500_I0986_F1,4.0,20.0,10,100.0,56.855600539811064,-43.144399460188936,0.5685560053981107,99.86504723346829,48.582995951417004,-51.282051282051285,0.48648648648648646
India,T180_P05_H0500_I0986_CN090_F1,T180_P05_H0500_I0986_F1,2.0,10.0,10,100.0,100.0,0.0,1.0,99.86504723346829,99.39271255060729,-0.47233468286100333,0.9952702702702703
India,T180_P05_H0500_I0986_CN090_F1,T180_P05_H0500_I0986_F1,2.0,20.0,10,100.0,99.97300944669367,-0.02699055330633371,0.9997300944669366,99.86504723346829,96.66666666666667,-3.1983805668016174,0.967972972972973
India,T180_P05_H0500_I0986_CN090_F1,T180_P05_H0500_I0986_F1,4.0,10.0,10,100.0,66.221322537112,-33.778677462888,0.66221322537112,99.86504723346829,57.48987854251012,-42.37516869095817,0.5756756756756757
India,T180_P05_H0500_I0986_CN090_F1,T180_P05_H0500_I0986_F1,4.0,20.0,10,100.0,60.47233468286099,-39.52766531713901,0.6047233468286098,99.86504723346829,52.92847503373819,-46.9365721997301,0.5299999999999999
India,T180_P05_H0500_I0986_CN100_F1,T180_P05_H0500_I0986_F1,2.0,10.0,10,100.0,100.0,0.0,1.0,100.0,99.86504723346829,-0.13495276653171118,0.9986504723346828
India,T180_P05_H0500_I0986_CN100_F1,T180_P05_H0500_I0986_F1,2.0,20.0,10,100.0,99.98650472334683,-0.01349527665317396,0.9998650472334683,100.0,99.86504723346829,-0.13495276653171118,0.9986504723346828
India,T180_P05_H0500_I0986_CN100_F1,T180_P05_H0500_I0986_F1,4.0,10.0,10,100.0,69.35222672064776,-30.647773279352236,0.6935222672064776,100.0,68.50202429149797,-31.497975708502025,0.6850202429149798
India,T180_P05_H0500_I0986_CN100_F1,T180_P05_H0500_I0986_F1,4.0,20.0,10,100.0,64.69635627530364,-35.30364372469636,0.6469635627530365,100.0,63.41430499325236,-36.58569500674764,0.6341430499325236
India,T180_P05_H0800_I0600_CN030_F1,T180_P05_H0800_I0600_F1,2.0,10.0,10,71.9298245614035,70.31039136302293,-1.6194331983805768,0.9774859287054407,88.12415654520917,71.9298245614035,-16.194331983805668,0.8162327718223583
India,T180_P05_H0800_I0600_CN030_F1,T180_P05_H0800_I0600_F1,2.0,20.0,10,71.9298245614035,69.95951417004048,-1.9703103913630287,0.972607879924953,88.12415654520917,65.68151147098516,-22.442645074224018,0.7453292496171516
India,T180_P05_H0800_I0600_CN030_F1,T180_P05_H0800_I0600_F1,4.0,10.0,10,71.9298245614035,66.49122807017542,-5.438596491228083,0.9243902439024388,88.12415654520917,41.63292847503374,-46.49122807017544,0.4724349157733537
India,T180_P05_H0800_I0600_CN030_F1,T180_P05_H0800_I0600_F1,4.0,20.0,10,71.9298245614035,66.20782726045883,-5.721997300944679,0.920450281425891,88.12415654520917,36.47773279352227,-51.6464237516869,0.4139356814701379
India,T180_P05_H0800_I0600_CN040_F1,T180_P05_H0800_I0600_F1,2.0,10.0,10,73.14439946018894,70.01349527665317,-3.130904183535762,0.9571955719557196,88.52901484480432,78.39406207827258,-10.13495276653174,0.8855182926829266
India,T180_P05_H0800_I0600_CN040_F1,T180_P05_H0800_I0600_F1,2.0,20.0,10,73.14439946018894,69.50067476383266,-3.643724696356273,0.9501845018450185,88.52901484480432,74.6288798920378,-13.900134952766521,0.8429878048780489
India,T180_P05_H0800_I0600_CN040_F1,T180_P05_H0800_I0600_F1,4.0,10.0,10,73.14439946018894,67.01754385964912,-6.1268556005398125,0.9162361623616236,88.52901484480432,48.6774628879892,-39.85155195681512,0.5498475609756097
India,T180_P05_H0800_I0600_CN040_F1,T180_P05_H0800_I0600_F1,4.0,20.0,10,73.14439946018894,65.95141700404858,-7.192982456140356,0.901660516605166,88.52901484480432,44.669365721997295,-43.85964912280703,0.5045731707317073
India,T180_P05_H0800_I0600_CN050_F1,T180_P05_H0800_I0600_F1,2.0,10.0,10,73.00944669365722,69.17678812415656,-3.8326585695006656,0.9475046210720889,88.93387314439946,80.3778677462888,-8.556005398110656,0.903793626707132
India,T180_P05_H0800_I0600_CN050_F1,T180_P05_H0800_I0600_F1,2.0,20.0,10,73.00944669365722,68.70445344129556,-4.304993252361669,0.9410351201478744,88.93387314439946,78.24561403508771,-10.688259109311744,0.8798179059180576
India,T180_P05_H0800_I0600_CN050_F1,T180_P05_H0800_I0600_F1,4.0,10.0,10,73.00944669365722,65.73549257759785,-7.273954116059372,0.9003696857670981,88.93387314439946,57.62483130904184,-31.30904183535762,0.6479514415781488
India,T180_P05_H0800_I0600_CN050_F1,T180_P05_H0800_I0600_F1,4.0,20.0,10,73.00944669365722,65.11470985155195,-7.894736842105274,0.8918669131238446,88.93387314439946,52.38866396761133,-36.54520917678813,0.5890743550834597
India,T180_P05_H0800_I0600_CN060_F1,T180_P05_H0800_I0600_F1,2.0,10.0,10,72.73954116059379,70.09446693657219,-2.6450742240215988,0.9636363636363635,88.93387314439946,82.10526315789474,-6.828609986504716,0.923216995447648
India,T180_P05_H0800_I0600_CN060_F1,T180_P05_H0800_I0600_F1,2.0,20.0,10,72.73954116059379,69.48717948717949,-3.252361673414299,0.955287569573284,88.93387314439946,80.10796221322536,-8.825910931174093,0.9007587253414263
India,T180_P05_H0800_I0600_CN060_F1,T180_P05_H0800_I0600_F1,4.0,10.0,10,72.73954116059379,67.2199730094467,-5.519568151147084,0.9241187384044529,88.93387314439946,61.90283400809717,-27.031039136302283,0.6960546282245829
India,T180_P05_H0800_I0600_CN060_F1,T180_P05_H0800_I0600_F1,4.0,20.0,10,72.73954116059379,66.30229419703105,-6.4372469635627425,0.9115027829313544,88.93387314439946,56.8421052631579,-32.09176788124156,0.6391502276176025
India,T180_P05_H0800_I0600_CN070_F1,T180_P05_H0800_I0600_F1,2.0,10.0,10,72.46963562753037,69.12280701754385,-3.3468286099865168,0.9538175046554933,88.93387314439946,83.83265856950068,-5.101214574898776,0.942640364188164
India,T180_P05_H0800_I0600_CN070_F1,T180_P05_H0800_I0600_F1,2.0,20.0,10,72.46963562753037,68.79892037786774,-3.6707152496626207,0.9493482309124767,88.93387314439946,82.40215924426451,-6.531713900134946,0.9265553869499242
India,T180_P05_H0800_I0600_CN070_F1,T180_P05_H0800_I0600_F1,4.0,10.0,10,72.46963562753037,65.22267206477733,-7.246963562753038,0.9,88.93387314439946,67.4493927125506,-21.48448043184885,0.7584218512898331
India,T180_P05_H0800_I0600_CN070_F1,T180_P05_H0800_I0600_F1,4.0,20.0,10,72.46963562753037,65.4251012145749,-7.044534412955471,0.9027932960893854,88.93387314439946,62.982456140350884,-25.951417004048572,0.7081942336874053
India,T180_P05_H0800_I0600_CN080_F1,T180_P05_H0800_I0600_F1,2.0,10.0,10,73.8191632928475,68.97435897435896,-4.844804318488542,0.9343692870201095,89.3387314439946,84.72334682860998,-4.615384615384627,0.9483383685800603
India,T180_P05_H0800_I0600_CN080_F1,T180_P05_H0800_I0600_F1,2.0,20.0,10,73.8191632928475,68.55600539811066,-5.26315789473685,0.9287020109689212,89.3387314439946,82.98245614035088,-6.356275303643727,0.9288519637462236
India,T180_P05_H0800_I0600_CN080_F1,T180_P05_H0800_I0600_F1,4.0,10.0,10,73.8191632928475,65.16869095816465,-8.65047233468286,0.8828153564899451,89.3387314439946,68.51551956815115,-20.823211875843455,0.7669184290030211
India,T180_P05_H0800_I0600_CN080_F1,T180_P05_H0800_I0600_F1,4.0,20.0,10,73.8191632928475,64.45344129554655,-9.365721997300952,0.873126142595978,89.3387314439946,65.87044534412955,-23.468286099865054,0.7373111782477341
India,T180_P05_H0800_I0600_CN090_F1,T180_P05_H0800_I0600_F1,2.0,10.0,10,73.8191632928475,69.50067476383266,-4.318488529014843,0.9414990859232176,89.3387314439946,86.12685560053981,-3.2118758434547914,0.9640483383685801
India,T180_P05_H0800_I0600_CN090_F1,T180_P05_H0800_I0600_F1,2.0,20.0,10,73.8191632928475,68.5425101214575,-5.276653171390009,0.9285191956124315,89.3387314439946,84.1970310391363,-5.141700404858298,0.9424471299093655
India,T180_P05_H0800_I0600_CN090_F1,T180_P05_H0800_I0600_F1,4.0,10.0,10,73.8191632928475,65.26315789473684,-8.55600539811067,0.8840950639853746,89.3387314439946,70.13495276653171,-19.203778677462893,0.7850453172205437
India,T180_P05_H0800_I0600_CN090_F1,T180_P05_H0800_I0600_F1,4.0,20.0,10,73.8191632928475,64.92577597840756,-8.893387314439948,0.8795246800731261,89.3387314439946,68.87989203778676,-20.458839406207844,0.7709969788519636
India,T180_P05_H0800_I0600_CN100_F1,T180_P05_H0800_I0600_F1,2.0,10.0,10,73.68421052631578,68.66396761133603,-5.020242914979747,0.931868131868132,89.3387314439946,87.16599190283401,-2.1727395411605954,0.9756797583081571
India,T180_P05_H0800_I0600_CN100_F1,T180_P05_H0800_I0600_F1,2.0,20.0,10,73.68421052631578,67.74628879892039,-5.937921727395391,0.9194139194139197,89.3387314439946,84.97975708502025,-4.358974358974351,0.9512084592145016
India,T180_P05_H0800_I0600_CN100_F1,T180_P05_H0800_I0600_F1,4.0,10.0,10,73.68421052631578,63.07692307692307,-10.607287449392707,0.8560439560439561,89.3387314439946,71.88933873144398,-17.44939271255062,0.8046827794561933
India,T180_P05_H0800_I0600_CN100_F1,T180_P05_H0800_I0600_F1,4.0,20.0,10,73.68421052631578,62.13225371120107,-11.551956815114707,0.8432234432234432,89.3387314439946,71.12010796221323,-18.21862348178138,0.7960725075528701
India,T180_P05_H0800_I0800_CN030_F1,T180_P05_H0800_I0800_F1,2.0,10.0,10,97.0310391363023,78.94736842105263,-18.083670715249667,0.8136300417246175,97.16599190283401,74.52091767881241,-22.6450742240216,0.7669444444444444
India,T180_P05_H0800_I0800_CN030_F1,T180_P05_H0800_I0800_F1,2.0,20.0,10,97.0310391363023,77.165991902834,-19.865047233468303,0.795271210013908,97.16599190283401,72.60458839406208,-24.56140350877193,0.7472222222222222
India,T180_P05_H0800_I0800_CN030_F1,T180_P05_H0800_I0800_F1,4.0,10.0,10,97.0310391363023,62.79352226720647,-34.23751686909583,0.6471488178025033,97.16599190283401,47.530364372469634,-49.635627530364374,0.48916666666666664
India,T180_P05_H0800_I0800_CN030_F1,T180_P05_H0800_I0800_F1,4.0,20.0,10,97.0310391363023,60.350877192982466,-36.68016194331983,0.6219749652294855,97.16599190283401,42.9689608636977,-54.197031039136306,0.4422222222222222
India,T180_P05_H0800_I0800_CN040_F1,T180_P05_H0800_I0800_F1,2.0,10.0,10,98.24561403508771,82.41565452091768,-15.829959514170028,0.8388736263736265,100.0,78.96086369770579,-21.03913630229421,0.7896086369770579
India,T180_P05_H0800_I0800_CN040_F1,T180_P05_H0800_I0800_F1,2.0,20.0,10,98.24561403508771,79.86504723346829,-18.380566801619423,0.812912087912088,100.0,77.19298245614036,-22.807017543859644,0.7719298245614036
India,T180_P05_H0800_I0800_CN040_F1,T180_P05_H0800_I0800_F1,4.0,10.0,10,98.24561403508771,66.32928475033738,-31.916329284750333,0.6751373626373627,100.0,55.27665317139001,-44.72334682860999,0.5527665317139001
India,T180_P05_H0800_I0800_CN040_F1,T180_P05_H0800_I0800_F1,4.0,20.0,10,98.24561403508771,64.60188933873144,-33.64372469635627,0.657554945054945,100.0,49.91902834008098,-50.08097165991902,0.4991902834008098
India,T180_P05_H0800_I0800_CN050_F1,T180_P05_H0800_I0800_F1,2.0,10.0,10,98.9203778677463,87.13900134952766,-11.781376518218636,0.8809004092769439,100.0,83.61673414304992,-16.383265856950075,0.8361673414304992
India,T180_P05_H0800_I0800_CN050_F1,T180_P05_H0800_I0800_F1,2.0,20.0,10,98.9203778677463,84.45344129554655,-14.466936572199742,0.8537517053206002,100.0,81.37651821862349,-18.623481781376512,0.8137651821862348
India,T180_P05_H0800_I0800_CN050_F1,T180_P05_H0800_I0800_F1,4.0,10.0,10,98.9203778677463,68.2591093117409,-30.661268556005396,0.6900409276944066,100.0,59.47368421052632,-40.52631578947368,0.5947368421052632
India,T180_P05_H0800_I0800_CN050_F1,T180_P05_H0800_I0800_F1,4.0,20.0,10,98.9203778677463,66.4642375168691,-32.45614035087719,0.6718963165075035,100.0,55.62753036437247,-44.37246963562753,0.5562753036437247
India,T180_P05_H0800_I0800_CN060_F1,T180_P05_H0800_I0800_F1,2.0,10.0,10,99.59514170040485,90.25641025641025,-9.338731443994604,0.9062330623306233,100.0,87.6788124156545,-12.321187584345495,0.8767881241565451
India,T180_P05_H0800_I0800_CN060_F1,T180_P05_H0800_I0800_F1,2.0,20.0,10,99.59514170040485,87.63832658569501,-11.95681511470984,0.8799457994579947,100.0,84.4804318488529,-15.519568151147098,0.844804318488529
India,T180_P05_H0800_I0800_CN060_F1,T180_P05_H0800_I0800_F1,4.0,10.0,10,99.59514170040485,70.7017543859649,-28.89338731443995,0.7098915989159891,100.0,64.42645074224022,-35.57354925775978,0.6442645074224022
India,T180_P05_H0800_I0800_CN060_F1,T180_P05_H0800_I0800_F1,4.0,20.0,10,99.59514170040485,69.20377867746289,-30.39136302294196,0.6948509485094851,100.0,60.52631578947368,-39.47368421052632,0.6052631578947367
India,T180_P05_H0800_I0800_CN070_F1,T180_P05_H0800_I0800_F1,2.0,10.0,10,99.86504723346829,93.45479082321188,-6.410256410256409,0.9358108108108109,100.0,90.74224021592444,-9.25775978407556,0.9074224021592444
India,T180_P05_H0800_I0800_CN070_F1,T180_P05_H0800_I0800_F1,2.0,20.0,10,99.86504723346829,90.29689608636976,-9.568151147098533,0.904189189189189,100.0,88.56950067476384,-11.430499325236156,0.8856950067476385
India,T180_P05_H0800_I0800_CN070_F1,T180_P05_H0800_I0800_F1,4.0,10.0,10,99.86504723346829,71.6059379217274,-28.259109311740886,0.717027027027027,100.0,68.21862348178138,-31.78137651821862,0.6821862348178138
India,T180_P05_H0800_I0800_CN070_F1,T180_P05_H0800_I0800_F1,4.0,20.0,10,99.86504723346829,70.31039136302294,-29.554655870445345,0.7040540540540541,100.0,65.58704453441295,-34.412955465587046,0.6558704453441295
India,T180_P05_H0800_I0800_CN080_F1,T180_P05_H0800_I0800_F1,2.0,10.0,10,100.0,94.88529014844804,-5.1147098515519644,0.9488529014844803,100.0,93.18488529014846,-6.815114709851542,0.9318488529014846
India,T180_P05_H0800_I0800_CN080_F1,T180_P05_H0800_I0800_F1,2.0,20.0,10,100.0,93.13090418353576,-6.869095816464238,0.9313090418353576,100.0,91.1336032388664,-8.8663967611336,0.911336032388664
India,T180_P05_H0800_I0800_CN080_F1,T180_P05_H0800_I0800_F1,4.0,10.0,10,100.0,72.6450742240216,-27.3549257759784,0.726450742240216,100.0,70.1889338731444,-29.811066126855593,0.7018893387314441
India,T180_P05_H0800_I0800_CN080_F1,T180_P05_H0800_I0800_F1,4.0,20.0,10,100.0,71.63292847503375,-28.36707152496625,0.7163292847503375,100.0,68.93387314439946,-31.066126855600544,0.6893387314439946
India,T180_P05_H0800_I0800_CN090_F1,T180_P05_H0800_I0800_F1,2.0,10.0,10,100.0,95.26315789473685,-4.73684210526315,0.9526315789473685,100.0,96.43724696356276,-3.5627530364372433,0.9643724696356276
India,T180_P05_H0800_I0800_CN090_F1,T180_P05_H0800_I0800_F1,2.0,20.0,10,100.0,94.21052631578945,-5.789473684210549,0.9421052631578946,100.0,93.68421052631578,-6.3157894736842195,0.9368421052631578
India,T180_P05_H0800_I0800_CN090_F1,T180_P05_H0800_I0800_F1,4.0,10.0,10,100.0,74.0080971659919,-25.9919028340081,0.740080971659919,100.0,72.45614035087718,-27.543859649122822,0.7245614035087717
India,T180_P05_H0800_I0800_CN090_F1,T180_P05_H0800_I0800_F1,4.0,20.0,10,100.0,72.46963562753037,-27.530364372469634,0.7246963562753037,100.0,71.36302294197031,-28.636977058029686,0.7136302294197031
India,T180_P05_H0800_I0800_CN100_F1,T180_P05_H0800_I0800_F1,2.0,10.0,10,100.0,95.72199730094465,-4.2780026990553495,0.9572199730094465,100.0,100.0,0.0,1.0
India,T180_P05_H0800_I0800_CN100_F1,T180_P05_H0800_I0800_F1,2.0,20.0,10,100.0,94.69635627530366,-5.303643724696343,0.9469635627530366,100.0,99.68960863697706,-0.31039136302294423,0.9968960863697706
India,T180_P05_H0800_I0800_CN100_F1,T180_P05_H0800_I0800_F1,4.0,10.0,10,100.0,75.04723346828611,-24.95276653171389,0.7504723346828611,100.0,75.93792172739542,-24.06207827260458,0.7593792172739542
India,T180_P05_H0800_I0800_CN100_F1,T180_P05_H0800_I0800_F1,4.0,20.0,10,100.0,73.58974358974359,-26.41025641025641,0.735897435897436,100.0,74.83130904183535,-25.168690958164646,0.7483130904183536
India,T180_P05_H0800_I0986_CN030_F1,T180_P05_H0800_I0986_F1,2.0,10.0,10,99.86504723346829,84.23751686909581,-15.627530364372475,0.8435135135135134,97.84075573549258,75.68151147098516,-22.15924426450742,0.7735172413793103
India,T180_P05_H0800_I0986_CN030_F1,T180_P05_H0800_I0986_F1,2.0,20.0,10,99.86504723346829,80.52631578947367,-19.338731443994618,0.8063513513513512,97.84075573549258,67.93522267206478,-29.905533063427796,0.694344827586207
India,T180_P05_H0800_I0986_CN030_F1,T180_P05_H0800_I0986_F1,4.0,10.0,10,99.86504723346829,55.195681511470994,-44.669365721997295,0.5527027027027028,97.84075573549258,39.635627530364374,-58.205128205128204,0.4051034482758621
India,T180_P05_H0800_I0986_CN030_F1,T180_P05_H0800_I0986_F1,4.0,20.0,10,99.86504723346829,51.24156545209176,-48.623481781376526,0.513108108108108,97.84075573549258,35.087719298245624,-62.753036437246955,0.3586206896551725
India,T180_P05_H0800_I0986_CN040_F1,T180_P05_H0800_I0986_F1,2.0,10.0,10,100.0,89.16329284750339,-10.836707152496615,0.8916329284750338,100.0,81.05263157894737,-18.94736842105263,0.8105263157894737
India,T180_P05_H0800_I0986_CN040_F1,T180_P05_H0800_I0986_F1,2.0,20.0,10,100.0,86.72064777327935,-13.279352226720647,0.8672064777327936,100.0,77.34143049932524,-22.65856950067476,0.7734143049932524
India,T180_P05_H0800_I0986_CN040_F1,T180_P05_H0800_I0986_F1,4.0,10.0,10,100.0,62.07827260458839,-37.92172739541161,0.6207827260458839,100.0,47.80026990553306,-52.19973009446694,0.47800269905533055
India,T180_P05_H0800_I0986_CN040_F1,T180_P05_H0800_I0986_F1,4.0,20.0,10,100.0,58.043184885290145,-41.956815114709855,0.5804318488529014,100.0,43.738191632928476,-56.261808367071524,0.43738191632928475
India,T180_P05_H0800_I0986_CN050_F1,T180_P05_H0800_I0986_F1,2.0,10.0,10,100.0,95.58704453441297,-4.412955465587032,0.9558704453441297,100.0,85.78947368421052,-14.21052631578948,0.8578947368421052
India,T180_P05_H0800_I0986_CN050_F1,T180_P05_H0800_I0986_F1,2.0,20.0,10,100.0,92.5910931174089,-7.408906882591097,0.9259109311740891,100.0,83.22537112010797,-16.774628879892035,0.8322537112010796
India,T180_P05_H0800_I0986_CN050_F1,T180_P05_H0800_I0986_F1,4.0,10.0,10,100.0,66.53171390013497,-33.468286099865026,0.6653171390013497,100.0,55.62753036437247,-44.37246963562753,0.5562753036437247
India,T180_P05_H0800_I0986_CN050_F1,T180_P05_H0800_I0986_F1,4.0,20.0,10,100.0,63.72469635627531,-36.27530364372469,0.6372469635627531,100.0,50.83670715249663,-49.16329284750337,0.5083670715249663
India,T180_P05_H0800_I0986_CN060_F1,T180_P05_H0800_I0986_F1,2.0,10.0,10,100.0,99.63562753036437,-0.36437246963562586,0.9963562753036438,100.0,90.33738191632929,-9.662618083670708,0.903373819163293
India,T180_P05_H0800_I0986_CN060_F1,T180_P05_H0800_I0986_F1,2.0,20.0,10,100.0,96.77462887989203,-3.2253711201079653,0.9677462887989203,100.0,86.77462887989205,-13.225371120107951,0.8677462887989205
India,T180_P05_H0800_I0986_CN060_F1,T180_P05_H0800_I0986_F1,4.0,10.0,10,100.0,69.47368421052632,-30.526315789473685,0.6947368421052631,100.0,61.21457489878543,-38.78542510121457,0.6121457489878543
India,T180_P05_H0800_I0986_CN060_F1,T180_P05_H0800_I0986_F1,4.0,20.0,10,100.0,67.92172739541161,-32.07827260458839,0.6792172739541161,100.0,57.34143049932523,-42.65856950067477,0.5734143049932523
India,T180_P05_H0800_I0986_CN070_F1,T180_P05_H0800_I0986_F1,2.0,10.0,10,100.0,99.63562753036436,-0.3643724696356401,0.9963562753036436,100.0,95.34412955465586,-4.655870445344135,0.9534412955465587
India,T180_P05_H0800_I0986_CN070_F1,T180_P05_H0800_I0986_F1,2.0,20.0,10,100.0,99.40620782726047,-0.5937921727395263,0.9940620782726047,100.0,91.29554655870444,-8.704453441295556,0.9129554655870444
India,T180_P05_H0800_I0986_CN070_F1,T180_P05_H0800_I0986_F1,4.0,10.0,10,100.0,71.40350877192982,-28.596491228070178,0.7140350877192982,100.0,67.04453441295547,-32.95546558704453,0.6704453441295547
India,T180_P05_H0800_I0986_CN070_F1,T180_P05_H0800_I0986_F1,4.0,20.0,10,100.0,70.13495276653171,-29.86504723346829,0.7013495276653171,100.0,62.213225371120096,-37.786774628879904,0.622132253711201
India,T180_P05_H0800_I0986_CN080_F1,T180_P05_H0800_I0986_F1,2.0,10.0,10,100.0,99.95951417004048,-0.04048582995952188,0.9995951417004048,100.0,97.8272604588394,-2.1727395411605954,0.978272604588394
India,T180_P05_H0800_I0986_CN080_F1,T180_P05_H0800_I0986_F1,2.0,20.0,10,100.0,99.77058029689609,-0.22941970310391469,0.9977058029689608,100.0,95.51956815114708,-4.480431848852916,0.9551956815114708
India,T180_P05_H0800_I0986_CN080_F1,T180_P05_H0800_I0986_F1,4.0,10.0,10,100.0,73.56275303643724,-26.437246963562757,0.7356275303643725,100.0,71.2280701754386,-28.771929824561397,0.7122807017543861
India,T180_P05_H0800_I0986_CN080_F1,T180_P05_H0800_I0986_F1,4.0,20.0,10,100.0,72.37516869095816,-27.624831309041838,0.7237516869095816,100.0,67.70580296896085,-32.29419703103915,0.6770580296896085
India,T180_P05_H0800_I0986_CN090_F1,T180_P05_H0800_I0986_F1,2.0,10.0,10,100.0,100.0,0.0,1.0,100.0,99.97300944669367,-0.02699055330633371,0.9997300944669366
India,T180_P05_H0800_I0986_CN090_F1,T180_P05_H0800_I0986_F1,2.0,20.0,10,100.0,99.87854251012145,-0.12145748987855143,0.9987854251012145,100.0,99.7165991902834,-0.2834008097165963,0.9971659919028341
India,T180_P05_H0800_I0986_CN090_F1,T180_P05_H0800_I0986_F1,4.0,10.0,10,100.0,74.26450742240215,-25.735492577597853,0.7426450742240215,100.0,74.75033738191632,-25.249662618083676,0.7475033738191632
India,T180_P05_H0800_I0986_CN090_F1,T180_P05_H0800_I0986_F1,4.0,20.0,10,100.0,73.04993252361672,-26.950067476383282,0.7304993252361672,100.0,73.18488529014844,-26.815114709851557,0.7318488529014844
India,T180_P05_H0800_I0986_CN100_F1,T180_P05_H0800_I0986_F1,2.0,10.0,10,100.0,100.0,0.0,1.0,100.0,100.0,0.0,1.0
India,T180_P05_H0800_I0986_CN100_F1,T180_P05_H0800_I0986_F1,2.0,20.0,10,100.0,100.0,0.0,1.0,100.0,100.0,0.0,1.0
India,T180_P05_H0800_I0986_CN100_F1,T180_P05_H0800_I0986_F1,4.0,10.0,10,100.0,75.76248313090419,-24.237516869095813,0.7576248313090419,100.0,77.98920377867748,-22.010796221322522,0.7798920377867747
India,T180_P05_H0800_I0986_CN100_F1,T180_P05_H0800_I0986_F1,4.0,20.0,10,100.0,74.38596491228071,-25.614035087719287,0.7438596491228071,100.0,77.34143049932524,-22.65856950067476,0.7734143049932524
India,T180_P05_H1000_I0600_CN030_F1,T180_P05_H1000_I0600_F1,2.0,10.0,10,72.06477732793523,69.79757085020243,-2.267206477732799,0.9685393258426965,86.63967611336032,72.98245614035088,-13.657219973009447,0.8423676012461059
India,T180_P05_H1000_I0600_CN030_F1,T180_P05_H1000_I0600_F1,2.0,20.0,10,72.06477732793523,69.14979757085021,-2.914979757085021,0.9595505617977528,86.63967611336032,69.21727395411605,-17.42240215924427,0.7989096573208722
India,T180_P05_H1000_I0600_CN030_F1,T180_P05_H1000_I0600_F1,4.0,10.0,10,72.06477732793523,66.99055330634278,-5.074224021592457,0.9295880149812732,86.63967611336032,43.95411605937922,-42.685560053981106,0.5073208722741434
India,T180_P05_H1000_I0600_CN030_F1,T180_P05_H1000_I0600_F1,4.0,20.0,10,72.06477732793523,66.57219973009447,-5.492577597840764,0.9237827715355804,86.63967611336032,36.99055330634278,-49.64912280701754,0.4269470404984424
India,T180_P05_H1000_I0600_CN040_F1,T180_P05_H1000_I0600_F1,2.0,10.0,10,70.44534412955466,69.16329284750336,-1.2820512820512988,0.9818007662835246,86.3697705802969,76.693657219973,-9.676113360323896,0.8879687499999999
India,T180_P05_H1000_I0600_CN040_F1,T180_P05_H1000_I0600_F1,2.0,20.0,10,70.44534412955466,68.58299595141699,-1.8623481781376654,0.9735632183908044,86.3697705802969,72.3076923076923,-14.062078272604595,0.8371875
India,T180_P05_H1000_I0600_CN040_F1,T180_P05_H1000_I0600_F1,4.0,10.0,10,70.44534412955466,66.68016194331985,-3.76518218623481,0.9465517241379311,86.3697705802969,49.7165991902834,-36.653171390013505,0.5756249999999999
India,T180_P05_H1000_I0600_CN040_F1,T180_P05_H1000_I0600_F1,4.0,20.0,10,70.44534412955466,66.19433198380567,-4.251012145748987,0.9396551724137931,86.3697705802969,45.70850202429149,-40.66126855600541,0.5292187499999998
India,T180_P05_H1000_I0600_CN050_F1,T180_P05_H1000_I0600_F1,2.0,10.0,10,72.19973009446694,69.89203778677462,-2.307692307692321,0.9680373831775699,86.77462887989203,80.52631578947368,-6.24831309041835,0.9279937791601867
India,T180_P05_H1000_I0600_CN050_F1,T180_P05_H1000_I0600_F1,2.0,20.0,10,72.19973009446694,68.93387314439946,-3.265856950067487,0.9547663551401868,86.77462887989203,78.43454790823212,-8.340080971659916,0.9038880248833593
India,T180_P05_H1000_I0600_CN050_F1,T180_P05_H1000_I0600_F1,4.0,10.0,10,72.19973009446694,66.57219973009447,-5.6275303643724754,0.9220560747663551,86.77462887989203,56.04588394062078,-30.72874493927125,0.6458786936236393
India,T180_P05_H1000_I0600_CN050_F1,T180_P05_H1000_I0600_F1,4.0,20.0,10,72.19973009446694,66.01889338731446,-6.18083670715248,0.9143925233644862,86.77462887989203,53.40080971659919,-33.37381916329284,0.6153965785381027
India,T180_P05_H1000_I0600_CN060_F1,T180_P05_H1000_I0600_F1,2.0,10.0,10,73.00944669365722,70.20242914979757,-2.807017543859658,0.9615526802218114,86.90958164642375,82.37516869095818,-4.534412955465569,0.9478260869565219
India,T180_P05_H1000_I0600_CN060_F1,T180_P05_H1000_I0600_F1,2.0,20.0,10,73.00944669365722,69.54116059379217,-3.468286099865054,0.9524953789279111,86.90958164642375,80.3778677462888,-6.531713900134946,0.9248447204968945
India,T180_P05_H1000_I0600_CN060_F1,T180_P05_H1000_I0600_F1,4.0,10.0,10,73.00944669365722,66.24831309041835,-6.761133603238875,0.9073937153419592,86.90958164642375,61.443994601889344,-25.465587044534402,0.7069875776397516
India,T180_P05_H1000_I0600_CN060_F1,T180_P05_H1000_I0600_F1,4.0,20.0,10,73.00944669365722,65.78947368421053,-7.21997300944669,0.901109057301294,86.90958164642375,57.152496626180834,-29.75708502024291,0.657608695652174
India,T180_P05_H1000_I0600_CN070_F1,T180_P05_H1000_I0600_F1,2.0,10.0,10,73.14439946018894,70.62078272604589,-2.5236167341430473,0.9654981549815499,87.4493927125506,83.73819163292848,-3.7112010796221284,0.9575617283950618
India,T180_P05_H1000_I0600_CN070_F1,T180_P05_H1000_I0600_F1,2.0,20.0,10,73.14439946018894,70.18893387314439,-2.955465587044543,0.9595940959409593,87.4493927125506,82.55060728744938,-4.898785425101224,0.9439814814814814
India,T180_P05_H1000_I0600_CN070_F1,T180_P05_H1000_I0600_F1,4.0,10.0,10,73.14439946018894,66.84210526315789,-6.3022941970310455,0.9138376383763837,87.4493927125506,67.97570850202429,-19.473684210526315,0.7773148148148148
India,T180_P05_H1000_I0600_CN070_F1,T180_P05_H1000_I0600_F1,4.0,20.0,10,73.14439946018894,66.50472334682863,-6.639676113360309,0.9092250922509227,87.4493927125506,62.61808367071525,-24.831309041835354,0.7160493827160495
India,T180_P05_H1000_I0600_CN080_F1,T180_P05_H1000_I0600_F1,2.0,10.0,10,72.33468286099865,70.67476383265856,-1.6599190283400986,0.9770522388059699,87.58434547908233,84.76383265856951,-2.8205128205128176,0.9677966101694916
India,T180_P05_H1000_I0600_CN080_F1,T180_P05_H1000_I0600_F1,2.0,20.0,10,72.33468286099865,69.64912280701756,-2.685560053981092,0.9628731343283584,87.58434547908233,83.306342780027,-4.278002699055335,0.95115562403698
India,T180_P05_H1000_I0600_CN080_F1,T180_P05_H1000_I0600_F1,4.0,10.0,10,72.33468286099865,64.61538461538461,-7.719298245614041,0.8932835820895522,87.58434547908233,68.36707152496628,-19.217273954116052,0.7805855161787366
India,T180_P05_H1000_I0600_CN080_F1,T180_P05_H1000_I0600_F1,4.0,20.0,10,72.33468286099865,64.50742240215924,-7.827260458839419,0.8917910447761193,87.58434547908233,66.41025641025642,-21.174089068825907,0.7582434514637905
India,T180_P05_H1000_I0600_CN090_F1,T180_P05_H1000_I0600_F1,2.0,10.0,10,73.14439946018894,70.51282051282051,-2.631578947368425,0.9640221402214022,87.58434547908233,86.6531713900135,-0.9311740890688327,0.9893682588597842
India,T180_P05_H1000_I0600_CN090_F1,T180_P05_H1000_I0600_F1,2.0,20.0,10,73.14439946018894,69.2037786774629,-3.940620782726029,0.9461254612546128,87.58434547908233,84.91228070175438,-2.6720647773279467,0.9694915254237287
India,T180_P05_H1000_I0600_CN090_F1,T180_P05_H1000_I0600_F1,4.0,10.0,10,73.14439946018894,63.83265856950068,-9.311740890688256,0.8726937269372694,87.58434547908233,70.44534412955466,-17.139001349527675,0.8043143297380585
India,T180_P05_H1000_I0600_CN090_F1,T180_P05_H1000_I0600_F1,4.0,20.0,10,73.14439946018894,63.319838056680155,-9.824561403508781,0.8656826568265682,87.58434547908233,67.77327935222671,-19.81106612685562,0.7738058551617871
India,T180_P05_H1000_I0600_CN100_F1,T180_P05_H1000_I0600_F1,2.0,10.0,10,73.14439946018894,70.60728744939271,-2.5371120107962213,0.9653136531365314,87.58434547908233,86.96356275303644,-0.6207827260458885,0.9929121725731894
India,T180_P05_H1000_I0600_CN100_F1,T180_P05_H1000_I0600_F1,2.0,20.0,10,73.14439946018894,69.83805668016194,-3.306342780026995,0.9547970479704796,87.58434547908233,85.65452091767881,-1.929824561403521,0.9779661016949152
India,T180_P05_H1000_I0600_CN100_F1,T180_P05_H1000_I0600_F1,4.0,10.0,10,73.14439946018894,63.36032388663968,-9.78407557354926,0.8662361623616236,87.58434547908233,72.38866396761134,-15.195681511470994,0.8265023112480738
India,T180_P05_H1000_I0600_CN100_F1,T180_P05_H1000_I0600_F1,4.0,20.0,10,73.14439946018894,63.11740890688259,-10.026990553306348,0.8629151291512914,87.58434547908233,71.83535762483132,-15.748987854251013,0.8201848998459168
India,T180_P05_H1000_I0800_CN030_F1,T180_P05_H1000_I0800_F1,2.0,10.0,10,96.221322537112,81.24156545209176,-14.979757085020239,0.844319775596073,96.62618083670715,74.91228070175438,-21.713900134952766,0.7752793296089385
India,T180_P05_H1000_I0800_CN030_F1,T180_P05_H1000_I0800_F1,2.0,20.0,10,96.221322537112,78.6369770580297,-17.5843454790823,0.8172510518934083,96.62618083670715,71.84885290148449,-24.777327935222658,0.7435754189944136
India,T180_P05_H1000_I0800_CN030_F1,T180_P05_H1000_I0800_F1,4.0,10.0,10,96.221322537112,64.68286099865045,-31.538461538461547,0.6722300140252453,96.62618083670715,49.35222672064778,-47.27395411605937,0.5107541899441341
India,T180_P05_H1000_I0800_CN030_F1,T180_P05_H1000_I0800_F1,4.0,20.0,10,96.221322537112,62.57759784075573,-33.64372469635627,0.6503506311360449,96.62618083670715,43.84615384615385,-52.7800269905533,0.4537709497206704
India,T180_P05_H1000_I0800_CN040_F1,T180_P05_H1000_I0800_F1,2.0,10.0,10,97.84075573549258,84.34547908232119,-13.495276653171388,0.8620689655172414,99.86504723346829,78.9608636977058,-20.904183535762485,0.7906756756756756
India,T180_P05_H1000_I0800_CN040_F1,T180_P05_H1000_I0800_F1,2.0,20.0,10,97.84075573549258,81.417004048583,-16.423751686909583,0.8321379310344827,99.86504723346829,76.16734143049932,-23.69770580296897,0.7627027027027027
India,T180_P05_H1000_I0800_CN040_F1,T180_P05_H1000_I0800_F1,4.0,10.0,10,97.84075573549258,67.74628879892038,-30.094466936572204,0.6924137931034482,99.86504723346829,55.58704453441296,-44.27800269905533,0.5566216216216217
India,T180_P05_H1000_I0800_CN040_F1,T180_P05_H1000_I0800_F1,4.0,20.0,10,97.84075573549258,65.4655870445344,-32.375168690958176,0.669103448275862,99.86504723346829,49.959514170040485,-49.905533063427804,0.5002702702702703
India,T180_P05_H1000_I0800_CN050_F1,T180_P05_H1000_I0800_F1,2.0,10.0,10,98.9203778677463,88.43454790823212,-10.485829959514177,0.8939972714870394,100.0,84.00809716599191,-15.991902834008087,0.8400809716599191
India,T180_P05_H1000_I0800_CN050_F1,T180_P05_H1000_I0800_F1,2.0,20.0,10,98.9203778677463,85.46558704453442,-13.45479082321188,0.8639836289222373,100.0,80.58029689608637,-19.419703103913633,0.8058029689608637
India,T180_P05_H1000_I0800_CN050_F1,T180_P05_H1000_I0800_F1,4.0,10.0,10,98.9203778677463,70.26990553306344,-28.65047233468286,0.710368349249659,100.0,62.46963562753037,-37.53036437246963,0.6246963562753037
India,T180_P05_H1000_I0800_CN050_F1,T180_P05_H1000_I0800_F1,4.0,20.0,10,98.9203778677463,68.48852901484481,-30.43184885290148,0.6923601637107777,100.0,57.48987854251011,-42.51012145748989,0.5748987854251011
India,T180_P05_H1000_I0800_CN060_F1,T180_P05_H1000_I0800_F1,2.0,10.0,10,99.59514170040485,91.86234817813765,-7.732793522267201,0.9223577235772358,100.0,86.99055330634278,-13.009446693657225,0.8699055330634278
India,T180_P05_H1000_I0800_CN060_F1,T180_P05_H1000_I0800_F1,2.0,20.0,10,99.59514170040485,88.70445344129556,-10.890688259109297,0.8906504065040652,100.0,84.4804318488529,-15.519568151147098,0.844804318488529
India,T180_P05_H1000_I0800_CN060_F1,T180_P05_H1000_I0800_F1,4.0,10.0,10,99.59514170040485,72.68556005398112,-26.90958164642373,0.7298102981029813,100.0,65.16869095816465,-34.831309041835354,0.6516869095816464
India,T180_P05_H1000_I0800_CN060_F1,T180_P05_H1000_I0800_F1,4.0,20.0,10,99.59514170040485,71.39001349527666,-28.20512820512819,0.7168021680216804,100.0,62.68556005398111,-37.31443994601889,0.6268556005398112
India,T180_P05_H1000_I0800_CN070_F1,T180_P05_H1000_I0800_F1,2.0,10.0,10,100.0,94.31848852901484,-5.681511470985157,0.9431848852901484,100.0,92.51012145748987,-7.489878542510127,0.9251012145748987
India,T180_P05_H1000_I0800_CN070_F1,T180_P05_H1000_I0800_F1,2.0,20.0,10,100.0,92.53711201079622,-7.462887989203779,0.9253711201079622,100.0,89.06882591093117,-10.931174089068833,0.8906882591093117
India,T180_P05_H1000_I0800_CN070_F1,T180_P05_H1000_I0800_F1,4.0,10.0,10,100.0,73.87314439946019,-26.126855600539812,0.7387314439946019,100.0,69.78407557354925,-30.215924426450755,0.6978407557354924
India,T180_P05_H1000_I0800_CN070_F1,T180_P05_H1000_I0800_F1,4.0,20.0,10,100.0,72.45614035087719,-27.54385964912281,0.724561403508772,100.0,67.00404858299595,-32.99595141700405,0.6700404858299595
India,T180_P05_H1000_I0800_CN080_F1,T180_P05_H1000_I0800_F1,2.0,10.0,10,100.0,94.52091767881241,-5.47908232118759,0.9452091767881241,100.0,96.51821862348177,-3.481781376518228,0.9651821862348178
India,T180_P05_H1000_I0800_CN080_F1,T180_P05_H1000_I0800_F1,2.0,20.0,10,100.0,93.56275303643724,-6.437246963562757,0.9356275303643724,100.0,92.61808367071525,-7.381916329284749,0.9261808367071525
India,T180_P05_H1000_I0800_CN080_F1,T180_P05_H1000_I0800_F1,4.0,10.0,10,100.0,74.68286099865047,-25.31713900134953,0.7468286099865047,100.0,71.7948717948718,-28.205128205128204,0.717948717948718
India,T180_P05_H1000_I0800_CN080_F1,T180_P05_H1000_I0800_F1,4.0,20.0,10,100.0,73.6842105263158,-26.315789473684205,0.736842105263158,100.0,70.2834008097166,-29.716599190283404,0.702834008097166
India,T180_P05_H1000_I0800_CN090_F1,T180_P05_H1000_I0800_F1,2.0,10.0,10,100.0,94.804318488529,-5.195681511470994,0.94804318488529,100.0,98.83940620782725,-1.1605937921727474,0.9883940620782725
India,T180_P05_H1000_I0800_CN090_F1,T180_P05_H1000_I0800_F1,2.0,20.0,10,100.0,94.03508771929825,-5.964912280701753,0.9403508771929825,100.0,96.28879892037787,-3.7112010796221284,0.9628879892037787
India,T180_P05_H1000_I0800_CN090_F1,T180_P05_H1000_I0800_F1,4.0,10.0,10,100.0,75.41160593792173,-24.588394062078265,0.7541160593792173,100.0,74.83130904183535,-25.168690958164646,0.7483130904183536
India,T180_P05_H1000_I0800_CN090_F1,T180_P05_H1000_I0800_F1,4.0,20.0,10,100.0,74.27800269905534,-25.721997300944665,0.7427800269905533,100.0,73.30634278002698,-26.69365721997302,0.7330634278002698
India,T180_P05_H1000_I0800_CN100_F1,T180_P05_H1000_I0800_F1,2.0,10.0,10,100.0,95.22267206477733,-4.777327935222672,0.9522267206477733,100.0,100.0,0.0,1.0
India,T180_P05_H1000_I0800_CN100_F1,T180_P05_H1000_I0800_F1,2.0,20.0,10,100.0,94.46693657219973,-5.533063427800272,0.9446693657219973,100.0,100.0,0.0,1.0
India,T180_P05_H1000_I0800_CN100_F1,T180_P05_H1000_I0800_F1,4.0,10.0,10,100.0,76.36977058029689,-23.630229419703113,0.7636977058029689,100.0,77.88124156545209,-22.118758434547914,0.7788124156545209
India,T180_P05_H1000_I0800_CN100_F1,T180_P05_H1000_I0800_F1,4.0,20.0,10,100.0,74.72334682860998,-25.276653171390024,0.7472334682860997,100.0,76.63967611336032,-23.360323886639677,0.7663967611336032
India,T180_P05_H1000_I0986_CN030_F1,T180_P05_H1000_I0986_F1,2.0,10.0,10,99.46018893387314,83.15789473684211,-16.30229419703103,0.8360922659430123,95.00674763832659,74.08906882591093,-20.91767881241566,0.7798295454545454
India,T180_P05_H1000_I0986_CN030_F1,T180_P05_H1000_I0986_F1,2.0,20.0,10,99.46018893387314,80.70175438596492,-18.758434547908223,0.8113975576662145,95.00674763832659,68.50202429149797,-26.504723346828612,0.7210227272727272
India,T180_P05_H1000_I0986_CN030_F1,T180_P05_H1000_I0986_F1,4.0,10.0,10,99.46018893387314,59.74358974358974,-39.716599190283404,0.6006784260515603,95.00674763832659,42.10526315789473,-52.901484480431854,0.4431818181818181
India,T180_P05_H1000_I0986_CN030_F1,T180_P05_H1000_I0986_F1,4.0,20.0,10,99.46018893387314,53.859649122807014,-45.60053981106613,0.5415196743554952,95.00674763832659,37.09851551956815,-57.908232118758434,0.39048295454545456
India,T180_P05_H1000_I0986_CN040_F1,T180_P05_H1000_I0986_F1,2.0,10.0,10,100.0,89.25775978407559,-10.742240215924411,0.8925775978407559,100.0,80.52631578947368,-19.473684210526315,0.8052631578947369
India,T180_P05_H1000_I0986_CN040_F1,T180_P05_H1000_I0986_F1,2.0,20.0,10,100.0,86.77462887989203,-13.225371120107965,0.8677462887989204,100.0,78.25910931174089,-21.740890688259114,0.7825910931174088
India,T180_P05_H1000_I0986_CN040_F1,T180_P05_H1000_I0986_F1,4.0,10.0,10,100.0,64.68286099865047,-35.31713900134953,0.6468286099865047,100.0,48.44804318488529,-51.55195681511471,0.4844804318488529
India,T180_P05_H1000_I0986_CN040_F1,T180_P05_H1000_I0986_F1,4.0,20.0,10,100.0,61.228070175438596,-38.771929824561404,0.612280701754386,100.0,45.5195681511471,-54.4804318488529,0.455195681511471
India,T180_P05_H1000_I0986_CN050_F1,T180_P05_H1000_I0986_F1,2.0,10.0,10,100.0,94.72334682860999,-5.276653171390009,0.9472334682860999,100.0,85.1821862348178,-14.817813765182194,0.851821862348178
India,T180_P05_H1000_I0986_CN050_F1,T180_P05_H1000_I0986_F1,2.0,20.0,10,100.0,91.1336032388664,-8.8663967611336,0.911336032388664,100.0,82.52361673414305,-17.476383265856953,0.8252361673414305
India,T180_P05_H1000_I0986_CN050_F1,T180_P05_H1000_I0986_F1,4.0,10.0,10,100.0,68.2051282051282,-31.794871794871796,0.6820512820512821,100.0,57.39541160593792,-42.60458839406208,0.5739541160593792
India,T180_P05_H1000_I0986_CN050_F1,T180_P05_H1000_I0986_F1,4.0,20.0,10,100.0,66.14035087719299,-33.859649122807014,0.6614035087719299,100.0,52.550607287449395,-47.449392712550605,0.5255060728744939
India,T180_P05_H1000_I0986_CN060_F1,T180_P05_H1000_I0986_F1,2.0,10.0,10,100.0,98.78542510121456,-1.2145748987854432,0.9878542510121455,100.0,88.78542510121457,-11.214574898785429,0.8878542510121457
India,T180_P05_H1000_I0986_CN060_F1,T180_P05_H1000_I0986_F1,2.0,20.0,10,100.0,96.54520917678812,-3.45479082321188,0.9654520917678812,100.0,86.86909581646424,-13.130904183535762,0.8686909581646424
India,T180_P05_H1000_I0986_CN060_F1,T180_P05_H1000_I0986_F1,4.0,10.0,10,100.0,70.36437246963563,-29.635627530364374,0.7036437246963563,100.0,64.14304993252361,-35.85695006747639,0.6414304993252361
India,T180_P05_H1000_I0986_CN060_F1,T180_P05_H1000_I0986_F1,4.0,20.0,10,100.0,69.02834008097165,-30.971659919028355,0.6902834008097165,100.0,60.553306342780026,-39.446693657219974,0.6055330634278002
India,T180_P05_H1000_I0986_CN070_F1,T180_P05_H1000_I0986_F1,2.0,10.0,10,100.0,99.55465587044533,-0.4453441295546696,0.9955465587044533,100.0,94.37246963562752,-5.6275303643724754,0.9437246963562752
India,T180_P05_H1000_I0986_CN070_F1,T180_P05_H1000_I0986_F1,2.0,20.0,10,100.0,99.02834008097166,-0.9716599190283404,0.9902834008097166,100.0,90.62078272604587,-9.379217273954126,0.9062078272604588
India,T180_P05_H1000_I0986_CN070_F1,T180_P05_H1000_I0986_F1,4.0,10.0,10,100.0,71.6059379217274,-28.394062078272597,0.716059379217274,100.0,70.39136302294199,-29.608636977058012,0.7039136302294199
India,T180_P05_H1000_I0986_CN070_F1,T180_P05_H1000_I0986_F1,4.0,20.0,10,100.0,70.01349527665317,-29.986504723346826,0.7001349527665317,100.0,65.1821862348178,-34.817813765182194,0.6518218623481781
India,T180_P05_H1000_I0986_CN080_F1,T180_P05_H1000_I0986_F1,2.0,10.0,10,100.0,99.68960863697704,-0.31039136302295844,0.9968960863697705,100.0,98.05668016194332,-1.9433198380566807,0.9805668016194332
India,T180_P05_H1000_I0986_CN080_F1,T180_P05_H1000_I0986_F1,2.0,20.0,10,100.0,99.60863697705801,-0.391363022941988,0.9960863697705801,100.0,95.08771929824562,-4.9122807017543835,0.9508771929824562
India,T180_P05_H1000_I0986_CN080_F1,T180_P05_H1000_I0986_F1,4.0,10.0,10,100.0,74.04858299595142,-25.95141700404858,0.7404858299595142,100.0,73.3468286099865,-26.653171390013497,0.733468286099865
India,T180_P05_H1000_I0986_CN080_F1,T180_P05_H1000_I0986_F1,4.0,20.0,10,100.0,72.37516869095816,-27.624831309041838,0.7237516869095816,100.0,71.03913630229421,-28.96086369770579,0.7103913630229421
India,T180_P05_H1000_I0986_CN090_F1,T180_P05_H1000_I0986_F1,2.0,10.0,10,100.0,99.6221322537112,-0.3778677462887998,0.996221322537112,100.0,99.87854251012146,-0.12145748987853722,0.9987854251012146
India,T180_P05_H1000_I0986_CN090_F1,T180_P05_H1000_I0986_F1,2.0,20.0,10,100.0,99.58164642375168,-0.4183535762483217,0.9958164642375168,100.0,97.80026990553307,-2.199730094466929,0.9780026990553307
India,T180_P05_H1000_I0986_CN090_F1,T180_P05_H1000_I0986_F1,4.0,10.0,10,100.0,75.2361673414305,-24.7638326585695,0.752361673414305,100.0,75.73549257759785,-24.264507422402147,0.7573549257759785
India,T180_P05_H1000_I0986_CN090_F1,T180_P05_H1000_I0986_F1,4.0,20.0,10,100.0,73.61673414304992,-26.383265856950075,0.7361673414304992,100.0,74.61538461538461,-25.384615384615387,0.7461538461538462
India,T180_P05_H1000_I0986_CN100_F1,T180_P05_H1000_I0986_F1,2.0,10.0,10,100.0,99.91902834008097,-0.08097165991902955,0.9991902834008097,100.0,100.0,0.0,1.0
India,T180_P05_H1000_I0986_CN100_F1,T180_P05_H1000_I0986_F1,2.0,20.0,10,100.0,99.73009446693655,-0.2699055330634508,0.9973009446693655,100.0,100.0,0.0,1.0
India,T180_P05_H1000_I0986_CN100_F1,T180_P05_H1000_I0986_F1,4.0,10.0,10,100.0,76.693657219973,-23.306342780026995,0.7669365721997301,100.0,80.93117408906883,-19.068825910931167,0.8093117408906884
India,T180_P05_H1000_I0986_CN100_F1,T180_P05_H1000_I0986_F1,4.0,20.0,10,100.0,74.84480431848854,-25.155195681511458,0.7484480431848854,100.0,79.6221322537112,-20.3778677462888,0.796221322537112
India,T180_P10_H0500_I0600_CN030_F1,T180_P10_H0500_I0600_F1,2.0,10.0,10,99.19028340080972,88.89338731443993,-10.296896086369784,0.8961904761904761,84.61538461538461,59.63562753036437,-24.979757085020246,0.7047846889952153
India,T180_P10_H0500_I0600_CN030_F1,T180_P10_H0500_I0600_F1,2.0,20.0,10,99.19028340080972,87.63832658569501,-11.551956815114707,0.8835374149659865,84.61538461538461,51.63292847503375,-32.98245614035086,0.6102073365231262
India,T180_P10_H0500_I0600_CN030_F1,T180_P10_H0500_I0600_F1,4.0,10.0,10,99.19028340080972,74.70985155195682,-24.480431848852902,0.7531972789115646,84.61538461538461,28.40755735492578,-56.207827260458835,0.33572567783094104
India,T180_P10_H0500_I0600_CN030_F1,T180_P10_H0500_I0600_F1,4.0,20.0,10,99.19028340080972,73.54925775978407,-25.64102564102565,0.7414965986394557,84.61538461538461,25.533063427800272,-59.08232118758434,0.30175438596491233
India,T180_P10_H0500_I0600_CN040_F1,T180_P10_H0500_I0600_F1,2.0,10.0,10,99.32523616734143,90.16194331983806,-9.16329284750337,0.9077445652173913,99.46018893387314,76.221322537112,-23.23886639676114,0.7663500678426051
India,T180_P10_H0500_I0600_CN040_F1,T180_P10_H0500_I0600_F1,2.0,20.0,10,99.32523616734143,89.1093117408907,-10.215924426450727,0.897146739130435,99.46018893387314,74.61538461538461,-24.844804318488528,0.7502035278154681
India,T180_P10_H0500_I0600_CN040_F1,T180_P10_H0500_I0600_F1,4.0,10.0,10,99.32523616734143,74.65587044534415,-24.66936572199728,0.7516304347826089,99.46018893387314,48.32658569500675,-51.13360323886639,0.48588873812754413
India,T180_P10_H0500_I0600_CN040_F1,T180_P10_H0500_I0600_F1,4.0,20.0,10,99.32523616734143,73.61673414304994,-25.70850202429149,0.7411684782608696,99.46018893387314,43.414304993252365,-56.045883940620776,0.4364993215739485
India,T180_P10_H0500_I0600_CN050_F1,T180_P10_H0500_I0600_F1,2.0,10.0,10,99.32523616734143,90.43184885290148,-8.893387314439948,0.9104619565217391,99.86504723346829,81.49797570850203,-18.367071524966263,0.816081081081081
India,T180_P10_H0500_I0600_CN050_F1,T180_P10_H0500_I0600_F1,2.0,20.0,10,99.32523616734143,88.79892037786774,-10.526315789473685,0.8940217391304348,99.86504723346829,79.47368421052632,-20.391363022941974,0.7958108108108107
India,T180_P10_H0500_I0600_CN050_F1,T180_P10_H0500_I0600_F1,4.0,10.0,10,99.32523616734143,76.01889338731445,-23.30634278002698,0.7653532608695653,99.86504723346829,63.022941970310384,-36.842105263157904,0.631081081081081
India,T180_P10_H0500_I0600_CN050_F1,T180_P10_H0500_I0600_F1,4.0,20.0,10,99.32523616734143,74.17004048582996,-25.155195681511472,0.7467391304347826,99.86504723346829,55.6140350877193,-44.25101214574899,0.5568918918918919
India,T180_P10_H0500_I0600_CN060_F1,T180_P10_H0500_I0600_F1,2.0,10.0,10,99.32523616734143,90.99865047233469,-8.326585695006742,0.9161684782608697,99.86504723346829,85.65452091767881,-14.21052631578948,0.8577027027027027
India,T180_P10_H0500_I0600_CN060_F1,T180_P10_H0500_I0600_F1,2.0,20.0,10,99.32523616734143,89.66261808367071,-9.662618083670722,0.9027173913043478,99.86504723346829,82.24021592442645,-17.624831309041838,0.8235135135135135
India,T180_P10_H0500_I0600_CN060_F1,T180_P10_H0500_I0600_F1,4.0,10.0,10,99.32523616734143,76.62618083670716,-22.699055330634266,0.7714673913043479,99.86504723346829,66.5587044534413,-33.306342780026995,0.6664864864864865
India,T180_P10_H0500_I0600_CN060_F1,T180_P10_H0500_I0600_F1,4.0,20.0,10,99.32523616734143,75.16869095816465,-24.156545209176784,0.7567934782608696,99.86504723346829,61.808367071524955,-38.05668016194333,0.6189189189189188
India,T180_P10_H0500_I0600_CN070_F1,T180_P10_H0500_I0600_F1,2.0,10.0,10,99.46018893387314,93.1174089068826,-6.342780026990539,0.9362279511533245,99.86504723346829,87.93522267206478,-11.929824561403507,0.8805405405405405
India,T180_P10_H0500_I0600_CN070_F1,T180_P10_H0500_I0600_F1,2.0,20.0,10,99.46018893387314,92.05128205128207,-7.408906882591069,0.9255088195386705,99.86504723346829,85.2901484480432,-14.574898785425091,0.8540540540540542
India,T180_P10_H0500_I0600_CN070_F1,T180_P10_H0500_I0600_F1,4.0,10.0,10,99.46018893387314,77.15249662618083,-22.307692307692307,0.7757123473541384,99.86504723346829,69.00134952766531,-30.863697705802977,0.6909459459459458
India,T180_P10_H0500_I0600_CN070_F1,T180_P10_H0500_I0600_F1,4.0,20.0,10,99.46018893387314,75.84345479082319,-23.616734143049953,0.7625508819538668,99.86504723346829,64.68286099865047,-35.18218623481782,0.6477027027027027
India,T180_P10_H0500_I0600_CN080_F1,T180_P10_H0500_I0600_F1,2.0,10.0,10,99.32523616734143,93.85964912280701,-5.465587044534416,0.9449728260869565,99.86504723346829,88.75843454790822,-11.106612685560066,0.8887837837837836
India,T180_P10_H0500_I0600_CN080_F1,T180_P10_H0500_I0600_F1,2.0,20.0,10,99.32523616734143,92.11875843454791,-7.206477732793516,0.9274456521739131,99.86504723346829,86.34278002699055,-13.522267206477736,0.8645945945945945
India,T180_P10_H0500_I0600_CN080_F1,T180_P10_H0500_I0600_F1,4.0,10.0,10,99.32523616734143,77.53036437246963,-21.794871794871796,0.7805706521739131,99.86504723346829,69.93252361673413,-29.93252361673416,0.7002702702702701
India,T180_P10_H0500_I0600_CN080_F1,T180_P10_H0500_I0600_F1,4.0,20.0,10,99.32523616734143,76.03238866396761,-23.29284750337382,0.7654891304347826,99.86504723346829,67.13900134952766,-32.72604588394063,0.6722972972972973
India,T180_P10_H0500_I0600_CN090_F1,T180_P10_H0500_I0600_F1,2.0,10.0,10,99.32523616734143,94.66936572199731,-4.655870445344121,0.9531250000000001,99.86504723346829,91.97031039136303,-7.89473684210526,0.920945945945946
India,T180_P10_H0500_I0600_CN090_F1,T180_P10_H0500_I0600_F1,2.0,20.0,10,99.32523616734143,93.04993252361673,-6.275303643724698,0.9368206521739131,99.86504723346829,89.56815114709852,-10.29689608636977,0.8968918918918919
India,T180_P10_H0500_I0600_CN090_F1,T180_P10_H0500_I0600_F1,4.0,10.0,10,99.32523616734143,76.46423751686909,-22.86099865047234,0.7698369565217391,99.86504723346829,71.84885290148449,-28.016194331983797,0.7194594594594595
India,T180_P10_H0500_I0600_CN090_F1,T180_P10_H0500_I0600_F1,4.0,20.0,10,99.32523616734143,75.39811066126856,-23.92712550607287,0.7591032608695653,99.86504723346829,68.8663967611336,-30.99865047233469,0.6895945945945946
India,T180_P10_H0500_I0600_CN100_F1,T180_P10_H0500_I0600_F1,2.0,10.0,10,99.32523616734143,95.64102564102564,-3.6842105263157947,0.9629076086956522,99.86504723346829,92.82051282051282,-7.044534412955471,0.9294594594594594
India,T180_P10_H0500_I0600_CN100_F1,T180_P10_H0500_I0600_F1,2.0,20.0,10,99.32523616734143,93.41430499325237,-5.9109311740890575,0.9404891304347828,99.86504723346829,91.05263157894737,-8.812415654520919,0.9117567567567567
India,T180_P10_H0500_I0600_CN100_F1,T180_P10_H0500_I0600_F1,4.0,10.0,10,99.32523616734143,77.04453441295546,-22.280701754385973,0.7756793478260868,99.86504723346829,73.5357624831309,-26.329284750337393,0.7363513513513512
India,T180_P10_H0500_I0600_CN100_F1,T180_P10_H0500_I0600_F1,4.0,20.0,10,99.32523616734143,75.49257759784076,-23.832658569500666,0.760054347826087,99.86504723346829,71.17408906882591,-28.69095816464238,0.7127027027027026
India,T180_P10_H0500_I0800_CN030_F1,T180_P10_H0500_I0800_F1,2.0,10.0,10,100.0,81.9838056680162,-18.016194331983797,0.8198380566801621,100.0,77.00404858299596,-22.995951417004036,0.7700404858299597
India,T180_P10_H0500_I0800_CN030_F1,T180_P10_H0500_I0800_F1,2.0,20.0,10,100.0,79.91902834008098,-20.080971659919015,0.7991902834008099,100.0,75.00674763832659,-24.993252361673413,0.7500674763832659
India,T180_P10_H0500_I0800_CN030_F1,T180_P10_H0500_I0800_F1,4.0,10.0,10,100.0,62.51012145748988,-37.48987854251012,0.6251012145748988,100.0,47.7327935222672,-52.2672064777328,0.47732793522267203
India,T180_P10_H0500_I0800_CN030_F1,T180_P10_H0500_I0800_F1,4.0,20.0,10,100.0,57.665317139001345,-42.334682860998655,0.5766531713900135,100.0,42.064777327935225,-57.935222672064775,0.42064777327935227
India,T180_P10_H0500_I0800_CN040_F1,T180_P10_H0500_I0800_F1,2.0,10.0,10,100.0,86.66666666666666,-13.333333333333343,0.8666666666666666,100.0,83.53576248313091,-16.46423751686909,0.835357624831309
India,T180_P10_H0500_I0800_CN040_F1,T180_P10_H0500_I0800_F1,2.0,20.0,10,100.0,84.8582995951417,-15.141700404858298,0.8485829959514171,100.0,80.05398110661268,-19.94601889338732,0.8005398110661268
India,T180_P10_H0500_I0800_CN040_F1,T180_P10_H0500_I0800_F1,4.0,10.0,10,100.0,68.04318488529015,-31.956815114709855,0.6804318488529014,100.0,56.51821862348178,-43.48178137651822,0.5651821862348178
India,T180_P10_H0500_I0800_CN040_F1,T180_P10_H0500_I0800_F1,4.0,20.0,10,100.0,65.35762483130904,-34.64237516869096,0.6535762483130904,100.0,51.470985155195685,-48.529014844804315,0.5147098515519568
India,T180_P10_H0500_I0800_CN050_F1,T180_P10_H0500_I0800_F1,2.0,10.0,10,100.0,91.52496626180837,-8.475033738191627,0.9152496626180837,100.0,88.69095816464238,-11.309041835357618,0.8869095816464239
India,T180_P10_H0500_I0800_CN050_F1,T180_P10_H0500_I0800_F1,2.0,20.0,10,100.0,89.56815114709852,-10.431848852901481,0.8956815114709852,100.0,86.30229419703105,-13.697705802968954,0.8630229419703105
India,T180_P10_H0500_I0800_CN050_F1,T180_P10_H0500_I0800_F1,4.0,10.0,10,100.0,71.26855600539811,-28.73144399460189,0.7126855600539811,100.0,64.52091767881242,-35.479082321187576,0.6452091767881243
India,T180_P10_H0500_I0800_CN050_F1,T180_P10_H0500_I0800_F1,4.0,20.0,10,100.0,68.86639676113359,-31.133603238866414,0.6886639676113359,100.0,60.040485829959515,-39.959514170040485,0.6004048582995951
India,T180_P10_H0500_I0800_CN060_F1,T180_P10_H0500_I0800_F1,2.0,10.0,10,100.0,95.24966261808366,-4.750337381916339,0.9524966261808366,100.0,92.51012145748989,-7.489878542510112,0.9251012145748989
India,T180_P10_H0500_I0800_CN060_F1,T180_P10_H0500_I0800_F1,2.0,20.0,10,100.0,93.13090418353576,-6.869095816464238,0.9313090418353576,100.0,90.18893387314439,-9.811066126855607,0.901889338731444
India,T180_P10_H0500_I0800_CN060_F1,T180_P10_H0500_I0800_F1,4.0,10.0,10,100.0,73.92712550607288,-26.072874493927117,0.7392712550607289,100.0,68.19163292847504,-31.808367071524955,0.6819163292847504
India,T180_P10_H0500_I0800_CN060_F1,T180_P10_H0500_I0800_F1,4.0,20.0,10,100.0,71.7408906882591,-28.2591093117409,0.717408906882591,100.0,64.88529014844804,-35.114709851551964,0.6488529014844804
India,T180_P10_H0500_I0800_CN070_F1,T180_P10_H0500_I0800_F1,2.0,10.0,10,100.0,99.44669365721998,-0.5533063427800187,0.9944669365721999,100.0,97.01754385964912,-2.9824561403508767,0.9701754385964912
India,T180_P10_H0500_I0800_CN070_F1,T180_P10_H0500_I0800_F1,2.0,20.0,10,100.0,97.47638326585694,-2.5236167341430615,0.9747638326585694,100.0,94.42645074224022,-5.57354925775978,0.9442645074224022
India,T180_P10_H0500_I0800_CN070_F1,T180_P10_H0500_I0800_F1,4.0,10.0,10,100.0,76.54520917678812,-23.45479082321188,0.7654520917678812,100.0,71.17408906882591,-28.825910931174093,0.7117408906882591
India,T180_P10_H0500_I0800_CN070_F1,T180_P10_H0500_I0800_F1,4.0,20.0,10,100.0,74.70985155195682,-25.290148448043183,0.7470985155195682,100.0,68.63697705802969,-31.363022941970314,0.6863697705802969
India,T180_P10_H0500_I0800_CN080_F1,T180_P10_H0500_I0800_F1,2.0,10.0,10,100.0,100.0,0.0,1.0,100.0,99.04183535762483,-0.9581646423751664,0.9904183535762483
India,T180_P10_H0500_I0800_CN080_F1,T180_P10_H0500_I0800_F1,2.0,20.0,10,100.0,99.31174089068826,-0.688259109311744,0.9931174089068826,100.0,96.03238866396762,-3.967611336032377,0.9603238866396763
India,T180_P10_H0500_I0800_CN080_F1,T180_P10_H0500_I0800_F1,4.0,10.0,10,100.0,77.77327935222671,-22.22672064777329,0.7777327935222671,100.0,73.37381916329284,-26.626180836707164,0.7337381916329284
India,T180_P10_H0500_I0800_CN080_F1,T180_P10_H0500_I0800_F1,4.0,20.0,10,100.0,76.34278002699057,-23.657219973009433,0.7634278002699056,100.0,71.56545209176788,-28.43454790823212,0.7156545209176788
India,T180_P10_H0500_I0800_CN090_F1,T180_P10_H0500_I0800_F1,2.0,10.0,10,100.0,100.0,0.0,1.0,100.0,100.0,0.0,1.0
India,T180_P10_H0500_I0800_CN090_F1,T180_P10_H0500_I0800_F1,2.0,20.0,10,100.0,99.95951417004048,-0.04048582995952188,0.9995951417004048,100.0,99.73009446693658,-0.26990553306342235,0.9973009446693658
India,T180_P10_H0500_I0800_CN090_F1,T180_P10_H0500_I0800_F1,4.0,10.0,10,100.0,79.13630229419702,-20.863697705802977,0.7913630229419703,100.0,76.24831309041835,-23.75168690958165,0.7624831309041835
India,T180_P10_H0500_I0800_CN090_F1,T180_P10_H0500_I0800_F1,4.0,20.0,10,100.0,77.80026990553307,-22.19973009446693,0.7780026990553307,100.0,74.37246963562754,-25.62753036437246,0.7437246963562754
India,T180_P10_H0500_I0800_CN100_F1,T180_P10_H0500_I0800_F1,2.0,10.0,10,100.0,100.0,0.0,1.0,100.0,100.0,0.0,1.0
India,T180_P10_H0500_I0800_CN100_F1,T180_P10_H0500_I0800_F1,2.0,20.0,10,100.0,100.0,0.0,1.0,100.0,100.0,0.0,1.0
India,T180_P10_H0500_I0800_CN100_F1,T180_P10_H0500_I0800_F1,4.0,10.0,10,100.0,80.70175438596492,-19.298245614035082,0.8070175438596492,100.0,78.21862348178136,-21.781376518218636,0.7821862348178137
India,T180_P10_H0500_I0800_CN100_F1,T180_P10_H0500_I0800_F1,4.0,20.0,10,100.0,79.00134952766531,-20.99865047233469,0.7900134952766531,100.0,76.77462887989205,-23.22537112010795,0.7677462887989205
India,T180_P10_H0500_I0986_CN030_F1,T180_P10_H0500_I0986_F1,2.0,10.0,10,100.0,80.71524966261809,-19.284750337381908,0.8071524966261809,100.0,77.38191632928476,-22.618083670715237,0.7738191632928476
India,T180_P10_H0500_I0986_CN030_F1,T180_P10_H0500_I0986_F1,2.0,20.0,10,100.0,79.6761133603239,-20.323886639676104,0.796761133603239,100.0,75.27665317139002,-24.723346828609976,0.7527665317139003
India,T180_P10_H0500_I0986_CN030_F1,T180_P10_H0500_I0986_F1,4.0,10.0,10,100.0,60.296896086369784,-39.703103913630216,0.6029689608636979,100.0,44.14304993252362,-55.85695006747638,0.44143049932523615
India,T180_P10_H0500_I0986_CN030_F1,T180_P10_H0500_I0986_F1,4.0,20.0,10,100.0,57.05802968960863,-42.94197031039137,0.5705802968960864,100.0,40.742240215924426,-59.257759784075574,0.40742240215924425
India,T180_P10_H0500_I0986_CN040_F1,T180_P10_H0500_I0986_F1,2.0,10.0,10,100.0,85.2361673414305,-14.763832658569498,0.852361673414305,100.0,82.41565452091768,-17.584345479082316,0.8241565452091768
India,T180_P10_H0500_I0986_CN040_F1,T180_P10_H0500_I0986_F1,2.0,20.0,10,100.0,83.2523616734143,-16.7476383265857,0.832523616734143,100.0,80.44534412955467,-19.55465587044533,0.8044534412955467
India,T180_P10_H0500_I0986_CN040_F1,T180_P10_H0500_I0986_F1,4.0,10.0,10,100.0,66.86909581646424,-33.13090418353576,0.6686909581646424,100.0,53.333333333333336,-46.666666666666664,0.5333333333333333
India,T180_P10_H0500_I0986_CN040_F1,T180_P10_H0500_I0986_F1,4.0,20.0,10,100.0,63.387314439946024,-36.612685560053976,0.6338731443994603,100.0,48.987854251012145,-51.012145748987855,0.4898785425101215
India,T180_P10_H0500_I0986_CN050_F1,T180_P10_H0500_I0986_F1,2.0,10.0,10,100.0,91.37651821862349,-8.623481781376512,0.9137651821862349,100.0,89.19028340080972,-10.809716599190281,0.8919028340080972
India,T180_P10_H0500_I0986_CN050_F1,T180_P10_H0500_I0986_F1,2.0,20.0,10,100.0,88.83940620782725,-11.160593792172747,0.8883940620782725,100.0,86.62618083670716,-13.373819163292836,0.8662618083670717
India,T180_P10_H0500_I0986_CN050_F1,T180_P10_H0500_I0986_F1,4.0,10.0,10,100.0,72.01079622132252,-27.989203778677478,0.7201079622132253,100.0,63.90013495276654,-36.09986504723346,0.6390013495276654
India,T180_P10_H0500_I0986_CN050_F1,T180_P10_H0500_I0986_F1,4.0,20.0,10,100.0,69.12280701754386,-30.877192982456137,0.6912280701754386,100.0,59.40620782726046,-40.59379217273954,0.5940620782726046
India,T180_P10_H0500_I0986_CN060_F1,T180_P10_H0500_I0986_F1,2.0,10.0,10,100.0,95.06072874493927,-4.939271255060731,0.9506072874493927,100.0,91.84885290148449,-8.151147098515509,0.9184885290148449
India,T180_P10_H0500_I0986_CN060_F1,T180_P10_H0500_I0986_F1,2.0,20.0,10,100.0,92.6855600539811,-7.314439946018894,0.9268556005398111,100.0,89.58164642375169,-10.418353576248307,0.8958164642375169
India,T180_P10_H0500_I0986_CN060_F1,T180_P10_H0500_I0986_F1,4.0,10.0,10,100.0,74.2914979757085,-25.708502024291505,0.742914979757085,100.0,67.97570850202428,-32.024291497975724,0.6797570850202428
India,T180_P10_H0500_I0986_CN060_F1,T180_P10_H0500_I0986_F1,4.0,20.0,10,100.0,70.95816464237517,-29.041835357624834,0.7095816464237517,100.0,62.834008097165984,-37.165991902834016,0.6283400809716598
India,T180_P10_H0500_I0986_CN070_F1,T180_P10_H0500_I0986_F1,2.0,10.0,10,100.0,99.2442645074224,-0.7557354925775996,0.992442645074224,100.0,96.81511470985154,-3.1848852901484577,0.9681511470985155
India,T180_P10_H0500_I0986_CN070_F1,T180_P10_H0500_I0986_F1,2.0,20.0,10,100.0,96.04588394062077,-3.9541160593792313,0.9604588394062077,100.0,93.73819163292846,-6.261808367071538,0.9373819163292846
India,T180_P10_H0500_I0986_CN070_F1,T180_P10_H0500_I0986_F1,4.0,10.0,10,100.0,76.7071524966262,-23.292847503373807,0.767071524966262,100.0,72.53711201079622,-27.46288798920378,0.7253711201079622
India,T180_P10_H0500_I0986_CN070_F1,T180_P10_H0500_I0986_F1,4.0,20.0,10,100.0,74.93927125506073,-25.06072874493927,0.7493927125506074,100.0,70.7017543859649,-29.298245614035096,0.707017543859649
India,T180_P10_H0500_I0986_CN080_F1,T180_P10_H0500_I0986_F1,2.0,10.0,10,100.0,100.0,0.0,1.0,100.0,99.78407557354925,-0.21592442645075494,0.9978407557354925
India,T180_P10_H0500_I0986_CN080_F1,T180_P10_H0500_I0986_F1,2.0,20.0,10,100.0,99.60863697705801,-0.391363022941988,0.9960863697705801,100.0,97.13900134952766,-2.8609986504723395,0.9713900134952766
India,T180_P10_H0500_I0986_CN080_F1,T180_P10_H0500_I0986_F1,4.0,10.0,10,100.0,78.00269905533062,-21.997300944669377,0.7800269905533063,100.0,74.91228070175438,-25.087719298245617,0.7491228070175439
India,T180_P10_H0500_I0986_CN080_F1,T180_P10_H0500_I0986_F1,4.0,20.0,10,100.0,76.49122807017542,-23.508771929824576,0.7649122807017542,100.0,73.19838056680162,-26.801619433198383,0.7319838056680161
India,T180_P10_H0500_I0986_CN090_F1,T180_P10_H0500_I0986_F1,2.0,10.0,10,100.0,100.0,0.0,1.0,100.0,100.0,0.0,1.0
India,T180_P10_H0500_I0986_CN090_F1,T180_P10_H0500_I0986_F1,2.0,20.0,10,100.0,99.91902834008097,-0.08097165991902955,0.9991902834008097,100.0,99.4331983805668,-0.5668016194332068,0.9943319838056679
India,T180_P10_H0500_I0986_CN090_F1,T180_P10_H0500_I0986_F1,4.0,10.0,10,100.0,78.85290148448044,-21.14709851551956,0.7885290148448044,100.0,76.11336032388662,-23.886639676113376,0.7611336032388663
India,T180_P10_H0500_I0986_CN090_F1,T180_P10_H0500_I0986_F1,4.0,20.0,10,100.0,77.98920377867746,-22.010796221322536,0.7798920377867746,100.0,74.69635627530366,-25.303643724696343,0.7469635627530365
India,T180_P10_H0500_I0986_CN100_F1,T180_P10_H0500_I0986_F1,2.0,10.0,10,100.0,100.0,0.0,1.0,100.0,100.0,0.0,1.0
India,T180_P10_H0500_I0986_CN100_F1,T180_P10_H0500_I0986_F1,2.0,20.0,10,100.0,100.0,0.0,1.0,100.0,100.0,0.0,1.0
India,T180_P10_H0500_I0986_CN100_F1,T180_P10_H0500_I0986_F1,4.0,10.0,10,100.0,79.67611336032388,-20.323886639676118,0.7967611336032389,100.0,78.75843454790822,-21.241565452091777,0.7875843454790822
India,T180_P10_H0500_I0986_CN100_F1,T180_P10_H0500_I0986_F1,4.0,20.0,10,100.0,78.62348178137651,-21.376518218623488,0.7862348178137651,100.0,77.42240215924426,-22.577597840755743,0.7742240215924425
India,T180_P10_H0800_I0600_CN030_F1,T180_P10_H0800_I0600_F1,2.0,10.0,10,99.19028340080972,96.22132253711202,-2.9689608636977027,0.9700680272108844,82.05128205128204,57.55735492577598,-24.49392712550606,0.7014802631578948
India,T180_P10_H0800_I0600_CN030_F1,T180_P10_H0800_I0600_F1,2.0,20.0,10,99.19028340080972,96.01889338731445,-3.1713900134952695,0.9680272108843538,82.05128205128204,51.44399460188934,-30.607287449392707,0.6269736842105263
India,T180_P10_H0800_I0600_CN030_F1,T180_P10_H0800_I0600_F1,4.0,10.0,10,99.19028340080972,84.54790823211876,-14.642375168690961,0.8523809523809524,82.05128205128204,28.771929824561408,-53.27935222672063,0.35065789473684217
India,T180_P10_H0800_I0600_CN030_F1,T180_P10_H0800_I0600_F1,4.0,20.0,10,99.19028340080972,84.35897435897436,-14.831309041835354,0.8504761904761905,82.05128205128204,22.51012145748988,-59.54116059379216,0.27434210526315794
India,T180_P10_H0800_I0600_CN040_F1,T180_P10_H0800_I0600_F1,2.0,10.0,10,99.32523616734143,96.41025641025642,-2.914979757085007,0.9706521739130436,97.70580296896087,76.49122807017542,-21.214574898785443,0.7828729281767954
India,T180_P10_H0800_I0600_CN040_F1,T180_P10_H0800_I0600_F1,2.0,20.0,10,99.32523616734143,96.3292847503374,-2.9959514170040364,0.9698369565217393,97.70580296896087,73.29284750337382,-24.412955465587046,0.7501381215469614
India,T180_P10_H0800_I0600_CN040_F1,T180_P10_H0800_I0600_F1,4.0,10.0,10,99.32523616734143,85.45209176788123,-13.873144399460202,0.8603260869565216,97.70580296896087,49.51417004048584,-48.19163292847503,0.506767955801105
India,T180_P10_H0800_I0600_CN040_F1,T180_P10_H0800_I0600_F1,4.0,20.0,10,99.32523616734143,84.58839406207827,-14.736842105263165,0.8516304347826086,97.70580296896087,42.32118758434548,-55.38461538461539,0.4331491712707182
India,T180_P10_H0800_I0600_CN050_F1,T180_P10_H0800_I0600_F1,2.0,10.0,10,99.46018893387314,96.41025641025641,-3.0499325236167323,0.9693351424694708,99.59514170040485,82.57759784075573,-17.017543859649123,0.8291327913279133
India,T180_P10_H0800_I0600_CN050_F1,T180_P10_H0800_I0600_F1,2.0,20.0,10,99.46018893387314,95.96491228070174,-3.495276653171402,0.9648575305291722,99.59514170040485,77.12550607287449,-22.469635627530366,0.774390243902439
India,T180_P10_H0800_I0600_CN050_F1,T180_P10_H0800_I0600_F1,4.0,10.0,10,99.46018893387314,85.69500674763832,-13.765182186234824,0.8616010854816825,99.59514170040485,59.97300944669365,-39.6221322537112,0.6021680216802168
India,T180_P10_H0800_I0600_CN050_F1,T180_P10_H0800_I0600_F1,4.0,20.0,10,99.46018893387314,84.46693657219973,-14.993252361673413,0.8492537313432836,99.59514170040485,55.22267206477731,-44.37246963562754,0.554471544715447
India,T180_P10_H0800_I0600_CN060_F1,T180_P10_H0800_I0600_F1,2.0,10.0,10,99.32523616734143,96.59919028340082,-2.726045883940614,0.9725543478260871,99.86504723346829,86.68016194331983,-13.184885290148458,0.8679729729729729
India,T180_P10_H0800_I0600_CN060_F1,T180_P10_H0800_I0600_F1,2.0,20.0,10,99.32523616734143,96.16734143049932,-3.1578947368421098,0.9682065217391304,99.86504723346829,84.46693657219973,-15.39811066126856,0.8458108108108108
India,T180_P10_H0800_I0600_CN060_F1,T180_P10_H0800_I0600_F1,4.0,10.0,10,99.32523616734143,85.97840755735491,-13.346828609986517,0.8656249999999999,99.86504723346829,68.31309041835357,-31.55195681511472,0.684054054054054
India,T180_P10_H0800_I0600_CN060_F1,T180_P10_H0800_I0600_F1,4.0,20.0,10,99.32523616734143,84.65587044534414,-14.669365721997295,0.8523097826086957,99.86504723346829,62.22672064777328,-37.63832658569501,0.623108108108108
India,T180_P10_H0800_I0600_CN070_F1,T180_P10_H0800_I0600_F1,2.0,10.0,10,99.46018893387314,97.51686909581646,-1.9433198380566807,0.9804613297150611,99.86504723346829,89.12280701754386,-10.742240215924426,0.8924324324324324
India,T180_P10_H0800_I0600_CN070_F1,T180_P10_H0800_I0600_F1,2.0,20.0,10,99.46018893387314,96.23481781376518,-3.2253711201079653,0.9675712347354138,99.86504723346829,85.84345479082322,-14.021592442645073,0.8595945945945946
India,T180_P10_H0800_I0600_CN070_F1,T180_P10_H0800_I0600_F1,4.0,10.0,10,99.46018893387314,86.11336032388662,-13.346828609986517,0.8658073270013568,99.86504723346829,68.69095816464237,-31.17408906882592,0.6878378378378377
India,T180_P10_H0800_I0600_CN070_F1,T180_P10_H0800_I0600_F1,4.0,20.0,10,99.46018893387314,83.37381916329284,-16.086369770580305,0.8382632293080053,99.86504723346829,67.77327935222672,-32.091767881241566,0.6786486486486486
India,T180_P10_H0800_I0600_CN080_F1,T180_P10_H0800_I0600_F1,2.0,10.0,10,99.46018893387314,98.27260458839406,-1.187584345479081,0.9880597014925373,99.86504723346829,90.16194331983806,-9.70310391363023,0.9028378378378379
India,T180_P10_H0800_I0600_CN080_F1,T180_P10_H0800_I0600_F1,2.0,20.0,10,99.46018893387314,97.43589743589743,-2.0242914979757103,0.9796472184531886,99.86504723346829,88.05668016194332,-11.80836707152497,0.8817567567567567
India,T180_P10_H0800_I0600_CN080_F1,T180_P10_H0800_I0600_F1,4.0,10.0,10,99.46018893387314,85.10121457489879,-14.35897435897435,0.8556309362279513,99.86504723346829,71.47098515519569,-28.394062078272597,0.7156756756756758
India,T180_P10_H0800_I0600_CN080_F1,T180_P10_H0800_I0600_F1,4.0,20.0,10,99.46018893387314,83.69770580296895,-15.762483130904187,0.8415196743554952,99.86504723346829,69.39271255060729,-30.472334682861003,0.6948648648648649
India,T180_P10_H0800_I0600_CN090_F1,T180_P10_H0800_I0600_F1,2.0,10.0,10,99.46018893387314,98.52901484480432,-0.9311740890688185,0.9906377204884669,99.86504723346829,95.50607287449392,-4.358974358974365,0.9563513513513513
India,T180_P10_H0800_I0600_CN090_F1,T180_P10_H0800_I0600_F1,2.0,20.0,10,99.46018893387314,97.66531713900135,-1.7948717948717956,0.9819538670284939,99.86504723346829,92.48313090418353,-7.381916329284763,0.926081081081081
India,T180_P10_H0800_I0600_CN090_F1,T180_P10_H0800_I0600_F1,4.0,10.0,10,99.46018893387314,85.2901484480432,-14.170040485829944,0.8575305291723204,99.86504723346829,74.91228070175438,-24.952766531713905,0.7501351351351351
India,T180_P10_H0800_I0600_CN090_F1,T180_P10_H0800_I0600_F1,4.0,20.0,10,99.46018893387314,83.87314439946019,-15.587044534412954,0.8432835820895522,99.86504723346829,72.56410256410257,-27.30094466936572,0.7266216216216217
India,T180_P10_H0800_I0600_CN100_F1,T180_P10_H0800_I0600_F1,2.0,10.0,10,99.46018893387314,98.82591093117409,-0.6342780026990482,0.9936227951153325,99.86504723346829,96.693657219973,-3.1713900134952837,0.9682432432432432
India,T180_P10_H0800_I0600_CN100_F1,T180_P10_H0800_I0600_F1,2.0,20.0,10,99.46018893387314,98.21862348178138,-1.2415654520917627,0.987516960651289,99.86504723346829,94.3859649122807,-5.47908232118759,0.945135135135135
India,T180_P10_H0800_I0600_CN100_F1,T180_P10_H0800_I0600_F1,4.0,10.0,10,99.46018893387314,84.7638326585695,-14.696356275303643,0.8522388059701492,99.86504723346829,77.23346828609986,-22.631578947368425,0.7733783783783783
India,T180_P10_H0800_I0600_CN100_F1,T180_P10_H0800_I0600_F1,4.0,20.0,10,99.46018893387314,83.57624831309042,-15.883940620782724,0.8402985074626866,99.86504723346829,75.58704453441297,-24.27800269905532,0.756891891891892
India,T180_P10_H0800_I0800_CN030_F1,T180_P10_H0800_I0800_F1,2.0,10.0,10,100.0,86.76113360323886,-13.23886639676114,0.8676113360323886,99.86504723346829,77.32793522267205,-22.537112010796235,0.7743243243243242
India,T180_P10_H0800_I0800_CN030_F1,T180_P10_H0800_I0800_F1,2.0,20.0,10,100.0,83.99460188933872,-16.005398110661275,0.8399460188933873,99.86504723346829,73.9676113360324,-25.897435897435884,0.7406756756756758
India,T180_P10_H0800_I0800_CN030_F1,T180_P10_H0800_I0800_F1,4.0,10.0,10,100.0,68.29959514170041,-31.700404858299592,0.6829959514170041,99.86504723346829,48.38056680161944,-51.48448043184885,0.4844594594594595
India,T180_P10_H0800_I0800_CN030_F1,T180_P10_H0800_I0800_F1,4.0,20.0,10,100.0,63.80566801619433,-36.19433198380567,0.6380566801619433,99.86504723346829,44.25101214574899,-55.6140350877193,0.4431081081081081
India,T180_P10_H0800_I0800_CN040_F1,T180_P10_H0800_I0800_F1,2.0,10.0,10,100.0,90.25641025641025,-9.743589743589752,0.9025641025641025,100.0,82.91497975708502,-17.08502024291498,0.8291497975708502
India,T180_P10_H0800_I0800_CN040_F1,T180_P10_H0800_I0800_F1,2.0,20.0,10,100.0,88.21862348178138,-11.781376518218622,0.8821862348178138,100.0,80.79622132253711,-19.203778677462893,0.8079622132253711
India,T180_P10_H0800_I0800_CN040_F1,T180_P10_H0800_I0800_F1,4.0,10.0,10,100.0,71.65991902834008,-28.340080971659916,0.7165991902834008,100.0,57.54385964912281,-42.45614035087719,0.5754385964912281
India,T180_P10_H0800_I0800_CN040_F1,T180_P10_H0800_I0800_F1,4.0,20.0,10,100.0,69.3387314439946,-30.661268556005396,0.6933873144399461,100.0,53.76518218623481,-46.23481781376519,0.5376518218623481
India,T180_P10_H0800_I0800_CN050_F1,T180_P10_H0800_I0800_F1,2.0,10.0,10,100.0,96.11336032388665,-3.8866396761133473,0.9611336032388665,100.0,89.13630229419702,-10.863697705802977,0.8913630229419702
India,T180_P10_H0800_I0800_CN050_F1,T180_P10_H0800_I0800_F1,2.0,20.0,10,100.0,92.91497975708504,-7.085020242914965,0.9291497975708504,100.0,85.15519568151147,-14.844804318488528,0.8515519568151148
India,T180_P10_H0800_I0800_CN050_F1,T180_P10_H0800_I0800_F1,4.0,10.0,10,100.0,74.8178137651822,-25.182186234817806,0.748178137651822,100.0,63.99460188933873,-36.00539811066127,0.6399460188933873
India,T180_P10_H0800_I0800_CN050_F1,T180_P10_H0800_I0800_F1,4.0,20.0,10,100.0,73.48178137651823,-26.518218623481772,0.7348178137651823,100.0,60.337381916329285,-39.662618083670715,0.6033738191632928
India,T180_P10_H0800_I0800_CN060_F1,T180_P10_H0800_I0800_F1,2.0,10.0,10,100.0,99.06882591093117,-0.9311740890688327,0.9906882591093117,100.0,92.40215924426452,-7.597840755735476,0.9240215924426453
India,T180_P10_H0800_I0800_CN060_F1,T180_P10_H0800_I0800_F1,2.0,20.0,10,100.0,97.05802968960863,-2.941970310391369,0.9705802968960863,100.0,89.52766531713901,-10.47233468286099,0.8952766531713902
India,T180_P10_H0800_I0800_CN060_F1,T180_P10_H0800_I0800_F1,4.0,10.0,10,100.0,77.71929824561404,-22.28070175438596,0.7771929824561404,100.0,69.19028340080972,-30.80971659919028,0.6919028340080972
India,T180_P10_H0800_I0800_CN060_F1,T180_P10_H0800_I0800_F1,4.0,20.0,10,100.0,76.07287449392712,-23.927125506072883,0.7607287449392711,100.0,65.92442645074225,-34.075573549257754,0.6592442645074225
India,T180_P10_H0800_I0800_CN070_F1,T180_P10_H0800_I0800_F1,2.0,10.0,10,100.0,100.0,0.0,1.0,100.0,97.16599190283401,-2.8340080971659916,0.97165991902834
India,T180_P10_H0800_I0800_CN070_F1,T180_P10_H0800_I0800_F1,2.0,20.0,10,100.0,99.81106612685561,-0.1889338731443928,0.9981106612685561,100.0,93.57624831309042,-6.423751686909583,0.9357624831309042
India,T180_P10_H0800_I0800_CN070_F1,T180_P10_H0800_I0800_F1,4.0,10.0,10,100.0,79.40620782726047,-20.593792172739526,0.7940620782726048,100.0,71.45748987854252,-28.542510121457482,0.7145748987854251
India,T180_P10_H0800_I0800_CN070_F1,T180_P10_H0800_I0800_F1,4.0,20.0,10,100.0,78.0701754385965,-21.929824561403507,0.7807017543859649,100.0,68.65047233468286,-31.34952766531714,0.6865047233468285
India,T180_P10_H0800_I0800_CN080_F1,T180_P10_H0800_I0800_F1,2.0,10.0,10,100.0,100.0,0.0,1.0,100.0,99.97300944669367,-0.02699055330633371,0.9997300944669366
India,T180_P10_H0800_I0800_CN080_F1,T180_P10_H0800_I0800_F1,2.0,20.0,10,100.0,100.0,0.0,1.0,100.0,98.3400809716599,-1.6599190283400986,0.983400809716599
India,T180_P10_H0800_I0800_CN080_F1,T180_P10_H0800_I0800_F1,4.0,10.0,10,100.0,80.7557354925776,-19.2442645074224,0.807557354925776,100.0,75.51956815114711,-24.480431848852888,0.7551956815114711
India,T180_P10_H0800_I0800_CN080_F1,T180_P10_H0800_I0800_F1,4.0,20.0,10,100.0,79.14979757085021,-20.85020242914979,0.7914979757085021,100.0,72.84750337381917,-27.152496626180834,0.7284750337381917
India,T180_P10_H0800_I0800_CN090_F1,T180_P10_H0800_I0800_F1,2.0,10.0,10,100.0,100.0,0.0,1.0,100.0,100.0,0.0,1.0
India,T180_P10_H0800_I0800_CN090_F1,T180_P10_H0800_I0800_F1,2.0,20.0,10,100.0,100.0,0.0,1.0,100.0,99.17678812415654,-0.8232118758434552,0.9917678812415655
India,T180_P10_H0800_I0800_CN090_F1,T180_P10_H0800_I0800_F1,4.0,10.0,10,100.0,82.10526315789473,-17.894736842105274,0.8210526315789473,100.0,76.43724696356277,-23.56275303643723,0.7643724696356277
India,T180_P10_H0800_I0800_CN090_F1,T180_P10_H0800_I0800_F1,4.0,20.0,10,100.0,80.39136302294197,-19.608636977058026,0.8039136302294198,100.0,75.24966261808368,-24.750337381916324,0.7524966261808368
India,T180_P10_H0800_I0800_CN100_F1,T180_P10_H0800_I0800_F1,2.0,10.0,10,100.0,100.0,0.0,1.0,100.0,100.0,0.0,1.0
India,T180_P10_H0800_I0800_CN100_F1,T180_P10_H0800_I0800_F1,2.0,20.0,10,100.0,100.0,0.0,1.0,100.0,100.0,0.0,1.0
India,T180_P10_H0800_I0800_CN100_F1,T180_P10_H0800_I0800_F1,4.0,10.0,10,100.0,83.87314439946019,-16.126855600539812,0.8387314439946019,100.0,80.90418353576248,-19.095816464237515,0.8090418353576249
India,T180_P10_H0800_I0800_CN100_F1,T180_P10_H0800_I0800_F1,4.0,20.0,10,100.0,82.10526315789473,-17.894736842105274,0.8210526315789473,100.0,79.39271255060729,-20.607287449392715,0.7939271255060728
India,T180_P10_H0800_I0986_CN030_F1,T180_P10_H0800_I0986_F1,2.0,10.0,10,100.0,85.81646423751687,-14.183535762483132,0.8581646423751687,100.0,77.96221322537113,-22.03778677462887,0.7796221322537114
India,T180_P10_H0800_I0986_CN030_F1,T180_P10_H0800_I0986_F1,2.0,20.0,10,100.0,84.19703103913629,-15.802968960863709,0.8419703103913629,100.0,75.65452091767881,-24.34547908232119,0.7565452091767881
India,T180_P10_H0800_I0986_CN030_F1,T180_P10_H0800_I0986_F1,4.0,10.0,10,100.0,67.61133603238866,-32.388663967611336,0.6761133603238867,100.0,51.821862348178136,-48.178137651821864,0.5182186234817814
India,T180_P10_H0800_I0986_CN030_F1,T180_P10_H0800_I0986_F1,4.0,20.0,10,100.0,64.58839406207827,-35.411605937921735,0.6458839406207827,100.0,46.96356275303644,-53.03643724696356,0.4696356275303644
India,T180_P10_H0800_I0986_CN040_F1,T180_P10_H0800_I0986_F1,2.0,10.0,10,100.0,90.68825910931173,-9.31174089068827,0.9068825910931173,100.0,82.91497975708502,-17.08502024291498,0.8291497975708502
India,T180_P10_H0800_I0986_CN040_F1,T180_P10_H0800_I0986_F1,2.0,20.0,10,100.0,87.89473684210526,-12.10526315789474,0.8789473684210526,100.0,80.17543859649122,-19.82456140350878,0.8017543859649122
India,T180_P10_H0800_I0986_CN040_F1,T180_P10_H0800_I0986_F1,4.0,10.0,10,100.0,71.16059379217275,-28.839406207827253,0.7116059379217274,100.0,59.379217273954126,-40.620782726045874,0.5937921727395412
India,T180_P10_H0800_I0986_CN040_F1,T180_P10_H0800_I0986_F1,4.0,20.0,10,100.0,68.69095816464237,-31.309041835357633,0.6869095816464237,100.0,54.73684210526316,-45.26315789473684,0.5473684210526316
India,T180_P10_H0800_I0986_CN050_F1,T180_P10_H0800_I0986_F1,2.0,10.0,10,100.0,96.18083670715251,-3.8191632928474917,0.9618083670715251,100.0,90.29689608636977,-9.70310391363023,0.9029689608636977
India,T180_P10_H0800_I0986_CN050_F1,T180_P10_H0800_I0986_F1,2.0,20.0,10,100.0,93.04993252361673,-6.950067476383268,0.9304993252361673,100.0,87.07152496626182,-12.92847503373818,0.8707152496626182
India,T180_P10_H0800_I0986_CN050_F1,T180_P10_H0800_I0986_F1,4.0,10.0,10,100.0,74.64237516869096,-25.35762483130904,0.7464237516869097,100.0,64.88529014844805,-35.11470985155195,0.6488529014844805
India,T180_P10_H0800_I0986_CN050_F1,T180_P10_H0800_I0986_F1,4.0,20.0,10,100.0,72.60458839406208,-27.395411605937923,0.7260458839406208,100.0,62.19973009446694,-37.80026990553306,0.6219973009446694
India,T180_P10_H0800_I0986_CN060_F1,T180_P10_H0800_I0986_F1,2.0,10.0,10,100.0,99.73009446693658,-0.26990553306342235,0.9973009446693658,100.0,92.63157894736842,-7.368421052631575,0.9263157894736842
India,T180_P10_H0800_I0986_CN060_F1,T180_P10_H0800_I0986_F1,2.0,20.0,10,100.0,97.82726045883939,-2.1727395411606096,0.9782726045883939,100.0,89.39271255060727,-10.607287449392729,0.8939271255060727
India,T180_P10_H0800_I0986_CN060_F1,T180_P10_H0800_I0986_F1,4.0,10.0,10,100.0,77.42240215924427,-22.57759784075573,0.7742240215924427,100.0,69.08232118758433,-30.917678812415673,0.6908232118758433
India,T180_P10_H0800_I0986_CN060_F1,T180_P10_H0800_I0986_F1,4.0,20.0,10,100.0,75.8029689608637,-24.197031039136306,0.7580296896086369,100.0,66.20782726045884,-33.79217273954116,0.6620782726045884
India,T180_P10_H0800_I0986_CN070_F1,T180_P10_H0800_I0986_F1,2.0,10.0,10,100.0,100.0,0.0,1.0,100.0,98.75843454790824,-1.2415654520917627,0.9875843454790824
India,T180_P10_H0800_I0986_CN070_F1,T180_P10_H0800_I0986_F1,2.0,20.0,10,100.0,99.64912280701755,-0.3508771929824519,0.9964912280701754,100.0,96.35627530364374,-3.6437246963562586,0.9635627530364375
India,T180_P10_H0800_I0986_CN070_F1,T180_P10_H0800_I0986_F1,4.0,10.0,10,100.0,78.28609986504723,-21.713900134952766,0.7828609986504723,100.0,73.71120107962214,-26.288798920377857,0.7371120107962215
India,T180_P10_H0800_I0986_CN070_F1,T180_P10_H0800_I0986_F1,4.0,20.0,10,100.0,77.4628879892038,-22.537112010796207,0.7746288798920379,100.0,70.9851551956815,-29.0148448043185,0.709851551956815
India,T180_P10_H0800_I0986_CN080_F1,T180_P10_H0800_I0986_F1,2.0,10.0,10,100.0,100.0,0.0,1.0,100.0,100.0,0.0,1.0
India,T180_P10_H0800_I0986_CN080_F1,T180_P10_H0800_I0986_F1,2.0,20.0,10,100.0,100.0,0.0,1.0,100.0,99.74358974358975,-0.2564102564102484,0.9974358974358976
India,T180_P10_H0800_I0986_CN080_F1,T180_P10_H0800_I0986_F1,4.0,10.0,10,100.0,79.55465587044534,-20.445344129554655,0.7955465587044535,100.0,76.11336032388662,-23.886639676113376,0.7611336032388663
India,T180_P10_H0800_I0986_CN080_F1,T180_P10_H0800_I0986_F1,4.0,20.0,10,100.0,77.93522267206478,-22.064777327935218,0.7793522267206479,100.0,73.88663967611338,-26.113360323886624,0.7388663967611337
India,T180_P10_H0800_I0986_CN090_F1,T180_P10_H0800_I0986_F1,2.0,10.0,10,100.0,100.0,0.0,1.0,100.0,100.0,0.0,1.0
India,T180_P10_H0800_I0986_CN090_F1,T180_P10_H0800_I0986_F1,2.0,20.0,10,100.0,100.0,0.0,1.0,100.0,99.94601889338732,-0.05398110661268163,0.9994601889338732
India,T180_P10_H0800_I0986_CN090_F1,T180_P10_H0800_I0986_F1,4.0,10.0,10,100.0,80.66126855600541,-19.33873144399459,0.806612685560054,100.0,76.20782726045886,-23.792172739541144,0.7620782726045886
India,T180_P10_H0800_I0986_CN090_F1,T180_P10_H0800_I0986_F1,4.0,20.0,10,100.0,79.05533063427801,-20.944669365721992,0.7905533063427801,100.0,74.99325236167341,-25.006747638326587,0.7499325236167341
India,T180_P10_H0800_I0986_CN100_F1,T180_P10_H0800_I0986_F1,2.0,10.0,10,100.0,100.0,0.0,1.0,100.0,100.0,0.0,1.0
India,T180_P10_H0800_I0986_CN100_F1,T180_P10_H0800_I0986_F1,2.0,20.0,10,100.0,100.0,0.0,1.0,100.0,100.0,0.0,1.0
India,T180_P10_H0800_I0986_CN100_F1,T180_P10_H0800_I0986_F1,4.0,10.0,10,100.0,82.84750337381917,-17.152496626180834,0.8284750337381916,100.0,81.32253711201079,-18.677462887989208,0.813225371120108
India,T180_P10_H0800_I0986_CN100_F1,T180_P10_H0800_I0986_F1,4.0,20.0,10,100.0,80.82321187584347,-19.17678812415653,0.8082321187584347,100.0,79.47368421052632,-20.526315789473685,0.7947368421052632
India,T180_P10_H1000_I0600_CN030_F1,T180_P10_H1000_I0600_F1,2.0,10.0,10,99.32523616734143,98.28609986504723,-1.039136302294196,0.9895380434782609,81.24156545209176,56.54520917678813,-24.696356275303636,0.6960132890365449
India,T180_P10_H1000_I0600_CN030_F1,T180_P10_H1000_I0600_F1,2.0,20.0,10,99.32523616734143,98.11066126855599,-1.2145748987854432,0.9877717391304346,81.24156545209176,53.19838056680162,-28.043184885290145,0.6548172757475084
India,T180_P10_H1000_I0600_CN030_F1,T180_P10_H1000_I0600_F1,4.0,10.0,10,99.32523616734143,91.02564102564102,-8.299595141700408,0.9164402173913043,81.24156545209176,30.5668016194332,-50.67476383265856,0.3762458471760798
India,T180_P10_H1000_I0600_CN030_F1,T180_P10_H1000_I0600_F1,4.0,20.0,10,99.32523616734143,89.73009446693658,-9.595141700404852,0.9033967391304348,81.24156545209176,26.153846153846153,-55.08771929824561,0.32192691029900333
India,T180_P10_H1000_I0600_CN040_F1,T180_P10_H1000_I0600_F1,2.0,10.0,10,99.32523616734143,98.73144399460189,-0.5937921727395405,0.9940217391304348,93.52226720647774,75.66801619433198,-17.854251012145752,0.8090909090909091
India,T180_P10_H1000_I0600_CN040_F1,T180_P10_H1000_I0600_F1,2.0,20.0,10,99.32523616734143,97.8272604588394,-1.4979757085020253,0.9849184782608695,93.52226720647774,69.44669365721997,-24.07557354925777,0.7425685425685424
India,T180_P10_H1000_I0600_CN040_F1,T180_P10_H1000_I0600_F1,4.0,10.0,10,99.32523616734143,89.89203778677464,-9.433198380566793,0.9050271739130435,93.52226720647774,48.79892037786774,-44.72334682861,0.5217893217893217
India,T180_P10_H1000_I0600_CN040_F1,T180_P10_H1000_I0600_F1,4.0,20.0,10,99.32523616734143,89.28475033738191,-10.040485829959522,0.8989130434782608,93.52226720647774,44.61538461538461,-48.90688259109312,0.477056277056277
India,T180_P10_H1000_I0600_CN050_F1,T180_P10_H1000_I0600_F1,2.0,10.0,10,99.32523616734143,97.82726045883939,-1.4979757085020395,0.9849184782608694,99.59514170040485,80.13495276653171,-19.46018893387314,0.8046070460704607
India,T180_P10_H1000_I0600_CN050_F1,T180_P10_H1000_I0600_F1,2.0,20.0,10,99.32523616734143,97.62483130904182,-1.7004048582996063,0.9828804347826086,99.59514170040485,77.85425101214575,-21.7408906882591,0.7817073170731708
India,T180_P10_H1000_I0600_CN050_F1,T180_P10_H1000_I0600_F1,4.0,10.0,10,99.32523616734143,89.5681511470985,-9.757085020242926,0.901766304347826,99.59514170040485,58.245614035087726,-41.349527665317126,0.5848238482384824
India,T180_P10_H1000_I0600_CN050_F1,T180_P10_H1000_I0600_F1,4.0,20.0,10,99.32523616734143,87.7867746288799,-11.538461538461533,0.8838315217391305,99.59514170040485,57.17948717948718,-42.41565452091767,0.574119241192412
India,T180_P10_H1000_I0600_CN060_F1,T180_P10_H1000_I0600_F1,2.0,10.0,10,99.32523616734143,97.89473684210526,-1.4304993252361697,0.9855978260869565,99.86504723346829,85.89743589743588,-13.967611336032405,0.860135135135135
India,T180_P10_H1000_I0600_CN060_F1,T180_P10_H1000_I0600_F1,2.0,20.0,10,99.32523616734143,97.15249662618085,-2.172739541160581,0.9781250000000001,99.86504723346829,82.91497975708504,-16.950067476383254,0.8302702702702704
India,T180_P10_H1000_I0600_CN060_F1,T180_P10_H1000_I0600_F1,4.0,10.0,10,99.32523616734143,89.04183535762482,-10.28340080971661,0.8964673913043477,99.86504723346829,67.66531713900136,-32.19973009446693,0.6775675675675676
India,T180_P10_H1000_I0600_CN060_F1,T180_P10_H1000_I0600_F1,4.0,20.0,10,99.32523616734143,88.75843454790824,-10.566801619433193,0.8936141304347827,99.86504723346829,63.10391363022942,-36.76113360323887,0.6318918918918919
India,T180_P10_H1000_I0600_CN070_F1,T180_P10_H1000_I0600_F1,2.0,10.0,10,99.32523616734143,98.17813765182186,-1.1470985155195734,0.9884510869565217,99.86504723346829,83.76518218623482,-16.099865047233465,0.8387837837837838
India,T180_P10_H1000_I0600_CN070_F1,T180_P10_H1000_I0600_F1,2.0,20.0,10,99.32523616734143,97.2604588394062,-2.064777327935232,0.979211956521739,99.86504723346829,81.98380566801619,-17.8812415654521,0.8209459459459458
India,T180_P10_H1000_I0600_CN070_F1,T180_P10_H1000_I0600_F1,4.0,10.0,10,99.32523616734143,88.9608636977058,-10.364372469635626,0.8956521739130435,99.86504723346829,68.36707152496626,-31.497975708502025,0.6845945945945946
India,T180_P10_H1000_I0600_CN070_F1,T180_P10_H1000_I0600_F1,4.0,20.0,10,99.32523616734143,87.74628879892039,-11.57894736842104,0.8834239130434783,99.86504723346829,64.70985155195682,-35.15519568151147,0.647972972972973
India,T180_P10_H1000_I0600_CN080_F1,T180_P10_H1000_I0600_F1,2.0,10.0,10,99.32523616734143,99.17678812415654,-0.14844804318488514,0.9985054347826087,100.0,90.0539811066127,-9.946018893387304,0.9005398110661269
India,T180_P10_H1000_I0600_CN080_F1,T180_P10_H1000_I0600_F1,2.0,20.0,10,99.32523616734143,98.47503373819163,-0.8502024291498032,0.9914402173913043,100.0,88.6774628879892,-11.322537112010806,0.8867746288798919
India,T180_P10_H1000_I0600_CN080_F1,T180_P10_H1000_I0600_F1,4.0,10.0,10,99.32523616734143,87.89473684210527,-11.430499325236156,0.8849184782608697,100.0,70.83670715249663,-29.16329284750337,0.7083670715249663
India,T180_P10_H1000_I0600_CN080_F1,T180_P10_H1000_I0600_F1,4.0,20.0,10,99.32523616734143,87.3009446693657,-12.024291497975724,0.8789402173913042,100.0,69.7165991902834,-30.283400809716596,0.697165991902834
India,T180_P10_H1000_I0600_CN090_F1,T180_P10_H1000_I0600_F1,2.0,10.0,10,99.32523616734143,98.62348178137651,-0.701754385964918,0.9929347826086956,100.0,93.42780026990553,-6.572199730094468,0.9342780026990554
India,T180_P10_H1000_I0600_CN090_F1,T180_P10_H1000_I0600_F1,2.0,20.0,10,99.32523616734143,97.90823211875845,-1.4170040485829816,0.9857336956521741,100.0,89.90553306342781,-10.09446693657219,0.8990553306342781
India,T180_P10_H1000_I0600_CN090_F1,T180_P10_H1000_I0600_F1,4.0,10.0,10,99.32523616734143,84.9527665317139,-14.372469635627525,0.8552989130434783,100.0,74.87179487179488,-25.128205128205124,0.7487179487179487
India,T180_P10_H1000_I0600_CN090_F1,T180_P10_H1000_I0600_F1,4.0,20.0,10,99.32523616734143,84.17004048582996,-15.155195681511472,0.8474184782608696,100.0,73.29284750337384,-26.707152496626165,0.7329284750337384
India,T180_P10_H1000_I0600_CN100_F1,T180_P10_H1000_I0600_F1,2.0,10.0,10,99.46018893387314,98.75843454790824,-0.7017543859649038,0.9929443690637721,100.0,97.4493927125506,-2.5506072874493952,0.9744939271255061
India,T180_P10_H1000_I0600_CN100_F1,T180_P10_H1000_I0600_F1,2.0,20.0,10,99.46018893387314,98.02968960863699,-1.4304993252361555,0.9856173677069201,100.0,95.92442645074223,-4.0755735492577685,0.9592442645074223
India,T180_P10_H1000_I0600_CN100_F1,T180_P10_H1000_I0600_F1,4.0,10.0,10,99.46018893387314,85.64102564102564,-13.819163292847506,0.8610583446404342,100.0,77.75978407557355,-22.24021592442645,0.7775978407557355
India,T180_P10_H1000_I0600_CN100_F1,T180_P10_H1000_I0600_F1,4.0,20.0,10,99.46018893387314,84.26450742240215,-15.195681511470994,0.8472184531886023,100.0,76.47773279352226,-23.522267206477736,0.7647773279352227
India,T180_P10_H1000_I0800_CN030_F1,T180_P10_H1000_I0800_F1,2.0,10.0,10,100.0,86.55870445344131,-13.441295546558692,0.865587044534413,97.70580296896087,76.72064777327935,-20.985155195681514,0.785220994475138
India,T180_P10_H1000_I0800_CN030_F1,T180_P10_H1000_I0800_F1,2.0,20.0,10,100.0,83.45479082321188,-16.54520917678812,0.8345479082321188,97.70580296896087,73.52226720647774,-24.18353576248313,0.7524861878453039
India,T180_P10_H1000_I0800_CN030_F1,T180_P10_H1000_I0800_F1,4.0,10.0,10,100.0,68.8663967611336,-31.1336032388664,0.688663967611336,97.70580296896087,49.00134952766531,-48.704453441295556,0.5015193370165745
India,T180_P10_H1000_I0800_CN030_F1,T180_P10_H1000_I0800_F1,4.0,20.0,10,100.0,66.51821862348177,-33.48178137651823,0.6651821862348177,97.70580296896087,45.3306342780027,-52.37516869095817,0.4639502762430939
India,T180_P10_H1000_I0800_CN040_F1,T180_P10_H1000_I0800_F1,2.0,10.0,10,100.0,92.45614035087718,-7.5438596491228225,0.9245614035087718,100.0,82.60458839406208,-17.395411605937923,0.8260458839406207
India,T180_P10_H1000_I0800_CN040_F1,T180_P10_H1000_I0800_F1,2.0,20.0,10,100.0,89.95951417004049,-10.040485829959508,0.8995951417004049,100.0,79.86504723346829,-20.13495276653171,0.7986504723346829
India,T180_P10_H1000_I0800_CN040_F1,T180_P10_H1000_I0800_F1,4.0,10.0,10,100.0,73.53576248313091,-26.46423751686909,0.7353576248313091,100.0,58.6774628879892,-41.3225371120108,0.586774628879892
India,T180_P10_H1000_I0800_CN040_F1,T180_P10_H1000_I0800_F1,4.0,20.0,10,100.0,70.7557354925776,-29.2442645074224,0.707557354925776,100.0,54.6693657219973,-45.3306342780027,0.546693657219973
India,T180_P10_H1000_I0800_CN050_F1,T180_P10_H1000_I0800_F1,2.0,10.0,10,100.0,97.39541160593792,-2.604588394062077,0.9739541160593792,100.0,88.89338731443993,-11.106612685560066,0.8889338731443993
India,T180_P10_H1000_I0800_CN050_F1,T180_P10_H1000_I0800_F1,2.0,20.0,10,100.0,94.54790823211876,-5.452091767881242,0.9454790823211876,100.0,84.93927125506073,-15.060728744939269,0.8493927125506073
India,T180_P10_H1000_I0800_CN050_F1,T180_P10_H1000_I0800_F1,4.0,10.0,10,100.0,76.9365721997301,-23.063427800269906,0.7693657219973009,100.0,65.14170040485831,-34.85829959514169,0.6514170040485832
India,T180_P10_H1000_I0800_CN050_F1,T180_P10_H1000_I0800_F1,4.0,20.0,10,100.0,75.1821862348178,-24.817813765182194,0.751821862348178,100.0,61.47098515519567,-38.52901484480433,0.6147098515519567
India,T180_P10_H1000_I0800_CN060_F1,T180_P10_H1000_I0800_F1,2.0,10.0,10,100.0,99.8110661268556,-0.18893387314440702,0.998110661268556,100.0,93.15789473684211,-6.84210526315789,0.9315789473684211
India,T180_P10_H1000_I0800_CN060_F1,T180_P10_H1000_I0800_F1,2.0,20.0,10,100.0,97.93522267206478,-2.064777327935218,0.9793522267206478,100.0,89.6221322537112,-10.3778677462888,0.896221322537112
India,T180_P10_H1000_I0800_CN060_F1,T180_P10_H1000_I0800_F1,4.0,10.0,10,100.0,78.67746288798921,-21.322537112010792,0.786774628879892,100.0,69.50067476383266,-30.499325236167337,0.6950067476383266
India,T180_P10_H1000_I0800_CN060_F1,T180_P10_H1000_I0800_F1,4.0,20.0,10,100.0,77.57085020242916,-22.429149797570844,0.7757085020242915,100.0,67.39541160593792,-32.60458839406208,0.6739541160593793
India,T180_P10_H1000_I0800_CN070_F1,T180_P10_H1000_I0800_F1,2.0,10.0,10,100.0,100.0,0.0,1.0,100.0,95.33063427800269,-4.669365721997309,0.9533063427800269
India,T180_P10_H1000_I0800_CN070_F1,T180_P10_H1000_I0800_F1,2.0,20.0,10,100.0,99.77058029689609,-0.22941970310391469,0.9977058029689608,100.0,93.25236167341431,-6.747638326585687,0.9325236167341431
India,T180_P10_H1000_I0800_CN070_F1,T180_P10_H1000_I0800_F1,4.0,10.0,10,100.0,80.0944669365722,-19.905533063427796,0.8009446693657221,100.0,72.2672064777328,-27.7327935222672,0.722672064777328
India,T180_P10_H1000_I0800_CN070_F1,T180_P10_H1000_I0800_F1,4.0,20.0,10,100.0,78.75843454790824,-21.241565452091763,0.7875843454790824,100.0,70.29689608636978,-29.703103913630216,0.7029689608636979
India,T180_P10_H1000_I0800_CN080_F1,T180_P10_H1000_I0800_F1,2.0,10.0,10,100.0,100.0,0.0,1.0,100.0,99.68960863697706,-0.31039136302294423,0.9968960863697706
India,T180_P10_H1000_I0800_CN080_F1,T180_P10_H1000_I0800_F1,2.0,20.0,10,100.0,100.0,0.0,1.0,100.0,97.15249662618083,-2.8475033738191655,0.9715249662618084
India,T180_P10_H1000_I0800_CN080_F1,T180_P10_H1000_I0800_F1,4.0,10.0,10,100.0,82.18623481781376,-17.813765182186245,0.8218623481781375,100.0,74.54790823211876,-25.452091767881242,0.7454790823211875
India,T180_P10_H1000_I0800_CN080_F1,T180_P10_H1000_I0800_F1,4.0,20.0,10,100.0,80.64777327935222,-19.352226720647778,0.8064777327935222,100.0,71.94331983805668,-28.05668016194332,0.7194331983805669
India,T180_P10_H1000_I0800_CN090_F1,T180_P10_H1000_I0800_F1,2.0,10.0,10,100.0,100.0,0.0,1.0,100.0,99.98650472334683,-0.01349527665317396,0.9998650472334683
India,T180_P10_H1000_I0800_CN090_F1,T180_P10_H1000_I0800_F1,2.0,20.0,10,100.0,100.0,0.0,1.0,100.0,99.6221322537112,-0.3778677462887998,0.996221322537112
India,T180_P10_H1000_I0800_CN090_F1,T180_P10_H1000_I0800_F1,4.0,10.0,10,100.0,83.09041835357625,-16.909581646423746,0.8309041835357626,100.0,76.66666666666666,-23.333333333333343,0.7666666666666666
India,T180_P10_H1000_I0800_CN090_F1,T180_P10_H1000_I0800_F1,4.0,20.0,10,100.0,81.36302294197031,-18.636977058029686,0.8136302294197031,100.0,76.01889338731444,-23.981106612685565,0.7601889338731443
India,T180_P10_H1000_I0800_CN100_F1,T180_P10_H1000_I0800_F1,2.0,10.0,10,100.0,100.0,0.0,1.0,100.0,100.0,0.0,1.0
India,T180_P10_H1000_I0800_CN100_F1,T180_P10_H1000_I0800_F1,2.0,20.0,10,100.0,100.0,0.0,1.0,100.0,99.98650472334683,-0.01349527665317396,0.9998650472334683
India,T180_P10_H1000_I0800_CN100_F1,T180_P10_H1000_I0800_F1,4.0,10.0,10,100.0,85.41160593792173,-14.588394062078265,0.8541160593792173,100.0,81.97031039136301,-18.029689608636986,0.8197031039136301
India,T180_P10_H1000_I0800_CN100_F1,T180_P10_H1000_I0800_F1,4.0,20.0,10,100.0,83.21187584345479,-16.78812415654521,0.832118758434548,100.0,79.89203778677464,-20.107962213225363,0.7989203778677464
India,T180_P10_H1000_I0986_CN030_F1,T180_P10_H1000_I0986_F1,2.0,10.0,10,100.0,87.03103913630228,-12.968960863697717,0.8703103913630228,99.73009446693656,78.28609986504723,-21.44399460188933,0.784979702300406
India,T180_P10_H1000_I0986_CN030_F1,T180_P10_H1000_I0986_F1,2.0,20.0,10,100.0,84.85829959514169,-15.141700404858312,0.8485829959514168,99.73009446693656,75.97840755735493,-23.751686909581636,0.7618403247631936
India,T180_P10_H1000_I0986_CN030_F1,T180_P10_H1000_I0986_F1,4.0,10.0,10,100.0,68.20512820512822,-31.79487179487178,0.6820512820512822,99.73009446693656,54.08906882591093,-45.641025641025635,0.5423545331529094
India,T180_P10_H1000_I0986_CN030_F1,T180_P10_H1000_I0986_F1,4.0,20.0,10,100.0,65.43859649122807,-34.56140350877193,0.6543859649122807,99.73009446693656,49.932523616734144,-49.79757085020242,0.5006765899864682
India,T180_P10_H1000_I0986_CN040_F1,T180_P10_H1000_I0986_F1,2.0,10.0,10,100.0,92.9689608636977,-7.031039136302297,0.929689608636977,100.0,83.79217273954116,-16.207827260458842,0.8379217273954116
India,T180_P10_H1000_I0986_CN040_F1,T180_P10_H1000_I0986_F1,2.0,20.0,10,100.0,91.09311740890686,-8.906882591093137,0.9109311740890687,100.0,81.34952766531714,-18.65047233468286,0.8134952766531715
India,T180_P10_H1000_I0986_CN040_F1,T180_P10_H1000_I0986_F1,4.0,10.0,10,100.0,73.40080971659918,-26.599190283400816,0.7340080971659918,100.0,60.688259109311744,-39.311740890688256,0.6068825910931175
India,T180_P10_H1000_I0986_CN040_F1,T180_P10_H1000_I0986_F1,4.0,20.0,10,100.0,71.61943319838058,-28.380566801619423,0.7161943319838058,100.0,58.07017543859649,-41.92982456140351,0.5807017543859649
India,T180_P10_H1000_I0986_CN050_F1,T180_P10_H1000_I0986_F1,2.0,10.0,10,100.0,98.56950067476383,-1.4304993252361697,0.9856950067476383,100.0,89.6761133603239,-10.323886639676104,0.896761133603239
India,T180_P10_H1000_I0986_CN050_F1,T180_P10_H1000_I0986_F1,2.0,20.0,10,100.0,95.4251012145749,-4.5748987854251055,0.9542510121457489,100.0,86.63967611336031,-13.36032388663969,0.8663967611336031
India,T180_P10_H1000_I0986_CN050_F1,T180_P10_H1000_I0986_F1,4.0,10.0,10,100.0,76.61268556005398,-23.387314439946024,0.7661268556005397,100.0,65.02024291497976,-34.97975708502024,0.6502024291497976
India,T180_P10_H1000_I0986_CN050_F1,T180_P10_H1000_I0986_F1,4.0,20.0,10,100.0,74.77732793522267,-25.222672064777328,0.7477732793522267,100.0,62.90148448043185,-37.09851551956815,0.6290148448043185
India,T180_P10_H1000_I0986_CN060_F1,T180_P10_H1000_I0986_F1,2.0,10.0,10,100.0,99.98650472334683,-0.01349527665317396,0.9998650472334683,100.0,91.56545209176787,-8.434547908232133,0.9156545209176786
India,T180_P10_H1000_I0986_CN060_F1,T180_P10_H1000_I0986_F1,2.0,20.0,10,100.0,99.12280701754386,-0.8771929824561369,0.9912280701754387,100.0,88.70445344129554,-11.295546558704459,0.8870445344129554
India,T180_P10_H1000_I0986_CN060_F1,T180_P10_H1000_I0986_F1,4.0,10.0,10,100.0,78.25910931174089,-21.740890688259114,0.7825910931174088,100.0,68.9608636977058,-31.039136302294196,0.689608636977058
India,T180_P10_H1000_I0986_CN060_F1,T180_P10_H1000_I0986_F1,4.0,20.0,10,100.0,77.17948717948718,-22.820512820512818,0.7717948717948718,100.0,66.61268556005399,-33.38731443994601,0.6661268556005399
India,T180_P10_H1000_I0986_CN070_F1,T180_P10_H1000_I0986_F1,2.0,10.0,10,100.0,100.0,0.0,1.0,100.0,99.98650472334683,-0.01349527665317396,0.9998650472334683
India,T180_P10_H1000_I0986_CN070_F1,T180_P10_H1000_I0986_F1,2.0,20.0,10,100.0,99.95951417004049,-0.04048582995950767,0.999595141700405,100.0,97.77327935222671,-2.2267206477732913,0.977732793522267
India,T180_P10_H1000_I0986_CN070_F1,T180_P10_H1000_I0986_F1,4.0,10.0,10,100.0,78.85290148448043,-21.147098515519573,0.7885290148448043,100.0,73.23886639676114,-26.76113360323886,0.7323886639676114
India,T180_P10_H1000_I0986_CN070_F1,T180_P10_H1000_I0986_F1,4.0,20.0,10,100.0,78.11066126855602,-21.889338731443985,0.7811066126855601,100.0,71.37651821862347,-28.623481781376526,0.7137651821862347
India,T180_P10_H1000_I0986_CN080_F1,T180_P10_H1000_I0986_F1,2.0,10.0,10,100.0,100.0,0.0,1.0,100.0,100.0,0.0,1.0
India,T180_P10_H1000_I0986_CN080_F1,T180_P10_H1000_I0986_F1,2.0,20.0,10,100.0,100.0,0.0,1.0,100.0,99.8110661268556,-0.18893387314440702,0.998110661268556
India,T180_P10_H1000_I0986_CN080_F1,T180_P10_H1000_I0986_F1,4.0,10.0,10,100.0,81.2280701754386,-18.771929824561397,0.812280701754386,100.0,75.92442645074225,-24.075573549257754,0.7592442645074224
India,T180_P10_H1000_I0986_CN080_F1,T180_P10_H1000_I0986_F1,4.0,20.0,10,100.0,79.59514170040487,-20.404858299595134,0.7959514170040487,100.0,74.27800269905534,-25.721997300944665,0.7427800269905533
India,T180_P10_H1000_I0986_CN090_F1,T180_P10_H1000_I0986_F1,2.0,10.0,10,100.0,100.0,0.0,1.0,100.0,100.0,0.0,1.0
India,T180_P10_H1000_I0986_CN090_F1,T180_P10_H1000_I0986_F1,2.0,20.0,10,100.0,100.0,0.0,1.0,100.0,100.0,0.0,1.0
India,T180_P10_H1000_I0986_CN090_F1,T180_P10_H1000_I0986_F1,4.0,10.0,10,100.0,82.3076923076923,-17.692307692307693,0.823076923076923,100.0,77.94871794871796,-22.051282051282044,0.7794871794871796
India,T180_P10_H1000_I0986_CN090_F1,T180_P10_H1000_I0986_F1,4.0,20.0,10,100.0,80.10796221322536,-19.892037786774637,0.8010796221322536,100.0,76.28879892037787,-23.71120107962213,0.7628879892037788
India,T180_P10_H1000_I0986_CN100_F1,T180_P10_H1000_I0986_F1,2.0,10.0,10,100.0,100.0,0.0,1.0,100.0,100.0,0.0,1.0
India,T180_P10_H1000_I0986_CN100_F1,T180_P10_H1000_I0986_F1,2.0,20.0,10,100.0,100.0,0.0,1.0,100.0,100.0,0.0,1.0
India,T180_P10_H1000_I0986_CN100_F1,T180_P10_H1000_I0986_F1,4.0,10.0,10,100.0,85.2361673414305,-14.763832658569498,0.852361673414305,100.0,83.50877192982458,-16.491228070175424,0.8350877192982458
India,T180_P10_H1000_I0986_CN100_F1,T180_P10_H1000_I0986_F1,4.0,20.0,10,100.0,82.75303643724696,-17.246963562753038,0.8275303643724696,100.0,81.5114709851552,-18.4885290148448,0.815114709851552
