region,case_id,reference_scenario,alternative_scenario,base_id,delta_observation_success_percent,delta_s100_surviving_before_deadline_percent,delta_mean_surviving_coverage_deadline_percent,delta_p100_t100_surviving_min,delta_total_transferred_data_mbits
India,T180_P03_H0500_I0600_CN030_F1,policy_central,policy_peer,T180_P03_H0500_I0600_F1,2.9689608636977027,8.502024291497975,6.621736073193503,-9.269444444444503,55107.0
India,T180_P03_H0500_I0600_CN040_F1,policy_central,policy_peer,T180_P03_H0500_I0600_F1,0.5398110661268589,4.993252361673413,2.894698090741173,-6.436805555567219,47344.5
India,T180_P03_H0500_I0600_CN050_F1,policy_central,policy_peer,T180_P03_H0500_I0600_F1,1.0796221322537036,4.183535762483132,0.5611400751991908,-4.266666666670062,38645.0
India,T180_P03_H0500_I0600_CN060_F1,policy_central,policy_peer,T180_P03_H0500_I0600_F1,0.5398110661268731,0.0,0.0,10.999999999997868,30738.5
India,T180_P03_H0500_I0600_CN070_F1,policy_central,policy_peer,T180_P03_H0500_I0600_F1,0.1349527665317254,0.0,0.0,31.56319444444577,23091.0
India,T180_P03_H0500_I0600_CN080_F1,policy_central,policy_peer,T180_P03_H0500_I0600_F1,0.0,0.0,0.0,22.829861111109352,15380.0
India,T180_P03_H0500_I0600_CN090_F1,policy_central,policy_peer,T180_P03_H0500_I0600_F1,0.0,0.0,0.0,17.30208333333772,7722.5
India,T180_P03_H0500_I0600_CN100_F1,policy_central,policy_peer,T180_P03_H0500_I0600_F1,0.0,0.0,0.0,0.0,0.0
India,T180_P03_H0500_I0800_CN030_F1,policy_central,policy_peer,T180_P03_H0500_I0800_F1,-0.8097165991902813,-0.26990553306343656,-1.928022325375494,7.000000000002387,52232.0
India,T180_P03_H0500_I0800_CN040_F1,policy_central,policy_peer,T180_P03_H0500_I0800_F1,0.26990553306343656,-0.9446693657220067,-3.5589225113240133,4.999999999980105,44847.0
India,T180_P03_H0500_I0800_CN050_F1,policy_central,policy_peer,T180_P03_H0500_I0800_F1,0.9446693657220067,-0.13495276653171118,-0.37407029194694985,0.0,38937.5
India,T180_P03_H0500_I0800_CN060_F1,policy_central,policy_peer,T180_P03_H0500_I0800_F1,1.7543859649122737,-1.6194331983805625,-0.6465946187724114,0.0,31125.5
India,T180_P03_H0500_I0800_CN070_F1,policy_central,policy_peer,T180_P03_H0500_I0800_F1,1.0796221322537178,-1.0796221322537036,-0.5134613093630236,0.0,23348.0
India,T180_P03_H0500_I0800_CN080_F1,policy_central,policy_peer,T180_P03_H0500_I0800_F1,0.9446693657219924,0.40485829959514774,0.16268009902175606,50.779861111077224,15758.0
India,T180_P03_H0500_I0800_CN090_F1,policy_central,policy_peer,T180_P03_H0500_I0800_F1,0.40485829959513353,0.13495276653171118,0.004029008863810191,0.0,7842.0
India,T180_P03_H0500_I0800_CN100_F1,policy_central,policy_peer,T180_P03_H0500_I0800_F1,0.0,0.0,0.0,0.0,0.0
India,T180_P03_H0500_I0986_CN030_F1,policy_central,policy_peer,T180_P03_H0500_I0986_F1,0.0,1.214574898785429,1.1966661634638314,0.0,37141.5
India,T180_P03_H0500_I0986_CN040_F1,policy_central,policy_peer,T180_P03_H0500_I0986_F1,0.0,0.9446693657220067,0.5002758679229373,0.0,32114.0
India,T180_P03_H0500_I0986_CN050_F1,policy_central,policy_peer,T180_P03_H0500_I0986_F1,0.0,0.40485829959514774,0.22586340201428357,-0.08333333333331439,27265.5
India,T180_P03_H0500_I0986_CN060_F1,policy_central,policy_peer,T180_P03_H0500_I0986_F1,0.0,0.5398110661268589,0.14785201664743397,0.0,22105.5
India,T180_P03_H0500_I0986_CN070_F1,policy_central,policy_peer,T180_P03_H0500_I0986_F1,0.0,0.0,0.12326579182399655,-4.565972222265714,16959.0
India,T180_P03_H0500_I0986_CN080_F1,policy_central,policy_peer,T180_P03_H0500_I0986_F1,0.0,0.0,0.15398602155313768,0.0,11532.5
India,T180_P03_H0500_I0986_CN090_F1,policy_central,policy_peer,T180_P03_H0500_I0986_F1,0.0,0.0,-0.05424633621564112,0.0,5695.0
India,T180_P03_H0500_I0986_CN100_F1,policy_central,policy_peer,T180_P03_H0500_I0986_F1,0.0,0.0,0.0,0.0,0.0
India,T180_P03_H0800_I0600_CN030_F1,policy_central,policy_peer,T180_P03_H0800_I0600_F1,2.0242914979757103,11.470985155195677,6.966054972763359,-38.29930555555558,56141.5
India,T180_P03_H0800_I0600_CN040_F1,policy_central,policy_peer,T180_P03_H0800_I0600_F1,1.4844804318488514,8.771929824561397,2.709800705452224,-25.865277777770473,47596.5
India,T180_P03_H0800_I0600_CN050_F1,policy_central,policy_peer,T180_P03_H0800_I0600_F1,0.40485829959514774,4.993252361673413,0.5442774084868347,-21.82986111111137,39254.5
India,T180_P03_H0800_I0600_CN060_F1,policy_central,policy_peer,T180_P03_H0800_I0600_F1,0.13495276653169697,0.0,0.0,-4.961805555556026,31324.5
India,T180_P03_H0800_I0600_CN070_F1,policy_central,policy_peer,T180_P03_H0800_I0600_F1,0.0,0.0,0.0,15.261111111110466,23493.5
India,T180_P03_H0800_I0600_CN080_F1,policy_central,policy_peer,T180_P03_H0800_I0600_F1,0.0,0.0,0.0,11.566666666678344,15659.5
India,T180_P03_H0800_I0600_CN090_F1,policy_central,policy_peer,T180_P03_H0800_I0600_F1,0.0,0.0,0.0,19.997222222235933,7831.5
India,T180_P03_H0800_I0600_CN100_F1,policy_central,policy_peer,T180_P03_H0800_I0600_F1,0.0,0.0,0.0,0.0,0.0
India,T180_P03_H0800_I0800_CN030_F1,policy_central,policy_peer,T180_P03_H0800_I0800_F1,3.3738191632928363,9.311740890688256,2.8717504495983945,-27.43680555555838,56963.5
India,T180_P03_H0800_I0800_CN040_F1,policy_central,policy_peer,T180_P03_H0800_I0800_F1,0.40485829959514774,0.0,0.0,-10.434027777774531,48283.5
India,T180_P03_H0800_I0800_CN050_F1,policy_central,policy_peer,T180_P03_H0800_I0800_F1,0.40485829959513353,0.0,0.0,-3.0000000000210036,40255.0
India,T180_P03_H0800_I0800_CN060_F1,policy_central,policy_peer,T180_P03_H0800_I0800_F1,0.0,0.0,0.0,7.98194444444573,32224.0
India,T180_P03_H0800_I0800_CN070_F1,policy_central,policy_peer,T180_P03_H0800_I0800_F1,0.0,0.0,0.0,2.017361111125524,24164.5
India,T180_P03_H0800_I0800_CN080_F1,policy_central,policy_peer,T180_P03_H0800_I0800_F1,0.0,0.0,0.0,0.8680555555571914,16073.0
India,T180_P03_H0800_I0800_CN090_F1,policy_central,policy_peer,T180_P03_H0800_I0800_F1,0.0,0.0,0.0,-0.3020833333333428,8058.0
India,T180_P03_H0800_I0800_CN100_F1,policy_central,policy_peer,T180_P03_H0800_I0800_F1,0.0,0.0,0.0,0.0,0.0
India,T180_P03_H0800_I0986_CN030_F1,policy_central,policy_peer,T180_P03_H0800_I0986_F1,0.13495276653171118,3.643724696356273,4.924769928918366,-8.395833333299947,48472.5
India,T180_P03_H0800_I0986_CN040_F1,policy_central,policy_peer,T180_P03_H0800_I0986_F1,0.13495276653171118,1.3495276653171402,2.0581894187643,-4.916666666666629,41586.5
India,T180_P03_H0800_I0986_CN050_F1,policy_central,policy_peer,T180_P03_H0800_I0986_F1,0.13495276653170407,1.214574898785429,1.1314759041446507,-4.333333333333314,35011.0
India,T180_P03_H0800_I0986_CN060_F1,policy_central,policy_peer,T180_P03_H0800_I0986_F1,0.13495276653171828,1.889338731443999,0.538968373273093,-3.5972222222177948,28352.5
India,T180_P03_H0800_I0986_CN070_F1,policy_central,policy_peer,T180_P03_H0800_I0986_F1,0.13495276653171828,1.214574898785429,0.4000872098594783,-3.2152777777349115,21602.5
India,T180_P03_H0800_I0986_CN080_F1,policy_central,policy_peer,T180_P03_H0800_I0986_F1,0.0,0.5398110661268589,0.1598024351480518,-5.465277777756171,14533.0
India,T180_P03_H0800_I0986_CN090_F1,policy_central,policy_peer,T180_P03_H0800_I0986_F1,0.13495276653171828,0.40485829959513353,0.01674081167166719,-0.13194444448487275,7300.5
India,T180_P03_H0800_I0986_CN100_F1,policy_central,policy_peer,T180_P03_H0800_I0986_F1,0.0,0.0,0.0,0.0,0.0
India,T180_P03_H1000_I0600_CN030_F1,policy_central,policy_peer,T180_P03_H1000_I0600_F1,2.6990553306342804,12.955465587044543,7.23906832168575,-36.827083333334826,56501.5
India,T180_P03_H1000_I0600_CN040_F1,policy_central,policy_peer,T180_P03_H1000_I0600_F1,0.5398110661268447,10.66126855600541,3.4516671690971776,-22.601388888889858,48079.0
India,T180_P03_H1000_I0600_CN050_F1,policy_central,policy_peer,T180_P03_H1000_I0600_F1,1.214574898785429,5.93792172739542,1.0926021846893974,-25.697916666654123,39802.5
India,T180_P03_H1000_I0600_CN060_F1,policy_central,policy_peer,T180_P03_H1000_I0600_F1,0.1349527665317254,0.5398110661268589,0.025295765877956455,9.999999999997272,31711.0
India,T180_P03_H1000_I0600_CN070_F1,policy_central,policy_peer,T180_P03_H1000_I0600_F1,0.0,0.0,0.0,5.5659722222222,23751.0
India,T180_P03_H1000_I0600_CN080_F1,policy_central,policy_peer,T180_P03_H1000_I0600_F1,0.0,0.0,0.0,31.82986111109679,15822.5
India,T180_P03_H1000_I0600_CN090_F1,policy_central,policy_peer,T180_P03_H1000_I0600_F1,0.0,0.0,0.0,25.46944444443659,7943.0
India,T180_P03_H1000_I0600_CN100_F1,policy_central,policy_peer,T180_P03_H1000_I0600_F1,0.0,0.0,0.0,0.0,0.0
India,T180_P03_H1000_I0800_CN030_F1,policy_central,policy_peer,T180_P03_H1000_I0800_F1,3.778677462887998,9.176788124156545,3.4993254173840853,-20.530555555557356,57534.0
India,T180_P03_H1000_I0800_CN040_F1,policy_central,policy_peer,T180_P03_H1000_I0800_F1,0.1349527665317254,0.1349527665317254,0.004723665564483781,-20.60416666666569,48761.0
India,T180_P03_H1000_I0800_CN050_F1,policy_central,policy_peer,T180_P03_H1000_I0800_F1,0.0,0.0,0.0,-2.3986111111209993,40673.5
India,T180_P03_H1000_I0800_CN060_F1,policy_central,policy_peer,T180_P03_H1000_I0800_F1,0.0,0.0,0.0,11.868055555530333,32524.5
India,T180_P03_H1000_I0800_CN070_F1,policy_central,policy_peer,T180_P03_H1000_I0800_F1,0.0,0.0,0.0,20.99722222222178,24438.0
India,T180_P03_H1000_I0800_CN080_F1,policy_central,policy_peer,T180_P03_H1000_I0800_F1,0.0,0.0,0.0,21.702083333329455,16267.0
India,T180_P03_H1000_I0800_CN090_F1,policy_central,policy_peer,T180_P03_H1000_I0800_F1,0.0,0.0,0.0,10.666666666665947,8144.0
India,T180_P03_H1000_I0800_CN100_F1,policy_central,policy_peer,T180_P03_H1000_I0800_F1,0.0,0.0,0.0,0.0,0.0
India,T180_P03_H1000_I0986_CN030_F1,policy_central,policy_peer,T180_P03_H1000_I0986_F1,0.9446693657219996,5.9379217273954055,6.093005095657446,-20.430555555555486,53170.5
India,T180_P03_H1000_I0986_CN040_F1,policy_central,policy_peer,T180_P03_H1000_I0986_F1,0.9446693657220067,3.778677462887998,3.234048935244701,-4.565972222217738,45426.5
India,T180_P03_H1000_I0986_CN050_F1,policy_central,policy_peer,T180_P03_H1000_I0986_F1,0.6747638326585701,2.564102564102569,1.2885169084319017,3.905555555556191,38069.5
India,T180_P03_H1000_I0986_CN060_F1,policy_central,policy_peer,T180_P03_H1000_I0986_F1,0.40485829959514774,1.6194331983805768,0.45120239419463815,4.867361111110654,30722.5
India,T180_P03_H1000_I0986_CN070_F1,policy_central,policy_peer,T180_P03_H1000_I0986_F1,0.9446693657219924,2.0242914979757245,0.2881568459790316,0.30138888890041926,23359.5
India,T180_P03_H1000_I0986_CN080_F1,policy_central,policy_peer,T180_P03_H1000_I0986_F1,0.26990553306343656,0.40485829959514774,0.06280914293786566,2.697222222221825,15550.0
India,T180_P03_H1000_I0986_CN090_F1,policy_central,policy_peer,T180_P03_H1000_I0986_F1,0.40485829959514774,0.26990553306342235,0.009070294784564226,-0.26388888885921347,7887.0
India,T180_P03_H1000_I0986_CN100_F1,policy_central,policy_peer,T180_P03_H1000_I0986_F1,0.0,0.0,0.0,0.0,0.0
India,T180_P05_H0500_I0600_CN030_F1,policy_central,policy_peer,T180_P05_H0500_I0600_F1,-0.8097165991902955,0.5398110661268589,0.2723311546840961,50.56527777780599,62263.0
India,T180_P05_H0500_I0600_CN040_F1,policy_central,policy_peer,T180_P05_H0500_I0600_F1,-0.6747638326585701,0.26990553306343656,0.02973156642882202,47.768055555562995,53685.0
India,T180_P05_H0500_I0600_CN050_F1,policy_central,policy_peer,T180_P05_H0500_I0600_F1,-2.1592442645074215,0.13495276653171118,0.008994423457451717,64.6597222222363,44642.5
India,T180_P05_H0500_I0600_CN060_F1,policy_central,policy_peer,T180_P05_H0500_I0600_F1,-0.8097165991902813,0.0,0.0,57.30486111111122,35627.5
India,T180_P05_H0500_I0600_CN070_F1,policy_central,policy_peer,T180_P05_H0500_I0600_F1,-0.5398110661268589,0.0,0.0,65.60138888886368,26843.5
India,T180_P05_H0500_I0600_CN080_F1,policy_central,policy_peer,T180_P05_H0500_I0600_F1,-1.3495276653171402,0.0,0.0,45.1493055555149,17851.5
India,T180_P05_H0500_I0600_CN090_F1,policy_central,policy_peer,T180_P05_H0500_I0600_F1,-0.40485829959514774,0.0,0.0,33.35763888889079,8973.0
India,T180_P05_H0500_I0600_CN100_F1,policy_central,policy_peer,T180_P05_H0500_I0600_F1,0.0,0.0,0.0,0.0,0.0
India,T180_P05_H0500_I0800_CN030_F1,policy_central,policy_peer,T180_P05_H0500_I0800_F1,6.612685560053976,4.858299595141702,5.257498090714094,9.03819444444386,59110.5
India,T180_P05_H0500_I0800_CN040_F1,policy_central,policy_peer,T180_P05_H0500_I0800_F1,4.183535762483132,3.9136302294197094,2.9236545593700924,17.035416666666663,50922.5
India,T180_P05_H0500_I0800_CN050_F1,policy_central,policy_peer,T180_P05_H0500_I0800_F1,1.3495276653171402,2.6990553306342804,0.8842598853160553,11.337499999999523,42673.5
India,T180_P05_H0500_I0800_CN060_F1,policy_central,policy_peer,T180_P05_H0500_I0800_F1,0.26990553306343656,0.8097165991902813,0.21802722498021865,6.8680555555557135,33739.0
India,T180_P05_H0500_I0800_CN070_F1,policy_central,policy_peer,T180_P05_H0500_I0800_F1,0.40485829959514774,0.5398110661268589,0.09656091331852679,8.86805555556009,25443.5
India,T180_P05_H0500_I0800_CN080_F1,policy_central,policy_peer,T180_P05_H0500_I0800_F1,0.0,0.0,0.0,8.03819444444403,16816.5
India,T180_P05_H0500_I0800_CN090_F1,policy_central,policy_peer,T180_P05_H0500_I0800_F1,0.0,0.0,0.0,-3.30208333333357,8473.5
India,T180_P05_H0500_I0800_CN100_F1,policy_central,policy_peer,T180_P05_H0500_I0800_F1,0.0,0.0,0.0,0.0,0.0
India,T180_P05_H0500_I0986_CN030_F1,policy_central,policy_peer,T180_P05_H0500_I0986_F1,0.0,2.429149797570858,0.09167261537164961,-52.999999999997044,56173.0
India,T180_P05_H0500_I0986_CN040_F1,policy_central,policy_peer,T180_P05_H0500_I0986_F1,0.0,0.0,0.0311429461226993,-22.697916666674303,48420.5
India,T180_P05_H0500_I0986_CN050_F1,policy_central,policy_peer,T180_P05_H0500_I0986_F1,0.0,0.0,0.0,-7.73611111111569,40272.0
India,T180_P05_H0500_I0986_CN060_F1,policy_central,policy_peer,T180_P05_H0500_I0986_F1,0.0,0.0,0.0,3.1319444444430076,31920.0
India,T180_P05_H0500_I0986_CN070_F1,policy_central,policy_peer,T180_P05_H0500_I0986_F1,0.0,0.0,0.0,-4.829861111103412,24086.0
India,T180_P05_H0500_I0986_CN080_F1,policy_central,policy_peer,T180_P05_H0500_I0986_F1,0.0,0.0,0.0,-1.3020833333362702,15905.5
India,T180_P05_H0500_I0986_CN090_F1,policy_central,policy_peer,T180_P05_H0500_I0986_F1,0.0,0.0,0.0,1.2505552149377763e-12,8098.5
India,T180_P05_H0500_I0986_CN100_F1,policy_central,policy_peer,T180_P05_H0500_I0986_F1,0.0,0.0,0.0,0.0,0.0
India,T180_P05_H0800_I0600_CN030_F1,policy_central,policy_peer,T180_P05_H0800_I0600_F1,2.0242914979757103,0.5398110661268589,0.19259954349699626,47.39513888888797,62468.5
India,T180_P05_H0800_I0600_CN040_F1,policy_central,policy_peer,T180_P05_H0800_I0600_F1,0.6747638326585701,0.40485829959513353,0.11449191962788063,52.43124999998108,54088.0
India,T180_P05_H0800_I0600_CN050_F1,policy_central,policy_peer,T180_P05_H0800_I0600_F1,0.6747638326585559,0.26990553306343656,0.042559823526559626,52.16736111111035,45150.0
India,T180_P05_H0800_I0600_CN060_F1,policy_central,policy_peer,T180_P05_H0800_I0600_F1,1.3495276653171402,0.0,0.0,38.96180555552982,35996.5
India,T180_P05_H0800_I0600_CN070_F1,policy_central,policy_peer,T180_P05_H0800_I0600_F1,1.3495276653171402,0.0,0.0,38.035416666669335,27130.5
India,T180_P05_H0800_I0600_CN080_F1,policy_central,policy_peer,T180_P05_H0800_I0600_F1,-0.26990553306343656,0.0,0.0,36.77430555555284,18048.5
India,T180_P05_H0800_I0600_CN090_F1,policy_central,policy_peer,T180_P05_H0800_I0600_F1,0.9446693657219924,0.0,0.0,12.868750000004866,9034.5
India,T180_P05_H0800_I0600_CN100_F1,policy_central,policy_peer,T180_P05_H0800_I0600_F1,0.0,0.0,0.0,0.0,0.0
India,T180_P05_H0800_I0800_CN030_F1,policy_central,policy_peer,T180_P05_H0800_I0800_F1,1.7543859649122737,2.6990553306342804,0.5169331050338002,-21.697916666623968,60252.5
India,T180_P05_H0800_I0800_CN040_F1,policy_central,policy_peer,T180_P05_H0800_I0800_F1,1.0796221322537178,0.0,0.0,-13.038194444439199,51732.0
India,T180_P05_H0800_I0800_CN050_F1,policy_central,policy_peer,T180_P05_H0800_I0800_F1,0.6747638326585559,0.0,0.0,12.829861111110716,43078.5
India,T180_P05_H0800_I0800_CN060_F1,policy_central,policy_peer,T180_P05_H0800_I0800_F1,0.26990553306343656,0.0,0.0,3.827083333332382,34344.5
India,T180_P05_H0800_I0800_CN070_F1,policy_central,policy_peer,T180_P05_H0800_I0800_F1,0.13495276653171118,0.0,0.0,8.205555555557055,25953.5
India,T180_P05_H0800_I0800_CN080_F1,policy_central,policy_peer,T180_P05_H0800_I0800_F1,0.0,0.0,0.0,29.29930555554982,17146.5
India,T180_P05_H0800_I0800_CN090_F1,policy_central,policy_peer,T180_P05_H0800_I0800_F1,0.0,0.0,0.0,21.733333333346422,8655.0
India,T180_P05_H0800_I0800_CN100_F1,policy_central,policy_peer,T180_P05_H0800_I0800_F1,0.0,0.0,0.0,0.0,0.0
India,T180_P05_H0800_I0986_CN030_F1,policy_central,policy_peer,T180_P05_H0800_I0986_F1,0.0,2.1592442645074215,0.18622082851237565,-66.30208333331154,57280.0
India,T180_P05_H0800_I0986_CN040_F1,policy_central,policy_peer,T180_P05_H0800_I0986_F1,0.0,0.0,0.0,-26.697916666669897,49293.5
India,T180_P05_H0800_I0986_CN050_F1,policy_central,policy_peer,T180_P05_H0800_I0986_F1,0.0,0.0,0.0,-14.000000000004661,41021.5
India,T180_P05_H0800_I0986_CN060_F1,policy_central,policy_peer,T180_P05_H0800_I0986_F1,0.0,0.0,0.0,-7.131944444450028,32577.5
India,T180_P05_H0800_I0986_CN070_F1,policy_central,policy_peer,T180_P05_H0800_I0986_F1,0.0,0.0,0.0,1.263888888868678,24604.0
India,T180_P05_H0800_I0986_CN080_F1,policy_central,policy_peer,T180_P05_H0800_I0986_F1,0.0,0.0,0.0,11.733333333328147,16252.5
India,T180_P05_H0800_I0986_CN090_F1,policy_central,policy_peer,T180_P05_H0800_I0986_F1,0.0,0.0,0.0,20.733333333332794,8353.0
India,T180_P05_H0800_I0986_CN100_F1,policy_central,policy_peer,T180_P05_H0800_I0986_F1,0.0,0.0,0.0,0.0,0.0
India,T180_P05_H1000_I0600_CN030_F1,policy_central,policy_peer,T180_P05_H1000_I0600_F1,2.2941970310391326,0.40485829959514774,0.34678854786710644,21.263888888885816,62497.0
India,T180_P05_H1000_I0600_CN040_F1,policy_central,policy_peer,T180_P05_H1000_I0600_F1,3.778677462887984,0.13495276653169697,0.30950944279140913,46.60138888888474,54129.0
India,T180_P05_H1000_I0600_CN050_F1,policy_central,policy_peer,T180_P05_H1000_I0600_F1,0.5398110661268447,0.13495276653171118,0.09432657737741579,45.52083333333346,45353.5
India,T180_P05_H1000_I0600_CN060_F1,policy_central,policy_peer,T180_P05_H1000_I0600_F1,1.6194331983805625,0.26990553306343656,0.06355932203389614,49.90625000000017,36212.5
India,T180_P05_H1000_I0600_CN070_F1,policy_central,policy_peer,T180_P05_H1000_I0600_F1,-0.26990553306343656,0.0,0.0,36.659722222215805,27257.5
India,T180_P05_H1000_I0600_CN080_F1,policy_central,policy_peer,T180_P05_H1000_I0600_F1,0.8097165991902813,0.0,0.0,41.69791666666595,18089.5
India,T180_P05_H1000_I0600_CN090_F1,policy_central,policy_peer,T180_P05_H1000_I0600_F1,0.0,0.0,0.0,42.56597222221973,9176.0
India,T180_P05_H1000_I0600_CN100_F1,policy_central,policy_peer,T180_P05_H1000_I0600_F1,0.0,0.0,0.0,0.0,0.0
India,T180_P05_H1000_I0800_CN030_F1,policy_central,policy_peer,T180_P05_H1000_I0800_F1,1.8893387314440133,3.103913630229414,0.3376630150085447,-15.43402777779778,60607.0
India,T180_P05_H1000_I0800_CN040_F1,policy_central,policy_peer,T180_P05_H1000_I0800_F1,0.5398110661268447,0.0,0.0,-7.266666666647865,52089.0
India,T180_P05_H1000_I0800_CN050_F1,policy_central,policy_peer,T180_P05_H1000_I0800_F1,0.5398110661268447,0.0,0.0,-1.1347222222730693,43354.5
India,T180_P05_H1000_I0800_CN060_F1,policy_central,policy_peer,T180_P05_H1000_I0800_F1,0.26990553306343656,0.0,0.0,2.4312499999995794,34534.5
India,T180_P05_H1000_I0800_CN070_F1,policy_central,policy_peer,T180_P05_H1000_I0800_F1,0.0,0.0,0.0,10.771527777786702,26085.0
India,T180_P05_H1000_I0800_CN080_F1,policy_central,policy_peer,T180_P05_H1000_I0800_F1,0.0,0.0,0.0,15.129166666653148,17182.0
India,T180_P05_H1000_I0800_CN090_F1,policy_central,policy_peer,T180_P05_H1000_I0800_F1,0.0,0.0,0.0,17.431944444437974,8717.5
India,T180_P05_H1000_I0800_CN100_F1,policy_central,policy_peer,T180_P05_H1000_I0800_F1,0.0,0.0,0.0,0.0,0.0
India,T180_P05_H1000_I0986_CN030_F1,policy_central,policy_peer,T180_P05_H1000_I0986_F1,0.13495276653171118,4.993252361673413,0.608443535331233,-66.6979166666666,57898.5
India,T180_P05_H1000_I0986_CN040_F1,policy_central,policy_peer,T180_P05_H1000_I0986_F1,0.0,0.0,0.0,-16.829861111112734,49778.0
India,T180_P05_H1000_I0986_CN050_F1,policy_central,policy_peer,T180_P05_H1000_I0986_F1,0.0,0.0,0.0,-28.13194444446765,41435.0
India,T180_P05_H1000_I0986_CN060_F1,policy_central,policy_peer,T180_P05_H1000_I0986_F1,0.0,0.0,0.0,-6.434027777798207,32907.5
India,T180_P05_H1000_I0986_CN070_F1,policy_central,policy_peer,T180_P05_H1000_I0986_F1,0.0,0.0,0.0,-0.8680555555557987,24835.0
India,T180_P05_H1000_I0986_CN080_F1,policy_central,policy_peer,T180_P05_H1000_I0986_F1,0.0,0.0,0.0,3.4722222222221433,16398.0
India,T180_P05_H1000_I0986_CN090_F1,policy_central,policy_peer,T180_P05_H1000_I0986_F1,0.0,0.0,0.0,13.73333333333288,8287.0
India,T180_P05_H1000_I0986_CN100_F1,policy_central,policy_peer,T180_P05_H1000_I0986_F1,0.0,0.0,0.0,0.0,0.0
India,T180_P10_H0500_I0600_CN030_F1,policy_central,policy_peer,T180_P10_H0500_I0600_F1,0.26990553306342235,15.249662618083676,1.7103304931169134,-32.266666666673416,59175.0
India,T180_P10_H0500_I0600_CN040_F1,policy_central,policy_peer,T180_P10_H0500_I0600_F1,0.13495276653171118,0.40485829959514774,0.014950295122702073,12.86527777778781,50487.5
India,T180_P10_H0500_I0600_CN050_F1,policy_central,policy_peer,T180_P10_H0500_I0600_F1,0.13495276653171118,0.0,0.0,31.96180555554531,42162.0
India,T180_P10_H0500_I0600_CN060_F1,policy_central,policy_peer,T180_P10_H0500_I0600_F1,0.0,0.0,0.0,36.26388888888397,33614.0
India,T180_P10_H0500_I0600_CN070_F1,policy_central,policy_peer,T180_P10_H0500_I0600_F1,-0.13495276653171118,0.0,0.0,39.54513888882519,25310.0
India,T180_P10_H0500_I0600_CN080_F1,policy_central,policy_peer,T180_P10_H0500_I0600_F1,0.0,0.0,0.0,24.979166666644375,16750.0
India,T180_P10_H0500_I0600_CN090_F1,policy_central,policy_peer,T180_P10_H0500_I0600_F1,0.13495276653171118,0.0,0.0,8.454861111137745,8285.0
India,T180_P10_H0500_I0600_CN100_F1,policy_central,policy_peer,T180_P10_H0500_I0600_F1,0.0,0.0,0.0,0.0,0.0
India,T180_P10_H0500_I0800_CN030_F1,policy_central,policy_peer,T180_P10_H0500_I0800_F1,0.0,0.0,0.0,-39.13472222222245,57883.5
India,T180_P10_H0500_I0800_CN040_F1,policy_central,policy_peer,T180_P10_H0500_I0800_F1,0.0,0.0,0.0,-20.434027777777743,49793.5
India,T180_P10_H0500_I0800_CN050_F1,policy_central,policy_peer,T180_P10_H0500_I0800_F1,0.0,0.0,0.0,-6.076388888931518,41484.0
India,T180_P10_H0500_I0800_CN060_F1,policy_central,policy_peer,T180_P10_H0500_I0800_F1,0.0,0.0,0.0,-3.2638888888826187,33139.5
India,T180_P10_H0500_I0800_CN070_F1,policy_central,policy_peer,T180_P10_H0500_I0800_F1,0.0,0.0,0.0,2.395833333333357,25063.0
India,T180_P10_H0500_I0800_CN080_F1,policy_central,policy_peer,T180_P10_H0500_I0800_F1,0.0,0.0,0.0,4.999999999999787,16453.5
India,T180_P10_H0500_I0800_CN090_F1,policy_central,policy_peer,T180_P10_H0500_I0800_F1,0.0,0.0,0.0,11.563194444446353,8216.0
India,T180_P10_H0500_I0800_CN100_F1,policy_central,policy_peer,T180_P10_H0500_I0800_F1,0.0,0.0,0.0,0.0,0.0
India,T180_P10_H0500_I0986_CN030_F1,policy_central,policy_peer,T180_P10_H0500_I0986_F1,0.0,0.0,0.0,-49.472222222238145,57589.0
India,T180_P10_H0500_I0986_CN040_F1,policy_central,policy_peer,T180_P10_H0500_I0986_F1,0.0,0.0,0.0,-33.00000000001296,49484.5
India,T180_P10_H0500_I0986_CN050_F1,policy_central,policy_peer,T180_P10_H0500_I0986_F1,0.0,0.0,0.0,-2.697916666669073,41265.0
India,T180_P10_H0500_I0986_CN060_F1,policy_central,policy_peer,T180_P10_H0500_I0986_F1,0.0,0.0,0.0,-8.888194444380503,33031.5
India,T180_P10_H0500_I0986_CN070_F1,policy_central,policy_peer,T180_P10_H0500_I0986_F1,0.0,0.0,0.0,-3.8680555555551734,25012.0
India,T180_P10_H0500_I0986_CN080_F1,policy_central,policy_peer,T180_P10_H0500_I0986_F1,0.0,0.0,0.0,2.8652777777773366,16293.5
India,T180_P10_H0500_I0986_CN090_F1,policy_central,policy_peer,T180_P10_H0500_I0986_F1,0.0,0.0,0.0,-2.6979166666593812,8321.5
India,T180_P10_H0500_I0986_CN100_F1,policy_central,policy_peer,T180_P10_H0500_I0986_F1,0.0,0.0,0.0,0.0,0.0
India,T180_P10_H0800_I0600_CN030_F1,policy_central,policy_peer,T180_P10_H0800_I0600_F1,0.26990553306342235,17.54385964912281,1.9591963189789396,-51.60694444448001,59746.5
India,T180_P10_H0800_I0600_CN040_F1,policy_central,policy_peer,T180_P10_H0800_I0600_F1,0.0,2.024291497975696,0.3564559064559205,-49.13194444444483,51239.0
India,T180_P10_H0800_I0600_CN050_F1,policy_central,policy_peer,T180_P10_H0800_I0600_F1,0.13495276653171118,0.26990553306343656,0.05855855855855907,-18.868055555562336,42796.5
India,T180_P10_H0800_I0600_CN060_F1,policy_central,policy_peer,T180_P10_H0800_I0600_F1,0.13495276653171118,0.0,0.0,-2.451388888881411,34060.0
India,T180_P10_H0800_I0600_CN070_F1,policy_central,policy_peer,T180_P10_H0800_I0600_F1,0.0,0.0,0.0,1.7053025658242404e-13,25674.5
India,T180_P10_H0800_I0600_CN080_F1,policy_central,policy_peer,T180_P10_H0800_I0600_F1,0.13495276653171118,0.0,0.0,-0.43680555556275635,16990.5
India,T180_P10_H0800_I0600_CN090_F1,policy_central,policy_peer,T180_P10_H0800_I0600_F1,0.0,0.0,0.0,2.5659722222226264,8450.5
India,T180_P10_H0800_I0600_CN100_F1,policy_central,policy_peer,T180_P10_H0800_I0600_F1,0.0,0.0,0.0,0.0,0.0
India,T180_P10_H0800_I0800_CN030_F1,policy_central,policy_peer,T180_P10_H0800_I0800_F1,0.0,0.13495276653171118,0.005623031938810641,-61.66249999996387,58813.0
India,T180_P10_H0800_I0800_CN040_F1,policy_central,policy_peer,T180_P10_H0800_I0800_F1,0.0,0.0,0.0,-34.395833333323765,50461.0
India,T180_P10_H0800_I0800_CN050_F1,policy_central,policy_peer,T180_P10_H0800_I0800_F1,0.0,0.0,0.0,-5.002777777777027,42188.5
India,T180_P10_H0800_I0800_CN060_F1,policy_central,policy_peer,T180_P10_H0800_I0800_F1,0.0,0.0,0.0,-4.8680555555689295,33730.5
India,T180_P10_H0800_I0800_CN070_F1,policy_central,policy_peer,T180_P10_H0800_I0800_F1,0.0,0.0,0.0,3.7715277777783456,25452.5
India,T180_P10_H0800_I0800_CN080_F1,policy_central,policy_peer,T180_P10_H0800_I0800_F1,0.0,0.0,0.0,7.7916666666089185,16720.5
India,T180_P10_H0800_I0800_CN090_F1,policy_central,policy_peer,T180_P10_H0800_I0800_F1,0.0,0.0,0.0,3.1673611111204707,8283.5
India,T180_P10_H0800_I0800_CN100_F1,policy_central,policy_peer,T180_P10_H0800_I0800_F1,0.0,0.0,0.0,0.0,0.0
India,T180_P10_H0800_I0986_CN030_F1,policy_central,policy_peer,T180_P10_H0800_I0986_F1,0.0,0.0,0.0,-58.964583333330324,58712.0
India,T180_P10_H0800_I0986_CN040_F1,policy_central,policy_peer,T180_P10_H0800_I0986_F1,0.0,0.0,0.0,-28.832638888889363,50234.0
India,T180_P10_H0800_I0986_CN050_F1,policy_central,policy_peer,T180_P10_H0800_I0986_F1,0.0,0.0,0.0,-13.170138888894186,41902.0
India,T180_P10_H0800_I0986_CN060_F1,policy_central,policy_peer,T180_P10_H0800_I0986_F1,0.0,0.0,0.0,-9.434027777724467,33617.5
India,T180_P10_H0800_I0986_CN070_F1,policy_central,policy_peer,T180_P10_H0800_I0986_F1,0.0,0.0,0.0,5.076388888955989,25472.5
India,T180_P10_H0800_I0986_CN080_F1,policy_central,policy_peer,T180_P10_H0800_I0986_F1,0.0,0.0,0.0,10.035416666666904,16712.5
India,T180_P10_H0800_I0986_CN090_F1,policy_central,policy_peer,T180_P10_H0800_I0986_F1,0.0,0.0,0.0,-1.0027777777966236,8272.0
India,T180_P10_H0800_I0986_CN100_F1,policy_central,policy_peer,T180_P10_H0800_I0986_F1,0.0,0.0,0.0,0.0,0.0
India,T180_P10_H1000_I0600_CN030_F1,policy_central,policy_peer,T180_P10_H1000_I0600_F1,0.0,17.948717948717956,2.7278911462761073,-55.83263888888928,60407.5
India,T180_P10_H1000_I0600_CN040_F1,policy_central,policy_peer,T180_P10_H1000_I0600_F1,0.0,6.207827260458828,0.7495046455323404,-16.05902777781418,51732.0
India,T180_P10_H1000_I0600_CN050_F1,policy_central,policy_peer,T180_P10_H1000_I0600_F1,0.0,0.40485829959514774,0.07122507122507216,-15.67708333330529,43163.0
India,T180_P10_H1000_I0600_CN060_F1,policy_central,policy_peer,T180_P10_H1000_I0600_F1,0.0,0.13495276653171118,0.022492127755285196,3.0381944444540636,34364.0
India,T180_P10_H1000_I0600_CN070_F1,policy_central,policy_peer,T180_P10_H1000_I0600_F1,0.0,0.13495276653171118,0.016869095816460344,-15.243055555517941,25981.0
India,T180_P10_H1000_I0600_CN080_F1,policy_central,policy_peer,T180_P10_H1000_I0600_F1,0.13495276653171118,0.0,0.0,0.9763888888702468,17094.5
India,T180_P10_H1000_I0600_CN090_F1,policy_central,policy_peer,T180_P10_H1000_I0600_F1,0.0,0.0,0.0,14.527777777832029,8625.0
India,T180_P10_H1000_I0600_CN100_F1,policy_central,policy_peer,T180_P10_H1000_I0600_F1,0.0,0.0,0.0,0.0,0.0
India,T180_P10_H1000_I0800_CN030_F1,policy_central,policy_peer,T180_P10_H1000_I0800_F1,0.0,2.2941970310391326,0.10240217639353943,-64.99999999999818,59280.0
India,T180_P10_H1000_I0800_CN040_F1,policy_central,policy_peer,T180_P10_H1000_I0800_F1,0.0,0.0,0.0,-33.00000000000546,50929.0
India,T180_P10_H1000_I0800_CN050_F1,policy_central,policy_peer,T180_P10_H1000_I0800_F1,0.0,0.0,0.0,-8.0,42464.5
India,T180_P10_H1000_I0800_CN060_F1,policy_central,policy_peer,T180_P10_H1000_I0800_F1,0.0,0.0,0.0,-7.340277777776606,34018.0
India,T180_P10_H1000_I0800_CN070_F1,policy_central,policy_peer,T180_P10_H1000_I0800_F1,0.0,0.0,0.0,-1.568750000006787,25581.0
India,T180_P10_H1000_I0800_CN080_F1,policy_central,policy_peer,T180_P10_H1000_I0800_F1,0.0,0.0,0.0,5.263888888890378,16821.0
India,T180_P10_H1000_I0800_CN090_F1,policy_central,policy_peer,T180_P10_H1000_I0800_F1,0.0,0.0,0.0,1.8652777777474512,8439.5
India,T180_P10_H1000_I0800_CN100_F1,policy_central,policy_peer,T180_P10_H1000_I0800_F1,0.0,0.0,0.0,0.0,0.0
India,T180_P10_H1000_I0986_CN030_F1,policy_central,policy_peer,T180_P10_H1000_I0986_F1,0.0,0.26990553306343656,0.01200172824887602,-69.43680555555716,59093.5
India,T180_P10_H1000_I0986_CN040_F1,policy_central,policy_peer,T180_P10_H1000_I0986_F1,0.0,0.0,0.0,-34.13472222222504,50731.5
India,T180_P10_H1000_I0986_CN050_F1,policy_central,policy_peer,T180_P10_H1000_I0986_F1,0.0,0.0,0.0,-9.170138888889198,42193.5
India,T180_P10_H1000_I0986_CN060_F1,policy_central,policy_peer,T180_P10_H1000_I0986_F1,0.0,0.0,0.0,-11.038194444504867,33957.5
India,T180_P10_H1000_I0986_CN070_F1,policy_central,policy_peer,T180_P10_H1000_I0986_F1,0.0,0.0,0.0,2.8680555555562677,25537.5
India,T180_P10_H1000_I0986_CN080_F1,policy_central,policy_peer,T180_P10_H1000_I0986_F1,0.0,0.0,0.0,5.9618055555400815,16709.5
India,T180_P10_H1000_I0986_CN090_F1,policy_central,policy_peer,T180_P10_H1000_I0986_F1,0.0,0.0,0.0,0.0,8373.5
India,T180_P10_H1000_I0986_CN100_F1,policy_central,policy_peer,T180_P10_H1000_I0986_F1,0.0,0.0,0.0,0.0,0.0
India,T180_P03_H0500_I0600_CN030_F1,policy_central,policy_hybrid,T180_P03_H0500_I0600_F1,2.8340080971659916,8.502024291497975,6.605686113380003,-9.269444444444503,55135.0
India,T180_P03_H0500_I0600_CN040_F1,policy_central,policy_hybrid,T180_P03_H0500_I0600_F1,0.5398110661268589,5.263157894736835,2.8885116389887457,-6.436805555567219,47348.5
India,T180_P03_H0500_I0600_CN050_F1,policy_central,policy_hybrid,T180_P03_H0500_I0600_F1,1.0796221322537036,4.183535762483132,0.5611400751991908,-4.70069444444988,38645.0
India,T180_P03_H0500_I0600_CN060_F1,policy_central,policy_hybrid,T180_P03_H0500_I0600_F1,0.5398110661268731,0.0,0.0,10.999999999997868,30738.5
India,T180_P03_H0500_I0600_CN070_F1,policy_central,policy_hybrid,T180_P03_H0500_I0600_F1,0.1349527665317254,0.0,0.0,31.56319444444577,23091.0
India,T180_P03_H0500_I0600_CN080_F1,policy_central,policy_hybrid,T180_P03_H0500_I0600_F1,0.0,0.0,0.0,22.829861111109352,15380.0
India,T180_P03_H0500_I0600_CN090_F1,policy_central,policy_hybrid,T180_P03_H0500_I0600_F1,0.0,0.0,0.0,17.30208333333772,7722.5
India,T180_P03_H0500_I0600_CN100_F1,policy_central,policy_hybrid,T180_P03_H0500_I0600_F1,0.0,0.0,0.0,0.0,0.0
India,T180_P03_H0500_I0800_CN030_F1,policy_central,policy_hybrid,T180_P03_H0500_I0800_F1,-0.8097165991902813,-0.26990553306343656,-1.9804648914748526,7.000000000002387,52094.0
India,T180_P03_H0500_I0800_CN040_F1,policy_central,policy_hybrid,T180_P03_H0500_I0800_F1,0.26990553306343656,-0.9446693657220067,-3.580149537337448,4.999999999980105,44847.0
India,T180_P03_H0500_I0800_CN050_F1,policy_central,policy_hybrid,T180_P03_H0500_I0800_F1,0.9446693657220067,-0.13495276653171118,-0.37422439632976534,0.0,38936.5
India,T180_P03_H0500_I0800_CN060_F1,policy_central,policy_hybrid,T180_P03_H0500_I0800_F1,1.6194331983805625,-1.889338731443985,-0.6649675187586013,0.0,31118.5
India,T180_P03_H0500_I0800_CN070_F1,policy_central,policy_hybrid,T180_P03_H0500_I0800_F1,1.0796221322537178,-1.0796221322537036,-0.5173752036878767,0.0,23348.0
India,T180_P03_H0500_I0800_CN080_F1,policy_central,policy_hybrid,T180_P03_H0500_I0800_F1,0.9446693657219924,0.40485829959514774,0.16268009902175606,50.779861111077224,15758.0
India,T180_P03_H0500_I0800_CN090_F1,policy_central,policy_hybrid,T180_P03_H0500_I0800_F1,0.40485829959513353,0.13495276653171118,0.004029008863810191,0.0,7842.0
India,T180_P03_H0500_I0800_CN100_F1,policy_central,policy_hybrid,T180_P03_H0500_I0800_F1,0.0,0.0,0.0,0.0,0.0
India,T180_P03_H0500_I0986_CN030_F1,policy_central,policy_hybrid,T180_P03_H0500_I0986_F1,0.0,1.214574898785429,1.200548151041474,0.0,37133.5
India,T180_P03_H0500_I0986_CN040_F1,policy_central,policy_hybrid,T180_P03_H0500_I0986_F1,0.0,0.9446693657220067,0.5002758679229373,0.0,32103.0
India,T180_P03_H0500_I0986_CN050_F1,policy_central,policy_hybrid,T180_P03_H0500_I0986_F1,0.0,0.40485829959514774,0.22974538959192614,-0.08333333333331439,27270.5
India,T180_P03_H0500_I0986_CN060_F1,policy_central,policy_hybrid,T180_P03_H0500_I0986_F1,0.0,0.5398110661268589,0.155508158814456,0.0,22111.5
India,T180_P03_H0500_I0986_CN070_F1,policy_central,policy_hybrid,T180_P03_H0500_I0986_F1,0.0,0.0,0.12326579182398234,-4.565972222265714,16961.0
India,T180_P03_H0500_I0986_CN080_F1,policy_central,policy_hybrid,T180_P03_H0500_I0986_F1,0.0,0.0,0.15398602155313768,0.0,11536.5
India,T180_P03_H0500_I0986_CN090_F1,policy_central,policy_hybrid,T180_P03_H0500_I0986_F1,0.0,0.0,-0.05424633621564112,0.0,5695.0
India,T180_P03_H0500_I0986_CN100_F1,policy_central,policy_hybrid,T180_P03_H0500_I0986_F1,0.0,0.0,0.0,0.0,0.0
India,T180_P03_H0800_I0600_CN030_F1,policy_central,policy_hybrid,T180_P03_H0800_I0600_F1,2.2941970310391326,11.470985155195677,6.977579217164319,-38.29930555555558,56123.5
India,T180_P03_H0800_I0600_CN040_F1,policy_central,policy_hybrid,T180_P03_H0800_I0600_F1,1.4844804318488514,8.771929824561397,2.709800705452224,-25.865277777770473,47592.5
India,T180_P03_H0800_I0600_CN050_F1,policy_central,policy_hybrid,T180_P03_H0800_I0600_F1,0.40485829959514774,4.993252361673413,0.5442774084868347,-21.56597222222257,39254.5
India,T180_P03_H0800_I0600_CN060_F1,policy_central,policy_hybrid,T180_P03_H0800_I0600_F1,0.13495276653169697,0.0,0.0,-4.000000000001819,31324.5
India,T180_P03_H0800_I0600_CN070_F1,policy_central,policy_hybrid,T180_P03_H0800_I0600_F1,0.0,0.0,0.0,15.695138888888323,23493.5
India,T180_P03_H0800_I0600_CN080_F1,policy_central,policy_hybrid,T180_P03_H0800_I0600_F1,0.0,0.0,0.0,11.566666666678344,15659.5
India,T180_P03_H0800_I0600_CN090_F1,policy_central,policy_hybrid,T180_P03_H0800_I0600_F1,0.0,0.0,0.0,19.997222222235933,7831.5
India,T180_P03_H0800_I0600_CN100_F1,policy_central,policy_hybrid,T180_P03_H0800_I0600_F1,0.0,0.0,0.0,0.0,0.0
India,T180_P03_H0800_I0800_CN030_F1,policy_central,policy_hybrid,T180_P03_H0800_I0800_F1,3.3738191632928363,9.311740890688256,2.8717504495983945,-28.56875000000278,56965.5
India,T180_P03_H0800_I0800_CN040_F1,policy_central,policy_hybrid,T180_P03_H0800_I0800_F1,0.40485829959514774,0.0,0.0,-10.434027777774531,48283.5
India,T180_P03_H0800_I0800_CN050_F1,policy_central,policy_hybrid,T180_P03_H0800_I0800_F1,0.40485829959513353,0.0,0.0,-3.0000000000210036,40255.0
India,T180_P03_H0800_I0800_CN060_F1,policy_central,policy_hybrid,T180_P03_H0800_I0800_F1,0.0,0.0,0.0,7.98194444444573,32224.0
India,T180_P03_H0800_I0800_CN070_F1,policy_central,policy_hybrid,T180_P03_H0800_I0800_F1,0.0,0.0,0.0,2.017361111125524,24164.5
India,T180_P03_H0800_I0800_CN080_F1,policy_central,policy_hybrid,T180_P03_H0800_I0800_F1,0.0,0.0,0.0,0.8680555555571914,16073.0
India,T180_P03_H0800_I0800_CN090_F1,policy_central,policy_hybrid,T180_P03_H0800_I0800_F1,0.0,0.0,0.0,-0.3020833333333428,8058.0
India,T180_P03_H0800_I0800_CN100_F1,policy_central,policy_hybrid,T180_P03_H0800_I0800_F1,0.0,0.0,0.0,0.0,0.0
India,T180_P03_H0800_I0986_CN030_F1,policy_central,policy_hybrid,T180_P03_H0800_I0986_F1,0.13495276653171118,3.643724696356273,4.9665063204446795,-8.395833333299947,48397.5
India,T180_P03_H0800_I0986_CN040_F1,policy_central,policy_hybrid,T180_P03_H0800_I0986_F1,0.13495276653171118,1.3495276653171402,2.095574935741652,-4.916666666666629,41533.5
India,T180_P03_H0800_I0986_CN050_F1,policy_central,policy_hybrid,T180_P03_H0800_I0986_F1,0.13495276653170407,1.214574898785429,1.1522273621080785,-4.333333333333314,34954.0
India,T180_P03_H0800_I0986_CN060_F1,policy_central,policy_hybrid,T180_P03_H0800_I0986_F1,0.13495276653171828,1.889338731443999,0.5679648203367407,-3.5972222222177948,28317.5
India,T180_P03_H0800_I0986_CN070_F1,policy_central,policy_hybrid,T180_P03_H0800_I0986_F1,0.13495276653171828,1.214574898785429,0.3959643485937647,-3.0833333333333144,21578.5
India,T180_P03_H0800_I0986_CN080_F1,policy_central,policy_hybrid,T180_P03_H0800_I0986_F1,0.0,0.5398110661268589,0.1598024351480518,-5.465277777756171,14517.0
India,T180_P03_H0800_I0986_CN090_F1,policy_central,policy_hybrid,T180_P03_H0800_I0986_F1,0.13495276653171828,0.40485829959513353,0.01674081167166719,-0.13194444448487275,7288.5
India,T180_P03_H0800_I0986_CN100_F1,policy_central,policy_hybrid,T180_P03_H0800_I0986_F1,0.0,0.0,0.0,0.0,0.0
India,T180_P03_H1000_I0600_CN030_F1,policy_central,policy_hybrid,T180_P03_H1000_I0600_F1,2.6990553306342804,12.955465587044543,7.2114408323338495,-36.827083333334826,56475.5
India,T180_P03_H1000_I0600_CN040_F1,policy_central,policy_hybrid,T180_P03_H1000_I0600_F1,0.5398110661268447,10.66126855600541,3.4516671690971776,-22.601388888889858,48076.0
India,T180_P03_H1000_I0600_CN050_F1,policy_central,policy_hybrid,T180_P03_H1000_I0600_F1,1.214574898785429,5.93792172739542,1.0926021846893974,-25.697916666654123,39801.5
India,T180_P03_H1000_I0600_CN060_F1,policy_central,policy_hybrid,T180_P03_H1000_I0600_F1,0.1349527665317254,0.5398110661268589,0.025295765877956455,9.999999999997272,31711.0
India,T180_P03_H1000_I0600_CN070_F1,policy_central,policy_hybrid,T180_P03_H1000_I0600_F1,0.0,0.0,0.0,6.0,23751.0
India,T180_P03_H1000_I0600_CN080_F1,policy_central,policy_hybrid,T180_P03_H1000_I0600_F1,0.0,0.0,0.0,31.82986111109679,15822.5
India,T180_P03_H1000_I0600_CN090_F1,policy_central,policy_hybrid,T180_P03_H1000_I0600_F1,0.0,0.0,0.0,25.46944444443659,7943.0
India,T180_P03_H1000_I0600_CN100_F1,policy_central,policy_hybrid,T180_P03_H1000_I0600_F1,0.0,0.0,0.0,0.0,0.0
India,T180_P03_H1000_I0800_CN030_F1,policy_central,policy_hybrid,T180_P03_H1000_I0800_F1,3.778677462887998,9.176788124156545,3.4993254173840853,-20.530555555557356,57519.0
India,T180_P03_H1000_I0800_CN040_F1,policy_central,policy_hybrid,T180_P03_H1000_I0800_F1,0.1349527665317254,0.1349527665317254,0.004723665564483781,-20.60416666666569,48757.0
India,T180_P03_H1000_I0800_CN050_F1,policy_central,policy_hybrid,T180_P03_H1000_I0800_F1,0.0,0.0,0.0,-2.3986111111209993,40673.5
India,T180_P03_H1000_I0800_CN060_F1,policy_central,policy_hybrid,T180_P03_H1000_I0800_F1,0.0,0.0,0.0,11.868055555530333,32524.5
India,T180_P03_H1000_I0800_CN070_F1,policy_central,policy_hybrid,T180_P03_H1000_I0800_F1,0.0,0.0,0.0,20.99722222222178,24438.0
India,T180_P03_H1000_I0800_CN080_F1,policy_central,policy_hybrid,T180_P03_H1000_I0800_F1,0.0,0.0,0.0,21.702083333329455,16267.0
India,T180_P03_H1000_I0800_CN090_F1,policy_central,policy_hybrid,T180_P03_H1000_I0800_F1,0.0,0.0,0.0,11.100694444443803,8144.0
India,T180_P03_H1000_I0800_CN100_F1,policy_central,policy_hybrid,T180_P03_H1000_I0800_F1,0.0,0.0,0.0,0.0,0.0
India,T180_P03_H1000_I0986_CN030_F1,policy_central,policy_hybrid,T180_P03_H1000_I0986_F1,0.9446693657219996,5.9379217273954055,6.140605025169805,-20.430555555555486,53106.5
India,T180_P03_H1000_I0986_CN040_F1,policy_central,policy_hybrid,T180_P03_H1000_I0986_F1,0.9446693657220067,3.778677462887998,3.2645057416231538,-4.565972222217738,45350.5
India,T180_P03_H1000_I0986_CN050_F1,policy_central,policy_hybrid,T180_P03_H1000_I0986_F1,0.6747638326585701,2.564102564102569,1.2885169084319017,4.339583333334076,38006.5
India,T180_P03_H1000_I0986_CN060_F1,policy_central,policy_hybrid,T180_P03_H1000_I0986_F1,0.40485829959514774,1.6194331983805768,0.4514858409066562,4.867361111110654,30705.5
India,T180_P03_H1000_I0986_CN070_F1,policy_central,policy_hybrid,T180_P03_H1000_I0986_F1,0.9446693657219924,2.0242914979757245,0.2881568459790316,0.30138888890041926,23349.5
India,T180_P03_H1000_I0986_CN080_F1,policy_central,policy_hybrid,T180_P03_H1000_I0986_F1,0.26990553306343656,0.40485829959514774,0.06280914293786566,2.697222222221825,15549.0
India,T180_P03_H1000_I0986_CN090_F1,policy_central,policy_hybrid,T180_P03_H1000_I0986_F1,0.40485829959514774,0.26990553306342235,0.009070294784564226,-0.26388888885921347,7888.0
India,T180_P03_H1000_I0986_CN100_F1,policy_central,policy_hybrid,T180_P03_H1000_I0986_F1,0.0,0.0,0.0,0.0,0.0
India,T180_P05_H0500_I0600_CN030_F1,policy_central,policy_hybrid,T180_P05_H0500_I0600_F1,-0.8097165991902955,0.5398110661268589,0.2723311546840961,50.30138888888965,62327.0
India,T180_P05_H0500_I0600_CN040_F1,policy_central,policy_hybrid,T180_P05_H0500_I0600_F1,-0.6747638326585701,0.26990553306343656,0.02973156642882202,47.768055555562995,53685.0
India,T180_P05_H0500_I0600_CN050_F1,policy_central,policy_hybrid,T180_P05_H0500_I0600_F1,-2.1592442645074215,0.13495276653171118,0.008994423457451717,65.09375000002012,44642.5
India,T180_P05_H0500_I0600_CN060_F1,policy_central,policy_hybrid,T180_P05_H0500_I0600_F1,-0.8097165991902813,0.0,0.0,57.30486111111122,35627.5
India,T180_P05_H0500_I0600_CN070_F1,policy_central,policy_hybrid,T180_P05_H0500_I0600_F1,-0.5398110661268589,0.0,0.0,64.73333333330658,26845.0
India,T180_P05_H0500_I0600_CN080_F1,policy_central,policy_hybrid,T180_P05_H0500_I0600_F1,-1.3495276653171402,0.0,0.0,45.1493055555149,17851.5
India,T180_P05_H0500_I0600_CN090_F1,policy_central,policy_hybrid,T180_P05_H0500_I0600_F1,-0.40485829959514774,0.0,0.0,33.35763888889079,8973.0
India,T180_P05_H0500_I0600_CN100_F1,policy_central,policy_hybrid,T180_P05_H0500_I0600_F1,0.0,0.0,0.0,0.0,0.0
India,T180_P05_H0500_I0800_CN030_F1,policy_central,policy_hybrid,T180_P05_H0500_I0800_F1,6.612685560053976,4.858299595141702,5.25192268468102,9.03819444444386,59110.5
India,T180_P05_H0500_I0800_CN040_F1,policy_central,policy_hybrid,T180_P05_H0500_I0800_F1,4.048582995951421,3.9136302294197094,2.886540741231812,17.035416666668112,50910.5
India,T180_P05_H0500_I0800_CN050_F1,policy_central,policy_hybrid,T180_P05_H0500_I0800_F1,1.3495276653171402,2.429149797570844,0.8781892675573317,11.337499999999523,42669.5
India,T180_P05_H0500_I0800_CN060_F1,policy_central,policy_hybrid,T180_P05_H0500_I0800_F1,0.26990553306343656,0.8097165991902813,0.2234253356414797,6.8680555555557135,33740.0
India,T180_P05_H0500_I0800_CN070_F1,policy_central,policy_hybrid,T180_P05_H0500_I0800_F1,0.40485829959514774,0.5398110661268589,0.09656091331852679,8.86805555556009,25443.5
India,T180_P05_H0500_I0800_CN080_F1,policy_central,policy_hybrid,T180_P05_H0500_I0800_F1,0.0,0.0,0.0,8.03819444444403,16816.5
India,T180_P05_H0500_I0800_CN090_F1,policy_central,policy_hybrid,T180_P05_H0500_I0800_F1,0.0,0.0,0.0,-3.30208333333357,8473.5
India,T180_P05_H0500_I0800_CN100_F1,policy_central,policy_hybrid,T180_P05_H0500_I0800_F1,0.0,0.0,0.0,0.0,0.0
India,T180_P05_H0500_I0986_CN030_F1,policy_central,policy_hybrid,T180_P05_H0500_I0986_F1,0.0,2.429149797570858,0.09167261537164961,-53.52777777777186,56173.0
India,T180_P05_H0500_I0986_CN040_F1,policy_central,policy_hybrid,T180_P05_H0500_I0986_F1,0.0,0.0,0.0311429461226993,-22.697916666674303,48420.5
India,T180_P05_H0500_I0986_CN050_F1,policy_central,policy_hybrid,T180_P05_H0500_I0986_F1,0.0,0.0,0.0,-8.000000000014353,40272.0
India,T180_P05_H0500_I0986_CN060_F1,policy_central,policy_hybrid,T180_P05_H0500_I0986_F1,0.0,0.0,0.0,3.9999999999985505,31920.0
India,T180_P05_H0500_I0986_CN070_F1,policy_central,policy_hybrid,T180_P05_H0500_I0986_F1,0.0,0.0,0.0,-3.829861111085961,24086.0
India,T180_P05_H0500_I0986_CN080_F1,policy_central,policy_hybrid,T180_P05_H0500_I0986_F1,0.0,0.0,0.0,0.0,15905.5
India,T180_P05_H0500_I0986_CN090_F1,policy_central,policy_hybrid,T180_P05_H0500_I0986_F1,0.0,0.0,0.0,1.2505552149377763e-12,8098.5
India,T180_P05_H0500_I0986_CN100_F1,policy_central,policy_hybrid,T180_P05_H0500_I0986_F1,0.0,0.0,0.0,0.0,0.0
India,T180_P05_H0800_I0600_CN030_F1,policy_central,policy_hybrid,T180_P05_H0800_I0600_F1,2.0242914979757103,0.5398110661268589,0.19259954349699626,47.39513888888797,62457.5
India,T180_P05_H0800_I0600_CN040_F1,policy_central,policy_hybrid,T180_P05_H0800_I0600_F1,0.6747638326585701,0.40485829959513353,0.11449191962788063,52.43124999998108,54087.0
India,T180_P05_H0800_I0600_CN050_F1,policy_central,policy_hybrid,T180_P05_H0800_I0600_F1,0.6747638326585559,0.26990553306343656,0.042559823526559626,52.16736111111035,45150.0
India,T180_P05_H0800_I0600_CN060_F1,policy_central,policy_hybrid,T180_P05_H0800_I0600_F1,1.3495276653171402,0.0,0.0,38.96180555552982,35996.5
India,T180_P05_H0800_I0600_CN070_F1,policy_central,policy_hybrid,T180_P05_H0800_I0600_F1,1.3495276653171402,0.0,0.0,40.63958333334742,27130.5
India,T180_P05_H0800_I0600_CN080_F1,policy_central,policy_hybrid,T180_P05_H0800_I0600_F1,-0.26990553306343656,0.0,0.0,36.77430555555284,18048.5
India,T180_P05_H0800_I0600_CN090_F1,policy_central,policy_hybrid,T180_P05_H0800_I0600_F1,0.9446693657219924,0.0,0.0,15.47291666668292,9034.5
India,T180_P05_H0800_I0600_CN100_F1,policy_central,policy_hybrid,T180_P05_H0800_I0600_F1,0.0,0.0,0.0,0.0,0.0
India,T180_P05_H0800_I0800_CN030_F1,policy_central,policy_hybrid,T180_P05_H0800_I0800_F1,1.7543859649122737,2.6990553306342804,0.5169331050338002,-21.697916666623968,60252.5
India,T180_P05_H0800_I0800_CN040_F1,policy_central,policy_hybrid,T180_P05_H0800_I0800_F1,1.0796221322537178,0.0,0.0,-7.3048611111225625,51732.0
India,T180_P05_H0800_I0800_CN050_F1,policy_central,policy_hybrid,T180_P05_H0800_I0800_F1,0.6747638326585559,0.0,0.0,12.829861111110716,43078.5
India,T180_P05_H0800_I0800_CN060_F1,policy_central,policy_hybrid,T180_P05_H0800_I0800_F1,0.26990553306343656,0.0,0.0,3.827083333332382,34344.5
India,T180_P05_H0800_I0800_CN070_F1,policy_central,policy_hybrid,T180_P05_H0800_I0800_F1,0.13495276653171118,0.0,0.0,8.205555555557055,25953.5
India,T180_P05_H0800_I0800_CN080_F1,policy_central,policy_hybrid,T180_P05_H0800_I0800_F1,0.0,0.0,0.0,29.29930555554982,17146.5
India,T180_P05_H0800_I0800_CN090_F1,policy_central,policy_hybrid,T180_P05_H0800_I0800_F1,0.0,0.0,0.0,21.733333333346422,8655.0
India,T180_P05_H0800_I0800_CN100_F1,policy_central,policy_hybrid,T180_P05_H0800_I0800_F1,0.0,0.0,0.0,0.0,0.0
India,T180_P05_H0800_I0986_CN030_F1,policy_central,policy_hybrid,T180_P05_H0800_I0986_F1,0.0,2.1592442645074215,0.18622082851237565,-64.99999999996726,57278.5
India,T180_P05_H0800_I0986_CN040_F1,policy_central,policy_hybrid,T180_P05_H0800_I0986_F1,0.0,0.0,0.0,-26.697916666669897,49293.5
India,T180_P05_H0800_I0986_CN050_F1,policy_central,policy_hybrid,T180_P05_H0800_I0986_F1,0.0,0.0,0.0,-14.000000000004661,41021.5
India,T180_P05_H0800_I0986_CN060_F1,policy_central,policy_hybrid,T180_P05_H0800_I0986_F1,0.0,0.0,0.0,-7.131944444450028,32577.5
India,T180_P05_H0800_I0986_CN070_F1,policy_central,policy_hybrid,T180_P05_H0800_I0986_F1,0.0,0.0,0.0,0.829861111090878,24604.0
India,T180_P05_H0800_I0986_CN080_F1,policy_central,policy_hybrid,T180_P05_H0800_I0986_F1,0.0,0.0,0.0,11.733333333328147,16252.5
India,T180_P05_H0800_I0986_CN090_F1,policy_central,policy_hybrid,T180_P05_H0800_I0986_F1,0.0,0.0,0.0,20.733333333332794,8353.0
India,T180_P05_H0800_I0986_CN100_F1,policy_central,policy_hybrid,T180_P05_H0800_I0986_F1,0.0,0.0,0.0,0.0,0.0
India,T180_P05_H1000_I0600_CN030_F1,policy_central,policy_hybrid,T180_P05_H1000_I0600_F1,2.2941970310391326,0.40485829959514774,0.34678854786710644,21.263888888885816,62483.0
India,T180_P05_H1000_I0600_CN040_F1,policy_central,policy_hybrid,T180_P05_H1000_I0600_F1,3.778677462887984,0.13495276653169697,0.30950944279140913,46.60138888888474,54126.0
India,T180_P05_H1000_I0600_CN050_F1,policy_central,policy_hybrid,T180_P05_H1000_I0600_F1,0.5398110661268447,0.13495276653171118,0.09432657737741579,48.954861111111256,45354.5
India,T180_P05_H1000_I0600_CN060_F1,policy_central,policy_hybrid,T180_P05_H1000_I0600_F1,1.6194331983805625,0.26990553306343656,0.06355932203389614,49.90625000000017,36212.5
India,T180_P05_H1000_I0600_CN070_F1,policy_central,policy_hybrid,T180_P05_H1000_I0600_F1,-0.26990553306343656,0.0,0.0,36.659722222215805,27257.5
India,T180_P05_H1000_I0600_CN080_F1,policy_central,policy_hybrid,T180_P05_H1000_I0600_F1,0.8097165991902813,0.0,0.0,41.69791666666595,18089.5
India,T180_P05_H1000_I0600_CN090_F1,policy_central,policy_hybrid,T180_P05_H1000_I0600_F1,0.0,0.0,0.0,42.56597222221973,9176.0
India,T180_P05_H1000_I0600_CN100_F1,policy_central,policy_hybrid,T180_P05_H1000_I0600_F1,0.0,0.0,0.0,0.0,0.0
India,T180_P05_H1000_I0800_CN030_F1,policy_central,policy_hybrid,T180_P05_H1000_I0800_F1,2.0242914979757103,3.103913630229414,0.3376630150085447,-16.131944444455797,60607.0
India,T180_P05_H1000_I0800_CN040_F1,policy_central,policy_hybrid,T180_P05_H1000_I0800_F1,0.5398110661268447,0.0,0.0,-7.7006944444304395,52089.0
India,T180_P05_H1000_I0800_CN050_F1,policy_central,policy_hybrid,T180_P05_H1000_I0800_F1,0.5398110661268447,0.0,0.0,-0.7006944444952126,43354.5
India,T180_P05_H1000_I0800_CN060_F1,policy_central,policy_hybrid,T180_P05_H1000_I0800_F1,0.26990553306343656,0.0,0.0,3.9972222222214384,34534.5
India,T180_P05_H1000_I0800_CN070_F1,policy_central,policy_hybrid,T180_P05_H1000_I0800_F1,0.0,0.0,0.0,10.771527777786702,26085.0
India,T180_P05_H1000_I0800_CN080_F1,policy_central,policy_hybrid,T180_P05_H1000_I0800_F1,0.0,0.0,0.0,17.997222222195816,17182.0
India,T180_P05_H1000_I0800_CN090_F1,policy_central,policy_hybrid,T180_P05_H1000_I0800_F1,0.0,0.0,0.0,17.431944444437974,8717.5
India,T180_P05_H1000_I0800_CN100_F1,policy_central,policy_hybrid,T180_P05_H1000_I0800_F1,0.0,0.0,0.0,0.0,0.0
India,T180_P05_H1000_I0986_CN030_F1,policy_central,policy_hybrid,T180_P05_H1000_I0986_F1,0.13495276653171118,4.993252361673413,0.608443535331233,-62.868055555551706,57898.5
India,T180_P05_H1000_I0986_CN040_F1,policy_central,policy_hybrid,T180_P05_H1000_I0986_F1,0.0,0.0,0.0,-16.829861111112734,49778.0
India,T180_P05_H1000_I0986_CN050_F1,policy_central,policy_hybrid,T180_P05_H1000_I0986_F1,0.0,0.0,0.0,-27.2638888889106,41435.0
India,T180_P05_H1000_I0986_CN060_F1,policy_central,policy_hybrid,T180_P05_H1000_I0986_F1,0.0,0.0,0.0,-6.434027777798207,32907.5
India,T180_P05_H1000_I0986_CN070_F1,policy_central,policy_hybrid,T180_P05_H1000_I0986_F1,0.0,0.0,0.0,-0.8680555555557987,24835.0
India,T180_P05_H1000_I0986_CN080_F1,policy_central,policy_hybrid,T180_P05_H1000_I0986_F1,0.0,0.0,0.0,3.4722222222221433,16398.0
India,T180_P05_H1000_I0986_CN090_F1,policy_central,policy_hybrid,T180_P05_H1000_I0986_F1,0.0,0.0,0.0,13.73333333333288,8287.0
India,T180_P05_H1000_I0986_CN100_F1,policy_central,policy_hybrid,T180_P05_H1000_I0986_F1,0.0,0.0,0.0,0.0,0.0
India,T180_P10_H0500_I0600_CN030_F1,policy_central,policy_hybrid,T180_P10_H0500_I0600_F1,0.26990553306342235,15.249662618083676,1.7103304931169134,-34.09652777778442,59175.0
India,T180_P10_H0500_I0600_CN040_F1,policy_central,policy_hybrid,T180_P10_H0500_I0600_F1,0.13495276653171118,0.40485829959514774,0.014950295122702073,10.035416666665526,50487.5
India,T180_P10_H0500_I0600_CN050_F1,policy_central,policy_hybrid,T180_P10_H0500_I0600_F1,0.13495276653171118,0.0,0.0,29.263888888878824,42162.0
India,T180_P10_H0500_I0600_CN060_F1,policy_central,policy_hybrid,T180_P10_H0500_I0600_F1,0.0,0.0,0.0,39.39583333332868,33614.0
India,T180_P10_H0500_I0600_CN070_F1,policy_central,policy_hybrid,T180_P10_H0500_I0600_F1,-0.13495276653171118,0.0,0.0,39.979166666602964,25310.0
India,T180_P10_H0500_I0600_CN080_F1,policy_central,policy_hybrid,T180_P10_H0500_I0600_F1,0.0,0.0,0.0,21.736111111123165,16750.0
India,T180_P10_H0500_I0600_CN090_F1,policy_central,policy_hybrid,T180_P10_H0500_I0600_F1,0.13495276653171118,0.0,0.0,8.454861111137745,8285.0
India,T180_P10_H0500_I0600_CN100_F1,policy_central,policy_hybrid,T180_P10_H0500_I0600_F1,0.0,0.0,0.0,0.0,0.0
India,T180_P10_H0500_I0800_CN030_F1,policy_central,policy_hybrid,T180_P10_H0500_I0800_F1,0.0,0.0,0.0,-42.83263888888749,57883.5
India,T180_P10_H0500_I0800_CN040_F1,policy_central,policy_hybrid,T180_P10_H0500_I0800_F1,0.0,0.0,0.0,-23.736111111111057,49793.5
India,T180_P10_H0500_I0800_CN050_F1,policy_central,policy_hybrid,T180_P10_H0500_I0800_F1,0.0,0.0,0.0,-10.076388888931518,41484.0
India,T180_P10_H0500_I0800_CN060_F1,policy_central,policy_hybrid,T180_P10_H0500_I0800_F1,0.0,0.0,0.0,-1.4340277777752135,33139.5
India,T180_P10_H0500_I0800_CN070_F1,policy_central,policy_hybrid,T180_P10_H0500_I0800_F1,0.0,0.0,0.0,3.697916666666842,25063.0
India,T180_P10_H0500_I0800_CN080_F1,policy_central,policy_hybrid,T180_P10_H0500_I0800_F1,0.0,0.0,0.0,3.7361111111132175,16453.5
India,T180_P10_H0500_I0800_CN090_F1,policy_central,policy_hybrid,T180_P10_H0500_I0800_F1,0.0,0.0,0.0,14.167361111117103,8216.0
India,T180_P10_H0500_I0800_CN100_F1,policy_central,policy_hybrid,T180_P10_H0500_I0800_F1,0.0,0.0,0.0,0.0,0.0
India,T180_P10_H0500_I0986_CN030_F1,policy_central,policy_hybrid,T180_P10_H0500_I0986_F1,0.0,0.0,0.0,-49.03819444446029,57589.0
India,T180_P10_H0500_I0986_CN040_F1,policy_central,policy_hybrid,T180_P10_H0500_I0986_F1,0.0,0.0,0.0,-30.56597222223263,49484.5
India,T180_P10_H0500_I0986_CN050_F1,policy_central,policy_hybrid,T180_P10_H0500_I0986_F1,0.0,0.0,0.0,-2.697916666670153,41265.0
India,T180_P10_H0500_I0986_CN060_F1,policy_central,policy_hybrid,T180_P10_H0500_I0986_F1,0.0,0.0,0.0,-8.888194444380503,33031.5
India,T180_P10_H0500_I0986_CN070_F1,policy_central,policy_hybrid,T180_P10_H0500_I0986_F1,0.0,0.0,0.0,-4.170138888888928,25012.0
India,T180_P10_H0500_I0986_CN080_F1,policy_central,policy_hybrid,T180_P10_H0500_I0986_F1,0.0,0.0,0.0,4.733333333333022,16293.5
India,T180_P10_H0500_I0986_CN090_F1,policy_central,policy_hybrid,T180_P10_H0500_I0986_F1,0.0,0.0,0.0,-2.6979166666593812,8321.5
India,T180_P10_H0500_I0986_CN100_F1,policy_central,policy_hybrid,T180_P10_H0500_I0986_F1,0.0,0.0,0.0,0.0,0.0
India,T180_P10_H0800_I0600_CN030_F1,policy_central,policy_hybrid,T180_P10_H0800_I0600_F1,0.26990553306342235,17.54385964912281,1.9591963189789396,-51.60694444448001,59745.0
India,T180_P10_H0800_I0600_CN040_F1,policy_central,policy_hybrid,T180_P10_H0800_I0600_F1,0.0,2.024291497975696,0.3564559064559205,-48.868055555554065,51239.0
India,T180_P10_H0800_I0600_CN050_F1,policy_central,policy_hybrid,T180_P10_H0800_I0600_F1,0.13495276653171118,0.26990553306343656,0.05855855855855907,-20.736111111120238,42796.5
India,T180_P10_H0800_I0600_CN060_F1,policy_central,policy_hybrid,T180_P10_H0800_I0600_F1,0.13495276653171118,0.0,0.0,-2.451388888881411,34060.0
India,T180_P10_H0800_I0600_CN070_F1,policy_central,policy_hybrid,T180_P10_H0800_I0600_F1,0.0,0.0,0.0,1.7053025658242404e-13,25674.5
India,T180_P10_H0800_I0600_CN080_F1,policy_central,policy_hybrid,T180_P10_H0800_I0600_F1,0.13495276653171118,0.0,0.0,-3.302083333338686,16990.5
India,T180_P10_H0800_I0600_CN090_F1,policy_central,policy_hybrid,T180_P10_H0800_I0600_F1,0.0,0.0,0.0,2.6041666666671404,8450.5
India,T180_P10_H0800_I0600_CN100_F1,policy_central,policy_hybrid,T180_P10_H0800_I0600_F1,0.0,0.0,0.0,0.0,0.0
India,T180_P10_H0800_I0800_CN030_F1,policy_central,policy_hybrid,T180_P10_H0800_I0800_F1,0.0,0.13495276653171118,0.005623031938810641,-61.66249999996387,58813.0
India,T180_P10_H0800_I0800_CN040_F1,policy_central,policy_hybrid,T180_P10_H0800_I0800_F1,0.0,0.0,0.0,-33.263888888888886,50461.0
India,T180_P10_H0800_I0800_CN050_F1,policy_central,policy_hybrid,T180_P10_H0800_I0800_F1,0.0,0.0,0.0,-4.568749999998971,42188.5
India,T180_P10_H0800_I0800_CN060_F1,policy_central,policy_hybrid,T180_P10_H0800_I0800_F1,0.0,0.0,0.0,-4.8680555555689295,33730.5
India,T180_P10_H0800_I0800_CN070_F1,policy_central,policy_hybrid,T180_P10_H0800_I0800_F1,0.0,0.0,0.0,8.809722222263616,25452.5
India,T180_P10_H0800_I0800_CN080_F1,policy_central,policy_hybrid,T180_P10_H0800_I0800_F1,0.0,0.0,0.0,10.791666666606616,16720.5
India,T180_P10_H0800_I0800_CN090_F1,policy_central,policy_hybrid,T180_P10_H0800_I0800_F1,0.0,0.0,0.0,3.1673611111204707,8283.5
India,T180_P10_H0800_I0800_CN100_F1,policy_central,policy_hybrid,T180_P10_H0800_I0800_F1,0.0,0.0,0.0,0.0,0.0
India,T180_P10_H0800_I0986_CN030_F1,policy_central,policy_hybrid,T180_P10_H0800_I0986_F1,0.0,0.0,0.0,-60.09652777777757,58712.0
India,T180_P10_H0800_I0986_CN040_F1,policy_central,policy_hybrid,T180_P10_H0800_I0986_F1,0.0,0.0,0.0,-28.832638888889363,50234.0
India,T180_P10_H0800_I0986_CN050_F1,policy_central,policy_hybrid,T180_P10_H0800_I0986_F1,0.0,0.0,0.0,-13.170138888894186,41902.0
India,T180_P10_H0800_I0986_CN060_F1,policy_central,policy_hybrid,T180_P10_H0800_I0986_F1,0.0,0.0,0.0,-9.434027777724467,33617.5
India,T180_P10_H0800_I0986_CN070_F1,policy_central,policy_hybrid,T180_P10_H0800_I0986_F1,0.0,0.0,0.0,5.076388888955691,25472.5
India,T180_P10_H0800_I0986_CN080_F1,policy_central,policy_hybrid,T180_P10_H0800_I0986_F1,0.0,0.0,0.0,10.035416666666904,16712.5
India,T180_P10_H0800_I0986_CN090_F1,policy_central,policy_hybrid,T180_P10_H0800_I0986_F1,0.0,0.0,0.0,-1.0027777777966236,8272.0
India,T180_P10_H0800_I0986_CN100_F1,policy_central,policy_hybrid,T180_P10_H0800_I0986_F1,0.0,0.0,0.0,0.0,0.0
India,T180_P10_H1000_I0600_CN030_F1,policy_central,policy_hybrid,T180_P10_H1000_I0600_F1,0.0,17.948717948717956,2.7278911462761073,-54.964583333333564,60407.5
India,T180_P10_H1000_I0600_CN040_F1,policy_central,policy_hybrid,T180_P10_H1000_I0600_F1,0.0,6.207827260458828,0.7495046455323404,-16.05902777781418,51732.0
India,T180_P10_H1000_I0600_CN050_F1,policy_central,policy_hybrid,T180_P10_H1000_I0600_F1,0.0,0.40485829959514774,0.07122507122507216,-15.67708333330529,43163.0
India,T180_P10_H1000_I0600_CN060_F1,policy_central,policy_hybrid,T180_P10_H1000_I0600_F1,0.0,0.13495276653171118,0.022492127755285196,4.340277777789197,34364.0
India,T180_P10_H1000_I0600_CN070_F1,policy_central,policy_hybrid,T180_P10_H1000_I0600_F1,0.0,0.13495276653171118,0.016869095816460344,-15.243055555517941,25981.0
India,T180_P10_H1000_I0600_CN080_F1,policy_central,policy_hybrid,T180_P10_H1000_I0600_F1,0.13495276653171118,0.0,0.0,0.9763888888702468,17094.5
India,T180_P10_H1000_I0600_CN090_F1,policy_central,policy_hybrid,T180_P10_H1000_I0600_F1,0.0,0.0,0.0,14.093750000052836,8625.0
India,T180_P10_H1000_I0600_CN100_F1,policy_central,policy_hybrid,T180_P10_H1000_I0600_F1,0.0,0.0,0.0,0.0,0.0
India,T180_P10_H1000_I0800_CN030_F1,policy_central,policy_hybrid,T180_P10_H1000_I0800_F1,0.0,2.2941970310391326,0.10240217639353943,-65.43402777777658,59280.0
India,T180_P10_H1000_I0800_CN040_F1,policy_central,policy_hybrid,T180_P10_H1000_I0800_F1,0.0,0.0,0.0,-31.000000000003553,50929.0
India,T180_P10_H1000_I0800_CN050_F1,policy_central,policy_hybrid,T180_P10_H1000_I0800_F1,0.0,0.0,0.0,-8.0,42464.5
India,T180_P10_H1000_I0800_CN060_F1,policy_central,policy_hybrid,T180_P10_H1000_I0800_F1,0.0,0.0,0.0,-7.340277777776606,34018.0
India,T180_P10_H1000_I0800_CN070_F1,policy_central,policy_hybrid,T180_P10_H1000_I0800_F1,0.0,0.0,0.0,-1.2666666666729327,25581.0
India,T180_P10_H1000_I0800_CN080_F1,policy_central,policy_hybrid,T180_P10_H1000_I0800_F1,0.0,0.0,0.0,9.3958333333334,16821.0
India,T180_P10_H1000_I0800_CN090_F1,policy_central,policy_hybrid,T180_P10_H1000_I0800_F1,0.0,0.0,0.0,1.8652777777474512,8439.5
India,T180_P10_H1000_I0800_CN100_F1,policy_central,policy_hybrid,T180_P10_H1000_I0800_F1,0.0,0.0,0.0,0.0,0.0
India,T180_P10_H1000_I0986_CN030_F1,policy_central,policy_hybrid,T180_P10_H1000_I0986_F1,0.0,0.26990553306343656,0.01200172824887602,-68.56874999999806,59093.5
India,T180_P10_H1000_I0986_CN040_F1,policy_central,policy_hybrid,T180_P10_H1000_I0986_F1,0.0,0.0,0.0,-34.13472222222504,50731.5
India,T180_P10_H1000_I0986_CN050_F1,policy_central,policy_hybrid,T180_P10_H1000_I0986_F1,0.0,0.0,0.0,-9.170138888889198,42193.5
India,T180_P10_H1000_I0986_CN060_F1,policy_central,policy_hybrid,T180_P10_H1000_I0986_F1,0.0,0.0,0.0,-11.038194444504867,33957.5
India,T180_P10_H1000_I0986_CN070_F1,policy_central,policy_hybrid,T180_P10_H1000_I0986_F1,0.0,0.0,0.0,2.8680555555562677,25537.5
India,T180_P10_H1000_I0986_CN080_F1,policy_central,policy_hybrid,T180_P10_H1000_I0986_F1,0.0,0.0,0.0,5.131944444429067,16709.5
India,T180_P10_H1000_I0986_CN090_F1,policy_central,policy_hybrid,T180_P10_H1000_I0986_F1,0.0,0.0,0.0,0.0,8373.5
India,T180_P10_H1000_I0986_CN100_F1,policy_central,policy_hybrid,T180_P10_H1000_I0986_F1,0.0,0.0,0.0,0.0,0.0
India,T180_P03_H0500_I0600_CN030_F1,task_size_x1p0,task_size_x0p5,T180_P03_H0500_I0600_F1,7.557354925775982,13.900134952766535,8.431242911179055,-83.56875000000045,-21061.75
India,T180_P03_H0500_I0600_CN040_F1,task_size_x1p0,task_size_x0p5,T180_P03_H0500_I0600_F1,3.5087719298245617,7.827260458839405,3.2152551607575077,-97.04965277779269,-27296.5
India,T180_P03_H0500_I0600_CN050_F1,task_size_x1p0,task_size_x0p5,T180_P03_H0500_I0600_F1,2.0242914979757103,4.183535762483132,0.5611400751991908,-98.1809027777849,-32519.5
India,T180_P03_H0500_I0600_CN060_F1,task_size_x1p0,task_size_x0p5,T180_P03_H0500_I0600_F1,0.9446693657220067,0.0,0.0,-84.48090277778009,-36596.0
India,T180_P03_H0500_I0600_CN070_F1,task_size_x1p0,task_size_x0p5,T180_P03_H0500_I0600_F1,0.1349527665317254,0.0,0.0,-54.95312499998617,-40443.0
India,T180_P03_H0500_I0600_CN080_F1,task_size_x1p0,task_size_x0p5,T180_P03_H0500_I0600_F1,0.0,0.0,0.0,-49.771527777766735,-44324.75
India,T180_P03_H0500_I0600_CN090_F1,task_size_x1p0,task_size_x0p5,T180_P03_H0500_I0600_F1,0.0,0.0,0.0,-39.95034722221776,-48164.0
India,T180_P03_H0500_I0600_CN100_F1,task_size_x1p0,task_size_x0p5,T180_P03_H0500_I0600_F1,0.0,0.0,0.0,-53.51631944444726,-52031.25
India,T180_P03_H0500_I0800_CN030_F1,task_size_x1p0,task_size_x0p5,T180_P03_H0500_I0800_F1,13.090418353576254,20.647773279352222,10.143171005432578,-96.56284722221997,-20057.0
India,T180_P03_H0500_I0800_CN040_F1,task_size_x1p0,task_size_x0p5,T180_P03_H0500_I0800_F1,10.391363022941988,15.11470985155195,5.162530677647823,-98.86493055557463,-26065.25
India,T180_P03_H0500_I0800_CN050_F1,task_size_x1p0,task_size_x0p5,T180_P03_H0500_I0800_F1,5.8029689608637085,7.557354925775968,1.0338470860536262,-129.4149305555566,-31681.5
India,T180_P03_H0500_I0800_CN060_F1,task_size_x1p0,task_size_x0p5,T180_P03_H0500_I0800_F1,4.723346828609991,4.858299595141702,0.3051484327457672,-127.11284722219764,-35822.25
India,T180_P03_H0500_I0800_CN070_F1,task_size_x1p0,task_size_x0p5,T180_P03_H0500_I0800_F1,3.643724696356287,2.564102564102569,0.12805842042125448,-129.41493055555446,-39800.0
India,T180_P03_H0500_I0800_CN080_F1,task_size_x1p0,task_size_x0p5,T180_P03_H0500_I0800_F1,2.564102564102569,1.4844804318488514,0.090532352417938,-10.651041666701133,-43768.75
India,T180_P03_H0500_I0800_CN090_F1,task_size_x1p0,task_size_x0p5,T180_P03_H0500_I0800_F1,2.2941970310391326,0.9446693657219924,0.0628850959229652,-4.953125000000995,-47712.0
India,T180_P03_H0500_I0800_CN100_F1,task_size_x1p0,task_size_x0p5,T180_P03_H0500_I0800_F1,1.3495276653171402,0.5398110661268589,0.03514888728426513,-9.651041666655516,-51670.5
India,T180_P03_H0500_I0986_CN030_F1,task_size_x1p0,task_size_x0p5,T180_P03_H0500_I0986_F1,0.0,12.415654520917684,15.289603616333636,-25.649305555554463,-12613.25
India,T180_P03_H0500_I0986_CN040_F1,task_size_x1p0,task_size_x0p5,T180_P03_H0500_I0986_F1,0.0,13.900134952766535,16.072156965173363,-28.680555555550427,-14787.5
India,T180_P03_H0500_I0986_CN050_F1,task_size_x1p0,task_size_x0p5,T180_P03_H0500_I0986_F1,0.0,15.114709851551964,17.02002839203756,-32.38194444444429,-17198.75
India,T180_P03_H0500_I0986_CN060_F1,task_size_x1p0,task_size_x0p5,T180_P03_H0500_I0986_F1,0.0,14.43994601889338,17.695004508779064,-34.56597222219841,-19462.75
India,T180_P03_H0500_I0986_CN070_F1,task_size_x1p0,task_size_x0p5,T180_P03_H0500_I0986_F1,0.0,16.46423751686909,17.817039207662106,-41.13194444448271,-21953.5
India,T180_P03_H0500_I0986_CN080_F1,task_size_x1p0,task_size_x0p5,T180_P03_H0500_I0986_F1,0.13495276653171118,16.5991902834008,17.57727883943558,-44.34722222222041,-24676.25
India,T180_P03_H0500_I0986_CN090_F1,task_size_x1p0,task_size_x0p5,T180_P03_H0500_I0986_F1,0.13495276653171118,17.273954116059386,17.559777080595012,-52.348958333315124,-26924.0
India,T180_P03_H0500_I0986_CN100_F1,task_size_x1p0,task_size_x0p5,T180_P03_H0500_I0986_F1,0.13495276653171118,19.02834008097166,16.970896791637315,-54.52777777775168,-30150.5
India,T180_P03_H0800_I0600_CN030_F1,task_size_x1p0,task_size_x0p5,T180_P03_H0800_I0600_F1,4.993252361673413,15.65452091767881,7.896170595465605,-77.99722222222124,-21760.5
India,T180_P03_H0800_I0600_CN040_F1,task_size_x1p0,task_size_x0p5,T180_P03_H0800_I0600_F1,2.429149797570858,9.986504723346826,2.8009906060700303,-104.51631944444233,-27561.0
India,T180_P03_H0800_I0600_CN050_F1,task_size_x1p0,task_size_x0p5,T180_P03_H0800_I0600_F1,0.9446693657220067,4.993252361673413,0.5442774084868347,-104.99930555555531,-32111.0
India,T180_P03_H0800_I0600_CN060_F1,task_size_x1p0,task_size_x0p5,T180_P03_H0800_I0600_F1,0.40485829959513353,0.0,0.0,-90.9142361111121,-36154.5
India,T180_P03_H0800_I0600_CN070_F1,task_size_x1p0,task_size_x0p5,T180_P03_H0800_I0600_F1,0.0,0.0,0.0,-75.30486111109676,-40121.0
India,T180_P03_H0800_I0600_CN080_F1,task_size_x1p0,task_size_x0p5,T180_P03_H0800_I0600_F1,0.0,0.0,0.0,-62.301388888896525,-44038.75
India,T180_P03_H0800_I0600_CN090_F1,task_size_x1p0,task_size_x0p5,T180_P03_H0800_I0600_F1,0.0,0.0,0.0,-49.83194444444648,-47980.5
India,T180_P03_H0800_I0600_CN100_F1,task_size_x1p0,task_size_x0p5,T180_P03_H0800_I0600_F1,0.0,0.0,0.0,-56.97326388888446,-51901.5
India,T180_P03_H0800_I0800_CN030_F1,task_size_x1p0,task_size_x0p5,T180_P03_H0800_I0800_F1,4.1835357624831175,9.311740890688256,2.8717504495983945,-84.67118055555815,-23033.25
India,T180_P03_H0800_I0800_CN040_F1,task_size_x1p0,task_size_x0p5,T180_P03_H0800_I0800_F1,0.8097165991902813,0.0,0.0,-60.885416666666714,-27783.75
India,T180_P03_H0800_I0800_CN050_F1,task_size_x1p0,task_size_x0p5,T180_P03_H0800_I0800_F1,0.40485829959513353,0.0,0.0,-20.055555555576404,-31814.5
India,T180_P03_H0800_I0800_CN060_F1,task_size_x1p0,task_size_x0p5,T180_P03_H0800_I0800_F1,0.0,0.0,0.0,-6.08506944443846,-35850.25
India,T180_P03_H0800_I0800_CN070_F1,task_size_x1p0,task_size_x0p5,T180_P03_H0800_I0800_F1,0.13495276653171118,0.0,0.0,-6.434027777776635,-39869.5
India,T180_P03_H0800_I0800_CN080_F1,task_size_x1p0,task_size_x0p5,T180_P03_H0800_I0800_F1,0.13495276653171118,0.0,0.0,-7.348958333320212,-43919.75
India,T180_P03_H0800_I0800_CN090_F1,task_size_x1p0,task_size_x0p5,T180_P03_H0800_I0800_F1,0.13495276653171118,0.0,0.0,-3.7361111111080447,-47947.5
India,T180_P03_H0800_I0800_CN100_F1,task_size_x1p0,task_size_x0p5,T180_P03_H0800_I0800_F1,0.13495276653171118,0.0,0.0,-3.8680555555678495,-51982.5
India,T180_P03_H0800_I0986_CN030_F1,task_size_x1p0,task_size_x0p5,T180_P03_H0800_I0986_F1,1.889338731443985,13.900134952766521,14.85805564137867,-43.73611111111336,-16052.25
India,T180_P03_H0800_I0986_CN040_F1,task_size_x1p0,task_size_x0p5,T180_P03_H0800_I0986_F1,2.699055330634266,15.789473684210535,11.69283767596319,-49.38298611110997,-20999.25
India,T180_P03_H0800_I0986_CN050_F1,task_size_x1p0,task_size_x0p5,T180_P03_H0800_I0986_F1,2.6990553306342733,15.11470985155195,8.656923473201601,-46.58090277777663,-25838.5
India,T180_P03_H0800_I0986_CN060_F1,task_size_x1p0,task_size_x0p5,T180_P03_H0800_I0986_F1,2.564102564102569,15.249662618083676,6.720183511658178,-46.115624999992235,-30146.5
India,T180_P03_H0800_I0986_CN070_F1,task_size_x1p0,task_size_x0p5,T180_P03_H0800_I0986_F1,3.643724696356273,13.765182186234824,5.45725295657526,-46.86562500000025,-34257.75
India,T180_P03_H0800_I0986_CN080_F1,task_size_x1p0,task_size_x0p5,T180_P03_H0800_I0986_F1,3.238866396761132,10.526315789473685,3.9172655213926504,-46.89861111111145,-38631.5
India,T180_P03_H0800_I0986_CN090_F1,task_size_x1p0,task_size_x0p5,T180_P03_H0800_I0986_F1,3.3738191632928505,7.422402159244257,3.0206486635057956,-40.301388888924436,-42862.5
India,T180_P03_H0800_I0986_CN100_F1,task_size_x1p0,task_size_x0p5,T180_P03_H0800_I0986_F1,3.3738191632928505,5.802968960863694,2.3707194836226932,-40.868055555569526,-47035.0
India,T180_P03_H1000_I0600_CN030_F1,task_size_x1p0,task_size_x0p5,T180_P03_H1000_I0600_F1,4.318488529014843,16.734143049932527,8.138060182855284,-72.38437500000177,-21542.0
India,T180_P03_H1000_I0600_CN040_F1,task_size_x1p0,task_size_x0p5,T180_P03_H1000_I0600_F1,1.4844804318488514,11.066126855600544,3.46853101301582,-92.73333333333426,-27119.0
India,T180_P03_H1000_I0600_CN050_F1,task_size_x1p0,task_size_x0p5,T180_P03_H1000_I0600_F1,1.214574898785429,5.93792172739542,1.0926021846893974,-104.13194444444466,-31696.5
India,T180_P03_H1000_I0600_CN060_F1,task_size_x1p0,task_size_x0p5,T180_P03_H1000_I0600_F1,0.1349527665317254,0.5398110661268589,0.025295765877956455,-95.03819444443397,-35919.25
India,T180_P03_H1000_I0600_CN070_F1,task_size_x1p0,task_size_x0p5,T180_P03_H1000_I0600_F1,0.0,0.0,0.0,-94.21423611111278,-39908.25
India,T180_P03_H1000_I0600_CN080_F1,task_size_x1p0,task_size_x0p5,T180_P03_H1000_I0600_F1,0.0,0.0,0.0,-62.20555555555774,-43862.0
India,T180_P03_H1000_I0600_CN090_F1,task_size_x1p0,task_size_x0p5,T180_P03_H1000_I0600_F1,0.0,0.0,0.0,-61.22777777775991,-47852.0
India,T180_P03_H1000_I0600_CN100_F1,task_size_x1p0,task_size_x0p5,T180_P03_H1000_I0600_F1,0.0,0.0,0.0,-54.058333333336606,-51820.5
India,T180_P03_H1000_I0800_CN030_F1,task_size_x1p0,task_size_x0p5,T180_P03_H1000_I0800_F1,3.778677462887998,9.176788124156545,3.4993254173840853,-101.48368055554218,-22598.25
India,T180_P03_H1000_I0800_CN040_F1,task_size_x1p0,task_size_x0p5,T180_P03_H1000_I0800_F1,0.1349527665317254,0.1349527665317254,0.004723665564483781,-104.00416666666223,-27459.75
India,T180_P03_H1000_I0800_CN050_F1,task_size_x1p0,task_size_x0p5,T180_P03_H1000_I0800_F1,0.0,0.0,0.0,-65.53472222223209,-31561.75
India,T180_P03_H1000_I0800_CN060_F1,task_size_x1p0,task_size_x0p5,T180_P03_H1000_I0800_F1,0.0,0.0,0.0,-43.48506944446902,-35638.5
India,T180_P03_H1000_I0800_CN070_F1,task_size_x1p0,task_size_x0p5,T180_P03_H1000_I0800_F1,0.0,0.0,0.0,-17.402777777778113,-39708.75
India,T180_P03_H1000_I0800_CN080_F1,task_size_x1p0,task_size_x0p5,T180_P03_H1000_I0800_F1,0.0,0.0,0.0,-7.000000000000256,-43780.75
India,T180_P03_H1000_I0800_CN090_F1,task_size_x1p0,task_size_x0p5,T180_P03_H1000_I0800_F1,0.0,0.0,0.0,-13.046874999995623,-47880.5
India,T180_P03_H1000_I0800_CN100_F1,task_size_x1p0,task_size_x0p5,T180_P03_H1000_I0800_F1,0.0,0.0,0.0,-6.651041666661442,-51940.5
India,T180_P03_H1000_I0986_CN030_F1,task_size_x1p0,task_size_x0p5,T180_P03_H1000_I0986_F1,7.152496626180842,17.13900134952766,12.075578067206266,-62.43055555555571,-18203.25
India,T180_P03_H1000_I0986_CN040_F1,task_size_x1p0,task_size_x0p5,T180_P03_H1000_I0986_F1,6.207827260458842,16.599190283400816,6.965369513160681,-53.9531250000021,-24282.25
India,T180_P03_H1000_I0986_CN050_F1,task_size_x1p0,task_size_x0p5,T180_P03_H1000_I0986_F1,11.06612685560053,15.924426450742246,3.807472630629306,-53.17951388888724,-29161.75
India,T180_P03_H1000_I0986_CN060_F1,task_size_x1p0,task_size_x0p5,T180_P03_H1000_I0986_F1,9.716599190283404,11.605937921727403,1.8210768116417597,-57.21770833333227,-33823.75
India,T180_P03_H1000_I0986_CN070_F1,task_size_x1p0,task_size_x0p5,T180_P03_H1000_I0986_F1,11.066126855600544,9.446693657219981,0.9261462093180057,-61.528472222195234,-38004.75
India,T180_P03_H1000_I0986_CN080_F1,task_size_x1p0,task_size_x0p5,T180_P03_H1000_I0986_F1,11.605937921727403,4.858299595141702,0.5036323638341713,-60.651736111110864,-42174.75
India,T180_P03_H1000_I0986_CN090_F1,task_size_x1p0,task_size_x0p5,T180_P03_H1000_I0986_F1,12.280701754385973,2.9689608636977027,0.293247326121147,-62.519791666668254,-46291.5
India,T180_P03_H1000_I0986_CN100_F1,task_size_x1p0,task_size_x0p5,T180_P03_H1000_I0986_F1,12.955465587044529,0.0,0.20294784580497094,-70.21770833333838,-50344.75
India,T180_P05_H0500_I0600_CN030_F1,task_size_x1p0,task_size_x0p5,T180_P05_H0500_I0600_F1,1.7543859649122737,0.40485829959513353,0.2723311546840961,-64.87673611111023,-20493.25
India,T180_P05_H0500_I0600_CN040_F1,task_size_x1p0,task_size_x0p5,T180_P05_H0500_I0600_F1,2.6990553306342804,0.40485829959514774,0.10618416581719714,-71.14687499999545,-25054.25
India,T180_P05_H0500_I0600_CN050_F1,task_size_x1p0,task_size_x0p5,T180_P05_H0500_I0600_F1,2.2941970310391326,0.26990553306342235,0.04722072315163928,-52.29062500000438,-29574.25
India,T180_P05_H0500_I0600_CN060_F1,task_size_x1p0,task_size_x0p5,T180_P05_H0500_I0600_F1,1.6194331983805768,0.0,0.0,-50.90069444444315,-34167.25
India,T180_P05_H0500_I0600_CN070_F1,task_size_x1p0,task_size_x0p5,T180_P05_H0500_I0600_F1,1.889338731443985,0.13495276653171118,0.03822629969418756,-31.782986111135216,-38553.25
India,T180_P05_H0500_I0600_CN080_F1,task_size_x1p0,task_size_x0p5,T180_P05_H0500_I0600_F1,2.9689608636977027,0.0,0.0,-41.36701388891423,-43074.0
India,T180_P05_H0500_I0600_CN090_F1,task_size_x1p0,task_size_x0p5,T180_P05_H0500_I0600_F1,4.048582995951421,0.0,0.0,-46.724652777769975,-47529.75
India,T180_P05_H0500_I0600_CN100_F1,task_size_x1p0,task_size_x0p5,T180_P05_H0500_I0600_F1,4.993252361673413,0.0,0.0,-65.51631944442187,-52038.0
India,T180_P05_H0500_I0800_CN030_F1,task_size_x1p0,task_size_x0p5,T180_P05_H0500_I0800_F1,10.661268556005396,14.439946018893394,9.07054375537038,-61.08229166667047,-18979.75
India,T180_P05_H0500_I0800_CN040_F1,task_size_x1p0,task_size_x0p5,T180_P05_H0500_I0800_F1,6.342780026990553,11.066126855600544,4.9901265000719235,-70.5333333333316,-24705.75
India,T180_P05_H0500_I0800_CN050_F1,task_size_x1p0,task_size_x0p5,T180_P05_H0500_I0800_F1,2.8340080971659916,6.207827260458842,1.4457828935913852,-76.53333333333396,-30361.25
India,T180_P05_H0500_I0800_CN060_F1,task_size_x1p0,task_size_x0p5,T180_P05_H0500_I0800_F1,1.754385964912288,2.8340080971659916,0.4755212613864188,-98.6461805555031,-35131.5
India,T180_P05_H0500_I0800_CN070_F1,task_size_x1p0,task_size_x0p5,T180_P05_H0500_I0800_F1,1.4844804318488514,1.214574898785429,0.12454935391039612,-94.98541666666618,-39367.75
India,T180_P05_H0500_I0800_CN080_F1,task_size_x1p0,task_size_x0p5,T180_P05_H0500_I0800_F1,0.6747638326585701,0.0,0.0,-97.37673611110162,-43701.75
India,T180_P05_H0500_I0800_CN090_F1,task_size_x1p0,task_size_x0p5,T180_P05_H0500_I0800_F1,0.40485829959514774,0.0,0.0,-92.85347222221996,-47873.25
India,T180_P05_H0500_I0800_CN100_F1,task_size_x1p0,task_size_x0p5,T180_P05_H0500_I0800_F1,0.13495276653171118,0.0,0.0,-77.86631944444453,-52110.0
India,T180_P05_H0500_I0986_CN030_F1,task_size_x1p0,task_size_x0p5,T180_P05_H0500_I0986_F1,0.13495276653171118,2.429149797570858,0.12281556149434891,-139.61284722222013,-23945.25
India,T180_P05_H0500_I0986_CN040_F1,task_size_x1p0,task_size_x0p5,T180_P05_H0500_I0986_F1,0.0,0.0,0.051904910204513044,-127.26388888889828,-27830.75
India,T180_P05_H0500_I0986_CN050_F1,task_size_x1p0,task_size_x0p5,T180_P05_H0500_I0986_F1,0.0,0.0,0.020761964081799533,-101.7829861111254,-31940.25
India,T180_P05_H0500_I0986_CN060_F1,task_size_x1p0,task_size_x0p5,T180_P05_H0500_I0986_F1,0.0,0.13495276653171118,0.05190491020449883,-93.65104166666804,-36096.75
India,T180_P05_H0500_I0986_CN070_F1,task_size_x1p0,task_size_x0p5,T180_P05_H0500_I0986_F1,0.0,0.13495276653171118,0.020761964081813744,-80.22569444444551,-40049.0
India,T180_P05_H0500_I0986_CN080_F1,task_size_x1p0,task_size_x0p5,T180_P05_H0500_I0986_F1,0.0,0.13495276653171118,0.020761964081813744,-71.51909722222504,-44132.5
India,T180_P05_H0500_I0986_CN090_F1,task_size_x1p0,task_size_x0p5,T180_P05_H0500_I0986_F1,0.0,0.13495276653171118,0.010380982040913977,-55.736111111110134,-48050.25
India,T180_P05_H0500_I0986_CN100_F1,task_size_x1p0,task_size_x0p5,T180_P05_H0500_I0986_F1,0.0,0.0,0.0,-39.65104166666771,-52107.0
India,T180_P05_H0800_I0600_CN030_F1,task_size_x1p0,task_size_x0p5,T180_P05_H0800_I0600_F1,0.40485829959514774,0.40485829959514774,0.17161934880078888,-65.90416666666277,-20183.25
India,T180_P05_H0800_I0600_CN040_F1,task_size_x1p0,task_size_x0p5,T180_P05_H0800_I0600_F1,-0.8097165991902813,0.8097165991902813,0.19890635005261004,-65.31076388890435,-24812.5
India,T180_P05_H0800_I0600_CN050_F1,task_size_x1p0,task_size_x0p5,T180_P05_H0800_I0600_F1,-1.214574898785429,0.40485829959514774,0.05095190140505679,-47.879513888865816,-29375.25
India,T180_P05_H0800_I0600_CN060_F1,task_size_x1p0,task_size_x0p5,T180_P05_H0800_I0600_F1,0.13495276653171118,0.40485829959514774,0.17203759650887207,-57.60138888890296,-33958.0
India,T180_P05_H0800_I0600_CN070_F1,task_size_x1p0,task_size_x0p5,T180_P05_H0800_I0600_F1,0.8097165991902813,0.40485829959514774,0.16833520920957312,-41.83263888888783,-38406.0
India,T180_P05_H0800_I0600_CN080_F1,task_size_x1p0,task_size_x0p5,T180_P05_H0800_I0600_F1,-0.9446693657220067,0.0,0.0,-32.46944444444813,-42986.75
India,T180_P05_H0800_I0600_CN090_F1,task_size_x1p0,task_size_x0p5,T180_P05_H0800_I0600_F1,-0.40485829959513353,0.0,0.0,-38.950347222224565,-47515.5
India,T180_P05_H0800_I0600_CN100_F1,task_size_x1p0,task_size_x0p5,T180_P05_H0800_I0600_F1,0.0,0.0,0.0,-56.610069444446765,-52068.0
India,T180_P05_H0800_I0800_CN030_F1,task_size_x1p0,task_size_x0p5,T180_P05_H0800_I0800_F1,2.8340080971659916,2.8340080971659916,0.5349268072380227,-85.43125000000342,-21907.25
India,T180_P05_H0800_I0800_CN040_F1,task_size_x1p0,task_size_x0p5,T180_P05_H0800_I0800_F1,1.754385964912288,0.0,0.0,-93.68923611112308,-26229.0
India,T180_P05_H0800_I0800_CN050_F1,task_size_x1p0,task_size_x0p5,T180_P05_H0800_I0800_F1,1.0796221322537036,0.0,0.0,-55.74479166664969,-30570.0
India,T180_P05_H0800_I0800_CN060_F1,task_size_x1p0,task_size_x0p5,T180_P05_H0800_I0800_F1,0.40485829959514774,0.0,0.0,-50.78298611109517,-34937.0
India,T180_P05_H0800_I0800_CN070_F1,task_size_x1p0,task_size_x0p5,T180_P05_H0800_I0800_F1,0.13495276653171118,0.0,0.0,-42.52777777777955,-39133.25
India,T180_P05_H0800_I0800_CN080_F1,task_size_x1p0,task_size_x0p5,T180_P05_H0800_I0800_F1,0.0,0.0,0.0,-21.217013888895607,-43536.75
India,T180_P05_H0800_I0800_CN090_F1,task_size_x1p0,task_size_x0p5,T180_P05_H0800_I0800_F1,0.0,0.0,0.0,-26.08506944445739,-47782.5
India,T180_P05_H0800_I0800_CN100_F1,task_size_x1p0,task_size_x0p5,T180_P05_H0800_I0800_F1,0.0,0.0,0.0,-26.337500000025678,-52110.0
India,T180_P05_H0800_I0986_CN030_F1,task_size_x1p0,task_size_x0p5,T180_P05_H0800_I0986_F1,0.13495276653171118,2.1592442645074215,0.18622082851237565,-106.51909722222229,-23434.25
India,T180_P05_H0800_I0986_CN040_F1,task_size_x1p0,task_size_x0p5,T180_P05_H0800_I0986_F1,0.0,0.0,0.0,-72.29930555555796,-27456.5
India,T180_P05_H0800_I0986_CN050_F1,task_size_x1p0,task_size_x0p5,T180_P05_H0800_I0986_F1,0.0,0.0,0.0,-62.82118055556292,-31599.25
India,T180_P05_H0800_I0986_CN060_F1,task_size_x1p0,task_size_x0p5,T180_P05_H0800_I0986_F1,0.0,0.0,0.0,-54.04687500000509,-35821.25
India,T180_P05_H0800_I0986_CN070_F1,task_size_x1p0,task_size_x0p5,T180_P05_H0800_I0986_F1,0.0,0.0,0.0,-44.00000000002014,-39808.0
India,T180_P05_H0800_I0986_CN080_F1,task_size_x1p0,task_size_x0p5,T180_P05_H0800_I0986_F1,0.0,0.0,0.0,-36.04965277776829,-43983.75
India,T180_P05_H0800_I0986_CN090_F1,task_size_x1p0,task_size_x0p5,T180_P05_H0800_I0986_F1,0.0,0.0,0.0,-25.794444444444423,-47933.5
India,T180_P05_H0800_I0986_CN100_F1,task_size_x1p0,task_size_x0p5,T180_P05_H0800_I0986_F1,0.0,0.0,0.0,-36.38437500000388,-52110.0
India,T180_P05_H1000_I0600_CN030_F1,task_size_x1p0,task_size_x0p5,T180_P05_H1000_I0600_F1,-1.0796221322537178,0.26990553306342235,0.30269743097169055,-67.4722222222255,-19804.75
India,T180_P05_H1000_I0600_CN040_F1,task_size_x1p0,task_size_x0p5,T180_P05_H1000_I0600_F1,0.40485829959514774,0.8097165991902813,0.5930003483932467,-66.19027777772321,-24602.0
India,T180_P05_H1000_I0600_CN050_F1,task_size_x1p0,task_size_x0p5,T180_P05_H1000_I0600_F1,-1.3495276653171402,0.5398110661268589,0.18099838015091052,-56.27083333327235,-29213.75
India,T180_P05_H1000_I0600_CN060_F1,task_size_x1p0,task_size_x0p5,T180_P05_H1000_I0600_F1,-2.0242914979757103,0.5398110661268589,0.18829334507300644,-56.96180555555371,-33785.5
India,T180_P05_H1000_I0600_CN070_F1,task_size_x1p0,task_size_x0p5,T180_P05_H1000_I0600_F1,-2.1592442645074215,0.1349527665317254,0.04402377283733472,-47.651041666669386,-38300.5
India,T180_P05_H1000_I0600_CN080_F1,task_size_x1p0,task_size_x0p5,T180_P05_H1000_I0600_F1,-1.214574898785429,0.0,0.0,-34.65104166666681,-42868.0
India,T180_P05_H1000_I0600_CN090_F1,task_size_x1p0,task_size_x0p5,T180_P05_H1000_I0600_F1,-2.2941970310391326,0.0,0.0,-33.44270833331356,-47357.0
India,T180_P05_H1000_I0600_CN100_F1,task_size_x1p0,task_size_x0p5,T180_P05_H1000_I0600_F1,-2.0242914979757103,0.0,0.0,-36.19027777778149,-51963.0
India,T180_P05_H1000_I0800_CN030_F1,task_size_x1p0,task_size_x0p5,T180_P05_H1000_I0800_F1,3.5087719298245617,3.3738191632928505,0.3545982641419414,-68.78020833330933,-21709.0
India,T180_P05_H1000_I0800_CN040_F1,task_size_x1p0,task_size_x0p5,T180_P05_H1000_I0800_F1,2.1592442645074215,0.13495276653171118,0.008996851102125447,-88.82986111110853,-26033.25
India,T180_P05_H1000_I0800_CN050_F1,task_size_x1p0,task_size_x0p5,T180_P05_H1000_I0800_F1,1.0796221322537036,0.0,0.0,-57.03819444445399,-30417.75
India,T180_P05_H1000_I0800_CN060_F1,task_size_x1p0,task_size_x0p5,T180_P05_H1000_I0800_F1,0.40485829959514774,0.0,0.0,-51.04687499997671,-34831.5
India,T180_P05_H1000_I0800_CN070_F1,task_size_x1p0,task_size_x0p5,T180_P05_H1000_I0800_F1,0.0,0.0,0.0,-40.651041666662294,-39063.75
India,T180_P05_H1000_I0800_CN080_F1,task_size_x1p0,task_size_x0p5,T180_P05_H1000_I0800_F1,0.0,0.0,0.0,-26.56597222225149,-43518.25
India,T180_P05_H1000_I0800_CN090_F1,task_size_x1p0,task_size_x0p5,T180_P05_H1000_I0800_F1,0.0,0.0,0.0,-18.557291666672484,-47750.5
India,T180_P05_H1000_I0800_CN100_F1,task_size_x1p0,task_size_x0p5,T180_P05_H1000_I0800_F1,0.0,0.0,0.0,-26.42256944439741,-52110.0
India,T180_P05_H1000_I0986_CN030_F1,task_size_x1p0,task_size_x0p5,T180_P05_H1000_I0986_F1,0.5398110661268589,4.993252361673413,0.608443535331233,-105.5659722221967,-23056.5
India,T180_P05_H1000_I0986_CN040_F1,task_size_x1p0,task_size_x0p5,T180_P05_H1000_I0986_F1,0.0,0.0,0.0,-61.82986111111248,-27205.25
India,T180_P05_H1000_I0986_CN050_F1,task_size_x1p0,task_size_x0p5,T180_P05_H1000_I0986_F1,0.0,0.0,0.0,-74.46944444447207,-31385.75
India,T180_P05_H1000_I0986_CN060_F1,task_size_x1p0,task_size_x0p5,T180_P05_H1000_I0986_F1,0.0,0.0,0.0,-58.26388888890911,-35652.5
India,T180_P05_H1000_I0986_CN070_F1,task_size_x1p0,task_size_x0p5,T180_P05_H1000_I0986_F1,0.0,0.0,0.0,-52.25520833332776,-39692.5
India,T180_P05_H1000_I0986_CN080_F1,task_size_x1p0,task_size_x0p5,T180_P05_H1000_I0986_F1,0.0,0.0,0.0,-46.52777777777759,-43911.0
India,T180_P05_H1000_I0986_CN090_F1,task_size_x1p0,task_size_x0p5,T180_P05_H1000_I0986_F1,0.0,0.0,0.0,-30.530555555554685,-47966.5
India,T180_P05_H1000_I0986_CN100_F1,task_size_x1p0,task_size_x0p5,T180_P05_H1000_I0986_F1,0.0,0.0,0.0,-27.648263888860065,-52110.0
India,T180_P10_H0500_I0600_CN030_F1,task_size_x1p0,task_size_x0p5,T180_P10_H0500_I0600_F1,0.26990553306342235,15.249662618083676,1.7103304931169134,-49.697916666674445,-22207.75
India,T180_P10_H0500_I0600_CN040_F1,task_size_x1p0,task_size_x0p5,T180_P10_H0500_I0600_F1,0.13495276653171118,0.40485829959514774,0.014950295122702073,-73.18159722222339,-26803.0
India,T180_P10_H0500_I0600_CN050_F1,task_size_x1p0,task_size_x0p5,T180_P10_H0500_I0600_F1,0.0,0.0,0.0,-58.434027777787904,-31023.0
India,T180_P10_H0500_I0600_CN060_F1,task_size_x1p0,task_size_x0p5,T180_P10_H0500_I0600_F1,0.13495276653171118,0.0,0.0,-50.19340277773773,-35302.25
India,T180_P10_H0500_I0600_CN070_F1,task_size_x1p0,task_size_x0p5,T180_P10_H0500_I0600_F1,0.0,0.0,0.0,-48.1291666666947,-39453.5
India,T180_P10_H0500_I0600_CN080_F1,task_size_x1p0,task_size_x0p5,T180_P10_H0500_I0600_F1,0.13495276653171118,0.0,0.0,-58.63090277778541,-43735.0
India,T180_P10_H0500_I0600_CN090_F1,task_size_x1p0,task_size_x0p5,T180_P10_H0500_I0600_F1,0.13495276653171118,0.0,0.0,-70.46944444443945,-47967.5
India,T180_P10_H0500_I0600_CN100_F1,task_size_x1p0,task_size_x0p5,T180_P10_H0500_I0600_F1,0.13495276653171118,0.0,0.0,-79.48090277778152,-52110.0
India,T180_P10_H0500_I0800_CN030_F1,task_size_x1p0,task_size_x0p5,T180_P10_H0500_I0800_F1,0.0,0.0,0.0,-86.18159722222236,-23168.25
India,T180_P10_H0500_I0800_CN040_F1,task_size_x1p0,task_size_x0p5,T180_P10_H0500_I0800_F1,0.0,0.0,0.0,-68.26388888888873,-27213.25
India,T180_P10_H0500_I0800_CN050_F1,task_size_x1p0,task_size_x0p5,T180_P10_H0500_I0800_F1,0.0,0.0,0.0,-54.12326388893156,-31368.0
India,T180_P10_H0500_I0800_CN060_F1,task_size_x1p0,task_size_x0p5,T180_P10_H0500_I0800_F1,0.0,0.0,0.0,-42.6482638888899,-35540.25
India,T180_P10_H0500_I0800_CN070_F1,task_size_x1p0,task_size_x0p5,T180_P10_H0500_I0800_F1,0.0,0.0,0.0,-41.55451388888821,-39578.5
India,T180_P10_H0500_I0800_CN080_F1,task_size_x1p0,task_size_x0p5,T180_P10_H0500_I0800_F1,0.0,0.0,0.0,-38.422569444444655,-43883.25
India,T180_P10_H0500_I0800_CN090_F1,task_size_x1p0,task_size_x0p5,T180_P10_H0500_I0800_F1,0.0,0.0,0.0,-27.77430555555717,-48002.0
India,T180_P10_H0500_I0800_CN100_F1,task_size_x1p0,task_size_x0p5,T180_P10_H0500_I0800_F1,0.0,0.0,0.0,-27.217013888890982,-52110.0
India,T180_P10_H0500_I0986_CN030_F1,task_size_x1p0,task_size_x0p5,T180_P10_H0500_I0986_F1,0.0,0.0,0.0,-93.98854166667999,-23315.5
India,T180_P10_H0500_I0986_CN040_F1,task_size_x1p0,task_size_x0p5,T180_P10_H0500_I0986_F1,0.0,0.0,0.0,-81.86805555555874,-27367.75
India,T180_P10_H0500_I0986_CN050_F1,task_size_x1p0,task_size_x0p5,T180_P10_H0500_I0986_F1,0.0,0.0,0.0,-49.51631944444628,-31477.5
India,T180_P10_H0500_I0986_CN060_F1,task_size_x1p0,task_size_x0p5,T180_P10_H0500_I0986_F1,0.0,0.0,0.0,-48.21701388888664,-35594.25
India,T180_P10_H0500_I0986_CN070_F1,task_size_x1p0,task_size_x0p5,T180_P10_H0500_I0986_F1,0.0,0.0,0.0,-41.77152777777813,-39604.0
India,T180_P10_H0500_I0986_CN080_F1,task_size_x1p0,task_size_x0p5,T180_P10_H0500_I0986_F1,0.0,0.0,0.0,-43.73611111111119,-43963.25
India,T180_P10_H0500_I0986_CN090_F1,task_size_x1p0,task_size_x0p5,T180_P10_H0500_I0986_F1,0.0,0.0,0.0,-31.255208333336967,-47949.25
India,T180_P10_H0500_I0986_CN100_F1,task_size_x1p0,task_size_x0p5,T180_P10_H0500_I0986_F1,0.0,0.0,0.0,-31.310763888907246,-52110.0
India,T180_P10_H0800_I0600_CN030_F1,task_size_x1p0,task_size_x0p5,T180_P10_H0800_I0600_F1,0.0,15.654520917678823,1.8617484171831933,-50.217013888926175,-21904.0
India,T180_P10_H0800_I0600_CN040_F1,task_size_x1p0,task_size_x0p5,T180_P10_H0800_I0600_F1,0.0,2.024291497975696,0.3579574079574144,-90.31944444439901,-26433.0
India,T180_P10_H0800_I0600_CN050_F1,task_size_x1p0,task_size_x0p5,T180_P10_H0800_I0600_F1,-0.13495276653171118,0.26990553306343656,0.05855855855855907,-70.24305555551904,-30657.0
India,T180_P10_H0800_I0600_CN060_F1,task_size_x1p0,task_size_x0p5,T180_P10_H0800_I0600_F1,0.0,0.0,0.0,-46.310763888893845,-35078.5
India,T180_P10_H0800_I0600_CN070_F1,task_size_x1p0,task_size_x0p5,T180_P10_H0800_I0600_F1,-0.13495276653171118,0.0,0.0,-50.868055555587105,-39272.0
India,T180_P10_H0800_I0600_CN080_F1,task_size_x1p0,task_size_x0p5,T180_P10_H0800_I0600_F1,0.13495276653171118,0.0,0.0,-48.738888888896156,-43614.75
India,T180_P10_H0800_I0600_CN090_F1,task_size_x1p0,task_size_x0p5,T180_P10_H0800_I0600_F1,-0.13495276653171118,0.0,0.0,-46.9263888888873,-47884.75
India,T180_P10_H0800_I0600_CN100_F1,task_size_x1p0,task_size_x0p5,T180_P10_H0800_I0600_F1,0.13495276653171118,0.0,0.0,-49.038194444435305,-52110.0
India,T180_P10_H0800_I0800_CN030_F1,task_size_x1p0,task_size_x0p5,T180_P10_H0800_I0800_F1,0.0,0.13495276653171118,0.005623031938810641,-96.21701388888275,-22703.0
India,T180_P10_H0800_I0800_CN040_F1,task_size_x1p0,task_size_x0p5,T180_P10_H0800_I0800_F1,0.0,0.0,0.0,-71.34895833333336,-26879.5
India,T180_P10_H0800_I0800_CN050_F1,task_size_x1p0,task_size_x0p5,T180_P10_H0800_I0800_F1,0.0,0.0,0.0,-43.266666666667206,-31015.75
India,T180_P10_H0800_I0800_CN060_F1,task_size_x1p0,task_size_x0p5,T180_P10_H0800_I0800_F1,0.0,0.0,0.0,-48.78298611112511,-35244.75
India,T180_P10_H0800_I0800_CN070_F1,task_size_x1p0,task_size_x0p5,T180_P10_H0800_I0800_F1,0.0,0.0,0.0,-35.131944444443306,-39383.75
India,T180_P10_H0800_I0800_CN080_F1,task_size_x1p0,task_size_x0p5,T180_P10_H0800_I0800_F1,0.0,0.0,0.0,-31.72465277784009,-43749.75
India,T180_P10_H0800_I0800_CN090_F1,task_size_x1p0,task_size_x0p5,T180_P10_H0800_I0800_F1,0.0,0.0,0.0,-31.565972222219955,-47968.25
India,T180_P10_H0800_I0800_CN100_F1,task_size_x1p0,task_size_x0p5,T180_P10_H0800_I0800_F1,0.0,0.0,0.0,-24.65972222227017,-52110.0
India,T180_P10_H0800_I0986_CN030_F1,task_size_x1p0,task_size_x0p5,T180_P10_H0800_I0986_F1,0.0,0.0,0.0,-74.87951388888649,-22754.0
India,T180_P10_H0800_I0986_CN040_F1,task_size_x1p0,task_size_x0p5,T180_P10_H0800_I0986_F1,0.0,0.0,0.0,-57.568749999997934,-26993.0
India,T180_P10_H0800_I0986_CN050_F1,task_size_x1p0,task_size_x0p5,T180_P10_H0800_I0986_F1,0.0,0.0,0.0,-51.29930555550234,-31159.0
India,T180_P10_H0800_I0986_CN060_F1,task_size_x1p0,task_size_x0p5,T180_P10_H0800_I0986_F1,0.0,0.0,0.0,-48.217013888879066,-35301.25
India,T180_P10_H0800_I0986_CN070_F1,task_size_x1p0,task_size_x0p5,T180_P10_H0800_I0986_F1,0.0,0.0,0.0,-34.42256944444313,-39373.75
India,T180_P10_H0800_I0986_CN080_F1,task_size_x1p0,task_size_x0p5,T180_P10_H0800_I0986_F1,0.0,0.0,0.0,-26.973263888868445,-43753.75
India,T180_P10_H0800_I0986_CN090_F1,task_size_x1p0,task_size_x0p5,T180_P10_H0800_I0986_F1,0.0,0.0,0.0,-33.82118055556396,-47974.0
India,T180_P10_H0800_I0986_CN100_F1,task_size_x1p0,task_size_x0p5,T180_P10_H0800_I0986_F1,0.0,0.0,0.0,-29.970486111113622,-52110.0
India,T180_P10_H1000_I0600_CN030_F1,task_size_x1p0,task_size_x0p5,T180_P10_H1000_I0600_F1,0.0,17.13900134952766,2.6369960364876164,-55.01145833333203,-21451.75
India,T180_P10_H1000_I0600_CN040_F1,task_size_x1p0,task_size_x0p5,T180_P10_H1000_I0600_F1,0.0,5.9379217273954055,0.7007717020625677,-57.774305555540735,-26139.25
India,T180_P10_H1000_I0600_CN050_F1,task_size_x1p0,task_size_x0p5,T180_P10_H1000_I0600_F1,0.0,0.40485829959514774,0.07122507122507216,-67.66840277774716,-30473.75
India,T180_P10_H1000_I0600_CN060_F1,task_size_x1p0,task_size_x0p5,T180_P10_H1000_I0600_F1,0.0,0.13495276653171118,0.022492127755285196,-56.979166666614915,-34927.25
India,T180_P10_H1000_I0600_CN070_F1,task_size_x1p0,task_size_x0p5,T180_P10_H1000_I0600_F1,0.0,0.13495276653171118,0.016869095816460344,-68.24305555548011,-39117.25
India,T180_P10_H1000_I0600_CN080_F1,task_size_x1p0,task_size_x0p5,T180_P10_H1000_I0600_F1,0.13495276653171118,0.0,0.0,-37.24062500002198,-43562.75
India,T180_P10_H1000_I0600_CN090_F1,task_size_x1p0,task_size_x0p5,T180_P10_H1000_I0600_F1,0.0,0.0,0.0,-35.45486111109844,-47797.5
India,T180_P10_H1000_I0600_CN100_F1,task_size_x1p0,task_size_x0p5,T180_P10_H1000_I0600_F1,0.0,0.0,0.0,-34.87951388889266,-52110.0
India,T180_P10_H1000_I0800_CN030_F1,task_size_x1p0,task_size_x0p5,T180_P10_H1000_I0800_F1,0.0,2.2941970310391326,0.10240217639353943,-94.26111111110762,-22460.0
India,T180_P10_H1000_I0800_CN040_F1,task_size_x1p0,task_size_x0p5,T180_P10_H1000_I0800_F1,0.0,0.0,0.0,-63.38715277778307,-26645.5
India,T180_P10_H1000_I0800_CN050_F1,task_size_x1p0,task_size_x0p5,T180_P10_H1000_I0800_F1,0.0,0.0,0.0,-45.821180555557035,-30877.75
India,T180_P10_H1000_I0800_CN060_F1,task_size_x1p0,task_size_x0p5,T180_P10_H1000_I0800_F1,0.0,0.0,0.0,-51.8211805555478,-35101.0
India,T180_P10_H1000_I0800_CN070_F1,task_size_x1p0,task_size_x0p5,T180_P10_H1000_I0800_F1,0.0,0.0,0.0,-35.000000000008725,-39319.5
India,T180_P10_H1000_I0800_CN080_F1,task_size_x1p0,task_size_x0p5,T180_P10_H1000_I0800_F1,0.0,0.0,0.0,-31.035416666667388,-43699.5
India,T180_P10_H1000_I0800_CN090_F1,task_size_x1p0,task_size_x0p5,T180_P10_H1000_I0800_F1,0.0,0.0,0.0,-34.91493055558143,-47890.25
India,T180_P10_H1000_I0800_CN100_F1,task_size_x1p0,task_size_x0p5,T180_P10_H1000_I0800_F1,0.0,0.0,0.0,-22.601388888920674,-52110.0
India,T180_P10_H1000_I0986_CN030_F1,task_size_x1p0,task_size_x0p5,T180_P10_H1000_I0986_F1,0.0,0.26990553306343656,0.01200172824887602,-85.95312500000364,-22562.25
India,T180_P10_H1000_I0986_CN040_F1,task_size_x1p0,task_size_x0p5,T180_P10_H1000_I0986_F1,0.0,0.0,0.0,-65.56875000000313,-26744.25
India,T180_P10_H1000_I0986_CN050_F1,task_size_x1p0,task_size_x0p5,T180_P10_H1000_I0986_F1,0.0,0.0,0.0,-45.999999999997556,-31013.25
India,T180_P10_H1000_I0986_CN060_F1,task_size_x1p0,task_size_x0p5,T180_P10_H1000_I0986_F1,0.0,0.0,0.0,-48.00000000001474,-35131.25
India,T180_P10_H1000_I0986_CN070_F1,task_size_x1p0,task_size_x0p5,T180_P10_H1000_I0986_F1,0.0,0.0,0.0,-29.263888888880444,-39341.25
India,T180_P10_H1000_I0986_CN080_F1,task_size_x1p0,task_size_x0p5,T180_P10_H1000_I0986_F1,0.0,0.0,0.0,-22.876736111080717,-43755.25
India,T180_P10_H1000_I0986_CN090_F1,task_size_x1p0,task_size_x0p5,T180_P10_H1000_I0986_F1,0.0,0.0,0.0,-34.69513888888498,-47923.25
India,T180_P10_H1000_I0986_CN100_F1,task_size_x1p0,task_size_x0p5,T180_P10_H1000_I0986_F1,0.0,0.0,0.0,-21.263888888878867,-52110.0
India,T180_P03_H0500_I0600_CN030_F1,task_size_x1p0,task_size_x2p0,T180_P03_H0500_I0600_F1,-15.519568151147098,-19.02834008097166,-15.946472401820245,57.900694444444014,27203.5
India,T180_P03_H0500_I0600_CN040_F1,task_size_x1p0,task_size_x2p0,T180_P03_H0500_I0600_F1,-17.273954116059386,-18.758434547908237,-17.817582227390602,54.868055555540195,31674.5
India,T180_P03_H0500_I0600_CN050_F1,task_size_x1p0,task_size_x2p0,T180_P03_H0500_I0600_F1,-16.869095816464238,-18.623481781376512,-17.9923387735589,48.868055555549915,37365.0
India,T180_P03_H0500_I0600_CN060_F1,task_size_x1p0,task_size_x2p0,T180_P03_H0500_I0600_F1,-13.900134952766521,-19.70310391363023,-14.95020300712514,56.56874999999741,47066.0
India,T180_P03_H0500_I0600_CN070_F1,task_size_x1p0,task_size_x2p0,T180_P03_H0500_I0600_F1,-12.41565452091767,-17.813765182186245,-12.81683680999926,73.73611111111265,55738.0
India,T180_P03_H0500_I0600_CN080_F1,task_size_x1p0,task_size_x2p0,T180_P03_H0500_I0600_F1,-11.740890688259114,-14.709851551956817,-10.604345207183727,76.2284722222386,65423.0
India,T180_P03_H0500_I0600_CN090_F1,task_size_x1p0,task_size_x2p0,T180_P03_H0500_I0600_F1,-10.256410256410263,-11.875843454790825,-9.066595544478147,76.16736111111194,74329.5
India,T180_P03_H0500_I0600_CN100_F1,task_size_x1p0,task_size_x2p0,T180_P03_H0500_I0600_F1,-8.771929824561397,-9.041835357624834,-7.348834414804145,168.73333333333656,85099.0
India,T180_P03_H0500_I0800_CN030_F1,task_size_x1p0,task_size_x2p0,T180_P03_H0500_I0800_F1,-24.021592442645066,-23.88663967611337,-26.60648201771545,25.500000000000966,16929.0
India,T180_P03_H0500_I0800_CN040_F1,task_size_x1p0,task_size_x2p0,T180_P03_H0500_I0800_F1,-24.291497975708495,-26.315789473684212,-27.864196553649364,27.499999999986926,22322.5
India,T180_P03_H0500_I0800_CN050_F1,task_size_x1p0,task_size_x2p0,T180_P03_H0500_I0800_F1,-28.20512820512821,-34.278002699055335,-29.227510079496128,-13.181944444430087,27591.0
India,T180_P03_H0500_I0800_CN060_F1,task_size_x1p0,task_size_x2p0,T180_P03_H0500_I0800_F1,-26.58569500674765,-34.68286099865046,-26.84428025240706,-16.681944444430712,34308.5
India,T180_P03_H0500_I0800_CN070_F1,task_size_x1p0,task_size_x2p0,T180_P03_H0500_I0800_F1,-25.91093117408907,-35.89743589743589,-24.89641014462198,-21.11597222222207,41304.5
India,T180_P03_H0500_I0800_CN080_F1,task_size_x1p0,task_size_x2p0,T180_P03_H0500_I0800_F1,-27.260458839406205,-36.03238866396761,-24.200232204946516,100.21388888889149,47162.0
India,T180_P03_H0500_I0800_CN090_F1,task_size_x1p0,task_size_x2p0,T180_P03_H0500_I0800_F1,-27.1255060728745,-34.14304993252362,-22.39618343820777,105.91180555559208,54444.0
India,T180_P03_H0500_I0800_CN100_F1,task_size_x1p0,task_size_x2p0,T180_P03_H0500_I0800_F1,-36.16734143049933,-35.22267206477733,-26.494332269413576,120.21388888889004,54720.0
India,T180_P03_H0500_I0986_CN030_F1,task_size_x1p0,task_size_x2p0,T180_P03_H0500_I0986_F1,-0.13495276653171828,-19.703103913630223,-13.575504969869591,7.583333333333371,19787.5
India,T180_P03_H0500_I0986_CN040_F1,task_size_x1p0,task_size_x2p0,T180_P03_H0500_I0986_F1,0.0,-17.678812415654512,-12.627265527287904,11.501388888890745,23815.0
India,T180_P03_H0500_I0986_CN050_F1,task_size_x1p0,task_size_x2p0,T180_P03_H0500_I0986_F1,0.0,-14.304993252361662,-12.167181275715691,13.66805555555743,27234.5
India,T180_P03_H0500_I0986_CN060_F1,task_size_x1p0,task_size_x2p0,T180_P03_H0500_I0986_F1,0.0,-11.875843454790818,-12.099732643292413,15.484027777778294,30464.5
India,T180_P03_H0500_I0986_CN070_F1,task_size_x1p0,task_size_x2p0,T180_P03_H0500_I0986_F1,0.0,-12.415654520917691,-12.464130498386012,10.049999999956015,33980.0
India,T180_P03_H0500_I0986_CN080_F1,task_size_x1p0,task_size_x2p0,T180_P03_H0500_I0986_F1,0.0,-12.145748987854262,-12.709808977712854,6.834722222222638,36851.5
India,T180_P03_H0500_I0986_CN090_F1,task_size_x1p0,task_size_x2p0,T180_P03_H0500_I0986_F1,0.0,-13.090418353576247,-12.687603190344248,5.3326388888887095,40265.0
India,T180_P03_H0500_I0986_CN100_F1,task_size_x1p0,task_size_x2p0,T180_P03_H0500_I0986_F1,0.0,-12.685560053981106,-13.279557772278963,5.302083333332803,43036.0
India,T180_P03_H0800_I0600_CN030_F1,task_size_x1p0,task_size_x2p0,T180_P03_H0800_I0600_F1,-16.194331983805668,-19.568151147098526,-16.082305217993778,63.8354166666723,27417.0
India,T180_P03_H0800_I0600_CN040_F1,task_size_x1p0,task_size_x2p0,T180_P03_H0800_I0600_F1,-15.384615384615387,-17.813765182186245,-16.8035343492908,69.09930555555565,34036.5
India,T180_P03_H0800_I0600_CN050_F1,task_size_x1p0,task_size_x2p0,T180_P03_H0800_I0600_F1,-14.304993252361669,-17.81376518218623,-16.21304766457304,50.70069444444496,41309.5
India,T180_P03_H0800_I0600_CN060_F1,task_size_x1p0,task_size_x2p0,T180_P03_H0800_I0600_F1,-12.55060728744941,-19.298245614035082,-13.40965353062623,53.2993055555537,50852.5
India,T180_P03_H0800_I0600_CN070_F1,task_size_x1p0,task_size_x2p0,T180_P03_H0800_I0600_F1,-11.201079622132255,-16.599190283400816,-10.701088915124714,67.86805555557027,61013.0
India,T180_P03_H0800_I0600_CN080_F1,task_size_x1p0,task_size_x2p0,T180_P03_H0800_I0600_F1,-8.906882591093122,-13.360323886639677,-7.799204026575325,72.36041666665943,72235.0
India,T180_P03_H0800_I0600_CN090_F1,task_size_x1p0,task_size_x2p0,T180_P03_H0800_I0600_F1,-6.612685560053976,-10.931174089068818,-5.324217034000483,97.29652777777997,83580.0
India,T180_P03_H0800_I0600_CN100_F1,task_size_x1p0,task_size_x2p0,T180_P03_H0800_I0600_F1,-4.858299595141702,-4.993252361673413,-3.0157967356246473,168.33472222222858,95385.5
India,T180_P03_H0800_I0800_CN030_F1,task_size_x1p0,task_size_x2p0,T180_P03_H0800_I0800_F1,-17.67881241565452,-26.04588394062079,-18.95496994612317,94.16458333333088,26577.0
India,T180_P03_H0800_I0800_CN040_F1,task_size_x1p0,task_size_x2p0,T180_P03_H0800_I0800_F1,-18.758434547908223,-26.720647773279353,-16.64157675229569,122.0354166666659,35847.5
India,T180_P03_H0800_I0800_CN050_F1,task_size_x1p0,task_size_x2p0,T180_P03_H0800_I0800_F1,-16.734143049932527,-22.672064777327932,-13.275423621690933,163.22847222220122,44914.5
India,T180_P03_H0800_I0800_CN060_F1,task_size_x1p0,task_size_x2p0,T180_P03_H0800_I0800_F1,-15.519568151147084,-17.408906882591097,-10.53957333624001,177.8499999999995,54345.0
India,T180_P03_H0800_I0800_CN070_F1,task_size_x1p0,task_size_x2p0,T180_P03_H0800_I0800_F1,-14.170040485829944,-16.194331983805668,-9.048407901766922,179.5479166666776,62945.5
India,T180_P03_H0800_I0800_CN080_F1,task_size_x1p0,task_size_x2p0,T180_P03_H0800_I0800_F1,-12.685560053981106,-13.090418353576254,-7.579444688260168,182.41597222222117,71539.0
India,T180_P03_H0800_I0800_CN090_F1,task_size_x1p0,task_size_x2p0,T180_P03_H0800_I0800_F1,-11.20107962213224,-11.875843454790825,-6.416953151869592,184.11388888888953,80109.5
India,T180_P03_H0800_I0800_CN100_F1,task_size_x1p0,task_size_x2p0,T180_P03_H0800_I0800_F1,-12.685560053981106,-19.973009446693666,-7.343389360055596,195.41597222222745,86253.0
India,T180_P03_H0800_I0986_CN030_F1,task_size_x1p0,task_size_x2p0,T180_P03_H0800_I0986_F1,-0.6747638326585772,-12.145748987854255,-11.85341639365214,58.70069444445943,23978.5
India,T180_P03_H0800_I0986_CN040_F1,task_size_x1p0,task_size_x2p0,T180_P03_H0800_I0986_F1,-0.8097165991902955,-10.796221322537107,-13.966345373041918,42.968055555555964,28371.5
India,T180_P03_H0800_I0986_CN050_F1,task_size_x1p0,task_size_x2p0,T180_P03_H0800_I0986_F1,-0.9446693657220067,-11.201079622132255,-15.895926335902317,33.46805555556034,32366.5
India,T180_P03_H0800_I0986_CN060_F1,task_size_x1p0,task_size_x2p0,T180_P03_H0800_I0986_F1,-1.3495276653171402,-12.280701754385959,-17.256161020010083,21.80138888891912,35873.0
India,T180_P03_H0800_I0986_CN070_F1,task_size_x1p0,task_size_x2p0,T180_P03_H0800_I0986_F1,-1.0796221322537107,-14.43994601889338,-17.77465089047304,18.416666666666686,39649.5
India,T180_P03_H0800_I0986_CN080_F1,task_size_x1p0,task_size_x2p0,T180_P03_H0800_I0986_F1,-2.0242914979757174,-16.059379217273957,-18.8527894260623,16.666666666666686,43624.5
India,T180_P03_H0800_I0986_CN090_F1,task_size_x1p0,task_size_x2p0,T180_P03_H0800_I0986_F1,-1.6194331983805696,-17.273954116059386,-19.107089516903443,25.763888888835254,47696.0
India,T180_P03_H0800_I0986_CN100_F1,task_size_x1p0,task_size_x2p0,T180_P03_H0800_I0986_F1,-1.889338731443999,-17.948717948717956,-19.342082974324597,26.47152777779246,51761.5
India,T180_P03_H1000_I0600_CN030_F1,task_size_x1p0,task_size_x2p0,T180_P03_H1000_I0600_F1,-15.384615384615387,-18.21862348178138,-15.710274068327053,57.60416666666657,28019.5
India,T180_P03_H1000_I0600_CN040_F1,task_size_x1p0,task_size_x2p0,T180_P03_H1000_I0600_F1,-15.114709851551964,-16.059379217273957,-15.87290094547707,75.09930555555871,34965.5
India,T180_P03_H1000_I0600_CN050_F1,task_size_x1p0,task_size_x2p0,T180_P03_H1000_I0600_F1,-13.360323886639677,-17.408906882591083,-15.183009654391029,45.0027777777816,42869.0
India,T180_P03_H1000_I0600_CN060_F1,task_size_x1p0,task_size_x2p0,T180_P03_H1000_I0600_F1,-12.685560053981092,-19.70310391363023,-12.933708570452481,54.70069444444479,52322.5
India,T180_P03_H1000_I0600_CN070_F1,task_size_x1p0,task_size_x2p0,T180_P03_H1000_I0600_F1,-11.605937921727403,-18.35357624831309,-10.287276648768753,49.263888888897185,61850.0
India,T180_P03_H1000_I0600_CN080_F1,task_size_x1p0,task_size_x2p0,T180_P03_H1000_I0600_F1,-9.311740890688256,-13.225371120107951,-7.373811798250031,76.70069444444397,72792.5
India,T180_P03_H1000_I0600_CN090_F1,task_size_x1p0,task_size_x2p0,T180_P03_H1000_I0600_F1,-6.747638326585701,-10.256410256410263,-5.001900627683696,99.16736111109526,84044.5
India,T180_P03_H1000_I0600_CN100_F1,task_size_x1p0,task_size_x2p0,T180_P03_H1000_I0600_F1,-5.533063427800272,-4.453441295546554,-2.8596587160554208,155.46666666666837,95693.5
India,T180_P03_H1000_I0800_CN030_F1,task_size_x1p0,task_size_x2p0,T180_P03_H1000_I0800_F1,-16.194331983805668,-19.298245614035096,-15.940595432358563,86.1645833333331,28795.0
India,T180_P03_H1000_I0800_CN040_F1,task_size_x1p0,task_size_x2p0,T180_P03_H1000_I0800_F1,-16.059379217273943,-21.052631578947356,-14.601292583983579,91.695138888929,37902.5
India,T180_P03_H1000_I0800_CN050_F1,task_size_x1p0,task_size_x2p0,T180_P03_H1000_I0800_F1,-14.43994601889338,-17.273954116059386,-11.036049925866621,126.3972222222122,48191.5
India,T180_P03_H1000_I0800_CN060_F1,task_size_x1p0,task_size_x2p0,T180_P03_H1000_I0800_F1,-12.415654520917684,-13.090418353576254,-8.138455260930584,147.76458333330802,58579.5
India,T180_P03_H1000_I0800_CN070_F1,task_size_x1p0,task_size_x2p0,T180_P03_H1000_I0800_F1,-11.336032388663966,-10.391363022941974,-5.859830736471636,174.19583333333287,68083.5
India,T180_P03_H1000_I0800_CN080_F1,task_size_x1p0,task_size_x2p0,T180_P03_H1000_I0800_F1,-10.526315789473685,-9.716599190283404,-4.318866155190193,206.1326388888849,77431.5
India,T180_P03_H1000_I0800_CN090_F1,task_size_x1p0,task_size_x2p0,T180_P03_H1000_I0800_F1,-9.311740890688256,-7.152496626180849,-3.0199816132587642,201.6666666666839,87377.5
India,T180_P03_H1000_I0800_CN100_F1,task_size_x1p0,task_size_x2p0,T180_P03_H1000_I0800_F1,-8.502024291497989,-6.882591093117412,-2.2945638440143057,224.2680555555665,96193.0
India,T180_P03_H1000_I0986_CN030_F1,task_size_x1p0,task_size_x2p0,T180_P03_H1000_I0986_F1,-4.183535762483125,-12.010796221322543,-14.290555520314498,62.70416666666716,24615.0
India,T180_P03_H1000_I0986_CN040_F1,task_size_x1p0,task_size_x2p0,T180_P03_H1000_I0986_F1,-5.128205128205117,-12.955465587044529,-16.07558263134021,64.29930555555183,29777.5
India,T180_P03_H1000_I0986_CN050_F1,task_size_x1p0,task_size_x2p0,T180_P03_H1000_I0986_F1,-5.802968960863701,-14.304993252361669,-17.552754172083766,51.134027777780034,34558.5
India,T180_P03_H1000_I0986_CN060_F1,task_size_x1p0,task_size_x2p0,T180_P03_H1000_I0986_F1,-7.1524966261808345,-16.869095816464238,-17.598624281343618,44.82916666666597,40417.0
India,T180_P03_H1000_I0986_CN070_F1,task_size_x1p0,task_size_x2p0,T180_P03_H1000_I0986_F1,-7.017543859649123,-18.083670715249653,-17.423073134266005,40.89861111110463,45291.0
India,T180_P03_H1000_I0986_CN080_F1,task_size_x1p0,task_size_x2p0,T180_P03_H1000_I0986_F1,-7.1524966261808345,-20.3778677462888,-16.904912645949608,45.131249999999596,50607.5
India,T180_P03_H1000_I0986_CN090_F1,task_size_x1p0,task_size_x2p0,T180_P03_H1000_I0986_F1,-8.367071524966263,-21.322537112010806,-16.245573481356004,45.735416666715906,56057.0
India,T180_P03_H1000_I0986_CN100_F1,task_size_x1p0,task_size_x2p0,T180_P03_H1000_I0986_F1,-8.097165991902834,-21.18758434547908,-15.764566823796983,46.43333333332876,61473.5
India,T180_P05_H0500_I0600_CN030_F1,task_size_x1p0,task_size_x2p0,T180_P05_H0500_I0600_F1,-3.2388663967611535,-12.550607287449395,-8.348764883078616,97.56805555555744,28199.5
India,T180_P05_H0500_I0600_CN040_F1,task_size_x1p0,task_size_x2p0,T180_P05_H0500_I0600_F1,-4.048582995951421,-9.8515519568151,-6.375143938523664,90.03472222222359,36083.5
India,T180_P05_H0500_I0600_CN050_F1,task_size_x1p0,task_size_x2p0,T180_P05_H0500_I0600_F1,-4.048582995951421,-5.93792172739542,-4.6385219186082765,69.4923611111073,44851.0
India,T180_P05_H0500_I0600_CN060_F1,task_size_x1p0,task_size_x2p0,T180_P05_H0500_I0600_F1,-4.048582995951406,-4.858299595141702,-3.514103673304973,60.53333333333447,54909.5
India,T180_P05_H0500_I0600_CN070_F1,task_size_x1p0,task_size_x2p0,T180_P05_H0500_I0600_F1,-4.183535762483146,-3.3738191632928505,-2.5918787494610456,81.73611111108693,65497.5
India,T180_P05_H0500_I0600_CN080_F1,task_size_x1p0,task_size_x2p0,T180_P05_H0500_I0600_F1,-5.93792172739542,-3.5087719298245617,-2.159184108050809,78.41597222218266,74289.0
India,T180_P05_H0500_I0600_CN090_F1,task_size_x1p0,task_size_x2p0,T180_P05_H0500_I0600_F1,-4.318488529014843,-2.1592442645074215,-1.3014444780499872,83.52500000000177,86306.0
India,T180_P05_H0500_I0600_CN100_F1,task_size_x1p0,task_size_x2p0,T180_P05_H0500_I0600_F1,-6.207827260458842,-2.564102564102555,-1.7663915255658367,123.16736111110995,92825.0
India,T180_P05_H0500_I0800_CN030_F1,task_size_x1p0,task_size_x2p0,T180_P05_H0500_I0800_F1,-13.225371120107965,-12.685560053981106,-13.775282171740116,31.035416666662826,25748.5
India,T180_P05_H0500_I0800_CN040_F1,task_size_x1p0,task_size_x2p0,T180_P05_H0500_I0800_F1,-15.654520917678823,-13.630229419703099,-15.723956187198553,42.768750000001575,29379.5
India,T180_P05_H0500_I0800_CN050_F1,task_size_x1p0,task_size_x2p0,T180_P05_H0500_I0800_F1,-17.408906882591097,-16.734143049932513,-16.41484340816602,45.202777777818,36160.5
India,T180_P05_H0500_I0800_CN060_F1,task_size_x1p0,task_size_x2p0,T180_P05_H0500_I0800_F1,-15.78947368421052,-18.623481781376526,-14.670152543351762,49.900694444444326,44794.0
India,T180_P05_H0500_I0800_CN070_F1,task_size_x1p0,task_size_x2p0,T180_P05_H0500_I0800_F1,-14.844804318488528,-19.16329284750337,-12.357654251135742,52.86527777777803,54493.5
India,T180_P05_H0500_I0800_CN080_F1,task_size_x1p0,task_size_x2p0,T180_P05_H0500_I0800_F1,-13.09041835357624,-19.02834008097166,-10.100480112218222,67.73333333333278,63989.5
India,T180_P05_H0500_I0800_CN090_F1,task_size_x1p0,task_size_x2p0,T180_P05_H0500_I0800_F1,-10.121457489878537,-17.54385964912281,-6.898499015115803,83.99722222222942,76162.5
India,T180_P05_H0500_I0800_CN100_F1,task_size_x1p0,task_size_x2p0,T180_P05_H0500_I0800_F1,-8.367071524966263,-9.041835357624834,-3.776488478565568,84.90347222222226,89466.0
India,T180_P05_H0500_I0986_CN030_F1,task_size_x1p0,task_size_x2p0,T180_P05_H0500_I0986_F1,-23.75168690958165,-33.87314439946018,-21.196911899372893,64.22013888888864,27007.0
India,T180_P05_H0500_I0986_CN040_F1,task_size_x1p0,task_size_x2p0,T180_P05_H0500_I0986_F1,-12.820512820512818,-22.132253711201088,-13.128848938203646,114.61597222222025,40386.0
India,T180_P05_H0500_I0986_CN050_F1,task_size_x1p0,task_size_x2p0,T180_P05_H0500_I0986_F1,-6.342780026990553,-13.495276653171388,-7.150909324472892,136.91527777776352,55288.0
India,T180_P05_H0500_I0986_CN060_F1,task_size_x1p0,task_size_x2p0,T180_P05_H0500_I0986_F1,-1.214574898785429,-6.747638326585701,-2.2031150611216503,138.0472222222234,69712.5
India,T180_P05_H0500_I0986_CN070_F1,task_size_x1p0,task_size_x2p0,T180_P05_H0500_I0986_F1,0.0,-3.3738191632928505,-0.4327647603573581,110.43402777777854,79754.5
India,T180_P05_H0500_I0986_CN080_F1,task_size_x1p0,task_size_x2p0,T180_P05_H0500_I0986_F1,0.0,-0.5398110661268589,-0.04818927821790453,112.69791666666373,88196.5
India,T180_P05_H0500_I0986_CN090_F1,task_size_x1p0,task_size_x2p0,T180_P05_H0500_I0986_F1,0.0,0.0,-0.041523928163584856,133.6979166666795,95994.0
India,T180_P05_H0500_I0986_CN100_F1,task_size_x1p0,task_size_x2p0,T180_P05_H0500_I0986_F1,0.0,-0.13495276653171118,-0.04152392816361328,120.82986111112741,104097.0
India,T180_P05_H0800_I0600_CN030_F1,task_size_x1p0,task_size_x2p0,T180_P05_H0800_I0600_F1,-1.3495276653171402,-12.280701754385959,-8.062732816736386,113.92569444444379,28293.0
India,T180_P05_H0800_I0600_CN040_F1,task_size_x1p0,task_size_x2p0,T180_P05_H0800_I0600_F1,-2.6990553306342804,-7.557354925775982,-4.408919700333001,90.56597222220222,36958.5
India,T180_P05_H0800_I0600_CN050_F1,task_size_x1p0,task_size_x2p0,T180_P05_H0800_I0600_F1,-3.5087719298245617,-7.017543859649123,-5.72594390681293,72.26388888888616,45913.0
India,T180_P05_H0800_I0600_CN060_F1,task_size_x1p0,task_size_x2p0,T180_P05_H0800_I0600_F1,-2.0242914979757103,-5.668016194331983,-3.9112068252818375,64.36041666664403,57198.5
India,T180_P05_H0800_I0600_CN070_F1,task_size_x1p0,task_size_x2p0,T180_P05_H0800_I0600_F1,-2.6990553306342804,-3.5087719298245617,-2.1855558398120962,77.43402777777374,68634.0
India,T180_P05_H0800_I0600_CN080_F1,task_size_x1p0,task_size_x2p0,T180_P05_H0800_I0600_F1,-4.318488529014843,-2.9689608636977027,-1.9833159850042676,80.2993055555703,78568.0
India,T180_P05_H0800_I0600_CN090_F1,task_size_x1p0,task_size_x2p0,T180_P05_H0800_I0600_F1,-3.778677462887998,-0.9446693657219924,-0.37638469284993903,89.99999999999679,90584.5
India,T180_P05_H0800_I0600_CN100_F1,task_size_x1p0,task_size_x2p0,T180_P05_H0800_I0600_F1,-4.048582995951406,-0.26990553306343656,-0.18126888217523174,124.00000000000284,101349.0
India,T180_P05_H0800_I0800_CN030_F1,task_size_x1p0,task_size_x2p0,T180_P05_H0800_I0800_F1,-16.329284750337393,-20.51282051282051,-16.360088049117877,46.99722222223542,28804.5
India,T180_P05_H0800_I0800_CN040_F1,task_size_x1p0,task_size_x2p0,T180_P05_H0800_I0800_F1,-13.630229419703099,-19.298245614035096,-12.443791992209995,68.56041666665524,39325.0
India,T180_P05_H0800_I0800_CN050_F1,task_size_x1p0,task_size_x2p0,T180_P05_H0800_I0800_F1,-9.851551956815129,-13.76518218623481,-7.696037730506134,99.59861111111059,52146.0
India,T180_P05_H0800_I0800_CN060_F1,task_size_x1p0,task_size_x2p0,T180_P05_H0800_I0800_F1,-6.477732793522264,-10.391363022941974,-3.7349762532758035,86.82986111111461,65857.0
India,T180_P05_H0800_I0800_CN070_F1,task_size_x1p0,task_size_x2p0,T180_P05_H0800_I0800_F1,-4.5883940620782795,-6.882591093117412,-1.3285925403834682,89.30208333333479,77527.5
India,T180_P05_H0800_I0800_CN080_F1,task_size_x1p0,task_size_x2p0,T180_P05_H0800_I0800_F1,-4.318488529014843,-4.318488529014843,-0.327187753954135,126.431250000016,86964.5
India,T180_P05_H0800_I0800_CN090_F1,task_size_x1p0,task_size_x2p0,T180_P05_H0800_I0800_F1,-4.183535762483132,-0.9446693657219924,-0.04062540561395167,132.12916666664714,95551.0
India,T180_P05_H0800_I0800_CN100_F1,task_size_x1p0,task_size_x2p0,T180_P05_H0800_I0800_F1,-2.8340080971659916,0.0,0.0,126.69791666663198,104220.0
India,T180_P05_H0800_I0986_CN030_F1,task_size_x1p0,task_size_x2p0,T180_P05_H0800_I0986_F1,-13.495276653171388,-19.298245614035096,-13.707172478682722,90.29930555556334,34413.5
India,T180_P05_H0800_I0986_CN040_F1,task_size_x1p0,task_size_x2p0,T180_P05_H0800_I0986_F1,-7.827260458839405,-16.599190283400816,-8.216205574268912,122.3756944444425,47481.0
India,T180_P05_H0800_I0986_CN050_F1,task_size_x1p0,task_size_x2p0,T180_P05_H0800_I0986_F1,-1.754385964912288,-10.661268556005396,-3.138215471359942,122.82986111110475,61323.5
India,T180_P05_H0800_I0986_CN060_F1,task_size_x1p0,task_size_x2p0,T180_P05_H0800_I0986_F1,-0.13495276653171118,-6.882591093117412,-0.7681872420432541,110.30208333332504,71264.5
India,T180_P05_H0800_I0986_CN070_F1,task_size_x1p0,task_size_x2p0,T180_P05_H0800_I0986_F1,-0.26990553306343656,-0.40485829959514774,-0.024979238035925277,105.99999999998155,79606.0
India,T180_P05_H0800_I0986_CN080_F1,task_size_x1p0,task_size_x2p0,T180_P05_H0800_I0986_F1,0.0,0.0,0.0,95.56319444444077,87967.5
India,T180_P05_H0800_I0986_CN090_F1,task_size_x1p0,task_size_x2p0,T180_P05_H0800_I0986_F1,0.0,0.0,0.0,101.73333333333724,95867.0
India,T180_P05_H0800_I0986_CN100_F1,task_size_x1p0,task_size_x2p0,T180_P05_H0800_I0986_F1,0.0,0.0,0.0,81.82986111112089,104220.0
India,T180_P05_H1000_I0600_CN030_F1,task_size_x1p0,task_size_x2p0,T180_P05_H1000_I0600_F1,-1.8893387314440133,-10.256410256410263,-4.657143766412361,91.0965277777751,28445.5
India,T180_P05_H1000_I0600_CN040_F1,task_size_x1p0,task_size_x2p0,T180_P05_H1000_I0600_F1,-0.8097165991902813,-7.557354925775982,-3.5607675585390552,113.30208333332945,36997.5
India,T180_P05_H1000_I0600_CN050_F1,task_size_x1p0,task_size_x2p0,T180_P05_H1000_I0600_F1,-1.889338731443999,-4.588394062078265,-2.909425149409742,65.05138888890505,46235.0
India,T180_P05_H1000_I0600_CN060_F1,task_size_x1p0,task_size_x2p0,T180_P05_H1000_I0600_F1,-2.429149797570858,-3.643724696356273,-1.932305838315088,62.13472222222214,57568.0
India,T180_P05_H1000_I0600_CN070_F1,task_size_x1p0,task_size_x2p0,T180_P05_H1000_I0600_F1,-2.1592442645074215,-2.564102564102555,-1.2333743554852958,74.22847222222515,69429.0
India,T180_P05_H1000_I0600_CN080_F1,task_size_x1p0,task_size_x2p0,T180_P05_H1000_I0600_F1,-1.0796221322537178,-1.754385964912288,-0.6501055441733286,87.00277777778575,80477.0
India,T180_P05_H1000_I0600_CN090_F1,task_size_x1p0,task_size_x2p0,T180_P05_H1000_I0600_F1,-2.2941970310391326,-0.26990553306343656,-0.023112480739598595,98.13472222221645,91274.5
India,T180_P05_H1000_I0600_CN100_F1,task_size_x1p0,task_size_x2p0,T180_P05_H1000_I0600_F1,-1.889338731443999,-0.1349527665317254,-0.010272213662048557,123.7333333333525,101942.0
India,T180_P05_H1000_I0800_CN030_F1,task_size_x1p0,task_size_x2p0,T180_P05_H1000_I0800_F1,-13.630229419703099,-19.973009446693652,-13.559491963700921,47.86527777776061,30851.5
India,T180_P05_H1000_I0800_CN040_F1,task_size_x1p0,task_size_x2p0,T180_P05_H1000_I0800_F1,-11.201079622132255,-18.89338731443995,-9.246458174662706,61.598611111110756,42312.0
India,T180_P05_H1000_I0800_CN050_F1,task_size_x1p0,task_size_x2p0,T180_P05_H1000_I0800_F1,-7.422402159244271,-13.495276653171402,-5.291974654306486,77.42847222220323,54753.5
India,T180_P05_H1000_I0800_CN060_F1,task_size_x1p0,task_size_x2p0,T180_P05_H1000_I0800_F1,-5.3981106612685466,-9.716599190283404,-1.9608619929375806,72.96180555555475,67943.0
India,T180_P05_H1000_I0800_CN070_F1,task_size_x1p0,task_size_x2p0,T180_P05_H1000_I0800_F1,-5.128205128205138,-3.9136302294197094,-0.4187007161835652,81.60416666666617,77984.5
India,T180_P05_H1000_I0800_CN080_F1,task_size_x1p0,task_size_x2p0,T180_P05_H1000_I0800_F1,-4.858299595141702,-1.6194331983805768,-0.07745877311093352,91.13194444442584,87008.5
India,T180_P05_H1000_I0800_CN090_F1,task_size_x1p0,task_size_x2p0,T180_P05_H1000_I0800_F1,-4.588394062078265,0.0,0.0,102.82708333333125,95498.0
India,T180_P05_H1000_I0800_CN100_F1,task_size_x1p0,task_size_x2p0,T180_P05_H1000_I0800_F1,-3.643724696356273,0.0,0.0,109.09375000005349,104220.0
India,T180_P05_H1000_I0986_CN030_F1,task_size_x1p0,task_size_x2p0,T180_P05_H1000_I0986_F1,-13.360323886639677,-16.869095816464238,-13.455275835104231,94.9972222222222,34937.0
India,T180_P05_H1000_I0986_CN040_F1,task_size_x1p0,task_size_x2p0,T180_P05_H1000_I0986_F1,-8.367071524966263,-17.408906882591097,-7.9979093679725395,117.86805555555759,47851.5
India,T180_P05_H1000_I0986_CN050_F1,task_size_x1p0,task_size_x2p0,T180_P05_H1000_I0986_F1,-2.1592442645074215,-12.010796221322536,-3.377279016216491,101.56597222221106,60905.5
India,T180_P05_H1000_I0986_CN060_F1,task_size_x1p0,task_size_x2p0,T180_P05_H1000_I0986_F1,-0.40485829959514774,-8.502024291497975,-0.9946849593437008,108.30208333332814,70827.0
India,T180_P05_H1000_I0986_CN070_F1,task_size_x1p0,task_size_x2p0,T180_P05_H1000_I0986_F1,-0.40485829959514774,-1.889338731443985,-0.12668139271060852,102.26388888888917,79329.0
India,T180_P05_H1000_I0986_CN080_F1,task_size_x1p0,task_size_x2p0,T180_P05_H1000_I0986_F1,0.0,0.0,0.0,103.30208333333343,87822.0
India,T180_P05_H1000_I0986_CN090_F1,task_size_x1p0,task_size_x2p0,T180_P05_H1000_I0986_F1,-0.26990553306343656,0.0,0.0,88.16736111111163,95933.0
India,T180_P05_H1000_I0986_CN100_F1,task_size_x1p0,task_size_x2p0,T180_P05_H1000_I0986_F1,0.0,0.0,0.0,84.96180555559393,104220.0
India,T180_P10_H0500_I0600_CN030_F1,task_size_x1p0,task_size_x2p0,T180_P10_H0500_I0600_F1,-9.716599190283404,-21.727395411605933,-14.388337232693416,82.17013888890989,29085.5
India,T180_P10_H0500_I0600_CN040_F1,task_size_x1p0,task_size_x2p0,T180_P10_H0500_I0600_F1,-7.96221322537113,-19.56815114709852,-11.65351075713646,43.13194444444332,38229.0
India,T180_P10_H0500_I0600_CN050_F1,task_size_x1p0,task_size_x2p0,T180_P10_H0500_I0600_F1,-7.1524966261808345,-14.844804318488528,-8.963986667359976,69.66250000001511,47591.5
India,T180_P10_H0500_I0600_CN060_F1,task_size_x1p0,task_size_x2p0,T180_P10_H0500_I0600_F1,-6.612685560053976,-11.875843454790825,-7.414423036724401,69.83263888888649,56978.0
India,T180_P10_H0500_I0600_CN070_F1,task_size_x1p0,task_size_x2p0,T180_P10_H0500_I0600_F1,-5.128205128205124,-9.176788124156545,-4.460977402169291,70.15208333327354,69871.0
India,T180_P10_H0500_I0600_CN080_F1,task_size_x1p0,task_size_x2p0,T180_P10_H0500_I0600_F1,-3.3738191632928505,-9.581646423751693,-3.0753935345389607,69.71249999997801,80207.0
India,T180_P10_H0500_I0600_CN090_F1,task_size_x1p0,task_size_x2p0,T180_P10_H0500_I0600_F1,-2.564102564102555,-5.263157894736835,-1.863945559597724,106.1319444444637,90390.0
India,T180_P10_H0500_I0600_CN100_F1,task_size_x1p0,task_size_x2p0,T180_P10_H0500_I0600_F1,-2.0242914979757103,-4.048582995951421,-1.454172432433296,120.56597222221978,99180.0
India,T180_P10_H0500_I0800_CN030_F1,task_size_x1p0,task_size_x2p0,T180_P10_H0500_I0800_F1,-15.11470985155195,-19.83805668016194,-15.441816092262073,70.43402777777735,30329.5
India,T180_P10_H0500_I0800_CN040_F1,task_size_x1p0,task_size_x2p0,T180_P10_H0500_I0800_F1,-10.391363022941974,-13.495276653171402,-10.784153109586939,94.83263888888877,41104.5
India,T180_P10_H0500_I0800_CN050_F1,task_size_x1p0,task_size_x2p0,T180_P10_H0500_I0800_F1,-5.3981106612685466,-8.367071524966263,-6.05590961993515,119.6569444444018,54308.0
India,T180_P10_H0500_I0800_CN060_F1,task_size_x1p0,task_size_x2p0,T180_P10_H0500_I0800_F1,-1.0796221322537036,-4.453441295546554,-1.5271591920044756,128.86805555555554,69006.5
India,T180_P10_H0500_I0800_CN070_F1,task_size_x1p0,task_size_x2p0,T180_P10_H0500_I0800_F1,0.0,-0.26990553306343656,-0.008322514065056907,117.82986111111252,79153.0
India,T180_P10_H0500_I0800_CN080_F1,task_size_x1p0,task_size_x2p0,T180_P10_H0500_I0800_F1,0.0,0.0,0.0,115.69791666666647,87766.5
India,T180_P10_H0500_I0800_CN090_F1,task_size_x1p0,task_size_x2p0,T180_P10_H0500_I0800_F1,0.0,0.0,0.0,117.82708333332978,96004.0
India,T180_P10_H0500_I0800_CN100_F1,task_size_x1p0,task_size_x2p0,T180_P10_H0500_I0800_F1,0.0,0.0,0.0,102.16736111111135,104220.0
India,T180_P10_H0500_I0986_CN030_F1,task_size_x1p0,task_size_x2p0,T180_P10_H0500_I0986_F1,-16.599190283400816,-20.24291497975709,-16.054247378954003,93.56319444445847,29781.0
India,T180_P10_H0500_I0986_CN040_F1,task_size_x1p0,task_size_x2p0,T180_P10_H0500_I0986_F1,-11.875843454790825,-14.035087719298247,-11.450442115072207,110.99999999998701,40454.5
India,T180_P10_H0500_I0986_CN050_F1,task_size_x1p0,task_size_x2p0,T180_P10_H0500_I0986_F1,-5.802968960863694,-8.097165991902827,-5.714766031309111,135.99999999999656,55335.0
India,T180_P10_H0500_I0986_CN060_F1,task_size_x1p0,task_size_x2p0,T180_P10_H0500_I0986_F1,-2.1592442645074215,-5.802968960863694,-2.4416336881253073,143.99722222221754,68006.5
India,T180_P10_H0500_I0986_CN070_F1,task_size_x1p0,task_size_x2p0,T180_P10_H0500_I0986_F1,0.0,-0.5398110661268589,-0.01868773376871502,127.96180555555551,79200.0
India,T180_P10_H0500_I0986_CN080_F1,task_size_x1p0,task_size_x2p0,T180_P10_H0500_I0986_F1,0.0,0.0,0.0,113.16736111111064,87926.5
India,T180_P10_H0500_I0986_CN090_F1,task_size_x1p0,task_size_x2p0,T180_P10_H0500_I0986_F1,0.0,0.0,0.0,113.46944444445593,95898.5
India,T180_P10_H0500_I0986_CN100_F1,task_size_x1p0,task_size_x2p0,T180_P10_H0500_I0986_F1,0.0,0.0,0.0,99.26111111110244,104220.0
India,T180_P10_H0800_I0600_CN030_F1,task_size_x1p0,task_size_x2p0,T180_P10_H0800_I0600_F1,-2.8340080971659916,-19.298245614035075,-12.170018031525913,83.29652777774612,30727.5
India,T180_P10_H0800_I0600_CN040_F1,task_size_x1p0,task_size_x2p0,T180_P10_H0800_I0600_F1,-2.1592442645074215,-18.35357624831309,-9.435499964585418,21.87083333333746,40064.0
India,T180_P10_H0800_I0600_CN050_F1,task_size_x1p0,task_size_x2p0,T180_P10_H0800_I0600_F1,-2.0242914979757103,-13.495276653171388,-6.8268212409516735,55.83263888887953,50820.5
India,T180_P10_H0800_I0600_CN060_F1,task_size_x1p0,task_size_x2p0,T180_P10_H0800_I0600_F1,-1.3495276653171402,-10.931174089068833,-4.8106704237139155,63.756249999981435,61787.0
India,T180_P10_H0800_I0600_CN070_F1,task_size_x1p0,task_size_x2p0,T180_P10_H0800_I0600_F1,-0.9446693657219924,-6.747638326585701,-1.8886421919030596,73.677083333285,75119.5
India,T180_P10_H0800_I0600_CN080_F1,task_size_x1p0,task_size_x2p0,T180_P10_H0800_I0600_F1,-0.8097165991902813,-7.422402159244271,-1.0777694212476945,74.82986111110367,84972.5
India,T180_P10_H0800_I0600_CN090_F1,task_size_x1p0,task_size_x2p0,T180_P10_H0800_I0600_F1,-0.40485829959513353,-1.6194331983805768,-0.22857142857142776,111.29930555555711,95077.5
India,T180_P10_H0800_I0600_CN100_F1,task_size_x1p0,task_size_x2p0,T180_P10_H0800_I0600_F1,-0.13495276653171118,-0.8097165991902813,-0.04650147150147177,128.22291666665942,103945.0
India,T180_P10_H0800_I0800_CN030_F1,task_size_x1p0,task_size_x2p0,T180_P10_H0800_I0800_F1,-10.931174089068833,-19.433198380566807,-13.214608604577833,54.99999999999977,33269.0
India,T180_P10_H0800_I0800_CN040_F1,task_size_x1p0,task_size_x2p0,T180_P10_H0800_I0800_F1,-6.882591093117412,-14.035087719298247,-7.794189681239374,74.56875000000542,45632.0
India,T180_P10_H0800_I0800_CN050_F1,task_size_x1p0,task_size_x2p0,T180_P10_H0800_I0800_F1,-1.4844804318488514,-8.232118758434552,-2.5870828310281837,100.56319444444622,59588.5
India,T180_P10_H0800_I0800_CN060_F1,task_size_x1p0,task_size_x2p0,T180_P10_H0800_I0800_F1,0.0,-3.9136302294197094,-0.30089136486553514,103.99999999998599,70345.5
India,T180_P10_H0800_I0800_CN070_F1,task_size_x1p0,task_size_x2p0,T180_P10_H0800_I0800_F1,0.0,-0.40485829959514774,-0.014471535947635061,112.60138888888882,78761.5
India,T180_P10_H0800_I0800_CN080_F1,task_size_x1p0,task_size_x2p0,T180_P10_H0800_I0800_F1,0.0,0.0,0.0,106.65972222218532,87499.5
India,T180_P10_H0800_I0800_CN090_F1,task_size_x1p0,task_size_x2p0,T180_P10_H0800_I0800_F1,0.0,0.0,0.0,103.12916666666604,95936.5
India,T180_P10_H0800_I0800_CN100_F1,task_size_x1p0,task_size_x2p0,T180_P10_H0800_I0800_F1,0.0,0.0,0.0,96.29930555551424,104220.0
India,T180_P10_H0800_I0986_CN030_F1,task_size_x1p0,task_size_x2p0,T180_P10_H0800_I0986_F1,-12.280701754385973,-19.433198380566793,-12.694297080400048,62.63680555555558,33721.0
India,T180_P10_H0800_I0986_CN040_F1,task_size_x1p0,task_size_x2p0,T180_P10_H0800_I0986_F1,-7.692307692307693,-13.900134952766535,-7.583869708698813,85.16458333333304,46330.0
India,T180_P10_H0800_I0986_CN050_F1,task_size_x1p0,task_size_x2p0,T180_P10_H0800_I0986_F1,-1.214574898785429,-6.342780026990553,-1.684879941919334,94.2638888888824,61058.0
India,T180_P10_H0800_I0986_CN060_F1,task_size_x1p0,task_size_x2p0,T180_P10_H0800_I0986_F1,0.0,-4.183535762483132,-0.2196802980502639,86.56597222222223,70508.5
India,T180_P10_H0800_I0986_CN070_F1,task_size_x1p0,task_size_x2p0,T180_P10_H0800_I0986_F1,0.0,0.0,0.0,95.90625000001727,78747.5
India,T180_P10_H0800_I0986_CN080_F1,task_size_x1p0,task_size_x2p0,T180_P10_H0800_I0986_F1,0.0,0.0,0.0,90.86527777778113,87507.5
India,T180_P10_H0800_I0986_CN090_F1,task_size_x1p0,task_size_x2p0,T180_P10_H0800_I0986_F1,0.0,0.0,0.0,84.82986111109057,95948.0
India,T180_P10_H0800_I0986_CN100_F1,task_size_x1p0,task_size_x2p0,T180_P10_H0800_I0986_F1,0.0,0.0,0.0,87.29930555555195,104220.0
India,T180_P10_H1000_I0600_CN030_F1,task_size_x1p0,task_size_x2p0,T180_P10_H1000_I0600_F1,-0.8097165991902813,-17.27395411605937,-10.998512328625509,74.0,30783.5
India,T180_P10_H1000_I0600_CN040_F1,task_size_x1p0,task_size_x2p0,T180_P10_H1000_I0600_F1,-0.40485829959513353,-15.65452091767881,-9.018641956070013,40.6743055555192,40033.0
India,T180_P10_H1000_I0600_CN050_F1,task_size_x1p0,task_size_x2p0,T180_P10_H1000_I0600_F1,-1.0796221322537178,-15.519568151147084,-6.894130362152438,52.86805555555523,50848.0
India,T180_P10_H1000_I0600_CN060_F1,task_size_x1p0,task_size_x2p0,T180_P10_H1000_I0600_F1,-0.9446693657220067,-11.336032388663966,-4.3504474949643,57.697916666666686,62688.0
India,T180_P10_H1000_I0600_CN070_F1,task_size_x1p0,task_size_x2p0,T180_P10_H1000_I0600_F1,-0.5398110661268589,-13.225371120107965,-2.1113919568710457,51.697916666665634,75252.0
India,T180_P10_H1000_I0600_CN080_F1,task_size_x1p0,task_size_x2p0,T180_P10_H1000_I0600_F1,0.0,-7.017543859649123,-0.6708167994913339,76.80902777776282,85664.5
India,T180_P10_H1000_I0600_CN090_F1,task_size_x1p0,task_size_x2p0,T180_P10_H1000_I0600_F1,-0.13495276653171118,-3.643724696356273,-0.4935326918252372,98.0729166666666,94807.0
India,T180_P10_H1000_I0600_CN100_F1,task_size_x1p0,task_size_x2p0,T180_P10_H1000_I0600_F1,-0.13495276653171118,-0.6747638326585701,-0.0554191842697378,123.77152777776901,103881.0
India,T180_P10_H1000_I0800_CN030_F1,task_size_x1p0,task_size_x2p0,T180_P10_H1000_I0800_F1,-11.201079622132255,-19.163292847503385,-12.57299651581151,31.56874999999968,33853.0
India,T180_P10_H1000_I0800_CN040_F1,task_size_x1p0,task_size_x2p0,T180_P10_H1000_I0800_F1,-4.723346828609991,-14.844804318488528,-7.171454217015437,69.43125000000677,46479.0
India,T180_P10_H1000_I0800_CN050_F1,task_size_x1p0,task_size_x2p0,T180_P10_H1000_I0800_F1,-0.5398110661268589,-7.692307692307693,-1.9353210887180694,95.69791666666762,60299.5
India,T180_P10_H1000_I0800_CN060_F1,task_size_x1p0,task_size_x2p0,T180_P10_H1000_I0800_F1,0.0,-3.5087719298245617,-0.34108459576394523,86.2256944444486,70035.0
India,T180_P10_H1000_I0800_CN070_F1,task_size_x1p0,task_size_x2p0,T180_P10_H1000_I0800_F1,0.0,-0.6747638326585701,-0.030758465306362837,87.69513888888166,78619.0
India,T180_P10_H1000_I0800_CN080_F1,task_size_x1p0,task_size_x2p0,T180_P10_H1000_I0800_F1,0.0,0.0,0.0,91.13194444444451,87399.0
India,T180_P10_H1000_I0800_CN090_F1,task_size_x1p0,task_size_x2p0,T180_P10_H1000_I0800_F1,0.0,0.0,0.0,92.29930555552536,95780.5
India,T180_P10_H1000_I0800_CN100_F1,task_size_x1p0,task_size_x2p0,T180_P10_H1000_I0800_F1,0.0,0.0,0.0,93.96180555552023,104220.0
India,T180_P10_H1000_I0986_CN030_F1,task_size_x1p0,task_size_x2p0,T180_P10_H1000_I0986_F1,-10.796221322537107,-19.163292847503357,-10.87579473995072,32.263888888885674,35701.5
India,T180_P10_H1000_I0986_CN040_F1,task_size_x1p0,task_size_x2p0,T180_P10_H1000_I0986_F1,-3.778677462887998,-13.495276653171402,-4.903176826334004,66.60138888892155,49897.5
India,T180_P10_H1000_I0986_CN050_F1,task_size_x1p0,task_size_x2p0,T180_P10_H1000_I0986_F1,-0.26990553306343656,-7.422402159244271,-1.379649506571397,95.9618055555595,61447.5
India,T180_P10_H1000_I0986_CN060_F1,task_size_x1p0,task_size_x2p0,T180_P10_H1000_I0986_F1,0.0,-4.453441295546554,-0.2734360128870321,89.96180555549478,70150.5
India,T180_P10_H1000_I0986_CN070_F1,task_size_x1p0,task_size_x2p0,T180_P10_H1000_I0986_F1,0.0,0.0,0.0,80.94444444447275,78682.5
India,T180_P10_H1000_I0986_CN080_F1,task_size_x1p0,task_size_x2p0,T180_P10_H1000_I0986_F1,0.0,0.0,0.0,61.228472222206506,87510.5
India,T180_P10_H1000_I0986_CN090_F1,task_size_x1p0,task_size_x2p0,T180_P10_H1000_I0986_F1,0.0,0.0,0.0,82.13194444442742,95846.5
India,T180_P10_H1000_I0986_CN100_F1,task_size_x1p0,task_size_x2p0,T180_P10_H1000_I0986_F1,0.0,0.0,0.0,88.07361111111578,104220.0
India,T180_P03_H0500_I0600_CN030_F1,task_size_x1p0,task_size_x4p0,T180_P03_H0500_I0600_F1,-30.094466936572204,-47.233468286099864,-34.64775175677415,64.29930555555603,59981.5
India,T180_P03_H0500_I0600_CN040_F1,task_size_x1p0,task_size_x4p0,T180_P03_H0500_I0600_F1,-32.52361673414305,-49.39271255060729,-35.72502726075568,94.13194444442973,73452.5
India,T180_P03_H0500_I0600_CN050_F1,task_size_x1p0,task_size_x4p0,T180_P03_H0500_I0600_F1,-32.52361673414305,-45.74898785425101,-35.16403863933286,117.86805555554844,88197.0
India,T180_P03_H0500_I0600_CN060_F1,task_size_x1p0,task_size_x4p0,T180_P03_H0500_I0600_F1,-31.848852901484477,-42.51012145748989,-31.96752839006848,150.56875000001975,106770.0
India,T180_P03_H0500_I0600_CN070_F1,task_size_x1p0,task_size_x4p0,T180_P03_H0500_I0600_F1,-31.174089068825893,-37.11201079622132,-29.742216809027013,168.13194444444406,123849.0
India,T180_P03_H0500_I0600_CN080_F1,task_size_x1p0,task_size_x4p0,T180_P03_H0500_I0600_F1,-30.094466936572204,-33.603238866396765,-28.222938453634242,188.09652777777538,141770.0
India,T180_P03_H0500_I0600_CN090_F1,task_size_x1p0,task_size_x4p0,T180_P03_H0500_I0600_F1,-29.419703103913633,-31.174089068825907,-26.479198924898327,198.56875000003492,159474.5
India,T180_P03_H0500_I0600_CN100_F1,task_size_x1p0,task_size_x4p0,T180_P03_H0500_I0600_F1,-36.16734143049933,-38.32658569500675,-28.638676542516876,192.34027777778388,162890.0
India,T180_P03_H0500_I0800_CN030_F1,task_size_x1p0,task_size_x4p0,T180_P03_H0500_I0800_F1,-46.42375168690957,-45.07422402159246,-50.78661202676301,25.36805555556151,25295.0
India,T180_P03_H0500_I0800_CN040_F1,task_size_x1p0,task_size_x4p0,T180_P03_H0500_I0800_F1,-47.23346828609986,-48.98785425101215,-52.45582416449486,27.36805555553633,34532.5
India,T180_P03_H0500_I0800_CN050_F1,task_size_x1p0,task_size_x4p0,T180_P03_H0500_I0800_F1,-51.282051282051285,-56.275303643724705,-54.800105095888654,-0.18194444444418423,41935.0
India,T180_P03_H0500_I0800_CN060_F1,task_size_x1p0,task_size_x4p0,T180_P03_H0500_I0800_F1,-51.01214574898786,-56.81511470985155,-53.54059624652902,1.8180555555581464,52613.5
India,T180_P03_H0500_I0800_CN070_F1,task_size_x1p0,task_size_x4p0,T180_P03_H0500_I0800_F1,-52.4966261808367,-59.649122807017534,-52.835634016887745,-1.7479166666668675,60306.5
India,T180_P03_H0500_I0800_CN080_F1,task_size_x1p0,task_size_x4p0,T180_P03_H0500_I0800_F1,-54.11605937921727,-61.53846153846154,-52.83964810156221,118.58194444441179,67846.0
India,T180_P03_H0500_I0800_CN090_F1,task_size_x1p0,task_size_x4p0,T180_P03_H0500_I0800_F1,-55.195681511470994,-59.64912280701755,-52.11793989554114,128.01597222222142,77193.0
India,T180_P03_H0500_I0800_CN100_F1,task_size_x1p0,task_size_x4p0,T180_P03_H0500_I0800_F1,-62.61808367071525,-63.42780026990553,-55.8869139411433,134.58194444445058,74224.0
India,T180_P03_H0500_I0986_CN030_F1,task_size_x1p0,task_size_x4p0,T180_P03_H0500_I0986_F1,-13.090418353576247,-44.26450742240215,-35.19772226272394,8.269444444444275,34689.5
India,T180_P03_H0500_I0986_CN040_F1,task_size_x1p0,task_size_x4p0,T180_P03_H0500_I0986_F1,-12.145748987854255,-43.859649122807014,-33.02840522752854,11.055555555560431,44923.0
India,T180_P03_H0500_I0986_CN050_F1,task_size_x1p0,task_size_x4p0,T180_P03_H0500_I0986_F1,-10.526315789473685,-41.43049932523616,-31.233907245560168,13.536111111128434,55016.5
India,T180_P03_H0500_I0986_CN060_F1,task_size_x1p0,task_size_x4p0,T180_P03_H0500_I0986_F1,-8.367071524966263,-37.7867746288799,-29.09609626743076,15.352083333349299,65967.5
India,T180_P03_H0500_I0986_CN070_F1,task_size_x1p0,task_size_x4p0,T180_P03_H0500_I0986_F1,-7.692307692307693,-37.11201079622133,-28.923661735106414,13.315277777733854,75326.0
India,T180_P03_H0500_I0986_CN080_F1,task_size_x1p0,task_size_x4p0,T180_P03_H0500_I0986_F1,-6.882591093117412,-34.54790823211877,-28.27104623058119,13.269444444455473,84020.5
India,T180_P03_H0500_I0986_CN090_F1,task_size_x1p0,task_size_x4p0,T180_P03_H0500_I0986_F1,-5.2631578947368425,-34.14304993252362,-27.513491387751394,18.652083333336634,93519.0
India,T180_P03_H0500_I0986_CN100_F1,task_size_x1p0,task_size_x4p0,T180_P03_H0500_I0986_F1,-5.2631578947368425,-31.98380566801619,-28.165279367565063,21.352083333332814,101518.0
India,T180_P03_H0800_I0600_CN030_F1,task_size_x1p0,task_size_x4p0,T180_P03_H0800_I0600_F1,-28.879892037786774,-44.66936572199731,-32.49435116213035,57.871527777777885,64435.0
India,T180_P03_H0800_I0600_CN040_F1,task_size_x1p0,task_size_x4p0,T180_P03_H0800_I0600_F1,-29.959514170040478,-44.80431848852902,-33.18459489447716,82.96736111112807,80832.5
India,T180_P03_H0800_I0600_CN050_F1,task_size_x1p0,task_size_x4p0,T180_P03_H0800_I0600_F1,-30.09446693657219,-43.31983805668017,-32.33220687872199,106.56875000000039,98290.5
India,T180_P03_H0800_I0600_CN060_F1,task_size_x1p0,task_size_x4p0,T180_P03_H0800_I0600_F1,-28.87989203778679,-40.48582995951417,-29.46959977126889,131.43680555558825,117190.5
India,T180_P03_H0800_I0600_CN070_F1,task_size_x1p0,task_size_x4p0,T180_P03_H0800_I0600_F1,-27.935222672064782,-35.492577597840764,-26.54048519937122,168.3958333333382,136992.0
India,T180_P03_H0800_I0600_CN080_F1,task_size_x1p0,task_size_x4p0,T180_P03_H0800_I0600_F1,-26.720647773279353,-31.983805668016203,-24.215453098462532,187.22847222221853,157514.0
India,T180_P03_H0800_I0600_CN090_F1,task_size_x1p0,task_size_x4p0,T180_P03_H0800_I0600_F1,-25.506072874493924,-29.14979757085021,-22.428311215322807,196.43402777779457,176824.0
India,T180_P03_H0800_I0600_CN100_F1,task_size_x1p0,task_size_x4p0,T180_P03_H0800_I0600_F1,-25.77597840755736,-25.77597840755736,-21.38587603380303,211.86805555557245,193526.5
India,T180_P03_H0800_I0800_CN030_F1,task_size_x1p0,task_size_x4p0,T180_P03_H0800_I0800_F1,-46.96356275303644,-53.44129554655871,-47.75369552283287,91.56319444444154,43752.0
India,T180_P03_H0800_I0800_CN040_F1,task_size_x1p0,task_size_x4p0,T180_P03_H0800_I0800_F1,-47.098515519568146,-58.70445344129555,-46.1270551240577,121.74930555555491,59872.5
India,T180_P03_H0800_I0800_CN050_F1,task_size_x1p0,task_size_x4p0,T180_P03_H0800_I0800_F1,-44.39946018893388,-57.2199730094467,-42.5796778995339,147.51319444442362,76954.5
India,T180_P03_H0800_I0800_CN060_F1,task_size_x1p0,task_size_x4p0,T180_P03_H0800_I0800_F1,-42.780026990553296,-55.19568151147099,-39.89683706487537,175.31666666668548,93440.0
India,T180_P03_H0800_I0800_CN070_F1,task_size_x1p0,task_size_x4p0,T180_P03_H0800_I0800_F1,-43.45479082321187,-54.790823211875846,-38.541523583291585,176.88263888889165,107913.5
India,T180_P03_H0800_I0800_CN080_F1,task_size_x1p0,task_size_x4p0,T180_P03_H0800_I0800_F1,-42.375168690958155,-52.361673414304995,-37.34033317673598,162.7006944444438,121646.0
India,T180_P03_H0800_I0800_CN090_F1,task_size_x1p0,task_size_x4p0,T180_P03_H0800_I0800_F1,-43.45479082321187,-51.417004048582996,-36.55235259844762,155.3986111111129,135390.5
India,T180_P03_H0800_I0800_CN100_F1,task_size_x1p0,task_size_x4p0,T180_P03_H0800_I0800_F1,-46.963562753036435,-52.226720647773284,-38.51563633189042,194.28402777776594,142783.0
India,T180_P03_H0800_I0986_CN030_F1,task_size_x1p0,task_size_x4p0,T180_P03_H0800_I0986_F1,-6.882591093117412,-39.946018893387325,-31.713132061006185,58.83263888888678,50320.5
India,T180_P03_H0800_I0986_CN040_F1,task_size_x1p0,task_size_x4p0,T180_P03_H0800_I0986_F1,-4.453441295546568,-36.03238866396761,-31.88157079496088,65.83611111111122,64546.5
India,T180_P03_H0800_I0986_CN050_F1,task_size_x1p0,task_size_x4p0,T180_P03_H0800_I0986_F1,-3.3738191632928576,-34.54790823211876,-31.991171709766192,70.6388888888905,77539.5
India,T180_P03_H0800_I0986_CN060_F1,task_size_x1p0,task_size_x4p0,T180_P03_H0800_I0986_F1,-3.5087719298245617,-33.46828609986505,-31.737471253034236,76.93333333333334,90346.0
India,T180_P03_H0800_I0986_CN070_F1,task_size_x1p0,task_size_x4p0,T180_P03_H0800_I0986_F1,-2.429149797570851,-31.848852901484477,-31.055415541899613,79.64999999999998,103307.5
India,T180_P03_H0800_I0986_CN080_F1,task_size_x1p0,task_size_x4p0,T180_P03_H0800_I0986_F1,-2.8340080971659916,-33.33333333333333,-31.602517373377253,80.39999999999998,114791.5
India,T180_P03_H0800_I0986_CN090_F1,task_size_x1p0,task_size_x4p0,T180_P03_H0800_I0986_F1,-2.2941970310391326,-33.8731443994602,-31.658761574820005,90.26666666663664,125695.0
India,T180_P03_H0800_I0986_CN100_F1,task_size_x1p0,task_size_x4p0,T180_P03_H0800_I0986_F1,-2.564102564102562,-32.793522267206484,-31.897028795381928,94.06458333331562,135949.5
India,T180_P03_H1000_I0600_CN030_F1,task_size_x1p0,task_size_x4p0,T180_P03_H1000_I0600_F1,-28.609986504723352,-43.18488529014844,-31.413649731016505,59.401388888887254,65930.5
India,T180_P03_H1000_I0600_CN040_F1,task_size_x1p0,task_size_x4p0,T180_P03_H1000_I0600_F1,-29.554655870445345,-42.64507422402159,-31.428660724392856,81.83263888888825,83385.5
India,T180_P03_H1000_I0600_CN050_F1,task_size_x1p0,task_size_x4p0,T180_P03_H1000_I0600_F1,-28.609986504723338,-41.430499325236156,-30.629404572961064,92.33749999999975,101608.0
India,T180_P03_H1000_I0600_CN060_F1,task_size_x1p0,task_size_x4p0,T180_P03_H1000_I0600_F1,-28.205128205128204,-39.94601889338731,-28.3475803033067,131.09652777777498,120777.5
India,T180_P03_H1000_I0600_CN070_F1,task_size_x1p0,task_size_x4p0,T180_P03_H1000_I0600_F1,-27.665317139001345,-35.62753036437247,-25.78950016998286,146.3986111111113,139561.0
India,T180_P03_H1000_I0600_CN080_F1,task_size_x1p0,task_size_x4p0,T180_P03_H1000_I0600_F1,-26.180836707152494,-32.253711201079625,-23.507178337567126,179.0965277777778,159997.5
India,T180_P03_H1000_I0600_CN090_F1,task_size_x1p0,task_size_x4p0,T180_P03_H1000_I0600_F1,-25.64102564102565,-28.744939271255063,-21.60056214910948,196.3020833333166,179715.5
India,T180_P03_H1000_I0600_CN100_F1,task_size_x1p0,task_size_x4p0,T180_P03_H1000_I0600_F1,-24.42645074224022,-24.29149797570851,-20.243036447217165,208.3347222222594,199071.5
India,T180_P03_H1000_I0800_CN030_F1,task_size_x1p0,task_size_x4p0,T180_P03_H1000_I0800_F1,-39.81106612685559,-47.908232118758434,-39.75265598658571,89.56597222221706,55413.0
India,T180_P03_H1000_I0800_CN040_F1,task_size_x1p0,task_size_x4p0,T180_P03_H1000_I0800_F1,-38.326585695006735,-51.95681511470984,-37.18365165485593,111.09652777778084,75150.5
India,T180_P03_H1000_I0800_CN050_F1,task_size_x1p0,task_size_x4p0,T180_P03_H1000_I0800_F1,-34.81781376518219,-47.77327935222672,-33.13990989082184,151.99999999999076,94476.5
India,T180_P03_H1000_I0800_CN060_F1,task_size_x1p0,task_size_x4p0,T180_P03_H1000_I0800_F1,-33.33333333333333,-46.01889338731445,-30.029241903028705,174.7006944444192,113970.5
India,T180_P03_H1000_I0800_CN070_F1,task_size_x1p0,task_size_x4p0,T180_P03_H1000_I0800_F1,-31.713900134952766,-43.859649122807014,-27.431517524106653,203.33472222222179,134371.5
India,T180_P03_H1000_I0800_CN080_F1,task_size_x1p0,task_size_x4p0,T180_P03_H1000_I0800_F1,-31.174089068825907,-39.54116059379217,-25.559911985507142,211.43541666666272,153216.5
India,T180_P03_H1000_I0800_CN090_F1,task_size_x1p0,task_size_x4p0,T180_P03_H1000_I0800_F1,-32.52361673414305,-38.86639676113361,-26.01013887910625,214.53472222222166,167557.5
India,T180_P03_H1000_I0800_CN100_F1,task_size_x1p0,task_size_x4p0,T180_P03_H1000_I0800_F1,-35.76248313090418,-43.99460188933873,-28.988843441236313,225.53472222224326,175015.0
India,T180_P03_H1000_I0986_CN030_F1,task_size_x1p0,task_size_x4p0,T180_P03_H1000_I0986_F1,-6.477732793522264,-39.001349527665326,-32.9413116230049,65.90000000000003,54894.0
India,T180_P03_H1000_I0986_CN040_F1,task_size_x1p0,task_size_x4p0,T180_P03_H1000_I0986_F1,-6.882591093117398,-38.46153846153846,-33.338276196068314,87.89652777777377,70709.5
India,T180_P03_H1000_I0986_CN050_F1,task_size_x1p0,task_size_x4p0,T180_P03_H1000_I0986_F1,-7.557354925775982,-35.89743589743589,-32.90538362146334,98.56874999999974,86350.5
India,T180_P03_H1000_I0986_CN060_F1,task_size_x1p0,task_size_x4p0,T180_P03_H1000_I0986_F1,-8.906882591093115,-36.70715249662618,-32.2878796982028,101.96388888888833,100857.0
India,T180_P03_H1000_I0986_CN070_F1,task_size_x1p0,task_size_x4p0,T180_P03_H1000_I0986_F1,-8.771929824561397,-34.95276653171389,-31.40090399659195,101.56805555556758,114623.0
India,T180_P03_H1000_I0986_CN080_F1,task_size_x1p0,task_size_x4p0,T180_P03_H1000_I0986_F1,-8.771929824561404,-35.222672064777335,-30.47814446439395,104.32986111111072,128020.5
India,T180_P03_H1000_I0986_CN090_F1,task_size_x1p0,task_size_x4p0,T180_P03_H1000_I0986_F1,-9.986504723346833,-34.412955465587046,-29.73900182891198,107.86319444444283,140880.0
India,T180_P03_H1000_I0986_CN100_F1,task_size_x1p0,task_size_x4p0,T180_P03_H1000_I0986_F1,-9.851551956815122,-33.603238866396765,-29.24160629200712,108.83194444447437,153427.5
India,T180_P05_H0500_I0600_CN030_F1,task_size_x1p0,task_size_x4p0,T180_P05_H0500_I0600_F1,-9.176788124156552,-40.21592442645074,-25.646860880957618,161.4333333333449,65016.5
India,T180_P05_H0500_I0600_CN040_F1,task_size_x1p0,task_size_x4p0,T180_P05_H0500_I0600_F1,-9.041835357624834,-34.68286099865046,-22.457871838100388,170.9027777777793,83204.5
India,T180_P05_H0500_I0600_CN050_F1,task_size_x1p0,task_size_x4p0,T180_P05_H0500_I0600_F1,-9.986504723346826,-24.69635627530365,-20.39014751526051,198.3604166666628,101893.0
India,T180_P05_H0500_I0600_CN060_F1,task_size_x1p0,task_size_x4p0,T180_P05_H0500_I0600_F1,-8.232118758434552,-21.59244264507423,-17.84853122693673,199.401388888889,123201.5
India,T180_P05_H0500_I0600_CN070_F1,task_size_x1p0,task_size_x4p0,T180_P05_H0500_I0600_F1,-7.96221322537113,-19.568151147098504,-17.331168232078937,185.86805555552905,141245.5
India,T180_P05_H0500_I0600_CN080_F1,task_size_x1p0,task_size_x4p0,T180_P05_H0500_I0600_F1,-9.176788124156545,-19.02834008097166,-16.590521738056935,173.2840277777364,159468.0
India,T180_P05_H0500_I0600_CN090_F1,task_size_x1p0,task_size_x4p0,T180_P05_H0500_I0600_F1,-8.097165991902834,-17.81376518218623,-16.37417592130869,173.9263888889093,174924.0
India,T180_P05_H0500_I0600_CN100_F1,task_size_x1p0,task_size_x4p0,T180_P05_H0500_I0600_F1,-12.820512820512825,-17.54385964912281,-16.66335702233316,186.56874999999914,190206.0
India,T180_P05_H0500_I0800_CN030_F1,task_size_x1p0,task_size_x4p0,T180_P05_H0500_I0800_F1,-27.530364372469634,-37.78677462887988,-32.24572061813391,114.56874999999596,57374.5
India,T180_P05_H0500_I0800_CN040_F1,task_size_x1p0,task_size_x4p0,T180_P05_H0500_I0800_F1,-29.419703103913633,-32.79352226720648,-32.387108959971435,139.30208333333334,71150.5
India,T180_P05_H0500_I0800_CN050_F1,task_size_x1p0,task_size_x4p0,T180_P05_H0500_I0800_F1,-31.98380566801619,-34.278002699055335,-33.276361364738165,133.6041666666662,85928.5
India,T180_P05_H0500_I0800_CN060_F1,task_size_x1p0,task_size_x4p0,T180_P05_H0500_I0800_F1,-32.38866396761132,-36.43724696356276,-32.41792561282051,120.76875000000095,101121.0
India,T180_P05_H0500_I0800_CN070_F1,task_size_x1p0,task_size_x4p0,T180_P05_H0500_I0800_F1,-32.388663967611336,-36.0323886639676,-30.8106462069573,120.00000000001648,116240.5
India,T180_P05_H0500_I0800_CN080_F1,task_size_x1p0,task_size_x4p0,T180_P05_H0500_I0800_F1,-31.309041835357633,-34.95276653171389,-29.289612968956817,108.3402777777776,133256.5
India,T180_P05_H0500_I0800_CN090_F1,task_size_x1p0,task_size_x4p0,T180_P05_H0500_I0800_F1,-30.769230769230774,-33.33333333333334,-27.754069316752748,107.8652777777773,150165.5
India,T180_P05_H0500_I0800_CN100_F1,task_size_x1p0,task_size_x4p0,T180_P05_H0500_I0800_F1,-29.419703103913633,-30.634278002699062,-25.883511318634305,111.03541666667067,169058.0
India,T180_P05_H0500_I0986_CN030_F1,task_size_x1p0,task_size_x4p0,T180_P05_H0500_I0986_F1,-61.53846153846154,-68.42105263157895,-55.19454815312573,64.51597222222222,33012.0
India,T180_P05_H0500_I0986_CN040_F1,task_size_x1p0,task_size_x4p0,T180_P05_H0500_I0986_F1,-52.631578947368425,-62.88798920377868,-47.79974710340957,114.48402777776846,52784.0
India,T180_P05_H0500_I0986_CN050_F1,task_size_x1p0,task_size_x4p0,T180_P05_H0500_I0986_F1,-48.71794871794872,-57.759784075573556,-42.727368014537134,137.1819444444312,72658.0
India,T180_P05_H0500_I0986_CN060_F1,task_size_x1p0,task_size_x4p0,T180_P05_H0500_I0986_F1,-41.7004048582996,-51.82186234817814,-36.539823381072836,157.65138888890732,98458.5
India,T180_P05_H0500_I0986_CN070_F1,task_size_x1p0,task_size_x4p0,T180_P05_H0500_I0986_F1,-37.7867746288799,-48.178137651821864,-32.62348546988835,160.35208333334194,119652.5
India,T180_P05_H0500_I0986_CN080_F1,task_size_x1p0,task_size_x4p0,T180_P05_H0500_I0986_F1,-34.0080971659919,-43.45479082321188,-28.83736883968382,182.87986111111826,143764.5
India,T180_P05_H0500_I0986_CN090_F1,task_size_x1p0,task_size_x4p0,T180_P05_H0500_I0986_F1,-30.364372469635626,-38.056680161943326,-25.985015117021263,215.87986111111118,165053.0
India,T180_P05_H0500_I0986_CN100_F1,task_size_x1p0,task_size_x4p0,T180_P05_H0500_I0986_F1,-28.070175438596493,-27.530364372469634,-23.377735672196508,236.0826388888894,188567.0
India,T180_P05_H0800_I0600_CN030_F1,task_size_x1p0,task_size_x4p0,T180_P05_H0800_I0600_F1,-4.858299595141702,-40.62078272604588,-23.125048330571943,160.2604166666682,68374.0
India,T180_P05_H0800_I0600_CN040_F1,task_size_x1p0,task_size_x4p0,T180_P05_H0800_I0600_F1,-5.668016194331983,-36.43724696356276,-19.636920214253635,170.29930555553574,87210.5
India,T180_P05_H0800_I0600_CN050_F1,task_size_x1p0,task_size_x4p0,T180_P05_H0800_I0600_F1,-6.477732793522279,-25.506072874493924,-18.897379775342472,196.2638888888864,106496.0
India,T180_P05_H0800_I0600_CN060_F1,task_size_x1p0,task_size_x4p0,T180_P05_H0800_I0600_F1,-5.3981106612685466,-23.481781376518214,-16.827615688646176,194.22847222219661,128303.5
India,T180_P05_H0800_I0600_CN070_F1,task_size_x1p0,task_size_x4p0,T180_P05_H0800_I0600_F1,-6.072874493927117,-18.623481781376512,-16.133143061515128,175.0381944444397,148586.0
India,T180_P05_H0800_I0600_CN080_F1,task_size_x1p0,task_size_x4p0,T180_P05_H0800_I0600_F1,-8.232118758434552,-18.623481781376526,-15.791877277201692,169.56875000002478,167520.0
India,T180_P05_H0800_I0600_CN090_F1,task_size_x1p0,task_size_x4p0,T180_P05_H0800_I0600_F1,-8.097165991902841,-18.083670715249667,-15.716975832580289,165.13472222221804,185923.5
India,T180_P05_H0800_I0600_CN100_F1,task_size_x1p0,task_size_x4p0,T180_P05_H0800_I0600_F1,-9.8515519568151,-16.599190283400816,-15.611359470653952,200.80972222222937,204434.0
India,T180_P05_H0800_I0800_CN030_F1,task_size_x1p0,task_size_x4p0,T180_P05_H0800_I0800_F1,-32.388663967611336,-45.47908232118758,-35.66999571590913,138.39861111111796,65201.5
India,T180_P05_H0800_I0800_CN040_F1,task_size_x1p0,task_size_x4p0,T180_P05_H0800_I0800_F1,-30.364372469635626,-42.37516869095816,-31.817172010600814,165.9618055555441,84070.0
India,T180_P05_H0800_I0800_CN050_F1,task_size_x1p0,task_size_x4p0,T180_P05_H0800_I0800_F1,-28.744939271255078,-36.707152496626186,-28.143086515677396,210.1319444444443,104642.0
India,T180_P05_H0800_I0800_CN060_F1,task_size_x1p0,task_size_x4p0,T180_P05_H0800_I0800_F1,-27.800269905533057,-33.063427800269906,-25.516634906769852,188.09374999999906,125934.0
India,T180_P05_H0800_I0800_CN070_F1,task_size_x1p0,task_size_x4p0,T180_P05_H0800_I0800_F1,-26.720647773279353,-29.959514170040492,-23.432975797229346,187.03819444444818,145497.5
India,T180_P05_H0800_I0800_CN080_F1,task_size_x1p0,task_size_x4p0,T180_P05_H0800_I0800_F1,-25.77597840755736,-28.609986504723352,-22.3528075352329,190.69791666668726,165500.5
India,T180_P05_H0800_I0800_CN090_F1,task_size_x1p0,task_size_x4p0,T180_P05_H0800_I0800_F1,-24.96626180836708,-26.585695006747628,-21.387546837720762,185.26388888886893,184499.0
India,T180_P05_H0800_I0800_CN100_F1,task_size_x1p0,task_size_x4p0,T180_P05_H0800_I0800_F1,-23.61673414304994,-23.481781376518214,-20.15636369677432,197.09374999999056,206660.0
India,T180_P05_H0800_I0986_CN030_F1,task_size_x1p0,task_size_x4p0,T180_P05_H0800_I0986_F1,-39.67611336032389,-53.306342780026995,-38.894723293028854,110.16041666666652,63038.5
India,T180_P05_H0800_I0986_CN040_F1,task_size_x1p0,task_size_x4p0,T180_P05_H0800_I0986_F1,-35.35762483130904,-49.257759784075574,-32.86897055759856,163.76458333332965,85629.0
India,T180_P05_H0800_I0986_CN050_F1,task_size_x1p0,task_size_x4p0,T180_P05_H0800_I0986_F1,-31.17408906882592,-40.35087719298246,-27.723785296172963,198.83263888888152,110443.5
India,T180_P05_H0800_I0986_CN060_F1,task_size_x1p0,task_size_x4p0,T180_P05_H0800_I0986_F1,-29.014844804318486,-34.412955465587046,-24.29593597083874,215.76458333332494,134137.5
India,T180_P05_H0800_I0986_CN070_F1,task_size_x1p0,task_size_x4p0,T180_P05_H0800_I0986_F1,-27.1255060728745,-28.609986504723352,-21.62942656429317,225.53055555553536,155314.0
India,T180_P05_H0800_I0986_CN080_F1,task_size_x1p0,task_size_x4p0,T180_P05_H0800_I0986_F1,-25.2361673414305,-26.31578947368422,-20.07037285793602,229.5659722222173,177270.5
India,T180_P05_H0800_I0986_CN090_F1,task_size_x1p0,task_size_x4p0,T180_P05_H0800_I0986_F1,-24.291497975708495,-23.88663967611336,-18.929913089975386,232.8680555555688,196745.0
India,T180_P05_H0800_I0986_CN100_F1,task_size_x1p0,task_size_x4p0,T180_P05_H0800_I0986_F1,-22.941970310391355,-21.322537112010792,-17.41996381939282,225.36041666669163,220120.0
India,T180_P05_H1000_I0600_CN030_F1,task_size_x1p0,task_size_x4p0,T180_P05_H1000_I0600_F1,-4.723346828609991,-37.24696356275304,-19.75259025187387,132.0965277777744,69202.5
India,T180_P05_H1000_I0600_CN040_F1,task_size_x1p0,task_size_x4p0,T180_P05_H1000_I0600_F1,-3.103913630229414,-33.198380566801625,-17.587462013308567,162.03541666666302,87970.5
India,T180_P05_H1000_I0600_CN050_F1,task_size_x1p0,task_size_x4p0,T180_P05_H1000_I0600_F1,-4.993252361673413,-23.75168690958165,-15.919848810641952,181.91944444445056,107648.0
India,T180_P05_H1000_I0600_CN060_F1,task_size_x1p0,task_size_x4p0,T180_P05_H1000_I0600_F1,-5.93792172739542,-20.3778677462888,-14.441045982829252,189.0027777777781,129238.0
India,T180_P05_H1000_I0600_CN070_F1,task_size_x1p0,task_size_x4p0,T180_P05_H1000_I0600_F1,-5.9379217273954055,-17.543859649122794,-13.810104419041352,183.3604166666578,149432.0
India,T180_P05_H1000_I0600_CN080_F1,task_size_x1p0,task_size_x4p0,T180_P05_H1000_I0600_F1,-7.422402159244271,-17.004048582995964,-13.491766375981072,188.39861111111057,169021.0
India,T180_P05_H1000_I0600_CN090_F1,task_size_x1p0,task_size_x4p0,T180_P05_H1000_I0600_F1,-9.041835357624834,-15.519568151147098,-13.184879528960394,196.1347222222167,188160.5
India,T180_P05_H1000_I0600_CN100_F1,task_size_x1p0,task_size_x4p0,T180_P05_H1000_I0600_F1,-9.041835357624834,-14.574898785425106,-13.539291597050138,206.0708333333285,206459.0
India,T180_P05_H1000_I0800_CN030_F1,task_size_x1p0,task_size_x4p0,T180_P05_H1000_I0800_F1,-29.689608636977056,-43.99460188933873,-33.194181806427565,145.73333333331337,68237.5
India,T180_P05_H1000_I0800_CN040_F1,task_size_x1p0,task_size_x4p0,T180_P05_H1000_I0800_F1,-28.609986504723352,-40.08097165991903,-28.902107246429566,164.46666666666636,88668.0
India,T180_P05_H1000_I0800_CN050_F1,task_size_x1p0,task_size_x4p0,T180_P05_H1000_I0800_F1,-27.395411605937937,-35.492577597840764,-25.825839165784572,174.9618055555043,109584.5
India,T180_P05_H1000_I0800_CN060_F1,task_size_x1p0,task_size_x4p0,T180_P05_H1000_I0800_F1,-25.91093117408907,-33.33333333333334,-22.979944328875305,179.565972222243,132107.0
India,T180_P05_H1000_I0800_CN070_F1,task_size_x1p0,task_size_x4p0,T180_P05_H1000_I0800_F1,-25.506072874493924,-28.47503373819164,-21.190477364817937,185.4666666666725,151694.5
India,T180_P05_H1000_I0800_CN080_F1,task_size_x1p0,task_size_x4p0,T180_P05_H1000_I0800_F1,-24.426450742240206,-26.31578947368422,-19.804172891560142,194.4666666666389,173463.5
India,T180_P05_H1000_I0800_CN090_F1,task_size_x1p0,task_size_x4p0,T180_P05_H1000_I0800_F1,-22.941970310391355,-24.831309041835354,-18.50601943033098,187.4312499999938,194741.0
India,T180_P05_H1000_I0800_CN100_F1,task_size_x1p0,task_size_x4p0,T180_P05_H1000_I0800_F1,-21.86234817813765,-20.91767881241566,-17.096662759445877,202.82986111111248,218740.0
India,T180_P05_H1000_I0986_CN030_F1,task_size_x1p0,task_size_x4p0,T180_P05_H1000_I0986_F1,-36.84210526315789,-50.202429149797574,-36.473105874550974,101.86527777777894,67958.0
India,T180_P05_H1000_I0986_CN040_F1,task_size_x1p0,task_size_x4p0,T180_P05_H1000_I0986_F1,-32.928475033738195,-46.558704453441294,-30.271445022259087,161.7361111111111,91887.5
India,T180_P05_H1000_I0986_CN050_F1,task_size_x1p0,task_size_x4p0,T180_P05_H1000_I0986_F1,-30.364372469635626,-37.51686909581646,-25.16916081414935,179.8326388888639,116092.5
India,T180_P05_H1000_I0986_CN060_F1,task_size_x1p0,task_size_x4p0,T180_P05_H1000_I0986_F1,-28.744939271255063,-31.44399460188933,-22.30508649082884,207.5687499999977,139113.0
India,T180_P05_H1000_I0986_CN070_F1,task_size_x1p0,task_size_x4p0,T180_P05_H1000_I0986_F1,-26.585695006747628,-26.990553306342775,-20.006362082638972,207.53055555555486,161283.0
India,T180_P05_H1000_I0986_CN080_F1,task_size_x1p0,task_size_x4p0,T180_P05_H1000_I0986_F1,-24.56140350877193,-25.506072874493924,-18.043819763645686,200.77152777781046,185940.0
India,T180_P05_H1000_I0986_CN090_F1,task_size_x1p0,task_size_x4p0,T180_P05_H1000_I0986_F1,-23.481781376518214,-22.807017543859658,-16.33754797296514,205.56597222224323,208833.0
India,T180_P05_H1000_I0986_CN100_F1,task_size_x1p0,task_size_x4p0,T180_P05_H1000_I0986_F1,-22.132253711201074,-18.21862348178138,-14.446469609495765,215.22847222223294,233984.0
India,T180_P10_H0500_I0600_CN030_F1,task_size_x1p0,task_size_x4p0,T180_P10_H0500_I0600_F1,-23.88663967611336,-52.22672064777328,-31.885049858232946,81.16736111111891,67196.5
India,T180_P10_H0500_I0600_CN040_F1,task_size_x1p0,task_size_x4p0,T180_P10_H0500_I0600_F1,-23.751686909581636,-42.914979757085014,-27.869350053665286,145.46666666667545,87554.0
India,T180_P10_H0500_I0600_CN050_F1,task_size_x1p0,task_size_x4p0,T180_P10_H0500_I0600_F1,-22.132253711201088,-32.928475033738195,-25.30394131404252,159.53055555554778,107593.5
India,T180_P10_H0500_I0600_CN060_F1,task_size_x1p0,task_size_x4p0,T180_P10_H0500_I0600_F1,-21.18758434547908,-29.959514170040478,-23.436853762407836,154.85347222226082,126150.0
India,T180_P10_H0500_I0600_CN070_F1,task_size_x1p0,task_size_x4p0,T180_P10_H0500_I0600_F1,-21.18758434547908,-28.070175438596493,-22.3023761188458,152.67986111104798,145968.0
India,T180_P10_H0500_I0600_CN080_F1,task_size_x1p0,task_size_x4p0,T180_P10_H0500_I0600_F1,-20.3778677462888,-27.1255060728745,-21.211523690078664,145.11388888886648,164776.0
India,T180_P10_H0500_I0600_CN090_F1,task_size_x1p0,task_size_x4p0,T180_P10_H0500_I0600_F1,-21.59244264507423,-26.31578947368422,-21.118625195899156,153.5305555555693,180083.0
India,T180_P10_H0500_I0600_CN100_F1,task_size_x1p0,task_size_x4p0,T180_P10_H0500_I0600_F1,-21.18758434547908,-24.696356275303643,-21.313436106687078,186.70069444444238,194166.0
India,T180_P10_H0500_I0800_CN030_F1,task_size_x1p0,task_size_x4p0,T180_P10_H0500_I0800_F1,-34.81781376518218,-48.178137651821864,-37.3706680234265,151.90069444444427,62075.5
India,T180_P10_H0500_I0800_CN040_F1,task_size_x1p0,task_size_x4p0,T180_P10_H0500_I0800_F1,-29.959514170040492,-38.59649122807017,-31.872996299440388,186.83263888888905,82979.5
India,T180_P10_H0500_I0800_CN050_F1,task_size_x1p0,task_size_x4p0,T180_P10_H0500_I0800_F1,-26.855600539811064,-32.388663967611336,-27.83693074533423,189.79444444440782,105010.0
India,T180_P10_H0500_I0800_CN060_F1,task_size_x1p0,task_size_x4p0,T180_P10_H0500_I0800_F1,-24.426450742240206,-29.284750337381922,-25.092769549140044,207.00277777777802,126365.5
India,T180_P10_H0500_I0800_CN070_F1,task_size_x1p0,task_size_x4p0,T180_P10_H0500_I0800_F1,-21.997300944669362,-27.1255060728745,-22.860646086604063,200.29930555555677,148295.0
India,T180_P10_H0500_I0800_CN080_F1,task_size_x1p0,task_size_x4p0,T180_P10_H0500_I0800_F1,-21.05263157894737,-25.2361673414305,-21.76134992525401,189.56319444446797,168223.5
India,T180_P10_H0500_I0800_CN090_F1,task_size_x1p0,task_size_x4p0,T180_P10_H0500_I0800_F1,-19.298245614035096,-22.40215924426451,-19.83775009961616,201.96180555555327,191440.0
India,T180_P10_H0500_I0800_CN100_F1,task_size_x1p0,task_size_x4p0,T180_P10_H0500_I0800_F1,-17.13900134952766,-20.24291497975709,-17.714680207880107,208.565972222226,218612.0
India,T180_P10_H0500_I0986_CN030_F1,task_size_x1p0,task_size_x4p0,T180_P10_H0500_I0986_F1,-36.30229419703104,-51.686909581646425,-38.03145176997527,150.0270833333173,62415.0
India,T180_P10_H0500_I0986_CN040_F1,task_size_x1p0,task_size_x4p0,T180_P10_H0500_I0986_F1,-30.769230769230774,-41.29554655870445,-32.077685362048,176.73333333332064,85010.5
India,T180_P10_H0500_I0986_CN050_F1,task_size_x1p0,task_size_x4p0,T180_P10_H0500_I0986_F1,-26.180836707152494,-32.65856950067476,-26.984834139950024,218.3986111111075,109979.0
India,T180_P10_H0500_I0986_CN060_F1,task_size_x1p0,task_size_x4p0,T180_P10_H0500_I0986_F1,-24.156545209176784,-29.419703103913633,-24.551253194940514,200.13194444444014,130689.5
India,T180_P10_H0500_I0986_CN070_F1,task_size_x1p0,task_size_x4p0,T180_P10_H0500_I0986_F1,-22.40215924426451,-25.10121457489879,-22.403334485382018,204.83263888888905,151248.0
India,T180_P10_H0500_I0986_CN080_F1,task_size_x1p0,task_size_x4p0,T180_P10_H0500_I0986_F1,-21.18758434547908,-23.75168690958165,-20.72376962002103,200.51041666668849,173651.5
India,T180_P10_H0500_I0986_CN090_F1,task_size_x1p0,task_size_x4p0,T180_P10_H0500_I0986_F1,-20.3778677462888,-22.941970310391355,-19.809583732445716,214.39583333335344,193073.5
India,T180_P10_H0500_I0986_CN100_F1,task_size_x1p0,task_size_x4p0,T180_P10_H0500_I0986_F1,-19.02834008097166,-20.107962213225377,-18.01877239301163,206.6597222222161,217920.0
India,T180_P10_H0800_I0600_CN030_F1,task_size_x1p0,task_size_x4p0,T180_P10_H0800_I0600_F1,-13.630229419703113,-48.31309041835357,-28.572949481811747,87.69513888885388,71959.5
India,T180_P10_H0800_I0600_CN040_F1,task_size_x1p0,task_size_x4p0,T180_P10_H0800_I0600_F1,-12.685560053981106,-44.26450742240216,-25.055342085507164,104.73611111111083,92318.0
India,T180_P10_H0800_I0600_CN050_F1,task_size_x1p0,task_size_x4p0,T180_P10_H0800_I0600_F1,-12.550607287449395,-30.769230769230774,-22.336435144778946,157.72152777779985,113730.5
India,T180_P10_H0800_I0600_CN060_F1,task_size_x1p0,task_size_x4p0,T180_P10_H0800_I0600_F1,-12.820512820512832,-29.419703103913633,-21.065226154089387,143.36041666664886,133609.0
India,T180_P10_H0800_I0600_CN070_F1,task_size_x1p0,task_size_x4p0,T180_P10_H0800_I0600_F1,-12.41565452091767,-28.070175438596493,-19.510179191278965,144.07569444438136,155626.5
India,T180_P10_H0800_I0600_CN080_F1,task_size_x1p0,task_size_x4p0,T180_P10_H0800_I0600_F1,-13.225371120107951,-26.450742240215916,-18.27441386506652,160.9826388889191,177998.5
India,T180_P10_H0800_I0600_CN090_F1,task_size_x1p0,task_size_x4p0,T180_P10_H0800_I0600_F1,-12.550607287449395,-23.75168690958165,-17.817109514630914,193.1701388888956,196484.5
India,T180_P10_H0800_I0600_CN100_F1,task_size_x1p0,task_size_x4p0,T180_P10_H0800_I0600_F1,-13.76518218623481,-21.59244264507423,-17.025245388158297,206.88541666666256,217242.0
India,T180_P10_H0800_I0800_CN030_F1,task_size_x1p0,task_size_x4p0,T180_P10_H0800_I0800_F1,-29.014844804318486,-46.42375168690958,-34.27783803001924,132.60416666672097,69381.0
India,T180_P10_H0800_I0800_CN040_F1,task_size_x1p0,task_size_x4p0,T180_P10_H0800_I0800_F1,-26.855600539811064,-38.056680161943326,-28.70050161140938,181.4368055555556,92257.0
India,T180_P10_H0800_I0800_CN050_F1,task_size_x1p0,task_size_x4p0,T180_P10_H0800_I0800_F1,-23.21187584345479,-31.578947368421055,-24.6167972755554,198.5659722222217,115574.5
India,T180_P10_H0800_I0800_CN060_F1,task_size_x1p0,task_size_x4p0,T180_P10_H0800_I0800_F1,-21.05263157894737,-28.205128205128204,-22.265518517956977,189.39861111109727,136738.5
India,T180_P10_H0800_I0800_CN070_F1,task_size_x1p0,task_size_x4p0,T180_P10_H0800_I0800_F1,-19.16329284750337,-26.45074224021593,-20.31225783862196,192.86805555557243,159142.5
India,T180_P10_H0800_I0800_CN080_F1,task_size_x1p0,task_size_x4p0,T180_P10_H0800_I0800_F1,-17.54385964912281,-23.076923076923066,-18.502437964847545,192.7944444443835,183914.5
India,T180_P10_H0800_I0800_CN090_F1,task_size_x1p0,task_size_x4p0,T180_P10_H0800_I0800_F1,-16.059379217273957,-21.86234817813765,-16.49134787944216,199.46666666667494,209699.5
India,T180_P10_H0800_I0800_CN100_F1,task_size_x1p0,task_size_x4p0,T180_P10_H0800_I0800_F1,-13.360323886639677,-17.408906882591097,-13.989417424132085,200.82708333329964,238384.0
India,T180_P10_H0800_I0986_CN030_F1,task_size_x1p0,task_size_x4p0,T180_P10_H0800_I0986_F1,-31.039136302294196,-44.534412955465584,-33.03074294005252,152.76875000001505,71886.0
India,T180_P10_H0800_I0986_CN040_F1,task_size_x1p0,task_size_x4p0,T180_P10_H0800_I0986_F1,-26.855600539811064,-37.11201079622132,-28.109809219853275,166.30208333333357,95770.0
India,T180_P10_H0800_I0986_CN050_F1,task_size_x1p0,task_size_x4p0,T180_P10_H0800_I0986_F1,-23.481781376518214,-32.52361673414305,-24.32995827346501,176.5305555555492,118354.0
India,T180_P10_H0800_I0986_CN060_F1,task_size_x1p0,task_size_x4p0,T180_P10_H0800_I0986_F1,-21.86234817813765,-28.609986504723352,-21.942045053671222,172.70069444444516,139361.5
India,T180_P10_H0800_I0986_CN070_F1,task_size_x1p0,task_size_x4p0,T180_P10_H0800_I0986_F1,-20.647773279352222,-25.10121457489879,-19.95327336449833,180.035416666681,160632.5
India,T180_P10_H0800_I0986_CN080_F1,task_size_x1p0,task_size_x4p0,T180_P10_H0800_I0986_F1,-18.623481781376512,-22.2672064777328,-17.998571425692035,185.60138888894312,185016.5
India,T180_P10_H0800_I0986_CN090_F1,task_size_x1p0,task_size_x4p0,T180_P10_H0800_I0986_F1,-17.13900134952766,-22.53711201079622,-16.099409165689238,195.03819444447748,211882.0
India,T180_P10_H0800_I0986_CN100_F1,task_size_x1p0,task_size_x4p0,T180_P10_H0800_I0986_F1,-14.035087719298247,-16.32928475033738,-13.664926792341632,192.82708333335125,240196.0
India,T180_P10_H1000_I0600_CN030_F1,task_size_x1p0,task_size_x4p0,T180_P10_H1000_I0600_F1,-7.557354925775982,-45.748987854251006,-26.787587825344303,79.33472222222866,72469.5
India,T180_P10_H1000_I0600_CN040_F1,task_size_x1p0,task_size_x4p0,T180_P10_H1000_I0600_F1,-8.636977058029686,-37.65182186234818,-24.16626955779563,127.07569444440617,92836.0
India,T180_P10_H1000_I0600_CN050_F1,task_size_x1p0,task_size_x4p0,T180_P10_H1000_I0600_F1,-8.906882591093122,-31.713900134952766,-21.81705792372624,154.28750000002933,114601.0
India,T180_P10_H1000_I0600_CN060_F1,task_size_x1p0,task_size_x4p0,T180_P10_H1000_I0600_F1,-8.502024291497975,-29.419703103913633,-20.491283226050385,140.2493055555815,135414.0
India,T180_P10_H1000_I0600_CN070_F1,task_size_x1p0,task_size_x4p0,T180_P10_H1000_I0600_F1,-9.041835357624834,-28.34008097165993,-18.98825041174615,126.29930555555569,156897.0
India,T180_P10_H1000_I0600_CN080_F1,task_size_x1p0,task_size_x4p0,T180_P10_H1000_I0600_F1,-10.526315789473685,-27.665317139001345,-18.250436753801466,155.69791666669332,178214.5
India,T180_P10_H1000_I0600_CN090_F1,task_size_x1p0,task_size_x4p0,T180_P10_H1000_I0600_F1,-13.09041835357624,-23.88663967611336,-18.196777503724235,165.07291666666683,196021.0
India,T180_P10_H1000_I0600_CN100_F1,task_size_x1p0,task_size_x4p0,T180_P10_H1000_I0600_F1,-12.550607287449395,-21.18758434547908,-17.083242929491874,208.03263888888114,216816.0
India,T180_P10_H1000_I0800_CN030_F1,task_size_x1p0,task_size_x4p0,T180_P10_H1000_I0800_F1,-29.149797570850197,-44.53441295546559,-32.38062783125018,123.16736111111106,72486.0
India,T180_P10_H1000_I0800_CN040_F1,task_size_x1p0,task_size_x4p0,T180_P10_H1000_I0800_F1,-24.696356275303643,-37.11201079622132,-27.031172259831294,175.2993055556044,95957.0
India,T180_P10_H1000_I0800_CN050_F1,task_size_x1p0,task_size_x4p0,T180_P10_H1000_I0800_F1,-21.457489878542518,-31.713900134952766,-23.509040917550948,187.56875000000596,118160.5
India,T180_P10_H1000_I0800_CN060_F1,task_size_x1p0,task_size_x4p0,T180_P10_H1000_I0800_F1,-20.51282051282051,-27.800269905533057,-21.291739299807475,174.0965277778097,139420.0
India,T180_P10_H1000_I0800_CN070_F1,task_size_x1p0,task_size_x4p0,T180_P10_H1000_I0800_F1,-18.4885290148448,-26.045883940620783,-19.02915559739273,171.0326388888824,163929.0
India,T180_P10_H1000_I0800_CN080_F1,task_size_x1p0,task_size_x4p0,T180_P10_H1000_I0800_F1,-16.194331983805668,-23.75168690958165,-17.035201447808916,179.26666666666694,189353.0
India,T180_P10_H1000_I0800_CN090_F1,task_size_x1p0,task_size_x4p0,T180_P10_H1000_I0800_F1,-15.65452091767881,-21.86234817813765,-15.092466620757122,187.16458333330314,215269.5
India,T180_P10_H1000_I0800_CN100_F1,task_size_x1p0,task_size_x4p0,T180_P10_H1000_I0800_F1,-12.41565452091767,-16.059379217273957,-12.527657895975764,199.56597222223132,244944.0
India,T180_P10_H1000_I0986_CN030_F1,task_size_x1p0,task_size_x4p0,T180_P10_H1000_I0986_F1,-30.09446693657219,-42.780026990553296,-31.598497898885284,133.86805555559795,74273.5
India,T180_P10_H1000_I0986_CN040_F1,task_size_x1p0,task_size_x4p0,T180_P10_H1000_I0986_F1,-24.696356275303643,-36.707152496626186,-26.604450198209264,147.3347222222189,99095.5
India,T180_P10_H1000_I0986_CN050_F1,task_size_x1p0,task_size_x4p0,T180_P10_H1000_I0986_F1,-21.86234817813765,-31.983805668016203,-23.009505225059684,146.83263888889226,121381.5
India,T180_P10_H1000_I0986_CN060_F1,task_size_x1p0,task_size_x4p0,T180_P10_H1000_I0986_F1,-20.51282051282051,-28.340080971659916,-20.495214150044077,144.36041666660591,143413.5
India,T180_P10_H1000_I0986_CN070_F1,task_size_x1p0,task_size_x4p0,T180_P10_H1000_I0986_F1,-19.56815114709852,-24.96626180836708,-18.22296801252061,165.46944444445484,166835.5
India,T180_P10_H1000_I0986_CN080_F1,task_size_x1p0,task_size_x4p0,T180_P10_H1000_I0986_F1,-16.869095816464238,-22.807017543859658,-15.971300322824959,171.22847222221307,194485.5
India,T180_P10_H1000_I0986_CN090_F1,task_size_x1p0,task_size_x4p0,T180_P10_H1000_I0986_F1,-14.979757085020239,-20.647773279352222,-13.738392950996158,186.13194444442524,222731.5
India,T180_P10_H1000_I0986_CN100_F1,task_size_x1p0,task_size_x4p0,T180_P10_H1000_I0986_F1,-13.360323886639677,-14.574898785425106,-11.57478584209855,199.75416666666618,250654.0
India,T180_P03_H0500_I0600_CN030_F1,nominal_original,unlimited_useful_deadline,T180_P03_H0500_I0600_F1,-7.557354925775982,84.61538461538461,83.16213882311474,,41520.0
India,T180_P03_H0500_I0600_CN040_F1,nominal_original,unlimited_useful_deadline,T180_P03_H0500_I0600_F1,-3.5087719298245617,90.68825910931174,88.53784410517068,,51623.0
India,T180_P03_H0500_I0600_CN050_F1,nominal_original,unlimited_useful_deadline,T180_P03_H0500_I0600_F1,-2.0242914979757103,94.33198380566802,91.3643521072022,,60698.5
India,T180_P03_H0500_I0600_CN060_F1,nominal_original,unlimited_useful_deadline,T180_P03_H0500_I0600_F1,-0.9446693657220067,98.51551956815115,91.9540337055211,,68645.5
India,T180_P03_H0500_I0600_CN070_F1,nominal_original,unlimited_useful_deadline,T180_P03_H0500_I0600_F1,0.0,98.51551956815115,92.05239033788453,,76353.5
India,T180_P03_H0500_I0600_CN080_F1,nominal_original,unlimited_useful_deadline,T180_P03_H0500_I0600_F1,0.9446693657220067,98.51551956815115,92.3321282470146,,84186.5
India,T180_P03_H0500_I0600_CN090_F1,nominal_original,unlimited_useful_deadline,T180_P03_H0500_I0600_F1,9.041835357624834,98.51551956815115,93.68063152708798,,92248.5
India,T180_P03_H0500_I0600_CN100_F1,nominal_original,unlimited_useful_deadline,T180_P03_H0500_I0600_F1,64.37246963562754,98.51551956815115,98.35441581734862,,101223.0
India,T180_P03_H0500_I0800_CN030_F1,nominal_original,unlimited_useful_deadline,T180_P03_H0500_I0800_F1,-9.581646423751693,73.41430499325237,80.70346257047083,,39534.5
India,T180_P03_H0500_I0800_CN040_F1,nominal_original,unlimited_useful_deadline,T180_P03_H0500_I0800_F1,-6.747638326585701,79.35222672064778,85.93994642214747,,49594.0
India,T180_P03_H0500_I0800_CN050_F1,nominal_original,unlimited_useful_deadline,T180_P03_H0500_I0800_F1,-1.754385964912288,88.52901484480432,90.35941062762713,,59197.5
India,T180_P03_H0500_I0800_CN060_F1,nominal_original,unlimited_useful_deadline,T180_P03_H0500_I0800_F1,-1.0796221322537036,91.22807017543859,91.32529776114049,,67296.0
India,T180_P03_H0500_I0800_CN070_F1,nominal_original,unlimited_useful_deadline,T180_P03_H0500_I0800_F1,0.40485829959514774,93.92712550607287,91.80335378011668,,75278.0
India,T180_P03_H0500_I0800_CN080_F1,nominal_original,unlimited_useful_deadline,T180_P03_H0500_I0800_F1,3.5087719298245617,95.00674763832659,92.30900512917727,,83313.5
India,T180_P03_H0500_I0800_CN090_F1,nominal_original,unlimited_useful_deadline,T180_P03_H0500_I0800_F1,6.072874493927131,95.54655870445345,93.66208058826582,,91557.5
India,T180_P03_H0500_I0800_CN100_F1,nominal_original,unlimited_useful_deadline,T180_P03_H0500_I0800_F1,59.51417004048583,96.49122807017544,98.1143564695175,,100539.0
India,T180_P03_H0500_I0986_CN030_F1,nominal_original,unlimited_useful_deadline,T180_P03_H0500_I0986_F1,11.605937921727396,66.66666666666666,67.12112961732913,,29844.5
India,T180_P03_H0500_I0986_CN040_F1,nominal_original,unlimited_useful_deadline,T180_P03_H0500_I0986_F1,4.318488529014843,69.36572199730094,68.22558425861745,,35822.0
India,T180_P03_H0500_I0986_CN050_F1,nominal_original,unlimited_useful_deadline,T180_P03_H0500_I0986_F1,4.183535762483132,70.04048582995951,69.18496501636272,,42294.5
India,T180_P03_H0500_I0986_CN060_F1,nominal_original,unlimited_useful_deadline,T180_P03_H0500_I0986_F1,4.453441295546561,71.12010796221323,69.949672332353,,48577.5
India,T180_P03_H0500_I0986_CN070_F1,nominal_original,unlimited_useful_deadline,T180_P03_H0500_I0986_F1,6.612685560053983,72.06477732793523,71.42071825924833,,55230.0
India,T180_P03_H0500_I0986_CN080_F1,nominal_original,unlimited_useful_deadline,T180_P03_H0500_I0986_F1,7.962213225371123,72.06477732793523,72.61218990847527,,61941.5
India,T180_P03_H0500_I0986_CN090_F1,nominal_original,unlimited_useful_deadline,T180_P03_H0500_I0986_F1,14.844804318488528,73.27935222672065,74.68254591251474,,68452.5
India,T180_P03_H0500_I0986_CN100_F1,nominal_original,unlimited_useful_deadline,T180_P03_H0500_I0986_F1,47.77327935222672,74.89878542510121,79.90083039010297,,76685.5
India,T180_P03_H0800_I0600_CN030_F1,nominal_original,unlimited_useful_deadline,T180_P03_H0800_I0600_F1,-4.993252361673413,82.86099865047234,82.78140606239126,,41592.5
India,T180_P03_H0800_I0600_CN040_F1,nominal_original,unlimited_useful_deadline,T180_P03_H0800_I0600_F1,-1.754385964912288,88.52901484480432,88.15496215425901,,51331.0
India,T180_P03_H0800_I0600_CN050_F1,nominal_original,unlimited_useful_deadline,T180_P03_H0800_I0600_F1,1.2145748987854148,93.52226720647774,90.50421231006939,,59813.0
India,T180_P03_H0800_I0600_CN060_F1,nominal_original,unlimited_useful_deadline,T180_P03_H0800_I0600_F1,0.9446693657220067,98.51551956815115,90.93643958159875,,67791.0
India,T180_P03_H0800_I0600_CN070_F1,nominal_original,unlimited_useful_deadline,T180_P03_H0800_I0600_F1,4.318488529014843,98.51551956815115,91.04547601260069,,75762.5
India,T180_P03_H0800_I0600_CN080_F1,nominal_original,unlimited_useful_deadline,T180_P03_H0800_I0600_F1,7.017543859649123,98.51551956815115,91.60543765585753,,83783.5
India,T180_P03_H0800_I0600_CN090_F1,nominal_original,unlimited_useful_deadline,T180_P03_H0800_I0600_F1,13.225371120107951,98.51551956815115,92.93895057804285,,92004.0
India,T180_P03_H0800_I0600_CN100_F1,nominal_original,unlimited_useful_deadline,T180_P03_H0800_I0600_F1,56.140350877192986,98.51551956815115,97.50238817220446,,100990.5
India,T180_P03_H0800_I0800_CN030_F1,nominal_original,unlimited_useful_deadline,T180_P03_H0800_I0800_F1,-3.5087719298245617,89.20377867746289,88.05388034613217,,42217.5
India,T180_P03_H0800_I0800_CN040_F1,nominal_original,unlimited_useful_deadline,T180_P03_H0800_I0800_F1,-0.40485829959514774,98.51551956815115,91.2379346567783,,51026.0
India,T180_P03_H0800_I0800_CN050_F1,nominal_original,unlimited_useful_deadline,T180_P03_H0800_I0800_F1,1.0796221322537036,98.51551956815115,91.33215809212896,,59113.0
India,T180_P03_H0800_I0800_CN060_F1,nominal_original,unlimited_useful_deadline,T180_P03_H0800_I0800_F1,3.913630229419695,98.51551956815115,91.61838787715256,,67193.5
India,T180_P03_H0800_I0800_CN070_F1,nominal_original,unlimited_useful_deadline,T180_P03_H0800_I0800_F1,7.827260458839405,98.51551956815115,91.51138327827806,,75281.0
India,T180_P03_H0800_I0800_CN080_F1,nominal_original,unlimited_useful_deadline,T180_P03_H0800_I0800_F1,10.931174089068818,98.51551956815115,91.91461146237172,,83463.5
India,T180_P03_H0800_I0800_CN090_F1,nominal_original,unlimited_useful_deadline,T180_P03_H0800_I0800_F1,16.194331983805668,98.51551956815115,93.73748692706708,,91970.5
India,T180_P03_H0800_I0800_CN100_F1,nominal_original,unlimited_useful_deadline,T180_P03_H0800_I0800_F1,66.93657219973008,98.51551956815115,98.60874523283171,,101178.0
India,T180_P03_H0800_I0986_CN030_F1,nominal_original,unlimited_useful_deadline,T180_P03_H0800_I0986_F1,4.318488529014843,72.19973009446694,73.08968137312704,,34562.5
India,T180_P03_H0800_I0986_CN040_F1,nominal_original,unlimited_useful_deadline,T180_P03_H0800_I0986_F1,6.34278002699056,76.24831309041835,78.73775395576263,,43723.5
India,T180_P03_H0800_I0986_CN050_F1,nominal_original,unlimited_useful_deadline,T180_P03_H0800_I0986_F1,9.041835357624834,79.6221322537112,82.68394229331547,,52570.5
India,T180_P03_H0800_I0986_CN060_F1,nominal_original,unlimited_useful_deadline,T180_P03_H0800_I0986_F1,14.035087719298247,81.78137651821862,85.27571098716763,,60898.0
India,T180_P03_H0800_I0986_CN070_F1,nominal_original,unlimited_useful_deadline,T180_P03_H0800_I0986_F1,16.869095816464238,84.75033738191632,87.07327996975557,,69048.5
India,T180_P03_H0800_I0986_CN080_F1,nominal_original,unlimited_useful_deadline,T180_P03_H0800_I0986_F1,19.02834008097166,87.98920377867746,89.46528381107784,,77544.5
India,T180_P03_H0800_I0986_CN090_F1,nominal_original,unlimited_useful_deadline,T180_P03_H0800_I0986_F1,20.3778677462888,91.09311740890689,91.77338877692247,,85983.0
India,T180_P03_H0800_I0986_CN100_F1,nominal_original,unlimited_useful_deadline,T180_P03_H0800_I0986_F1,49.257759784075574,92.71255060728745,96.41494283166381,,94999.0
India,T180_P03_H1000_I0600_CN030_F1,nominal_original,unlimited_useful_deadline,T180_P03_H1000_I0600_F1,-3.3738191632928363,81.24156545209176,82.06417881563122,,41003.0
India,T180_P03_H1000_I0600_CN040_F1,nominal_original,unlimited_useful_deadline,T180_P03_H1000_I0600_F1,0.5398110661268589,87.4493927125506,86.81132340051909,,50560.0
India,T180_P03_H1000_I0600_CN050_F1,nominal_original,unlimited_useful_deadline,T180_P03_H1000_I0600_F1,2.564102564102569,92.57759784075573,89.25927579017413,,59128.5
India,T180_P03_H1000_I0600_CN060_F1,nominal_original,unlimited_useful_deadline,T180_P03_H1000_I0600_F1,5.3981106612685466,97.97570850202429,90.25284266362813,,67345.0
India,T180_P03_H1000_I0600_CN070_F1,nominal_original,unlimited_useful_deadline,T180_P03_H1000_I0600_F1,3.778677462887998,98.51551956815115,90.72589340462288,,75400.5
India,T180_P03_H1000_I0600_CN080_F1,nominal_original,unlimited_useful_deadline,T180_P03_H1000_I0600_F1,7.422402159244257,98.51551956815115,91.17410769341777,,83472.0
India,T180_P03_H1000_I0600_CN090_F1,nominal_original,unlimited_useful_deadline,T180_P03_H1000_I0600_F1,9.716599190283404,98.51551956815115,92.17718703178699,,91671.0
India,T180_P03_H1000_I0600_CN100_F1,nominal_original,unlimited_useful_deadline,T180_P03_H1000_I0600_F1,52.091767881241566,98.51551956815115,97.04440783538854,,100783.5
India,T180_P03_H1000_I0800_CN030_F1,nominal_original,unlimited_useful_deadline,T180_P03_H1000_I0800_F1,-1.6194331983805768,89.3387314439946,87.74172405576448,,41459.5
India,T180_P03_H1000_I0800_CN040_F1,nominal_original,unlimited_useful_deadline,T180_P03_H1000_I0800_F1,2.024291497975696,98.38056680161942,91.43840440806773,,50430.0
India,T180_P03_H1000_I0800_CN050_F1,nominal_original,unlimited_useful_deadline,T180_P03_H1000_I0800_F1,2.9689608636977027,98.51551956815115,91.5556875985421,,58613.0
India,T180_P03_H1000_I0800_CN060_F1,nominal_original,unlimited_useful_deadline,T180_P03_H1000_I0800_F1,6.747638326585701,98.51551956815115,91.75227422619334,,66777.0
India,T180_P03_H1000_I0800_CN070_F1,nominal_original,unlimited_useful_deadline,T180_P03_H1000_I0800_F1,9.986504723346826,98.51551956815115,91.86685825077637,,74958.0
India,T180_P03_H1000_I0800_CN080_F1,nominal_original,unlimited_useful_deadline,T180_P03_H1000_I0800_F1,13.225371120107951,98.51551956815115,92.39831985321973,,83267.0
India,T180_P03_H1000_I0800_CN090_F1,nominal_original,unlimited_useful_deadline,T180_P03_H1000_I0800_F1,22.53711201079622,98.51551956815115,94.29954689711279,,91866.0
India,T180_P03_H1000_I0800_CN100_F1,nominal_original,unlimited_useful_deadline,T180_P03_H1000_I0800_F1,79.35222672064778,98.51551956815115,99.13102928597718,,101094.0
India,T180_P03_H1000_I0986_CN030_F1,nominal_original,unlimited_useful_deadline,T180_P03_H1000_I0986_F1,5.398110661268554,73.00944669365722,78.53523777294431,,36840.5
India,T180_P03_H1000_I0986_CN040_F1,nominal_original,unlimited_useful_deadline,T180_P03_H1000_I0986_F1,12.145748987854248,79.08232118758434,84.39053697083607,,46905.5
India,T180_P03_H1000_I0986_CN050_F1,nominal_original,unlimited_useful_deadline,T180_P03_H1000_I0986_F1,19.838056680161948,82.5910931174089,88.50949288416047,,56064.0
India,T180_P03_H1000_I0986_CN060_F1,nominal_original,unlimited_useful_deadline,T180_P03_H1000_I0986_F1,22.80701754385965,86.90958164642375,90.99395921815963,,64818.5
India,T180_P03_H1000_I0986_CN070_F1,nominal_original,unlimited_useful_deadline,T180_P03_H1000_I0986_F1,21.59244264507422,89.06882591093117,92.18714152401493,,73063.5
India,T180_P03_H1000_I0986_CN080_F1,nominal_original,unlimited_useful_deadline,T180_P03_H1000_I0986_F1,24.021592442645073,93.65721997300945,93.27717541076954,,81358.0
India,T180_P03_H1000_I0986_CN090_F1,nominal_original,unlimited_useful_deadline,T180_P03_H1000_I0986_F1,26.720647773279353,95.54655870445345,94.45301593897338,,89722.5
India,T180_P03_H1000_I0986_CN100_F1,nominal_original,unlimited_useful_deadline,T180_P03_H1000_I0986_F1,55.60053981106613,98.51551956815115,98.60853047944349,,98657.5
India,T180_P05_H0500_I0600_CN030_F1,nominal_original,unlimited_useful_deadline,T180_P05_H0500_I0600_F1,1.214574898785429,85.69500674763833,78.43247242804681,110.45277777777785,36974.0
India,T180_P05_H0500_I0600_CN040_F1,nominal_original,unlimited_useful_deadline,T180_P05_H0500_I0600_F1,1.6194331983805768,87.31443994601888,80.04940288897348,100.03333333333333,45991.5
India,T180_P05_H0500_I0600_CN050_F1,nominal_original,unlimited_useful_deadline,T180_P05_H0500_I0600_F1,1.7543859649122737,87.58434547908232,81.1804446796727,74.40902777778176,55089.0
India,T180_P05_H0500_I0600_CN060_F1,nominal_original,unlimited_useful_deadline,T180_P05_H0500_I0600_F1,2.1592442645074215,87.98920377867746,82.53018364222915,71.36805555555556,64259.5
India,T180_P05_H0500_I0600_CN070_F1,nominal_original,unlimited_useful_deadline,T180_P05_H0500_I0600_F1,1.6194331983805768,87.71929824561403,84.07444880588164,53.9013888889172,73114.0
India,T180_P05_H0500_I0600_CN080_F1,nominal_original,unlimited_useful_deadline,T180_P05_H0500_I0600_F1,0.9446693657219924,87.98920377867746,86.04090724081537,60.485416666712226,82250.5
India,T180_P05_H0500_I0600_CN090_F1,nominal_original,unlimited_useful_deadline,T180_P05_H0500_I0600_F1,0.13495276653171118,88.25910931174089,87.55367497774925,,91298.5
India,T180_P05_H0500_I0600_CN100_F1,nominal_original,unlimited_useful_deadline,T180_P05_H0500_I0600_F1,18.488529014844808,88.25910931174089,95.13692373544198,,101253.0
India,T180_P05_H0500_I0800_CN030_F1,nominal_original,unlimited_useful_deadline,T180_P05_H0500_I0800_F1,-3.3738191632928505,85.5600539811066,79.41183489484987,,36793.5
India,T180_P05_H0500_I0800_CN040_F1,nominal_original,unlimited_useful_deadline,T180_P05_H0500_I0800_F1,-2.8340080971659916,88.93387314439946,83.20037370428153,,46683.5
India,T180_P05_H0500_I0800_CN050_F1,nominal_original,unlimited_useful_deadline,T180_P05_H0500_I0800_F1,-1.2145748987854148,93.79217273954116,86.73508392659775,,56586.0
India,T180_P05_H0500_I0800_CN060_F1,nominal_original,unlimited_useful_deadline,T180_P05_H0500_I0800_F1,-0.5398110661268589,97.16599190283401,87.95230649071605,,65730.0
India,T180_P05_H0500_I0800_CN070_F1,nominal_original,unlimited_useful_deadline,T180_P05_H0500_I0800_F1,0.26990553306343656,98.78542510121457,88.51651176424711,,74162.5
India,T180_P05_H0500_I0800_CN080_F1,nominal_original,unlimited_useful_deadline,T180_P05_H0500_I0800_F1,3.913630229419695,100.0,89.24377897993382,,82893.0
India,T180_P05_H0500_I0800_CN090_F1,nominal_original,unlimited_useful_deadline,T180_P05_H0500_I0800_F1,16.194331983805668,100.0,92.53691844495168,,91765.0
India,T180_P05_H0500_I0800_CN100_F1,nominal_original,unlimited_useful_deadline,T180_P05_H0500_I0800_F1,55.87044534412956,100.0,98.11317190632913,,101325.0
India,T180_P05_H0500_I0986_CN030_F1,nominal_original,unlimited_useful_deadline,T180_P05_H0500_I0986_F1,8.367071524966263,97.43589743589743,91.44078268086577,,43321.0
India,T180_P05_H0500_I0986_CN040_F1,nominal_original,unlimited_useful_deadline,T180_P05_H0500_I0986_F1,6.882591093117412,99.86504723346829,91.40246775096675,,51084.0
India,T180_P05_H0500_I0986_CN050_F1,nominal_original,unlimited_useful_deadline,T180_P05_H0500_I0986_F1,6.207827260458842,99.86504723346829,91.87243180969793,,59310.5
India,T180_P05_H0500_I0986_CN060_F1,nominal_original,unlimited_useful_deadline,T180_P05_H0500_I0986_F1,5.802968960863694,99.86504723346829,91.79055015100829,,67667.5
India,T180_P05_H0500_I0986_CN070_F1,nominal_original,unlimited_useful_deadline,T180_P05_H0500_I0986_F1,8.097165991902827,99.86504723346829,92.31220247854651,,75614.0
India,T180_P05_H0500_I0986_CN080_F1,nominal_original,unlimited_useful_deadline,T180_P05_H0500_I0986_F1,9.716599190283404,99.86504723346829,92.83816395666324,,83876.0
India,T180_P05_H0500_I0986_CN090_F1,nominal_original,unlimited_useful_deadline,T180_P05_H0500_I0986_F1,11.605937921727389,99.86504723346829,94.00300528576162,,91978.0
India,T180_P05_H0500_I0986_CN100_F1,nominal_original,unlimited_useful_deadline,T180_P05_H0500_I0986_F1,70.71524966261808,100.0,99.267238411406,,101322.0
India,T180_P05_H0800_I0600_CN030_F1,nominal_original,unlimited_useful_deadline,T180_P05_H0800_I0600_F1,1.6194331983805625,87.04453441295546,78.45045380105519,110.70902777777883,36366.5
India,T180_P05_H0800_I0600_CN040_F1,nominal_original,unlimited_useful_deadline,T180_P05_H0800_I0600_F1,3.643724696356273,86.77462887989205,77.47681273320502,97.87013888890871,45461.5
India,T180_P05_H0800_I0600_CN050_F1,nominal_original,unlimited_useful_deadline,T180_P05_H0800_I0600_F1,4.048582995951421,88.3940620782726,80.64002974862777,73.4722222222248,54651.5
India,T180_P05_H0800_I0600_CN060_F1,nominal_original,unlimited_useful_deadline,T180_P05_H0800_I0600_F1,2.0242914979757103,88.25910931174089,81.01357575864866,75.67430555558126,63868.0
India,T180_P05_H0800_I0600_CN070_F1,nominal_original,unlimited_useful_deadline,T180_P05_H0800_I0600_F1,2.429149797570858,88.66396761133603,83.81812619198229,56.36736111111604,72854.5
India,T180_P05_H0800_I0600_CN080_F1,nominal_original,unlimited_useful_deadline,T180_P05_H0800_I0600_F1,4.5883940620782795,89.20377867746289,86.24283901394902,52.50347222222622,82083.0
India,T180_P05_H0800_I0600_CN090_F1,nominal_original,unlimited_useful_deadline,T180_P05_H0800_I0600_F1,3.5087719298245617,88.93387314439946,86.74629890793375,48.4347222222265,91267.5
India,T180_P05_H0800_I0600_CN100_F1,nominal_original,unlimited_useful_deadline,T180_P05_H0800_I0600_F1,8.50202429149796,89.3387314439946,95.24838726656822,,101283.0
India,T180_P05_H0800_I0800_CN030_F1,nominal_original,unlimited_useful_deadline,T180_P05_H0800_I0800_F1,0.9446693657220067,97.16599190283401,87.7134674848735,,39273.5
India,T180_P05_H0800_I0800_CN040_F1,nominal_original,unlimited_useful_deadline,T180_P05_H0800_I0800_F1,2.564102564102555,100.0,88.23527102963159,,47826.0
India,T180_P05_H0800_I0800_CN050_F1,nominal_original,unlimited_useful_deadline,T180_P05_H0800_I0800_F1,2.294197031039147,100.0,87.98884939052721,,56509.0
India,T180_P05_H0800_I0800_CN060_F1,nominal_original,unlimited_useful_deadline,T180_P05_H0800_I0800_F1,3.3738191632928505,100.0,88.23887909776448,,65252.5
India,T180_P05_H0800_I0800_CN070_F1,nominal_original,unlimited_useful_deadline,T180_P05_H0800_I0800_F1,4.723346828609991,100.0,88.40079628237355,,73666.5
India,T180_P05_H0800_I0800_CN080_F1,nominal_original,unlimited_useful_deadline,T180_P05_H0800_I0800_F1,12.010796221322536,100.0,89.56517403926802,,82653.5
India,T180_P05_H0800_I0800_CN090_F1,nominal_original,unlimited_useful_deadline,T180_P05_H0800_I0800_F1,28.744939271255063,100.0,93.01126897482489,,91691.5
India,T180_P05_H0800_I0800_CN100_F1,nominal_original,unlimited_useful_deadline,T180_P05_H0800_I0800_F1,58.56950067476383,100.0,98.3220266529059,,101325.0
India,T180_P05_H0800_I0986_CN030_F1,nominal_original,unlimited_useful_deadline,T180_P05_H0800_I0986_F1,10.526315789473685,97.84075573549258,90.5988538997286,,42314.5
India,T180_P05_H0800_I0986_CN040_F1,nominal_original,unlimited_useful_deadline,T180_P05_H0800_I0986_F1,10.391363022941974,100.0,90.87001206838865,,50321.5
India,T180_P05_H0800_I0986_CN050_F1,nominal_original,unlimited_useful_deadline,T180_P05_H0800_I0986_F1,10.256410256410248,100.0,90.9880364168508,,58611.5
India,T180_P05_H0800_I0986_CN060_F1,nominal_original,unlimited_useful_deadline,T180_P05_H0800_I0986_F1,12.820512820512818,100.0,91.3042236547698,,67084.5
India,T180_P05_H0800_I0986_CN070_F1,nominal_original,unlimited_useful_deadline,T180_P05_H0800_I0986_F1,15.249662618083676,100.0,91.58429449597476,,75102.5
India,T180_P05_H0800_I0986_CN080_F1,nominal_original,unlimited_useful_deadline,T180_P05_H0800_I0986_F1,19.02834008097166,100.0,92.2176433007538,,83571.0
India,T180_P05_H0800_I0986_CN090_F1,nominal_original,unlimited_useful_deadline,T180_P05_H0800_I0986_F1,30.229419703103915,100.0,94.38337115157351,,91983.5
India,T180_P05_H0800_I0986_CN100_F1,nominal_original,unlimited_useful_deadline,T180_P05_H0800_I0986_F1,68.0161943319838,100.0,99.0322515216276,,101325.0
India,T180_P05_H1000_I0600_CN030_F1,nominal_original,unlimited_useful_deadline,T180_P05_H1000_I0600_F1,0.40485829959514774,82.5910931174089,74.3479269416732,128.30625000000344,35756.5
India,T180_P05_H1000_I0600_CN040_F1,nominal_original,unlimited_useful_deadline,T180_P05_H1000_I0600_F1,1.7543859649122737,84.61538461538463,77.13381103600636,97.26736111111532,45092.0
India,T180_P05_H1000_I0600_CN050_F1,nominal_original,unlimited_useful_deadline,T180_P05_H1000_I0600_F1,2.8340080971660058,86.23481781376518,78.68920636122046,84.31666666666668,54325.5
India,T180_P05_H1000_I0600_CN060_F1,nominal_original,unlimited_useful_deadline,T180_P05_H1000_I0600_F1,2.1592442645074215,86.36977058029689,79.45866527660289,78.23333333333333,63555.5
India,T180_P05_H1000_I0600_CN070_F1,nominal_original,unlimited_useful_deadline,T180_P05_H1000_I0600_F1,2.429149797570858,86.50472334682861,81.16088462104163,55.0909722222281,72646.5
India,T180_P05_H1000_I0600_CN080_F1,nominal_original,unlimited_useful_deadline,T180_P05_H1000_I0600_F1,4.048582995951421,87.44939271255062,84.01559247561609,49.270833333334664,81894.5
India,T180_P05_H1000_I0600_CN090_F1,nominal_original,unlimited_useful_deadline,T180_P05_H1000_I0600_F1,3.103913630229428,87.58434547908233,87.86596647958598,,91143.0
India,T180_P05_H1000_I0600_CN100_F1,nominal_original,unlimited_useful_deadline,T180_P05_H1000_I0600_F1,5.128205128205138,87.58434547908233,94.8476683193259,,101172.0
India,T180_P05_H1000_I0800_CN030_F1,nominal_original,unlimited_useful_deadline,T180_P05_H1000_I0800_F1,10.796221322537107,96.62618083670715,87.7932015463272,,38845.5
India,T180_P05_H1000_I0800_CN040_F1,nominal_original,unlimited_useful_deadline,T180_P05_H1000_I0800_F1,7.827260458839419,99.86504723346829,87.95461174692613,,47436.0
India,T180_P05_H1000_I0800_CN050_F1,nominal_original,unlimited_useful_deadline,T180_P05_H1000_I0800_F1,10.256410256410263,100.0,87.95959367171783,,56204.5
India,T180_P05_H1000_I0800_CN060_F1,nominal_original,unlimited_useful_deadline,T180_P05_H1000_I0800_F1,13.225371120107951,100.0,88.13925702671156,,65036.0
India,T180_P05_H1000_I0800_CN070_F1,nominal_original,unlimited_useful_deadline,T180_P05_H1000_I0800_F1,14.709851551956802,100.0,88.0666869584159,,73536.5
India,T180_P05_H1000_I0800_CN080_F1,nominal_original,unlimited_useful_deadline,T180_P05_H1000_I0800_F1,14.439946018893394,100.0,89.00056897273802,,82540.0
India,T180_P05_H1000_I0800_CN090_F1,nominal_original,unlimited_useful_deadline,T180_P05_H1000_I0800_F1,31.713900134952766,100.0,92.8448354955132,,91601.0
India,T180_P05_H1000_I0800_CN100_F1,nominal_original,unlimited_useful_deadline,T180_P05_H1000_I0800_F1,69.9055330634278,100.0,98.72416133139194,,101325.0
India,T180_P05_H1000_I0986_CN030_F1,nominal_original,unlimited_useful_deadline,T180_P05_H1000_I0986_F1,9.311740890688256,95.00674763832659,89.63156793265647,,41648.5
India,T180_P05_H1000_I0986_CN040_F1,nominal_original,unlimited_useful_deadline,T180_P05_H1000_I0986_F1,12.010796221322536,100.0,90.32250252312274,,49809.5
India,T180_P05_H1000_I0986_CN050_F1,nominal_original,unlimited_useful_deadline,T180_P05_H1000_I0986_F1,16.599190283400816,100.0,90.7346841185328,,58178.0
India,T180_P05_H1000_I0986_CN060_F1,nominal_original,unlimited_useful_deadline,T180_P05_H1000_I0986_F1,15.11470985155195,100.0,90.61349106827454,,66716.5
India,T180_P05_H1000_I0986_CN070_F1,nominal_original,unlimited_useful_deadline,T180_P05_H1000_I0986_F1,17.27395411605937,100.0,91.09739197687726,,74837.5
India,T180_P05_H1000_I0986_CN080_F1,nominal_original,unlimited_useful_deadline,T180_P05_H1000_I0986_F1,21.86234817813765,100.0,91.76032302509545,,83400.5
India,T180_P05_H1000_I0986_CN090_F1,nominal_original,unlimited_useful_deadline,T180_P05_H1000_I0986_F1,29.689608636977056,100.0,93.70322494160511,,91940.0
India,T180_P05_H1000_I0986_CN100_F1,nominal_original,unlimited_useful_deadline,T180_P05_H1000_I0986_F1,75.43859649122807,100.0,99.14029363391884,,101325.0
India,T180_P10_H0500_I0600_CN030_F1,nominal_original,unlimited_useful_deadline,T180_P10_H0500_I0600_F1,-0.13495276653171118,84.4804318488529,85.81311671635797,227.00000000000682,40239.0
India,T180_P10_H0500_I0600_CN040_F1,nominal_original,unlimited_useful_deadline,T180_P10_H0500_I0600_F1,0.0,99.46018893387314,87.51508659319792,,49088.5
India,T180_P10_H0500_I0600_CN050_F1,nominal_original,unlimited_useful_deadline,T180_P10_H0500_I0600_F1,0.0,99.73009446693658,87.4056815419692,128.17013888889915,57451.5
India,T180_P10_H0500_I0600_CN060_F1,nominal_original,unlimited_useful_deadline,T180_P10_H0500_I0600_F1,0.13495276653171118,99.86504723346829,87.69489671725748,,66013.0
India,T180_P10_H0500_I0600_CN070_F1,nominal_original,unlimited_useful_deadline,T180_P10_H0500_I0600_F1,0.13495276653171118,99.86504723346829,87.41421022839523,,74314.0
India,T180_P10_H0500_I0600_CN080_F1,nominal_original,unlimited_useful_deadline,T180_P10_H0500_I0600_F1,0.0,99.86504723346829,87.70724359233563,,82894.0
India,T180_P10_H0500_I0600_CN090_F1,nominal_original,unlimited_useful_deadline,T180_P10_H0500_I0600_F1,0.26990553306342235,99.86504723346829,89.52630954832333,,91775.5
India,T180_P10_H0500_I0600_CN100_F1,nominal_original,unlimited_useful_deadline,T180_P10_H0500_I0600_F1,8.502024291497975,99.86504723346829,96.19922824802411,,101325.0
India,T180_P10_H0500_I0800_CN030_F1,nominal_original,unlimited_useful_deadline,T180_P10_H0500_I0800_F1,0.40485829959514774,100.0,89.59119489409801,,41704.5
India,T180_P10_H0500_I0800_CN040_F1,nominal_original,unlimited_useful_deadline,T180_P10_H0500_I0800_F1,0.40485829959514774,100.0,89.50852297675016,,49796.0
India,T180_P10_H0500_I0800_CN050_F1,nominal_original,unlimited_useful_deadline,T180_P10_H0500_I0800_F1,0.26990553306343656,100.0,89.74932206594701,,58104.0
India,T180_P10_H0500_I0800_CN060_F1,nominal_original,unlimited_useful_deadline,T180_P10_H0500_I0800_F1,2.0242914979757103,100.0,90.01243155167182,,66467.0
India,T180_P10_H0500_I0800_CN070_F1,nominal_original,unlimited_useful_deadline,T180_P10_H0500_I0800_F1,1.3495276653171402,100.0,90.02259214248775,,74556.5
India,T180_P10_H0500_I0800_CN080_F1,nominal_original,unlimited_useful_deadline,T180_P10_H0500_I0800_F1,2.8340080971659916,100.0,90.35585007179334,,83224.5
India,T180_P10_H0500_I0800_CN090_F1,nominal_original,unlimited_useful_deadline,T180_P10_H0500_I0800_F1,11.066126855600544,100.0,92.38360494346901,,91896.5
India,T180_P10_H0500_I0800_CN100_F1,nominal_original,unlimited_useful_deadline,T180_P10_H0500_I0800_F1,42.37516869095816,100.0,98.1858885391922,,101325.0
India,T180_P10_H0500_I0986_CN030_F1,nominal_original,unlimited_useful_deadline,T180_P10_H0500_I0986_F1,4.453441295546554,100.0,89.94310411260984,,42014.0
India,T180_P10_H0500_I0986_CN040_F1,nominal_original,unlimited_useful_deadline,T180_P10_H0500_I0986_F1,4.723346828609991,100.0,90.14530521056173,,50118.5
India,T180_P10_H0500_I0986_CN050_F1,nominal_original,unlimited_useful_deadline,T180_P10_H0500_I0986_F1,3.103913630229414,100.0,90.29538150663171,,58341.0
India,T180_P10_H0500_I0986_CN060_F1,nominal_original,unlimited_useful_deadline,T180_P10_H0500_I0986_F1,2.9689608636977027,100.0,90.56627906889129,,66593.0
India,T180_P10_H0500_I0986_CN070_F1,nominal_original,unlimited_useful_deadline,T180_P10_H0500_I0986_F1,2.8340080971659916,100.0,90.92393590087173,,74651.5
India,T180_P10_H0500_I0986_CN080_F1,nominal_original,unlimited_useful_deadline,T180_P10_H0500_I0986_F1,5.3981106612685466,100.0,91.38076915331871,,83475.0
India,T180_P10_H0500_I0986_CN090_F1,nominal_original,unlimited_useful_deadline,T180_P10_H0500_I0986_F1,17.27395411605937,100.0,93.79568717751177,,91956.5
India,T180_P10_H0500_I0986_CN100_F1,nominal_original,unlimited_useful_deadline,T180_P10_H0500_I0986_F1,55.87044534412956,100.0,98.61135546359642,,101325.0
India,T180_P10_H0800_I0600_CN030_F1,nominal_original,unlimited_useful_deadline,T180_P10_H0800_I0600_F1,0.0,82.05128205128204,85.28379350931736,,39573.0
India,T180_P10_H0800_I0600_CN040_F1,nominal_original,unlimited_useful_deadline,T180_P10_H0800_I0600_F1,0.26990553306342235,97.70580296896087,86.34252608621416,,48335.5
India,T180_P10_H0800_I0600_CN050_F1,nominal_original,unlimited_useful_deadline,T180_P10_H0800_I0600_F1,0.26990553306342235,99.59514170040485,86.73868241128343,,56779.5
India,T180_P10_H0800_I0600_CN060_F1,nominal_original,unlimited_useful_deadline,T180_P10_H0800_I0600_F1,0.26990553306342235,99.86504723346829,86.7071367525493,,65564.0
India,T180_P10_H0800_I0600_CN070_F1,nominal_original,unlimited_useful_deadline,T180_P10_H0800_I0600_F1,0.40485829959513353,99.86504723346829,86.85193680801775,,73955.5
India,T180_P10_H0800_I0600_CN080_F1,nominal_original,unlimited_useful_deadline,T180_P10_H0800_I0600_F1,0.40485829959513353,99.86504723346829,87.35753617242167,,82687.0
India,T180_P10_H0800_I0600_CN090_F1,nominal_original,unlimited_useful_deadline,T180_P10_H0800_I0600_F1,0.40485829959513353,99.86504723346829,89.49491482740954,,91683.0
India,T180_P10_H0800_I0600_CN100_F1,nominal_original,unlimited_useful_deadline,T180_P10_H0800_I0600_F1,7.287449392712546,99.86504723346829,95.92404184671454,,101325.0
India,T180_P10_H0800_I0800_CN030_F1,nominal_original,unlimited_useful_deadline,T180_P10_H0800_I0800_F1,2.564102564102569,99.86504723346829,89.2753770720107,,40776.5
India,T180_P10_H0800_I0800_CN040_F1,nominal_original,unlimited_useful_deadline,T180_P10_H0800_I0800_F1,1.889338731443985,100.0,89.62686912737078,,49134.5
India,T180_P10_H0800_I0800_CN050_F1,nominal_original,unlimited_useful_deadline,T180_P10_H0800_I0800_F1,1.0796221322537036,100.0,89.57160598534232,,57404.0
India,T180_P10_H0800_I0800_CN060_F1,nominal_original,unlimited_useful_deadline,T180_P10_H0800_I0800_F1,3.238866396761125,100.0,89.85073528426997,,65881.0
India,T180_P10_H0800_I0800_CN070_F1,nominal_original,unlimited_useful_deadline,T180_P10_H0800_I0800_F1,9.176788124156545,100.0,90.91558597001115,,74274.0
India,T180_P10_H0800_I0800_CN080_F1,nominal_original,unlimited_useful_deadline,T180_P10_H0800_I0800_F1,13.630229419703099,100.0,90.71204112708622,,83074.0
India,T180_P10_H0800_I0800_CN090_F1,nominal_original,unlimited_useful_deadline,T180_P10_H0800_I0800_F1,15.65452091767881,100.0,93.1655283975294,,91967.0
India,T180_P10_H0800_I0800_CN100_F1,nominal_original,unlimited_useful_deadline,T180_P10_H0800_I0800_F1,60.99865047233468,100.0,98.67156141522985,,101325.0
India,T180_P10_H0800_I0986_CN030_F1,nominal_original,unlimited_useful_deadline,T180_P10_H0800_I0986_F1,5.533063427800272,100.0,89.47793310418133,,40892.0
India,T180_P10_H0800_I0986_CN040_F1,nominal_original,unlimited_useful_deadline,T180_P10_H0800_I0986_F1,11.336032388663966,100.0,90.05821548164712,,49379.5
India,T180_P10_H0800_I0986_CN050_F1,nominal_original,unlimited_useful_deadline,T180_P10_H0800_I0986_F1,7.692307692307693,100.0,90.18254720163081,,57714.0
India,T180_P10_H0800_I0986_CN060_F1,nominal_original,unlimited_useful_deadline,T180_P10_H0800_I0986_F1,12.550607287449395,100.0,90.79668775185299,,66062.0
India,T180_P10_H0800_I0986_CN070_F1,nominal_original,unlimited_useful_deadline,T180_P10_H0800_I0986_F1,17.67881241565452,100.0,91.23994848605308,,74344.5
India,T180_P10_H0800_I0986_CN080_F1,nominal_original,unlimited_useful_deadline,T180_P10_H0800_I0986_F1,21.997300944669362,100.0,92.3705345190244,,83287.0
India,T180_P10_H0800_I0986_CN090_F1,nominal_original,unlimited_useful_deadline,T180_P10_H0800_I0986_F1,24.56140350877193,100.0,94.0213344956049,,92026.0
India,T180_P10_H0800_I0986_CN100_F1,nominal_original,unlimited_useful_deadline,T180_P10_H0800_I0986_F1,60.72874493927126,100.0,99.088731167881,,101325.0
India,T180_P10_H1000_I0600_CN030_F1,nominal_original,unlimited_useful_deadline,T180_P10_H1000_I0600_F1,0.0,81.24156545209176,84.30017580333373,,38790.5
India,T180_P10_H1000_I0600_CN040_F1,nominal_original,unlimited_useful_deadline,T180_P10_H1000_I0600_F1,0.0,93.52226720647774,85.8630778189921,,47805.0
India,T180_P10_H1000_I0600_CN050_F1,nominal_original,unlimited_useful_deadline,T180_P10_H1000_I0600_F1,0.13495276653171118,99.59514170040485,86.36285838000364,,56417.5
India,T180_P10_H1000_I0600_CN060_F1,nominal_original,unlimited_useful_deadline,T180_P10_H1000_I0600_F1,0.13495276653171118,99.86504723346829,86.63162805304852,,65267.5
India,T180_P10_H1000_I0600_CN070_F1,nominal_original,unlimited_useful_deadline,T180_P10_H1000_I0600_F1,0.13495276653171118,99.86504723346829,85.71298492495784,,73645.5
India,T180_P10_H1000_I0600_CN080_F1,nominal_original,unlimited_useful_deadline,T180_P10_H1000_I0600_F1,0.13495276653171118,100.0,86.5219960961774,,82583.5
India,T180_P10_H1000_I0600_CN090_F1,nominal_original,unlimited_useful_deadline,T180_P10_H1000_I0600_F1,0.13495276653171118,100.0,89.812941273863,,91627.5
India,T180_P10_H1000_I0600_CN100_F1,nominal_original,unlimited_useful_deadline,T180_P10_H1000_I0600_F1,13.225371120107951,100.0,95.94216307770937,,101325.0
India,T180_P10_H1000_I0800_CN030_F1,nominal_original,unlimited_useful_deadline,T180_P10_H1000_I0800_F1,0.8097165991902813,97.70580296896087,89.23751572234983,,40312.5
India,T180_P10_H1000_I0800_CN040_F1,nominal_original,unlimited_useful_deadline,T180_P10_H1000_I0800_F1,3.9136302294197094,100.0,89.5084571379715,,48662.0
India,T180_P10_H1000_I0800_CN050_F1,nominal_original,unlimited_useful_deadline,T180_P10_H1000_I0800_F1,2.1592442645074215,100.0,89.54261077531544,,57134.0
India,T180_P10_H1000_I0800_CN060_F1,nominal_original,unlimited_useful_deadline,T180_P10_H1000_I0800_F1,6.342780026990553,100.0,89.83937208001079,,65599.0
India,T180_P10_H1000_I0800_CN070_F1,nominal_original,unlimited_useful_deadline,T180_P10_H1000_I0800_F1,13.76518218623481,100.0,90.77249691737573,,74197.0
India,T180_P10_H1000_I0800_CN080_F1,nominal_original,unlimited_useful_deadline,T180_P10_H1000_I0800_F1,14.035087719298247,100.0,90.973679308786,,82987.0
India,T180_P10_H1000_I0800_CN090_F1,nominal_original,unlimited_useful_deadline,T180_P10_H1000_I0800_F1,25.641025641025635,100.0,93.85770806833261,,91883.0
India,T180_P10_H1000_I0800_CN100_F1,nominal_original,unlimited_useful_deadline,T180_P10_H1000_I0800_F1,70.8502024291498,100.0,99.0413255497589,,101325.0
India,T180_P10_H1000_I0986_CN030_F1,nominal_original,unlimited_useful_deadline,T180_P10_H1000_I0986_F1,7.422402159244271,99.73009446693656,89.40796389616925,,40505.5
India,T180_P10_H1000_I0986_CN040_F1,nominal_original,unlimited_useful_deadline,T180_P10_H1000_I0986_F1,8.097165991902827,100.0,89.68491743220075,,48871.5
India,T180_P10_H1000_I0986_CN050_F1,nominal_original,unlimited_useful_deadline,T180_P10_H1000_I0986_F1,10.526315789473685,100.0,89.75509974048595,,57416.0
India,T180_P10_H1000_I0986_CN060_F1,nominal_original,unlimited_useful_deadline,T180_P10_H1000_I0986_F1,19.973009446693652,100.0,89.9496466573941,,65686.0
India,T180_P10_H1000_I0986_CN070_F1,nominal_original,unlimited_useful_deadline,T180_P10_H1000_I0986_F1,21.86234817813765,100.0,90.64041401599239,,74213.0
India,T180_P10_H1000_I0986_CN080_F1,nominal_original,unlimited_useful_deadline,T180_P10_H1000_I0986_F1,20.3778677462888,100.0,91.14007343981817,,83143.5
India,T180_P10_H1000_I0986_CN090_F1,nominal_original,unlimited_useful_deadline,T180_P10_H1000_I0986_F1,37.92172739541161,100.0,94.02946096116267,,92006.5
India,T180_P10_H1000_I0986_CN100_F1,nominal_original,unlimited_useful_deadline,T180_P10_H1000_I0986_F1,56.54520917678813,100.0,98.86809151314579,,101325.0
