task_id,region,date,timestamp_utc,task_status,cluster_id,centroid_lat,centroid_lon,num_detections,approx_radius_km,mean_frp_mw,max_frp_mw,total_frp_mw,confidence_score,missing_confidence_fraction,min_confidence_score,max_confidence_score,dominant_confidence_class,source_dataset,product_count,products,total_frp_norm,max_frp_norm,cluster_size_norm,frp_score,task_priority_score,priority_class,required_response_time_min
CAL_S3_20250703_C000,California,2025-07-03,2025-07-03T05:28:29+00:00,clustered,0,35.13416468531469,-119.88381145454545,143,13.266529621661729,69.692603986014,373.2559,9966.042370000003,0.8627972027972028,0.0,0.0,1.0,high,Sentinel-3_SLSTR_FRP,4,S3A_SL_2_FRP____20250703T060745_20250703T061245_20250703T083605_0299_127_348______MAR_O_NR_003.SEN3;S3A_SL_2_FRP____20250703T182643_20250703T183143_20250703T202107_0299_127_355______MAR_O_NR_003.SEN3;S3B_SL_2_FRP____20250703T052829_20250703T053329_20250703T075710_0299_108_205______MAR_O_NR_003.SEN3;S3B_SL_2_FRP____20250703T174825_20250703T175325_20250703T194207_0299_108_212______MAR_O_NR_003.SEN3,1.0,0.8184452598638726,1.0,0.9273781039455491,0.9225282128119354,Critical,30
CAL_S3_20250703_I004,California,2025-07-03,2025-07-03T18:26:43+00:00,isolated,-1,37.48893,-120.48887,1,1.0,85.42824,85.42824,85.42824,1.0,0.0,1.0,1.0,high,Sentinel-3_SLSTR_FRP,1,S3A_SL_2_FRP____20250703T182643_20250703T183143_20250703T202107_0299_127_355______MAR_O_NR_003.SEN3,0.30270939940928165,0.47831771680709567,0.0,0.37295272636840726,0.4864763631842036,Medium,180
CAL_S3_20250703_I006,California,2025-07-03,2025-07-03T17:48:25+00:00,isolated,-1,32.440468,-114.82922,1,1.0,48.569965,48.569965,48.569965,1.0,0.0,1.0,1.0,high,Sentinel-3_SLSTR_FRP,1,S3B_SL_2_FRP____20250703T174825_20250703T175325_20250703T194207_0299_108_212______MAR_O_NR_003.SEN3,0.22106095762380726,0.3493032351560587,0.0,0.27235786863670786,0.4361789343183539,Medium,180
CAL_S3_20250703_C002,California,2025-07-03,2025-07-03T05:33:29+00:00,clustered,2,41.5300196,-123.149262,5,1.4133379945919127,15.6676082,23.608591,78.338041,0.772,0.0,0.55,1.0,high,Sentinel-3_SLSTR_FRP,3,S3A_SL_2_FRP____20250703T060745_20250703T061245_20250703T083605_0299_127_348______MAR_O_NR_003.SEN3;S3A_SL_2_FRP____20250703T182143_20250703T182643_20250703T202232_0299_127_355______MAR_O_NR_003.SEN3;S3B_SL_2_FRP____20250703T053329_20250703T053829_20250703T080413_0299_108_205______MAR_O_NR_003.SEN3,0.2901379439090924,0.1867871107546112,0.25688521341031656,0.24879761064729994,0.4073758480057133,Medium,180
CAL_S3_20250703_C001,California,2025-07-03,2025-07-03T05:28:29+00:00,clustered,1,40.8818715,-122.548133,4,2.7269696257729845,19.82144675,33.16673,79.285787,0.72,0.0,0.0,1.0,high,Sentinel-3_SLSTR_FRP,3,S3A_SL_2_FRP____20250703T060745_20250703T061245_20250703T083605_0299_127_348______MAR_O_NR_003.SEN3;S3A_SL_2_FRP____20250703T182143_20250703T182643_20250703T202232_0299_127_355______MAR_O_NR_003.SEN3;S3B_SL_2_FRP____20250703T052829_20250703T053329_20250703T075710_0299_108_205______MAR_O_NR_003.SEN3,0.2918819886471239,0.2629424209896342,0.21425351111696525,0.280306161584128,0.399003783015457,Medium,180
CAL_S3_20250703_C003,California,2025-07-03,2025-07-03T05:28:29+00:00,clustered,3,40.835778399999995,-122.099614,5,1.0,13.819099799999998,24.18485,69.09549899999999,0.594,0.0,0.36,0.94,medium,Sentinel-3_SLSTR_FRP,2,S3A_SL_2_FRP____20250703T182143_20250703T182643_20250703T202232_0299_127_355______MAR_O_NR_003.SEN3;S3B_SL_2_FRP____20250703T052829_20250703T053329_20250703T075710_0299_108_205______MAR_O_NR_003.SEN3,0.27194695356341225,0.19215883625913013,0.25688521341031656,0.24003170664169943,0.34959289600291305,Medium,180
CAL_S3_20250703_C005,California,2025-07-03,2025-07-03T17:48:25+00:00,clustered,5,38.62217966666667,-118.634245,3,1.9691290067942309,21.163230333333335,22.118801,63.48969100000001,0.62,0.0,0.0,0.94,high,Sentinel-3_SLSTR_FRP,1,S3B_SL_2_FRP____20250703T174825_20250703T175325_20250703T194207_0299_108_212______MAR_O_NR_003.SEN3,0.2597050043874043,0.17229447748956683,0.16207652439312228,0.2247407936282693,0.3307857016927591,Medium,180
CAL_S3_20250703_I005,California,2025-07-03,2025-07-03T18:26:43+00:00,isolated,-1,33.78047,-117.73429,1,1.0,11.243476,11.243476,11.243476,0.52,0.0,0.52,0.52,medium,Sentinel-3_SLSTR_FRP,1,S3A_SL_2_FRP____20250703T182643_20250703T183143_20250703T202107_0299_127_355______MAR_O_NR_003.SEN3,0.015681417158048643,0.02477854888541481,0.0,0.01932026984899511,0.16566013492449755,Low,360
CAL_S3_20250703_I001,California,2025-07-03,2025-07-03T18:21:43+00:00,isolated,-1,40.06368,-122.73621,1,1.0,10.043146,10.043146,10.043146,0.44,0.0,0.44,0.44,medium,Sentinel-3_SLSTR_FRP,1,S3A_SL_2_FRP____20250703T182143_20250703T182643_20250703T202232_0299_127_355______MAR_O_NR_003.SEN3,0.0005270596963261282,0.0008328185086413438,0.0,0.0006493632212522145,0.1323246816106261,Low,360
CAL_S3_20250703_C004,California,2025-07-03,2025-07-03T18:21:43+00:00,clustered,4,41.81108066666667,-123.90688666666667,3,1.0,10.807955,11.260693,32.423865,0.0,0.0,0.0,0.0,low,Sentinel-3_SLSTR_FRP,1,S3A_SL_2_FRP____20250703T182143_20250703T182643_20250703T202232_0299_127_355______MAR_O_NR_003.SEN3,0.1631779376142146,0.025104660609225178,0.16207652439312228,0.10794862681221881,0.08638961828473386,Low,360
CAL_S3_20250703_I002,California,2025-07-03,2025-07-03T18:21:43+00:00,isolated,-1,39.73023,-120.50166,1,1.0,11.531072,11.531072,11.531072,0.0,0.0,0.0,0.0,low,Sentinel-3_SLSTR_FRP,1,S3A_SL_2_FRP____20250703T182143_20250703T182643_20250703T202232_0299_127_355______MAR_O_NR_003.SEN3,0.019091421172624447,0.030166770518895134,0.0,0.023521560911132722,0.011760780455566361,Low,360
CAL_S3_20250704_C001,California,2025-07-04,2025-07-04T05:41:12+00:00,clustered,1,35.17686616666666,-120.02342916666667,24,10.002973403920402,208.95450974999997,817.33154,5014.9082339999995,0.6237499999999999,0.0,0.0,1.0,high,Sentinel-3_SLSTR_FRP,2,S3A_SL_2_FRP____20250704T054112_20250704T054612_20250704T081024_0299_127_362______MAR_O_NR_003.SEN3;S3A_SL_2_FRP____20250704T180048_20250704T180548_20250704T195546_0299_127_369______MAR_O_NR_003.SEN3,0.8991499856395275,1.0,0.5905835466270527,0.9394899913837165,0.7749867050172687,High,60
CAL_S3_20250704_C000,California,2025-07-04,2025-07-04T05:41:12+00:00,clustered,0,35.070718125,-119.75115978125001,32,5.351323820449692,85.74771590625001,615.66943,2743.9269090000003,0.5934375000000001,0.0,0.0,1.0,high,Sentinel-3_SLSTR_FRP,2,S3A_SL_2_FRP____20250704T054112_20250704T054612_20250704T081024_0299_127_362______MAR_O_NR_003.SEN3;S3A_SL_2_FRP____20250704T180048_20250704T180548_20250704T195546_0299_127_369______MAR_O_NR_003.SEN3,0.8106089093973382,0.9343394261164812,0.6555013421416007,0.8601011160849954,0.7391820764708178,High,60
CAL_S3_20250704_C004,California,2025-07-04,2025-07-04T17:55:48+00:00,clustered,4,40.90854775,-116.4026375,8,1.831066028340869,63.117459999999994,129.89471,504.93967999999995,0.5975,0.0,0.0,1.0,high,Sentinel-3_SLSTR_FRP,1,S3A_SL_2_FRP____20250704T175548_20250704T180048_20250704T195651_0299_127_369______MAR_O_NR_003.SEN3,0.5622409386510289,0.5746450155348555,0.35169390242751086,0.5672025694045595,0.5331900651877819,Medium,180
CAL_S3_20250704_C005,California,2025-07-04,2025-07-04T17:55:48+00:00,clustered,5,40.71474233333333,-117.84643916666666,6,2.7621658210652718,41.409122333333336,117.28811,248.454734,0.6666666666666666,0.0,0.0,1.0,high,Sentinel-3_SLSTR_FRP,1,S3A_SL_2_FRP____20250704T175548_20250704T180048_20250704T195651_0299_127_369______MAR_O_NR_003.SEN3,0.4583844402351175,0.551143294978273,0.2929298041118989,0.49548798213237966,0.5063299518885696,Medium,180
CAL_S3_20250704_I006,California,2025-07-04,2025-07-04T18:57:30+00:00,isolated,-1,40.87332,-122.55424,1,1.0,46.174328,46.174328,46.174328,1.0,0.0,1.0,1.0,high,Sentinel-3_SLSTR_FRP,1,S3B_SL_2_FRP____20250704T185730_20250704T190230_20250704T205544_0299_108_227______MAR_O_NR_003.SEN3,0.21378579463785935,0.3378075916258982,0.0,0.26339451343307485,0.4316972567165374,Medium,180
CAL_S3_20250704_I001,California,2025-07-04,2025-07-04T05:41:12+00:00,isolated,-1,34.571907,-118.154144,1,1.0,43.365753,43.365753,43.365753,1.0,0.0,1.0,1.0,high,Sentinel-3_SLSTR_FRP,1,S3A_SL_2_FRP____20250704T054112_20250704T054612_20250704T081024_0299_127_362______MAR_O_NR_003.SEN3,0.2047707196804829,0.3235626752841134,0.0,0.2522875019219351,0.42614375096096757,Medium,180
CAL_S3_20250704_C003,California,2025-07-04,2025-07-04T05:41:12+00:00,clustered,3,41.524924000000006,-123.13957533333333,3,1.0,41.98193133333333,73.96321,125.94579399999999,0.57,0.0,0.0,1.0,high,Sentinel-3_SLSTR_FRP,2,S3A_SL_2_FRP____20250704T054112_20250704T054612_20250704T081024_0299_127_362______MAR_O_NR_003.SEN3;S3B_SL_2_FRP____20250704T185730_20250704T190230_20250704T205544_0299_108_227______MAR_O_NR_003.SEN3,0.35917231416966233,0.4452902192675189,0.16207652439312228,0.393619476208805,0.40022504298302697,Medium,180
CAL_S3_20250704_C002,California,2025-07-04,2025-07-04T05:41:12+00:00,clustered,2,40.7936395,-123.134764,4,1.0,13.4263305,13.78449,53.705322,0.3525,0.0,0.0,1.0,low,Sentinel-3_SLSTR_FRP,2,S3A_SL_2_FRP____20250704T054112_20250704T054612_20250704T081024_0299_127_362______MAR_O_NR_003.SEN3;S3B_SL_2_FRP____20250704T185730_20250704T190230_20250704T205544_0299_108_227______MAR_O_NR_003.SEN3,0.23553863864874,0.06854355479897863,0.21425351111696525,0.16874060510883546,0.23297100477781077,Low,360
CAL_S3_20250704_I003,California,2025-07-04,2025-07-04T18:00:48+00:00,isolated,-1,36.22421,-119.50114,1,1.0,12.668593,12.668593,12.668593,0.63,0.0,0.63,0.63,medium,Sentinel-3_SLSTR_FRP,1,S3A_SL_2_FRP____20250704T180048_20250704T180548_20250704T195546_0299_127_369______MAR_O_NR_003.SEN3,0.031852725888167295,0.05033118611659236,0.0,0.039244109979537325,0.20862205498976866,Low,360
CAL_S3_20250704_I005,California,2025-07-04,2025-07-04T18:00:48+00:00,isolated,-1,35.910633,-121.21761,1,1.0,18.870346,18.870346,18.870346,0.0,0.0,0.0,0.0,low,Sentinel-3_SLSTR_FRP,1,S3A_SL_2_FRP____20250704T180048_20250704T180548_20250704T195546_0299_127_369______MAR_O_NR_003.SEN3,0.08680025983873996,0.1371549815940592,0.0,0.10694214854086766,0.05347107427043383,Low,360
CAL_S3_20250705_C003,California,2025-07-05,2025-07-05T05:19:37+00:00,clustered,3,41.47332809090909,-118.8454979090909,22,3.7316078550116347,87.4037852272727,476.87808,1922.8832749999997,0.8677272727272727,0.0,0.37,1.0,high,Sentinel-3_SLSTR_FRP,1,S3A_SL_2_FRP____20250705T051937_20250705T052437_20250705T075205_0299_127_376______MAR_O_NR_003.SEN3,0.7584106023385824,0.8751668253802083,0.5710866753215521,0.8051130915552327,0.7770920626601086,High,60
CAL_S3_20250705_C001,California,2025-07-05,2025-07-05T05:14:37+00:00,clustered,1,35.18281715384616,-120.01705492307688,13,5.385961668774211,27.525960076923077,47.398617,357.837481,0.9923076923076923,0.0,0.9,1.0,high,Sentinel-3_SLSTR_FRP,1,S3A_SL_2_FRP____20250705T051437_20250705T051937_20250705T074546_0299_127_376______MAR_O_NR_003.SEN3,0.5117846225672759,0.34375354605065983,0.4550063285050211,0.44457219196062947,0.6109796693736267,High,60
CAL_S3_20250705_C000,California,2025-07-05,2025-07-05T05:14:37+00:00,clustered,0,35.033037750000005,-119.72948837499999,8,2.4551730951043638,31.000554625,112.92574,248.004437,0.96,0.0,0.8,1.0,high,Sentinel-3_SLSTR_FRP,1,S3A_SL_2_FRP____20250705T051437_20250705T051937_20250705T074546_0299_127_376______MAR_O_NR_003.SEN3,0.45811908487779557,0.5424229369357974,0.35169390242751086,0.4918406257009963,0.6042590933360003,High,60
CAL_S3_20250705_C005,California,2025-07-05,2025-07-05T05:19:37+00:00,clustered,5,41.529387,-123.14855,7,3.4966347142054284,61.22190371428571,159.37798,428.55332599999997,0.84,0.0,0.25,1.0,high,Sentinel-3_SLSTR_FRP,3,S3A_SL_2_FRP____20250705T051937_20250705T052437_20250705T075205_0299_127_376______MAR_O_NR_003.SEN3;S3B_SL_2_FRP____20250705T061748_20250705T062248_20250705T084503_0299_108_234______MAR_O_NR_003.SEN3;S3B_SL_2_FRP____20250705T183133_20250705T183633_20250705T203029_0299_108_241______MAR_O_NR_003.SEN3,0.5382027628429199,0.6217877317827969,0.3241530487862445,0.5716367504188706,0.6026489849666842,High,60
CAL_S3_20250705_C002,California,2025-07-05,2025-07-05T05:14:37+00:00,clustered,2,40.7458012,-117.869703,5,2.917768056484961,19.057553000000002,29.009232,95.28776500000001,0.9400000000000001,0.0,0.7,1.0,high,Sentinel-3_SLSTR_FRP,2,S3A_SL_2_FRP____20250705T051437_20250705T051937_20250705T074546_0299_127_376______MAR_O_NR_003.SEN3;S3B_SL_2_FRP____20250705T183133_20250705T183633_20250705T203029_0299_108_241______MAR_O_NR_003.SEN3,0.31857511764201507,0.2328319769615385,0.25688521341031656,0.28427786136982447,0.4755159733669756,Medium,180
CAL_S3_20250705_C006,California,2025-07-05,2025-07-05T18:31:33+00:00,clustered,6,40.8430348,-122.09818479999998,5,1.3187829791654118,26.813223299999997,52.074116,134.0661165,0.674,0.0,0.0,1.0,high,Sentinel-3_SLSTR_FRP,1,S3B_SL_2_FRP____20250705T183133_20250705T183633_20250705T203029_0299_108_241______MAR_O_NR_003.SEN3,0.3682787751250905,0.3651545957260766,0.25688521341031656,0.36702910336548494,0.4370915943648058,Medium,180
CAL_S3_20250705_C004,California,2025-07-05,2025-07-05T05:19:37+00:00,clustered,4,41.30750866666667,-123.40407416666666,6,1.3207019949619034,22.6073275,37.72559,135.643965,0.5616666666666666,0.0,0.0,1.0,high,Sentinel-3_SLSTR_FRP,2,S3A_SL_2_FRP____20250705T051937_20250705T052437_20250705T075205_0299_127_376______MAR_O_NR_003.SEN3;S3B_SL_2_FRP____20250705T183133_20250705T183633_20250705T203029_0299_108_241______MAR_O_NR_003.SEN3,0.3699845539140084,0.2920087737279837,0.2929298041118989,0.3387942418395985,0.396483081742179,Medium,180
CAL_S3_20250705_C007,California,2025-07-05,2025-07-05T18:31:33+00:00,clustered,7,39.734878,-121.996185,4,1.0,14.63157475,18.555193,58.526299,0.665,0.0,0.56,0.8,medium,Sentinel-3_SLSTR_FRP,1,S3B_SL_2_FRP____20250705T183133_20250705T183633_20250705T203029_0299_108_241______MAR_O_NR_003.SEN3,0.24794273252577959,0.13344474250295796,0.21425351111696525,0.20214353651665096,0.34342247048171853,Medium,180
CAL_S3_20250705_I001,California,2025-07-05,2025-07-05T05:14:37+00:00,isolated,-1,36.483177,-119.52553,1,1.0,15.373548,15.373548,15.373548,1.0,0.0,1.0,1.0,high,Sentinel-3_SLSTR_FRP,1,S3A_SL_2_FRP____20250705T051437_20250705T051937_20250705T074546_0299_127_376______MAR_O_NR_003.SEN3,0.05837221728076669,0.0922352122173578,0.0,0.07191741525540313,0.3359587076277015,Medium,180
CAL_S3_20250705_I004,California,2025-07-05,2025-07-05T18:36:33+00:00,isolated,-1,39.011024,-121.610275,1,1.0,10.58193,10.58193,10.58193,0.55,0.0,0.55,0.55,medium,Sentinel-3_SLSTR_FRP,1,S3B_SL_2_FRP____20250705T183633_20250705T184133_20250705T202811_0299_108_241______MAR_O_NR_003.SEN3,0.0075233051405393546,0.011887738354633767,0.0,0.00926907842617712,0.16963453921308858,Low,360
CAL_S3_20250705_I002,California,2025-07-05,2025-07-05T18:31:33+00:00,isolated,-1,41.833073,-121.381035,1,1.0,11.226189,11.226189,11.226189,0.44,0.0,0.44,0.44,medium,Sentinel-3_SLSTR_FRP,1,S3B_SL_2_FRP____20250705T183133_20250705T183633_20250705T203029_0299_108_241______MAR_O_NR_003.SEN3,0.015473901935816069,0.024450649561856642,0.0,0.019064600986232298,0.14153230049311616,Low,360
IND_S3_20260414_C025,India,2026-04-14,2026-04-14T04:34:57+00:00,clustered,25,25.11295414814815,83.92732007407409,27,22.219098156142806,30.515939759259258,197.63364,823.9303735,0.8159259259259259,0.0,0.0,1.0,high,Sentinel-3_SLSTR_FRP,2,S3A_SL_2_FRP____20260414T162321_20260414T162821_20260414T184823_0299_138_183______MAR_O_NR_003.SEN3;S3B_SL_2_FRP____20260414T043457_20260414T043957_20260414T063016_0299_119_033______MAR_O_NR_003.SEN3,0.6340421741518477,0.6714341515156432,0.6170828528981435,0.648998965097366,0.6926938309060895,High,60
IND_S3_20260414_C016,India,2026-04-14,2026-04-14T04:34:57+00:00,clustered,16,13.96514264,79.11849356,25,12.635835157256636,29.708257000000003,85.38975,742.7064250000001,0.8732,0.0,0.0,1.0,high,Sentinel-3_SLSTR_FRP,2,S3A_SL_2_FRP____20260414T161821_20260414T162321_20260414T171435_0299_138_183______MAR_O_NR_003.SEN3;S3B_SL_2_FRP____20260414T043457_20260414T043957_20260414T063016_0299_119_033______MAR_O_NR_003.SEN3,0.6188188824868122,0.47821434364317883,0.5997544082425733,0.5625770669493588,0.663199415123194,High,60
IND_S3_20260414_C035,India,2026-04-14,2026-04-14T04:29:57+00:00,clustered,35,27.25639736666667,82.92333100000002,30,25.155650876859543,18.5210531,41.586407,555.631593,0.8476666666666667,0.0,0.0,1.0,high,Sentinel-3_SLSTR_FRP,2,S3A_SL_2_FRP____20260414T162321_20260414T162821_20260414T184823_0299_138_183______MAR_O_NR_003.SEN3;S3B_SL_2_FRP____20260414T042957_20260414T043457_20260414T063013_0299_119_033______MAR_O_NR_003.SEN3,0.5762648349430052,0.314063421212195,0.6408823947556125,0.4713842694506811,0.618168613676463,High,60
IND_S3_20260414_C044,India,2026-04-14,2026-04-14T04:34:57+00:00,clustered,44,24.707187333333337,76.73855999999999,3,7.480157840183168,77.61091499999999,206.08917,232.832745,1.0,0.0,1.0,1.0,high,Sentinel-3_SLSTR_FRP,2,S3A_SL_2_FRP____20260414T162321_20260414T162821_20260414T184823_0299_138_183______MAR_O_NR_003.SEN3;S3B_SL_2_FRP____20260414T043457_20260414T043957_20260414T063016_0299_119_033______MAR_O_NR_003.SEN3,0.4488862603135883,0.6811085314305994,0.16207652439312228,0.5417751687603927,0.6033028892588208,High,60
IND_S3_20260414_C034,India,2026-04-14,2026-04-14T04:29:57+00:00,clustered,34,26.992480166666667,82.8543205,12,7.961684543623632,31.523088166666668,71.16131,378.277058,0.9083333333333333,0.0,0.71,1.0,high,Sentinel-3_SLSTR_FRP,2,S3A_SL_2_FRP____20260414T162321_20260414T162821_20260414T184823_0299_138_183______MAR_O_NR_003.SEN3;S3B_SL_2_FRP____20260414T042957_20260414T043457_20260414T063013_0299_119_033______MAR_O_NR_003.SEN3,0.5199207448887831,0.4364498801403984,0.437677883849451,0.4865323989894293,0.6033017762646048,High,60
IND_S3_20260414_C003,India,2026-04-14,2026-04-14T04:34:57+00:00,clustered,3,23.638188749999998,77.9690285,8,7.059323476769939,35.1519745,85.298996,281.215796,0.9775,0.0,0.85,1.0,high,Sentinel-3_SLSTR_FRP,3,S3A_SL_2_FRP____20260414T051413_20260414T051913_20260414T070945_0299_138_176______MAR_O_NR_003.SEN3;S3A_SL_2_FRP____20260414T162321_20260414T162821_20260414T184823_0299_138_183______MAR_O_NR_003.SEN3;S3B_SL_2_FRP____20260414T043457_20260414T043957_20260414T063016_0299_119_033______MAR_O_NR_003.SEN3,0.47650719562089294,0.47797042184099203,0.35169390242751086,0.47709248610893257,0.6021350235399684,High,60
IND_S3_20260414_C032,India,2026-04-14,2026-04-14T04:34:57+00:00,clustered,32,26.377737076923076,83.73987846153847,13,14.014990079241302,23.066726384615382,75.84267,299.867443,0.8399999999999999,0.0,0.0,1.0,high,Sentinel-3_SLSTR_FRP,2,S3A_SL_2_FRP____20260414T162321_20260414T162821_20260414T184823_0299_138_183______MAR_O_NR_003.SEN3;S3B_SL_2_FRP____20260414T043457_20260414T043957_20260414T063016_0299_119_033______MAR_O_NR_003.SEN3,0.4859064434882012,0.451036879557922,0.4550063285050211,0.4719586179160895,0.578980574659049,Medium,180
IND_S3_20260414_C043,India,2026-04-14,2026-04-14T04:34:57+00:00,clustered,43,24.8083962,84.04161,5,2.9051852187691134,38.4274482,111.120636,192.13724100000002,0.95,0.0,0.84,1.0,high,Sentinel-3_SLSTR_FRP,1,S3B_SL_2_FRP____20260414T043457_20260414T043957_20260414T063016_0299_119_033______MAR_O_NR_003.SEN3,0.420804283466546,0.5387164476267886,0.25688521341031656,0.467969149130643,0.5703616172473848,Medium,180
IND_S3_20260414_I242,India,2026-04-14,2026-04-14T04:34:57+00:00,isolated,-1,23.865595,78.188774,1,1.0,204.79903,204.79903,204.79903,1.0,0.0,1.0,1.0,high,Sentinel-3_SLSTR_FRP,1,S3B_SL_2_FRP____20260414T043457_20260414T043957_20260414T063016_0299_119_033______MAR_O_NR_003.SEN3,0.43013029011866155,0.679658242197363,0.0,0.5299414709501422,0.564970735475071,Medium,180
IND_S3_20260414_I004,India,2026-04-14,2026-04-14T03:31:44+00:00,isolated,-1,23.988216,93.90314,1,1.0,190.6564,190.6564,190.6564,1.0,0.0,1.0,1.0,high,Sentinel-3_SLSTR_FRP,1,S3A_SL_2_FRP____20260414T033144_20260414T033644_20260414T052840_0299_138_175______MAR_O_NR_003.SEN3,0.4196738605137885,0.6631358099758426,0.0,0.5170586402986102,0.5585293201493051,Medium,180
IND_S3_20260414_C007,India,2026-04-14,2026-04-14T04:34:57+00:00,clustered,7,23.468335928571427,76.60986921428572,14,19.712013988183024,25.096459499999998,52.040874,351.35043299999995,0.7871428571428573,0.0,0.0,1.0,high,Sentinel-3_SLSTR_FRP,3,S3A_SL_2_FRP____20260414T051413_20260414T051913_20260414T070945_0299_138_176______MAR_O_NR_003.SEN3;S3A_SL_2_FRP____20260414T162321_20260414T162821_20260414T184823_0299_138_183______MAR_O_NR_003.SEN3;S3B_SL_2_FRP____20260414T043457_20260414T043957_20260414T063016_0299_119_033______MAR_O_NR_003.SEN3,0.5091052502374427,0.3650091974483977,0.4711387245272818,0.4514668291218247,0.5561040166092258,Medium,180
IND_S3_20260414_C013,India,2026-04-14,2026-04-14T04:34:57+00:00,clustered,13,22.21446542857143,79.4095022857143,7,8.061609605336885,27.796293714285714,57.68248,194.57405599999998,0.9371428571428572,0.0,0.75,1.0,high,Sentinel-3_SLSTR_FRP,3,S3A_SL_2_FRP____20260414T051413_20260414T051913_20260414T070945_0299_138_176______MAR_O_NR_003.SEN3;S3A_SL_2_FRP____20260414T162321_20260414T162821_20260414T184823_0299_138_183______MAR_O_NR_003.SEN3;S3B_SL_2_FRP____20260414T043457_20260414T043957_20260414T063016_0299_119_033______MAR_O_NR_003.SEN3,0.4226457310674073,0.38846645127631496,0.3241530487862445,0.40897401915097037,0.5504604764755912,Medium,180
IND_S3_20260414_C010,India,2026-04-14,2026-04-14T04:34:57+00:00,clustered,10,22.959406555555557,77.52255955555556,9,11.911085235313887,21.421243777777775,46.800137,192.791194,0.9266666666666666,0.0,0.74,1.0,high,Sentinel-3_SLSTR_FRP,3,S3A_SL_2_FRP____20260414T051413_20260414T051913_20260414T070945_0299_138_176______MAR_O_NR_003.SEN3;S3A_SL_2_FRP____20260414T162321_20260414T162821_20260414T184823_0299_138_183______MAR_O_NR_003.SEN3;S3B_SL_2_FRP____20260414T043457_20260414T043957_20260414T063016_0299_119_033______MAR_O_NR_003.SEN3,0.42130073240048255,0.3408659619748694,0.3763300355100876,0.38912682423023726,0.5478294192171361,Medium,180
IND_S3_20260414_C041,India,2026-04-14,2026-04-14T04:34:57+00:00,clustered,41,26.41038366666667,83.40554999999999,3,2.4688255356384485,45.118594,103.55603,135.355782,0.9433333333333334,0.0,0.83,1.0,high,Sentinel-3_SLSTR_FRP,1,S3B_SL_2_FRP____20260414T043457_20260414T043957_20260414T063016_0299_119_033______MAR_O_NR_003.SEN3,0.3696744804835215,0.5225058305287038,0.16207652439312228,0.4308070205015944,0.5308188151294216,Medium,180
IND_S3_20260414_C006,India,2026-04-14,2026-04-14T04:34:57+00:00,clustered,6,23.343380666666665,77.66671766666666,6,3.308244745725183,57.94962733333333,160.27184,347.697764,0.6316666666666667,0.0,0.0,1.0,high,Sentinel-3_SLSTR_FRP,2,S3A_SL_2_FRP____20260414T051413_20260414T051913_20260414T070945_0299_138_176______MAR_O_NR_003.SEN3;S3B_SL_2_FRP____20260414T043457_20260414T043957_20260414T063016_0299_119_033______MAR_O_NR_003.SEN3,0.5075747808353993,0.6230775726965717,0.2929298041118989,0.5537758975798683,0.5249739096123139,Medium,180
IND_S3_20260414_C033,India,2026-04-14,2026-04-14T04:34:57+00:00,clustered,33,26.523531000000002,83.518594,5,5.013602673523761,24.971160200000003,44.2692,124.85580100000001,0.968,0.0,0.84,1.0,high,Sentinel-3_SLSTR_FRP,2,S3A_SL_2_FRP____20260414T162321_20260414T162821_20260414T184823_0299_138_183______MAR_O_NR_003.SEN3;S3B_SL_2_FRP____20260414T043457_20260414T043957_20260414T063016_0299_119_033______MAR_O_NR_003.SEN3,0.3579058151158008,0.328240983520946,0.25688521341031656,0.3460398824778589,0.5147969839209927,Medium,180
IND_S3_20260414_C005,India,2026-04-14,2026-04-14T05:14:13+00:00,clustered,5,23.735458,77.4262672,5,5.353819070309641,22.0797932,39.32983,110.398966,0.9960000000000001,0.0,0.98,1.0,high,Sentinel-3_SLSTR_FRP,2,S3A_SL_2_FRP____20260414T051413_20260414T051913_20260414T070945_0299_138_176______MAR_O_NR_003.SEN3;S3A_SL_2_FRP____20260414T162321_20260414T162821_20260414T184823_0299_138_183______MAR_O_NR_003.SEN3,0.33998511697351635,0.30142867072569335,0.25688521341031656,0.32456253847438715,0.512458311919257,Medium,180
IND_S3_20260414_C019,India,2026-04-14,2026-04-14T04:34:57+00:00,clustered,19,19.286802428571427,81.06968242857144,7,7.500699000531909,24.551952571428576,67.884476,171.86366800000002,0.7985714285714286,0.0,0.0,1.0,high,Sentinel-3_SLSTR_FRP,2,S3A_SL_2_FRP____20260414T161821_20260414T162321_20260414T171435_0299_138_183______MAR_O_NR_003.SEN3;S3B_SL_2_FRP____20260414T043457_20260414T043957_20260414T063016_0299_119_033______MAR_O_NR_003.SEN3,0.4045169052118546,0.42566485106123253,0.3241530487862445,0.41297608355160575,0.5108900801044803,Medium,180
IND_S3_20260414_C015,India,2026-04-14,2026-04-14T04:34:57+00:00,clustered,15,11.4909362,76.611878,10,2.3251973542670945,38.5322503,79.00962,385.322503,0.6060000000000001,0.0,0.0,1.0,high,Sentinel-3_SLSTR_FRP,2,S3A_SL_2_FRP____20260414T051413_20260414T051913_20260414T070945_0299_138_176______MAR_O_NR_003.SEN3;S3B_SL_2_FRP____20260414T043457_20260414T043957_20260414T063016_0299_119_033______MAR_O_NR_003.SEN3,0.5226239393725192,0.46040943911783466,0.39861612873128416,0.49773813927064536,0.5103922953815796,Medium,180
IND_S3_20260414_C012,India,2026-04-14,2026-04-14T05:14:13+00:00,clustered,12,23.048437,75.88726900000002,5,8.105563847352572,22.3222768,38.736774,111.611384,0.9800000000000001,0.0,0.9,1.0,high,Sentinel-3_SLSTR_FRP,1,S3A_SL_2_FRP____20260414T051413_20260414T051913_20260414T070945_0299_138_176______MAR_O_NR_003.SEN3,0.341574932780814,0.29799070867558214,0.25688521341031656,0.3241412431387213,0.507447664251424,Medium,180
IND_S3_20260414_C036,India,2026-04-14,2026-04-14T04:29:57+00:00,clustered,36,27.2393830625,82.6149268125,16,15.39834270777383,18.8337939375,47.449406,301.340703,0.618125,0.0,0.0,1.0,high,Sentinel-3_SLSTR_FRP,2,S3A_SL_2_FRP____20260414T162321_20260414T162821_20260414T184823_0299_138_183______MAR_O_NR_003.SEN3;S3B_SL_2_FRP____20260414T042957_20260414T043457_20260414T063013_0299_119_033______MAR_O_NR_003.SEN3,0.4866238599580493,0.343996950090624,0.5004052465027693,0.4295730960110792,0.5003050973060934,Medium,180
IND_S3_20260414_C018,India,2026-04-14,2026-04-14T04:34:57+00:00,clustered,18,15.544749285714287,78.7944542857143,7,6.158342548723644,26.78406214285714,44.874462,187.48843499999998,0.7914285714285715,0.0,0.0,1.0,high,Sentinel-3_SLSTR_FRP,2,S3A_SL_2_FRP____20260414T161821_20260414T162321_20260414T171435_0299_138_183______MAR_O_NR_003.SEN3;S3B_SL_2_FRP____20260414T043457_20260414T043957_20260414T063016_0299_119_033______MAR_O_NR_003.SEN3,0.4172259270236724,0.33132326402384354,0.3241530487862445,0.3828648618237409,0.4936916120976908,Medium,180
IND_S3_20260414_I018,India,2026-04-14,2026-04-14T03:31:44+00:00,isolated,-1,21.624378,92.5429,1,1.0,76.06525,76.06525,76.06525,1.0,0.0,1.0,1.0,high,Sentinel-3_SLSTR_FRP,1,S3A_SL_2_FRP____20260414T033144_20260414T033644_20260414T052840_0299_138_175______MAR_O_NR_003.SEN3,0.2858691767621619,0.45170811412276457,0.0,0.352204751706403,0.4761023758532015,Medium,180
IND_S3_20260414_C046,India,2026-04-14,2026-04-14T04:34:57+00:00,clustered,46,23.75415725,78.551405,4,7.778534883303168,28.903769500000003,34.186028,115.61507800000001,0.905,0.0,0.81,1.0,high,Sentinel-3_SLSTR_FRP,2,S3A_SL_2_FRP____20260414T162321_20260414T162821_20260414T184823_0299_138_183______MAR_O_NR_003.SEN3;S3B_SL_2_FRP____20260414T043457_20260414T043957_20260414T063016_0299_119_033______MAR_O_NR_003.SEN3,0.3467058921269056,0.26976451263541507,0.21425351111696525,0.3159293403303094,0.47231537238854776,Medium,180
IND_S3_20260414_C001,India,2026-04-14,2026-04-14T03:31:44+00:00,clustered,1,18.803829999999998,96.75258625,4,2.0765029501645373,69.86866625,199.12672,279.474665,0.5,0.0,0.0,1.0,high,Sentinel-3_SLSTR_FRP,1,S3A_SL_2_FRP____20260414T033144_20260414T033644_20260414T052840_0299_138_175______MAR_O_NR_003.SEN3,0.47559828420017136,0.6731720402519809,0.21425351111696525,0.5546277866208951,0.4701645955338406,Medium,180
IND_S3_20260414_C029,India,2026-04-14,2026-04-14T16:23:21+00:00,clustered,29,23.862213333333333,77.20545866666667,3,1.0,22.228527666666665,29.760853,66.685583,1.0,0.0,1.0,1.0,high,Sentinel-3_SLSTR_FRP,1,S3A_SL_2_FRP____20260414T162321_20260414T162821_20260414T184823_0299_138_183______MAR_O_NR_003.SEN3,0.26680870762740616,0.23857287784405296,0.16207652439312228,0.2555143757140649,0.46017249273565686,Medium,180
IND_S3_20260414_C040,India,2026-04-14,2026-04-14T04:29:57+00:00,clustered,40,27.172728181818183,83.13078145454546,11,20.405933847842054,15.958872772727272,38.060043,175.5476005,0.6490909090909092,0.0,0.0,1.0,high,Sentinel-3_SLSTR_FRP,1,S3B_SL_2_FRP____20260414T042957_20260414T043457_20260414T063013_0299_119_033______MAR_O_NR_003.SEN3,0.4076139617194202,0.2940044368045855,0.41896173780343887,0.3621701517534863,0.4596046961647037,Medium,180
IND_S3_20260414_C021,India,2026-04-14,2026-04-14T16:23:21+00:00,clustered,21,22.03028525,79.3705675,4,6.1864809836824834,18.50910375,28.371782,74.036415,0.9525,0.0,0.81,1.0,high,Sentinel-3_SLSTR_FRP,1,S3A_SL_2_FRP____20260414T162321_20260414T162821_20260414T184823_0299_138_183______MAR_O_NR_003.SEN3,0.2819508847563856,0.22784928499571022,0.21425351111696525,0.26031024485211546,0.45875582464945075,Medium,180
IND_S3_20260414_C023,India,2026-04-14,2026-04-14T16:23:21+00:00,clustered,23,23.176061999999998,77.6245155,4,1.0,17.346147000000002,25.925814,69.38458800000001,0.965,0.0,0.92,1.0,high,Sentinel-3_SLSTR_FRP,1,S3A_SL_2_FRP____20260414T162321_20260414T162821_20260414T184823_0299_138_183______MAR_O_NR_003.SEN3,0.27255142487180173,0.207671046522557,0.21425351111696525,0.24659927353210384,0.45565033898944496,Medium,180
IND_S3_20260414_C031,India,2026-04-14,2026-04-14T16:23:21+00:00,clustered,31,24.562838666666664,78.099304,3,1.0,22.091955666666667,25.839624,66.275867,1.0,0.0,1.0,1.0,high,Sentinel-3_SLSTR_FRP,1,S3A_SL_2_FRP____20260414T162321_20260414T162821_20260414T184823_0299_138_183______MAR_O_NR_003.SEN3,0.26591697880941667,0.20692699517973437,0.16207652439312228,0.24232098535754373,0.4535757975573963,Medium,180
IND_S3_20260414_C022,India,2026-04-14,2026-04-14T16:23:21+00:00,clustered,22,23.15547375,78.0140275,4,5.438143288657227,17.08842275,19.255219,68.353691,1.0,0.0,1.0,1.0,high,Sentinel-3_SLSTR_FRP,1,S3A_SL_2_FRP____20260414T162321_20260414T162821_20260414T184823_0299_138_183______MAR_O_NR_003.SEN3,0.27038438928227587,0.14160701530000597,0.21425351111696525,0.2188734396893679,0.452287422068077,Medium,180
IND_S3_20260414_I173,India,2026-04-14,2026-04-14T16:23:21+00:00,isolated,-1,22.511187,77.216805,1,1.0,55.634796,55.634796,55.634796,1.0,0.0,1.0,1.0,high,Sentinel-3_SLSTR_FRP,1,S3A_SL_2_FRP____20260414T162321_20260414T162821_20260414T184823_0299_138_183______MAR_O_NR_003.SEN3,0.24062947355450204,0.38022387349612546,0.0,0.29646723353115145,0.4482336167655757,Medium,180
IND_S3_20260414_I259,India,2026-04-14,2026-04-14T04:34:57+00:00,isolated,-1,22.163855,78.85764,1,1.0,53.072685,53.072685,53.072685,1.0,0.0,1.0,1.0,high,Sentinel-3_SLSTR_FRP,1,S3B_SL_2_FRP____20260414T043457_20260414T043957_20260414T063016_0299_119_033______MAR_O_NR_003.SEN3,0.2338302893782935,0.36948033445286677,0.0,0.2880903074081228,0.4440451537040614,Medium,180
IND_S3_20260414_I134,India,2026-04-14,2026-04-14T05:14:13+00:00,isolated,-1,22.476334,70.63722,1,1.0,52.018772,52.018772,52.018772,1.0,0.0,1.0,1.0,high,Sentinel-3_SLSTR_FRP,1,S3A_SL_2_FRP____20260414T051413_20260414T051913_20260414T070945_0299_138_176______MAR_O_NR_003.SEN3,0.23093946149767097,0.36491247433937185,0.0,0.28452866663435133,0.44226433331717563,Medium,180
IND_S3_20260414_I079,India,2026-04-14,2026-04-14T05:14:13+00:00,isolated,-1,23.45728,76.93503,1,1.0,44.878933,44.878933,44.878933,1.0,0.0,1.0,1.0,high,Sentinel-3_SLSTR_FRP,1,S3A_SL_2_FRP____20260414T051413_20260414T051913_20260414T070945_0299_138_176______MAR_O_NR_003.SEN3,0.20969641947151402,0.33134588083478633,0.0,0.2583562040168229,0.42917810200841144,Medium,180
IND_S3_20260414_I190,India,2026-04-14,2026-04-14T16:23:21+00:00,isolated,-1,24.995823,77.29323,1,1.0,44.67851,44.67851,44.67851,1.0,0.0,1.0,1.0,high,Sentinel-3_SLSTR_FRP,1,S3A_SL_2_FRP____20260414T162321_20260414T162821_20260414T184823_0299_138_183______MAR_O_NR_003.SEN3,0.20905341665358773,0.33032985807377785,0.0,0.2575639932216638,0.4287819966108319,Medium,180
IND_S3_20260414_C014,India,2026-04-14,2026-04-14T05:14:13+00:00,clustered,14,21.258092,79.26985,3,3.6117827474179554,19.620493666666665,28.374052,58.861481,0.9166666666666666,0.0,0.75,1.0,high,Sentinel-3_SLSTR_FRP,2,S3A_SL_2_FRP____20260414T051413_20260414T051913_20260414T070945_0299_138_176______MAR_O_NR_003.SEN3;S3A_SL_2_FRP____20260414T162321_20260414T162821_20260414T184823_0299_138_183______MAR_O_NR_003.SEN3,0.24876740259359997,0.2278672198405526,0.16207652439312228,0.24040732949238103,0.42761896962481494,Medium,180
IND_S3_20260414_I137,India,2026-04-14,2026-04-14T05:14:13+00:00,isolated,-1,21.917646,72.03739,1,1.0,43.041924,43.041924,43.041924,1.0,0.0,1.0,1.0,high,Sentinel-3_SLSTR_FRP,1,S3A_SL_2_FRP____20260414T051413_20260414T051913_20260414T070945_0299_138_176______MAR_O_NR_003.SEN3,0.20369478481472747,0.3218625671625104,0.0,0.25096189775384065,0.42548094887692034,Medium,180
IND_S3_20260414_I112,India,2026-04-14,2026-04-14T05:14:13+00:00,isolated,-1,22.75384,75.678764,1,1.0,42.684376,42.684376,42.684376,1.0,0.0,1.0,1.0,high,Sentinel-3_SLSTR_FRP,1,S3A_SL_2_FRP____20260414T051413_20260414T051913_20260414T070945_0299_138_176______MAR_O_NR_003.SEN3,0.20249758890477532,0.3199708518231897,0.0,0.24948689407214106,0.42474344703607053,Medium,180
IND_S3_20260414_C047,India,2026-04-14,2026-04-14T04:34:57+00:00,clustered,47,20.96642475,86.012175,4,1.0,23.81853775,35.177704,95.274151,0.7675,0.0,0.32,1.0,high,Sentinel-3_SLSTR_FRP,2,S3B_SL_2_FRP____20260414T043457_20260414T043957_20260414T063016_0299_119_033______MAR_O_NR_003.SEN3;S3B_SL_2_FRP____20260414T154011_20260414T154511_20260414T163636_0299_119_040______MAR_O_NR_003.SEN3,0.3185543506484795,0.2762146512231124,0.21425351111696525,0.30161847087833266,0.42390993766255936,Medium,180
IND_S3_20260414_C042,India,2026-04-14,2026-04-14T04:34:57+00:00,clustered,42,24.903457666666668,85.07866833333333,3,6.020741392401804,18.73207066666667,26.770874,56.196212,0.91,0.0,0.79,1.0,high,Sentinel-3_SLSTR_FRP,1,S3B_SL_2_FRP____20260414T043457_20260414T043957_20260414T063016_0299_119_033______MAR_O_NR_003.SEN3,0.2420781987213036,0.21484254507104436,0.16207652439312228,0.2311839372611999,0.4210072735092244,Medium,180
IND_S3_20260414_I103,India,2026-04-14,2026-04-14T05:14:13+00:00,isolated,-1,22.940962,75.65548,1,1.0,39.56382,39.56382,39.56382,1.0,0.0,1.0,1.0,high,Sentinel-3_SLSTR_FRP,1,S3A_SL_2_FRP____20260414T051413_20260414T051913_20260414T070945_0299_138_176______MAR_O_NR_003.SEN3,0.19161259024058389,0.3027712282942723,0.0,0.23607604546205924,0.41803802273102963,Medium,180
IND_S3_20260414_I095,India,2026-04-14,2026-04-14T05:14:13+00:00,isolated,-1,22.95036,76.89424,1,1.0,38.463184,38.463184,38.463184,1.0,0.0,1.0,1.0,high,Sentinel-3_SLSTR_FRP,1,S3A_SL_2_FRP____20260414T051413_20260414T051913_20260414T070945_0299_138_176______MAR_O_NR_003.SEN3,0.18757248368363574,0.29638736790623055,0.0,0.23109843737267366,0.4155492186863368,Medium,180
IND_S3_20260414_I060,India,2026-04-14,2026-04-14T05:14:13+00:00,isolated,-1,24.13676,75.87882,1,1.0,38.086704,38.086704,38.086704,1.0,0.0,1.0,1.0,high,Sentinel-3_SLSTR_FRP,1,S3A_SL_2_FRP____20260414T051413_20260414T051913_20260414T070945_0299_138_176______MAR_O_NR_003.SEN3,0.1861646286288388,0.2941627854627389,0.0,0.22936389136239885,0.4146819456811994,Medium,180
IND_S3_20260414_I177,India,2026-04-14,2026-04-14T16:23:21+00:00,isolated,-1,23.483782,78.06061,1,1.0,37.821743,37.821743,37.821743,1.0,0.0,1.0,1.0,high,Sentinel-3_SLSTR_FRP,1,S3A_SL_2_FRP____20260414T162321_20260414T162821_20260414T184823_0299_138_183______MAR_O_NR_003.SEN3,0.1851656473247259,0.29258427334039083,0.0,0.22813309773099189,0.41406654886549593,Medium,180
IND_S3_20260414_I161,India,2026-04-14,2026-04-14T05:14:13+00:00,isolated,-1,15.119238,76.58319,1,1.0,41.260757,41.260757,41.260757,0.97,0.0,0.97,0.97,high,Sentinel-3_SLSTR_FRP,1,S3A_SL_2_FRP____20260414T051413_20260414T051913_20260414T070945_0299_138_176______MAR_O_NR_003.SEN3,0.19763160697886842,0.31228200777220766,0.0,0.24349176729620411,0.41274588364810205,Medium,180
IND_S3_20260414_I039,India,2026-04-14,2026-04-14T05:09:13+00:00,isolated,-1,29.199892,72.79645,1,1.0,37.10212,37.10212,37.10212,1.0,0.0,1.0,1.0,high,Sentinel-3_SLSTR_FRP,1,S3A_SL_2_FRP____20260414T050913_20260414T051413_20260414T071110_0299_138_176______MAR_O_NR_003.SEN3,0.1824176589018843,0.2882421169660235,0.0,0.22474744212753997,0.41237372106376996,Medium,180
IND_S3_20260414_I091,India,2026-04-14,2026-04-14T05:14:13+00:00,isolated,-1,23.162394,76.280945,1,1.0,36.723007,36.723007,36.723007,1.0,0.0,1.0,1.0,high,Sentinel-3_SLSTR_FRP,1,S3A_SL_2_FRP____20260414T051413_20260414T051913_20260414T070945_0299_138_176______MAR_O_NR_003.SEN3,0.1809490118809576,0.28592147581244165,0.0,0.22293799745355122,0.4114689987267756,Medium,180
IND_S3_20260414_C030,India,2026-04-14,2026-04-14T05:09:13+00:00,clustered,30,24.212369,77.244388,3,6.686202153157447,15.694766333333334,22.36659,47.084299,0.93,0.0,0.88,1.0,high,Sentinel-3_SLSTR_FRP,2,S3A_SL_2_FRP____20260414T050913_20260414T051413_20260414T071110_0299_138_176______MAR_O_NR_003.SEN3;S3A_SL_2_FRP____20260414T162321_20260414T162821_20260414T184823_0299_138_183______MAR_O_NR_003.SEN3,0.216591840238272,0.17476858454822722,0.16207652439312228,0.19986253796225406,0.4113465738597515,Medium,180
IND_S3_20260414_C008,India,2026-04-14,2026-04-14T05:14:13+00:00,clustered,8,23.560411333333334,75.87076,3,7.326214286532793,16.804490666666666,24.264296,50.413472,0.9066666666666666,0.0,0.72,1.0,high,Sentinel-3_SLSTR_FRP,2,S3A_SL_2_FRP____20260414T051413_20260414T051913_20260414T070945_0299_138_176______MAR_O_NR_003.SEN3;S3A_SL_2_FRP____20260414T162321_20260414T162821_20260414T184823_0299_138_183______MAR_O_NR_003.SEN3,0.22642387584268162,0.1928897521705956,0.16207652439312228,0.2130102263738472,0.410920418065548,Medium,180
IND_S3_20260414_I233,India,2026-04-14,2026-04-14T04:34:57+00:00,isolated,-1,24.664862,78.54734,1,1.0,36.49262,36.49262,36.49262,1.0,0.0,1.0,1.0,high,Sentinel-3_SLSTR_FRP,1,S3B_SL_2_FRP____20260414T043457_20260414T043957_20260414T063016_0299_119_033______MAR_O_NR_003.SEN3,0.180049287421998,0.2844998015935213,0.0,0.2218294930906073,0.41091474654530363,Medium,180
IND_S3_20260414_I113,India,2026-04-14,2026-04-14T05:14:13+00:00,isolated,-1,22.638935,76.16621,1,1.0,36.160683,36.160683,36.160683,1.0,0.0,1.0,1.0,high,Sentinel-3_SLSTR_FRP,1,S3A_SL_2_FRP____20260414T051413_20260414T051913_20260414T070945_0299_138_176______MAR_O_NR_003.SEN3,0.17874321343936012,0.2824360456395416,0.0,0.2202203463194327,0.4101101731597163,Medium,180
IND_S3_20260414_I044,India,2026-04-14,2026-04-14T05:09:13+00:00,isolated,-1,25.34634,77.19922,1,1.0,35.063114,35.063114,35.063114,1.0,0.0,1.0,1.0,high,Sentinel-3_SLSTR_FRP,1,S3A_SL_2_FRP____20260414T050913_20260414T051413_20260414T071110_0299_138_176______MAR_O_NR_003.SEN3,0.1743399933398013,0.27547842163206093,0.0,0.21479536465670515,0.40739768232835255,Medium,180
IND_S3_20260414_I092,India,2026-04-14,2026-04-14T05:14:13+00:00,isolated,-1,23.38064,75.2309,1,1.0,34.496544,34.496544,34.496544,1.0,0.0,1.0,1.0,high,Sentinel-3_SLSTR_FRP,1,S3A_SL_2_FRP____20260414T051413_20260414T051913_20260414T070945_0299_138_176______MAR_O_NR_003.SEN3,0.17201429880273855,0.27180354102667037,0.0,0.2119299956923113,0.40596499784615564,Medium,180
IND_S3_20260414_I236,India,2026-04-14,2026-04-14T04:34:57+00:00,isolated,-1,23.97132,79.66878,1,1.0,33.603,33.603,33.603,1.0,0.0,1.0,1.0,high,Sentinel-3_SLSTR_FRP,1,S3B_SL_2_FRP____20260414T043457_20260414T043957_20260414T063016_0299_119_033______MAR_O_NR_003.SEN3,0.16826989607914308,0.26588692870788705,0.0,0.20731670913064065,0.4036583545653203,Medium,180
IND_S3_20260414_C027,India,2026-04-14,2026-04-14T16:23:21+00:00,clustered,27,23.325520500000003,75.74503250000001,4,2.427614309881436,17.225884,37.57788,68.903536,0.7324999999999999,0.0,0.61,1.0,high,Sentinel-3_SLSTR_FRP,1,S3A_SL_2_FRP____20260414T162321_20260414T162821_20260414T184823_0299_138_183______MAR_O_NR_003.SEN3,0.27154418919947865,0.29112190308761765,0.21425351111696525,0.2793752747547342,0.40228833960076016,Medium,180
IND_S3_20260414_I067,India,2026-04-14,2026-04-14T05:14:13+00:00,isolated,-1,24.062302,75.39198,1,1.0,32.976,32.976,32.976,1.0,0.0,1.0,1.0,high,Sentinel-3_SLSTR_FRP,1,S3A_SL_2_FRP____20260414T051413_20260414T051913_20260414T070945_0299_138_176______MAR_O_NR_003.SEN3,0.16558426240754406,0.26164330043441325,0.0,0.20400787761829176,0.40200393880914587,Medium,180
IND_S3_20260414_I028,India,2026-04-14,2026-04-14T03:31:44+00:00,isolated,-1,16.669788,96.257,1,1.0,32.6446,32.6446,32.6446,1.0,0.0,1.0,1.0,high,Sentinel-3_SLSTR_FRP,1,S3A_SL_2_FRP____20260414T033144_20260414T033644_20260414T052840_0299_138_175______MAR_O_NR_003.SEN3,0.16414468427682807,0.2593685916675457,0.0,0.20223424723311514,0.40111712361655755,Medium,180
IND_S3_20260414_I234,India,2026-04-14,2026-04-14T04:34:57+00:00,isolated,-1,24.625961,77.93531,1,1.0,32.511745,32.511745,32.511745,1.0,0.0,1.0,1.0,high,Sentinel-3_SLSTR_FRP,1,S3B_SL_2_FRP____20260414T043457_20260414T043957_20260414T063016_0299_119_033______MAR_O_NR_003.SEN3,0.16356358585224268,0.2584503853870989,0.0,0.20151830566618517,0.4007591528330926,Medium,180
IND_S3_20260414_I226,India,2026-04-14,2026-04-14T04:34:57+00:00,isolated,-1,25.186491,84.19973,1,1.0,32.061054,32.061054,32.061054,1.0,0.0,1.0,1.0,high,Sentinel-3_SLSTR_FRP,1,S3B_SL_2_FRP____20260414T043457_20260414T043957_20260414T063016_0299_119_033______MAR_O_NR_003.SEN3,0.1615749879228706,0.25530815847547755,0.0,0.19906825614391338,0.39953412807195665,Medium,180
IND_S3_20260414_I246,India,2026-04-14,2026-04-14T04:34:57+00:00,isolated,-1,23.75611,77.24607,1,1.0,31.883686,31.883686,31.883686,1.0,0.0,1.0,1.0,high,Sentinel-3_SLSTR_FRP,1,S3B_SL_2_FRP____20260414T043457_20260414T043957_20260414T063016_0299_119_033______MAR_O_NR_003.SEN3,0.16078493818163797,0.2540597836674014,0.0,0.19809487637594336,0.39904743818797167,Medium,180
IND_S3_20260414_C002,India,2026-04-14,2026-04-14T04:34:57+00:00,clustered,2,24.8428164,76.6395996,5,1.5253933046192825,25.397841999999997,62.954163,126.98920999999999,0.522,0.0,0.0,0.98,high,Sentinel-3_SLSTR_FRP,2,S3A_SL_2_FRP____20260414T050913_20260414T051413_20260414T071110_0299_138_176______MAR_O_NR_003.SEN3;S3B_SL_2_FRP____20260414T043457_20260414T043957_20260414T063016_0299_119_033______MAR_O_NR_003.SEN3,0.3603745473939012,0.408430360492588,0.25688521341031656,0.37959687263337594,0.3977754789987513,Medium,180
IND_S3_20260414_I005,India,2026-04-14,2026-04-14T03:31:44+00:00,isolated,-1,23.097317,97.26262,1,1.0,31.20012,31.20012,31.20012,1.0,0.0,1.0,1.0,high,Sentinel-3_SLSTR_FRP,1,S3A_SL_2_FRP____20260414T033144_20260414T033644_20260414T052840_0299_138_175______MAR_O_NR_003.SEN3,0.15769974928069916,0.24918480947137248,0.0,0.1942937733569685,0.39714688667848425,Medium,180
IND_S3_20260414_I130,India,2026-04-14,2026-04-14T05:14:13+00:00,isolated,-1,23.064955,69.07415,1,1.0,31.112692,31.112692,31.112692,1.0,0.0,1.0,1.0,high,Sentinel-3_SLSTR_FRP,1,S3A_SL_2_FRP____20260414T051413_20260414T051913_20260414T070945_0299_138_176______MAR_O_NR_003.SEN3,0.15730043798893845,0.24855384899990055,0.0,0.19380180239332329,0.39690090119666166,Medium,180
IND_S3_20260414_I115,India,2026-04-14,2026-04-14T05:14:13+00:00,isolated,-1,22.430635,76.07252,1,1.0,30.816048,30.816048,30.816048,1.0,0.0,1.0,1.0,high,Sentinel-3_SLSTR_FRP,1,S3A_SL_2_FRP____20260414T051413_20260414T051913_20260414T070945_0299_138_176______MAR_O_NR_003.SEN3,0.15593742240882053,0.24640011838721804,0.0,0.1921225008001795,0.39606125040008977,Medium,180
IND_S3_20260414_I099,India,2026-04-14,2026-04-14T05:14:13+00:00,isolated,-1,22.90569,76.31703,1,1.0,29.426476,29.426476,29.426476,1.0,0.0,1.0,1.0,high,Sentinel-3_SLSTR_FRP,1,S3A_SL_2_FRP____20260414T051413_20260414T051913_20260414T070945_0299_138_176______MAR_O_NR_003.SEN3,0.14937862364313473,0.23603641756814184,0.0,0.18404174121313757,0.39202087060656876,Medium,180
IND_S3_20260414_I059,India,2026-04-14,2026-04-14T05:14:13+00:00,isolated,-1,24.44177,74.94772,1,1.0,29.042646,29.042646,29.042646,1.0,0.0,1.0,1.0,high,Sentinel-3_SLSTR_FRP,1,S3A_SL_2_FRP____20260414T051413_20260414T051913_20260414T070945_0299_138_176______MAR_O_NR_003.SEN3,0.14751409368666016,0.23309023316342992,0.0,0.18174454947736807,0.390872274738684,Medium,180
IND_S3_20260414_I074,India,2026-04-14,2026-04-14T05:14:13+00:00,isolated,-1,23.730635,76.151535,1,1.0,28.899672,28.899672,28.899672,1.0,0.0,1.0,1.0,high,Sentinel-3_SLSTR_FRP,1,S3A_SL_2_FRP____20260414T051413_20260414T051913_20260414T070945_0299_138_176______MAR_O_NR_003.SEN3,0.14681347351470608,0.23198316796607552,0.0,0.18088135129525384,0.3904406756476269,Medium,180
IND_S3_20260414_I274,India,2026-04-14,2026-04-14T04:34:57+00:00,isolated,-1,17.91645,83.31955,1,1.0,28.794369,28.794369,28.794369,1.0,0.0,1.0,1.0,high,Sentinel-3_SLSTR_FRP,1,S3B_SL_2_FRP____20260414T043457_20260414T043957_20260414T063016_0299_119_033______MAR_O_NR_003.SEN3,0.14629530801416873,0.23116440336996819,0.0,0.1802429461564885,0.39012147307824424,Medium,180
IND_S3_20260414_I119,India,2026-04-14,2026-04-14T05:14:13+00:00,isolated,-1,21.856386,77.988,1,1.0,28.408321,28.408321,28.408321,1.0,0.0,1.0,1.0,high,Sentinel-3_SLSTR_FRP,1,S3A_SL_2_FRP____20260414T051413_20260414T051913_20260414T070945_0299_138_176______MAR_O_NR_003.SEN3,0.1443798867632698,0.22813780452222301,0.0,0.1778830538668511,0.38894152693342554,Medium,180
IND_S3_20260414_I051,India,2026-04-14,2026-04-14T05:09:13+00:00,isolated,-1,23.898735,78.325485,1,1.0,28.090181,28.090181,28.090181,1.0,0.0,1.0,1.0,high,Sentinel-3_SLSTR_FRP,1,S3A_SL_2_FRP____20260414T050913_20260414T051413_20260414T071110_0299_138_176______MAR_O_NR_003.SEN3,0.14278240432437644,0.22561358771791495,0.0,0.17591487768179184,0.3879574388408959,Medium,180
IND_S3_20260414_I040,India,2026-04-14,2026-04-14T05:09:13+00:00,isolated,-1,29.061134,72.14093,1,1.0,28.02366,28.02366,28.02366,1.0,0.0,1.0,1.0,high,Sentinel-3_SLSTR_FRP,1,S3A_SL_2_FRP____20260414T050913_20260414T051413_20260414T071110_0299_138_176______MAR_O_NR_003.SEN3,0.14244617339781793,0.22508230190576234,0.0,0.1755006248009957,0.38775031240049784,Medium,180
IND_S3_20260414_I062,India,2026-04-14,2026-04-14T05:14:13+00:00,isolated,-1,23.311344,79.42609,1,1.0,27.877962,27.877962,27.877962,1.0,0.0,1.0,1.0,high,Sentinel-3_SLSTR_FRP,1,S3A_SL_2_FRP____20260414T051413_20260414T051913_20260414T070945_0299_138_176______MAR_O_NR_003.SEN3,0.14170704131054757,0.2239143831919994,0.0,0.17458997806312831,0.3872949890315641,Medium,180
IND_S3_20260414_I097,India,2026-04-14,2026-04-14T05:14:13+00:00,isolated,-1,22.97993,76.64357,1,1.0,27.811329,27.811329,27.811329,1.0,0.0,1.0,1.0,high,Sentinel-3_SLSTR_FRP,1,S3A_SL_2_FRP____20260414T051413_20260414T051913_20260414T070945_0299_138_176______MAR_O_NR_003.SEN3,0.14136776570234633,0.22337828641205196,0.0,0.17417197398622858,0.38708598699311425,Medium,180
IND_S3_20260414_C020,India,2026-04-14,2026-04-14T04:34:57+00:00,clustered,20,19.367990666666667,80.95080366666666,3,2.9109048433524967,12.821184,15.558362,38.463552,0.93,0.0,0.79,1.0,high,Sentinel-3_SLSTR_FRP,2,S3A_SL_2_FRP____20260414T161821_20260414T162321_20260414T171435_0299_138_183______MAR_O_NR_003.SEN3;S3B_SL_2_FRP____20260414T043457_20260414T043957_20260414T063016_0299_119_033______MAR_O_NR_003.SEN3,0.18757385324644751,0.09483999400370882,0.16207652439312228,0.15048030954935204,0.3866554596533005,Medium,180
IND_S3_20260414_I244,India,2026-04-14,2026-04-14T04:34:57+00:00,isolated,-1,23.612265,79.14272,1,1.0,27.52376,27.52376,27.52376,1.0,0.0,1.0,1.0,high,Sentinel-3_SLSTR_FRP,1,S3B_SL_2_FRP____20260414T043457_20260414T043957_20260414T063016_0299_119_033______MAR_O_NR_003.SEN3,0.1398944917951814,0.2210503342147242,0.0,0.17235682876299852,0.38617841438149925,Medium,180
IND_S3_20260414_I139,India,2026-04-14,2026-04-14T05:14:13+00:00,isolated,-1,21.623959,71.63744,1,1.0,26.220375,26.220375,26.220375,1.0,0.0,1.0,1.0,high,Sentinel-3_SLSTR_FRP,1,S3A_SL_2_FRP____20260414T051413_20260414T051913_20260414T070945_0299_138_176______MAR_O_NR_003.SEN3,0.13302521560168093,0.210196041247924,0.0,0.16389354586017815,0.38194677293008905,Medium,180
IND_S3_20260414_I096,India,2026-04-14,2026-04-14T05:14:13+00:00,isolated,-1,23.031637,76.420654,1,1.0,25.786942,25.786942,25.786942,1.0,0.0,1.0,1.0,high,Sentinel-3_SLSTR_FRP,1,S3A_SL_2_FRP____20260414T051413_20260414T051913_20260414T070945_0299_138_176______MAR_O_NR_003.SEN3,0.130667795542486,0.20647103045384294,0.0,0.16098908950702878,0.3804945447535144,Medium,180
IND_S3_20260414_I100,India,2026-04-14,2026-04-14T05:14:13+00:00,isolated,-1,23.06096,75.54457,1,1.0,25.16306,25.16306,25.16306,1.0,0.0,1.0,1.0,high,Sentinel-3_SLSTR_FRP,1,S3A_SL_2_FRP____20260414T051413_20260414T051913_20260414T070945_0299_138_176______MAR_O_NR_003.SEN3,0.12720668992232106,0.20100206206007612,0.0,0.1567248387774231,0.3783624193887115,Medium,180
IND_S3_20260414_I227,India,2026-04-14,2026-04-14T04:34:57+00:00,isolated,-1,25.275257,83.54186,1,1.0,24.295002,24.295002,24.295002,1.0,0.0,1.0,1.0,high,Sentinel-3_SLSTR_FRP,1,S3B_SL_2_FRP____20260414T043457_20260414T043957_20260414T063016_0299_119_033______MAR_O_NR_003.SEN3,0.12225110642298066,0.19317163661085981,0.0,0.15061931849813232,0.3753096592490661,Medium,180
IND_S3_20260414_I068,India,2026-04-14,2026-04-14T05:14:13+00:00,isolated,-1,23.651718,76.97602,1,1.0,24.167215,24.167215,24.167215,1.0,0.0,1.0,1.0,high,Sentinel-3_SLSTR_FRP,1,S3A_SL_2_FRP____20260414T051413_20260414T051913_20260414T070945_0299_138_176______MAR_O_NR_003.SEN3,0.12150726637769595,0.1919962787500713,0.0,0.14970287132664611,0.374851435663323,Medium,180
IND_S3_20260414_C011,India,2026-04-14,2026-04-14T04:34:57+00:00,clustered,11,23.08795775,76.566927,4,3.5402170004543834,18.89824975,23.98829,75.592999,0.6925,0.0,0.0,1.0,high,Sentinel-3_SLSTR_FRP,2,S3A_SL_2_FRP____20260414T051413_20260414T051913_20260414T070945_0299_138_176______MAR_O_NR_003.SEN3;S3B_SL_2_FRP____20260414T043457_20260414T043957_20260414T063016_0299_119_033______MAR_O_NR_003.SEN3,0.28496640773000886,0.1903404969642394,0.21425351111696525,0.24711604342370108,0.3741587239352436,Medium,180
IND_S3_20260414_I071,India,2026-04-14,2026-04-14T05:14:13+00:00,isolated,-1,23.740602,76.37917,1,1.0,23.83857,23.83857,23.83857,1.0,0.0,1.0,1.0,high,Sentinel-3_SLSTR_FRP,1,S3A_SL_2_FRP____20260414T051413_20260414T051913_20260414T070945_0299_138_176______MAR_O_NR_003.SEN3,0.11957675968212599,0.18894584306255124,0.0,0.1473243930342961,0.37366219651714805,Medium,180
IND_S3_20260414_I036,India,2026-04-14,2026-04-14T05:09:13+00:00,isolated,-1,29.590893,77.48886,1,1.0,23.6918,23.6918,23.6918,1.0,0.0,1.0,1.0,high,Sentinel-3_SLSTR_FRP,1,S3A_SL_2_FRP____20260414T050913_20260414T051413_20260414T071110_0299_138_176______MAR_O_NR_003.SEN3,0.11870634687530125,0.18757048482375022,0.0,0.14625200205468086,0.3731260010273404,Medium,180
IND_S3_20260414_I239,India,2026-04-14,2026-04-14T04:34:57+00:00,isolated,-1,24.254808,77.43752,1,1.0,51.794724,51.794724,51.794724,0.77,0.0,0.77,0.77,high,Sentinel-3_SLSTR_FRP,1,S3B_SL_2_FRP____20260414T043457_20260414T043957_20260414T063016_0299_119_033______MAR_O_NR_003.SEN3,0.2303175065365831,0.36392970975550054,0.0,0.2837623878241501,0.372881193912075,Medium,180
IND_S3_20260414_I047,India,2026-04-14,2026-04-14T05:09:13+00:00,isolated,-1,25.321323,75.773636,1,1.0,23.264753,23.264753,23.264753,1.0,0.0,1.0,1.0,high,Sentinel-3_SLSTR_FRP,1,S3A_SL_2_FRP____20260414T050913_20260414T051413_20260414T071110_0299_138_176______MAR_O_NR_003.SEN3,0.1161440223213117,0.1835216999734128,0.0,0.14309509338215215,0.37154754669107604,Medium,180
IND_S3_20260414_I184,India,2026-04-14,2026-04-14T16:23:21+00:00,isolated,-1,23.811762,76.66656,1,1.0,23.117573,23.117573,23.117573,1.0,0.0,1.0,1.0,high,Sentinel-3_SLSTR_FRP,1,S3A_SL_2_FRP____20260414T162321_20260414T162821_20260414T184823_0299_138_183______MAR_O_NR_003.SEN3,0.11525046652964901,0.18210977300007827,0.0,0.14199418911782072,0.37099709455891033,Medium,180
IND_S3_20260414_I003,India,2026-04-14,2026-04-14T03:31:44+00:00,isolated,-1,23.520565,97.3275,1,1.0,29.195501,29.195501,29.195501,0.93,0.0,0.93,0.93,high,Sentinel-3_SLSTR_FRP,1,S3A_SL_2_FRP____20260414T033144_20260414T033644_20260414T052840_0299_138_175______MAR_O_NR_003.SEN3,0.14825945570213822,0.23426799592247843,0.0,0.1826628717902743,0.3703314358951372,Medium,180
IND_S3_20260414_I109,India,2026-04-14,2026-04-14T05:14:13+00:00,isolated,-1,22.909267,75.26437,1,1.0,22.580086,22.580086,22.580086,1.0,0.0,1.0,1.0,high,Sentinel-3_SLSTR_FRP,1,S3A_SL_2_FRP____20260414T051413_20260414T051913_20260414T070945_0299_138_176______MAR_O_NR_003.SEN3,0.11194031737849496,0.17687933421171997,0.0,0.13791592411178497,0.3689579620558925,Medium,180
IND_S3_20260414_I238,India,2026-04-14,2026-04-14T04:34:57+00:00,isolated,-1,23.948303,79.30599,1,1.0,24.012709,24.012709,24.012709,0.98,0.0,0.98,0.98,high,Sentinel-3_SLSTR_FRP,1,S3B_SL_2_FRP____20260414T043457_20260414T043957_20260414T063016_0299_119_033______MAR_O_NR_003.SEN3,0.12060283628972764,0.1905671690642378,0.0,0.1485885693995317,0.36829428469976583,Medium,180
IND_S3_20260414_I307,India,2026-04-14,2026-04-14T15:40:11+00:00,isolated,-1,21.049387,93.16816,1,1.0,22.316212,22.316212,22.316212,1.0,0.0,1.0,1.0,high,Sentinel-3_SLSTR_FRP,1,S3B_SL_2_FRP____20260414T154011_20260414T154511_20260414T163636_0299_119_040______MAR_O_NR_003.SEN3,0.11028751510217304,0.17426770532709793,0.0,0.135879591192143,0.3679397955960715,Medium,180
IND_S3_20260414_I132,India,2026-04-14,2026-04-14T05:14:13+00:00,isolated,-1,22.329742,72.119965,1,1.0,21.862856,21.862856,21.862856,1.0,0.0,1.0,1.0,high,Sentinel-3_SLSTR_FRP,1,S3A_SL_2_FRP____20260414T051413_20260414T051913_20260414T070945_0299_138_176______MAR_O_NR_003.SEN3,0.10740370647616218,0.1697109364907358,0.0,0.13232659848199163,0.3661632992409958,Medium,180
IND_S3_20260414_I237,India,2026-04-14,2026-04-14T04:34:57+00:00,isolated,-1,23.962933,79.51813,1,1.0,21.794327,21.794327,21.794327,1.0,0.0,1.0,1.0,high,Sentinel-3_SLSTR_FRP,1,S3B_SL_2_FRP____20260414T043457_20260414T043957_20260414T063016_0299_119_033______MAR_O_NR_003.SEN3,0.1069628229338476,0.1690142868004742,0.0,0.13178340848049824,0.3658917042402491,Medium,180
IND_S3_20260414_I186,India,2026-04-14,2026-04-14T16:23:21+00:00,isolated,-1,23.675716,75.6226,1,1.0,21.309109,21.309109,21.309109,1.0,0.0,1.0,1.0,high,Sentinel-3_SLSTR_FRP,1,S3A_SL_2_FRP____20260414T162321_20260414T162821_20260414T184823_0299_138_183______MAR_O_NR_003.SEN3,0.10380271213797665,0.16402092688602124,0.0,0.12788999803719447,0.3639449990185972,Medium,180
IND_S3_20260414_C037,India,2026-04-14,2026-04-14T04:29:57+00:00,clustered,37,27.489217333333333,83.15513466666667,3,6.316934905394766,14.6529125,17.642406,43.9587375,0.8166666666666668,0.0,0.62,1.0,high,Sentinel-3_SLSTR_FRP,2,S3A_SL_2_FRP____20260414T162321_20260414T162821_20260414T184823_0299_138_183______MAR_O_NR_003.SEN3;S3B_SL_2_FRP____20260414T042957_20260414T043457_20260414T063013_0299_119_033______MAR_O_NR_003.SEN3,0.20672073243964983,0.12235133648966613,0.16207652439312228,0.17297297405965634,0.3639017919084526,Medium,180
IND_S3_20260414_I175,India,2026-04-14,2026-04-14T16:23:21+00:00,isolated,-1,23.078989,77.48315,1,1.0,21.010046,21.010046,21.010046,1.0,0.0,1.0,1.0,high,Sentinel-3_SLSTR_FRP,1,S3A_SL_2_FRP____20260414T162321_20260414T162821_20260414T184823_0299_138_183______MAR_O_NR_003.SEN3,0.10182056410724508,0.16088889159975872,0.0,0.12544789510425053,0.3627239475521252,Medium,180
IND_S3_20260414_I057,India,2026-04-14,2026-04-14T05:14:13+00:00,isolated,-1,24.852953,73.33477,1,1.0,20.663069,20.663069,20.663069,1.0,0.0,1.0,1.0,high,Sentinel-3_SLSTR_FRP,1,S3A_SL_2_FRP____20260414T051413_20260414T051913_20260414T070945_0299_138_176______MAR_O_NR_003.SEN3,0.09948681623115549,0.15720128573792252,0.0,0.1225726040338623,0.3612863020169311,Medium,180
IND_S3_20260414_C004,India,2026-04-14,2026-04-14T04:34:57+00:00,clustered,4,23.973629000000003,76.14598333333333,3,3.4577044138429374,28.810998,54.656643,86.43299400000001,0.5366666666666666,0.0,0.0,0.91,high,Sentinel-3_SLSTR_FRP,2,S3A_SL_2_FRP____20260414T051413_20260414T051913_20260414T070945_0299_138_176______MAR_O_NR_003.SEN3;S3B_SL_2_FRP____20260414T043457_20260414T043957_20260414T063016_0299_119_033______MAR_O_NR_003.SEN3,0.3044069397360945,0.37618072242330997,0.16207652439312228,0.3331164528109807,0.3599735312841148,Medium,180
IND_S3_20260414_I066,India,2026-04-14,2026-04-14T05:14:13+00:00,isolated,-1,24.038074,75.558586,1,1.0,20.331331,20.331331,20.331331,1.0,0.0,1.0,1.0,high,Sentinel-3_SLSTR_FRP,1,S3A_SL_2_FRP____20260414T051413_20260414T051913_20260414T070945_0299_138_176______MAR_O_NR_003.SEN3,0.09722034491371852,0.15361998503209456,0.0,0.11978020096106894,0.35989010048053444,Medium,180
IND_S3_20260414_I214,India,2026-04-14,2026-04-14T04:34:57+00:00,isolated,-1,26.787716,83.11324,1,1.0,20.0458,20.0458,20.0458,1.0,0.0,1.0,1.0,high,Sentinel-3_SLSTR_FRP,1,S3B_SL_2_FRP____20260414T043457_20260414T043957_20260414T063016_0299_119_033______MAR_O_NR_003.SEN3,0.0952411591111913,0.15049263042715258,0.0,0.11734174763757581,0.35867087381878787,Medium,180
IND_S3_20260414_I123,India,2026-04-14,2026-04-14T05:14:13+00:00,isolated,-1,22.114523,76.28754,1,1.0,19.850082,19.850082,19.850082,1.0,0.0,1.0,1.0,high,Sentinel-3_SLSTR_FRP,1,S3A_SL_2_FRP____20260414T051413_20260414T051913_20260414T070945_0299_138_176______MAR_O_NR_003.SEN3,0.09386894819475869,0.14832437006323043,0.0,0.11565111694214739,0.35782555847107367,Medium,180
IND_S3_20260414_I076,India,2026-04-14,2026-04-14T05:14:13+00:00,isolated,-1,23.420574,77.31147,1,1.0,19.64135,19.64135,19.64135,1.0,0.0,1.0,1.0,high,Sentinel-3_SLSTR_FRP,1,S3A_SL_2_FRP____20260414T051413_20260414T051913_20260414T070945_0299_138_176______MAR_O_NR_003.SEN3,0.09239122682619562,0.1459893903352555,0.0,0.11383049222981956,0.35691524611490977,Medium,180
IND_S3_20260414_I085,India,2026-04-14,2026-04-14T05:14:13+00:00,isolated,-1,23.42704,75.66752,1,1.0,19.607723,19.607723,19.607723,1.0,0.0,1.0,1.0,high,Sentinel-3_SLSTR_FRP,1,S3A_SL_2_FRP____20260414T051413_20260414T051913_20260414T070945_0299_138_176______MAR_O_NR_003.SEN3,0.09215176719661508,0.14561101495770876,0.0,0.11353546630105255,0.35676773315052623,Medium,180
IND_S3_20260414_I141,India,2026-04-14,2026-04-14T05:14:13+00:00,isolated,-1,21.5666,71.34893,1,1.0,19.491327,19.491327,19.491327,1.0,0.0,1.0,1.0,high,Sentinel-3_SLSTR_FRP,1,S3A_SL_2_FRP____20260414T051413_20260414T051913_20260414T070945_0299_138_176______MAR_O_NR_003.SEN3,0.09131987756218012,0.14429652802286325,0.0,0.11251053774645337,0.35625526887322667,Medium,180
IND_S3_20260414_I049,India,2026-04-14,2026-04-14T05:09:13+00:00,isolated,-1,25.40668,73.281586,1,1.0,19.473795,19.473795,19.473795,1.0,0.0,1.0,1.0,high,Sentinel-3_SLSTR_FRP,1,S3A_SL_2_FRP____20260414T050913_20260414T051413_20260414T071110_0299_138_176______MAR_O_NR_003.SEN3,0.09119416591550644,0.14409788831121126,0.0,0.11235565487378837,0.3561778274368942,Medium,180
IND_S3_20260414_I093,India,2026-04-14,2026-04-14T05:14:13+00:00,isolated,-1,23.329023,75.49083,1,1.0,19.386118,19.386118,19.386118,1.0,0.0,1.0,1.0,high,Sentinel-3_SLSTR_FRP,1,S3A_SL_2_FRP____20260414T051413_20260414T051913_20260414T070945_0299_138_176______MAR_O_NR_003.SEN3,0.09056386608608084,0.14310193781907893,0.0,0.11157909477928007,0.35578954738964,Medium,180
IND_S3_20260414_I210,India,2026-04-14,2026-04-14T04:29:57+00:00,isolated,-1,26.94107,83.50985,1,1.0,21.485203,21.485203,21.485203,0.97,0.0,0.97,0.97,high,Sentinel-3_SLSTR_FRP,1,S3B_SL_2_FRP____20260414T042957_20260414T043457_20260414T063013_0299_119_033______MAR_O_NR_003.SEN3,0.1049574468057035,0.16584554829144488,0.0,0.12931268740000004,0.3556563437,Medium,180
IND_S3_20260414_I107,India,2026-04-14,2026-04-14T05:14:13+00:00,isolated,-1,22.907963,75.415085,1,1.0,19.296804,19.296804,19.296804,1.0,0.0,1.0,1.0,high,Sentinel-3_SLSTR_FRP,1,S3A_SL_2_FRP____20260414T051413_20260414T051913_20260414T070945_0299_138_176______MAR_O_NR_003.SEN3,0.08991900469025486,0.14208297827864036,0.0,0.11078459412560906,0.3553922970628045,Medium,180
IND_S3_20260414_I228,India,2026-04-14,2026-04-14T04:34:57+00:00,isolated,-1,24.889843,84.9597,1,1.0,19.660254,19.660254,19.660254,0.99,0.0,0.99,0.99,high,Sentinel-3_SLSTR_FRP,1,S3B_SL_2_FRP____20260414T043457_20260414T043957_20260414T063016_0299_119_033______MAR_O_NR_003.SEN3,0.09252567196376157,0.14620183002613346,0.0,0.11399613518871032,0.35399806759435515,Medium,180
IND_S3_20260414_I125,India,2026-04-14,2026-04-14T05:14:13+00:00,isolated,-1,21.871914,77.25956,1,1.0,18.960873,18.960873,18.960873,1.0,0.0,1.0,1.0,high,Sentinel-3_SLSTR_FRP,1,S3A_SL_2_FRP____20260414T051413_20260414T051913_20260414T070945_0299_138_176______MAR_O_NR_003.SEN3,0.08746785558010037,0.13820986416916517,0.0,0.1077646590157263,0.35388232950786314,Medium,180
IND_S3_20260414_I194,India,2026-04-14,2026-04-14T16:23:21+00:00,isolated,-1,25.394464,76.67162,1,1.0,18.875347,18.875347,18.875347,1.0,0.0,1.0,1.0,high,Sentinel-3_SLSTR_FRP,1,S3A_SL_2_FRP____20260414T162321_20260414T162821_20260414T184823_0299_138_183______MAR_O_NR_003.SEN3,0.08683721925151938,0.1372133819673865,0.0,0.10698768433786623,0.3534938421689331,Medium,180
IND_S3_20260414_I064,India,2026-04-14,2026-04-14T05:14:13+00:00,isolated,-1,23.834896,76.889305,1,1.0,18.490568,18.490568,18.490568,1.0,0.0,1.0,1.0,high,Sentinel-3_SLSTR_FRP,1,S3A_SL_2_FRP____20260414T051413_20260414T051913_20260414T070945_0299_138_176______MAR_O_NR_003.SEN3,0.08396602139053856,0.13267653967558532,0.0,0.10345022870455726,0.3517251143522786,Medium,180
IND_S3_20260414_C009,India,2026-04-14,2026-04-14T04:34:57+00:00,clustered,9,22.502700666666666,79.48685533333334,3,1.0,13.597243333333333,14.04452,40.79173,0.8133333333333334,0.0,0.79,0.84,high,Sentinel-3_SLSTR_FRP,2,S3A_SL_2_FRP____20260414T051413_20260414T051913_20260414T070945_0299_138_176______MAR_O_NR_003.SEN3;S3B_SL_2_FRP____20260414T043457_20260414T043957_20260414T063016_0299_119_033______MAR_O_NR_003.SEN3,0.19599248956994772,0.07258972789313393,0.16207652439312228,0.1466313848992222,0.34973099732823554,Medium,180
IND_S3_20260414_I260,India,2026-04-14,2026-04-14T04:34:57+00:00,isolated,-1,21.950045,78.932755,1,1.0,21.305536,21.305536,21.305536,0.95,0.0,0.95,0.95,high,Sentinel-3_SLSTR_FRP,1,S3B_SL_2_FRP____20260414T043457_20260414T043957_20260414T063016_0299_119_033______MAR_O_NR_003.SEN3,0.10377918799259354,0.16398375587140643,0.0,0.1278610151441187,0.34893050757205935,Medium,180
IND_S3_20260414_I129,India,2026-04-14,2026-04-14T05:14:13+00:00,isolated,-1,21.219196,78.25026,1,1.0,17.707859,17.707859,17.707859,1.0,0.0,1.0,1.0,high,Sentinel-3_SLSTR_FRP,1,S3A_SL_2_FRP____20260414T051413_20260414T051913_20260414T070945_0299_138_176______MAR_O_NR_003.SEN3,0.0779463342491342,0.12316470087907493,0.0,0.0960336809011105,0.34801684045055525,Medium,180
IND_S3_20260414_C026,India,2026-04-14,2026-04-14T04:34:57+00:00,clustered,26,23.8235575,77.86716275,4,2.7777009060047027,16.11520475,21.892273,64.460819,0.6375000000000001,0.0,0.0,0.89,high,Sentinel-3_SLSTR_FRP,2,S3A_SL_2_FRP____20260414T162321_20260414T162821_20260414T184823_0299_138_183______MAR_O_NR_003.SEN3;S3B_SL_2_FRP____20260414T043457_20260414T043957_20260414T063016_0299_119_033______MAR_O_NR_003.SEN3,0.2619001576723376,0.17000934245311713,0.21425351111696525,0.2251438315846494,0.34667261801571775,Medium,180
IND_S3_20260414_I171,India,2026-04-14,2026-04-14T16:23:21+00:00,isolated,-1,22.38199,79.57008,1,1.0,16.958916,16.958916,16.958916,1.0,0.0,1.0,1.0,high,Sentinel-3_SLSTR_FRP,1,S3A_SL_2_FRP____20260414T162321_20260414T162821_20260414T184823_0299_138_183______MAR_O_NR_003.SEN3,0.07194573339374377,0.11368302073890729,0.0,0.08864064833180918,0.3443203241659046,Medium,180
IND_S3_20260414_I217,India,2026-04-14,2026-04-14T04:34:57+00:00,isolated,-1,26.221867,83.981445,1,1.0,18.699648,18.699648,18.699648,0.97,0.0,0.97,0.97,high,Sentinel-3_SLSTR_FRP,1,S3B_SL_2_FRP____20260414T043457_20260414T043957_20260414T063016_0299_119_033______MAR_O_NR_003.SEN3,0.08553312327891349,0.1351527515101512,0.0,0.10538097457140858,0.3436904872857043,Medium,180
IND_S3_20260414_I144,India,2026-04-14,2026-04-14T05:14:13+00:00,isolated,-1,19.581806,77.19264,1,1.0,16.77837,16.77837,16.77837,0.99,0.0,0.99,0.99,high,Sentinel-3_SLSTR_FRP,1,S3A_SL_2_FRP____20260414T051413_20260414T051913_20260414T070945_0299_138_176______MAR_O_NR_003.SEN3,0.07046175260928608,0.11133815037151017,0.0,0.08681231171417572,0.34040615585708783,Medium,180
IND_S3_20260414_I077,India,2026-04-14,2026-04-14T05:14:13+00:00,isolated,-1,23.737368,75.84776,1,1.0,17.343603,17.343603,17.343603,0.98,0.0,0.98,0.98,high,Sentinel-3_SLSTR_FRP,1,S3A_SL_2_FRP____20260414T051413_20260414T051913_20260414T070945_0299_138_176______MAR_O_NR_003.SEN3,0.07505849086685262,0.11860155663642856,0.0,0.092475717174683,0.34023785858734146,Medium,180
IND_S3_20260414_I304,India,2026-04-14,2026-04-14T15:40:11+00:00,isolated,-1,18.69661,94.38012,1,1.0,16.017094,16.017094,16.017094,1.0,0.0,1.0,1.0,high,Sentinel-3_SLSTR_FRP,1,S3B_SL_2_FRP____20260414T154011_20260414T154511_20260414T163636_0299_119_040______MAR_O_NR_003.SEN3,0.06403417846792443,0.10118180044017677,0.0,0.07889322725682538,0.33944661362841266,Medium,180
IND_S3_20260414_I191,India,2026-04-14,2026-04-14T16:23:21+00:00,isolated,-1,25.022745,77.121826,1,1.0,16.013557,16.013557,16.013557,1.0,0.0,1.0,1.0,high,Sentinel-3_SLSTR_FRP,1,S3A_SL_2_FRP____20260414T162321_20260414T162821_20260414T184823_0299_138_183______MAR_O_NR_003.SEN3,0.06400364872948824,0.10113355973535554,0.0,0.07885561313183517,0.3394278065659176,Medium,180
IND_S3_20260414_I268,India,2026-04-14,2026-04-14T04:34:57+00:00,isolated,-1,20.043552,77.96273,1,1.0,21.819473,21.819473,21.819473,0.91,0.0,0.91,0.91,high,Sentinel-3_SLSTR_FRP,1,S3B_SL_2_FRP____20260414T043457_20260414T043957_20260414T063016_0299_119_033______MAR_O_NR_003.SEN3,0.10712475430022396,0.1692701580803081,0.0,0.13198291581225763,0.33899145790612883,Medium,180
IND_S3_20260414_I169,India,2026-04-14,2026-04-14T16:23:21+00:00,isolated,-1,21.75487,83.84236,1,1.0,15.827883,15.827883,15.827883,1.0,0.0,1.0,1.0,high,Sentinel-3_SLSTR_FRP,1,S3A_SL_2_FRP____20260414T162321_20260414T162821_20260414T184823_0299_138_183______MAR_O_NR_003.SEN3,0.06239202038804951,0.09858699068225417,0.0,0.07687000850573136,0.33843500425286566,Medium,180
IND_S3_20260414_I105,India,2026-04-14,2026-04-14T05:14:13+00:00,isolated,-1,22.642834,76.78389,1,1.0,15.7118025,15.7118025,15.7118025,1.0,0.0,1.0,1.0,high,Sentinel-3_SLSTR_FRP,1,S3A_SL_2_FRP____20260414T051413_20260414T051913_20260414T070945_0299_138_176______MAR_O_NR_003.SEN3,0.06137539652996023,0.09698060117600886,0.0,0.07561747838837968,0.33780873919418986,Medium,180
IND_S3_20260414_I248,India,2026-04-14,2026-04-14T04:34:57+00:00,isolated,-1,23.269646,77.741615,1,1.0,23.876772,23.876772,23.876772,0.88,0.0,0.88,0.88,high,Sentinel-3_SLSTR_FRP,1,S3B_SL_2_FRP____20260414T043457_20260414T043957_20260414T063016_0299_119_033______MAR_O_NR_003.SEN3,0.11980247136231277,0.18930249500574928,0.0,0.14760248081968735,0.3378012404098437,Medium,180
IND_S3_20260414_I301,India,2026-04-14,2026-04-14T15:40:11+00:00,isolated,-1,16.557241,94.83008,1,1.0,15.638651,15.638651,15.638651,1.0,0.0,1.0,1.0,high,Sentinel-3_SLSTR_FRP,1,S3B_SL_2_FRP____20260414T154011_20260414T154511_20260414T163636_0299_119_040______MAR_O_NR_003.SEN3,0.06073110789910772,0.09596254667398307,0.0,0.07482368340905787,0.3374118417045289,Medium,180
IND_S3_20260414_I215,India,2026-04-14,2026-04-14T04:34:57+00:00,isolated,-1,26.593426,83.30867,1,1.0,16.881742,16.881742,16.881742,0.97,0.0,0.97,0.97,high,Sentinel-3_SLSTR_FRP,1,S3B_SL_2_FRP____20260414T043457_20260414T043957_20260414T063016_0299_119_033______MAR_O_NR_003.SEN3,0.07131324292273541,0.11268360876628494,0.0,0.08786138926015523,0.3349306946300776,Medium,180
IND_S3_20260414_I104,India,2026-04-14,2026-04-14T05:14:13+00:00,isolated,-1,22.84162,75.97422,1,1.0,16.130865,16.130865,16.130865,0.98,0.0,0.98,0.98,high,Sentinel-3_SLSTR_FRP,1,S3A_SL_2_FRP____20260414T051413_20260414T051913_20260414T070945_0299_138_176______MAR_O_NR_003.SEN3,0.0650128269126594,0.10272818416845189,0.0,0.0800989698149764,0.3340494849074882,Medium,180
IND_S3_20260414_I058,India,2026-04-14,2026-04-14T05:14:13+00:00,isolated,-1,23.986748,77.06484,1,1.0,15.520453,15.520453,15.520453,0.99,0.0,0.99,0.99,high,Sentinel-3_SLSTR_FRP,1,S3A_SL_2_FRP____20260414T051413_20260414T051913_20260414T070945_0299_138_176______MAR_O_NR_003.SEN3,0.05968405780580472,0.09430808001061329,0.0,0.07353366668772815,0.33376683334386403,Medium,180
IND_S3_20260414_I174,India,2026-04-14,2026-04-14T16:23:21+00:00,isolated,-1,22.458168,76.802574,1,1.0,14.706947,14.706947,14.706947,1.0,0.0,1.0,1.0,high,Sentinel-3_SLSTR_FRP,1,S3A_SL_2_FRP____20260414T162321_20260414T162821_20260414T184823_0299_138_183______MAR_O_NR_003.SEN3,0.052267779160520535,0.08258945655280207,0.0,0.06439645011743314,0.33219822505871655,Medium,180
IND_S3_20260414_C048,India,2026-04-14,2026-04-14T04:34:57+00:00,clustered,48,21.396385999999996,81.23911666666667,3,5.93284967300234,20.079325333333333,23.467972,60.237976,0.6233333333333334,0.0,0.0,1.0,high,Sentinel-3_SLSTR_FRP,1,S3B_SL_2_FRP____20260414T043457_20260414T043957_20260414T063016_0299_119_033______MAR_O_NR_003.SEN3,0.2521063488323012,0.18545720797449108,0.16207652439312228,0.22544669248917715,0.33213865112321306,Medium,180
IND_S3_20260414_I140,India,2026-04-14,2026-04-14T05:14:13+00:00,isolated,-1,21.774181,70.591415,1,1.0,16.154104,16.154104,16.154104,0.97,0.0,0.97,0.97,high,Sentinel-3_SLSTR_FRP,1,S3A_SL_2_FRP____20260414T051413_20260414T051913_20260414T070945_0299_138_176______MAR_O_NR_003.SEN3,0.06521192726134015,0.1030427869669851,0.0,0.08034427114359813,0.33117213557179903,Medium,180
IND_S3_20260414_I083,India,2026-04-14,2026-04-14T05:14:13+00:00,isolated,-1,23.514542,75.58835,1,1.0,14.345651,14.345651,14.345651,1.0,0.0,1.0,1.0,high,Sentinel-3_SLSTR_FRP,1,S3A_SL_2_FRP____20260414T051413_20260414T051913_20260414T070945_0299_138_176______MAR_O_NR_003.SEN3,0.048850007141451594,0.07718896052618908,0.0,0.06018558849534659,0.3300927942476733,Medium,180
IND_S3_20260414_I135,India,2026-04-14,2026-04-14T05:14:13+00:00,isolated,-1,22.18609,72.055115,1,1.0,14.771353,14.771353,14.771353,0.99,0.0,0.99,0.99,high,Sentinel-3_SLSTR_FRP,1,S3A_SL_2_FRP____20260414T051413_20260414T051913_20260414T070945_0299_138_176______MAR_O_NR_003.SEN3,0.05286877842837184,0.0835391085892514,0.0,0.06513691049272366,0.3295684552463618,Medium,180
IND_S3_20260414_I054,India,2026-04-14,2026-04-14T05:09:13+00:00,isolated,-1,24.626652,74.63524,1,1.0,15.746735,15.746735,15.746735,0.97,0.0,0.97,0.97,high,Sentinel-3_SLSTR_FRP,1,S3A_SL_2_FRP____20260414T050913_20260414T051413_20260414T071110_0299_138_176______MAR_O_NR_003.SEN3,0.06168207349105038,0.09746518812346484,0.0,0.07599531934401615,0.32899765967200806,Medium,180
IND_S3_20260414_I247,India,2026-04-14,2026-04-14T04:34:57+00:00,isolated,-1,23.555052,76.24991,1,1.0,50.626423,50.626423,50.626423,0.63,0.0,0.63,0.63,medium,Sentinel-3_SLSTR_FRP,1,S3B_SL_2_FRP____20260414T043457_20260414T043957_20260414T063016_0299_119_033______MAR_O_NR_003.SEN3,0.2270309380182012,0.35873653123871113,0.0,0.27971317530640516,0.3288565876532026,Medium,180
IND_S3_20260414_C000,India,2026-04-14,2026-04-14T03:31:44+00:00,clustered,0,21.688089333333334,93.74614000000001,3,3.007429628178225,18.927222333333333,21.857937,56.781667,0.6266666666666666,0.0,0.5,0.7,high,Sentinel-3_SLSTR_FRP,1,S3A_SL_2_FRP____20260414T033144_20260414T033644_20260414T052840_0299_138_175______MAR_O_NR_003.SEN3,0.24357388758167986,0.16966100070244508,0.16207652439312228,0.21400873282998595,0.3274196712936174,Medium,180
IND_S3_20260414_I257,India,2026-04-14,2026-04-14T04:34:57+00:00,isolated,-1,21.80034,81.09476,1,1.0,17.087204,17.087204,17.087204,0.94,0.0,0.94,0.94,high,Sentinel-3_SLSTR_FRP,1,S3B_SL_2_FRP____20260414T043457_20260414T043957_20260414T063016_0299_119_033______MAR_O_NR_003.SEN3,0.07299114573650967,0.11533489955697351,0.0,0.08992864726469521,0.32696432363234756,Medium,180
IND_S3_20260414_I126,India,2026-04-14,2026-04-14T05:14:13+00:00,isolated,-1,21.987698,76.17279,1,1.0,14.201973,14.201973,14.201973,0.99,0.0,0.99,0.99,high,Sentinel-3_SLSTR_FRP,1,S3A_SL_2_FRP____20260414T051413_20260414T051913_20260414T070945_0299_138_176______MAR_O_NR_003.SEN3,0.04746843260769394,0.0750059045065367,0.0,0.058483421367231045,0.3262417106836155,Medium,180
IND_S3_20260414_I262,India,2026-04-14,2026-04-14T04:34:57+00:00,isolated,-1,21.345669,80.93664,1,1.0,17.93702,17.93702,17.93702,0.92,0.0,0.92,0.92,high,Sentinel-3_SLSTR_FRP,1,S3B_SL_2_FRP____20260414T043457_20260414T043957_20260414T063016_0299_119_033______MAR_O_NR_003.SEN3,0.07973446160392396,0.12599015986836432,0.0,0.09823674090970011,0.3251183704548501,Medium,180
IND_S3_20260414_I222,India,2026-04-14,2026-04-14T04:34:57+00:00,isolated,-1,25.324135,85.09959,1,1.0,17.1727,17.1727,17.1727,0.93,0.0,0.93,0.93,high,Sentinel-3_SLSTR_FRP,1,S3B_SL_2_FRP____20260414T043457_20260414T043957_20260414T063016_0299_119_033______MAR_O_NR_003.SEN3,0.07368373894810569,0.11642928117939151,0.0,0.09078195584062002,0.32439097792031,Medium,180
IND_S3_20260414_C028,India,2026-04-14,2026-04-14T04:34:57+00:00,clustered,28,23.960898399999998,77.81236,5,2.812013883258863,15.2355942,20.856451,76.177971,0.514,0.0,0.0,0.88,high,Sentinel-3_SLSTR_FRP,2,S3A_SL_2_FRP____20260414T162321_20260414T162821_20260414T184823_0299_138_183______MAR_O_NR_003.SEN3;S3B_SL_2_FRP____20260414T043457_20260414T043957_20260414T063016_0299_119_033______MAR_O_NR_003.SEN3,0.286083839717264,0.15926373678629058,0.25688521341031656,0.2353557985448746,0.32325494195450066,Medium,180
IND_S3_20260414_C017,India,2026-04-14,2026-04-14T04:34:57+00:00,clustered,17,14.3564605,78.91506625,4,1.791033123250663,17.74678025,28.533735,70.987121,0.5,0.0,0.0,1.0,high,Sentinel-3_SLSTR_FRP,2,S3A_SL_2_FRP____20260414T161821_20260414T162321_20260414T171435_0299_138_183______MAR_O_NR_003.SEN3;S3B_SL_2_FRP____20260414T043457_20260414T043957_20260414T063016_0299_119_033______MAR_O_NR_003.SEN3,0.27585785922665407,0.22912537985666429,0.21425351111696525,0.25716486747865813,0.3214331359627221,Medium,180
IND_S3_20260414_I181,India,2026-04-14,2026-04-14T16:23:21+00:00,isolated,-1,24.058447,78.22363,1,1.0,12.59358,12.59358,12.59358,1.0,0.0,1.0,1.0,high,Sentinel-3_SLSTR_FRP,1,S3A_SL_2_FRP____20260414T162321_20260414T162821_20260414T184823_0299_138_183______MAR_O_NR_003.SEN3,0.031044495006356566,0.049054082892195955,0.0,0.038248330160692325,0.31912416508034613,Medium,180
IND_S3_20260414_I075,India,2026-04-14,2026-04-14T05:14:13+00:00,isolated,-1,23.640213,76.58988,1,1.0,14.448854,14.448854,14.448854,0.96,0.0,0.96,0.96,high,Sentinel-3_SLSTR_FRP,1,S3A_SL_2_FRP____20260414T051413_20260414T051913_20260414T070945_0299_138_176______MAR_O_NR_003.SEN3,0.04983442390269568,0.07874445889704829,0.0,0.061398437900436725,0.31869921895021835,Medium,180
IND_S3_20260414_I086,India,2026-04-14,2026-04-14T05:14:13+00:00,isolated,-1,23.215155,76.612366,1,1.0,14.399485,14.399485,14.399485,0.96,0.0,0.96,0.96,high,Sentinel-3_SLSTR_FRP,1,S3A_SL_2_FRP____20260414T051413_20260414T051913_20260414T070945_0299_138_176______MAR_O_NR_003.SEN3,0.049364333704751275,0.07800165913393241,0.0,0.060819263876423724,0.3184096319382118,Medium,180
IND_S3_20260414_I090,India,2026-04-14,2026-04-14T05:14:13+00:00,isolated,-1,23.463722,75.191124,1,1.0,15.902585,15.902585,15.902585,0.93,0.0,0.93,0.93,high,Sentinel-3_SLSTR_FRP,1,S3A_SL_2_FRP____20260414T051413_20260414T051913_20260414T070945_0299_138_176______MAR_O_NR_003.SEN3,0.06304255266836051,0.09961491091081291,0.0,0.07767149596534147,0.3178357479826708,Medium,180
IND_S3_20260414_I266,India,2026-04-14,2026-04-14T04:34:57+00:00,isolated,-1,20.627064,77.41079,1,1.0,18.882254,18.882254,18.882254,0.88,0.0,0.88,0.88,high,Sentinel-3_SLSTR_FRP,1,S3B_SL_2_FRP____20260414T043457_20260414T043957_20260414T063016_0299_119_033______MAR_O_NR_003.SEN3,0.08688824948656947,0.13729401595352936,0.0,0.10705055607335343,0.31752527803667674,Medium,180
IND_S3_20260414_I253,India,2026-04-14,2026-04-14T04:34:57+00:00,isolated,-1,21.615492,83.17959,1,1.0,18.82085,18.82085,18.82085,0.88,0.0,0.88,0.88,high,Sentinel-3_SLSTR_FRP,1,S3B_SL_2_FRP____20260414T043457_20260414T043957_20260414T063016_0299_119_033______MAR_O_NR_003.SEN3,0.08643396194463415,0.13657618631144874,0.0,0.10649085169136,0.31724542584568,Medium,180
IND_S3_20260414_I029,India,2026-04-14,2026-04-14T03:31:44+00:00,isolated,-1,16.604586,95.6787,1,1.0,18.760855,18.760855,18.760855,0.88,0.0,0.88,0.88,high,Sentinel-3_SLSTR_FRP,1,S3A_SL_2_FRP____20260414T033144_20260414T033644_20260414T052840_0299_138_175______MAR_O_NR_003.SEN3,0.08598873732473866,0.13587267718992727,0.0,0.1059423132708141,0.3169711566354071,Medium,180
IND_S3_20260414_I172,India,2026-04-14,2026-04-14T16:23:21+00:00,isolated,-1,22.44839,79.74487,1,1.0,12.22769,12.22769,12.22769,1.0,0.0,1.0,1.0,high,Sentinel-3_SLSTR_FRP,1,S3A_SL_2_FRP____20260414T162321_20260414T162821_20260414T184823_0299_138_183______MAR_O_NR_003.SEN3,0.027037152860392197,0.04272199426375228,0.0,0.03331108942173623,0.3166555447108681,Medium,180
IND_S3_20260414_I142,India,2026-04-14,2026-04-14T05:14:13+00:00,isolated,-1,21.612036,69.9443,1,1.0,15.822665,15.822665,15.822665,0.92,0.0,0.92,0.92,high,Sentinel-3_SLSTR_FRP,1,S3A_SL_2_FRP____20260414T051413_20260414T051913_20260414T070945_0299_138_176______MAR_O_NR_003.SEN3,0.06234647229319602,0.09851501914526936,0.0,0.07681389103402536,0.3144069455170127,Medium,180
IND_S3_20260414_C045,India,2026-04-14,2026-04-14T04:34:57+00:00,clustered,45,23.429229666666668,81.220512,3,1.0,19.070068,19.161488,57.210204,0.5966666666666667,0.0,0.0,0.9,high,Sentinel-3_SLSTR_FRP,1,S3B_SL_2_FRP____20260414T043457_20260414T043957_20260414T063016_0299_119_033______MAR_O_NR_003.SEN3,0.24465911567141999,0.1405306196269177,0.16207652439312228,0.20300771725361907,0.31291916350543403,Medium,180
IND_S3_20260414_I265,India,2026-04-14,2026-04-14T04:34:57+00:00,isolated,-1,20.468733,79.3398,1,1.0,19.733418,19.733418,19.733418,0.85,0.0,0.85,0.85,high,Sentinel-3_SLSTR_FRP,1,S3B_SL_2_FRP____20260414T043457_20260414T043957_20260414T063016_0299_119_033______MAR_O_NR_003.SEN3,0.0930448570617668,0.14702220571041263,0.0,0.11463579652122513,0.31231789826061257,Medium,180
IND_S3_20260414_I180,India,2026-04-14,2026-04-14T16:23:21+00:00,isolated,-1,23.29364,76.05889,1,1.0,13.687258,13.687258,13.687258,0.95,0.0,0.95,0.95,high,Sentinel-3_SLSTR_FRP,1,S3A_SL_2_FRP____20260414T162321_20260414T162821_20260414T184823_0299_138_183______MAR_O_NR_003.SEN3,0.04240956517745605,0.0670122778679746,0.0,0.052250650253663475,0.3111253251268317,Medium,180
IND_S3_20260414_I256,India,2026-04-14,2026-04-14T04:34:57+00:00,isolated,-1,21.617182,82.39119,1,1.0,17.183,17.183,17.183,0.88,0.0,0.88,0.88,high,Sentinel-3_SLSTR_FRP,1,S3B_SL_2_FRP____20260414T043457_20260414T043957_20260414T063016_0299_119_033______MAR_O_NR_003.SEN3,0.07376695804616443,0.1165607774892381,0.0,0.0908844858233939,0.309442242911697,Medium,180
IND_S3_20260414_I052,India,2026-04-14,2026-04-14T05:09:13+00:00,isolated,-1,24.58935,74.923355,1,1.0,15.306693,15.306693,15.306693,0.91,0.0,0.91,0.91,high,Sentinel-3_SLSTR_FRP,1,S3A_SL_2_FRP____20260414T050913_20260414T051413_20260414T071110_0299_138_176______MAR_O_NR_003.SEN3,0.057771309914775915,0.09128570539704048,0.0,0.07117706810768173,0.3085885340538409,Medium,180
IND_S3_20260414_I212,India,2026-04-14,2026-04-14T04:34:57+00:00,isolated,-1,26.803177,83.3023,1,1.0,15.2931385,15.2931385,15.2931385,0.91,0.0,0.91,0.91,high,Sentinel-3_SLSTR_FRP,1,S3B_SL_2_FRP____20260414T043457_20260414T043957_20260414T063016_0299_119_033______MAR_O_NR_003.SEN3,0.05764917876354047,0.09109272330423478,0.0,0.07102659657981819,0.30851329828990914,Medium,180
IND_S3_20260414_I168,India,2026-04-14,2026-04-14T16:18:21+00:00,isolated,-1,19.58406,80.70738,1,1.0,11.0201435,11.0201435,11.0201435,1.0,0.0,1.0,1.0,high,Sentinel-3_SLSTR_FRP,1,S3A_SL_2_FRP____20260414T161821_20260414T162321_20260414T171435_0299_138_183______MAR_O_NR_003.SEN3,0.012977664962769274,0.020506291137945117,0.0,0.01598911543283961,0.3079945577164198,Medium,180
IND_S3_20260414_I243,India,2026-04-14,2026-04-14T04:34:57+00:00,isolated,-1,23.446896,80.49701,1,1.0,16.797539,16.797539,16.797539,0.88,0.0,0.88,0.88,high,Sentinel-3_SLSTR_FRP,1,S3B_SL_2_FRP____20260414T043457_20260414T043957_20260414T063016_0299_119_033______MAR_O_NR_003.SEN3,0.07062002376481087,0.11158823807243644,0.0,0.0870073094878611,0.30750365474393054,Medium,180
IND_S3_20260414_I120,India,2026-04-14,2026-04-14T05:14:13+00:00,isolated,-1,21.918835,77.34751,1,1.0,14.406351,14.406351,14.406351,0.92,0.0,0.92,0.92,high,Sentinel-3_SLSTR_FRP,1,S3A_SL_2_FRP____20260414T051413_20260414T051913_20260414T070945_0299_138_176______MAR_O_NR_003.SEN3,0.049429801706673396,0.07810510655004971,0.0,0.06089992364402392,0.306449961822012,Medium,180
IND_S3_20260414_I148,India,2026-04-14,2026-04-14T05:14:13+00:00,isolated,-1,19.215225,76.54088,1,1.0,15.366863,15.366863,15.366863,0.9,0.0,0.9,0.9,high,Sentinel-3_SLSTR_FRP,1,S3A_SL_2_FRP____20260414T051413_20260414T051913_20260414T070945_0299_138_176______MAR_O_NR_003.SEN3,0.05831224154700595,0.09214044325381636,0.0,0.07184352222973012,0.3059217611148651,Medium,180
IND_S3_20260414_I152,India,2026-04-14,2026-04-14T05:14:13+00:00,isolated,-1,19.464457,74.81197,1,1.0,15.362462,15.362462,15.362462,0.9,0.0,0.9,0.9,high,Sentinel-3_SLSTR_FRP,1,S3A_SL_2_FRP____20260414T051413_20260414T051913_20260414T070945_0299_138_176______MAR_O_NR_003.SEN3,0.058272743774708015,0.09207803196331339,0.0,0.07179485905015016,0.3058974295250751,Medium,180
IND_S3_20260414_I138,India,2026-04-14,2026-04-14T05:14:13+00:00,isolated,-1,20.535027,77.55911,1,1.0,13.553651,13.553651,13.553651,0.93,0.0,0.93,0.93,high,Sentinel-3_SLSTR_FRP,1,S3A_SL_2_FRP____20260414T051413_20260414T051913_20260414T070945_0299_138_176______MAR_O_NR_003.SEN3,0.04106741953756822,0.06489152430252036,0.0,0.05059706144354908,0.30429853072177454,Medium,180
IND_S3_20260414_I042,India,2026-04-14,2026-04-14T05:09:13+00:00,isolated,-1,28.793482,70.15092,1,1.0,33.201496,33.201496,33.201496,0.67,0.0,0.67,0.67,high,Sentinel-3_SLSTR_FRP,1,S3A_SL_2_FRP____20260414T050913_20260414T051413_20260414T071110_0299_138_176______MAR_O_NR_003.SEN3,0.1665557956356923,0.2631784412539482,0.0,0.20520485388299464,0.3036024269414973,Medium,180
IND_S3_20260414_I179,India,2026-04-14,2026-04-14T16:23:21+00:00,isolated,-1,23.43531,77.10873,1,1.0,12.465116,12.465116,12.465116,0.95,0.0,0.95,0.95,high,Sentinel-3_SLSTR_FRP,1,S3A_SL_2_FRP____20260414T162321_20260414T162821_20260414T184823_0299_138_183______MAR_O_NR_003.SEN3,0.029649938489910817,0.04685051375887378,0.0,0.036530168597496,0.303265084298748,Medium,180
IND_S3_20260414_I127,India,2026-04-14,2026-04-14T05:14:13+00:00,isolated,-1,21.28939,78.50648,1,1.0,15.484339,15.484339,15.484339,0.88,0.0,0.88,0.88,high,Sentinel-3_SLSTR_FRP,1,S3A_SL_2_FRP____20260414T051413_20260414T051913_20260414T070945_0299_138_176______MAR_O_NR_003.SEN3,0.059362649536558766,0.09380021580220532,0.0,0.0731376760428174,0.3005688380214087,Medium,180
IND_S3_20260414_I102,India,2026-04-14,2026-04-14T05:14:13+00:00,isolated,-1,23.680931,72.108925,1,1.0,14.921233,14.921233,14.921233,0.89,0.0,0.89,0.89,high,Sentinel-3_SLSTR_FRP,1,S3A_SL_2_FRP____20260414T051413_20260414T051913_20260414T070945_0299_138_176______MAR_O_NR_003.SEN3,0.054257923248690165,0.08573412658362389,0.0,0.06684840458266365,0.3004242022913318,Medium,180
IND_S3_20260414_I101,India,2026-04-14,2026-04-14T05:14:13+00:00,isolated,-1,23.060898,75.29217,1,1.0,14.299286,14.299286,14.299286,0.9,0.0,0.9,0.9,high,Sentinel-3_SLSTR_FRP,1,S3A_SL_2_FRP____20260414T051413_20260414T051913_20260414T070945_0299_138_176______MAR_O_NR_003.SEN3,0.048405590675085895,0.07648672838566638,0.0,0.05963804575931809,0.29981902287965906,Low,360
IND_S3_20260414_I084,India,2026-04-14,2026-04-14T05:14:13+00:00,isolated,-1,23.507238,75.47495,1,1.0,13.407566,13.407566,13.407566,0.91,0.0,0.91,0.91,high,Sentinel-3_SLSTR_FRP,1,S3A_SL_2_FRP____20260414T051413_20260414T051913_20260414T070945_0299_138_176______MAR_O_NR_003.SEN3,0.03958575195238518,0.06255030907169228,0.0,0.04877157480010802,0.29738578740005406,Low,360
IND_S3_20260414_I250,India,2026-04-14,2026-04-14T04:34:57+00:00,isolated,-1,22.348907,81.88326,1,1.0,17.086039,17.086039,17.086039,0.84,0.0,0.84,0.84,high,Sentinel-3_SLSTR_FRP,1,S3B_SL_2_FRP____20260414T043457_20260414T043957_20260414T063016_0299_119_033______MAR_O_NR_003.SEN3,0.07298168561403622,0.11531995141135583,0.0,0.08991699193296407,0.29695849596648205,Low,360
IND_S3_20260414_I231,India,2026-04-14,2026-04-14T04:34:57+00:00,isolated,-1,24.567667,80.505035,1,1.0,13.985258,13.985258,13.985258,0.89,0.0,0.89,0.89,high,Sentinel-3_SLSTR_FRP,1,S3B_SL_2_FRP____20260414T043457_20260414T043957_20260414T063016_0299_119_033______MAR_O_NR_003.SEN3,0.045359651828503975,0.0716737740556251,0.0,0.055885300719352424,0.2949426503596762,Low,360
IND_S3_20260414_I098,India,2026-04-14,2026-04-14T05:14:13+00:00,isolated,-1,23.15199,75.395706,1,1.0,13.939782,13.939782,13.939782,0.89,0.0,0.89,0.89,high,Sentinel-3_SLSTR_FRP,1,S3A_SL_2_FRP____20260414T051413_20260414T051913_20260414T070945_0299_138_176______MAR_O_NR_003.SEN3,0.04491327038548658,0.07096843701268624,0.0,0.05533533703636644,0.2946676685181832,Low,360
IND_S3_20260414_I151,India,2026-04-14,2026-04-14T05:14:13+00:00,isolated,-1,19.700006,73.8749,1,1.0,12.395579,12.395579,12.395579,0.92,0.0,0.92,0.92,high,Sentinel-3_SLSTR_FRP,1,S3A_SL_2_FRP____20260414T051413_20260414T051913_20260414T070945_0299_138_176______MAR_O_NR_003.SEN3,0.028889510744949335,0.04564894531244782,0.0,0.03559328457194873,0.2937966422859744,Low,360
IND_S3_20260414_I045,India,2026-04-14,2026-04-14T05:09:13+00:00,isolated,-1,24.54846,80.01103,1,1.0,15.552189,15.552189,15.552189,0.85,0.0,0.85,0.85,high,Sentinel-3_SLSTR_FRP,1,S3A_SL_2_FRP____20260414T050913_20260414T051413_20260414T071110_0299_138_176______MAR_O_NR_003.SEN3,0.059965923168354945,0.09475346161067302,0.0,0.07388093854528217,0.2919404692726411,Low,360
IND_S3_20260414_C024,India,2026-04-14,2026-04-14T04:34:57+00:00,clustered,24,23.621859333333333,77.52322866666667,3,4.839555559513542,14.996166333333335,16.256687,44.988499000000004,0.5833333333333334,0.0,0.0,0.99,high,Sentinel-3_SLSTR_FRP,2,S3A_SL_2_FRP____20260414T162321_20260414T162821_20260414T184823_0299_138_183______MAR_O_NR_003.SEN3;S3B_SL_2_FRP____20260414T043457_20260414T043957_20260414T063016_0299_119_033______MAR_O_NR_003.SEN3,0.21004674574988758,0.10442645168361508,0.16207652439312228,0.1677986281233786,0.29131461894031374,Low,360
IND_S3_20260414_I145,India,2026-04-14,2026-04-14T05:14:13+00:00,isolated,-1,19.795975,75.2592,1,1.0,12.838759,12.838759,12.838759,0.9,0.0,0.9,0.9,high,Sentinel-3_SLSTR_FRP,1,S3A_SL_2_FRP____20260414T051413_20260414T051913_20260414T070945_0299_138_176______MAR_O_NR_003.SEN3,0.03366986352920228,0.0532024848911934,0.0,0.04148291207399873,0.29074145603699936,Low,360
IND_S3_20260414_I160,India,2026-04-14,2026-04-14T05:14:13+00:00,isolated,-1,16.118078,73.74649,1,1.0,17.310019,17.310019,17.310019,0.81,0.0,0.81,0.81,high,Sentinel-3_SLSTR_FRP,1,S3A_SL_2_FRP____20260414T051413_20260414T051913_20260414T070945_0299_138_176______MAR_O_NR_003.SEN3,0.07478935354575786,0.11817628689196459,0.0,0.09214412688424056,0.2890720634421203,Low,360
IND_S3_20260414_I155,India,2026-04-14,2026-04-14T05:14:13+00:00,isolated,-1,18.373074,75.855965,1,1.0,13.398384,13.398384,13.398384,0.88,0.0,0.88,0.88,high,Sentinel-3_SLSTR_FRP,1,S3A_SL_2_FRP____20260414T051413_20260414T051913_20260414T070945_0299_138_176______MAR_O_NR_003.SEN3,0.0394921223067106,0.0624023628287546,0.0,0.048656218515528205,0.2883281092577641,Low,360
IND_S3_20260414_I136,India,2026-04-14,2026-04-14T05:14:13+00:00,isolated,-1,21.38979,74.61867,1,1.0,14.190676,14.190676,14.190676,0.86,0.0,0.86,0.86,high,Sentinel-3_SLSTR_FRP,1,S3A_SL_2_FRP____20260414T051413_20260414T051913_20260414T070945_0299_138_176______MAR_O_NR_003.SEN3,0.04735925014812001,0.07483338292352441,0.0,0.05834890325828177,0.2871744516291409,Low,360
IND_S3_20260414_I224,India,2026-04-14,2026-04-14T04:34:57+00:00,isolated,-1,25.047161,85.3567,1,1.0,14.066388,14.066388,14.066388,0.86,0.0,0.86,0.86,high,Sentinel-3_SLSTR_FRP,1,S3B_SL_2_FRP____20260414T043457_20260414T043957_20260414T063016_0299_119_033______MAR_O_NR_003.SEN3,0.04615265065749595,0.07292680878151842,0.0,0.05686231390710494,0.2864311569535525,Low,360
IND_S3_20260414_I121,India,2026-04-14,2026-04-14T05:14:13+00:00,isolated,-1,22.019596,76.81832,1,1.0,12.036516,12.036516,12.036516,0.9,0.0,0.9,0.9,high,Sentinel-3_SLSTR_FRP,1,S3A_SL_2_FRP____20260414T051413_20260414T051913_20260414T070945_0299_138_176______MAR_O_NR_003.SEN3,0.0248990406167651,0.039343516526870854,0.0,0.030676830980807403,0.28533841549040373,Low,360
IND_S3_20260414_I230,India,2026-04-14,2026-04-14T04:34:57+00:00,isolated,-1,25.216185,77.03421,1,1.0,19.607529,19.607529,19.607529,0.76,0.0,0.76,0.76,high,Sentinel-3_SLSTR_FRP,1,S3B_SL_2_FRP____20260414T043457_20260414T043957_20260414T063016_0299_119_033______MAR_O_NR_003.SEN3,0.09215038457911477,0.1456088302536749,0.0,0.11353376284893882,0.2847668814244694,Low,360
IND_S3_20260414_I050,India,2026-04-14,2026-04-14T05:09:13+00:00,isolated,-1,24.589441,76.35436,1,1.0,13.261474,13.261474,13.261474,0.87,0.0,0.87,0.87,high,Sentinel-3_SLSTR_FRP,1,S3A_SL_2_FRP____20260414T050913_20260414T051413_20260414T071110_0299_138_176______MAR_O_NR_003.SEN3,0.03808891215157806,0.060185119892416004,0.0,0.04692739524791324,0.2844636976239566,Low,360
IND_S3_20260414_I207,India,2026-04-14,2026-04-14T04:29:57+00:00,isolated,-1,27.365423,83.40277,1,1.0,16.391611,16.391611,16.391611,0.81,0.0,0.81,0.81,high,Sentinel-3_SLSTR_FRP,1,S3B_SL_2_FRP____20260414T042957_20260414T043457_20260414T063013_0299_119_033______MAR_O_NR_003.SEN3,0.06723144350330547,0.10623386857791867,0.0,0.08283241353315074,0.28441620676657536,Low,360
IND_S3_20260414_I153,India,2026-04-14,2026-04-14T05:14:13+00:00,isolated,-1,19.463408,74.5456,1,1.0,12.54823,12.54823,12.54823,0.88,0.0,0.88,0.88,high,Sentinel-3_SLSTR_FRP,1,S3A_SL_2_FRP____20260414T051413_20260414T051913_20260414T070945_0299_138_176______MAR_O_NR_003.SEN3,0.030553703352410564,0.04827857230745185,0.0,0.03764365093442708,0.2828218254672136,Low,360
IND_S3_20260414_I245,India,2026-04-14,2026-04-14T04:34:57+00:00,isolated,-1,23.454622,79.79355,1,1.0,15.063926,15.063926,15.063926,0.82,0.0,0.82,0.82,high,Sentinel-3_SLSTR_FRP,1,S3B_SL_2_FRP____20260414T043457_20260414T043957_20260414T063016_0299_119_033______MAR_O_NR_003.SEN3,0.05556835773945521,0.08780477267149289,0.0,0.06846292371227028,0.2802314618561351,Low,360
IND_S3_20260414_I255,India,2026-04-14,2026-04-14T04:34:57+00:00,isolated,-1,21.78904,81.61764,1,1.0,12.990021,12.990021,12.990021,0.86,0.0,0.86,0.86,high,Sentinel-3_SLSTR_FRP,1,S3B_SL_2_FRP____20260414T043457_20260414T043957_20260414T063016_0299_119_033______MAR_O_NR_003.SEN3,0.035266471257619614,0.0557253195464219,0.0,0.04345001057314053,0.2797250052865703,Low,360
IND_S3_20260414_I219,India,2026-04-14,2026-04-14T04:34:57+00:00,isolated,-1,26.092062,83.39418,1,1.0,13.942861,13.942861,13.942861,0.84,0.0,0.84,0.84,high,Sentinel-3_SLSTR_FRP,1,S3B_SL_2_FRP____20260414T043457_20260414T043957_20260414T063016_0299_119_033______MAR_O_NR_003.SEN3,0.04494353596285538,0.0710162603108499,0.0,0.05537262570205319,0.2796863128510266,Low,360
IND_S3_20260414_I197,India,2026-04-14,2026-04-14T16:23:21+00:00,isolated,-1,27.104595,82.48681,1,1.0,12.068283,12.068283,12.068283,0.88,0.0,0.88,0.88,high,Sentinel-3_SLSTR_FRP,1,S3A_SL_2_FRP____20260414T162321_20260414T162821_20260414T184823_0299_138_183______MAR_O_NR_003.SEN3,0.025256489827988903,0.03990832981288282,0.0,0.031117225821946468,0.2795586129109732,Low,360
IND_S3_20260414_I015,India,2026-04-14,2026-04-14T03:31:44+00:00,isolated,-1,21.938684,93.61135,1,1.0,22.202085,22.202085,22.202085,0.7,0.0,0.7,0.7,high,Sentinel-3_SLSTR_FRP,1,S3A_SL_2_FRP____20260414T033144_20260414T033644_20260414T052840_0299_138_175______MAR_O_NR_003.SEN3,0.109566866174408,0.1731289922563419,0.0,0.13499171660718157,0.2774958583035908,Low,360
IND_S3_20260414_I116,India,2026-04-14,2026-04-14T05:14:13+00:00,isolated,-1,23.128878,72.25855,1,1.0,13.082224,13.082224,13.082224,0.85,0.0,0.85,0.85,high,Sentinel-3_SLSTR_FRP,1,S3A_SL_2_FRP____20260414T051413_20260414T051913_20260414T070945_0299_138_176______MAR_O_NR_003.SEN3,0.036231250047838476,0.05724978753143304,0.0,0.0446386650412763,0.2773193325206382,Low,360
IND_S3_20260414_I300,India,2026-04-14,2026-04-14T04:39:57+00:00,isolated,-1,9.002935,78.216736,1,1.0,18.528336,18.528336,18.528336,0.75,0.0,0.75,0.75,high,Sentinel-3_SLSTR_FRP,1,S3B_SL_2_FRP____20260414T043957_20260414T044457_20260414T062830_0299_119_033______MAR_O_NR_003.SEN3,0.08425034134176627,0.1331257998246898,0.0,0.10380052473493569,0.27690026236746784,Low,360
IND_S3_20260414_I082,India,2026-04-14,2026-04-14T05:14:13+00:00,isolated,-1,23.248413,76.817825,1,1.0,10.898795,10.898795,10.898795,0.89,0.0,0.89,0.89,high,Sentinel-3_SLSTR_FRP,1,S3A_SL_2_FRP____20260414T051413_20260414T051913_20260414T070945_0299_138_176______MAR_O_NR_003.SEN3,0.011487430798618756,0.018151539669059774,0.0,0.014153074346795164,0.2740765371733976,Low,360
IND_S3_20260414_I235,India,2026-04-14,2026-04-14T04:34:57+00:00,isolated,-1,24.068731,79.298996,1,1.0,14.985109,14.985109,14.985109,0.8,0.0,0.8,0.8,high,Sentinel-3_SLSTR_FRP,1,S3B_SL_2_FRP____20260414T043457_20260414T043957_20260414T063016_0299_119_033______MAR_O_NR_003.SEN3,0.05484598042695174,0.08666332854235723,0.0,0.06757291967311393,0.273786459836557,Low,360
IND_S3_20260414_I282,India,2026-04-14,2026-04-14T04:34:57+00:00,isolated,-1,13.919003,79.45956,1,1.0,15.687881,15.687881,15.687881,0.78,0.0,0.78,0.78,high,Sentinel-3_SLSTR_FRP,1,S3B_SL_2_FRP____20260414T043457_20260414T043957_20260414T063016_0299_119_033______MAR_O_NR_003.SEN3,0.06116501654933735,0.0966481751853068,0.0,0.07535828000372513,0.27167914000186255,Low,360
IND_S3_20260414_I017,India,2026-04-14,2026-04-14T03:31:44+00:00,isolated,-1,20.988808,97.94197,1,1.0,15.6710205,15.6710205,15.6710205,0.78,0.0,0.78,0.78,high,Sentinel-3_SLSTR_FRP,1,S3A_SL_2_FRP____20260414T033144_20260414T033644_20260414T052840_0299_138_175______MAR_O_NR_003.SEN3,0.06101655396206443,0.09641358621676392,0.0,0.07517536686394423,0.2715876834319721,Low,360
IND_S3_20260414_I063,India,2026-04-14,2026-04-14T05:14:13+00:00,isolated,-1,24.247295,74.97065,1,1.0,12.191532,12.191532,12.191532,0.85,0.0,0.85,0.85,high,Sentinel-3_SLSTR_FRP,1,S3A_SL_2_FRP____20260414T051413_20260414T051913_20260414T070945_0299_138_176______MAR_O_NR_003.SEN3,0.026635137241300913,0.04208676062574905,0.0,0.032815786595080165,0.2714078932975401,Low,360
IND_S3_20260414_I183,India,2026-04-14,2026-04-14T16:23:21+00:00,isolated,-1,24.02481,77.57306,1,1.0,11.269575,11.269575,11.269575,0.87,0.0,0.87,0.87,high,Sentinel-3_SLSTR_FRP,1,S3A_SL_2_FRP____20260414T162321_20260414T162821_20260414T184823_0299_138_183______MAR_O_NR_003.SEN3,0.015994158245518163,0.025272717891075366,0.0,0.019705582103741043,0.27085279105187055,Low,360
IND_S3_20260414_I122,India,2026-04-14,2026-04-14T05:14:13+00:00,isolated,-1,22.179218,76.04917,1,1.0,11.080161,11.080161,11.080161,0.87,0.0,0.87,0.87,high,Sentinel-3_SLSTR_FRP,1,S3A_SL_2_FRP____20260414T051413_20260414T051913_20260414T070945_0299_138_176______MAR_O_NR_003.SEN3,0.013709165329857114,0.021662150804383606,0.0,0.016890359519667712,0.26944517975983384,Low,360
IND_S3_20260414_I202,India,2026-04-14,2026-04-14T04:29:57+00:00,isolated,-1,32.268623,79.197845,1,1.0,19.787668,19.787668,19.787668,0.7,0.0,0.7,0.7,high,Sentinel-3_SLSTR_FRP,1,S3B_SL_2_FRP____20260414T042957_20260414T043457_20260414T063013_0299_119_033______MAR_O_NR_003.SEN3,0.09342864344757028,0.14762863493975734,0.0,0.1151086400444451,0.26755432002222257,Low,360
IND_S3_20260414_I258,India,2026-04-14,2026-04-14T04:34:57+00:00,isolated,-1,21.337902,83.17598,1,1.0,13.689188,13.689188,13.689188,0.8,0.0,0.8,0.8,high,Sentinel-3_SLSTR_FRP,1,S3B_SL_2_FRP____20260414T043457_20260414T043957_20260414T063016_0299_119_033______MAR_O_NR_003.SEN3,0.0424288633566954,0.06704277134141914,0.0,0.052274426550584896,0.26613721327529244,Low,360
IND_S3_20260414_I280,India,2026-04-14,2026-04-14T04:34:57+00:00,isolated,-1,16.090467,78.764885,1,1.0,15.584895,15.584895,15.584895,0.76,0.0,0.76,0.76,high,Sentinel-3_SLSTR_FRP,1,S3B_SL_2_FRP____20260414T043457_20260414T043957_20260414T063016_0299_119_033______MAR_O_NR_003.SEN3,0.060255838754457704,0.09521156354434959,0.0,0.07423812867041446,0.2651190643352072,Low,360
IND_S3_20260414_I261,India,2026-04-14,2026-04-14T04:34:57+00:00,isolated,-1,22.270271,76.91827,1,1.0,17.99979,17.99979,17.99979,0.71,0.0,0.71,0.71,high,Sentinel-3_SLSTR_FRP,1,S3B_SL_2_FRP____20260414T043457_20260414T043957_20260414T063016_0299_119_033______MAR_O_NR_003.SEN3,0.08022047696376117,0.1267581233267312,0.0,0.09883553550894918,0.26241776775447456,Low,360
IND_S3_20260414_I110,India,2026-04-14,2026-04-14T05:14:13+00:00,isolated,-1,23.193048,73.80574,1,1.0,12.795676,12.795676,12.795676,0.8,0.0,0.8,0.8,high,Sentinel-3_SLSTR_FRP,1,S3A_SL_2_FRP____20260414T051413_20260414T051913_20260414T070945_0299_138_176______MAR_O_NR_003.SEN3,0.033211917836630404,0.05247887492559578,0.0,0.040918700672216556,0.2604593503361083,Low,360
IND_S3_20260414_I223,India,2026-04-14,2026-04-14T04:34:57+00:00,isolated,-1,25.004396,85.75487,1,1.0,12.245783,12.245783,12.245783,0.81,0.0,0.81,0.81,high,Sentinel-3_SLSTR_FRP,1,S3B_SL_2_FRP____20260414T043457_20260414T043957_20260414T063016_0299_119_033______MAR_O_NR_003.SEN3,0.027237903996077388,0.04303920550679514,0.0,0.03355842460036449,0.25977921230018225,Low,360
IND_S3_20260414_I053,India,2026-04-14,2026-04-14T05:09:13+00:00,isolated,-1,24.831282,73.60556,1,1.0,12.676506,12.676506,12.676506,0.8,0.0,0.8,0.8,high,Sentinel-3_SLSTR_FRP,1,S3A_SL_2_FRP____20260414T050913_20260414T051413_20260414T071110_0299_138_176______MAR_O_NR_003.SEN3,0.03193772609002638,0.050465496787356866,0.0,0.03934883436895857,0.25967441718447926,Low,360
IND_S3_20260414_I182,India,2026-04-14,2026-04-14T16:23:21+00:00,isolated,-1,23.738369,76.74384,1,1.0,11.334594,11.334594,11.334594,0.82,0.0,0.82,0.82,high,Sentinel-3_SLSTR_FRP,1,S3A_SL_2_FRP____20260414T162321_20260414T162821_20260414T184823_0299_138_183______MAR_O_NR_003.SEN3,0.016770389051614657,0.026499257098684857,0.0,0.020661936270442736,0.2563309681352213,Low,360
IND_S3_20260414_I078,India,2026-04-14,2026-04-14T05:14:13+00:00,isolated,-1,23.847507,75.14534,1,1.0,11.302446,11.302446,11.302446,0.82,0.0,0.82,0.82,high,Sentinel-3_SLSTR_FRP,1,S3A_SL_2_FRP____20260414T051413_20260414T051913_20260414T070945_0299_138_176______MAR_O_NR_003.SEN3,0.016387102168720444,0.025893617144769218,0.0,0.020189708159139955,0.25609485407956994,Low,360
IND_S3_20260414_I156,India,2026-04-14,2026-04-14T05:14:13+00:00,isolated,-1,18.358383,75.24285,1,1.0,10.770102,10.770102,10.770102,0.83,0.0,0.83,0.83,high,Sentinel-3_SLSTR_FRP,1,S3A_SL_2_FRP____20260414T051413_20260414T051913_20260414T070945_0299_138_176______MAR_O_NR_003.SEN3,0.009890303752178533,0.015627884428109484,0.0,0.012185336022550914,0.25509266801127545,Low,360
IND_S3_20260414_I157,India,2026-04-14,2026-04-14T05:14:13+00:00,isolated,-1,18.461115,73.58113,1,1.0,11.440196,11.440196,11.440196,0.81,0.0,0.81,0.81,high,Sentinel-3_SLSTR_FRP,1,S3A_SL_2_FRP____20260414T051413_20260414T051913_20260414T070945_0299_138_176______MAR_O_NR_003.SEN3,0.018022443083065904,0.028477654950920552,0.0,0.022204527830207765,0.2541022639151039,Low,360
IND_S3_20260414_I240,India,2026-04-14,2026-04-14T04:34:57+00:00,isolated,-1,23.879417,79.2059,1,1.0,14.012927,14.012927,14.012927,0.75,0.0,0.75,0.75,high,Sentinel-3_SLSTR_FRP,1,S3B_SL_2_FRP____20260414T043457_20260414T043957_20260414T063016_0299_119_033______MAR_O_NR_003.SEN3,0.04563058169729215,0.07210187624375171,0.0,0.056219099515875975,0.253109549757938,Low,360
IND_S3_20260414_I195,India,2026-04-14,2026-04-14T16:23:21+00:00,isolated,-1,27.029556,83.62215,1,1.0,12.05162,12.05162,12.05162,0.79,0.0,0.79,0.79,high,Sentinel-3_SLSTR_FRP,1,S3A_SL_2_FRP____20260414T162321_20260414T162821_20260414T184823_0299_138_183______MAR_O_NR_003.SEN3,0.02506910260606011,0.03961223518111152,0.0,0.03088635563608067,0.2524431778180403,Low,360
IND_S3_20260414_I209,India,2026-04-14,2026-04-14T04:29:57+00:00,isolated,-1,27.262774,83.39088,1,1.0,12.9235115,12.9235115,12.9235115,0.77,0.0,0.77,0.77,high,Sentinel-3_SLSTR_FRP,1,S3B_SL_2_FRP____20260414T042957_20260414T043457_20260414T063013_0299_119_033______MAR_O_NR_003.SEN3,0.034566584166310727,0.05461941270576579,0.0,0.042587715582092754,0.25229385779104635,Low,360
IND_S3_20260414_I043,India,2026-04-14,2026-04-14T05:09:13+00:00,isolated,-1,25.598057,77.10856,1,1.0,11.92486,11.92486,11.92486,0.79,0.0,0.79,0.79,high,Sentinel-3_SLSTR_FRP,1,S3A_SL_2_FRP____20260414T050913_20260414T051413_20260414T071110_0299_138_176______MAR_O_NR_003.SEN3,0.023635714962548467,0.03734730813794098,0.0,0.029120352232705475,0.25156017611635273,Low,360
IND_S3_20260414_I118,India,2026-04-14,2026-04-14T05:14:13+00:00,isolated,-1,21.624247,79.00353,1,1.0,11.892903,11.892903,11.892903,0.78,0.0,0.78,0.78,high,Sentinel-3_SLSTR_FRP,1,S3A_SL_2_FRP____20260414T051413_20260414T051913_20260414T070945_0299_138_176______MAR_O_NR_003.SEN3,0.02327213001595932,0.03677279964280563,0.0,0.028672397866697844,0.2483361989333489,Low,360
IND_S3_20260414_I159,India,2026-04-14,2026-04-14T05:14:13+00:00,isolated,-1,18.074144,73.44076,1,1.0,10.993175,10.993175,10.993175,0.79,0.0,0.79,0.79,high,Sentinel-3_SLSTR_FRP,1,S3A_SL_2_FRP____20260414T051413_20260414T051913_20260414T070945_0299_138_176______MAR_O_NR_003.SEN3,0.012647779580157888,0.019985032058026785,0.0,0.015582680571305447,0.24479134028565272,Low,360
IND_S3_20260414_I276,India,2026-04-14,2026-04-14T04:34:57+00:00,isolated,-1,17.472557,80.91678,1,1.0,14.988823,14.988823,14.988823,0.7,0.0,0.7,0.7,high,Sentinel-3_SLSTR_FRP,1,S3B_SL_2_FRP____20260414T043457_20260414T043957_20260414T063016_0299_119_033______MAR_O_NR_003.SEN3,0.05488010004286338,0.08671724169078618,0.0,0.06761495670203249,0.24380747835101624,Low,360
IND_S3_20260414_I229,India,2026-04-14,2026-04-14T04:34:57+00:00,isolated,-1,24.80905,79.68438,1,1.0,12.530912,12.530912,12.530912,0.75,0.0,0.75,0.75,high,Sentinel-3_SLSTR_FRP,1,S3B_SL_2_FRP____20260414T043457_20260414T043957_20260414T063016_0299_119_033______MAR_O_NR_003.SEN3,0.03036584903788676,0.04798173961249512,0.0,0.037412205267730106,0.24370610263386502,Low,360
IND_S3_20260414_I216,India,2026-04-14,2026-04-14T04:34:57+00:00,isolated,-1,26.659277,81.67639,1,1.0,11.999759,11.999759,11.999759,0.76,0.0,0.76,0.76,high,Sentinel-3_SLSTR_FRP,1,S3B_SL_2_FRP____20260414T043457_20260414T043957_20260414T063016_0299_119_033______MAR_O_NR_003.SEN3,0.02448435423246037,0.03868826153670966,0.0,0.030165917154160084,0.24308295857708,Low,360
IND_S3_20260414_I232,India,2026-04-14,2026-04-14T04:34:57+00:00,isolated,-1,24.380455,80.80252,1,1.0,11.55114,11.55114,11.55114,0.77,0.0,0.77,0.77,high,Sentinel-3_SLSTR_FRP,1,S3B_SL_2_FRP____20260414T043457_20260414T043957_20260414T063016_0299_119_033______MAR_O_NR_003.SEN3,0.01932643673958116,0.030538123736272012,0.0,0.023811111538257504,0.24290555576912873,Low,360
IND_S3_20260414_I021,India,2026-04-14,2026-04-14T03:31:44+00:00,isolated,-1,19.22276,97.54576,1,1.0,14.797955,14.797955,14.797955,0.7,0.0,0.7,0.7,high,Sentinel-3_SLSTR_FRP,1,S3A_SL_2_FRP____20260414T033144_20260414T033644_20260414T052840_0299_138_175______MAR_O_NR_003.SEN3,0.053116296896715036,0.08393021791349617,0.0,0.0654418653034275,0.24272093265171374,Low,360
IND_S3_20260414_I283,India,2026-04-14,2026-04-14T04:34:57+00:00,isolated,-1,13.150403,78.95212,1,1.0,18.190418,18.190418,18.190418,0.64,0.0,0.64,0.64,medium,Sentinel-3_SLSTR_FRP,1,S3B_SL_2_FRP____20260414T043457_20260414T043957_20260414T063016_0299_119_033______MAR_O_NR_003.SEN3,0.0816866882354943,0.1290749156999472,0.0,0.10064197922127546,0.24232098961063775,Low,360
IND_S3_20260414_I263,India,2026-04-14,2026-04-14T04:34:57+00:00,isolated,-1,21.296112,80.703094,1,1.0,14.020184,14.020184,14.020184,0.71,0.0,0.71,0.71,high,Sentinel-3_SLSTR_FRP,1,S3B_SL_2_FRP____20260414T043457_20260414T043957_20260414T063016_0299_119_033______MAR_O_NR_003.SEN3,0.045701558280643255,0.07221402788939442,0.0,0.05630654612414372,0.24115327306207185,Low,360
IND_S3_20260414_C039,India,2026-04-14,2026-04-14T04:29:57+00:00,clustered,39,28.53764766666667,82.076212,3,1.2080882014703993,12.852740666666667,17.356848,38.558222,0.4166666666666667,0.0,0.0,0.73,high,Sentinel-3_SLSTR_FRP,1,S3B_SL_2_FRP____20260414T042957_20260414T043457_20260414T063013_0299_119_033______MAR_O_NR_003.SEN3,0.1879257571537731,0.11876906227101887,0.16207652439312228,0.1602630792006714,0.23754684447896016,Low,360
IND_S3_20260414_I150,India,2026-04-14,2026-04-14T05:14:13+00:00,isolated,-1,19.066998,77.13297,1,1.0,11.525799,11.525799,11.525799,0.75,0.0,0.75,0.75,high,Sentinel-3_SLSTR_FRP,1,S3A_SL_2_FRP____20260414T051413_20260414T051913_20260414T070945_0299_138_176______MAR_O_NR_003.SEN3,0.019029606835001107,0.030069096337334747,0.0,0.023445402635934566,0.23672270131796727,Low,360
IND_S3_20260414_I030,India,2026-04-14,2026-04-14T03:31:44+00:00,isolated,-1,16.626509,95.50021,1,1.0,13.138811,13.138811,13.138811,0.71,0.0,0.71,0.71,high,Sentinel-3_SLSTR_FRP,1,S3A_SL_2_FRP____20260414T033144_20260414T033644_20260414T052840_0299_138_175______MAR_O_NR_003.SEN3,0.03682023282306838,0.05818045204610102,0.0,0.04536432051228144,0.23568216025614072,Low,360
IND_S3_20260414_I010,India,2026-04-14,2026-04-14T03:31:44+00:00,isolated,-1,22.73464,93.76762,1,1.0,19.136786,19.136786,19.136786,0.6,0.0,0.6,0.6,medium,Sentinel-3_SLSTR_FRP,1,S3A_SL_2_FRP____20260414T033144_20260414T033644_20260414T052840_0299_138_175______MAR_O_NR_003.SEN3,0.0887565204292162,0.14024611157199277,0.0,0.10935235688632683,0.2346761784431634,Low,360
IND_S3_20260414_I149,India,2026-04-14,2026-04-14T05:14:13+00:00,isolated,-1,19.437435,75.49971,1,1.0,11.980476,11.980476,11.980476,0.73,0.0,0.73,0.73,high,Sentinel-3_SLSTR_FRP,1,S3A_SL_2_FRP____20260414T051413_20260414T051913_20260414T070945_0299_138_176______MAR_O_NR_003.SEN3,0.024266337470468333,0.03834376850139194,0.0,0.02989730988283778,0.2339486549414189,Low,360
IND_S3_20260414_I211,India,2026-04-14,2026-04-14T04:29:57+00:00,isolated,-1,26.90113,83.283104,1,1.0,11.370189,11.370189,11.370189,0.74,0.0,0.74,0.74,high,Sentinel-3_SLSTR_FRP,1,S3B_SL_2_FRP____20260414T042957_20260414T043457_20260414T063013_0299_119_033______MAR_O_NR_003.SEN3,0.017193609393356,0.02716799678091169,0.0,0.021183364348378274,0.23259168217418913,Low,360
IND_S3_20260414_I264,India,2026-04-14,2026-04-14T04:34:57+00:00,isolated,-1,20.886562,81.32812,1,1.0,11.3094425,11.3094425,11.3094425,0.74,0.0,0.74,0.74,high,Sentinel-3_SLSTR_FRP,1,S3B_SL_2_FRP____20260414T043457_20260414T043957_20260414T063016_0299_119_033______MAR_O_NR_003.SEN3,0.016470603652069028,0.026025559657764326,0.0,0.020292586054347146,0.23214629302717357,Low,360
IND_S3_20260414_I124,India,2026-04-14,2026-04-14T05:14:13+00:00,isolated,-1,22.192053,75.85019,1,1.0,10.047086,10.047086,10.047086,0.77,0.0,0.77,0.77,high,Sentinel-3_SLSTR_FRP,1,S3A_SL_2_FRP____20260414T051413_20260414T051913_20260414T070945_0299_138_176______MAR_O_NR_003.SEN3,0.0005794503996449334,0.0009156022003346665,0.0,0.0007139111199208265,0.2313569555599604,Low,360
IND_S3_20260414_I026,India,2026-04-14,2026-04-14T03:31:44+00:00,isolated,-1,17.10146,96.7616,1,1.0,11.133411,11.133411,11.133411,0.74,0.0,0.74,0.74,high,Sentinel-3_SLSTR_FRP,1,S3A_SL_2_FRP____20260414T033144_20260414T033644_20260414T052840_0299_138_175______MAR_O_NR_003.SEN3,0.014355146308341386,0.022682879421771683,0.0,0.017686239553713505,0.23084311977685676,Low,360
IND_S3_20260414_I281,India,2026-04-14,2026-04-14T04:34:57+00:00,isolated,-1,14.280273,78.85472,1,1.0,12.817319,12.817319,12.817319,0.7,0.0,0.7,0.7,high,Sentinel-3_SLSTR_FRP,1,S3B_SL_2_FRP____20260414T043457_20260414T043957_20260414T063016_0299_119_033______MAR_O_NR_003.SEN3,0.033442148048618406,0.052842666699333275,0.0,0.04120235550890435,0.23060117775445216,Low,360
IND_S3_20260414_I273,India,2026-04-14,2026-04-14T04:34:57+00:00,isolated,-1,18.557901,80.63014,1,1.0,13.454613,13.454613,13.454613,0.68,0.0,0.68,0.68,high,Sentinel-3_SLSTR_FRP,1,S3B_SL_2_FRP____20260414T043457_20260414T043957_20260414T063016_0299_119_033______MAR_O_NR_003.SEN3,0.040064560046612574,0.06330688417265222,0.0,0.04936148969702843,0.22868074484851422,Low,360
IND_S3_20260414_I027,India,2026-04-14,2026-04-14T03:31:44+00:00,isolated,-1,16.902948,96.01801,1,1.0,12.914431,12.914431,12.914431,0.69,0.0,0.69,0.69,high,Sentinel-3_SLSTR_FRP,1,S3A_SL_2_FRP____20260414T033144_20260414T033644_20260414T052840_0299_138_175______MAR_O_NR_003.SEN3,0.03447076973550754,0.05446801423624888,0.0,0.04246966753580408,0.22823483376790202,Low,360
IND_S3_20260414_I069,India,2026-04-14,2026-04-14T05:14:13+00:00,isolated,-1,24.042364,75.07236,1,1.0,10.166844,10.166844,10.166844,0.75,0.0,0.75,0.75,high,Sentinel-3_SLSTR_FRP,1,S3A_SL_2_FRP____20260414T051413_20260414T051913_20260414T070945_0299_138_176______MAR_O_NR_003.SEN3,0.002163036285468669,0.0034178607583883022,0.0,0.002664966074636522,0.22633248303731823,Low,360
IND_S3_20260414_I014,India,2026-04-14,2026-04-14T03:31:44+00:00,isolated,-1,21.562923,97.30263,1,1.0,14.519325,14.519325,14.519325,0.65,0.0,0.65,0.65,medium,Sentinel-3_SLSTR_FRP,1,S3A_SL_2_FRP____20260414T033144_20260414T033644_20260414T052840_0299_138_175______MAR_O_NR_003.SEN3,0.05050285061089331,0.07980065450095714,0.0,0.06222197216691884,0.22611098608345942,Low,360
IND_S3_20260414_I154,India,2026-04-14,2026-04-14T05:14:13+00:00,isolated,-1,19.397205,73.23938,1,1.0,10.126314,10.126314,10.126314,0.75,0.0,0.75,0.75,high,Sentinel-3_SLSTR_FRP,1,S3A_SL_2_FRP____20260414T051413_20260414T051913_20260414T070945_0299_138_176______MAR_O_NR_003.SEN3,0.0016290086063777002,0.0025740319883763713,0.0,0.0020070179591771685,0.22600350897958857,Low,360
IND_S3_20260414_I279,India,2026-04-14,2026-04-14T04:34:57+00:00,isolated,-1,16.33625,78.96376,1,1.0,12.527692,12.527692,12.527692,0.69,0.0,0.69,0.69,high,Sentinel-3_SLSTR_FRP,1,S3B_SL_2_FRP____20260414T043457_20260414T043957_20260414T063016_0299_119_033______MAR_O_NR_003.SEN3,0.03033089408137351,0.04792650652418291,0.0,0.03736913905849727,0.22568456952924862,Low,360
IND_S3_20260414_I302,India,2026-04-14,2026-04-14T15:40:11+00:00,isolated,-1,18.077244,97.690926,1,1.0,12.395628,12.395628,12.395628,0.69,0.0,0.69,0.69,high,Sentinel-3_SLSTR_FRP,1,S3B_SL_2_FRP____20260414T154011_20260414T154511_20260414T163636_0299_119_040______MAR_O_NR_003.SEN3,0.02889004797720423,0.045649794204837876,0.0,0.035593946468257684,0.22479697323412884,Low,360
IND_S3_20260414_I035,India,2026-04-14,2026-04-14T05:09:13+00:00,isolated,-1,31.34727,72.23429,1,1.0,15.252993,15.252993,15.252993,0.63,0.0,0.63,0.63,medium,Sentinel-3_SLSTR_FRP,1,S3A_SL_2_FRP____20260414T050913_20260414T051413_20260414T071110_0299_138_176______MAR_O_NR_003.SEN3,0.05728685568647892,0.09052020871663097,0.0,0.07058019689853974,0.22429009844926986,Low,360
IND_S3_20260414_I163,India,2026-04-14,2026-04-14T05:14:13+00:00,isolated,-1,13.222337,75.83631,1,1.0,13.077076,13.077076,13.077076,0.67,0.0,0.67,0.67,high,Sentinel-3_SLSTR_FRP,1,S3A_SL_2_FRP____20260414T051413_20260414T051913_20260414T070945_0299_138_176______MAR_O_NR_003.SEN3,0.03617754996351366,0.05716493485828606,0.0,0.04457250392142262,0.22328625196071133,Low,360
IND_S3_20260414_I188,India,2026-04-14,2026-04-14T16:23:21+00:00,isolated,-1,24.333801,75.71209,1,1.0,10.531801,10.531801,10.531801,0.73,0.0,0.73,0.73,high,Sentinel-3_SLSTR_FRP,1,S3A_SL_2_FRP____20260414T162321_20260414T162821_20260414T184823_0299_138_183______MAR_O_NR_003.SEN3,0.006886248647148846,0.0108811115105704,0.0,0.008484193792517468,0.22324209689625873,Low,360
IND_S3_20260414_I117,India,2026-04-14,2026-04-14T05:14:13+00:00,isolated,-1,21.560362,79.356865,1,1.0,12.3353,12.3353,12.3353,0.68,0.0,0.68,0.68,high,Sentinel-3_SLSTR_FRP,1,S3A_SL_2_FRP____20260414T051413_20260414T051913_20260414T070945_0299_138_176______MAR_O_NR_003.SEN3,0.028227123723682492,0.04460229314943839,0.0,0.03477719149398485,0.22138859574699243,Low,360
IND_S3_20260414_I251,India,2026-04-14,2026-04-14T04:34:57+00:00,isolated,-1,22.027697,82.82713,1,1.0,10.660189,10.660189,10.660189,0.72,0.0,0.72,0.72,high,Sentinel-3_SLSTR_FRP,1,S3B_SL_2_FRP____20260414T043457_20260414T043957_20260414T063016_0299_119_033______MAR_O_NR_003.SEN3,0.00851235570294606,0.013450558695661618,0.0,0.010487636900032283,0.22124381845001614,Low,360
IND_S3_20260414_I114,India,2026-04-14,2026-04-14T05:14:13+00:00,isolated,-1,22.197512,77.84917,1,1.0,10.547639,10.547639,10.547639,0.72,0.0,0.72,0.72,high,Sentinel-3_SLSTR_FRP,1,S3A_SL_2_FRP____20260414T051413_20260414T051913_20260414T070945_0299_138_176______MAR_O_NR_003.SEN3,0.007087822139018131,0.011199622176535515,0.0,0.008732542154025084,0.22036627107701254,Low,360
IND_S3_20260414_I131,India,2026-04-14,2026-04-14T05:14:13+00:00,isolated,-1,22.189028,73.301254,1,1.0,11.181245,11.181245,11.181245,0.7,0.0,0.7,0.7,high,Sentinel-3_SLSTR_FRP,1,S3A_SL_2_FRP____20260414T051413_20260414T051913_20260414T070945_0299_138_176______MAR_O_NR_003.SEN3,0.014933012663013065,0.023595978638134247,0.0,0.01839819905306154,0.21919909952653077,Low,360
IND_S3_20260414_I192,India,2026-04-14,2026-04-14T16:23:21+00:00,isolated,-1,24.859411,76.37169,1,1.0,10.003772,10.003772,10.003772,0.73,0.0,0.73,0.73,high,Sentinel-3_SLSTR_FRP,1,S3A_SL_2_FRP____20260414T162321_20260414T162821_20260414T184823_0299_138_183______MAR_O_NR_003.SEN3,2.469233040850762e-06,3.901688922343269e-06,0.0,3.042215393447765e-06,0.21900152110769672,Low,360
IND_S3_20260414_I189,India,2026-04-14,2026-04-14T16:23:21+00:00,isolated,-1,24.923994,77.127335,1,1.0,10.166368,10.166368,10.166368,0.72,0.0,0.72,0.72,high,Sentinel-3_SLSTR_FRP,1,S3A_SL_2_FRP____20260414T162321_20260414T162821_20260414T184823_0299_138_183______MAR_O_NR_003.SEN3,0.002156775713050806,0.0034079682915185545,0.0,0.002657252744437905,0.21732862637221895,Low,360
IND_S3_20260414_I204,India,2026-04-14,2026-04-14T04:29:57+00:00,isolated,-1,28.276499,82.24881,1,1.0,15.471337,15.471337,15.471337,0.6,0.0,0.6,0.6,medium,Sentinel-3_SLSTR_FRP,1,S3B_SL_2_FRP____20260414T042957_20260414T043457_20260414T063013_0299_119_033______MAR_O_NR_003.SEN3,0.059246761597624986,0.09361709874517156,0.0,0.07299489645664362,0.2164974482283218,Low,360
IND_S3_20260414_I269,India,2026-04-14,2026-04-14T04:34:57+00:00,isolated,-1,19.271759,80.8094,1,1.0,12.4333515,12.4333515,12.4333515,0.65,0.0,0.65,0.65,medium,Sentinel-3_SLSTR_FRP,1,S3B_SL_2_FRP____20260414T043457_20260414T043957_20260414T063016_0299_119_033______MAR_O_NR_003.SEN3,0.02930306351641966,0.04630240905627258,0.0,0.03610280173236083,0.2130514008661804,Low,360
IND_S3_20260414_I221,India,2026-04-14,2026-04-14T04:34:57+00:00,isolated,-1,24.896353,87.607475,1,1.0,12.800093,12.800093,12.800093,0.64,0.0,0.64,0.64,medium,Sentinel-3_SLSTR_FRP,1,S3B_SL_2_FRP____20260414T043457_20260414T043957_20260414T063016_0299_119_033______MAR_O_NR_003.SEN3,0.03325893356638006,0.05255316550445378,0.0,0.04097662634160955,0.21248831317080477,Low,360
IND_S3_20260414_I146,India,2026-04-14,2026-04-14T05:14:13+00:00,isolated,-1,19.388332,77.04549,1,1.0,10.107716,10.107716,10.107716,0.7,0.0,0.7,0.7,high,Sentinel-3_SLSTR_FRP,1,S3A_SL_2_FRP____20260414T051413_20260414T051913_20260414T070945_0299_138_176______MAR_O_NR_003.SEN3,0.0013833078821469794,0.0021857949212049288,0.0,0.0017043026977701593,0.21085215134888508,Low,360
IND_S3_20260414_I006,India,2026-04-14,2026-04-14T03:31:44+00:00,isolated,-1,22.786242,97.26619,1,1.0,15.352168,15.352168,15.352168,0.58,0.0,0.58,0.58,medium,Sentinel-3_SLSTR_FRP,1,S3A_SL_2_FRP____20260414T033144_20260414T033644_20260414T052840_0299_138_175______MAR_O_NR_003.SEN3,0.05818031643679637,0.0919319855130653,0.0,0.07168098406730394,0.20984049203365196,Low,360
IND_S3_20260414_I162,India,2026-04-14,2026-04-14T05:14:13+00:00,isolated,-1,13.537956,76.28472,1,1.0,12.083907,12.083907,12.083907,0.64,0.0,0.64,0.64,medium,Sentinel-3_SLSTR_FRP,1,S3A_SL_2_FRP____20260414T051413_20260414T051913_20260414T070945_0299_138_176______MAR_O_NR_003.SEN3,0.025431975837508648,0.04018561907964782,0.0,0.03133343313436432,0.20766671656718216,Low,360
IND_S3_20260414_I208,India,2026-04-14,2026-04-14T04:29:57+00:00,isolated,-1,27.590399,82.051704,1,1.0,10.221023,10.221023,10.221023,0.68,0.0,0.68,0.68,high,Sentinel-3_SLSTR_FRP,1,S3B_SL_2_FRP____20260414T042957_20260414T043457_20260414T063013_0299_119_033______MAR_O_NR_003.SEN3,0.0028738853458709144,0.004541088845225324,0.0,0.0035407667456126782,0.20577038337280634,Low,360
IND_S3_20260414_I002,India,2026-04-14,2026-04-14T03:31:44+00:00,isolated,-1,23.770418,96.1621,1,1.0,14.597195,14.597195,14.597195,0.58,0.0,0.58,0.58,medium,Sentinel-3_SLSTR_FRP,1,S3A_SL_2_FRP____20260414T033144_20260414T033644_20260414T052840_0299_138_175______MAR_O_NR_003.SEN3,0.05123793692997167,0.08096218040825909,0.0,0.06312763432128664,0.20556381716064331,Low,360
IND_S3_20260414_I249,India,2026-04-14,2026-04-14T04:34:57+00:00,isolated,-1,22.96454,79.519875,1,1.0,11.748985,11.748985,11.748985,0.64,0.0,0.64,0.64,medium,Sentinel-3_SLSTR_FRP,1,S3B_SL_2_FRP____20260414T043457_20260414T043957_20260414T063016_0299_119_033______MAR_O_NR_003.SEN3,0.0216234819563451,0.03416773492650683,0.0,0.026641183144409792,0.2053205915722049,Low,360
IND_S3_20260414_I128,India,2026-04-14,2026-04-14T05:14:13+00:00,isolated,-1,22.99598,70.21661,1,1.0,15.045532,15.045532,15.045532,0.57,0.0,0.57,0.57,medium,Sentinel-3_SLSTR_FRP,1,S3A_SL_2_FRP____20260414T051413_20260414T051913_20260414T070945_0299_138_176______MAR_O_NR_003.SEN3,0.055400089738969475,0.08753888873805345,0.0,0.06825560933860306,0.20512780466930153,Low,360
IND_S3_20260414_I143,India,2026-04-14,2026-04-14T05:14:13+00:00,isolated,-1,19.289455,78.56911,1,1.0,10.342658,10.342658,10.342658,0.67,0.0,0.67,0.67,high,Sentinel-3_SLSTR_FRP,1,S3A_SL_2_FRP____20260414T051413_20260414T051913_20260414T070945_0299_138_176______MAR_O_NR_003.SEN3,0.004457359920854567,0.007043171518595537,0.0,0.0054916845599509555,0.2037458422799755,Low,360
IND_S3_20260414_I147,India,2026-04-14,2026-04-14T05:14:13+00:00,isolated,-1,19.467588,75.87873,1,1.0,10.609406,10.609406,10.609406,0.65,0.0,0.65,0.65,medium,Sentinel-3_SLSTR_FRP,1,S3A_SL_2_FRP____20260414T051413_20260414T051913_20260414T070945_0299_138_176______MAR_O_NR_003.SEN3,0.007871310732167935,0.012437629571585458,0.0,0.009697838267934945,0.1998489191339675,Low,360
IND_S3_20260414_I037,India,2026-04-14,2026-04-14T05:09:13+00:00,isolated,-1,29.13481,78.93862,1,1.0,10.135591,10.135591,10.135591,0.66,0.0,0.66,0.66,medium,Sentinel-3_SLSTR_FRP,1,S3A_SL_2_FRP____20260414T050913_20260414T051413_20260414T071110_0299_138_176______MAR_O_NR_003.SEN3,0.0017514148402138548,0.0027674487451923796,0.0,0.002157828402205265,0.19907891420110263,Low,360
IND_S3_20260414_I089,India,2026-04-14,2026-04-14T05:14:13+00:00,isolated,-1,22.696934,78.64189,1,1.0,10.611531,10.611531,10.611531,0.64,0.0,0.64,0.64,medium,Sentinel-3_SLSTR_FRP,1,S3A_SL_2_FRP____20260414T051413_20260414T051913_20260414T070945_0299_138_176______MAR_O_NR_003.SEN3,0.00789819124033572,0.012480104048157777,0.0,0.009730956363464544,0.19686547818173228,Low,360
IND_S3_20260414_I025,India,2026-04-14,2026-04-14T03:31:44+00:00,isolated,-1,17.658855,94.91703,1,1.0,12.67989,12.67989,12.67989,0.59,0.0,0.59,0.59,medium,Sentinel-3_SLSTR_FRP,1,S3A_SL_2_FRP____20260414T033144_20260414T033644_20260414T052840_0299_138_175______MAR_O_NR_003.SEN3,0.031974061474009594,0.05052291111918823,0.0,0.03939360133208105,0.1966968006660405,Low,360
IND_S3_20260414_I016,India,2026-04-14,2026-04-14T03:31:44+00:00,isolated,-1,21.936623,93.345726,1,1.0,17.807606,17.807606,17.807606,0.49,0.0,0.49,0.49,medium,Sentinel-3_SLSTR_FRP,1,S3A_SL_2_FRP____20260414T033144_20260414T033644_20260414T052840_0299_138_175______MAR_O_NR_003.SEN3,0.07872733025256527,0.12439876967880696,0.0,0.09699590602306195,0.19549795301153097,Low,360
IND_S3_20260414_I038,India,2026-04-14,2026-04-14T05:09:13+00:00,isolated,-1,28.794636,80.42605,1,1.0,13.799251,13.799251,13.799251,0.56,0.0,0.56,0.56,medium,Sentinel-3_SLSTR_FRP,1,S3A_SL_2_FRP____20260414T050913_20260414T051413_20260414T071110_0299_138_176______MAR_O_NR_003.SEN3,0.043525214967143296,0.06877514040610813,0.0,0.05362518514272923,0.19481259257136463,Low,360
IND_S3_20260414_I272,India,2026-04-14,2026-04-14T04:34:57+00:00,isolated,-1,18.670856,80.91099,1,1.0,11.469821,11.469821,11.469821,0.6,0.0,0.6,0.6,medium,Sentinel-3_SLSTR_FRP,1,S3B_SL_2_FRP____20260414T043457_20260414T043957_20260414T063016_0299_119_033______MAR_O_NR_003.SEN3,0.01837177866154872,0.029029647709075596,0.0,0.02263492628055947,0.19131746314027973,Low,360
IND_S3_20260414_I011,India,2026-04-14,2026-04-14T03:31:44+00:00,isolated,-1,22.431581,93.714165,1,1.0,15.386944,15.386944,15.386944,0.51,0.0,0.51,0.51,medium,Sentinel-3_SLSTR_FRP,1,S3A_SL_2_FRP____20260414T033144_20260414T033644_20260414T052840_0299_138_175______MAR_O_NR_003.SEN3,0.058492328348293814,0.09242500233188662,0.0,0.07206539794173093,0.18903269897086547,Low,360
IND_S3_20260414_C038,India,2026-04-14,2026-04-14T04:29:57+00:00,clustered,38,30.751975333333334,81.32706166666667,3,1.3710485175339282,13.410141000000001,16.388454,40.230423,0.25,0.0,0.0,0.75,low,Sentinel-3_SLSTR_FRP,1,S3B_SL_2_FRP____20260414T042957_20260414T043457_20260414T063013_0299_119_033______MAR_O_NR_003.SEN3,0.19400652560856213,0.10619173842514498,0.16207652439312228,0.15888061073519527,0.18685561024622208,Low,360
IND_S3_20260414_I270,India,2026-04-14,2026-04-14T04:34:57+00:00,isolated,-1,18.625826,83.02801,1,1.0,11.116751,11.116751,11.116751,0.58,0.0,0.58,0.58,medium,Sentinel-3_SLSTR_FRP,1,S3B_SL_2_FRP____20260414T043457_20260414T043957_20260414T063016_0299_119_033______MAR_O_NR_003.SEN3,0.014153347452073826,0.022364012652611086,0.0,0.01743761353228873,0.18271880676614435,Low,360
IND_S3_20260414_I267,India,2026-04-14,2026-04-14T04:34:57+00:00,isolated,-1,19.608927,80.94982,1,1.0,10.359068,10.359068,10.359068,0.55,0.0,0.55,0.55,medium,Sentinel-3_SLSTR_FRP,1,S3B_SL_2_FRP____20260414T043457_20260414T043957_20260414T063016_0299_119_033______MAR_O_NR_003.SEN3,0.004669688306770654,0.007378676226949184,0.0,0.005753283474842066,0.16787664173742103,Low,360
IND_S3_20260414_I007,India,2026-04-14,2026-04-14T03:31:44+00:00,isolated,-1,22.759846,97.1554,1,1.0,13.149021,13.149021,13.149021,0.47,0.0,0.47,0.47,medium,Sentinel-3_SLSTR_FRP,1,S3A_SL_2_FRP____20260414T033144_20260414T033644_20260414T052840_0299_138_175______MAR_O_NR_003.SEN3,0.03692625198726055,0.05834797523716529,0.0,0.04549494128722245,0.16374747064361123,Low,360
IND_S3_20260414_I220,India,2026-04-14,2026-04-14T04:34:57+00:00,isolated,-1,25.031857,87.37782,1,1.0,10.577067,10.577067,10.577067,0.53,0.0,0.53,0.53,medium,Sentinel-3_SLSTR_FRP,1,S3B_SL_2_FRP____20260414T043457_20260414T043957_20260414T063016_0299_119_033______MAR_O_NR_003.SEN3,0.007461625361570253,0.011790276792134425,0.0,0.009193085933795923,0.16359654296689796,Low,360
IND_S3_20260414_I277,India,2026-04-14,2026-04-14T04:34:57+00:00,isolated,-1,17.253006,80.019226,1,1.0,10.420985,10.420985,10.420985,0.52,0.0,0.52,0.52,medium,Sentinel-3_SLSTR_FRP,1,S3B_SL_2_FRP____20260414T043457_20260414T043957_20260414T063016_0299_119_033______MAR_O_NR_003.SEN3,0.005468077269301852,0.008640228020276811,0.0,0.0067369375696918355,0.15936846878484592,Low,360
IND_S3_20260414_I203,India,2026-04-14,2026-04-14T04:29:57+00:00,isolated,-1,28.38818,81.585014,1,1.0,11.186306,11.186306,11.186306,0.48,0.0,0.48,0.48,medium,Sentinel-3_SLSTR_FRP,1,S3B_SL_2_FRP____20260414T042957_20260414T043457_20260414T063013_0299_119_033______MAR_O_NR_003.SEN3,0.014994020094254991,0.023692377809342174,0.0,0.018473363180289866,0.15323668159014492,Low,360
IND_S3_20260414_I013,India,2026-04-14,2026-04-14T03:31:44+00:00,isolated,-1,21.537659,97.487526,1,1.0,11.001557,11.001557,11.001557,0.48,0.0,0.48,0.48,medium,Sentinel-3_SLSTR_FRP,1,S3A_SL_2_FRP____20260414T033144_20260414T033644_20260414T052840_0299_138_175______MAR_O_NR_003.SEN3,0.012750389665735695,0.020147168489702622,0.0,0.015709101195322466,0.15185455059766123,Low,360
IND_S3_20260414_I020,India,2026-04-14,2026-04-14T03:31:44+00:00,isolated,-1,21.385134,93.486145,1,1.0,13.447459,13.447459,13.447459,0.39,0.0,0.39,0.39,medium,Sentinel-3_SLSTR_FRP,1,S3A_SL_2_FRP____20260414T033144_20260414T033644_20260414T052840_0299_138_175______MAR_O_NR_003.SEN3,0.039991852708440113,0.06319199772361021,0.0,0.04927191071450815,0.14163595535725407,Low,360
IND_S3_20260414_I023,India,2026-04-14,2026-04-14T03:31:44+00:00,isolated,-1,19.158741,96.718544,1,1.0,11.787485,11.787485,11.787485,0.42,0.0,0.42,0.42,medium,Sentinel-3_SLSTR_FRP,1,S3A_SL_2_FRP____20260414T033144_20260414T033644_20260414T052840_0299_138_175______MAR_O_NR_003.SEN3,0.02206633381816968,0.03486749480130776,0.0,0.02718679821142491,0.13959339910571245,Low,360
IND_S3_20260414_I311,India,2026-04-14,2026-04-14T17:19:45+00:00,isolated,-1,9.739653,76.875946,1,1.0,49.07795,49.07795,49.07795,0.0,0.0,0.0,0.0,low,Sentinel-3_SLSTR_FRP,1,S3B_SL_2_FRP____20260414T171945_20260414T172445_20260414T181030_0299_119_040______MAR_O_NR_003.SEN3,0.22255838136250508,0.35166934702831776,0.0,0.2742027676288301,0.13710138381441506,Low,360
IND_S3_20260414_I022,India,2026-04-14,2026-04-14T03:31:44+00:00,isolated,-1,19.298466,96.88527,1,1.0,10.496507,10.496507,10.496507,0.42,0.0,0.42,0.42,medium,Sentinel-3_SLSTR_FRP,1,S3A_SL_2_FRP____20260414T033144_20260414T033644_20260414T052840_0299_138_175______MAR_O_NR_003.SEN3,0.006436056960216326,0.010169753818211624,0.0,0.007929535703414444,0.1299647678517072,Low,360
IND_S3_20260414_I278,India,2026-04-14,2026-04-14T04:34:57+00:00,isolated,-1,16.606432,81.23573,1,1.0,10.570155,10.570155,10.570155,0.41,0.0,0.41,0.41,medium,Sentinel-3_SLSTR_FRP,1,S3B_SL_2_FRP____20260414T043457_20260414T043957_20260414T063016_0299_119_033______MAR_O_NR_003.SEN3,0.007373912527273301,0.011651679831757675,0.0,0.00908501944906705,0.12754250972453351,Low,360
IND_S3_20260414_I008,India,2026-04-14,2026-04-14T03:31:44+00:00,isolated,-1,22.83198,96.62206,1,1.0,11.318045,11.318045,11.318045,0.37,0.0,0.37,0.37,medium,Sentinel-3_SLSTR_FRP,1,S3A_SL_2_FRP____20260414T033144_20260414T033644_20260414T052840_0299_138_175______MAR_O_NR_003.SEN3,0.016573207316329108,0.02618768594297613,0.0,0.02041899876698792,0.12120949938349396,Low,360
IND_S3_20260414_I009,India,2026-04-14,2026-04-14T03:31:44+00:00,isolated,-1,22.52882,96.37234,1,1.0,10.229949,10.229949,10.229949,0.39,0.0,0.39,0.39,medium,Sentinel-3_SLSTR_FRP,1,S3A_SL_2_FRP____20260414T033144_20260414T033644_20260414T052840_0299_138_175______MAR_O_NR_003.SEN3,0.0029906684558262345,0.004725620381492341,0.0,0.0036846492260926775,0.11884232461304634,Low,360
IND_S3_20260414_I303,India,2026-04-14,2026-04-14T15:40:11+00:00,isolated,-1,19.10331,97.64468,1,1.0,17.357271,17.357271,17.357271,0.24,0.0,0.24,0.24,low,Sentinel-3_SLSTR_FRP,1,S3B_SL_2_FRP____20260414T154011_20260414T154511_20260414T163636_0299_119_040______MAR_O_NR_003.SEN3,0.07516788319434882,0.11877440983631697,0.0,0.09261049385113608,0.11830524692556804,Low,360
IND_S3_20260414_I024,India,2026-04-14,2026-04-14T03:31:44+00:00,isolated,-1,18.368587,96.94606,1,1.0,10.066921,10.066921,10.066921,0.39,0.0,0.39,0.39,medium,Sentinel-3_SLSTR_FRP,1,S3A_SL_2_FRP____20260414T033144_20260414T033644_20260414T052840_0299_138_175______MAR_O_NR_003.SEN3,0.0008429155381216926,0.0013319092054702485,0.0,0.001038513005061115,0.11751925650253055,Low,360
IND_S3_20260414_I294,India,2026-04-14,2026-04-14T04:34:57+00:00,isolated,-1,21.915918,79.47198,1,1.0,26.727938,26.727938,26.727938,0.0,0.0,0.0,0.0,low,Sentinel-3_SLSTR_FRP,1,S3B_SL_2_FRP____20260414T043457_20260414T043957_20260414T063016_0299_119_033______MAR_O_NR_003.SEN3,0.13573856813846924,0.21448346870416415,0.0,0.1672365283647472,0.0836182641823736,Low,360
IND_S3_20260414_I293,India,2026-04-14,2026-04-14T04:34:57+00:00,isolated,-1,22.48219,79.64045,1,1.0,18.434254,18.434254,18.434254,0.0,0.0,0.0,0.0,low,Sentinel-3_SLSTR_FRP,1,S3B_SL_2_FRP____20260414T043457_20260414T043957_20260414T063016_0299_119_033______MAR_O_NR_003.SEN3,0.08354106112618541,0.13200505070373378,0.0,0.10292665695720477,0.05146332847860238,Low,360
IND_S3_20260414_I305,India,2026-04-14,2026-04-14T15:40:11+00:00,isolated,-1,19.970081,96.609,1,1.0,11.262208,11.262208,11.262208,0.11,0.0,0.11,0.11,low,Sentinel-3_SLSTR_FRP,1,S3B_SL_2_FRP____20260414T154011_20260414T154511_20260414T163636_0299_119_040______MAR_O_NR_003.SEN3,0.01590594783407795,0.025133334698214375,0.0,0.01959690257973252,0.04279845128986626,Low,360
IND_S3_20260414_I308,India,2026-04-14,2026-04-14T15:40:11+00:00,isolated,-1,22.624966,96.22212,1,1.0,11.527765,11.527765,11.527765,0.07,0.0,0.07,0.07,low,Sentinel-3_SLSTR_FRP,1,S3B_SL_2_FRP____20260414T154011_20260414T154511_20260414T163636_0299_119_040______MAR_O_NR_003.SEN3,0.01905265690658151,0.03010551825760578,0.0,0.023473801446991217,0.03273690072349561,Low,360
IND_S3_20260414_I312,India,2026-04-14,2026-04-14T17:24:45+00:00,isolated,-1,29.145668,71.66032,1,1.0,14.28436,14.28436,14.28436,0.0,0.0,0.0,0.0,low,Sentinel-3_SLSTR_FRP,1,S3B_SL_2_FRP____20260414T172445_20260414T172945_20260414T194732_0299_119_041______MAR_O_NR_003.SEN3,0.048262235791342624,0.07626021021074669,0.0,0.059461425559104254,0.029730712779552127,Low,360
IND_S3_20260414_I290,India,2026-04-14,2026-04-14T04:34:57+00:00,isolated,-1,23.637878,78.24894,1,1.0,12.931216,12.931216,12.931216,0.0,0.0,0.0,0.0,low,Sentinel-3_SLSTR_FRP,1,S3B_SL_2_FRP____20260414T043457_20260414T043957_20260414T063016_0299_119_033______MAR_O_NR_003.SEN3,0.03464783051187918,0.054747791826424294,0.0,0.042687815037697224,0.021343907518848612,Low,360
IND_S3_20260414_I296,India,2026-04-14,2026-04-14T04:34:57+00:00,isolated,-1,18.66075,81.14135,1,1.0,10.051744,10.051744,10.051744,0.0,0.0,0.0,0.0,low,Sentinel-3_SLSTR_FRP,1,S3B_SL_2_FRP____20260414T043457_20260414T043957_20260414T063016_0299_119_033______MAR_O_NR_003.SEN3,0.0006413643463322693,0.0010134337763471513,0.0,0.0007901921183382221,0.00039509605916911107,Low,360
IND_S3_20260415_C006,India,2026-04-15,2026-04-15T04:08:23+00:00,clustered,6,25.151519277777776,83.9331775,18,17.974513920732328,31.31485538888889,122.020775,563.667397,0.9683333333333333,0.0,0.85,1.0,high,Sentinel-3_SLSTR_FRP,3,S3A_SL_2_FRP____20260415T044741_20260415T045241_20260415T082620_0299_138_190______MAR_O_NR_003.SEN3;S3A_SL_2_FRP____20260415T155732_20260415T160232_20260415T182256_0299_138_197______MAR_O_NR_003.SEN3;S3B_SL_2_FRP____20260415T040823_20260415T041323_20260415T060243_0299_119_047______MAR_O_NR_003.SEN3,0.578369939245241,0.5602473942450183,0.5264128028597322,0.571120921245152,0.6813430211945224,High,60
IND_S3_20260415_C015,India,2026-04-15,2026-04-15T04:47:41+00:00,clustered,15,22.106702199999997,79.31462563333335,30,28.937706260887648,32.5897042,176.17987,977.6911259999999,0.7100000000000001,0.0,0.0,1.0,high,Sentinel-3_SLSTR_FRP,2,S3A_SL_2_FRP____20260415T044741_20260415T045241_20260415T082620_0299_138_190______MAR_O_NR_003.SEN3;S3B_SL_2_FRP____20260415T165857_20260415T170357_20260415T192211_0299_119_055______MAR_O_NR_003.SEN3,0.6591444914518729,0.6449093279048518,0.6408823947556125,0.6534504260330645,0.6679016919676547,High,60
IND_S3_20260415_C003,India,2026-04-15,2026-04-15T04:08:23+00:00,clustered,3,27.27118792857143,82.98811135714286,14,12.522087515757718,23.856922571428573,102.129776,333.996916,0.8485714285714286,0.0,0.65,1.0,high,Sentinel-3_SLSTR_FRP,2,S3A_SL_2_FRP____20260415T044241_20260415T044741_20260415T082824_0299_138_190______MAR_O_NR_003.SEN3;S3B_SL_2_FRP____20260415T040823_20260415T041323_20260415T060243_0299_119_047______MAR_O_NR_003.SEN3,0.5016876773306945,0.5193183633121771,0.4711387245272818,0.5087399517232876,0.6031691493385287,High,60
IND_S3_20260415_C016,India,2026-04-15,2026-04-15T04:47:41+00:00,clustered,16,21.279025043478267,79.31903686956521,23,15.091876557413066,26.143033739130427,69.62539,601.2897759999998,0.7069565217391305,0.0,0.0,1.0,high,Sentinel-3_SLSTR_FRP,2,S3A_SL_2_FRP____20260415T044741_20260415T045241_20260415T082620_0299_138_190______MAR_O_NR_003.SEN3;S3B_SL_2_FRP____20260415T165857_20260415T170357_20260415T192211_0299_119_055______MAR_O_NR_003.SEN3,0.587843214403158,0.4314570541482149,0.5810382621965612,0.5252887503011807,0.5909389841116417,Medium,180
IND_S3_20260415_C033,India,2026-04-15,2026-04-15T04:08:23+00:00,clustered,33,23.496798000000002,93.86559975,4,6.388509793016956,146.04355175,532.55347,584.174207,0.5974999999999999,0.0,0.0,1.0,high,Sentinel-3_SLSTR_FRP,1,S3B_SL_2_FRP____20260415T040823_20260415T041323_20260415T060243_0299_119_047______MAR_O_NR_003.SEN3,0.5836091325194332,0.9007417779499697,0.21425351111696525,0.7104621906916478,0.5773317975692169,Medium,180
IND_S3_20260415_C004,India,2026-04-15,2026-04-15T04:42:41+00:00,clustered,4,27.047676625,82.782545875,16,19.053828025061893,18.88337475,29.08425,302.133996,0.900625,0.0,0.0,1.0,high,Sentinel-3_SLSTR_FRP,2,S3A_SL_2_FRP____20260415T044241_20260415T044741_20260415T082824_0299_138_190______MAR_O_NR_003.SEN3;S3A_SL_2_FRP____20260415T155732_20260415T160232_20260415T182256_0299_138_197______MAR_O_NR_003.SEN3,0.4870087140866412,0.2334113885516869,0.5004052465027693,0.3855697838726595,0.5630534412368836,Medium,180
IND_S3_20260415_C017,India,2026-04-15,2026-04-15T04:47:41+00:00,clustered,17,19.601356666666664,80.89214377777779,9,14.362835441288064,29.329824666666664,132.92357,263.968422,0.7566666666666666,0.0,0.0,1.0,high,Sentinel-3_SLSTR_FRP,1,S3A_SL_2_FRP____20260415T044741_20260415T045241_20260415T082620_0299_138_190______MAR_O_NR_003.SEN3,0.4672454769120639,0.5799538479762992,0.3763300355100876,0.512328825337758,0.5584304197708965,Medium,180
IND_S3_20260415_C014,India,2026-04-15,2026-04-15T04:47:41+00:00,clustered,14,22.411391,79.61432466666666,3,5.007063455031634,53.50399133333334,104.31635,160.511974,1.0,0.0,1.0,1.0,high,Sentinel-3_SLSTR_FRP,1,S3A_SL_2_FRP____20260415T044741_20260415T045241_20260415T082620_0299_138_190______MAR_O_NR_003.SEN3,0.39454102442074857,0.5241873111528698,0.16207652439312228,0.44639953911359703,0.5556150744354229,Medium,180
IND_S3_20260415_C039,India,2026-04-15,2026-04-15T15:14:22+00:00,clustered,39,20.23911275,97.858105,4,1.0,32.55146125,88.28943,130.205845,1.0,0.0,1.0,1.0,high,Sentinel-3_SLSTR_FRP,1,S3B_SL_2_FRP____20260415T151422_20260415T151922_20260415T160915_0299_119_054______MAR_O_NR_003.SEN3,0.3640200351801959,0.48587591870874747,0.21425351111696525,0.4127623885916165,0.5492318965192013,Medium,180
IND_S3_20260415_C031,India,2026-04-15,2026-04-15T15:57:32+00:00,clustered,31,26.446082833333335,83.34182833333334,6,6.830166172588009,22.89785483333333,47.788506,137.387129,0.9983333333333334,0.0,0.99,1.0,high,Sentinel-3_SLSTR_FRP,1,S3A_SL_2_FRP____20260415T155732_20260415T160232_20260415T182256_0299_138_197______MAR_O_NR_003.SEN3,0.37184630041637806,0.34561556212827,0.2929298041118989,0.3613540051011348,0.5387629633729472,Medium,180
IND_S3_20260415_C028,India,2026-04-15,2026-04-15T04:47:41+00:00,clustered,28,11.449162045454546,76.56696145454545,11,8.292350435084732,32.55161204545455,118.34829,358.06773250000003,0.6127272727272728,0.0,0.0,1.0,high,Sentinel-3_SLSTR_FRP,2,S3A_SL_2_FRP____20260415T044741_20260415T045241_20260415T082620_0299_138_190______MAR_O_NR_003.SEN3;S3B_SL_2_FRP____20260415T165357_20260415T165857_20260415T174707_0299_119_055______MAR_O_NR_003.SEN3,0.5118788318408489,0.5532140006076681,0.41896173780343887,0.5284128993475766,0.5318169790526579,Medium,180
IND_S3_20260415_C024,India,2026-04-15,2026-04-15T04:47:41+00:00,clustered,24,15.5441426,78.756654,5,6.042920802598058,102.58740859999997,178.39888,512.9370429999999,0.5700000000000001,0.0,0.0,1.0,high,Sentinel-3_SLSTR_FRP,1,S3A_SL_2_FRP____20260415T044741_20260415T045241_20260415T082620_0299_138_190______MAR_O_NR_003.SEN3,0.5645443224623219,0.6477977339663216,0.25688521341031656,0.5978456870639217,0.5212998862140242,Medium,180
IND_S3_20260415_C027,India,2026-04-15,2026-04-15T04:47:41+00:00,clustered,27,13.929805571428572,79.11837200000001,7,7.474014419837674,27.99841478571429,94.45252,195.98890350000002,0.6957142857142856,0.0,0.0,1.0,high,Sentinel-3_SLSTR_FRP,2,S3A_SL_2_FRP____20260415T044741_20260415T045241_20260415T082620_0299_138_190______MAR_O_NR_003.SEN3;S3B_SL_2_FRP____20260415T165357_20260415T165857_20260415T174707_0299_119_055______MAR_O_NR_003.SEN3,0.42370440074057447,0.5013656190739014,0.3241530487862445,0.45476888807390525,0.5009293395084872,Medium,180
IND_S3_20260415_C002,India,2026-04-15,2026-04-15T04:42:41+00:00,clustered,2,27.38896722222222,82.87601211111111,9,6.813938953343555,16.06291838888889,31.011839,144.5662655,0.8633333333333333,0.0,0.7,1.0,high,Sentinel-3_SLSTR_FRP,2,S3A_SL_2_FRP____20260415T044241_20260415T044741_20260415T082824_0299_138_190______MAR_O_NR_003.SEN3;S3A_SL_2_FRP____20260415T155732_20260415T160232_20260415T182256_0299_138_197______MAR_O_NR_003.SEN3,0.3792743704122166,0.24782386419863908,0.3763300355100876,0.32669416792678563,0.4976130910654103,Medium,180
IND_S3_20260415_I062,India,2026-04-15,2026-04-15T04:47:41+00:00,isolated,-1,24.234488,79.40537,1,1.0,94.816925,94.816925,94.816925,1.0,0.0,1.0,1.0,high,Sentinel-3_SLSTR_FRP,1,S3A_SL_2_FRP____20260415T044741_20260415T045241_20260415T082620_0299_138_190______MAR_O_NR_003.SEN3,0.3178551805787492,0.5022498955976347,0.0,0.39161306658630335,0.49580653329315166,Medium,180
IND_S3_20260415_I088,India,2026-04-15,2026-04-15T04:47:41+00:00,isolated,-1,23.368711,77.8205,1,1.0,87.03262,87.03262,87.03262,1.0,0.0,1.0,1.0,high,Sentinel-3_SLSTR_FRP,1,S3A_SL_2_FRP____20260415T044741_20260415T045241_20260415T082620_0299_138_190______MAR_O_NR_003.SEN3,0.30541074254166434,0.48258616794179865,0.0,0.37628091270171804,0.488140456350859,Medium,180
IND_S3_20260415_C019,India,2026-04-15,2026-04-15T04:47:41+00:00,clustered,19,19.37758075,80.9179455,8,11.344508890553579,19.964825375,55.641872,159.718603,0.7125,0.0,0.0,1.0,high,Sentinel-3_SLSTR_FRP,1,S3A_SL_2_FRP____20260415T044741_20260415T045241_20260415T082620_0299_138_190______MAR_O_NR_003.SEN3,0.393817807248517,0.3802528666993122,0.35169390242751086,0.38839183102883507,0.4782846959999197,Medium,180
IND_S3_20260415_C005,India,2026-04-15,2026-04-15T04:42:41+00:00,clustered,5,26.39393257142857,83.61360657142858,7,12.868551471119329,14.429629571428572,19.247135,101.007407,0.9371428571428572,0.0,0.82,1.0,high,Sentinel-3_SLSTR_FRP,2,S3A_SL_2_FRP____20260415T044241_20260415T044741_20260415T082824_0299_138_190______MAR_O_NR_003.SEN3;S3A_SL_2_FRP____20260415T155732_20260415T160232_20260415T182256_0299_138_197______MAR_O_NR_003.SEN3,0.3270500349727756,0.14151437608088044,0.3241530487862445,0.25283577141601754,0.4723913526081148,Medium,180
IND_S3_20260415_C035,India,2026-04-15,2026-04-15T04:08:23+00:00,clustered,35,23.436538,93.5064675,4,1.0,36.704589625000004,81.796036,146.81835850000002,0.7375,0.0,0.46,1.0,high,Sentinel-3_SLSTR_FRP,1,S3B_SL_2_FRP____20260415T040823_20260415T041323_20260415T060243_0299_119_047______MAR_O_NR_003.SEN3,0.3815292106761188,0.46835396011436,0.21425351111696525,0.4162591104514153,0.4722302574491007,Medium,180
IND_S3_20260415_I235,India,2026-04-15,2026-04-15T04:08:23+00:00,isolated,-1,21.635408,93.78028,1,1.0,70.892075,70.892075,70.892075,1.0,0.0,1.0,1.0,high,Sentinel-3_SLSTR_FRP,1,S3B_SL_2_FRP____20260415T040823_20260415T041323_20260415T060243_0299_119_047______MAR_O_NR_003.SEN3,0.27566381792267036,0.4355824042874293,0.0,0.33963125246857395,0.46981562623428696,Medium,180
IND_S3_20260415_I059,India,2026-04-15,2026-04-15T04:47:41+00:00,isolated,-1,24.839058,76.493675,1,1.0,70.646355,70.646355,70.646355,1.0,0.0,1.0,1.0,high,Sentinel-3_SLSTR_FRP,1,S3A_SL_2_FRP____20260415T044741_20260415T045241_20260415T082620_0299_138_190______MAR_O_NR_003.SEN3,0.2751609765324037,0.4347878536518104,0.0,0.3390117273801664,0.4695058636900832,Medium,180
IND_S3_20260415_I102,India,2026-04-15,2026-04-15T04:47:41+00:00,isolated,-1,22.546986,79.84276,1,1.0,66.42897,66.42897,66.42897,1.0,0.0,1.0,1.0,high,Sentinel-3_SLSTR_FRP,1,S3A_SL_2_FRP____20260415T044741_20260415T045241_20260415T082620_0299_138_190______MAR_O_NR_003.SEN3,0.2662508346483604,0.4207087443452621,0.0,0.3280339985271211,0.46401699926356055,Medium,180
IND_S3_20260415_I094,India,2026-04-15,2026-04-15T04:47:41+00:00,isolated,-1,23.661634,75.74563,1,1.0,63.91098,63.91098,63.91098,1.0,0.0,1.0,1.0,high,Sentinel-3_SLSTR_FRP,1,S3A_SL_2_FRP____20260415T044741_20260415T045241_20260415T082620_0299_138_190______MAR_O_NR_003.SEN3,0.2606613247541909,0.4118766379889114,0.0,0.3211474500480791,0.46057372502403954,Medium,180
IND_S3_20260415_I065,India,2026-04-15,2026-04-15T04:47:41+00:00,isolated,-1,24.612906,76.21902,1,1.0,61.188175,61.188175,61.188175,1.0,0.0,1.0,1.0,high,Sentinel-3_SLSTR_FRP,1,S3A_SL_2_FRP____20260415T044741_20260415T045241_20260415T082620_0299_138_190______MAR_O_NR_003.SEN3,0.25436773245406824,0.4019319956838363,0.0,0.3133934377459755,0.45669671887298774,Medium,180
IND_S3_20260415_I091,India,2026-04-15,2026-04-15T04:47:41+00:00,isolated,-1,23.723017,75.52573,1,1.0,60.48349,60.48349,60.48349,1.0,0.0,1.0,1.0,high,Sentinel-3_SLSTR_FRP,1,S3A_SL_2_FRP____20260415T044741_20260415T045241_20260415T082620_0299_138_190______MAR_O_NR_003.SEN3,0.2526939932109463,0.3992872838418427,0.0,0.3113313094633049,0.45566565473165244,Medium,180
IND_S3_20260415_I100,India,2026-04-15,2026-04-15T04:47:41+00:00,isolated,-1,23.168055,76.834114,1,1.0,60.00689,60.00689,60.00689,1.0,0.0,1.0,1.0,high,Sentinel-3_SLSTR_FRP,1,S3A_SL_2_FRP____20260415T044741_20260415T045241_20260415T082620_0299_138_190______MAR_O_NR_003.SEN3,0.25155108191003417,0.3974813447959058,0.0,0.3099231870643828,0.4549615935321914,Medium,180
IND_S3_20260415_C025,India,2026-04-15,2026-04-15T04:47:41+00:00,clustered,25,15.003118749999999,78.6166785,4,5.486778090789727,20.1300665,32.815174,80.520266,0.8999999999999999,0.0,0.8,1.0,high,Sentinel-3_SLSTR_FRP,2,S3A_SL_2_FRP____20260415T044741_20260415T045241_20260415T082620_0299_138_190______MAR_O_NR_003.SEN3;S3B_SL_2_FRP____20260415T165357_20260415T165857_20260415T174707_0299_119_055______MAR_O_NR_003.SEN3,0.29412305981456466,0.2605421852276862,0.21425351111696525,0.28069070997981327,0.45319605721329964,Medium,180
IND_S3_20260415_I174,India,2026-04-15,2026-04-15T04:47:41+00:00,isolated,-1,9.293045,76.4278,1,1.0,57.984367,57.984367,57.984367,1.0,0.0,1.0,1.0,high,Sentinel-3_SLSTR_FRP,1,S3A_SL_2_FRP____20260415T044741_20260415T045241_20260415T082620_0299_138_190______MAR_O_NR_003.SEN3,0.246599507842988,0.38965725473800683,0.0,0.3038226066009956,0.4519113033004978,Medium,180
IND_S3_20260415_C029,India,2026-04-15,2026-04-15T04:47:41+00:00,clustered,29,10.2493184,77.27713800000001,5,7.783052954801551,20.748949600000003,29.113987,103.74474800000002,0.8379999999999999,0.0,0.51,1.0,high,Sentinel-3_SLSTR_FRP,2,S3A_SL_2_FRP____20260415T044741_20260415T045241_20260415T082620_0299_138_190______MAR_O_NR_003.SEN3;S3B_SL_2_FRP____20260415T165357_20260415T165857_20260415T174707_0299_119_055______MAR_O_NR_003.SEN3,0.33093925500889654,0.23364066648370715,0.25688521341031656,0.2920198195988208,0.4487869524814737,Medium,180
IND_S3_20260415_I265,India,2026-04-15,2026-04-15T16:58:57+00:00,isolated,-1,21.347849,79.51061,1,1.0,55.280334,55.280334,55.280334,1.0,0.0,1.0,1.0,high,Sentinel-3_SLSTR_FRP,1,S3B_SL_2_FRP____20260415T165857_20260415T170357_20260415T192211_0299_119_055______MAR_O_NR_003.SEN3,0.23970737519244076,0.3787668457854782,0.0,0.2953311634296557,0.44766558171482784,Medium,180
IND_S3_20260415_I147,India,2026-04-15,2026-04-15T04:47:41+00:00,isolated,-1,17.659307,82.236885,1,1.0,55.149986,55.149986,55.149986,1.0,0.0,1.0,1.0,high,Sentinel-3_SLSTR_FRP,1,S3A_SL_2_FRP____20260415T044741_20260415T045241_20260415T082620_0299_138_190______MAR_O_NR_003.SEN3,0.2393668263573588,0.37822873715199806,0.0,0.2949115906752145,0.44745579533760726,Medium,180
IND_S3_20260415_C026,India,2026-04-15,2026-04-15T04:47:41+00:00,clustered,26,14.5147268,78.953669,5,3.7058689111360636,21.3210056,37.492455,106.605028,0.788,0.0,0.27,1.0,high,Sentinel-3_SLSTR_FRP,2,S3A_SL_2_FRP____20260415T044741_20260415T045241_20260415T082620_0299_138_190______MAR_O_NR_003.SEN3;S3B_SL_2_FRP____20260415T165357_20260415T165857_20260415T174707_0299_119_055______MAR_O_NR_003.SEN3,0.3348960294023415,0.29060744883827405,0.25688521341031656,0.31718059717671454,0.4463673412704206,Medium,180
IND_S3_20260415_I187,India,2026-04-15,2026-04-15T15:52:32+00:00,isolated,-1,19.922173,93.99116,1,1.0,47.16706,47.16706,47.16706,1.0,0.0,1.0,1.0,high,Sentinel-3_SLSTR_FRP,1,S3A_SL_2_FRP____20260415T155232_20260415T155732_20260415T164933_0299_138_197______MAR_O_NR_003.SEN3,0.21684440761048984,0.34264057261862624,0.0,0.26716287361374436,0.43358143680687217,Medium,180
IND_S3_20260415_C007,India,2026-04-15,2026-04-15T04:47:41+00:00,clustered,7,25.499289333333333,76.634435,3,3.7774747584435278,20.498979333333335,23.92701,61.496938,0.9533333333333333,0.0,0.91,1.0,high,Sentinel-3_SLSTR_FRP,1,S3A_SL_2_FRP____20260415T044741_20260415T045241_20260415T082620_0299_138_190______MAR_O_NR_003.SEN3,0.25509512662382033,0.18977068163384947,0.16207652439312228,0.22896534862783197,0.43289797919254036,Medium,180
IND_S3_20260415_I057,India,2026-04-15,2026-04-15T04:47:41+00:00,isolated,-1,24.423758,79.01428,1,1.0,46.152725,46.152725,46.152725,1.0,0.0,1.0,1.0,high,Sentinel-3_SLSTR_FRP,1,S3A_SL_2_FRP____20260415T044741_20260415T045241_20260415T082620_0299_138_190______MAR_O_NR_003.SEN3,0.21371852236728672,0.33770129324557857,0.0,0.2633116307186034,0.4316558153593017,Medium,180
IND_S3_20260415_C020,India,2026-04-15,2026-04-15T04:47:41+00:00,clustered,20,19.250031,81.02346666666666,3,4.432432993404636,20.517157333333333,28.587555,61.551472,0.9,0.0,0.77,1.0,high,Sentinel-3_SLSTR_FRP,1,S3A_SL_2_FRP____20260415T044741_20260415T045241_20260415T082620_0299_138_190______MAR_O_NR_003.SEN3,0.2552232261391533,0.22954790129740452,0.16207652439312228,0.2449530962024538,0.4248918529798513,Medium,180
IND_S3_20260415_I064,India,2026-04-15,2026-04-15T04:47:41+00:00,isolated,-1,24.73895,76.565544,1,1.0,42.707283,42.707283,42.707283,1.0,0.0,1.0,1.0,high,Sentinel-3_SLSTR_FRP,1,S3A_SL_2_FRP____20260415T044741_20260415T045241_20260415T082620_0299_138_190______MAR_O_NR_003.SEN3,0.2025745828406781,0.32009251161869284,0.0,0.249581754351884,0.424790877175942,Medium,180
IND_S3_20260415_C034,India,2026-04-15,2026-04-15T04:08:23+00:00,clustered,34,25.03161266666667,85.75708200000001,3,2.6374323810641163,21.71102666666667,22.539736,65.13308,0.91,0.0,0.89,0.92,high,Sentinel-3_SLSTR_FRP,1,S3B_SL_2_FRP____20260415T040823_20260415T041323_20260415T060243_0299_119_047______MAR_O_NR_003.SEN3,0.2634007551761851,0.1764818784068801,0.16207652439312228,0.22863320446846308,0.419731907112856,Medium,180
IND_S3_20260415_I245,India,2026-04-15,2026-04-15T04:08:23+00:00,isolated,-1,18.823137,94.93995,1,1.0,37.92821,37.92821,37.92821,1.0,0.0,1.0,1.0,high,Sentinel-3_SLSTR_FRP,1,S3B_SL_2_FRP____20260415T040823_20260415T041323_20260415T060243_0299_119_047______MAR_O_NR_003.SEN3,0.18556787637389888,0.2932198442239159,0.0,0.22862866351390568,0.4143143317569528,Medium,180
IND_S3_20260415_I019,India,2026-04-15,2026-04-15T04:42:41+00:00,isolated,-1,27.418036,83.14385,1,1.0,36.33879,36.33879,36.33879,1.0,0.0,1.0,1.0,high,Sentinel-3_SLSTR_FRP,1,S3A_SL_2_FRP____20260415T044241_20260415T044741_20260415T082824_0299_138_190______MAR_O_NR_003.SEN3,0.17944545559169173,0.2835456737634269,0.0,0.2210855428603858,0.4105427714301929,Medium,180
IND_S3_20260415_I007,India,2026-04-15,2026-04-15T04:42:41+00:00,isolated,-1,28.5214,80.563545,1,1.0,35.781113,35.781113,35.781113,1.0,0.0,1.0,1.0,high,Sentinel-3_SLSTR_FRP,1,S3A_SL_2_FRP____20260415T044241_20260415T044741_20260415T082824_0299_138_190______MAR_O_NR_003.SEN3,0.17723534316827266,0.28005342697386654,0.0,0.2183625766905102,0.4091812883452551,Medium,180
IND_S3_20260415_I227,India,2026-04-15,2026-04-15T04:08:23+00:00,isolated,-1,23.015156,93.588646,1,1.0,34.608322,34.608322,34.608322,1.0,0.0,1.0,1.0,high,Sentinel-3_SLSTR_FRP,1,S3B_SL_2_FRP____20260415T040823_20260415T041323_20260415T060243_0299_119_047______MAR_O_NR_003.SEN3,0.17247605810096858,0.2725331769536513,0.0,0.21249890564204166,0.4062494528210208,Medium,180
IND_S3_20260415_C022,India,2026-04-15,2026-04-15T04:47:41+00:00,clustered,22,16.13494875,78.527845,4,1.0652658366797703,28.408603,37.953255,113.634412,0.665,0.0,0.0,1.0,high,Sentinel-3_SLSTR_FRP,1,S3A_SL_2_FRP____20260415T044741_20260415T045241_20260415T082620_0299_138_190______MAR_O_NR_003.SEN3,0.34418995744110925,0.293369101591885,0.21425351111696525,0.32386161510141953,0.4042815097741028,Medium,180
IND_S3_20260415_C023,India,2026-04-15,2026-04-15T04:47:41+00:00,clustered,23,15.67528483333333,79.01034366666667,3,1.0,17.430378333333334,19.493385,52.291135,0.9066666666666666,0.0,0.84,0.96,high,Sentinel-3_SLSTR_FRP,1,S3A_SL_2_FRP____20260415T044741_20260415T045241_20260415T082620_0299_138_190______MAR_O_NR_003.SEN3,0.23169200844846094,0.1443198342687126,0.16207652439312228,0.19674313877656158,0.4027868742669052,Medium,180
IND_S3_20260415_C036,India,2026-04-15,2026-04-15T04:08:23+00:00,clustered,36,22.674809333333332,93.90537333333333,3,1.0,42.353708000000005,99.67878,127.061124,0.5299999999999999,0.0,0.0,1.0,high,Sentinel-3_SLSTR_FRP,1,S3B_SL_2_FRP____20260415T040823_20260415T041323_20260415T060243_0299_119_047______MAR_O_NR_003.SEN3,0.3604570459580198,0.5137363615597498,0.16207652439312228,0.4217687721987118,0.40229969097798035,Medium,180
IND_S3_20260415_I047,India,2026-04-15,2026-04-15T04:47:41+00:00,isolated,-1,24.840391,78.29666,1,1.0,32.84711,32.84711,32.84711,1.0,0.0,1.0,1.0,high,Sentinel-3_SLSTR_FRP,1,S3A_SL_2_FRP____20260415T044741_20260415T045241_20260415T082620_0299_138_190______MAR_O_NR_003.SEN3,0.16502604892028075,0.2607612551419983,0.0,0.20332013140896776,0.40166006570448387,Medium,180
IND_S3_20260415_I050,India,2026-04-15,2026-04-15T04:47:41+00:00,isolated,-1,25.1534,76.352905,1,1.0,32.58543,32.58543,32.58543,1.0,0.0,1.0,1.0,high,Sentinel-3_SLSTR_FRP,1,S3A_SL_2_FRP____20260415T044741_20260415T045241_20260415T082620_0299_138_190______MAR_O_NR_003.SEN3,0.16388616278367885,0.258960096224094,0.0,0.2019157361598449,0.40095786807992245,Medium,180
IND_S3_20260415_I111,India,2026-04-15,2026-04-15T04:47:41+00:00,isolated,-1,22.941729,75.24903,1,1.0,32.472775,32.472775,32.472775,1.0,0.0,1.0,1.0,high,Sentinel-3_SLSTR_FRP,1,S3A_SL_2_FRP____20260415T044741_20260415T045241_20260415T082620_0299_138_190______MAR_O_NR_003.SEN3,0.16339269678298357,0.25818035984578824,0.0,0.20130776200810543,0.4006538810040527,Medium,180
IND_S3_20260415_I078,India,2026-04-15,2026-04-15T04:47:41+00:00,isolated,-1,23.613918,78.696724,1,1.0,32.382927,32.382927,32.382927,1.0,0.0,1.0,1.0,high,Sentinel-3_SLSTR_FRP,1,S3A_SL_2_FRP____20260415T044741_20260415T045241_20260415T082620_0299_138_190______MAR_O_NR_003.SEN3,0.16299794099939288,0.25755659763202166,0.0,0.20082140365244439,0.4004107018262222,Medium,180
IND_S3_20260415_I096,India,2026-04-15,2026-04-15T04:47:41+00:00,isolated,-1,23.333439,77.45057,1,1.0,31.188572,31.188572,31.188572,1.0,0.0,1.0,1.0,high,Sentinel-3_SLSTR_FRP,1,S3A_SL_2_FRP____20260415T044741_20260415T045241_20260415T082620_0299_138_190______MAR_O_NR_003.SEN3,0.15764706810529114,0.2491015667984028,0.0,0.19422886758253582,0.3971144337912679,Medium,180
IND_S3_20260415_C018,India,2026-04-15,2026-04-15T04:47:41+00:00,clustered,18,19.565600250000003,80.6966465,4,7.437894375185494,16.841357249999998,29.500109,67.36542899999999,0.7525,0.0,0.59,1.0,high,Sentinel-3_SLSTR_FRP,1,S3A_SL_2_FRP____20260415T044741_20260415T045241_20260415T082620_0299_138_190______MAR_O_NR_003.SEN3,0.2682765204054574,0.2365973553730205,0.21425351111696525,0.25560485439248265,0.39640312941963435,Medium,180
IND_S3_20260415_C001,India,2026-04-15,2026-04-15T04:42:41+00:00,clustered,1,27.35884225,83.3849735,4,5.336571970517511,14.802425249999999,23.482744,59.209700999999995,0.8049999999999999,0.0,0.73,1.0,high,Sentinel-3_SLSTR_FRP,1,S3A_SL_2_FRP____20260415T044241_20260415T044741_20260415T082824_0299_138_190______MAR_O_NR_003.SEN3,0.2496192747472837,0.18559727280619595,0.21425351111696525,0.2240104739708486,0.3963559392088173,Medium,180
IND_S3_20260415_I163,India,2026-04-15,2026-04-15T04:47:41+00:00,isolated,-1,15.563187,77.69742,1,1.0,30.80224,30.80224,30.80224,1.0,0.0,1.0,1.0,high,Sentinel-3_SLSTR_FRP,1,S3A_SL_2_FRP____20260415T044741_20260415T045241_20260415T082620_0299_138_190______MAR_O_NR_003.SEN3,0.15587366846041958,0.2462993793844118,0.0,0.19204395283001646,0.39602197641500825,Medium,180
IND_S3_20260415_I086,India,2026-04-15,2026-04-15T04:47:41+00:00,isolated,-1,23.224882,78.6862,1,1.0,30.696964,30.696964,30.696964,1.0,0.0,1.0,1.0,high,Sentinel-3_SLSTR_FRP,1,S3A_SL_2_FRP____20260415T044741_20260415T045241_20260415T082620_0299_138_190______MAR_O_NR_003.SEN3,0.1553866787654023,0.24552987635780005,0.0,0.1914439578023614,0.39572197890118066,Medium,180
IND_S3_20260415_I171,India,2026-04-15,2026-04-15T04:47:41+00:00,isolated,-1,14.032783,79.05152,1,1.0,30.186436,30.186436,30.186436,1.0,0.0,1.0,1.0,high,Sentinel-3_SLSTR_FRP,1,S3A_SL_2_FRP____20260415T044741_20260415T045241_20260415T082620_0299_138_190______MAR_O_NR_003.SEN3,0.15300188201014828,0.24176160704984975,0.0,0.18850577202602886,0.39425288601301445,Medium,180
IND_S3_20260415_I054,India,2026-04-15,2026-04-15T04:47:41+00:00,isolated,-1,24.920132,77.09526,1,1.0,30.03865,30.03865,30.03865,1.0,0.0,1.0,1.0,high,Sentinel-3_SLSTR_FRP,1,S3A_SL_2_FRP____20260415T044741_20260415T045241_20260415T082620_0299_138_190______MAR_O_NR_003.SEN3,0.15230424922028768,0.2406592622800241,0.0,0.18764625444418226,0.3938231272220911,Medium,180
IND_S3_20260415_C013,India,2026-04-15,2026-04-15T04:47:41+00:00,clustered,13,23.320776000000002,76.51306550000001,4,2.6451856180046662,41.98223825,59.22795,167.928953,0.5,0.0,0.0,1.0,high,Sentinel-3_SLSTR_FRP,1,S3A_SL_2_FRP____20260415T044741_20260415T045241_20260415T082620_0299_138_190______MAR_O_NR_003.SEN3,0.4011352598234487,0.3944991817861605,0.21425351111696525,0.3984808286085334,0.3920911165276597,Medium,180
IND_S3_20260415_I077,India,2026-04-15,2026-04-15T04:47:41+00:00,isolated,-1,23.565996,78.96953,1,1.0,28.139143,28.139143,28.139143,1.0,0.0,1.0,1.0,high,Sentinel-3_SLSTR_FRP,1,S3A_SL_2_FRP____20260415T044741_20260415T045241_20260415T082620_0299_138_190______MAR_O_NR_003.SEN3,0.14302939228426065,0.22600385877418605,0.0,0.1762191788802308,0.3881095894401154,Medium,180
IND_S3_20260415_I250,India,2026-04-15,2026-04-15T05:45:46+00:00,isolated,-1,27.964737,68.97291,1,1.0,28.055437,28.055437,28.055437,1.0,0.0,1.0,1.0,high,Sentinel-3_SLSTR_FRP,1,S3B_SL_2_FRP____20260415T054546_20260415T055046_20260415T074634_0299_119_048______MAR_O_NR_003.SEN3,0.14260688652847409,0.22533624822479428,0.0,0.1756986312070022,0.3878493156035011,Medium,180
IND_S3_20260415_I079,India,2026-04-15,2026-04-15T04:47:41+00:00,isolated,-1,23.808031,77.47032,1,1.0,26.947205,26.947205,26.947205,1.0,0.0,1.0,1.0,high,Sentinel-3_SLSTR_FRP,1,S3A_SL_2_FRP____20260415T044741_20260415T045241_20260415T082620_0299_138_190______MAR_O_NR_003.SEN3,0.13689540590446428,0.21631141326097927,0.0,0.16866180884707027,0.3843309044235351,Medium,180
IND_S3_20260415_C011,India,2026-04-15,2026-04-15T04:47:41+00:00,clustered,11,23.628272499999998,77.90833566666667,6,13.25781896799385,16.383762166666667,21.934437,98.30257300000001,0.6466666666666666,0.0,0.0,1.0,high,Sentinel-3_SLSTR_FRP,1,S3A_SL_2_FRP____20260415T044741_20260415T045241_20260415T082620_0299_138_190______MAR_O_NR_003.SEN3,0.3231031022202344,0.17043638592570523,0.2929298041118989,0.26203641570242275,0.38360416867359115,Medium,180
IND_S3_20260415_C030,India,2026-04-15,2026-04-15T04:08:23+00:00,clustered,30,22.92114966666667,93.92097000000001,3,4.972577818365442,19.258506999999998,27.438652,57.775521,0.7766666666666667,0.0,0.61,0.93,high,Sentinel-3_SLSTR_FRP,2,S3A_SL_2_FRP____20260415T155232_20260415T155732_20260415T164933_0299_138_197______MAR_O_NR_003.SEN3;S3B_SL_2_FRP____20260415T040823_20260415T041323_20260415T060243_0299_119_047______MAR_O_NR_003.SEN3,0.24607856807492387,0.22035685862647703,0.16207652439312228,0.23578988429554512,0.38331024702639704,Medium,180
IND_S3_20260415_I072,India,2026-04-15,2026-04-15T04:47:41+00:00,isolated,-1,23.61745,79.63405,1,1.0,26.548386,26.548386,26.548386,1.0,0.0,1.0,1.0,high,Sentinel-3_SLSTR_FRP,1,S3A_SL_2_FRP____20260415T044741_20260415T045241_20260415T082620_0299_138_190______MAR_O_NR_003.SEN3,0.1347844307814443,0.21297581547957606,0.0,0.16606098466069702,0.38303049233034847,Medium,180
IND_S3_20260415_I154,India,2026-04-15,2026-04-15T04:47:41+00:00,isolated,-1,17.925945,74.7614,1,1.0,26.273752,26.273752,26.273752,1.0,0.0,1.0,1.0,high,Sentinel-3_SLSTR_FRP,1,S3A_SL_2_FRP____20260415T044741_20260415T045241_20260415T082620_0299_138_190______MAR_O_NR_003.SEN3,0.1333129308502963,0.21065066638040036,0.0,0.16424802506233793,0.38212401253116896,Medium,180
IND_S3_20260415_I116,India,2026-04-15,2026-04-15T04:47:41+00:00,isolated,-1,22.769758,75.33291,1,1.0,25.602707,25.602707,25.602707,1.0,0.0,1.0,1.0,high,Sentinel-3_SLSTR_FRP,1,S3A_SL_2_FRP____20260415T044741_20260415T045241_20260415T082620_0299_138_190______MAR_O_NR_003.SEN3,0.1296541757642909,0.20486938775968502,0.0,0.15974026056244855,0.3798701302812243,Medium,180
IND_S3_20260415_C037,India,2026-04-15,2026-04-15T04:08:23+00:00,clustered,37,22.35377875,93.7883825,4,2.694141751452782,15.23784,21.556232,60.95136,0.755,0.0,0.45,1.0,high,Sentinel-3_SLSTR_FRP,2,S3B_SL_2_FRP____20260415T040823_20260415T041323_20260415T060243_0299_119_047______MAR_O_NR_003.SEN3;S3B_SL_2_FRP____20260415T151422_20260415T151922_20260415T160915_0299_119_054______MAR_O_NR_003.SEN3,0.25380738435987205,0.1665774835731818,0.21425351111696525,0.21891542404519596,0.378808414245991,Medium,180
IND_S3_20260415_I173,India,2026-04-15,2026-04-15T04:47:41+00:00,isolated,-1,9.501524,76.34491,1,1.0,25.8772,25.8772,25.8772,0.99,0.0,0.99,0.99,high,Sentinel-3_SLSTR_FRP,1,S3A_SL_2_FRP____20260415T044741_20260415T045241_20260415T082620_0299_138_190______MAR_O_NR_003.SEN3,0.13116183337145074,0.207251670390455,0.0,0.16159776817905244,0.3777988840895262,Medium,180
IND_S3_20260415_I101,India,2026-04-15,2026-04-15T04:47:41+00:00,isolated,-1,23.050661,77.388885,1,1.0,23.677702,23.677702,23.677702,1.0,0.0,1.0,1.0,high,Sentinel-3_SLSTR_FRP,1,S3A_SL_2_FRP____20260415T044741_20260415T045241_20260415T082620_0299_138_190______MAR_O_NR_003.SEN3,0.11862246714008175,0.18743794462673333,0.0,0.14614865813474237,0.37307432906737115,Medium,180
IND_S3_20260415_I022,India,2026-04-15,2026-04-15T04:42:41+00:00,isolated,-1,27.854143,80.10171,1,1.0,23.565544,23.565544,23.565544,1.0,0.0,1.0,1.0,high,Sentinel-3_SLSTR_FRP,1,S3A_SL_2_FRP____20260415T044241_20260415T044741_20260415T082824_0299_138_190______MAR_O_NR_003.SEN3,0.11795344172874618,0.1863808029989529,0.0,0.14532438623682886,0.3726621931184144,Medium,180
IND_S3_20260415_I049,India,2026-04-15,2026-04-15T04:47:41+00:00,isolated,-1,25.018803,77.250916,1,1.0,23.104599,23.104599,23.104599,1.0,0.0,1.0,1.0,high,Sentinel-3_SLSTR_FRP,1,S3A_SL_2_FRP____20260415T044741_20260415T045241_20260415T082620_0299_138_190______MAR_O_NR_003.SEN3,0.11517143772454412,0.1819848978634174,0.0,0.14189682178009344,0.3709484108900467,Medium,180
IND_S3_20260415_I117,India,2026-04-15,2026-04-15T04:47:41+00:00,isolated,-1,22.64847,75.41991,1,1.0,23.062912,23.062912,23.062912,1.0,0.0,1.0,1.0,high,Sentinel-3_SLSTR_FRP,1,S3A_SL_2_FRP____20260415T044741_20260415T045241_20260415T082620_0299_138_190______MAR_O_NR_003.SEN3,0.11491722058673395,0.18158320382561124,0.0,0.14158361388228485,0.37079180694114244,Medium,180
IND_S3_20260415_I092,India,2026-04-15,2026-04-15T04:47:41+00:00,isolated,-1,23.439386,77.06102,1,1.0,22.982294,22.982294,22.982294,1.0,0.0,1.0,1.0,high,Sentinel-3_SLSTR_FRP,1,S3A_SL_2_FRP____20260415T044741_20260415T045241_20260415T082620_0299_138_190______MAR_O_NR_003.SEN3,0.11442434120971098,0.18080439438415027,0.0,0.1409763624794867,0.37048818123974336,Medium,180
IND_S3_20260415_I067,India,2026-04-15,2026-04-15T04:47:41+00:00,isolated,-1,23.910673,78.917816,1,1.0,22.672636,22.672636,22.672636,1.0,0.0,1.0,1.0,high,Sentinel-3_SLSTR_FRP,1,S3A_SL_2_FRP____20260415T044741_20260415T045241_20260415T082620_0299_138_190______MAR_O_NR_003.SEN3,0.11251563599383167,0.17778840768965454,0.0,0.13862474467216082,0.3693123723360804,Medium,180
IND_S3_20260415_C009,India,2026-04-15,2026-04-15T04:47:41+00:00,clustered,9,24.2039394,77.43400640000002,5,3.587505467175,22.8615722,53.38755,114.307861,0.466,0.0,0.0,1.0,low,Sentinel-3_SLSTR_FRP,2,S3A_SL_2_FRP____20260415T044741_20260415T045241_20260415T082620_0299_138_190______MAR_O_NR_003.SEN3;S3B_SL_2_FRP____20260415T165857_20260415T170357_20260415T192211_0299_119_055______MAR_O_NR_003.SEN3,0.3450502485080331,0.37082775729937734,0.25688521341031656,0.3553612520245708,0.3688576686943488,Medium,180
IND_S3_20260415_I023,India,2026-04-15,2026-04-15T04:42:41+00:00,isolated,-1,27.21282,82.61888,1,1.0,22.462097,22.462097,22.462097,1.0,0.0,1.0,1.0,high,Sentinel-3_SLSTR_FRP,1,S3A_SL_2_FRP____20260415T044241_20260415T044741_20260415T082824_0299_138_190______MAR_O_NR_003.SEN3,0.11120357908591486,0.17571519798509816,0.0,0.13700822664558818,0.3685041133227941,Medium,180
IND_S3_20260415_I131,India,2026-04-15,2026-04-15T04:47:41+00:00,isolated,-1,19.45822,80.837944,1,1.0,22.354288,22.354288,22.354288,1.0,0.0,1.0,1.0,high,Sentinel-3_SLSTR_FRP,1,S3A_SL_2_FRP____20260415T044741_20260415T045241_20260415T082620_0299_138_190______MAR_O_NR_003.SEN3,0.1105271594774587,0.1746463726253582,0.0,0.1361748447366185,0.36808742236830927,Medium,180
IND_S3_20260415_I025,India,2026-04-15,2026-04-15T04:42:41+00:00,isolated,-1,27.940662,77.67393,1,1.0,22.981768,22.981768,22.981768,0.99,0.0,0.99,0.99,high,Sentinel-3_SLSTR_FRP,1,S3A_SL_2_FRP____20260415T044241_20260415T044741_20260415T082824_0299_138_190______MAR_O_NR_003.SEN3,0.1144211199327406,0.18079930437423092,0.0,0.14097239370933673,0.3674861968546683,Medium,180
IND_S3_20260415_I192,India,2026-04-15,2026-04-15T15:57:32+00:00,isolated,-1,23.830322,82.75859,1,1.0,22.188465,22.188465,22.188465,1.0,0.0,1.0,1.0,high,Sentinel-3_SLSTR_FRP,1,S3A_SL_2_FRP____20260415T155732_20260415T160232_20260415T182256_0299_138_197______MAR_O_NR_003.SEN3,0.10948062674431834,0.17299272345405256,0.0,0.13488546542821203,0.367442732714106,Medium,180
IND_S3_20260415_I141,India,2026-04-15,2026-04-15T04:47:41+00:00,isolated,-1,18.697687,80.4008,1,1.0,21.7106,21.7106,21.7106,1.0,0.0,1.0,1.0,high,Sentinel-3_SLSTR_FRP,1,S3A_SL_2_FRP____20260415T044741_20260415T045241_20260415T082620_0299_138_190______MAR_O_NR_003.SEN3,0.10642236004564203,0.1681602896163434,0.0,0.13111753187392258,0.3655587659369613,Medium,180
IND_S3_20260415_I260,India,2026-04-15,2026-04-15T15:19:22+00:00,isolated,-1,23.543346,96.13884,1,1.0,21.42469,21.42469,21.42469,1.0,0.0,1.0,1.0,high,Sentinel-3_SLSTR_FRP,1,S3B_SL_2_FRP____20260415T151922_20260415T152422_20260415T174208_0299_119_054______MAR_O_NR_003.SEN3,0.10456165645146345,0.16522015133005613,0.0,0.12882505440290054,0.36441252720145023,Medium,180
IND_S3_20260415_I118,India,2026-04-15,2026-04-15T04:47:41+00:00,isolated,-1,22.21989,77.26636,1,1.0,21.211727,21.211727,21.211727,1.0,0.0,1.0,1.0,high,Sentinel-3_SLSTR_FRP,1,S3A_SL_2_FRP____20260415T044741_20260415T045241_20260415T082620_0299_138_190______MAR_O_NR_003.SEN3,0.10316021033490151,0.16300569578949414,0.0,0.12709840451673857,0.3635492022583693,Medium,180
IND_S3_20260415_I164,India,2026-04-15,2026-04-15T04:47:41+00:00,isolated,-1,15.320638,78.835205,1,1.0,20.932632,20.932632,20.932632,1.0,0.0,1.0,1.0,high,Sentinel-3_SLSTR_FRP,1,S3A_SL_2_FRP____20260415T044741_20260415T045241_20260415T082620_0299_138_190______MAR_O_NR_003.SEN3,0.10130308631564211,0.16007121366752097,0.0,0.12481033725639365,0.3624051686281968,Medium,180
IND_S3_20260415_I127,India,2026-04-15,2026-04-15T04:47:41+00:00,isolated,-1,20.348675,78.82566,1,1.0,20.804045,20.804045,20.804045,1.0,0.0,1.0,1.0,high,Sentinel-3_SLSTR_FRP,1,S3A_SL_2_FRP____20260415T044741_20260415T045241_20260415T082620_0299_138_190______MAR_O_NR_003.SEN3,0.10043948993937213,0.1587066262191417,0.0,0.12374634445127995,0.36187317222563997,Medium,180
IND_S3_20260415_I098,India,2026-04-15,2026-04-15T04:47:41+00:00,isolated,-1,23.22079,77.7067,1,1.0,20.738192,20.738192,20.738192,1.0,0.0,1.0,1.0,high,Sentinel-3_SLSTR_FRP,1,S3A_SL_2_FRP____20260415T044741_20260415T045241_20260415T082620_0299_138_190______MAR_O_NR_003.SEN3,0.09999524402997251,0.15800466357939683,0.0,0.12319901184974225,0.3615995059248711,Medium,180
IND_S3_20260415_I043,India,2026-04-15,2026-04-15T04:47:41+00:00,isolated,-1,24.113773,83.42071,1,1.0,20.585178,20.585178,20.585178,1.0,0.0,1.0,1.0,high,Sentinel-3_SLSTR_FRP,1,S3A_SL_2_FRP____20260415T044741_20260415T045241_20260415T082620_0299_138_190______MAR_O_NR_003.SEN3,0.09895778961859547,0.15636535926208894,0.0,0.12192081747599286,0.3609604087379964,Medium,180
IND_S3_20260415_I107,India,2026-04-15,2026-04-15T04:47:41+00:00,isolated,-1,22.389006,79.75379,1,1.0,19.709,19.709,19.709,1.0,0.0,1.0,1.0,high,Sentinel-3_SLSTR_FRP,1,S3A_SL_2_FRP____20260415T044741_20260415T045241_20260415T082620_0299_138_190______MAR_O_NR_003.SEN3,0.0928717864486965,0.146748733064199,0.0,0.11442256509489751,0.3572112825474487,Medium,180
IND_S3_20260415_I289,India,2026-04-15,2026-04-15T16:58:57+00:00,isolated,-1,24.1047,77.97252,1,1.0,19.656092,19.656092,19.656092,1.0,0.0,1.0,1.0,high,Sentinel-3_SLSTR_FRP,1,S3B_SL_2_FRP____20260415T165857_20260415T170357_20260415T192211_0299_119_055______MAR_O_NR_003.SEN3,0.092496082407599,0.1461550749238055,0.0,0.11395967941408161,0.3569798397070408,Medium,180
IND_S3_20260415_I271,India,2026-04-15,2026-04-15T16:58:57+00:00,isolated,-1,21.108603,72.6354,1,1.0,19.216644,19.216644,19.216644,1.0,0.0,1.0,1.0,high,Sentinel-3_SLSTR_FRP,1,S3B_SL_2_FRP____20260415T165857_20260415T170357_20260415T192211_0299_119_055______MAR_O_NR_003.SEN3,0.08933781574098279,0.14116462895816395,0.0,0.11006854102785527,0.3550342705139276,Medium,180
IND_S3_20260415_I149,India,2026-04-15,2026-04-15T04:47:41+00:00,isolated,-1,17.801918,80.7434,1,1.0,21.99584,21.99584,21.99584,0.96,0.0,0.96,0.96,high,Sentinel-3_SLSTR_FRP,1,S3A_SL_2_FRP____20260415T044741_20260415T045241_20260415T082620_0299_138_190______MAR_O_NR_003.SEN3,0.10825550559635942,0.17105688283778056,0.0,0.13337605649292789,0.35468802824646395,Medium,180
IND_S3_20260415_I037,India,2026-04-15,2026-04-15T04:47:41+00:00,isolated,-1,25.303736,79.35818,1,1.0,18.938633,18.938633,18.938633,1.0,0.0,1.0,1.0,high,Sentinel-3_SLSTR_FRP,1,S3A_SL_2_FRP____20260415T044741_20260415T045241_20260415T082620_0299_138_190______MAR_O_NR_003.SEN3,0.08730412658795551,0.13795115242169162,0.0,0.10756293692144997,0.353781468460725,Medium,180
IND_S3_20260415_I200,India,2026-04-15,2026-04-15T15:57:32+00:00,isolated,-1,28.656431,82.00152,1,1.0,18.599806,18.599806,18.599806,1.0,0.0,1.0,1.0,high,Sentinel-3_SLSTR_FRP,1,S3A_SL_2_FRP____20260415T155732_20260415T160232_20260415T182256_0299_138_197______MAR_O_NR_003.SEN3,0.08478687048678682,0.13397358121551378,0.0,0.1044615547782776,0.35223077738913877,Medium,180
IND_S3_20260415_I083,India,2026-04-15,2026-04-15T04:47:41+00:00,isolated,-1,22.165596,84.684944,1,1.0,25.57606,25.57606,25.57606,0.9,0.0,0.9,0.9,high,Sentinel-3_SLSTR_FRP,1,S3A_SL_2_FRP____20260415T044741_20260415T045241_20260415T082620_0299_138_190______MAR_O_NR_003.SEN3,0.1295069891301594,0.20463681495249872,0.0,0.15955891945909512,0.3497794597295476,Medium,180
IND_S3_20260415_I038,India,2026-04-15,2026-04-15T04:47:41+00:00,isolated,-1,25.299015,79.068634,1,1.0,18.659367,18.659367,18.659367,0.99,0.0,0.99,0.99,high,Sentinel-3_SLSTR_FRP,1,S3A_SL_2_FRP____20260415T044741_20260415T045241_20260415T082620_0299_138_190______MAR_O_NR_003.SEN3,0.08523250564427805,0.1346777390364342,0.0,0.10501059900114051,0.34950529950057024,Medium,180
IND_S3_20260415_I120,India,2026-04-15,2026-04-15T04:47:41+00:00,isolated,-1,22.004364,77.13809,1,1.0,17.591915,17.591915,17.591915,1.0,0.0,1.0,1.0,high,Sentinel-3_SLSTR_FRP,1,S3A_SL_2_FRP____20260415T044741_20260415T045241_20260415T082620_0299_138_190______MAR_O_NR_003.SEN3,0.07703326912029225,0.12172194677703475,0.0,0.09490874018298925,0.3474543700914946,Medium,180
IND_S3_20260415_I279,India,2026-04-15,2026-04-15T16:58:57+00:00,isolated,-1,23.967028,79.028755,1,1.0,19.195038,19.195038,19.195038,0.97,0.0,0.97,0.97,high,Sentinel-3_SLSTR_FRP,1,S3B_SL_2_FRP____20260415T165857_20260415T170357_20260415T192211_0299_119_055______MAR_O_NR_003.SEN3,0.08918077014372873,0.14091647778856117,0.0,0.10987505320166172,0.3459375266008308,Medium,180
IND_S3_20260415_I193,India,2026-04-15,2026-04-15T15:57:32+00:00,isolated,-1,26.482388,83.93557,1,1.0,17.106684,17.106684,17.106684,1.0,0.0,1.0,1.0,high,Sentinel-3_SLSTR_FRP,1,S3A_SL_2_FRP____20260415T155732_20260415T160232_20260415T182256_0299_138_197______MAR_O_NR_003.SEN3,0.073149238516203,0.11558470540236242,0.0,0.09012342527066677,0.34506171263533336,Medium,180
IND_S3_20260415_I291,India,2026-04-15,2026-04-15T16:58:57+00:00,isolated,-1,22.924788,70.10257,1,1.0,16.898975,16.898975,16.898975,1.0,0.0,1.0,1.0,high,Sentinel-3_SLSTR_FRP,1,S3B_SL_2_FRP____20260415T165857_20260415T170357_20260415T192211_0299_119_055______MAR_O_NR_003.SEN3,0.07145471481478229,0.11290715158500245,0.0,0.08803568952287036,0.34401784476143515,Medium,180
IND_S3_20260415_I097,India,2026-04-15,2026-04-15T04:47:41+00:00,isolated,-1,23.43302,76.560234,1,1.0,18.532988,18.532988,18.532988,0.97,0.0,0.97,0.97,high,Sentinel-3_SLSTR_FRP,1,S3A_SL_2_FRP____20260415T044741_20260415T045241_20260415T082620_0299_138_190______MAR_O_NR_003.SEN3,0.08428532385664966,0.13318107645858307,0.0,0.10384362489742302,0.3429218124487115,Medium,180
IND_S3_20260415_I144,India,2026-04-15,2026-04-15T04:47:41+00:00,isolated,-1,18.303902,80.629295,1,1.0,20.355112,20.355112,20.355112,0.94,0.0,0.94,0.94,high,Sentinel-3_SLSTR_FRP,1,S3A_SL_2_FRP____20260415T044741_20260415T045241_20260415T082620_0299_138_190______MAR_O_NR_003.SEN3,0.09738398830457091,0.153878561519101,0.0,0.11998181759038296,0.34199090879519145,Medium,180
IND_S3_20260415_I082,India,2026-04-15,2026-04-15T04:47:41+00:00,isolated,-1,23.325394,79.54527,1,1.0,16.374874,16.374874,16.374874,1.0,0.0,1.0,1.0,high,Sentinel-3_SLSTR_FRP,1,S3A_SL_2_FRP____20260415T044741_20260415T045241_20260415T082620_0299_138_190______MAR_O_NR_003.SEN3,0.06709003512407953,0.10601042611719318,0.0,0.082658191521325,0.3413290957606625,Medium,180
IND_S3_20260415_I138,India,2026-04-15,2026-04-15T04:47:41+00:00,isolated,-1,19.547676,78.27156,1,1.0,16.942688,16.942688,16.942688,0.99,0.0,0.99,0.99,high,Sentinel-3_SLSTR_FRP,1,S3A_SL_2_FRP____20260415T044741_20260415T045241_20260415T082620_0299_138_190______MAR_O_NR_003.SEN3,0.0718129604893233,0.11347322338005364,0.0,0.08847706564561544,0.3412385328228077,Medium,180
IND_S3_20260415_I076,India,2026-04-15,2026-04-15T04:47:41+00:00,isolated,-1,23.483027,79.51931,1,1.0,16.343481,16.343481,16.343481,1.0,0.0,1.0,1.0,high,Sentinel-3_SLSTR_FRP,1,S3A_SL_2_FRP____20260415T044741_20260415T045241_20260415T082620_0299_138_190______MAR_O_NR_003.SEN3,0.06682443267327554,0.10559074189828603,0.0,0.08233095636327974,0.34116547818163984,Medium,180
IND_S3_20260415_I195,India,2026-04-15,2026-04-15T15:57:32+00:00,isolated,-1,26.733337,83.66936,1,1.0,16.224333,16.224333,16.224333,1.0,0.0,1.0,1.0,high,Sentinel-3_SLSTR_FRP,1,S3A_SL_2_FRP____20260415T155732_20260415T160232_20260415T182256_0299_138_197______MAR_O_NR_003.SEN3,0.06581197974832519,0.10399094297436114,0.0,0.08108356503873956,0.3405417825193698,Medium,180
IND_S3_20260415_I199,India,2026-04-15,2026-04-15T15:57:32+00:00,isolated,-1,28.610632,81.89854,1,1.0,16.027197,16.027197,16.027197,1.0,0.0,1.0,1.0,high,Sentinel-3_SLSTR_FRP,1,S3A_SL_2_FRP____20260415T155732_20260415T160232_20260415T182256_0299_138_197______MAR_O_NR_003.SEN3,0.06412134792698372,0.10131953880150257,0.0,0.07900062427679126,0.3395003121383956,Medium,180
IND_S3_20260415_C010,India,2026-04-15,2026-04-15T04:47:41+00:00,clustered,10,23.6619965,79.02211875,4,1.0,14.27631475,18.310423,57.105259,0.6525,0.0,0.0,0.96,high,Sentinel-3_SLSTR_FRP,1,S3A_SL_2_FRP____20260415T044741_20260415T045241_20260415T082620_0299_138_190______MAR_O_NR_003.SEN3,0.24439409320266375,0.13052161866556286,0.21425351111696525,0.19884510338782338,0.3380232539173047,Medium,180
IND_S3_20260415_I090,India,2026-04-15,2026-04-15T04:47:41+00:00,isolated,-1,23.52583,76.75692,1,1.0,17.99986,17.99986,17.99986,0.96,0.0,0.96,0.96,high,Sentinel-3_SLSTR_FRP,1,S3A_SL_2_FRP____20260415T044741_20260415T045241_20260415T082620_0299_138_190______MAR_O_NR_003.SEN3,0.0802210180627505,0.1267589783290326,0.0,0.09883620216926334,0.33741810108463166,Medium,180
IND_S3_20260415_I087,India,2026-04-15,2026-04-15T04:47:41+00:00,isolated,-1,23.349089,77.97682,1,1.0,18.23184,18.23184,18.23184,0.95,0.0,0.95,0.95,high,Sentinel-3_SLSTR_FRP,1,S3A_SL_2_FRP____20260415T044741_20260415T045241_20260415T082620_0299_138_190______MAR_O_NR_003.SEN3,0.08200335802103079,0.12957529252701364,0.0,0.10103213182342392,0.33551606591171196,Medium,180
IND_S3_20260415_I103,India,2026-04-15,2026-04-15T04:47:41+00:00,isolated,-1,23.337118,75.5596,1,1.0,21.113823,21.113823,21.113823,0.9,0.0,0.9,0.9,high,Sentinel-3_SLSTR_FRP,1,S3A_SL_2_FRP____20260415T044741_20260415T045241_20260415T082620_0299_138_190______MAR_O_NR_003.SEN3,0.10251141863050826,0.16198052588286307,0.0,0.1262990615314502,0.3331495307657251,Medium,180
IND_S3_20260415_I136,India,2026-04-15,2026-04-15T04:47:41+00:00,isolated,-1,19.702816,77.99943,1,1.0,15.915615,15.915615,15.915615,0.98,0.0,0.98,0.98,high,Sentinel-3_SLSTR_FRP,1,S3A_SL_2_FRP____20260415T044741_20260415T045241_20260415T082620_0299_138_190______MAR_O_NR_003.SEN3,0.06315572811790941,0.09979374190427559,0.0,0.07781093363245589,0.3329054668162279,Medium,180
IND_S3_20260415_I275,India,2026-04-15,2026-04-15T16:58:57+00:00,isolated,-1,23.685305,79.19022,1,1.0,18.885624,18.885624,18.885624,0.93,0.0,0.93,0.93,high,Sentinel-3_SLSTR_FRP,1,S3B_SL_2_FRP____20260415T165857_20260415T170357_20260415T192211_0299_119_055______MAR_O_NR_003.SEN3,0.08691314125564785,0.13733334798014002,0.0,0.10708122394544473,0.3325406119727224,Medium,180
IND_S3_20260415_I257,India,2026-04-15,2026-04-15T15:14:22+00:00,isolated,-1,19.759892,97.751495,1,1.0,14.728541,14.728541,14.728541,1.0,0.0,1.0,1.0,high,Sentinel-3_SLSTR_FRP,1,S3B_SL_2_FRP____20260415T151422_20260415T151922_20260415T160915_0299_119_054______MAR_O_NR_003.SEN3,0.05246955596410521,0.08290828847603803,0.0,0.06464504896887835,0.33232252448443916,Medium,180
IND_S3_20260415_I135,India,2026-04-15,2026-04-15T04:47:41+00:00,isolated,-1,19.33845,80.04156,1,1.0,18.528404,18.528404,18.528404,0.93,0.0,0.93,0.93,high,Sentinel-3_SLSTR_FRP,1,S3A_SL_2_FRP____20260415T044741_20260415T045241_20260415T082620_0299_138_190______MAR_O_NR_003.SEN3,0.08425085275410427,0.13312660791846667,0.0,0.10380115481984922,0.3309005774099246,Medium,180
IND_S3_20260415_C012,India,2026-04-15,2026-04-15T04:47:41+00:00,clustered,12,23.44279,78.23263949999999,4,1.8523384611672735,24.907687000000003,35.567757,99.63074800000001,0.445,0.0,0.0,0.9,high,Sentinel-3_SLSTR_FRP,1,S3A_SL_2_FRP____20260415T044741_20260415T045241_20260415T082620_0299_138_190______MAR_O_NR_003.SEN3,0.32505445049766585,0.2787033407738865,0.21425351111696525,0.3065140066081541,0.3296077055274701,Medium,180
IND_S3_20260415_I124,India,2026-04-15,2026-04-15T04:47:41+00:00,isolated,-1,21.489614,77.37229,1,1.0,18.140636,18.140636,18.140636,0.92,0.0,0.92,0.92,high,Sentinel-3_SLSTR_FRP,1,S3A_SL_2_FRP____20260415T044741_20260415T045241_20260415T082620_0299_138_190______MAR_O_NR_003.SEN3,0.08130520091965188,0.1284721192811353,0.0,0.10017196826424525,0.32608598413212264,Medium,180
IND_S3_20260415_I132,India,2026-04-15,2026-04-15T04:47:41+00:00,isolated,-1,20.19084,77.22422,1,1.0,14.738163,14.738163,14.738163,0.97,0.0,0.97,0.97,high,Sentinel-3_SLSTR_FRP,1,S3A_SL_2_FRP____20260415T044741_20260415T045241_20260415T082620_0299_138_190______MAR_O_NR_003.SEN3,0.052559375827562836,0.08305021479909509,0.0,0.06475571141617573,0.32337785570808786,Medium,180
IND_S3_20260415_I129,India,2026-04-15,2026-04-15T04:47:41+00:00,isolated,-1,20.392866,78.15419,1,1.0,13.840168,13.840168,13.840168,0.98,0.0,0.98,0.98,high,Sentinel-3_SLSTR_FRP,1,S3A_SL_2_FRP____20260415T044741_20260415T045241_20260415T082620_0299_138_190______MAR_O_NR_003.SEN3,0.043930716642642004,0.06941588243778765,0.0,0.054124782960700266,0.3210623914803501,Medium,180
IND_S3_20260415_I032,India,2026-04-15,2026-04-15T04:47:41+00:00,isolated,-1,24.975473,83.69245,1,1.0,15.847843,15.847843,15.847843,0.94,0.0,0.94,0.94,high,Sentinel-3_SLSTR_FRP,1,S3A_SL_2_FRP____20260415T044741_20260415T045241_20260415T082620_0299_138_190______MAR_O_NR_003.SEN3,0.06256612164228552,0.09886209186702717,0.0,0.07708450973218217,0.32054225486609106,Medium,180
IND_S3_20260415_I196,India,2026-04-15,2026-04-15T15:57:32+00:00,isolated,-1,27.10762,83.29851,1,1.0,12.807355,12.807355,12.807355,1.0,0.0,1.0,1.0,high,Sentinel-3_SLSTR_FRP,1,S3A_SL_2_FRP____20260415T155732_20260415T160232_20260415T182256_0299_138_197______MAR_O_NR_003.SEN3,0.03333619953814333,0.05267525514974664,0.0,0.04107182178278466,0.32053591089139233,Medium,180
IND_S3_20260415_I045,India,2026-04-15,2026-04-15T04:47:41+00:00,isolated,-1,25.284311,76.811584,1,1.0,18.167048,18.167048,18.167048,0.9,0.0,0.9,0.9,high,Sentinel-3_SLSTR_FRP,1,S3A_SL_2_FRP____20260415T044741_20260415T045241_20260415T082620_0299_138_190______MAR_O_NR_003.SEN3,0.08150772363444063,0.12879212983491514,0.0,0.10042148611463043,0.32021074305731523,Medium,180
IND_S3_20260415_I165,India,2026-04-15,2026-04-15T04:47:41+00:00,isolated,-1,15.07567,78.41956,1,1.0,16.347706,16.347706,16.347706,0.93,0.0,0.93,0.93,high,Sentinel-3_SLSTR_FRP,1,S3A_SL_2_FRP____20260415T044741_20260415T045241_20260415T082620_0299_138_190______MAR_O_NR_003.SEN3,0.06686020653588182,0.10564726895795647,0.0,0.08237503150471168,0.3201875157523559,Medium,180
IND_S3_20260415_I055,India,2026-04-15,2026-04-15T04:47:41+00:00,isolated,-1,25.061028,76.07235,1,1.0,20.083853,20.083853,20.083853,0.87,0.0,0.87,0.87,high,Sentinel-3_SLSTR_FRP,1,S3A_SL_2_FRP____20260415T044741_20260415T045241_20260415T082620_0299_138_190______MAR_O_NR_003.SEN3,0.09550647265245985,0.15091185813380859,0.0,0.11766862684499935,0.3198343134224997,Medium,180
IND_S3_20260415_I255,India,2026-04-15,2026-04-15T15:14:22+00:00,isolated,-1,19.24359,97.953575,1,1.0,12.277647,12.277647,12.277647,1.0,0.0,1.0,1.0,high,Sentinel-3_SLSTR_FRP,1,S3B_SL_2_FRP____20260415T151422_20260415T151922_20260415T160915_0299_119_054______MAR_O_NR_003.SEN3,0.027590785662317437,0.04359680151547014,0.0,0.03399319200357852,0.31699659600178925,Medium,180
IND_S3_20260415_I016,India,2026-04-15,2026-04-15T04:42:41+00:00,isolated,-1,28.079273,80.63301,1,1.0,16.367714,16.367714,16.367714,0.91,0.0,0.91,0.91,high,Sentinel-3_SLSTR_FRP,1,S3A_SL_2_FRP____20260415T044241_20260415T044741_20260415T082824_0299_138_190______MAR_O_NR_003.SEN3,0.06702949976240406,0.1059147728733917,0.0,0.08258360900679912,0.31429180450339955,Medium,180
IND_S3_20260415_I034,India,2026-04-15,2026-04-15T04:47:41+00:00,isolated,-1,25.114298,81.50221,1,1.0,14.616626,14.616626,14.616626,0.94,0.0,0.94,0.94,high,Sentinel-3_SLSTR_FRP,1,S3A_SL_2_FRP____20260415T044741_20260415T045241_20260415T082620_0299_138_190______MAR_O_NR_003.SEN3,0.05142079180845816,0.08125111338541598,0.0,0.06335292043924129,0.3136764602196206,Medium,180
IND_S3_20260415_I070,India,2026-04-15,2026-04-15T04:47:41+00:00,isolated,-1,24.531813,74.82764,1,1.0,19.876123,19.876123,19.876123,0.85,0.0,0.85,0.85,high,Sentinel-3_SLSTR_FRP,1,S3A_SL_2_FRP____20260415T044741_20260415T045241_20260415T082620_0299_138_190______MAR_O_NR_003.SEN3,0.09405226703700675,0.14861403615963487,0.0,0.115876974686058,0.312938487343029,Medium,180
IND_S3_20260415_I121,India,2026-04-15,2026-04-15T04:47:41+00:00,isolated,-1,20.976961,81.743744,1,1.0,15.590507,15.590507,15.590507,0.91,0.0,0.91,0.91,high,Sentinel-3_SLSTR_FRP,1,S3A_SL_2_FRP____20260415T044741_20260415T045241_20260415T082620_0299_138_190______MAR_O_NR_003.SEN3,0.060305527696689135,0.09529007812448842,0.0,0.07429934786780885,0.31014967393390447,Medium,180
IND_S3_20260415_I109,India,2026-04-15,2026-04-15T04:47:41+00:00,isolated,-1,23.071432,75.19813,1,1.0,31.608498,31.608498,31.608498,0.7,0.0,0.7,0.7,high,Sentinel-3_SLSTR_FRP,1,S3A_SL_2_FRP____20260415T044741_20260415T045241_20260415T082620_0299_138_190______MAR_O_NR_003.SEN3,0.15955069466734206,0.2521095286013412,0.0,0.19657422824094173,0.30828711412047083,Medium,180
IND_S3_20260415_C008,India,2026-04-15,2026-04-15T04:47:41+00:00,clustered,8,24.286660666666666,78.25425666666666,3,5.555770196014996,30.267803,39.301575,90.803409,0.4066666666666667,0.0,0.0,1.0,low,Sentinel-3_SLSTR_FRP,2,S3A_SL_2_FRP____20260415T044741_20260415T045241_20260415T082620_0299_138_190______MAR_O_NR_003.SEN3;S3B_SL_2_FRP____20260415T165857_20260415T170357_20260415T192211_0299_119_055______MAR_O_NR_003.SEN3,0.3115706964856326,0.30126602601579977,0.16207652439312228,0.3074488282976995,0.30813971902747417,Medium,180
IND_S3_20260415_I042,India,2026-04-15,2026-04-15T04:47:41+00:00,isolated,-1,25.17293,79.11774,1,1.0,15.709987,15.709987,15.709987,0.9,0.0,0.9,0.9,high,Sentinel-3_SLSTR_FRP,1,S3A_SL_2_FRP____20260415T044741_20260415T045241_20260415T082620_0299_138_190______MAR_O_NR_003.SEN3,0.0613594405003577,0.09695538870601725,0.0,0.07559781978262153,0.30779890989131076,Medium,180
IND_S3_20260415_I021,India,2026-04-15,2026-04-15T04:42:41+00:00,isolated,-1,27.249275,83.277016,1,1.0,15.50718,15.50718,15.50718,0.9,0.0,0.9,0.9,high,Sentinel-3_SLSTR_FRP,1,S3A_SL_2_FRP____20260415T044241_20260415T044741_20260415T082824_0299_138_190______MAR_O_NR_003.SEN3,0.05956601216694015,0.09412155352491142,0.0,0.07338822871012865,0.30669411435506433,Medium,180
IND_S3_20260415_I221,India,2026-04-15,2026-04-15T04:08:23+00:00,isolated,-1,25.246613,85.36401,1,1.0,34.208023,34.208023,34.208023,0.67,0.0,0.67,0.67,high,Sentinel-3_SLSTR_FRP,1,S3B_SL_2_FRP____20260415T040823_20260415T041323_20260415T060243_0299_119_047______MAR_O_NR_003.SEN3,0.1708156535997456,0.2699095356278417,0.0,0.21045320641098403,0.306226603205492,Medium,180
IND_S3_20260415_I143,India,2026-04-15,2026-04-15T04:47:41+00:00,isolated,-1,18.054695,81.88476,1,1.0,19.609432,19.609432,19.609432,0.83,0.0,0.83,0.83,high,Sentinel-3_SLSTR_FRP,1,S3A_SL_2_FRP____20260415T044741_20260415T045241_20260415T082620_0299_138_190______MAR_O_NR_003.SEN3,0.09216394649668956,0.14563025973509358,0.0,0.11355047179205116,0.30577523589602557,Medium,180
IND_S3_20260415_I128,India,2026-04-15,2026-04-15T04:47:41+00:00,isolated,-1,20.585436,77.53508,1,1.0,12.709134,12.709134,12.709134,0.95,0.0,0.95,0.95,high,Sentinel-3_SLSTR_FRP,1,S3A_SL_2_FRP____20260415T044741_20260415T045241_20260415T082620_0299_138_190______MAR_O_NR_003.SEN3,0.032287692243044105,0.05101848593007216,0.0,0.03978000971785533,0.30489000485892764,Medium,180
IND_S3_20260415_I161,India,2026-04-15,2026-04-15T04:47:41+00:00,isolated,-1,15.716337,78.40789,1,1.0,17.058897,17.058897,17.058897,0.86,0.0,0.86,0.86,high,Sentinel-3_SLSTR_FRP,1,S3A_SL_2_FRP____20260415T044741_20260415T045241_20260415T082620_0299_138_190______MAR_O_NR_003.SEN3,0.0727611124124504,0.11497141889014159,0.0,0.08964523500352688,0.3028226175017634,Medium,180
IND_S3_20260415_I075,India,2026-04-15,2026-04-15T04:47:41+00:00,isolated,-1,23.599026,79.46031,1,1.0,13.950755,13.950755,13.950755,0.91,0.0,0.91,0.91,high,Sentinel-3_SLSTR_FRP,1,S3A_SL_2_FRP____20260415T044741_20260415T045241_20260415T082620_0299_138_190______MAR_O_NR_003.SEN3,0.04502110295661433,0.07113882560755616,0.0,0.05546819201699106,0.30073409600849554,Medium,180
IND_S3_20260415_I071,India,2026-04-15,2026-04-15T04:47:41+00:00,isolated,-1,24.0957,77.352264,1,1.0,15.4790745,15.4790745,15.4790745,0.88,0.0,0.88,0.88,high,Sentinel-3_SLSTR_FRP,1,S3A_SL_2_FRP____20260415T044741_20260415T045241_20260415T082620_0299_138_190______MAR_O_NR_003.SEN3,0.05931573761368645,0.09372608925085574,0.0,0.07307987826855417,0.3005399391342771,Medium,180
IND_S3_20260415_I085,India,2026-04-15,2026-04-15T04:47:41+00:00,isolated,-1,23.314821,78.6615,1,1.0,13.411017,13.411017,13.411017,0.92,0.0,0.92,0.92,high,Sentinel-3_SLSTR_FRP,1,S3A_SL_2_FRP____20260415T044741_20260415T045241_20260415T082620_0299_138_190______MAR_O_NR_003.SEN3,0.03962092666985143,0.06260588940907401,0.0,0.04881491176554047,0.30040745588277024,Medium,180
IND_S3_20260415_I242,India,2026-04-15,2026-04-15T04:08:23+00:00,isolated,-1,20.963058,93.86085,1,1.0,19.734184,19.734184,19.734184,0.81,0.0,0.81,0.81,high,Sentinel-3_SLSTR_FRP,1,S3B_SL_2_FRP____20260415T040823_20260415T041323_20260415T060243_0299_119_047______MAR_O_NR_003.SEN3,0.09305028304100121,0.14703077941841083,0.0,0.11464248159196506,0.30032124079598255,Medium,180
IND_S3_20260415_I156,India,2026-04-15,2026-04-15T04:47:41+00:00,isolated,-1,16.697584,77.970146,1,1.0,16.992863,16.992863,16.992863,0.85,0.0,0.85,0.85,high,Sentinel-3_SLSTR_FRP,1,S3A_SL_2_FRP____20260415T044741_20260415T045241_20260415T082620_0299_138_190______MAR_O_NR_003.SEN3,0.07222309058030013,0.1141212788718644,0.0,0.08898236589692585,0.29949118294846294,Low,360
IND_S3_20260415_C021,India,2026-04-15,2026-04-15T04:47:41+00:00,clustered,21,18.652776666666664,80.85316,3,1.0,15.842463333333333,19.386587,47.52739,0.5766666666666667,0.0,0.0,0.9,high,Sentinel-3_SLSTR_FRP,1,S3A_SL_2_FRP____20260415T044741_20260415T045241_20260415T082620_0299_138_190______MAR_O_NR_003.SEN3,0.21793901698642243,0.14310727672364662,0.16207652439312228,0.18800632088131208,0.2994184653192805,Low,360
IND_S3_20260415_I209,India,2026-04-15,2026-04-15T04:03:23+00:00,isolated,-1,31.29927,87.87136,1,1.0,23.169186,23.169186,23.169186,0.76,0.0,0.76,0.76,high,Sentinel-3_SLSTR_FRP,1,S3B_SL_2_FRP____20260415T040323_20260415T040823_20260415T060307_0299_119_047______MAR_O_NR_003.SEN3,0.11556443749708879,0.1826058853658739,0.0,0.14238101664460284,0.29919050832230143,Low,360
IND_S3_20260415_I253,India,2026-04-15,2026-04-15T05:50:46+00:00,isolated,-1,21.575508,70.251945,1,1.0,15.72265,15.72265,15.72265,0.87,0.0,0.87,0.87,high,Sentinel-3_SLSTR_FRP,1,S3B_SL_2_FRP____20260415T055046_20260415T055546_20260415T074233_0299_119_048______MAR_O_NR_003.SEN3,0.06147069671358075,0.09713118707234912,0.0,0.07573489285708809,0.29886744642854407,Low,360
IND_S3_20260415_I133,India,2026-04-15,2026-04-15T04:47:41+00:00,isolated,-1,18.988363,82.17643,1,1.0,18.899817,18.899817,18.899817,0.81,0.0,0.81,0.81,high,Sentinel-3_SLSTR_FRP,1,S3A_SL_2_FRP____20260415T044741_20260415T045241_20260415T082620_0299_138_190______MAR_O_NR_003.SEN3,0.08701792847695386,0.13749892455141088,0.0,0.10721032690673668,0.29660516345336835,Low,360
IND_S3_20260415_I017,India,2026-04-15,2026-04-15T04:42:41+00:00,isolated,-1,27.458687,83.01833,1,1.0,15.746924,15.746924,15.746924,0.86,0.0,0.86,0.86,high,Sentinel-3_SLSTR_FRP,1,S3A_SL_2_FRP____20260415T044241_20260415T044741_20260415T082824_0299_138_190______MAR_O_NR_003.SEN3,0.06168373100613311,0.09746780719915757,0.0,0.07599736148334289,0.29599868074167146,Low,360
IND_S3_20260415_I207,India,2026-04-15,2026-04-15T04:03:23+00:00,isolated,-1,36.13778,94.70384,1,1.0,18.995798,18.995798,18.995798,0.8,0.0,0.8,0.8,high,Sentinel-3_SLSTR_FRP,1,S3B_SL_2_FRP____20260415T040323_20260415T040823_20260415T060307_0299_119_047______MAR_O_NR_003.SEN3,0.08772460265649432,0.1386155558180446,0.0,0.10808098392111443,0.2940404919605572,Low,360
IND_S3_20260415_C038,India,2026-04-15,2026-04-15T04:08:23+00:00,clustered,38,21.76849233333333,93.84457333333334,3,5.4397966487109946,14.427850666666666,16.758503,43.283552,0.5933333333333334,0.0,0.45,0.67,medium,Sentinel-3_SLSTR_FRP,1,S3B_SL_2_FRP____20260415T040823_20260415T041323_20260415T060243_0299_119_047______MAR_O_NR_003.SEN3,0.20449834911687256,0.11107867152000425,0.16207652439312228,0.16713047807812526,0.29398054391768713,Low,360
IND_S3_20260415_I254,India,2026-04-15,2026-04-15T15:14:22+00:00,isolated,-1,18.076862,95.86322,1,1.0,11.915549,11.915549,11.915549,0.93,0.0,0.93,0.93,high,Sentinel-3_SLSTR_FRP,1,S3B_SL_2_FRP____20260415T151422_20260415T151922_20260415T160915_0299_119_054______MAR_O_NR_003.SEN3,0.023529873644051714,0.037180065964734554,0.0,0.028989950572324848,0.2934949752861625,Low,360
IND_S3_20260415_I104,India,2026-04-15,2026-04-15T04:47:41+00:00,isolated,-1,22.492342,79.48732,1,1.0,13.699809,13.699809,13.699809,0.89,0.0,0.89,0.89,high,Sentinel-3_SLSTR_FRP,1,S3A_SL_2_FRP____20260415T044741_20260415T045241_20260415T082620_0299_138_190______MAR_O_NR_003.SEN3,0.042535017987069004,0.06721050858554796,0.0,0.052405214226460585,0.2932026071132303,Low,360
IND_S3_20260415_I099,India,2026-04-15,2026-04-15T04:47:41+00:00,isolated,-1,23.293741,76.72385,1,1.0,14.498998,14.498998,14.498998,0.87,0.0,0.87,0.87,high,Sentinel-3_SLSTR_FRP,1,S3A_SL_2_FRP____20260415T044741_20260415T045241_20260415T082620_0299_138_190______MAR_O_NR_003.SEN3,0.0503103583318045,0.07949649325714896,0.0,0.06198481230194228,0.29199240615097116,Low,360
IND_S3_20260415_I046,India,2026-04-15,2026-04-15T04:47:41+00:00,isolated,-1,24.968485,78.20658,1,1.0,14.396234,14.396234,14.396234,0.87,0.0,0.87,0.87,high,Sentinel-3_SLSTR_FRP,1,S3A_SL_2_FRP____20260415T044741_20260415T045241_20260415T082620_0299_138_190______MAR_O_NR_003.SEN3,0.049333324908875036,0.07795266146001345,0.0,0.0607810595293304,0.29139052976466523,Low,360
IND_S3_20260415_I190,India,2026-04-15,2026-04-15T15:52:32+00:00,isolated,-1,22.202696,93.684845,1,1.0,15.37899,15.37899,15.37899,0.85,0.0,0.85,0.85,high,Sentinel-3_SLSTR_FRP,1,S3A_SL_2_FRP____20260415T155232_20260415T155732_20260415T164933_0299_138_197______MAR_O_NR_003.SEN3,0.05842102312859668,0.0923123314007939,0.0,0.07197754643747556,0.2909887732187378,Low,360
IND_S3_20260415_I285,India,2026-04-15,2026-04-15T16:58:57+00:00,isolated,-1,23.617159,75.90381,1,1.0,13.783991,13.783991,13.783991,0.88,0.0,0.88,0.88,high,Sentinel-3_SLSTR_FRP,1,S3B_SL_2_FRP____20260415T165857_20260415T170357_20260415T192211_0299_119_055______MAR_O_NR_003.SEN3,0.04337369597070036,0.06853572193884903,0.0,0.053438506357959825,0.29071925317897995,Low,360
IND_S3_20260415_I152,India,2026-04-15,2026-04-15T04:47:41+00:00,isolated,-1,18.57675,74.57041,1,1.0,17.426327,17.426327,17.426327,0.81,0.0,0.81,0.81,high,Sentinel-3_SLSTR_FRP,1,S3A_SL_2_FRP____20260415T044741_20260415T045241_20260415T082620_0299_138_190______MAR_O_NR_003.SEN3,0.07571933301588482,0.11964576771316357,0.0,0.09328990689479633,0.28964495344739816,Low,360
IND_S3_20260415_I108,India,2026-04-15,2026-04-15T04:47:41+00:00,isolated,-1,21.926361,81.73038,1,1.0,14.799114,14.799114,14.799114,0.85,0.0,0.85,0.85,high,Sentinel-3_SLSTR_FRP,1,S3A_SL_2_FRP____20260415T044741_20260415T045241_20260415T082620_0299_138_190______MAR_O_NR_003.SEN3,0.05312707134192078,0.08394724284909688,0.0,0.06545513994479121,0.2877275699723956,Low,360
IND_S3_20260415_I068,India,2026-04-15,2026-04-15T04:47:41+00:00,isolated,-1,23.149464,82.29976,1,1.0,15.632561,15.632561,15.632561,0.83,0.0,0.83,0.83,high,Sentinel-3_SLSTR_FRP,1,S3A_SL_2_FRP____20260415T044741_20260415T045241_20260415T082620_0299_138_190______MAR_O_NR_003.SEN3,0.06067734199475005,0.09587758999716824,0.0,0.07475744119571733,0.2863787205978586,Low,360
IND_S3_20260415_I105,India,2026-04-15,2026-04-15T04:47:41+00:00,isolated,-1,23.119585,76.07122,1,1.0,14.01215,14.01215,14.01215,0.86,0.0,0.86,0.86,high,Sentinel-3_SLSTR_FRP,1,S3A_SL_2_FRP____20260415T044741_20260415T045241_20260415T082620_0299_138_190______MAR_O_NR_003.SEN3,0.04562298026960616,0.07208986506226102,0.0,0.0562097341866681,0.28610486709333405,Low,360
IND_S3_20260415_I295,India,2026-04-15,2026-04-15T16:58:57+00:00,isolated,-1,28.044333,69.8902,1,1.0,11.672405,11.672405,11.672405,0.91,0.0,0.91,0.91,high,Sentinel-3_SLSTR_FRP,1,S3B_SL_2_FRP____20260415T165857_20260415T170357_20260415T192211_0299_119_055______MAR_O_NR_003.SEN3,0.020738619718623504,0.03276954482715165,0.0,0.025550989762034765,0.2857754948810174,Low,360
IND_S3_20260415_I151,India,2026-04-15,2026-04-15T04:47:41+00:00,isolated,-1,17.8894,78.61255,1,1.0,16.625025,16.625025,16.625025,0.81,0.0,0.81,0.81,high,Sentinel-3_SLSTR_FRP,1,S3A_SL_2_FRP____20260415T044741_20260415T045241_20260415T082620_0299_138_190______MAR_O_NR_003.SEN3,0.06918946380825726,0.10932777911903205,0.0,0.08524478993256718,0.2856223949662836,Low,360
IND_S3_20260415_I035,India,2026-04-15,2026-04-15T04:47:41+00:00,isolated,-1,25.581488,78.49675,1,1.0,14.435364,14.435364,14.435364,0.85,0.0,0.85,0.85,high,Sentinel-3_SLSTR_FRP,1,S3A_SL_2_FRP____20260415T044741_20260415T045241_20260415T082620_0299_138_190______MAR_O_NR_003.SEN3,0.04970612183742617,0.07854172600853836,0.0,0.061240363505871045,0.2856201817529355,Low,360
IND_S3_20260415_I028,India,2026-04-15,2026-04-15T04:42:41+00:00,isolated,-1,26.386684,83.91572,1,1.0,14.785259,14.785259,14.785259,0.84,0.0,0.84,0.84,high,Sentinel-3_SLSTR_FRP,1,S3A_SL_2_FRP____20260415T044241_20260415T044741_20260415T082824_0299_138_190______MAR_O_NR_003.SEN3,0.052998218922564046,0.08374364033410377,0.0,0.06529638748717993,0.28464819374358996,Low,360
IND_S3_20260415_I264,India,2026-04-15,2026-04-15T16:53:57+00:00,isolated,-1,18.68427,73.03464,1,1.0,10.507253,10.507253,10.507253,0.93,0.0,0.93,0.93,high,Sentinel-3_SLSTR_FRP,1,S3B_SL_2_FRP____20260415T165357_20260415T165857_20260415T174707_0299_119_055______MAR_O_NR_003.SEN3,0.006573273454415636,0.01038657259008249,0.0,0.008098593108682377,0.2830492965543412,Low,360
IND_S3_20260415_I244,India,2026-04-15,2026-04-15T04:08:23+00:00,isolated,-1,18.883898,95.1349,1,1.0,17.150167,17.150167,17.150167,0.79,0.0,0.79,0.79,high,Sentinel-3_SLSTR_FRP,1,S3B_SL_2_FRP____20260415T040823_20260415T041323_20260415T060243_0299_119_047______MAR_O_NR_003.SEN3,0.07350151844928099,0.11614135059935875,0.0,0.09055745130931209,0.28227872565465606,Low,360
IND_S3_20260415_I232,India,2026-04-15,2026-04-15T04:08:23+00:00,isolated,-1,22.290447,94.03417,1,1.0,17.58858,17.58858,17.58858,0.78,0.0,0.78,0.78,high,Sentinel-3_SLSTR_FRP,1,S3B_SL_2_FRP____20260415T040823_20260415T041323_20260415T060243_0299_119_047______MAR_O_NR_003.SEN3,0.07700692164831627,0.12168031456256179,0.0,0.09487627881401448,0.28143813940700724,Low,360
IND_S3_20260415_I212,India,2026-04-15,2026-04-15T04:03:23+00:00,isolated,-1,30.002686,90.43035,1,1.0,16.901482,16.901482,16.901482,0.79,0.0,0.79,0.79,high,Sentinel-3_SLSTR_FRP,1,S3B_SL_2_FRP____20260415T040323_20260415T040823_20260415T060307_0299_119_047______MAR_O_NR_003.SEN3,0.07147528432938577,0.11293965392315307,0.0,0.08806103216689269,0.2810305160834463,Low,360
IND_S3_20260415_I036,India,2026-04-15,2026-04-15T04:47:41+00:00,isolated,-1,25.429129,78.78418,1,1.0,13.666328,13.666328,13.666328,0.85,0.0,0.85,0.85,high,Sentinel-3_SLSTR_FRP,1,S3A_SL_2_FRP____20260415T044741_20260415T045241_20260415T082620_0299_138_190______MAR_O_NR_003.SEN3,0.042200121904231655,0.06668133198903992,0.0,0.05199260593815496,0.28099630296907746,Low,360
IND_S3_20260415_I048,India,2026-04-15,2026-04-15T04:47:41+00:00,isolated,-1,24.145117,81.77111,1,1.0,12.910602,12.910602,12.910602,0.86,0.0,0.86,0.86,high,Sentinel-3_SLSTR_FRP,1,S3A_SL_2_FRP____20260415T044741_20260415T045241_20260415T082620_0299_138_190______MAR_O_NR_003.SEN3,0.03443034865111953,0.05440414400019718,0.0,0.04241986679075059,0.2792099333953753,Low,360
IND_S3_20260415_I081,India,2026-04-15,2026-04-15T04:47:41+00:00,isolated,-1,23.60774,78.2259,1,1.0,13.257707,13.257707,13.257707,0.85,0.0,0.85,0.85,high,Sentinel-3_SLSTR_FRP,1,S3A_SL_2_FRP____20260415T044741_20260415T045241_20260415T082620_0299_138_190______MAR_O_NR_003.SEN3,0.038050113480322875,0.060123813266701236,0.0,0.04687959339487422,0.2784397966974371,Low,360
IND_S3_20260415_I198,India,2026-04-15,2026-04-15T15:57:32+00:00,isolated,-1,27.736238,82.827065,1,1.0,10.675992,10.675992,10.675992,0.91,0.0,0.91,0.91,high,Sentinel-3_SLSTR_FRP,1,S3A_SL_2_FRP____20260415T155732_20260415T160232_20260415T182256_0299_138_197______MAR_O_NR_003.SEN3,0.008711270962661269,0.013764869031088062,0.0,0.010732710190031986,0.278366355095016,Low,360
IND_S3_20260415_I039,India,2026-04-15,2026-04-15T04:47:41+00:00,isolated,-1,24.878744,81.08323,1,1.0,13.608858,13.608858,13.608858,0.84,0.0,0.84,0.84,high,Sentinel-3_SLSTR_FRP,1,S3A_SL_2_FRP____20260415T044741_20260415T045241_20260415T082620_0299_138_190______MAR_O_NR_003.SEN3,0.041623487738025496,0.06577017978051607,0.0,0.05128216455502173,0.2776410822775109,Low,360
IND_S3_20260415_I137,India,2026-04-15,2026-04-15T04:47:41+00:00,isolated,-1,19.239235,80.05771,1,1.0,13.579079,13.579079,13.579079,0.84,0.0,0.84,0.84,high,Sentinel-3_SLSTR_FRP,1,S3A_SL_2_FRP____20260415T044741_20260415T045241_20260415T082620_0299_138_190______MAR_O_NR_003.SEN3,0.0413238026458609,0.0652966408374736,0.0,0.05091293792250598,0.277456468961253,Low,360
IND_S3_20260415_I066,India,2026-04-15,2026-04-15T04:47:41+00:00,isolated,-1,24.01996,79.25927,1,1.0,13.996042,13.996042,13.996042,0.83,0.0,0.83,0.83,high,Sentinel-3_SLSTR_FRP,1,S3A_SL_2_FRP____20260415T044741_20260415T045241_20260415T082620_0299_138_190______MAR_O_NR_003.SEN3,0.045465306259897795,0.07184072092444867,0.0,0.05601547212571814,0.27700773606285906,Low,360
IND_S3_20260415_I251,India,2026-04-15,2026-04-15T05:45:46+00:00,isolated,-1,22.5059,70.938194,1,1.0,14.47285,14.47285,14.47285,0.82,0.0,0.82,0.82,high,Sentinel-3_SLSTR_FRP,1,S3B_SL_2_FRP____20260415T054546_20260415T055046_20260415T074634_0299_119_048______MAR_O_NR_003.SEN3,0.050062370860875234,0.07910464285170028,0.0,0.06167927965720525,0.2768396398286026,Low,360
IND_S3_20260415_I210,India,2026-04-15,2026-04-15T04:03:23+00:00,isolated,-1,31.170914,87.71507,1,1.0,18.987202,18.987202,18.987202,0.74,0.0,0.74,0.74,high,Sentinel-3_SLSTR_FRP,1,S3B_SL_2_FRP____20260415T040323_20260415T040823_20260415T060307_0299_119_047______MAR_O_NR_003.SEN3,0.08766145178971835,0.13851576975765265,0.0,0.10800317897689207,0.27600158948844605,Low,360
IND_S3_20260415_I240,India,2026-04-15,2026-04-15T04:08:23+00:00,isolated,-1,21.052805,93.892876,1,1.0,21.635555,21.635555,21.635555,0.69,0.0,0.69,0.69,high,Sentinel-3_SLSTR_FRP,1,S3B_SL_2_FRP____20260415T040823_20260415T041323_20260415T060243_0299_119_047______MAR_O_NR_003.SEN3,0.1059362439853647,0.16739216703901727,0.0,0.13051861320682573,0.27225930660341285,Low,360
IND_S3_20260415_I114,India,2026-04-15,2026-04-15T04:47:41+00:00,isolated,-1,21.66114,81.41471,1,1.0,12.677212,12.677212,12.677212,0.84,0.0,0.84,0.84,high,Sentinel-3_SLSTR_FRP,1,S3A_SL_2_FRP____20260415T044741_20260415T045241_20260415T082620_0299_138_190______MAR_O_NR_003.SEN3,0.03194530744122052,0.050477476245545376,0.0,0.039358174962950465,0.27167908748147523,Low,360
IND_S3_20260415_I208,India,2026-04-15,2026-04-15T04:03:23+00:00,isolated,-1,32.142742,87.86988,1,1.0,18.239035,18.239035,18.239035,0.73,0.0,0.73,0.73,high,Sentinel-3_SLSTR_FRP,1,S3B_SL_2_FRP____20260415T040323_20260415T040823_20260415T060307_0299_119_047______MAR_O_NR_003.SEN3,0.08205829401900575,0.12966209809424473,0.0,0.10109981564910134,0.2695499078245507,Low,360
IND_S3_20260415_I206,India,2026-04-15,2026-04-15T04:03:23+00:00,isolated,-1,36.292797,94.19786,1,1.0,18.628008,18.628008,18.628008,0.72,0.0,0.72,0.72,high,Sentinel-3_SLSTR_FRP,1,S3B_SL_2_FRP____20260415T040323_20260415T040823_20260415T060307_0299_119_047______MAR_O_NR_003.SEN3,0.08499804629010636,0.13430726470299656,0.0,0.10472173365526244,0.2683608668276312,Low,360
IND_S3_20260415_I157,India,2026-04-15,2026-04-15T04:47:41+00:00,isolated,-1,16.305845,78.91474,1,1.0,12.512902,12.512902,12.512902,0.83,0.0,0.83,0.83,high,Sentinel-3_SLSTR_FRP,1,S3A_SL_2_FRP____20260415T044741_20260415T045241_20260415T082620_0299_138_190______MAR_O_NR_003.SEN3,0.030170233154159013,0.04767264269294639,0.0,0.03717119696967396,0.26758559848483693,Low,360
IND_S3_20260415_I197,India,2026-04-15,2026-04-15T15:57:32+00:00,isolated,-1,27.343662,82.66679,1,1.0,11.570711,11.570711,11.570711,0.85,0.0,0.85,0.85,high,Sentinel-3_SLSTR_FRP,1,S3A_SL_2_FRP____20260415T155732_20260415T160232_20260415T182256_0299_138_197______MAR_O_NR_003.SEN3,0.019555270316222544,0.030899708656071348,0.0,0.024093045652162068,0.26704652282608105,Low,360
IND_S3_20260415_I222,India,2026-04-15,2026-04-15T04:08:23+00:00,isolated,-1,23.837734,92.08178,1,1.0,19.246876,19.246876,19.246876,0.7,0.0,0.7,0.7,high,Sentinel-3_SLSTR_FRP,1,S3B_SL_2_FRP____20260415T040823_20260415T041323_20260415T060243_0299_119_047______MAR_O_NR_003.SEN3,0.08955727887600375,0.14151140743901522,0.0,0.11033893030120834,0.26516946515060413,Low,360
IND_S3_20260415_I044,India,2026-04-15,2026-04-15T04:47:41+00:00,isolated,-1,24.653133,80.72787,1,1.0,12.099538,12.099538,12.099538,0.83,0.0,0.83,0.83,high,Sentinel-3_SLSTR_FRP,1,S3A_SL_2_FRP____20260415T044741_20260415T045241_20260415T082620_0299_138_190______MAR_O_NR_003.SEN3,0.025607330899455345,0.04046270143329983,0.0,0.03154947911299314,0.26477473955649655,Low,360
IND_S3_20260415_I214,India,2026-04-15,2026-04-15T04:03:23+00:00,isolated,-1,29.144127,87.7411,1,1.0,15.853152,15.853152,15.853152,0.75,0.0,0.75,0.75,high,Sentinel-3_SLSTR_FRP,1,S3B_SL_2_FRP____20260415T040323_20260415T040823_20260415T060307_0299_119_047______MAR_O_NR_003.SEN3,0.06261239470919838,0.09893520894815717,0.0,0.0771415204047819,0.2635707602023909,Low,360
IND_S3_20260415_I012,India,2026-04-15,2026-04-15T04:42:41+00:00,isolated,-1,28.146345,81.05442,1,1.0,13.338067,13.338067,13.338067,0.79,0.0,0.79,0.79,high,Sentinel-3_SLSTR_FRP,1,S3A_SL_2_FRP____20260415T044241_20260415T044741_20260415T082824_0299_138_190______MAR_O_NR_003.SEN3,0.038875576257966206,0.061428144985115306,0.0,0.047896603748825844,0.2609483018744129,Low,360
IND_S3_20260415_I258,India,2026-04-15,2026-04-15T15:14:22+00:00,isolated,-1,22.528025,96.366005,1,1.0,10.975397,10.975397,10.975397,0.84,0.0,0.84,0.84,high,Sentinel-3_SLSTR_FRP,1,S3B_SL_2_FRP____20260415T151422_20260415T151922_20260415T160915_0299_119_054______MAR_O_NR_003.SEN3,0.012429908743901333,0.019640769603142826,0.0,0.01531425308759793,0.25965712654379897,Low,360
IND_S3_20260415_I139,India,2026-04-15,2026-04-15T04:47:41+00:00,isolated,-1,19.07362,79.29524,1,1.0,12.588388,12.588388,12.588388,0.8,0.0,0.8,0.8,high,Sentinel-3_SLSTR_FRP,1,S3A_SL_2_FRP____20260415T044741_20260415T045241_20260415T082620_0299_138_190______MAR_O_NR_003.SEN3,0.03098838864926554,0.04896542801502824,0.0,0.03817920439557062,0.2590896021977853,Low,360
IND_S3_20260415_I110,India,2026-04-15,2026-04-15T04:47:41+00:00,isolated,-1,22.922756,76.08349,1,1.0,12.812415,12.812415,12.812415,0.79,0.0,0.79,0.79,high,Sentinel-3_SLSTR_FRP,1,S3A_SL_2_FRP____20260415T044741_20260415T045241_20260415T082620_0299_138_190______MAR_O_NR_003.SEN3,0.03339001272886405,0.05276028654477391,0.0,0.04113812225522799,0.25756906112761396,Low,360
IND_S3_20260415_I001,India,2026-04-15,2026-04-15T04:42:41+00:00,isolated,-1,37.138577,84.37272,1,1.0,11.46213,11.46213,11.46213,0.82,0.0,0.82,0.82,high,Sentinel-3_SLSTR_FRP,1,S3A_SL_2_FRP____20260415T044241_20260415T044741_20260415T082824_0299_138_190______MAR_O_NR_003.SEN3,0.018281166844444738,0.028886470002808477,0.0,0.02252328810779023,0.25726164405389507,Low,360
IND_S3_20260415_I160,India,2026-04-15,2026-04-15T04:47:41+00:00,isolated,-1,15.65489,78.86372,1,1.0,12.670713,12.670713,12.670713,0.79,0.0,0.79,0.79,high,Sentinel-3_SLSTR_FRP,1,S3A_SL_2_FRP____20260415T044741_20260415T045241_20260415T082620_0299_138_190______MAR_O_NR_003.SEN3,0.031875503419625785,0.05036717739027923,0.0,0.039272173007887164,0.2566360865039436,Low,360
IND_S3_20260415_I167,India,2026-04-15,2026-04-15T04:47:41+00:00,isolated,-1,14.360258,78.86701,1,1.0,13.604153,13.604153,13.604153,0.77,0.0,0.77,0.77,high,Sentinel-3_SLSTR_FRP,1,S3A_SL_2_FRP____20260415T044741_20260415T045241_20260415T082620_0299_138_190______MAR_O_NR_003.SEN3,0.04157617897546023,0.06569542617412213,0.0,0.05122387785492499,0.2566119389274625,Low,360
IND_S3_20260415_I112,India,2026-04-15,2026-04-15T04:47:41+00:00,isolated,-1,22.490288,77.464935,1,1.0,11.725058,11.725058,11.725058,0.81,0.0,0.81,0.81,high,Sentinel-3_SLSTR_FRP,1,S3A_SL_2_FRP____20260415T044741_20260415T045241_20260415T082620_0299_138_190______MAR_O_NR_003.SEN3,0.02134758381230116,0.03373178225841017,0.0,0.026301263190744766,0.2561506315953724,Low,360
IND_S3_20260415_I169,India,2026-04-15,2026-04-15T04:47:41+00:00,isolated,-1,14.923796,75.318794,1,1.0,15.485662,15.485662,15.485662,0.73,0.0,0.73,0.73,high,Sentinel-3_SLSTR_FRP,1,S3A_SL_2_FRP____20260415T044741_20260415T045241_20260415T082620_0299_138_190______MAR_O_NR_003.SEN3,0.059374436424735715,0.09381884052100183,0.0,0.07315219806324216,0.2555760990316211,Low,360
IND_S3_20260415_I024,India,2026-04-15,2026-04-15T04:42:41+00:00,isolated,-1,26.983873,82.986725,1,1.0,10.786641,10.786641,10.786641,0.83,0.0,0.83,0.83,high,Sentinel-3_SLSTR_FRP,1,S3A_SL_2_FRP____20260415T044241_20260415T044741_20260415T082824_0299_138_190______MAR_O_NR_003.SEN3,0.010096533995383135,0.015953753328311112,0.0,0.012439421728554325,0.25521971086427714,Low,360
IND_S3_20260415_I002,India,2026-04-15,2026-04-15T04:42:41+00:00,isolated,-1,32.988712,83.32142,1,1.0,14.418657,14.418657,14.418657,0.74,0.0,0.74,0.74,high,Sentinel-3_SLSTR_FRP,1,S3A_SL_2_FRP____20260415T044241_20260415T044741_20260415T082824_0299_138_190______MAR_O_NR_003.SEN3,0.04954706768067,0.07829040107030799,0.0,0.0610444010365252,0.2525222005182626,Low,360
IND_S3_20260415_I213,India,2026-04-15,2026-04-15T04:03:23+00:00,isolated,-1,29.648514,88.85057,1,1.0,19.094776,19.094776,19.094776,0.66,0.0,0.66,0.66,medium,Sentinel-3_SLSTR_FRP,1,S3B_SL_2_FRP____20260415T040323_20260415T040823_20260415T060307_0299_119_047______MAR_O_NR_003.SEN3,0.0884497989258723,0.13976145424235123,0.0,0.10897446105246388,0.25248723052623195,Low,360
IND_S3_20260415_I053,India,2026-04-15,2026-04-15T04:47:41+00:00,isolated,-1,25.049128,76.45298,1,1.0,13.847589,13.847589,13.847589,0.75,0.0,0.75,0.75,high,Sentinel-3_SLSTR_FRP,1,S3A_SL_2_FRP____20260415T044741_20260415T045241_20260415T082620_0299_138_190______MAR_O_NR_003.SEN3,0.044004141537504135,0.06953190271378765,0.0,0.05421524600801754,0.25210762300400874,Low,360
IND_S3_20260415_I247,India,2026-04-15,2026-04-15T04:08:23+00:00,isolated,-1,18.53909,94.44758,1,1.0,20.368834,20.368834,20.368834,0.64,0.0,0.64,0.64,medium,Sentinel-3_SLSTR_FRP,1,S3B_SL_2_FRP____20260415T040823_20260415T041323_20260415T060243_0299_119_047______MAR_O_NR_003.SEN3,0.09747833014662054,0.15402763311904674,0.0,0.12009805133559102,0.2520490256677955,Low,360
IND_S3_20260415_I211,India,2026-04-15,2026-04-15T04:03:23+00:00,isolated,-1,30.901304,86.6615,1,1.0,18.247993,18.247993,18.247993,0.67,0.0,0.67,0.67,high,Sentinel-3_SLSTR_FRP,1,S3B_SL_2_FRP____20260415T040323_20260415T040823_20260415T060307_0299_119_047______MAR_O_NR_003.SEN3,0.08212666234863926,0.12977012838136506,0.0,0.1011840487617296,0.2515920243808648,Low,360
IND_S3_20260415_I073,India,2026-04-15,2026-04-15T04:47:41+00:00,isolated,-1,23.958841,77.831635,1,1.0,11.442333,11.442333,11.442333,0.8,0.0,0.8,0.8,high,Sentinel-3_SLSTR_FRP,1,S3A_SL_2_FRP____20260415T044741_20260415T045241_20260415T082620_0299_138_190______MAR_O_NR_003.SEN3,0.018047670238530777,0.0285175169288672,0.0,0.022235608914665347,0.25111780445733267,Low,360
IND_S3_20260415_I293,India,2026-04-15,2026-04-15T16:58:57+00:00,isolated,-1,24.771402,76.891426,1,1.0,13.164657,13.164657,13.164657,0.76,0.0,0.76,0.76,high,Sentinel-3_SLSTR_FRP,1,S3B_SL_2_FRP____20260415T165857_20260415T170357_20260415T192211_0299_119_055______MAR_O_NR_003.SEN3,0.0370884657492855,0.05860429273651575,0.0,0.0456947965441776,0.2508473982720888,Low,360
IND_S3_20260415_I056,India,2026-04-15,2026-04-15T04:47:41+00:00,isolated,-1,24.538412,78.6492,1,1.0,12.119226,12.119226,12.119226,0.78,0.0,0.78,0.78,high,Sentinel-3_SLSTR_FRP,1,S3A_SL_2_FRP____20260415T044741_20260415T045241_20260415T082620_0299_138_190______MAR_O_NR_003.SEN3,0.02582790156172743,0.0408112299420891,0.0,0.031821232913872094,0.24991061645693602,Low,360
IND_S3_20260415_I080,India,2026-04-15,2026-04-15T04:47:41+00:00,isolated,-1,23.69792,77.797516,1,1.0,12.500265,12.500265,12.500265,0.77,0.0,0.77,0.77,high,Sentinel-3_SLSTR_FRP,1,S3A_SL_2_FRP____20260415T044741_20260415T045241_20260415T082620_0299_138_190______MAR_O_NR_003.SEN3,0.03003282047951049,0.04745551393207375,0.0,0.037001897860535794,0.2495009489302679,Low,360
IND_S3_20260415_C032,India,2026-04-15,2026-04-15T04:03:23+00:00,clustered,32,31.6838295,89.56741,4,2.1049625852015676,14.871255000000001,17.425003,59.485020000000006,0.3575,0.0,0.0,0.73,high,Sentinel-3_SLSTR_FRP,1,S3B_SL_2_FRP____20260415T040323_20260415T040823_20260415T060307_0299_119_047______MAR_O_NR_003.SEN3,0.2502893243296914,0.11962909202908076,0.21425351111696525,0.19802523140944717,0.24911331792811664,Low,360
IND_S3_20260415_I029,India,2026-04-15,2026-04-15T04:42:41+00:00,isolated,-1,25.006973,85.46091,1,1.0,13.164543,13.164543,13.164543,0.75,0.0,0.75,0.75,high,Sentinel-3_SLSTR_FRP,1,S3A_SL_2_FRP____20260415T044241_20260415T044741_20260415T082824_0299_138_190______MAR_O_NR_003.SEN3,0.037087283718411766,0.058602424983780536,0.0,0.04569334022455927,0.24784667011227962,Low,360
IND_S3_20260415_I287,India,2026-04-15,2026-04-15T16:58:57+00:00,isolated,-1,23.957863,77.67076,1,1.0,13.623754,13.623754,13.623754,0.74,0.0,0.74,0.74,high,Sentinel-3_SLSTR_FRP,1,S3B_SL_2_FRP____20260415T165857_20260415T170357_20260415T192211_0299_119_055______MAR_O_NR_003.SEN3,0.04177316656060296,0.06600669054896045,0.0,0.051466576155945964,0.24773328807797299,Low,360
IND_S3_20260415_I119,India,2026-04-15,2026-04-15T04:47:41+00:00,isolated,-1,21.14271,81.86474,1,1.0,11.304392,11.304392,11.304392,0.79,0.0,0.79,0.79,high,Sentinel-3_SLSTR_FRP,1,S3A_SL_2_FRP____20260415T044741_20260415T045241_20260415T082620_0299_138_190______MAR_O_NR_003.SEN3,0.01641033195991234,0.025930323043913735,0.0,0.020218328393512897,0.24710916419675644,Low,360
IND_S3_20260415_I172,India,2026-04-15,2026-04-15T04:47:41+00:00,isolated,-1,14.165827,77.48586,1,1.0,11.109309,11.109309,11.109309,0.79,0.0,0.79,0.79,high,Sentinel-3_SLSTR_FRP,1,S3A_SL_2_FRP____20260415T044741_20260415T045241_20260415T082620_0299_138_190______MAR_O_NR_003.SEN3,0.014063114499152854,0.02222143359789344,0.0,0.01732644213864909,0.24566322106932453,Low,360
IND_S3_20260415_I159,India,2026-04-15,2026-04-15T04:47:41+00:00,isolated,-1,15.837331,79.060524,1,1.0,12.374721,12.374721,12.374721,0.76,0.0,0.76,0.76,high,Sentinel-3_SLSTR_FRP,1,S3A_SL_2_FRP____20260415T044741_20260415T045241_20260415T082620_0299_138_190______MAR_O_NR_003.SEN3,0.028660646582615988,0.04528731206353028,0.0,0.03531131277498171,0.24565565638749084,Low,360
IND_S3_20260415_I061,India,2026-04-15,2026-04-15T04:47:41+00:00,isolated,-1,24.38702,78.65062,1,1.0,10.905946,10.905946,10.905946,0.79,0.0,0.79,0.79,high,Sentinel-3_SLSTR_FRP,1,S3A_SL_2_FRP____20260415T044741_20260415T045241_20260415T082620_0299_138_190______MAR_O_NR_003.SEN3,0.011575670008313181,0.018290968366669637,0.0,0.014261789351655764,0.24413089467582788,Low,360
IND_S3_20260415_I282,India,2026-04-15,2026-04-15T16:58:57+00:00,isolated,-1,23.770092,77.695015,1,1.0,14.459128,14.459128,14.459128,0.71,0.0,0.71,0.71,high,Sentinel-3_SLSTR_FRP,1,S3B_SL_2_FRP____20260415T165857_20260415T170357_20260415T192211_0299_119_055______MAR_O_NR_003.SEN3,0.04993206377572602,0.07889874178759726,0.0,0.06151873498047451,0.24375936749023724,Low,360
IND_S3_20260415_I033,India,2026-04-15,2026-04-15T04:47:41+00:00,isolated,-1,24.906803,83.030136,1,1.0,10.585906,10.585906,10.585906,0.79,0.0,0.79,0.79,high,Sentinel-3_SLSTR_FRP,1,S3A_SL_2_FRP____20260415T044741_20260415T045241_20260415T082620_0299_138_190______MAR_O_NR_003.SEN3,0.007573715429743709,0.011967392750839719,0.0,0.009331186358182114,0.24166559317909103,Low,360
IND_S3_20260415_I252,India,2026-04-15,2026-04-15T05:50:46+00:00,isolated,-1,21.678574,70.26884,1,1.0,11.715955,11.715955,11.715955,0.76,0.0,0.76,0.76,high,Sentinel-3_SLSTR_FRP,1,S3B_SL_2_FRP____20260415T055046_20260415T055546_20260415T074233_0299_119_048______MAR_O_NR_003.SEN3,0.021242482426925422,0.033565709269648386,0.0,0.02617177316401461,0.24108588658200727,Low,360
IND_S3_20260415_I150,India,2026-04-15,2026-04-15T04:47:41+00:00,isolated,-1,17.768541,80.43338,1,1.0,12.412684,12.412684,12.412684,0.74,0.0,0.74,0.74,high,Sentinel-3_SLSTR_FRP,1,S3A_SL_2_FRP____20260415T044741_20260415T045241_20260415T082620_0299_138_190______MAR_O_NR_003.SEN3,0.02907692936732451,0.04594508956074854,0.0,0.03582419344469412,0.23991209672234706,Low,360
IND_S3_20260415_I020,India,2026-04-15,2026-04-15T04:42:41+00:00,isolated,-1,27.95525,80.13702,1,1.0,12.285728,12.285728,12.285728,0.73,0.0,0.73,0.73,high,Sentinel-3_SLSTR_FRP,1,S3A_SL_2_FRP____20260415T044241_20260415T044741_20260415T082824_0299_138_190______MAR_O_NR_003.SEN3,0.027680145042159408,0.04373800021833407,0.0,0.03410328711262928,0.23605164355631464,Low,360
IND_S3_20260415_I026,India,2026-04-15,2026-04-15T04:42:41+00:00,isolated,-1,27.935284,77.21089,1,1.0,12.602757,12.602757,12.602757,0.72,0.0,0.72,0.72,high,Sentinel-3_SLSTR_FRP,1,S3A_SL_2_FRP____20260415T044241_20260415T044741_20260415T082824_0299_138_190______MAR_O_NR_003.SEN3,0.031143612112423325,0.04921069999084864,0.0,0.03837044726379345,0.23518522363189673,Low,360
IND_S3_20260415_I074,India,2026-04-15,2026-04-15T04:47:41+00:00,isolated,-1,23.991245,77.558014,1,1.0,10.515877,10.515877,10.515877,0.77,0.0,0.77,0.77,high,Sentinel-3_SLSTR_FRP,1,S3A_SL_2_FRP____20260415T044741_20260415T045241_20260415T082620_0299_138_190______MAR_O_NR_003.SEN3,0.006683301318340343,0.010560430014927336,0.0,0.00823415279697514,0.23511707639848756,Low,360
IND_S3_20260415_I203,India,2026-04-15,2026-04-15T15:57:32+00:00,isolated,-1,28.495037,81.994385,1,1.0,10.602578,10.602578,10.602578,0.76,0.0,0.76,0.76,high,Sentinel-3_SLSTR_FRP,1,S3A_SL_2_FRP____20260415T155732_20260415T160232_20260415T182256_0299_138_197______MAR_O_NR_003.SEN3,0.007784905599432571,0.012301098938935648,0.0,0.009591382935233803,0.2327956914676169,Low,360
IND_S3_20260415_I155,India,2026-04-15,2026-04-15T04:47:41+00:00,isolated,-1,16.56968,78.76889,1,1.0,11.612181,11.612181,11.612181,0.73,0.0,0.73,0.73,high,Sentinel-3_SLSTR_FRP,1,S3A_SL_2_FRP____20260415T044741_20260415T045241_20260415T082620_0299_138_190______MAR_O_NR_003.SEN3,0.020038982586513307,0.03166403295247098,0.0,0.024689002732896377,0.23134450136644819,Low,360
IND_S3_20260415_I122,India,2026-04-15,2026-04-15T04:47:41+00:00,isolated,-1,21.179356,80.6794,1,1.0,10.766697,10.766697,10.766697,0.75,0.0,0.75,0.75,high,Sentinel-3_SLSTR_FRP,1,S3A_SL_2_FRP____20260415T044741_20260415T045241_20260415T082620_0299_138_190______MAR_O_NR_003.SEN3,0.009847809714368794,0.015560738673194926,0.0,0.012132981297899248,0.2310664906489496,Low,360
IND_S3_20260415_I027,India,2026-04-15,2026-04-15T04:42:41+00:00,isolated,-1,26.800547,82.97997,1,1.0,11.517784,11.517784,11.517784,0.73,0.0,0.73,0.73,high,Sentinel-3_SLSTR_FRP,1,S3A_SL_2_FRP____20260415T044241_20260415T044741_20260415T082824_0299_138_190______MAR_O_NR_003.SEN3,0.01893559871729535,0.029920552062495248,0.0,0.02332958005537531,0.23066479002768767,Low,360
IND_S3_20260415_I276,India,2026-04-15,2026-04-15T16:58:57+00:00,isolated,-1,23.567213,77.657326,1,1.0,13.694467,13.694467,13.694467,0.68,0.0,0.68,0.68,high,Sentinel-3_SLSTR_FRP,1,S3B_SL_2_FRP____20260415T165857_20260415T170357_20260415T192211_0299_119_055______MAR_O_NR_003.SEN3,0.04248163542668024,0.06712615763888989,0.0,0.05233944431156411,0.23016972215578207,Low,360
IND_S3_20260415_I153,India,2026-04-15,2026-04-15T04:47:41+00:00,isolated,-1,17.628126,78.97153,1,1.0,10.946643,10.946643,10.946643,0.73,0.0,0.73,0.73,high,Sentinel-3_SLSTR_FRP,1,S3A_SL_2_FRP____20260415T044741_20260415T045241_20260415T082620_0299_138_190______MAR_O_NR_003.SEN3,0.012076840591770653,0.01908287892404927,0.0,0.0148792559246821,0.22643962796234104,Low,360
IND_S3_20260415_I277,India,2026-04-15,2026-04-15T16:58:57+00:00,isolated,-1,23.656792,77.472534,1,1.0,13.4656315,13.4656315,13.4656315,0.67,0.0,0.67,0.67,high,Sentinel-3_SLSTR_FRP,1,S3B_SL_2_FRP____20260415T165857_20260415T170357_20260415T192211_0299_119_055______MAR_O_NR_003.SEN3,0.04017647260291369,0.06348371964098076,0.0,0.04949937141814052,0.22574968570907028,Low,360
IND_S3_20260415_I011,India,2026-04-15,2026-04-15T04:42:41+00:00,isolated,-1,28.210665,81.39469,1,1.0,13.245107,13.245107,13.245107,0.67,0.0,0.67,0.67,high,Sentinel-3_SLSTR_FRP,1,S3A_SL_2_FRP____20260415T044241_20260415T044741_20260415T082824_0299_138_190______MAR_O_NR_003.SEN3,0.03792026373149087,0.059918634849676515,0.0,0.04671961217876513,0.22435980608938258,Low,360
IND_S3_20260415_I142,India,2026-04-15,2026-04-15T04:47:41+00:00,isolated,-1,18.545809,80.579666,1,1.0,11.827015,11.827015,11.827015,0.7,0.0,0.7,0.7,high,Sentinel-3_SLSTR_FRP,1,S3A_SL_2_FRP____20260415T044741_20260415T045241_20260415T082620_0299_138_190______MAR_O_NR_003.SEN3,0.022519648260458096,0.035583786827436466,0.0,0.027745303687249444,0.2238726518436247,Low,360
IND_S3_20260415_I170,India,2026-04-15,2026-04-15T04:47:41+00:00,isolated,-1,14.685971,76.29283,1,1.0,12.23992,12.23992,12.23992,0.69,0.0,0.69,0.69,high,Sentinel-3_SLSTR_FRP,1,S3A_SL_2_FRP____20260415T044741_20260415T045241_20260415T082620_0299_138_190______MAR_O_NR_003.SEN3,0.02717288104504979,0.04293646132529211,0.0,0.033478313157146715,0.22373915657857335,Low,360
IND_S3_20260415_I234,India,2026-04-15,2026-04-15T04:08:23+00:00,isolated,-1,21.833136,93.73785,1,1.0,14.0942,14.0942,14.0942,0.65,0.0,0.65,0.65,medium,Sentinel-3_SLSTR_FRP,1,S3B_SL_2_FRP____20260415T040823_20260415T041323_20260415T060243_0299_119_047______MAR_O_NR_003.SEN3,0.046423514365172114,0.07335480642703056,0.0,0.057196031189915494,0.22359801559495776,Low,360
IND_S3_20260415_I162,India,2026-04-15,2026-04-15T04:47:41+00:00,isolated,-1,15.563707,78.657875,1,1.0,13.574448,13.574448,13.574448,0.66,0.0,0.66,0.66,medium,Sentinel-3_SLSTR_FRP,1,S3A_SL_2_FRP____20260415T044741_20260415T045241_20260415T082620_0299_138_190______MAR_O_NR_003.SEN3,0.041277142943879984,0.06522291282584936,0.0,0.05085545089666774,0.2234277254483339,Low,360
IND_S3_20260415_I262,India,2026-04-15,2026-04-15T16:53:57+00:00,isolated,-1,18.678202,76.416664,1,1.0,10.695558,10.695558,10.695558,0.72,0.0,0.72,0.72,high,Sentinel-3_SLSTR_FRP,1,S3B_SL_2_FRP____20260415T165357_20260415T165857_20260415T174707_0299_119_055______MAR_O_NR_003.SEN3,0.008957179107912142,0.014153433848732305,0.0,0.011035681004240207,0.2215178405021201,Low,360
IND_S3_20260415_I202,India,2026-04-15,2026-04-15T15:57:32+00:00,isolated,-1,28.86215,81.48802,1,1.0,10.568136,10.568136,10.568136,0.72,0.0,0.72,0.72,high,Sentinel-3_SLSTR_FRP,1,S3A_SL_2_FRP____20260415T155732_20260415T160232_20260415T182256_0299_138_197______MAR_O_NR_003.SEN3,0.0073482816588831225,0.011611179938222499,0.0,0.009053440970618873,0.22052672048530944,Low,360
IND_S3_20260415_I191,India,2026-04-15,2026-04-15T15:57:32+00:00,isolated,-1,22.034166,83.74809,1,1.0,17.374678,17.374678,17.374678,0.58,0.0,0.58,0.58,medium,Sentinel-3_SLSTR_FRP,1,S3A_SL_2_FRP____20260415T155732_20260415T160232_20260415T182256_0299_138_197______MAR_O_NR_003.SEN3,0.07530708288445832,0.11899436229925127,0.0,0.09278199465037551,0.22039099732518774,Low,360
IND_S3_20260415_I041,India,2026-04-15,2026-04-15T04:47:41+00:00,isolated,-1,25.070524,79.730316,1,1.0,10.115679,10.115679,10.115679,0.73,0.0,0.73,0.73,high,Sentinel-3_SLSTR_FRP,1,S3A_SL_2_FRP____20260415T044741_20260415T045241_20260415T082620_0299_138_190______MAR_O_NR_003.SEN3,0.0014885584888780557,0.002352103697881212,0.0,0.0018339765724793183,0.21991698828623965,Low,360
IND_S3_20260415_I168,India,2026-04-15,2026-04-15T04:47:41+00:00,isolated,-1,14.29295,78.57287,1,1.0,12.271007,12.271007,12.271007,0.67,0.0,0.67,0.67,high,Sentinel-3_SLSTR_FRP,1,S3A_SL_2_FRP____20260415T044741_20260415T045241_20260415T082620_0299_138_190______MAR_O_NR_003.SEN3,0.02751732009102445,0.04348071696575559,0.0,0.033902678840916904,0.21795133942045847,Low,360
IND_S3_20260415_I241,India,2026-04-15,2026-04-15T04:08:23+00:00,isolated,-1,21.151854,93.01018,1,1.0,15.63738,15.63738,15.63738,0.59,0.0,0.59,0.59,medium,Sentinel-3_SLSTR_FRP,1,S3B_SL_2_FRP____20260415T040823_20260415T041323_20260415T060243_0299_119_047______MAR_O_NR_003.SEN3,0.06071988842992979,0.09594481854630867,0.0,0.07480986047648135,0.21440493023824067,Low,360
IND_S3_20260415_I004,India,2026-04-15,2026-04-15T04:42:41+00:00,isolated,-1,30.757336,81.25486,1,1.0,11.191538,11.191538,11.191538,0.68,0.0,0.68,0.68,high,Sentinel-3_SLSTR_FRP,1,S3A_SL_2_FRP____20260415T044241_20260415T044741_20260415T082824_0299_138_190______MAR_O_NR_003.SEN3,0.015057062202405724,0.023791992017860995,0.0,0.018551034128587832,0.21327551706429393,Low,360
IND_S3_20260415_I239,India,2026-04-15,2026-04-15T04:08:23+00:00,isolated,-1,21.059958,93.99412,1,1.0,13.564487,13.564487,13.564487,0.62,0.0,0.62,0.62,medium,Sentinel-3_SLSTR_FRP,1,S3B_SL_2_FRP____20260415T040823_20260415T041323_20260415T060243_0299_119_047______MAR_O_NR_003.SEN3,0.04117673049436967,0.06506424892680128,0.0,0.050731737867342315,0.21136586893367115,Low,360
IND_S3_20260415_I219,India,2026-04-15,2026-04-15T04:08:23+00:00,isolated,-1,23.730453,93.83918,1,1.0,16.829355,16.829355,16.829355,0.53,0.0,0.53,0.53,medium,Sentinel-3_SLSTR_FRP,1,S3B_SL_2_FRP____20260415T040823_20260415T041323_20260415T060243_0299_119_047______MAR_O_NR_003.SEN3,0.07088234050762372,0.11200273047256463,0.0,0.08733049649360008,0.20266524824680004,Low,360
IND_S3_20260415_I134,India,2026-04-15,2026-04-15T04:47:41+00:00,isolated,-1,19.251558,80.758705,1,1.0,10.776259,10.776259,10.776259,0.64,0.0,0.64,0.64,medium,Sentinel-3_SLSTR_FRP,1,S3A_SL_2_FRP____20260415T044741_20260415T045241_20260415T082620_0299_138_190______MAR_O_NR_003.SEN3,0.009967111254852517,0.015749249636406178,0.0,0.01227996660747398,0.198139983303737,Low,360
IND_S3_20260415_I051,India,2026-04-15,2026-04-15T04:47:41+00:00,isolated,-1,23.55237,84.17177,1,1.0,12.807496,12.807496,12.807496,0.59,0.0,0.59,0.59,medium,Sentinel-3_SLSTR_FRP,1,S3A_SL_2_FRP____20260415T044741_20260415T045241_20260415T082620_0299_138_190______MAR_O_NR_003.SEN3,0.03333769934276538,0.05267762502370454,0.0,0.04107366961514104,0.1975368348075705,Low,360
IND_S3_20260415_C000,India,2026-04-15,2026-04-15T04:42:41+00:00,clustered,0,37.478977333333326,85.48453,3,1.0227788173291867,17.336814,17.64914,52.010442,0.23666666666666666,0.0,0.0,0.71,low,Sentinel-3_SLSTR_FRP,1,S3A_SL_2_FRP____20260415T044241_20260415T044741_20260415T082824_0299_138_190______MAR_O_NR_003.SEN3,0.23091638458324587,0.12243514952490431,0.16207652439312228,0.18752389055990923,0.19717725015857906,Low,360
IND_S3_20260415_I123,India,2026-04-15,2026-04-15T04:47:41+00:00,isolated,-1,20.52225,82.46014,1,1.0,10.007622,10.007622,10.007622,0.63,0.0,0.63,0.63,medium,Sentinel-3_SLSTR_FRP,1,S3A_SL_2_FRP____20260415T044741_20260415T045241_20260415T082620_0299_138_190______MAR_O_NR_003.SEN3,5.384655530803314e-05,8.508411513856576e-05,0.0,6.634157924024619e-05,0.18903317078962012,Low,360
IND_S3_20260415_I140,India,2026-04-15,2026-04-15T04:47:41+00:00,isolated,-1,19.031408,79.10469,1,1.0,10.628855,10.628855,10.628855,0.61,0.0,0.61,0.61,medium,Sentinel-3_SLSTR_FRP,1,S3A_SL_2_FRP____20260415T044741_20260415T045241_20260415T082620_0299_138_190______MAR_O_NR_003.SEN3,0.008117150440401743,0.012826086250408071,0.0,0.010000724764404275,0.18800036238220214,Low,360
IND_S3_20260415_I296,India,2026-04-15,2026-04-15T16:58:57+00:00,isolated,-1,23.499954,77.28696,1,1.0,11.389869,11.389869,11.389869,0.59,0.0,0.59,0.59,medium,Sentinel-3_SLSTR_FRP,1,S3B_SL_2_FRP____20260415T165857_20260415T170357_20260415T192211_0299_119_055______MAR_O_NR_003.SEN3,0.017427079782473442,0.02753690842912163,0.0,0.021471011241132716,0.18773550562056635,Low,360
IND_S3_20260415_I009,India,2026-04-15,2026-04-15T04:42:41+00:00,isolated,-1,28.309505,81.49496,1,1.0,11.005698,11.005698,11.005698,0.59,0.0,0.59,0.59,medium,Sentinel-3_SLSTR_FRP,1,S3A_SL_2_FRP____20260415T044241_20260415T044741_20260415T082824_0299_138_190______MAR_O_NR_003.SEN3,0.012801056177865606,0.020227227749335296,0.0,0.015771524806453482,0.18488576240322674,Low,360
IND_S3_20260415_I249,India,2026-04-15,2026-04-15T05:45:46+00:00,isolated,-1,29.912025,72.66118,1,1.0,12.591308,12.591308,12.591308,0.55,0.0,0.55,0.55,medium,Sentinel-3_SLSTR_FRP,1,S3B_SL_2_FRP____20260415T054546_20260415T055046_20260415T074634_0299_119_048______MAR_O_NR_003.SEN3,0.031019945709403612,0.049015292013251756,0.0,0.038218084230942875,0.18410904211547144,Low,360
IND_S3_20260415_I158,India,2026-04-15,2026-04-15T04:47:41+00:00,isolated,-1,16.04428,79.76595,1,1.0,10.724069,10.724069,10.724069,0.59,0.0,0.59,0.59,medium,Sentinel-3_SLSTR_FRP,1,S3A_SL_2_FRP____20260415T044741_20260415T045241_20260415T082620_0299_138_190______MAR_O_NR_003.SEN3,0.00931477372282443,0.014718476890280205,0.0,0.01147625498980674,0.18273812749490337,Low,360
IND_S3_20260415_I006,India,2026-04-15,2026-04-15T04:42:41+00:00,isolated,-1,28.672771,81.78308,1,1.0,12.145944,12.145944,12.145944,0.55,0.0,0.55,0.55,medium,Sentinel-3_SLSTR_FRP,1,S3A_SL_2_FRP____20260415T044241_20260415T044741_20260415T082824_0299_138_190______MAR_O_NR_003.SEN3,0.02612670263869951,0.04128337203346681,0.0,0.03218937039660644,0.18109468519830324,Low,360
IND_S3_20260415_I146,India,2026-04-15,2026-04-15T04:47:41+00:00,isolated,-1,17.746805,82.737625,1,1.0,12.142166,12.142166,12.142166,0.55,0.0,0.55,0.55,medium,Sentinel-3_SLSTR_FRP,1,S3A_SL_2_FRP____20260415T044741_20260415T045241_20260415T082620_0299_138_190______MAR_O_NR_003.SEN3,0.026084488214250832,0.04121666810171569,0.0,0.032137360169236774,0.1810686800846184,Low,360
IND_S3_20260415_I233,India,2026-04-15,2026-04-15T04:08:23+00:00,isolated,-1,22.37189,93.520966,1,1.0,14.195993,14.195993,14.195993,0.5,0.0,0.5,0.5,medium,Sentinel-3_SLSTR_FRP,1,S3B_SL_2_FRP____20260415T040823_20260415T041323_20260415T060243_0299_119_047______MAR_O_NR_003.SEN3,0.04741064763080131,0.07491459720565019,0.0,0.05841222746074086,0.17920611373037043,Low,360
IND_S3_20260415_I130,India,2026-04-15,2026-04-15T04:47:41+00:00,isolated,-1,19.756996,80.96919,1,1.0,10.227436,10.227436,10.227436,0.58,0.0,0.58,0.58,medium,Sentinel-3_SLSTR_FRP,1,S3A_SL_2_FRP____20260415T044741_20260415T045241_20260415T082620_0299_138_190______MAR_O_NR_003.SEN3,0.002957799070302365,0.0046736827493365175,0.0,0.0036441525419160263,0.175822076270958,Low,360
IND_S3_20260415_I188,India,2026-04-15,2026-04-15T15:52:32+00:00,isolated,-1,21.84864,92.71924,1,1.0,11.162669,11.162669,11.162669,0.54,0.0,0.54,0.54,medium,Sentinel-3_SLSTR_FRP,1,S3A_SL_2_FRP____20260415T155232_20260415T155732_20260415T164933_0299_138_197______MAR_O_NR_003.SEN3,0.014708872253623221,0.023241809494154005,0.0,0.018122047149835535,0.17106102357491776,Low,360
IND_S3_20260415_I040,India,2026-04-15,2026-04-15T04:47:41+00:00,isolated,-1,23.673244,86.33659,1,1.0,11.425799,11.425799,11.425799,0.52,0.0,0.52,0.52,medium,Sentinel-3_SLSTR_FRP,1,S3A_SL_2_FRP____20260415T044741_20260415T045241_20260415T082620_0299_138_190______MAR_O_NR_003.SEN3,0.017852374344506653,0.028208925632020425,0.0,0.02199499485951216,0.1669974974297561,Low,360
IND_S3_20260415_I013,India,2026-04-15,2026-04-15T04:42:41+00:00,isolated,-1,27.293907,84.764496,1,1.0,11.666206,11.666206,11.666206,0.51,0.0,0.51,0.51,medium,Sentinel-3_SLSTR_FRP,1,S3A_SL_2_FRP____20260415T044241_20260415T044741_20260415T082824_0299_138_190______MAR_O_NR_003.SEN3,0.020666758079329026,0.032655994685331056,0.0,0.02546245272172984,0.1657312263608649,Low,360
IND_S3_20260415_I237,India,2026-04-15,2026-04-15T04:08:23+00:00,isolated,-1,21.750898,92.85792,1,1.0,12.472329,12.472329,12.472329,0.49,0.0,0.49,0.49,medium,Sentinel-3_SLSTR_FRP,1,S3B_SL_2_FRP____20260415T040823_20260415T041323_20260415T060243_0299_119_047______MAR_O_NR_003.SEN3,0.0297285919478953,0.04697479580137241,0.0,0.03662707348928614,0.16531353674464305,Low,360
IND_S3_20260415_I224,India,2026-04-15,2026-04-15T04:08:23+00:00,isolated,-1,23.246847,93.46172,1,1.0,13.800425,13.800425,13.800425,0.46,0.0,0.46,0.46,medium,Sentinel-3_SLSTR_FRP,1,S3B_SL_2_FRP____20260415T040823_20260415T041323_20260415T060243_0299_119_047______MAR_O_NR_003.SEN3,0.043536865329120905,0.0687935493968827,0.0,0.05363953895622563,0.16481976947811283,Low,360
IND_S3_20260415_I005,India,2026-04-15,2026-04-15T04:42:41+00:00,isolated,-1,29.20906,80.97919,1,1.0,10.519327,10.519327,10.519327,0.53,0.0,0.53,0.53,medium,Sentinel-3_SLSTR_FRP,1,S3A_SL_2_FRP____20260415T044241_20260415T044741_20260415T082824_0299_138_190______MAR_O_NR_003.SEN3,0.006727294494211083,0.010629944590552174,0.0,0.00828835453274752,0.16314417726637376,Low,360
IND_S3_20260415_I273,India,2026-04-15,2026-04-15T16:58:57+00:00,isolated,-1,23.18482,77.53668,1,1.0,11.238174,11.238174,11.238174,0.51,0.0,0.51,0.51,medium,Sentinel-3_SLSTR_FRP,1,S3B_SL_2_FRP____20260415T165857_20260415T170357_20260415T192211_0299_119_055______MAR_O_NR_003.SEN3,0.015617802481305365,0.02467802994878897,0.0,0.01924189346829881,0.1626209467341494,Low,360
IND_S3_20260415_I238,India,2026-04-15,2026-04-15T04:08:23+00:00,isolated,-1,21.46221,93.01832,1,1.0,12.579311,12.579311,12.579311,0.47,0.0,0.47,0.47,medium,Sentinel-3_SLSTR_FRP,1,S3B_SL_2_FRP____20260415T040823_20260415T041323_20260415T060243_0299_119_047______MAR_O_NR_003.SEN3,0.030890248260513117,0.048810354248682616,0.0,0.03805829065578092,0.16002914532789045,Low,360
IND_S3_20260415_I230,India,2026-04-15,2026-04-15T04:08:23+00:00,isolated,-1,22.431824,93.88814,1,1.0,10.848362,10.848362,10.848362,0.51,0.0,0.51,0.51,medium,Sentinel-3_SLSTR_FRP,1,S3B_SL_2_FRP____20260415T040823_20260415T041323_20260415T060243_0299_119_047______MAR_O_NR_003.SEN3,0.01086360675198036,0.017165821702390345,0.0,0.013384492732144353,0.15969224636607218,Low,360
IND_S3_20260415_I115,India,2026-04-15,2026-04-15T04:47:41+00:00,isolated,-1,20.784683,85.2002,1,1.0,11.29904,11.29904,11.29904,0.49,0.0,0.49,0.49,medium,Sentinel-3_SLSTR_FRP,1,S3A_SL_2_FRP____20260415T044741_20260415T045241_20260415T082620_0299_138_190______MAR_O_NR_003.SEN3,0.016346435220277296,0.02582935841356762,0.0,0.020139604497593427,0.1570698022487967,Low,360
IND_S3_20260415_I248,India,2026-04-15,2026-04-15T04:08:23+00:00,isolated,-1,12.405772,92.83798,1,1.0,12.041035,12.041035,12.041035,0.47,0.0,0.47,0.47,medium,Sentinel-3_SLSTR_FRP,1,S3B_SL_2_FRP____20260415T040823_20260415T041323_20260415T060243_0299_119_047______MAR_O_NR_003.SEN3,0.02494994249661653,0.03942394769616799,0.0,0.030739544576437114,0.15636977228821855,Low,360
IND_S3_20260415_I226,India,2026-04-15,2026-04-15T04:08:23+00:00,isolated,-1,23.324768,92.184006,1,1.0,11.892076,11.892076,11.892076,0.47,0.0,0.47,0.47,medium,Sentinel-3_SLSTR_FRP,1,S3B_SL_2_FRP____20260415T040823_20260415T041323_20260415T060243_0299_119_047______MAR_O_NR_003.SEN3,0.023262709015891437,0.03675791331535329,0.0,0.028660790735676178,0.15533039536783808,Low,360
IND_S3_20260415_I229,India,2026-04-15,2026-04-15T04:08:23+00:00,isolated,-1,22.942078,92.30875,1,1.0,11.710226,11.710226,11.710226,0.44,0.0,0.44,0.44,medium,Sentinel-3_SLSTR_FRP,1,S3B_SL_2_FRP____20260415T040823_20260415T041323_20260415T060243_0299_119_047______MAR_O_NR_003.SEN3,0.021176297975335864,0.03346112977580305,0.0,0.02609023069552274,0.14504511534776138,Low,360
IND_S3_20260415_I223,India,2026-04-15,2026-04-15T04:08:23+00:00,isolated,-1,23.72993,91.54863,1,1.0,11.490645,11.490645,11.490645,0.44,0.0,0.44,0.44,medium,Sentinel-3_SLSTR_FRP,1,S3B_SL_2_FRP____20260415T040823_20260415T041323_20260415T060243_0299_119_047______MAR_O_NR_003.SEN3,0.018616837203921228,0.02941687005070236,0.0,0.02293685034263368,0.14346842517131686,Low,360
IND_S3_20260415_I283,India,2026-04-15,2026-04-15T16:58:57+00:00,isolated,-1,23.900972,78.35542,1,1.0,10.330223,10.330223,10.330223,0.45,0.0,0.45,0.45,medium,Sentinel-3_SLSTR_FRP,1,S3B_SL_2_FRP____20260415T165857_20260415T170357_20260415T192211_0299_119_055______MAR_O_NR_003.SEN3,0.004296259229637273,0.006788612806677526,0.0,0.005293200660453374,0.1376466003302267,Low,360
IND_S3_20260415_I281,India,2026-04-15,2026-04-15T16:58:57+00:00,isolated,-1,23.501778,76.221436,1,1.0,13.184496,13.184496,13.184496,0.32,0.0,0.32,0.32,low,Sentinel-3_SLSTR_FRP,1,S3B_SL_2_FRP____20260415T165857_20260415T170357_20260415T192211_0299_119_055______MAR_O_NR_003.SEN3,0.03729402547984916,0.05892910214508569,0.0,0.04594805614594377,0.11897402807297189,Low,360
IND_S3_20260415_I126,India,2026-04-15,2026-04-15T04:47:41+00:00,isolated,-1,19.773403,84.84433,1,1.0,10.15999,10.15999,10.15999,0.34,0.0,0.34,0.34,medium,Sentinel-3_SLSTR_FRP,1,S3A_SL_2_FRP____20260415T044741_20260415T045241_20260415T082620_0299_138_190______MAR_O_NR_003.SEN3,0.0020728635489598926,0.0032753768529354367,0.0,0.0025538688705501102,0.10327693443527507,Low,360
IND_S3_20260415_I243,India,2026-04-15,2026-04-15T04:08:23+00:00,isolated,-1,20.850672,93.43115,1,1.0,10.139637,10.139637,10.139637,0.34,0.0,0.34,0.34,medium,Sentinel-3_SLSTR_FRP,1,S3B_SL_2_FRP____20260415T040823_20260415T041323_20260415T060243_0299_119_047______MAR_O_NR_003.SEN3,0.0018047682284177615,0.0028517535962456196,0.0,0.0022235623755489046,0.10311178118777446,Low,360
IND_S3_20260415_I031,India,2026-04-15,2026-04-15T04:42:41+00:00,isolated,-1,28.401592,81.32311,1,1.0,32.433594,32.433594,32.433594,0.0,0.0,0.0,0.0,low,Sentinel-3_SLSTR_FRP,1,S3A_SL_2_FRP____20260415T044241_20260415T044741_20260415T082824_0299_138_190______MAR_O_NR_003.SEN3,0.16322068175770096,0.257908555156835,0.0,0.20109583111735457,0.10054791555867729,Low,360
IND_S3_20260415_I259,India,2026-04-15,2026-04-15T15:14:22+00:00,isolated,-1,21.787636,92.41082,1,1.0,13.51106,13.51106,13.51106,0.21,0.0,0.21,0.21,low,Sentinel-3_SLSTR_FRP,1,S3B_SL_2_FRP____20260415T151422_20260415T151922_20260415T160915_0299_119_054______MAR_O_NR_003.SEN3,0.04063698172252403,0.06421138013348847,0.0,0.050066741086909804,0.0880333705434549,Low,360
IND_S3_20260415_I292,India,2026-04-15,2026-04-15T16:58:57+00:00,isolated,-1,24.406038,76.190056,1,1.0,12.255675,12.255675,12.255675,0.21,0.0,0.21,0.21,low,Sentinel-3_SLSTR_FRP,1,S3B_SL_2_FRP____20260415T165857_20260415T170357_20260415T192211_0299_119_055______MAR_O_NR_003.SEN3,0.027347544908097297,0.043212451500505115,0.0,0.033693507545060425,0.07984675377253021,Low,360
IND_S3_20260415_I178,India,2026-04-15,2026-04-15T04:47:41+00:00,isolated,-1,23.208729,78.40684,1,1.0,19.173462,19.173462,19.173462,0.0,0.0,0.0,0.0,low,Sentinel-3_SLSTR_FRP,1,S3A_SL_2_FRP____20260415T044741_20260415T045241_20260415T082620_0299_138_190______MAR_O_NR_003.SEN3,0.08902377484709574,0.1406684061000656,0.0,0.10968162734828368,0.05484081367414184,Low,360
IND_S3_20260415_I267,India,2026-04-15,2026-04-15T16:58:57+00:00,isolated,-1,22.130033,79.58971,1,1.0,14.9417305,14.9417305,14.9417305,0.0,0.0,0.0,0.0,low,Sentinel-3_SLSTR_FRP,1,S3B_SL_2_FRP____20260415T165857_20260415T170357_20260415T192211_0299_119_055______MAR_O_NR_003.SEN3,0.054446884635749815,0.08603270858801308,0.0,0.06708121421665512,0.03354060710832756,Low,360
IND_S3_20260415_I186,India,2026-04-15,2026-04-15T04:47:41+00:00,isolated,-1,10.311647,77.553925,1,1.0,13.253383,13.253383,13.253383,0.0,0.0,0.0,0.0,low,Sentinel-3_SLSTR_FRP,1,S3A_SL_2_FRP____20260415T044741_20260415T045241_20260415T082620_0299_138_190______MAR_O_NR_003.SEN3,0.03800556528175067,0.060053421687614135,0.0,0.04682470784409606,0.02341235392204803,Low,360
IND_S3_20260415_I269,India,2026-04-15,2026-04-15T16:58:57+00:00,isolated,-1,22.397434,79.95886,1,1.0,12.4149,12.4149,12.4149,0.0,0.0,0.0,0.0,low,Sentinel-3_SLSTR_FRP,1,S3B_SL_2_FRP____20260415T165857_20260415T170357_20260415T192211_0299_119_055______MAR_O_NR_003.SEN3,0.029101192477647947,0.04598342822996461,0.0,0.035854086778574615,0.017927043389287307,Low,360
IND_S3_20260415_I290,India,2026-04-15,2026-04-15T16:58:57+00:00,isolated,-1,24.213999,77.910515,1,1.0,12.220673,12.220673,12.220673,0.0,0.0,0.0,0.0,low,Sentinel-3_SLSTR_FRP,1,S3B_SL_2_FRP____20260415T165857_20260415T170357_20260415T192211_0299_119_055______MAR_O_NR_003.SEN3,0.026959221731193323,0.04259885358870438,0.0,0.03321507447419775,0.016607537237098874,Low,360
IND_S3_20260415_I183,India,2026-04-15,2026-04-15T04:47:41+00:00,isolated,-1,18.758955,82.10947,1,1.0,10.979848,10.979848,10.979848,0.0,0.0,0.0,0.0,low,Sentinel-3_SLSTR_FRP,1,S3A_SL_2_FRP____20260415T044741_20260415T045241_20260415T082620_0299_138_190______MAR_O_NR_003.SEN3,0.012484486447901576,0.019727009022258695,0.0,0.015381495477644423,0.007690747738822211,Low,360
IND_S3_20260415_I294,India,2026-04-15,2026-04-15T16:58:57+00:00,isolated,-1,24.989344,77.903206,1,1.0,10.666188,10.666188,10.666188,0.0,0.0,0.0,0.0,low,Sentinel-3_SLSTR_FRP,1,S3B_SL_2_FRP____20260415T165857_20260415T170357_20260415T192211_0299_119_055______MAR_O_NR_003.SEN3,0.008587897943271453,0.01356992463535641,0.0,0.010580708620105437,0.0052903543100527185,Low,360
IND_S3_20260415_I272,India,2026-04-15,2026-04-15T16:58:57+00:00,isolated,-1,23.080605,77.60194,1,1.0,10.137021,10.137021,10.137021,0.0,0.0,0.0,0.0,low,Sentinel-3_SLSTR_FRP,1,S3B_SL_2_FRP____20260415T165857_20260415T170357_20260415T192211_0299_119_055______MAR_O_NR_003.SEN3,0.001770274035855373,0.0027972485710903287,0.0,0.0021810638499493553,0.0010905319249746776,Low,360
IND_S3_20260416_C004,India,2026-04-16,2026-04-16T04:21:07+00:00,clustered,4,22.1948054375,79.41403787499999,16,23.849072475113225,35.58363275,191.2501,569.338124,0.9775,0.0,0.88,1.0,high,Sentinel-3_SLSTR_FRP,2,S3A_SL_2_FRP____20260416T042107_20260416T042607_20260416T061724_0299_138_204______MAR_O_NR_003.SEN3;S3B_SL_2_FRP____20260416T163308_20260416T163808_20260416T185545_0299_119_069______MAR_O_NR_003.SEN3,0.5798375221995367,0.6638535890121662,0.5004052465027693,0.6134439489245884,0.7000530237628481,High,60
IND_S3_20260416_C018,India,2026-04-16,2026-04-16T03:41:48+00:00,clustered,18,21.441766333333334,93.23008666666668,3,1.068140618560934,433.1959466666667,654.0545,1299.5878400000001,0.6666666666666666,0.0,0.0,1.0,high,Sentinel-3_SLSTR_FRP,1,S3B_SL_2_FRP____20260416T034148_20260416T034648_20260416T053635_0299_119_061______MAR_O_NR_003.SEN3,0.7009073258582241,0.948353044051434,0.16207652439312228,0.7998856131355081,0.6323581114463784,High,60
IND_S3_20260416_C025,India,2026-04-16,2026-04-16T05:19:16+00:00,clustered,25,23.799152099999997,77.719538,10,13.117094899755129,25.4048673,41.40554,254.048673,0.968,0.0,0.78,1.0,high,Sentinel-3_SLSTR_FRP,2,S3B_SL_2_FRP____20260416T051916_20260416T052416_20260416T071927_0299_119_062______MAR_O_NR_003.SEN3;S3B_SL_2_FRP____20260416T163308_20260416T163808_20260416T185545_0299_119_069______MAR_O_NR_003.SEN3,0.46164152979851086,0.31307570756895514,0.39861612873128416,0.4022152009066886,0.5712308261996011,Medium,180
IND_S3_20260416_C032,India,2026-04-16,2026-04-16T16:33:08+00:00,clustered,32,27.04021525,82.75889649999999,8,4.397400300899249,30.120963125000003,62.403316,240.96770500000002,0.8887499999999999,0.0,0.64,1.0,high,Sentinel-3_SLSTR_FRP,1,S3B_SL_2_FRP____20260416T163308_20260416T163808_20260416T185545_0299_119_069______MAR_O_NR_003.SEN3,0.4539088901929715,0.4064228488013361,0.35169390242751086,0.4349144736363173,0.5544210173036608,Medium,180
IND_S3_20260416_C008,India,2026-04-16,2026-04-16T04:21:07+00:00,clustered,8,13.934642750000002,79.15162872222223,18,4.3593915981512605,44.140218555555556,108.94764,794.523934,0.4,0.0,0.0,1.0,low,Sentinel-3_SLSTR_FRP,3,S3A_SL_2_FRP____20260416T042107_20260416T042607_20260416T061724_0299_138_204______MAR_O_NR_003.SEN3;S3A_SL_2_FRP____20260416T170617_20260416T171117_20260416T180110_0299_138_212______MAR_O_NR_003.SEN3;S3B_SL_2_FRP____20260416T162808_20260416T163308_20260416T172036_0299_119_069______MAR_O_NR_003.SEN3,0.6287111381742203,0.534174573352917,0.5264128028597322,0.590896512245699,0.5207308166947959,Medium,180
IND_S3_20260416_C027,India,2026-04-16,2026-04-16T16:28:08+00:00,clustered,27,19.4788145,80.84687100000001,4,2.659611076780512,19.51828325,41.27963,78.073133,0.995,0.0,0.98,1.0,high,Sentinel-3_SLSTR_FRP,1,S3B_SL_2_FRP____20260416T162808_20260416T163308_20260416T172036_0299_119_069______MAR_O_NR_003.SEN3,0.28964673306554717,0.3123856234699281,0.21425351111696525,0.29874228922729956,0.4907218468370428,Medium,180
IND_S3_20260416_I035,India,2026-04-16,2026-04-16T04:21:07+00:00,isolated,-1,23.675379,80.469444,1,1.0,102.15539,102.15539,102.15539,0.93,0.0,0.93,0.93,high,Sentinel-3_SLSTR_FRP,1,S3A_SL_2_FRP____20260416T042107_20260416T042607_20260416T061724_0299_138_204______MAR_O_NR_003.SEN3,0.3286936483126991,0.5193759945899586,0.0,0.4049665868236029,0.4814832934118015,Medium,180
IND_S3_20260416_C029,India,2026-04-16,2026-04-16T16:33:08+00:00,clustered,29,22.22693325,79.230689,4,7.745725099778418,20.79820175,34.63105,83.192807,0.9675,0.0,0.87,1.0,high,Sentinel-3_SLSTR_FRP,1,S3B_SL_2_FRP____20260416T163308_20260416T163808_20260416T185545_0299_119_069______MAR_O_NR_003.SEN3,0.2988607160154651,0.2726812547672402,0.21425351111696525,0.2883889315161751,0.47729516798148064,Medium,180
IND_S3_20260416_C030,India,2026-04-16,2026-04-16T16:33:08+00:00,clustered,30,23.611951333333334,79.11311866666667,3,3.8190011039814666,22.253474666666666,39.286243,66.760424,0.9966666666666667,0.0,0.99,1.0,high,Sentinel-3_SLSTR_FRP,1,S3B_SL_2_FRP____20260416T163308_20260416T163808_20260416T185545_0299_119_069______MAR_O_NR_003.SEN3,0.26697101255260125,0.301177722446373,0.16207652439312228,0.28065369651010996,0.4717421531336794,Medium,180
IND_S3_20260416_I167,India,2026-04-16,2026-04-16T05:24:16+00:00,isolated,-1,15.882564,74.08935,1,1.0,60.769173,60.769173,60.769173,1.0,0.0,1.0,1.0,high,Sentinel-3_SLSTR_FRP,1,S3B_SL_2_FRP____20260416T052416_20260416T052916_20260416T071825_0299_119_062______MAR_O_NR_003.SEN3,0.25337483647229125,0.40036309911188556,0.0,0.312170141528129,0.45608507076406446,Medium,180
IND_S3_20260416_I024,India,2026-04-16,2026-04-16T04:21:07+00:00,isolated,-1,25.061895,79.78136,1,1.0,106.24607,106.24607,106.24607,0.82,0.0,0.82,0.82,high,Sentinel-3_SLSTR_FRP,1,S3A_SL_2_FRP____20260416T042107_20260416T042607_20260416T061724_0299_138_204______MAR_O_NR_003.SEN3,0.3344052743915132,0.5284010593900789,0.0,0.4120035883909395,0.4520017941954697,Medium,180
IND_S3_20260416_C028,India,2026-04-16,2026-04-16T04:21:07+00:00,clustered,28,21.341659333333336,79.28281333333332,3,6.1807583837617095,27.24670466666667,57.17479,81.740114,0.8266666666666667,0.0,0.65,1.0,high,Sentinel-3_SLSTR_FRP,2,S3A_SL_2_FRP____20260416T042107_20260416T042607_20260416T061724_0299_138_204______MAR_O_NR_003.SEN3;S3B_SL_2_FRP____20260416T163308_20260416T163808_20260416T185545_0299_119_069______MAR_O_NR_003.SEN3,0.2963044791513114,0.38644996883062127,0.16207652439312228,0.3323626750230354,0.4465966423901422,Medium,180
IND_S3_20260416_I103,India,2026-04-16,2026-04-16T03:41:48+00:00,isolated,-1,21.042896,93.77309,1,1.0,53.890938,53.890938,53.890938,1.0,0.0,1.0,1.0,high,Sentinel-3_SLSTR_FRP,1,S3B_SL_2_FRP____20260416T034148_20260416T034648_20260416T053635_0299_119_061______MAR_O_NR_003.SEN3,0.23603612179232414,0.37296581830634856,0.0,0.29080800039793386,0.4454040001989669,Medium,180
IND_S3_20260416_I051,India,2026-04-16,2026-04-16T04:21:07+00:00,isolated,-1,15.147362,78.58927,1,1.0,51.551373,51.551373,51.551373,1.0,0.0,1.0,1.0,high,Sentinel-3_SLSTR_FRP,1,S3A_SL_2_FRP____20260416T042107_20260416T042607_20260416T061724_0299_138_204______MAR_O_NR_003.SEN3,0.22963896921984764,0.3628575381587722,0.0,0.2829263967954175,0.44146319839770876,Medium,180
IND_S3_20260416_I080,India,2026-04-16,2026-04-16T17:11:17+00:00,isolated,-1,23.642744,75.783264,1,1.0,45.85122,45.85122,45.85122,1.0,0.0,1.0,1.0,high,Sentinel-3_SLSTR_FRP,1,S3A_SL_2_FRP____20260416T171117_20260416T171617_20260416T193605_0299_138_212______MAR_O_NR_003.SEN3,0.2127763980633488,0.3362126221078886,0.0,0.26215088768116473,0.4310754438405824,Medium,180
IND_S3_20260416_I011,India,2026-04-16,2026-04-16T04:21:07+00:00,isolated,-1,27.441147,83.160706,1,1.0,45.03862,45.03862,45.03862,1.0,0.0,1.0,1.0,high,Sentinel-3_SLSTR_FRP,1,S3A_SL_2_FRP____20260416T042107_20260416T042607_20260416T061724_0299_138_204______MAR_O_NR_003.SEN3,0.21020672447197333,0.33215222488347224,0.0,0.2589849246365729,0.4294924623182864,Medium,180
IND_S3_20260416_C013,India,2026-04-16,2026-04-16T05:19:16+00:00,clustered,13,23.718798833333334,77.47109066666667,6,5.828917145159559,26.083300833333336,32.201454,156.499805,0.6666666666666666,0.0,0.0,1.0,high,Sentinel-3_SLSTR_FRP,3,S3A_SL_2_FRP____20260416T171117_20260416T171617_20260416T193605_0299_138_212______MAR_O_NR_003.SEN3;S3B_SL_2_FRP____20260416T051916_20260416T052416_20260416T071927_0299_119_062______MAR_O_NR_003.SEN3;S3B_SL_2_FRP____20260416T163308_20260416T163808_20260416T185545_0299_119_069______MAR_O_NR_003.SEN3,0.3908465413704501,0.25629160042211097,0.2929298041118989,0.33702456499111444,0.427098243317937,Medium,180
IND_S3_20260416_I111,India,2026-04-16,2026-04-16T03:41:48+00:00,isolated,-1,19.202013,95.44541,1,1.0,43.258865,43.258865,43.258865,1.0,0.0,1.0,1.0,high,Sentinel-3_SLSTR_FRP,1,S3B_SL_2_FRP____20260416T034148_20260416T034648_20260416T053635_0299_119_061______MAR_O_NR_003.SEN3,0.2044164507513364,0.32300288723109716,0.0,0.25185102534324066,0.4259255126716203,Medium,180
IND_S3_20260416_I157,India,2026-04-16,2026-04-16T05:24:16+00:00,isolated,-1,18.02549,73.384705,1,1.0,41.275055,41.275055,41.275055,1.0,0.0,1.0,1.0,high,Sentinel-3_SLSTR_FRP,1,S3B_SL_2_FRP____20260416T052416_20260416T052916_20260416T071825_0299_119_062______MAR_O_NR_003.SEN3,0.19768128826698736,0.3123605102579166,0.0,0.24355297706335904,0.4217764885316795,Medium,180
IND_S3_20260416_C010,India,2026-04-16,2026-04-16T17:11:17+00:00,clustered,10,21.116905333333335,72.64150666666667,3,1.0,17.506705,20.800116,52.520115,0.9500000000000001,0.0,0.85,1.0,high,Sentinel-3_SLSTR_FRP,1,S3A_SL_2_FRP____20260416T171117_20260416T171617_20260416T193605_0299_138_212______MAR_O_NR_003.SEN3,0.2323217168649862,0.15866480439845074,0.16207652439312228,0.202858951878372,0.4188447808178105,Medium,180
IND_S3_20260416_I042,India,2026-04-16,2026-04-16T04:21:07+00:00,isolated,-1,22.135044,78.95823,1,1.0,83.66446,83.66446,83.66446,0.77,0.0,0.77,0.77,high,Sentinel-3_SLSTR_FRP,1,S3A_SL_2_FRP____20260416T042107_20260416T042607_20260416T061724_0299_138_204______MAR_O_NR_003.SEN3,0.29968118516173553,0.4735327695021374,0.0,0.3692218188978963,0.41561090944894813,Medium,180
IND_S3_20260416_I129,India,2026-04-16,2026-04-16T05:19:16+00:00,isolated,-1,24.32518,77.514946,1,1.0,38.41221,38.41221,38.41221,1.0,0.0,1.0,1.0,high,Sentinel-3_SLSTR_FRP,1,S3B_SL_2_FRP____20260416T051916_20260416T052416_20260416T071927_0299_119_062______MAR_O_NR_003.SEN3,0.1873826533929891,0.29608741292835367,0.0,0.23086455720713495,0.41543227860356746,Medium,180
IND_S3_20260416_C026,India,2026-04-16,2026-04-16T16:28:08+00:00,clustered,26,15.559103,78.80207333333333,3,1.0,14.772505333333333,19.710844,44.317516,0.9466666666666667,0.0,0.92,1.0,high,Sentinel-3_SLSTR_FRP,1,S3B_SL_2_FRP____20260416T162808_20260416T163308_20260416T172036_0299_119_069______MAR_O_NR_003.SEN3,0.20788811566431084,0.14676939644114861,0.16207652439312228,0.18344062797504596,0.40813561886614735,Medium,180
IND_S3_20260416_I195,India,2026-04-16,2026-04-16T16:33:08+00:00,isolated,-1,23.757246,77.32045,1,1.0,33.083286,33.083286,33.083286,1.0,0.0,1.0,1.0,high,Sentinel-3_SLSTR_FRP,1,S3B_SL_2_FRP____20260416T163308_20260416T163808_20260416T185545_0299_119_069______MAR_O_NR_003.SEN3,0.16604729792365713,0.26237495294107477,0.0,0.20457835993062418,0.4022891799653121,Medium,180
IND_S3_20260416_I010,India,2026-04-16,2026-04-16T04:21:07+00:00,isolated,-1,27.513866,83.24609,1,1.0,34.392395,34.392395,34.392395,0.98,0.0,0.98,0.98,high,Sentinel-3_SLSTR_FRP,1,S3A_SL_2_FRP____20260416T042107_20260416T042607_20260416T061724_0299_138_204______MAR_O_NR_003.SEN3,0.17158274472974347,0.27112163303413156,0.0,0.2113983000514987,0.39969915002574935,Medium,180
IND_S3_20260416_I022,India,2026-04-16,2026-04-16T04:21:07+00:00,isolated,-1,25.00661,83.96146,1,1.0,30.55654,30.55654,30.55654,1.0,0.0,1.0,1.0,high,Sentinel-3_SLSTR_FRP,1,S3A_SL_2_FRP____20260416T042107_20260416T042607_20260416T061724_0299_138_204______MAR_O_NR_003.SEN3,0.1547345764476628,0.24449947527889584,0.0,0.190640535980156,0.395320267990078,Medium,180
IND_S3_20260416_I180,India,2026-04-16,2026-04-16T16:33:08+00:00,isolated,-1,22.675411,76.29148,1,1.0,30.016712,30.016712,30.016712,1.0,0.0,1.0,1.0,high,Sentinel-3_SLSTR_FRP,1,S3B_SL_2_FRP____20260416T163308_20260416T163808_20260416T185545_0299_119_069______MAR_O_NR_003.SEN3,0.1522004065096594,0.24049517815065216,0.0,0.1875183151660565,0.39375915758302826,Medium,180
IND_S3_20260416_I149,India,2026-04-16,2026-04-16T05:24:16+00:00,isolated,-1,21.38074,70.23999,1,1.0,29.912846,29.912846,29.912846,1.0,0.0,1.0,1.0,high,Sentinel-3_SLSTR_FRP,1,S3B_SL_2_FRP____20260416T052416_20260416T052916_20260416T071825_0299_119_062______MAR_O_NR_003.SEN3,0.15170776147170065,0.23971673899345183,0.0,0.18691135248040114,0.39345567624020056,Medium,180
IND_S3_20260416_I014,India,2026-04-16,2026-04-16T04:21:07+00:00,isolated,-1,27.214586,83.582054,1,1.0,30.942684,30.942684,30.942684,0.99,0.0,0.99,0.99,high,Sentinel-3_SLSTR_FRP,1,S3A_SL_2_FRP____20260416T042107_20260416T042607_20260416T061724_0299_138_204______MAR_O_NR_003.SEN3,0.15652083575935935,0.24732198253259666,0.0,0.19284129446865428,0.3934206472343271,Medium,180
IND_S3_20260416_I123,India,2026-04-16,2026-04-16T05:19:16+00:00,isolated,-1,30.798306,74.564926,1,1.0,29.519426,29.519426,29.519426,1.0,0.0,1.0,1.0,high,Sentinel-3_SLSTR_FRP,1,S3B_SL_2_FRP____20260416T051916_20260416T052416_20260416T071927_0299_119_062______MAR_O_NR_003.SEN3,0.14982660867248734,0.23674428847278461,0.0,0.18459368059260625,0.39229684029630313,Medium,180
IND_S3_20260416_I062,India,2026-04-16,2026-04-16T15:26:43+00:00,isolated,-1,19.88449,94.03196,1,1.0,27.225307,27.225307,27.225307,1.0,0.0,1.0,1.0,high,Sentinel-3_SLSTR_FRP,1,S3A_SL_2_FRP____20260416T152643_20260416T153143_20260416T162404_0299_138_211______MAR_O_NR_003.SEN3,0.1383496660224802,0.21860932135583994,0.0,0.1704535281558241,0.385226764077912,Medium,180
IND_S3_20260416_I135,India,2026-04-16,2026-04-16T05:19:16+00:00,isolated,-1,23.06973,77.491066,1,1.0,27.019203,27.019203,27.019203,1.0,0.0,1.0,1.0,high,Sentinel-3_SLSTR_FRP,1,S3B_SL_2_FRP____20260416T051916_20260416T052416_20260416T071927_0299_119_062______MAR_O_NR_003.SEN3,0.13727328382535786,0.21690850639619852,0.0,0.1691273728536941,0.384563686426847,Medium,180
IND_S3_20260416_I161,India,2026-04-16,2026-04-16T05:24:16+00:00,isolated,-1,16.749138,74.66912,1,1.0,26.908318,26.908318,26.908318,1.0,0.0,1.0,1.0,high,Sentinel-3_SLSTR_FRP,1,S3B_SL_2_FRP____20260416T052416_20260416T052916_20260416T071825_0299_119_062______MAR_O_NR_003.SEN3,0.13669090432488507,0.2159882758598326,0.0,0.16840985293886407,0.38420492646943205,Medium,180
IND_S3_20260416_I211,India,2026-04-16,2026-04-16T16:33:08+00:00,isolated,-1,24.960321,77.63452,1,1.0,26.81528,26.81528,26.81528,1.0,0.0,1.0,1.0,high,Sentinel-3_SLSTR_FRP,1,S3B_SL_2_FRP____20260416T163308_20260416T163808_20260416T185545_0299_119_069______MAR_O_NR_003.SEN3,0.13620047108409267,0.2152133316115209,0.0,0.16780561529506396,0.383902807647532,Medium,180
IND_S3_20260416_I117,India,2026-04-16,2026-04-16T03:41:48+00:00,isolated,-1,16.832846,95.2589,1,1.0,26.590485,26.590485,26.590485,1.0,0.0,1.0,1.0,high,Sentinel-3_SLSTR_FRP,1,S3B_SL_2_FRP____20260416T034148_20260416T034648_20260416T053635_0299_119_061______MAR_O_NR_003.SEN3,0.13500870134488785,0.21333019028281208,0.0,0.16633729692005755,0.38316864846002874,Medium,180
IND_S3_20260416_I065,India,2026-04-16,2026-04-16T15:26:43+00:00,isolated,-1,20.661858,93.52465,1,1.0,25.786367,25.786367,25.786367,1.0,0.0,1.0,1.0,high,Sentinel-3_SLSTR_FRP,1,S3A_SL_2_FRP____20260416T152643_20260416T153143_20260416T162404_0299_138_211______MAR_O_NR_003.SEN3,0.13066464287874305,0.20646604886117903,0.0,0.16098520527171745,0.3804926026358587,Medium,180
IND_S3_20260416_I182,India,2026-04-16,2026-04-16T16:33:08+00:00,isolated,-1,23.020163,75.48173,1,1.0,25.571108,25.571108,25.571108,1.0,0.0,1.0,1.0,high,Sentinel-3_SLSTR_FRP,1,S3B_SL_2_FRP____20260416T163308_20260416T163808_20260416T185545_0299_119_069______MAR_O_NR_003.SEN3,0.12947962013902706,0.2045935686133521,0.0,0.15952519952875707,0.37976259976437854,Medium,180
IND_S3_20260416_I026,India,2026-04-16,2026-04-16T04:21:07+00:00,isolated,-1,22.439762,92.455,1,1.0,32.466423,32.466423,32.466423,0.93,0.0,0.93,0.93,high,Sentinel-3_SLSTR_FRP,1,S3A_SL_2_FRP____20260416T042107_20260416T042607_20260416T061724_0299_138_204______MAR_O_NR_003.SEN3,0.1633648234909358,0.2581363166497785,0.0,0.20127342075447288,0.37963671037723645,Medium,180
IND_S3_20260416_I029,India,2026-04-16,2026-04-16T04:21:07+00:00,isolated,-1,24.284124,80.8638,1,1.0,32.01069,32.01069,32.01069,0.93,0.0,0.93,0.93,high,Sentinel-3_SLSTR_FRP,1,S3A_SL_2_FRP____20260416T042107_20260416T042607_20260416T061724_0299_138_204______MAR_O_NR_003.SEN3,0.16135108342999535,0.25495436210832173,0.0,0.1987923949013259,0.378396197450663,Medium,180
IND_S3_20260416_C020,India,2026-04-16,2026-04-16T03:41:48+00:00,clustered,20,18.483306000000002,94.48222733333334,3,1.0,46.836884,63.855267,140.510652,0.5033333333333333,0.0,0.0,1.0,high,Sentinel-3_SLSTR_FRP,1,S3B_SL_2_FRP____20260416T034148_20260416T034648_20260416T053635_0299_119_061______MAR_O_NR_003.SEN3,0.3751243956117229,0.41167736718763265,0.16207652439312228,0.38974558424208683,0.3782880969996678,Medium,180
IND_S3_20260416_I177,India,2026-04-16,2026-04-16T16:33:08+00:00,isolated,-1,21.99296,79.579155,1,1.0,24.637125,24.637125,24.637125,1.0,0.0,1.0,1.0,high,Sentinel-3_SLSTR_FRP,1,S3B_SL_2_FRP____20260416T163308_20260416T163808_20260416T185545_0299_119_069______MAR_O_NR_003.SEN3,0.12422423446879537,0.1962894192224466,0.0,0.15305030837025585,0.3765251541851279,Medium,180
IND_S3_20260416_I037,India,2026-04-16,2026-04-16T04:21:07+00:00,isolated,-1,22.581945,79.82522,1,1.0,32.12021,32.12021,32.12021,0.92,0.0,0.92,0.92,high,Sentinel-3_SLSTR_FRP,1,S3A_SL_2_FRP____20260416T042107_20260416T042607_20260416T061724_0299_138_204______MAR_O_NR_003.SEN3,0.16183754403793205,0.2557230291129107,0.0,0.19939173806792354,0.3756958690339618,Medium,180
IND_S3_20260416_I036,India,2026-04-16,2026-04-16T04:21:07+00:00,isolated,-1,23.37144,79.4989,1,1.0,67.04981,67.04981,67.04981,0.7,0.0,0.7,0.7,high,Sentinel-3_SLSTR_FRP,1,S3A_SL_2_FRP____20260416T042107_20260416T042607_20260416T061724_0299_138_204______MAR_O_NR_003.SEN3,0.2675969111176965,0.42283570909996426,0.0,0.32969243031060363,0.3748462151553018,Medium,180
IND_S3_20260416_I039,India,2026-04-16,2026-04-16T04:21:07+00:00,isolated,-1,21.493155,83.36446,1,1.0,23.267923,23.267923,23.267923,1.0,0.0,1.0,1.0,high,Sentinel-3_SLSTR_FRP,1,S3A_SL_2_FRP____20260416T042107_20260416T042607_20260416T061724_0299_138_204______MAR_O_NR_003.SEN3,0.1161632082711179,0.18355201611068497,0.0,0.14311873140694473,0.37155936570347237,Medium,180
IND_S3_20260416_I126,India,2026-04-16,2026-04-16T05:19:16+00:00,isolated,-1,25.129436,77.01513,1,1.0,23.111942,23.111942,23.111942,1.0,0.0,1.0,1.0,high,Sentinel-3_SLSTR_FRP,1,S3B_SL_2_FRP____20260416T051916_20260416T052416_20260416T071927_0299_119_062______MAR_O_NR_003.SEN3,0.11521617152122018,0.18205558271011182,0.0,0.14195193599677686,0.3709759679983884,Medium,180
IND_S3_20260416_I201,India,2026-04-16,2026-04-16T16:33:08+00:00,isolated,-1,24.043226,77.22704,1,1.0,22.93398,22.93398,22.93398,1.0,0.0,1.0,1.0,high,Sentinel-3_SLSTR_FRP,1,S3B_SL_2_FRP____20260416T163308_20260416T163808_20260416T185545_0299_119_069______MAR_O_NR_003.SEN3,0.11412816622021144,0.18033640183079963,0.0,0.14061146046444672,0.37030573023222335,Medium,180
IND_S3_20260416_I142,India,2026-04-16,2026-04-16T05:24:16+00:00,isolated,-1,22.904005,71.844734,1,1.0,22.768913,22.768913,22.768913,1.0,0.0,1.0,1.0,high,Sentinel-3_SLSTR_FRP,1,S3B_SL_2_FRP____20260416T052416_20260416T052916_20260416T071825_0299_119_062______MAR_O_NR_003.SEN3,0.11311174071848852,0.1787303257517702,0.0,0.1393591747318012,0.36967958736590056,Medium,180
IND_S3_20260416_I155,India,2026-04-16,2026-04-16T05:24:16+00:00,isolated,-1,18.467548,73.552956,1,1.0,22.583204,22.583204,22.583204,1.0,0.0,1.0,1.0,high,Sentinel-3_SLSTR_FRP,1,S3B_SL_2_FRP____20260416T052416_20260416T052916_20260416T071825_0299_119_062______MAR_O_NR_003.SEN3,0.11195973653214013,0.1769100188394587,0.0,0.13793984945506754,0.36896992472753376,Medium,180
IND_S3_20260416_I128,India,2026-04-16,2026-04-16T05:19:16+00:00,isolated,-1,25.012583,74.73181,1,1.0,21.61513,21.61513,21.61513,1.0,0.0,1.0,1.0,high,Sentinel-3_SLSTR_FRP,1,S3B_SL_2_FRP____20260416T051916_20260416T052416_20260416T071927_0299_119_062______MAR_O_NR_003.SEN3,0.10580365873407825,0.16718266619496883,0.0,0.13035526171843448,0.36517763085921723,Medium,180
IND_S3_20260416_I190,India,2026-04-16,2026-04-16T16:33:08+00:00,isolated,-1,23.311792,76.03987,1,1.0,21.486158,21.486158,21.486158,1.0,0.0,1.0,1.0,high,Sentinel-3_SLSTR_FRP,1,S3B_SL_2_FRP____20260416T163308_20260416T163808_20260416T185545_0299_119_069______MAR_O_NR_003.SEN3,0.10496368452202119,0.1658554046428928,0.0,0.12932037257036982,0.36466018628518493,Medium,180
IND_S3_20260416_I130,India,2026-04-16,2026-04-16T05:19:16+00:00,isolated,-1,24.512642,74.692215,1,1.0,20.972975,20.972975,20.972975,1.0,0.0,1.0,1.0,high,Sentinel-3_SLSTR_FRP,1,S3B_SL_2_FRP____20260416T051916_20260416T052416_20260416T071927_0299_119_062______MAR_O_NR_003.SEN3,0.10157298862842011,0.16049769219200968,0.0,0.12514287005385594,0.36257143502692796,Medium,180
IND_S3_20260416_C024,India,2026-04-16,2026-04-16T05:19:16+00:00,clustered,24,24.190293,77.45176083333332,6,4.983788695632819,19.220689583333336,44.71359,115.32413750000002,0.445,0.0,0.0,1.0,high,Sentinel-3_SLSTR_FRP,1,S3B_SL_2_FRP____20260416T051916_20260416T052416_20260416T071927_0299_119_062______MAR_O_NR_003.SEN3,0.34633901547213497,0.33050801380153827,0.2929298041118989,0.34000661480389627,0.3620892682243279,Medium,180
IND_S3_20260416_I158,India,2026-04-16,2026-04-16T05:24:16+00:00,isolated,-1,17.738525,74.29249,1,1.0,20.74498,20.74498,20.74498,1.0,0.0,1.0,1.0,high,Sentinel-3_SLSTR_FRP,1,S3B_SL_2_FRP____20260416T052416_20260416T052916_20260416T071825_0299_119_062______MAR_O_NR_003.SEN3,0.10004109820655108,0.1580771187627837,0.0,0.12325550642904412,0.36162775321452206,Medium,180
IND_S3_20260416_I150,India,2026-04-16,2026-04-16T05:24:16+00:00,isolated,-1,20.135536,74.0978,1,1.0,19.975418,19.975418,19.975418,1.0,0.0,1.0,1.0,high,Sentinel-3_SLSTR_FRP,1,S3B_SL_2_FRP____20260416T052416_20260416T052916_20260416T071825_0299_119_062______MAR_O_NR_003.SEN3,0.09474917434817466,0.14971523458477295,0.0,0.11673559844281398,0.358367799221407,Medium,180
IND_S3_20260416_I199,India,2026-04-16,2026-04-16T16:33:08+00:00,isolated,-1,25.141666,83.77331,1,1.0,19.558018,19.558018,19.558018,1.0,0.0,1.0,1.0,high,Sentinel-3_SLSTR_FRP,1,S3B_SL_2_FRP____20260416T163308_20260416T163808_20260416T185545_0299_119_069______MAR_O_NR_003.SEN3,0.09179709868601736,0.14505059551733615,0.0,0.11309849741854489,0.3565492487092724,Medium,180
IND_S3_20260416_I034,India,2026-04-16,2026-04-16T04:21:07+00:00,isolated,-1,24.007135,78.99461,1,1.0,32.6774,32.6774,32.6774,0.85,0.0,0.85,0.85,high,Sentinel-3_SLSTR_FRP,1,S3A_SL_2_FRP____20260416T042107_20260416T042607_20260416T061724_0299_138_204______MAR_O_NR_003.SEN3,0.1642877959791913,0.2595947255862689,0.0,0.20241056782202232,0.35620528391101114,Medium,180
IND_S3_20260416_C009,India,2026-04-16,2026-04-16T04:21:07+00:00,clustered,9,11.428554875,76.606932125,8,9.269268317584839,30.359598625,50.839638,242.876789,0.25375000000000003,0.0,0.0,0.89,low,Sentinel-3_SLSTR_FRP,3,S3A_SL_2_FRP____20260416T042107_20260416T042607_20260416T061724_0299_138_204______MAR_O_NR_003.SEN3;S3A_SL_2_FRP____20260416T170617_20260416T171117_20260416T180110_0299_138_212______MAR_O_NR_003.SEN3;S3B_SL_2_FRP____20260416T162808_20260416T163308_20260416T172036_0299_119_069______MAR_O_NR_003.SEN3,0.45506310932033434,0.3596929967046841,0.35169390242751086,0.4169150642740742,0.3549213126225393,Medium,180
IND_S3_20260416_I207,India,2026-04-16,2026-04-16T16:33:08+00:00,isolated,-1,24.437973,77.35999,1,1.0,18.883324,18.883324,18.883324,1.0,0.0,1.0,1.0,high,Sentinel-3_SLSTR_FRP,1,S3B_SL_2_FRP____20260416T163308_20260416T163808_20260416T185545_0299_119_069______MAR_O_NR_003.SEN3,0.08689615326501184,0.13730650488603718,0.0,0.10706029391342198,0.353530146956711,Medium,180
IND_S3_20260416_I133,India,2026-04-16,2026-04-16T05:19:16+00:00,isolated,-1,23.324041,77.71492,1,1.0,20.61743,20.61743,20.61743,0.97,0.0,0.97,0.97,high,Sentinel-3_SLSTR_FRP,1,S3B_SL_2_FRP____20260416T051916_20260416T052416_20260416T071927_0299_119_062______MAR_O_NR_003.SEN3,0.09917707266019637,0.1567118531734037,0.0,0.1221909848654793,0.35209549243273963,Medium,180
IND_S3_20260416_I210,India,2026-04-16,2026-04-16T16:33:08+00:00,isolated,-1,23.981012,75.166756,1,1.0,17.541742,17.541742,17.541742,1.0,0.0,1.0,1.0,high,Sentinel-3_SLSTR_FRP,1,S3B_SL_2_FRP____20260416T163308_20260416T163808_20260416T185545_0299_119_069______MAR_O_NR_003.SEN3,0.0766363875872315,0.1210948256202191,0.0,0.09441976280042655,0.34720988140021325,Medium,180
IND_S3_20260416_C003,India,2026-04-16,2026-04-16T04:21:07+00:00,clustered,3,27.194621666666666,82.55548366666666,3,4.87018254332623,18.698085333333335,21.98529,56.094256,0.6933333333333334,0.0,0.57,0.77,high,Sentinel-3_SLSTR_FRP,1,S3A_SL_2_FRP____20260416T042107_20260416T042607_20260416T061724_0299_138_204______MAR_O_NR_003.SEN3,0.2418161625941521,0.1709503896892266,0.16207652439312228,0.2134698534321819,0.34715023159471536,Medium,180
IND_S3_20260416_C014,India,2026-04-16,2026-04-16T16:33:08+00:00,clustered,14,24.897240125,76.59804450000001,8,2.453285001267936,24.29158,35.97175,194.33264,0.31125,0.0,0.0,1.0,low,Sentinel-3_SLSTR_FRP,2,S3A_SL_2_FRP____20260416T171117_20260416T171617_20260416T193605_0299_138_212______MAR_O_NR_003.SEN3;S3B_SL_2_FRP____20260416T163308_20260416T163808_20260416T185545_0299_119_069______MAR_O_NR_003.SEN3,0.4224643252230478,0.2812531420562022,0.35169390242751086,0.36597985195630955,0.34670370646365695,Medium,180
IND_S3_20260416_I073,India,2026-04-16,2026-04-16T17:11:17+00:00,isolated,-1,22.93056,75.25106,1,1.0,18.140646,18.140646,18.140646,0.98,0.0,0.98,0.98,high,Sentinel-3_SLSTR_FRP,1,S3A_SL_2_FRP____20260416T171117_20260416T171617_20260416T193605_0299_138_212______MAR_O_NR_003.SEN3,0.08130527765081927,0.12847224052572456,0.0,0.10017206280078139,0.3440860314003907,Medium,180
IND_S3_20260416_I178,India,2026-04-16,2026-04-16T16:33:08+00:00,isolated,-1,21.982903,79.17851,1,1.0,16.643518,16.643518,16.643518,1.0,0.0,1.0,1.0,high,Sentinel-3_SLSTR_FRP,1,S3B_SL_2_FRP____20260416T163308_20260416T163808_20260416T185545_0299_119_069______MAR_O_NR_003.SEN3,0.06934348418100127,0.1095711500654792,0.0,0.08543455053479243,0.3427172752673962,Medium,180
IND_S3_20260416_I027,India,2026-04-16,2026-04-16T04:21:07+00:00,isolated,-1,24.257399,82.81488,1,1.0,22.600124,22.600124,22.600124,0.91,0.0,0.91,0.91,high,Sentinel-3_SLSTR_FRP,1,S3A_SL_2_FRP____20260416T042107_20260416T042607_20260416T061724_0299_138_204______MAR_O_NR_003.SEN3,0.11206507089840118,0.17707645996639307,0.0,0.13806962652559793,0.342034813262799,Medium,180
IND_S3_20260416_I193,India,2026-04-16,2026-04-16T16:33:08+00:00,isolated,-1,23.426441,75.92455,1,1.0,16.471827,16.471827,16.471827,1.0,0.0,1.0,1.0,high,Sentinel-3_SLSTR_FRP,1,S3B_SL_2_FRP____20260416T163308_20260416T163808_20260416T185545_0299_119_069______MAR_O_NR_003.SEN3,0.06790729275217942,0.10730179270005699,0.0,0.08366509273133045,0.34183254636566524,Medium,180
IND_S3_20260416_C005,India,2026-04-16,2026-04-16T04:21:07+00:00,clustered,5,19.6426322,80.83978199999999,5,12.934169872484542,14.131730199999998,18.964764,70.65865099999999,0.6,0.0,0.0,1.0,high,Sentinel-3_SLSTR_FRP,2,S3A_SL_2_FRP____20260416T042107_20260416T042607_20260416T061724_0299_138_204______MAR_O_NR_003.SEN3;S3B_SL_2_FRP____20260416T162808_20260416T163308_20260416T172036_0299_119_069______MAR_O_NR_003.SEN3,0.2751861800276391,0.1382550974634995,0.25688521341031656,0.22041374700198327,0.34158391618305495,Medium,180
IND_S3_20260416_I134,India,2026-04-16,2026-04-16T05:19:16+00:00,isolated,-1,23.341578,77.27782,1,1.0,18.004574,18.004574,18.004574,0.97,0.0,0.97,0.97,high,Sentinel-3_SLSTR_FRP,1,S3B_SL_2_FRP____20260416T051916_20260416T052416_20260416T071927_0299_119_062______MAR_O_NR_003.SEN3,0.08025745262791412,0.12681654937920786,0.0,0.09888109132843162,0.3404405456642158,Medium,180
IND_S3_20260416_I132,India,2026-04-16,2026-04-16T05:19:16+00:00,isolated,-1,24.689924,73.61757,1,1.0,19.073439,19.073439,19.073439,0.95,0.0,0.95,0.95,high,Sentinel-3_SLSTR_FRP,1,S3B_SL_2_FRP____20260416T051916_20260416T052416_20260416T071927_0299_119_062______MAR_O_NR_003.SEN3,0.0882937685537019,0.13951490725202073,0.0,0.10878222403302944,0.3393911120165147,Medium,180
IND_S3_20260416_I185,India,2026-04-16,2026-04-16T16:33:08+00:00,isolated,-1,23.61173,77.9043,1,1.0,15.980574,15.980574,15.980574,1.0,0.0,1.0,1.0,high,Sentinel-3_SLSTR_FRP,1,S3B_SL_2_FRP____20260416T163308_20260416T163808_20260416T185545_0299_119_069______MAR_O_NR_003.SEN3,0.06371864888263702,0.1006832252683642,0.0,0.0785044794369279,0.33925223971846397,Medium,180
IND_S3_20260416_I110,India,2026-04-16,2026-04-16T03:41:48+00:00,isolated,-1,19.13187,96.82254,1,1.0,24.715405,24.715405,24.715405,0.87,0.0,0.87,0.87,high,Sentinel-3_SLSTR_FRP,1,S3B_SL_2_FRP____20260416T034148_20260416T034648_20260416T053635_0299_119_061______MAR_O_NR_003.SEN3,0.12467199683368602,0.19699693829012202,0.0,0.15360197341626042,0.3378009867081302,Medium,180
IND_S3_20260416_I047,India,2026-04-16,2026-04-16T04:21:07+00:00,isolated,-1,19.334253,80.92679,1,1.0,26.180439,26.180439,26.180439,0.85,0.0,0.85,0.85,high,Sentinel-3_SLSTR_FRP,1,S3A_SL_2_FRP____20260416T042107_20260416T042607_20260416T061724_0299_138_204______MAR_O_NR_003.SEN3,0.1328095814608042,0.20985531304413818,0.0,0.16362787409413782,0.3368139370470689,Medium,180
IND_S3_20260416_I141,India,2026-04-16,2026-04-16T05:24:16+00:00,isolated,-1,23.460136,69.074005,1,1.0,17.604753,17.604753,17.604753,0.96,0.0,0.96,0.96,high,Sentinel-3_SLSTR_FRP,1,S3B_SL_2_FRP____20260416T052416_20260416T052916_20260416T071825_0299_119_062______MAR_O_NR_003.SEN3,0.07713464896681684,0.1218821392811807,0.0,0.09503364509256239,0.3355168225462812,Medium,180
IND_S3_20260416_I063,India,2026-04-16,2026-04-16T15:26:43+00:00,isolated,-1,20.13896,94.24633,1,1.0,15.192827,15.192827,15.192827,1.0,0.0,1.0,1.0,high,Sentinel-3_SLSTR_FRP,1,S3A_SL_2_FRP____20260416T152643_20260416T153143_20260416T162404_0299_138_211______MAR_O_NR_003.SEN3,0.056742163479338754,0.08965952869351203,0.0,0.06990910956500807,0.334954554782504,Medium,180
IND_S3_20260416_I139,India,2026-04-16,2026-04-16T05:24:16+00:00,isolated,-1,23.250906,75.61029,1,1.0,16.427761,16.427761,16.427761,0.97,0.0,0.97,0.97,high,Sentinel-3_SLSTR_FRP,1,S3B_SL_2_FRP____20260416T052416_20260416T052916_20260416T071825_0299_119_062______MAR_O_NR_003.SEN3,0.06753640555655607,0.10671574576213655,0.0,0.08320814163878826,0.33260407081939414,Medium,180
IND_S3_20260416_I205,India,2026-04-16,2026-04-16T16:33:08+00:00,isolated,-1,23.623816,74.970764,1,1.0,14.761236,14.761236,14.761236,1.0,0.0,1.0,1.0,high,Sentinel-3_SLSTR_FRP,1,S3B_SL_2_FRP____20260416T163308_20260416T163808_20260416T185545_0299_119_069______MAR_O_NR_003.SEN3,0.05277453514375536,0.08339019272205293,0.0,0.06502079817507439,0.3325103990875372,Medium,180
IND_S3_20260416_C034,India,2026-04-16,2026-04-16T16:33:08+00:00,clustered,34,28.905545999999998,81.45129833333334,3,1.0217328716600775,12.454138333333333,13.311444,37.362415,0.7733333333333334,0.0,0.69,0.85,high,Sentinel-3_SLSTR_FRP,1,S3B_SL_2_FRP____20260416T163308_20260416T163808_20260416T185545_0299_119_069______MAR_O_NR_003.SEN3,0.18341757999733044,0.06099683576347974,0.16207652439312228,0.13444928230379016,0.3316399460305195,Medium,180
IND_S3_20260416_C031,India,2026-04-16,2026-04-16T16:33:08+00:00,clustered,31,23.523524,77.36272666666666,3,6.570132078024282,12.810058666666668,15.708503,38.430176,0.7433333333333333,0.0,0.23,1.0,high,Sentinel-3_SLSTR_FRP,2,S3A_SL_2_FRP____20260416T171117_20260416T171617_20260416T193605_0299_138_212______MAR_O_NR_003.SEN3;S3B_SL_2_FRP____20260416T163308_20260416T163808_20260416T185545_0299_119_069______MAR_O_NR_003.SEN3,0.18744958787753704,0.09693477785524782,0.16207652439312228,0.15124366386862137,0.3310371368129351,Medium,180
IND_S3_20260416_I174,India,2026-04-16,2026-04-16T16:28:08+00:00,isolated,-1,19.498295,80.99988,1,1.0,14.130778,14.130778,14.130778,1.0,0.0,1.0,1.0,high,Sentinel-3_SLSTR_FRP,1,S3B_SL_2_FRP____20260416T162808_20260416T163308_20260416T172036_0299_119_069______MAR_O_NR_003.SEN3,0.04677899214038361,0.07391650460404994,0.0,0.05763399712585014,0.32881699856292507,Medium,180
IND_S3_20260416_I198,India,2026-04-16,2026-04-16T16:33:08+00:00,isolated,-1,23.400623,75.27243,1,1.0,13.973796,13.973796,13.973796,1.0,0.0,1.0,1.0,high,Sentinel-3_SLSTR_FRP,1,S3B_SL_2_FRP____20260416T163308_20260416T163808_20260416T185545_0299_119_069______MAR_O_NR_003.SEN3,0.045247271419386156,0.07149619932286827,0.0,0.055746842580779,0.3278734212903895,Medium,180
IND_S3_20260416_I045,India,2026-04-16,2026-04-16T04:21:07+00:00,isolated,-1,19.944437,82.031784,1,1.0,22.207481,22.207481,22.207481,0.86,0.0,0.86,0.86,high,Sentinel-3_SLSTR_FRP,1,S3A_SL_2_FRP____20260416T042107_20260416T042607_20260416T061724_0299_138_204______MAR_O_NR_003.SEN3,0.10960101869132223,0.17318295739236184,0.0,0.13503379417173805,0.32551689708586906,Medium,180
IND_S3_20260416_I189,India,2026-04-16,2026-04-16T16:33:08+00:00,isolated,-1,23.128595,75.31255,1,1.0,13.038198,13.038198,13.038198,1.0,0.0,1.0,1.0,high,Sentinel-3_SLSTR_FRP,1,S3B_SL_2_FRP____20260416T163308_20260416T163808_20260416T185545_0299_119_069______MAR_O_NR_003.SEN3,0.03577136845219796,0.05652311860322125,0.0,0.044072068512607275,0.3220360342563036,Medium,180
IND_S3_20260416_I204,India,2026-04-16,2026-04-16T16:33:08+00:00,isolated,-1,23.631697,75.08866,1,1.0,12.867214,12.867214,12.867214,1.0,0.0,1.0,1.0,high,Sentinel-3_SLSTR_FRP,1,S3B_SL_2_FRP____20260416T163308_20260416T163808_20260416T185545_0299_119_069______MAR_O_NR_003.SEN3,0.03397154151185906,0.053679172843919515,0.0,0.041854594044683245,0.32092729702234163,Medium,180
IND_S3_20260416_I194,India,2026-04-16,2026-04-16T16:33:08+00:00,isolated,-1,23.601826,76.61555,1,1.0,12.57397,12.57397,12.57397,1.0,0.0,1.0,1.0,high,Sentinel-3_SLSTR_FRP,1,S3B_SL_2_FRP____20260416T163308_20260416T163808_20260416T185545_0299_119_069______MAR_O_NR_003.SEN3,0.030832470786775572,0.04871905880369493,0.0,0.03798710599354332,0.3189935529967716,Medium,180
IND_S3_20260416_I187,India,2026-04-16,2026-04-16T16:33:08+00:00,isolated,-1,23.359953,76.49348,1,1.0,12.340875,12.340875,12.340875,1.0,0.0,1.0,1.0,high,Sentinel-3_SLSTR_FRP,1,S3B_SL_2_FRP____20260416T163308_20260416T163808_20260416T185545_0299_119_069______MAR_O_NR_003.SEN3,0.02828851117454465,0.04469929279792732,0.0,0.03485282382389772,0.31742641191194887,Medium,180
IND_S3_20260416_I175,India,2026-04-16,2026-04-16T16:33:08+00:00,isolated,-1,21.227478,79.99267,1,1.0,12.25275,12.25275,12.25275,1.0,0.0,1.0,1.0,high,Sentinel-3_SLSTR_FRP,1,S3B_SL_2_FRP____20260416T163308_20260416T163808_20260416T185545_0299_119_069______MAR_O_NR_003.SEN3,0.027315133326303025,0.04316123725399609,0.0,0.03365357489738025,0.31682678744869014,Medium,180
IND_S3_20260416_I200,India,2026-04-16,2026-04-16T16:33:08+00:00,isolated,-1,23.638754,75.62439,1,1.0,11.997058,11.997058,11.997058,1.0,0.0,1.0,1.0,high,Sentinel-3_SLSTR_FRP,1,S3B_SL_2_FRP____20260416T163308_20260416T163808_20260416T185545_0299_119_069______MAR_O_NR_003.SEN3,0.024453835767318303,0.03864003864506607,0.0,0.03012831691841741,0.3150641584592087,Medium,180
IND_S3_20260416_I148,India,2026-04-16,2026-04-16T05:24:16+00:00,isolated,-1,21.479849,70.387886,1,1.0,15.2763605,15.2763605,15.2763605,0.93,0.0,0.93,0.93,high,Sentinel-3_SLSTR_FRP,1,S3B_SL_2_FRP____20260416T052416_20260416T052916_20260416T071825_0299_119_062______MAR_O_NR_003.SEN3,0.05749786186554447,0.09085362417713459,0.0,0.07084016679018051,0.3144200833950903,Medium,180
IND_S3_20260416_I060,India,2026-04-16,2026-04-16T15:26:43+00:00,isolated,-1,18.077274,95.87663,1,1.0,11.410509,11.410509,11.410509,1.0,0.0,1.0,1.0,high,Sentinel-3_SLSTR_FRP,1,S3A_SL_2_FRP____20260416T152643_20260416T153143_20260416T162404_0299_138_211______MAR_O_NR_003.SEN3,0.017671540888440068,0.02792318674846776,0.0,0.021772199232451144,0.31088609961622554,Medium,180
IND_S3_20260416_I140,India,2026-04-16,2026-04-16T05:24:16+00:00,isolated,-1,23.417572,69.79274,1,1.0,14.12802,14.12802,14.12802,0.94,0.0,0.94,0.94,high,Sentinel-3_SLSTR_FRP,1,S3B_SL_2_FRP____20260416T052416_20260416T052916_20260416T071825_0299_119_062______MAR_O_NR_003.SEN3,0.04675221890413938,0.07387419963018106,0.0,0.05760101119455605,0.310800505597278,Medium,180
IND_S3_20260416_I179,India,2026-04-16,2026-04-16T16:33:08+00:00,isolated,-1,21.940174,76.26435,1,1.0,11.384313,11.384313,11.384313,1.0,0.0,1.0,1.0,high,Sentinel-3_SLSTR_FRP,1,S3B_SL_2_FRP____20260416T163308_20260416T163808_20260416T185545_0299_119_069______MAR_O_NR_003.SEN3,0.017361204695766217,0.027432817769466666,0.0,0.021389849925246396,0.3106949249626232,Medium,180
IND_S3_20260416_I018,India,2026-04-16,2026-04-16T04:21:07+00:00,isolated,-1,26.28348,83.793396,1,1.0,21.089098,21.089098,21.089098,0.82,0.0,0.82,0.82,high,Sentinel-3_SLSTR_FRP,1,S3A_SL_2_FRP____20260416T042107_20260416T042607_20260416T061724_0299_138_204______MAR_O_NR_003.SEN3,0.10234711632571743,0.16172090823158744,0.0,0.12609663308806543,0.3090483165440327,Medium,180
IND_S3_20260416_I181,India,2026-04-16,2026-04-16T16:33:08+00:00,isolated,-1,23.608301,79.275085,1,1.0,11.1445465,11.1445465,11.1445465,1.0,0.0,1.0,1.0,high,Sentinel-3_SLSTR_FRP,1,S3B_SL_2_FRP____20260416T163308_20260416T163808_20260416T185545_0299_119_069______MAR_O_NR_003.SEN3,0.014489873694814592,0.02289576510029705,0.0,0.017852230257007575,0.30892611512850376,Medium,180
IND_S3_20260416_I147,India,2026-04-16,2026-04-16T05:24:16+00:00,isolated,-1,21.800013,70.24441,1,1.0,13.59192,13.59192,13.59192,0.94,0.0,0.94,0.94,high,Sentinel-3_SLSTR_FRP,1,S3B_SL_2_FRP____20260416T052416_20260416T052916_20260416T071825_0299_119_062______MAR_O_NR_003.SEN3,0.04145310482701697,0.06550095403088431,0.0,0.05107224450856391,0.30753612225428195,Medium,180
IND_S3_20260416_I040,India,2026-04-16,2026-04-16T04:21:07+00:00,isolated,-1,20.969208,86.00543,1,1.0,19.866959,19.866959,19.866959,0.83,0.0,0.83,0.83,high,Sentinel-3_SLSTR_FRP,1,S3A_SL_2_FRP____20260416T042107_20260416T042607_20260416T061724_0299_138_204______MAR_O_NR_003.SEN3,0.0939877820144995,0.14851214197070609,0.0,0.11579752599698215,0.30689876299849106,Medium,180
IND_S3_20260416_I028,India,2026-04-16,2026-04-16T04:21:07+00:00,isolated,-1,24.432726,80.170715,1,1.0,22.715574,22.715574,22.715574,0.79,0.0,0.79,0.79,high,Sentinel-3_SLSTR_FRP,1,S3A_SL_2_FRP____20260416T042107_20260416T042607_20260416T061724_0299_138_204______MAR_O_NR_003.SEN3,0.11278178809886563,0.17820896042918516,0.0,0.13895265703099344,0.3064763285154967,Medium,180
IND_S3_20260416_I104,India,2026-04-16,2026-04-16T03:41:48+00:00,isolated,-1,20.819052,93.369576,1,1.0,22.873524,22.873524,22.873524,0.78,0.0,0.78,0.78,high,Sentinel-3_SLSTR_FRP,1,S3B_SL_2_FRP____20260416T034148_20260416T034648_20260416T053635_0299_119_061______MAR_O_NR_003.SEN3,0.11375671494817752,0.17974946358345392,0.0,0.14015381440228808,0.304076907201144,Medium,180
IND_S3_20260416_I131,India,2026-04-16,2026-04-16T05:19:16+00:00,isolated,-1,24.542,74.3168,1,1.0,14.395045,14.395045,14.395045,0.91,0.0,0.91,0.91,high,Sentinel-3_SLSTR_FRP,1,S3B_SL_2_FRP____20260416T051916_20260416T052416_20260416T071927_0299_119_062______MAR_O_NR_003.SEN3,0.04932198231440208,0.07793473877937797,0.0,0.06076708490039244,0.3033835424501962,Medium,180
IND_S3_20260416_I004,India,2026-04-16,2026-04-16T04:16:07+00:00,isolated,-1,28.592297,81.97657,1,1.0,25.364866,25.364866,25.364866,0.74,0.0,0.74,0.74,high,Sentinel-3_SLSTR_FRP,1,S3A_SL_2_FRP____20260416T041607_20260416T042107_20260416T061833_0299_138_204______MAR_O_NR_003.SEN3,0.1283351968689909,0.2027852404720627,0.0,0.15811521431021963,0.3010576071551098,Medium,180
IND_S3_20260416_I095,India,2026-04-16,2026-04-16T03:41:48+00:00,isolated,-1,23.139818,97.33208,1,1.0,20.609922,20.609922,20.609922,0.79,0.0,0.79,0.79,high,Sentinel-3_SLSTR_FRP,1,S3B_SL_2_FRP____20260416T034148_20260416T034648_20260416T053635_0299_119_061______MAR_O_NR_003.SEN3,0.09912605460315496,0.15663123842999763,0.0,0.12212812813389204,0.298064064066946,Low,360
IND_S3_20260416_I017,India,2026-04-16,2026-04-16T04:21:07+00:00,isolated,-1,26.567553,83.31115,1,1.0,20.691797,20.691797,20.691797,0.77,0.0,0.77,0.77,high,Sentinel-3_SLSTR_FRP,1,S3A_SL_2_FRP____20260416T042107_20260416T042607_20260416T061724_0299_138_204______MAR_O_NR_003.SEN3,0.09968145344834947,0.1575088362451601,0.0,0.12281240656707373,0.29240620328353684,Low,360
IND_S3_20260416_I067,India,2026-04-16,2026-04-16T15:31:43+00:00,isolated,-1,23.343666,92.24005,1,1.0,13.622898,13.622898,13.622898,0.88,0.0,0.88,0.88,high,Sentinel-3_SLSTR_FRP,1,S3A_SL_2_FRP____20260416T153143_20260416T153643_20260416T175650_0299_138_211______MAR_O_NR_003.SEN3,0.04176456938323965,0.06599310596171133,0.0,0.05145598401462832,0.2897279920073142,Low,360
IND_S3_20260416_I152,India,2026-04-16,2026-04-16T05:24:16+00:00,isolated,-1,19.423176,75.30546,1,1.0,14.964982,14.964982,14.964982,0.85,0.0,0.85,0.85,high,Sentinel-3_SLSTR_FRP,1,S3B_SL_2_FRP____20260416T052416_20260416T052916_20260416T071825_0299_119_062______MAR_O_NR_003.SEN3,0.05466094057007185,0.08637094303323918,0.0,0.06734494155533878,0.2886724707776694,Low,360
IND_S3_20260416_I046,India,2026-04-16,2026-04-16T04:21:07+00:00,isolated,-1,19.507975,84.10984,1,1.0,18.41288,18.41288,18.41288,0.79,0.0,0.79,0.79,high,Sentinel-3_SLSTR_FRP,1,S3A_SL_2_FRP____20260416T042107_20260416T042607_20260416T061724_0299_138_204______MAR_O_NR_003.SEN3,0.08337944483192997,0.13174967727622228,0.0,0.10272753780964688,0.2883637689048234,Low,360
IND_S3_20260416_I144,India,2026-04-16,2026-04-16T05:24:16+00:00,isolated,-1,22.763151,70.68478,1,1.0,13.579691,13.579691,13.579691,0.87,0.0,0.87,0.87,high,Sentinel-3_SLSTR_FRP,1,S3B_SL_2_FRP____20260416T052416_20260416T052916_20260416T071825_0299_119_062______MAR_O_NR_003.SEN3,0.04132996775119601,0.06530638245472604,0.0,0.050920533632608025,0.28646026681630404,Low,360
IND_S3_20260416_I136,India,2026-04-16,2026-04-16T05:19:16+00:00,isolated,-1,23.596333,74.87573,1,1.0,13.515673,13.515673,13.515673,0.87,0.0,0.87,0.87,high,Sentinel-3_SLSTR_FRP,1,S3B_SL_2_FRP____20260416T051916_20260416T052416_20260416T071927_0299_119_062______MAR_O_NR_003.SEN3,0.040683663091042224,0.06428514238088026,0.0,0.050124254806977436,0.28606212740348874,Low,360
IND_S3_20260416_I122,India,2026-04-16,2026-04-16T05:19:16+00:00,isolated,-1,32.859177,74.09438,1,1.0,17.897764,17.897764,17.897764,0.78,0.0,0.78,0.78,high,Sentinel-3_SLSTR_FRP,1,S3B_SL_2_FRP____20260416T051916_20260416T052416_20260416T071927_0299_119_062______MAR_O_NR_003.SEN3,0.07942969089786521,0.12550858503601295,0.0,0.09786124855312431,0.2829306242765621,Low,360
IND_S3_20260416_I116,India,2026-04-16,2026-04-16T03:41:48+00:00,isolated,-1,17.9837,96.734215,1,1.0,15.705034,15.705034,15.705034,0.81,0.0,0.81,0.81,high,Sentinel-3_SLSTR_FRP,1,S3B_SL_2_FRP____20260416T034148_20260416T034648_20260416T053635_0299_119_061______MAR_O_NR_003.SEN3,0.06131590085652825,0.09688659076625146,0.0,0.07554417682041753,0.28077208841020873,Low,360
IND_S3_20260416_I163,India,2026-04-16,2026-04-16T05:24:16+00:00,isolated,-1,16.271982,74.34597,1,1.0,13.626898,13.626898,13.626898,0.85,0.0,0.85,0.85,high,Sentinel-3_SLSTR_FRP,1,S3B_SL_2_FRP____20260416T052416_20260416T052916_20260416T071825_0299_119_062______MAR_O_NR_003.SEN3,0.04180473879128474,0.06605657851849059,0.0,0.05150547468216708,0.2807527373410835,Low,360
IND_S3_20260416_I145,India,2026-04-16,2026-04-16T05:24:16+00:00,isolated,-1,21.54625,75.71668,1,1.0,12.55585,12.55585,12.55585,0.86,0.0,0.86,0.86,high,Sentinel-3_SLSTR_FRP,1,S3B_SL_2_FRP____20260416T052416_20260416T052916_20260416T071825_0299_119_062______MAR_O_NR_003.SEN3,0.03063628405843021,0.04840905988012952,0.0,0.03774539438710993,0.27687269719355495,Low,360
IND_S3_20260416_I001,India,2026-04-16,2026-04-16T04:16:07+00:00,isolated,-1,37.43883,89.258606,1,1.0,19.091476,19.091476,19.091476,0.74,0.0,0.74,0.74,high,Sentinel-3_SLSTR_FRP,1,S3A_SL_2_FRP____20260416T041607_20260416T042107_20260416T061833_0299_138_204______MAR_O_NR_003.SEN3,0.08842567795874375,0.13972334017669413,0.0,0.1089447428459239,0.27647237142296194,Low,360
IND_S3_20260416_I099,India,2026-04-16,2026-04-16T03:41:48+00:00,isolated,-1,22.634245,96.22248,1,1.0,18.871124,18.871124,18.871124,0.74,0.0,0.74,0.74,high,Sentinel-3_SLSTR_FRP,1,S3B_SL_2_FRP____20260416T034148_20260416T034648_20260416T053635_0299_119_061______MAR_O_NR_003.SEN3,0.08680601018436904,0.13716406784046423,0.0,0.10694923324680711,0.27547461662340356,Low,360
IND_S3_20260416_I146,India,2026-04-16,2026-04-16T05:24:16+00:00,isolated,-1,21.935724,70.80105,1,1.0,11.439361,11.439361,11.439361,0.88,0.0,0.88,0.88,high,Sentinel-3_SLSTR_FRP,1,S3B_SL_2_FRP____20260416T052416_20260416T052916_20260416T071825_0299_119_062______MAR_O_NR_003.SEN3,0.018012584781212523,0.028462077633389923,0.0,0.022192381922083483,0.27509619096104176,Low,360
IND_S3_20260416_I173,India,2026-04-16,2026-04-16T16:28:08+00:00,isolated,-1,18.361687,80.69786,1,1.0,10.234813,10.234813,10.234813,0.91,0.0,0.91,0.91,high,Sentinel-3_SLSTR_FRP,1,S3B_SL_2_FRP____20260416T162808_20260416T163308_20260416T172036_0299_119_069______MAR_O_NR_003.SEN3,0.003054267418244923,0.004826114487571542,0.0,0.0037630062459755704,0.2748815031229878,Low,360
IND_S3_20260416_C007,India,2026-04-16,2026-04-16T04:21:07+00:00,clustered,7,14.027501375000002,79.06865025,4,5.404093864848538,25.79822275,32.117405,103.192891,0.27,0.0,0.0,0.84,low,Sentinel-3_SLSTR_FRP,2,S3A_SL_2_FRP____20260416T042107_20260416T042607_20260416T061724_0299_138_204______MAR_O_NR_003.SEN3;S3A_SL_2_FRP____20260416T170617_20260416T171117_20260416T180110_0299_138_212______MAR_O_NR_003.SEN3,0.3301634203766763,0.2557033739331763,0.21425351111696525,0.3003794017992763,0.2740404031230312,Low,360
IND_S3_20260416_I044,India,2026-04-16,2026-04-16T04:21:07+00:00,isolated,-1,21.185879,79.43211,1,1.0,19.09096,19.09096,19.09096,0.73,0.0,0.73,0.73,high,Sentinel-3_SLSTR_FRP,1,S3A_SL_2_FRP____20260416T042107_20260416T042607_20260416T061724_0299_138_204______MAR_O_NR_003.SEN3,0.08842190595843816,0.1397173799568348,0.0,0.10894009555779682,0.2734700477788984,Low,360
IND_S3_20260416_I021,India,2026-04-16,2026-04-16T04:21:07+00:00,isolated,-1,25.219847,83.85486,1,1.0,14.755563,14.755563,14.755563,0.8,0.0,0.8,0.8,high,Sentinel-3_SLSTR_FRP,1,S3A_SL_2_FRP____20260416T042107_20260416T042607_20260416T061724_0299_138_204______MAR_O_NR_003.SEN3,0.0527216627509323,0.08330664790227989,0.0,0.06495565681147134,0.27247782840573564,Low,360
IND_S3_20260416_I013,India,2026-04-16,2026-04-16T04:21:07+00:00,isolated,-1,27.35788,83.01606,1,1.0,20.021128,20.021128,20.021128,0.7,0.0,0.7,0.7,high,Sentinel-3_SLSTR_FRP,1,S3A_SL_2_FRP____20260416T042107_20260416T042607_20260416T061724_0299_138_204______MAR_O_NR_003.SEN3,0.09506888425849083,0.15022041517923568,0.0,0.11712949662678877,0.2685647483133944,Low,360
IND_S3_20260416_C023,India,2026-04-16,2026-04-16T05:19:16+00:00,clustered,23,29.546491666666668,72.43659666666666,3,3.6854395698768228,11.67895,13.633754,35.03685,0.5566666666666666,0.0,0.0,0.85,high,Sentinel-3_SLSTR_FRP,1,S3B_SL_2_FRP____20260416T051916_20260416T052416_20260416T071927_0299_119_062______MAR_O_NR_003.SEN3,0.1742329932553843,0.066165330119196,0.16207652439312228,0.131005928000909,0.26491826887907893,Low,360
IND_S3_20260416_I202,India,2026-04-16,2026-04-16T16:33:08+00:00,isolated,-1,24.179247,77.77138,1,1.0,10.500659,10.500659,10.500659,0.86,0.0,0.86,0.86,high,Sentinel-3_SLSTR_FRP,1,S3B_SL_2_FRP____20260416T163308_20260416T163808_20260416T185545_0299_119_069______MAR_O_NR_003.SEN3,0.00648908936351581,0.010253551474024437,0.0,0.007994874207719261,0.26199743710385964,Low,360
IND_S3_20260416_I003,India,2026-04-16,2026-04-16T04:16:07+00:00,isolated,-1,30.549374,86.35678,1,1.0,16.122873,16.122873,16.122873,0.72,0.0,0.72,0.72,high,Sentinel-3_SLSTR_FRP,1,S3A_SL_2_FRP____20260416T041607_20260416T042107_20260416T061833_0299_138_204______MAR_O_NR_003.SEN3,0.06494429295833588,0.10261989217415056,0.0,0.08001453264466177,0.2560072663223309,Low,360
IND_S3_20260416_I002,India,2026-04-16,2026-04-16T04:16:07+00:00,isolated,-1,31.047953,86.641525,1,1.0,14.950312,14.950312,14.950312,0.74,0.0,0.74,0.74,high,Sentinel-3_SLSTR_FRP,1,S3A_SL_2_FRP____20260416T041607_20260416T042107_20260416T061833_0299_138_204______MAR_O_NR_003.SEN3,0.054525923221799076,0.08615759917975724,0.0,0.06717859360498234,0.25558929680249115,Low,360
IND_S3_20260416_I064,India,2026-04-16,2026-04-16T15:26:43+00:00,isolated,-1,20.225718,93.79049,1,1.0,11.395729,11.395729,11.395729,0.81,0.0,0.81,0.81,high,Sentinel-3_SLSTR_FRP,1,S3A_SL_2_FRP____20260416T152643_20260416T153143_20260416T162404_0299_138_211______MAR_O_NR_003.SEN3,0.017496527264144177,0.027646643907886313,0.0,0.02155657392164103,0.2537782869608205,Low,360
IND_S3_20260416_I106,India,2026-04-16,2026-04-16T03:41:48+00:00,isolated,-1,19.757933,97.76798,1,1.0,17.29062,17.29062,17.29062,0.69,0.0,0.69,0.69,high,Sentinel-3_SLSTR_FRP,1,S3B_SL_2_FRP____20260416T034148_20260416T034648_20260416T053635_0299_119_061______MAR_O_NR_003.SEN3,0.0746336677484009,0.1179302843718037,0.0,0.09195231439776202,0.252976157198881,Low,360
IND_S3_20260416_I127,India,2026-04-16,2026-04-16T05:19:16+00:00,isolated,-1,24.678318,77.43742,1,1.0,12.811585,12.811585,12.811585,0.77,0.0,0.77,0.77,high,Sentinel-3_SLSTR_FRP,1,S3B_SL_2_FRP____20260416T051916_20260416T052416_20260416T071927_0299_119_062______MAR_O_NR_003.SEN3,0.03338118701574736,0.05274634084320202,0.0,0.04112724854672922,0.2515636242733646,Low,360
IND_S3_20260416_I101,India,2026-04-16,2026-04-16T03:41:48+00:00,isolated,-1,20.517443,97.46069,1,1.0,13.702833,13.702833,13.702833,0.75,0.0,0.75,0.75,high,Sentinel-3_SLSTR_FRP,1,S3B_SL_2_FRP____20260416T034148_20260416T034648_20260416T053635_0299_119_061______MAR_O_NR_003.SEN3,0.042565228194798216,0.06725824439293783,0.0,0.05244243467405406,0.251221217337027,Low,360
IND_S3_20260416_I206,India,2026-04-16,2026-04-16T16:33:08+00:00,isolated,-1,23.808374,75.332504,1,1.0,10.269468,10.269468,10.269468,0.83,0.0,0.83,0.83,high,Sentinel-3_SLSTR_FRP,1,S3B_SL_2_FRP____20260416T163308_20260416T163808_20260416T185545_0299_119_069______MAR_O_NR_003.SEN3,0.0035066015752080563,0.005540857543501355,0.0,0.0043203039625253755,0.2511601519812627,Low,360
IND_S3_20260416_I203,India,2026-04-16,2026-04-16T16:33:08+00:00,isolated,-1,23.778612,75.74579,1,1.0,10.235167,10.235167,10.235167,0.83,0.0,0.83,0.83,high,Sentinel-3_SLSTR_FRP,1,S3B_SL_2_FRP____20260416T163308_20260416T163808_20260416T185545_0299_119_069______MAR_O_NR_003.SEN3,0.0030588950506701728,0.004833426710383873,0.0,0.003768707714555653,0.2508843538572778,Low,360
IND_S3_20260416_C017,India,2026-04-16,2026-04-16T03:36:48+00:00,clustered,17,37.31602633333333,93.66158683333333,6,1.5479265960912245,24.079744333333334,26.56107,144.478466,0.11,0.0,0.0,0.66,low,Sentinel-3_SLSTR_FRP,1,S3B_SL_2_FRP____20260416T033648_20260416T034148_20260416T053632_0299_119_061______MAR_O_NR_003.SEN3,0.37918575880922534,0.21308264196913754,0.2929298041118989,0.3127445120731902,0.2479582168589749,Low,360
IND_S3_20260416_I005,India,2026-04-16,2026-04-16T04:16:07+00:00,isolated,-1,28.36795,82.144806,1,1.0,20.729912,20.729912,20.729912,0.62,0.0,0.62,0.62,medium,Sentinel-3_SLSTR_FRP,1,S3A_SL_2_FRP____20260416T041607_20260416T042107_20260416T061833_0299_138_204______MAR_O_NR_003.SEN3,0.09993929173251026,0.15791625213520488,0.0,0.12313007589358811,0.24756503794679405,Low,360
IND_S3_20260416_I186,India,2026-04-16,2026-04-16T16:33:08+00:00,isolated,-1,23.387463,76.87645,1,1.0,10.044134,10.044134,10.044134,0.82,0.0,0.82,0.82,high,Sentinel-3_SLSTR_FRP,1,S3B_SL_2_FRP____20260416T163308_20260416T163808_20260416T185545_0299_119_069______MAR_O_NR_003.SEN3,0.0005401990192804387,0.00085358023909359,0.0,0.0006655515072056992,0.24633277575360282,Low,360
IND_S3_20260416_I162,India,2026-04-16,2026-04-16T05:24:16+00:00,isolated,-1,16.23787,74.71445,1,1.0,16.43905,16.43905,16.43905,0.68,0.0,0.68,0.68,high,Sentinel-3_SLSTR_FRP,1,S3B_SL_2_FRP____20260416T052416_20260416T052916_20260416T071825_0299_119_062______MAR_O_NR_003.SEN3,0.06763151016018246,0.10686602261826716,0.0,0.08332531514341635,0.2456626575717082,Low,360
IND_S3_20260416_C011,India,2026-04-16,2026-04-16T17:11:17+00:00,clustered,11,23.254118249999998,75.88210124999999,4,1.3498627014617315,21.89684875,25.55499,87.587395,0.22999999999999998,0.0,0.0,0.36,low,Sentinel-3_SLSTR_FRP,1,S3A_SL_2_FRP____20260416T171117_20260416T171617_20260416T193605_0299_138_212______MAR_O_NR_003.SEN3,0.30633339187513103,0.20445275258668066,0.21425351111696525,0.2655811361597509,0.2446412703032685,Low,360
IND_S3_20260416_I107,India,2026-04-16,2026-04-16T03:41:48+00:00,isolated,-1,20.260649,93.23546,1,1.0,16.211582,16.211582,16.211582,0.68,0.0,0.68,0.68,high,Sentinel-3_SLSTR_FRP,1,S3B_SL_2_FRP____20260416T034148_20260416T034648_20260416T053635_0299_119_061______MAR_O_NR_003.SEN3,0.06570321430917184,0.1038190803344006,0.0,0.08094956071926335,0.2444747803596317,Low,360
IND_S3_20260416_I049,India,2026-04-16,2026-04-16T04:21:07+00:00,isolated,-1,18.018438,82.067566,1,1.0,17.933199,17.933199,17.933199,0.65,0.0,0.65,0.65,medium,Sentinel-3_SLSTR_FRP,1,S3A_SL_2_FRP____20260416T042107_20260416T042607_20260416T061724_0299_138_204______MAR_O_NR_003.SEN3,0.07970482438134192,0.1259433294472885,0.0,0.09820022640772055,0.24410011320386027,Low,360
IND_S3_20260416_I015,India,2026-04-16,2026-04-16T04:21:07+00:00,isolated,-1,26.97651,82.880875,1,1.0,15.702029,15.702029,15.702029,0.68,0.0,0.68,0.68,high,Sentinel-3_SLSTR_FRP,1,S3A_SL_2_FRP____20260416T042107_20260416T042607_20260416T061724_0299_138_204______MAR_O_NR_003.SEN3,0.06128947893121008,0.09684484090643047,0.0,0.07551162372129824,0.24175581186064915,Low,360
IND_S3_20260416_C016,India,2026-04-16,2026-04-16T16:33:08+00:00,clustered,16,25.03722475,76.5571285,4,2.2307608919082775,18.59555675,23.964487,74.382227,0.25,0.0,0.0,1.0,low,Sentinel-3_SLSTR_FRP,2,S3A_SL_2_FRP____20260416T171117_20260416T171617_20260416T193605_0299_138_212______MAR_O_NR_003.SEN3;S3B_SL_2_FRP____20260416T163308_20260416T163808_20260416T185545_0299_119_069______MAR_O_NR_003.SEN3,0.28262618583056087,0.1901193296556773,0.21425351111696525,0.24562344336060746,0.24066242390369677,Low,360
IND_S3_20260416_I153,India,2026-04-16,2026-04-16T05:24:16+00:00,isolated,-1,19.096064,73.65043,1,1.0,11.336184,11.336184,11.336184,0.76,0.0,0.76,0.76,high,Sentinel-3_SLSTR_FRP,1,S3B_SL_2_FRP____20260416T052416_20260416T052916_20260416T071825_0299_119_062______MAR_O_NR_003.SEN3,0.016789320008172338,0.026529170315569815,0.0,0.02068526013113133,0.23834263006556564,Low,360
IND_S3_20260416_I171,India,2026-04-16,2026-04-16T16:28:08+00:00,isolated,-1,9.49041,80.203896,1,1.0,12.352683,12.352683,12.352683,0.73,0.0,0.73,0.73,high,Sentinel-3_SLSTR_FRP,1,S3B_SL_2_FRP____20260416T162808_20260416T163308_20260416T172036_0299_119_069______MAR_O_NR_003.SEN3,0.028418446783777796,0.044904606884842435,0.0,0.03501291082420365,0.23650645541210183,Low,360
IND_S3_20260416_I125,India,2026-04-16,2026-04-16T05:19:16+00:00,isolated,-1,29.12666,71.52133,1,1.0,15.459549,15.459549,15.459549,0.66,0.0,0.66,0.66,medium,Sentinel-3_SLSTR_FRP,1,S3B_SL_2_FRP____20260416T051916_20260416T052416_20260416T071927_0299_119_062______MAR_O_NR_003.SEN3,0.059141615051975585,0.0934509543976775,0.0,0.07286535079025636,0.2344326753951282,Low,360
IND_S3_20260416_I059,India,2026-04-16,2026-04-16T04:26:07+00:00,isolated,-1,9.580188,78.48604,1,1.0,17.656576,17.656576,17.656576,0.62,0.0,0.62,0.62,medium,Sentinel-3_SLSTR_FRP,1,S3A_SL_2_FRP____20260416T042607_20260416T043107_20260416T061730_0299_138_204______MAR_O_NR_003.SEN3,0.07754317785196725,0.12252766467278145,0.0,0.09553697258029292,0.23376848629014646,Low,360
IND_S3_20260416_I124,India,2026-04-16,2026-04-16T05:19:16+00:00,isolated,-1,29.628143,73.07887,1,1.0,11.894611,11.894611,11.894611,0.73,0.0,0.73,0.73,high,Sentinel-3_SLSTR_FRP,1,S3B_SL_2_FRP____20260416T051916_20260416T052416_20260416T071927_0299_119_062______MAR_O_NR_003.SEN3,0.023291585259402336,0.036803541296820175,0.0,0.02869636767436947,0.23334818383718473,Low,360
IND_S3_20260416_C022,India,2026-04-16,2026-04-16T05:19:16+00:00,clustered,22,35.672259249999996,76.11211187500001,8,2.918803724270411,14.291605375,19.368856,114.332843,0.09375,0.0,0.0,0.75,low,Sentinel-3_SLSTR_FRP,1,S3B_SL_2_FRP____20260416T051916_20260416T052416_20260416T071927_0299_119_062______MAR_O_NR_003.SEN3,0.3450820647975539,0.1429053487536637,0.35169390242751086,0.2642113783799978,0.23056946967550107,Low,360
IND_S3_20260416_I214,India,2026-04-16,2026-04-16T16:33:08+00:00,isolated,-1,20.231913,75.18409,1,1.0,10.125552,10.125552,10.125552,0.76,0.0,0.76,0.76,high,Sentinel-3_SLSTR_FRP,1,S3B_SL_2_FRP____20260416T163308_20260416T163808_20260416T185545_0299_119_069______MAR_O_NR_003.SEN3,0.0016189497915155319,0.0025581378358721985,0.0,0.0019946250092581987,0.22899731250462907,Low,360
IND_S3_20260416_I109,India,2026-04-16,2026-04-16T03:41:48+00:00,isolated,-1,19.239027,96.76987,1,1.0,16.598864,16.598864,16.598864,0.62,0.0,0.62,0.62,medium,Sentinel-3_SLSTR_FRP,1,S3B_SL_2_FRP____20260416T034148_20260416T034648_20260416T053635_0299_119_061______MAR_O_NR_003.SEN3,0.06897130367206798,0.10898305953502171,0.0,0.08497600601724947,0.22848800300862473,Low,360
IND_S3_20260416_I154,India,2026-04-16,2026-04-16T05:24:16+00:00,isolated,-1,18.155437,75.053276,1,1.0,12.209436,12.209436,12.209436,0.69,0.0,0.69,0.69,high,Sentinel-3_SLSTR_FRP,1,S3B_SL_2_FRP____20260416T052416_20260416T052916_20260416T071825_0299_119_062______MAR_O_NR_003.SEN3,0.026834336888225306,0.04240152032760036,0.0,0.03306121026397533,0.22353060513198766,Low,360
IND_S3_20260416_I151,India,2026-04-16,2026-04-16T05:24:16+00:00,isolated,-1,19.359457,75.73438,1,1.0,11.184496,11.184496,11.184496,0.71,0.0,0.71,0.71,high,Sentinel-3_SLSTR_FRP,1,S3B_SL_2_FRP____20260416T052416_20260416T052916_20260416T071825_0299_119_062______MAR_O_NR_003.SEN3,0.01497220450070246,0.023657906514697204,0.0,0.01844648530630036,0.2222232426531502,Low,360
IND_S3_20260416_C000,India,2026-04-16,2026-04-16T04:16:07+00:00,clustered,0,31.2501998,83.5677542,5,1.3461903335438026,18.828961,21.59329,94.14480499999999,0.13799999999999998,0.0,0.0,0.69,low,Sentinel-3_SLSTR_FRP,1,S3A_SL_2_FRP____20260416T041607_20260416T042107_20260416T061833_0299_138_204______MAR_O_NR_003.SEN3,0.316821323392436,0.16695844215202404,0.25688521341031656,0.25687617089627124,0.22121512813019892,Low,360
IND_S3_20260416_I159,India,2026-04-16,2026-04-16T05:24:16+00:00,isolated,-1,17.128466,74.32953,1,1.0,11.267383,11.267383,11.267383,0.7,0.0,0.7,0.7,high,Sentinel-3_SLSTR_FRP,1,S3B_SL_2_FRP____20260416T052416_20260416T052916_20260416T071825_0299_119_062______MAR_O_NR_003.SEN3,0.015967917382708877,0.02523125413206927,0.0,0.019673252082453033,0.2198366260412265,Low,360
IND_S3_20260416_I061,India,2026-04-16,2026-04-16T15:26:43+00:00,isolated,-1,19.856245,94.2754,1,1.0,10.526757,10.526757,10.526757,0.71,0.0,0.71,0.71,high,Sentinel-3_SLSTR_FRP,1,S3A_SL_2_FRP____20260416T152643_20260416T153143_20260416T162404_0299_138_211______MAR_O_NR_003.SEN3,0.0068219944917180305,0.01077958211973876,0.0,0.008405029542926323,0.21720251477146316,Low,360
IND_S3_20260416_I043,India,2026-04-16,2026-04-16T04:21:07+00:00,isolated,-1,20.793938,85.25368,1,1.0,13.919294,13.919294,13.919294,0.62,0.0,0.62,0.62,medium,Sentinel-3_SLSTR_FRP,1,S3A_SL_2_FRP____20260416T042107_20260416T042607_20260416T061724_0299_138_204______MAR_O_NR_003.SEN3,0.04471172096735955,0.07064996438616573,0.0,0.055087018334882026,0.21354350916744103,Low,360
IND_S3_20260416_I068,India,2026-04-16,2026-04-16T17:11:17+00:00,isolated,-1,22.040808,76.49325,1,1.0,13.727396,13.727396,13.727396,0.62,0.0,0.62,0.62,medium,Sentinel-3_SLSTR_FRP,1,S3A_SL_2_FRP____20260416T171117_20260416T171617_20260416T193605_0299_138_212______MAR_O_NR_003.SEN3,0.04281038623838097,0.06764562395859462,0.0,0.05274448132646643,0.2123722406632332,Low,360
IND_S3_20260416_I113,India,2026-04-16,2026-04-16T03:41:48+00:00,isolated,-1,19.021526,93.77514,1,1.0,11.876698,11.876698,11.876698,0.66,0.0,0.66,0.66,medium,Sentinel-3_SLSTR_FRP,1,S3B_SL_2_FRP____20260416T034148_20260416T034648_20260416T053635_0299_119_061______MAR_O_NR_003.SEN3,0.023087416073586824,0.036480929118301066,0.0,0.028444821291472522,0.21222241064573627,Low,360
IND_S3_20260416_I083,India,2026-04-16,2026-04-16T17:11:17+00:00,isolated,-1,24.6614,76.932365,1,1.0,16.351177,16.351177,16.351177,0.57,0.0,0.57,0.57,medium,Sentinel-3_SLSTR_FRP,1,S3A_SL_2_FRP____20260416T171117_20260416T171617_20260416T193605_0299_138_212______MAR_O_NR_003.SEN3,0.06688958962144903,0.10569369781159856,0.0,0.08241123289750885,0.2122056164487544,Low,360
IND_S3_20260416_I023,India,2026-04-16,2026-04-16T04:21:07+00:00,isolated,-1,22.57632,92.43096,1,1.0,17.379032,17.379032,17.379032,0.54,0.0,0.54,0.54,medium,Sentinel-3_SLSTR_FRP,1,S3A_SL_2_FRP____20260416T042107_20260416T042607_20260416T061724_0299_138_204______MAR_O_NR_003.SEN3,0.07534188018240319,0.11904934626782485,0.0,0.09282486661657186,0.20841243330828593,Low,360
IND_S3_20260416_I164,India,2026-04-16,2026-04-16T05:24:16+00:00,isolated,-1,15.974735,74.602005,1,1.0,12.296071,12.296071,12.296071,0.63,0.0,0.63,0.63,medium,Sentinel-3_SLSTR_FRP,1,S3B_SL_2_FRP____20260416T052416_20260416T052916_20260416T071825_0299_119_062______MAR_O_NR_003.SEN3,0.02779443825894807,0.04391859742016386,0.0,0.034244101923434384,0.2061220509617172,Low,360
IND_S3_20260416_C033,India,2026-04-16,2026-04-16T16:33:08+00:00,clustered,33,27.202491666666663,83.00229,3,4.0418073323832395,12.140331333333334,13.18052,36.420994,0.35000000000000003,0.0,0.14,0.7,low,Sentinel-3_SLSTR_FRP,1,S3B_SL_2_FRP____20260416T163308_20260416T163808_20260416T185545_0299_119_069______MAR_O_NR_003.SEN3,0.17976844134547706,0.05886404242567816,0.16207652439312228,0.1314066817775575,0.2031186457674032,Low,360
IND_S3_20260416_I098,India,2026-04-16,2026-04-16T03:41:48+00:00,isolated,-1,23.028227,97.32503,1,1.0,14.694623,14.694623,14.694623,0.56,0.0,0.56,0.56,medium,Sentinel-3_SLSTR_FRP,1,S3B_SL_2_FRP____20260416T034148_20260416T034648_20260416T053635_0299_119_061______MAR_O_NR_003.SEN3,0.052152497923250454,0.08240729815828467,0.0,0.06425441801726414,0.20012720900863207,Low,360
IND_S3_20260416_I097,India,2026-04-16,2026-04-16T03:41:48+00:00,isolated,-1,23.757198,93.84922,1,1.0,16.587942,16.587942,16.587942,0.52,0.0,0.52,0.52,medium,Sentinel-3_SLSTR_FRP,1,S3B_SL_2_FRP____20260416T034148_20260416T034648_20260416T053635_0299_119_061______MAR_O_NR_003.SEN3,0.06888012765452034,0.10883899032334196,0.0,0.08486367272204899,0.1984318363610245,Low,360
IND_S3_20260416_C019,India,2026-04-16,2026-04-16T03:41:48+00:00,clustered,19,19.472742666666665,96.62246666666668,3,4.682313031371182,12.744194166666666,13.851249,38.2325825,0.31666666666666665,0.0,0.0,0.49,medium,Sentinel-3_SLSTR_FRP,1,S3B_SL_2_FRP____20260416T034148_20260416T034648_20260416T053635_0299_119_061______MAR_O_NR_003.SEN3,0.18671174706350743,0.06958910198170924,0.16207652439312228,0.13986268903078816,0.19734664939401853,Low,360
IND_S3_20260416_I020,India,2026-04-16,2026-04-16T04:21:07+00:00,isolated,-1,24.631977,88.352005,1,1.0,13.488747,13.488747,13.488747,0.56,0.0,0.56,0.56,medium,Sentinel-3_SLSTR_FRP,1,S3A_SL_2_FRP____20260416T042107_20260416T042607_20260416T061724_0299_138_204______MAR_O_NR_003.SEN3,0.04041097507000702,0.06385426209808517,0.0,0.04978828988123828,0.19289414494061916,Low,360
IND_S3_20260416_I115,India,2026-04-16,2026-04-16T03:41:48+00:00,isolated,-1,18.640907,94.482834,1,1.0,14.0136,14.0136,14.0136,0.54,0.0,0.54,0.54,medium,Sentinel-3_SLSTR_FRP,1,S3B_SL_2_FRP____20260416T034148_20260416T034648_20260416T053635_0299_119_061______MAR_O_NR_003.SEN3,0.045637165370122364,0.07211227924862204,0.0,0.05622721092152223,0.19011360546076111,Low,360
IND_S3_20260416_I033,India,2026-04-16,2026-04-16T04:21:07+00:00,isolated,-1,21.561125,92.53278,1,1.0,14.8035345,14.8035345,14.8035345,0.49,0.0,0.49,0.49,medium,Sentinel-3_SLSTR_FRP,1,S3A_SL_2_FRP____20260416T042107_20260416T042607_20260416T061724_0299_138_204______MAR_O_NR_003.SEN3,0.05316815850882508,0.0840121655766438,0.0,0.06550576133595257,0.1797528806679763,Low,360
IND_S3_20260416_C001,India,2026-04-16,2026-04-16T04:16:07+00:00,clustered,1,28.80815275,85.67910749999999,4,1.58404794386057,12.04833425,13.551092,48.193337,0.19,0.0,0.0,0.76,low,Sentinel-3_SLSTR_FRP,1,S3A_SL_2_FRP____20260416T041607_20260416T042107_20260416T061833_0299_138_204______MAR_O_NR_003.SEN3,0.2199408045188199,0.06485071535836476,0.21425351111696525,0.15790476885463783,0.17880308665071196,Low,360
IND_S3_20260416_I108,India,2026-04-16,2026-04-16T03:41:48+00:00,isolated,-1,19.265593,97.050224,1,1.0,12.602366,12.602366,12.602366,0.53,0.0,0.53,0.53,medium,Sentinel-3_SLSTR_FRP,1,S3B_SL_2_FRP____20260416T034148_20260416T034648_20260416T053635_0299_119_061______MAR_O_NR_003.SEN3,0.031139390441834343,0.049204029237178044,0.0,0.03836524595997182,0.1781826229799859,Low,360
IND_S3_20260416_I032,India,2026-04-16,2026-04-16T04:21:07+00:00,isolated,-1,21.726849,92.45969,1,1.0,14.4103565,14.4103565,14.4103565,0.49,0.0,0.49,0.49,medium,Sentinel-3_SLSTR_FRP,1,S3A_SL_2_FRP____20260416T042107_20260416T042607_20260416T061724_0299_138_204______MAR_O_NR_003.SEN3,0.04946798107876116,0.07816543460765804,0.0,0.06094696249031991,0.17747348124515994,Low,360
IND_S3_20260416_I091,India,2026-04-16,2026-04-16T17:11:17+00:00,isolated,-1,24.302464,68.214775,1,1.0,13.132433,13.132433,13.132433,0.49,0.0,0.49,0.49,medium,Sentinel-3_SLSTR_FRP,1,S3A_SL_2_FRP____20260416T171117_20260416T171617_20260416T193605_0299_138_212______MAR_O_NR_003.SEN3,0.03675396573567495,0.05807574197762169,0.0,0.04528267623245365,0.1696413381162268,Low,360
IND_S3_20260416_C015,India,2026-04-16,2026-04-16T17:11:17+00:00,clustered,15,25.022578749999997,76.411856,4,1.3031521524558178,18.043899,20.695347,72.175596,0.0,0.0,0.0,0.0,low,Sentinel-3_SLSTR_FRP,1,S3A_SL_2_FRP____20260416T171117_20260416T171617_20260416T193605_0299_138_212______MAR_O_NR_003.SEN3,0.27826279202624576,0.15754681284959718,0.21425351111696525,0.2299764003555863,0.1578389024011862,Low,360
IND_S3_20260416_I048,India,2026-04-16,2026-04-16T04:21:07+00:00,isolated,-1,19.263702,81.2941,1,1.0,12.729483,12.729483,12.729483,0.45,0.0,0.45,0.45,medium,Sentinel-3_SLSTR_FRP,1,S3A_SL_2_FRP____20260416T042107_20260416T042607_20260416T061724_0299_138_204______MAR_O_NR_003.SEN3,0.03250553303791012,0.05136270091590045,0.0,0.040048400189106256,0.15502420009455314,Low,360
IND_S3_20260416_C012,India,2026-04-16,2026-04-16T17:11:17+00:00,clustered,12,23.339889666666664,75.74455,3,3.7917994149900127,15.799259333333334,20.814499,47.397778,0.08,0.0,0.0,0.24,low,Sentinel-3_SLSTR_FRP,1,S3A_SL_2_FRP____20260416T171117_20260416T171617_20260416T193605_0299_138_212______MAR_O_NR_003.SEN3,0.21754622086769243,0.15881786601409975,0.16207652439312228,0.19405487892625534,0.15344274434175212,Low,360
IND_S3_20260416_I100,India,2026-04-16,2026-04-16T03:41:48+00:00,isolated,-1,23.010492,93.59185,1,1.0,10.563252,10.563252,10.563252,0.48,0.0,0.48,0.48,medium,Sentinel-3_SLSTR_FRP,1,S3B_SL_2_FRP____20260416T034148_20260416T034648_20260416T053635_0299_119_061______MAR_O_NR_003.SEN3,0.0072862615895257585,0.011513180675467123,0.0,0.008977029223902304,0.14848851461195114,Low,360
IND_S3_20260416_C006,India,2026-04-16,2026-04-16T04:21:07+00:00,clustered,6,18.681046666666663,81.15205933333333,3,1.1419247094304277,11.535084499999998,13.471916,34.605253499999996,0.17,0.0,0.0,0.51,low,Sentinel-3_SLSTR_FRP,1,S3A_SL_2_FRP____20260416T042107_20260416T042607_20260416T061724_0299_138_204______MAR_O_NR_003.SEN3,0.17246340136805072,0.06358451901994092,0.16207652439312228,0.1289118484288068,0.14787122909302786,Low,360
IND_S3_20260416_I114,India,2026-04-16,2026-04-16T03:41:48+00:00,isolated,-1,18.365114,96.95148,1,1.0,11.60864,11.60864,11.60864,0.45,0.0,0.45,0.45,medium,Sentinel-3_SLSTR_FRP,1,S3B_SL_2_FRP____20260416T034148_20260416T034648_20260416T053635_0299_119_061______MAR_O_NR_003.SEN3,0.01999774198518951,0.031598867779855114,0.0,0.02463819230305575,0.14731909615152788,Low,360
IND_S3_20260416_I030,India,2026-04-16,2026-04-16T04:21:07+00:00,isolated,-1,21.854343,92.43529,1,1.0,11.895113,11.895113,11.895113,0.44,0.0,0.44,0.44,medium,Sentinel-3_SLSTR_FRP,1,S3A_SL_2_FRP____20260416T042107_20260416T042607_20260416T061724_0299_138_204______MAR_O_NR_003.SEN3,0.023297302879584685,0.03681257583303388,0.0,0.028703412060964363,0.1463517060304822,Low,360
IND_S3_20260416_I121,India,2026-04-16,2026-04-16T05:19:16+00:00,isolated,-1,34.142845,80.26908,1,1.0,12.589027,12.589027,12.589027,0.41,0.0,0.41,0.41,medium,Sentinel-3_SLSTR_FRP,1,S3B_SL_2_FRP____20260416T051916_20260416T052416_20260416T071927_0299_119_062______MAR_O_NR_003.SEN3,0.030995295037552936,0.04897634094962312,0.0,0.038187713402381016,0.14209385670119049,Low,360
IND_S3_20260416_I050,India,2026-04-16,2026-04-16T04:21:07+00:00,isolated,-1,17.580414,81.46326,1,1.0,11.222897,11.222897,11.222897,0.44,0.0,0.44,0.44,medium,Sentinel-3_SLSTR_FRP,1,S3A_SL_2_FRP____20260416T042107_20260416T042607_20260416T061724_0299_138_204______MAR_O_NR_003.SEN3,0.015434351116893412,0.024388154451226274,0.0,0.019015872450626557,0.1415079362253133,Low,360
IND_S3_20260416_I086,India,2026-04-16,2026-04-16T17:11:17+00:00,isolated,-1,24.60134,74.64051,1,1.0,21.153105,21.153105,21.153105,0.26,0.0,0.26,0.26,low,Sentinel-3_SLSTR_FRP,1,S3A_SL_2_FRP____20260416T171117_20260416T171617_20260416T193605_0299_138_212______MAR_O_NR_003.SEN3,0.10277207755582471,0.16239239872944813,0.0,0.12662020602527407,0.14131010301263702,Low,360
IND_S3_20260416_C002,India,2026-04-16,2026-04-16T04:16:07+00:00,clustered,2,27.566545000000005,87.8408275,4,1.066163849255751,11.51831175,12.421125,46.073247,0.075,0.0,0.0,0.3,low,Sentinel-3_SLSTR_FRP,1,S3A_SL_2_FRP____20260416T041607_20260416T042107_20260416T061833_0299_138_204______MAR_O_NR_003.SEN3,0.21347076037419346,0.046091092107257293,0.21425351111696525,0.146518893067419,0.13861014875710254,Low,360
IND_S3_20260416_I009,India,2026-04-16,2026-04-16T04:21:07+00:00,isolated,-1,27.328434,84.84807,1,1.0,11.345921,11.345921,11.345921,0.4,0.0,0.4,0.4,medium,Sentinel-3_SLSTR_FRP,1,S3A_SL_2_FRP____20260416T042107_20260416T042607_20260416T061724_0299_138_204______MAR_O_NR_003.SEN3,0.01690519808432493,0.02671227178820815,0.0,0.020828027565878218,0.1304140137829391,Low,360
IND_S3_20260416_I008,India,2026-04-16,2026-04-16T04:21:07+00:00,isolated,-1,28.07086,82.07987,1,1.0,12.221669,12.221669,12.221669,0.36,0.0,0.36,0.36,medium,Sentinel-3_SLSTR_FRP,1,S3A_SL_2_FRP____20260416T042107_20260416T042607_20260416T061724_0299_138_204______MAR_O_NR_003.SEN3,0.026970285872146275,0.04261633627886655,0.0,0.03322870603483439,0.12461435301741719,Low,360
IND_S3_20260416_I166,India,2026-04-16,2026-04-16T05:24:16+00:00,isolated,-1,15.909741,73.94032,1,1.0,10.801216,10.801216,10.801216,0.39,0.0,0.39,0.39,medium,Sentinel-3_SLSTR_FRP,1,S3B_SL_2_FRP____20260416T052416_20260416T052916_20260416T071825_0299_119_062______MAR_O_NR_003.SEN3,0.010278034740268567,0.01624054660946393,0.0,0.012663039487946712,0.12333151974397336,Low,360
IND_S3_20260416_I172,India,2026-04-16,2026-04-16T16:28:08+00:00,isolated,-1,14.540774,78.96317,1,1.0,14.217713,14.217713,14.217713,0.31,0.0,0.31,0.31,low,Sentinel-3_SLSTR_FRP,1,S3B_SL_2_FRP____20260416T162808_20260416T163308_20260416T172036_0299_119_069______MAR_O_NR_003.SEN3,0.04762042026438533,0.07524606351406456,0.0,0.05867067756425702,0.12233533878212852,Low,360
IND_S3_20260416_I094,India,2026-04-16,2026-04-16T03:41:48+00:00,isolated,-1,25.098122,94.96242,1,1.0,10.637628,10.637628,10.637628,0.32,0.0,0.32,0.32,low,Sentinel-3_SLSTR_FRP,1,S3B_SL_2_FRP____20260416T034148_20260416T034648_20260416T053635_0299_119_061______MAR_O_NR_003.SEN3,0.008227908589518976,0.01300109761479556,0.0,0.01013718419962961,0.10106859209981481,Low,360
IND_S3_20260416_I031,India,2026-04-16,2026-04-16T04:21:07+00:00,isolated,-1,21.804392,92.58872,1,1.0,11.392048,11.392048,11.392048,0.3,0.0,0.3,0.3,low,Sentinel-3_SLSTR_FRP,1,S3A_SL_2_FRP____20260416T042107_20260416T042607_20260416T061724_0299_138_204______MAR_O_NR_003.SEN3,0.01745290717794394,0.027577718859377945,0.0,0.021502831850517542,0.10075141592525877,Low,360
IND_S3_20260416_I105,India,2026-04-16,2026-04-16T03:41:48+00:00,isolated,-1,20.86934,92.76342,1,1.0,10.051553,10.051553,10.051553,0.33,0.0,0.33,0.33,low,Sentinel-3_SLSTR_FRP,1,S3B_SL_2_FRP____20260416T034148_20260416T034648_20260416T053635_0299_119_061______MAR_O_NR_003.SEN3,0.0006388260952080254,0.0010094230304476164,0.0,0.0007870648693038618,0.09939353243465193,Low,360
IND_S3_20260416_C021,India,2026-04-16,2026-04-16T03:41:48+00:00,clustered,21,26.535001666666663,95.82340833333335,3,1.0797428858094975,11.830812666666667,12.601691,35.492438,0.0,0.0,0.0,0.0,low,Sentinel-3_SLSTR_FRP,1,S3B_SL_2_FRP____20260416T034148_20260416T034648_20260416T053635_0299_119_061______MAR_O_NR_003.SEN3,0.17607810576596233,0.04919251277894182,0.16207652439312228,0.12532386857115413,0.09507723916420152,Low,360
IND_S3_20260416_I077,India,2026-04-16,2026-04-16T17:11:17+00:00,isolated,-1,23.404951,76.65767,1,1.0,10.563219,10.563219,10.563219,0.25,0.0,0.25,0.25,low,Sentinel-3_SLSTR_FRP,1,S3A_SL_2_FRP____20260416T171117_20260416T171617_20260416T193605_0299_138_212______MAR_O_NR_003.SEN3,0.007285842445912643,0.011512518377512613,0.0,0.008976512818552631,0.07948825640927631,Low,360
IND_S3_20260416_I070,India,2026-04-16,2026-04-16T17:11:17+00:00,isolated,-1,23.016197,77.69203,1,1.0,21.395367,21.395367,21.395367,0.0,0.0,0.0,0.0,low,Sentinel-3_SLSTR_FRP,1,S3A_SL_2_FRP____20260416T171117_20260416T171617_20260416T193605_0299_138_212______MAR_O_NR_003.SEN3,0.1043694825810082,0.16491649321066668,0.0,0.1285882868328716,0.0642941434164358,Low,360
IND_S3_20260416_I082,India,2026-04-16,2026-04-16T17:11:17+00:00,isolated,-1,24.18453,75.936295,1,1.0,17.589924,17.589924,17.589924,0.05,0.0,0.05,0.05,low,Sentinel-3_SLSTR_FRP,1,S3A_SL_2_FRP____20260416T171117_20260416T171617_20260416T193605_0299_138_212______MAR_O_NR_003.SEN3,0.07701754020861676,0.1216970931810276,0.0,0.09488936139758108,0.06244468069879054,Low,360
IND_S3_20260416_I054,India,2026-04-16,2026-04-16T04:21:07+00:00,isolated,-1,27.16672,82.8425,1,1.0,19.231089,19.231089,19.231089,0.0,0.0,0.0,0.0,low,Sentinel-3_SLSTR_FRP,1,S3A_SL_2_FRP____20260416T042107_20260416T042607_20260416T061724_0299_138_204______MAR_O_NR_003.SEN3,0.08944271723136582,0.14133038608849288,0.0,0.11019778477421666,0.05509889238710833,Low,360
IND_S3_20260416_I092,India,2026-04-16,2026-04-16T17:11:17+00:00,isolated,-1,23.634052,75.94288,1,1.0,18.924063,18.924063,18.924063,0.0,0.0,0.0,0.0,low,Sentinel-3_SLSTR_FRP,1,S3A_SL_2_FRP____20260416T171117_20260416T171617_20260416T193605_0299_138_212______MAR_O_NR_003.SEN3,0.08719676444221049,0.1377815071562176,0.0,0.10743066152781333,0.053715330763906666,Low,360
IND_S3_20260416_I075,India,2026-04-16,2026-04-16T17:11:17+00:00,isolated,-1,23.467815,77.69567,1,1.0,18.843445,18.843445,18.843445,0.0,0.0,0.0,0.0,low,Sentinel-3_SLSTR_FRP,1,S3A_SL_2_FRP____20260416T171117_20260416T171617_20260416T193605_0299_138_212______MAR_O_NR_003.SEN3,0.08660129083553197,0.13684058633736895,0.0,0.10669700903626676,0.05334850451813338,Low,360
IND_S3_20260416_I081,India,2026-04-16,2026-04-16T17:11:17+00:00,isolated,-1,23.824646,76.183876,1,1.0,15.471447,15.471447,15.471447,0.0,0.0,0.0,0.0,low,Sentinel-3_SLSTR_FRP,1,S3A_SL_2_FRP____20260416T171117_20260416T171617_20260416T193605_0299_138_212______MAR_O_NR_003.SEN3,0.05924774242068005,0.09361864856504899,0.0,0.07299610487842763,0.036498052439213814,Low,360
IND_S3_20260416_I176,India,2026-04-16,2026-04-16T16:33:08+00:00,isolated,-1,20.024529,74.17554,1,1.0,10.194697,10.194697,10.194697,0.11,0.0,0.11,0.11,low,Sentinel-3_SLSTR_FRP,1,S3B_SL_2_FRP____20260416T163308_20260416T163808_20260416T185545_0299_119_069______MAR_O_NR_003.SEN3,0.0025289079315001313,0.003995982517130284,0.0,0.0031157377657521925,0.0345578688828761,Low,360
IND_S3_20260416_I090,India,2026-04-16,2026-04-16T17:11:17+00:00,isolated,-1,25.474363,75.91118,1,1.0,14.682584,14.682584,14.682584,0.0,0.0,0.0,0.0,low,Sentinel-3_SLSTR_FRP,1,S3A_SL_2_FRP____20260416T171117_20260416T171617_20260416T193605_0299_138_212______MAR_O_NR_003.SEN3,0.052039795194262356,0.08222921412087879,0.0,0.06411556276490893,0.032057781382454464,Low,360
IND_S3_20260416_I170,India,2026-04-16,2026-04-16T05:24:16+00:00,isolated,-1,21.882664,69.45564,1,1.0,14.088894,14.088894,14.088894,0.0,0.0,0.0,0.0,low,Sentinel-3_SLSTR_FRP,1,S3B_SL_2_FRP____20260416T052416_20260416T052916_20260416T071825_0299_119_062______MAR_O_NR_003.SEN3,0.04637187727357435,0.07327321353363576,0.0,0.05713241177759892,0.02856620588879946,Low,360
IND_S3_20260416_I078,India,2026-04-16,2026-04-16T17:11:17+00:00,isolated,-1,23.749205,76.644135,1,1.0,13.159525,13.159525,13.159525,0.0,0.0,0.0,0.0,low,Sentinel-3_SLSTR_FRP,1,S3A_SL_2_FRP____20260416T171117_20260416T171617_20260416T193605_0299_138_212______MAR_O_NR_003.SEN3,0.03703524419477629,0.05852019619875561,0.0,0.04562922499636802,0.02281461249818401,Low,360
IND_S3_20260416_I169,India,2026-04-16,2026-04-16T05:24:16+00:00,isolated,-1,20.43021,76.623405,1,1.0,12.835549,12.835549,12.835549,0.0,0.0,0.0,0.0,low,Sentinel-3_SLSTR_FRP,1,S3B_SL_2_FRP____20260416T052416_20260416T052916_20260416T071825_0299_119_062______MAR_O_NR_003.SEN3,0.03363579239873589,0.05314864835567279,0.0,0.04144093478151065,0.020720467390755323,Low,360
IND_S3_20260416_I072,India,2026-04-16,2026-04-16T17:11:17+00:00,isolated,-1,23.115318,76.70625,1,1.0,12.768727,12.768727,12.768727,0.0,0.0,0.0,0.0,low,Sentinel-3_SLSTR_FRP,1,S3A_SL_2_FRP____20260416T171117_20260416T171617_20260416T193605_0299_138_212______MAR_O_NR_003.SEN3,0.032924738967337296,0.052025097337772025,0.0,0.04056488231551119,0.020282441157755595,Low,360
IND_S3_20260416_I085,India,2026-04-16,2026-04-16T17:11:17+00:00,isolated,-1,24.806356,77.026215,1,1.0,12.340442,12.340442,12.340442,0.0,0.0,0.0,0.0,low,Sentinel-3_SLSTR_FRP,1,S3A_SL_2_FRP____20260416T171117_20260416T171617_20260416T193605_0299_138_212______MAR_O_NR_003.SEN3,0.02828374424302597,0.0446917604655827,0.0,0.03484695073204866,0.01742347536602433,Low,360
IND_S3_20260416_I213,India,2026-04-16,2026-04-16T16:33:08+00:00,isolated,-1,28.31097,81.97029,1,1.0,11.72959,11.72959,11.72959,0.0,0.0,0.0,0.0,low,Sentinel-3_SLSTR_FRP,1,S3B_SL_2_FRP____20260416T163308_20260416T163808_20260416T185545_0299_119_069______MAR_O_NR_003.SEN3,0.021399881331649953,0.03381441870808238,0.0,0.026365696282222927,0.013182848141111463,Low,360

