region,scenario_id,base_id,case_id_from,case_id_to,cn_from_percent,cn_to_percent,n_central_nodes_from,n_central_nodes_to,delta_observation_success_percent,delta_s100_surviving_before_deadline_percent,delta_mean_surviving_coverage_deadline_percent,delta_p100_t100_surviving_min,delta_total_transferred_data_mbits,delta_n_transfer_events,delta_used_capacity_percent,delta_cn_related_traffic_share_percent,delta_max_hops_seen,delta_peak_node_sent_data_mbits,delta_node_sent_data_gini
California,nominal_original,T060_P03_H0500_I0600_F1,T060_P03_H0500_I0600_CN000_F1,T060_P03_H0500_I0600_CN010_F1,0.0,10.0,0.0,6.0,0.0,0.0,4.945214046473835,,97.5,108.0,0.15338439375676582,72.96296296296296,2.0,86.0,0.905072463768116
California,nominal_original,T060_P03_H0500_I0600_F1,T060_P03_H0500_I0600_CN010_F1,T060_P03_H0500_I0600_CN020_F1,10.0,20.0,6.0,12.0,3.125,0.0,3.081145914324283,,61.5,53.0,0.04828519296045758,8.461973423805489,0.0,-26.0,-0.05372566242131471
California,nominal_original,T060_P03_H0500_I0600_F1,T060_P03_H0500_I0600_CN020_F1,T060_P03_H0500_I0600_CN030_F1,20.0,30.0,12.0,18.0,0.0,0.0,2.2931488667906326,,3.0,2.0,-0.06342758337671761,3.5374696282691502,0.0,7.5,-0.05884239217572529
California,nominal_original,T060_P03_H0500_I0600_F1,T060_P03_H0500_I0600_CN030_F1,T060_P03_H0500_I0600_CN040_F1,30.0,40.0,18.0,24.0,-3.125,0.0,-3.1487967584496026,,-4.5,-3.0,-0.034482936118603535,0.16579911316752316,0.0,-7.5,0.0012562745896078642
California,nominal_original,T060_P03_H0500_I0600_F1,T060_P03_H0500_I0600_CN040_F1,T060_P03_H0500_I0600_CN050_F1,40.0,50.0,24.0,30.0,0.0,0.0,-1.6191576102307206,,0.0,0.0,-0.02185808631163899,4.102564102564102,0.0,-8.0,0.0034747032851296655
California,nominal_original,T060_P03_H0500_I0600_F1,T060_P03_H0500_I0600_CN050_F1,T060_P03_H0500_I0600_CN060_F1,50.0,60.0,30.0,36.0,0.0,0.0,0.03127513180234409,,0.0,0.0,-0.022390546258991506,0.2564102564102626,0.0,-6.0,0.05037298365672771
California,nominal_original,T060_P03_H0500_I0600_F1,T060_P03_H0500_I0600_CN060_F1,T060_P03_H0500_I0600_CN070_F1,60.0,70.0,36.0,42.0,0.0,0.0,-0.5865833585094631,,0.0,0.0,-0.020078793686155838,-0.7692307692307736,0.0,11.0,-0.05133971398612336
California,nominal_original,T060_P03_H0500_I0600_F1,T060_P03_H0500_I0600_CN070_F1,T060_P03_H0500_I0600_CN080_F1,70.0,80.0,42.0,48.0,0.0,0.0,0.3736352375190872,,0.0,0.0,-0.010539098598550303,-1.2820512820512846,0.0,9.0,-0.0069243944213359665
California,nominal_original,T060_P03_H0500_I0600_F1,T060_P03_H0500_I0600_CN080_F1,T060_P03_H0500_I0600_CN090_F1,80.0,90.0,48.0,54.0,0.0,0.0,-1.3536108874727653,,-10.0,-14.0,-0.01715327747614022,2.2938322938322955,0.0,-24.5,0.044303536447056535
California,nominal_original,T060_P03_H0500_I0600_F1,T060_P03_H0500_I0600_CN090_F1,T060_P03_H0500_I0600_CN100_F1,90.0,100.0,54.0,60.0,0.0,0.0,-6.6075404907679305,,-27.5,-37.0,-0.022843481032128535,10.270270270270274,0.0,-16.5,0.012667990731545897
California,nominal_original,T060_P03_H0500_I0800_F1,T060_P03_H0500_I0800_CN000_F1,T060_P03_H0500_I0800_CN010_F1,0.0,10.0,0.0,6.0,40.625,6.25,21.87857910143891,,144.5,149.0,0.24258717685419032,94.58762886597938,2.0,9.0,0.9433579335793358
California,nominal_original,T060_P03_H0500_I0800_F1,T060_P03_H0500_I0800_CN010_F1,T060_P03_H0500_I0800_CN020_F1,10.0,20.0,6.0,12.0,3.125,0.0,2.1515382358857593,0.0,35.0,26.0,-0.09942722786130548,5.412371134020617,0.0,-19.0,-0.05087772249754163
California,nominal_original,T060_P03_H0500_I0800_F1,T060_P03_H0500_I0800_CN020_F1,T060_P03_H0500_I0800_CN030_F1,20.0,30.0,12.0,18.0,0.0,0.0,-0.3122418213221607,0.0,0.0,0.0,-0.0706822994707702,-0.8733624454148412,0.0,7.0,-0.023342744774516477
California,nominal_original,T060_P03_H0500_I0800_F1,T060_P03_H0500_I0800_CN030_F1,T060_P03_H0500_I0800_CN040_F1,30.0,40.0,18.0,24.0,-3.125,0.0,-3.636572830003068,0.0,-1.5,-1.0,-0.05965055155369833,-5.939824367771976,0.0,17.0,0.01948041987158411
California,nominal_original,T060_P03_H0500_I0800_F1,T060_P03_H0500_I0800_CN040_F1,T060_P03_H0500_I0800_CN050_F1,40.0,50.0,24.0,30.0,3.125,0.0,-3.4325396825396908,0.0,-7.0,-5.0,-0.04269192495368809,-2.2571079713936797,0.0,-5.5,-0.025694809255784934
California,nominal_original,T060_P03_H0500_I0800_F1,T060_P03_H0500_I0800_CN050_F1,T060_P03_H0500_I0800_CN060_F1,50.0,60.0,30.0,36.0,3.125,-3.125,-6.563527562513357,-0.868055555556694,-5.0,-4.0,-0.03245002300601976,-0.6744847977860928,0.0,8.5,0.0034080192737910853
California,nominal_original,T060_P03_H0500_I0800_F1,T060_P03_H0500_I0800_CN060_F1,T060_P03_H0500_I0800_CN070_F1,60.0,70.0,36.0,42.0,-12.5,-3.125,-7.03495176524013,,-11.5,-7.0,-0.024139132627140597,-2.5101223784177193,0.0,2.0,-0.01952912817718766
California,nominal_original,T060_P03_H0500_I0800_F1,T060_P03_H0500_I0800_CN070_F1,T060_P03_H0500_I0800_CN080_F1,70.0,80.0,42.0,48.0,-12.5,0.0,-1.5920242413368406,,-1.0,-3.0,-0.01619065979272194,-3.7549502559644594,0.0,14.0,0.01924229200798222
California,nominal_original,T060_P03_H0500_I0800_F1,T060_P03_H0500_I0800_CN080_F1,T060_P03_H0500_I0800_CN090_F1,80.0,90.0,48.0,54.0,3.125,0.0,-8.12757639168028,,-28.5,-30.0,-0.023885340891998383,9.419594337092605,0.0,-28.5,-0.00802213001383123
California,nominal_original,T060_P03_H0500_I0800_F1,T060_P03_H0500_I0800_CN090_F1,T060_P03_H0500_I0800_CN100_F1,90.0,100.0,54.0,60.0,-9.375,0.0,-7.028597715613598,,-17.0,-24.0,-0.014896775244880325,6.590257879656164,0.0,-13.5,0.026593254601553262
California,nominal_original,T060_P03_H0500_I0986_F1,T060_P03_H0500_I0986_CN000_F1,T060_P03_H0500_I0986_CN010_F1,0.0,10.0,0.0,6.0,53.125,0.0,10.43623914322295,,84.5,107.0,0.15195961481682388,100.0,2.0,5.5,0.9419831223628692
California,nominal_original,T060_P03_H0500_I0986_F1,T060_P03_H0500_I0986_CN010_F1,T060_P03_H0500_I0986_CN020_F1,10.0,20.0,6.0,12.0,0.0,0.0,-2.7521250117404,,15.0,15.0,-0.06434514622186041,0.0,0.0,7.0,-0.03566128328240925
California,nominal_original,T060_P03_H0500_I0986_F1,T060_P03_H0500_I0986_CN020_F1,T060_P03_H0500_I0986_CN030_F1,20.0,30.0,12.0,18.0,0.0,0.0,0.35899660393587496,,-4.0,-4.0,-0.04791209835880758,0.0,0.0,4.5,-0.021926934621861127
California,nominal_original,T060_P03_H0500_I0986_F1,T060_P03_H0500_I0986_CN030_F1,T060_P03_H0500_I0986_CN040_F1,30.0,40.0,18.0,24.0,0.0,0.0,-1.8852481301873993,,16.0,16.0,-0.01578706133515223,0.0,0.0,13.0,0.008140882862464727
California,nominal_original,T060_P03_H0500_I0986_F1,T060_P03_H0500_I0986_CN040_F1,T060_P03_H0500_I0986_CN050_F1,40.0,50.0,24.0,30.0,0.0,9.375,10.506715506715505,,23.0,17.0,-0.005891391556854322,-0.3144654088050345,0.0,-10.5,-0.044419845292077875
California,nominal_original,T060_P03_H0500_I0986_F1,T060_P03_H0500_I0986_CN050_F1,T060_P03_H0500_I0986_CN060_F1,50.0,60.0,30.0,36.0,0.0,-9.375,-11.759205706574125,,-19.0,-13.0,-0.03149319417646372,-1.4712488769092573,0.0,17.0,0.00568152632544483
California,nominal_original,T060_P03_H0500_I0986_F1,T060_P03_H0500_I0986_CN060_F1,T060_P03_H0500_I0986_CN070_F1,60.0,70.0,36.0,42.0,0.0,3.125,6.260683760683758,,12.0,6.0,-0.004904295237578488,1.127819548872182,0.0,-8.0,-0.05009376465072668
California,nominal_original,T060_P03_H0500_I0986_F1,T060_P03_H0500_I0986_CN070_F1,T060_P03_H0500_I0986_CN080_F1,70.0,80.0,42.0,48.0,0.0,-3.125,-4.14506433737203,,-6.0,-6.0,-0.014533290593059273,-2.7667627974044677,0.0,2.5,0.033036627788008976
California,nominal_original,T060_P03_H0500_I0986_F1,T060_P03_H0500_I0986_CN080_F1,T060_P03_H0500_I0986_CN090_F1,80.0,90.0,48.0,54.0,-3.125,3.125,-3.1402285299046433,,-11.5,-19.0,-0.013210316550988005,2.6811631104547615,0.0,-2.0,-0.0017609076233999765
California,nominal_original,T060_P03_H0500_I0986_F1,T060_P03_H0500_I0986_CN090_F1,T060_P03_H0500_I0986_CN100_F1,90.0,100.0,54.0,60.0,-40.625,-3.125,-6.957584419628953,,-17.0,-22.0,-0.01308420605066686,0.743494423791816,0.0,1.0,0.03195179306290408
California,nominal_original,T060_P03_H0800_I0600_F1,T060_P03_H0800_I0600_CN000_F1,T060_P03_H0800_I0600_CN010_F1,0.0,10.0,0.0,6.0,0.0,0.0,6.17187517939041,,100.5,113.0,0.11583610631370722,72.82608695652173,1.0,83.5,0.9274509803921569
California,nominal_original,T060_P03_H0800_I0600_F1,T060_P03_H0800_I0600_CN010_F1,T060_P03_H0800_I0600_CN020_F1,10.0,20.0,6.0,12.0,0.0,0.0,0.5145255852336632,,55.0,46.0,0.03901851281482699,7.7438612300067575,1.0,-17.5,-0.04113813123014576
California,nominal_original,T060_P03_H0800_I0600_F1,T060_P03_H0800_I0600_CN020_F1,T060_P03_H0800_I0600_CN030_F1,20.0,30.0,12.0,18.0,6.25,0.0,3.9788870908415532,,8.0,5.0,-0.028256124706169977,2.7633851468048363,0.0,3.0,-0.07617175568758427
California,nominal_original,T060_P03_H0800_I0600_F1,T060_P03_H0800_I0600_CN030_F1,T060_P03_H0800_I0600_CN040_F1,30.0,40.0,18.0,24.0,-3.125,0.0,0.5602568512785204,,0.0,0.0,-0.01839517040728858,0.0,0.0,-1.0,0.028515101988051406
California,nominal_original,T060_P03_H0800_I0600_F1,T060_P03_H0800_I0600_CN040_F1,T060_P03_H0800_I0600_CN050_F1,40.0,50.0,24.0,30.0,-3.125,0.0,-5.529562650805035,,-6.0,-4.0,-0.019529454126071766,0.7692307692307736,0.0,0.0,-0.037445767157077814
California,nominal_original,T060_P03_H0800_I0600_F1,T060_P03_H0800_I0600_CN050_F1,T060_P03_H0800_I0600_CN060_F1,50.0,60.0,30.0,36.0,6.25,0.0,1.746744047552994,,3.0,2.0,-0.012854678142685816,2.7661227661227628,0.0,-5.5,0.033653517272830946
California,nominal_original,T060_P03_H0800_I0600_F1,T060_P03_H0800_I0600_CN060_F1,T060_P03_H0800_I0600_CN070_F1,60.0,70.0,36.0,42.0,-6.25,0.0,-2.598407784166298,,-3.0,-2.0,-0.016443711045492387,2.105672105672113,0.0,-5.0,0.009302721088435328
California,nominal_original,T060_P03_H0800_I0600_F1,T060_P03_H0800_I0600_CN070_F1,T060_P03_H0800_I0600_CN080_F1,70.0,80.0,42.0,48.0,0.0,0.0,0.4840676817107443,,0.0,0.0,-0.00803698222070881,-1.7948717948717956,0.0,-2.0,0.005996732026143814
California,nominal_original,T060_P03_H0800_I0600_F1,T060_P03_H0800_I0600_CN080_F1,T060_P03_H0800_I0600_CN090_F1,80.0,90.0,48.0,54.0,0.0,0.0,-2.502145965655899,,-9.5,-13.0,-0.013767208638810799,2.308383440458911,0.0,2.5,0.002429193899782023
California,nominal_original,T060_P03_H0800_I0600_F1,T060_P03_H0800_I0600_CN090_F1,T060_P03_H0800_I0600_CN100_F1,90.0,100.0,54.0,60.0,-9.375,0.0,-7.432837563692454,,-28.0,-38.0,-0.020209774974249736,10.512129380053906,0.0,-17.5,0.00788958770090864
California,nominal_original,T060_P03_H0800_I0800_F1,T060_P03_H0800_I0800_CN000_F1,T060_P03_H0800_I0800_CN010_F1,0.0,10.0,0.0,6.0,34.375,6.25,18.389859051623766,,137.0,147.0,0.17532911097460344,90.99756690997567,2.0,5.0,0.9373737373737374
California,nominal_original,T060_P03_H0800_I0800_F1,T060_P03_H0800_I0800_CN010_F1,T060_P03_H0800_I0800_CN020_F1,10.0,20.0,6.0,12.0,12.5,0.0,-0.6314379762092273,-10.000000000009706,18.5,12.0,-0.05995537651571742,2.3060045185957563,0.0,-11.5,-0.02626262626262621
California,nominal_original,T060_P03_H0800_I0800_F1,T060_P03_H0800_I0800_CN020_F1,T060_P03_H0800_I0800_CN030_F1,20.0,30.0,12.0,18.0,-18.75,-6.25,-9.949737988953668,,3.0,2.0,-0.03970693495789304,1.8506135934549945,0.0,8.0,-0.04253361641896669
California,nominal_original,T060_P03_H0800_I0800_F1,T060_P03_H0800_I0800_CN030_F1,T060_P03_H0800_I0800_CN040_F1,30.0,40.0,18.0,24.0,-3.125,0.0,-3.5749898249898315,,-1.0,-1.0,-0.03917382646828707,-1.5701142255662432,0.0,-2.5,0.003714829177466461
California,nominal_original,T060_P03_H0800_I0800_F1,T060_P03_H0800_I0800_CN040_F1,T060_P03_H0800_I0800_CN050_F1,40.0,50.0,24.0,30.0,-6.25,0.0,-0.08547008547008161,,0.0,0.0,-0.02690089158398884,-6.194690265486727,0.0,4.0,0.0007928972738626694
California,nominal_original,T060_P03_H0800_I0800_F1,T060_P03_H0800_I0800_CN050_F1,T060_P03_H0800_I0800_CN060_F1,50.0,60.0,30.0,36.0,9.375,0.0,-2.8513050735272962,,-2.5,-2.0,-0.02506199473158313,-7.523608718892916,0.0,29.0,-0.018749177783039972
California,nominal_original,T060_P03_H0800_I0800_F1,T060_P03_H0800_I0800_CN060_F1,T060_P03_H0800_I0800_CN070_F1,60.0,70.0,36.0,42.0,-12.5,0.0,-2.4718337218337254,,-10.0,-6.0,-0.020612034748051192,-2.816591484211685,0.0,0.5,0.02899728997289963
California,nominal_original,T060_P03_H0800_I0800_F1,T060_P03_H0800_I0800_CN070_F1,T060_P03_H0800_I0800_CN080_F1,70.0,80.0,42.0,48.0,3.125,0.0,-3.4437953718999452,,-9.5,-9.0,-0.018337839767269173,5.05866280938605,0.0,-11.0,-0.0005847953216373547
California,nominal_original,T060_P03_H0800_I0800_F1,T060_P03_H0800_I0800_CN080_F1,T060_P03_H0800_I0800_CN090_F1,80.0,90.0,48.0,54.0,-9.375,0.0,-10.664856204071889,,-30.5,-33.0,-0.02300016202904223,8.958439283494371,0.0,-17.0,-0.030758488260452133
California,nominal_original,T060_P03_H0800_I0800_F1,T060_P03_H0800_I0800_CN090_F1,T060_P03_H0800_I0800_CN100_F1,90.0,100.0,54.0,60.0,-6.25,0.0,-5.746456702339056,,-16.0,-21.0,-0.013470915514769297,8.933717579250725,0.0,-21.0,0.009700313597887256
California,nominal_original,T060_P03_H0800_I0986_F1,T060_P03_H0800_I0986_CN000_F1,T060_P03_H0800_I0986_CN010_F1,0.0,10.0,0.0,6.0,46.875,3.125,12.16346153846154,-6.133333333333326,118.0,132.0,0.17066829071999387,96.11650485436893,2.0,11.5,0.937793427230047
California,nominal_original,T060_P03_H0800_I0986_F1,T060_P03_H0800_I0986_CN010_F1,T060_P03_H0800_I0986_CN020_F1,10.0,20.0,6.0,12.0,0.0,-3.125,-5.8568141260449025,0.0,19.0,17.0,-0.03998891242333036,0.4252818891469303,0.0,-3.5,-0.045545365214543
California,nominal_original,T060_P03_H0800_I0986_F1,T060_P03_H0800_I0986_CN020_F1,T060_P03_H0800_I0986_CN030_F1,20.0,30.0,12.0,18.0,-6.25,12.5,13.49564431295201,-60.29861111110415,33.5,21.0,-0.0026244272132379676,0.5596625318464561,0.0,9.0,0.0021601898846046463
California,nominal_original,T060_P03_H0800_I0986_F1,T060_P03_H0800_I0986_CN030_F1,T060_P03_H0800_I0986_CN040_F1,30.0,40.0,18.0,24.0,6.25,-18.75,-9.095813374659521,-52.866666666663335,-17.0,-11.0,-0.05108789403122252,1.845919145690317,0.0,2.5,-0.030602281750854887
California,nominal_original,T060_P03_H0800_I0986_F1,T060_P03_H0800_I0986_CN040_F1,T060_P03_H0800_I0986_CN050_F1,40.0,50.0,24.0,30.0,0.0,0.0,0.13665821358128483,0.0,17.0,12.0,-0.01346431030373843,1.05263157894737,0.0,-8.0,-0.017998842266654158
California,nominal_original,T060_P03_H0800_I0986_F1,T060_P03_H0800_I0986_CN050_F1,T060_P03_H0800_I0986_CN060_F1,50.0,60.0,30.0,36.0,0.0,0.0,-0.7039541654926253,0.0,-8.0,-9.0,-0.02414977826357377,-2.0100502512562883,0.0,5.0,0.0009965250854369057
California,nominal_original,T060_P03_H0800_I0986_F1,T060_P03_H0800_I0986_CN060_F1,T060_P03_H0800_I0986_CN070_F1,60.0,70.0,36.0,42.0,-9.375,-3.125,-12.496419179111491,-1.1333333333182338,-12.0,-12.0,-0.02104242560235979,0.1383924972455901,0.0,2.0,0.0018074581430747028
California,nominal_original,T060_P03_H0800_I0986_F1,T060_P03_H0800_I0986_CN070_F1,T060_P03_H0800_I0986_CN080_F1,70.0,80.0,42.0,48.0,6.25,0.0,-3.836057105287871,48.99999999997769,-7.5,-8.0,-0.01593524677176597,0.47890009384356347,0.0,0.0,-0.002359437751004112
California,nominal_original,T060_P03_H0800_I0986_F1,T060_P03_H0800_I0986_CN080_F1,T060_P03_H0800_I0986_CN090_F1,80.0,90.0,48.0,54.0,-12.5,-3.125,-14.97012069127454,,-14.0,-21.0,-0.01483082034073957,1.0906428565417627,0.0,-0.5,-0.009615036723470416
California,nominal_original,T060_P03_H0800_I0986_F1,T060_P03_H0800_I0986_CN090_F1,T060_P03_H0800_I0986_CN100_F1,90.0,100.0,54.0,60.0,-21.875,0.0,-5.886810838733916,,-8.0,-11.0,-0.010184853160943981,0.302114803625372,0.0,-3.5,-0.012927716448843274
California,nominal_original,T060_P03_H1000_I0600_F1,T060_P03_H1000_I0600_CN000_F1,T060_P03_H1000_I0600_CN010_F1,0.0,10.0,0.0,6.0,0.0,0.0,7.210156944065361,,102.0,116.0,0.10146959374793815,73.47670250896057,2.0,86.0,0.9104166666666667
California,nominal_original,T060_P03_H1000_I0600_F1,T060_P03_H1000_I0600_CN010_F1,T060_P03_H1000_I0600_CN020_F1,10.0,20.0,6.0,12.0,3.125,0.0,3.3279961782283785,,56.0,45.0,0.03810560909786545,8.36472971610337,0.0,-11.0,-0.05981425702811238
California,nominal_original,T060_P03_H1000_I0600_F1,T060_P03_H1000_I0600_CN020_F1,T060_P03_H1000_I0600_CN030_F1,20.0,30.0,12.0,18.0,-3.125,0.0,-3.795162188625685,,-0.5,-1.0,-0.026799800885850017,-0.5593809430126555,0.0,-4.5,-0.06458708396805624
California,nominal_original,T060_P03_H1000_I0600_F1,T060_P03_H1000_I0600_CN030_F1,T060_P03_H1000_I0600_CN040_F1,30.0,40.0,18.0,24.0,6.25,0.0,4.464850544072554,,6.0,4.0,-0.009413097477729726,1.802525832376574,0.0,-4.0,0.010032784295137764
California,nominal_original,T060_P03_H1000_I0600_F1,T060_P03_H1000_I0600_CN040_F1,T060_P03_H1000_I0600_CN050_F1,40.0,50.0,24.0,30.0,-6.25,0.0,-4.972366763663077,,-6.0,-4.0,-0.01638625730217025,-1.0332950631458004,0.0,4.0,-0.030339297705099355
California,nominal_original,T060_P03_H1000_I0600_F1,T060_P03_H1000_I0600_CN050_F1,T060_P03_H1000_I0600_CN060_F1,50.0,60.0,30.0,36.0,0.0,0.0,-0.3640963296536075,,0.0,0.0,-0.011760293431847813,3.589743589743577,0.0,-9.5,0.044394814682468864
California,nominal_original,T060_P03_H1000_I0600_F1,T060_P03_H1000_I0600_CN060_F1,T060_P03_H1000_I0600_CN070_F1,60.0,70.0,36.0,42.0,0.0,0.0,-0.9054735254425648,,0.0,0.0,-0.012092973119217046,1.0256410256410362,0.0,-6.5,-0.05654375639284348
California,nominal_original,T060_P03_H1000_I0600_F1,T060_P03_H1000_I0600_CN070_F1,T060_P03_H1000_I0600_CN080_F1,70.0,80.0,42.0,48.0,0.0,0.0,1.2092684069114732,,-0.5,-1.0,-0.007197476267118905,0.9940017137960524,0.0,6.5,0.04626651833872719
California,nominal_original,T060_P03_H1000_I0600_F1,T060_P03_H1000_I0600_CN080_F1,T060_P03_H1000_I0600_CN090_F1,80.0,90.0,48.0,54.0,0.0,0.0,-4.373440692600786,,-13.0,-19.0,-0.013990137211495182,1.8710120603086295,0.0,-24.0,0.0020427699896157225
California,nominal_original,T060_P03_H1000_I0600_F1,T060_P03_H1000_I0600_CN090_F1,T060_P03_H1000_I0600_CN100_F1,90.0,100.0,54.0,60.0,-3.125,0.0,-5.599804577134049,,-24.0,-31.0,-0.016966707019361163,10.468319559228647,0.0,-5.0,0.04510053809119219
California,nominal_original,T060_P03_H1000_I0800_F1,T060_P03_H1000_I0800_CN000_F1,T060_P03_H1000_I0800_CN010_F1,0.0,10.0,0.0,6.0,37.5,6.25,18.770978960521447,,147.5,155.0,0.167663011083459,82.71889400921658,2.0,25.0,0.9300000000000002
California,nominal_original,T060_P03_H1000_I0800_F1,T060_P03_H1000_I0800_CN010_F1,T060_P03_H1000_I0800_CN020_F1,10.0,20.0,6.0,12.0,0.0,0.0,-1.080151813811952,-10.999999999993207,12.0,7.0,-0.046126281173199196,10.730887650172065,0.0,-29.5,-0.08436991869918709
California,nominal_original,T060_P03_H1000_I0800_F1,T060_P03_H1000_I0800_CN020_F1,T060_P03_H1000_I0800_CN030_F1,20.0,30.0,12.0,18.0,-3.125,0.0,-5.574971808631929,4.000000000007759,0.0,0.0,-0.03271517461674084,-0.8733624454148554,0.0,18.5,0.020177478836644003
California,nominal_original,T060_P03_H1000_I0800_F1,T060_P03_H1000_I0800_CN030_F1,T060_P03_H1000_I0800_CN040_F1,30.0,40.0,18.0,24.0,-9.375,-6.25,-7.438660649444969,,-3.5,-3.0,-0.03241444337591909,-1.2238693248385317,0.0,-9.0,-0.021988575589995563
California,nominal_original,T060_P03_H1000_I0800_F1,T060_P03_H1000_I0800_CN040_F1,T060_P03_H1000_I0800_CN050_F1,40.0,50.0,24.0,30.0,-3.125,0.0,-3.000640306195862,,-3.0,-2.0,-0.023548376062003717,-10.004235282393694,0.0,23.0,-0.009418984547461484
California,nominal_original,T060_P03_H1000_I0800_F1,T060_P03_H1000_I0800_CN050_F1,T060_P03_H1000_I0800_CN060_F1,50.0,60.0,30.0,36.0,6.25,0.0,1.4378831045497726,,3.0,2.0,-0.017817120279473714,-2.634345648870166,0.0,8.5,0.03345216178521615
California,nominal_original,T060_P03_H1000_I0800_F1,T060_P03_H1000_I0800_CN060_F1,T060_P03_H1000_I0800_CN070_F1,60.0,70.0,36.0,42.0,-9.375,0.0,-5.4404227459782994,,-9.0,-6.0,-0.018147450751872934,0.9627054070246714,0.0,4.5,-0.03388989763427275
California,nominal_original,T060_P03_H1000_I0800_F1,T060_P03_H1000_I0800_CN070_F1,T060_P03_H1000_I0800_CN080_F1,70.0,80.0,42.0,48.0,-3.125,0.0,-5.978212661219201,,-22.0,-19.0,-0.022626970409341904,3.613814066980538,0.0,-11.5,-0.01642299713523654
California,nominal_original,T060_P03_H1000_I0800_F1,T060_P03_H1000_I0800_CN080_F1,T060_P03_H1000_I0800_CN090_F1,80.0,90.0,48.0,54.0,-3.125,0.0,-4.990073651838356,,-12.5,-18.0,-0.013623052185836398,8.193028051639871,0.0,-13.0,0.030724621873182034
California,nominal_original,T060_P03_H1000_I0800_F1,T060_P03_H1000_I0800_CN090_F1,T060_P03_H1000_I0800_CN100_F1,90.0,100.0,54.0,60.0,-3.125,0.0,-7.950233378337954,,-24.5,-28.0,-0.016437957336590536,8.516483516483518,0.0,-13.5,-0.014734477124183076
California,nominal_original,T060_P03_H1000_I0986_F1,T060_P03_H1000_I0986_CN000_F1,T060_P03_H1000_I0986_CN010_F1,0.0,10.0,0.0,6.0,46.875,0.0,12.182827062858028,-2.298611111101252,125.5,140.0,0.1566646204690476,95.03105590062111,2.0,18.5,0.9428348909657323
California,nominal_original,T060_P03_H1000_I0986_F1,T060_P03_H1000_I0986_CN010_F1,T060_P03_H1000_I0986_CN020_F1,10.0,20.0,6.0,12.0,0.0,-9.375,-1.5768129161198914,-66.99861111110476,39.5,28.0,-0.001814663009698153,2.4751785133439768,0.0,4.0,-0.061957697983276105
California,nominal_original,T060_P03_H1000_I0986_F1,T060_P03_H1000_I0986_CN020_F1,T060_P03_H1000_I0986_CN030_F1,20.0,30.0,12.0,18.0,-3.125,9.375,-0.8583899760370386,64.29722222220602,1.5,0.0,-0.030815729623980992,-1.9616799585195395,0.0,5.5,0.01689657356387353
California,nominal_original,T060_P03_H1000_I0986_F1,T060_P03_H1000_I0986_CN030_F1,T060_P03_H1000_I0986_CN040_F1,30.0,40.0,18.0,24.0,3.125,-9.375,0.9906759906759888,-116.16527777775944,4.5,3.0,-0.024005649884220798,2.27626878910651,0.0,-4.5,-0.036022354116951094
California,nominal_original,T060_P03_H1000_I0986_F1,T060_P03_H1000_I0986_CN040_F1,T060_P03_H1000_I0986_CN050_F1,40.0,50.0,24.0,30.0,-3.125,6.25,1.9432490586336755,46.8666666666485,-1.0,-1.0,-0.02350304418747637,1.20594074571558,0.0,-10.0,-0.05552138048049682
California,nominal_original,T060_P03_H1000_I0986_F1,T060_P03_H1000_I0986_CN050_F1,T060_P03_H1000_I0986_CN060_F1,50.0,60.0,30.0,36.0,-6.25,-6.25,-6.717854794777871,-46.8666666666485,-6.5,-6.0,-0.01992545037192564,-1.790583085745027,0.0,3.0,0.006695138119145572
California,nominal_original,T060_P03_H1000_I0986_F1,T060_P03_H1000_I0986_CN060_F1,T060_P03_H1000_I0986_CN070_F1,60.0,70.0,36.0,42.0,3.125,-3.125,-10.996187070847704,-1.1333333333471352,-9.5,-9.0,-0.017889309393490316,0.6530011535248832,0.0,-7.0,0.007086363957347519
California,nominal_original,T060_P03_H1000_I0986_F1,T060_P03_H1000_I0986_CN070_F1,T060_P03_H1000_I0986_CN080_F1,70.0,80.0,42.0,48.0,-12.5,-3.125,-8.467730421915949,,-13.5,-17.0,-0.017440250344001942,-1.0141820580474956,0.0,13.5,0.016087756754767035
California,nominal_original,T060_P03_H1000_I0986_F1,T060_P03_H1000_I0986_CN080_F1,T060_P03_H1000_I0986_CN090_F1,80.0,90.0,48.0,54.0,-25.0,3.125,-3.1621381813391807,,-6.5,-11.0,-0.010510747611314722,1.0601032448377623,0.0,-11.5,-0.018072079895788074
California,nominal_original,T060_P03_H1000_I0986_F1,T060_P03_H1000_I0986_CN090_F1,T060_P03_H1000_I0986_CN100_F1,90.0,100.0,54.0,60.0,-3.125,-3.125,-12.72388699588628,,-12.0,-16.0,-0.011282118077304823,2.0648967551622377,0.0,1.0,-0.02282173143229893
California,nominal_original,T060_P05_H0500_I0600_F1,T060_P05_H0500_I0600_CN000_F1,T060_P05_H0500_I0600_CN010_F1,0.0,10.0,0.0,6.0,6.25,3.125,9.549528267097767,,124.5,136.0,0.18339298653783404,64.07766990291262,2.0,50.0,0.839261744966443
California,nominal_original,T060_P05_H0500_I0600_F1,T060_P05_H0500_I0600_CN010_F1,T060_P05_H0500_I0600_CN020_F1,10.0,20.0,6.0,12.0,6.25,0.0,0.8137588748263624,-15.000000000013586,34.0,27.0,-0.022895485790213888,6.755663430420711,0.0,8.5,-0.028761744966443015
California,nominal_original,T060_P05_H0500_I0600_F1,T060_P05_H0500_I0600_CN020_F1,T060_P05_H0500_I0600_CN030_F1,20.0,30.0,12.0,18.0,0.0,-3.125,-5.250160858779807,,-5.5,-5.0,-0.07026609138187107,2.940653873489694,0.0,0.0,-0.05520899470899465
California,nominal_original,T060_P05_H0500_I0600_F1,T060_P05_H0500_I0600_CN030_F1,T060_P05_H0500_I0600_CN040_F1,30.0,40.0,18.0,24.0,3.125,0.0,-0.9287818662818665,,4.0,3.0,-0.04423257075112999,1.697710906384529,0.0,-8.0,0.02225203070273496
California,nominal_original,T060_P05_H0500_I0600_F1,T060_P05_H0500_I0600_CN040_F1,T060_P05_H0500_I0600_CN050_F1,40.0,50.0,24.0,30.0,-6.25,0.0,-5.8225108225108215,,-12.5,-9.0,-0.04961671355141317,3.9530806478543923,0.0,-3.0,0.015412290466740863
California,nominal_original,T060_P05_H0500_I0600_F1,T060_P05_H0500_I0600_CN050_F1,T060_P05_H0500_I0600_CN060_F1,50.0,60.0,30.0,36.0,3.125,0.0,4.162382756132754,,9.5,7.0,-0.020234950183117856,-1.0808297164759608,0.0,4.5,-0.08739977090492546
California,nominal_original,T060_P05_H0500_I0600_F1,T060_P05_H0500_I0600_CN060_F1,T060_P05_H0500_I0600_CN070_F1,60.0,70.0,36.0,42.0,-3.125,0.0,-6.032078301815144,,-13.5,-10.0,-0.03244273665583819,6.3407356400987,0.0,-13.0,-0.0008757525998905891
California,nominal_original,T060_P05_H0500_I0600_F1,T060_P05_H0500_I0600_CN070_F1,T060_P05_H0500_I0600_CN080_F1,70.0,80.0,42.0,48.0,0.0,0.0,-5.465155352079693,,-21.0,-20.0,-0.028897003914892166,4.618797902379995,0.0,-5.5,0.07109539084278449
California,nominal_original,T060_P05_H0500_I0600_F1,T060_P05_H0500_I0600_CN080_F1,T060_P05_H0500_I0600_CN090_F1,80.0,90.0,48.0,54.0,-3.125,0.0,-3.297029064086578,,-12.0,-16.0,-0.01876183121158949,0.6436073600252712,0.0,-21.0,-0.009283965728274168
California,nominal_original,T060_P05_H0500_I0600_F1,T060_P05_H0500_I0600_CN090_F1,T060_P05_H0500_I0600_CN100_F1,90.0,100.0,54.0,60.0,-9.375,0.0,-6.6063163927658834,,-31.5,-39.0,-0.023991629300607248,10.05291005291005,0.0,-12.0,0.0393586615545487
California,nominal_original,T060_P05_H0500_I0800_F1,T060_P05_H0500_I0800_CN000_F1,T060_P05_H0500_I0800_CN010_F1,0.0,10.0,0.0,6.0,65.625,0.0,17.179497572440347,,153.5,164.0,0.21966107824307932,88.21989528795811,2.0,17.5,0.9275735294117649
California,nominal_original,T060_P05_H0500_I0800_F1,T060_P05_H0500_I0800_CN010_F1,T060_P05_H0500_I0800_CN020_F1,10.0,20.0,6.0,12.0,0.0,0.0,1.8598565157668432,,34.5,23.0,-0.0877688478686191,10.0062687918645,0.0,-9.5,-0.03343433527257056
California,nominal_original,T060_P05_H0500_I0800_F1,T060_P05_H0500_I0800_CN020_F1,T060_P05_H0500_I0800_CN030_F1,20.0,30.0,12.0,18.0,9.375,0.0,4.395032051282044,,2.0,1.0,-0.07607133961116153,1.7738359201773903,0.0,5.5,-0.001367085295656878
California,nominal_original,T060_P05_H0500_I0800_F1,T060_P05_H0500_I0800_CN030_F1,T060_P05_H0500_I0800_CN040_F1,30.0,40.0,18.0,24.0,-3.125,0.0,-3.06685479375696,,-0.5,-1.0,-0.05257784223714029,0.0,0.0,3.0,-0.023989040060468536
California,nominal_original,T060_P05_H0500_I0800_F1,T060_P05_H0500_I0800_CN040_F1,T060_P05_H0500_I0800_CN050_F1,40.0,50.0,24.0,30.0,12.5,0.0,2.340458800577082,,9.5,7.0,-0.025226588725237448,-0.4228329809725153,0.0,-2.0,-0.029713511420828453
California,nominal_original,T060_P05_H0500_I0800_F1,T060_P05_H0500_I0800_CN050_F1,T060_P05_H0500_I0800_CN060_F1,50.0,60.0,30.0,36.0,12.5,0.0,0.6012865012225639,,-1.0,-1.0,-0.02353560867111866,-0.8510523693459504,0.0,6.0,0.012575464282781335
California,nominal_original,T060_P05_H0500_I0800_F1,T060_P05_H0500_I0800_CN060_F1,T060_P05_H0500_I0800_CN070_F1,60.0,70.0,36.0,42.0,-6.25,0.0,-4.16655717470935,,-12.0,-10.0,-0.020245032955916703,-0.7395374684734861,0.0,-5.5,-0.004166030048383007
California,nominal_original,T060_P05_H0500_I0800_F1,T060_P05_H0500_I0800_CN070_F1,T060_P05_H0500_I0800_CN080_F1,70.0,80.0,42.0,48.0,-18.75,0.0,-12.288443094629155,,-27.5,-22.0,-0.02199132404551854,-1.813107793452943,0.0,3.5,-0.008074229691876766
California,nominal_original,T060_P05_H0500_I0800_F1,T060_P05_H0500_I0800_CN080_F1,T060_P05_H0500_I0800_CN090_F1,80.0,90.0,48.0,54.0,6.25,0.0,-3.441631272074046,,-19.5,-23.0,-0.01450073336374514,0.7103833034630185,0.0,1.0,0.02063707909942214
California,nominal_original,T060_P05_H0500_I0800_F1,T060_P05_H0500_I0800_CN090_F1,T060_P05_H0500_I0800_CN100_F1,90.0,100.0,54.0,60.0,-21.875,0.0,-6.65729229609904,,-19.0,-29.0,-0.011170413440479733,3.1161473087818763,0.0,-6.0,0.026108393737599878
California,nominal_original,T060_P05_H0500_I0986_F1,T060_P05_H0500_I0986_CN000_F1,T060_P05_H0500_I0986_CN010_F1,0.0,10.0,0.0,6.0,62.5,0.0,15.964187901881402,,119.5,142.0,0.15214489901271575,91.13924050632912,2.0,2.0,0.9253036437246964
California,nominal_original,T060_P05_H0500_I0986_F1,T060_P05_H0500_I0986_CN010_F1,T060_P05_H0500_I0986_CN020_F1,10.0,20.0,6.0,12.0,0.0,0.0,1.5690549274140544,,14.0,11.0,-0.10236645174755216,6.535178098322049,0.0,-2.0,-0.020215924426450815
California,nominal_original,T060_P05_H0500_I0986_F1,T060_P05_H0500_I0986_CN020_F1,T060_P05_H0500_I0986_CN030_F1,20.0,30.0,12.0,18.0,12.5,0.0,-3.7804527344001,,1.0,-1.0,-0.05958101472898372,2.3255813953488342,0.0,-9.0,-0.05508771929824552
California,nominal_original,T060_P05_H0500_I0986_F1,T060_P05_H0500_I0986_CN030_F1,T060_P05_H0500_I0986_CN040_F1,30.0,40.0,18.0,24.0,-9.375,0.0,-2.7566506134617583,,2.5,0.0,-0.03388756728331099,0.0,0.0,7.5,0.007340553549939788
California,nominal_original,T060_P05_H0500_I0986_F1,T060_P05_H0500_I0986_CN040_F1,T060_P05_H0500_I0986_CN050_F1,40.0,50.0,24.0,30.0,0.0,0.0,1.403235653235651,,-6.5,-4.0,-0.02769471917186235,0.0,0.0,-9.5,-0.03749367486913879
California,nominal_original,T060_P05_H0500_I0986_F1,T060_P05_H0500_I0986_CN050_F1,T060_P05_H0500_I0986_CN060_F1,50.0,60.0,30.0,36.0,3.125,0.0,-2.1993579033052697,,2.0,-1.0,-0.015788486516818953,0.0,0.0,7.0,0.015379006545084284
California,nominal_original,T060_P05_H0500_I0986_F1,T060_P05_H0500_I0986_CN060_F1,T060_P05_H0500_I0986_CN070_F1,60.0,70.0,36.0,42.0,0.0,0.0,-2.6957946021413512,,-10.0,-7.0,-0.016879888881446647,-0.6211180124223574,0.0,3.5,-0.02492778224485548
California,nominal_original,T060_P05_H0500_I0986_F1,T060_P05_H0500_I0986_CN070_F1,T060_P05_H0500_I0986_CN080_F1,70.0,80.0,42.0,48.0,-3.125,0.0,-1.731765310712678,,10.0,5.0,-0.005374614017049598,-4.34964222149577,0.0,9.5,-0.043698912697629044
California,nominal_original,T060_P05_H0500_I0986_F1,T060_P05_H0500_I0986_CN080_F1,T060_P05_H0500_I0986_CN090_F1,80.0,90.0,48.0,54.0,-9.375,0.0,-4.7021090937499626,,-15.5,-21.0,-0.011533344540977944,1.112239333596591,0.0,-1.5,0.027388633156477438
California,nominal_original,T060_P05_H0500_I0986_F1,T060_P05_H0500_I0986_CN090_F1,T060_P05_H0500_I0986_CN100_F1,90.0,100.0,54.0,60.0,-12.5,0.0,-6.599030255377005,,-21.5,-30.0,-0.01091183613259724,3.858520900321537,0.0,-6.0,-0.0278530716668286
California,nominal_original,T060_P05_H0800_I0600_F1,T060_P05_H0800_I0600_CN000_F1,T060_P05_H0800_I0600_CN010_F1,0.0,10.0,0.0,6.0,6.25,3.125,5.454237563182652,7.368055555555479,119.5,131.0,0.13224887894637352,58.53080568720379,2.0,60.5,0.844632768361582
California,nominal_original,T060_P05_H0800_I0600_F1,T060_P05_H0800_I0600_CN010_F1,T060_P05_H0800_I0600_CN020_F1,10.0,20.0,6.0,12.0,3.125,-9.375,-1.426334422657952,,29.0,24.0,-0.002460792992810712,8.55252764612954,0.0,-11.0,0.004525480796667258
California,nominal_original,T060_P05_H0800_I0600_F1,T060_P05_H0800_I0600_CN020_F1,T060_P05_H0800_I0600_CN030_F1,20.0,30.0,12.0,18.0,9.375,3.125,0.0482948555766427,,5.0,3.0,-0.028608294593030603,3.120748299319729,0.0,-3.5,-0.02799545846057483
California,nominal_original,T060_P05_H0800_I0600_F1,T060_P05_H0800_I0600_CN030_F1,T060_P05_H0800_I0600_CN040_F1,30.0,40.0,18.0,24.0,-3.125,-3.125,-3.47342169292774,,-5.0,-4.0,-0.03476546775409184,1.2542517006802711,0.0,-7.5,0.006261451726568001
California,nominal_original,T060_P05_H0800_I0600_F1,T060_P05_H0800_I0600_CN040_F1,T060_P05_H0800_I0600_CN050_F1,40.0,50.0,24.0,30.0,0.0,0.0,-2.7603633299197803,,-3.0,-2.0,-0.027354818293526123,1.7484177215189902,0.0,28.0,0.00232259301879556
California,nominal_original,T060_P05_H0800_I0600_F1,T060_P05_H0800_I0600_CN050_F1,T060_P05_H0800_I0600_CN060_F1,50.0,60.0,30.0,36.0,3.125,0.0,1.1309523809523796,,2.0,1.0,-0.018687768739845873,2.3162614974489344,0.0,-18.5,-0.05227614867586872
California,nominal_original,T060_P05_H0800_I0600_F1,T060_P05_H0800_I0600_CN060_F1,T060_P05_H0800_I0600_CN070_F1,60.0,70.0,36.0,42.0,3.125,0.0,-1.806880738406477,,-2.0,-1.0,-0.018819519471257623,2.7470296417915705,0.0,-1.0,0.049517468901189465
California,nominal_original,T060_P05_H0800_I0600_F1,T060_P05_H0800_I0600_CN070_F1,T060_P05_H0800_I0600_CN080_F1,70.0,80.0,42.0,48.0,-6.25,0.0,-12.476397156084658,,-35.5,-31.0,-0.032787044177658556,10.067426788537446,0.0,-39.0,0.04016870707673936
California,nominal_original,T060_P05_H0800_I0600_F1,T060_P05_H0800_I0600_CN080_F1,T060_P05_H0800_I0600_CN090_F1,80.0,90.0,48.0,54.0,-12.5,0.0,-2.091776797066167,,-13.0,-20.0,-0.01662031049329729,-1.600068452126294,0.0,2.5,-0.034690581434886125
California,nominal_original,T060_P05_H0800_I0600_F1,T060_P05_H0800_I0600_CN090_F1,T060_P05_H0800_I0600_CN100_F1,90.0,100.0,54.0,60.0,-3.125,0.0,-9.768656609352767,,-31.0,-35.0,-0.021608828082174972,13.262599469496024,0.0,-24.0,0.05128633923486148
California,nominal_original,T060_P05_H0800_I0800_F1,T060_P05_H0800_I0800_CN000_F1,T060_P05_H0800_I0800_CN010_F1,0.0,10.0,0.0,6.0,62.5,0.0,14.54411473942724,,149.0,160.0,0.18405865337311672,87.13910761154855,2.0,17.0,0.9181818181818182
California,nominal_original,T060_P05_H0800_I0800_F1,T060_P05_H0800_I0800_CN010_F1,T060_P05_H0800_I0800_CN020_F1,10.0,20.0,6.0,12.0,0.0,0.0,6.138499658236498,,39.0,27.0,-0.032482805637247314,6.7606745235276975,0.0,-5.0,-0.051515151515151514
California,nominal_original,T060_P05_H0800_I0800_F1,T060_P05_H0800_I0800_CN020_F1,T060_P05_H0800_I0800_CN030_F1,20.0,30.0,12.0,18.0,15.625,0.0,0.4691792582417591,,0.0,-2.0,-0.05424587402406472,5.228758169934636,0.0,-7.0,0.020218579234972722
California,nominal_original,T060_P05_H0800_I0800_F1,T060_P05_H0800_I0800_CN030_F1,T060_P05_H0800_I0800_CN040_F1,30.0,40.0,18.0,24.0,6.25,0.0,0.9533045079920086,,2.5,1.0,-0.039206805768052716,0.4404252122304939,0.0,-1.0,-0.017492931335062023
California,nominal_original,T060_P05_H0800_I0800_F1,T060_P05_H0800_I0800_CN040_F1,T060_P05_H0800_I0800_CN050_F1,40.0,50.0,24.0,30.0,15.625,0.0,5.8490077630702615,,6.0,6.0,-0.022206429376371545,-1.8798898869892753,0.0,11.0,-0.027105813189166827
California,nominal_original,T060_P05_H0800_I0800_F1,T060_P05_H0800_I0800_CN050_F1,T060_P05_H0800_I0800_CN060_F1,50.0,60.0,30.0,36.0,-12.5,0.0,-11.955232267732264,,-18.0,-15.0,-0.028875128039992842,1.401833460656988,0.0,-4.5,-0.024032533123442334
California,nominal_original,T060_P05_H0800_I0800_F1,T060_P05_H0800_I0800_CN060_F1,T060_P05_H0800_I0800_CN070_F1,60.0,70.0,36.0,42.0,0.0,0.0,-1.011657613220116,,-1.0,-1.0,-0.013401199872732111,-3.657119136571197,0.0,13.0,-0.009054834054833982
California,nominal_original,T060_P05_H0800_I0800_F1,T060_P05_H0800_I0800_CN070_F1,T060_P05_H0800_I0800_CN080_F1,70.0,80.0,42.0,48.0,3.125,0.0,-1.7578125,,-13.0,-11.0,-0.01597564393617726,-0.2881588863767348,0.0,-1.0,0.017326687397109852
California,nominal_original,T060_P05_H0800_I0800_F1,T060_P05_H0800_I0800_CN080_F1,T060_P05_H0800_I0800_CN090_F1,80.0,90.0,48.0,54.0,-15.625,0.0,-9.704592282717282,,-23.0,-27.0,-0.015713056583561452,1.8489044511645147,0.0,3.5,0.03501818994776751
California,nominal_original,T060_P05_H0800_I0800_F1,T060_P05_H0800_I0800_CN090_F1,T060_P05_H0800_I0800_CN100_F1,90.0,100.0,54.0,60.0,-9.375,0.0,-7.983248933084459,,-25.5,-33.0,-0.013109248316936897,3.0054644808743234,0.0,-5.5,0.014983039066808646
California,nominal_original,T060_P05_H0800_I0986_F1,T060_P05_H0800_I0986_CN000_F1,T060_P05_H0800_I0986_CN010_F1,0.0,10.0,0.0,6.0,40.625,3.125,16.570008007701507,,138.5,151.0,0.16822335987844506,95.08196721311475,2.0,-2.0,0.9201067615658363
California,nominal_original,T060_P05_H0800_I0986_F1,T060_P05_H0800_I0986_CN010_F1,T060_P05_H0800_I0986_CN020_F1,10.0,20.0,6.0,12.0,3.125,12.5,13.205433455433457,0.0,41.5,29.0,-0.03513106113285688,1.1318412501369153,0.0,-0.5,-0.02810134151163557
California,nominal_original,T060_P05_H0800_I0986_F1,T060_P05_H0800_I0986_CN020_F1,T060_P05_H0800_I0986_CN030_F1,20.0,30.0,12.0,18.0,0.0,-12.5,-6.67445448714799,-15.382638888884202,-3.0,-2.0,-0.056738780472436884,0.6259206563871658,0.0,10.0,-0.03394248986737658
California,nominal_original,T060_P05_H0800_I0986_F1,T060_P05_H0800_I0986_CN030_F1,T060_P05_H0800_I0986_CN040_F1,30.0,40.0,18.0,24.0,-9.375,-3.125,-9.05932030932031,,-2.5,-2.0,-0.03679977013451963,1.7904078666625338,0.0,-5.0,0.013215608625961384
California,nominal_original,T060_P05_H0800_I0986_F1,T060_P05_H0800_I0986_CN040_F1,T060_P05_H0800_I0986_CN050_F1,40.0,50.0,24.0,30.0,0.0,0.0,-1.573412698412696,,-3.5,-3.0,-0.026747685869839874,-1.8783968470902295,0.0,-3.0,-0.07103558448819847
California,nominal_original,T060_P05_H0800_I0986_F1,T060_P05_H0800_I0986_CN050_F1,T060_P05_H0800_I0986_CN060_F1,50.0,60.0,30.0,36.0,6.25,3.125,2.0679455992923472,,3.0,0.0,-0.01700097113727367,0.04459853355774612,0.0,6.0,0.018303039740694915
California,nominal_original,T060_P05_H0800_I0986_F1,T060_P05_H0800_I0986_CN060_F1,T060_P05_H0800_I0986_CN070_F1,60.0,70.0,36.0,42.0,-6.25,-3.125,-4.7306440119907585,,-11.0,-9.0,-0.019196978736150755,0.3120950621708829,0.0,0.0,-0.023572449091736836
California,nominal_original,T060_P05_H0800_I0986_F1,T060_P05_H0800_I0986_CN070_F1,T060_P05_H0800_I0986_CN080_F1,70.0,80.0,42.0,48.0,-6.25,0.0,-4.660052910052912,,-12.5,-12.0,-0.014506697428678952,-3.262279888785926,0.0,10.0,0.03255731922398586
California,nominal_original,T060_P05_H0800_I0986_F1,T060_P05_H0800_I0986_CN080_F1,T060_P05_H0800_I0986_CN090_F1,80.0,90.0,48.0,54.0,-3.125,0.0,-3.4568853632321144,,-8.0,-13.0,-0.009948768956899452,1.0736322501028468,0.0,-2.5,-0.002498689165355783
California,nominal_original,T060_P05_H0800_I0986_F1,T060_P05_H0800_I0986_CN090_F1,T060_P05_H0800_I0986_CN100_F1,90.0,100.0,54.0,60.0,-37.5,0.0,-9.061817124510622,,-29.5,-37.0,-0.014008790760244229,5.080213903743314,0.0,-9.5,0.04597239117787044
California,nominal_original,T060_P05_H1000_I0600_F1,T060_P05_H1000_I0600_CN000_F1,T060_P05_H1000_I0600_CN010_F1,0.0,10.0,0.0,6.0,3.125,0.0,5.114999124649863,0.0,117.5,131.0,0.11441722519127322,58.61244019138756,2.0,53.5,0.8492187500000001
California,nominal_original,T060_P05_H1000_I0600_F1,T060_P05_H1000_I0600_CN010_F1,T060_P05_H1000_I0600_CN020_F1,10.0,20.0,6.0,12.0,3.125,0.0,1.4025297619047592,0.0,34.0,26.0,0.009347772763157236,6.2023746234272465,0.0,5.5,-0.006425957207207178
California,nominal_original,T060_P05_H1000_I0600_F1,T060_P05_H1000_I0600_CN020_F1,T060_P05_H1000_I0600_CN030_F1,20.0,30.0,12.0,18.0,6.25,0.0,1.3310185185185262,0.0,-3.0,-3.0,-0.027147533038863636,3.726851851851862,0.0,-1.0,-0.05503956995669723
California,nominal_original,T060_P05_H1000_I0600_F1,T060_P05_H1000_I0600_CN030_F1,T060_P05_H1000_I0600_CN040_F1,30.0,40.0,18.0,24.0,3.125,-9.375,-7.654924817149087,,3.0,2.0,-0.021027766313429203,3.063271604938265,0.0,-8.5,-0.02190354963348118
California,nominal_original,T060_P05_H1000_I0600_F1,T060_P05_H1000_I0600_CN040_F1,T060_P05_H1000_I0600_CN050_F1,40.0,50.0,24.0,30.0,0.0,0.0,-0.3778108465608483,,-3.0,-2.0,-0.02214395030263616,0.8950617283950635,0.0,17.5,0.05102149244155729
California,nominal_original,T060_P05_H1000_I0600_F1,T060_P05_H1000_I0600_CN050_F1,T060_P05_H1000_I0600_CN060_F1,50.0,60.0,30.0,36.0,0.0,0.0,-6.617561955337692,,-8.0,-6.0,-0.021555823552132203,5.301724137931032,0.0,-23.0,-0.056163048200303045
California,nominal_original,T060_P05_H1000_I0600_F1,T060_P05_H1000_I0600_CN060_F1,T060_P05_H1000_I0600_CN070_F1,60.0,70.0,36.0,42.0,0.0,0.0,-0.8594965764083398,,-4.0,-3.0,-0.01650349229189957,2.2421355111917762,0.0,-6.5,0.020941714205962914
California,nominal_original,T060_P05_H1000_I0600_F1,T060_P05_H1000_I0600_CN070_F1,T060_P05_H1000_I0600_CN080_F1,70.0,80.0,42.0,48.0,-9.375,0.0,-5.771827828353562,,-24.0,-23.0,-0.02416494361914588,3.534571723426211,0.0,-20.0,0.03238525606946663
California,nominal_original,T060_P05_H1000_I0600_F1,T060_P05_H1000_I0600_CN080_F1,T060_P05_H1000_I0600_CN090_F1,80.0,90.0,48.0,54.0,0.0,0.0,-6.903193569094306,,-18.0,-22.0,-0.017752590124289827,8.625869702719797,0.0,-16.0,-0.01475193359743443
California,nominal_original,T060_P05_H1000_I0600_F1,T060_P05_H1000_I0600_CN090_F1,T060_P05_H1000_I0600_CN100_F1,90.0,100.0,54.0,60.0,-6.25,0.0,-7.792950513538749,,-28.5,-34.0,-0.01950123464138119,7.795698924731184,0.0,-13.0,-0.0013261648745519494
California,nominal_original,T060_P05_H1000_I0800_F1,T060_P05_H1000_I0800_CN000_F1,T060_P05_H1000_I0800_CN010_F1,0.0,10.0,0.0,6.0,50.0,0.0,15.680591874277518,,152.5,163.0,0.16978967639821935,91.84210526315789,2.0,12.5,0.9346428571428571
California,nominal_original,T060_P05_H1000_I0800_F1,T060_P05_H1000_I0800_CN010_F1,T060_P05_H1000_I0800_CN020_F1,10.0,20.0,6.0,12.0,3.125,0.0,-0.7509993641465336,,23.5,15.0,-0.029490048248445755,6.518550474547027,0.0,-7.0,-0.042218614718614544
California,nominal_original,T060_P05_H1000_I0800_F1,T060_P05_H1000_I0800_CN020_F1,T060_P05_H1000_I0800_CN030_F1,20.0,30.0,12.0,18.0,21.875,0.0,9.454225009591855,,15.5,11.0,-0.0268367813908732,1.639344262295083,0.0,-2.0,-0.035420696324951706
California,nominal_original,T060_P05_H1000_I0800_F1,T060_P05_H1000_I0800_CN030_F1,T060_P05_H1000_I0800_CN040_F1,30.0,40.0,18.0,24.0,-3.125,0.0,-5.244939140283815,,-4.5,-3.0,-0.0365845514027858,-1.7817371937639166,0.0,4.5,-0.027860156900035626
California,nominal_original,T060_P05_H1000_I0800_F1,T060_P05_H1000_I0800_CN040_F1,T060_P05_H1000_I0800_CN050_F1,40.0,50.0,24.0,30.0,9.375,0.0,3.401970062260393,,2.5,2.0,-0.019736186621245072,-0.6411702952228637,0.0,11.0,-0.0314405543996461
California,nominal_original,T060_P05_H1000_I0800_F1,T060_P05_H1000_I0800_CN050_F1,T060_P05_H1000_I0800_CN060_F1,50.0,60.0,30.0,36.0,9.375,0.0,2.1064008217183314,,7.5,5.0,-0.01434385426706615,1.9964682565774012,0.0,-4.0,-0.04880173589851022
California,nominal_original,T060_P05_H1000_I0800_F1,T060_P05_H1000_I0800_CN060_F1,T060_P05_H1000_I0800_CN070_F1,60.0,70.0,36.0,42.0,0.0,0.0,-6.618354650212492,,-20.0,-17.0,-0.020698950728546342,-3.53626473029459,0.0,-0.5,0.020996336996337073
California,nominal_original,T060_P05_H1000_I0800_F1,T060_P05_H1000_I0800_CN070_F1,T060_P05_H1000_I0800_CN080_F1,70.0,80.0,42.0,48.0,-21.875,0.0,-12.988059179331348,,-21.5,-18.0,-0.018172176627207548,1.1129630300614792,0.0,7.0,0.012316494450822724
California,nominal_original,T060_P05_H1000_I0800_F1,T060_P05_H1000_I0800_CN080_F1,T060_P05_H1000_I0800_CN090_F1,80.0,90.0,48.0,54.0,0.0,0.0,1.772937773277448,,-7.5,-12.0,-0.010136259759995388,-1.4629275309693668,0.0,9.5,0.020777522643194324
California,nominal_original,T060_P05_H1000_I0800_F1,T060_P05_H1000_I0800_CN090_F1,T060_P05_H1000_I0800_CN100_F1,90.0,100.0,54.0,60.0,-18.75,0.0,-10.837953105723415,,-28.0,-37.0,-0.01397569113972956,4.312668463611857,0.0,-9.0,0.03408337694051977
California,nominal_original,T060_P05_H1000_I0986_F1,T060_P05_H1000_I0986_CN000_F1,T060_P05_H1000_I0986_CN010_F1,0.0,10.0,0.0,6.0,12.5,0.0,12.25531344300694,,128.0,142.0,0.13293331382534837,89.58904109589041,2.0,-1.0,0.92687338501292
California,nominal_original,T060_P05_H1000_I0986_F1,T060_P05_H1000_I0986_CN010_F1,T060_P05_H1000_I0986_CN020_F1,10.0,20.0,6.0,12.0,6.25,6.25,7.253593628593627,,28.5,19.0,-0.029067080286973412,0.932285918327608,0.0,1.0,-0.0511012870363492
California,nominal_original,T060_P05_H1000_I0986_F1,T060_P05_H1000_I0986_CN020_F1,T060_P05_H1000_I0986_CN030_F1,20.0,30.0,12.0,18.0,3.125,-3.125,-3.9524083587551004,100.38263888892737,10.5,7.0,-0.03166872993143127,6.318402105420816,0.0,-13.0,-0.02493876464323752
California,nominal_original,T060_P05_H1000_I0986_F1,T060_P05_H1000_I0986_CN030_F1,T060_P05_H1000_I0986_CN040_F1,30.0,40.0,18.0,24.0,3.125,3.125,3.9900793650793602,-84.66388888891427,1.0,0.0,-0.028804391240505545,0.9130798691252124,0.0,6.0,-0.030833333333333268
California,nominal_original,T060_P05_H1000_I0986_F1,T060_P05_H1000_I0986_CN040_F1,T060_P05_H1000_I0986_CN050_F1,40.0,50.0,24.0,30.0,0.0,-3.125,-5.628968253968253,-33.71875000001843,-5.5,-4.0,-0.024973626825528075,-3.5131776523585216,0.0,9.5,-0.02718749999999992
California,nominal_original,T060_P05_H1000_I0986_F1,T060_P05_H1000_I0986_CN050_F1,T060_P05_H1000_I0986_CN060_F1,50.0,60.0,30.0,36.0,0.0,-3.125,-3.8303082366549894,,0.0,-2.0,-0.0164743632572152,-1.1520737327188897,0.0,-1.0,0.0006657608695650463
California,nominal_original,T060_P05_H1000_I0986_F1,T060_P05_H1000_I0986_CN060_F1,T060_P05_H1000_I0986_CN070_F1,60.0,70.0,36.0,42.0,-9.375,0.0,-6.995654199601567,,-12.0,-11.0,-0.018372789347243956,0.32707654265483654,0.0,-9.0,0.0018803889194645151
California,nominal_original,T060_P05_H1000_I0986_F1,T060_P05_H1000_I0986_CN070_F1,T060_P05_H1000_I0986_CN080_F1,70.0,80.0,42.0,48.0,6.25,0.0,3.6110446570972883,,-6.5,-6.0,-0.011860158220185019,-0.971309209313759,0.0,20.0,-0.0020126421844668396
California,nominal_original,T060_P05_H1000_I0986_F1,T060_P05_H1000_I0986_CN080_F1,T060_P05_H1000_I0986_CN090_F1,80.0,90.0,48.0,54.0,-21.875,0.0,-13.168694652440784,,-23.0,-28.0,-0.014285425305968526,0.7190682253654472,0.0,-8.5,0.023320659062103788
California,nominal_original,T060_P05_H1000_I0986_F1,T060_P05_H1000_I0986_CN090_F1,T060_P05_H1000_I0986_CN100_F1,90.0,100.0,54.0,60.0,-31.25,0.0,-8.420051826398574,,-18.0,-25.0,-0.010593179705274562,6.837606837606842,0.0,-12.0,0.03033033033033039
California,nominal_original,T060_P10_H0500_I0600_F1,T060_P10_H0500_I0600_CN000_F1,T060_P10_H0500_I0600_CN010_F1,0.0,10.0,0.0,6.0,0.0,0.0,4.399969793891973,,89.5,106.0,0.11180063349246416,61.607142857142854,2.0,34.0,0.856006006006006
California,nominal_original,T060_P10_H0500_I0600_F1,T060_P10_H0500_I0600_CN010_F1,T060_P10_H0500_I0600_CN020_F1,10.0,20.0,6.0,12.0,0.0,0.0,-1.0424222579453541,,52.5,44.0,0.00804210152791246,12.769274376417236,0.0,10.0,-0.07199240056382905
California,nominal_original,T060_P10_H0500_I0600_F1,T060_P10_H0500_I0600_CN020_F1,T060_P10_H0500_I0600_CN030_F1,20.0,30.0,12.0,18.0,0.0,0.0,0.9650880927820609,,7.5,5.0,-0.04939229779214377,6.106038906790786,0.0,2.5,0.00838121656429558
California,nominal_original,T060_P10_H0500_I0600_F1,T060_P10_H0500_I0600_CN030_F1,T060_P10_H0500_I0600_CN040_F1,30.0,40.0,18.0,24.0,12.5,0.0,1.0216346153846132,,6.0,4.0,-0.036010813648168855,1.7825011246063838,0.0,-6.0,0.01253271422541169
California,nominal_original,T060_P10_H0500_I0600_F1,T060_P10_H0500_I0600_CN040_F1,T060_P10_H0500_I0600_CN050_F1,40.0,50.0,24.0,30.0,0.0,0.0,-0.7765602422766023,,-4.5,-3.0,-0.03580646917706967,4.663147310206142,0.0,-0.5,0.0030304217260739286
California,nominal_original,T060_P10_H0500_I0600_F1,T060_P10_H0500_I0600_CN050_F1,T060_P10_H0500_I0600_CN060_F1,50.0,60.0,30.0,36.0,-12.5,0.0,-5.321838958897381,,-1.5,-1.0,-0.028030078286598648,-1.4017887856897175,0.0,-11.0,0.012581461129178795
California,nominal_original,T060_P10_H0500_I0600_F1,T060_P10_H0500_I0600_CN060_F1,T060_P10_H0500_I0600_CN070_F1,60.0,70.0,36.0,42.0,6.25,0.0,-0.3246861645299184,,-2.0,-3.0,-0.021587410435520787,-1.2342803912436011,0.0,18.5,-0.032872752420470164
California,nominal_original,T060_P10_H0500_I0600_F1,T060_P10_H0500_I0600_CN070_F1,T060_P10_H0500_I0600_CN080_F1,70.0,80.0,42.0,48.0,0.0,0.0,-3.4707289427058434,,-7.0,-6.0,-0.01962235845063791,4.064128985331564,0.0,3.5,-0.03971508379888267
California,nominal_original,T060_P10_H0500_I0600_F1,T060_P10_H0500_I0600_CN080_F1,T060_P10_H0500_I0600_CN090_F1,80.0,90.0,48.0,54.0,0.0,0.0,-3.199252422781285,,-19.5,-23.0,-0.02265971728977491,5.37817145603735,0.0,-18.5,-0.012640848404507077
California,nominal_original,T060_P10_H0500_I0600_F1,T060_P10_H0500_I0600_CN090_F1,T060_P10_H0500_I0600_CN100_F1,90.0,100.0,54.0,60.0,-21.875,0.0,-12.572998320837291,,-42.0,-49.0,-0.027922982308890856,6.265664160401002,0.0,-20.0,0.10416294974724938
California,nominal_original,T060_P10_H0500_I0800_F1,T060_P10_H0500_I0800_CN000_F1,T060_P10_H0500_I0800_CN010_F1,0.0,10.0,0.0,6.0,71.875,0.0,6.2752406584643445,,113.5,132.0,0.09055045458342023,98.25581395348837,2.0,-18.5,0.9222415795586527
California,nominal_original,T060_P10_H0500_I0800_F1,T060_P10_H0500_I0800_CN010_F1,T060_P10_H0500_I0800_CN020_F1,10.0,20.0,6.0,12.0,6.25,0.0,1.2964466089466065,,42.5,28.0,-0.06755865139370726,0.34558464791022914,0.0,-4.5,-0.048126123320291425
California,nominal_original,T060_P10_H0500_I0800_F1,T060_P10_H0500_I0800_CN020_F1,T060_P10_H0500_I0800_CN030_F1,20.0,30.0,12.0,18.0,-9.375,0.0,-2.039817821067821,,6.0,4.0,-0.06940431718198814,-0.4154575583146993,0.0,12.0,-0.001313258436163478
California,nominal_original,T060_P10_H0500_I0800_F1,T060_P10_H0500_I0800_CN030_F1,T060_P10_H0500_I0800_CN040_F1,30.0,40.0,18.0,24.0,9.375,0.0,1.6911359838991444,,-2.0,-4.0,-0.04033797472954137,1.3563930530259398,0.0,-9.0,-0.015364921816534594
California,nominal_original,T060_P10_H0500_I0800_F1,T060_P10_H0500_I0800_CN040_F1,T060_P10_H0500_I0800_CN050_F1,40.0,50.0,24.0,30.0,3.125,0.0,4.558306277056275,,9.5,8.0,-0.023298701643678033,0.019069412662091167,0.0,16.5,-0.0019604110187132484
California,nominal_original,T060_P10_H0500_I0800_F1,T060_P10_H0500_I0800_CN050_F1,T060_P10_H0500_I0800_CN060_F1,50.0,60.0,30.0,36.0,-9.375,0.0,-8.438734145970987,,-16.5,-13.0,-0.029025736347608563,-0.9798432250839824,0.0,-11.5,-0.015397499887584765
California,nominal_original,T060_P10_H0500_I0800_F1,T060_P10_H0500_I0800_CN060_F1,T060_P10_H0500_I0800_CN070_F1,60.0,70.0,36.0,42.0,-6.25,0.0,-4.194743487506646,,-9.0,-9.0,-0.018224067210169392,-1.7914368268978222,0.0,13.5,-0.01505072819505826
California,nominal_original,T060_P10_H0500_I0800_F1,T060_P10_H0500_I0800_CN070_F1,T060_P10_H0500_I0800_CN080_F1,70.0,80.0,42.0,48.0,15.625,0.0,1.5061446229209352,,-5.0,-6.0,-0.012852560534901303,-1.6002500390686123,0.0,7.5,0.03587361875479078
California,nominal_original,T060_P10_H0500_I0800_F1,T060_P10_H0500_I0800_CN080_F1,T060_P10_H0500_I0800_CN090_F1,80.0,90.0,48.0,54.0,-6.25,0.0,-5.889249639249634,,-20.5,-25.0,-0.015485348826312965,3.3976972037474127,0.0,-8.5,-0.007045506327802986
California,nominal_original,T060_P10_H0500_I0800_F1,T060_P10_H0500_I0800_CN090_F1,T060_P10_H0500_I0800_CN100_F1,90.0,100.0,54.0,60.0,-21.875,0.0,-6.617953501177187,,-19.5,-27.0,-0.012058245288612511,1.4124293785310726,0.0,1.5,0.008143250688705361
California,nominal_original,T060_P10_H0500_I0986_F1,T060_P10_H0500_I0986_CN000_F1,T060_P10_H0500_I0986_CN010_F1,0.0,10.0,0.0,6.0,75.0,0.0,6.613316682681674,,114.5,131.0,-0.026388184596091824,99.43181818181819,2.0,5.5,0.9443117178612059
California,nominal_original,T060_P10_H0500_I0986_F1,T060_P10_H0500_I0986_CN010_F1,T060_P10_H0500_I0986_CN020_F1,10.0,20.0,6.0,12.0,3.125,0.0,-0.177688126772793,,22.5,15.0,-0.0737470305839667,-0.43937485688115885,0.0,-22.5,-0.044099403636152834
California,nominal_original,T060_P10_H0500_I0986_F1,T060_P10_H0500_I0986_CN020_F1,T060_P10_H0500_I0986_CN030_F1,20.0,30.0,12.0,18.0,-12.5,0.0,4.245218097120272,,38.0,25.0,-0.024539897060857768,-0.6837752488270894,0.0,36.0,0.012027269108280336
California,nominal_original,T060_P10_H0500_I0986_F1,T060_P10_H0500_I0986_CN030_F1,T060_P10_H0500_I0986_CN040_F1,30.0,40.0,18.0,24.0,9.375,0.0,3.189377325890483,,-5.0,-3.0,-0.03605888723557189,1.2593664811254826,0.0,-16.0,-0.020264274691358164
California,nominal_original,T060_P10_H0500_I0986_F1,T060_P10_H0500_I0986_CN040_F1,T060_P10_H0500_I0986_CN050_F1,40.0,50.0,24.0,30.0,18.75,0.0,-2.2316036922015208,,2.0,1.0,-0.015395201710311016,0.003699918139304259,0.0,-3.0,-0.022794675494861583
California,nominal_original,T060_P10_H0500_I0986_F1,T060_P10_H0500_I0986_CN050_F1,T060_P10_H0500_I0986_CN060_F1,50.0,60.0,30.0,36.0,-25.0,0.0,-2.5778074344292854,,-1.0,-1.0,-0.014988536048863174,-2.3674334001059094,0.0,-2.0,0.014435186061925842
California,nominal_original,T060_P10_H0500_I0986_F1,T060_P10_H0500_I0986_CN060_F1,T060_P10_H0500_I0986_CN070_F1,60.0,70.0,36.0,42.0,12.5,0.0,-2.0496197881066287,,-10.0,-7.0,-0.011551679711754026,0.7732270146188256,0.0,0.5,-0.025102998696219014
California,nominal_original,T060_P10_H0500_I0986_F1,T060_P10_H0500_I0986_CN070_F1,T060_P10_H0500_I0986_CN080_F1,70.0,80.0,42.0,48.0,-6.25,0.0,-6.158420383963865,,-15.0,-15.0,-0.010061268205695875,0.3357249221605514,0.0,0.5,-0.00839944182801311
California,nominal_original,T060_P10_H0500_I0986_F1,T060_P10_H0500_I0986_CN080_F1,T060_P10_H0500_I0986_CN090_F1,80.0,90.0,48.0,54.0,-18.75,0.0,-8.480388120333775,,-31.0,-32.0,-0.01147295757638904,-0.29625584490938195,0.0,2.0,0.031026972192385704
California,nominal_original,T060_P10_H0500_I0986_F1,T060_P10_H0500_I0986_CN090_F1,T060_P10_H0500_I0986_CN100_F1,90.0,100.0,54.0,60.0,-18.75,0.0,-5.1379849491977625,,-19.0,-29.0,-0.006976387992497751,1.9830028328611888,0.0,0.5,0.013480460410284945
California,nominal_original,T060_P10_H0800_I0600_F1,T060_P10_H0800_I0600_CN000_F1,T060_P10_H0800_I0600_CN010_F1,0.0,10.0,0.0,6.0,3.125,0.0,3.370935073380725,0.0,95.5,110.0,0.10107077314567503,59.48275862068966,2.0,41.0,0.9129969418960244
California,nominal_original,T060_P10_H0800_I0600_F1,T060_P10_H0800_I0600_CN010_F1,T060_P10_H0800_I0600_CN020_F1,10.0,20.0,6.0,12.0,0.0,0.0,-1.2337576875620364,0.0,46.5,40.0,0.017168150727445403,12.399327547110794,0.0,-2.0,-0.09665389982482697
California,nominal_original,T060_P10_H0800_I0600_F1,T060_P10_H0800_I0600_CN020_F1,T060_P10_H0800_I0600_CN030_F1,20.0,30.0,12.0,18.0,12.5,0.0,4.350552351231698,0.0,9.0,6.0,-0.02407846316319931,10.906584856164685,0.0,7.0,0.028260132531977122
California,nominal_original,T060_P10_H0800_I0600_F1,T060_P10_H0800_I0600_CN030_F1,T060_P10_H0800_I0600_CN040_F1,30.0,40.0,18.0,24.0,3.125,-6.25,-6.169967763717757,,1.5,1.0,-0.02451428715823259,3.5749653396712233,0.0,-14.5,-0.02903843631116354
California,nominal_original,T060_P10_H0800_I0600_F1,T060_P10_H0800_I0600_CN040_F1,T060_P10_H0800_I0600_CN050_F1,40.0,50.0,24.0,30.0,-6.25,0.0,0.4375711094461039,,0.0,0.0,-0.020686362265611963,-2.164502164502167,0.0,16.5,-0.03589966652167598
California,nominal_original,T060_P10_H0800_I0600_F1,T060_P10_H0800_I0600_CN050_F1,T060_P10_H0800_I0600_CN060_F1,50.0,60.0,30.0,36.0,-6.25,0.0,-11.104359986832812,,-13.0,-9.0,-0.028708256941651272,0.6632511219667236,0.0,-11.0,0.050985334733730125
California,nominal_original,T060_P10_H0800_I0600_F1,T060_P10_H0800_I0600_CN060_F1,T060_P10_H0800_I0600_CN070_F1,60.0,70.0,36.0,42.0,12.5,0.0,2.466248098720925,,-10.0,-11.0,-0.020612161589187633,2.877999294283697,0.0,-13.5,0.011330725571406575
California,nominal_original,T060_P10_H0800_I0600_F1,T060_P10_H0800_I0600_CN070_F1,T060_P10_H0800_I0600_CN080_F1,70.0,80.0,42.0,48.0,-6.25,0.0,4.025864986462814,,6.0,3.0,-0.008488703534361014,-3.394590222861254,0.0,32.0,-0.050522798742138386
California,nominal_original,T060_P10_H0800_I0600_F1,T060_P10_H0800_I0600_CN080_F1,T060_P10_H0800_I0600_CN090_F1,80.0,90.0,48.0,54.0,-9.375,0.0,-7.0254314928228005,,-25.0,-32.0,-0.022227281596182938,5.072195025466058,0.0,-32.0,0.0407255747126436
California,nominal_original,T060_P10_H0800_I0600_F1,T060_P10_H0800_I0600_CN090_F1,T060_P10_H0800_I0600_CN100_F1,90.0,100.0,54.0,60.0,-18.75,0.0,-12.919159644703122,,-31.5,-34.0,-0.020853556768432466,10.582010582010582,0.0,-20.0,0.0012598005632946663
California,nominal_original,T060_P10_H0800_I0800_F1,T060_P10_H0800_I0800_CN000_F1,T060_P10_H0800_I0800_CN010_F1,0.0,10.0,0.0,6.0,68.75,0.0,4.925346035543406,,110.5,129.0,0.10871252284831134,88.0813953488372,2.0,-13.5,0.9332684824902724
California,nominal_original,T060_P10_H0800_I0800_F1,T060_P10_H0800_I0800_CN010_F1,T060_P10_H0800_I0800_CN020_F1,10.0,20.0,6.0,12.0,6.25,0.0,-1.4090742955874553,,44.0,29.0,-0.02278840755139902,7.9834194659776045,0.0,0.0,-0.048278229078966284
California,nominal_original,T060_P10_H0800_I0800_F1,T060_P10_H0800_I0800_CN020_F1,T060_P10_H0800_I0800_CN030_F1,20.0,30.0,12.0,18.0,0.0,0.0,1.6841583124477886,,6.0,4.0,-0.046495322268197664,2.3586086086086198,0.0,3.5,-0.021891524183544453
California,nominal_original,T060_P10_H0800_I0800_F1,T060_P10_H0800_I0800_CN030_F1,T060_P10_H0800_I0800_CN040_F1,30.0,40.0,18.0,24.0,9.375,0.0,9.052235228222063,,9.0,6.0,-0.023799600786355096,0.27787527787526756,0.0,-9.0,-0.025830824718477752
California,nominal_original,T060_P10_H0800_I0800_F1,T060_P10_H0800_I0800_CN040_F1,T060_P10_H0800_I0800_CN050_F1,40.0,50.0,24.0,30.0,-3.125,0.0,-2.7833077010708536,,-3.0,-3.0,-0.026330927536624138,-1.3328776486671217,0.0,4.0,-0.0009501818279247232
California,nominal_original,T060_P10_H0800_I0800_F1,T060_P10_H0800_I0800_CN050_F1,T060_P10_H0800_I0800_CN060_F1,50.0,60.0,30.0,36.0,-15.625,0.0,-4.577020202020201,,-8.0,-7.0,-0.021652945077204847,-1.913875598086122,0.0,13.5,0.010140610651974136
California,nominal_original,T060_P10_H0800_I0800_F1,T060_P10_H0800_I0800_CN060_F1,T060_P10_H0800_I0800_CN070_F1,60.0,70.0,36.0,42.0,-3.125,0.0,-7.885872351332878,,-15.0,-12.0,-0.019400621530213213,-3.5033259423503296,0.0,6.5,-0.03219840553549935
California,nominal_original,T060_P10_H0800_I0800_F1,T060_P10_H0800_I0800_CN070_F1,T060_P10_H0800_I0800_CN080_F1,70.0,80.0,42.0,48.0,9.375,0.0,-3.2050414862914867,,-12.5,-13.0,-0.014828797076260544,2.853975292999678,0.0,-1.0,0.04230175199219244
California,nominal_original,T060_P10_H0800_I0800_F1,T060_P10_H0800_I0800_CN080_F1,T060_P10_H0800_I0800_CN090_F1,80.0,90.0,48.0,54.0,3.125,0.0,-4.749824371534899,,-16.5,-22.0,-0.013294540251082912,4.626623376623385,0.0,-11.0,-0.013146041929944063
California,nominal_original,T060_P10_H0800_I0800_F1,T060_P10_H0800_I0800_CN090_F1,T060_P10_H0800_I0800_CN100_F1,90.0,100.0,54.0,60.0,-34.375,0.0,-6.300694919115971,,-18.5,-26.0,-0.011397315971427374,0.568181818181813,0.0,-3.0,0.010200714341175532
California,nominal_original,T060_P10_H0800_I0986_F1,T060_P10_H0800_I0986_CN000_F1,T060_P10_H0800_I0986_CN010_F1,0.0,10.0,0.0,6.0,28.125,3.125,8.44605002088555,,115.5,132.0,0.05211614351813143,93.18181818181819,2.0,-2.5,0.9304428044280444
California,nominal_original,T060_P10_H0800_I0986_F1,T060_P10_H0800_I0986_CN010_F1,T060_P10_H0800_I0986_CN020_F1,10.0,20.0,6.0,12.0,0.0,0.0,0.8906647537404098,-5.542233338928781e-13,43.5,29.0,-0.03298185928297348,2.0345827293435406,0.0,-2.0,-0.0229504496879831
California,nominal_original,T060_P10_H0800_I0986_F1,T060_P10_H0800_I0986_CN020_F1,T060_P10_H0800_I0986_CN030_F1,20.0,30.0,12.0,18.0,0.0,0.0,11.580362482911823,0.0,24.0,16.0,-0.027735139334107428,1.9088557623495603,0.0,15.0,-0.011115543145858275
California,nominal_original,T060_P10_H0800_I0986_F1,T060_P10_H0800_I0986_CN030_F1,T060_P10_H0800_I0986_CN040_F1,30.0,40.0,18.0,24.0,12.5,0.0,-1.8331695716564127,0.0,-10.5,-8.0,-0.03350420515749848,-0.3441407936829677,0.0,-22.0,-0.03152173913043477
California,nominal_original,T060_P10_H0800_I0986_F1,T060_P10_H0800_I0986_CN040_F1,T060_P10_H0800_I0986_CN050_F1,40.0,50.0,24.0,30.0,-3.125,0.0,-1.1211622807017534,0.0,2.0,2.0,-0.014376935281861944,0.878458588256791,0.0,16.0,-0.06858056265984658
California,nominal_original,T060_P10_H0800_I0986_F1,T060_P10_H0800_I0986_CN050_F1,T060_P10_H0800_I0986_CN060_F1,50.0,60.0,30.0,36.0,-3.125,0.0,-3.1564351218956546,0.0,-3.5,-3.0,-0.014247722450532865,-1.115298010201741,0.0,7.0,0.0938508820456081
California,nominal_original,T060_P10_H0800_I0986_F1,T060_P10_H0800_I0986_CN060_F1,T060_P10_H0800_I0986_CN070_F1,60.0,70.0,36.0,42.0,-3.125,-3.125,-8.226398738323073,,-18.0,-15.0,-0.013243963503187538,-0.2913490574149904,0.0,-22.5,-0.04601970079261908
California,nominal_original,T060_P10_H0800_I0986_F1,T060_P10_H0800_I0986_CN070_F1,T060_P10_H0800_I0986_CN080_F1,70.0,80.0,42.0,48.0,0.0,0.0,-2.916334396597552,,-9.5,-10.0,-0.008212394270749948,2.0313863250218134,0.0,5.5,-0.013345064658700334
California,nominal_original,T060_P10_H0800_I0986_F1,T060_P10_H0800_I0986_CN080_F1,T060_P10_H0800_I0986_CN090_F1,80.0,90.0,48.0,54.0,-18.75,0.0,-10.578891594516598,,-30.0,-32.0,-0.011042467291575347,0.566260987153484,0.0,6.5,0.026498632861049032
California,nominal_original,T060_P10_H0800_I0986_F1,T060_P10_H0800_I0986_CN090_F1,T060_P10_H0800_I0986_CN100_F1,90.0,100.0,54.0,60.0,-25.0,0.0,-5.4220423217133735,,-16.5,-25.0,-0.006406606423615492,1.1494252873563227,0.0,8.0,0.02285437710437699
California,nominal_original,T060_P10_H1000_I0600_F1,T060_P10_H1000_I0600_CN000_F1,T060_P10_H1000_I0600_CN010_F1,0.0,10.0,0.0,6.0,0.0,0.0,3.7744920387583463,0.0,103.0,119.0,0.0969336495641445,64.76964769647697,2.0,44.0,0.916949152542373
California,nominal_original,T060_P10_H1000_I0600_F1,T060_P10_H1000_I0600_CN010_F1,T060_P10_H1000_I0600_CN020_F1,10.0,20.0,6.0,12.0,0.0,0.0,-3.549870268620271,0.0,28.5,24.0,0.0025327918662610416,8.704530707278906,0.0,-5.5,-0.09902800558896785
California,nominal_original,T060_P10_H1000_I0600_F1,T060_P10_H1000_I0600_CN020_F1,T060_P10_H1000_I0600_CN030_F1,20.0,30.0,12.0,18.0,0.0,0.0,0.5745933565227048,0.0,13.5,9.0,-0.012011182369709383,5.996020271740818,0.0,12.0,0.04918643682084545
California,nominal_original,T060_P10_H1000_I0600_F1,T060_P10_H1000_I0600_CN030_F1,T060_P10_H1000_I0600_CN040_F1,30.0,40.0,18.0,24.0,0.0,-3.125,-4.335915820290818,,1.5,1.0,-0.018454954037339655,2.3280469385383924,0.0,-5.5,-0.04288755093352803
California,nominal_original,T060_P10_H1000_I0600_F1,T060_P10_H1000_I0600_CN040_F1,T060_P10_H1000_I0600_CN050_F1,40.0,50.0,24.0,30.0,6.25,0.0,4.138228543799194,,4.0,2.0,-0.013484104790062845,0.9603750756200924,0.0,-2.5,-0.060794106914796586
California,nominal_original,T060_P10_H1000_I0600_F1,T060_P10_H1000_I0600_CN050_F1,T060_P10_H1000_I0600_CN060_F1,50.0,60.0,30.0,36.0,-6.25,0.0,-5.044535778231431,,-6.0,-4.0,-0.02087229341166036,-2.8913640524870345,0.0,-13.5,0.02120610870610884
California,nominal_original,T060_P10_H1000_I0600_F1,T060_P10_H1000_I0600_CN060_F1,T060_P10_H1000_I0600_CN070_F1,60.0,70.0,36.0,42.0,0.0,0.0,-2.5086978993229003,,-6.0,-6.0,-0.016461383418471504,0.5872888173773134,0.0,-1.5,0.034737334737334535
California,nominal_original,T060_P10_H1000_I0600_F1,T060_P10_H1000_I0600_CN070_F1,T060_P10_H1000_I0600_CN080_F1,70.0,80.0,42.0,48.0,6.25,0.0,-3.4202011002282724,,-13.0,-13.0,-0.016817466286799157,6.501976284584984,0.0,4.5,-0.04887026063496647
California,nominal_original,T060_P10_H1000_I0600_F1,T060_P10_H1000_I0600_CN080_F1,T060_P10_H1000_I0600_CN090_F1,80.0,90.0,48.0,54.0,-3.125,0.0,-4.995170891910023,,-20.5,-28.0,-0.018417636774998955,6.072968877491547,0.0,-16.5,-0.04656987223533382
California,nominal_original,T060_P10_H1000_I0600_F1,T060_P10_H1000_I0600_CN090_F1,T060_P10_H1000_I0600_CN100_F1,90.0,100.0,54.0,60.0,-25.0,0.0,-10.38180267799833,,-29.0,-32.0,-0.01871340480491443,6.970509383378015,0.0,-20.0,0.04656765791086892
California,nominal_original,T060_P10_H1000_I0800_F1,T060_P10_H1000_I0800_CN000_F1,T060_P10_H1000_I0800_CN010_F1,0.0,10.0,0.0,6.0,68.75,0.0,4.336857350595743,,127.5,140.0,0.12341510745708116,90.10416666666667,2.0,-6.5,0.9319651741293533
California,nominal_original,T060_P10_H1000_I0800_F1,T060_P10_H1000_I0800_CN010_F1,T060_P10_H1000_I0800_CN020_F1,10.0,20.0,6.0,12.0,6.25,0.0,0.6804109203490043,,12.0,8.0,-0.043647262715745705,4.503676470588232,0.0,3.0,-0.07951762168180077
California,nominal_original,T060_P10_H1000_I0800_F1,T060_P10_H1000_I0800_CN020_F1,T060_P10_H1000_I0800_CN030_F1,20.0,30.0,12.0,18.0,3.125,0.0,0.8228570535072066,,18.0,12.0,-0.024108453098062255,2.689454160042388,0.0,8.0,-0.030661060072824764
California,nominal_original,T060_P10_H1000_I0800_F1,T060_P10_H1000_I0800_CN030_F1,T060_P10_H1000_I0800_CN040_F1,30.0,40.0,18.0,24.0,6.25,0.0,2.2560307017543835,,3.0,2.0,-0.02269028234748474,-0.4084084084084054,0.0,-5.5,-0.0213220960898981
California,nominal_original,T060_P10_H1000_I0800_F1,T060_P10_H1000_I0800_CN040_F1,T060_P10_H1000_I0800_CN050_F1,40.0,50.0,24.0,30.0,3.125,0.0,3.720276487788098,,4.5,3.0,-0.017876494533501153,-0.37472766884530984,0.0,9.5,-0.002221584783232089
California,nominal_original,T060_P10_H1000_I0800_F1,T060_P10_H1000_I0800_CN050_F1,T060_P10_H1000_I0800_CN060_F1,50.0,60.0,30.0,36.0,-15.625,0.0,-5.019728535353529,,-7.0,-6.0,-0.019355960848415163,0.11505226310249839,0.0,-7.5,-0.008433894304145317
California,nominal_original,T060_P10_H1000_I0800_F1,T060_P10_H1000_I0800_CN060_F1,T060_P10_H1000_I0800_CN070_F1,60.0,70.0,36.0,42.0,-9.375,0.0,-11.764349180661107,,-19.5,-17.0,-0.020127824265775862,-2.540543532407156,0.0,7.5,0.019293646905111927
California,nominal_original,T060_P10_H1000_I0800_F1,T060_P10_H1000_I0800_CN070_F1,T060_P10_H1000_I0800_CN080_F1,70.0,80.0,42.0,48.0,12.5,0.0,2.6652628256246693,,-2.5,-6.0,-0.010197428386951271,2.170681670208708,0.0,0.5,-0.030756107409650735
California,nominal_original,T060_P10_H1000_I0800_F1,T060_P10_H1000_I0800_CN080_F1,T060_P10_H1000_I0800_CN090_F1,80.0,90.0,48.0,54.0,-15.625,0.0,-10.004392805766646,,-30.5,-36.0,-0.017993548409594863,2.5641777908170837,0.0,-10.0,0.05882099244636674
California,nominal_original,T060_P10_H1000_I0800_F1,T060_P10_H1000_I0800_CN090_F1,T060_P10_H1000_I0800_CN100_F1,90.0,100.0,54.0,60.0,-34.375,0.0,-5.174468661068893,,-12.5,-17.0,-0.00913789131263943,1.17647058823529,0.0,-3.0,0.01042705257893295
California,nominal_original,T060_P10_H1000_I0986_F1,T060_P10_H1000_I0986_CN000_F1,T060_P10_H1000_I0986_CN010_F1,0.0,10.0,0.0,6.0,12.5,3.125,13.893030397964608,,138.5,147.0,0.08434247595418402,90.5,2.0,-10.0,0.9183501683501685
California,nominal_original,T060_P10_H1000_I0986_F1,T060_P10_H1000_I0986_CN010_F1,T060_P10_H1000_I0986_CN020_F1,10.0,20.0,6.0,12.0,-3.125,0.0,1.0216117946381118,0.0,13.5,9.0,-0.049334511477004295,2.9426229508196684,0.0,9.5,-0.04747585141027777
California,nominal_original,T060_P10_H1000_I0986_F1,T060_P10_H1000_I0986_CN020_F1,T060_P10_H1000_I0986_CN030_F1,20.0,30.0,12.0,18.0,0.0,0.0,5.422979797979792,0.0,23.0,15.0,-0.021993219275649054,3.5975461823727244,0.0,-2.5,-0.019937987351875686
California,nominal_original,T060_P10_H1000_I0986_F1,T060_P10_H1000_I0986_CN030_F1,T060_P10_H1000_I0986_CN040_F1,30.0,40.0,18.0,24.0,6.25,0.0,-4.106116379965059,0.0,-4.0,-3.0,-0.026360550503326904,1.0243469958398634,0.0,-11.0,-0.020125518777204254
California,nominal_original,T060_P10_H1000_I0986_F1,T060_P10_H1000_I0986_CN040_F1,T060_P10_H1000_I0986_CN050_F1,40.0,50.0,24.0,30.0,9.375,0.0,3.888093814080655,0.0,5.0,3.0,-0.01233027076283276,-4.3803056027164615,0.0,28.0,-0.04634579023467911
California,nominal_original,T060_P10_H1000_I0986_F1,T060_P10_H1000_I0986_CN050_F1,T060_P10_H1000_I0986_CN060_F1,50.0,60.0,30.0,36.0,-9.375,0.0,-5.956558061821227,0.9999999999832632,-10.5,-8.0,-0.015391249914313579,2.571296081613724,0.0,-13.5,0.01189861578750473
California,nominal_original,T060_P10_H1000_I0986_F1,T060_P10_H1000_I0986_CN060_F1,T060_P10_H1000_I0986_CN070_F1,60.0,70.0,36.0,42.0,-3.125,-3.125,-5.960503768891922,,-7.5,-7.0,-0.010053491547261754,-3.54480045758784,0.0,11.5,-0.042254047322540345
California,nominal_original,T060_P10_H1000_I0986_F1,T060_P10_H1000_I0986_CN070_F1,T060_P10_H1000_I0986_CN080_F1,70.0,80.0,42.0,48.0,-18.75,0.0,-14.06203719526088,,-26.0,-22.0,-0.011840856285855218,-1.237837933287409,0.0,7.0,0.009607225118196006
California,nominal_original,T060_P10_H1000_I0986_F1,T060_P10_H1000_I0986_CN080_F1,T060_P10_H1000_I0986_CN090_F1,80.0,90.0,48.0,54.0,-15.625,0.0,-4.150308299156984,,-23.5,-28.0,-0.009344180190977824,5.585955312357498,0.0,-6.5,0.04826235250737465
California,nominal_original,T060_P10_H1000_I0986_F1,T060_P10_H1000_I0986_CN090_F1,T060_P10_H1000_I0986_CN100_F1,90.0,100.0,54.0,60.0,-12.5,0.0,-4.8845242841953365,,-12.5,-21.0,-0.005528129121757621,2.941176470588232,0.0,-8.5,0.002694746376811663
California,nominal_original,T120_P03_H0500_I0600_F1,T120_P03_H0500_I0600_CN000_F1,T120_P03_H0500_I0600_CN010_F1,0.0,10.0,0.0,12.0,6.25,0.0,7.034540396129742,,166.5,166.0,0.10403181782221757,84.06862745098039,2.0,62.0,0.928030303030303
California,nominal_original,T120_P03_H0500_I0600_F1,T120_P03_H0500_I0600_CN010_F1,T120_P03_H0500_I0600_CN020_F1,10.0,20.0,12.0,24.0,-6.25,0.0,-3.3654312424603523,,-9.0,-6.0,-0.0495412252810869,-0.735294117647058,0.0,-5.0,-0.014473089099954706
California,nominal_original,T120_P03_H0500_I0600_F1,T120_P03_H0500_I0600_CN020_F1,T120_P03_H0500_I0600_CN030_F1,20.0,30.0,24.0,36.0,3.125,0.0,0.1556676209976624,,3.0,2.0,-0.02205924393938684,3.030303030303031,0.0,-3.0,-0.02470744867213237
California,nominal_original,T120_P03_H0500_I0600_F1,T120_P03_H0500_I0600_CN030_F1,T120_P03_H0500_I0600_CN040_F1,30.0,40.0,36.0,48.0,-3.125,0.0,-1.6224549802416117,,-3.0,-2.0,-0.015671376151392732,1.072261072261071,0.0,-5.5,-0.007351294310203649
California,nominal_original,T120_P03_H0500_I0600_F1,T120_P03_H0500_I0600_CN040_F1,T120_P03_H0500_I0600_CN050_F1,40.0,50.0,48.0,60.0,0.0,0.0,0.0020309310803536818,,0.0,0.0,-0.010226071422896346,0.0,0.0,-4.5,-0.0009184415794365464
California,nominal_original,T120_P03_H0500_I0600_F1,T120_P03_H0500_I0600_CN050_F1,T120_P03_H0500_I0600_CN060_F1,50.0,60.0,60.0,72.0,0.0,0.0,0.14622703778547308,,0.0,0.0,-0.00746811949162262,2.051282051282058,0.0,1.5,0.017634256345710142
California,nominal_original,T120_P03_H0500_I0600_F1,T120_P03_H0500_I0600_CN060_F1,T120_P03_H0500_I0600_CN070_F1,60.0,70.0,72.0,84.0,0.0,0.0,-0.0783085817287148,,0.0,0.0,-0.0056698050909650966,-0.512820512820511,0.0,-3.0,-0.019083850931677082
California,nominal_original,T120_P03_H0500_I0600_F1,T120_P03_H0500_I0600_CN070_F1,T120_P03_H0500_I0600_CN080_F1,70.0,80.0,84.0,96.0,0.0,0.0,-0.1625589276112578,,0.0,0.0,-0.004396881930545084,-0.7692307692307736,0.0,8.5,0.007841396203306816
California,nominal_original,T120_P03_H0500_I0600_F1,T120_P03_H0500_I0600_CN080_F1,T120_P03_H0500_I0600_CN090_F1,80.0,90.0,96.0,108.0,0.0,0.0,0.46412222270667325,,0.0,0.0,-0.0035833026538622872,0.7692307692307736,0.0,5.0,0.010441962117532677
California,nominal_original,T120_P03_H0500_I0600_F1,T120_P03_H0500_I0600_CN090_F1,T120_P03_H0500_I0600_CN100_F1,90.0,100.0,108.0,120.0,-3.125,0.0,-3.9677737576164884,,-37.5,-51.0,-0.00828192038821711,11.025641025641022,0.0,-20.5,0.007960960348228241
California,nominal_original,T120_P03_H0500_I0800_F1,T120_P03_H0500_I0800_CN000_F1,T120_P03_H0500_I0800_CN010_F1,0.0,10.0,0.0,12.0,50.0,6.25,15.644538824383115,,178.5,175.0,0.07566619594388706,100.0,2.0,-8.5,0.9487076648841355
California,nominal_original,T120_P03_H0500_I0800_F1,T120_P03_H0500_I0800_CN010_F1,T120_P03_H0500_I0800_CN020_F1,10.0,20.0,12.0,24.0,-9.375,0.0,-2.1283884913685966,0.0,4.0,2.0,-0.06488358553996271,0.0,0.0,8.5,-0.009369765340756508
California,nominal_original,T120_P03_H0500_I0800_F1,T120_P03_H0500_I0800_CN020_F1,T120_P03_H0500_I0800_CN030_F1,20.0,30.0,24.0,36.0,3.125,-6.25,-6.151664258285612,,-1.5,-1.0,-0.033016461955736986,-1.0845986984815568,0.0,-0.5,-0.009768007070260598
California,nominal_original,T120_P03_H0500_I0800_F1,T120_P03_H0500_I0800_CN030_F1,T120_P03_H0500_I0800_CN040_F1,30.0,40.0,36.0,48.0,-3.125,0.0,-2.2244020521563055,,-9.5,-6.0,-0.021033320292623246,-2.082822115998084,0.0,3.0,-0.0037316281733155154
California,nominal_original,T120_P03_H0500_I0800_F1,T120_P03_H0500_I0800_CN040_F1,T120_P03_H0500_I0800_CN050_F1,40.0,50.0,48.0,60.0,3.125,0.0,-0.7945076463448846,,-1.5,-2.0,-0.011576765476194469,-5.033034766385967,0.0,6.0,-0.006669017653776033
California,nominal_original,T120_P03_H0500_I0800_F1,T120_P03_H0500_I0800_CN050_F1,T120_P03_H0500_I0800_CN060_F1,50.0,60.0,60.0,72.0,0.0,0.0,-0.6218296395576175,,-6.5,-4.0,-0.008949278375004206,-3.301891836974761,0.0,12.5,0.017292741658066824
California,nominal_original,T120_P03_H0500_I0800_F1,T120_P03_H0500_I0800_CN060_F1,T120_P03_H0500_I0800_CN070_F1,60.0,70.0,72.0,84.0,-3.125,0.0,-1.9763951808894262,,-2.0,-1.0,-0.005928110873686332,-0.8199274636762226,0.0,17.0,-0.01564552406657671
California,nominal_original,T120_P03_H0500_I0800_F1,T120_P03_H0500_I0800_CN070_F1,T120_P03_H0500_I0800_CN080_F1,70.0,80.0,84.0,96.0,-3.125,0.0,-1.2906785307134836,,-9.0,-6.0,-0.005500048004827163,-1.0440617521467743,0.0,8.5,0.01393196343543912
California,nominal_original,T120_P03_H0500_I0800_F1,T120_P03_H0500_I0800_CN080_F1,T120_P03_H0500_I0800_CN090_F1,80.0,90.0,96.0,108.0,-9.375,0.0,-0.93689401822762,,-2.5,-4.0,-0.003550444056379172,-3.9268964490433973,0.0,1.5,-0.0010065976075965821
California,nominal_original,T120_P03_H0500_I0800_F1,T120_P03_H0500_I0800_CN090_F1,T120_P03_H0500_I0800_CN100_F1,90.0,100.0,108.0,120.0,-18.75,0.0,-6.723040972964859,,-42.0,-52.0,-0.0069392979169813525,17.293233082706763,0.0,-26.5,0.026325607314216626
California,nominal_original,T120_P03_H0500_I0986_F1,T120_P03_H0500_I0986_CN000_F1,T120_P03_H0500_I0986_CN010_F1,0.0,10.0,0.0,12.0,53.125,0.0,4.045414889413562,,98.5,121.0,0.0435217864582199,100.0,2.0,11.5,0.9573754789272031
California,nominal_original,T120_P03_H0500_I0986_F1,T120_P03_H0500_I0986_CN010_F1,T120_P03_H0500_I0986_CN020_F1,10.0,20.0,12.0,24.0,0.0,0.0,-1.0259554216782316,,10.0,10.0,-0.033218866994521465,0.0,0.0,16.0,-0.004186178515680483
California,nominal_original,T120_P03_H0500_I0986_F1,T120_P03_H0500_I0986_CN020_F1,T120_P03_H0500_I0986_CN030_F1,20.0,30.0,24.0,36.0,0.0,3.125,9.365389539905937,,33.0,25.0,-0.007510558015455193,0.0,0.0,14.0,-0.011189300411522662
California,nominal_original,T120_P03_H0500_I0986_F1,T120_P03_H0500_I0986_CN030_F1,T120_P03_H0500_I0986_CN040_F1,30.0,40.0,36.0,48.0,0.0,-3.125,-3.0022890388744035,,-1.0,-1.0,-0.013702159566068899,0.0,0.0,-7.5,-0.03953521126760551
California,nominal_original,T120_P03_H0500_I0986_F1,T120_P03_H0500_I0986_CN040_F1,T120_P03_H0500_I0986_CN050_F1,40.0,50.0,48.0,60.0,0.0,0.0,-1.0231435231435242,,0.0,0.0,-0.008419372771442273,0.0,0.0,-2.5,0.007779859585648419
California,nominal_original,T120_P03_H0500_I0986_F1,T120_P03_H0500_I0986_CN050_F1,T120_P03_H0500_I0986_CN060_F1,50.0,60.0,60.0,72.0,0.0,0.0,-1.5384615384615383,,-3.0,-2.0,-0.0065166720814914605,0.0,0.0,4.0,-0.004770792108892419
California,nominal_original,T120_P03_H0500_I0986_F1,T120_P03_H0500_I0986_CN060_F1,T120_P03_H0500_I0986_CN070_F1,60.0,70.0,72.0,84.0,0.0,0.0,-2.2300113679423994,,-4.0,-3.0,-0.004877929615135362,0.0,0.0,4.0,-0.0004206647197886326
California,nominal_original,T120_P03_H0500_I0986_F1,T120_P03_H0500_I0986_CN070_F1,T120_P03_H0500_I0986_CN080_F1,70.0,80.0,84.0,96.0,0.0,0.0,-1.3853732474422138,,-4.0,-4.0,-0.003736199915647734,-1.2903225806451672,0.0,-4.0,0.00044326241134751143
California,nominal_original,T120_P03_H0500_I0986_F1,T120_P03_H0500_I0986_CN080_F1,T120_P03_H0500_I0986_CN090_F1,80.0,90.0,96.0,108.0,0.0,0.0,-3.0154098774788425,,-13.5,-13.0,-0.004056532275248548,-0.4764618716516509,0.0,2.5,0.00486679396253864
California,nominal_original,T120_P03_H0500_I0986_F1,T120_P03_H0500_I0986_CN090_F1,T120_P03_H0500_I0986_CN100_F1,90.0,100.0,108.0,120.0,-40.625,0.0,-4.70220786120136,,-24.0,-37.0,-0.00428618231662666,1.7667844522968181,0.0,-2.0,0.01329746642246632
California,nominal_original,T120_P03_H0800_I0600_F1,T120_P03_H0800_I0600_CN000_F1,T120_P03_H0800_I0600_CN010_F1,0.0,10.0,0.0,12.0,0.0,0.0,3.23788197645531,,153.5,158.0,0.07609567228897338,80.36649214659685,2.0,62.5,0.9368131868131868
California,nominal_original,T120_P03_H0800_I0600_F1,T120_P03_H0800_I0600_CN010_F1,T120_P03_H0800_I0600_CN020_F1,10.0,20.0,12.0,24.0,3.125,0.0,1.956684184547484,,8.5,5.0,-0.019891332435365033,0.8365153722001395,0.0,-2.5,-0.023496193349134442
California,nominal_original,T120_P03_H0800_I0600_F1,T120_P03_H0800_I0600_CN020_F1,T120_P03_H0800_I0600_CN030_F1,20.0,30.0,24.0,36.0,-3.125,0.0,-2.5107396001922506,,-4.5,-3.0,-0.017372834383590566,-0.4337767495662206,0.0,8.0,0.0165247197575491
California,nominal_original,T120_P03_H0800_I0600_F1,T120_P03_H0800_I0600_CN030_F1,T120_P03_H0800_I0600_CN040_F1,30.0,40.0,36.0,48.0,0.0,0.0,-0.42288421512324526,,0.0,0.0,-0.010620531667970265,0.2564102564102484,0.0,3.5,-0.0011595426789656749
California,nominal_original,T120_P03_H0800_I0600_F1,T120_P03_H0800_I0600_CN040_F1,T120_P03_H0800_I0600_CN050_F1,40.0,50.0,48.0,60.0,0.0,0.0,-0.08097165991902777,,0.0,0.0,-0.007969056235623696,1.7948717948717956,0.0,5.0,0.004754043449133771
California,nominal_original,T120_P03_H0800_I0600_F1,T120_P03_H0800_I0600_CN050_F1,T120_P03_H0800_I0600_CN060_F1,50.0,60.0,60.0,72.0,0.0,0.0,0.19718413681261904,,0.0,0.0,-0.006157843137377286,-0.2564102564102484,0.0,-5.0,-0.008048617092544674
California,nominal_original,T120_P03_H0800_I0600_F1,T120_P03_H0800_I0600_CN060_F1,T120_P03_H0800_I0600_CN070_F1,60.0,70.0,72.0,84.0,0.0,0.0,0.12091881286927908,,0.0,0.0,-0.004840085820041855,3.589743589743591,0.0,16.5,-0.022210138865651707
California,nominal_original,T120_P03_H0800_I0600_F1,T120_P03_H0800_I0600_CN070_F1,T120_P03_H0800_I0600_CN080_F1,70.0,80.0,84.0,96.0,0.0,0.0,-0.15037593984962516,,0.0,0.0,-0.0038529859418111947,1.025641025641022,0.0,-12.0,0.007405364052316399
California,nominal_original,T120_P03_H0800_I0600_F1,T120_P03_H0800_I0600_CN080_F1,T120_P03_H0800_I0600_CN090_F1,80.0,90.0,96.0,108.0,0.0,0.0,0.35092670218126454,,0.0,0.0,-0.003248094380265163,1.538461538461533,0.0,-1.5,-0.0158037056200262
California,nominal_original,T120_P03_H0800_I0600_F1,T120_P03_H0800_I0600_CN090_F1,T120_P03_H0800_I0600_CN100_F1,90.0,100.0,108.0,120.0,-9.375,0.0,-4.30611039759304,,-37.5,-51.0,-0.008017740845384078,11.282051282051285,-1.0,-20.0,0.019661087096477514
California,nominal_original,T120_P03_H0800_I0800_F1,T120_P03_H0800_I0800_CN000_F1,T120_P03_H0800_I0800_CN010_F1,0.0,10.0,0.0,12.0,53.125,0.0,7.976136170899926,,154.5,159.0,0.059198964462549075,93.80530973451327,2.0,-9.0,0.9483435270132519
California,nominal_original,T120_P03_H0800_I0800_F1,T120_P03_H0800_I0800_CN010_F1,T120_P03_H0800_I0800_CN020_F1,10.0,20.0,12.0,24.0,-15.625,0.0,-1.6177817186072652,,7.0,5.0,-0.03906902858499839,4.907136617418061,0.0,-2.5,-0.019249114681845203
California,nominal_original,T120_P03_H0800_I0800_F1,T120_P03_H0800_I0800_CN020_F1,T120_P03_H0800_I0800_CN030_F1,20.0,30.0,24.0,36.0,-9.375,0.0,-5.763379856852467,,-5.0,-5.0,-0.02624710081803945,-5.291393720352389,0.0,9.0,-0.016148919668932837
California,nominal_original,T120_P03_H0800_I0800_F1,T120_P03_H0800_I0800_CN030_F1,T120_P03_H0800_I0800_CN040_F1,30.0,40.0,36.0,48.0,3.125,0.0,-0.5642818656733883,,0.0,0.0,-0.01521060903386276,-4.60526315789474,0.0,10.5,0.01794676322978206
California,nominal_original,T120_P03_H0800_I0800_F1,T120_P03_H0800_I0800_CN040_F1,T120_P03_H0800_I0800_CN050_F1,40.0,50.0,48.0,60.0,-3.125,0.0,-0.26916482009074727,,-2.0,-1.0,-0.010565684915433984,-5.629948765719604,0.0,9.5,0.0014678414313451515
California,nominal_original,T120_P03_H0800_I0800_F1,T120_P03_H0800_I0800_CN050_F1,T120_P03_H0800_I0800_CN060_F1,50.0,60.0,60.0,72.0,6.25,0.0,-0.14245014245014254,,0.0,0.0,-0.00737110958012651,-2.212389380530979,0.0,12.5,-0.0026077546194511747
California,nominal_original,T120_P03_H0800_I0800_F1,T120_P03_H0800_I0800_CN060_F1,T120_P03_H0800_I0800_CN070_F1,60.0,70.0,72.0,84.0,-9.375,0.0,-0.14245014245014254,,-2.0,-1.0,-0.005887690969911222,-2.8484513274336223,0.0,11.5,0.00042783747603025724
California,nominal_original,T120_P03_H0800_I0800_F1,T120_P03_H0800_I0800_CN070_F1,T120_P03_H0800_I0800_CN080_F1,70.0,80.0,84.0,96.0,-6.25,0.0,-0.20576131687242594,,-1.5,-1.0,-0.004580959490629845,-2.6193820224719104,0.0,11.0,0.010302053322357896
California,nominal_original,T120_P03_H0800_I0800_F1,T120_P03_H0800_I0800_CN080_F1,T120_P03_H0800_I0800_CN090_F1,80.0,90.0,96.0,108.0,-6.25,0.0,-2.095665072931345,,-15.5,-13.0,-0.005373070368029944,3.7214351625685254,0.0,-21.0,-0.007229028374332813
California,nominal_original,T120_P03_H0800_I0800_F1,T120_P03_H0800_I0800_CN090_F1,T120_P03_H0800_I0800_CN100_F1,90.0,100.0,108.0,120.0,-6.25,0.0,-7.896212493754026,,-49.5,-56.0,-0.007926226869097375,20.772946859903385,0.0,-34.0,0.0019162863972186361
California,nominal_original,T120_P03_H0800_I0986_F1,T120_P03_H0800_I0986_CN000_F1,T120_P03_H0800_I0986_CN010_F1,0.0,10.0,0.0,12.0,46.875,0.0,6.956516074172484,-7.298611111110944,143.0,155.0,0.06794485814390837,97.8319783197832,2.0,-3.5,0.9511744966442954
California,nominal_original,T120_P03_H0800_I0986_F1,T120_P03_H0800_I0986_CN010_F1,T120_P03_H0800_I0986_CN020_F1,10.0,20.0,12.0,24.0,0.0,0.0,7.12121228584488,-61.0,41.5,26.0,-0.018240429120840965,1.7255438041106004,0.0,29.5,-0.007888782358581148
California,nominal_original,T120_P03_H0800_I0986_F1,T120_P03_H0800_I0986_CN020_F1,T120_P03_H0800_I0986_CN030_F1,20.0,30.0,24.0,36.0,0.0,3.125,0.634404942397147,-46.395833333315394,-0.5,0.0,-0.024747064225519227,-0.0009811039381446562,0.0,-20.0,-0.017639361561799127
California,nominal_original,T120_P03_H0800_I0986_F1,T120_P03_H0800_I0986_CN030_F1,T120_P03_H0800_I0986_CN040_F1,30.0,40.0,36.0,48.0,0.0,-6.25,-4.918536448750871,43.39583333332848,-4.0,-3.0,-0.016303579329829468,-0.008008288578679412,0.0,10.0,0.0013353545931580335
California,nominal_original,T120_P03_H0800_I0986_F1,T120_P03_H0800_I0986_CN040_F1,T120_P03_H0800_I0986_CN050_F1,40.0,50.0,48.0,60.0,0.0,0.0,-3.3774250440917193,3.9999999999932,-2.0,-2.0,-0.010395197937964375,-0.004113596980630518,0.0,-6.0,-0.008231707317073234
California,nominal_original,T120_P03_H0800_I0986_F1,T120_P03_H0800_I0986_CN050_F1,T120_P03_H0800_I0986_CN060_F1,50.0,60.0,60.0,72.0,0.0,-3.125,-5.033660691913756,,-2.0,-1.0,-0.007495586585519021,-0.4639593642814077,0.0,4.5,-0.0024187306501546324
California,nominal_original,T120_P03_H0800_I0986_F1,T120_P03_H0800_I0986_CN060_F1,T120_P03_H0800_I0986_CN070_F1,60.0,70.0,72.0,84.0,0.0,0.0,-4.1667281530829285,,-7.5,-7.0,-0.006499097322307017,-0.03284072249589087,0.0,0.5,0.0026426720182328722
California,nominal_original,T120_P03_H0800_I0986_F1,T120_P03_H0800_I0986_CN070_F1,T120_P03_H0800_I0986_CN080_F1,70.0,80.0,84.0,96.0,0.0,3.125,-0.3606630521236909,,-7.5,-7.0,-0.0050839009206027005,-0.03527336860670971,0.0,7.5,-0.004924603221267088
California,nominal_original,T120_P03_H0800_I0986_F1,T120_P03_H0800_I0986_CN080_F1,T120_P03_H0800_I0986_CN090_F1,80.0,90.0,96.0,108.0,-3.125,-3.125,-8.082034436467517,,-14.5,-15.0,-0.004913920185037283,-1.4059627002889385,0.0,-5.0,-0.010237968637767159
California,nominal_original,T120_P03_H0800_I0986_F1,T120_P03_H0800_I0986_CN090_F1,T120_P03_H0800_I0986_CN100_F1,90.0,100.0,108.0,120.0,-43.75,0.0,-8.289325782773009,,-30.5,-41.0,-0.005618109650478549,2.3936170212765973,0.0,5.0,0.006304495018585321
California,nominal_original,T120_P03_H1000_I0600_F1,T120_P03_H1000_I0600_CN000_F1,T120_P03_H1000_I0600_CN010_F1,0.0,10.0,0.0,12.0,3.125,0.0,7.651464764617717,,162.5,164.0,0.07197404037717323,81.25,2.0,75.5,0.9231800766283524
California,nominal_original,T120_P03_H1000_I0600_F1,T120_P03_H1000_I0600_CN010_F1,T120_P03_H1000_I0600_CN020_F1,10.0,20.0,12.0,24.0,0.0,0.0,-3.280709213509965,,-2.0,-2.0,-0.019085665171666127,-0.18939393939393767,0.0,-12.5,-0.042368110816386695
California,nominal_original,T120_P03_H1000_I0600_F1,T120_P03_H1000_I0600_CN020_F1,T120_P03_H1000_I0600_CN030_F1,20.0,30.0,24.0,36.0,0.0,0.0,1.6847547045993974,,4.5,3.0,-0.011111784953123288,1.1616161616161662,0.0,4.0,0.014171027385313284
California,nominal_original,T120_P03_H1000_I0600_F1,T120_P03_H1000_I0600_CN030_F1,T120_P03_H1000_I0600_CN040_F1,30.0,40.0,36.0,48.0,-3.125,0.0,-2.8463059080342568,,-7.5,-5.0,-0.01131474993824027,-0.6837606837606955,0.0,11.0,-0.0036307919394173993
California,nominal_original,T120_P03_H1000_I0600_F1,T120_P03_H1000_I0600_CN040_F1,T120_P03_H1000_I0600_CN050_F1,40.0,50.0,48.0,60.0,0.0,0.0,-0.5448564240254008,,0.0,0.0,-0.006951561019089607,0.5128205128205252,0.0,-7.5,0.025889178052483253
California,nominal_original,T120_P03_H1000_I0600_F1,T120_P03_H1000_I0600_CN050_F1,T120_P03_H1000_I0600_CN060_F1,50.0,60.0,60.0,72.0,0.0,0.0,0.20548940821320016,,0.0,0.0,-0.005440494198090229,1.538461538461533,0.0,3.0,-0.01386836343732889
California,nominal_original,T120_P03_H1000_I0600_F1,T120_P03_H1000_I0600_CN060_F1,T120_P03_H1000_I0600_CN070_F1,60.0,70.0,72.0,84.0,0.0,0.0,0.01670721946819409,,0.0,0.0,-0.004390428739051246,0.0,0.0,3.5,0.02131642512077292
California,nominal_original,T120_P03_H1000_I0600_F1,T120_P03_H1000_I0600_CN070_F1,T120_P03_H1000_I0600_CN080_F1,70.0,80.0,84.0,96.0,0.0,0.0,0.1607164765059501,,0.0,0.0,-0.0035707921859838287,2.564102564102569,0.0,-8.0,-0.025772303517329398
California,nominal_original,T120_P03_H1000_I0600_F1,T120_P03_H1000_I0600_CN080_F1,T120_P03_H1000_I0600_CN090_F1,80.0,90.0,96.0,108.0,0.0,0.0,-0.08097165991902866,,0.0,0.0,-0.0030441320363758795,2.3076923076923066,0.0,2.0,0.011053960789436434
California,nominal_original,T120_P03_H1000_I0600_F1,T120_P03_H1000_I0600_CN090_F1,T120_P03_H1000_I0600_CN100_F1,90.0,100.0,108.0,120.0,-9.375,0.0,-4.403559859280618,,-37.5,-51.0,-0.00788813866391255,11.538461538461533,0.0,-22.5,0.012115148820351251
California,nominal_original,T120_P03_H1000_I0800_F1,T120_P03_H1000_I0800_CN000_F1,T120_P03_H1000_I0800_CN010_F1,0.0,10.0,0.0,12.0,43.75,6.25,11.098016466890734,,159.5,163.0,0.06296752405242412,96.12068965517241,2.0,-9.0,0.9277200791295748
California,nominal_original,T120_P03_H1000_I0800_F1,T120_P03_H1000_I0800_CN010_F1,T120_P03_H1000_I0800_CN020_F1,10.0,20.0,12.0,24.0,-18.75,-6.25,-9.019324454987078,,-2.0,-3.0,-0.03320841614798088,1.92278860569715,0.0,2.0,-0.0061648612977611705
California,nominal_original,T120_P03_H1000_I0800_F1,T120_P03_H1000_I0800_CN020_F1,T120_P03_H1000_I0800_CN030_F1,20.0,30.0,24.0,36.0,-3.125,0.0,-1.1517624599741048,,0.0,0.0,-0.020018065840911217,-5.434782608695656,0.0,19.0,-0.005031735586681796
California,nominal_original,T120_P03_H1000_I0800_F1,T120_P03_H1000_I0800_CN030_F1,T120_P03_H1000_I0800_CN040_F1,30.0,40.0,36.0,48.0,3.125,0.0,-0.9449192782526126,,-3.0,-2.0,-0.014164170030807034,-9.348783757900776,0.0,17.5,-0.010323482245131688
California,nominal_original,T120_P03_H1000_I0800_F1,T120_P03_H1000_I0800_CN040_F1,T120_P03_H1000_I0800_CN050_F1,40.0,50.0,48.0,60.0,0.0,0.0,0.4330484330484339,,0.0,0.0,-0.009099041851158951,-3.524229074889874,0.0,7.5,0.018658156028368733
California,nominal_original,T120_P03_H1000_I0800_F1,T120_P03_H1000_I0800_CN050_F1,T120_P03_H1000_I0800_CN060_F1,50.0,60.0,60.0,72.0,-3.125,0.0,-0.4510921177587832,,-2.0,-1.0,-0.007295147552870973,0.04209495839451449,0.0,1.0,0.00829322679550315
California,nominal_original,T120_P03_H1000_I0800_F1,T120_P03_H1000_I0800_CN060_F1,T120_P03_H1000_I0800_CN070_F1,60.0,70.0,72.0,84.0,6.25,0.0,0.4826577743244389,,0.0,0.0,-0.005265279342819881,-4.444444444444443,0.0,17.0,-0.031057365729854958
California,nominal_original,T120_P03_H1000_I0800_F1,T120_P03_H1000_I0800_CN070_F1,T120_P03_H1000_I0800_CN080_F1,70.0,80.0,84.0,96.0,-6.25,0.0,-1.5859582501739364,,-5.5,-4.0,-0.005000835987301576,1.2042520880789738,0.0,-3.0,0.006765632028790103
California,nominal_original,T120_P03_H1000_I0800_F1,T120_P03_H1000_I0800_CN080_F1,T120_P03_H1000_I0800_CN090_F1,80.0,90.0,96.0,108.0,-6.25,0.0,-2.969954241827435,,-22.5,-19.0,-0.006145875573710394,5.442110010059778,0.0,-22.0,-0.0008790494755408496
California,nominal_original,T120_P03_H1000_I0800_F1,T120_P03_H1000_I0800_CN090_F1,T120_P03_H1000_I0800_CN100_F1,90.0,100.0,108.0,120.0,-3.125,0.0,-6.778877786640944,,-39.5,-48.0,-0.006775302819579936,18.02030456852792,0.0,-34.5,0.0024942606879292395
California,nominal_original,T120_P03_H1000_I0986_F1,T120_P03_H1000_I0986_CN000_F1,T120_P03_H1000_I0986_CN010_F1,0.0,10.0,0.0,12.0,46.875,3.125,13.242328227306892,,174.5,176.0,0.0825992304379481,98.6046511627907,2.0,6.0,0.9379574678536102
California,nominal_original,T120_P03_H1000_I0986_F1,T120_P03_H1000_I0986_CN010_F1,T120_P03_H1000_I0986_CN020_F1,10.0,20.0,12.0,24.0,-3.125,6.25,2.8858969477410312,0.0,8.0,4.0,-0.02866349976003546,0.0500573573886669,0.0,5.0,-0.011111014986749268
California,nominal_original,T120_P03_H1000_I0986_F1,T120_P03_H1000_I0986_CN020_F1,T120_P03_H1000_I0986_CN030_F1,20.0,30.0,24.0,36.0,3.125,-3.125,-3.658647803809103,-57.29861111110901,-3.5,-2.0,-0.021370200103608752,0.6619201814151694,0.0,3.5,0.0059043070115585294
California,nominal_original,T120_P03_H1000_I0986_F1,T120_P03_H1000_I0986_CN030_F1,T120_P03_H1000_I0986_CN040_F1,30.0,40.0,36.0,48.0,0.0,-6.25,-1.7036168959245899,,1.0,0.0,-0.012897563472728545,0.2298565591764401,0.0,-0.5,-0.029286904456732765
California,nominal_original,T120_P03_H1000_I0986_F1,T120_P03_H1000_I0986_CN040_F1,T120_P03_H1000_I0986_CN050_F1,40.0,50.0,48.0,60.0,-3.125,0.0,-1.9702464615615938,,-2.5,-2.0,-0.009649511848032727,-0.9226320497618019,0.0,-3.0,-0.010545937503768865
California,nominal_original,T120_P03_H1000_I0986_F1,T120_P03_H1000_I0986_CN050_F1,T120_P03_H1000_I0986_CN060_F1,50.0,60.0,60.0,72.0,0.0,0.0,-3.2363062449911126,,-3.0,-2.0,-0.00703863722089533,0.911030509921062,0.0,3.5,-0.00047000125125107317
California,nominal_original,T120_P03_H1000_I0986_F1,T120_P03_H1000_I0986_CN060_F1,T120_P03_H1000_I0986_CN070_F1,60.0,70.0,72.0,84.0,0.0,0.0,-8.022980242367446,,-13.0,-12.0,-0.007039518363973402,-0.7725074833064696,0.0,15.5,-0.017194431242078645
California,nominal_original,T120_P03_H1000_I0986_F1,T120_P03_H1000_I0986_CN070_F1,T120_P03_H1000_I0986_CN080_F1,70.0,80.0,84.0,96.0,3.125,0.0,-3.159528505682351,,-4.5,-4.0,-0.004399294523862365,-2.3066800350921284,0.0,1.0,-0.005213802884905583
California,nominal_original,T120_P03_H1000_I0986_F1,T120_P03_H1000_I0986_CN080_F1,T120_P03_H1000_I0986_CN090_F1,80.0,90.0,96.0,108.0,-9.375,0.0,-5.229539405182353,,-17.0,-18.0,-0.005112653011279077,1.6052456257232137,0.0,4.0,0.020912698412698383
California,nominal_original,T120_P03_H1000_I0986_F1,T120_P03_H1000_I0986_CN090_F1,T120_P03_H1000_I0986_CN100_F1,90.0,100.0,108.0,120.0,-37.5,0.0,-5.1364871448030085,,-23.0,-34.0,-0.004745360819501675,1.9390581717451454,0.0,-4.0,0.016702657807309063
California,nominal_original,T120_P05_H0500_I0600_F1,T120_P05_H0500_I0600_CN000_F1,T120_P05_H0500_I0600_CN010_F1,0.0,10.0,0.0,12.0,3.125,0.0,3.5718150502265154,,155.0,160.0,0.059279071595509644,64.74226804123711,2.0,67.5,0.8989047619047619
California,nominal_original,T120_P05_H0500_I0600_F1,T120_P05_H0500_I0600_CN010_F1,T120_P05_H0500_I0600_CN020_F1,10.0,20.0,12.0,24.0,-3.125,0.0,1.4119185462342259,,7.5,4.0,-0.049956759237928985,3.457731958762892,0.0,-10.5,-0.02540555179417736
California,nominal_original,T120_P05_H0500_I0600_F1,T120_P05_H0500_I0600_CN020_F1,T120_P05_H0500_I0600_CN030_F1,20.0,30.0,24.0,36.0,12.5,0.0,-4.26273184112647,,-8.0,-6.0,-0.02935887083519008,5.560330578512392,0.0,-14.0,-0.015614307270524597
California,nominal_original,T120_P05_H0500_I0600_F1,T120_P05_H0500_I0600_CN030_F1,T120_P05_H0500_I0600_CN040_F1,30.0,40.0,36.0,48.0,-3.125,0.0,-0.44023746398939956,,-2.0,-1.0,-0.018506919713170145,2.9063360881542764,0.0,-9.0,0.015146039494679853
California,nominal_original,T120_P05_H0500_I0600_F1,T120_P05_H0500_I0600_CN040_F1,T120_P05_H0500_I0600_CN050_F1,40.0,50.0,48.0,60.0,3.125,0.0,-0.18151925151731696,,0.0,0.0,-0.013993108704953815,-0.8333333333333428,0.0,14.5,-0.00708542951422686
California,nominal_original,T120_P05_H0500_I0600_F1,T120_P05_H0500_I0600_CN050_F1,T120_P05_H0500_I0600_CN060_F1,50.0,60.0,60.0,72.0,-3.125,0.0,-0.29593706547955634,,0.0,0.0,-0.006424482358971209,-1.0416666666666572,0.0,1.0,-0.02168984939009211
California,nominal_original,T120_P05_H0500_I0600_F1,T120_P05_H0500_I0600_CN060_F1,T120_P05_H0500_I0600_CN070_F1,60.0,70.0,72.0,84.0,3.125,0.0,-2.819762694687416,,-11.0,-8.0,-0.008245085349636548,6.649381368267825,0.0,-8.0,-0.001755663430420773
California,nominal_original,T120_P05_H0500_I0600_F1,T120_P05_H0500_I0600_CN070_F1,T120_P05_H0500_I0600_CN080_F1,70.0,80.0,84.0,96.0,-3.125,0.0,0.31107631463541807,,-3.0,-3.0,-0.005524530712253083,-2.0162692738725525,0.0,0.5,0.0010664939550950603
California,nominal_original,T120_P05_H0500_I0600_F1,T120_P05_H0500_I0600_CN080_F1,T120_P05_H0500_I0600_CN090_F1,80.0,90.0,96.0,108.0,-3.125,0.0,-2.367477351708043,,-20.5,-20.0,-0.0063321607446182385,4.273518075921018,0.0,-18.5,0.023056081000813133
California,nominal_original,T120_P05_H0500_I0600_F1,T120_P05_H0500_I0600_CN090_F1,T120_P05_H0500_I0600_CN100_F1,90.0,100.0,108.0,120.0,-12.5,0.0,-6.963989646074229,,-48.0,-57.0,-0.008509614144362722,16.301703163017038,0.0,-24.5,0.03818963161686173
California,nominal_original,T120_P05_H0500_I0800_F1,T120_P05_H0500_I0800_CN000_F1,T120_P05_H0500_I0800_CN010_F1,0.0,10.0,0.0,12.0,71.875,0.0,11.830912264808784,,198.0,195.0,0.07342627729739398,96.60297239915074,2.0,22.0,0.9583333333333333
California,nominal_original,T120_P05_H0500_I0800_F1,T120_P05_H0500_I0800_CN010_F1,T120_P05_H0500_I0800_CN020_F1,10.0,20.0,12.0,24.0,-12.5,0.0,3.2726439934948317,,10.5,7.0,-0.06138911461209748,3.397027600849256,0.0,-7.5,-0.025214776632302316
California,nominal_original,T120_P05_H0500_I0800_F1,T120_P05_H0500_I0800_CN020_F1,T120_P05_H0500_I0800_CN030_F1,20.0,30.0,24.0,36.0,34.375,0.0,1.5607425552415926,,2.0,1.0,-0.027702873895161184,0.0,0.0,-6.0,-0.002589904562209311
California,nominal_original,T120_P05_H0500_I0800_F1,T120_P05_H0500_I0800_CN030_F1,T120_P05_H0500_I0800_CN040_F1,30.0,40.0,36.0,48.0,0.0,0.0,-1.664318845253721,,-1.5,-1.0,-0.015491267615870462,0.0,0.0,5.0,-0.03690120115842954
California,nominal_original,T120_P05_H0500_I0800_F1,T120_P05_H0500_I0800_CN040_F1,T120_P05_H0500_I0800_CN050_F1,40.0,50.0,48.0,60.0,0.0,0.0,-0.1471707869740868,,1.5,1.0,-0.010165229211838711,0.0,0.0,0.0,0.010814173385090164
California,nominal_original,T120_P05_H0500_I0800_F1,T120_P05_H0500_I0800_CN050_F1,T120_P05_H0500_I0800_CN060_F1,50.0,60.0,60.0,72.0,0.0,0.0,-0.7396261666558495,,-5.0,-3.0,-0.006835808748359002,0.0,0.0,-2.0,0.005266279414586572
California,nominal_original,T120_P05_H0500_I0800_F1,T120_P05_H0500_I0800_CN060_F1,T120_P05_H0500_I0800_CN070_F1,60.0,70.0,72.0,84.0,3.125,0.0,-2.0680733211726725,,-8.5,-7.0,-0.005768517859006159,-0.8528784648187582,0.0,8.5,-0.0210073388083174
California,nominal_original,T120_P05_H0500_I0800_F1,T120_P05_H0500_I0800_CN070_F1,T120_P05_H0500_I0800_CN080_F1,70.0,80.0,84.0,96.0,0.0,0.0,-0.22454942787138066,,1.0,0.0,-0.003375824850883974,0.2159357896595253,0.0,-14.5,0.0006284393572528746
California,nominal_original,T120_P05_H0500_I0800_F1,T120_P05_H0500_I0800_CN080_F1,T120_P05_H0500_I0800_CN090_F1,80.0,90.0,96.0,108.0,-15.625,0.0,-7.017821916062463,,-34.5,-28.0,-0.005361515223306301,-1.601863294990025,0.0,15.5,0.0063727500569605855
California,nominal_original,T120_P05_H0500_I0800_F1,T120_P05_H0500_I0800_CN090_F1,T120_P05_H0500_I0800_CN100_F1,90.0,100.0,108.0,120.0,-28.125,0.0,-6.55046904040519,,-43.5,-56.0,-0.004827576212992761,2.238805970149258,0.0,-11.0,0.05232854864433811
California,nominal_original,T120_P05_H0500_I0986_F1,T120_P05_H0500_I0986_CN000_F1,T120_P05_H0500_I0986_CN010_F1,0.0,10.0,0.0,12.0,75.0,0.0,8.680618044553118,,133.0,153.0,0.027500757743747786,97.66763848396502,2.0,-6.5,0.951099537037037
California,nominal_original,T120_P05_H0500_I0986_F1,T120_P05_H0500_I0986_CN010_F1,T120_P05_H0500_I0986_CN020_F1,10.0,20.0,12.0,24.0,-3.125,0.0,-1.4710188320998565,,23.5,15.0,-0.039719898155376965,2.332361516034979,0.0,3.5,-0.04386338238708909
California,nominal_original,T120_P05_H0500_I0986_F1,T120_P05_H0500_I0986_CN020_F1,T120_P05_H0500_I0986_CN030_F1,20.0,30.0,24.0,36.0,3.125,0.0,0.81501158248434,,-11.5,-7.0,-0.026007440469839244,0.0,0.0,-2.0,-0.01762504353883676
California,nominal_original,T120_P05_H0500_I0986_F1,T120_P05_H0500_I0986_CN030_F1,T120_P05_H0500_I0986_CN040_F1,30.0,40.0,36.0,48.0,-3.125,0.0,-1.1443938712799557,,13.5,8.0,-0.009596608240730733,0.0,0.0,7.5,-0.030690170940171013
California,nominal_original,T120_P05_H0500_I0986_F1,T120_P05_H0500_I0986_CN040_F1,T120_P05_H0500_I0986_CN050_F1,40.0,50.0,48.0,60.0,-3.125,0.0,-1.0537310385385048,,-17.5,-13.0,-0.010676612468193455,0.0,0.0,-3.0,0.020319342514572236
California,nominal_original,T120_P05_H0500_I0986_F1,T120_P05_H0500_I0986_CN050_F1,T120_P05_H0500_I0986_CN060_F1,50.0,60.0,60.0,72.0,3.125,0.0,0.5922358490500539,,22.0,15.0,-0.0020431901606657726,0.0,0.0,9.0,-0.006829279449266368
California,nominal_original,T120_P05_H0500_I0986_F1,T120_P05_H0500_I0986_CN060_F1,T120_P05_H0500_I0986_CN070_F1,60.0,70.0,72.0,84.0,-3.125,0.0,-1.25244406946298,,-27.5,-20.0,-0.006724332965647343,0.0,0.0,-7.5,-0.02578770707763378
California,nominal_original,T120_P05_H0500_I0986_F1,T120_P05_H0500_I0986_CN070_F1,T120_P05_H0500_I0986_CN080_F1,70.0,80.0,84.0,96.0,-3.125,0.0,-1.9874593398703162,,11.5,6.0,-0.0016401396053506746,0.0,0.0,5.5,0.024877296961198114
California,nominal_original,T120_P05_H0500_I0986_F1,T120_P05_H0500_I0986_CN080_F1,T120_P05_H0500_I0986_CN090_F1,80.0,90.0,96.0,108.0,-3.125,0.0,-0.511575610634404,,1.0,-1.0,-0.0020912818611915733,-2.144772117962461,0.0,7.0,0.0015787129520608012
California,nominal_original,T120_P05_H0500_I0986_F1,T120_P05_H0500_I0986_CN090_F1,T120_P05_H0500_I0986_CN100_F1,90.0,100.0,108.0,120.0,-25.0,0.0,-6.112867999393101,,-40.5,-54.0,-0.004353851008494138,2.144772117962461,0.0,-2.0,0.04983736059479549
California,nominal_original,T120_P05_H0800_I0600_F1,T120_P05_H0800_I0600_CN000_F1,T120_P05_H0800_I0600_CN010_F1,0.0,10.0,0.0,12.0,0.0,0.0,3.328926163220313,0.0,151.5,157.0,0.05716262171631116,62.09016393442623,2.0,61.5,0.9094444444444445
California,nominal_original,T120_P05_H0800_I0600_F1,T120_P05_H0800_I0600_CN010_F1,T120_P05_H0800_I0600_CN020_F1,10.0,20.0,12.0,24.0,0.0,-3.125,-2.226944506625003,,5.0,2.0,-0.029580108091103688,2.3676673908749706,0.0,6.5,-0.0314312617702448
California,nominal_original,T120_P05_H0800_I0600_F1,T120_P05_H0800_I0600_CN020_F1,T120_P05_H0800_I0600_CN030_F1,20.0,30.0,24.0,36.0,9.375,0.0,-0.026321836526719267,,0.0,0.0,-0.01785016735910143,1.2048192771084416,0.0,19.0,0.01641127775745499
California,nominal_original,T120_P05_H0800_I0600_F1,T120_P05_H0800_I0600_CN030_F1,T120_P05_H0800_I0600_CN040_F1,30.0,40.0,36.0,48.0,0.0,0.0,-0.23607201961713997,,0.0,0.0,-0.01394967285157861,2.409638554216869,0.0,-12.5,0.02681537696671943
California,nominal_original,T120_P05_H0800_I0600_F1,T120_P05_H0800_I0600_CN040_F1,T120_P05_H0800_I0600_CN050_F1,40.0,50.0,48.0,60.0,0.0,0.0,-1.7924381174129138,,-4.5,-3.0,-0.012575779830906048,2.275359105132182,0.0,-10.5,-0.006467110125646824
California,nominal_original,T120_P05_H0800_I0600_F1,T120_P05_H0800_I0600_CN050_F1,T120_P05_H0800_I0600_CN060_F1,50.0,60.0,60.0,72.0,9.375,0.0,-0.8406712724474055,,-1.5,-1.0,-0.005769558407382747,1.668812643591096,0.0,0.5,-0.02504404510218472
California,nominal_original,T120_P05_H0800_I0600_F1,T120_P05_H0800_I0600_CN060_F1,T120_P05_H0800_I0600_CN070_F1,60.0,70.0,72.0,84.0,-9.375,0.0,-0.44781345898175395,,0.0,0.0,-0.005565876104293009,-0.20576131687242594,0.0,-1.0,0.007110398289227549
California,nominal_original,T120_P05_H0800_I0600_F1,T120_P05_H0800_I0600_CN070_F1,T120_P05_H0800_I0600_CN080_F1,70.0,80.0,84.0,96.0,0.0,0.0,-3.3952565161446753,,-13.5,-10.0,-0.006802905606292063,4.442023723069482,0.0,-13.0,-0.00979669124975091
California,nominal_original,T120_P05_H0800_I0600_F1,T120_P05_H0800_I0600_CN080_F1,T120_P05_H0800_I0600_CN090_F1,80.0,90.0,96.0,108.0,0.0,0.0,-5.717738775987661,,-33.5,-29.0,-0.007757719493820661,13.288093014983772,0.0,-27.5,0.0002764513696908999
California,nominal_original,T120_P05_H0800_I0600_F1,T120_P05_H0800_I0600_CN090_F1,T120_P05_H0800_I0600_CN100_F1,90.0,100.0,108.0,120.0,-15.625,0.0,-4.5162763314078935,,-38.5,-51.0,-0.0070774909496599155,10.459183673469383,0.0,-23.0,0.02268115942028981
California,nominal_original,T120_P05_H0800_I0800_F1,T120_P05_H0800_I0800_CN000_F1,T120_P05_H0800_I0800_CN010_F1,0.0,10.0,0.0,12.0,71.875,0.0,8.022364891288316,,181.5,180.0,0.06779313643986803,91.34199134199135,2.0,4.0,0.9343896713615023
California,nominal_original,T120_P05_H0800_I0800_F1,T120_P05_H0800_I0800_CN010_F1,T120_P05_H0800_I0800_CN020_F1,10.0,20.0,12.0,24.0,-3.125,0.0,4.322419779200686,,15.0,10.0,-0.04000805705622197,8.658008658008654,0.0,0.5,-0.004485157472613466
California,nominal_original,T120_P05_H0800_I0800_F1,T120_P05_H0800_I0800_CN020_F1,T120_P05_H0800_I0800_CN030_F1,20.0,30.0,24.0,36.0,15.625,0.0,-0.10559583132177863,,-0.5,-1.0,-0.02325654700416456,0.0,0.0,-4.5,-0.0026336298661799873
California,nominal_original,T120_P05_H0800_I0800_F1,T120_P05_H0800_I0800_CN030_F1,T120_P05_H0800_I0800_CN040_F1,30.0,40.0,36.0,48.0,-3.125,0.0,0.45161310260229826,,4.5,3.0,-0.012528685035524886,0.0,0.0,10.0,0.0009662113403707817
California,nominal_original,T120_P05_H0800_I0800_F1,T120_P05_H0800_I0800_CN040_F1,T120_P05_H0800_I0800_CN050_F1,40.0,50.0,48.0,60.0,6.25,0.0,-1.60427956300504,,-5.0,-3.0,-0.010649111257622364,-0.20408163265305745,0.0,-15.5,-0.023966780271869048
California,nominal_original,T120_P05_H0800_I0800_F1,T120_P05_H0800_I0800_CN050_F1,T120_P05_H0800_I0800_CN060_F1,50.0,60.0,60.0,72.0,6.25,0.0,-1.3996226715357807,,-2.0,-1.0,-0.00610032264096157,-0.6189636348366605,0.0,15.5,-0.014193112548067877
California,nominal_original,T120_P05_H0800_I0800_F1,T120_P05_H0800_I0800_CN060_F1,T120_P05_H0800_I0800_CN070_F1,60.0,70.0,72.0,84.0,0.0,0.0,-0.9165987510118612,,-5.5,-5.0,-0.005402498626064983,-0.22958631145765196,0.0,-4.5,-0.0053968372463391034
California,nominal_original,T120_P05_H0800_I0800_F1,T120_P05_H0800_I0800_CN070_F1,T120_P05_H0800_I0800_CN080_F1,70.0,80.0,84.0,96.0,-3.125,0.0,-2.6995614204916514,,-15.0,-12.0,-0.004910283531893451,-1.1945594322885853,0.0,3.5,-0.006479145784608509
California,nominal_original,T120_P05_H0800_I0800_F1,T120_P05_H0800_I0800_CN080_F1,T120_P05_H0800_I0800_CN090_F1,80.0,90.0,96.0,108.0,-15.625,0.0,-4.683064650438816,,-21.5,-18.0,-0.004322971497185132,-1.9816647101570766,0.0,8.0,0.011049090277148288
California,nominal_original,T120_P05_H0800_I0800_F1,T120_P05_H0800_I0800_CN090_F1,T120_P05_H0800_I0800_CN100_F1,90.0,100.0,108.0,120.0,-21.875,0.0,-6.46082581367835,,-43.5,-56.0,-0.005049874304043056,4.228855721393032,0.0,-5.5,0.040067479502539305
California,nominal_original,T120_P05_H0800_I0986_F1,T120_P05_H0800_I0986_CN000_F1,T120_P05_H0800_I0986_CN010_F1,0.0,10.0,0.0,12.0,40.625,6.25,16.47123134849694,,183.0,181.0,0.06857007781920778,100.0,2.0,9.5,0.9429933665008292
California,nominal_original,T120_P05_H0800_I0986_F1,T120_P05_H0800_I0986_CN010_F1,T120_P05_H0800_I0986_CN020_F1,10.0,20.0,12.0,24.0,6.25,-6.25,-2.321500492172156,,7.5,5.0,-0.043360114180740844,-0.4166666666666714,0.0,-16.0,-0.018686113037096552
California,nominal_original,T120_P05_H0800_I0986_F1,T120_P05_H0800_I0986_CN020_F1,T120_P05_H0800_I0986_CN030_F1,20.0,30.0,24.0,36.0,0.0,3.125,0.8877805292121899,,-1.0,-1.0,-0.023655038898020786,0.4166666666666714,0.0,18.0,-0.012508573595745753
California,nominal_original,T120_P05_H0800_I0986_F1,T120_P05_H0800_I0986_CN030_F1,T120_P05_H0800_I0986_CN040_F1,30.0,40.0,36.0,48.0,-6.25,0.0,-1.4262507206055623,0.0,-9.5,-7.0,-0.015857863601347763,0.0,0.0,-18.5,0.0038050616286118277
California,nominal_original,T120_P05_H0800_I0986_F1,T120_P05_H0800_I0986_CN040_F1,T120_P05_H0800_I0986_CN050_F1,40.0,50.0,48.0,60.0,-3.125,-3.125,-6.344086021505376,,-3.0,-2.0,-0.009245762884440033,0.0,0.0,9.5,-0.0220268551546694
California,nominal_original,T120_P05_H0800_I0986_F1,T120_P05_H0800_I0986_CN050_F1,T120_P05_H0800_I0986_CN060_F1,50.0,60.0,60.0,72.0,-3.125,0.0,-1.5405692595625844,,-3.5,-3.0,-0.006133769643352188,-0.8968609865470825,0.0,-8.0,0.010054398574271817
California,nominal_original,T120_P05_H0800_I0986_F1,T120_P05_H0800_I0986_CN060_F1,T120_P05_H0800_I0986_CN070_F1,60.0,70.0,72.0,84.0,0.0,0.0,-1.6710044991468802,,-7.5,-6.0,-0.0050640895743226146,-0.49525038236242835,0.0,6.0,-0.024804497403613013
California,nominal_original,T120_P05_H0800_I0986_F1,T120_P05_H0800_I0986_CN070_F1,T120_P05_H0800_I0986_CN080_F1,70.0,80.0,84.0,96.0,-3.125,0.0,-1.6078899317219673,,-4.5,-5.0,-0.0036490842577706906,-1.9254241761141913,0.0,-5.0,0.015450320921146732
California,nominal_original,T120_P05_H0800_I0986_F1,T120_P05_H0800_I0986_CN080_F1,T120_P05_H0800_I0986_CN090_F1,80.0,90.0,96.0,108.0,-18.75,0.0,-3.160231793296309,,-17.5,-16.0,-0.0038601919456537105,-3.9176065738393504,0.0,16.0,0.00311282867318341
California,nominal_original,T120_P05_H0800_I0986_F1,T120_P05_H0800_I0986_CN090_F1,T120_P05_H0800_I0986_CN100_F1,90.0,100.0,108.0,120.0,-34.375,0.0,-5.959305076371425,,-36.0,-49.0,-0.004294248781175762,7.2351421188630525,0.0,-14.0,0.03447280799112096
California,nominal_original,T120_P05_H1000_I0600_F1,T120_P05_H1000_I0600_CN000_F1,T120_P05_H1000_I0600_CN010_F1,0.0,10.0,0.0,12.0,0.0,0.0,2.8345475738625616,,151.5,157.0,0.054376952519497805,62.5,2.0,67.5,0.8969246031746032
California,nominal_original,T120_P05_H1000_I0600_F1,T120_P05_H1000_I0600_CN010_F1,T120_P05_H1000_I0600_CN020_F1,10.0,20.0,12.0,24.0,12.5,0.0,-0.05887228952624923,,6.0,3.0,-0.0220339281616678,2.9000000000000057,0.0,5.0,-0.004375583566760044
California,nominal_original,T120_P05_H1000_I0600_F1,T120_P05_H1000_I0600_CN020_F1,T120_P05_H1000_I0600_CN030_F1,20.0,30.0,24.0,36.0,-3.125,0.0,-0.6563065478285779,,0.0,0.0,-0.014488602310979815,0.19999999999998863,0.0,-6.0,-0.009673561732385316
California,nominal_original,T120_P05_H1000_I0600_F1,T120_P05_H1000_I0600_CN030_F1,T120_P05_H1000_I0600_CN040_F1,30.0,40.0,36.0,48.0,6.25,0.0,-0.7021331170926537,,-2.0,-1.0,-0.012545813674884831,2.74677419354839,0.0,-5.0,0.011096173330215953
California,nominal_original,T120_P05_H1000_I0600_F1,T120_P05_H1000_I0600_CN040_F1,T120_P05_H1000_I0600_CN050_F1,40.0,50.0,48.0,60.0,-3.125,0.0,-2.5205019963477966,,-5.0,-4.0,-0.011233088718640774,2.2293574936944083,0.0,4.5,0.0022315246128665756
California,nominal_original,T120_P05_H1000_I0600_F1,T120_P05_H1000_I0600_CN050_F1,T120_P05_H1000_I0600_CN060_F1,50.0,60.0,60.0,72.0,3.125,0.0,1.3067392814436936,,2.0,2.0,-0.004547872548455838,0.44427647602250886,0.0,-5.0,0.008213966221532587
California,nominal_original,T120_P05_H1000_I0600_F1,T120_P05_H1000_I0600_CN060_F1,T120_P05_H1000_I0600_CN070_F1,60.0,70.0,72.0,84.0,0.0,0.0,-2.228252445861056,,-3.5,-3.0,-0.005717840613975574,4.755989352262645,0.0,0.5,-0.021512360135311104
California,nominal_original,T120_P05_H1000_I0600_F1,T120_P05_H1000_I0600_CN070_F1,T120_P05_H1000_I0600_CN080_F1,70.0,80.0,84.0,96.0,-6.25,0.0,-2.6734871629098045,,-9.5,-7.0,-0.005911284132199927,2.4563611051617045,0.0,-13.5,0.007031485818371097
California,nominal_original,T120_P05_H1000_I0600_F1,T120_P05_H1000_I0600_CN080_F1,T120_P05_H1000_I0600_CN090_F1,80.0,90.0,96.0,108.0,-3.125,0.0,-2.8426378441516533,,-24.5,-22.0,-0.00646536252470245,4.176879933527218,0.0,-15.5,0.026982944196058956
California,nominal_original,T120_P05_H1000_I0600_F1,T120_P05_H1000_I0600_CN090_F1,T120_P05_H1000_I0600_CN100_F1,90.0,100.0,108.0,120.0,-9.375,0.0,-8.800043227109445,,-50.0,-60.0,-0.008561091099817241,17.59036144578313,0.0,-35.0,0.004006734006734014
California,nominal_original,T120_P05_H1000_I0800_F1,T120_P05_H1000_I0800_CN000_F1,T120_P05_H1000_I0800_CN010_F1,0.0,10.0,0.0,12.0,56.25,0.0,11.291017264245324,,192.5,191.0,0.07765282334625327,96.32034632034632,2.0,18.0,0.9564516129032259
California,nominal_original,T120_P05_H1000_I0800_F1,T120_P05_H1000_I0800_CN010_F1,T120_P05_H1000_I0800_CN020_F1,10.0,20.0,12.0,24.0,21.875,0.0,4.81091544088099,,13.5,9.0,-0.03148627122494238,2.4526598146230043,0.0,-13.0,-0.04749638902262876
California,nominal_original,T120_P05_H1000_I0800_F1,T120_P05_H1000_I0800_CN020_F1,T120_P05_H1000_I0800_CN030_F1,20.0,30.0,24.0,36.0,-6.25,0.0,-1.618127270399615,,0.0,0.0,-0.019909845890532157,0.4089979550102356,0.0,-2.0,-0.005835355243487106
California,nominal_original,T120_P05_H1000_I0800_F1,T120_P05_H1000_I0800_CN030_F1,T120_P05_H1000_I0800_CN040_F1,30.0,40.0,36.0,48.0,18.75,0.0,-1.3028030298168858,,-1.0,-1.0,-0.012343614460215188,-0.0033593261191811052,0.0,2.0,-0.03466153530377669
California,nominal_original,T120_P05_H1000_I0800_F1,T120_P05_H1000_I0800_CN040_F1,T120_P05_H1000_I0800_CN050_F1,40.0,50.0,48.0,60.0,0.0,0.0,1.0097936594158732,,3.0,2.0,-0.008690551880229158,-0.8013628165987114,0.0,6.0,-0.0043720389170895935
California,nominal_original,T120_P05_H1000_I0800_F1,T120_P05_H1000_I0800_CN050_F1,T120_P05_H1000_I0800_CN060_F1,50.0,60.0,60.0,72.0,-3.125,0.0,-2.4765857751770213,,-3.5,-2.0,-0.006089175829338787,0.38815015150376553,0.0,8.0,0.013968512412148026
California,nominal_original,T120_P05_H1000_I0800_F1,T120_P05_H1000_I0800_CN060_F1,T120_P05_H1000_I0800_CN070_F1,60.0,70.0,72.0,84.0,0.0,0.0,-2.927349058105637,,-20.0,-15.0,-0.006986265247994509,-1.0075845651331434,0.0,5.0,-0.047447330192877724
California,nominal_original,T120_P05_H1000_I0800_F1,T120_P05_H1000_I0800_CN070_F1,T120_P05_H1000_I0800_CN080_F1,70.0,80.0,84.0,96.0,-3.125,0.0,-1.5470847896659752,,-2.5,-3.0,-0.003530081583356843,-0.478935969006443,0.0,-4.0,0.032149725010576446
California,nominal_original,T120_P05_H1000_I0800_F1,T120_P05_H1000_I0800_CN080_F1,T120_P05_H1000_I0800_CN090_F1,80.0,90.0,96.0,108.0,-6.25,0.0,-4.390683913048379,,-24.5,-22.0,-0.004673818077839471,-1.1054421768707385,0.0,14.5,0.016240088326809232
California,nominal_original,T120_P05_H1000_I0800_F1,T120_P05_H1000_I0800_CN090_F1,T120_P05_H1000_I0800_CN100_F1,90.0,100.0,108.0,120.0,-40.625,0.0,-5.601997598265815,,-38.5,-51.0,-0.004846422688131536,3.8265306122448948,0.0,-9.0,0.016769198440647504
California,nominal_original,T120_P05_H1000_I0986_F1,T120_P05_H1000_I0986_CN000_F1,T120_P05_H1000_I0986_CN010_F1,0.0,10.0,0.0,12.0,34.375,0.0,11.94930578686631,,174.0,172.0,0.0608963648012235,98.70967741935483,2.0,-11.5,0.9326955782312925
California,nominal_original,T120_P05_H1000_I0986_F1,T120_P05_H1000_I0986_CN010_F1,T120_P05_H1000_I0986_CN020_F1,10.0,20.0,12.0,24.0,-6.25,0.0,-3.718257088490354,,-1.5,-1.0,-0.03684817241114559,1.2903225806451672,0.0,-3.0,-0.047624276983520675
California,nominal_original,T120_P05_H1000_I0986_F1,T120_P05_H1000_I0986_CN020_F1,T120_P05_H1000_I0986_CN030_F1,20.0,30.0,24.0,36.0,3.125,0.0,3.437018297763899,,3.0,2.0,-0.018827770819906525,0.0,0.0,5.0,-0.014620850797321339
California,nominal_original,T120_P05_H1000_I0986_F1,T120_P05_H1000_I0986_CN030_F1,T120_P05_H1000_I0986_CN040_F1,30.0,40.0,36.0,48.0,-3.125,0.0,-5.136648074148074,,-7.5,-5.0,-0.013991241100132105,-0.4415011037527563,0.0,-10.0,-0.005183783783783813
California,nominal_original,T120_P05_H1000_I0986_F1,T120_P05_H1000_I0986_CN040_F1,T120_P05_H1000_I0986_CN050_F1,40.0,50.0,48.0,60.0,-3.125,0.0,-0.8823252099114178,,-1.5,-1.0,-0.008444582721749812,-0.002943340691686558,0.0,12.0,-0.006645977011494164
California,nominal_original,T120_P05_H1000_I0986_F1,T120_P05_H1000_I0986_CN050_F1,T120_P05_H1000_I0986_CN060_F1,50.0,60.0,60.0,72.0,0.0,0.0,-1.3254531228669162,,-2.5,-3.0,-0.005738094888086246,-0.9038701622971246,0.0,-1.0,-0.0015433949691820992
California,nominal_original,T120_P05_H1000_I0986_F1,T120_P05_H1000_I0986_CN060_F1,T120_P05_H1000_I0986_CN070_F1,60.0,70.0,72.0,84.0,3.125,0.0,0.9175616050616053,,-6.5,-6.0,-0.004872714646337588,-5.3646483562213945,0.0,18.0,0.0119542368455412
California,nominal_original,T120_P05_H1000_I0986_F1,T120_P05_H1000_I0986_CN070_F1,T120_P05_H1000_I0986_CN080_F1,70.0,80.0,84.0,96.0,-12.5,0.0,-3.6407269295200333,,-2.0,-1.0,-0.003410868824820692,0.40455174800969473,0.0,-5.0,-0.0069454388162997205
California,nominal_original,T120_P05_H1000_I0986_F1,T120_P05_H1000_I0986_CN080_F1,T120_P05_H1000_I0986_CN090_F1,80.0,90.0,96.0,108.0,6.25,0.0,-1.2847768876504517,,-14.0,-15.0,-0.0036813652221433894,-0.9415887850467328,0.0,4.5,-0.0031238285642885
California,nominal_original,T120_P05_H1000_I0986_F1,T120_P05_H1000_I0986_CN090_F1,T120_P05_H1000_I0986_CN100_F1,90.0,100.0,108.0,120.0,-40.625,0.0,-9.037546845539932,,-42.5,-54.0,-0.004974190403727569,7.25,0.0,-16.0,0.03836477987421394
California,nominal_original,T120_P10_H0500_I0600_F1,T120_P10_H0500_I0600_CN000_F1,T120_P10_H0500_I0600_CN010_F1,0.0,10.0,0.0,12.0,0.0,0.0,2.961237963289257,,146.5,153.0,0.06702033847949394,68.6695278969957,2.0,52.5,0.864804964539007
California,nominal_original,T120_P10_H0500_I0600_F1,T120_P10_H0500_I0600_CN010_F1,T120_P10_H0500_I0600_CN020_F1,10.0,20.0,12.0,24.0,12.5,0.0,2.168089423119781,,12.0,8.0,-0.04302804551763664,5.003941490759402,0.0,0.5,0.03610340828879721
California,nominal_original,T120_P10_H0500_I0600_F1,T120_P10_H0500_I0600_CN020_F1,T120_P10_H0500_I0600_CN030_F1,20.0,30.0,24.0,36.0,0.0,0.0,-1.4347190879903806,,0.0,0.0,-0.029454004460828118,3.8775510204081627,0.0,4.5,-0.03424170616113753
California,nominal_original,T120_P10_H0500_I0600_F1,T120_P10_H0500_I0600_CN030_F1,T120_P10_H0500_I0600_CN040_F1,30.0,40.0,36.0,48.0,-6.25,0.0,-2.89347511224633,,-6.0,-4.0,-0.02197058113333962,-0.7727777303390013,0.0,-5.0,-0.007916666666666572
California,nominal_original,T120_P10_H0500_I0600_F1,T120_P10_H0500_I0600_CN040_F1,T120_P10_H0500_I0600_CN050_F1,40.0,50.0,48.0,60.0,6.25,0.0,-0.6080574043019027,,-3.0,-2.0,-0.014821499511811533,6.060740373023194,0.0,-1.5,0.024118020304568333
California,nominal_original,T120_P10_H0500_I0600_F1,T120_P10_H0500_I0600_CN050_F1,T120_P10_H0500_I0600_CN060_F1,50.0,60.0,60.0,72.0,-3.125,0.0,0.7796224904737965,,4.5,3.0,-0.008416926434873191,-2.1737023855667985,0.0,1.0,-0.029926843833980143
California,nominal_original,T120_P10_H0500_I0600_F1,T120_P10_H0500_I0600_CN060_F1,T120_P10_H0500_I0600_CN070_F1,60.0,70.0,72.0,84.0,3.125,0.0,-2.0944591058223168,,-7.5,-5.0,-0.008921150241400465,7.532144227423203,0.0,-18.0,-0.015422657952069763
California,nominal_original,T120_P10_H0500_I0600_F1,T120_P10_H0500_I0600_CN070_F1,T120_P10_H0500_I0600_CN080_F1,70.0,80.0,84.0,96.0,-12.5,0.0,-3.4128634212305613,,-11.0,-7.0,-0.0074877109503475245,-2.837064532343504,0.0,2.0,0.016459705937092783
California,nominal_original,T120_P10_H0500_I0600_F1,T120_P10_H0500_I0600_CN080_F1,T120_P10_H0500_I0600_CN090_F1,80.0,90.0,96.0,108.0,9.375,0.0,0.9877319941260012,,-4.5,-7.0,-0.005032320594929467,4.0649269959614855,0.0,-15.0,-0.0040539820313689745
California,nominal_original,T120_P10_H0500_I0600_F1,T120_P10_H0500_I0600_CN090_F1,T120_P10_H0500_I0600_CN100_F1,90.0,100.0,108.0,120.0,-21.875,0.0,-8.645442978435641,,-60.0,-70.0,-0.011331122727359238,10.574712643678154,0.0,-14.0,0.04031013257575777
California,nominal_original,T120_P10_H0500_I0800_F1,T120_P10_H0500_I0800_CN000_F1,T120_P10_H0500_I0800_CN010_F1,0.0,10.0,0.0,12.0,75.0,0.0,3.4269243796239692,,150.0,155.0,-0.0048197461325339835,97.87234042553192,2.0,-19.5,0.9316001899335233
California,nominal_original,T120_P10_H0500_I0800_F1,T120_P10_H0500_I0800_CN010_F1,T120_P10_H0500_I0800_CN020_F1,10.0,20.0,12.0,24.0,6.25,0.0,7.5493117147080575,,34.5,23.0,-0.04068962586191782,2.1276595744680833,0.0,12.0,-0.007575990089651263
California,nominal_original,T120_P10_H0500_I0800_F1,T120_P10_H0500_I0800_CN020_F1,T120_P10_H0500_I0800_CN030_F1,20.0,30.0,24.0,36.0,9.375,0.0,-4.345757773730336,,-9.0,-6.0,-0.027253090273892527,0.0,0.0,2.5,0.0036706591942705646
California,nominal_original,T120_P10_H0500_I0800_F1,T120_P10_H0500_I0800_CN030_F1,T120_P10_H0500_I0800_CN040_F1,30.0,40.0,36.0,48.0,0.0,0.0,0.2503492147387494,,-1.0,-1.0,-0.013907552863053667,0.0,0.0,3.0,-0.0019156382589218257
California,nominal_original,T120_P10_H0500_I0800_F1,T120_P10_H0500_I0800_CN040_F1,T120_P10_H0500_I0800_CN050_F1,40.0,50.0,48.0,60.0,9.375,0.0,3.6170137175171178,,12.0,8.0,-0.00636358546650681,-0.40322580645161565,0.0,-1.0,-0.031561982432694924
California,nominal_original,T120_P10_H0500_I0800_F1,T120_P10_H0500_I0800_CN050_F1,T120_P10_H0500_I0800_CN060_F1,50.0,60.0,60.0,72.0,-6.25,0.0,-3.527546528202368,,-7.5,-5.0,-0.006786767888050688,-0.8441754409496269,0.0,-4.5,0.012565707389908143
California,nominal_original,T120_P10_H0500_I0800_F1,T120_P10_H0500_I0800_CN060_F1,T120_P10_H0500_I0800_CN070_F1,60.0,70.0,72.0,84.0,-12.5,0.0,-3.189473128497518,,-17.0,-11.0,-0.005918305994083498,-0.31859427832583265,0.0,-3.0,0.006257400084891618
California,nominal_original,T120_P10_H0500_I0800_F1,T120_P10_H0500_I0800_CN070_F1,T120_P10_H0500_I0800_CN080_F1,70.0,80.0,84.0,96.0,0.0,0.0,-0.6724392223630034,,-7.0,-7.0,-0.0036654147378951257,-4.438623411917263,0.0,13.5,-0.01748113529500972
California,nominal_original,T120_P10_H0500_I0800_F1,T120_P10_H0500_I0800_CN080_F1,T120_P10_H0500_I0800_CN090_F1,80.0,90.0,96.0,108.0,-18.75,0.0,-5.039596470130363,,-16.0,-17.0,-0.0035844093715243185,-0.22979502744294678,0.0,12.5,0.02424510796221302
California,nominal_original,T120_P10_H0500_I0800_F1,T120_P10_H0500_I0800_CN090_F1,T120_P10_H0500_I0800_CN100_F1,90.0,100.0,108.0,120.0,-53.125,0.0,-6.757805306222421,,-43.0,-54.0,-0.004769562139109472,6.234413965087285,0.0,-15.0,0.014445245211296642
California,nominal_original,T120_P10_H0500_I0986_F1,T120_P10_H0500_I0986_CN000_F1,T120_P10_H0500_I0986_CN010_F1,0.0,10.0,0.0,12.0,71.875,0.0,4.901864454664386,,140.5,148.0,-0.025501449697562448,99.5049504950495,2.0,-22.0,0.9449487179487179
California,nominal_original,T120_P10_H0500_I0986_F1,T120_P10_H0500_I0986_CN010_F1,T120_P10_H0500_I0986_CN020_F1,10.0,20.0,12.0,24.0,12.5,0.0,4.463489394385116,,45.0,30.0,-0.03363619795956965,0.4950495049505008,0.0,32.5,-0.0032820512820512793
California,nominal_original,T120_P10_H0500_I0986_F1,T120_P10_H0500_I0986_CN020_F1,T120_P10_H0500_I0986_CN030_F1,20.0,30.0,24.0,36.0,3.125,0.0,-1.399415032756405,,-1.5,-1.0,-0.02220647748882195,0.0,0.0,-4.0,-0.016708754208754062
California,nominal_original,T120_P10_H0500_I0986_F1,T120_P10_H0500_I0986_CN030_F1,T120_P10_H0500_I0986_CN040_F1,30.0,40.0,36.0,48.0,-6.25,0.0,1.5926980242260846,,1.5,1.0,-0.011082066037015025,0.0,0.0,-8.0,0.0038014860383279725
California,nominal_original,T120_P10_H0500_I0986_F1,T120_P10_H0500_I0986_CN040_F1,T120_P10_H0500_I0986_CN050_F1,40.0,50.0,48.0,60.0,-3.125,0.0,-2.2717836743055493,,-11.0,-7.0,-0.008659089695496492,-0.8474576271186436,0.0,-5.5,-0.007662061489812633
California,nominal_original,T120_P10_H0500_I0986_F1,T120_P10_H0500_I0986_CN050_F1,T120_P10_H0500_I0986_CN060_F1,50.0,60.0,60.0,72.0,12.5,0.0,-0.5404381357125274,,4.5,3.0,-0.004533542216898986,-0.399943620282599,0.0,17.5,-0.02091396292329839
California,nominal_original,T120_P10_H0500_I0986_F1,T120_P10_H0500_I0986_CN060_F1,T120_P10_H0500_I0986_CN070_F1,60.0,70.0,72.0,84.0,-12.5,0.0,-3.0426534994831194,,-12.0,-8.0,-0.004856774528270498,-0.06550903706265387,0.0,-14.0,0.009327495482087889
California,nominal_original,T120_P10_H0500_I0986_F1,T120_P10_H0500_I0986_CN070_F1,T120_P10_H0500_I0986_CN080_F1,70.0,80.0,84.0,96.0,-15.625,0.0,-0.8518572953057308,,-3.5,-4.0,-0.002766976082183431,-4.909311937758332,0.0,1.5,-0.02116746573842998
California,nominal_original,T120_P10_H0500_I0986_F1,T120_P10_H0500_I0986_CN080_F1,T120_P10_H0500_I0986_CN090_F1,80.0,90.0,96.0,108.0,0.0,0.0,-4.55892278448977,,-28.0,-25.0,-0.003796548989403809,1.6536943034405027,0.0,5.5,4.0434557051050035e-05
California,nominal_original,T120_P10_H0500_I0986_F1,T120_P10_H0500_I0986_CN090_F1,T120_P10_H0500_I0986_CN100_F1,90.0,100.0,108.0,120.0,-31.25,0.0,-5.947743672371592,,-39.5,-52.0,-0.0038004329360799647,4.568527918781726,0.0,-12.0,0.022182349813928637
California,nominal_original,T120_P10_H0800_I0600_F1,T120_P10_H0800_I0600_CN000_F1,T120_P10_H0800_I0600_CN010_F1,0.0,10.0,0.0,12.0,12.5,0.0,0.6421430882584787,,146.5,153.0,0.062435840673029486,66.52719665271967,2.0,37.0,0.8796423135464231
California,nominal_original,T120_P10_H0800_I0600_F1,T120_P10_H0800_I0600_CN010_F1,T120_P10_H0800_I0600_CN020_F1,10.0,20.0,12.0,24.0,12.5,0.0,1.6226184591864623,,9.0,6.0,-0.02413104508711378,7.2631259279255005,0.0,16.0,0.02926012547796719
California,nominal_original,T120_P10_H0800_I0600_F1,T120_P10_H0800_I0600_CN020_F1,T120_P10_H0800_I0600_CN030_F1,20.0,30.0,24.0,36.0,-9.375,0.0,-3.550840127933398,,-3.0,-2.0,-0.020429696363244085,1.923963133640541,0.0,-11.0,-0.0017757421918109806
California,nominal_original,T120_P10_H0800_I0600_F1,T120_P10_H0800_I0600_CN030_F1,T120_P10_H0800_I0600_CN040_F1,30.0,40.0,36.0,48.0,3.125,0.0,-0.920690125477357,,-3.0,-2.0,-0.015855459646832576,1.9716646989374311,0.0,-5.0,-0.011904474610357152
California,nominal_original,T120_P10_H0800_I0600_F1,T120_P10_H0800_I0600_CN040_F1,T120_P10_H0800_I0600_CN050_F1,40.0,50.0,48.0,60.0,0.0,0.0,0.6591416713315859,,0.0,0.0,-0.010957574919827157,1.652892561983478,0.0,12.5,-0.0033055555555554506
California,nominal_original,T120_P10_H0800_I0600_F1,T120_P10_H0800_I0600_CN050_F1,T120_P10_H0800_I0600_CN060_F1,50.0,60.0,60.0,72.0,3.125,0.0,-0.4825099638513244,,1.5,1.0,-0.007723953186024743,2.1806642116517025,0.0,9.5,-0.025159420289855072
California,nominal_original,T120_P10_H0800_I0600_F1,T120_P10_H0800_I0600_CN060_F1,T120_P10_H0800_I0600_CN070_F1,60.0,70.0,72.0,84.0,3.125,0.0,0.143942677256355,,-1.5,-1.0,-0.006689844240269187,1.7449556230590417,0.0,-14.5,0.03268719806763287
California,nominal_original,T120_P10_H0800_I0600_F1,T120_P10_H0800_I0600_CN070_F1,T120_P10_H0800_I0600_CN080_F1,70.0,80.0,84.0,96.0,-12.5,0.0,-7.236270708406947,,-22.0,-15.0,-0.008882491152519309,3.099173553718998,0.0,-13.5,-0.029625791594703577
California,nominal_original,T120_P10_H0800_I0600_F1,T120_P10_H0800_I0600_CN080_F1,T120_P10_H0800_I0600_CN090_F1,80.0,90.0,96.0,108.0,-3.125,0.0,1.0988764594910325,,-6.0,-9.0,-0.004860499485366508,1.0195412064570917,0.0,-3.5,-0.004038511005769241
California,nominal_original,T120_P10_H0800_I0600_F1,T120_P10_H0800_I0600_CN090_F1,T120_P10_H0800_I0600_CN100_F1,90.0,100.0,108.0,120.0,-28.125,0.0,-9.057421464606188,,-56.5,-66.0,-0.01065956663237955,12.616822429906549,0.0,-24.0,0.047837744334890075
California,nominal_original,T120_P10_H0800_I0800_F1,T120_P10_H0800_I0800_CN000_F1,T120_P10_H0800_I0800_CN010_F1,0.0,10.0,0.0,12.0,71.875,0.0,3.4057788779151004,,162.0,163.0,0.03935327461390238,92.49448123620309,2.0,-10.5,0.9287681159420289
California,nominal_original,T120_P10_H0800_I0800_F1,T120_P10_H0800_I0800_CN010_F1,T120_P10_H0800_I0800_CN020_F1,10.0,20.0,12.0,24.0,18.75,0.0,7.881808521851845,,13.5,9.0,-0.0365519386373102,4.7971854304635855,0.0,-3.0,-0.018671114178360426
California,nominal_original,T120_P10_H0800_I0800_F1,T120_P10_H0800_I0800_CN020_F1,T120_P10_H0800_I0800_CN030_F1,20.0,30.0,24.0,36.0,-12.5,0.0,-5.840502994382637,,-3.0,-2.0,-0.02122008770891331,0.17668776371307615,0.0,-1.0,0.020696224617793302
California,nominal_original,T120_P10_H0800_I0800_F1,T120_P10_H0800_I0800_CN030_F1,T120_P10_H0800_I0800_CN040_F1,30.0,40.0,36.0,48.0,9.375,0.0,0.4749016837832638,,0.5,0.0,-0.012374049336260094,1.4790139906728825,0.0,4.0,-0.023095678697538036
California,nominal_original,T120_P10_H0800_I0800_F1,T120_P10_H0800_I0800_CN040_F1,T120_P10_H0800_I0800_CN050_F1,40.0,50.0,48.0,60.0,9.375,0.0,3.4526609067050202,,6.0,4.0,-0.006719769712561746,-1.000756511401704,0.0,16.0,-0.025300813774221442
California,nominal_original,T120_P10_H0800_I0800_F1,T120_P10_H0800_I0800_CN050_F1,T120_P10_H0800_I0800_CN060_F1,50.0,60.0,60.0,72.0,0.0,0.0,-2.0777681495312947,,-3.0,-2.0,-0.005931866842608675,-0.02561398865300646,0.0,-2.0,0.00608152695986286
California,nominal_original,T120_P10_H0800_I0800_F1,T120_P10_H0800_I0800_CN060_F1,T120_P10_H0800_I0800_CN070_F1,60.0,70.0,72.0,84.0,-3.125,0.0,-0.7656732924976026,,-8.0,-5.0,-0.004911792332749007,-1.36185813605168,0.0,7.5,-0.015336010338779626
California,nominal_original,T120_P10_H0800_I0800_F1,T120_P10_H0800_I0800_CN070_F1,T120_P10_H0800_I0800_CN080_F1,70.0,80.0,84.0,96.0,-6.25,0.0,-0.8705853812525781,,-2.0,-3.0,-0.0033173170935754982,-0.24677535978355536,0.0,-4.0,0.013964667708208145
California,nominal_original,T120_P10_H0800_I0800_F1,T120_P10_H0800_I0800_CN080_F1,T120_P10_H0800_I0800_CN090_F1,80.0,90.0,96.0,108.0,-6.25,0.0,-5.073387913968785,,-27.0,-24.0,-0.004712570338771791,-0.2435683563666089,0.0,3.5,0.004430046741551008
California,nominal_original,T120_P10_H0800_I0800_F1,T120_P10_H0800_I0800_CN090_F1,T120_P10_H0800_I0800_CN100_F1,90.0,100.0,108.0,120.0,-31.25,0.0,-7.691301946887444,,-46.0,-57.0,-0.005174793854014561,3.9312039312039246,0.0,-10.0,0.027336908893329293
California,nominal_original,T120_P10_H0800_I0986_F1,T120_P10_H0800_I0986_CN000_F1,T120_P10_H0800_I0986_CN010_F1,0.0,10.0,0.0,12.0,31.25,0.0,6.299047946620863,,172.0,169.0,0.033784343520013,95.93147751605996,2.0,-9.5,0.9479568411386594
California,nominal_original,T120_P10_H0800_I0986_F1,T120_P10_H0800_I0986_CN010_F1,T120_P10_H0800_I0986_CN020_F1,10.0,20.0,12.0,24.0,-3.125,0.0,5.202249075604339,,16.5,11.0,-0.03633953285717487,2.8685224839400405,0.0,-6.0,-0.015522788380865515
California,nominal_original,T120_P10_H0800_I0986_F1,T120_P10_H0800_I0986_CN020_F1,T120_P10_H0800_I0986_CN030_F1,20.0,30.0,24.0,36.0,15.625,0.0,-1.394102775394849,,-1.5,-1.0,-0.019472535468473086,0.19396378269617287,0.0,26.5,-0.014299583060824128
California,nominal_original,T120_P10_H0800_I0986_F1,T120_P10_H0800_I0986_CN030_F1,T120_P10_H0800_I0986_CN040_F1,30.0,40.0,36.0,48.0,-9.375,0.0,-0.4333726989977009,,0.0,0.0,-0.010584679935680151,0.8048289738430583,0.0,-14.5,-0.005032982382884077
California,nominal_original,T120_P10_H0800_I0986_F1,T120_P10_H0800_I0986_CN040_F1,T120_P10_H0800_I0986_CN050_F1,40.0,50.0,48.0,60.0,15.625,0.0,-0.2664313350951346,,-0.5,0.0,-0.0070447053198283045,-1.4116959823456767,0.0,22.5,-0.03456914900562791
California,nominal_original,T120_P10_H0800_I0986_F1,T120_P10_H0800_I0986_CN050_F1,T120_P10_H0800_I0986_CN060_F1,50.0,60.0,60.0,72.0,-3.125,0.0,-0.3997650883822601,,-1.5,-1.0,-0.005182074991076591,1.0043839560295709,0.0,-16.0,0.021284511508392168
California,nominal_original,T120_P10_H0800_I0986_F1,T120_P10_H0800_I0986_CN060_F1,T120_P10_H0800_I0986_CN070_F1,60.0,70.0,72.0,84.0,0.0,0.0,-2.3066117638486077,,-11.0,-8.0,-0.004747042876049892,0.1838908196707223,0.0,7.5,-0.030117563374444156
California,nominal_original,T120_P10_H0800_I0986_F1,T120_P10_H0800_I0986_CN070_F1,T120_P10_H0800_I0986_CN080_F1,70.0,80.0,84.0,96.0,-3.125,0.0,-0.03656262262443022,,1.0,1.0,-0.0024926222353585173,-2.9580353976739673,0.0,6.0,0.017182942789981226
California,nominal_original,T120_P10_H0800_I0986_F1,T120_P10_H0800_I0986_CN080_F1,T120_P10_H0800_I0986_CN090_F1,80.0,90.0,96.0,108.0,-6.25,0.0,-5.569035556284881,,-25.5,-23.0,-0.0038030555746198947,-2.778473592978173,0.0,7.0,-0.002093869444027119
California,nominal_original,T120_P10_H0800_I0986_F1,T120_P10_H0800_I0986_CN090_F1,T120_P10_H0800_I0986_CN100_F1,90.0,100.0,108.0,120.0,-50.0,0.0,-8.974718626357205,,-53.5,-63.0,-0.004870316470356463,6.161137440758296,0.0,-9.5,0.039601884114079056
California,nominal_original,T120_P10_H1000_I0600_F1,T120_P10_H1000_I0600_CN000_F1,T120_P10_H1000_I0600_CN010_F1,0.0,10.0,0.0,12.0,9.375,0.0,1.6486163555229574,,139.0,148.0,0.054828086458749474,65.87473002159827,2.0,45.0,0.8929964539007091
California,nominal_original,T120_P10_H1000_I0600_F1,T120_P10_H1000_I0600_CN010_F1,T120_P10_H1000_I0600_CN020_F1,10.0,20.0,12.0,24.0,9.375,0.0,0.2921934561462791,,16.5,11.0,-0.013645031664458351,3.480108688079156,0.0,18.0,-0.00015861606287126406
California,nominal_original,T120_P10_H1000_I0600_F1,T120_P10_H1000_I0600_CN020_F1,T120_P10_H1000_I0600_CN030_F1,20.0,30.0,24.0,36.0,0.0,0.0,-0.4749024906417212,,-4.5,-3.0,-0.016849414126766812,4.772471351924224,0.0,-11.5,0.00016886232966628612
California,nominal_original,T120_P10_H1000_I0600_F1,T120_P10_H1000_I0600_CN030_F1,T120_P10_H1000_I0600_CN040_F1,30.0,40.0,36.0,48.0,-6.25,0.0,-2.04266478393815,,1.5,1.0,-0.012329559622787825,-0.24975904119348513,0.0,-3.5,-0.008915791076595125
California,nominal_original,T120_P10_H1000_I0600_F1,T120_P10_H1000_I0600_CN040_F1,T120_P10_H1000_I0600_CN050_F1,40.0,50.0,48.0,60.0,0.0,0.0,-0.5108428074016444,,-3.0,-2.0,-0.010338293792876388,0.2960026986001054,0.0,15.0,0.011718339464004357
California,nominal_original,T120_P10_H1000_I0600_F1,T120_P10_H1000_I0600_CN050_F1,T120_P10_H1000_I0600_CN060_F1,50.0,60.0,60.0,72.0,9.375,0.0,-0.9066156022442691,,-1.5,-1.0,-0.0075032008987526155,7.7391281936736505,0.0,-19.5,-0.03157479879414771
California,nominal_original,T120_P10_H1000_I0600_F1,T120_P10_H1000_I0600_CN060_F1,T120_P10_H1000_I0600_CN070_F1,60.0,70.0,72.0,84.0,-3.125,0.0,-2.0658819316419823,,-4.5,-3.0,-0.006581392103328726,0.5025723246062199,0.0,-2.0,-0.006064515120242753
California,nominal_original,T120_P10_H1000_I0600_F1,T120_P10_H1000_I0600_CN070_F1,T120_P10_H1000_I0600_CN080_F1,70.0,80.0,84.0,96.0,-6.25,0.0,-2.539087814928667,,-10.0,-7.0,-0.006452250588464027,-2.5479976001199987,0.0,2.5,0.0035153540000729677
California,nominal_original,T120_P10_H1000_I0600_F1,T120_P10_H1000_I0600_CN080_F1,T120_P10_H1000_I0600_CN090_F1,80.0,90.0,96.0,108.0,6.25,0.0,-2.215932854470669,,-14.0,-14.0,-0.005966973995243846,9.28368675905827,0.0,-27.5,-0.0030283307117933145
California,nominal_original,T120_P10_H1000_I0600_F1,T120_P10_H1000_I0600_CN090_F1,T120_P10_H1000_I0600_CN100_F1,90.0,100.0,108.0,120.0,-34.375,0.0,-8.417891886671724,,-54.5,-65.0,-0.010341733365642196,10.84905660377359,0.0,-20.0,0.03897077929747472
California,nominal_original,T120_P10_H1000_I0800_F1,T120_P10_H1000_I0800_CN000_F1,T120_P10_H1000_I0800_CN010_F1,0.0,10.0,0.0,12.0,53.125,0.0,4.958692832870465,,157.5,160.0,0.043737591524669814,96.3963963963964,2.0,-6.5,0.9241869918699188
California,nominal_original,T120_P10_H1000_I0800_F1,T120_P10_H1000_I0800_CN010_F1,T120_P10_H1000_I0800_CN020_F1,10.0,20.0,12.0,24.0,15.625,0.0,1.9411098769651396,,9.0,6.0,-0.029530508381229933,-0.0760500760500804,0.0,2.5,-0.011112700569821055
California,nominal_original,T120_P10_H1000_I0800_F1,T120_P10_H1000_I0800_CN020_F1,T120_P10_H1000_I0800_CN030_F1,20.0,30.0,24.0,36.0,0.0,0.0,-0.4793885756056788,,7.5,5.0,-0.015544504622616681,1.1639304092134353,0.0,-10.5,-0.03223874753351952
California,nominal_original,T120_P10_H1000_I0800_F1,T120_P10_H1000_I0800_CN030_F1,T120_P10_H1000_I0800_CN040_F1,30.0,40.0,36.0,48.0,9.375,0.0,1.0519160436923585,,1.5,1.0,-0.011313285180598556,0.8490566037735761,0.0,17.5,0.00831904560540253
California,nominal_original,T120_P10_H1000_I0800_F1,T120_P10_H1000_I0800_CN040_F1,T120_P10_H1000_I0800_CN050_F1,40.0,50.0,48.0,60.0,0.0,0.0,-0.8809679039942218,,-4.5,-3.0,-0.007899913968167908,-1.5180467091295071,0.0,5.0,-0.037825346018197425
California,nominal_original,T120_P10_H1000_I0800_F1,T120_P10_H1000_I0800_CN050_F1,T120_P10_H1000_I0800_CN060_F1,50.0,60.0,60.0,72.0,6.25,0.0,1.009290540540544,,4.5,3.0,-0.004576060091417346,1.3097133757961785,0.0,6.0,-0.01188135893685871
California,nominal_original,T120_P10_H1000_I0800_F1,T120_P10_H1000_I0800_CN060_F1,T120_P10_H1000_I0800_CN070_F1,60.0,70.0,72.0,84.0,-9.375,0.0,-5.233849333355916,,-16.0,-11.0,-0.005707332776925346,-1.0267857142857082,0.0,0.0,0.0007296642657788066
California,nominal_original,T120_P10_H1000_I0800_F1,T120_P10_H1000_I0800_CN070_F1,T120_P10_H1000_I0800_CN080_F1,70.0,80.0,84.0,96.0,-6.25,0.0,0.9920599640994396,,0.0,-1.0,-0.002979416793435455,-4.6875,0.0,15.5,0.026681425676270853
California,nominal_original,T120_P10_H1000_I0800_F1,T120_P10_H1000_I0800_CN080_F1,T120_P10_H1000_I0800_CN090_F1,80.0,90.0,96.0,108.0,-3.125,0.0,-4.195333138589717,,-19.5,-21.0,-0.004061388812283132,0.9878187216206697,0.0,-1.5,0.011414835164835324
California,nominal_original,T120_P10_H1000_I0800_F1,T120_P10_H1000_I0800_CN090_F1,T120_P10_H1000_I0800_CN100_F1,90.0,100.0,108.0,120.0,-56.25,0.0,-9.135856796218638,,-47.0,-56.0,-0.005410006572532589,6.6014669926650384,0.0,-8.0,0.04204582517938671
California,nominal_original,T120_P10_H1000_I0986_F1,T120_P10_H1000_I0986_CN000_F1,T120_P10_H1000_I0986_CN010_F1,0.0,10.0,0.0,12.0,0.0,0.0,8.080713778322894,,155.5,158.0,0.03465547082999936,88.24884792626727,2.0,12.0,0.9252903600464577
California,nominal_original,T120_P10_H1000_I0986_F1,T120_P10_H1000_I0986_CN010_F1,T120_P10_H1000_I0986_CN020_F1,10.0,20.0,12.0,24.0,6.25,0.0,4.2151906323721136,,27.0,18.0,-0.02446079369910599,7.03803731963437,0.0,-21.5,-0.015134110046457705
California,nominal_original,T120_P10_H1000_I0986_F1,T120_P10_H1000_I0986_CN020_F1,T120_P10_H1000_I0986_CN030_F1,20.0,30.0,24.0,36.0,6.25,0.0,-2.2795166126961703,,3.0,2.0,-0.016203199460328457,1.0693900577420834,0.0,1.0,-0.013549720790378084
California,nominal_original,T120_P10_H1000_I0986_F1,T120_P10_H1000_I0986_CN030_F1,T120_P10_H1000_I0986_CN040_F1,30.0,40.0,36.0,48.0,-6.25,0.0,-1.1554636465379389,,-3.0,-2.0,-0.010388347697570938,2.619134532421853,0.0,8.5,-0.03512251094478169
California,nominal_original,T120_P10_H1000_I0986_F1,T120_P10_H1000_I0986_CN040_F1,T120_P10_H1000_I0986_CN050_F1,40.0,50.0,48.0,60.0,12.5,0.0,0.18202943026434681,,-2.0,-1.0,-0.006822736509519884,-2.281194960032522,0.0,17.0,-0.0037113373270216687
California,nominal_original,T120_P10_H1000_I0986_F1,T120_P10_H1000_I0986_CN050_F1,T120_P10_H1000_I0986_CN060_F1,50.0,60.0,60.0,72.0,-6.25,0.0,-2.0278002480746373,,-6.0,-4.0,-0.0053527063098888356,0.763412242611011,0.0,-14.0,-0.001285800471346299
California,nominal_original,T120_P10_H1000_I0986_F1,T120_P10_H1000_I0986_CN060_F1,T120_P10_H1000_I0986_CN070_F1,60.0,70.0,72.0,84.0,-3.125,0.0,-2.2865129526313748,,-7.5,-5.0,-0.004186056270570188,-0.7399028298038104,0.0,-2.0,-0.01110535436205451
California,nominal_original,T120_P10_H1000_I0986_F1,T120_P10_H1000_I0986_CN070_F1,T120_P10_H1000_I0986_CN080_F1,70.0,80.0,84.0,96.0,3.125,0.0,-0.7567948316303585,,-2.5,-3.0,-0.0026905172423430657,-4.239848182645574,0.0,24.0,-0.008911992054238427
California,nominal_original,T120_P10_H1000_I0986_F1,T120_P10_H1000_I0986_CN080_F1,T120_P10_H1000_I0986_CN090_F1,80.0,90.0,96.0,108.0,-21.875,0.0,-5.20608142659651,,-25.0,-22.0,-0.0037238835603111507,3.542024391317753,0.0,-10.5,0.025330465949820802
California,nominal_original,T120_P10_H1000_I0986_F1,T120_P10_H1000_I0986_CN090_F1,T120_P10_H1000_I0986_CN100_F1,90.0,100.0,108.0,120.0,-18.75,0.0,-6.343956813308546,,-43.5,-56.0,-0.004259274184638121,3.980099502487562,0.0,-4.5,0.04168837209302323
California,unlimited_useful_deadline,T060_P03_H0500_I0600_F1,T060_P03_H0500_I0600_CN000_F1,T060_P03_H0500_I0600_CN010_F1,0.0,10.0,0.0,6.0,0.0,0.0,18.81738370695976,,164.5,202.0,0.1694003092399462,53.6745406824147,4.0,18.5,0.824543378995434
California,unlimited_useful_deadline,T060_P03_H0500_I0600_F1,T060_P03_H0500_I0600_CN010_F1,T060_P03_H0500_I0600_CN020_F1,10.0,20.0,6.0,12.0,6.25,0.0,16.084834064015702,,221.5,238.0,0.20724526036689028,26.657409525054177,1.0,-32.5,-0.0057517123287671446
California,unlimited_useful_deadline,T060_P03_H0500_I0600_F1,T060_P03_H0500_I0600_CN020_F1,T060_P03_H0500_I0600_CN030_F1,20.0,30.0,12.0,18.0,0.0,56.25,18.619322453333922,,211.0,220.0,0.03567102800448407,7.805726498124244,0.0,-2.5,-0.1072594743276285
California,unlimited_useful_deadline,T060_P03_H0500_I0600_F1,T060_P03_H0500_I0600_CN030_F1,T060_P03_H0500_I0600_CN040_F1,30.0,40.0,18.0,24.0,0.0,3.125,1.3157894736842053,-2.815972222222385,128.5,121.0,0.004764407011615512,4.378246861285859,5.0,-19.5,-0.03391126872336736
California,unlimited_useful_deadline,T060_P03_H0500_I0600_F1,T060_P03_H0500_I0600_CN040_F1,T060_P03_H0500_I0600_CN050_F1,40.0,50.0,24.0,30.0,0.0,0.0,0.0,-6.350694444441615,137.5,130.0,0.0151153975825562,4.519741092685635,2.0,-1.0,-0.07149129398604126
California,unlimited_useful_deadline,T060_P03_H0500_I0600_F1,T060_P03_H0500_I0600_CN050_F1,T060_P03_H0500_I0600_CN060_F1,50.0,60.0,30.0,36.0,0.0,0.0,0.0,-5.833333333330671,126.5,124.0,-0.027426689953406913,0.1450981928400239,-1.0,-32.5,-0.02444879865701388
California,unlimited_useful_deadline,T060_P03_H0500_I0600_F1,T060_P03_H0500_I0600_CN060_F1,T060_P03_H0500_I0600_CN070_F1,60.0,70.0,36.0,42.0,0.0,0.0,0.0,0.7013888888839546,138.5,127.0,-0.03275910148459504,0.3276045704291306,-1.0,33.5,-0.022130430056235495
California,unlimited_useful_deadline,T060_P03_H0500_I0600_F1,T060_P03_H0500_I0600_CN070_F1,T060_P03_H0500_I0600_CN080_F1,70.0,80.0,42.0,48.0,0.0,0.0,0.0,-3.1319444444441586,128.0,121.0,0.004906011612604511,1.4050451408334652,2.0,-6.5,-0.06869556841734292
California,unlimited_useful_deadline,T060_P03_H0500_I0600_F1,T060_P03_H0500_I0600_CN080_F1,T060_P03_H0500_I0600_CN090_F1,80.0,90.0,48.0,54.0,0.0,0.0,0.0,3.1319444444441586,135.5,129.0,-0.014302060566377839,0.6201695258850037,-1.0,-20.0,-0.0250134753234299
California,unlimited_useful_deadline,T060_P03_H0500_I0600_F1,T060_P03_H0500_I0600_CN090_F1,T060_P03_H0500_I0600_CN100_F1,90.0,100.0,54.0,60.0,0.0,0.0,0.0,-7.965277777754565,135.0,129.0,-0.012895675845077337,0.4664179104477597,2.0,7.0,-0.10513760664884808
California,unlimited_useful_deadline,T060_P03_H0500_I0800_F1,T060_P03_H0500_I0800_CN000_F1,T060_P03_H0500_I0800_CN010_F1,0.0,10.0,0.0,6.0,50.0,21.875,28.98955623548757,-28.83333333333337,188.0,193.0,0.10050908793901947,86.21621621621621,3.0,-83.0,0.9241697416974171
California,unlimited_useful_deadline,T060_P03_H0500_I0800_F1,T060_P03_H0500_I0800_CN010_F1,T060_P03_H0500_I0800_CN020_F1,10.0,20.0,6.0,12.0,9.375,21.875,7.5729061149953765,-117.89930555555571,188.5,178.0,-0.004711172113184725,12.619952091751557,3.0,-25.5,-0.06923022556838476
California,unlimited_useful_deadline,T060_P03_H0500_I0800_F1,T060_P03_H0500_I0800_CN020_F1,T060_P03_H0500_I0800_CN030_F1,20.0,30.0,12.0,18.0,3.125,-3.125,0.7814407814407787,-21.916666666666544,128.0,141.0,-0.017477663367607255,1.1638316920322325,1.0,24.0,-0.07080038102293496
California,unlimited_useful_deadline,T060_P03_H0500_I0800_F1,T060_P03_H0500_I0800_CN030_F1,T060_P03_H0500_I0800_CN040_F1,30.0,40.0,18.0,24.0,-3.125,3.125,0.4673721340388113,-6.045138888888687,151.0,149.0,-0.030168206348031745,0.0,-1.0,-12.0,-0.031130632817019555
California,unlimited_useful_deadline,T060_P03_H0500_I0800_F1,T060_P03_H0500_I0800_CN040_F1,T060_P03_H0500_I0800_CN050_F1,40.0,50.0,24.0,30.0,12.5,0.0,0.43481210147876936,0.04513888889050577,172.5,172.0,1.01980432540838e-05,0.0,0.0,-1.5,-0.0756630865108261
California,unlimited_useful_deadline,T060_P03_H0500_I0800_F1,T060_P03_H0500_I0800_CN050_F1,T060_P03_H0500_I0800_CN060_F1,50.0,60.0,30.0,36.0,3.125,9.375,1.5784832451499113,-3.347222222220921,157.0,158.0,-0.02980512579606398,0.0,-1.0,25.0,-0.029251906926685667
California,unlimited_useful_deadline,T060_P03_H0500_I0800_F1,T060_P03_H0500_I0800_CN060_F1,T060_P03_H0500_I0800_CN070_F1,60.0,70.0,36.0,42.0,-9.375,-9.375,-1.1843711843712015,2.3472222222192443,141.0,149.0,-0.012933934417035164,0.0,1.0,-9.0,-0.06340918568409681
California,unlimited_useful_deadline,T060_P03_H0500_I0800_F1,T060_P03_H0500_I0800_CN070_F1,T060_P03_H0500_I0800_CN080_F1,70.0,80.0,42.0,48.0,6.25,3.125,0.1349884683218079,-0.3472222222221433,147.5,147.0,-0.02646372513459616,0.0,0.0,15.0,-0.024324125600910795
California,unlimited_useful_deadline,T060_P03_H0500_I0800_F1,T060_P03_H0500_I0800_CN080_F1,T060_P03_H0500_I0800_CN090_F1,80.0,90.0,48.0,54.0,12.5,6.25,0.8289241622574934,-1.999999999997101,156.5,162.0,-0.009692901493370543,0.0,0.0,7.5,-0.07803794307586243
California,unlimited_useful_deadline,T060_P03_H0500_I0800_F1,T060_P03_H0500_I0800_CN090_F1,T060_P03_H0500_I0800_CN100_F1,90.0,100.0,54.0,60.0,0.0,3.125,0.529100529100532,0.0,171.0,167.0,-0.005909793443765854,0.0,0.0,30.5,-0.05456689751942667
California,unlimited_useful_deadline,T060_P03_H0500_I0986_F1,T060_P03_H0500_I0986_CN000_F1,T060_P03_H0500_I0986_CN010_F1,0.0,10.0,0.0,6.0,53.125,9.375,34.969580015126574,,167.0,214.0,0.2874080985714944,90.54054054054055,3.0,4.5,0.94247311827957
California,unlimited_useful_deadline,T060_P03_H0500_I0986_F1,T060_P03_H0500_I0986_CN010_F1,T060_P03_H0500_I0986_CN020_F1,10.0,20.0,6.0,12.0,0.0,43.75,7.412574211663284,-112.64930555555136,97.5,127.0,-0.026468499749079444,4.138645687941462,2.0,-0.5,-0.06700926671207164
California,unlimited_useful_deadline,T060_P03_H0500_I0986_F1,T060_P03_H0500_I0986_CN020_F1,T060_P03_H0500_I0986_CN030_F1,20.0,30.0,12.0,18.0,0.0,0.0,0.0,2.999999999995879,57.0,76.0,-0.04167890281009584,4.258396772846012,1.0,2.5,-0.06615168225532897
California,unlimited_useful_deadline,T060_P03_H0500_I0986_F1,T060_P03_H0500_I0986_CN030_F1,T060_P03_H0500_I0986_CN040_F1,30.0,40.0,18.0,24.0,0.0,0.0,0.0,-6.999999999992724,85.0,104.0,-0.016266311060938232,-0.7794031530073227,-1.0,18.0,-0.04840466494916762
California,unlimited_useful_deadline,T060_P03_H0500_I0986_F1,T060_P03_H0500_I0986_CN040_F1,T060_P03_H0500_I0986_CN050_F1,40.0,50.0,24.0,30.0,0.0,9.375,11.538461538461533,0.0,199.5,191.0,0.07481131084680459,1.463605325658122,1.0,-20.0,-0.12537134476200418
California,unlimited_useful_deadline,T060_P03_H0500_I0986_F1,T060_P03_H0500_I0986_CN050_F1,T060_P03_H0500_I0986_CN060_F1,50.0,60.0,30.0,36.0,0.0,-9.375,-11.538461538461533,0.0,-54.5,-6.0,-0.11472455354536054,-0.11642655897469467,1.0,24.5,-0.04958719628361319
California,unlimited_useful_deadline,T060_P03_H0500_I0986_F1,T060_P03_H0500_I0986_CN060_F1,T060_P03_H0500_I0986_CN070_F1,60.0,70.0,36.0,42.0,0.0,9.375,11.538461538461533,-14.999999999996106,251.0,230.0,0.09359899996765503,0.49464138499587307,0.0,-5.0,-0.0128061673422184
California,unlimited_useful_deadline,T060_P03_H0500_I0986_F1,T060_P03_H0500_I0986_CN070_F1,T060_P03_H0500_I0986_CN080_F1,70.0,80.0,42.0,48.0,0.0,0.0,0.0,-3.0000000000106866,115.0,130.0,-0.007379615683882013,-0.15424164524421258,0.0,13.5,-0.07575643233880225
California,unlimited_useful_deadline,T060_P03_H0500_I0986_F1,T060_P03_H0500_I0986_CN080_F1,T060_P03_H0500_I0986_CN090_F1,80.0,90.0,48.0,54.0,0.0,0.0,0.0,-0.9999999999995168,95.5,108.0,-0.011256813181118708,0.15424164524421258,0.0,0.5,-0.08285644910644918
California,unlimited_useful_deadline,T060_P03_H0500_I0986_F1,T060_P03_H0500_I0986_CN090_F1,T060_P03_H0500_I0986_CN100_F1,90.0,100.0,54.0,60.0,0.0,0.0,0.0,0.0,115.0,131.0,-0.0041407576679513,0.0,0.0,9.0,-0.10208773136617721
California,unlimited_useful_deadline,T060_P03_H0800_I0600_F1,T060_P03_H0800_I0600_CN000_F1,T060_P03_H0800_I0600_CN010_F1,0.0,10.0,0.0,6.0,0.0,0.0,20.224602827531527,,164.5,204.0,0.15692564884509097,52.244897959183675,4.0,33.0,0.8118504435994931
California,unlimited_useful_deadline,T060_P03_H0800_I0600_F1,T060_P03_H0800_I0600_CN010_F1,T060_P03_H0800_I0600_CN020_F1,10.0,20.0,6.0,12.0,0.0,0.0,11.067706185902523,,208.5,223.0,0.17139119582884776,25.446074263038554,1.0,-17.5,0.018336036586987126
California,unlimited_useful_deadline,T060_P03_H0800_I0600_F1,T060_P03_H0800_I0600_CN020_F1,T060_P03_H0800_I0600_CN030_F1,20.0,30.0,12.0,18.0,6.25,59.375,23.22217857405863,,218.0,222.0,0.09115743774399054,10.974015183319338,0.0,-22.5,-0.1266469038208169
California,unlimited_useful_deadline,T060_P03_H0800_I0600_F1,T060_P03_H0800_I0600_CN030_F1,T060_P03_H0800_I0600_CN040_F1,30.0,40.0,18.0,24.0,0.0,0.0,0.0,8.350000000004357,117.5,117.0,0.022800005532989776,2.8873987710903606,2.0,-2.0,0.009991201799261162
California,unlimited_useful_deadline,T060_P03_H0800_I0600_F1,T060_P03_H0800_I0600_CN040_F1,T060_P03_H0800_I0600_CN050_F1,40.0,50.0,24.0,30.0,0.0,0.0,0.0,-18.350000000004357,141.5,134.0,0.03582989446034068,3.8892092649635117,2.0,-7.5,-0.08840094550479738
California,unlimited_useful_deadline,T060_P03_H0800_I0600_F1,T060_P03_H0800_I0600_CN050_F1,T060_P03_H0800_I0600_CN060_F1,50.0,60.0,30.0,36.0,0.0,0.0,0.0,-2.9999999999966036,139.5,133.0,0.012113946142829346,1.1202494221362116,-1.0,-16.5,-0.030451756050510204
California,unlimited_useful_deadline,T060_P03_H0800_I0600_F1,T060_P03_H0800_I0600_CN060_F1,T060_P03_H0800_I0600_CN070_F1,60.0,70.0,36.0,42.0,0.0,0.0,0.0,-0.632638888891961,140.0,132.0,-0.006238530731465519,1.1867480068124365,-1.0,5.5,-0.017956670674727837
California,unlimited_useful_deadline,T060_P03_H0800_I0600_F1,T060_P03_H0800_I0600_CN070_F1,T060_P03_H0800_I0600_CN080_F1,70.0,80.0,42.0,48.0,0.0,0.0,0.0,-1.631249999996129,107.0,111.0,0.0034873247071931512,0.7578329717622694,4.0,-12.5,-0.03153926727448941
California,unlimited_useful_deadline,T060_P03_H0800_I0600_F1,T060_P03_H0800_I0600_CN080_F1,T060_P03_H0800_I0600_CN090_F1,80.0,90.0,48.0,54.0,0.0,0.0,0.0,-2.034722222219102,159.0,146.0,0.012841757279424382,0.9931049678281454,0.0,7.5,-0.05516113025703828
California,unlimited_useful_deadline,T060_P03_H0800_I0600_F1,T060_P03_H0800_I0600_CN090_F1,T060_P03_H0800_I0600_CN100_F1,90.0,100.0,54.0,60.0,0.0,0.0,0.0,-7.965277777782347,132.5,127.0,-0.002176579910836418,0.5004691898654983,-2.0,2.0,-0.07525788146506596
California,unlimited_useful_deadline,T060_P03_H0800_I0800_F1,T060_P03_H0800_I0800_CN000_F1,T060_P03_H0800_I0800_CN010_F1,0.0,10.0,0.0,6.0,50.0,25.0,18.942164710138556,-2.0833333333333712,153.5,172.0,0.10112517908320429,83.64116094986808,2.0,-108.5,0.9201653944020356
California,unlimited_useful_deadline,T060_P03_H0800_I0800_F1,T060_P03_H0800_I0800_CN010_F1,T060_P03_H0800_I0800_CN020_F1,10.0,20.0,6.0,12.0,9.375,18.75,4.876363348585585,-117.56597222222092,160.5,166.0,0.04112818294109821,11.724918753561028,4.0,-26.0,-0.06983094624150032
California,unlimited_useful_deadline,T060_P03_H0800_I0800_F1,T060_P03_H0800_I0800_CN020_F1,T060_P03_H0800_I0800_CN030_F1,20.0,30.0,12.0,18.0,-3.125,0.0,0.33670033670033206,2.9166666666652077,170.0,165.0,0.06870029780086628,4.211087315598377,-1.0,11.0,-0.06796133430593998
California,unlimited_useful_deadline,T060_P03_H0800_I0800_F1,T060_P03_H0800_I0800_CN030_F1,T060_P03_H0800_I0800_CN040_F1,30.0,40.0,18.0,24.0,6.25,3.125,0.3086419753086318,-5.4826388888888005,119.0,136.0,-0.01976755050003065,0.4228329809725153,0.0,-10.5,-0.04720803018204878
California,unlimited_useful_deadline,T060_P03_H0800_I0800_F1,T060_P03_H0800_I0800_CN040_F1,T060_P03_H0800_I0800_CN050_F1,40.0,50.0,24.0,30.0,-3.125,6.25,1.7022072577628222,2.4826388888892836,169.0,167.0,0.02334715138833887,0.0,0.0,-1.5,-0.07185744784288417
California,unlimited_useful_deadline,T060_P03_H0800_I0800_F1,T060_P03_H0800_I0800_CN050_F1,T060_P03_H0800_I0800_CN060_F1,50.0,60.0,30.0,36.0,3.125,-3.125,-0.617283950617292,-5.999999999999005,166.0,165.0,-0.001276937664482114,0.0,0.0,8.0,-0.05830998214594563
California,unlimited_useful_deadline,T060_P03_H0800_I0800_F1,T060_P03_H0800_I0800_CN060_F1,T060_P03_H0800_I0800_CN070_F1,60.0,70.0,36.0,42.0,3.125,3.125,0.6640478862701258,4.000000000009209,141.0,144.0,-0.0011198979380669938,0.0,1.0,-5.0,-0.0383928937442477
California,unlimited_useful_deadline,T060_P03_H0800_I0800_F1,T060_P03_H0800_I0800_CN070_F1,T060_P03_H0800_I0800_CN080_F1,70.0,80.0,42.0,48.0,3.125,6.25,0.6734006734006641,-7.697916666672484,124.5,141.0,-0.023378580338834665,0.0,0.0,37.0,-0.021699428599160075
California,unlimited_useful_deadline,T060_P03_H0800_I0800_F1,T060_P03_H0800_I0800_CN080_F1,T060_P03_H0800_I0800_CN090_F1,80.0,90.0,48.0,54.0,-3.125,0.0,0.0,7.697916666672484,177.5,169.0,0.01042297361715594,0.0,0.0,-13.5,-0.06640483481597914
California,unlimited_useful_deadline,T060_P03_H0800_I0800_F1,T060_P03_H0800_I0800_CN090_F1,T060_P03_H0800_I0800_CN100_F1,90.0,100.0,54.0,60.0,3.125,0.0,0.0,-7.697916666672484,156.5,161.0,-0.0036135535692271015,0.0,0.0,9.5,-0.0947221913725449
California,unlimited_useful_deadline,T060_P03_H0800_I0986_F1,T060_P03_H0800_I0986_CN000_F1,T060_P03_H0800_I0986_CN010_F1,0.0,10.0,0.0,6.0,46.875,0.0,27.668768197614348,0.0,175.0,203.0,0.24275630345124843,89.77505112474438,3.0,-2.5,0.9342253521126762
California,unlimited_useful_deadline,T060_P03_H0800_I0986_F1,T060_P03_H0800_I0986_CN010_F1,T060_P03_H0800_I0986_CN020_F1,10.0,20.0,6.0,12.0,0.0,50.0,13.211996336996336,-132.64930555555426,178.0,208.0,0.12060068146683856,6.67465301726746,3.0,-6.5,-0.07660630449362849
California,unlimited_useful_deadline,T060_P03_H0800_I0986_F1,T060_P03_H0800_I0986_CN020_F1,T060_P03_H0800_I0986_CN030_F1,20.0,30.0,12.0,18.0,0.0,9.375,11.538461538461547,-120.51666666666704,209.0,189.0,0.12475020376747781,1.8875880195083568,1.0,31.5,-0.07790017211703959
California,unlimited_useful_deadline,T060_P03_H0800_I0986_F1,T060_P03_H0800_I0986_CN030_F1,T060_P03_H0800_I0986_CN040_F1,30.0,40.0,18.0,24.0,0.0,-3.125,0.0,108.51666666666581,97.5,120.0,-0.028540580569915375,1.1140109934866587,-2.0,-11.5,-0.05976256606998542
California,unlimited_useful_deadline,T060_P03_H0800_I0986_F1,T060_P03_H0800_I0986_CN040_F1,T060_P03_H0800_I0986_CN050_F1,40.0,50.0,24.0,30.0,0.0,3.125,1.2820512820512846,-119.34999999999927,232.5,213.0,0.06833156046052391,0.5486968449931453,1.0,15.5,-0.08129747712461732
California,unlimited_useful_deadline,T060_P03_H0800_I0986_F1,T060_P03_H0800_I0986_CN050_F1,T060_P03_H0800_I0986_CN060_F1,50.0,60.0,30.0,36.0,0.0,3.125,1.2820512820512704,3.032638888888087,166.0,162.0,0.014764388648158544,-0.26607538802660713,1.0,-3.0,-0.033003224092555516
California,unlimited_useful_deadline,T060_P03_H0800_I0986_F1,T060_P03_H0800_I0986_CN060_F1,T060_P03_H0800_I0986_CN070_F1,60.0,70.0,36.0,42.0,0.0,-3.125,-1.2820512820512704,-4.463194444444525,140.0,148.0,-0.004331099611150635,0.26607538802660713,-1.0,-7.5,-0.03794551233216503
California,unlimited_useful_deadline,T060_P03_H0800_I0986_F1,T060_P03_H0800_I0986_CN070_F1,T060_P03_H0800_I0986_CN080_F1,70.0,80.0,42.0,48.0,0.0,3.125,1.2820512820512704,-6.569444444444528,149.5,156.0,-0.010507936105614735,0.0,1.0,29.0,-0.07454579063784261
California,unlimited_useful_deadline,T060_P03_H0800_I0986_F1,T060_P03_H0800_I0986_CN080_F1,T060_P03_H0800_I0986_CN090_F1,80.0,90.0,48.0,54.0,0.0,0.0,0.0,-3.649999999998542,181.5,171.0,0.01090126003470615,0.0,0.0,-9.0,-0.015681803057615573
California,unlimited_useful_deadline,T060_P03_H0800_I0986_F1,T060_P03_H0800_I0986_CN090_F1,T060_P03_H0800_I0986_CN100_F1,90.0,100.0,54.0,60.0,0.0,0.0,0.0,-1.000000000001215,171.5,172.0,0.00010322857439171162,0.0,0.0,20.0,-0.10010644888524745
California,unlimited_useful_deadline,T060_P03_H1000_I0600_F1,T060_P03_H1000_I0600_CN000_F1,T060_P03_H1000_I0600_CN010_F1,0.0,10.0,0.0,6.0,0.0,0.0,19.91267979258592,,159.5,197.0,0.13790098460113318,51.909476661951906,4.0,37.5,0.8169398907103826
California,unlimited_useful_deadline,T060_P03_H1000_I0600_F1,T060_P03_H1000_I0600_CN010_F1,T060_P03_H1000_I0600_CN020_F1,10.0,20.0,6.0,12.0,6.25,0.0,17.191214963486004,,235.0,242.0,0.18453559586953244,26.68015800244911,1.0,-13.5,-0.012418973031570246
California,unlimited_useful_deadline,T060_P03_H1000_I0600_F1,T060_P03_H1000_I0600_CN020_F1,T060_P03_H1000_I0600_CN030_F1,20.0,30.0,12.0,18.0,-3.125,56.25,16.788511688329436,,168.5,190.0,0.0570304093084294,8.926877885136633,1.0,-26.0,-0.10956516546642292
California,unlimited_useful_deadline,T060_P03_H1000_I0600_F1,T060_P03_H1000_I0600_CN030_F1,T060_P03_H1000_I0600_CN040_F1,30.0,40.0,18.0,24.0,3.125,0.0,0.0,-7.499305555548673,156.0,146.0,0.06152734807708227,4.761691174449211,1.0,-9.0,-0.03541237321695556
California,unlimited_useful_deadline,T060_P03_H1000_I0600_F1,T060_P03_H1000_I0600_CN040_F1,T060_P03_H1000_I0600_CN050_F1,40.0,50.0,24.0,30.0,0.0,-3.125,-1.3157894736842195,-2.5006944444513266,126.5,125.0,0.029766971943859355,1.9978905521074068,4.0,4.5,-0.07503633674191268
California,unlimited_useful_deadline,T060_P03_H1000_I0600_F1,T060_P03_H1000_I0600_CN050_F1,T060_P03_H1000_I0600_CN060_F1,50.0,60.0,30.0,36.0,0.0,3.125,1.3157894736842195,-7.999999999999517,118.0,118.0,0.01016007294524035,2.009002916130356,-2.0,-22.5,-0.0611905015314389
California,unlimited_useful_deadline,T060_P03_H1000_I0600_F1,T060_P03_H1000_I0600_CN060_F1,T060_P03_H1000_I0600_CN070_F1,60.0,70.0,36.0,42.0,0.0,3.125,1.3157894736842053,0.08611111111071068,149.0,140.0,0.010967512424688741,0.9211791185292952,-1.0,8.5,-0.04704410765353262
California,unlimited_useful_deadline,T060_P03_H1000_I0600_F1,T060_P03_H1000_I0600_CN070_F1,T060_P03_H1000_I0600_CN080_F1,70.0,80.0,42.0,48.0,0.0,0.0,0.0,-2.850694444434339,140.0,136.0,0.026289217298121836,1.2728111417175683,1.0,2.0,-0.008123993519637995
California,unlimited_useful_deadline,T060_P03_H1000_I0600_F1,T060_P03_H1000_I0600_CN080_F1,T060_P03_H1000_I0600_CN090_F1,80.0,90.0,48.0,54.0,0.0,0.0,0.0,-1.2354166666763717,116.5,116.0,-0.0017301528381417075,0.7531582289104648,2.0,-31.0,-0.11660925496425656
California,unlimited_useful_deadline,T060_P03_H1000_I0600_F1,T060_P03_H1000_I0600_CN090_F1,T060_P03_H1000_I0600_CN100_F1,90.0,100.0,54.0,60.0,0.0,0.0,0.0,-4.263888888874504,141.0,135.0,0.008728807772294678,0.7677543186180458,-2.0,5.0,-0.08277645273089718
California,unlimited_useful_deadline,T060_P03_H1000_I0800_F1,T060_P03_H1000_I0800_CN000_F1,T060_P03_H1000_I0800_CN010_F1,0.0,10.0,0.0,6.0,53.125,40.625,21.934007773877042,-4.916666666666629,180.0,193.0,0.1523720821044493,77.21046077210461,2.0,-72.0,0.9160052910052912
California,unlimited_useful_deadline,T060_P03_H1000_I0800_F1,T060_P03_H1000_I0800_CN010_F1,T060_P03_H1000_I0800_CN020_F1,10.0,20.0,6.0,12.0,3.125,9.375,1.0394137452961019,-127.73263888888616,156.0,160.0,0.05465224650394296,18.933036985742916,4.0,-49.5,-0.09190693034955344
California,unlimited_useful_deadline,T060_P03_H1000_I0800_F1,T060_P03_H1000_I0800_CN020_F1,T060_P03_H1000_I0800_CN030_F1,20.0,30.0,12.0,18.0,-3.125,-3.125,0.046763935652819555,8.999999999997073,143.0,150.0,0.049551506092941455,2.571705668276664,-1.0,32.5,-0.06702676441160627
California,unlimited_useful_deadline,T060_P03_H1000_I0800_F1,T060_P03_H1000_I0800_CN030_F1,T060_P03_H1000_I0800_CN040_F1,30.0,40.0,18.0,24.0,3.125,3.125,1.805087916199028,-8.999999999997073,161.5,162.0,0.03409047725258163,1.1687872931333487,0.0,-6.0,-0.06399432454687326
California,unlimited_useful_deadline,T060_P03_H1000_I0800_F1,T060_P03_H1000_I0800_CN040_F1,T060_P03_H1000_I0800_CN050_F1,40.0,50.0,24.0,30.0,0.0,0.0,-0.13093901982790612,6.0000000000014495,143.5,150.0,0.015105644303876842,0.11600928074246042,0.0,-3.5,-0.07843137934598343
California,unlimited_useful_deadline,T060_P03_H1000_I0800_F1,T060_P03_H1000_I0800_CN050_F1,T060_P03_H1000_I0800_CN060_F1,50.0,60.0,30.0,36.0,3.125,0.0,0.13093901982790612,-6.0000000000014495,151.5,156.0,0.000911764422883321,0.0,1.0,15.0,-0.027174515184117398
California,unlimited_useful_deadline,T060_P03_H1000_I0800_F1,T060_P03_H1000_I0800_CN060_F1,T060_P03_H1000_I0800_CN070_F1,60.0,70.0,36.0,42.0,0.0,3.125,0.5892255892255918,-7.697916666660376,162.0,161.0,0.017436887611142038,0.0,0.0,1.0,-0.07747137716715735
California,unlimited_useful_deadline,T060_P03_H1000_I0800_F1,T060_P03_H1000_I0800_CN070_F1,T060_P03_H1000_I0800_CN080_F1,70.0,80.0,42.0,48.0,0.0,9.375,1.0849233071455302,2.1319444444370106,144.5,151.0,-0.00561612485891938,0.0,1.0,13.0,-0.035066717499046884
California,unlimited_useful_deadline,T060_P03_H1000_I0800_F1,T060_P03_H1000_I0800_CN080_F1,T060_P03_H1000_I0800_CN090_F1,80.0,90.0,48.0,54.0,3.125,-6.25,-0.6734006734006641,-3.131944444445253,149.5,154.0,0.0028357128470580806,0.0,0.0,1.5,-0.056370989478228495
California,unlimited_useful_deadline,T060_P03_H1000_I0800_F1,T060_P03_H1000_I0800_CN090_F1,T060_P03_H1000_I0800_CN100_F1,90.0,100.0,54.0,60.0,0.0,6.25,0.6734006734006641,0.0,147.5,153.0,-0.001497247679011604,0.0,0.0,-6.0,-0.06817998262801495
California,unlimited_useful_deadline,T060_P03_H1000_I0986_F1,T060_P03_H1000_I0986_CN000_F1,T060_P03_H1000_I0986_CN010_F1,0.0,10.0,0.0,6.0,46.875,9.375,23.498596429502605,-16.0,176.5,196.0,0.20826999804863253,86.1598440545809,2.0,2.0,0.9378701050620821
California,unlimited_useful_deadline,T060_P03_H1000_I0986_F1,T060_P03_H1000_I0986_CN010_F1,T060_P03_H1000_I0986_CN020_F1,10.0,20.0,6.0,12.0,0.0,37.5,16.59427919266571,-220.28194444444426,200.5,208.0,0.14629305717314772,10.995516995747323,4.0,-7.0,-0.09249488691199481
California,unlimited_useful_deadline,T060_P03_H1000_I0986_F1,T060_P03_H1000_I0986_CN020_F1,T060_P03_H1000_I0986_CN030_F1,20.0,30.0,12.0,18.0,0.0,3.125,-2.564102564102555,-2.0,130.5,141.0,0.04716148286697053,0.206341077331345,0.0,29.5,-0.07511986963386907
California,unlimited_useful_deadline,T060_P03_H1000_I0986_F1,T060_P03_H1000_I0986_CN030_F1,T060_P03_H1000_I0986_CN040_F1,30.0,40.0,18.0,24.0,0.0,6.25,8.974358974358978,-35.71805555555572,211.5,196.0,0.08641859780603112,1.574468085106389,-1.0,7.5,-0.07687834706061403
California,unlimited_useful_deadline,T060_P03_H1000_I0986_F1,T060_P03_H1000_I0986_CN040_F1,T060_P03_H1000_I0986_CN050_F1,40.0,50.0,24.0,30.0,0.0,0.0,0.0,-5.166666666666671,130.0,144.0,-0.0003232377600014269,0.7409019077937842,0.0,-14.5,-0.0672695650956121
California,unlimited_useful_deadline,T060_P03_H1000_I0986_F1,T060_P03_H1000_I0986_CN050_F1,T060_P03_H1000_I0986_CN060_F1,50.0,60.0,30.0,36.0,0.0,0.0,0.0,0.0,178.0,172.0,0.03412186275948448,-0.26424465895179594,1.0,15.5,-0.04751924051827516
California,unlimited_useful_deadline,T060_P03_H1000_I0986_F1,T060_P03_H1000_I0986_CN060_F1,T060_P03_H1000_I0986_CN070_F1,60.0,70.0,36.0,42.0,0.0,3.125,1.2820512820512704,-4.913194444444514,142.5,150.0,0.004898075264033408,0.5871725383920534,1.0,-23.0,-0.030499939409346588
California,unlimited_useful_deadline,T060_P03_H1000_I0986_F1,T060_P03_H1000_I0986_CN070_F1,T060_P03_H1000_I0986_CN080_F1,70.0,80.0,42.0,48.0,0.0,0.0,0.0,-2.5173611111107164,176.5,173.0,0.011497776481284583,0.0,0.0,20.5,-0.09698601393902173
California,unlimited_useful_deadline,T060_P03_H1000_I0986_F1,T060_P03_H1000_I0986_CN080_F1,T060_P03_H1000_I0986_CN090_F1,80.0,90.0,48.0,54.0,0.0,0.0,0.0,2.4305555555552303,130.0,141.0,-0.006128097746633365,0.0,0.0,-17.0,0.000743911352805382
California,unlimited_useful_deadline,T060_P03_H1000_I0986_F1,T060_P03_H1000_I0986_CN090_F1,T060_P03_H1000_I0986_CN100_F1,90.0,100.0,54.0,60.0,0.0,0.0,0.0,-13.649305555552559,181.5,177.0,0.01134417098511209,0.0,0.0,-2.5,-0.12787105515195418
California,unlimited_useful_deadline,T060_P05_H0500_I0600_F1,T060_P05_H0500_I0600_CN000_F1,T060_P05_H0500_I0600_CN010_F1,0.0,10.0,0.0,6.0,9.375,3.125,34.00693370053514,,260.0,325.0,0.37407099076554073,62.780269058295964,5.0,34.0,0.8402654867256638
California,unlimited_useful_deadline,T060_P05_H0500_I0600_F1,T060_P05_H0500_I0600_CN010_F1,T060_P05_H0500_I0600_CN020_F1,10.0,20.0,6.0,12.0,6.25,28.125,10.960547790848082,23.915277777750703,181.5,192.0,0.11076630606873816,16.821324567202048,1.0,4.0,-0.07271075727502363
California,unlimited_useful_deadline,T060_P05_H0500_I0600_F1,T060_P05_H0500_I0600_CN020_F1,T060_P05_H0500_I0600_CN030_F1,20.0,30.0,12.0,18.0,-3.125,50.0,2.508235678598595,29.2659722222254,136.5,142.0,0.0005600924361363058,7.832961348323977,0.0,15.0,-0.05631663421254496
California,unlimited_useful_deadline,T060_P05_H0500_I0600_F1,T060_P05_H0500_I0600_CN030_F1,T060_P05_H0500_I0600_CN040_F1,30.0,40.0,18.0,24.0,6.25,3.125,2.455357142857139,-47.4659722222174,151.5,145.0,-0.003509272091569704,3.3901309901321355,3.0,-22.0,-0.03933401506629841
California,unlimited_useful_deadline,T060_P05_H0500_I0600_F1,T060_P05_H0500_I0600_CN040_F1,T060_P05_H0500_I0600_CN050_F1,40.0,50.0,24.0,30.0,3.125,6.25,1.5625,-6.367361111119678,137.5,131.0,-0.032423434046702226,2.954991149056326,-1.0,5.5,-0.06041501735823074
California,unlimited_useful_deadline,T060_P05_H0500_I0600_F1,T060_P05_H0500_I0600_CN050_F1,T060_P05_H0500_I0600_CN060_F1,50.0,60.0,30.0,36.0,0.0,-3.125,0.5505952380952408,-21.815972222219955,177.0,162.0,0.0028460728884606157,1.301623699997677,-1.0,-10.0,-0.04772984905435229
California,unlimited_useful_deadline,T060_P05_H0500_I0600_F1,T060_P05_H0500_I0600_CN060_F1,T060_P05_H0500_I0600_CN070_F1,60.0,70.0,36.0,42.0,12.5,-3.125,0.5505952380952266,-4.000000000001947,156.0,146.0,-0.026726544273502406,2.6459719142646065,0.0,-11.0,-0.019176408074677243
California,unlimited_useful_deadline,T060_P05_H0500_I0600_F1,T060_P05_H0500_I0600_CN070_F1,T060_P05_H0500_I0600_CN080_F1,70.0,80.0,42.0,48.0,-9.375,12.5,0.6845238095238102,5.000000000001947,90.0,96.0,-0.058327223903969605,1.188716432618861,2.0,-30.5,-0.001389957664102326
California,unlimited_useful_deadline,T060_P05_H0500_I0600_F1,T060_P05_H0500_I0600_CN080_F1,T060_P05_H0500_I0600_CN090_F1,80.0,90.0,48.0,54.0,3.125,0.0,1.25,-2.184027777769373,218.0,191.0,0.0115923684621283,0.43466019075775364,0.0,-12.0,-0.09368144736896844
California,unlimited_useful_deadline,T060_P05_H0500_I0600_F1,T060_P05_H0500_I0600_CN090_F1,T060_P05_H0500_I0600_CN100_F1,90.0,100.0,54.0,60.0,6.25,0.0,0.0,-12.00000000000631,156.0,140.0,-0.025153583614002772,0.6493506493506516,0.0,-8.0,-0.02961734532480298
California,unlimited_useful_deadline,T060_P05_H0500_I0800_F1,T060_P05_H0500_I0800_CN000_F1,T060_P05_H0500_I0800_CN010_F1,0.0,10.0,0.0,6.0,71.875,50.0,44.33367132388072,,265.0,309.0,0.2470211032654862,88.49104859335038,4.0,-50.5,0.9096936080295828
California,unlimited_useful_deadline,T060_P05_H0500_I0800_F1,T060_P05_H0500_I0800_CN010_F1,T060_P05_H0500_I0800_CN020_F1,10.0,20.0,6.0,12.0,3.125,28.125,9.724045868347332,-188.9152777777717,196.5,185.0,-0.019889014382565406,10.828100342819823,1.0,11.5,-0.05950910618456429
California,unlimited_useful_deadline,T060_P05_H0500_I0800_F1,T060_P05_H0500_I0800_CN020_F1,T060_P05_H0500_I0800_CN030_F1,20.0,30.0,12.0,18.0,18.75,12.5,11.867559523809518,-24.131944444446574,190.0,171.0,-0.02747137020867474,0.6808510638297918,0.0,35.5,-0.04189045021763338
California,unlimited_useful_deadline,T060_P05_H0500_I0800_F1,T060_P05_H0500_I0800_CN030_F1,T060_P05_H0500_I0800_CN040_F1,30.0,40.0,18.0,24.0,-9.375,-6.25,1.0602678571428612,-12.383333333333098,155.0,151.0,-0.07089067713801311,0.0,2.0,-3.0,-0.0852987464630659
California,unlimited_useful_deadline,T060_P05_H0500_I0800_F1,T060_P05_H0500_I0800_CN040_F1,T060_P05_H0500_I0800_CN050_F1,40.0,50.0,24.0,30.0,12.5,12.5,2.5855654761904816,-18.484722222223837,178.5,156.0,-0.02556273492420702,0.0,2.0,-1.0,-0.04601643414571299
California,unlimited_useful_deadline,T060_P05_H0500_I0800_F1,T060_P05_H0500_I0800_CN050_F1,T060_P05_H0500_I0800_CN060_F1,50.0,60.0,30.0,36.0,3.125,0.0,0.0,1.000000000006679,152.5,155.0,-0.037912996859319814,0.0,-2.0,7.0,-0.02994213743947194
California,unlimited_useful_deadline,T060_P05_H0500_I0800_F1,T060_P05_H0500_I0800_CN060_F1,T060_P05_H0500_I0800_CN070_F1,60.0,70.0,36.0,42.0,0.0,3.125,0.78125,-2.000000000009223,167.0,152.0,-0.016901493801577017,0.0,2.0,34.0,0.0009753876329869904
California,unlimited_useful_deadline,T060_P05_H0500_I0800_F1,T060_P05_H0500_I0800_CN070_F1,T060_P05_H0500_I0800_CN080_F1,70.0,80.0,42.0,48.0,0.0,-3.125,-0.78125,-2.1319444444444002,146.0,149.0,-0.03133411567474398,0.0,-1.0,-14.0,-0.10209419936099695
California,unlimited_useful_deadline,T060_P05_H0500_I0800_F1,T060_P05_H0500_I0800_CN080_F1,T060_P05_H0500_I0800_CN090_F1,80.0,90.0,48.0,54.0,0.0,3.125,0.78125,-2.8680555555549887,155.0,146.0,-0.024582266657685703,0.0,1.0,9.0,-0.03572549851979523
California,unlimited_useful_deadline,T060_P05_H0500_I0800_F1,T060_P05_H0500_I0800_CN090_F1,T060_P05_H0500_I0800_CN100_F1,90.0,100.0,54.0,60.0,0.0,0.0,0.0,0.0,158.5,149.0,-0.01995559133489444,0.0,1.0,11.5,-0.04535117527569721
California,unlimited_useful_deadline,T060_P05_H0500_I0986_F1,T060_P05_H0500_I0986_CN000_F1,T060_P05_H0500_I0986_CN010_F1,0.0,10.0,0.0,6.0,78.125,59.375,48.264362515136504,,231.0,287.0,0.22734505638277336,84.60388639760838,5.0,-31.5,0.9196507936507936
California,unlimited_useful_deadline,T060_P05_H0500_I0986_F1,T060_P05_H0500_I0986_CN010_F1,T060_P05_H0500_I0986_CN020_F1,10.0,20.0,6.0,12.0,0.0,18.75,5.063492063492063,-97.68402777778005,126.0,142.0,-0.09589441176056435,13.22456094223962,0.0,-5.0,-0.06419409139693832
California,unlimited_useful_deadline,T060_P05_H0500_I0986_F1,T060_P05_H0500_I0986_CN020_F1,T060_P05_H0500_I0986_CN030_F1,20.0,30.0,12.0,18.0,0.0,0.0,0.0,-28.29861111110901,108.0,127.0,-0.06449258637642608,2.1715526601520025,0.0,-6.5,-0.061840672430928834
California,unlimited_useful_deadline,T060_P05_H0500_I0986_F1,T060_P05_H0500_I0986_CN030_F1,T060_P05_H0500_I0986_CN040_F1,30.0,40.0,18.0,24.0,0.0,0.0,0.0,4.9999999999985505,127.0,134.0,-0.02865082208765668,-0.1437814521926697,1.0,-1.0,-0.08059955327032808
California,unlimited_useful_deadline,T060_P05_H0500_I0986_F1,T060_P05_H0500_I0986_CN040_F1,T060_P05_H0500_I0986_CN050_F1,40.0,50.0,24.0,30.0,0.0,0.0,0.0,-32.00000000000048,77.0,101.0,-0.05229104477844965,0.1437814521926697,1.0,-7.5,-0.07332967565774373
California,unlimited_useful_deadline,T060_P05_H0500_I0986_F1,T060_P05_H0500_I0986_CN050_F1,T060_P05_H0500_I0986_CN060_F1,50.0,60.0,30.0,36.0,3.125,0.0,0.6666666666666714,11.0,145.5,150.0,-0.009400834610920339,0.0,0.0,11.5,-0.02914103625585507
California,unlimited_useful_deadline,T060_P05_H0500_I0986_F1,T060_P05_H0500_I0986_CN060_F1,T060_P05_H0500_I0986_CN070_F1,60.0,70.0,36.0,42.0,-3.125,0.0,-0.6666666666666714,-15.99999999999855,85.5,109.0,-0.0371621187175995,0.0,1.0,24.5,-0.03283991274878728
California,unlimited_useful_deadline,T060_P05_H0500_I0986_F1,T060_P05_H0500_I0986_CN070_F1,T060_P05_H0500_I0986_CN080_F1,70.0,80.0,42.0,48.0,3.125,0.0,2.0,-3.131944444445736,146.0,153.0,-0.005873308820639467,0.0,2.0,-23.5,-0.12591825988180005
California,unlimited_useful_deadline,T060_P05_H0500_I0986_F1,T060_P05_H0500_I0986_CN080_F1,T060_P05_H0500_I0986_CN090_F1,80.0,90.0,48.0,54.0,0.0,0.0,-0.6666666666666572,1.0,118.5,128.0,-0.013188876186337017,0.0,-2.0,-5.5,-0.013093714457391714
California,unlimited_useful_deadline,T060_P05_H0500_I0986_F1,T060_P05_H0500_I0986_CN090_F1,T060_P05_H0500_I0986_CN100_F1,90.0,100.0,54.0,60.0,0.0,0.0,0.6666666666666572,-1.0,110.5,122.0,-0.016425365213941612,0.0,1.0,3.0,-0.06760976540148778
California,unlimited_useful_deadline,T060_P05_H0800_I0600_F1,T060_P05_H0800_I0600_CN000_F1,T060_P05_H0800_I0600_CN010_F1,0.0,10.0,0.0,6.0,15.625,6.25,23.467136998372155,18.33333333333333,222.5,285.0,0.23591106987100646,54.751131221719454,3.0,31.0,0.8253698868581376
California,unlimited_useful_deadline,T060_P05_H0800_I0600_F1,T060_P05_H0800_I0600_CN010_F1,T060_P05_H0800_I0600_CN020_F1,10.0,20.0,6.0,12.0,0.0,31.25,7.76800180095664,85.11805555556106,174.0,186.0,0.11989556389180833,20.33003760944937,2.0,-9.0,-0.07065248587905426
California,unlimited_useful_deadline,T060_P05_H0800_I0600_F1,T060_P05_H0800_I0600_CN020_F1,T060_P05_H0800_I0600_CN030_F1,20.0,30.0,12.0,18.0,9.375,43.75,4.243889063445508,78.04930555555015,145.5,147.0,0.05457989254229689,8.963479888463482,1.0,13.0,-0.04081207553529631
California,unlimited_useful_deadline,T060_P05_H0800_I0600_F1,T060_P05_H0800_I0600_CN030_F1,T060_P05_H0800_I0600_CN040_F1,30.0,40.0,18.0,24.0,-3.125,-3.125,-0.6473214285714306,-137.96527777777789,133.5,131.0,0.017156747416851026,4.335239548524115,1.0,-15.5,-0.05361569129744548
California,unlimited_useful_deadline,T060_P05_H0800_I0600_F1,T060_P05_H0800_I0600_CN040_F1,T060_P05_H0800_I0600_CN050_F1,40.0,50.0,24.0,30.0,0.0,3.125,0.4464285714285694,3.1319444444471998,163.5,152.0,0.026444426166139956,3.637116927875695,1.0,16.0,-0.020453500564097116
California,unlimited_useful_deadline,T060_P05_H0800_I0600_F1,T060_P05_H0800_I0600_CN050_F1,T060_P05_H0800_I0600_CN060_F1,50.0,60.0,30.0,36.0,9.375,6.25,1.25,-23.13194444444575,145.0,140.0,0.005115430256687037,2.374353341566561,-1.0,-11.5,-0.039627800248910994
California,unlimited_useful_deadline,T060_P05_H0800_I0600_F1,T060_P05_H0800_I0600_CN060_F1,T060_P05_H0800_I0600_CN070_F1,60.0,70.0,36.0,42.0,0.0,0.0,0.78125,3.868055555559124,174.5,167.0,0.011746074012901175,2.0164789079746157,0.0,-35.0,-0.014409558928317079
California,unlimited_useful_deadline,T060_P05_H0800_I0600_F1,T060_P05_H0800_I0600_CN070_F1,T060_P05_H0800_I0600_CN080_F1,70.0,80.0,42.0,48.0,0.0,0.0,0.0,-8.386111111114104,118.0,113.0,-0.0232274945752744,2.5560662977422197,2.0,-45.0,0.008816610210368392
California,unlimited_useful_deadline,T060_P05_H0800_I0600_F1,T060_P05_H0800_I0600_CN080_F1,T060_P05_H0800_I0600_CN090_F1,80.0,90.0,48.0,54.0,0.0,0.0,0.0,-4.165972222219722,147.5,147.0,-0.01030370030314609,-0.24166461949440077,0.0,28.0,-0.059870205552023936
California,unlimited_useful_deadline,T060_P05_H0800_I0600_F1,T060_P05_H0800_I0600_CN090_F1,T060_P05_H0800_I0600_CN100_F1,90.0,100.0,54.0,60.0,0.0,0.0,0.0,-10.315972222226748,166.5,149.0,-0.00605650847678374,1.2777608761788883,0.0,-33.0,-0.04107780596819466
California,unlimited_useful_deadline,T060_P05_H0800_I0800_F1,T060_P05_H0800_I0800_CN000_F1,T060_P05_H0800_I0800_CN010_F1,0.0,10.0,0.0,6.0,75.0,34.375,32.19653016939202,,223.0,242.0,0.20906430181927765,85.21031207598372,6.0,-60.0,0.9070671378091872
California,unlimited_useful_deadline,T060_P05_H0800_I0800_F1,T060_P05_H0800_I0800_CN010_F1,T060_P05_H0800_I0800_CN020_F1,10.0,20.0,6.0,12.0,3.125,43.75,13.188634282384271,-190.29861111111146,208.0,200.0,0.07873147310581097,12.621431202420439,-1.0,-18.5,-0.07441829985948956
California,unlimited_useful_deadline,T060_P05_H0800_I0800_F1,T060_P05_H0800_I0800_CN020_F1,T060_P05_H0800_I0800_CN030_F1,20.0,30.0,12.0,18.0,6.25,6.25,10.282738095238102,-18.184027777777615,179.0,166.0,0.012587893659309346,2.1682567215958386,0.0,11.0,-0.050604768563855984
California,unlimited_useful_deadline,T060_P05_H0800_I0800_F1,T060_P05_H0800_I0800_CN030_F1,T060_P05_H0800_I0800_CN040_F1,30.0,40.0,18.0,24.0,3.125,9.375,3.6011904761904816,-12.999999999999517,176.0,164.0,-0.019408007571807162,0.0,1.0,8.0,-0.06029425835031632
California,unlimited_useful_deadline,T060_P05_H0800_I0800_F1,T060_P05_H0800_I0800_CN040_F1,T060_P05_H0800_I0800_CN050_F1,40.0,50.0,24.0,30.0,12.5,0.0,0.4464285714285694,-16.999999999999034,156.0,144.0,-0.017422990973716246,0.0,4.0,-5.5,-0.032068805718947324
California,unlimited_useful_deadline,T060_P05_H0800_I0800_F1,T060_P05_H0800_I0800_CN050_F1,T060_P05_H0800_I0800_CN060_F1,50.0,60.0,30.0,36.0,-3.125,3.125,0.4464285714285694,1.7840277777781068,164.0,162.0,-0.019383429295370402,0.0,-3.0,6.5,-0.09421006621268013
California,unlimited_useful_deadline,T060_P05_H0800_I0800_F1,T060_P05_H0800_I0800_CN060_F1,T060_P05_H0800_I0800_CN070_F1,60.0,70.0,36.0,42.0,3.125,3.125,1.5625,-13.950694444440039,170.5,155.0,-0.006114899623594683,0.0,2.0,24.0,-0.015307564317260436
California,unlimited_useful_deadline,T060_P05_H0800_I0800_F1,T060_P05_H0800_I0800_CN070_F1,T060_P05_H0800_I0800_CN080_F1,70.0,80.0,42.0,48.0,0.0,-3.125,-0.78125,-4.031944444447561,149.5,152.0,-0.022905693991788212,0.0,5.0,11.0,-0.03646492542998936
California,unlimited_useful_deadline,T060_P05_H0800_I0800_F1,T060_P05_H0800_I0800_CN080_F1,T060_P05_H0800_I0800_CN090_F1,80.0,90.0,48.0,54.0,0.0,3.125,0.78125,8.031944444441613,157.0,148.0,-0.019097853262097564,0.0,-2.0,-6.0,-0.08030496564737488
California,unlimited_useful_deadline,T060_P05_H0800_I0800_F1,T060_P05_H0800_I0800_CN090_F1,T060_P05_H0800_I0800_CN100_F1,90.0,100.0,54.0,60.0,0.0,0.0,0.0,-15.16388888888735,157.5,151.0,-0.016683080060842737,0.0,3.0,5.5,-0.05736530954169172
California,unlimited_useful_deadline,T060_P05_H0800_I0986_F1,T060_P05_H0800_I0986_CN000_F1,T060_P05_H0800_I0986_CN010_F1,0.0,10.0,0.0,6.0,37.5,53.125,46.83818221395621,,242.5,288.0,0.2674346143665154,89.51841359773371,5.0,-40.0,0.9123008849557523
California,unlimited_useful_deadline,T060_P05_H0800_I0986_F1,T060_P05_H0800_I0986_CN010_F1,T060_P05_H0800_I0986_CN020_F1,10.0,20.0,6.0,12.0,6.25,37.5,15.444444444444457,-132.98263888889875,192.0,185.0,0.04994492244855442,9.655898328871785,0.0,7.5,-0.06887550691498956
California,unlimited_useful_deadline,T060_P05_H0800_I0986_F1,T060_P05_H0800_I0986_CN020_F1,T060_P05_H0800_I0986_CN030_F1,20.0,30.0,12.0,18.0,0.0,-3.125,0.8333333333333286,-32.36736111110707,138.5,146.0,-0.01971914967474142,0.6793822943162269,1.0,-4.5,-0.05695478980546853
California,unlimited_useful_deadline,T060_P05_H0800_I0986_F1,T060_P05_H0800_I0986_CN030_F1,T060_P05_H0800_I0986_CN040_F1,30.0,40.0,18.0,24.0,3.125,6.25,2.5,-15.347916666671026,218.0,197.0,0.033332778575196786,0.035379545023914716,2.0,26.5,-0.05290604102912844
California,unlimited_useful_deadline,T060_P05_H0800_I0986_F1,T060_P05_H0800_I0986_CN040_F1,T060_P05_H0800_I0986_CN050_F1,40.0,50.0,24.0,30.0,0.0,0.0,0.0,-15.284722222221902,141.0,140.0,-0.026616763623687367,0.11092623405436086,-1.0,-18.0,-0.060474873743543434
California,unlimited_useful_deadline,T060_P05_H0800_I0986_F1,T060_P05_H0800_I0986_CN050_F1,T060_P05_H0800_I0986_CN060_F1,50.0,60.0,30.0,36.0,0.0,0.0,0.0,1.1333333333331979,179.5,175.0,-0.007663030752716127,0.0,1.0,16.0,-0.05638056197422392
California,unlimited_useful_deadline,T060_P05_H0800_I0986_F1,T060_P05_H0800_I0986_CN060_F1,T060_P05_H0800_I0986_CN070_F1,60.0,70.0,36.0,42.0,0.0,0.0,0.0,-11.265277777755173,162.5,156.0,-0.02145400033565903,0.0,0.0,8.5,-0.011601484264309736
California,unlimited_useful_deadline,T060_P05_H0800_I0986_F1,T060_P05_H0800_I0986_CN070_F1,T060_P05_H0800_I0986_CN080_F1,70.0,80.0,42.0,48.0,0.0,0.0,0.0,-4.235416666688977,138.5,148.0,-0.022748971097320325,0.0,1.0,-4.0,0.0034179268238534455
California,unlimited_useful_deadline,T060_P05_H0800_I0986_F1,T060_P05_H0800_I0986_CN080_F1,T060_P05_H0800_I0986_CN090_F1,80.0,90.0,48.0,54.0,0.0,0.0,0.0,3.833333333342793,194.0,177.0,-0.002104626718510416,0.0,-1.0,2.0,-0.09265824789286614
California,unlimited_useful_deadline,T060_P05_H0800_I0986_F1,T060_P05_H0800_I0986_CN090_F1,T060_P05_H0800_I0986_CN100_F1,90.0,100.0,54.0,60.0,0.0,0.0,0.0,-7.4659722222284515,145.0,143.0,-0.020081116478964656,0.0,1.0,-1.5,-0.05754776212124613
California,unlimited_useful_deadline,T060_P05_H1000_I0600_F1,T060_P05_H1000_I0600_CN000_F1,T060_P05_H1000_I0600_CN010_F1,0.0,10.0,0.0,6.0,6.25,9.375,20.10223360177406,34.40138888888906,198.5,256.0,0.18331627489114238,53.333333333333336,3.0,19.5,0.8378026070763502
California,unlimited_useful_deadline,T060_P05_H1000_I0600_F1,T060_P05_H1000_I0600_CN010_F1,T060_P05_H1000_I0600_CN020_F1,10.0,20.0,6.0,12.0,6.25,37.5,6.763028127917835,57.4659722222236,164.5,175.0,0.11082387284167555,19.048423423423422,2.0,-1.0,-0.11131494379623397
California,unlimited_useful_deadline,T060_P05_H1000_I0600_F1,T060_P05_H1000_I0600_CN020_F1,T060_P05_H1000_I0600_CN030_F1,20.0,30.0,12.0,18.0,9.375,15.625,1.5004960317460245,49.35069444445131,143.5,139.0,0.0642698425073428,11.846659286751063,0.0,-6.0,-0.05236485626257226
California,unlimited_useful_deadline,T060_P05_H1000_I0600_F1,T060_P05_H1000_I0600_CN030_F1,T060_P05_H1000_I0600_CN040_F1,30.0,40.0,18.0,24.0,-3.125,3.125,-0.27281746031745513,-121.18402777778586,123.0,134.0,0.022905987369786107,3.890395837680302,2.0,4.5,-0.020884711779448617
California,unlimited_useful_deadline,T060_P05_H1000_I0600_F1,T060_P05_H1000_I0600_CN040_F1,T060_P05_H1000_I0600_CN050_F1,40.0,50.0,24.0,30.0,-3.125,0.0,-0.4464285714285694,-2.7326388888888147,156.0,143.0,0.035860066727614215,3.3548204500095125,1.0,19.0,-0.04484361002573145
California,unlimited_useful_deadline,T060_P05_H1000_I0600_F1,T060_P05_H1000_I0600_CN050_F1,T060_P05_H1000_I0600_CN060_F1,50.0,60.0,30.0,36.0,6.25,0.0,0.8928571428571388,-12.267361111108272,158.0,152.0,0.026952280076793733,3.2811651101669668,-1.0,-28.0,-0.048399829947799455
California,unlimited_useful_deadline,T060_P05_H1000_I0600_F1,T060_P05_H1000_I0600_CN060_F1,T060_P05_H1000_I0600_CN070_F1,60.0,70.0,36.0,42.0,0.0,6.25,1.6741071428571388,-8.430555555558513,163.0,156.0,0.01808625159900723,1.6136039064452063,2.0,-4.5,-0.03244856883361846
California,unlimited_useful_deadline,T060_P05_H1000_I0600_F1,T060_P05_H1000_I0600_CN070_F1,T060_P05_H1000_I0600_CN080_F1,70.0,80.0,42.0,48.0,3.125,3.125,0.78125,-6.219444444440768,86.0,97.0,-0.028104021044325078,1.7321966120916983,0.0,-36.0,-0.0483624129615583
California,unlimited_useful_deadline,T060_P05_H1000_I0600_F1,T060_P05_H1000_I0600_CN080_F1,T060_P05_H1000_I0600_CN090_F1,80.0,90.0,48.0,54.0,9.375,6.25,1.25,-6.780555555531819,210.5,185.0,0.028699598237203916,1.2560196871573197,0.0,-3.0,-0.08567770660575658
California,unlimited_useful_deadline,T060_P05_H1000_I0600_F1,T060_P05_H1000_I0600_CN090_F1,T060_P05_H1000_I0600_CN100_F1,90.0,100.0,54.0,60.0,0.0,0.0,0.0,-6.385416666694198,142.5,139.0,-0.0093892952452721,0.643382352941174,0.0,-14.5,-0.03715477079134444
California,unlimited_useful_deadline,T060_P05_H1000_I0800_F1,T060_P05_H1000_I0800_CN000_F1,T060_P05_H1000_I0800_CN010_F1,0.0,10.0,0.0,6.0,65.625,37.5,33.751223866713005,,223.0,240.0,0.20610562624425957,87.12328767123287,4.0,-62.5,0.9153823701109165
California,unlimited_useful_deadline,T060_P05_H1000_I0800_F1,T060_P05_H1000_I0800_CN010_F1,T060_P05_H1000_I0800_CN020_F1,10.0,20.0,6.0,12.0,6.25,40.625,8.54687253535937,-248.41388888888855,169.5,171.0,0.06255365087856718,12.221894742237666,1.0,-2.0,-0.0659933680742566
California,unlimited_useful_deadline,T060_P05_H1000_I0800_F1,T060_P05_H1000_I0800_CN020_F1,T060_P05_H1000_I0800_CN030_F1,20.0,30.0,12.0,18.0,12.5,6.25,13.735119047619065,-2.5340277777782205,198.5,183.0,0.056819784864114764,0.654817586529461,1.0,-12.5,-0.07153047490487685
California,unlimited_useful_deadline,T060_P05_H1000_I0800_F1,T060_P05_H1000_I0800_CN030_F1,T060_P05_H1000_I0800_CN040_F1,30.0,40.0,18.0,24.0,-6.25,-3.125,-0.9151785714285836,-3.334027777777493,143.0,138.0,-0.018076572494473808,0.0,1.0,13.0,-0.061452433726290945
California,unlimited_useful_deadline,T060_P05_H1000_I0800_F1,T060_P05_H1000_I0800_CN040_F1,T060_P05_H1000_I0800_CN050_F1,40.0,50.0,24.0,30.0,9.375,3.125,3.705357142857139,-20.0,189.0,171.0,0.018929780940423413,0.0,3.0,-11.5,-0.08233311510174457
California,unlimited_useful_deadline,T060_P05_H1000_I0800_F1,T060_P05_H1000_I0800_CN050_F1,T060_P05_H1000_I0800_CN060_F1,50.0,60.0,30.0,36.0,9.375,12.5,2.373511904761912,-6.18333333333382,172.0,169.0,-0.004777941817484588,0.0,1.0,2.5,-0.0821030894617607
California,unlimited_useful_deadline,T060_P05_H1000_I0800_F1,T060_P05_H1000_I0800_CN060_F1,T060_P05_H1000_I0800_CN070_F1,60.0,70.0,36.0,42.0,-3.125,-3.125,0.5208333333333286,-5.399999999996609,166.5,155.0,0.00044728612136168966,0.0,-3.0,10.0,-0.0297681215371266
California,unlimited_useful_deadline,T060_P05_H1000_I0800_F1,T060_P05_H1000_I0800_CN070_F1,T060_P05_H1000_I0800_CN080_F1,70.0,80.0,42.0,48.0,-3.125,3.125,-0.5208333333333286,2.5833333333304296,141.5,143.0,-0.01906435554933572,0.0,1.0,8.0,-0.06599579615423967
California,unlimited_useful_deadline,T060_P05_H1000_I0800_F1,T060_P05_H1000_I0800_CN080_F1,T060_P05_H1000_I0800_CN090_F1,80.0,90.0,48.0,54.0,9.375,0.0,0.0,-15.565972222222385,165.5,158.0,-0.010441347069490625,0.0,3.0,-14.0,-0.07104837512345918
California,unlimited_useful_deadline,T060_P05_H1000_I0800_F1,T060_P05_H1000_I0800_CN090_F1,T060_P05_H1000_I0800_CN100_F1,90.0,100.0,54.0,60.0,0.0,0.0,1.0416666666666714,0.0,161.5,152.0,-0.011159379242783096,0.0,0.0,6.5,-0.05510960783963825
California,unlimited_useful_deadline,T060_P05_H1000_I0986_F1,T060_P05_H1000_I0986_CN000_F1,T060_P05_H1000_I0986_CN010_F1,0.0,10.0,0.0,6.0,15.625,37.5,37.26151278202362,,215.0,258.0,0.20852788829320493,83.03571428571429,5.0,-29.5,0.9182344921608725
California,unlimited_useful_deadline,T060_P05_H1000_I0986_F1,T060_P05_H1000_I0986_CN010_F1,T060_P05_H1000_I0986_CN020_F1,10.0,20.0,6.0,12.0,6.25,50.0,14.101332147384767,-147.91736111116433,168.5,173.0,0.05613381630724168,12.107992354523574,0.0,-31.5,-0.08486387321978373
California,unlimited_useful_deadline,T060_P05_H1000_I0986_F1,T060_P05_H1000_I0986_CN020_F1,T060_P05_H1000_I0986_CN030_F1,20.0,30.0,12.0,18.0,6.25,6.25,6.666666666666671,-46.51666666666678,218.0,202.0,0.07034863464284541,3.4722103147794314,0.0,11.5,-0.06058049548429856
California,unlimited_useful_deadline,T060_P05_H1000_I0986_F1,T060_P05_H1000_I0986_CN030_F1,T060_P05_H1000_I0986_CN040_F1,30.0,40.0,18.0,24.0,0.0,-6.25,-3.3333333333333286,-9.000694444444406,145.0,145.0,-0.005456652365605996,0.692440393685871,2.0,3.0,-0.0713417350438974
California,unlimited_useful_deadline,T060_P05_H1000_I0986_F1,T060_P05_H1000_I0986_CN040_F1,T060_P05_H1000_I0986_CN050_F1,40.0,50.0,24.0,30.0,0.0,3.125,2.5,-4.597222222189885,170.0,161.0,0.003162504677525546,0.5952571091281555,0.0,8.0,-0.04351909548359978
California,unlimited_useful_deadline,T060_P05_H1000_I0986_F1,T060_P05_H1000_I0986_CN050_F1,T060_P05_H1000_I0986_CN060_F1,50.0,60.0,30.0,36.0,0.0,3.125,0.8333333333333286,3.999999999967983,177.0,173.0,0.0007435129976488541,0.0963855421686759,0.0,-16.0,-0.06146854646854649
California,unlimited_useful_deadline,T060_P05_H1000_I0986_F1,T060_P05_H1000_I0986_CN060_F1,T060_P05_H1000_I0986_CN070_F1,60.0,70.0,36.0,42.0,0.0,0.0,0.0,-4.868055555539712,157.5,157.0,-0.016136954298760497,0.0,0.0,9.5,-0.04686493996838825
California,unlimited_useful_deadline,T060_P05_H1000_I0986_F1,T060_P05_H1000_I0986_CN070_F1,T060_P05_H1000_I0986_CN080_F1,70.0,80.0,42.0,48.0,0.0,0.0,0.0,-13.131944444432158,145.0,152.0,-0.015518659637176246,0.0,3.0,11.5,-0.056808883767163865
California,unlimited_useful_deadline,T060_P05_H1000_I0986_F1,T060_P05_H1000_I0986_CN080_F1,T060_P05_H1000_I0986_CN090_F1,80.0,90.0,48.0,54.0,0.0,0.0,0.0,-6.868055555568809,179.0,166.0,-0.0021171297118520727,0.0,0.0,-8.0,-0.05780825118345145
California,unlimited_useful_deadline,T060_P05_H1000_I0986_F1,T060_P05_H1000_I0986_CN090_F1,T060_P05_H1000_I0986_CN100_F1,90.0,100.0,54.0,60.0,0.0,0.0,0.0,-3.9999999999956373,150.0,150.0,-0.015231816152133593,0.0,-2.0,4.5,-0.04916069275894008
California,unlimited_useful_deadline,T060_P10_H0500_I0600_F1,T060_P10_H0500_I0600_CN000_F1,T060_P10_H0500_I0600_CN010_F1,0.0,10.0,0.0,6.0,0.0,3.125,34.41702115688951,,238.5,312.0,0.3347996785044165,64.5618556701031,3.0,32.5,0.853074433656958
California,unlimited_useful_deadline,T060_P10_H0500_I0600_F1,T060_P10_H0500_I0600_CN010_F1,T060_P10_H0500_I0600_CN020_F1,10.0,20.0,6.0,12.0,0.0,62.5,10.671477903352184,-177.08333333333795,183.5,193.0,0.10578890103419081,17.76535342875954,2.0,18.0,-0.12990260772604723
California,unlimited_useful_deadline,T060_P10_H0500_I0600_F1,T060_P10_H0500_I0600_CN020_F1,T060_P10_H0500_I0600_CN030_F1,20.0,30.0,12.0,18.0,0.0,12.5,2.494848901098919,-33.91666666666629,113.0,118.0,-0.021513063314707148,7.665486299238168,0.0,-4.5,-0.04365580684433956
California,unlimited_useful_deadline,T060_P10_H0500_I0600_F1,T060_P10_H0500_I0600_CN030_F1,T060_P10_H0500_I0600_CN040_F1,30.0,40.0,18.0,24.0,12.5,6.25,5.50595238095238,0.0,216.5,192.0,0.08149341182417547,4.513408930423054,1.0,26.5,0.010690166480439078
California,unlimited_useful_deadline,T060_P10_H0500_I0600_F1,T060_P10_H0500_I0600_CN040_F1,T060_P10_H0500_I0600_CN050_F1,40.0,50.0,24.0,30.0,6.25,0.0,1.0416666666666572,-17.615277777776285,136.0,134.0,-0.012454566363986896,2.504503193173349,2.0,-15.0,-0.06743510122966079
California,unlimited_useful_deadline,T060_P10_H0500_I0600_F1,T060_P10_H0500_I0600_CN050_F1,T060_P10_H0500_I0600_CN060_F1,50.0,60.0,30.0,36.0,0.0,0.0,-0.967261904761898,-16.85069444444646,127.5,127.0,-0.03260564303438995,-0.23087373037046177,0.0,13.0,-0.00929834743951985
California,unlimited_useful_deadline,T060_P10_H0500_I0600_F1,T060_P10_H0500_I0600_CN060_F1,T060_P10_H0500_I0600_CN070_F1,60.0,70.0,36.0,42.0,-6.25,6.25,2.455357142857139,-4.017361111110958,185.5,172.0,0.009341390330661947,0.9610069494139992,3.0,6.5,-0.05709386136007555
California,unlimited_useful_deadline,T060_P10_H0500_I0600_F1,T060_P10_H0500_I0600_CN070_F1,T060_P10_H0500_I0600_CN080_F1,70.0,80.0,42.0,48.0,0.0,-6.25,-1.0416666666666572,-4.9826388888875925,141.5,139.0,-0.01803731368222261,1.287083597174103,1.0,-4.0,-0.0427854949230968
California,unlimited_useful_deadline,T060_P10_H0500_I0600_F1,T060_P10_H0500_I0600_CN080_F1,T060_P10_H0500_I0600_CN090_F1,80.0,90.0,48.0,54.0,6.25,9.375,1.748511904761898,0.0,171.5,155.0,-0.00816199089073677,0.6113819158434239,0.0,-26.5,-0.08786059261193069
California,unlimited_useful_deadline,T060_P10_H0500_I0600_F1,T060_P10_H0500_I0600_CN090_F1,T060_P10_H0500_I0600_CN100_F1,90.0,100.0,54.0,60.0,0.0,3.125,0.78125,-7.0000000000014495,140.0,137.0,-0.021472299697161468,0.36079374624172544,0.0,-0.5,-0.04518846451905634
California,unlimited_useful_deadline,T060_P10_H0500_I0800_F1,T060_P10_H0500_I0800_CN000_F1,T060_P10_H0500_I0800_CN010_F1,0.0,10.0,0.0,6.0,78.125,53.125,42.22420397584872,,254.0,300.0,0.24393902324170214,90.85948158253751,5.0,-14.0,0.9180758807588076
California,unlimited_useful_deadline,T060_P10_H0500_I0800_F1,T060_P10_H0500_I0800_CN010_F1,T060_P10_H0500_I0800_CN020_F1,10.0,20.0,6.0,12.0,0.0,25.0,2.2230054302422673,-225.8652777777776,160.0,164.0,-0.05704593202872088,7.4311167080607845,1.0,-30.5,-0.09226497668703404
California,unlimited_useful_deadline,T060_P10_H0500_I0800_F1,T060_P10_H0500_I0800_CN020_F1,T060_P10_H0500_I0800_CN030_F1,20.0,30.0,12.0,18.0,3.125,0.0,5.3125,-18.416666666666657,143.5,142.0,-0.05410682857268778,1.7094017094017033,0.0,1.5,-0.07083852838116589
California,unlimited_useful_deadline,T060_P10_H0500_I0800_F1,T060_P10_H0500_I0800_CN030_F1,T060_P10_H0500_I0800_CN040_F1,30.0,40.0,18.0,24.0,9.375,6.25,7.708333333333343,-23.999999999991758,215.0,189.0,0.038020882841806825,0.0,0.0,43.5,-0.008691303073657064
California,unlimited_useful_deadline,T060_P10_H0500_I0800_F1,T060_P10_H0500_I0800_CN040_F1,T060_P10_H0500_I0800_CN050_F1,40.0,50.0,24.0,30.0,3.125,12.5,5.729166666666657,5.632638888880322,163.0,158.0,-0.02040887797144253,0.0,0.0,-5.5,-0.07649515523946282
California,unlimited_useful_deadline,T060_P10_H0500_I0800_F1,T060_P10_H0500_I0800_CN050_F1,T060_P10_H0500_I0800_CN060_F1,50.0,60.0,30.0,36.0,0.0,0.0,0.0,-5.632638888880322,167.5,162.0,-0.011005279744466523,0.0,3.0,24.5,-0.046426899112647524
California,unlimited_useful_deadline,T060_P10_H0500_I0800_F1,T060_P10_H0500_I0800_CN060_F1,T060_P10_H0500_I0800_CN070_F1,60.0,70.0,36.0,42.0,0.0,-6.25,-1.8229166666666572,0.9999999999995168,159.5,161.0,-0.012767044822315943,0.0,1.0,-15.0,-0.07338426122836417
California,unlimited_useful_deadline,T060_P10_H0500_I0800_F1,T060_P10_H0500_I0800_CN070_F1,T060_P10_H0500_I0800_CN080_F1,70.0,80.0,42.0,48.0,3.125,6.25,1.8229166666666572,-3.0000000000033964,164.5,146.0,-0.011591230905123484,0.0,0.0,0.0,-0.05652298038672998
California,unlimited_useful_deadline,T060_P10_H0500_I0800_F1,T060_P10_H0500_I0800_CN080_F1,T060_P10_H0500_I0800_CN090_F1,80.0,90.0,48.0,54.0,-3.125,0.0,0.0,-7.00000000000437,149.0,149.0,-0.016324820865425194,0.0,0.0,20.0,-0.0708279685906874
California,unlimited_useful_deadline,T060_P10_H0500_I0800_F1,T060_P10_H0500_I0800_CN090_F1,T060_P10_H0500_I0800_CN100_F1,90.0,100.0,54.0,60.0,3.125,0.0,0.0,0.0,163.5,160.0,-0.009012934708410247,0.0,0.0,6.0,-0.05551829918884388
California,unlimited_useful_deadline,T060_P10_H0500_I0986_F1,T060_P10_H0500_I0986_CN000_F1,T060_P10_H0500_I0986_CN010_F1,0.0,10.0,0.0,6.0,78.125,25.0,40.00154268246375,,244.0,285.0,-0.00961554405873627,91.22562674094708,4.0,-45.5,0.9161649944258641
California,unlimited_useful_deadline,T060_P10_H0500_I0986_F1,T060_P10_H0500_I0986_CN010_F1,T060_P10_H0500_I0986_CN020_F1,10.0,20.0,6.0,12.0,0.0,53.125,6.3603404922054665,-53.49861111111093,151.5,169.0,-0.06522529887493317,8.774373259052922,3.0,9.5,-0.062343338374908575
California,unlimited_useful_deadline,T060_P10_H0500_I0986_F1,T060_P10_H0500_I0986_CN020_F1,T060_P10_H0500_I0986_CN030_F1,20.0,30.0,12.0,18.0,6.25,0.0,14.114583333333343,-27.999999999993705,232.5,203.0,0.014166976732520042,0.0,1.0,17.0,-0.08149662639496502
California,unlimited_useful_deadline,T060_P10_H0500_I0986_F1,T060_P10_H0500_I0986_CN030_F1,T060_P10_H0500_I0986_CN040_F1,30.0,40.0,18.0,24.0,6.25,3.125,1.5625,-3.0173611111170118,100.5,112.0,-0.06331210819067401,0.0,2.0,-7.0,-0.039595108723822214
California,unlimited_useful_deadline,T060_P10_H0500_I0986_F1,T060_P10_H0500_I0986_CN040_F1,T060_P10_H0500_I0986_CN050_F1,40.0,50.0,24.0,30.0,6.25,18.75,4.635416666666657,-19.613888888885413,229.0,202.0,0.02381259262201546,0.0,-5.0,22.0,-0.03723664004065719
California,unlimited_useful_deadline,T060_P10_H0500_I0986_F1,T060_P10_H0500_I0986_CN050_F1,T060_P10_H0500_I0986_CN060_F1,50.0,60.0,30.0,36.0,-3.125,-3.125,-1.0416666666666572,-0.36875000000338787,116.0,125.0,-0.03296917748428069,0.0,5.0,19.0,-0.018345816804733017
California,unlimited_useful_deadline,T060_P10_H0500_I0986_F1,T060_P10_H0500_I0986_CN060_F1,T060_P10_H0500_I0986_CN070_F1,60.0,70.0,36.0,42.0,0.0,0.0,-0.5208333333333428,-10.829861111111434,198.5,182.0,0.005586901940305311,0.0,-1.0,-19.0,-0.07923943543996304
California,unlimited_useful_deadline,T060_P10_H0500_I0986_F1,T060_P10_H0500_I0986_CN070_F1,T060_P10_H0500_I0986_CN080_F1,70.0,80.0,42.0,48.0,0.0,0.0,0.0,-2.5375000000004846,168.5,159.0,-0.0026739820348515297,0.0,1.0,3.5,-0.08886423058596571
California,unlimited_useful_deadline,T060_P10_H0500_I0986_F1,T060_P10_H0500_I0986_CN080_F1,T060_P10_H0500_I0986_CN090_F1,80.0,90.0,48.0,54.0,6.25,3.125,1.5625,-1.0,134.0,136.0,-0.011107368782157567,0.0,0.0,-7.5,-0.09128138126617436
California,unlimited_useful_deadline,T060_P10_H0500_I0986_F1,T060_P10_H0500_I0986_CN090_F1,T060_P10_H0500_I0986_CN100_F1,90.0,100.0,54.0,60.0,0.0,0.0,0.0,-5.764583333332851,158.5,153.0,-0.0038823101872861865,0.0,0.0,12.0,-0.02297484426987606
California,unlimited_useful_deadline,T060_P10_H0800_I0600_F1,T060_P10_H0800_I0600_CN000_F1,T060_P10_H0800_I0600_CN010_F1,0.0,10.0,0.0,6.0,0.0,0.0,26.214824552460428,0.0,200.0,251.0,0.21420210045498764,60.113154172560115,3.0,40.0,0.8720833333333333
California,unlimited_useful_deadline,T060_P10_H0800_I0600_F1,T060_P10_H0800_I0600_CN010_F1,T060_P10_H0800_I0600_CN020_F1,10.0,20.0,6.0,12.0,0.0,65.625,15.45080576126773,115.00069444444767,197.5,223.0,0.14449523029373612,20.739840382793787,2.0,8.5,-0.12585601719197692
California,unlimited_useful_deadline,T060_P10_H0800_I0600_F1,T060_P10_H0800_I0600_CN020_F1,T060_P10_H0800_I0600_CN030_F1,20.0,30.0,12.0,18.0,9.375,12.5,4.352678571428555,0.0,147.0,142.0,0.054042396400341364,10.12121747903005,3.0,0.5,-0.051558631311218406
California,unlimited_useful_deadline,T060_P10_H0800_I0600_F1,T060_P10_H0800_I0600_CN030_F1,T060_P10_H0800_I0600_CN040_F1,30.0,40.0,18.0,24.0,3.125,9.375,4.479166666666657,0.0,195.0,179.0,0.0787840269037311,3.7066390294458387,-4.0,28.0,-0.0070586219370560865
California,unlimited_useful_deadline,T060_P10_H0800_I0600_F1,T060_P10_H0800_I0600_CN040_F1,T060_P10_H0800_I0600_CN050_F1,40.0,50.0,24.0,30.0,0.0,-3.125,-2.291666666666657,-65.63263888889003,117.0,127.0,0.0037621718399248882,1.556772698546439,5.0,-13.0,-0.083919211158066
California,unlimited_useful_deadline,T060_P10_H0800_I0600_F1,T060_P10_H0800_I0600_CN050_F1,T060_P10_H0800_I0600_CN060_F1,50.0,60.0,30.0,36.0,0.0,-6.25,-0.4166666666666572,-1.3673611111114354,117.5,122.0,-0.01627238624577687,1.412043643388742,-2.0,27.5,0.030822840427401577
California,unlimited_useful_deadline,T060_P10_H0800_I0600_F1,T060_P10_H0800_I0600_CN060_F1,T060_P10_H0800_I0600_CN070_F1,60.0,70.0,36.0,42.0,0.0,9.375,2.7083333333333144,-20.649999999996353,208.0,188.0,0.03823207282949004,1.3020360760770302,5.0,-36.5,-0.00335427187256232
California,unlimited_useful_deadline,T060_P10_H0800_I0600_F1,T060_P10_H0800_I0600_CN070_F1,T060_P10_H0800_I0600_CN080_F1,70.0,80.0,42.0,48.0,0.0,0.0,0.0,1.9999999999956373,125.0,132.0,-0.01106034482922802,-0.3553323760563103,-2.0,16.5,-0.1035929829500466
California,unlimited_useful_deadline,T060_P10_H0800_I0600_F1,T060_P10_H0800_I0600_CN080_F1,T060_P10_H0800_I0600_CN090_F1,80.0,90.0,48.0,54.0,0.0,0.0,0.0,-7.516666666667277,165.0,152.0,-0.0002595035234945753,0.7269140372472265,3.0,-20.5,-0.035448210738823205
California,unlimited_useful_deadline,T060_P10_H0800_I0600_F1,T060_P10_H0800_I0600_CN090_F1,T060_P10_H0800_I0600_CN100_F1,90.0,100.0,54.0,60.0,0.0,3.125,0.5208333333333428,-4.597916666642533,155.0,147.0,-0.005128353358491489,0.6767148569670809,2.0,-30.0,-0.05393848396918788
California,unlimited_useful_deadline,T060_P10_H0800_I0800_F1,T060_P10_H0800_I0800_CN000_F1,T060_P10_H0800_I0800_CN010_F1,0.0,10.0,0.0,6.0,78.125,59.375,34.13491114149008,,222.0,260.0,0.2101806581056569,86.07594936708861,5.0,-62.0,0.9049295774647887
California,unlimited_useful_deadline,T060_P10_H0800_I0800_F1,T060_P10_H0800_I0800_CN010_F1,T060_P10_H0800_I0800_CN020_F1,10.0,20.0,6.0,12.0,0.0,18.75,2.2802745500113986,-194.64930555555526,163.5,165.0,0.028697524401323116,10.937538108826615,1.0,-7.5,-0.08790098535476343
California,unlimited_useful_deadline,T060_P10_H0800_I0800_F1,T060_P10_H0800_I0800_CN020_F1,T060_P10_H0800_I0800_CN030_F1,20.0,30.0,12.0,18.0,12.5,0.0,6.25,-13.465972222218497,156.5,153.0,0.0029404060819893107,2.616416299066273,0.0,0.5,-0.05333620197068978
California,unlimited_useful_deadline,T060_P10_H0800_I0800_F1,T060_P10_H0800_I0800_CN030_F1,T060_P10_H0800_I0800_CN040_F1,30.0,40.0,18.0,24.0,3.125,12.5,9.375,-20.999999999996604,183.5,173.0,0.03257157552979373,0.37009622501850004,1.0,33.5,-0.031468810420337334
California,unlimited_useful_deadline,T060_P10_H0800_I0800_F1,T060_P10_H0800_I0800_CN040_F1,T060_P10_H0800_I0800_CN050_F1,40.0,50.0,24.0,30.0,3.125,0.0,1.5625,-4.000000000007276,180.5,166.0,0.010538183766958809,0.0,0.0,6.5,-0.07992127741669575
California,unlimited_useful_deadline,T060_P10_H0800_I0800_F1,T060_P10_H0800_I0800_CN050_F1,T060_P10_H0800_I0800_CN060_F1,50.0,60.0,30.0,36.0,0.0,-3.125,-3.125,-5.0,133.5,139.0,-0.015768565373823762,0.0,1.0,-1.0,-0.012079088016588191
California,unlimited_useful_deadline,T060_P10_H0800_I0800_F1,T060_P10_H0800_I0800_CN060_F1,T060_P10_H0800_I0800_CN070_F1,60.0,70.0,36.0,42.0,0.0,3.125,1.5625,-6.999999999997584,188.5,179.0,0.011762811621392477,0.0,0.0,15.0,-0.12428675515171483
California,unlimited_useful_deadline,T060_P10_H0800_I0800_F1,T060_P10_H0800_I0800_CN070_F1,T060_P10_H0800_I0800_CN080_F1,70.0,80.0,42.0,48.0,3.125,3.125,3.90625,-6.000000000002423,171.0,152.0,-0.0019757095473355024,0.0,2.0,-22.5,-0.0733413427228693
California,unlimited_useful_deadline,T060_P10_H0800_I0800_F1,T060_P10_H0800_I0800_CN080_F1,T060_P10_H0800_I0800_CN090_F1,80.0,90.0,48.0,54.0,0.0,3.125,0.78125,-9.99999999999951,155.0,154.0,-0.008473653443163531,0.0,0.0,16.5,-0.0030329304170768623
California,unlimited_useful_deadline,T060_P10_H0800_I0800_F1,T060_P10_H0800_I0800_CN090_F1,T060_P10_H0800_I0800_CN100_F1,90.0,100.0,54.0,60.0,0.0,0.0,0.0,1.3020833333328454,160.5,160.0,-0.0053515280039651,0.0,0.0,-7.0,-0.07389673009389486
California,unlimited_useful_deadline,T060_P10_H0800_I0986_F1,T060_P10_H0800_I0986_CN000_F1,T060_P10_H0800_I0986_CN010_F1,0.0,10.0,0.0,6.0,25.0,31.25,37.11917993373585,,223.0,256.0,0.09252009532232147,85.28138528138528,4.0,-44.0,0.9152933832709114
California,unlimited_useful_deadline,T060_P10_H0800_I0986_F1,T060_P10_H0800_I0986_CN010_F1,T060_P10_H0800_I0986_CN020_F1,10.0,20.0,6.0,12.0,0.0,50.0,8.53222960336447,-57.96597222222239,201.5,209.0,0.01850646499262798,12.893797200366535,6.0,-3.5,-0.08240313105550578
California,unlimited_useful_deadline,T060_P10_H0800_I0986_F1,T060_P10_H0800_I0986_CN020_F1,T060_P10_H0800_I0986_CN030_F1,20.0,30.0,12.0,18.0,18.75,12.5,14.84375,-31.632638888884202,209.0,187.0,0.010559672750597604,1.4285163293446175,-2.0,19.0,-0.0681361538547498
California,unlimited_useful_deadline,T060_P10_H0800_I0986_F1,T060_P10_H0800_I0986_CN030_F1,T060_P10_H0800_I0986_CN040_F1,30.0,40.0,18.0,24.0,0.0,6.25,1.5625,-19.631249999994182,131.5,131.0,-0.03593751244588356,0.39630118890356414,2.0,-17.5,-0.04772922273876512
California,unlimited_useful_deadline,T060_P10_H0800_I0986_F1,T060_P10_H0800_I0986_CN040_F1,T060_P10_H0800_I0986_CN050_F1,40.0,50.0,24.0,30.0,0.0,-3.125,-0.78125,7.833333333322912,169.0,168.0,0.0018033400987885195,-0.2836879432624073,-4.0,-6.0,-0.07447881197029926
California,unlimited_useful_deadline,T060_P10_H0800_I0986_F1,T060_P10_H0800_I0986_CN050_F1,T060_P10_H0800_I0986_CN060_F1,50.0,60.0,30.0,36.0,0.0,3.125,0.78125,-11.031944444442594,156.0,152.0,-0.013505768111823524,0.2836879432624073,3.0,83.0,0.00868635624111569
California,unlimited_useful_deadline,T060_P10_H0800_I0986_F1,T060_P10_H0800_I0986_CN060_F1,T060_P10_H0800_I0986_CN070_F1,60.0,70.0,36.0,42.0,0.0,0.0,0.0,-5.1493055555224885,168.5,163.0,-0.0017446180221225571,-0.2170767004341485,1.0,-2.0,-0.04154832812888598
California,unlimited_useful_deadline,T060_P10_H0800_I0986_F1,T060_P10_H0800_I0986_CN070_F1,T060_P10_H0800_I0986_CN080_F1,70.0,80.0,42.0,48.0,0.0,0.0,0.0,6.445138888854011,167.5,158.0,-0.0006715115250447434,0.1848082267329545,0.0,-1.5,-0.07909394254358104
California,unlimited_useful_deadline,T060_P10_H0800_I0986_F1,T060_P10_H0800_I0986_CN080_F1,T060_P10_H0800_I0986_CN090_F1,80.0,90.0,48.0,54.0,0.0,0.0,0.0,-9.999999999993456,143.0,140.0,-0.007747087279919795,0.03226847370119401,-1.0,-46.0,-0.017710892254295674
California,unlimited_useful_deadline,T060_P10_H0800_I0986_F1,T060_P10_H0800_I0986_CN090_F1,T060_P10_H0800_I0986_CN100_F1,90.0,100.0,54.0,60.0,0.0,0.0,0.0,-4.000000000005457,157.5,155.0,-0.003139895414389693,0.0,2.0,11.0,-0.07134261393993957
California,unlimited_useful_deadline,T060_P10_H1000_I0600_F1,T060_P10_H1000_I0600_CN000_F1,T060_P10_H1000_I0600_CN010_F1,0.0,10.0,0.0,6.0,0.0,6.25,26.619111941802167,71.5180555555556,204.5,253.0,0.1922744948048857,61.08843537414966,3.0,41.5,0.8799591002044991
California,unlimited_useful_deadline,T060_P10_H1000_I0600_F1,T060_P10_H1000_I0600_CN010_F1,T060_P10_H1000_I0600_CN020_F1,10.0,20.0,6.0,12.0,0.0,62.5,13.27969584763062,47.56597222222261,184.5,211.0,0.12404999922612775,17.80649216208223,2.0,18.5,-0.143636911754651
California,unlimited_useful_deadline,T060_P10_H1000_I0600_F1,T060_P10_H1000_I0600_CN020_F1,T060_P10_H1000_I0600_CN030_F1,20.0,30.0,12.0,18.0,0.0,9.375,1.0773601398601471,0.0,120.5,127.0,0.039260729652837334,7.7965222778945105,0.0,0.5,-0.07229100804895716
California,unlimited_useful_deadline,T060_P10_H1000_I0600_F1,T060_P10_H1000_I0600_CN030_F1,T060_P10_H1000_I0600_CN040_F1,30.0,40.0,18.0,24.0,3.125,0.0,1.1458333333333286,0.0,156.0,150.0,0.056858988319382964,5.161296112246561,0.0,13.5,-0.011213485275503476
California,unlimited_useful_deadline,T060_P10_H1000_I0600_F1,T060_P10_H1000_I0600_CN040_F1,T060_P10_H1000_I0600_CN050_F1,40.0,50.0,24.0,30.0,6.25,3.125,2.1875,-59.833333333333925,158.5,153.0,0.0468734613951437,3.1320565052379834,6.0,-8.5,-0.07989965513417663
California,unlimited_useful_deadline,T060_P10_H1000_I0600_F1,T060_P10_H1000_I0600_CN050_F1,T060_P10_H1000_I0600_CN060_F1,50.0,60.0,30.0,36.0,-3.125,0.0,-1.1458333333333286,-14.263888888879833,112.5,121.0,-0.007187780547718958,1.1498042077705861,-2.0,2.0,-0.03735992721790815
California,unlimited_useful_deadline,T060_P10_H1000_I0600_F1,T060_P10_H1000_I0600_CN060_F1,T060_P10_H1000_I0600_CN070_F1,60.0,70.0,36.0,42.0,6.25,9.375,3.6458333333333286,-1.3687500000087311,170.5,156.0,0.026262238785784597,1.109487848807447,4.0,-7.5,-0.04569819554948862
California,unlimited_useful_deadline,T060_P10_H1000_I0600_F1,T060_P10_H1000_I0600_CN070_F1,T060_P10_H1000_I0600_CN080_F1,70.0,80.0,42.0,48.0,0.0,-3.125,0.1041666666666714,-6.999999999998067,158.0,151.0,0.01588961584002324,1.600443326937068,0.0,-49.0,-0.01901993848909833
California,unlimited_useful_deadline,T060_P10_H1000_I0600_F1,T060_P10_H1000_I0600_CN080_F1,T060_P10_H1000_I0600_CN090_F1,80.0,90.0,48.0,54.0,3.125,6.25,2.187499999999986,-10.01736111111289,186.5,171.0,0.016999067592617156,0.47413669710684303,1.0,-4.5,-0.09281229707381611
California,unlimited_useful_deadline,T060_P10_H1000_I0600_F1,T060_P10_H1000_I0600_CN090_F1,T060_P10_H1000_I0600_CN100_F1,90.0,100.0,54.0,60.0,0.0,0.0,0.0,-2.2638888888875925,136.5,137.0,-0.006449815295829109,0.6813254877671113,1.0,-15.5,-0.02111889435136094
California,unlimited_useful_deadline,T060_P10_H1000_I0800_F1,T060_P10_H1000_I0800_CN000_F1,T060_P10_H1000_I0800_CN010_F1,0.0,10.0,0.0,6.0,78.125,62.5,34.896874120461575,,237.5,264.0,0.22369450731639734,85.27027027027027,4.0,-39.0,0.9056359252561785
California,unlimited_useful_deadline,T060_P10_H1000_I0800_F1,T060_P10_H1000_I0800_CN010_F1,T060_P10_H1000_I0800_CN020_F1,10.0,20.0,6.0,12.0,0.0,15.625,1.7029671717171766,-229.94791666665003,136.5,148.0,0.021995201739724468,10.78106240495184,1.0,-12.5,-0.08657991272190513
California,unlimited_useful_deadline,T060_P10_H1000_I0800_F1,T060_P10_H1000_I0800_CN020_F1,T060_P10_H1000_I0800_CN030_F1,20.0,30.0,12.0,18.0,0.0,0.0,1.5625,-28.000000000016726,140.5,142.0,0.01213469294561148,2.5576317760916396,0.0,-5.0,-0.06765496174618235
California,unlimited_useful_deadline,T060_P10_H1000_I0800_F1,T060_P10_H1000_I0800_CN030_F1,T060_P10_H1000_I0800_CN040_F1,30.0,40.0,18.0,24.0,6.25,0.0,4.6875,-12.46597222222178,171.0,165.0,0.037804771973657225,1.2687861599331853,0.0,-13.0,-0.05509617542960865
California,unlimited_useful_deadline,T060_P10_H1000_I0800_F1,T060_P10_H1000_I0800_CN040_F1,T060_P10_H1000_I0800_CN050_F1,40.0,50.0,24.0,30.0,9.375,3.125,6.25,-9.885416666666913,212.5,191.0,0.04290514088260822,0.025209117040304818,2.0,13.0,-0.10005029180688463
California,unlimited_useful_deadline,T060_P10_H1000_I0800_F1,T060_P10_H1000_I0800_CN050_F1,T060_P10_H1000_I0800_CN060_F1,50.0,60.0,30.0,36.0,3.125,12.5,3.125,-6.565972222221902,170.0,164.0,0.009857765180966704,0.09704027171275698,1.0,-3.5,-0.041039363924743055
California,unlimited_useful_deadline,T060_P10_H1000_I0800_F1,T060_P10_H1000_I0800_CN060_F1,T060_P10_H1000_I0800_CN070_F1,60.0,70.0,36.0,42.0,-15.625,-9.375,-2.34375,15.583333333334068,151.5,155.0,0.0011208420333647107,0.0,0.0,34.5,-0.06025822197243724
California,unlimited_useful_deadline,T060_P10_H1000_I0800_F1,T060_P10_H1000_I0800_CN070_F1,T060_P10_H1000_I0800_CN080_F1,70.0,80.0,42.0,48.0,18.75,12.5,4.6875,-19.99999999999224,191.5,170.0,0.011571739010757698,0.0,2.0,-35.0,-0.04826428047240361
California,unlimited_useful_deadline,T060_P10_H1000_I0800_F1,T060_P10_H1000_I0800_CN080_F1,T060_P10_H1000_I0800_CN090_F1,80.0,90.0,48.0,54.0,0.0,0.0,0.0,-5.000000000007276,140.5,142.0,-0.009212353635495218,0.0,-1.0,13.0,-0.03182476126602296
California,unlimited_useful_deadline,T060_P10_H1000_I0800_F1,T060_P10_H1000_I0800_CN090_F1,T060_P10_H1000_I0800_CN100_F1,90.0,100.0,54.0,60.0,0.0,0.0,0.0,0.0,160.0,161.0,-0.0014348150921198455,0.0,2.0,10.5,-0.03972623255998187
California,unlimited_useful_deadline,T060_P10_H1000_I0986_F1,T060_P10_H1000_I0986_CN000_F1,T060_P10_H1000_I0986_CN010_F1,0.0,10.0,0.0,6.0,9.375,46.875,37.86755596377306,,235.0,257.0,0.11659367007143995,85.52278820375335,4.0,-51.5,0.9070680628272252
California,unlimited_useful_deadline,T060_P10_H1000_I0986_F1,T060_P10_H1000_I0986_CN010_F1,T060_P10_H1000_I0986_CN020_F1,10.0,20.0,6.0,12.0,-3.125,34.375,5.264558175742394,-47.449305555554744,138.5,159.0,-0.016405612369295164,9.882881395464636,2.0,-16.0,-0.09168635458837393
California,unlimited_useful_deadline,T060_P10_H1000_I0986_F1,T060_P10_H1000_I0986_CN020_F1,T060_P10_H1000_I0986_CN030_F1,20.0,30.0,12.0,18.0,0.0,0.0,4.6875,-25.000000000000725,142.0,144.0,-0.00843655211406924,2.98759742450045,2.0,-1.0,-0.06532525890213092
California,unlimited_useful_deadline,T060_P10_H1000_I0986_F1,T060_P10_H1000_I0986_CN030_F1,T060_P10_H1000_I0986_CN040_F1,30.0,40.0,18.0,24.0,9.375,3.125,2.34375,-23.263888888889042,171.5,159.0,0.001031678071771125,1.3037026732512658,2.0,0.0,-0.07534194815163087
California,unlimited_useful_deadline,T060_P10_H1000_I0986_F1,T060_P10_H1000_I0986_CN040_F1,T060_P10_H1000_I0986_CN050_F1,40.0,50.0,24.0,30.0,6.25,12.5,5.46875,-4.650694444444284,245.0,213.0,0.034474684230902275,-0.2577173605210987,-2.0,0.5,-0.06263116785175615
California,unlimited_useful_deadline,T060_P10_H1000_I0986_F1,T060_P10_H1000_I0986_CN050_F1,T060_P10_H1000_I0986_CN060_F1,50.0,60.0,30.0,36.0,-3.125,0.0,0.0,1.9319444444445253,134.5,140.0,-0.016192417089106348,0.3531926614758447,1.0,3.0,-0.07514010189228526
California,unlimited_useful_deadline,T060_P10_H1000_I0986_F1,T060_P10_H1000_I0986_CN060_F1,T060_P10_H1000_I0986_CN070_F1,60.0,70.0,36.0,42.0,-6.25,3.125,0.625,-14.000000000000007,190.5,178.0,0.0057320561128499925,-0.07918334917893333,-1.0,9.0,-0.04615803514197325
California,unlimited_useful_deadline,T060_P10_H1000_I0986_F1,T060_P10_H1000_I0986_CN070_F1,T060_P10_H1000_I0986_CN080_F1,70.0,80.0,42.0,48.0,9.375,0.0,0.0,-7.99999999999951,178.0,166.0,0.0036250686659254905,0.03244718787240686,2.0,-3.5,-0.04280370862203675
California,unlimited_useful_deadline,T060_P10_H1000_I0986_F1,T060_P10_H1000_I0986_CN080_F1,T060_P10_H1000_I0986_CN090_F1,80.0,90.0,48.0,54.0,0.0,0.0,0.0,-4.534027777778228,141.5,140.0,-0.007256807228136597,0.2542911633820779,0.0,8.5,-0.05653425354762387
California,unlimited_useful_deadline,T060_P10_H1000_I0986_F1,T060_P10_H1000_I0986_CN090_F1,T060_P10_H1000_I0986_CN100_F1,90.0,100.0,54.0,60.0,0.0,0.0,0.0,-1.5597222222222626,161.5,158.0,-0.001718024736518109,0.0,-1.0,-3.0,-0.0499476053246628
California,unlimited_useful_deadline,T120_P03_H0500_I0600_F1,T120_P03_H0500_I0600_CN000_F1,T120_P03_H0500_I0600_CN010_F1,0.0,10.0,0.0,12.0,6.25,25.0,45.50502792330824,,629.0,768.0,0.258846470646656,77.86151672162035,5.0,-102.5,0.9034347231715654
California,unlimited_useful_deadline,T120_P03_H0500_I0600_F1,T120_P03_H0500_I0600_CN010_F1,T120_P03_H0500_I0600_CN020_F1,10.0,20.0,12.0,24.0,0.0,34.375,9.21808670181656,-171.33263888889178,324.5,311.0,-0.06904118782756963,13.94945008934647,3.0,-142.0,-0.06864062189165443
California,unlimited_useful_deadline,T120_P03_H0500_I0600_F1,T120_P03_H0500_I0600_CN020_F1,T120_P03_H0500_I0600_CN030_F1,20.0,30.0,24.0,36.0,0.0,-6.25,-1.2426900584795249,-3.799305555555776,256.5,243.0,-0.06526493202527184,2.192077329063622,5.0,18.0,-0.05490374276964283
California,unlimited_useful_deadline,T120_P03_H0500_I0600_F1,T120_P03_H0500_I0600_CN030_F1,T120_P03_H0500_I0600_CN040_F1,30.0,40.0,36.0,48.0,0.0,6.25,1.2426900584795249,-4.999999999999275,274.0,261.0,-0.03591234853744807,2.657535040767897,-4.0,-24.0,-0.050369363026459
California,unlimited_useful_deadline,T120_P03_H0500_I0600_F1,T120_P03_H0500_I0600_CN040_F1,T120_P03_H0500_I0600_CN050_F1,40.0,50.0,48.0,60.0,0.0,0.0,0.0,0.08263888888843951,261.5,249.0,-0.031897665406105946,1.043736705335732,2.0,-9.5,-0.05863883808332715
California,unlimited_useful_deadline,T120_P03_H0500_I0600_F1,T120_P03_H0500_I0600_CN050_F1,T120_P03_H0500_I0600_CN060_F1,50.0,60.0,60.0,72.0,0.0,0.0,0.0,-1.9999999999990195,278.5,260.0,-0.021012831442106972,0.9930177185880922,-1.0,-10.0,-0.04857759477333867
California,unlimited_useful_deadline,T120_P03_H0500_I0600_F1,T120_P03_H0500_I0600_CN060_F1,T120_P03_H0500_I0600_CN070_F1,60.0,70.0,72.0,84.0,0.0,0.0,0.0,-2.600000000001458,249.0,243.0,-0.022874321112830387,0.19381405744749713,0.0,22.0,-0.060702023952014406
California,unlimited_useful_deadline,T120_P03_H0500_I0600_F1,T120_P03_H0500_I0600_CN070_F1,T120_P03_H0500_I0600_CN080_F1,70.0,80.0,84.0,96.0,0.0,0.0,0.0,0.0340277777802811,283.0,267.0,-0.012204938215119365,0.30577387037175185,-1.0,24.0,-0.02737213686009521
California,unlimited_useful_deadline,T120_P03_H0500_I0600_F1,T120_P03_H0500_I0600_CN080_F1,T120_P03_H0500_I0600_CN090_F1,80.0,90.0,96.0,108.0,0.0,0.0,0.0,5.1493055555545055,258.0,244.0,-0.015169279114554568,0.5720604480530795,0.0,-6.5,-0.03967327694504963
California,unlimited_useful_deadline,T120_P03_H0500_I0600_F1,T120_P03_H0500_I0600_CN090_F1,T120_P03_H0500_I0600_CN100_F1,90.0,100.0,108.0,120.0,0.0,0.0,0.0,-7.665972222221043,280.5,264.0,-0.01287639922559658,0.2310180194055107,0.0,3.0,-0.05852712286316075
California,unlimited_useful_deadline,T120_P03_H0500_I0800_F1,T120_P03_H0500_I0800_CN000_F1,T120_P03_H0500_I0800_CN010_F1,0.0,10.0,0.0,12.0,62.5,40.625,35.299922602936036,-144.73263888888712,474.0,456.0,-0.09661957560970313,97.42976688583383,6.0,-241.0,0.9298372911169746
California,unlimited_useful_deadline,T120_P03_H0500_I0800_F1,T120_P03_H0500_I0800_CN010_F1,T120_P03_H0500_I0800_CN020_F1,10.0,20.0,12.0,24.0,9.375,0.0,2.478643344394669,-31.00000000000196,331.5,331.0,-0.08347633213264583,2.5702331141661716,2.0,-16.5,-0.06841668894671615
California,unlimited_useful_deadline,T120_P03_H0500_I0800_F1,T120_P03_H0500_I0800_CN020_F1,T120_P03_H0500_I0800_CN030_F1,20.0,30.0,24.0,36.0,-6.25,0.0,0.34925276153347795,0.08333333333541759,286.0,294.0,-0.06411861681167064,0.0,-2.0,18.0,-0.04672210970794688
California,unlimited_useful_deadline,T120_P03_H0500_I0800_F1,T120_P03_H0500_I0800_CN030_F1,T120_P03_H0500_I0800_CN040_F1,30.0,40.0,36.0,48.0,6.25,0.0,0.5680310028135978,-2.0833333333354176,325.5,327.0,-0.029540710702142814,0.0,0.0,17.5,-0.04942555401864124
California,unlimited_useful_deadline,T120_P03_H0500_I0800_F1,T120_P03_H0500_I0800_CN040_F1,T120_P03_H0500_I0800_CN050_F1,40.0,50.0,48.0,60.0,6.25,0.0,0.19493177387914784,9.947598300641403e-13,308.0,315.0,-0.02386143372877042,0.0,1.0,-3.5,-0.061320417640929215
California,unlimited_useful_deadline,T120_P03_H0500_I0800_F1,T120_P03_H0500_I0800_CN050_F1,T120_P03_H0500_I0800_CN060_F1,50.0,60.0,60.0,72.0,6.25,6.25,0.3153515834675318,-1.0000000000009948,294.0,298.0,-0.02060786735613157,0.0,0.0,53.0,-0.04460222613549947
California,unlimited_useful_deadline,T120_P03_H0500_I0800_F1,T120_P03_H0500_I0800_CN060_F1,T120_P03_H0500_I0800_CN070_F1,60.0,70.0,72.0,84.0,-3.125,-3.125,-0.16103059581321588,1.0000000000009948,303.0,311.0,-0.015881659055384745,0.0,-1.0,-31.5,-0.04617155440916054
California,unlimited_useful_deadline,T120_P03_H0500_I0800_F1,T120_P03_H0500_I0800_CN070_F1,T120_P03_H0500_I0800_CN080_F1,70.0,80.0,84.0,96.0,3.125,3.125,0.447611193225228,-3.1319444444389717,316.5,320.0,-0.011973104107005361,0.0,0.0,25.5,-0.04746681595347546
California,unlimited_useful_deadline,T120_P03_H0500_I0800_F1,T120_P03_H0500_I0800_CN080_F1,T120_P03_H0500_I0800_CN090_F1,80.0,90.0,96.0,108.0,0.0,0.0,-0.02203033286174616,3.1319444444389717,296.5,302.0,-0.013222127717192722,0.0,1.0,-2.0,-0.048092618167384193
California,unlimited_useful_deadline,T120_P03_H0500_I0800_F1,T120_P03_H0500_I0800_CN090_F1,T120_P03_H0500_I0800_CN100_F1,90.0,100.0,108.0,120.0,0.0,6.25,0.33738191632929215,-3.9999999999985505,309.5,313.0,-0.008308392327226743,0.0,-1.0,19.0,-0.06324330083870677
California,unlimited_useful_deadline,T120_P03_H0500_I0986_F1,T120_P03_H0500_I0986_CN000_F1,T120_P03_H0500_I0986_CN010_F1,0.0,10.0,0.0,12.0,53.125,53.125,42.87507307429511,,395.0,510.0,0.1680570935277949,93.52589641434263,5.0,-27.5,0.9407298985167838
California,unlimited_useful_deadline,T120_P03_H0500_I0986_F1,T120_P03_H0500_I0986_CN010_F1,T120_P03_H0500_I0986_CN020_F1,10.0,20.0,12.0,24.0,0.0,0.0,0.0,-5.0,137.0,176.0,-0.08738410578959516,4.9874056200861645,0.0,7.0,-0.05984754557560734
California,unlimited_useful_deadline,T120_P03_H0500_I0986_F1,T120_P03_H0500_I0986_CN020_F1,T120_P03_H0500_I0986_CN030_F1,20.0,30.0,24.0,36.0,0.0,9.375,11.538461538461533,-6.999999999995623,319.5,322.0,0.02037820700316051,1.1737089201877922,0.0,21.5,-0.0697761409090385
California,unlimited_useful_deadline,T120_P03_H0500_I0986_F1,T120_P03_H0500_I0986_CN030_F1,T120_P03_H0500_I0986_CN040_F1,30.0,40.0,36.0,48.0,0.0,0.0,0.0,-4.376943252282217e-12,192.0,219.0,-0.026019277751652803,0.3129890453834179,2.0,-13.5,-0.06688272718365318
California,unlimited_useful_deadline,T120_P03_H0500_I0986_F1,T120_P03_H0500_I0986_CN040_F1,T120_P03_H0500_I0986_CN050_F1,40.0,50.0,48.0,60.0,0.0,0.0,0.0,-4.999999999999744,217.0,246.0,-0.011608028400328596,0.0,-1.0,16.5,-0.07307014886227958
California,unlimited_useful_deadline,T120_P03_H0500_I0986_F1,T120_P03_H0500_I0986_CN050_F1,T120_P03_H0500_I0986_CN060_F1,50.0,60.0,60.0,72.0,0.0,0.0,0.0,4.999999999999744,238.0,264.0,-0.006554053073547617,0.0,0.0,8.5,-0.06965602777624547
California,unlimited_useful_deadline,T120_P03_H0500_I0986_F1,T120_P03_H0500_I0986_CN060_F1,T120_P03_H0500_I0986_CN070_F1,60.0,70.0,72.0,84.0,0.0,0.0,0.0,-9.0,255.0,287.0,-0.0029351099612521803,0.0,1.0,15.0,-0.0441923642161397
California,unlimited_useful_deadline,T120_P03_H0500_I0986_F1,T120_P03_H0500_I0986_CN070_F1,T120_P03_H0500_I0986_CN080_F1,70.0,80.0,84.0,96.0,0.0,0.0,0.0,4.000000000000256,208.5,236.0,-0.009742048387832936,0.0,0.0,-0.5,-0.0414694573443799
California,unlimited_useful_deadline,T120_P03_H0500_I0986_F1,T120_P03_H0500_I0986_CN080_F1,T120_P03_H0500_I0986_CN090_F1,80.0,90.0,96.0,108.0,0.0,0.0,0.0,-4.99999999999784,241.5,269.0,-0.004762730400789339,0.0,0.0,6.5,-0.0900213545449855
California,unlimited_useful_deadline,T120_P03_H0500_I0986_F1,T120_P03_H0500_I0986_CN090_F1,T120_P03_H0500_I0986_CN100_F1,90.0,100.0,108.0,120.0,0.0,0.0,0.0,-9.99999999999585,222.5,250.0,-0.0057523572142507695,0.0,0.0,-3.0,-0.07278240595125074
California,unlimited_useful_deadline,T120_P03_H0800_I0600_F1,T120_P03_H0800_I0600_CN000_F1,T120_P03_H0800_I0600_CN010_F1,0.0,10.0,0.0,12.0,0.0,18.75,39.00796486422191,,570.5,708.0,0.23165882747097122,71.58218125960062,5.0,-43.5,0.9062296416938111
California,unlimited_useful_deadline,T120_P03_H0800_I0600_F1,T120_P03_H0800_I0600_CN010_F1,T120_P03_H0800_I0600_CN020_F1,10.0,20.0,12.0,24.0,6.25,37.5,14.997460074500935,-212.8159722222442,358.0,343.0,0.030345635195069387,14.592415967825389,4.0,-96.0,-0.07792907989605835
California,unlimited_useful_deadline,T120_P03_H0800_I0600_F1,T120_P03_H0800_I0600_CN020_F1,T120_P03_H0800_I0600_CN030_F1,20.0,30.0,24.0,36.0,0.0,0.0,0.0,-1.9999999999912745,264.5,252.0,-0.015933219374004604,5.007391515538345,2.0,-11.0,-0.03754569267481522
California,unlimited_useful_deadline,T120_P03_H0800_I0600_F1,T120_P03_H0800_I0600_CN030_F1,T120_P03_H0800_I0600_CN040_F1,30.0,40.0,36.0,48.0,0.0,3.125,0.7518796992481214,-3.816666666674905,270.5,261.0,-0.009747157011946617,2.5061631693116624,1.0,-1.0,-0.052220297399511395
California,unlimited_useful_deadline,T120_P03_H0800_I0600_F1,T120_P03_H0800_I0600_CN040_F1,T120_P03_H0800_I0600_CN050_F1,40.0,50.0,48.0,60.0,0.0,0.0,0.0,-4.1319444444442865,274.0,262.0,-0.009256397529621818,1.59992833031788,-1.0,10.0,-0.053458290013296716
California,unlimited_useful_deadline,T120_P03_H0800_I0600_F1,T120_P03_H0800_I0600_CN050_F1,T120_P03_H0800_I0600_CN060_F1,50.0,60.0,60.0,72.0,0.0,0.0,0.0,-4.235416666640475,280.0,264.0,-0.007916247934094178,2.133004964750853,-1.0,-28.5,-0.02884961504346273
California,unlimited_useful_deadline,T120_P03_H0800_I0600_F1,T120_P03_H0800_I0600_CN060_F1,T120_P03_H0800_I0600_CN070_F1,60.0,70.0,72.0,84.0,0.0,0.0,0.0,-2.131944444469994,242.5,240.0,-0.014405268711053631,0.7409553027827798,1.0,18.5,-0.035584258760107845
California,unlimited_useful_deadline,T120_P03_H0800_I0600_F1,T120_P03_H0800_I0600_CN070_F1,T120_P03_H0800_I0600_CN080_F1,70.0,80.0,84.0,96.0,0.0,0.0,0.0,0.49930555555475564,282.0,269.0,-0.0050491464896325056,0.5828712944857699,-2.0,2.0,-0.04306949317499664
California,unlimited_useful_deadline,T120_P03_H0800_I0600_F1,T120_P03_H0800_I0600_CN080_F1,T120_P03_H0800_I0600_CN090_F1,80.0,90.0,96.0,108.0,0.0,0.0,0.0,-1.3673611111109523,267.0,254.0,-0.008457236968368698,0.8351815079839042,0.0,-12.5,-0.04547934354340999
California,unlimited_useful_deadline,T120_P03_H0800_I0600_F1,T120_P03_H0800_I0600_CN090_F1,T120_P03_H0800_I0600_CN100_F1,90.0,100.0,108.0,120.0,0.0,0.0,0.0,-2.2986111111054868,290.0,274.0,-0.007232384079239873,0.41990668740280057,-2.0,1.5,-0.04287871205842886
California,unlimited_useful_deadline,T120_P03_H0800_I0800_F1,T120_P03_H0800_I0800_CN000_F1,T120_P03_H0800_I0800_CN010_F1,0.0,10.0,0.0,12.0,56.25,46.875,23.452559456414875,-112.7326388888886,370.0,394.0,0.0031016712280443892,92.6470588235294,6.0,-324.0,0.9257428708363289
California,unlimited_useful_deadline,T120_P03_H0800_I0800_F1,T120_P03_H0800_I0800_CN010_F1,T120_P03_H0800_I0800_CN020_F1,10.0,20.0,12.0,24.0,3.125,0.0,1.2178955415670316,-6.999999999999488,328.0,326.0,-0.010736049645366619,7.352941176470594,0.0,-4.5,-0.06971510658888613
California,unlimited_useful_deadline,T120_P03_H0800_I0800_F1,T120_P03_H0800_I0800_CN020_F1,T120_P03_H0800_I0800_CN030_F1,20.0,30.0,24.0,36.0,6.25,0.0,0.6516921975859162,-1.0000000000009948,291.5,302.0,-0.02620591340937578,0.0,-1.0,-23.0,-0.05974905537096853
California,unlimited_useful_deadline,T120_P03_H0800_I0800_F1,T120_P03_H0800_I0800_CN030_F1,T120_P03_H0800_I0800_CN040_F1,30.0,40.0,36.0,48.0,0.0,3.125,0.49102132435466217,-0.9999999999946567,312.0,316.0,-0.01523271415634131,0.0,1.0,39.0,-0.057017540491594465
California,unlimited_useful_deadline,T120_P03_H0800_I0800_F1,T120_P03_H0800_I0800_CN040_F1,T120_P03_H0800_I0800_CN050_F1,40.0,50.0,48.0,60.0,3.125,0.0,0.16103059581320167,0.0,303.5,310.0,-0.01286085523388103,0.0,1.0,-2.5,-0.051384502567037416
California,unlimited_useful_deadline,T120_P03_H0800_I0800_F1,T120_P03_H0800_I0800_CN050_F1,T120_P03_H0800_I0800_CN060_F1,50.0,60.0,60.0,72.0,9.375,3.125,0.49066160177271456,0.0,292.0,302.0,-0.014030778175997294,0.0,-1.0,-13.5,-0.05840927370887794
California,unlimited_useful_deadline,T120_P03_H0800_I0800_F1,T120_P03_H0800_I0800_CN060_F1,T120_P03_H0800_I0800_CN070_F1,60.0,70.0,72.0,84.0,0.0,-6.25,-0.47663242107687154,-6.565972222226748,308.5,317.0,-0.009556122120748578,0.0,0.0,-3.0,-0.03130212054968862
California,unlimited_useful_deadline,T120_P03_H0800_I0800_F1,T120_P03_H0800_I0800_CN070_F1,T120_P03_H0800_I0800_CN080_F1,70.0,80.0,84.0,96.0,0.0,3.125,0.1543209876543301,-2.9999999999941735,299.0,307.0,-0.01088096475574829,0.0,0.0,87.5,-0.0503853600136519
California,unlimited_useful_deadline,T120_P03_H0800_I0800_F1,T120_P03_H0800_I0800_CN080_F1,T120_P03_H0800_I0800_CN090_F1,80.0,90.0,96.0,108.0,3.125,6.25,0.6516921975859162,-5.000000000001933,304.5,311.0,-0.009470806694142853,0.0,0.0,-67.0,-0.050155239629613435
California,unlimited_useful_deadline,T120_P03_H0800_I0800_F1,T120_P03_H0800_I0800_CN090_F1,T120_P03_H0800_I0800_CN100_F1,90.0,100.0,108.0,120.0,0.0,3.125,0.16835016835015892,-1.0000000000038938,305.5,311.0,-0.0066357453712102,0.0,0.0,8.5,-0.06136088294718545
California,unlimited_useful_deadline,T120_P03_H0800_I0986_F1,T120_P03_H0800_I0986_CN000_F1,T120_P03_H0800_I0986_CN010_F1,0.0,10.0,0.0,12.0,46.875,50.0,39.152288412407664,-134.6493055555555,468.0,555.0,0.21932764671430116,94.0935192780968,6.0,-57.5,0.9273875968992249
California,unlimited_useful_deadline,T120_P03_H0800_I0986_F1,T120_P03_H0800_I0986_CN010_F1,T120_P03_H0800_I0986_CN020_F1,10.0,20.0,12.0,24.0,0.0,9.375,13.015873015873012,-128.48402777777784,378.5,358.0,0.044470640570316244,4.388262098421407,0.0,40.0,-0.06906341102289848
California,unlimited_useful_deadline,T120_P03_H0800_I0986_F1,T120_P03_H0800_I0986_CN020_F1,T120_P03_H0800_I0986_CN030_F1,20.0,30.0,24.0,36.0,0.0,3.125,0.7407407407407476,-7.833333333333329,331.0,331.0,0.00011554641080324668,0.8737910268176421,1.0,-9.5,-0.061801139784142034
California,unlimited_useful_deadline,T120_P03_H0800_I0986_F1,T120_P03_H0800_I0986_CN030_F1,T120_P03_H0800_I0986_CN040_F1,30.0,40.0,36.0,48.0,0.0,0.0,0.0,-1.032638888888087,313.0,316.0,-0.00880367283538458,0.5831530868602215,0.0,22.0,-0.061073141816498255
California,unlimited_useful_deadline,T120_P03_H0800_I0986_F1,T120_P03_H0800_I0986_CN040_F1,T120_P03_H0800_I0986_CN050_F1,40.0,50.0,48.0,60.0,0.0,0.0,0.0,-1.6500000000004889,329.5,326.0,-0.00350998823666826,0.010293118011929892,0.0,-10.0,-0.046855838785386794
California,unlimited_useful_deadline,T120_P03_H0800_I0986_F1,T120_P03_H0800_I0986_CN050_F1,T120_P03_H0800_I0986_CN060_F1,50.0,60.0,60.0,72.0,0.0,0.0,0.0,0.0,324.0,326.0,-0.005517064970051666,0.007227289844934148,0.0,6.0,-0.050434186153949456
California,unlimited_useful_deadline,T120_P03_H0800_I0986_F1,T120_P03_H0800_I0986_CN060_F1,T120_P03_H0800_I0986_CN070_F1,60.0,70.0,72.0,84.0,0.0,0.0,0.0,1.1326388888885646,308.5,314.0,-0.008157980320679048,0.024478851368797905,1.0,24.0,-0.06193104623362866
California,unlimited_useful_deadline,T120_P03_H0800_I0986_F1,T120_P03_H0800_I0986_CN070_F1,T120_P03_H0800_I0986_CN080_F1,70.0,80.0,84.0,96.0,0.0,0.0,0.0,-5.132638888888806,318.5,320.0,-0.0069209068718599775,0.01927525057826074,-1.0,26.0,-0.04487864814587783
California,unlimited_useful_deadline,T120_P03_H0800_I0986_F1,T120_P03_H0800_I0986_CN080_F1,T120_P03_H0800_I0986_CN090_F1,80.0,90.0,96.0,108.0,3.125,0.0,0.0,0.0,324.5,326.0,-0.006575375412442186,0.0,0.0,-45.0,-0.06270302099742575
California,unlimited_useful_deadline,T120_P03_H0800_I0986_F1,T120_P03_H0800_I0986_CN090_F1,T120_P03_H0800_I0986_CN100_F1,90.0,100.0,108.0,120.0,0.0,0.0,0.0,0.0,331.0,327.0,-0.004381636403758105,0.0,0.0,-0.5,-0.0603639954533739
California,unlimited_useful_deadline,T120_P03_H1000_I0600_F1,T120_P03_H1000_I0600_CN000_F1,T120_P03_H1000_I0600_CN010_F1,0.0,10.0,0.0,12.0,6.25,0.0,40.88634592301073,,566.5,670.0,0.21771503305286374,70.33542976939204,5.0,-15.0,0.895707939237604
California,unlimited_useful_deadline,T120_P03_H1000_I0600_F1,T120_P03_H1000_I0600_CN010_F1,T120_P03_H1000_I0600_CN020_F1,10.0,20.0,12.0,24.0,0.0,53.125,11.899977663324393,,335.5,357.0,0.04046862114059219,15.395473681557945,4.0,-102.0,-0.07896767100077051
California,unlimited_useful_deadline,T120_P03_H1000_I0600_F1,T120_P03_H1000_I0600_CN020_F1,T120_P03_H1000_I0600_CN030_F1,20.0,30.0,24.0,36.0,0.0,0.0,0.7518796992481214,-9.0,276.5,265.0,0.006189489266953896,4.658624007542997,2.0,-2.0,-0.05836197665044929
California,unlimited_useful_deadline,T120_P03_H1000_I0600_F1,T120_P03_H1000_I0600_CN030_F1,T120_P03_H1000_I0600_CN040_F1,30.0,40.0,36.0,48.0,0.0,6.25,1.409774436090217,6.0,257.5,252.0,-0.0016872597754181151,2.7829430652251403,0.0,-2.0,-0.04404517233996996
California,unlimited_useful_deadline,T120_P03_H1000_I0600_F1,T120_P03_H1000_I0600_CN040_F1,T120_P03_H1000_I0600_CN050_F1,40.0,50.0,48.0,60.0,0.0,0.0,0.0,-6.999999999999517,271.5,261.0,-0.0008388941791387938,1.8155963020575427,-1.0,-14.0,-0.07585505502208134
California,unlimited_useful_deadline,T120_P03_H1000_I0600_F1,T120_P03_H1000_I0600_CN050_F1,T120_P03_H1000_I0600_CN060_F1,50.0,60.0,60.0,72.0,0.0,0.0,0.0,-2.99999999999757,263.0,256.0,-0.00362993139342499,1.8312715966161903,1.0,-19.5,-0.04292120147923484
California,unlimited_useful_deadline,T120_P03_H1000_I0600_F1,T120_P03_H1000_I0600_CN060_F1,T120_P03_H1000_I0600_CN070_F1,60.0,70.0,72.0,84.0,0.0,0.0,0.0,-1.815972222225298,274.0,268.0,-0.002146151308415001,0.8440354377905237,0.0,24.0,-0.04417440660474714
California,unlimited_useful_deadline,T120_P03_H1000_I0600_F1,T120_P03_H1000_I0600_CN070_F1,T120_P03_H1000_I0600_CN080_F1,70.0,80.0,84.0,96.0,0.0,0.0,0.0,-2.184027777772286,263.5,255.0,-0.004029665807619931,0.9897085090111943,-1.0,-12.5,-0.04183260073987305
California,unlimited_useful_deadline,T120_P03_H1000_I0600_F1,T120_P03_H1000_I0600_CN080_F1,T120_P03_H1000_I0600_CN090_F1,80.0,90.0,96.0,108.0,0.0,0.0,0.0,1.1840277777732524,278.5,267.0,-0.0028679869314625628,0.7483038941964679,-1.0,2.0,-0.037891728443461004
California,unlimited_useful_deadline,T120_P03_H1000_I0600_F1,T120_P03_H1000_I0600_CN090_F1,T120_P03_H1000_I0600_CN100_F1,90.0,100.0,108.0,120.0,0.0,0.0,0.0,-3.1840277777780983,251.5,248.0,-0.009356642778163005,0.5986137366099626,0.0,-4.5,-0.07742091424564035
California,unlimited_useful_deadline,T120_P03_H1000_I0800_F1,T120_P03_H1000_I0800_CN000_F1,T120_P03_H1000_I0800_CN010_F1,0.0,10.0,0.0,12.0,62.5,43.75,22.320310559830972,-114.64930555555571,386.5,403.0,0.07138286841286062,93.55231143552311,6.0,-304.0,0.9152365435674632
California,unlimited_useful_deadline,T120_P03_H1000_I0800_F1,T120_P03_H1000_I0800_CN010_F1,T120_P03_H1000_I0800_CN020_F1,10.0,20.0,12.0,24.0,3.125,0.0,1.3545514824287181,-7.0,302.5,311.0,0.005282522810303947,6.225367532907299,-1.0,-11.5,-0.07180282861806875
California,unlimited_useful_deadline,T120_P03_H1000_I0800_F1,T120_P03_H1000_I0800_CN020_F1,T120_P03_H1000_I0800_CN030_F1,20.0,30.0,24.0,36.0,-3.125,0.0,1.1232673423636896,-9.565972222220438,307.5,314.0,-0.002519319917107521,0.22232103156959226,1.0,14.0,-0.06370207653131543
California,unlimited_useful_deadline,T120_P03_H1000_I0800_F1,T120_P03_H1000_I0800_CN030_F1,T120_P03_H1000_I0800_CN040_F1,30.0,40.0,36.0,48.0,6.25,0.0,0.25912721991153376,1.5659722222311245,304.5,313.0,-0.0068151440149776255,0.0,1.0,6.0,-0.06868925403557569
California,unlimited_useful_deadline,T120_P03_H1000_I0800_F1,T120_P03_H1000_I0800_CN040_F1,T120_P03_H1000_I0800_CN050_F1,40.0,50.0,48.0,60.0,0.0,0.0,0.2178649237472854,0.0,303.0,311.0,-0.005459504404860427,0.0,-1.0,2.0,-0.059072687412806246
California,unlimited_useful_deadline,T120_P03_H1000_I0800_F1,T120_P03_H1000_I0800_CN050_F1,T120_P03_H1000_I0800_CN060_F1,50.0,60.0,60.0,72.0,0.0,3.125,0.3086419753086318,-7.565972222196194,302.0,310.0,-0.007577455221816687,0.0,1.0,10.5,-0.042768387391503015
California,unlimited_useful_deadline,T120_P03_H1000_I0800_F1,T120_P03_H1000_I0800_CN060_F1,T120_P03_H1000_I0800_CN070_F1,60.0,70.0,72.0,84.0,3.125,6.25,0.4069538809521589,-2.000000000033964,288.5,301.0,-0.009279902878998991,0.0,-1.0,4.5,-0.03882457416910934
California,unlimited_useful_deadline,T120_P03_H1000_I0800_F1,T120_P03_H1000_I0800_CN070_F1,T120_P03_H1000_I0800_CN080_F1,70.0,80.0,84.0,96.0,3.125,0.0,0.0,5.000000000015518,304.5,313.0,-0.007217876181094263,0.0,1.0,-0.5,-0.08108887843764245
California,unlimited_useful_deadline,T120_P03_H1000_I0800_F1,T120_P03_H1000_I0800_CN080_F1,T120_P03_H1000_I0800_CN090_F1,80.0,90.0,96.0,108.0,-3.125,3.125,0.308641975308646,-5.000000000015518,308.0,314.0,-0.006915187763676722,0.0,0.0,-2.5,-0.04587546692233535
California,unlimited_useful_deadline,T120_P03_H1000_I0800_F1,T120_P03_H1000_I0800_CN090_F1,T120_P03_H1000_I0800_CN100_F1,90.0,100.0,108.0,120.0,3.125,0.0,0.0,-9.131944444441359,295.0,306.0,-0.006055548947423606,0.0,0.0,-4.0,-0.07873957332093973
California,unlimited_useful_deadline,T120_P03_H1000_I0986_F1,T120_P03_H1000_I0986_CN000_F1,T120_P03_H1000_I0986_CN010_F1,0.0,10.0,0.0,12.0,46.875,50.0,39.783939846316855,-201.6319444444443,476.5,519.0,0.20865296614262213,95.37617554858934,7.0,-78.5,0.9248798798798799
California,unlimited_useful_deadline,T120_P03_H1000_I0986_F1,T120_P03_H1000_I0986_CN010_F1,T120_P03_H1000_I0986_CN020_F1,10.0,20.0,12.0,24.0,0.0,3.125,3.8461538461538396,-37.80138888888905,327.5,327.0,0.03708566237643063,2.759505445714126,-1.0,9.5,-0.08055952860076565
California,unlimited_useful_deadline,T120_P03_H1000_I0986_F1,T120_P03_H1000_I0986_CN020_F1,T120_P03_H1000_I0986_CN030_F1,20.0,30.0,24.0,36.0,0.0,3.125,1.2820512820512704,-7.083333333333343,325.5,327.0,0.013472036059091086,1.2833740018235602,0.0,11.5,-0.06620324934145616
California,unlimited_useful_deadline,T120_P03_H1000_I0986_F1,T120_P03_H1000_I0986_CN030_F1,T120_P03_H1000_I0986_CN040_F1,30.0,40.0,36.0,48.0,0.0,6.25,3.461538461538467,-1.7812500000001137,319.0,324.0,0.0028141182770065054,0.3946096001462678,1.0,-2.5,-0.06576763779005002
California,unlimited_useful_deadline,T120_P03_H1000_I0986_F1,T120_P03_H1000_I0986_CN040_F1,T120_P03_H1000_I0986_CN050_F1,40.0,50.0,48.0,60.0,0.0,0.0,0.0,-0.8680555555554719,318.5,322.0,0.00021778270648803444,0.1344816313647641,0.0,3.5,-0.05619143471702581
California,unlimited_useful_deadline,T120_P03_H1000_I0986_F1,T120_P03_H1000_I0986_CN050_F1,T120_P03_H1000_I0986_CN060_F1,50.0,60.0,60.0,72.0,3.125,0.0,0.0,-3.7812499999899387,306.5,314.0,-0.0022989381570297507,0.051853772361937445,0.0,-2.0,-0.06887322768562609
California,unlimited_useful_deadline,T120_P03_H1000_I0986_F1,T120_P03_H1000_I0986_CN060_F1,T120_P03_H1000_I0986_CN070_F1,60.0,70.0,72.0,84.0,-3.125,0.0,0.0,-0.3159722222267476,326.0,323.0,-0.0008718168988473551,0.0,0.0,12.0,-0.06422704294894221
California,unlimited_useful_deadline,T120_P03_H1000_I0986_F1,T120_P03_H1000_I0986_CN070_F1,T120_P03_H1000_I0986_CN080_F1,70.0,80.0,84.0,96.0,0.0,0.0,0.0,3.0972222222166863,325.0,328.0,-0.003014904916264105,-0.034650034650027806,1.0,-6.5,-0.07517929781075683
California,unlimited_useful_deadline,T120_P03_H1000_I0986_F1,T120_P03_H1000_I0986_CN080_F1,T120_P03_H1000_I0986_CN090_F1,80.0,90.0,96.0,108.0,0.0,0.0,0.0,-4.8333333333334565,327.5,328.0,-0.003999368029496464,0.034650034650027806,-2.0,3.5,-0.08604807987951357
California,unlimited_useful_deadline,T120_P03_H1000_I0986_F1,T120_P03_H1000_I0986_CN090_F1,T120_P03_H1000_I0986_CN100_F1,90.0,100.0,108.0,120.0,0.0,0.0,0.0,-11.649999999999515,314.5,319.0,-0.004426645766085591,0.0,1.0,7.5,-0.05509175800189281
California,unlimited_useful_deadline,T120_P05_H0500_I0600_F1,T120_P05_H0500_I0600_CN000_F1,T120_P05_H0500_I0600_CN010_F1,0.0,10.0,0.0,12.0,12.5,6.25,39.87547931255549,,577.5,703.0,0.20096569775505352,71.36025504782147,7.0,0.5,0.87683419988446
California,unlimited_useful_deadline,T120_P05_H0500_I0600_F1,T120_P05_H0500_I0600_CN010_F1,T120_P05_H0500_I0600_CN020_F1,10.0,20.0,12.0,24.0,0.0,78.125,12.080944781043215,54.74722222220056,366.0,384.0,-0.03829351476821041,13.41403722455803,1.0,-68.0,-0.05953284808755921
California,unlimited_useful_deadline,T120_P05_H0500_I0600_F1,T120_P05_H0500_I0600_CN020_F1,T120_P05_H0500_I0600_CN030_F1,20.0,30.0,24.0,36.0,9.375,6.25,1.1931818181818272,-8.868055555554392,300.0,284.0,-0.03190544039115317,5.611519799804697,2.0,-29.0,-0.054440655279487826
California,unlimited_useful_deadline,T120_P05_H0500_I0600_F1,T120_P05_H0500_I0600_CN030_F1,T120_P05_H0500_I0600_CN040_F1,30.0,40.0,36.0,48.0,3.125,3.125,1.2239583333333286,-15.000000000002174,274.5,260.0,-0.04187325673662312,3.4223197375420824,0.0,-32.5,-0.04570323851296032
California,unlimited_useful_deadline,T120_P05_H0500_I0600_F1,T120_P05_H0500_I0600_CN040_F1,T120_P05_H0500_I0600_CN050_F1,40.0,50.0,48.0,60.0,0.0,3.125,0.5989583333333428,-7.833333333332973,344.5,317.0,-0.03279554518132438,2.0813560608936683,3.0,-19.0,-0.038621853262680306
California,unlimited_useful_deadline,T120_P05_H0500_I0600_F1,T120_P05_H0500_I0600_CN050_F1,T120_P05_H0500_I0600_CN060_F1,50.0,60.0,60.0,72.0,0.0,0.0,0.0,-3.5645833333328483,276.5,269.0,-0.005264023784274763,0.9736489925169138,-2.0,-18.0,-0.049840738508945215
California,unlimited_useful_deadline,T120_P05_H0500_I0600_F1,T120_P05_H0500_I0600_CN060_F1,T120_P05_H0500_I0600_CN070_F1,60.0,70.0,72.0,84.0,-3.125,0.0,-0.390625,-4.8680555555556,303.5,291.0,-0.01492067790385676,1.5153378339408334,-1.0,-9.5,-0.043429396408533716
California,unlimited_useful_deadline,T120_P05_H0500_I0600_F1,T120_P05_H0500_I0600_CN070_F1,T120_P05_H0500_I0600_CN080_F1,70.0,80.0,84.0,96.0,3.125,3.125,1.5625,-1.8659722222227515,313.5,284.0,-0.015956811200960264,0.6918891432813439,1.0,-9.0,-0.0054476950694331006
California,unlimited_useful_deadline,T120_P05_H0500_I0600_F1,T120_P05_H0500_I0600_CN080_F1,T120_P05_H0500_I0600_CN090_F1,80.0,90.0,96.0,108.0,0.0,-3.125,-0.390625,-4.7013888888888005,278.5,270.0,-0.013497246057724843,0.4440564068452062,0.0,-37.0,-0.09711916705625256
California,unlimited_useful_deadline,T120_P05_H0500_I0600_F1,T120_P05_H0500_I0600_CN090_F1,T120_P05_H0500_I0600_CN100_F1,90.0,100.0,108.0,120.0,0.0,0.0,0.0,-8.166666666666423,300.5,285.0,-0.011902320490174034,0.4855797527957577,-1.0,3.5,-0.03567027483436158
California,unlimited_useful_deadline,T120_P05_H0500_I0800_F1,T120_P05_H0500_I0800_CN000_F1,T120_P05_H0500_I0800_CN010_F1,0.0,10.0,0.0,12.0,84.375,81.25,57.34539278639688,,667.0,725.0,0.06765794676996695,99.07407407407408,5.0,-108.5,0.9213386727688788
California,unlimited_useful_deadline,T120_P05_H0500_I0800_F1,T120_P05_H0500_I0800_CN010_F1,T120_P05_H0500_I0800_CN020_F1,10.0,20.0,12.0,24.0,0.0,9.375,10.107886904761898,-31.999999999999034,358.0,331.0,-0.12300432419976659,0.9259259259259238,2.0,-12.0,-0.06451677734404226
California,unlimited_useful_deadline,T120_P05_H0500_I0800_F1,T120_P05_H0500_I0800_CN020_F1,T120_P05_H0500_I0800_CN030_F1,20.0,30.0,24.0,36.0,15.625,6.25,1.3020833333333428,-24.131944444443917,321.5,304.0,-0.06525350106967925,0.0,0.0,15.5,-0.0523582815368433
California,unlimited_useful_deadline,T120_P05_H0500_I0800_F1,T120_P05_H0500_I0800_CN030_F1,T120_P05_H0500_I0800_CN040_F1,30.0,40.0,36.0,48.0,0.0,0.0,0.390625,10.131944444443079,298.5,293.0,-0.04098727829110188,0.0,1.0,0.5,-0.04946090239124712
California,unlimited_useful_deadline,T120_P05_H0500_I0800_F1,T120_P05_H0500_I0800_CN040_F1,T120_P05_H0500_I0800_CN050_F1,40.0,50.0,48.0,60.0,0.0,0.0,1.171875,-9.000000000000128,333.5,307.0,-0.030322740693681793,0.0,2.0,3.0,-0.05149951451654422
California,unlimited_useful_deadline,T120_P05_H0500_I0800_F1,T120_P05_H0500_I0800_CN050_F1,T120_P05_H0500_I0800_CN060_F1,50.0,60.0,60.0,72.0,0.0,0.0,-0.390625,-6.0,301.5,299.0,-0.018634129695151214,0.0,2.0,12.0,-0.022129755793818262
California,unlimited_useful_deadline,T120_P05_H0500_I0800_F1,T120_P05_H0500_I0800_CN060_F1,T120_P05_H0500_I0800_CN070_F1,60.0,70.0,72.0,84.0,0.0,3.125,0.78125,-2.0,320.0,299.0,-0.017809778196190285,0.0,-1.0,6.5,-0.07459614311119034
California,unlimited_useful_deadline,T120_P05_H0500_I0800_F1,T120_P05_H0500_I0800_CN070_F1,T120_P05_H0500_I0800_CN080_F1,70.0,80.0,84.0,96.0,0.0,0.0,0.0,-4.1319444444444,315.0,303.0,-0.014180113993593813,0.0,2.0,-2.0,-0.04043150569025156
California,unlimited_useful_deadline,T120_P05_H0500_I0800_F1,T120_P05_H0500_I0800_CN080_F1,T120_P05_H0500_I0800_CN090_F1,80.0,90.0,96.0,108.0,0.0,0.0,0.0,-2.8680555555528144,306.5,298.0,-0.012571139846352275,0.0,0.0,-42.0,-0.10235555159243526
California,unlimited_useful_deadline,T120_P05_H0500_I0800_F1,T120_P05_H0500_I0800_CN090_F1,T120_P05_H0500_I0800_CN100_F1,90.0,100.0,108.0,120.0,0.0,0.0,0.0,-4.000000000002785,307.5,293.0,-0.011456181277449518,0.0,1.0,-2.0,-0.012939423114441961
California,unlimited_useful_deadline,T120_P05_H0500_I0986_F1,T120_P05_H0500_I0986_CN000_F1,T120_P05_H0500_I0986_CN010_F1,0.0,10.0,0.0,12.0,78.125,78.125,53.624417542910535,,508.5,620.0,0.010941796128563386,97.48778785764131,6.0,-103.0,0.9301728395061728
California,unlimited_useful_deadline,T120_P05_H0500_I0986_F1,T120_P05_H0500_I0986_CN010_F1,T120_P05_H0500_I0986_CN020_F1,10.0,20.0,12.0,24.0,6.25,6.25,6.666666666666671,-54.298611111110944,303.5,306.0,-0.08944135246384383,2.512212142358692,1.0,-6.5,-0.08224241797239928
California,unlimited_useful_deadline,T120_P05_H0500_I0986_F1,T120_P05_H0500_I0986_CN020_F1,T120_P05_H0500_I0986_CN030_F1,20.0,30.0,24.0,36.0,-6.25,-6.25,-6.666666666666671,2.1333333333331836,125.0,185.0,-0.08896926615407197,0.0,0.0,-17.0,-0.06095711219204314
California,unlimited_useful_deadline,T120_P05_H0500_I0986_F1,T120_P05_H0500_I0986_CN030_F1,T120_P05_H0500_I0986_CN040_F1,30.0,40.0,36.0,48.0,6.25,6.25,7.037037037037052,-13.133333333320579,390.5,365.0,-0.0022774946047013356,0.0,3.0,-11.0,-0.05615364635768838
California,unlimited_useful_deadline,T120_P05_H0500_I0986_F1,T120_P05_H0500_I0986_CN040_F1,T120_P05_H0500_I0986_CN050_F1,40.0,50.0,48.0,60.0,0.0,-6.25,-5.555555555555571,-0.8666666666794214,85.0,153.0,-0.05068478541308677,0.0,-1.0,-8.5,-0.0782209268071068
California,unlimited_useful_deadline,T120_P05_H0500_I0986_F1,T120_P05_H0500_I0986_CN050_F1,T120_P05_H0500_I0986_CN060_F1,50.0,60.0,60.0,72.0,0.0,6.25,5.925925925925924,-5.133333333333184,441.0,400.0,0.01082464644840575,0.0,1.0,11.5,-0.04661853897749868
California,unlimited_useful_deadline,T120_P05_H0500_I0986_F1,T120_P05_H0500_I0986_CN060_F1,T120_P05_H0500_I0986_CN070_F1,60.0,70.0,72.0,84.0,-6.25,-6.25,-5.925925925925924,5.000000000004363,15.0,117.0,-0.038805430018945125,0.0,1.0,19.5,-0.00852392718219086
California,unlimited_useful_deadline,T120_P05_H0500_I0986_F1,T120_P05_H0500_I0986_CN070_F1,T120_P05_H0500_I0986_CN080_F1,70.0,80.0,84.0,96.0,6.25,6.25,6.2962962962962905,-7.8666666666711365,504.0,439.0,0.011998400152809868,0.0,1.0,13.0,-0.05296189909091731
California,unlimited_useful_deadline,T120_P05_H0500_I0986_F1,T120_P05_H0500_I0986_CN080_F1,T120_P05_H0500_I0986_CN090_F1,80.0,90.0,96.0,108.0,0.0,0.0,1.851851851851876,1.0000000000077875,263.0,280.0,-0.01055777658495563,0.0,1.0,-4.5,-0.08203766484726471
California,unlimited_useful_deadline,T120_P05_H0500_I0986_F1,T120_P05_H0500_I0986_CN090_F1,T120_P05_H0500_I0986_CN100_F1,90.0,100.0,108.0,120.0,6.25,0.0,0.0,-9.133333333329375,261.5,271.0,-0.009047469247813855,0.0,-1.0,8.0,-0.07185386919963088
California,unlimited_useful_deadline,T120_P05_H0800_I0600_F1,T120_P05_H0800_I0600_CN000_F1,T120_P05_H0800_I0600_CN010_F1,0.0,10.0,0.0,12.0,18.75,6.25,26.76743169005227,39.60138888888905,496.5,624.0,0.16050944876269413,65.23394994559304,5.0,-12.5,0.8687295350360185
California,unlimited_useful_deadline,T120_P05_H0800_I0600_F1,T120_P05_H0800_I0600_CN010_F1,T120_P05_H0800_I0600_CN020_F1,10.0,20.0,12.0,24.0,-3.125,65.625,8.007019031770383,4.399305555555472,329.5,353.0,0.008323496510514783,14.862165392813054,2.0,-48.0,-0.06358289092998337
California,unlimited_useful_deadline,T120_P05_H0800_I0600_F1,T120_P05_H0800_I0600_CN020_F1,T120_P05_H0800_I0600_CN030_F1,20.0,30.0,24.0,36.0,9.375,6.25,1.1038961038961048,-18.649305555555955,304.0,288.0,0.005869192955135605,7.279085949838674,3.0,11.5,-0.028400814306770217
California,unlimited_useful_deadline,T120_P05_H0800_I0600_F1,T120_P05_H0800_I0600_CN030_F1,T120_P05_H0800_I0600_CN040_F1,30.0,40.0,36.0,48.0,6.25,3.125,2.455357142857139,-9.999999999997087,277.5,270.0,-0.01546434118114104,3.936274121591296,-2.0,-59.0,-0.014777832438657823
California,unlimited_useful_deadline,T120_P05_H0800_I0600_F1,T120_P05_H0800_I0600_CN040_F1,T120_P05_H0800_I0600_CN050_F1,40.0,50.0,48.0,60.0,0.0,3.125,-0.6696428571428612,-6.315972222224815,314.5,300.0,-0.019084701231938894,4.165325709305932,1.0,-68.5,-0.03468549362959128
California,unlimited_useful_deadline,T120_P05_H0800_I0600_F1,T120_P05_H0800_I0600_CN050_F1,T120_P05_H0800_I0600_CN060_F1,50.0,60.0,60.0,72.0,0.0,0.0,0.892857142857153,-8.034722222216686,292.5,280.0,0.007031558903781987,0.9942698697788046,0.0,14.5,-0.032851460006381394
California,unlimited_useful_deadline,T120_P05_H0800_I0600_F1,T120_P05_H0800_I0600_CN060_F1,T120_P05_H0800_I0600_CN070_F1,60.0,70.0,72.0,84.0,0.0,0.0,-0.4464285714285694,8.350694444438588,266.5,267.0,-0.011670640827690315,1.087649188626827,1.0,-24.0,-0.05324404196811505
California,unlimited_useful_deadline,T120_P05_H0800_I0600_F1,T120_P05_H0800_I0600_CN070_F1,T120_P05_H0800_I0600_CN080_F1,70.0,80.0,84.0,96.0,0.0,0.0,0.0,-10.35069444444271,300.0,281.0,-0.010064279925178887,1.0928529870936217,0.0,-9.0,-0.054449489748834345
California,unlimited_useful_deadline,T120_P05_H0800_I0600_F1,T120_P05_H0800_I0600_CN080_F1,T120_P05_H0800_I0600_CN090_F1,80.0,90.0,96.0,108.0,0.0,0.0,0.4464285714285694,-3.6493055555543776,292.0,280.0,-0.005771356959915264,1.014638335889785,0.0,-19.5,-0.034701074760721484
California,unlimited_useful_deadline,T120_P05_H0800_I0600_F1,T120_P05_H0800_I0600_CN090_F1,T120_P05_H0800_I0600_CN100_F1,90.0,100.0,108.0,120.0,0.0,0.0,0.0,-2.8340277777783456,325.0,307.0,-0.004064818723369168,0.33378849946896594,1.0,1.5,-0.042889559498502594
California,unlimited_useful_deadline,T120_P05_H0800_I0800_F1,T120_P05_H0800_I0800_CN000_F1,T120_P05_H0800_I0800_CN010_F1,0.0,10.0,0.0,12.0,84.375,78.125,43.690458739413785,,556.0,578.0,0.12277284441795944,97.06227967097533,7.0,-189.0,0.9156236831015592
California,unlimited_useful_deadline,T120_P05_H0800_I0800_F1,T120_P05_H0800_I0800_CN010_F1,T120_P05_H0800_I0800_CN020_F1,10.0,20.0,12.0,24.0,6.25,9.375,13.471554487179489,-32.00000000000048,394.0,360.0,-0.0322949380623101,2.937720329024671,0.0,-6.5,-0.06346292859705471
California,unlimited_useful_deadline,T120_P05_H0800_I0800_F1,T120_P05_H0800_I0800_CN020_F1,T120_P05_H0800_I0800_CN030_F1,20.0,30.0,24.0,36.0,3.125,9.375,2.240251068376068,-15.916666666666913,320.5,303.0,-0.038322066338403904,0.0,1.0,13.5,-0.06581778156113716
California,unlimited_useful_deadline,T120_P05_H0800_I0800_F1,T120_P05_H0800_I0800_CN030_F1,T120_P05_H0800_I0800_CN040_F1,30.0,40.0,36.0,48.0,3.125,0.0,-0.390625,-0.4833333333066463,301.0,299.0,-0.027829835009236692,0.0,2.0,49.0,-0.023721546354413592
California,unlimited_useful_deadline,T120_P05_H0800_I0800_F1,T120_P05_H0800_I0800_CN040_F1,T120_P05_H0800_I0800_CN050_F1,40.0,50.0,48.0,60.0,3.125,0.0,0.78125,-11.599999999990061,326.0,303.0,-0.02441464770723345,0.0,1.0,-34.0,-0.09144605345462531
California,unlimited_useful_deadline,T120_P05_H0800_I0800_F1,T120_P05_H0800_I0800_CN050_F1,T120_P05_H0800_I0800_CN060_F1,50.0,60.0,60.0,72.0,0.0,0.0,0.390625,0.38333333329925523,340.0,321.0,-0.00886179965626438,0.0,0.0,-3.0,-0.04388746060142701
California,unlimited_useful_deadline,T120_P05_H0800_I0800_F1,T120_P05_H0800_I0800_CN060_F1,T120_P05_H0800_I0800_CN070_F1,60.0,70.0,72.0,84.0,0.0,0.0,0.390625,-8.734027777776646,299.5,295.0,-0.017772590071923555,0.0,0.0,-14.5,-0.05398318504118205
California,unlimited_useful_deadline,T120_P05_H0800_I0800_F1,T120_P05_H0800_I0800_CN070_F1,T120_P05_H0800_I0800_CN080_F1,70.0,80.0,84.0,96.0,0.0,3.125,0.390625,-1.0000000000035172,330.0,314.0,-0.011127105623967903,0.0,5.0,15.0,-0.05652493865310704
California,unlimited_useful_deadline,T120_P05_H0800_I0800_F1,T120_P05_H0800_I0800_CN080_F1,T120_P05_H0800_I0800_CN090_F1,80.0,90.0,96.0,108.0,0.0,0.0,0.0,0.7340277778268529,306.5,298.0,-0.01145685721287848,0.0,-1.0,1.0,-0.05407816605094751
California,unlimited_useful_deadline,T120_P05_H0800_I0800_F1,T120_P05_H0800_I0800_CN090_F1,T120_P05_H0800_I0800_CN100_F1,90.0,100.0,108.0,120.0,0.0,0.0,0.0,-7.897916666713719,311.5,299.0,-0.010509962968980047,0.0,-2.0,3.0,-0.058112446232468695
California,unlimited_useful_deadline,T120_P05_H0800_I0986_F1,T120_P05_H0800_I0986_CN000_F1,T120_P05_H0800_I0986_CN010_F1,0.0,10.0,0.0,12.0,34.375,87.5,59.64105896841616,,580.0,648.0,0.17709175495487317,98.56608478802993,6.0,-108.5,0.9182212700505383
California,unlimited_useful_deadline,T120_P05_H0800_I0986_F1,T120_P05_H0800_I0986_CN010_F1,T120_P05_H0800_I0986_CN020_F1,10.0,20.0,12.0,24.0,6.25,3.125,4.480286738351268,-35.58333333333334,320.5,320.0,-0.04814707708150234,1.3448283522818798,1.0,1.5,-0.05561541939618886
California,unlimited_useful_deadline,T120_P05_H0800_I0986_F1,T120_P05_H0800_I0986_CN020_F1,T120_P05_H0800_I0986_CN030_F1,20.0,30.0,24.0,36.0,0.0,6.25,2.329749103942646,-12.416666666659381,350.5,332.0,-0.023013850868125574,0.08908685968819441,0.0,50.0,-0.048650870481734554
California,unlimited_useful_deadline,T120_P05_H0800_I0986_F1,T120_P05_H0800_I0986_CN030_F1,T120_P05_H0800_I0986_CN040_F1,30.0,40.0,36.0,48.0,0.0,0.0,0.0,0.9999999999936904,319.5,318.0,-0.026730930602123226,0.0,2.0,-24.5,-0.049646176217490234
California,unlimited_useful_deadline,T120_P05_H0800_I0986_F1,T120_P05_H0800_I0986_CN040_F1,T120_P05_H0800_I0986_CN050_F1,40.0,50.0,48.0,60.0,0.0,0.0,0.0,-11.000000000000973,325.0,309.0,-0.02012884877904475,0.0,0.0,-22.0,-0.04834602078360373
California,unlimited_useful_deadline,T120_P05_H0800_I0986_F1,T120_P05_H0800_I0986_CN050_F1,T120_P05_H0800_I0986_CN060_F1,50.0,60.0,60.0,72.0,0.0,0.0,0.0,-6.999999999973319,314.0,316.0,-0.014237553344010279,0.0,3.0,-1.5,-0.06321063387397419
California,unlimited_useful_deadline,T120_P05_H0800_I0986_F1,T120_P05_H0800_I0986_CN060_F1,T120_P05_H0800_I0986_CN070_F1,60.0,70.0,72.0,84.0,0.0,0.0,0.0,0.9999999999830251,337.5,327.0,-0.011129076496708912,0.0,1.0,10.0,-0.04824274317434507
California,unlimited_useful_deadline,T120_P05_H0800_I0986_F1,T120_P05_H0800_I0986_CN070_F1,T120_P05_H0800_I0986_CN080_F1,70.0,80.0,84.0,96.0,0.0,0.0,0.0,-5.0,324.5,318.0,-0.012440614884649648,0.0,-1.0,-17.5,-0.04761893227502978
California,unlimited_useful_deadline,T120_P05_H0800_I0986_F1,T120_P05_H0800_I0986_CN080_F1,T120_P05_H0800_I0986_CN090_F1,80.0,90.0,96.0,108.0,0.0,0.0,0.0,-3.583333333339155,280.0,295.0,-0.014581772727919717,0.0,2.0,36.0,-0.018856737695100323
California,unlimited_useful_deadline,T120_P05_H0800_I0986_F1,T120_P05_H0800_I0986_CN090_F1,T120_P05_H0800_I0986_CN100_F1,90.0,100.0,108.0,120.0,0.0,0.0,0.0,-3.1145833333357587,344.5,322.0,-0.007856480906739516,0.0,0.0,-16.0,-0.09981251657418166
California,unlimited_useful_deadline,T120_P05_H1000_I0600_F1,T120_P05_H1000_I0600_CN000_F1,T120_P05_H1000_I0600_CN010_F1,0.0,10.0,0.0,12.0,21.875,12.5,24.35870241874389,87.9513888888922,459.5,570.0,0.13948517734517207,62.858719646799116,5.0,-24.0,0.8526801103067907
California,unlimited_useful_deadline,T120_P05_H1000_I0600_F1,T120_P05_H1000_I0600_CN010_F1,T120_P05_H1000_I0600_CN020_F1,10.0,20.0,12.0,24.0,0.0,68.75,5.312796200696056,-45.95069444444768,314.5,331.0,0.021494105773787353,17.682042335994822,0.0,-63.5,-0.06234832466159812
California,unlimited_useful_deadline,T120_P05_H1000_I0600_F1,T120_P05_H1000_I0600_CN020_F1,T120_P05_H1000_I0600_CN030_F1,20.0,30.0,24.0,36.0,9.375,0.0,1.631181318681314,-2.0000000000001137,308.0,288.0,0.020303513648963878,6.178243578213582,3.0,9.0,-0.036429013851425385
California,unlimited_useful_deadline,T120_P05_H1000_I0600_F1,T120_P05_H1000_I0600_CN030_F1,T120_P05_H1000_I0600_CN040_F1,30.0,40.0,36.0,48.0,3.125,0.0,-0.2403846153846132,-18.999999999998067,263.5,267.0,-0.008498280851744033,4.6872444389924794,-2.0,-40.0,-0.04723724356061587
California,unlimited_useful_deadline,T120_P05_H1000_I0600_F1,T120_P05_H1000_I0600_CN040_F1,T120_P05_H1000_I0600_CN050_F1,40.0,50.0,48.0,60.0,3.125,9.375,2.936126373626365,-6.265972222224079,325.5,301.0,-0.0065882221845803834,3.6114595631641038,3.0,-36.5,-0.04577195393596245
California,unlimited_useful_deadline,T120_P05_H1000_I0600_F1,T120_P05_H1000_I0600_CN050_F1,T120_P05_H1000_I0600_CN060_F1,50.0,60.0,60.0,72.0,-3.125,-3.125,-2.232142857142861,-4.515277777777499,273.5,279.0,0.007995914446831565,1.2809102611771692,0.0,-3.5,-0.05305952769709377
California,unlimited_useful_deadline,T120_P05_H1000_I0600_F1,T120_P05_H1000_I0600_CN060_F1,T120_P05_H1000_I0600_CN070_F1,60.0,70.0,72.0,84.0,3.125,0.0,1.3392857142857224,-1.350694444443306,299.5,283.0,-0.0007460278251152919,1.3969757898568247,1.0,-12.0,-0.05242747519124569
California,unlimited_useful_deadline,T120_P05_H1000_I0600_F1,T120_P05_H1000_I0600_CN070_F1,T120_P05_H1000_I0600_CN080_F1,70.0,80.0,84.0,96.0,0.0,0.0,0.0,0.0,274.5,273.0,-0.010219436533282056,0.9721952795624418,0.0,6.0,-0.03626444195177392
California,unlimited_useful_deadline,T120_P05_H1000_I0600_F1,T120_P05_H1000_I0600_CN080_F1,T120_P05_H1000_I0600_CN090_F1,80.0,90.0,96.0,108.0,0.0,0.0,0.4464285714285694,-9.701388888889056,286.0,278.0,-0.0033077421356902947,0.5478350674821542,-1.0,0.0,-0.03840787549951408
California,unlimited_useful_deadline,T120_P05_H1000_I0600_F1,T120_P05_H1000_I0600_CN090_F1,T120_P05_H1000_I0600_CN100_F1,90.0,100.0,108.0,120.0,0.0,0.0,0.0,-0.2986111111019767,313.5,297.0,-0.002427747394839752,0.7843740387573064,1.0,-1.5,-0.06350424989747205
California,unlimited_useful_deadline,T120_P05_H1000_I0800_F1,T120_P05_H1000_I0800_CN000_F1,T120_P05_H1000_I0800_CN010_F1,0.0,10.0,0.0,12.0,81.25,78.125,47.263749809512696,,555.5,573.0,0.16341406783425727,98.9117291414752,6.0,-135.5,0.9265862808145766
California,unlimited_useful_deadline,T120_P05_H1000_I0800_F1,T120_P05_H1000_I0800_CN010_F1,T120_P05_H1000_I0800_CN020_F1,10.0,20.0,12.0,24.0,9.375,12.5,10.600961538461533,-16.08263888889148,356.5,339.0,-0.012935064894732173,1.088270858524794,0.0,-48.5,-0.09600873757212569
California,unlimited_useful_deadline,T120_P05_H1000_I0800_F1,T120_P05_H1000_I0800_CN020_F1,T120_P05_H1000_I0800_CN030_F1,20.0,30.0,24.0,36.0,9.375,-3.125,2.2733516483516496,-13.434027777769856,348.5,328.0,-0.011903885953204574,0.0,2.0,-15.5,-0.06389132131821351
California,unlimited_useful_deadline,T120_P05_H1000_I0800_F1,T120_P05_H1000_I0800_CN030_F1,T120_P05_H1000_I0800_CN040_F1,30.0,40.0,36.0,48.0,-6.25,6.25,0.5528846153846132,-2.0493055555634783,305.0,297.0,-0.017367503336253698,0.0,4.0,10.0,-0.05932809059703392
California,unlimited_useful_deadline,T120_P05_H1000_I0800_F1,T120_P05_H1000_I0800_CN040_F1,T120_P05_H1000_I0800_CN050_F1,40.0,50.0,48.0,60.0,6.25,3.125,0.6868131868131826,-15.812499999997328,326.5,310.0,-0.018438287029375167,0.0,-1.0,0.0,-0.061121318226904364
California,unlimited_useful_deadline,T120_P05_H1000_I0800_F1,T120_P05_H1000_I0800_CN050_F1,T120_P05_H1000_I0800_CN060_F1,50.0,60.0,60.0,72.0,0.0,0.0,0.4464285714285836,5.729861111115682,337.5,319.0,-0.004744099864180451,0.0,1.0,16.0,-0.052332255569132125
California,unlimited_useful_deadline,T120_P05_H1000_I0800_F1,T120_P05_H1000_I0800_CN060_F1,T120_P05_H1000_I0800_CN070_F1,60.0,70.0,72.0,84.0,0.0,0.0,0.4464285714285552,-6.868055555556083,295.5,300.0,-0.015356888529215684,0.0,-1.0,8.0,-0.04638854655221003
California,unlimited_useful_deadline,T120_P05_H1000_I0800_F1,T120_P05_H1000_I0800_CN070_F1,T120_P05_H1000_I0800_CN080_F1,70.0,80.0,84.0,96.0,0.0,0.0,0.0,-4.031944444448165,339.0,315.0,-0.007951766168302288,0.0,2.0,17.0,-0.06279243638196452
California,unlimited_useful_deadline,T120_P05_H1000_I0800_F1,T120_P05_H1000_I0800_CN080_F1,T120_P05_H1000_I0800_CN090_F1,80.0,90.0,96.0,108.0,0.0,0.0,-0.4464285714285552,-2.9061197892588098e-12,300.5,297.0,-0.010350867054174484,0.0,-1.0,-8.0,-0.09088536333566433
California,unlimited_useful_deadline,T120_P05_H1000_I0800_F1,T120_P05_H1000_I0800_CN090_F1,T120_P05_H1000_I0800_CN100_F1,90.0,100.0,108.0,120.0,0.0,0.0,0.4464285714285552,-2.999999999992241,324.0,310.0,-0.008204624738700983,0.0,1.0,15.5,-0.04909632235739769
California,unlimited_useful_deadline,T120_P05_H1000_I0986_F1,T120_P05_H1000_I0986_CN000_F1,T120_P05_H1000_I0986_CN010_F1,0.0,10.0,0.0,12.0,28.125,87.5,55.50758023918698,,545.0,606.0,0.1651777803976613,95.33417402269862,5.0,-149.5,0.9150461361014994
California,unlimited_useful_deadline,T120_P05_H1000_I0986_F1,T120_P05_H1000_I0986_CN010_F1,T120_P05_H1000_I0986_CN020_F1,10.0,20.0,12.0,24.0,0.0,3.125,0.7407407407407334,-16.999999999999517,334.0,329.0,-0.01503192222634725,4.399632543406085,1.0,-20.5,-0.07464490153359815
California,unlimited_useful_deadline,T120_P05_H1000_I0986_F1,T120_P05_H1000_I0986_CN020_F1,T120_P05_H1000_I0986_CN030_F1,20.0,30.0,24.0,36.0,0.0,3.125,0.6666666666666714,-8.583333333334068,320.5,313.0,-0.01794779203592345,0.26619343389529604,1.0,12.0,-0.044946417093335134
California,unlimited_useful_deadline,T120_P05_H1000_I0986_F1,T120_P05_H1000_I0986_CN030_F1,T120_P05_H1000_I0986_CN040_F1,30.0,40.0,36.0,48.0,0.0,0.0,0.0,-13.41666666666545,339.0,332.0,-0.014144405089714707,0.0,3.0,-11.0,-0.08518316656269742
California,unlimited_useful_deadline,T120_P05_H1000_I0986_F1,T120_P05_H1000_I0986_CN040_F1,T120_P05_H1000_I0986_CN050_F1,40.0,50.0,48.0,60.0,0.0,0.0,0.0,5.0,314.5,309.0,-0.017137120764339986,0.0,-1.0,10.5,-0.019299598938345763
California,unlimited_useful_deadline,T120_P05_H1000_I0986_F1,T120_P05_H1000_I0986_CN050_F1,T120_P05_H1000_I0986_CN060_F1,50.0,60.0,60.0,72.0,0.0,0.0,0.0,-2.9999999999990337,323.5,319.0,-0.009356664526562808,0.0,5.0,2.0,-0.06283363806880127
California,unlimited_useful_deadline,T120_P05_H1000_I0986_F1,T120_P05_H1000_I0986_CN060_F1,T120_P05_H1000_I0986_CN070_F1,60.0,70.0,72.0,84.0,0.0,0.0,0.0,-6.999999999992234,320.0,318.0,-0.010580688906471958,0.0,-4.0,35.0,-0.02965398935706265
California,unlimited_useful_deadline,T120_P05_H1000_I0986_F1,T120_P05_H1000_I0986_CN070_F1,T120_P05_H1000_I0986_CN080_F1,70.0,80.0,84.0,96.0,0.0,0.0,0.0,-7.000000000009706,327.5,320.0,-0.010213855558204199,0.0,6.0,-25.0,-0.042468898828005974
California,unlimited_useful_deadline,T120_P05_H1000_I0986_F1,T120_P05_H1000_I0986_CN080_F1,T120_P05_H1000_I0986_CN090_F1,80.0,90.0,96.0,108.0,0.0,0.0,0.0,-0.9999999999995097,320.0,319.0,-0.010114030647647265,0.0,0.0,21.0,-0.09149035810232098
California,unlimited_useful_deadline,T120_P05_H1000_I0986_F1,T120_P05_H1000_I0986_CN090_F1,T120_P05_H1000_I0986_CN100_F1,90.0,100.0,108.0,120.0,0.0,0.0,0.0,-7.395833333331396,328.0,315.0,-0.008244582566308778,0.0,-2.0,-6.0,-0.09777437180105197
California,unlimited_useful_deadline,T120_P10_H0500_I0600_F1,T120_P10_H0500_I0600_CN000_F1,T120_P10_H0500_I0600_CN010_F1,0.0,10.0,0.0,12.0,0.0,0.0,43.751444115198005,,595.0,736.0,0.3027754523501248,75.87968217934166,6.0,-0.5,0.8362370556954941
California,unlimited_useful_deadline,T120_P10_H0500_I0600_F1,T120_P10_H0500_I0600_CN010_F1,T120_P10_H0500_I0600_CN020_F1,10.0,20.0,12.0,24.0,12.5,84.375,10.251660141866338,,348.0,341.0,-0.004625185465125359,13.095094061504554,1.0,2.5,-0.04458810068309593
California,unlimited_useful_deadline,T120_P10_H0500_I0600_F1,T120_P10_H0500_I0600_CN020_F1,T120_P10_H0500_I0600_CN030_F1,20.0,30.0,24.0,36.0,0.0,-3.125,-0.3125,-37.683333333347804,280.0,275.0,-0.03516218136163329,4.03383873595962,1.0,38.5,-0.08401329609766939
California,unlimited_useful_deadline,T120_P10_H0500_I0600_F1,T120_P10_H0500_I0600_CN030_F1,T120_P10_H0500_I0600_CN040_F1,30.0,40.0,36.0,48.0,6.25,3.125,1.3020833333333286,-4.150694444449229,290.5,281.0,-0.030446770058659922,1.2953583491180325,3.0,-22.0,-0.012334655570247266
California,unlimited_useful_deadline,T120_P10_H0500_I0600_F1,T120_P10_H0500_I0600_CN040_F1,T120_P10_H0500_I0600_CN050_F1,40.0,50.0,48.0,60.0,0.0,9.375,3.2291666666666856,-16.11458333333381,376.0,342.0,-0.007349334192370494,2.7771574486107227,-2.0,-51.0,-0.04155056976834559
California,unlimited_useful_deadline,T120_P10_H0500_I0600_F1,T120_P10_H0500_I0600_CN050_F1,T120_P10_H0500_I0600_CN060_F1,50.0,60.0,60.0,72.0,3.125,3.125,0.8854166666666572,-0.8854166666615697,337.5,314.0,-0.011977552174489925,1.1878704192576919,3.0,-10.0,-0.06824885466741892
California,unlimited_useful_deadline,T120_P10_H0500_I0600_F1,T120_P10_H0500_I0600_CN060_F1,T120_P10_H0500_I0600_CN070_F1,60.0,70.0,72.0,84.0,0.0,0.0,0.625,-8.849305555560974,303.5,287.0,-0.020474322358380426,0.9321349681107876,0.0,16.5,-0.013930746390299786
California,unlimited_useful_deadline,T120_P10_H0500_I0600_F1,T120_P10_H0500_I0600_CN070_F1,T120_P10_H0500_I0600_CN080_F1,70.0,80.0,84.0,96.0,0.0,0.0,0.3645833333333428,2.8666666666789524,294.5,272.0,-0.019464507463235692,0.4292077789519624,0.0,-54.0,-0.0669179352149174
California,unlimited_useful_deadline,T120_P10_H0500_I0600_F1,T120_P10_H0500_I0600_CN080_F1,T120_P10_H0500_I0600_CN090_F1,80.0,90.0,96.0,108.0,0.0,0.0,-0.3645833333333428,-12.093750000003396,339.0,322.0,-0.011616377718553172,0.15226475479714452,1.0,43.0,-0.0708822006462051
California,unlimited_useful_deadline,T120_P10_H0500_I0600_F1,T120_P10_H0500_I0600_CN090_F1,T120_P10_H0500_I0600_CN100_F1,90.0,100.0,108.0,120.0,0.0,3.125,0.625,0.0,296.0,278.0,-0.017064931047326926,0.21739130434782794,-2.0,-6.5,-0.04966551612354264
California,unlimited_useful_deadline,T120_P10_H0500_I0800_F1,T120_P10_H0500_I0800_CN000_F1,T120_P10_H0500_I0800_CN010_F1,0.0,10.0,0.0,12.0,81.25,78.125,44.27110094185924,,564.0,651.0,-0.01473865104811295,98.36065573770492,6.0,-108.0,0.9123266219239374
California,unlimited_useful_deadline,T120_P10_H0500_I0800_F1,T120_P10_H0500_I0800_CN010_F1,T120_P10_H0500_I0800_CN020_F1,10.0,20.0,12.0,24.0,15.625,6.25,15.234375,-44.548611111113374,386.5,351.0,-0.06527851982121136,1.639344262295083,1.0,2.5,-0.05352830748046156
California,unlimited_useful_deadline,T120_P10_H0500_I0800_F1,T120_P10_H0500_I0800_CN020_F1,T120_P10_H0500_I0800_CN030_F1,20.0,30.0,24.0,36.0,0.0,12.5,3.125,-0.8680555555557135,357.0,332.0,-0.035702432142943386,0.0,2.0,64.5,-0.050727316452853
California,unlimited_useful_deadline,T120_P10_H0500_I0800_F1,T120_P10_H0500_I0800_CN030_F1,T120_P10_H0500_I0800_CN040_F1,30.0,40.0,36.0,48.0,3.125,0.0,1.5625,-8.13194444444332,311.5,310.0,-0.03311633944098896,0.0,1.0,-7.0,-0.07430077145340608
California,unlimited_useful_deadline,T120_P10_H0500_I0800_F1,T120_P10_H0500_I0800_CN040_F1,T120_P10_H0500_I0800_CN050_F1,40.0,50.0,48.0,60.0,0.0,3.125,1.5625,-5.868055555554257,339.5,311.0,-0.01421166411815633,0.0,1.0,-25.5,-0.08796427974535459
California,unlimited_useful_deadline,T120_P10_H0500_I0800_F1,T120_P10_H0500_I0800_CN050_F1,T120_P10_H0500_I0800_CN060_F1,50.0,60.0,60.0,72.0,0.0,-3.125,-0.78125,-7.395833333333336,309.5,313.0,-0.014270065440348645,0.0,0.0,-12.5,-0.02380867344489568
California,unlimited_useful_deadline,T120_P10_H0500_I0800_F1,T120_P10_H0500_I0800_CN060_F1,T120_P10_H0500_I0800_CN070_F1,60.0,70.0,72.0,84.0,0.0,3.125,0.78125,2.0000000000208615,320.5,300.0,-0.009698400653573358,0.0,1.0,29.0,-0.013015607584949684
California,unlimited_useful_deadline,T120_P10_H0500_I0800_F1,T120_P10_H0500_I0800_CN070_F1,T120_P10_H0500_I0800_CN080_F1,70.0,80.0,84.0,96.0,0.0,0.0,0.0,-4.30208333335662,334.5,322.0,-0.007924551604472585,0.0,0.0,37.0,-0.09883873156568446
California,unlimited_useful_deadline,T120_P10_H0500_I0800_F1,T120_P10_H0500_I0800_CN080_F1,T120_P10_H0500_I0800_CN090_F1,80.0,90.0,96.0,108.0,0.0,0.0,0.0,-4.0,305.0,296.0,-0.009199835334958106,0.0,1.0,7.5,-0.08201700827040637
California,unlimited_useful_deadline,T120_P10_H0500_I0800_F1,T120_P10_H0500_I0800_CN090_F1,T120_P10_H0500_I0800_CN100_F1,90.0,100.0,108.0,120.0,0.0,0.0,0.0,0.8680555555557206,323.0,314.0,-0.00619591136249259,0.0,0.0,9.0,-0.044205642928314415
California,unlimited_useful_deadline,T120_P10_H0500_I0986_F1,T120_P10_H0500_I0986_CN000_F1,T120_P10_H0500_I0986_CN010_F1,0.0,10.0,0.0,12.0,78.125,78.125,46.4103833680534,,550.5,640.0,-0.08556457367269649,100.0,7.0,-131.0,0.9209005376344086
California,unlimited_useful_deadline,T120_P10_H0500_I0986_F1,T120_P10_H0500_I0986_CN010_F1,T120_P10_H0500_I0986_CN020_F1,10.0,20.0,12.0,24.0,12.5,0.0,9.861111111111114,-47.99999999998933,347.5,325.0,-0.08034219477883225,0.0,0.0,36.5,-0.06818664619006642
California,unlimited_useful_deadline,T120_P10_H0500_I0986_F1,T120_P10_H0500_I0986_CN020_F1,T120_P10_H0500_I0986_CN030_F1,20.0,30.0,24.0,36.0,6.25,21.875,9.670138888888886,-21.183333333342063,448.0,393.0,-0.010723305625408408,0.0,1.0,-6.5,-0.047228211383359975
California,unlimited_useful_deadline,T120_P10_H0500_I0986_F1,T120_P10_H0500_I0986_CN030_F1,T120_P10_H0500_I0986_CN040_F1,30.0,40.0,36.0,48.0,0.0,0.0,0.0,3.3152777777756697,273.0,285.0,-0.03075587020411119,0.0,3.0,-10.0,-0.07588462362506343
California,unlimited_useful_deadline,T120_P10_H0500_I0986_F1,T120_P10_H0500_I0986_CN040_F1,T120_P10_H0500_I0986_CN050_F1,40.0,50.0,48.0,60.0,3.125,0.0,0.0,-9.999999999996113,352.5,320.0,-0.010886916545144953,0.0,0.0,11.0,-0.04556939908023905
California,unlimited_useful_deadline,T120_P10_H0500_I0986_F1,T120_P10_H0500_I0986_CN050_F1,T120_P10_H0500_I0986_CN060_F1,50.0,60.0,60.0,72.0,0.0,0.0,0.0,-4.131944444447193,326.0,321.0,-0.013081066171256706,0.0,0.0,15.0,-0.05084428738051017
California,unlimited_useful_deadline,T120_P10_H0500_I0986_F1,T120_P10_H0500_I0986_CN060_F1,T120_P10_H0500_I0986_CN070_F1,60.0,70.0,72.0,84.0,0.0,0.0,0.0,1.6041666666909151,297.5,285.0,-0.014157397751481698,0.0,-2.0,48.0,-0.006418601206400698
California,unlimited_useful_deadline,T120_P10_H0500_I0986_F1,T120_P10_H0500_I0986_CN070_F1,T120_P10_H0500_I0986_CN080_F1,70.0,80.0,84.0,96.0,0.0,0.0,0.0,-5.736111111133262,330.0,317.0,-0.005786148992128398,0.0,2.0,-33.0,-0.10557659986695378
California,unlimited_useful_deadline,T120_P10_H0500_I0986_F1,T120_P10_H0500_I0986_CN080_F1,T120_P10_H0500_I0986_CN090_F1,80.0,90.0,96.0,108.0,0.0,0.0,0.0,-1.7361111111143472,320.5,311.0,-0.004930031366299409,0.0,3.0,-5.0,-0.07568123071359012
California,unlimited_useful_deadline,T120_P10_H0500_I0986_F1,T120_P10_H0500_I0986_CN090_F1,T120_P10_H0500_I0986_CN100_F1,90.0,100.0,108.0,120.0,0.0,0.0,0.0,-0.6979166666482328,302.5,294.0,-0.006473455339653877,0.0,0.0,25.5,-0.02536783714136326
California,unlimited_useful_deadline,T120_P10_H0800_I0600_F1,T120_P10_H0800_I0600_CN000_F1,T120_P10_H0800_I0600_CN010_F1,0.0,10.0,0.0,12.0,3.125,6.25,37.74194889382846,,542.0,672.0,0.2344029078322334,70.97518753606462,5.0,5.0,0.8342954686530106
California,unlimited_useful_deadline,T120_P10_H0800_I0600_F1,T120_P10_H0800_I0600_CN010_F1,T120_P10_H0800_I0600_CN020_F1,10.0,20.0,12.0,24.0,9.375,84.375,7.8541174314450615,116.61666666666727,337.5,337.0,0.04378203252705115,15.154380570247667,1.0,7.5,-0.03615052440080002
California,unlimited_useful_deadline,T120_P10_H0800_I0600_F1,T120_P10_H0800_I0600_CN020_F1,T120_P10_H0800_I0600_CN030_F1,20.0,30.0,24.0,36.0,-9.375,-12.5,-2.9166666666666714,-135.8340277777793,223.0,239.0,-0.015450563419275087,4.304909819405992,1.0,-16.5,-0.0717968496596515
California,unlimited_useful_deadline,T120_P10_H0800_I0600_F1,T120_P10_H0800_I0600_CN030_F1,T120_P10_H0800_I0600_CN040_F1,30.0,40.0,36.0,48.0,9.375,3.125,3.333333333333343,4.0,347.5,319.0,0.013971300862286151,3.3947697496832347,4.0,-16.0,0.017370726269118952
California,unlimited_useful_deadline,T120_P10_H0800_I0600_F1,T120_P10_H0800_I0600_CN040_F1,T120_P10_H0800_I0600_CN050_F1,40.0,50.0,48.0,60.0,6.25,9.375,2.395833333333343,-19.697916666666416,368.0,337.0,0.010192167974595767,2.9968900142134203,-2.0,-27.0,-0.06355349467758509
California,unlimited_useful_deadline,T120_P10_H0800_I0600_F1,T120_P10_H0800_I0600_CN050_F1,T120_P10_H0800_I0600_CN060_F1,50.0,60.0,60.0,72.0,0.0,3.125,0.052083333333314386,-11.599999999995148,324.5,311.0,-0.0021558526162003266,0.9849689176002983,2.0,-4.0,-0.04083510811555713
California,unlimited_useful_deadline,T120_P10_H0800_I0600_F1,T120_P10_H0800_I0600_CN060_F1,T120_P10_H0800_I0600_CN070_F1,60.0,70.0,72.0,84.0,0.0,-3.125,0.7291666666666856,-7.080555555538751,301.0,293.0,-0.00881571345694776,1.1773326991431503,0.0,-9.0,-0.06822809437503996
California,unlimited_useful_deadline,T120_P10_H0800_I0600_F1,T120_P10_H0800_I0600_CN070_F1,T120_P10_H0800_I0600_CN080_F1,70.0,80.0,84.0,96.0,0.0,3.125,0.2604166666666572,1.395833333311515,312.0,290.0,-0.008742281664715135,0.8654567975377176,0.0,-51.0,-0.008541800418886858
California,unlimited_useful_deadline,T120_P10_H0800_I0600_F1,T120_P10_H0800_I0600_CN080_F1,T120_P10_H0800_I0600_CN090_F1,80.0,90.0,96.0,108.0,0.0,3.125,0.3125,-2.000000000000007,347.0,324.0,-0.0048406099928097746,-0.3061867371029905,0.0,38.5,-0.05138971960006833
California,unlimited_useful_deadline,T120_P10_H0800_I0600_F1,T120_P10_H0800_I0600_CN090_F1,T120_P10_H0800_I0600_CN100_F1,90.0,100.0,108.0,120.0,0.0,0.0,0.0,-8.395833333307621,307.5,290.0,-0.011190657991355712,0.4522906332068857,0.0,-25.5,-0.061745480147364695
California,unlimited_useful_deadline,T120_P10_H0800_I0800_F1,T120_P10_H0800_I0800_CN000_F1,T120_P10_H0800_I0800_CN010_F1,0.0,10.0,0.0,12.0,84.375,78.125,36.94590219483087,,505.0,562.0,0.07829574434390119,96.26047711154094,6.0,-170.5,0.9009232954545454
California,unlimited_useful_deadline,T120_P10_H0800_I0800_F1,T120_P10_H0800_I0800_CN010_F1,T120_P10_H0800_I0800_CN020_F1,10.0,20.0,12.0,24.0,12.5,12.5,12.220982142857139,-32.16666666666207,353.0,332.0,-0.02786256028057804,3.1635370665716067,-1.0,19.0,-0.04577635036560501
California,unlimited_useful_deadline,T120_P10_H0800_I0800_F1,T120_P10_H0800_I0800_CN020_F1,T120_P10_H0800_I0800_CN030_F1,20.0,30.0,24.0,36.0,-6.25,-3.125,4.017857142857153,-9.049305555560082,388.0,355.0,-0.006651663986470935,0.575985821887457,4.0,26.0,-0.0382397577657938
California,unlimited_useful_deadline,T120_P10_H0800_I0800_F1,T120_P10_H0800_I0800_CN030_F1,T120_P10_H0800_I0800_CN040_F1,30.0,40.0,36.0,48.0,9.375,9.375,2.0089285714285694,-13.784027777777851,306.0,309.0,-0.024974198931852043,0.0,1.0,-31.0,-0.06155511463717267
California,unlimited_useful_deadline,T120_P10_H0800_I0800_F1,T120_P10_H0800_I0800_CN040_F1,T120_P10_H0800_I0800_CN050_F1,40.0,50.0,48.0,60.0,0.0,0.0,0.78125,-4.028472222220934,341.5,315.0,-0.008132619702766963,0.0,1.0,-15.5,-0.08738654996592299
California,unlimited_useful_deadline,T120_P10_H0800_I0800_F1,T120_P10_H0800_I0800_CN050_F1,T120_P10_H0800_I0800_CN060_F1,50.0,60.0,60.0,72.0,0.0,0.0,0.0,-2.2354166666613295,331.5,325.0,-0.008243812986296617,0.0,0.0,52.5,-0.03911936887389711
California,unlimited_useful_deadline,T120_P10_H0800_I0800_F1,T120_P10_H0800_I0800_CN060_F1,T120_P10_H0800_I0800_CN070_F1,60.0,70.0,72.0,84.0,0.0,3.125,0.78125,-5.215972222228686,311.5,297.0,-0.008628525363243766,0.0,1.0,-1.0,-0.04211730722337892
California,unlimited_useful_deadline,T120_P10_H0800_I0800_F1,T120_P10_H0800_I0800_CN070_F1,T120_P10_H0800_I0800_CN080_F1,70.0,80.0,84.0,96.0,0.0,0.0,0.0,-0.4166666666618184,336.5,326.0,-0.0062013994168717,0.0,2.0,29.0,-0.06750988438425276
California,unlimited_useful_deadline,T120_P10_H0800_I0800_F1,T120_P10_H0800_I0800_CN080_F1,T120_P10_H0800_I0800_CN090_F1,80.0,90.0,96.0,108.0,0.0,0.0,0.0,-0.43402777778101154,313.5,306.0,-0.007582854253518401,0.0,-2.0,-59.5,-0.10792250118672309
California,unlimited_useful_deadline,T120_P10_H0800_I0800_F1,T120_P10_H0800_I0800_CN090_F1,T120_P10_H0800_I0800_CN100_F1,90.0,100.0,108.0,120.0,0.0,0.0,0.0,-3.7152777777768904,323.0,314.0,-0.00553784326511414,0.0,1.0,21.5,-0.02410986292770101
California,unlimited_useful_deadline,T120_P10_H0800_I0986_F1,T120_P10_H0800_I0986_CN000_F1,T120_P10_H0800_I0986_CN010_F1,0.0,10.0,0.0,12.0,37.5,78.125,45.85579524700938,,573.0,631.0,0.08020906903863317,98.42233009708738,8.0,-145.5,0.9163887072160455
California,unlimited_useful_deadline,T120_P10_H0800_I0986_F1,T120_P10_H0800_I0986_CN010_F1,T120_P10_H0800_I0986_CN020_F1,10.0,20.0,12.0,24.0,9.375,15.625,14.019097222222229,-49.665972222222024,358.5,330.0,-0.046480710311243956,1.2394035181346084,-1.0,-8.0,-0.06324023174101234
California,unlimited_useful_deadline,T120_P10_H0800_I0986_F1,T120_P10_H0800_I0986_CN020_F1,T120_P10_H0800_I0986_CN030_F1,20.0,30.0,24.0,36.0,0.0,-3.125,-0.34722222222222854,-4.334027777777493,339.5,325.0,-0.02432406446941926,0.07545429542189197,3.0,35.0,-0.053329947994908755
California,unlimited_useful_deadline,T120_P10_H0800_I0986_F1,T120_P10_H0800_I0986_CN030_F1,T120_P10_H0800_I0986_CN040_F1,30.0,40.0,36.0,48.0,3.125,9.375,1.5190972222222285,-8.00000000000049,323.5,324.0,-0.015343244354918628,0.23571916061051468,2.0,2.5,-0.05194207060366751
California,unlimited_useful_deadline,T120_P10_H0800_I0986_F1,T120_P10_H0800_I0986_CN040_F1,T120_P10_H0800_I0986_CN050_F1,40.0,50.0,48.0,60.0,0.0,0.0,0.0,-8.0,342.0,312.0,-0.009148471808057335,-0.08719278554011112,-3.0,-49.5,-0.08778373219742686
California,unlimited_useful_deadline,T120_P10_H0800_I0986_F1,T120_P10_H0800_I0986_CN050_F1,T120_P10_H0800_I0986_CN060_F1,50.0,60.0,60.0,72.0,0.0,0.0,0.0,-4.999999999989328,325.5,326.0,-0.010274897479127298,0.09438917628332888,3.0,41.0,-0.04022092980723513
California,unlimited_useful_deadline,T120_P10_H0800_I0986_F1,T120_P10_H0800_I0986_CN060_F1,T120_P10_H0800_I0986_CN070_F1,60.0,70.0,72.0,84.0,0.0,0.0,0.0,-4.534027777788651,304.5,287.0,-0.011173352677860238,0.019896538002385,-2.0,13.5,-0.011001614295904183
California,unlimited_useful_deadline,T120_P10_H0800_I0986_F1,T120_P10_H0800_I0986_CN070_F1,T120_P10_H0800_I0986_CN080_F1,70.0,80.0,84.0,96.0,0.0,0.0,0.0,4.704166666667035,331.0,319.0,-0.00480288181320801,0.0,2.0,22.5,-0.023783034606391862
California,unlimited_useful_deadline,T120_P10_H0800_I0986_F1,T120_P10_H0800_I0986_CN080_F1,T120_P10_H0800_I0986_CN090_F1,80.0,90.0,96.0,108.0,0.0,0.0,0.0,-5.1701388888876,324.0,319.0,-0.004270651185557112,-0.07199424046076786,0.0,-42.0,-0.09529897057773451
California,unlimited_useful_deadline,T120_P10_H0800_I0986_F1,T120_P10_H0800_I0986_CN090_F1,T120_P10_H0800_I0986_CN100_F1,90.0,100.0,108.0,120.0,0.0,0.0,0.0,-1.697916666668121,307.5,299.0,-0.0056852544552942474,0.07199424046076786,0.0,6.5,-0.0422451500294454
California,unlimited_useful_deadline,T120_P10_H1000_I0600_F1,T120_P10_H1000_I0600_CN000_F1,T120_P10_H1000_I0600_CN010_F1,0.0,10.0,0.0,12.0,0.0,3.125,34.80044340875823,,496.0,615.0,0.19539922450123304,69.5048309178744,6.0,5.5,0.8291454298335033
California,unlimited_useful_deadline,T120_P10_H1000_I0600_F1,T120_P10_H1000_I0600_CN010_F1,T120_P10_H1000_I0600_CN020_F1,10.0,20.0,12.0,24.0,6.25,68.75,5.595155884758441,168.73263888889085,298.0,306.0,0.045008297932003005,13.044014552818311,1.0,16.5,-0.06490751964352048
California,unlimited_useful_deadline,T120_P10_H1000_I0600_F1,T120_P10_H1000_I0600_CN020_F1,T120_P10_H1000_I0600_CN030_F1,20.0,30.0,24.0,36.0,6.25,9.375,2.4014945652173907,-173.00000000000773,312.0,301.0,0.03340066923861801,8.549902790781559,1.0,-34.5,-0.06071011999478082
California,unlimited_useful_deadline,T120_P10_H1000_I0600_F1,T120_P10_H1000_I0600_CN030_F1,T120_P10_H1000_I0600_CN040_F1,30.0,40.0,36.0,48.0,-3.125,3.125,-0.3125,-5.632638888889048,275.0,281.0,0.0012419630672830806,2.363014727434077,1.0,-25.0,0.0022500267475780156
California,unlimited_useful_deadline,T120_P10_H1000_I0600_F1,T120_P10_H1000_I0600_CN040_F1,T120_P10_H1000_I0600_CN050_F1,40.0,50.0,48.0,60.0,3.125,0.0,2.03125,-10.999999999999034,377.0,339.0,0.022825398405380837,2.208093470421801,0.0,26.0,-0.06918320452872706
California,unlimited_useful_deadline,T120_P10_H1000_I0600_F1,T120_P10_H1000_I0600_CN050_F1,T120_P10_H1000_I0600_CN060_F1,50.0,60.0,60.0,72.0,6.25,6.25,1.5104166666666572,-21.53402777777883,324.5,314.0,0.005820221822031846,1.907281664505021,2.0,-28.0,-0.04924776981273338
California,unlimited_useful_deadline,T120_P10_H1000_I0600_F1,T120_P10_H1000_I0600_CN060_F1,T120_P10_H1000_I0600_CN070_F1,60.0,70.0,72.0,84.0,0.0,-3.125,-0.625,-8.833333333326294,289.0,279.0,-0.004124844778415571,1.1097492443912103,0.0,6.5,-0.060641706398366635
California,unlimited_useful_deadline,T120_P10_H1000_I0600_F1,T120_P10_H1000_I0600_CN070_F1,T120_P10_H1000_I0600_CN080_F1,70.0,80.0,84.0,96.0,3.125,6.25,1.40625,-0.6326388888958476,297.5,294.0,-0.005912237702839052,0.49671809661867883,1.0,-43.5,-0.04763180408372736
California,unlimited_useful_deadline,T120_P10_H1000_I0600_F1,T120_P10_H1000_I0600_CN080_F1,T120_P10_H1000_I0600_CN090_F1,80.0,90.0,96.0,108.0,0.0,0.0,0.2604166666666856,-7.697916666665208,362.0,330.0,0.0017363593577574554,0.5933793701237136,-1.0,-10.5,-0.05397711659645443
California,unlimited_useful_deadline,T120_P10_H1000_I0600_F1,T120_P10_H1000_I0600_CN090_F1,T120_P10_H1000_I0600_CN100_F1,90.0,100.0,108.0,120.0,0.0,0.0,0.0,-1.6694444444447711,305.0,296.0,-0.008201822603370656,0.22301516503122798,0.0,-12.0,-0.04846593895799667
California,unlimited_useful_deadline,T120_P10_H1000_I0800_F1,T120_P10_H1000_I0800_CN000_F1,T120_P10_H1000_I0800_CN010_F1,0.0,10.0,0.0,12.0,68.75,78.125,42.42411012559039,,530.0,572.0,0.12816106401911306,97.60403530895334,5.0,-156.0,0.9135770385770385
California,unlimited_useful_deadline,T120_P10_H1000_I0800_F1,T120_P10_H1000_I0800_CN010_F1,T120_P10_H1000_I0800_CN020_F1,10.0,20.0,12.0,24.0,15.625,6.25,4.910714285714278,-46.48333333333757,299.0,298.0,-0.024912721439271424,1.983876778958745,2.0,-4.0,-0.06123240580867684
California,unlimited_useful_deadline,T120_P10_H1000_I0800_F1,T120_P10_H1000_I0800_CN020_F1,T120_P10_H1000_I0800_CN030_F1,20.0,30.0,24.0,36.0,0.0,6.25,5.133928571428584,-17.38472222223899,397.0,368.0,0.00868399191275665,0.17703082679577165,0.0,-17.0,-0.06537091795096228
California,unlimited_useful_deadline,T120_P10_H1000_I0800_F1,T120_P10_H1000_I0800_CN030_F1,T120_P10_H1000_I0800_CN040_F1,30.0,40.0,36.0,48.0,3.125,6.25,1.9345238095238102,-9.465972222222028,301.0,293.0,-0.0185136318418756,0.23505708529214075,3.0,9.5,-0.07029246238643871
California,unlimited_useful_deadline,T120_P10_H1000_I0800_F1,T120_P10_H1000_I0800_CN040_F1,T120_P10_H1000_I0800_CN050_F1,40.0,50.0,48.0,60.0,0.0,-3.125,-0.4464285714285694,2.0000000000111626,355.5,334.0,-0.0011145608638287174,0.0,0.0,-12.0,-0.05626859989403066
California,unlimited_useful_deadline,T120_P10_H1000_I0800_F1,T120_P10_H1000_I0800_CN050_F1,T120_P10_H1000_I0800_CN060_F1,50.0,60.0,60.0,72.0,0.0,3.125,1.4880952380952408,-6.395833333313448,325.0,324.0,-0.005699736323239946,0.0,0.0,8.5,-0.06571346214050333
California,unlimited_useful_deadline,T120_P10_H1000_I0800_F1,T120_P10_H1000_I0800_CN060_F1,T120_P10_H1000_I0800_CN070_F1,60.0,70.0,72.0,84.0,-3.125,0.0,0.0,-2.6041666666914054,309.5,298.0,-0.006447237187837684,0.0,6.0,11.0,-0.032928510928184496
California,unlimited_useful_deadline,T120_P10_H1000_I0800_F1,T120_P10_H1000_I0800_CN070_F1,T120_P10_H1000_I0800_CN080_F1,70.0,80.0,84.0,96.0,3.125,0.0,0.0,-4.999999999966533,344.0,331.0,-0.003610213504463222,0.0,-5.0,10.5,-0.07247869022978604
California,unlimited_useful_deadline,T120_P10_H1000_I0800_F1,T120_P10_H1000_I0800_CN080_F1,T120_P10_H1000_I0800_CN090_F1,80.0,90.0,96.0,108.0,0.0,0.0,0.0,-0.263888888923006,328.0,316.0,-0.0048150569488905615,0.0,3.0,-25.0,-0.04637222697991228
California,unlimited_useful_deadline,T120_P10_H1000_I0800_F1,T120_P10_H1000_I0800_CN090_F1,T120_P10_H1000_I0800_CN100_F1,90.0,100.0,108.0,120.0,0.0,0.0,0.0,0.0,316.0,311.0,-0.004998163236490716,0.0,-2.0,10.5,-0.0655209786710349
California,unlimited_useful_deadline,T120_P10_H1000_I0986_F1,T120_P10_H1000_I0986_CN000_F1,T120_P10_H1000_I0986_CN010_F1,0.0,10.0,0.0,12.0,6.25,78.125,38.80659260693759,,487.0,547.0,0.06767147180152572,93.9413680781759,5.0,-173.0,0.9087169017569909
California,unlimited_useful_deadline,T120_P10_H1000_I0986_F1,T120_P10_H1000_I0986_CN010_F1,T120_P10_H1000_I0986_CN020_F1,10.0,20.0,12.0,24.0,9.375,0.0,8.798363095238102,-48.281250000010175,314.5,306.0,-0.02924796858109635,4.995785341417445,1.0,-19.5,-0.07677789327688656
California,unlimited_useful_deadline,T120_P10_H1000_I0986_F1,T120_P10_H1000_I0986_CN020_F1,T120_P10_H1000_I0986_CN030_F1,20.0,30.0,24.0,36.0,6.25,18.75,6.305803571428569,-19.350000000001458,440.5,391.0,0.010473117766730822,0.40603213048875375,2.0,2.0,-0.05908733438571523
California,unlimited_useful_deadline,T120_P10_H1000_I0986_F1,T120_P10_H1000_I0986_CN030_F1,T120_P10_H1000_I0986_CN040_F1,30.0,40.0,36.0,48.0,3.125,3.125,0.78125,-4.066666666648231,285.0,299.0,-0.01774970213303706,0.5185018634725367,2.0,-1.5,-0.043612117646630866
California,unlimited_useful_deadline,T120_P10_H1000_I0986_F1,T120_P10_H1000_I0986_CN040_F1,T120_P10_H1000_I0986_CN050_F1,40.0,50.0,48.0,60.0,0.0,0.0,0.0,-5.302083333351767,372.0,334.0,-0.001968458142238616,0.023607378828941705,0.0,-5.0,-0.04860855017343524
California,unlimited_useful_deadline,T120_P10_H1000_I0986_F1,T120_P10_H1000_I0986_CN050_F1,T120_P10_H1000_I0986_CN060_F1,50.0,60.0,60.0,72.0,0.0,0.0,0.0,-5.0,317.5,318.0,-0.00879383184534821,0.03460909227801778,2.0,5.5,-0.035889739374316054
California,unlimited_useful_deadline,T120_P10_H1000_I0986_F1,T120_P10_H1000_I0986_CN060_F1,T120_P10_H1000_I0986_CN070_F1,60.0,70.0,72.0,84.0,0.0,0.0,0.0,1.3402777777873212,311.0,299.0,-0.008672769430755012,0.06228984753214206,0.0,28.0,-0.04803470742622662
California,unlimited_useful_deadline,T120_P10_H1000_I0986_F1,T120_P10_H1000_I0986_CN070_F1,T120_P10_H1000_I0986_CN080_F1,70.0,80.0,84.0,96.0,0.0,0.0,0.0,-6.340277777783925,327.5,316.0,-0.0042804037543994755,0.0018598477775668698,2.0,-19.0,-0.10898905551916305
California,unlimited_useful_deadline,T120_P10_H1000_I0986_F1,T120_P10_H1000_I0986_CN080_F1,T120_P10_H1000_I0986_CN090_F1,80.0,90.0,96.0,108.0,0.0,0.0,0.0,-1.6979166666700607,328.5,320.0,-0.0031637980115449826,-0.02735612038701163,0.0,-4.0,-0.004659683346759591
California,unlimited_useful_deadline,T120_P10_H1000_I0986_F1,T120_P10_H1000_I0986_CN090_F1,T120_P10_H1000_I0986_CN100_F1,90.0,100.0,108.0,120.0,0.0,0.0,0.0,-0.5277777777761585,316.0,306.0,-0.004552373151972072,0.043302540415709245,0.0,15.0,-0.0879706126190638
India,nominal_original,T060_P03_H0500_I0600_F1,T060_P03_H0500_I0600_CN000_F1,T060_P03_H0500_I0600_CN010_F1,0.0,10.0,0.0,6.0,14.100905562742568,0.0,8.80290129698881,,1905.0,2510.0,2.930782348583084,71.05311863779382,2.0,1267.5,0.8533986928104575
India,nominal_original,T060_P03_H0500_I0600_F1,T060_P03_H0500_I0600_CN010_F1,T060_P03_H0500_I0600_CN020_F1,10.0,20.0,6.0,12.0,9.961190168175932,0.0,4.415629255892934,,1405.0,1690.0,1.2160942705985898,9.928252359405747,0.0,284.5,-0.08929175310624826
India,nominal_original,T060_P03_H0500_I0600_F1,T060_P03_H0500_I0600_CN020_F1,T060_P03_H0500_I0600_CN030_F1,20.0,30.0,12.0,18.0,7.2445019404916025,0.0,3.2302179581446744,,399.0,399.0,-0.930761330198699,2.505478409081647,0.0,197.0,-0.11207462677903912
India,nominal_original,T060_P03_H0500_I0600_F1,T060_P03_H0500_I0600_CN030_F1,T060_P03_H0500_I0600_CN040_F1,30.0,40.0,18.0,24.0,3.622250970245787,0.0,0.726724649217612,,25.0,25.0,-0.6453443526936011,-0.3172213299099411,0.0,264.0,-0.07532303537335916
India,nominal_original,T060_P03_H0500_I0600_F1,T060_P03_H0500_I0600_CN040_F1,T060_P03_H0500_I0600_CN050_F1,40.0,50.0,24.0,30.0,1.8111254851229006,0.0,-0.553431073309909,,-94.0,-94.0,-0.584184355321288,0.06039559093403568,0.0,50.5,-0.03187895722196643
India,nominal_original,T060_P03_H0500_I0600_F1,T060_P03_H0500_I0600_CN050_F1,T060_P03_H0500_I0600_CN060_F1,50.0,60.0,30.0,36.0,-4.010349288486424,0.0,-1.5330129885731054,,-82.0,-82.0,-0.5664043583616647,-0.10911426324054219,0.0,105.0,0.0018231521422678032
India,nominal_original,T060_P03_H0500_I0600_F1,T060_P03_H0500_I0600_CN060_F1,T060_P03_H0500_I0600_CN070_F1,60.0,70.0,36.0,42.0,3.1047865459249664,0.0,-1.7714375852285897,,-66.0,-67.0,-0.4858677643389733,1.2442532402164517,0.0,14.0,-0.04046154170973493
India,nominal_original,T060_P03_H0500_I0600_F1,T060_P03_H0500_I0600_CN070_F1,T060_P03_H0500_I0600_CN080_F1,70.0,80.0,42.0,48.0,-9.055627425614489,0.0,-3.8198419376671353,,-289.5,-319.0,-0.4031496882801586,0.4685457828255579,0.0,50.0,0.06875652284586997
India,nominal_original,T060_P03_H0500_I0600_F1,T060_P03_H0500_I0600_CN080_F1,T060_P03_H0500_I0600_CN090_F1,80.0,90.0,48.0,54.0,-4.786545924967655,0.0,-5.257282222719505,,-408.0,-602.0,-0.4593246895414633,6.839920088627011,0.0,-315.5,0.006086684093556949
India,nominal_original,T060_P03_H0500_I0600_F1,T060_P03_H0500_I0600_CN090_F1,T060_P03_H0500_I0600_CN100_F1,90.0,100.0,54.0,60.0,-30.271668822768433,0.0,-7.053345062357512,,-616.0,-942.0,-0.47968178681592155,8.326371484266218,0.0,-351.0,0.060175746651937256
India,nominal_original,T060_P03_H0500_I0800_F1,T060_P03_H0500_I0800_CN000_F1,T060_P03_H0500_I0800_CN010_F1,0.0,10.0,0.0,6.0,22.121604139715398,0.0,10.018575880653547,,2073.5,2784.0,3.816201736285648,88.04642166344294,2.0,566.0,0.906440022111664
India,nominal_original,T060_P03_H0500_I0800_F1,T060_P03_H0500_I0800_CN010_F1,T060_P03_H0500_I0800_CN020_F1,10.0,20.0,6.0,12.0,15.265200517464422,0.0,6.670652828339872,,1343.0,1531.0,0.005529063948173096,4.787081391546877,0.0,442.5,-0.09182208191232832
India,nominal_original,T060_P03_H0500_I0800_F1,T060_P03_H0500_I0800_CN020_F1,T060_P03_H0500_I0800_CN030_F1,20.0,30.0,12.0,18.0,7.891332470892628,0.0,1.471252164914194,,466.5,488.0,-0.638489363262484,1.18174327565076,0.0,240.5,-0.054841934124924
India,nominal_original,T060_P03_H0500_I0800_F1,T060_P03_H0500_I0800_CN030_F1,T060_P03_H0500_I0800_CN040_F1,30.0,40.0,18.0,24.0,9.83182406209572,0.0,-1.0620714188059424,,14.0,23.0,-1.0936521827446795,1.8336818762325038,0.0,128.5,-0.017899310962947723
India,nominal_original,T060_P03_H0500_I0800_F1,T060_P03_H0500_I0800_CN040_F1,T060_P03_H0500_I0800_CN050_F1,40.0,50.0,24.0,30.0,2.3285899094437355,0.0,-2.0132618695197912,,-132.0,-133.0,-0.8183740458120661,-0.19827931174856417,0.0,38.5,-0.04677949062728626
India,nominal_original,T060_P03_H0500_I0800_F1,T060_P03_H0500_I0800_CN050_F1,T060_P03_H0500_I0800_CN060_F1,50.0,60.0,30.0,36.0,-0.3880983182406226,0.0,-0.33993838439100443,,-27.5,-33.0,-0.5781014573959853,0.7132014225972938,0.0,-6.5,-0.03967051490800344
India,nominal_original,T060_P03_H0500_I0800_F1,T060_P03_H0500_I0800_CN060_F1,T060_P03_H0500_I0800_CN070_F1,60.0,70.0,36.0,42.0,-3.8809831824062115,0.0,-2.446528256551506,,-192.5,-214.0,-0.4521821506465886,-0.7518695461206732,0.0,73.0,-0.03770951785900234
India,nominal_original,T060_P03_H0500_I0800_F1,T060_P03_H0500_I0800_CN070_F1,T060_P03_H0500_I0800_CN080_F1,70.0,80.0,42.0,48.0,-4.786545924967655,0.0,-3.8795585719661645,,-260.5,-327.0,-0.439807002951456,0.25208666780876854,0.0,105.5,-0.04515110432351821
India,nominal_original,T060_P03_H0500_I0800_F1,T060_P03_H0500_I0800_CN080_F1,T060_P03_H0500_I0800_CN090_F1,80.0,90.0,48.0,54.0,-14.100905562742568,0.0,-4.712711259917905,,-385.5,-601.0,-0.3773074437123718,1.6436293792383907,0.0,-32.0,0.018461482866956924
India,nominal_original,T060_P03_H0500_I0800_F1,T060_P03_H0500_I0800_CN090_F1,T060_P03_H0500_I0800_CN100_F1,90.0,100.0,54.0,60.0,-17.205692108667527,0.0,-5.323480353050662,,-435.5,-676.0,-0.33028619073810694,2.4923031813517014,0.0,-48.5,0.050534513895595934
India,nominal_original,T060_P03_H0500_I0986_F1,T060_P03_H0500_I0986_CN000_F1,T060_P03_H0500_I0986_CN010_F1,0.0,10.0,0.0,6.0,29.236739974126777,0.0,7.621581435313889,,1899.0,2779.0,3.414938842801815,83.37428337428338,2.0,745.5,0.8927105909550643
India,nominal_original,T060_P03_H0500_I0986_F1,T060_P03_H0500_I0986_CN010_F1,T060_P03_H0500_I0986_CN020_F1,10.0,20.0,6.0,12.0,11.384217335058217,0.0,1.6087215194071707,,621.0,668.0,-1.005013622359229,5.835641535935366,0.0,285.0,-0.0731011023123429
India,nominal_original,T060_P03_H0500_I0986_F1,T060_P03_H0500_I0986_CN020_F1,T060_P03_H0500_I0986_CN030_F1,20.0,30.0,12.0,18.0,-2.069857697283311,0.0,0.38381006210495805,,354.0,354.0,-0.6304929981729384,3.854166397946315,0.0,159.0,-0.0007265362335000525
India,nominal_original,T060_P03_H0500_I0986_F1,T060_P03_H0500_I0986_CN030_F1,T060_P03_H0500_I0986_CN040_F1,30.0,40.0,18.0,24.0,9.443725743855104,0.0,0.26057780377351136,,340.0,340.0,-0.55831318490202,1.8520651996869475,0.0,230.0,-0.04664834666946094
India,nominal_original,T060_P03_H0500_I0986_F1,T060_P03_H0500_I0986_CN040_F1,T060_P03_H0500_I0986_CN050_F1,40.0,50.0,24.0,30.0,-1.2936610608020658,0.0,-0.8915243772655312,,139.0,139.0,-0.5489978511713018,0.9899009870145221,0.0,153.0,-0.031810567548241186
India,nominal_original,T060_P03_H0500_I0986_F1,T060_P03_H0500_I0986_CN050_F1,T060_P03_H0500_I0986_CN060_F1,50.0,60.0,30.0,36.0,1.423027166882278,0.0,-0.8759386770213471,,51.0,51.0,-0.427940089397139,1.0283230473174,0.0,181.5,-0.04125232101980192
India,nominal_original,T060_P03_H0500_I0986_F1,T060_P03_H0500_I0986_CN060_F1,T060_P03_H0500_I0986_CN070_F1,60.0,70.0,36.0,42.0,-2.846054333764556,0.0,-1.769370306742612,,-125.0,-130.0,-0.4032973123548249,-1.4869708090599119,0.0,167.0,-0.0072964103479569165
India,nominal_original,T060_P03_H0500_I0986_F1,T060_P03_H0500_I0986_CN070_F1,T060_P03_H0500_I0986_CN080_F1,70.0,80.0,42.0,48.0,-4.915912031047867,0.0,-2.311179089460248,,-163.5,-221.0,-0.3698818622688089,-1.3651355770491307,0.0,180.0,0.01752998313845411
India,nominal_original,T060_P03_H0500_I0986_F1,T060_P03_H0500_I0986_CN080_F1,T060_P03_H0500_I0986_CN090_F1,80.0,90.0,48.0,54.0,-1.6817593790426884,0.0,-3.716598261292729,,-322.5,-517.0,-0.3440582212685328,2.6503397527980184,0.0,-33.5,0.040410928737532936
India,nominal_original,T060_P03_H0500_I0986_F1,T060_P03_H0500_I0986_CN090_F1,T060_P03_H0500_I0986_CN100_F1,90.0,100.0,54.0,60.0,-29.236739974126777,0.0,-5.460578774872999,,-443.5,-737.0,-0.3314461742702888,3.2673860911270936,0.0,-35.0,0.045925106221388345
India,nominal_original,T060_P03_H0800_I0600_F1,T060_P03_H0800_I0600_CN000_F1,T060_P03_H0800_I0600_CN010_F1,0.0,10.0,0.0,6.0,13.19534282018111,0.0,8.878345581569823,,2184.5,2802.0,2.496126210019191,73.90137537739014,2.0,1585.0,0.8641784820683904
India,nominal_original,T060_P03_H0800_I0600_F1,T060_P03_H0800_I0600_CN010_F1,T060_P03_H0800_I0600_CN020_F1,10.0,20.0,6.0,12.0,11.1254851228978,0.0,4.686237715147701,,1192.5,1465.0,0.8401863194638248,7.732744665739133,0.0,257.5,-0.07904217273853265
India,nominal_original,T060_P03_H0800_I0600_F1,T060_P03_H0800_I0600_CN020_F1,T060_P03_H0800_I0600_CN030_F1,20.0,30.0,12.0,18.0,5.30401034928849,0.0,2.416459446748341,,235.0,235.0,-0.5464584981867966,1.5801251649914008,0.0,260.5,-0.10440955872239144
India,nominal_original,T060_P03_H0800_I0600_F1,T060_P03_H0800_I0600_CN030_F1,T060_P03_H0800_I0600_CN040_F1,30.0,40.0,18.0,24.0,-0.12936610608019805,0.0,-0.18691498341985735,,-18.0,-18.0,-0.4136089131853016,0.29560560613738573,0.0,108.0,-0.04244041655106723
India,nominal_original,T060_P03_H0800_I0600_F1,T060_P03_H0800_I0600_CN040_F1,T060_P03_H0800_I0600_CN050_F1,40.0,50.0,24.0,30.0,-2.199223803363523,0.0,-0.9933070520593859,,-129.0,-129.0,-0.41997767036577205,-0.18238395986406886,0.0,14.0,-0.0003159039488722648
India,nominal_original,T060_P03_H0800_I0600_F1,T060_P03_H0800_I0600_CN050_F1,T060_P03_H0800_I0600_CN060_F1,50.0,60.0,30.0,36.0,-5.82147477360931,0.0,-0.7165205177872132,,-74.0,-74.0,-0.3692367223403936,-0.2110489439462242,0.0,51.5,0.012702517402567448
India,nominal_original,T060_P03_H0800_I0600_F1,T060_P03_H0800_I0600_CN060_F1,T060_P03_H0800_I0600_CN070_F1,60.0,70.0,36.0,42.0,3.2341526520051787,0.0,-1.7264519992441834,,-48.0,-49.0,-0.3355184834371374,0.5047923806501871,0.0,0.5,-0.02614199066206413
India,nominal_original,T060_P03_H0800_I0600_F1,T060_P03_H0800_I0600_CN070_F1,T060_P03_H0800_I0600_CN080_F1,70.0,80.0,42.0,48.0,-5.9508408796895225,0.0,-3.509112328049131,,-230.5,-280.0,-0.2940476698233203,2.7180068999995086,0.0,-85.0,0.07562294501689837
India,nominal_original,T060_P03_H0800_I0600_F1,T060_P03_H0800_I0600_CN080_F1,T060_P03_H0800_I0600_CN090_F1,80.0,90.0,48.0,54.0,-3.6222509702458012,0.0,-4.049056167664537,,-372.0,-549.0,-0.36263706862231104,5.758605822756081,0.0,-235.5,0.017915826026227988
India,nominal_original,T060_P03_H0800_I0600_F1,T060_P03_H0800_I0600_CN090_F1,T060_P03_H0800_I0600_CN100_F1,90.0,100.0,54.0,60.0,-21.34540750323415,0.0,-6.9757963253691,,-562.0,-885.0,-0.3949191470550213,7.902176986146458,0.0,-307.0,0.037191771793783746
India,nominal_original,T060_P03_H0800_I0800_F1,T060_P03_H0800_I0800_CN000_F1,T060_P03_H0800_I0800_CN010_F1,0.0,10.0,0.0,6.0,28.331177231565327,0.0,12.293385618127296,,2666.0,3441.0,3.8502454596874847,89.23552123552123,2.0,935.5,0.9086054126938266
India,nominal_original,T060_P03_H0800_I0800_F1,T060_P03_H0800_I0800_CN010_F1,T060_P03_H0800_I0800_CN020_F1,10.0,20.0,6.0,12.0,16.041397153945667,0.0,4.352917196058645,,1148.0,1263.0,0.09435737853861692,5.542725258607149,0.0,405.5,-0.08248329380987984
India,nominal_original,T060_P03_H0800_I0800_F1,T060_P03_H0800_I0800_CN020_F1,T060_P03_H0800_I0800_CN030_F1,20.0,30.0,12.0,18.0,13.583441138421733,0.0,-0.3262954980367958,,57.0,57.0,-0.7690064285122622,0.43841079343492595,0.0,102.5,-0.04286430906588956
India,nominal_original,T060_P03_H0800_I0800_F1,T060_P03_H0800_I0800_CN030_F1,T060_P03_H0800_I0800_CN040_F1,30.0,40.0,18.0,24.0,3.1047865459249664,0.0,0.6716750481072395,,52.0,52.0,-0.6986336268983342,1.1121890802195367,0.0,6.5,-0.054999284410320204
India,nominal_original,T060_P03_H0800_I0800_F1,T060_P03_H0800_I0800_CN040_F1,T060_P03_H0800_I0800_CN050_F1,40.0,50.0,24.0,30.0,-1.1642949547218677,0.0,-0.46529216917647886,,-59.0,-59.0,-0.5688346248159806,-0.16155970337071324,0.0,9.5,-0.04909792375805222
India,nominal_original,T060_P03_H0800_I0800_F1,T060_P03_H0800_I0800_CN050_F1,T060_P03_H0800_I0800_CN060_F1,50.0,60.0,30.0,36.0,0.0,0.0,-1.003077673340016,,-74.0,-74.0,-0.5017835306812524,0.3362098390843755,0.0,65.5,-0.03700460459302546
India,nominal_original,T060_P03_H0800_I0800_F1,T060_P03_H0800_I0800_CN060_F1,T060_P03_H0800_I0800_CN070_F1,60.0,70.0,36.0,42.0,-2.199223803363509,0.0,-2.279462324039965,,-186.0,-187.0,-0.39383064092051967,-1.2454435757034332,0.0,32.0,-0.01120826867365965
India,nominal_original,T060_P03_H0800_I0800_F1,T060_P03_H0800_I0800_CN070_F1,T060_P03_H0800_I0800_CN080_F1,70.0,80.0,42.0,48.0,-7.3738680465718005,0.0,-3.706427715724651,,-266.5,-335.0,-0.3938185774911702,-0.24654103216759893,0.0,58.0,0.01363379072682136
India,nominal_original,T060_P03_H0800_I0800_F1,T060_P03_H0800_I0800_CN080_F1,T060_P03_H0800_I0800_CN090_F1,80.0,90.0,48.0,54.0,-8.926261319534277,0.0,-5.222191315521695,,-404.0,-604.0,-0.35849379325367625,2.206747733475808,0.0,-68.5,0.02045092501418777
India,nominal_original,T060_P03_H0800_I0800_F1,T060_P03_H0800_I0800_CN090_F1,T060_P03_H0800_I0800_CN100_F1,90.0,100.0,54.0,60.0,-19.663648124191468,0.0,-6.319954261458771,,-530.0,-811.0,-0.350560645824344,2.781740370898717,0.0,-77.5,0.015482983020632002
India,nominal_original,T060_P03_H0800_I0986_F1,T060_P03_H0800_I0986_CN000_F1,T060_P03_H0800_I0986_CN010_F1,0.0,10.0,0.0,6.0,32.98835705045278,0.0,9.544001373225852,,2253.5,3171.0,3.250132214081385,81.5028901734104,2.0,1040.0,0.8952273039417662
India,nominal_original,T060_P03_H0800_I0986_F1,T060_P03_H0800_I0986_CN010_F1,T060_P03_H0800_I0986_CN020_F1,10.0,20.0,6.0,12.0,5.304010349288497,0.0,0.6053911019240381,,681.5,681.0,-0.36278590152520795,6.902906928038874,0.0,340.0,-0.055173713373706024
India,nominal_original,T060_P03_H0800_I0986_F1,T060_P03_H0800_I0986_CN020_F1,T060_P03_H0800_I0986_CN030_F1,20.0,30.0,12.0,18.0,1.9404915912030916,0.0,1.733430725975623,,451.0,449.0,-0.3133932540813902,3.677178226892437,0.0,215.0,-0.033390646216673536
India,nominal_original,T060_P03_H0800_I0986_F1,T060_P03_H0800_I0986_CN030_F1,T060_P03_H0800_I0986_CN040_F1,30.0,40.0,18.0,24.0,-2.069857697283304,0.0,-0.005522357755353369,,108.0,107.0,-0.6283951739625468,1.926351468262368,0.0,-17.5,-0.013989668414348566
India,nominal_original,T060_P03_H0800_I0986_F1,T060_P03_H0800_I0986_CN040_F1,T060_P03_H0800_I0986_CN050_F1,40.0,50.0,24.0,30.0,5.045278137128072,0.0,-0.5512248984370451,,28.5,28.0,-0.5410741886764265,0.2780841297617087,0.0,73.5,-0.04937912685875845
India,nominal_original,T060_P03_H0800_I0986_F1,T060_P03_H0800_I0986_CN050_F1,T060_P03_H0800_I0986_CN060_F1,50.0,60.0,30.0,36.0,-1.1642949547218677,0.0,-1.3079525524188114,,-93.0,-95.0,-0.4463141002009663,0.7453799407704764,0.0,90.0,-0.042993092914031195
India,nominal_original,T060_P03_H0800_I0986_F1,T060_P03_H0800_I0986_CN060_F1,T060_P03_H0800_I0986_CN070_F1,60.0,70.0,36.0,42.0,-1.423027166882271,0.0,-2.5730062560840246,,-138.0,-138.0,-0.3735260027272038,-1.554529997571052,0.0,231.0,-0.03481539240272258
India,nominal_original,T060_P03_H0800_I0986_F1,T060_P03_H0800_I0986_CN070_F1,T060_P03_H0800_I0986_CN080_F1,70.0,80.0,42.0,48.0,0.776196636481238,0.0,-2.413482830342444,,-202.0,-216.0,-0.35787266795597517,-0.7724096649054388,0.0,103.5,-0.0016132114275348997
India,nominal_original,T060_P03_H0800_I0986_F1,T060_P03_H0800_I0986_CN080_F1,T060_P03_H0800_I0986_CN090_F1,80.0,90.0,48.0,54.0,-12.419146183699866,0.0,-5.187590171143867,,-399.5,-626.0,-0.35660031876688447,2.482897870099663,0.0,-24.5,0.05175091751473104
India,nominal_original,T060_P03_H0800_I0986_F1,T060_P03_H0800_I0986_CN090_F1,T060_P03_H0800_I0986_CN100_F1,90.0,100.0,54.0,60.0,-24.320827943078918,0.0,-5.6370486022041835,,-464.0,-775.0,-0.32446388838165263,4.811250925240557,0.0,-176.0,0.036940732715380564
India,nominal_original,T060_P03_H1000_I0600_F1,T060_P03_H1000_I0600_CN000_F1,T060_P03_H1000_I0600_CN010_F1,0.0,10.0,0.0,6.0,15.135834411384224,0.0,8.796446277740486,,2339.5,2951.0,2.3143577939906033,74.87244897959184,2.0,1647.5,0.8562861271676301
India,nominal_original,T060_P03_H1000_I0600_F1,T060_P03_H1000_I0600_CN010_F1,T060_P03_H1000_I0600_CN020_F1,10.0,20.0,6.0,12.0,10.737386804657177,0.0,4.3935314704004576,,1016.5,1295.0,0.6222241597892606,6.476136210052957,0.0,338.0,-0.08456656009964991
India,nominal_original,T060_P03_H1000_I0600_F1,T060_P03_H1000_I0600_CN020_F1,T060_P03_H1000_I0600_CN030_F1,20.0,30.0,12.0,18.0,2.9754204398447683,0.0,2.6122441756921866,,230.0,230.0,-0.36931180842905587,1.8687565102981551,0.0,247.5,-0.09795755672060391
India,nominal_original,T060_P03_H1000_I0600_F1,T060_P03_H1000_I0600_CN030_F1,T060_P03_H1000_I0600_CN040_F1,30.0,40.0,18.0,24.0,-3.6222509702458012,0.0,-0.9537308702529224,,-90.0,-90.0,-0.37362033923097737,-0.5033055904496422,0.0,44.0,-0.038200074334250766
India,nominal_original,T060_P03_H1000_I0600_F1,T060_P03_H1000_I0600_CN040_F1,T060_P03_H1000_I0600_CN050_F1,40.0,50.0,24.0,30.0,-0.7761966364812452,0.0,-0.7382910104231257,,-104.0,-104.0,-0.33033115837764715,0.3706003952219845,0.0,56.0,-0.04017320450541373
India,nominal_original,T060_P03_H1000_I0600_F1,T060_P03_H1000_I0600_CN050_F1,T060_P03_H1000_I0600_CN060_F1,50.0,60.0,30.0,36.0,-3.492884864165589,0.0,-1.0268411327979976,,-62.0,-62.0,-0.2877032920368072,-0.18144978473468143,0.0,-17.5,-0.02148533081771653
India,nominal_original,T060_P03_H1000_I0600_F1,T060_P03_H1000_I0600_CN060_F1,T060_P03_H1000_I0600_CN070_F1,60.0,70.0,36.0,42.0,-0.5174644243208206,0.0,-0.5759422082018624,,-41.0,-46.0,-0.27601073789419983,0.929881447930299,0.0,22.0,-0.03542906192663908
India,nominal_original,T060_P03_H1000_I0600_F1,T060_P03_H1000_I0600_CN070_F1,T060_P03_H1000_I0600_CN080_F1,70.0,80.0,42.0,48.0,-4.915912031047867,0.0,-2.8407421592605324,,-231.5,-269.0,-0.2630481705897403,1.9219915103454497,0.0,-144.5,0.049428109665408115
India,nominal_original,T060_P03_H1000_I0600_F1,T060_P03_H1000_I0600_CN080_F1,T060_P03_H1000_I0600_CN090_F1,80.0,90.0,48.0,54.0,-3.8809831824062115,0.0,-4.629789315089788,,-336.5,-516.0,-0.31195487164426483,5.701941032475702,0.0,-233.0,0.03702089804517361
India,nominal_original,T060_P03_H1000_I0600_F1,T060_P03_H1000_I0600_CN090_F1,T060_P03_H1000_I0600_CN100_F1,90.0,100.0,54.0,60.0,-15.265200517464422,0.0,-6.502040751978136,,-542.5,-871.0,-0.36026837496283814,8.54299928926794,0.0,-313.0,0.0036906391014777107
India,nominal_original,T060_P03_H1000_I0800_F1,T060_P03_H1000_I0800_CN000_F1,T060_P03_H1000_I0800_CN010_F1,0.0,10.0,0.0,6.0,23.285899094437262,0.0,12.38383752883683,,2765.5,3626.0,3.3626490815748387,86.3582966226138,2.0,1161.0,0.9054170561961152
India,nominal_original,T060_P03_H1000_I0800_F1,T060_P03_H1000_I0800_CN010_F1,T060_P03_H1000_I0800_CN020_F1,10.0,20.0,6.0,12.0,16.041397153945667,0.0,2.212530959972618,,1022.5,1052.0,0.14797945371881482,5.544583106352874,0.0,434.5,-0.09674734886050129
India,nominal_original,T060_P03_H1000_I0800_F1,T060_P03_H1000_I0800_CN020_F1,T060_P03_H1000_I0800_CN030_F1,20.0,30.0,12.0,18.0,5.82147477360931,0.0,0.6169535786398264,,33.0,33.0,-0.594077328937606,0.037485700917855524,0.0,33.0,-0.047943747624477506
India,nominal_original,T060_P03_H1000_I0800_F1,T060_P03_H1000_I0800_CN030_F1,T060_P03_H1000_I0800_CN040_F1,30.0,40.0,18.0,24.0,2.716688227684344,0.0,0.25983981913368126,,-10.0,-10.0,-0.5775858790878021,1.0828903840689463,0.0,3.5,-0.03912583733083963
India,nominal_original,T060_P03_H1000_I0800_F1,T060_P03_H1000_I0800_CN040_F1,T060_P03_H1000_I0800_CN050_F1,40.0,50.0,24.0,30.0,-0.7761966364812452,0.0,-1.1090660026093921,,-72.0,-72.0,-0.46921465082432734,0.250696452804533,0.0,82.5,-0.033261437931461746
India,nominal_original,T060_P03_H1000_I0800_F1,T060_P03_H1000_I0800_CN050_F1,T060_P03_H1000_I0800_CN060_F1,50.0,60.0,30.0,36.0,1.6817593790426884,0.0,-0.6361822891353697,,-73.0,-73.0,-0.4237547460495663,0.6291948706244028,0.0,45.5,-0.015140013584896472
India,nominal_original,T060_P03_H1000_I0800_F1,T060_P03_H1000_I0800_CN060_F1,T060_P03_H1000_I0800_CN070_F1,60.0,70.0,36.0,42.0,0.12936610608021226,0.0,-1.912652319821813,,-150.0,-151.0,-0.33104717305040454,-0.9059145540591089,0.0,-25.0,-0.006326127349059352
India,nominal_original,T060_P03_H1000_I0800_F1,T060_P03_H1000_I0800_CN070_F1,T060_P03_H1000_I0800_CN080_F1,70.0,80.0,42.0,48.0,-9.055627425614489,0.0,-3.9416217651205727,,-247.0,-284.0,-0.34775638485188676,0.7471706404198102,0.0,-25.5,-0.05228987813067487
India,nominal_original,T060_P03_H1000_I0800_F1,T060_P03_H1000_I0800_CN080_F1,T060_P03_H1000_I0800_CN090_F1,80.0,90.0,48.0,54.0,-8.538163001293668,0.0,-5.433219796376049,,-427.0,-637.0,-0.34636914903261484,2.277426447375646,0.0,-97.0,0.020384123283275768
India,nominal_original,T060_P03_H1000_I0800_F1,T060_P03_H1000_I0800_CN090_F1,T060_P03_H1000_I0800_CN100_F1,90.0,100.0,54.0,60.0,-29.754204398447598,0.0,-6.572559092639608,,-506.5,-809.0,-0.3269379020957235,3.978170328881234,0.0,-149.5,0.008595771026884691
India,nominal_original,T060_P03_H1000_I0986_F1,T060_P03_H1000_I0986_CN000_F1,T060_P03_H1000_I0986_CN010_F1,0.0,10.0,0.0,6.0,28.201811125485122,0.0,9.33267951014768,,2344.5,3259.0,2.8310628029381086,77.52009894867038,2.0,1160.0,0.9016110876600536
India,nominal_original,T060_P03_H1000_I0986_F1,T060_P03_H1000_I0986_CN010_F1,T060_P03_H1000_I0986_CN020_F1,10.0,20.0,6.0,12.0,7.115135834411383,0.0,2.462912188355425,,880.0,875.0,0.048875270148606376,8.175088217105014,0.0,406.5,-0.0766512967473072
India,nominal_original,T060_P03_H1000_I0986_F1,T060_P03_H1000_I0986_CN020_F1,T060_P03_H1000_I0986_CN030_F1,20.0,30.0,12.0,18.0,2.069857697283318,0.0,-0.8201877232628227,,154.0,152.0,-0.5185145113172491,2.917746292518885,0.0,97.5,-0.0035201097617791888
India,nominal_original,T060_P03_H1000_I0986_F1,T060_P03_H1000_I0986_CN030_F1,T060_P03_H1000_I0986_CN040_F1,30.0,40.0,18.0,24.0,0.12936610608020516,0.0,-0.98606880363727,,-23.0,-22.0,-0.5983207258016519,1.8935447513641464,0.0,-67.5,-0.03285715319947946
India,nominal_original,T060_P03_H1000_I0986_F1,T060_P03_H1000_I0986_CN040_F1,T060_P03_H1000_I0986_CN050_F1,40.0,50.0,24.0,30.0,6.209573091849926,0.0,0.2457741517051062,,59.0,56.0,-0.4300504807703649,1.1756779241705715,0.0,-2.5,-0.06038972377681051
India,nominal_original,T060_P03_H1000_I0986_F1,T060_P03_H1000_I0986_CN050_F1,T060_P03_H1000_I0986_CN060_F1,50.0,60.0,30.0,36.0,-2.975420439844754,0.0,-2.251173574112652,,-116.0,-118.0,-0.4041029793136568,0.6172708002684288,0.0,77.0,-0.03543806787155379
India,nominal_original,T060_P03_H1000_I0986_F1,T060_P03_H1000_I0986_CN060_F1,T060_P03_H1000_I0986_CN070_F1,60.0,70.0,36.0,42.0,-3.1047865459249664,0.0,-2.8060453919689756,,-157.0,-165.0,-0.35205941800912255,-0.2254998688530634,0.0,156.0,-0.052441562726351476
India,nominal_original,T060_P03_H1000_I0986_F1,T060_P03_H1000_I0986_CN070_F1,T060_P03_H1000_I0986_CN080_F1,70.0,80.0,42.0,48.0,-1.0349288486416555,0.0,-2.7168879005816677,,-244.0,-272.0,-0.3489915816346032,-0.6295119609401638,0.0,122.5,0.008262775790316645
India,nominal_original,T060_P03_H1000_I0986_F1,T060_P03_H1000_I0986_CN080_F1,T060_P03_H1000_I0986_CN090_F1,80.0,90.0,48.0,54.0,-19.534282018111256,0.0,-5.206753900495331,,-386.0,-627.0,-0.3310285754319804,3.21891920913302,0.0,-97.0,0.022440742590422724
India,nominal_original,T060_P03_H1000_I0986_F1,T060_P03_H1000_I0986_CN090_F1,T060_P03_H1000_I0986_CN100_F1,90.0,100.0,54.0,60.0,-12.289780077619664,0.0,-5.323617460715891,,-432.0,-717.0,-0.3007259618743612,5.336665686562782,0.0,-201.0,0.006748105550276939
India,nominal_original,T060_P05_H0500_I0600_F1,T060_P05_H0500_I0600_CN000_F1,T060_P05_H0500_I0600_CN010_F1,0.0,10.0,0.0,6.0,1.1642949547218677,1.1642949547218624,7.607360736137046,0.0,2099.5,2980.0,3.149135373281546,64.64767616191904,2.0,1385.5,0.7205882352941178
India,nominal_original,T060_P05_H0500_I0600_F1,T060_P05_H0500_I0600_CN010_F1,T060_P05_H0500_I0600_CN020_F1,10.0,20.0,6.0,12.0,-0.3880983182406368,0.9055627425614503,3.0053140320997755,0.0,815.0,825.0,0.021838993745800117,8.56919130796048,0.0,215.0,-0.019954039454442407
India,nominal_original,T060_P05_H0500_I0600_F1,T060_P05_H0500_I0600_CN020_F1,T060_P05_H0500_I0600_CN030_F1,20.0,30.0,12.0,18.0,0.3880983182406368,-5.562742561448902,-5.307530185760186,-17.498611111111103,-17.0,-18.0,-1.1106102396694562,2.2488958981340375,0.0,-93.0,-0.06165338049195346
India,nominal_original,T060_P05_H0500_I0600_F1,T060_P05_H0500_I0600_CN030_F1,T060_P05_H0500_I0600_CN040_F1,30.0,40.0,18.0,24.0,-1.0349288486416697,-3.751617076326002,-1.0956928424900596,16.831944444444446,-5.5,-5.0,-0.8527169008979207,0.8516200359840269,0.0,-22.5,-0.05864440217548772
India,nominal_original,T060_P05_H0500_I0600_F1,T060_P05_H0500_I0600_CN040_F1,T060_P05_H0500_I0600_CN050_F1,40.0,50.0,24.0,30.0,-0.6468305304010329,-4.1397153945666245,-5.188785272814123,-92.53333333333333,-102.0,-102.0,-0.7551965415022885,2.3063900402950566,0.0,-9.5,0.005329873121667328
India,nominal_original,T060_P05_H0500_I0600_F1,T060_P05_H0500_I0600_CN050_F1,T060_P05_H0500_I0600_CN060_F1,50.0,60.0,30.0,36.0,-1.0349288486416555,1.681759379042691,1.5363342516448881,92.53333333333333,-5.0,-7.0,-0.48405249751807533,1.7393654687778763,0.0,-49.0,-0.028857305800710442
India,nominal_original,T060_P05_H0500_I0600_F1,T060_P05_H0500_I0600_CN060_F1,T060_P05_H0500_I0600_CN070_F1,60.0,70.0,36.0,42.0,0.5174644243208206,-2.199223803363519,-7.460951198505796,-171.2277777777505,-153.0,-178.0,-0.5015662723407388,3.360196574970857,0.0,-33.0,-0.011572807703525978
India,nominal_original,T060_P05_H0500_I0600_F1,T060_P05_H0500_I0600_CN070_F1,T060_P05_H0500_I0600_CN080_F1,70.0,80.0,42.0,48.0,0.5174644243208348,0.0,-2.3499287798433635,-1.7361111111247434,-95.0,-163.0,-0.3521942738433128,1.5251734582806904,0.0,-49.0,-0.01220332862474538
India,nominal_original,T060_P05_H0500_I0600_F1,T060_P05_H0500_I0600_CN080_F1,T060_P05_H0500_I0600_CN090_F1,80.0,90.0,48.0,54.0,-3.6222509702458012,0.9055627425614489,0.08939296351046977,80.09722222220859,-292.0,-463.0,-0.3815898898846548,5.255728950531832,0.0,-268.5,0.004406562735565167
India,nominal_original,T060_P05_H0500_I0600_F1,T060_P05_H0500_I0600_CN090_F1,T060_P05_H0500_I0600_CN100_F1,90.0,100.0,54.0,60.0,-2.5873221216041316,-0.9055627425614489,-14.057622540574798,-81.09722222222202,-505.5,-785.0,-0.40670168625771086,9.495762103146106,0.0,-281.5,-0.002448225242636548
India,nominal_original,T060_P05_H0500_I0800_F1,T060_P05_H0500_I0800_CN000_F1,T060_P05_H0500_I0800_CN010_F1,0.0,10.0,0.0,6.0,33.11772315653298,0.0,12.92595043756927,,2267.0,3174.0,3.228737232290716,89.60070984915706,2.0,291.0,0.8995445344129556
India,nominal_original,T060_P05_H0500_I0800_F1,T060_P05_H0500_I0800_CN010_F1,T060_P05_H0500_I0800_CN020_F1,10.0,20.0,6.0,12.0,6.338939197930145,0.0,3.163500429558958,,544.0,527.0,-1.2419024272838106,1.9655552110839096,0.0,205.0,-0.0808692284374335
India,nominal_original,T060_P05_H0500_I0800_F1,T060_P05_H0500_I0800_CN020_F1,T060_P05_H0500_I0800_CN030_F1,20.0,30.0,12.0,18.0,3.492884864165589,0.0,1.9370404861024895,,588.5,585.0,-0.6140333760331655,3.053988104315991,0.0,239.0,-0.06080641249957286
India,nominal_original,T060_P05_H0500_I0800_F1,T060_P05_H0500_I0800_CN030_F1,T060_P05_H0500_I0800_CN040_F1,30.0,40.0,18.0,24.0,8.538163001293654,0.0,2.90955954375589,,258.5,258.0,-0.7208310703181042,1.3521835706218468,0.0,-35.5,-0.05684641586905381
India,nominal_original,T060_P05_H0500_I0800_F1,T060_P05_H0500_I0800_CN040_F1,T060_P05_H0500_I0800_CN050_F1,40.0,50.0,24.0,30.0,3.363518758085391,0.0,-1.4244102429251733,,38.0,41.0,-0.5414210411538449,0.8720234084689054,0.0,-13.0,-0.031312669776137225
India,nominal_original,T060_P05_H0500_I0800_F1,T060_P05_H0500_I0800_CN050_F1,T060_P05_H0500_I0800_CN060_F1,50.0,60.0,30.0,36.0,0.0,0.0,-1.7760174251038983,,-11.5,-11.0,-0.4166434360860771,-0.04398788862999936,0.0,48.5,-0.016217690522739803
India,nominal_original,T060_P05_H0500_I0800_F1,T060_P05_H0500_I0800_CN060_F1,T060_P05_H0500_I0800_CN070_F1,60.0,70.0,36.0,42.0,-3.7516170763259993,0.0,-2.4717461540742605,,-212.0,-252.0,-0.359869153476595,-0.14374841708581698,0.0,-46.0,-0.06350648770500045
India,nominal_original,T060_P05_H0500_I0800_F1,T060_P05_H0500_I0800_CN070_F1,T060_P05_H0500_I0800_CN080_F1,70.0,80.0,42.0,48.0,-0.6468305304010329,0.0,-3.8745442880772174,,-128.0,-141.0,-0.2692805361211352,0.46779477567530137,0.0,60.0,-0.02876749565323289
India,nominal_original,T060_P05_H0500_I0800_F1,T060_P05_H0500_I0800_CN080_F1,T060_P05_H0500_I0800_CN090_F1,80.0,90.0,48.0,54.0,-10.349288486416569,0.0,-5.061811027030373,,-354.0,-521.0,-0.27624163295651694,-1.13468523320617,0.0,57.0,0.006093226392017037
India,nominal_original,T060_P05_H0500_I0800_F1,T060_P05_H0500_I0800_CN090_F1,T060_P05_H0500_I0800_CN100_F1,90.0,100.0,54.0,60.0,-15.006468305304011,0.0,-7.768299688806487,,-566.0,-885.0,-0.27022318434258186,4.0101666195989765,0.0,-129.5,0.06001510800297294
India,nominal_original,T060_P05_H0500_I0986_F1,T060_P05_H0500_I0986_CN000_F1,T060_P05_H0500_I0986_CN010_F1,0.0,10.0,0.0,6.0,29.107373868046572,0.0,12.721705809999527,,2456.5,3199.0,3.6574294518521637,90.02161982371528,2.0,337.0,0.9214004875363686
India,nominal_original,T060_P05_H0500_I0986_F1,T060_P05_H0500_I0986_CN010_F1,T060_P05_H0500_I0986_CN020_F1,10.0,20.0,6.0,12.0,19.016817593790435,0.0,3.77870634426748,,993.5,1103.0,-1.0313228688798253,4.428380176284719,0.0,348.5,-0.07587989912375637
India,nominal_original,T060_P05_H0500_I0986_F1,T060_P05_H0500_I0986_CN020_F1,T060_P05_H0500_I0986_CN030_F1,20.0,30.0,12.0,18.0,20.82794307891333,0.129366106080207,0.5786930152398071,,599.0,637.0,-0.8609393374388699,5.354305283757341,0.0,203.0,-0.04784353309436096
India,nominal_original,T060_P05_H0500_I0986_F1,T060_P05_H0500_I0986_CN030_F1,T060_P05_H0500_I0986_CN040_F1,30.0,40.0,18.0,24.0,7.503234152651999,-0.129366106080207,-0.06263256009626872,,-40.0,-40.0,-0.9666882646530253,0.09698885969517335,0.0,19.0,-0.0682638681507517
India,nominal_original,T060_P05_H0500_I0986_F1,T060_P05_H0500_I0986_CN040_F1,T060_P05_H0500_I0986_CN050_F1,40.0,50.0,24.0,30.0,7.632600258732197,0.129366106080207,-1.7832388615443584,,-186.5,-188.0,-0.724481803053374,0.01866011612438001,0.0,-54.0,-0.05590920153821921
India,nominal_original,T060_P05_H0500_I0986_F1,T060_P05_H0500_I0986_CN050_F1,T060_P05_H0500_I0986_CN060_F1,50.0,60.0,30.0,36.0,-6.468305304010343,-0.129366106080207,-2.6704565635061073,,-170.5,-169.0,-0.5072116718206039,-0.4078171819947869,0.0,60.5,-0.015608928409898803
India,nominal_original,T060_P05_H0500_I0986_F1,T060_P05_H0500_I0986_CN060_F1,T060_P05_H0500_I0986_CN070_F1,60.0,70.0,36.0,42.0,-0.38809831824060836,0.129366106080207,-2.2424017268028287,,-109.0,-114.0,-0.3595594440712586,-0.7459509060697656,0.0,38.5,0.008022075895203873
India,nominal_original,T060_P05_H0500_I0986_F1,T060_P05_H0500_I0986_CN070_F1,T060_P05_H0500_I0986_CN080_F1,70.0,80.0,42.0,48.0,-3.8809831824062258,-0.129366106080207,-2.0632188332926535,,-68.5,-81.0,-0.2416156219167933,-1.052184432165845,0.0,122.0,-0.003924077559029904
India,nominal_original,T060_P05_H0500_I0986_F1,T060_P05_H0500_I0986_CN080_F1,T060_P05_H0500_I0986_CN090_F1,80.0,90.0,48.0,54.0,-24.32082794307891,0.0,-5.805073434936961,,-477.5,-683.0,-0.3017937510431623,-0.2795500900654133,0.0,2.0,-0.012669962611009833
India,nominal_original,T060_P05_H0500_I0986_F1,T060_P05_H0500_I0986_CN090_F1,T060_P05_H0500_I0986_CN100_F1,90.0,100.0,54.0,60.0,-18.111254851228978,0.0,-6.857903507496889,,-572.0,-897.0,-0.2677080958089467,2.565548350718913,0.0,-142.5,0.05261073222871615
India,nominal_original,T060_P05_H0800_I0600_F1,T060_P05_H0800_I0600_CN000_F1,T060_P05_H0800_I0600_CN010_F1,0.0,10.0,0.0,6.0,1.9404915912031129,2.199223803363518,9.15851251087362,72.01944444444476,2389.0,3277.0,2.749069725778333,66.8364537444934,2.0,1810.5,0.7245318352059926
India,nominal_original,T060_P05_H0800_I0600_F1,T060_P05_H0800_I0600_CN010_F1,T060_P05_H0800_I0600_CN020_F1,10.0,20.0,6.0,12.0,-0.5174644243208206,0.0,0.3435974628626113,0.0,568.0,574.0,0.033048953608949994,6.211165303125654,0.0,78.0,-0.0007679918118261853
India,nominal_original,T060_P05_H0800_I0600_F1,T060_P05_H0800_I0600_CN020_F1,T060_P05_H0800_I0600_CN030_F1,20.0,30.0,12.0,18.0,0.38809831824060836,-7.632600258732213,-6.456618621301359,-43.81805555555013,-98.0,-101.0,-0.6761679515867769,1.952380952380949,0.0,-166.0,-0.05763244582854088
India,nominal_original,T060_P05_H0800_I0600_F1,T060_P05_H0800_I0600_CN030_F1,T060_P05_H0800_I0600_CN040_F1,30.0,40.0,18.0,24.0,-0.38809831824060836,-1.6817593790426901,0.5947502457526284,-23.049999999998306,8.0,10.0,-0.5014992007837713,1.6909975669099708,0.0,22.0,-0.04178841315582593
India,nominal_original,T060_P05_H0800_I0600_F1,T060_P05_H0800_I0600_CN040_F1,T060_P05_H0800_I0600_CN050_F1,40.0,50.0,24.0,30.0,2.4579560155239335,-6.338939197930143,-4.319945107002738,46.999999999992724,-96.0,-97.0,-0.49782430802107447,2.3947024829156334,0.0,-84.0,-0.002633544217693906
India,nominal_original,T060_P05_H0800_I0600_F1,T060_P05_H0800_I0600_CN050_F1,T060_P05_H0800_I0600_CN060_F1,50.0,60.0,30.0,36.0,0.2587322121604103,3.2341526520051747,2.2286807846850394,-3.9999999999839986,14.5,11.0,-0.32704159561068646,1.4157272804462053,0.0,-18.5,-0.032327425908473595
India,nominal_original,T060_P05_H0800_I0600_F1,T060_P05_H0800_I0600_CN060_F1,T060_P05_H0800_I0600_CN070_F1,60.0,70.0,36.0,42.0,-1.0349288486416555,-4.3984476067270375,-11.012828528675826,,-215.0,-263.0,-0.4187970113924995,4.223890619118521,0.0,-83.0,0.009687025096825952
India,nominal_original,T060_P05_H0800_I0600_F1,T060_P05_H0800_I0600_CN070_F1,T060_P05_H0800_I0600_CN080_F1,70.0,80.0,42.0,48.0,-2.846054333764556,0.258732212160414,-3.2767556695494413,,-73.0,-127.0,-0.26889949324806484,2.134727499079119,0.0,-77.0,0.00940790137122427
India,nominal_original,T060_P05_H0800_I0600_F1,T060_P05_H0800_I0600_CN080_F1,T060_P05_H0800_I0600_CN090_F1,80.0,90.0,48.0,54.0,2.069857697283311,0.258732212160414,0.7236648126143344,84.23194444443783,-296.0,-486.0,-0.331220348487572,3.1239870671351326,0.0,-170.0,0.025484086042396825
India,nominal_original,T060_P05_H0800_I0600_F1,T060_P05_H0800_I0600_CN090_F1,T060_P05_H0800_I0600_CN100_F1,90.0,100.0,54.0,60.0,-2.199223803363523,-0.517464424320828,-13.120261180795662,,-469.5,-722.0,-0.352079014932809,10.015967484395418,0.0,-332.0,0.009722483844218699
India,nominal_original,T060_P05_H0800_I0800_F1,T060_P05_H0800_I0800_CN000_F1,T060_P05_H0800_I0800_CN010_F1,0.0,10.0,0.0,6.0,27.55498059508409,0.0,13.031811255019857,,2669.0,3562.0,3.257746248693266,85.74558200671827,2.0,532.5,0.8956743895779702
India,nominal_original,T060_P05_H0800_I0800_F1,T060_P05_H0800_I0800_CN010_F1,T060_P05_H0800_I0800_CN020_F1,10.0,20.0,6.0,12.0,10.996119016817595,0.0,3.9682161563557266,,680.0,671.0,-0.5989314107494268,4.835629154485588,0.0,312.5,-0.08491161002525449
India,nominal_original,T060_P05_H0800_I0800_F1,T060_P05_H0800_I0800_CN020_F1,T060_P05_H0800_I0800_CN030_F1,20.0,30.0,12.0,18.0,10.219922380336342,0.0,-1.1804318583222688,,240.5,240.0,-0.7595495141035773,3.7212750266414503,0.0,-13.0,-0.0572994975944201
India,nominal_original,T060_P05_H0800_I0800_F1,T060_P05_H0800_I0800_CN030_F1,T060_P05_H0800_I0800_CN040_F1,30.0,40.0,18.0,24.0,6.985769728331178,0.0,1.7804256752916814,,144.0,140.0,-0.6745892463612768,0.7732713879122741,0.0,38.5,-0.04712377794152989
India,nominal_original,T060_P05_H0800_I0800_F1,T060_P05_H0800_I0800_CN040_F1,T060_P05_H0800_I0800_CN050_F1,40.0,50.0,24.0,30.0,-2.4579560155239193,0.0,-2.9623842897286004,,-199.0,-193.0,-0.5953871170200311,0.4943053759794225,0.0,-89.0,-0.02712289183611416
India,nominal_original,T060_P05_H0800_I0800_F1,T060_P05_H0800_I0800_CN050_F1,T060_P05_H0800_I0800_CN060_F1,50.0,60.0,30.0,36.0,0.7761966364812309,0.0,-2.2616102428831972,,-73.0,-76.0,-0.4018056964816772,0.30280232340531654,0.0,120.0,-0.02030385176398486
India,nominal_original,T060_P05_H0800_I0800_F1,T060_P05_H0800_I0800_CN060_F1,T060_P05_H0800_I0800_CN070_F1,60.0,70.0,36.0,42.0,-5.045278137128065,0.0,-3.148290274620482,,-214.5,-260.0,-0.33222414583088367,-0.7335425211750533,0.0,62.0,-0.017517971715111935
India,nominal_original,T060_P05_H0800_I0800_F1,T060_P05_H0800_I0800_CN070_F1,T060_P05_H0800_I0800_CN080_F1,70.0,80.0,42.0,48.0,-4.527813712807259,0.0,-3.8785086258992756,,-235.5,-275.0,-0.2898763148637111,1.1033750686562058,0.0,9.5,-0.030418580705479092
India,nominal_original,T060_P05_H0800_I0800_F1,T060_P05_H0800_I0800_CN080_F1,T060_P05_H0800_I0800_CN090_F1,80.0,90.0,48.0,54.0,-6.468305304010343,0.0,-5.523499658298739,,-316.5,-457.0,-0.2534874581198403,-0.24327761679653293,0.0,17.5,0.019076593411961884
India,nominal_original,T060_P05_H0800_I0800_F1,T060_P05_H0800_I0800_CN090_F1,T060_P05_H0800_I0800_CN100_F1,90.0,100.0,54.0,60.0,-13.583441138421733,0.0,-6.827442981910318,,-474.5,-788.0,-0.24366621685016765,4.000579794173063,0.0,-100.5,0.06417869051229319
India,nominal_original,T060_P05_H0800_I0986_F1,T060_P05_H0800_I0986_CN000_F1,T060_P05_H0800_I0986_CN010_F1,0.0,10.0,0.0,6.0,37.25743855109961,0.0,13.597724675436066,,3003.5,3885.0,3.852599648832814,88.70179250407388,2.0,666.5,0.9184139209813151
India,nominal_original,T060_P05_H0800_I0986_F1,T060_P05_H0800_I0986_CN010_F1,T060_P05_H0800_I0986_CN020_F1,10.0,20.0,6.0,12.0,12.548512289780085,0.0,2.590596827685289,,704.5,711.0,-0.8355453628933862,6.510791560670228,0.0,247.5,-0.07598967855707262
India,nominal_original,T060_P05_H0800_I0986_F1,T060_P05_H0800_I0986_CN020_F1,T060_P05_H0800_I0986_CN030_F1,20.0,30.0,12.0,18.0,18.758085381629996,0.258732212160414,0.09017849261635291,,239.5,236.0,-0.8566853176389988,2.939166908018535,0.0,145.0,-0.04040185479513858
India,nominal_original,T060_P05_H0800_I0986_F1,T060_P05_H0800_I0986_CN030_F1,T060_P05_H0800_I0986_CN040_F1,30.0,40.0,18.0,24.0,-4.26908150064682,-0.129366106080207,-1.4280139121054347,3.9624999999631996,-101.5,-100.0,-0.7960983124790362,0.15745446430223353,0.0,-7.0,-0.0702221013012585
India,nominal_original,T060_P05_H0800_I0986_F1,T060_P05_H0800_I0986_CN040_F1,T060_P05_H0800_I0986_CN050_F1,40.0,50.0,24.0,30.0,1.2936610608020658,-0.129366106080207,-1.807557539467318,,-183.5,-183.0,-0.6070373081197777,-0.7740752827225634,0.0,-31.5,-0.07245761663316963
India,nominal_original,T060_P05_H0800_I0986_F1,T060_P05_H0800_I0986_CN050_F1,T060_P05_H0800_I0986_CN060_F1,50.0,60.0,30.0,36.0,-1.552393272962476,0.0,-3.262152140535896,,-202.0,-199.0,-0.4571121889311649,-0.19277692892553944,0.0,63.0,-0.015351644593007086
India,nominal_original,T060_P05_H0800_I0986_F1,T060_P05_H0800_I0986_CN060_F1,T060_P05_H0800_I0986_CN070_F1,60.0,70.0,36.0,42.0,-3.6222509702458012,0.0,-2.3541398716033832,,-186.5,-190.0,-0.35291997611647674,-0.5681596770296693,0.0,-27.5,-0.014437373162985212
India,nominal_original,T060_P05_H0800_I0986_F1,T060_P05_H0800_I0986_CN070_F1,T060_P05_H0800_I0986_CN080_F1,70.0,80.0,42.0,48.0,-5.30401034928849,0.258732212160414,-0.8169244719786448,,-14.5,-38.0,-0.20094900585938036,-0.8879568800275308,0.0,140.5,-0.000405162683553284
India,nominal_original,T060_P05_H0800_I0986_F1,T060_P05_H0800_I0986_CN080_F1,T060_P05_H0800_I0986_CN090_F1,80.0,90.0,48.0,54.0,-12.419146183699873,-0.258732212160414,-5.003608690371189,,-357.5,-552.0,-0.25648637426257515,-1.402226055316703,0.0,-33.5,0.032706983238640186
India,nominal_original,T060_P05_H0800_I0986_F1,T060_P05_H0800_I0986_CN090_F1,T060_P05_H0800_I0986_CN100_F1,90.0,100.0,54.0,60.0,-19.53428201811125,0.0,-8.291414041410736,,-605.5,-934.0,-0.27686450911961946,5.515989386957131,0.0,-170.0,0.00875570254778446
India,nominal_original,T060_P05_H1000_I0600_F1,T060_P05_H1000_I0600_CN000_F1,T060_P05_H1000_I0600_CN010_F1,0.0,10.0,0.0,6.0,0.2587322121604245,0.388098318240619,6.153406439825524,49.33472222222234,2320.5,3194.0,2.3194108570149603,66.24033731553057,2.0,1850.5,0.7079078014184397
India,nominal_original,T060_P05_H1000_I0600_F1,T060_P05_H1000_I0600_CN010_F1,T060_P05_H1000_I0600_CN020_F1,10.0,20.0,6.0,12.0,1.4230271668822638,2.9754204398447612,3.8146166495496345,-42.18194444444424,659.0,677.0,0.23490817205506787,6.296126576322862,0.0,234.0,0.03240877213835747
India,nominal_original,T060_P05_H1000_I0600_F1,T060_P05_H1000_I0600_CN020_F1,T060_P05_H1000_I0600_CN030_F1,20.0,30.0,12.0,18.0,0.5174644243208348,-4.786545924967658,-2.7306183986224895,54.451388888891245,-23.0,-24.0,-0.44242623243782964,1.1251552806754859,0.0,-175.0,-0.08479285499582923
India,nominal_original,T060_P05_H1000_I0600_F1,T060_P05_H1000_I0600_CN030_F1,T060_P05_H1000_I0600_CN040_F1,30.0,40.0,18.0,24.0,2.5873221216041316,-3.10478654592497,-1.8818159056458796,-57.26944444444547,-69.0,-68.0,-0.4572998576469569,3.353776633023273,0.0,-50.0,-0.026340839183536024
India,nominal_original,T060_P05_H1000_I0600_F1,T060_P05_H1000_I0600_CN040_F1,T060_P05_H1000_I0600_CN050_F1,40.0,50.0,24.0,30.0,-3.492884864165589,-7.503234152652003,-4.333517516902184,38.95000000000968,-59.5,-59.0,-0.3790302008667359,0.9919842682485438,0.0,103.0,-0.019236798114192766
India,nominal_original,T060_P05_H1000_I0600_F1,T060_P05_H1000_I0600_CN050_F1,T060_P05_H1000_I0600_CN060_F1,50.0,60.0,30.0,36.0,4.010349288486424,0.5174644243208277,-0.115028850817815,-48.2638888888779,-54.5,-66.0,-0.31344095439446296,2.7556170587263864,0.0,-199.0,-0.016744761131225916
India,nominal_original,T060_P05_H1000_I0600_F1,T060_P05_H1000_I0600_CN060_F1,T060_P05_H1000_I0600_CN070_F1,60.0,70.0,36.0,42.0,-1.9404915912030987,-2.1992238033635187,-4.536949306985434,-3.520833333355654,-150.5,-187.0,-0.3281196336257519,2.643738618768225,0.0,-31.5,-0.046212917588055014
India,nominal_original,T060_P05_H1000_I0600_F1,T060_P05_H1000_I0600_CN070_F1,T060_P05_H1000_I0600_CN080_F1,70.0,80.0,42.0,48.0,0.0,-3.4928848641655885,-6.930386078027464,-6.916666666666657,-118.0,-182.0,-0.26252292084996465,1.8551562850488637,0.0,-136.5,0.01224744132630029
India,nominal_original,T060_P05_H1000_I0600_F1,T060_P05_H1000_I0600_CN080_F1,T060_P05_H1000_I0600_CN090_F1,80.0,90.0,48.0,54.0,-3.2341526520051787,0.5174644243208281,-7.8661578232350955,-2.683333333333337,-353.0,-578.0,-0.33410774088210915,5.133504835889497,0.0,-219.5,-0.013982407444141698
India,nominal_original,T060_P05_H1000_I0600_F1,T060_P05_H1000_I0600_CN090_F1,T060_P05_H1000_I0600_CN100_F1,90.0,100.0,54.0,60.0,0.3880983182406226,-1.29366106080207,-9.692671621402955,,-414.0,-626.0,-0.30965789168620805,9.604603127766296,0.0,-322.0,-0.007875268784791167
India,nominal_original,T060_P05_H1000_I0800_F1,T060_P05_H1000_I0800_CN000_F1,T060_P05_H1000_I0800_CN010_F1,0.0,10.0,0.0,6.0,28.978007761966374,0.0,11.61349918161164,,2659.0,3559.0,2.755054517515367,77.82878746961923,2.0,758.0,0.8938015079782571
India,nominal_original,T060_P05_H1000_I0800_F1,T060_P05_H1000_I0800_CN010_F1,T060_P05_H1000_I0800_CN020_F1,10.0,20.0,6.0,12.0,7.115135834411376,0.0,2.5593497215259617,,622.5,609.0,-0.4140539114173949,6.774148607134904,0.0,223.5,-0.1012870152246339
India,nominal_original,T060_P05_H1000_I0800_F1,T060_P05_H1000_I0800_CN020_F1,T060_P05_H1000_I0800_CN030_F1,20.0,30.0,12.0,18.0,4.398447606727032,0.0,-0.45292811536669575,,192.5,191.0,-0.6358854397197695,2.8251294389607864,0.0,95.5,-0.05612177964000886
India,nominal_original,T060_P05_H1000_I0800_F1,T060_P05_H1000_I0800_CN030_F1,T060_P05_H1000_I0800_CN040_F1,30.0,40.0,18.0,24.0,4.010349288486424,0.0,-1.0436403861261354,,7.0,5.0,-0.6559657029446364,2.4835366942298265,0.0,-75.0,-0.04199308960951309
India,nominal_original,T060_P05_H1000_I0800_F1,T060_P05_H1000_I0800_CN040_F1,T060_P05_H1000_I0800_CN050_F1,40.0,50.0,24.0,30.0,0.2587322121604103,0.0,-3.052138716897268,,-183.0,-182.0,-0.519901836331429,1.9124420093090606,0.0,-4.0,-0.007435855388159052
India,nominal_original,T060_P05_H1000_I0800_F1,T060_P05_H1000_I0800_CN050_F1,T060_P05_H1000_I0800_CN060_F1,50.0,60.0,30.0,36.0,-0.5174644243208206,0.0,-2.7523781677865458,,-111.0,-114.0,-0.3879490886781589,0.7190897916183303,0.0,-3.0,-0.020023378821538262
India,nominal_original,T060_P05_H1000_I0800_F1,T060_P05_H1000_I0800_CN060_F1,T060_P05_H1000_I0800_CN070_F1,60.0,70.0,36.0,42.0,-8.150064683053046,0.0,-4.017827103454053,,-244.5,-287.0,-0.3241731281650655,-0.6956487481103153,0.0,14.5,-0.036357530180763487
India,nominal_original,T060_P05_H1000_I0800_F1,T060_P05_H1000_I0800_CN070_F1,T060_P05_H1000_I0800_CN080_F1,70.0,80.0,42.0,48.0,-1.5523932729624903,0.0,-2.4814284368301713,,-167.0,-205.0,-0.25280308929770046,0.6908050893785145,0.0,-26.5,0.012387852183430859
India,nominal_original,T060_P05_H1000_I0800_F1,T060_P05_H1000_I0800_CN080_F1,T060_P05_H1000_I0800_CN090_F1,80.0,90.0,48.0,54.0,-11.64294954721862,0.0,-5.443215707905569,,-312.0,-471.0,-0.25041277129449435,1.1466704461490451,0.0,-40.5,-0.02361940733038259
India,nominal_original,T060_P05_H1000_I0800_F1,T060_P05_H1000_I0800_CN090_F1,T060_P05_H1000_I0800_CN100_F1,90.0,100.0,54.0,60.0,-12.9366106080207,0.0,-8.687125829116145,,-532.5,-833.0,-0.26308965599503364,6.3150392017106185,0.0,-173.5,0.10123102535058037
India,nominal_original,T060_P05_H1000_I0986_F1,T060_P05_H1000_I0986_CN000_F1,T060_P05_H1000_I0986_CN010_F1,0.0,10.0,0.0,6.0,39.84476067270375,0.0,12.856990648164512,,2903.5,3806.0,3.238886097882345,88.6046511627907,2.0,630.0,0.9220108496444543
India,nominal_original,T060_P05_H1000_I0986_F1,T060_P05_H1000_I0986_CN010_F1,T060_P05_H1000_I0986_CN020_F1,10.0,20.0,6.0,12.0,15.006468305304011,0.38809831824062097,2.259828931925906,,713.0,697.0,-0.4452306024396808,5.992418434278889,0.0,371.5,-0.06399937736911965
India,nominal_original,T060_P05_H1000_I0986_F1,T060_P05_H1000_I0986_CN020_F1,T060_P05_H1000_I0986_CN030_F1,20.0,30.0,12.0,18.0,12.031047865459257,0.25873221216041403,1.2935179766491203,0.0,265.5,262.0,-0.6177658917605986,2.8454684411304783,0.0,60.5,-0.07630934461576011
India,nominal_original,T060_P05_H1000_I0986_F1,T060_P05_H1000_I0986_CN030_F1,T060_P05_H1000_I0986_CN040_F1,30.0,40.0,18.0,24.0,-2.4579560155239335,-0.517464424320828,-1.5131855320657834,-8.468749999965894,-84.5,-85.0,-0.6626500229284393,-1.3664773655247586,0.0,-46.0,-0.057557481485447815
India,nominal_original,T060_P05_H1000_I0986_F1,T060_P05_H1000_I0986_CN040_F1,T060_P05_H1000_I0986_CN050_F1,40.0,50.0,24.0,30.0,-0.12936610608021226,0.0,-2.6641433157950303,9.16666666663265,-201.5,-202.0,-0.5543866660070846,-0.3658824093055557,0.0,4.5,-0.07885570551535492
India,nominal_original,T060_P05_H1000_I0986_F1,T060_P05_H1000_I0986_CN050_F1,T060_P05_H1000_I0986_CN060_F1,50.0,60.0,30.0,36.0,-4.01034928848641,-0.129366106080207,-2.7064242878798765,,-234.5,-231.0,-0.43239912058733565,-0.24458137545339298,0.0,-9.0,-0.015040713708417197
India,nominal_original,T060_P05_H1000_I0986_F1,T060_P05_H1000_I0986_CN060_F1,T060_P05_H1000_I0986_CN070_F1,60.0,70.0,36.0,42.0,-1.8111254851229006,0.0,-1.9257925605826287,,-100.0,-107.0,-0.2968777866449064,-0.5739945953671537,0.0,98.5,-0.00042019999241826866
India,nominal_original,T060_P05_H1000_I0986_F1,T060_P05_H1000_I0986_CN070_F1,T060_P05_H1000_I0986_CN080_F1,70.0,80.0,42.0,48.0,-2.5873221216041458,0.0,-1.683691195714637,,-29.5,-51.0,-0.1969579392320171,0.8910009458090258,0.0,-57.5,0.008533217975916996
India,nominal_original,T060_P05_H1000_I0986_F1,T060_P05_H1000_I0986_CN080_F1,T060_P05_H1000_I0986_CN090_F1,80.0,90.0,48.0,54.0,-5.562742561448886,0.129366106080207,-4.850297269428433,,-407.5,-594.0,-0.2687976599671773,-0.8161602853380998,0.0,-9.5,0.009777028057071924
India,nominal_original,T060_P05_H1000_I0986_F1,T060_P05_H1000_I0986_CN090_F1,T060_P05_H1000_I0986_CN100_F1,90.0,100.0,54.0,60.0,-20.69857697283313,-0.129366106080207,-8.83288234722977,,-601.0,-932.0,-0.27670283557049924,5.033557046979865,0.0,-191.0,-0.0010547877557811614
India,nominal_original,T060_P10_H0500_I0600_F1,T060_P10_H0500_I0600_CN000_F1,T060_P10_H0500_I0600_CN010_F1,0.0,10.0,0.0,6.0,0.2587322121604245,0.0,6.058109682105094,,2005.0,2796.0,2.5229898561318773,57.4244060475162,2.0,1073.0,0.7801144492131618
India,nominal_original,T060_P10_H0500_I0600_F1,T060_P10_H0500_I0600_CN010_F1,T060_P10_H0500_I0600_CN020_F1,10.0,20.0,6.0,12.0,-2.069857697283311,0.129366106080207,1.9358795415387249,,764.0,863.0,-0.37187356977450303,11.196901024999462,0.0,432.5,-0.10422076764080979
India,nominal_original,T060_P10_H0500_I0600_F1,T060_P10_H0500_I0600_CN020_F1,T060_P10_H0500_I0600_CN030_F1,20.0,30.0,12.0,18.0,1.5523932729624903,0.0,1.5357977561453637,0.0,209.5,210.0,-0.9284629082769369,2.634705754849378,0.0,-50.0,-0.058198343423960575
India,nominal_original,T060_P10_H0500_I0600_F1,T060_P10_H0500_I0600_CN030_F1,T060_P10_H0500_I0600_CN040_F1,30.0,40.0,18.0,24.0,1.2936610608020658,0.0,0.44395917273951824,0.0,-3.0,-3.0,-0.8529003300229059,2.9337400873852033,0.0,-21.0,0.007721058131080927
India,nominal_original,T060_P10_H0500_I0600_F1,T060_P10_H0500_I0600_CN040_F1,T060_P10_H0500_I0600_CN050_F1,40.0,50.0,24.0,30.0,-1.5523932729624903,0.129366106080207,-0.2938696227558424,1.7333333333409442,-108.0,-108.0,-0.7250257186639999,3.06854118357451,0.0,-149.0,-0.04487488764061842
India,nominal_original,T060_P10_H0500_I0600_F1,T060_P10_H0500_I0600_CN050_F1,T060_P10_H0500_I0600_CN060_F1,50.0,60.0,30.0,36.0,-0.3880983182406226,-0.129366106080207,-0.9928917416294851,-1.7333333333409442,-151.5,-150.0,-0.6388291928014995,1.1335518812901881,0.0,4.5,0.013976957934311196
India,nominal_original,T060_P10_H0500_I0600_F1,T060_P10_H0500_I0600_CN060_F1,T060_P10_H0500_I0600_CN070_F1,60.0,70.0,36.0,42.0,0.5174644243208348,0.0,-2.3504300206424844,0.0,-139.0,-158.0,-0.476306182616947,3.062784516175512,0.0,-50.0,0.007313994159819259
India,nominal_original,T060_P10_H0500_I0600_F1,T060_P10_H0500_I0600_CN070_F1,T060_P10_H0500_I0600_CN080_F1,70.0,80.0,42.0,48.0,-0.9055627425614574,0.0,-4.380108229172425,1.7333333333409442,-276.0,-341.0,-0.44479649003428445,0.8453695042095433,0.0,-154.5,-0.03060662774244549
India,nominal_original,T060_P10_H0500_I0600_F1,T060_P10_H0500_I0600_CN080_F1,T060_P10_H0500_I0600_CN090_F1,80.0,90.0,48.0,54.0,-0.12936610608019805,0.0,-7.358346182906249,0.0,-518.5,-766.0,-0.4884112548100312,8.982493178227784,0.0,-406.5,-0.002588164964560935
India,nominal_original,T060_P10_H0500_I0600_F1,T060_P10_H0500_I0600_CN090_F1,T060_P10_H0500_I0600_CN100_F1,90.0,100.0,54.0,60.0,-4.010349288486424,-0.129366106080207,-7.239064355698806,,-506.5,-724.0,-0.3869901933021316,8.717506821772218,0.0,-279.0,-0.007926100293862204
India,nominal_original,T060_P10_H0500_I0800_F1,T060_P10_H0500_I0800_CN000_F1,T060_P10_H0500_I0800_CN010_F1,0.0,10.0,0.0,6.0,29.10737386804658,0.0,14.193835262577306,,2481.5,3349.0,3.5812155199760407,91.51565074135091,2.0,346.0,0.8803675954109109
India,nominal_original,T060_P10_H0500_I0800_F1,T060_P10_H0500_I0800_CN010_F1,T060_P10_H0500_I0800_CN020_F1,10.0,20.0,6.0,12.0,12.28978007761966,0.0,2.847022418107784,,703.0,720.0,-1.24365161700105,4.016719510120467,0.0,90.5,-0.08130160802614617
India,nominal_original,T060_P10_H0500_I0800_F1,T060_P10_H0500_I0800_CN020_F1,T060_P10_H0500_I0800_CN030_F1,20.0,30.0,12.0,18.0,9.702457956015522,0.0,0.7158988769106571,,512.5,508.0,-0.8352422249891118,1.0092130916647193,0.0,317.0,-0.05485274917628269
India,nominal_original,T060_P10_H0500_I0800_F1,T060_P10_H0500_I0800_CN030_F1,T060_P10_H0500_I0800_CN040_F1,30.0,40.0,18.0,24.0,8.020698576972833,0.0,-1.0132716437141767,,168.5,172.0,-0.6229252556570501,0.980480472206736,0.0,100.0,-0.02829358349400657
India,nominal_original,T060_P10_H0500_I0800_F1,T060_P10_H0500_I0800_CN040_F1,T060_P10_H0500_I0800_CN050_F1,40.0,50.0,24.0,30.0,5.045278137128065,0.0,-0.8111402918204362,,-36.5,-37.0,-0.60232061590205,0.7323571772413118,0.0,37.0,-0.07103564359769243
India,nominal_original,T060_P10_H0500_I0800_F1,T060_P10_H0500_I0800_CN050_F1,T060_P10_H0500_I0800_CN060_F1,50.0,60.0,30.0,36.0,2.199223803363523,0.0,-2.222732562645099,,-194.0,-191.0,-0.49200432898046076,0.014649080234292455,0.0,-61.5,-0.026007793487892616
India,nominal_original,T060_P10_H0500_I0800_F1,T060_P10_H0500_I0800_CN060_F1,T060_P10_H0500_I0800_CN070_F1,60.0,70.0,36.0,42.0,-4.269081500646834,0.0,-0.4820604813404259,,-27.0,-27.0,-0.2932412134334019,-0.46779649358018105,0.0,52.5,-0.011880068720032888
India,nominal_original,T060_P10_H0500_I0800_F1,T060_P10_H0500_I0800_CN070_F1,T060_P10_H0500_I0800_CN080_F1,70.0,80.0,42.0,48.0,-2.5873221216041316,0.0,-4.205572977125652,,-346.0,-414.0,-0.3544296806433449,-0.7890864478006989,0.0,70.5,-0.01531505222776075
India,nominal_original,T060_P10_H0500_I0800_F1,T060_P10_H0500_I0800_CN080_F1,T060_P10_H0500_I0800_CN090_F1,80.0,90.0,48.0,54.0,-7.503234152652013,0.0,-2.0111968561728073,,-173.5,-276.0,-0.2223055522662587,-0.3894523703172865,0.0,-20.5,0.00029077783597952767
India,nominal_original,T060_P10_H0500_I0800_F1,T060_P10_H0500_I0800_CN090_F1,T060_P10_H0500_I0800_CN100_F1,90.0,100.0,54.0,60.0,-21.08667529107374,0.0,-9.094789870956252,,-667.0,-1043.0,-0.32651628284091094,3.3772652388797297,0.0,-68.0,0.09341537409225187
India,nominal_original,T060_P10_H0500_I0986_F1,T060_P10_H0500_I0986_CN000_F1,T060_P10_H0500_I0986_CN010_F1,0.0,10.0,0.0,6.0,44.501940491591206,0.0,17.12444423202558,,2915.5,3804.0,2.215048259892609,92.19827586206897,2.0,356.0,0.9067623884873348
India,nominal_original,T060_P10_H0500_I0986_F1,T060_P10_H0500_I0986_CN010_F1,T060_P10_H0500_I0986_CN020_F1,10.0,20.0,6.0,12.0,8.667529107373866,0.0,-0.16554274597210394,,517.0,512.0,-1.3897617256971975,2.9981214359045083,0.0,164.0,-0.05401560737145483
India,nominal_original,T060_P10_H0500_I0986_F1,T060_P10_H0500_I0986_CN020_F1,T060_P10_H0500_I0986_CN030_F1,20.0,30.0,12.0,18.0,15.265200517464422,0.0,1.2810301869327567,,406.5,407.0,-0.6945729920113735,3.2820857268931007,0.0,12.5,-0.06662600889953829
India,nominal_original,T060_P10_H0500_I0986_F1,T060_P10_H0500_I0986_CN030_F1,T060_P10_H0500_I0986_CN040_F1,30.0,40.0,18.0,24.0,4.527813712807244,0.0,-0.4687127456672222,,45.5,45.0,-0.6057663628156171,0.5999615694242806,0.0,113.0,-0.04814094305096139
India,nominal_original,T060_P10_H0500_I0986_F1,T060_P10_H0500_I0986_CN040_F1,T060_P10_H0500_I0986_CN050_F1,40.0,50.0,24.0,30.0,-2.3285899094437212,0.0,-2.702898741880624,,-163.0,-164.0,-0.3646364645700513,-0.023381598490573197,0.0,101.0,-0.039133890790030046
India,nominal_original,T060_P10_H0500_I0986_F1,T060_P10_H0500_I0986_CN050_F1,T060_P10_H0500_I0986_CN060_F1,50.0,60.0,30.0,36.0,1.1642949547218535,0.0,0.5782239496354507,,-31.0,-30.0,-0.2767438374096607,-0.05388790766868112,0.0,-31.0,-0.049725490196078415
India,nominal_original,T060_P10_H0500_I0986_F1,T060_P10_H0500_I0986_CN060_F1,T060_P10_H0500_I0986_CN070_F1,60.0,70.0,36.0,42.0,-9.961190168175932,0.0,-3.08027249999612,,-185.5,-200.0,-0.21073253533569214,-1.4461929035880416,0.0,94.5,0.014163410818872846
India,nominal_original,T060_P10_H0500_I0986_F1,T060_P10_H0500_I0986_CN070_F1,T060_P10_H0500_I0986_CN080_F1,70.0,80.0,42.0,48.0,-4.527813712807244,0.0,-4.244288242526981,,-424.5,-530.0,-0.21675747002811363,-0.5590974108810087,0.0,32.5,-0.006804859891799575
India,nominal_original,T060_P10_H0500_I0986_F1,T060_P10_H0500_I0986_CN080_F1,T060_P10_H0500_I0986_CN090_F1,80.0,90.0,48.0,54.0,-0.5174644243208348,0.0,-2.6040114549053506,,-119.5,-256.0,-0.1138300749344574,0.11090858898104727,0.0,-28.5,0.022033654208357678
India,nominal_original,T060_P10_H0500_I0986_F1,T060_P10_H0500_I0986_CN090_F1,T060_P10_H0500_I0986_CN100_F1,90.0,100.0,54.0,60.0,-28.201811125485115,0.0,-7.937574625744845,,-550.5,-838.0,-0.16984374811576675,2.8932066373564,0.0,21.5,0.11417517737312788
India,nominal_original,T060_P10_H0800_I0600_F1,T060_P10_H0800_I0600_CN000_F1,T060_P10_H0800_I0600_CN010_F1,0.0,10.0,0.0,6.0,0.0,0.0,6.794593909436113,,2214.0,3027.0,2.3461262109033862,58.435641058093914,2.0,1444.5,0.7911089452025124
India,nominal_original,T060_P10_H0800_I0600_F1,T060_P10_H0800_I0600_CN010_F1,T060_P10_H0800_I0600_CN020_F1,10.0,20.0,6.0,12.0,-0.12936610608019805,0.258732212160414,2.948200470896566,,734.5,811.0,0.04725993414300511,9.654006754072576,0.0,344.0,-0.07952848543239743
India,nominal_original,T060_P10_H0800_I0600_F1,T060_P10_H0800_I0600_CN020_F1,T060_P10_H0800_I0600_CN030_F1,20.0,30.0,12.0,18.0,0.12936610608019805,0.0,-0.8489876438953488,0.0,10.0,10.0,-0.672926104733409,1.6441115062573601,0.0,-119.5,-0.06037844348473298
India,nominal_original,T060_P10_H0800_I0600_F1,T060_P10_H0800_I0600_CN030_F1,T060_P10_H0800_I0600_CN040_F1,30.0,40.0,18.0,24.0,0.0,-0.129366106080207,-1.105830888806146,0.0,-6.5,-6.0,-0.5275758063822797,1.6536780282755217,0.0,-7.0,0.00436645916681444
India,nominal_original,T060_P10_H0800_I0600_F1,T060_P10_H0800_I0600_CN040_F1,T060_P10_H0800_I0600_CN050_F1,40.0,50.0,24.0,30.0,-0.12936610608019805,0.38809831824062097,0.7443684986208368,6.602083333350556,-143.0,-144.0,-0.5190845259998085,2.740821370713448,0.0,2.0,-0.03459322072148319
India,nominal_original,T060_P10_H0800_I0600_F1,T060_P10_H0800_I0600_CN050_F1,T060_P10_H0800_I0600_CN060_F1,50.0,60.0,30.0,36.0,-0.3880983182406226,-0.38809831824062097,-1.3878794416827063,-6.602083333350556,-149.5,-148.0,-0.4952801533660023,0.6556357320867221,0.0,-64.5,0.0010530471560792343
India,nominal_original,T060_P10_H0800_I0600_F1,T060_P10_H0800_I0600_CN060_F1,T060_P10_H0800_I0600_CN070_F1,60.0,70.0,36.0,42.0,0.12936610608021226,0.0,-3.4353843722000654,0.0,-220.5,-275.0,-0.42294491282405655,4.392252119773602,0.0,-185.5,0.01707738917011814
India,nominal_original,T060_P10_H0800_I0600_F1,T060_P10_H0800_I0600_CN070_F1,T060_P10_H0800_I0600_CN080_F1,70.0,80.0,42.0,48.0,-1.6817593790427026,0.0,-3.776792684635357,5.300000000008488,-229.0,-260.0,-0.3437564920240135,1.8323419648710342,0.0,-139.5,0.009932256564682218
India,nominal_original,T060_P10_H0800_I0600_F1,T060_P10_H0800_I0600_CN080_F1,T060_P10_H0800_I0600_CN090_F1,80.0,90.0,48.0,54.0,-1.2936610608020658,0.0,-8.137715692813178,0.0,-485.5,-723.0,-0.4180636907216899,9.023294187612535,0.0,-431.0,0.02167714885967853
India,nominal_original,T060_P10_H0800_I0600_F1,T060_P10_H0800_I0600_CN090_F1,T060_P10_H0800_I0600_CN100_F1,90.0,100.0,54.0,60.0,-4.010349288486424,-0.129366106080207,-7.929748714659366,,-486.0,-713.0,-0.3421904658880821,9.968217278243287,0.0,-324.0,0.011343317983262713
India,nominal_original,T060_P10_H0800_I0800_F1,T060_P10_H0800_I0800_CN000_F1,T060_P10_H0800_I0800_CN010_F1,0.0,10.0,0.0,6.0,22.897800776196643,0.129366106080207,13.233564653147399,,2648.5,3459.0,3.237227715776771,88.2892363199038,2.0,695.5,0.8781532684758491
India,nominal_original,T060_P10_H0800_I0800_F1,T060_P10_H0800_I0800_CN010_F1,T060_P10_H0800_I0800_CN020_F1,10.0,20.0,6.0,12.0,18.111254851228978,-0.129366106080207,3.1356207113078973,,877.0,953.0,-0.4099578977702345,5.393847191873505,0.0,264.5,-0.07339461194365904
India,nominal_original,T060_P10_H0800_I0800_F1,T060_P10_H0800_I0800_CN020_F1,T060_P10_H0800_I0800_CN030_F1,20.0,30.0,12.0,18.0,16.558861578266487,0.0,-0.668999384820502,,221.5,221.0,-0.8131960755606902,3.7064520289617633,0.0,77.0,-0.03198497879541251
India,nominal_original,T060_P10_H0800_I0800_F1,T060_P10_H0800_I0800_CN030_F1,T060_P10_H0800_I0800_CN040_F1,30.0,40.0,18.0,24.0,-2.4579560155239335,0.0,-1.9050103117395594,,-69.5,-69.0,-0.6351047166173096,0.15351842022535322,0.0,43.5,-0.04802717536224277
India,nominal_original,T060_P10_H0800_I0800_F1,T060_P10_H0800_I0800_CN040_F1,T060_P10_H0800_I0800_CN050_F1,40.0,50.0,24.0,30.0,4.527813712807244,0.0,-0.7523057296766638,,-54.5,-55.0,-0.490162228596315,0.3525395746709705,0.0,23.0,-0.04550128176197932
India,nominal_original,T060_P10_H0800_I0800_F1,T060_P10_H0800_I0800_CN050_F1,T060_P10_H0800_I0800_CN060_F1,50.0,60.0,30.0,36.0,0.3880983182406226,0.0,-2.873442349905133,,-209.5,-206.0,-0.4341574486446531,0.4666650808398032,0.0,-32.5,-0.025815836051900742
India,nominal_original,T060_P10_H0800_I0800_F1,T060_P10_H0800_I0800_CN060_F1,T060_P10_H0800_I0800_CN070_F1,60.0,70.0,36.0,42.0,-4.398447606727032,0.0,-0.882385544366528,,-36.5,-40.0,-0.254867104473224,-1.630232472684341,0.0,100.0,-0.020088496074707196
India,nominal_original,T060_P10_H0800_I0800_F1,T060_P10_H0800_I0800_CN070_F1,T060_P10_H0800_I0800_CN080_F1,70.0,80.0,42.0,48.0,0.38809831824060836,0.0,-2.554218541571302,,-236.5,-274.0,-0.2866080267080362,-1.3155777414859813,0.0,4.5,-0.04697956533073122
India,nominal_original,T060_P10_H0800_I0800_F1,T060_P10_H0800_I0800_CN080_F1,T060_P10_H0800_I0800_CN090_F1,80.0,90.0,48.0,54.0,-20.051746442432076,0.0,-4.075578374523218,,-264.5,-424.0,-0.24044188420210766,0.16537233781050986,0.0,-23.5,0.04166458558414954
India,nominal_original,T060_P10_H0800_I0800_F1,T060_P10_H0800_I0800_CN090_F1,T060_P10_H0800_I0800_CN100_F1,90.0,100.0,54.0,60.0,-21.604139715394567,0.0,-8.878313195701725,,-578.5,-928.0,-0.29111978874616473,4.418179259884624,0.0,-112.5,0.07204033397393572
India,nominal_original,T060_P10_H0800_I0986_F1,T060_P10_H0800_I0986_CN000_F1,T060_P10_H0800_I0986_CN010_F1,0.0,10.0,0.0,6.0,36.869340232859,0.0,16.97392157157496,,3137.0,4028.0,2.4197140437049436,88.96095637797278,2.0,451.5,0.9030441258611059
India,nominal_original,T060_P10_H0800_I0986_F1,T060_P10_H0800_I0986_CN010_F1,T060_P10_H0800_I0986_CN020_F1,10.0,20.0,6.0,12.0,5.304010349288475,0.129366106080207,-1.2000629009668629,,509.0,503.0,-1.059830280644113,2.8755485201242834,0.0,355.5,-0.0598775179005564
India,nominal_original,T060_P10_H0800_I0986_F1,T060_P10_H0800_I0986_CN020_F1,T060_P10_H0800_I0986_CN030_F1,20.0,30.0,12.0,18.0,2.716688227684344,0.0,-2.4395901104695206,0.0,-71.0,-71.0,-0.851372008534431,1.0345329780901409,0.0,45.0,-0.05500404216302224
India,nominal_original,T060_P10_H0800_I0986_F1,T060_P10_H0800_I0986_CN030_F1,T060_P10_H0800_I0986_CN040_F1,30.0,40.0,18.0,24.0,6.85640362225098,0.0,2.793228482283233,0.0,164.0,159.0,-0.4488976401989846,2.011503206861221,0.0,-72.5,-0.0715522149499741
India,nominal_original,T060_P10_H0800_I0986_F1,T060_P10_H0800_I0986_CN040_F1,T060_P10_H0800_I0986_CN050_F1,40.0,50.0,24.0,30.0,5.5627425614489,-0.129366106080207,-3.0330622007835544,,-171.5,-171.0,-0.34986767687083886,0.3031535524398805,0.0,121.5,-0.021726295594099776
India,nominal_original,T060_P10_H0800_I0986_F1,T060_P10_H0800_I0986_CN050_F1,T060_P10_H0800_I0986_CN060_F1,50.0,60.0,30.0,36.0,-6.597671410090555,0.0,-1.8491648977142425,,-162.0,-161.0,-0.2915893361293225,-0.757123206916873,0.0,64.5,-0.0541941645430708
India,nominal_original,T060_P10_H0800_I0986_F1,T060_P10_H0800_I0986_CN060_F1,T060_P10_H0800_I0986_CN070_F1,60.0,70.0,36.0,42.0,-7.761966364812423,0.0,-2.1133213906684993,,-76.0,-76.0,-0.17447012289227626,-0.9756131356519404,0.0,123.5,0.028160068376130942
India,nominal_original,T060_P10_H0800_I0986_F1,T060_P10_H0800_I0986_CN070_F1,T060_P10_H0800_I0986_CN080_F1,70.0,80.0,42.0,48.0,-3.7516170763259993,0.0,-4.7866575545915815,,-410.5,-508.0,-0.2083512510436345,2.0499365502204085,0.0,-72.5,-0.003510493471095222
India,nominal_original,T060_P10_H0800_I0986_F1,T060_P10_H0800_I0986_CN080_F1,T060_P10_H0800_I0986_CN090_F1,80.0,90.0,48.0,54.0,-4.398447606727046,0.0,-2.685967729173205,,-200.5,-366.0,-0.1291976072111548,0.3695788260886843,0.0,-17.5,0.0034353720311843805
India,nominal_original,T060_P10_H0800_I0986_F1,T060_P10_H0800_I0986_CN090_F1,T060_P10_H0800_I0986_CN100_F1,90.0,100.0,54.0,60.0,-25.09702457956015,0.0,-7.99056153324534,,-538.0,-817.0,-0.16629240535901224,4.127526330771417,0.0,-3.5,0.09067663914664625
India,nominal_original,T060_P10_H1000_I0600_F1,T060_P10_H1000_I0600_CN000_F1,T060_P10_H1000_I0600_CN010_F1,0.0,10.0,0.0,6.0,0.0,0.0,6.103305537601962,,2211.0,3016.0,2.0683273046002544,58.80491201417901,2.0,1546.0,0.7790476190476192
India,nominal_original,T060_P10_H1000_I0600_F1,T060_P10_H1000_I0600_CN010_F1,T060_P10_H1000_I0600_CN020_F1,10.0,20.0,6.0,12.0,0.2587322121604245,0.0,2.023127967193524,,764.0,849.0,0.19614715896443613,8.798779510165957,0.0,484.0,-0.07245149911816595
India,nominal_original,T060_P10_H1000_I0600_F1,T060_P10_H1000_I0600_CN020_F1,T060_P10_H1000_I0600_CN030_F1,20.0,30.0,12.0,18.0,0.0,0.0,-0.9783337022576646,,-3.0,-3.0,-0.5108756768593814,1.8793782134747943,0.0,-130.5,-0.025578248911582113
India,nominal_original,T060_P10_H1000_I0600_F1,T060_P10_H1000_I0600_CN030_F1,T060_P10_H1000_I0600_CN040_F1,30.0,40.0,18.0,24.0,0.0,0.129366106080207,-0.048978952753756744,,-69.5,-70.0,-0.45507893334682503,1.2021274179656274,0.0,-125.5,-0.021683946929848652
India,nominal_original,T060_P10_H1000_I0600_F1,T060_P10_H1000_I0600_CN040_F1,T060_P10_H1000_I0600_CN050_F1,40.0,50.0,24.0,30.0,-0.2587322121604245,-0.129366106080207,-0.06621550831052758,,-66.0,-66.0,-0.36999301409521834,2.0142563961271804,0.0,-31.0,-0.0684102843989507
India,nominal_original,T060_P10_H1000_I0600_F1,T060_P10_H1000_I0600_CN050_F1,T060_P10_H1000_I0600_CN060_F1,50.0,60.0,30.0,36.0,0.2587322121604245,0.0,-3.1932341280198777,,-206.5,-208.0,-0.4601552069591355,1.605227688787906,0.0,-128.0,-0.005061570723554398
India,nominal_original,T060_P10_H1000_I0600_F1,T060_P10_H1000_I0600_CN060_F1,T060_P10_H1000_I0600_CN070_F1,60.0,70.0,36.0,42.0,-1.2936610608020658,0.0,-3.9164862823513644,,-285.0,-319.0,-0.4052814672325247,5.602261333072022,0.0,-281.5,0.00788484156340008
India,nominal_original,T060_P10_H1000_I0600_F1,T060_P10_H1000_I0600_CN070_F1,T060_P10_H1000_I0600_CN080_F1,70.0,80.0,42.0,48.0,-0.6468305304010471,0.0,-2.754255609103158,,-215.5,-311.0,-0.29804663712368007,0.7548981707983415,0.0,-32.5,-0.029101969873113864
India,nominal_original,T060_P10_H1000_I0600_F1,T060_P10_H1000_I0600_CN080_F1,T060_P10_H1000_I0600_CN090_F1,80.0,90.0,48.0,54.0,-4.26908150064682,0.0,-6.215986656282549,,-319.0,-524.0,-0.313795401851249,6.644442715558782,0.0,-233.5,0.06660225539623776
India,nominal_original,T060_P10_H1000_I0600_F1,T060_P10_H1000_I0600_CN090_F1,T060_P10_H1000_I0600_CN100_F1,90.0,100.0,54.0,60.0,-5.9508408796895225,0.0,-7.891579615837742,,-574.0,-787.0,-0.3625742090424231,12.69371653987038,0.0,-384.5,-0.038127653745507084
India,nominal_original,T060_P10_H1000_I0800_F1,T060_P10_H1000_I0800_CN000_F1,T060_P10_H1000_I0800_CN010_F1,0.0,10.0,0.0,6.0,22.509702457956017,0.129366106080207,12.386065389056226,,2567.5,3442.0,2.6453441876666313,82.18963553530752,2.0,770.5,0.864876646262289
India,nominal_original,T060_P10_H1000_I0800_F1,T060_P10_H1000_I0800_CN010_F1,T060_P10_H1000_I0800_CN020_F1,10.0,20.0,6.0,12.0,10.47865459249676,-0.129366106080207,-0.35157876479633643,,786.5,799.0,-0.2648627696814674,7.039165209138218,0.0,308.5,-0.06522829461393731
India,nominal_original,T060_P10_H1000_I0800_F1,T060_P10_H1000_I0800_CN020_F1,T060_P10_H1000_I0800_CN030_F1,20.0,30.0,12.0,18.0,8.796895213454079,0.0,0.9040977084995596,,133.5,131.0,-0.6872613060009871,3.754051241113828,0.0,-14.0,-0.04641477751694478
India,nominal_original,T060_P10_H1000_I0800_F1,T060_P10_H1000_I0800_CN030_F1,T060_P10_H1000_I0800_CN040_F1,30.0,40.0,18.0,24.0,-0.5174644243208206,0.129366106080207,-1.0291601718193455,,57.5,59.0,-0.45243286534061955,0.7469620249093083,0.0,4.5,-0.07437745078932112
India,nominal_original,T060_P10_H1000_I0800_F1,T060_P10_H1000_I0800_CN040_F1,T060_P10_H1000_I0800_CN050_F1,40.0,50.0,24.0,30.0,2.716688227684344,-0.129366106080207,-2.636567430502847,,-161.5,-162.0,-0.492671884488582,0.04329134997475137,0.0,92.5,-0.04491884372621047
India,nominal_original,T060_P10_H1000_I0800_F1,T060_P10_H1000_I0800_CN050_F1,T060_P10_H1000_I0800_CN060_F1,50.0,60.0,30.0,36.0,-5.045278137128079,0.0,-4.111070353150179,,-285.5,-287.0,-0.4350790197963532,0.48787175767635915,0.0,-39.0,-0.009245296493512356
India,nominal_original,T060_P10_H1000_I0800_F1,T060_P10_H1000_I0800_CN060_F1,T060_P10_H1000_I0800_CN070_F1,60.0,70.0,36.0,42.0,-4.139715394566622,0.0,-0.3519149179176644,,-55.5,-64.0,-0.23613421530898338,-1.271260539238611,0.0,-29.5,-0.023794086765256628
India,nominal_original,T060_P10_H1000_I0800_F1,T060_P10_H1000_I0800_CN070_F1,T060_P10_H1000_I0800_CN080_F1,70.0,80.0,42.0,48.0,-3.8809831824061973,0.0,-3.6580740522201385,,-229.0,-326.0,-0.2675975341017822,0.9432264759350204,0.0,-71.5,0.023843940092796112
India,nominal_original,T060_P10_H1000_I0800_F1,T060_P10_H1000_I0800_CN080_F1,T060_P10_H1000_I0800_CN090_F1,80.0,90.0,48.0,54.0,-18.24062095730919,0.0,-3.7831312851588876,,-234.5,-403.0,-0.2194759009781433,0.8733574986106021,0.0,10.5,-0.0024280095288979897
India,nominal_original,T060_P10_H1000_I0800_F1,T060_P10_H1000_I0800_CN090_F1,T060_P10_H1000_I0800_CN100_F1,90.0,100.0,54.0,60.0,-19.146183699870633,0.0,-8.525203807576373,,-548.5,-819.0,-0.27805882480786326,5.193699446573007,0.0,-192.5,0.03398604708151565
India,nominal_original,T060_P10_H1000_I0986_F1,T060_P10_H1000_I0986_CN000_F1,T060_P10_H1000_I0986_CN010_F1,0.0,10.0,0.0,6.0,27.03751617076327,0.0,15.153998990114557,,3027.5,3930.0,2.06408425210115,84.18279833374173,2.0,464.5,0.8977435297177787
India,nominal_original,T060_P10_H1000_I0986_F1,T060_P10_H1000_I0986_CN010_F1,T060_P10_H1000_I0986_CN020_F1,10.0,20.0,6.0,12.0,6.468305304010343,0.129366106080207,-1.124117118183495,,416.5,399.0,-0.9067046282121605,4.077346190994234,0.0,268.5,-0.08013010293799261
India,nominal_original,T060_P10_H1000_I0986_F1,T060_P10_H1000_I0986_CN020_F1,T060_P10_H1000_I0986_CN030_F1,20.0,30.0,12.0,18.0,2.3285899094437212,0.0,-0.7901101869056752,0.0,16.0,11.0,-0.6973097458004549,1.6257533372336894,0.0,-11.0,-0.06399764883968384
India,nominal_original,T060_P10_H1000_I0986_F1,T060_P10_H1000_I0986_CN030_F1,T060_P10_H1000_I0986_CN040_F1,30.0,40.0,18.0,24.0,4.269081500646834,0.0,0.9745136709358775,0.0,110.5,111.0,-0.4270728158311299,2.0799325878573427,0.0,-66.5,-0.058309888860628156
India,nominal_original,T060_P10_H1000_I0986_F1,T060_P10_H1000_I0986_CN040_F1,T060_P10_H1000_I0986_CN050_F1,40.0,50.0,24.0,30.0,-4.01034928848641,-0.129366106080207,-4.181061715566017,,-207.5,-207.0,-0.3496792644936366,-1.6227986373057632,0.0,387.5,-0.03052859022889942
India,nominal_original,T060_P10_H1000_I0986_F1,T060_P10_H1000_I0986_CN050_F1,T060_P10_H1000_I0986_CN060_F1,50.0,60.0,30.0,36.0,-2.3285899094437355,0.0,-2.511396595710856,,-221.5,-219.0,-0.2910366733997798,1.7785414890282283,0.0,-144.0,-0.031707807954996836
India,nominal_original,T060_P10_H1000_I0986_F1,T060_P10_H1000_I0986_CN060_F1,T060_P10_H1000_I0986_CN070_F1,60.0,70.0,36.0,42.0,-5.30401034928849,0.0,-0.18475134771459167,,-12.5,-16.0,-0.15230712538325974,0.4785462441767834,0.0,64.5,-0.03388916302672529
India,nominal_original,T060_P10_H1000_I0986_F1,T060_P10_H1000_I0986_CN070_F1,T060_P10_H1000_I0986_CN080_F1,70.0,80.0,42.0,48.0,-2.069857697283311,0.0,-7.095393566147013,,-397.0,-457.0,-0.20243168331889205,0.029651950773555313,0.0,42.0,0.037285547215615056
India,nominal_original,T060_P10_H1000_I0986_F1,T060_P10_H1000_I0986_CN080_F1,T060_P10_H1000_I0986_CN090_F1,80.0,90.0,48.0,54.0,-9.055627425614489,0.0,-2.1575345673137267,,-213.5,-392.0,-0.13085173441613207,1.3091982683378234,0.0,-266.0,-0.02142933770391675
India,nominal_original,T060_P10_H1000_I0986_F1,T060_P10_H1000_I0986_CN090_F1,T060_P10_H1000_I0986_CN100_F1,90.0,100.0,54.0,60.0,-14.359637774902971,0.0,-8.972453082860845,,-597.0,-899.0,-0.17764166846745866,6.061030235162377,0.0,41.0,0.06042358531883574
India,nominal_original,T120_P03_H0500_I0600_F1,T120_P03_H0500_I0600_CN000_F1,T120_P03_H0500_I0600_CN010_F1,0.0,10.0,0.0,12.0,28.589909443725745,0.0,8.351096378226597,,3618.5,4509.0,2.2493728992679918,82.74065685164213,2.0,1548.0,0.8692163728567979
India,nominal_original,T120_P03_H0500_I0600_F1,T120_P03_H0500_I0600_CN010_F1,T120_P03_H0500_I0600_CN020_F1,10.0,20.0,12.0,24.0,9.314359637774913,0.0,1.0384181822332934,,293.5,293.0,-0.8141558023247764,1.3944180129644366,0.0,345.5,-0.09376224025007662
India,nominal_original,T120_P03_H0500_I0600_F1,T120_P03_H0500_I0600_CN020_F1,T120_P03_H0500_I0600_CN030_F1,20.0,30.0,24.0,36.0,2.5873221216041316,0.0,-0.14567849511174025,,2.0,2.0,-0.5540321022904156,0.8771319074983097,0.0,116.0,-0.0453828102999041
India,nominal_original,T120_P03_H0500_I0600_F1,T120_P03_H0500_I0600_CN030_F1,T120_P03_H0500_I0600_CN040_F1,30.0,40.0,36.0,48.0,-0.12936610608019805,0.0,-0.8403384562963776,,0.0,0.0,-0.34659843055382566,0.2653646109754817,0.0,177.0,0.004074842671475176
India,nominal_original,T120_P03_H0500_I0600_F1,T120_P03_H0500_I0600_CN040_F1,T120_P03_H0500_I0600_CN050_F1,40.0,50.0,48.0,60.0,-0.6468305304010329,0.0,-0.2036489799432335,,0.0,0.0,-0.244881753440227,0.5519583908290002,0.0,-31.5,-0.00413384737359257
India,nominal_original,T120_P03_H0500_I0600_F1,T120_P03_H0500_I0600_CN050_F1,T120_P03_H0500_I0600_CN060_F1,50.0,60.0,60.0,72.0,-0.7761966364812452,0.0,-0.32486075856054164,,-5.0,-5.0,-0.17980270116073038,0.7606306766272439,0.0,22.0,-0.022742302208240917
India,nominal_original,T120_P03_H0500_I0600_F1,T120_P03_H0500_I0600_CN060_F1,T120_P03_H0500_I0600_CN070_F1,60.0,70.0,72.0,84.0,-0.7761966364812452,0.0,-0.5761727670301209,,-59.0,-59.0,-0.14694037301095686,0.0018980881484367274,0.0,-24.5,-0.012564566206473504
India,nominal_original,T120_P03_H0500_I0600_F1,T120_P03_H0500_I0600_CN070_F1,T120_P03_H0500_I0600_CN080_F1,70.0,80.0,84.0,96.0,-3.8809831824062115,0.0,-1.3907532217276746,,-234.0,-234.0,-0.14385693621868134,-1.107639275228948,0.0,81.5,-0.004654797959884105
India,nominal_original,T120_P03_H0500_I0600_F1,T120_P03_H0500_I0600_CN080_F1,T120_P03_H0500_I0600_CN090_F1,80.0,90.0,96.0,108.0,-11.642949547218635,0.0,-2.1265635832620244,,-422.0,-441.0,-0.14485153269866513,0.018650527296955488,0.0,-59.0,-0.004770965263467319
India,nominal_original,T120_P03_H0500_I0600_F1,T120_P03_H0500_I0600_CN090_F1,T120_P03_H0500_I0600_CN100_F1,90.0,100.0,108.0,120.0,-41.91461836998706,0.0,-5.678416438937164,,-1015.5,-1547.0,-0.20223265546975983,14.496930209246955,0.0,-589.5,0.10810142701818903
India,nominal_original,T120_P03_H0500_I0800_F1,T120_P03_H0500_I0800_CN000_F1,T120_P03_H0500_I0800_CN010_F1,0.0,10.0,0.0,12.0,40.23285899094438,0.0,8.784451814432508,,3521.0,4416.0,2.032967529041386,91.51395892264175,2.0,1020.0,0.8933459949353593
India,nominal_original,T120_P03_H0500_I0800_F1,T120_P03_H0500_I0800_CN010_F1,T120_P03_H0500_I0800_CN020_F1,10.0,20.0,12.0,24.0,14.230271668822766,0.0,1.2206595119756312,,603.0,604.0,-0.8880385009565286,3.3023632365100184,0.0,230.0,-0.03241755605806862
India,nominal_original,T120_P03_H0500_I0800_F1,T120_P03_H0500_I0800_CN020_F1,T120_P03_H0500_I0800_CN030_F1,20.0,30.0,24.0,36.0,5.30401034928849,0.0,-0.7050632010226501,,-18.0,-18.0,-0.6541846655569961,0.11970622489296545,0.0,140.5,-0.04251408915655164
India,nominal_original,T120_P03_H0500_I0800_F1,T120_P03_H0500_I0800_CN030_F1,T120_P03_H0500_I0800_CN040_F1,30.0,40.0,36.0,48.0,1.2936610608020658,0.0,-0.5804030819965575,,-32.0,-32.0,-0.3784599026994546,0.5711709230896247,0.0,95.5,-0.05496445276040918
India,nominal_original,T120_P03_H0500_I0800_F1,T120_P03_H0500_I0800_CN040_F1,T120_P03_H0500_I0800_CN050_F1,40.0,50.0,48.0,60.0,0.5174644243208348,0.0,-0.1038775607757998,,-18.0,-18.0,-0.23709951522433304,0.3410780540220344,0.0,35.0,-0.03359453864343309
India,nominal_original,T120_P03_H0500_I0800_F1,T120_P03_H0500_I0800_CN050_F1,T120_P03_H0500_I0800_CN060_F1,50.0,60.0,60.0,72.0,-1.6817593790426884,0.0,-0.6123397226784206,,-42.0,-42.0,-0.16915272908979428,0.11530715129288183,0.0,66.0,-0.04770661501240547
India,nominal_original,T120_P03_H0500_I0800_F1,T120_P03_H0500_I0800_CN060_F1,T120_P03_H0500_I0800_CN070_F1,60.0,70.0,72.0,84.0,-0.12936610608021226,0.0,-0.15459457982785985,,-43.0,-43.0,-0.12593586892550512,0.07229191319572692,0.0,6.0,-0.03408314195882256
India,nominal_original,T120_P03_H0500_I0800_F1,T120_P03_H0500_I0800_CN070_F1,T120_P03_H0500_I0800_CN080_F1,70.0,80.0,84.0,96.0,-1.8111254851229006,0.0,-1.2769495072109152,,-217.0,-217.0,-0.12005805774938261,1.1259242024810874,0.0,33.5,-0.006191335775751039
India,nominal_original,T120_P03_H0500_I0800_F1,T120_P03_H0500_I0800_CN080_F1,T120_P03_H0500_I0800_CN090_F1,80.0,90.0,96.0,108.0,-8.408796895213456,0.0,-2.587750139721157,,-453.0,-512.0,-0.12202165239325724,-1.1014703719825434,0.0,11.0,-0.00871376061049478
India,nominal_original,T120_P03_H0500_I0800_F1,T120_P03_H0500_I0800_CN090_F1,T120_P03_H0500_I0800_CN100_F1,90.0,100.0,108.0,120.0,-42.30271668822768,0.0,-5.328384992099685,,-870.5,-1362.0,-0.13915309063532838,3.939669743856456,0.0,10.5,0.09835706692556112
India,nominal_original,T120_P03_H0500_I0986_F1,T120_P03_H0500_I0986_CN000_F1,T120_P03_H0500_I0986_CN010_F1,0.0,10.0,0.0,12.0,39.58602846054333,0.0,5.16354940558643,,2636.5,3556.0,1.3318452128849132,90.27603513174404,2.0,963.5,0.883557481570034
India,nominal_original,T120_P03_H0500_I0986_F1,T120_P03_H0500_I0986_CN010_F1,T120_P03_H0500_I0986_CN020_F1,10.0,20.0,12.0,24.0,1.0349288486416626,0.0,1.015575242867719,,824.0,824.0,-0.5762356815148826,5.362050611027641,0.0,385.5,0.009829920750591192
India,nominal_original,T120_P03_H0500_I0986_F1,T120_P03_H0500_I0986_CN020_F1,T120_P03_H0500_I0986_CN030_F1,20.0,30.0,24.0,36.0,2.975420439844754,0.0,-0.27155584541704236,,263.0,263.0,-0.47422381780643574,3.484721274772184,0.0,319.0,-0.02158208325794786
India,nominal_original,T120_P03_H0500_I0986_F1,T120_P03_H0500_I0986_CN030_F1,T120_P03_H0500_I0986_CN040_F1,30.0,40.0,36.0,48.0,-0.5174644243208206,0.0,-0.43592309009762253,,-1.0,-1.0,-0.342516341415793,0.18697304796853587,0.0,303.0,-0.021113055288769278
India,nominal_original,T120_P03_H0500_I0986_F1,T120_P03_H0500_I0986_CN040_F1,T120_P03_H0500_I0986_CN050_F1,40.0,50.0,48.0,60.0,1.423027166882271,0.0,-0.2280938963914334,,-5.0,-5.0,-0.21656609337503996,0.23343848684177715,0.0,114.5,-0.02652457586541135
India,nominal_original,T120_P03_H0500_I0986_F1,T120_P03_H0500_I0986_CN050_F1,T120_P03_H0500_I0986_CN060_F1,50.0,60.0,60.0,72.0,4.657179818887457,0.0,-0.04578190812616434,,-10.0,-10.0,-0.1546504764410409,0.10458609662445895,0.0,17.5,-0.019464769034496454
India,nominal_original,T120_P03_H0500_I0986_F1,T120_P03_H0500_I0986_CN060_F1,T120_P03_H0500_I0986_CN070_F1,60.0,70.0,72.0,84.0,1.5523932729624832,0.0,-0.05220296920806433,,-27.0,-27.0,-0.11488169853707253,0.03319724138053459,0.0,-16.5,-0.020533115444472783
India,nominal_original,T120_P03_H0500_I0986_F1,T120_P03_H0500_I0986_CN070_F1,T120_P03_H0500_I0986_CN080_F1,70.0,80.0,84.0,96.0,-1.6817593790426884,0.0,-1.0242764211056379,,-176.0,-177.0,-0.10801062278747686,-1.283565992923272,0.0,27.5,-0.027041072757107543
India,nominal_original,T120_P03_H0500_I0986_F1,T120_P03_H0500_I0986_CN080_F1,T120_P03_H0500_I0986_CN090_F1,80.0,90.0,96.0,108.0,-6.468305304010357,0.0,-1.8263787228263375,,-326.5,-384.0,-0.10236700942231514,-4.44382281257198,0.0,185.5,0.000455219242207372
India,nominal_original,T120_P03_H0500_I0986_F1,T120_P03_H0500_I0986_CN090_F1,T120_P03_H0500_I0986_CN100_F1,90.0,100.0,108.0,120.0,-34.54075032341527,0.0,-4.801040188251782,,-837.0,-1329.0,-0.13342734462854122,6.0463869151360825,0.0,-225.5,0.07478184284442402
India,nominal_original,T120_P03_H0800_I0600_F1,T120_P03_H0800_I0600_CN000_F1,T120_P03_H0800_I0600_CN010_F1,0.0,10.0,0.0,12.0,31.953428201811136,0.0,9.230859378330962,,3800.0,4690.0,1.8905189985195943,83.23724573044709,2.0,1829.5,0.8904571597733233
India,nominal_original,T120_P03_H0800_I0600_F1,T120_P03_H0800_I0600_CN010_F1,T120_P03_H0800_I0600_CN020_F1,10.0,20.0,12.0,24.0,7.115135834411376,0.0,0.8798466451845197,,114.0,114.0,-0.5098552457672167,1.488367261804271,0.0,200.5,-0.07183985616398147
India,nominal_original,T120_P03_H0800_I0600_F1,T120_P03_H0800_I0600_CN020_F1,T120_P03_H0800_I0600_CN030_F1,20.0,30.0,24.0,36.0,-1.0349288486416555,0.0,-0.4247791493438964,,-8.0,-8.0,-0.37306373407166316,0.7608303889288663,0.0,69.5,-0.011063562489312284
India,nominal_original,T120_P03_H0800_I0600_F1,T120_P03_H0800_I0600_CN030_F1,T120_P03_H0800_I0600_CN040_F1,30.0,40.0,36.0,48.0,-0.3880983182406226,0.0,-0.5847183935207401,,1.0,1.0,-0.253018460248549,0.13065027248194383,0.0,93.0,0.007559994662997616
India,nominal_original,T120_P03_H0800_I0600_F1,T120_P03_H0800_I0600_CN040_F1,T120_P03_H0800_I0600_CN050_F1,40.0,50.0,48.0,60.0,0.12936610608021226,0.0,-0.20627512813360305,,-20.0,-20.0,-0.19506316942406876,0.6965606646894997,0.0,42.5,-0.011658328196263668
India,nominal_original,T120_P03_H0800_I0600_F1,T120_P03_H0800_I0600_CN050_F1,T120_P03_H0800_I0600_CN060_F1,50.0,60.0,60.0,72.0,-3.6222509702458012,0.0,-0.7443231987283632,,-96.0,-96.0,-0.16685346426482506,-0.12291862352877558,0.0,-101.0,-0.011165123941621724
India,nominal_original,T120_P03_H0800_I0600_F1,T120_P03_H0800_I0600_CN060_F1,T120_P03_H0800_I0600_CN070_F1,60.0,70.0,72.0,84.0,-2.846054333764542,0.0,-0.6964920526595328,,-142.0,-142.0,-0.13944111520977387,-0.23864931533802292,0.0,112.0,-0.004781374165455432
India,nominal_original,T120_P03_H0800_I0600_F1,T120_P03_H0800_I0600_CN070_F1,T120_P03_H0800_I0600_CN080_F1,70.0,80.0,84.0,96.0,-2.5873221216041458,0.0,-1.0385303605343132,,-171.0,-171.0,-0.1156299347840598,-1.18193782409827,0.0,67.5,-0.002017997786541992
India,nominal_original,T120_P03_H0800_I0600_F1,T120_P03_H0800_I0600_CN080_F1,T120_P03_H0800_I0600_CN090_F1,80.0,90.0,96.0,108.0,-9.3143596377749,0.0,-2.3068162256001212,,-384.0,-432.0,-0.128606623259633,1.3884428853022541,0.0,-153.0,0.019557293984413304
India,nominal_original,T120_P03_H0800_I0600_F1,T120_P03_H0800_I0600_CN090_F1,T120_P03_H0800_I0600_CN100_F1,90.0,100.0,108.0,120.0,-30.659767141009056,0.0,-5.306733944479593,,-915.5,-1418.0,-0.18143602529509784,13.841408559311148,0.0,-571.5,0.03620850905243955
India,nominal_original,T120_P03_H0800_I0800_F1,T120_P03_H0800_I0800_CN000_F1,T120_P03_H0800_I0800_CN010_F1,0.0,10.0,0.0,12.0,49.54721862871928,0.0,9.806846611272581,,4082.0,4972.0,2.2053655299171213,94.48083324385269,2.0,1312.0,0.8929271961492178
India,nominal_original,T120_P03_H0800_I0800_F1,T120_P03_H0800_I0800_CN010_F1,T120_P03_H0800_I0800_CN020_F1,10.0,20.0,12.0,24.0,17.464424320827945,0.0,-0.09739507168417383,,54.0,54.0,-0.8325209553069755,0.795676680783771,0.0,159.5,-0.0407175883428752
India,nominal_original,T120_P03_H0800_I0800_F1,T120_P03_H0800_I0800_CN020_F1,T120_P03_H0800_I0800_CN030_F1,20.0,30.0,24.0,36.0,1.6817593790426884,0.0,0.22213248942598085,,0.0,0.0,-0.4919341163368727,0.7111771574142836,0.0,1.0,-0.02348643654046434
India,nominal_original,T120_P03_H0800_I0800_F1,T120_P03_H0800_I0800_CN030_F1,T120_P03_H0800_I0800_CN040_F1,30.0,40.0,36.0,48.0,-0.2587322121604103,0.0,-0.04924079784523272,,-9.0,-9.0,-0.31322771566309027,0.045493817662119795,0.0,4.5,-0.020543925982859257
India,nominal_original,T120_P03_H0800_I0800_F1,T120_P03_H0800_I0800_CN040_F1,T120_P03_H0800_I0800_CN050_F1,40.0,50.0,48.0,60.0,-3.1047865459249806,0.0,-0.32175798109165576,,-11.0,-11.0,-0.20932973638458618,0.3318121713883073,0.0,84.0,-0.011186420755947779
India,nominal_original,T120_P03_H0800_I0800_F1,T120_P03_H0800_I0800_CN050_F1,T120_P03_H0800_I0800_CN060_F1,50.0,60.0,60.0,72.0,1.29366106080208,0.0,-0.13728141573260366,,-8.0,-8.0,-0.15305623439447635,0.12192630957154904,0.0,-2.0,-0.016082009828496613
India,nominal_original,T120_P03_H0800_I0800_F1,T120_P03_H0800_I0800_CN060_F1,T120_P03_H0800_I0800_CN070_F1,60.0,70.0,72.0,84.0,-5.9508408796895225,0.0,-0.5646525464923133,,-68.0,-68.0,-0.12498920521408208,0.6742031678157474,0.0,118.0,-0.020800079757115952
India,nominal_original,T120_P03_H0800_I0800_F1,T120_P03_H0800_I0800_CN070_F1,T120_P03_H0800_I0800_CN080_F1,70.0,80.0,84.0,96.0,-2.716688227684344,0.0,-1.6168982817766278,,-258.0,-258.0,-0.12434064087058538,-0.5812992958774288,0.0,-8.0,-0.018191662532561326
India,nominal_original,T120_P03_H0800_I0800_F1,T120_P03_H0800_I0800_CN080_F1,T120_P03_H0800_I0800_CN090_F1,80.0,90.0,96.0,108.0,-7.503234152652013,0.0,-2.6419281464001187,,-404.0,-448.0,-0.11644631659141974,-0.7037954221240028,0.0,103.5,-0.011484628310485467
India,nominal_original,T120_P03_H0800_I0800_F1,T120_P03_H0800_I0800_CN090_F1,T120_P03_H0800_I0800_CN100_F1,90.0,100.0,108.0,120.0,-42.043984476067266,0.0,-5.981579622631628,,-977.5,-1484.0,-0.1536277263420121,4.123972169512967,0.0,-93.5,0.0825073438433761
India,nominal_original,T120_P03_H0800_I0986_F1,T120_P03_H0800_I0986_CN000_F1,T120_P03_H0800_I0986_CN010_F1,0.0,10.0,0.0,12.0,35.83441138421733,0.0,6.311651474740263,,3123.0,4040.0,1.562751345872743,87.79257726626147,2.0,1325.0,0.9067065257693734
India,nominal_original,T120_P03_H0800_I0986_F1,T120_P03_H0800_I0986_CN010_F1,T120_P03_H0800_I0986_CN020_F1,10.0,20.0,12.0,24.0,4.010349288486424,0.0,1.6163633154317587,,684.0,681.0,-0.46356476136161695,6.493764893940707,0.0,114.5,-0.011034227282924913
India,nominal_original,T120_P03_H0800_I0986_F1,T120_P03_H0800_I0986_CN020_F1,T120_P03_H0800_I0986_CN030_F1,20.0,30.0,24.0,36.0,2.846054333764549,0.0,-0.37414903814245015,,52.5,50.0,-0.47678276612624493,1.9878268600020306,0.0,181.5,-0.03609185026963657
India,nominal_original,T120_P03_H0800_I0986_F1,T120_P03_H0800_I0986_CN030_F1,T120_P03_H0800_I0986_CN040_F1,30.0,40.0,36.0,48.0,-1.8111254851229006,0.0,-0.5412454477153616,,-37.0,-35.0,-0.3200239100870583,0.38592734422854846,0.0,247.5,-0.01985424555560411
India,nominal_original,T120_P03_H0800_I0986_F1,T120_P03_H0800_I0986_CN040_F1,T120_P03_H0800_I0986_CN050_F1,40.0,50.0,48.0,60.0,1.1642949547218677,0.0,-0.3525380285829556,,-17.5,-20.0,-0.2083813257145627,0.0201278853199085,0.0,81.5,-0.028203291609994796
India,nominal_original,T120_P03_H0800_I0986_F1,T120_P03_H0800_I0986_CN050_F1,T120_P03_H0800_I0986_CN060_F1,50.0,60.0,60.0,72.0,-2.069857697283318,0.0,-0.3021232506783065,,-66.5,-67.0,-0.15912018551287832,-0.4508623577401778,0.0,-2.5,-0.018311483543303142
India,nominal_original,T120_P03_H0800_I0986_F1,T120_P03_H0800_I0986_CN060_F1,T120_P03_H0800_I0986_CN070_F1,60.0,70.0,72.0,84.0,-2.3285899094437212,0.0,-0.7690829588800892,,-118.0,-120.0,-0.12755584698017053,-0.4915067132773885,0.0,81.5,-0.02555774649419118
India,nominal_original,T120_P03_H0800_I0986_F1,T120_P03_H0800_I0986_CN070_F1,T120_P03_H0800_I0986_CN080_F1,70.0,80.0,84.0,96.0,-4.398447606727039,0.0,-1.4654261943074918,,-239.0,-237.0,-0.11626623583893936,-0.5499763908563153,0.0,5.0,-0.018238096598134135
India,nominal_original,T120_P03_H0800_I0986_F1,T120_P03_H0800_I0986_CN080_F1,T120_P03_H0800_I0986_CN090_F1,80.0,90.0,96.0,108.0,-4.139715394566622,0.0,-2.026958451081712,,-367.0,-411.0,-0.10809841254947117,-2.8914445143290237,0.0,59.0,0.006476077729468788
India,nominal_original,T120_P03_H0800_I0986_F1,T120_P03_H0800_I0986_CN090_F1,T120_P03_H0800_I0986_CN100_F1,90.0,100.0,108.0,120.0,-28.589909443725745,0.0,-5.249184331569744,,-838.5,-1347.0,-0.1361405531516942,7.703565726450236,0.0,-253.0,0.11290794102954993
India,nominal_original,T120_P03_H1000_I0600_F1,T120_P03_H1000_I0600_CN000_F1,T120_P03_H1000_I0600_CN010_F1,0.0,10.0,0.0,12.0,31.824062095730923,0.0,9.134689862500405,,3785.0,4675.0,1.670782368865222,83.3678926115901,2.0,1939.5,0.8860855233450737
India,nominal_original,T120_P03_H1000_I0600_F1,T120_P03_H1000_I0600_CN010_F1,T120_P03_H1000_I0600_CN020_F1,10.0,20.0,12.0,24.0,2.4579560155239335,0.0,0.5028005283684998,,62.0,62.0,-0.39146905916615693,0.7281556278844477,0.0,232.0,-0.07516092372307037
India,nominal_original,T120_P03_H1000_I0600_F1,T120_P03_H1000_I0600_CN020_F1,T120_P03_H1000_I0600_CN030_F1,20.0,30.0,24.0,36.0,1.6817593790426884,0.0,-0.11827994209142467,,-2.0,-2.0,-0.2920078181382333,1.1134745441083567,0.0,38.0,-0.012883735462215329
India,nominal_original,T120_P03_H1000_I0600_F1,T120_P03_H1000_I0600_CN030_F1,T120_P03_H1000_I0600_CN040_F1,30.0,40.0,36.0,48.0,-1.8111254851229006,0.0,-0.2833743485860083,,-49.0,-49.0,-0.22339685530722342,-0.01627291967434985,0.0,13.5,-0.02192834031999147
India,nominal_original,T120_P03_H1000_I0600_F1,T120_P03_H1000_I0600_CN040_F1,T120_P03_H1000_I0600_CN050_F1,40.0,50.0,48.0,60.0,-0.7761966364812452,0.0,-0.5376351201578409,,-30.0,-30.0,-0.16918452666005823,0.24236657444761533,0.0,11.5,-0.032519641045150705
India,nominal_original,T120_P03_H1000_I0600_F1,T120_P03_H1000_I0600_CN050_F1,T120_P03_H1000_I0600_CN060_F1,50.0,60.0,60.0,72.0,-3.1047865459249664,0.0,-0.681989832866412,,-96.0,-96.0,-0.14595224453302313,0.7840186226535764,0.0,-78.0,-0.025040410599953544
India,nominal_original,T120_P03_H1000_I0600_F1,T120_P03_H1000_I0600_CN060_F1,T120_P03_H1000_I0600_CN070_F1,60.0,70.0,72.0,84.0,-0.2587322121604103,0.0,-0.18990756493456118,,-71.0,-71.0,-0.11273467827119954,-1.3828701878440057,0.0,108.0,-0.03721426812325479
India,nominal_original,T120_P03_H1000_I0600_F1,T120_P03_H1000_I0600_CN070_F1,T120_P03_H1000_I0600_CN080_F1,70.0,80.0,84.0,96.0,-4.786545924967655,0.0,-0.8898828012686888,,-179.0,-179.0,-0.10951425920186053,-0.5725647071512725,0.0,28.0,-0.0159169180403953
India,nominal_original,T120_P03_H1000_I0600_F1,T120_P03_H1000_I0600_CN080_F1,T120_P03_H1000_I0600_CN090_F1,80.0,90.0,96.0,108.0,-4.139715394566622,0.0,-1.8407653037809784,,-294.5,-324.0,-0.10966941391579144,2.808721812567896,0.0,-161.5,0.030787026353740865
India,nominal_original,T120_P03_H1000_I0600_F1,T120_P03_H1000_I0600_CN090_F1,T120_P03_H1000_I0600_CN100_F1,90.0,100.0,108.0,120.0,-28.978007761966367,0.0,-5.824952974066607,,-947.0,-1468.0,-0.18374670979859042,12.927078021417643,0.0,-469.5,0.03546480173513955
India,nominal_original,T120_P03_H1000_I0800_F1,T120_P03_H1000_I0800_CN000_F1,T120_P03_H1000_I0800_CN010_F1,0.0,10.0,0.0,12.0,46.05433376455369,0.0,8.593344391633636,,4007.0,4897.0,1.9215638535357535,92.1342310569627,2.0,1500.0,0.878503523467624
India,nominal_original,T120_P03_H1000_I0800_F1,T120_P03_H1000_I0800_CN010_F1,T120_P03_H1000_I0800_CN020_F1,10.0,20.0,12.0,24.0,8.926261319534277,0.0,0.3254686631629493,,32.0,32.0,-0.6323293242146395,0.8813723821626525,0.0,117.0,-0.03498232886261432
India,nominal_original,T120_P03_H1000_I0800_F1,T120_P03_H1000_I0800_CN020_F1,T120_P03_H1000_I0800_CN030_F1,20.0,30.0,24.0,36.0,2.069857697283311,0.0,0.20221617167608663,,-6.0,-6.0,-0.4068767574713543,1.3940043831724438,0.0,-22.5,-0.010794450021590851
India,nominal_original,T120_P03_H1000_I0800_F1,T120_P03_H1000_I0800_CN030_F1,T120_P03_H1000_I0800_CN040_F1,30.0,40.0,36.0,48.0,-1.4230271668822638,0.0,-0.31724639408454003,,-11.0,-11.0,-0.2740756625322345,-0.002448985608765497,0.0,82.5,-0.01567272894731353
India,nominal_original,T120_P03_H1000_I0800_F1,T120_P03_H1000_I0800_CN040_F1,T120_P03_H1000_I0800_CN050_F1,40.0,50.0,48.0,60.0,-1.29366106080208,0.0,-0.17099438094180286,,-19.0,-19.0,-0.1901990872488738,-0.23665931802393914,0.0,56.5,-0.023643205619214624
India,nominal_original,T120_P03_H1000_I0800_F1,T120_P03_H1000_I0800_CN050_F1,T120_P03_H1000_I0800_CN060_F1,50.0,60.0,60.0,72.0,-4.01034928848641,0.0,-0.6140646558038032,,-43.0,-43.0,-0.14914132622231635,0.05383385065370305,0.0,86.0,-0.03327493833581929
India,nominal_original,T120_P03_H1000_I0800_F1,T120_P03_H1000_I0800_CN060_F1,T120_P03_H1000_I0800_CN070_F1,60.0,70.0,72.0,84.0,-1.6817593790426884,0.0,-0.24166182379818402,,-46.0,-46.0,-0.11455500120746642,-0.1233629189862313,0.0,-99.0,-0.032191566537085325
India,nominal_original,T120_P03_H1000_I0800_F1,T120_P03_H1000_I0800_CN070_F1,T120_P03_H1000_I0800_CN080_F1,70.0,80.0,84.0,96.0,-5.433376455368702,0.0,-2.0844855693710844,,-282.0,-282.0,-0.12437393753554105,-0.37493350366125355,0.0,86.0,-0.003674698643483909
India,nominal_original,T120_P03_H1000_I0800_F1,T120_P03_H1000_I0800_CN080_F1,T120_P03_H1000_I0800_CN090_F1,80.0,90.0,96.0,108.0,-9.702457956015522,0.0,-2.4320764048591634,,-392.0,-428.0,-0.11350617877575836,-0.7310222464284379,0.0,37.5,-0.02228178415093196
India,nominal_original,T120_P03_H1000_I0800_F1,T120_P03_H1000_I0800_CN090_F1,T120_P03_H1000_I0800_CN100_F1,90.0,100.0,108.0,120.0,-46.95989650711513,0.0,-6.144905984473062,,-936.5,-1451.0,-0.1502730297088251,7.004985299757124,0.0,-265.0,0.025174588508492857
India,nominal_original,T120_P03_H1000_I0986_F1,T120_P03_H1000_I0986_CN000_F1,T120_P03_H1000_I0986_CN010_F1,0.0,10.0,0.0,12.0,34.411384217335055,0.0,7.0568559986761175,,3403.0,4313.0,1.5533645706022572,83.85314765795833,2.0,1589.5,0.9024469258340226
India,nominal_original,T120_P03_H1000_I0986_F1,T120_P03_H1000_I0986_CN010_F1,T120_P03_H1000_I0986_CN020_F1,10.0,20.0,12.0,24.0,8.796895213454079,0.0,0.10770375485906136,,292.5,289.0,-0.5267743913520113,8.135206881614664,0.0,-175.5,-0.005714147690988103
India,nominal_original,T120_P03_H1000_I0986_F1,T120_P03_H1000_I0986_CN020_F1,T120_P03_H1000_I0986_CN030_F1,20.0,30.0,24.0,36.0,1.0349288486416555,0.0,-0.4975923540686793,,20.0,12.0,-0.4147653506725364,2.1280293985846157,0.0,86.0,-0.044733605646231744
India,nominal_original,T120_P03_H1000_I0986_F1,T120_P03_H1000_I0986_CN030_F1,T120_P03_H1000_I0986_CN040_F1,30.0,40.0,36.0,48.0,-0.5174644243208348,0.0,-0.848696959929617,,-59.5,-63.0,-0.29296272446323646,-0.6090429919912168,0.0,324.0,-0.04057722926536167
India,nominal_original,T120_P03_H1000_I0986_F1,T120_P03_H1000_I0986_CN040_F1,T120_P03_H1000_I0986_CN050_F1,40.0,50.0,48.0,60.0,-2.3285899094437212,0.0,-0.5363630844241367,,-95.5,-96.0,-0.20950378948294268,0.2287763350419567,0.0,40.5,-0.026467147633956856
India,nominal_original,T120_P03_H1000_I0986_F1,T120_P03_H1000_I0986_CN050_F1,T120_P03_H1000_I0986_CN060_F1,50.0,60.0,60.0,72.0,-4.91591203104786,0.0,-0.8075899848111465,,-116.0,-119.0,-0.15439541005627655,-0.940859643269448,0.0,46.0,-0.030999993337597287
India,nominal_original,T120_P03_H1000_I0986_F1,T120_P03_H1000_I0986_CN060_F1,T120_P03_H1000_I0986_CN070_F1,60.0,70.0,72.0,84.0,-4.657179818887457,0.0,-0.902357836020542,,-148.5,-150.0,-0.12473151418382544,-0.606467077466931,0.0,14.0,-0.00909212149673233
India,nominal_original,T120_P03_H1000_I0986_F1,T120_P03_H1000_I0986_CN070_F1,T120_P03_H1000_I0986_CN080_F1,70.0,80.0,84.0,96.0,-2.716688227684344,0.0,-1.3900657765497968,,-207.0,-207.0,-0.10724182512464409,-0.6989009686099195,0.0,44.0,-0.023677941807331404
India,nominal_original,T120_P03_H1000_I0986_F1,T120_P03_H1000_I0986_CN080_F1,T120_P03_H1000_I0986_CN090_F1,80.0,90.0,96.0,108.0,-7.244501940491595,0.0,-2.1555444364021827,,-345.0,-416.0,-0.1035460847967219,-1.0679658366049694,0.0,22.5,0.0008050795479395134
India,nominal_original,T120_P03_H1000_I0986_F1,T120_P03_H1000_I0986_CN090_F1,T120_P03_H1000_I0986_CN100_F1,90.0,100.0,108.0,120.0,-21.733505821474772,0.0,-4.576907965927036,,-710.5,-1190.0,-0.12278587772665828,9.578076244742917,0.0,-367.0,0.09788197636803209
India,nominal_original,T120_P05_H0500_I0600_F1,T120_P05_H0500_I0600_CN000_F1,T120_P05_H0500_I0600_CN010_F1,0.0,10.0,0.0,12.0,1.1642949547218677,1.0349288486416555,6.332743754332103,-21.597222222221404,2964.5,3854.0,1.2849295928792406,69.62638376383764,2.0,1641.0,0.7935241153507115
India,nominal_original,T120_P05_H0500_I0600_F1,T120_P05_H0500_I0600_CN010_F1,T120_P05_H0500_I0600_CN020_F1,10.0,20.0,12.0,24.0,-0.12936610608021226,-0.6468305304010356,-0.9078548512501605,22.930555555554747,36.5,34.0,-0.9318386723706116,2.048859232160069,0.0,-138.5,-0.09394954077613704
India,nominal_original,T120_P05_H0500_I0600_F1,T120_P05_H0500_I0600_CN020_F1,T120_P05_H0500_I0600_CN030_F1,20.0,30.0,24.0,36.0,-0.6468305304010329,-4.398447606727037,-2.634549900180943,-1.3333333333333428,-45.5,-47.0,-0.47664378632733717,2.3136638678802655,0.0,14.0,-0.0054293348247482776
India,nominal_original,T120_P05_H0500_I0600_F1,T120_P05_H0500_I0600_CN030_F1,T120_P05_H0500_I0600_CN040_F1,30.0,40.0,36.0,48.0,0.6468305304010329,0.38809831824062124,0.8979808654537891,-90.24999999999999,-16.0,-15.0,-0.32300842853427114,0.29780155644213835,0.0,-22.5,-0.032053114764238666
India,nominal_original,T120_P05_H0500_I0600_F1,T120_P05_H0500_I0600_CN040_F1,T120_P05_H0500_I0600_CN050_F1,40.0,50.0,48.0,60.0,-1.0349288486416555,-1.423027166882277,-3.0146420486359276,-2.950000000000003,-51.0,-51.0,-0.2608227790529273,2.0982681055014893,0.0,-22.0,-0.016348508089482072
India,nominal_original,T120_P05_H0500_I0600_F1,T120_P05_H0500_I0600_CN050_F1,T120_P05_H0500_I0600_CN060_F1,50.0,60.0,60.0,72.0,0.7761966364812452,-0.646830530401035,-2.183762039919305,-0.1666666666666714,-59.5,-60.0,-0.12488423119877645,3.141270349550382,0.0,6.5,0.004895035454875574
India,nominal_original,T120_P05_H0500_I0600_F1,T120_P05_H0500_I0600_CN060_F1,T120_P05_H0500_I0600_CN070_F1,60.0,70.0,72.0,84.0,-0.12936610608021226,0.646830530401035,-1.7418453860057248,0.8333333333333286,-77.0,-75.0,-0.12373954840665935,1.8245473528322123,0.0,-134.0,0.013094325742565527
India,nominal_original,T120_P05_H0500_I0600_F1,T120_P05_H0500_I0600_CN070_F1,T120_P05_H0500_I0600_CN080_F1,70.0,80.0,84.0,96.0,0.6468305304010471,0.0,-2.1747969829617944,-0.1666666666666572,-106.5,-104.0,-0.1064525014218114,2.4928701979845016,0.0,-79.0,-0.014197953938957175
India,nominal_original,T120_P05_H0500_I0600_F1,T120_P05_H0500_I0600_CN080_F1,T120_P05_H0500_I0600_CN090_F1,80.0,90.0,96.0,108.0,-0.2587322121604245,-1.29366106080207,-6.381311276199838,,-231.0,-299.0,-0.09435835007585397,3.1875030328709926,0.0,-129.0,0.048743536095801954
India,nominal_original,T120_P05_H0500_I0600_F1,T120_P05_H0500_I0600_CN090_F1,T120_P05_H0500_I0600_CN100_F1,90.0,100.0,108.0,120.0,-17.20569210866752,0.0,-6.00903399928454,,-811.0,-1286.0,-0.14705937508332106,12.968832540940312,0.0,-495.5,0.019379448407617295
India,nominal_original,T120_P05_H0500_I0800_F1,T120_P05_H0500_I0800_CN000_F1,T120_P05_H0500_I0800_CN010_F1,0.0,10.0,0.0,12.0,40.879689521345405,0.0,8.889883645374775,,2917.0,3797.0,1.0370486819444962,88.84279788299241,2.0,535.0,0.8917261404981809
India,nominal_original,T120_P05_H0500_I0800_F1,T120_P05_H0500_I0800_CN010_F1,T120_P05_H0500_I0800_CN020_F1,10.0,20.0,12.0,24.0,9.961190168175946,0.0,2.5916617392035945,,862.5,859.0,-0.6479626234962508,4.606031855419701,0.0,204.5,-0.060350044006952874
India,nominal_original,T120_P05_H0500_I0800_F1,T120_P05_H0500_I0800_CN020_F1,T120_P05_H0500_I0800_CN030_F1,20.0,30.0,24.0,36.0,9.055627425614489,0.0,0.6911295757700859,,267.0,267.0,-0.4290704753276895,2.907927018344637,0.0,-96.5,-0.03444768945925114
India,nominal_original,T120_P05_H0500_I0800_F1,T120_P05_H0500_I0800_CN030_F1,T120_P05_H0500_I0800_CN040_F1,30.0,40.0,36.0,48.0,6.985769728331164,0.0,0.6032474802727528,,88.0,88.0,-0.26505109850618447,0.3756854244441854,0.0,19.0,-0.05234117401061855
India,nominal_original,T120_P05_H0500_I0800_F1,T120_P05_H0500_I0800_CN040_F1,T120_P05_H0500_I0800_CN050_F1,40.0,50.0,48.0,60.0,3.492884864165589,0.0,0.3465031498421993,,3.5,3.0,-0.1966282562681606,0.3734626210888905,0.0,64.0,-0.040777150958052344
India,nominal_original,T120_P05_H0500_I0800_F1,T120_P05_H0500_I0800_CN050_F1,T120_P05_H0500_I0800_CN060_F1,50.0,60.0,60.0,72.0,-0.2587322121603961,0.0,-0.5658666341213241,,-36.5,-35.0,-0.12185731381181208,0.5970866507016268,0.0,50.5,-0.02652186151192759
India,nominal_original,T120_P05_H0500_I0800_F1,T120_P05_H0500_I0800_CN060_F1,T120_P05_H0500_I0800_CN070_F1,60.0,70.0,72.0,84.0,-2.1992238033635374,0.0,-1.0851706460887076,,-105.0,-105.0,-0.10430540641786701,0.36258231750035463,0.0,53.0,-0.02269396731487694
India,nominal_original,T120_P05_H0500_I0800_F1,T120_P05_H0500_I0800_CN070_F1,T120_P05_H0500_I0800_CN080_F1,70.0,80.0,84.0,96.0,-0.5174644243208206,0.0,-1.877527841598729,,-268.5,-264.0,-0.09075895189471112,0.16965205094091118,0.0,14.5,-0.012540392857398386
India,nominal_original,T120_P05_H0500_I0800_F1,T120_P05_H0500_I0800_CN080_F1,T120_P05_H0500_I0800_CN090_F1,80.0,90.0,96.0,108.0,-8.667529107373866,0.0,-3.262857806347867,,-365.5,-448.0,-0.0769867129189255,-0.6711557884461712,0.0,126.5,0.024612806287563682
India,nominal_original,T120_P05_H0500_I0800_F1,T120_P05_H0500_I0800_CN090_F1,T120_P05_H0500_I0800_CN100_F1,90.0,100.0,108.0,120.0,-32.988357050452784,0.0,-7.574839930069527,,-966.0,-1423.0,-0.1016116416351569,2.4359299670134504,0.0,-68.5,0.11032396565183444
India,nominal_original,T120_P05_H0500_I0986_F1,T120_P05_H0500_I0986_CN000_F1,T120_P05_H0500_I0986_CN010_F1,0.0,10.0,0.0,12.0,51.87580853816301,0.0,9.515238354099363,,3568.5,4416.0,1.468839565026248,94.25175842832888,2.0,641.5,0.9127263409634438
India,nominal_original,T120_P05_H0500_I0986_F1,T120_P05_H0500_I0986_CN010_F1,T120_P05_H0500_I0986_CN020_F1,10.0,20.0,12.0,24.0,29.23673997412677,0.0,0.06919104330439119,,581.0,618.0,-0.9430510003647672,5.461251775752743,0.0,207.5,-0.04458641266975105
India,nominal_original,T120_P05_H0500_I0986_F1,T120_P05_H0500_I0986_CN020_F1,T120_P05_H0500_I0986_CN030_F1,20.0,30.0,24.0,36.0,5.5627425614489,0.0,-0.15774142552022496,,2.0,-1.0,-0.5522446979519506,0.04262090514063743,0.0,35.5,-0.040665690970970614
India,nominal_original,T120_P05_H0500_I0986_F1,T120_P05_H0500_I0986_CN030_F1,T120_P05_H0500_I0986_CN040_F1,30.0,40.0,36.0,48.0,1.0349288486416697,0.0,-1.0492600527035094,,-31.0,-32.0,-0.314846524413543,-0.0337059755324276,0.0,51.5,-0.028134989926480003
India,nominal_original,T120_P05_H0500_I0986_F1,T120_P05_H0500_I0986_CN040_F1,T120_P05_H0500_I0986_CN050_F1,40.0,50.0,48.0,60.0,-0.7761966364812594,0.0,-0.14344898893555502,,-21.5,-21.0,-0.19414617139881574,0.08467205122474297,0.0,17.0,-0.03597571698725721
India,nominal_original,T120_P05_H0500_I0986_F1,T120_P05_H0500_I0986_CN050_F1,T120_P05_H0500_I0986_CN060_F1,50.0,60.0,60.0,72.0,0.0,0.0,-0.6579839976213062,,-77.0,-77.0,-0.13021712338530123,-0.003254018739553999,0.0,-9.5,-0.023196511839335132
India,nominal_original,T120_P05_H0500_I0986_F1,T120_P05_H0500_I0986_CN060_F1,T120_P05_H0500_I0986_CN070_F1,60.0,70.0,72.0,84.0,-3.2341526520051787,0.0,-0.6410662584201141,,-66.0,-64.0,-0.09551217824065228,-0.04721856801518243,0.0,23.0,-0.03826173897997487
India,nominal_original,T120_P05_H0500_I0986_F1,T120_P05_H0500_I0986_CN070_F1,T120_P05_H0500_I0986_CN080_F1,70.0,80.0,84.0,96.0,-5.433376455368688,0.0,-1.629180910528925,,-276.0,-274.0,-0.09128264556602411,-0.5236296164618892,0.0,10.5,-0.010605489233280752
India,nominal_original,T120_P05_H0500_I0986_F1,T120_P05_H0500_I0986_CN080_F1,T120_P05_H0500_I0986_CN090_F1,80.0,90.0,96.0,108.0,-0.7761966364812309,0.0,-1.0620829149189,,-207.0,-265.0,-0.06438238051577677,-2.398230549668156,0.0,115.0,0.00475578853202796
India,nominal_original,T120_P05_H0500_I0986_F1,T120_P05_H0500_I0986_CN090_F1,T120_P05_H0500_I0986_CN100_F1,90.0,100.0,108.0,120.0,-45.666235446313074,0.0,-6.502607791598817,,-1052.5,-1540.0,-0.10487751123378186,3.165735567970202,0.0,-149.5,0.09877978421487055
India,nominal_original,T120_P05_H0800_I0600_F1,T120_P05_H0800_I0600_CN000_F1,T120_P05_H0800_I0600_CN010_F1,0.0,10.0,0.0,12.0,1.552393272962476,1.2936610608020693,6.154285490626332,32.36805555555573,2983.5,3877.0,1.2149729064619197,69.75626501888088,2.0,1940.5,0.8262304250559285
India,nominal_original,T120_P05_H0800_I0600_F1,T120_P05_H0800_I0600_CN010_F1,T120_P05_H0800_I0600_CN020_F1,10.0,20.0,12.0,24.0,0.12936610608021226,-1.2936610608020693,-1.611581355139279,-17.583333333327516,-0.5,-4.0,-0.5606196425812979,1.8733985196862903,0.0,-186.0,-0.08202000584550917
India,nominal_original,T120_P05_H0800_I0600_F1,T120_P05_H0800_I0600_CN020_F1,T120_P05_H0800_I0600_CN030_F1,20.0,30.0,24.0,36.0,0.5174644243208206,-3.234152652005175,0.2911824314115279,-17.95138888889487,-24.5,-26.0,-0.31864105646411467,1.9346131330866427,0.0,-4.5,0.005137946532236981
India,nominal_original,T120_P05_H0800_I0600_F1,T120_P05_H0800_I0600_CN030_F1,T120_P05_H0800_I0600_CN040_F1,30.0,40.0,36.0,48.0,-1.0349288486416555,-1.9404915912031044,-2.173214024034639,-1.5,-29.0,-28.0,-0.2493786124873716,0.8766919298987261,0.0,24.0,-0.0005635683966300764
India,nominal_original,T120_P05_H0800_I0600_F1,T120_P05_H0800_I0600_CN040_F1,T120_P05_H0800_I0600_CN050_F1,40.0,50.0,48.0,60.0,0.3880983182406226,-0.5174644243208284,-2.381959350891762,-4.200000000000003,-58.5,-60.0,-0.21232684864085327,0.37697830941762334,0.0,5.5,0.0006616830326575673
India,nominal_original,T120_P05_H0800_I0600_F1,T120_P05_H0800_I0600_CN050_F1,T120_P05_H0800_I0600_CN060_F1,50.0,60.0,60.0,72.0,-0.7761966364812309,-0.9055627425614488,-2.5572294699911104,1.86666666666666,-47.5,-45.0,-0.10375032668644701,3.1960690054094556,0.0,-53.5,0.00502960162587196
India,nominal_original,T120_P05_H0800_I0600_F1,T120_P05_H0800_I0600_CN060_F1,T120_P05_H0800_I0600_CN070_F1,60.0,70.0,72.0,84.0,-0.5174644243208348,-0.6468305304010349,-3.826650696982604,-38.89861111110743,-113.5,-113.0,-0.11444635845543394,1.9542458023703801,0.0,-93.0,0.0221410643897495
India,nominal_original,T120_P05_H0800_I0600_F1,T120_P05_H0800_I0600_CN070_F1,T120_P05_H0800_I0600_CN080_F1,70.0,80.0,84.0,96.0,1.8111254851229006,-0.258732212160414,-0.8751710235013022,-3.316666666670187,-90.0,-91.0,-0.09398711302723717,3.9184082762574945,0.0,-80.5,-0.030110510953243574
India,nominal_original,T120_P05_H0800_I0600_F1,T120_P05_H0800_I0600_CN080_F1,T120_P05_H0800_I0600_CN090_F1,80.0,90.0,96.0,108.0,-0.5174644243208348,-0.129366106080207,-6.440948216679526,,-258.5,-339.0,-0.09202984409906356,4.292115862230659,0.0,-201.5,0.038933740610398004
India,nominal_original,T120_P05_H0800_I0600_F1,T120_P05_H0800_I0600_CN090_F1,T120_P05_H0800_I0600_CN100_F1,90.0,100.0,108.0,120.0,-5.045278137128065,0.0,-5.855298171413851,,-772.5,-1236.0,-0.13862204362709446,11.821214142761846,0.0,-368.5,0.04097484791116757
India,nominal_original,T120_P05_H0800_I0800_F1,T120_P05_H0800_I0800_CN000_F1,T120_P05_H0800_I0800_CN010_F1,0.0,10.0,0.0,12.0,42.302716688227676,0.0,10.557378421088242,,3616.5,4496.0,1.4178505366903664,88.25371965544244,2.0,793.5,0.8834425552013225
India,nominal_original,T120_P05_H0800_I0800_F1,T120_P05_H0800_I0800_CN010_F1,T120_P05_H0800_I0800_CN020_F1,10.0,20.0,12.0,24.0,16.558861578266487,0.0,0.03892339713395643,,288.5,286.0,-0.7668595660040958,6.061118511854744,0.0,-98.0,-0.03706072002450367
India,nominal_original,T120_P05_H0800_I0800_F1,T120_P05_H0800_I0800_CN020_F1,T120_P05_H0800_I0800_CN030_F1,20.0,30.0,24.0,36.0,3.2341526520051787,0.0,0.12159713098044023,,-15.0,-15.0,-0.44768900675586965,1.5632980334196702,0.0,30.0,-0.04026317504093635
India,nominal_original,T120_P05_H0800_I0800_F1,T120_P05_H0800_I0800_CN030_F1,T120_P05_H0800_I0800_CN040_F1,30.0,40.0,36.0,48.0,0.6468305304010329,0.0,-0.9268049260008198,,-12.5,-11.0,-0.25897255928416796,0.739557489167936,0.0,124.5,-0.03280046580612739
India,nominal_original,T120_P05_H0800_I0800_F1,T120_P05_H0800_I0800_CN040_F1,T120_P05_H0800_I0800_CN050_F1,40.0,50.0,48.0,60.0,1.1642949547218677,0.0,0.14468784409094937,,-30.0,-30.0,-0.1902545700496412,0.46772275517425044,0.0,-17.0,-0.026581587927366535
India,nominal_original,T120_P05_H0800_I0800_F1,T120_P05_H0800_I0800_CN050_F1,T120_P05_H0800_I0800_CN060_F1,50.0,60.0,60.0,72.0,-1.9404915912031129,0.0,-0.28003586410922665,,-18.5,-20.0,-0.11372915184027843,0.5331226408017073,0.0,36.5,-0.01708210395265053
India,nominal_original,T120_P05_H0800_I0800_F1,T120_P05_H0800_I0800_CN060_F1,T120_P05_H0800_I0800_CN070_F1,60.0,70.0,72.0,84.0,-4.6571798188874425,0.0,-1.2464541796106001,,-145.5,-143.0,-0.10750146110753772,-0.10944617282206082,0.0,26.5,-0.01604762651550784
India,nominal_original,T120_P05_H0800_I0800_F1,T120_P05_H0800_I0800_CN070_F1,T120_P05_H0800_I0800_CN080_F1,70.0,80.0,84.0,96.0,2.716688227684344,0.0,-2.133668628158741,,-215.0,-217.0,-0.08648757711010546,-0.4363172564379738,0.0,153.5,-0.008170745301737448
India,nominal_original,T120_P05_H0800_I0800_F1,T120_P05_H0800_I0800_CN080_F1,T120_P05_H0800_I0800_CN090_F1,80.0,90.0,96.0,108.0,-12.031047865459243,0.0,-3.7933745320910255,,-465.5,-531.0,-0.08727506393020557,0.16529488281837246,0.0,-22.5,0.0341893754403817
India,nominal_original,T120_P05_H0800_I0800_F1,T120_P05_H0800_I0800_CN090_F1,T120_P05_H0800_I0800_CN100_F1,90.0,100.0,108.0,120.0,-29.883570504527817,0.0,-6.861293248341384,,-881.0,-1350.0,-0.09947408922736023,2.761929460580916,0.0,-45.5,0.11668386116371776
India,nominal_original,T120_P05_H0800_I0986_F1,T120_P05_H0800_I0986_CN000_F1,T120_P05_H0800_I0986_CN010_F1,0.0,10.0,0.0,12.0,54.075032341526516,0.0,9.420499445004806,,3944.0,4832.0,1.6776595263978848,94.97266588058741,2.0,885.0,0.9073226544622426
India,nominal_original,T120_P05_H0800_I0986_F1,T120_P05_H0800_I0986_CN010_F1,T120_P05_H0800_I0986_CN020_F1,10.0,20.0,12.0,24.0,19.663648124191468,0.0,-0.829952972121534,,40.0,34.0,-0.8992146876103206,2.4021879827349437,0.0,146.0,-0.0451965679965014
India,nominal_original,T120_P05_H0800_I0986_F1,T120_P05_H0800_I0986_CN020_F1,T120_P05_H0800_I0986_CN030_F1,20.0,30.0,24.0,36.0,1.2936610608020658,0.258732212160414,0.14857881160034836,,12.5,6.0,-0.4524184558277158,-0.20504254256763943,0.0,-28.0,-0.054207540727753356
India,nominal_original,T120_P05_H0800_I0986_F1,T120_P05_H0800_I0986_CN030_F1,T120_P05_H0800_I0986_CN040_F1,30.0,40.0,36.0,48.0,-3.492884864165589,-0.258732212160414,-0.6675545602929915,,-20.5,-19.0,-0.27947352907392964,0.019585038236016317,0.0,35.5,-0.03055258829117924
India,nominal_original,T120_P05_H0800_I0986_F1,T120_P05_H0800_I0986_CN040_F1,T120_P05_H0800_I0986_CN050_F1,40.0,50.0,48.0,60.0,-0.2587322121604103,0.0,-0.3374828230099389,,-18.5,-17.0,-0.18142709026336468,-0.16075163902493728,0.0,58.0,-0.023736690290802498
India,nominal_original,T120_P05_H0800_I0986_F1,T120_P05_H0800_I0986_CN050_F1,T120_P05_H0800_I0986_CN060_F1,50.0,60.0,60.0,72.0,-0.9055627425614574,0.0,-0.3402686356994664,,-40.5,-41.0,-0.12188543454115819,0.0603040670961974,0.0,-32.5,-0.007332970859709853
India,nominal_original,T120_P05_H0800_I0986_F1,T120_P05_H0800_I0986_CN060_F1,T120_P05_H0800_I0986_CN070_F1,60.0,70.0,72.0,84.0,-5.045278137128065,0.0,-0.7066316415921872,,-84.5,-83.0,-0.09701719197160913,0.02284563419871688,0.0,27.0,-0.03380161576860452
India,nominal_original,T120_P05_H0800_I0986_F1,T120_P05_H0800_I0986_CN070_F1,T120_P05_H0800_I0986_CN080_F1,70.0,80.0,84.0,96.0,-4.657179818887457,0.0,-2.274604005602235,,-328.5,-323.0,-0.09744134792611858,0.21333281273147975,0.0,42.5,0.008300861903581591
India,nominal_original,T120_P05_H0800_I0986_F1,T120_P05_H0800_I0986_CN080_F1,T120_P05_H0800_I0986_CN090_F1,80.0,90.0,96.0,108.0,-6.209573091849933,0.0,-2.0288049491473172,,-305.5,-327.0,-0.07328205289652501,-1.0505673972991616,0.0,47.5,-0.002408512278443853
India,nominal_original,T120_P05_H0800_I0986_F1,T120_P05_H0800_I0986_CN090_F1,T120_P05_H0800_I0986_CN100_F1,90.0,100.0,108.0,120.0,-35.44631306597671,0.0,-6.328538492968774,,-944.0,-1468.0,-0.10102062223518998,3.7254401633069705,0.0,-127.5,0.08741369146804212
India,nominal_original,T120_P05_H1000_I0600_F1,T120_P05_H1000_I0600_CN000_F1,T120_P05_H1000_I0600_CN010_F1,0.0,10.0,0.0,12.0,1.8111254851229006,1.2936610608020676,5.328198491229866,14.319444444445736,2980.0,3870.0,1.1299032644725786,70.12510042465281,2.0,1941.5,0.8054124538597336
India,nominal_original,T120_P05_H1000_I0600_F1,T120_P05_H1000_I0600_CN010_F1,T120_P05_H1000_I0600_CN020_F1,10.0,20.0,12.0,24.0,0.3880983182406226,-0.5174644243208277,0.23140658518530444,41.13194444444427,4.5,3.0,-0.4270099869303361,2.048712920910134,0.0,-59.0,-0.07124729959476084
India,nominal_original,T120_P05_H1000_I0600_F1,T120_P05_H1000_I0600_CN020_F1,T120_P05_H1000_I0600_CN030_F1,20.0,30.0,24.0,36.0,-0.3880983182406226,-5.821474773609314,-3.096052917105588,-58.28472222222335,-46.5,-46.0,-0.264874158725382,1.2182367181756035,0.0,82.0,0.00591787946212885
India,nominal_original,T120_P05_H1000_I0600_F1,T120_P05_H1000_I0600_CN030_F1,T120_P05_H1000_I0600_CN040_F1,30.0,40.0,36.0,48.0,1.2936610608020658,0.9055627425614494,1.27598768322434,-0.1666666666666572,0.0,0.0,-0.20645518157375697,0.05794414184725838,0.0,11.0,-0.029256193900261795
India,nominal_original,T120_P05_H1000_I0600_F1,T120_P05_H1000_I0600_CN040_F1,T120_P05_H1000_I0600_CN050_F1,40.0,50.0,48.0,60.0,-2.069857697283311,-4.527813712807244,-5.712221880534294,-2.0,-81.0,-81.0,-0.1928380169734525,3.0115624260428717,0.0,-122.0,-0.009128616940276002
India,nominal_original,T120_P05_H1000_I0600_F1,T120_P05_H1000_I0600_CN050_F1,T120_P05_H1000_I0600_CN060_F1,50.0,60.0,60.0,72.0,1.5523932729624903,0.12936610608020715,-1.9394204456121784,-0.1666666666666714,-70.0,-67.0,-0.0980876247364364,1.1894581395974484,0.0,-4.0,-0.022316000664341473
India,nominal_original,T120_P05_H1000_I0600_F1,T120_P05_H1000_I0600_CN060_F1,T120_P05_H1000_I0600_CN070_F1,60.0,70.0,72.0,84.0,-1.5523932729624903,0.12936610608020693,-1.4907432940045702,0.5,-53.5,-53.0,-0.09551701379618216,2.859934133883357,0.0,-71.5,0.027189380777952188
India,nominal_original,T120_P05_H1000_I0600_F1,T120_P05_H1000_I0600_CN070_F1,T120_P05_H1000_I0600_CN080_F1,70.0,80.0,84.0,96.0,1.5523932729624903,-0.646830530401035,-1.3735978555784598,-9.100000000000009,-99.0,-99.0,-0.09080116273164629,1.7129354130156713,0.0,-41.5,-0.01721562675667032
India,nominal_original,T120_P05_H1000_I0600_F1,T120_P05_H1000_I0600_CN080_F1,T120_P05_H1000_I0600_CN090_F1,80.0,90.0,96.0,108.0,-0.9055627425614432,-0.12936610608020693,-5.930484963336241,0.0,-299.0,-405.0,-0.09461264961262905,3.983012233598984,0.0,-155.0,0.018855783261358727
India,nominal_original,T120_P05_H1000_I0600_F1,T120_P05_H1000_I0600_CN090_F1,T120_P05_H1000_I0600_CN100_F1,90.0,100.0,108.0,120.0,-1.29366106080208,-0.646830530401035,-8.355233748754824,,-737.0,-1178.0,-0.13331272072992612,13.793103448275858,0.0,-503.5,0.05149845503244088
India,nominal_original,T120_P05_H1000_I0800_F1,T120_P05_H1000_I0800_CN000_F1,T120_P05_H1000_I0800_CN010_F1,0.0,10.0,0.0,12.0,37.51617076326003,0.0,6.860931438838762,,3344.5,4227.0,1.1037760391838647,82.46690345495641,2.0,763.0,0.8704516108205824
India,nominal_original,T120_P05_H1000_I0800_F1,T120_P05_H1000_I0800_CN010_F1,T120_P05_H1000_I0800_CN020_F1,10.0,20.0,12.0,24.0,8.538163001293654,0.0,-0.9281096522507823,,108.0,101.0,-0.6821809650956647,7.719275150281831,0.0,-108.5,-0.038744439031209055
India,nominal_original,T120_P05_H1000_I0800_F1,T120_P05_H1000_I0800_CN020_F1,T120_P05_H1000_I0800_CN030_F1,20.0,30.0,24.0,36.0,2.5873221216041458,0.0,-0.06743544452508488,,1.5,0.0,-0.3840581337847193,1.0230748122170752,0.0,105.5,-0.015971586538197968
India,nominal_original,T120_P05_H1000_I0800_F1,T120_P05_H1000_I0800_CN030_F1,T120_P05_H1000_I0800_CN040_F1,30.0,40.0,36.0,48.0,0.0,0.0,-0.14732277634482926,,-18.0,-16.0,-0.23800621553615287,0.45213564735362866,0.0,4.0,-0.03819379383400978
India,nominal_original,T120_P05_H1000_I0800_F1,T120_P05_H1000_I0800_CN040_F1,T120_P05_H1000_I0800_CN050_F1,40.0,50.0,48.0,60.0,2.069857697283311,0.0,0.29818900967805817,,-8.5,-9.0,-0.1781787058177825,0.7357770555252046,0.0,16.0,-0.0223970007341312
India,nominal_original,T120_P05_H1000_I0800_F1,T120_P05_H1000_I0800_CN050_F1,T120_P05_H1000_I0800_CN060_F1,50.0,60.0,60.0,72.0,-1.552393272962476,0.0,-0.20669748600306903,,-20.0,-18.0,-0.10975694949656145,0.4774223898070886,0.0,-32.0,-0.027490783037487088
India,nominal_original,T120_P05_H1000_I0800_F1,T120_P05_H1000_I0800_CN060_F1,T120_P05_H1000_I0800_CN070_F1,60.0,70.0,72.0,84.0,1.2936610608020658,0.0,-0.9726144549437237,,-89.0,-85.0,-0.10100080279578372,0.2307259178271579,0.0,64.5,-0.024012746671884022
India,nominal_original,T120_P05_H1000_I0800_F1,T120_P05_H1000_I0800_CN070_F1,T120_P05_H1000_I0800_CN080_F1,70.0,80.0,84.0,96.0,-9.961190168175932,0.0,-4.031006711610056,,-365.0,-365.0,-0.10308524198936325,0.34867546508601777,0.0,113.0,0.0030073254826155082
India,nominal_original,T120_P05_H1000_I0800_F1,T120_P05_H1000_I0800_CN080_F1,T120_P05_H1000_I0800_CN090_F1,80.0,90.0,96.0,108.0,-9.184993531694701,0.0,-2.8415403785894338,,-361.0,-446.0,-0.0798837798381386,0.2149455121080308,0.0,-83.5,-0.00789346887082698
India,nominal_original,T120_P05_H1000_I0800_F1,T120_P05_H1000_I0800_CN090_F1,T120_P05_H1000_I0800_CN100_F1,90.0,100.0,108.0,120.0,-32.85899094437257,0.0,-7.724631645452301,,-918.5,-1375.0,-0.10734512404471411,6.331064594837557,0.0,-170.0,0.10279178860217297
India,nominal_original,T120_P05_H1000_I0986_F1,T120_P05_H1000_I0986_CN000_F1,T120_P05_H1000_I0986_CN010_F1,0.0,10.0,0.0,12.0,62.613195342820184,0.0,9.336697149351775,,3862.0,4744.0,1.5526068473906403,95.62304117583487,2.0,919.5,0.9182313792126877
India,nominal_original,T120_P05_H1000_I0986_F1,T120_P05_H1000_I0986_CN010_F1,T120_P05_H1000_I0986_CN020_F1,10.0,20.0,12.0,24.0,10.349288486416569,0.0,-0.41289947481767264,,116.0,111.0,-0.6819994592165965,1.1824411647028228,0.0,145.5,-0.06134557992215095
India,nominal_original,T120_P05_H1000_I0986_F1,T120_P05_H1000_I0986_CN020_F1,T120_P05_H1000_I0986_CN030_F1,20.0,30.0,24.0,36.0,-0.3880983182406368,0.0,0.020603715992880467,,-10.0,-10.0,-0.40091512429641196,-0.7568822348852962,0.0,-64.0,-0.0419548926508333
India,nominal_original,T120_P05_H1000_I0986_F1,T120_P05_H1000_I0986_CN030_F1,T120_P05_H1000_I0986_CN040_F1,30.0,40.0,36.0,48.0,-2.5873221216041316,0.129366106080207,-0.5169502366674763,,-4.5,-6.0,-0.25345099616337563,0.22889566422915664,0.0,66.0,-0.02632252871231988
India,nominal_original,T120_P05_H1000_I0986_F1,T120_P05_H1000_I0986_CN040_F1,T120_P05_H1000_I0986_CN050_F1,40.0,50.0,48.0,60.0,-1.9404915912031129,-0.129366106080207,-0.07983555785252427,,-13.0,-12.0,-0.17225780042200023,0.05336319088196717,0.0,4.5,-0.022416413124790147
India,nominal_original,T120_P05_H1000_I0986_F1,T120_P05_H1000_I0986_CN050_F1,T120_P05_H1000_I0986_CN060_F1,50.0,60.0,60.0,72.0,-1.6817593790426884,0.0,-1.009629366785834,,-78.0,-76.0,-0.12259099389698502,-0.91356329546268,0.0,127.0,-0.006942401102767892
India,nominal_original,T120_P05_H1000_I0986_F1,T120_P05_H1000_I0986_CN060_F1,T120_P05_H1000_I0986_CN070_F1,60.0,70.0,72.0,84.0,-0.2587322121604103,0.0,-0.5307230770906894,,-64.0,-62.0,-0.09314403504452518,0.6137561606339972,0.0,-107.5,-0.027524632697065732
India,nominal_original,T120_P05_H1000_I0986_F1,T120_P05_H1000_I0986_CN070_F1,T120_P05_H1000_I0986_CN080_F1,70.0,80.0,84.0,96.0,-4.915912031047867,0.0,-2.286735638522453,,-350.5,-348.0,-0.10038865768381361,-0.18735733215153516,0.0,103.5,-0.015295728440356537
India,nominal_original,T120_P05_H1000_I0986_F1,T120_P05_H1000_I0986_CN080_F1,T120_P05_H1000_I0986_CN090_F1,80.0,90.0,96.0,108.0,-6.856403622250966,0.0,-1.9403911951172574,,-254.5,-276.0,-0.07030203935485557,0.08624502234573583,0.0,-38.5,-0.014843935977136624
India,nominal_original,T120_P05_H1000_I0986_F1,T120_P05_H1000_I0986_CN090_F1,T120_P05_H1000_I0986_CN100_F1,90.0,100.0,108.0,120.0,-33.635187580853824,0.0,-6.90110008201985,,-993.0,-1515.0,-0.10880586623714641,4.070060483870961,0.0,-107.5,0.05504123943882977
India,nominal_original,T120_P10_H0500_I0600_F1,T120_P10_H0500_I0600_CN000_F1,T120_P10_H0500_I0600_CN010_F1,0.0,10.0,0.0,12.0,0.0,0.0,4.645790973695952,,2929.5,3822.0,1.3209707589241249,64.27350427350427,2.0,1660.5,0.7430522721302864
India,nominal_original,T120_P10_H0500_I0600_F1,T120_P10_H0500_I0600_CN010_F1,T120_P10_H0500_I0600_CN020_F1,10.0,20.0,12.0,24.0,0.0,0.129366106080207,0.863098090665229,,51.5,47.0,-0.9566486461103882,3.178677909735711,0.0,-146.5,-0.04021200855382645
India,nominal_original,T120_P10_H0500_I0600_F1,T120_P10_H0500_I0600_CN020_F1,T120_P10_H0500_I0600_CN030_F1,20.0,30.0,24.0,36.0,0.12936610608021226,0.0,0.6906939624120163,0.0,-1.5,-1.0,-0.5649712180645801,1.3004605228911004,0.0,-15.0,-0.011258027845288066
India,nominal_original,T120_P10_H0500_I0600_F1,T120_P10_H0500_I0600_CN030_F1,T120_P10_H0500_I0600_CN040_F1,30.0,40.0,36.0,48.0,-0.12936610608021226,0.258732212160414,0.1469513503047608,4.1499999999994515,0.0,0.0,-0.3849035797181557,2.1881606765327604,0.0,-11.5,0.014114815207165954
India,nominal_original,T120_P10_H0500_I0600_F1,T120_P10_H0500_I0600_CN040_F1,T120_P10_H0500_I0600_CN050_F1,40.0,50.0,48.0,60.0,0.0,-0.38809831824062097,-0.2720464283512243,,-7.5,-5.0,-0.27763273099569186,1.6584554844616122,0.0,0.5,-0.03340369963555245
India,nominal_original,T120_P10_H0500_I0600_F1,T120_P10_H0500_I0600_CN050_F1,T120_P10_H0500_I0600_CN060_F1,50.0,60.0,60.0,72.0,0.0,0.0,-0.16531528936286932,,1.5,-1.0,-0.18653796397458744,2.167887618903336,0.0,-8.0,-0.0002952484124829624
India,nominal_original,T120_P10_H0500_I0600_F1,T120_P10_H0500_I0600_CN060_F1,T120_P10_H0500_I0600_CN070_F1,60.0,70.0,72.0,84.0,-0.5174644243208206,0.0,-2.0582749703442964,,-123.0,-119.0,-0.1695040337513284,3.0854942442472293,0.0,-201.0,-0.004628816645737777
India,nominal_original,T120_P10_H0500_I0600_F1,T120_P10_H0500_I0600_CN070_F1,T120_P10_H0500_I0600_CN080_F1,70.0,80.0,84.0,96.0,0.0,0.0,-0.7407569925371362,,-210.0,-208.0,-0.14583854968754606,2.766808142418128,0.0,32.0,-0.008547047307620792
India,nominal_original,T120_P10_H0500_I0600_F1,T120_P10_H0500_I0600_CN080_F1,T120_P10_H0500_I0600_CN090_F1,80.0,90.0,96.0,108.0,-0.3880983182406226,0.0,-2.9889647845714133,,-387.0,-461.0,-0.1420743014957796,1.560870807625534,0.0,-194.0,0.0336656625148819
India,nominal_original,T120_P10_H0500_I0600_F1,T120_P10_H0500_I0600_CN090_F1,T120_P10_H0500_I0600_CN100_F1,90.0,100.0,108.0,120.0,-6.080206985769735,0.0,-7.44431220055117,,-1029.0,-1505.0,-0.19733813500274366,17.819680319680316,0.0,-663.0,0.06321726835133235
India,nominal_original,T120_P10_H0500_I0800_F1,T120_P10_H0500_I0800_CN000_F1,T120_P10_H0500_I0800_CN010_F1,0.0,10.0,0.0,12.0,49.54721862871928,0.0,10.596178660000845,,3549.0,4427.0,1.225413137568383,93.48169767724674,2.0,438.0,0.8861753991213972
India,nominal_original,T120_P10_H0500_I0800_F1,T120_P10_H0500_I0800_CN010_F1,T120_P10_H0500_I0800_CN020_F1,10.0,20.0,12.0,24.0,15.13583441138421,0.0,0.9540807896418606,,642.5,640.0,-0.7949832790362548,3.068575776686785,0.0,225.5,-0.053130236611949044
India,nominal_original,T120_P10_H0500_I0800_F1,T120_P10_H0500_I0800_CN020_F1,T120_P10_H0500_I0800_CN030_F1,20.0,30.0,24.0,36.0,6.338939197930145,0.0,0.22877093561125328,,-4.5,-3.0,-0.48311861077144713,0.6178495063780787,0.0,74.0,-0.03955939162477895
India,nominal_original,T120_P10_H0500_I0800_F1,T120_P10_H0500_I0800_CN030_F1,T120_P10_H0500_I0800_CN040_F1,30.0,40.0,36.0,48.0,2.069857697283311,0.0,-0.5033395131046863,,4.5,3.0,-0.27215269694643884,0.25509958912044794,0.0,18.0,-0.048042910970039765
India,nominal_original,T120_P10_H0500_I0800_F1,T120_P10_H0500_I0800_CN040_F1,T120_P10_H0500_I0800_CN050_F1,40.0,50.0,48.0,60.0,0.0,0.0,0.3826659540261179,,-1.0,-1.0,-0.16229023795448771,0.49388243689237754,0.0,-26.5,-0.057591976386293986
India,nominal_original,T120_P10_H0500_I0800_F1,T120_P10_H0500_I0800_CN050_F1,T120_P10_H0500_I0800_CN060_F1,50.0,60.0,60.0,72.0,-1.0349288486416555,0.0,-0.010463155015925096,,-15.5,-16.0,-0.11368376634323973,0.26759158359641333,0.0,59.0,-0.0039049136434816667
India,nominal_original,T120_P10_H0500_I0800_F1,T120_P10_H0500_I0800_CN060_F1,T120_P10_H0500_I0800_CN070_F1,60.0,70.0,72.0,84.0,-2.4579560155239335,0.0,-1.1026256385680142,,-87.5,-83.0,-0.09015663957733988,0.5679916021221629,0.0,-26.0,-0.03981601448967509
India,nominal_original,T120_P10_H0500_I0800_F1,T120_P10_H0500_I0800_CN070_F1,T120_P10_H0500_I0800_CN080_F1,70.0,80.0,84.0,96.0,0.0,0.0,-1.5279212950203753,,-268.0,-261.0,-0.08674448511040611,0.18615253996064496,0.0,86.0,0.011640138272441591
India,nominal_original,T120_P10_H0500_I0800_F1,T120_P10_H0500_I0800_CN080_F1,T120_P10_H0500_I0800_CN090_F1,80.0,90.0,96.0,108.0,-13.19534282018111,0.0,-3.4550627538630554,,-461.0,-505.0,-0.08290405132527123,-1.5657216097338278,0.0,20.0,0.03741902498325311
India,nominal_original,T120_P10_H0500_I0800_F1,T120_P10_H0500_I0800_CN090_F1,T120_P10_H0500_I0800_CN100_F1,90.0,100.0,108.0,120.0,-21.733505821474772,0.0,-6.213933452142915,,-946.0,-1449.0,-0.1000728292307641,2.6268808977301745,0.0,-78.0,0.1370445742099382
India,nominal_original,T120_P10_H0500_I0986_F1,T120_P10_H0500_I0986_CN000_F1,T120_P10_H0500_I0986_CN010_F1,0.0,10.0,0.0,12.0,47.47736093143596,0.0,10.670497366040545,,3833.5,4714.0,1.061957799102314,94.68012704174228,2.0,492.0,0.9168325103496433
India,nominal_original,T120_P10_H0500_I0986_F1,T120_P10_H0500_I0986_CN010_F1,T120_P10_H0500_I0986_CN020_F1,10.0,20.0,12.0,24.0,25.8732212160414,0.0,0.210389753673903,,314.5,314.0,-0.9195964081515244,4.186998421465759,0.0,104.0,-0.0597519923316252
India,nominal_original,T120_P10_H0500_I0986_F1,T120_P10_H0500_I0986_CN020_F1,T120_P10_H0500_I0986_CN030_F1,20.0,30.0,24.0,36.0,5.433376455368688,0.0,0.2235154860257378,,23.0,19.0,-0.41108627471620407,0.17407146019307618,0.0,165.5,-0.053261531851913624
India,nominal_original,T120_P10_H0500_I0986_F1,T120_P10_H0500_I0986_CN030_F1,T120_P10_H0500_I0986_CN040_F1,30.0,40.0,36.0,48.0,-1.6817593790426884,0.0,-0.14481417737634494,,-22.0,-21.0,-0.22031122417740057,0.2495832184428508,0.0,9.0,-0.04550785203359986
India,nominal_original,T120_P10_H0500_I0986_F1,T120_P10_H0500_I0986_CN040_F1,T120_P10_H0500_I0986_CN050_F1,40.0,50.0,48.0,60.0,0.2587322121604103,0.0,-0.3539627162373744,,-9.5,-9.0,-0.13966640849775835,0.11524446570800251,0.0,38.0,-0.0553190396663783
India,nominal_original,T120_P10_H0500_I0986_F1,T120_P10_H0500_I0986_CN050_F1,T120_P10_H0500_I0986_CN060_F1,50.0,60.0,60.0,72.0,1.0349288486416697,0.0,-0.692129267730957,,-64.5,-60.0,-0.10565759993285362,0.11005238997464062,0.0,35.5,0.010930323773840733
India,nominal_original,T120_P10_H0500_I0986_F1,T120_P10_H0500_I0986_CN060_F1,T120_P10_H0500_I0986_CN070_F1,60.0,70.0,72.0,84.0,-1.0349288486416697,0.0,-0.19335280007485167,,-45.5,-43.0,-0.07709318862547487,0.03865801550553272,0.0,-46.5,-0.0710748522333664
India,nominal_original,T120_P10_H0500_I0986_F1,T120_P10_H0500_I0986_CN070_F1,T120_P10_H0500_I0986_CN080_F1,70.0,80.0,84.0,96.0,-6.0802069857697205,0.0,-2.6647516263422784,,-336.5,-334.0,-0.07554393673230553,0.12892052299596912,0.0,76.0,0.03404402233648618
India,nominal_original,T120_P10_H0500_I0986_F1,T120_P10_H0500_I0986_CN080_F1,T120_P10_H0500_I0986_CN090_F1,80.0,90.0,96.0,108.0,-24.32082794307891,0.0,-4.984321386645935,,-739.5,-882.0,-0.08549691516300259,-2.9999820666403565,0.0,107.0,0.08079974465235162
India,nominal_original,T120_P10_H0500_I0986_F1,T120_P10_H0500_I0986_CN090_F1,T120_P10_H0500_I0986_CN100_F1,90.0,100.0,108.0,120.0,-21.604139715394567,0.0,-3.7541298756577994,,-553.0,-958.0,-0.05828835614417291,3.316326530612244,0.0,-142.5,0.09055666700456166
India,nominal_original,T120_P10_H0800_I0600_F1,T120_P10_H0800_I0600_CN000_F1,T120_P10_H0800_I0600_CN010_F1,0.0,10.0,0.0,12.0,0.0,0.0,5.067051179809113,,2964.5,3858.0,1.278876316103068,65.05781266574732,2.0,1986.0,0.770562936467382
India,nominal_original,T120_P10_H0800_I0600_F1,T120_P10_H0800_I0600_CN010_F1,T120_P10_H0800_I0600_CN020_F1,10.0,20.0,12.0,24.0,0.0,0.0,-0.22416775578017578,,12.0,8.0,-0.5439771511625286,2.723374510212892,0.0,-180.5,-0.027800340395648382
India,nominal_original,T120_P10_H0800_I0600_F1,T120_P10_H0800_I0600_CN020_F1,T120_P10_H0800_I0600_CN030_F1,20.0,30.0,24.0,36.0,0.0,0.0,1.1948502776996222,,0.0,0.0,-0.3673679238084715,0.22219870913130535,0.0,66.5,-0.032920284316791726
India,nominal_original,T120_P10_H0800_I0600_F1,T120_P10_H0800_I0600_CN030_F1,T120_P10_H0800_I0600_CN040_F1,30.0,40.0,36.0,48.0,0.0,0.129366106080207,-0.22653895018567027,,0.0,0.0,-0.2868156972487397,1.3226113638768453,0.0,-76.5,0.044737140686491816
India,nominal_original,T120_P10_H0800_I0600_F1,T120_P10_H0800_I0600_CN040_F1,T120_P10_H0800_I0600_CN050_F1,40.0,50.0,48.0,60.0,0.0,-0.129366106080207,0.15112070319273485,,-7.5,-5.0,-0.21436464905976016,0.8838374267416782,0.0,46.0,0.022105691682734685
India,nominal_original,T120_P10_H0800_I0600_F1,T120_P10_H0800_I0600_CN050_F1,T120_P10_H0800_I0600_CN060_F1,50.0,60.0,60.0,72.0,0.0,0.0,-0.005665258481890589,,5.5,3.0,-0.15474727842362856,2.6175179229985446,0.0,-123.0,-0.02047495304136593
India,nominal_original,T120_P10_H0800_I0600_F1,T120_P10_H0800_I0600_CN060_F1,T120_P10_H0800_I0600_CN070_F1,60.0,70.0,72.0,84.0,0.0,0.0,-1.2306496721916709,,-68.5,-66.0,-0.13607060721648168,1.855783813751131,0.0,-65.5,-0.012794389007782625
India,nominal_original,T120_P10_H0800_I0600_F1,T120_P10_H0800_I0600_CN070_F1,T120_P10_H0800_I0600_CN080_F1,70.0,80.0,84.0,96.0,-0.12936610608021226,0.0,-0.41418518766124635,,-240.0,-238.0,-0.13965205634442368,2.553556679273015,0.0,-12.5,0.020451417167625996
India,nominal_original,T120_P10_H0800_I0600_F1,T120_P10_H0800_I0600_CN080_F1,T120_P10_H0800_I0600_CN090_F1,80.0,90.0,96.0,108.0,0.0,0.0,-3.9955199611024312,,-431.5,-510.0,-0.14214866847475705,4.450265612923971,0.0,-319.0,0.020899118836945174
India,nominal_original,T120_P10_H0800_I0600_F1,T120_P10_H0800_I0600_CN090_F1,T120_P10_H0800_I0600_CN100_F1,90.0,100.0,108.0,120.0,-7.11513583441139,0.0,-7.558527445739217,,-1008.5,-1480.0,-0.19142686835150224,18.313041295343297,0.0,-664.5,0.011455103045189263
India,nominal_original,T120_P10_H0800_I0800_F1,T120_P10_H0800_I0800_CN000_F1,T120_P10_H0800_I0800_CN010_F1,0.0,10.0,0.0,12.0,56.532988357050456,0.0,10.595294467213993,,3888.5,4772.0,1.3895785834601515,94.3444185553908,2.0,623.5,0.8958805513016845
India,nominal_original,T120_P10_H0800_I0800_F1,T120_P10_H0800_I0800_CN010_F1,T120_P10_H0800_I0800_CN020_F1,10.0,20.0,12.0,24.0,4.398447606727032,0.0,-1.4560019757645914,,34.5,26.0,-0.8319892199726944,2.806249092595735,0.0,133.0,-0.057200883950771386
India,nominal_original,T120_P10_H0800_I0800_F1,T120_P10_H0800_I0800_CN020_F1,T120_P10_H0800_I0800_CN030_F1,20.0,30.0,24.0,36.0,5.433376455368702,0.0,0.3354131100207063,,-9.0,-6.0,-0.40466388699078726,0.6477101040412663,0.0,62.5,-0.04313308684472039
India,nominal_original,T120_P10_H0800_I0800_F1,T120_P10_H0800_I0800_CN030_F1,T120_P10_H0800_I0800_CN040_F1,30.0,40.0,36.0,48.0,-0.5174644243208348,0.0,-0.31488091029768306,,0.0,0.0,-0.24794897347385036,0.5793742757821576,0.0,39.5,-0.04305517157148486
India,nominal_original,T120_P10_H0800_I0800_F1,T120_P10_H0800_I0800_CN040_F1,T120_P10_H0800_I0800_CN050_F1,40.0,50.0,48.0,60.0,0.7761966364812452,0.0,0.2707721032172188,,-10.0,-7.0,-0.1520155774311186,0.08102555057070049,0.0,12.5,-0.045452173853929745
India,nominal_original,T120_P10_H0800_I0800_F1,T120_P10_H0800_I0800_CN050_F1,T120_P10_H0800_I0800_CN060_F1,50.0,60.0,60.0,72.0,-4.010349288486424,0.0,-0.4573632263758949,,-29.0,-33.0,-0.11078233078857636,-0.3493776845941454,0.0,152.5,-9.113758823042772e-05
India,nominal_original,T120_P10_H0800_I0800_F1,T120_P10_H0800_I0800_CN060_F1,T120_P10_H0800_I0800_CN070_F1,60.0,70.0,72.0,84.0,-0.12936610608021226,0.0,-1.0767145111270402,,-61.0,-58.0,-0.08529643497259415,0.3733290419715871,0.0,-37.0,-0.005148804831186071
India,nominal_original,T120_P10_H0800_I0800_F1,T120_P10_H0800_I0800_CN070_F1,T120_P10_H0800_I0800_CN080_F1,70.0,80.0,84.0,96.0,-1.552393272962476,0.0,-2.53665829677154,,-443.0,-434.0,-0.10362548080238299,0.8392646410231492,0.0,16.0,0.004060604601322293
India,nominal_original,T120_P10_H0800_I0800_F1,T120_P10_H0800_I0800_CN080_F1,T120_P10_H0800_I0800_CN090_F1,80.0,90.0,96.0,108.0,-16.817593790426912,0.0,-2.930314845806837,,-397.5,-442.0,-0.07737654788400672,-3.788625211042941,0.0,190.5,0.036476057057263755
India,nominal_original,T120_P10_H0800_I0800_F1,T120_P10_H0800_I0800_CN090_F1,T120_P10_H0800_I0800_CN100_F1,90.0,100.0,108.0,120.0,-26.26131953428201,0.0,-5.881363765978337,,-831.0,-1336.0,-0.09391393652991795,4.466631634261688,0.0,-91.5,0.12095255032302377
India,nominal_original,T120_P10_H0800_I0986_F1,T120_P10_H0800_I0986_CN000_F1,T120_P10_H0800_I0986_CN010_F1,0.0,10.0,0.0,12.0,36.7399741267788,0.0,8.610583336347103,,3702.5,4583.0,0.9328807469751552,89.21610169491525,2.0,529.0,0.9080155979202773
India,nominal_original,T120_P10_H0800_I0986_F1,T120_P10_H0800_I0986_CN010_F1,T120_P10_H0800_I0986_CN020_F1,10.0,20.0,12.0,24.0,10.349288486416555,0.0,-0.11284215408634957,,13.0,8.0,-0.8137981518757504,3.9911664225578107,0.0,8.5,-0.07655451128297908
India,nominal_original,T120_P10_H0800_I0986_F1,T120_P10_H0800_I0986_CN020_F1,T120_P10_H0800_I0986_CN030_F1,20.0,30.0,24.0,36.0,1.552393272962476,0.0,-0.21474636798254565,,-1.5,3.0,-0.35958463517677475,0.8960817715684612,0.0,88.5,-0.05548148819170229
India,nominal_original,T120_P10_H0800_I0986_F1,T120_P10_H0800_I0986_CN030_F1,T120_P10_H0800_I0986_CN040_F1,30.0,40.0,36.0,48.0,0.3880983182406226,0.0,-0.7814153672424986,,-29.5,-29.0,-0.2049182983628125,0.7924391369048749,0.0,208.0,-0.040656848050928396
India,nominal_original,T120_P10_H0800_I0986_F1,T120_P10_H0800_I0986_CN040_F1,T120_P10_H0800_I0986_CN050_F1,40.0,50.0,48.0,60.0,-0.2587322121604103,0.0,-0.2413379794732613,,-16.5,-12.0,-0.1329613020064635,0.08873770545899617,0.0,-21.5,-0.011064009952246545
India,nominal_original,T120_P10_H0800_I0986_F1,T120_P10_H0800_I0986_CN050_F1,T120_P10_H0800_I0986_CN060_F1,50.0,60.0,60.0,72.0,-9.702457956015522,0.0,-2.0879311968221383,,-207.5,-207.0,-0.11567840712596833,-0.3663936362736422,0.0,164.5,-0.020237198264043688
India,nominal_original,T120_P10_H0800_I0986_F1,T120_P10_H0800_I0986_CN060_F1,T120_P10_H0800_I0986_CN070_F1,60.0,70.0,72.0,84.0,-0.3880983182406226,0.0,-0.26494424076529377,,-95.5,-93.0,-0.07641890624481984,0.8981247485647685,0.0,-34.5,-0.02435349952271859
India,nominal_original,T120_P10_H0800_I0986_F1,T120_P10_H0800_I0986_CN070_F1,T120_P10_H0800_I0986_CN080_F1,70.0,80.0,84.0,96.0,-0.3880983182406226,0.0,-1.9430555019588507,,-223.5,-226.0,-0.06507708104083726,0.39622111759224765,0.0,-60.0,0.014097635372967598
India,nominal_original,T120_P10_H0800_I0986_F1,T120_P10_H0800_I0986_CN080_F1,T120_P10_H0800_I0986_CN090_F1,80.0,90.0,96.0,108.0,-18.111254851228985,0.0,-3.5660694407213995,,-503.0,-581.0,-0.07009158054367132,-0.9453017184003727,0.0,120.5,0.059497849944470715
India,nominal_original,T120_P10_H0800_I0986_F1,T120_P10_H0800_I0986_CN090_F1,T120_P10_H0800_I0986_CN100_F1,90.0,100.0,108.0,120.0,-17.723156532988355,0.0,-4.822216668902233,,-681.0,-1149.0,-0.06849187595615461,5.032822757111603,0.0,-176.0,0.10927148603250525
India,nominal_original,T120_P10_H1000_I0600_F1,T120_P10_H1000_I0600_CN000_F1,T120_P10_H1000_I0600_CN010_F1,0.0,10.0,0.0,12.0,0.0,0.0,4.283142913949002,,2970.5,3862.0,1.1922261975575899,65.28145870878829,2.0,2116.0,0.7406134191535012
India,nominal_original,T120_P10_H1000_I0600_F1,T120_P10_H1000_I0600_CN010_F1,T120_P10_H1000_I0600_CN020_F1,10.0,20.0,12.0,24.0,0.0,0.129366106080207,0.07884982337742485,,6.0,4.0,-0.4046724539697637,2.733363948702447,0.0,-166.0,0.0068658794339317986
India,nominal_original,T120_P10_H1000_I0600_F1,T120_P10_H1000_I0600_CN020_F1,T120_P10_H1000_I0600_CN030_F1,20.0,30.0,24.0,36.0,0.0,0.0,1.031830708840154,0.0,-1.5,-1.0,-0.29072025166534754,0.9006613501347687,0.0,-29.0,-0.018779108834112268
India,nominal_original,T120_P10_H1000_I0600_F1,T120_P10_H1000_I0600_CN030_F1,T120_P10_H1000_I0600_CN040_F1,30.0,40.0,36.0,48.0,0.0,0.0,-0.8356607070336146,0.7333333333209779,1.5,1.0,-0.24491798442001422,-0.27599221302519084,0.0,18.0,0.013488565266759567
India,nominal_original,T120_P10_H1000_I0600_F1,T120_P10_H1000_I0600_CN040_F1,T120_P10_H1000_I0600_CN050_F1,40.0,50.0,48.0,60.0,0.0,-0.129366106080207,0.5921039813295614,,-6.0,-4.0,-0.18545415931603992,2.3453486591259605,0.0,-25.5,-0.024181817145592754
India,nominal_original,T120_P10_H1000_I0600_F1,T120_P10_H1000_I0600_CN050_F1,T120_P10_H1000_I0600_CN060_F1,50.0,60.0,60.0,72.0,0.0,0.0,-0.07973944482775153,,8.0,5.0,-0.13767284284787062,0.8746155733665404,0.0,-2.0,-0.009470542997886522
India,nominal_original,T120_P10_H1000_I0600_F1,T120_P10_H1000_I0600_CN060_F1,T120_P10_H1000_I0600_CN070_F1,60.0,70.0,72.0,84.0,0.0,0.0,0.19480307278819353,,-47.0,-43.0,-0.1207580392862847,1.8230666880327817,0.0,-15.0,-0.03333510663183459
India,nominal_original,T120_P10_H1000_I0600_F1,T120_P10_H1000_I0600_CN070_F1,T120_P10_H1000_I0600_CN080_F1,70.0,80.0,84.0,96.0,-0.2587322121604103,0.0,-2.77599411297464,,-338.5,-338.0,-0.1500078621990686,1.9570255678889197,0.0,-194.0,0.028537248158003514
India,nominal_original,T120_P10_H1000_I0600_F1,T120_P10_H1000_I0600_CN080_F1,T120_P10_H1000_I0600_CN090_F1,80.0,90.0,96.0,108.0,-0.12936610608021226,0.0,-2.5453113880067306,,-429.5,-563.0,-0.1373750066018633,5.687987207457411,0.0,-335.5,-0.03604131941176769
India,nominal_original,T120_P10_H1000_I0600_F1,T120_P10_H1000_I0600_CN090_F1,T120_P10_H1000_I0600_CN100_F1,90.0,100.0,108.0,120.0,-10.478654592496767,0.0,-7.768515033328532,,-934.5,-1351.0,-0.18003335718923502,18.67246450952807,0.0,-726.0,0.021276705911492
India,nominal_original,T120_P10_H1000_I0800_F1,T120_P10_H1000_I0800_CN000_F1,T120_P10_H1000_I0800_CN010_F1,0.0,10.0,0.0,12.0,37.904269081500644,0.0,7.2440791956337005,,3415.0,4299.0,1.0089707771032383,87.91492104415082,2.0,597.5,0.8811963916001184
India,nominal_original,T120_P10_H1000_I0800_F1,T120_P10_H1000_I0800_CN010_F1,T120_P10_H1000_I0800_CN020_F1,10.0,20.0,12.0,24.0,9.702457956015536,0.0,-0.49678368062948053,,93.5,87.0,-0.6438835067267683,6.767050312209761,0.0,-16.5,-0.05000510210396136
India,nominal_original,T120_P10_H1000_I0800_F1,T120_P10_H1000_I0800_CN020_F1,T120_P10_H1000_I0800_CN030_F1,20.0,30.0,24.0,36.0,5.692108667529098,0.0,-0.11261722935835294,,-1.5,-1.0,-0.35322489843054106,1.8839192999124634,0.0,46.5,-0.029004856666383416
India,nominal_original,T120_P10_H1000_I0800_F1,T120_P10_H1000_I0800_CN030_F1,T120_P10_H1000_I0800_CN040_F1,30.0,40.0,36.0,48.0,1.0349288486416555,0.0,-0.4044971253865022,,-10.5,-7.0,-0.23042045550157875,0.931997857240475,0.0,43.0,-0.04778386146860347
India,nominal_original,T120_P10_H1000_I0800_F1,T120_P10_H1000_I0800_CN040_F1,T120_P10_H1000_I0800_CN050_F1,40.0,50.0,48.0,60.0,-2.4579560155239335,0.0,0.06754732909212002,,0.0,-1.0,-0.14193533401628156,-0.2744932432432421,0.0,38.0,-0.052507545057965954
India,nominal_original,T120_P10_H1000_I0800_F1,T120_P10_H1000_I0800_CN050_F1,T120_P10_H1000_I0800_CN060_F1,50.0,60.0,60.0,72.0,-2.069857697283311,0.0,-0.659719029641737,,-7.5,-9.0,-0.10380073042899762,-0.7763190304479224,0.0,163.5,0.0034259519161308205
India,nominal_original,T120_P10_H1000_I0800_F1,T120_P10_H1000_I0800_CN060_F1,T120_P10_H1000_I0800_CN070_F1,60.0,70.0,72.0,84.0,-0.9055627425614574,0.0,-0.9191308062551471,,-110.5,-109.0,-0.08917360978421751,0.09904762332186579,0.0,-113.5,-0.036017543104831296
India,nominal_original,T120_P10_H1000_I0800_F1,T120_P10_H1000_I0800_CN070_F1,T120_P10_H1000_I0800_CN080_F1,70.0,80.0,84.0,96.0,-9.83182406209572,0.0,-3.7422613617577785,,-529.0,-521.0,-0.11171634106303502,0.5069453469316016,0.0,42.0,0.012675579038741835
India,nominal_original,T120_P10_H1000_I0800_F1,T120_P10_H1000_I0800_CN080_F1,T120_P10_H1000_I0800_CN090_F1,80.0,90.0,96.0,108.0,-19.534282018111263,0.0,-2.9438532816194742,,-338.5,-457.0,-0.07222466787568782,-2.8922906472175356,0.0,226.5,0.022900815136961183
India,nominal_original,T120_P10_H1000_I0800_F1,T120_P10_H1000_I0800_CN090_F1,T120_P10_H1000_I0800_CN100_F1,90.0,100.0,108.0,120.0,-27.813712807244492,0.0,-5.871956415817879,,-775.5,-1206.0,-0.09179284532412318,5.839221437141717,0.0,-165.0,0.10082041875405956
India,nominal_original,T120_P10_H1000_I0986_F1,T120_P10_H1000_I0986_CN000_F1,T120_P10_H1000_I0986_CN010_F1,0.0,10.0,0.0,12.0,37.77490297542043,0.0,6.682577704325606,,3331.5,4218.0,0.7073971338727616,84.53389830508475,2.0,416.0,0.893275881781284
India,nominal_original,T120_P10_H1000_I0986_F1,T120_P10_H1000_I0986_CN010_F1,T120_P10_H1000_I0986_CN020_F1,10.0,20.0,12.0,24.0,6.985769728331178,0.0,-0.731347441265477,,21.5,13.0,-0.6765259343805854,6.217973465452005,0.0,-123.5,-0.06435767669496917
India,nominal_original,T120_P10_H1000_I0986_F1,T120_P10_H1000_I0986_CN020_F1,T120_P10_H1000_I0986_CN030_F1,20.0,30.0,24.0,36.0,-1.423027166882278,0.0,-0.4387980115945318,,-19.5,-15.0,-0.32844875425437525,0.830085027430215,0.0,229.5,-0.060018151734011704
India,nominal_original,T120_P10_H1000_I0986_F1,T120_P10_H1000_I0986_CN030_F1,T120_P10_H1000_I0986_CN040_F1,30.0,40.0,36.0,48.0,-1.1642949547218677,0.0,-0.49309089225940106,,-3.0,-5.0,-0.18864556829873436,-0.20666542267559862,0.0,91.5,-0.03262229602191424
India,nominal_original,T120_P10_H1000_I0986_F1,T120_P10_H1000_I0986_CN040_F1,T120_P10_H1000_I0986_CN050_F1,40.0,50.0,48.0,60.0,0.0,0.0,-0.44277100968142236,,-22.0,-19.0,-0.12916886941407624,-0.1149124099943748,0.0,115.0,-0.033386930457003805
India,nominal_original,T120_P10_H1000_I0986_F1,T120_P10_H1000_I0986_CN050_F1,T120_P10_H1000_I0986_CN060_F1,50.0,60.0,60.0,72.0,-8.279430789133244,0.0,-1.1061206738491123,,-168.0,-168.0,-0.10869388111482114,0.13948855512694536,0.0,104.0,-0.007938487185343401
India,nominal_original,T120_P10_H1000_I0986_F1,T120_P10_H1000_I0986_CN060_F1,T120_P10_H1000_I0986_CN070_F1,60.0,70.0,72.0,84.0,0.7761966364812452,0.0,-0.18400405307095724,,2.0,3.0,-0.06648620838888142,1.4604282200307068,0.0,-97.0,-0.017279579682502266
India,nominal_original,T120_P10_H1000_I0986_F1,T120_P10_H1000_I0986_CN070_F1,T120_P10_H1000_I0986_CN080_F1,70.0,80.0,84.0,96.0,-9.443725743855097,0.0,-3.6545426130528416,,-449.5,-449.0,-0.08469731487637894,-0.3085378083218586,0.0,-66.5,0.008065052906186532
India,nominal_original,T120_P10_H1000_I0986_F1,T120_P10_H1000_I0986_CN080_F1,T120_P10_H1000_I0986_CN090_F1,80.0,90.0,96.0,108.0,-5.562742561448914,0.0,-2.453316950717589,,-326.0,-406.0,-0.057931456970324036,2.5487613063174877,0.0,80.5,0.01587733391980417
India,nominal_original,T120_P10_H1000_I0986_F1,T120_P10_H1000_I0986_CN090_F1,T120_P10_H1000_I0986_CN100_F1,90.0,100.0,108.0,120.0,-19.404915912031043,0.0,-5.696418797567625,,-780.5,-1246.0,-0.07690288072251705,4.899480761549725,0.0,-154.5,0.09657362439052397
India,unlimited_useful_deadline,T060_P03_H0500_I0600_F1,T060_P03_H0500_I0600_CN000_F1,T060_P03_H0500_I0600_CN010_F1,0.0,10.0,0.0,6.0,13.712807244501938,0.3880983182406208,11.580417870489732,54.13472222223257,2614.5,3864.0,2.708228987862192,49.99166944351883,4.0,837.5,0.8150909773025699
India,unlimited_useful_deadline,T060_P03_H0500_I0600_F1,T060_P03_H0500_I0600_CN010_F1,T060_P03_H0500_I0600_CN020_F1,10.0,20.0,6.0,12.0,6.727037516170768,0.6468305304010347,9.47353478950616,0.0,3305.0,4395.0,2.970759059532707,21.395458524677153,1.0,552.5,-0.08865134084527138
India,unlimited_useful_deadline,T060_P03_H0500_I0600_F1,T060_P03_H0500_I0600_CN020_F1,T060_P03_H0500_I0600_CN030_F1,20.0,30.0,12.0,18.0,0.5174644243208206,34.92884864165589,15.655050751001106,105.50069444443417,3639.5,5039.0,0.9796141653783863,11.531035241938028,2.0,499.0,-0.1249098667919355
India,unlimited_useful_deadline,T060_P03_H0500_I0600_F1,T060_P03_H0500_I0600_CN030_F1,T060_P03_H0500_I0600_CN040_F1,30.0,40.0,18.0,24.0,3.1047865459249664,5.045278137128072,4.299690151396206,-2.868055555547926,2725.0,3471.0,0.7475901419594653,5.040870704934747,2.0,535.0,-0.061489201714044484
India,unlimited_useful_deadline,T060_P03_H0500_I0600_F1,T060_P03_H0500_I0600_CN040_F1,T060_P03_H0500_I0600_CN050_F1,40.0,50.0,24.0,30.0,1.5523932729624903,17.33505821474774,3.1821540469834417,0.7361111111035257,2683.0,3397.0,0.5957686819005641,3.751445803801275,5.0,394.5,-0.08644341603955974
India,unlimited_useful_deadline,T060_P03_H0500_I0600_F1,T060_P03_H0500_I0600_CN050_F1,T060_P03_H0500_I0600_CN060_F1,50.0,60.0,30.0,36.0,3.1047865459249664,3.2341526520051644,3.889342357846303,-1.5659722222222285,3224.5,3855.0,0.35130531183393643,2.8444116106633146,-3.0,335.0,-0.060577246782530514
India,unlimited_useful_deadline,T060_P03_H0500_I0600_F1,T060_P03_H0500_I0600_CN060_F1,T060_P03_H0500_I0600_CN070_F1,60.0,70.0,36.0,42.0,1.5523932729624903,5.821474773609324,3.863244245790156,-70.73055555555487,2957.5,3583.0,-0.2581368898376297,1.9014084687263875,-1.0,477.0,-0.0905144585061346
India,unlimited_useful_deadline,T060_P03_H0500_I0600_F1,T060_P03_H0500_I0600_CN070_F1,T060_P03_H0500_I0600_CN080_F1,70.0,80.0,42.0,48.0,1.1642949547218677,0.6468305304010329,1.1162867462080186,14.428472222221671,2620.0,3264.0,0.2635895118698599,1.4723728952022412,1.0,430.5,-0.0427175432336071
India,unlimited_useful_deadline,T060_P03_H0500_I0600_F1,T060_P03_H0500_I0600_CN080_F1,T060_P03_H0500_I0600_CN090_F1,80.0,90.0,48.0,54.0,1.1642949547218535,6.209573091849933,2.6544088748813124,-30.434027777764868,3161.0,3777.0,0.09220865780844889,1.1988938934927518,3.0,366.0,-0.05929093261521934
India,unlimited_useful_deadline,T060_P03_H0500_I0600_F1,T060_P03_H0500_I0600_CN090_F1,T060_P03_H0500_I0600_CN100_F1,90.0,100.0,54.0,60.0,1.6817593790426884,3.363518758085391,1.6504274378290091,49.43402777776578,3037.5,3673.0,0.005578324900692877,0.8724334130452718,-1.0,725.0,-0.054035753658620234
India,unlimited_useful_deadline,T060_P03_H0500_I0800_F1,T060_P03_H0500_I0800_CN000_F1,T060_P03_H0500_I0800_CN010_F1,0.0,10.0,0.0,6.0,19.40491591203105,0.7761966364812419,25.21505519645731,,3493.5,5309.0,5.897010771643549,81.95892914740351,4.0,460.0,0.9018597879237404
India,unlimited_useful_deadline,T060_P03_H0500_I0800_F1,T060_P03_H0500_I0800_CN010_F1,T060_P03_H0500_I0800_CN020_F1,10.0,20.0,6.0,12.0,10.866752910737382,41.65588615782664,20.192158724205008,27.15208333333868,3751.0,5390.0,2.019671155977397,11.583890587167701,7.0,347.5,-0.10116329369765165
India,unlimited_useful_deadline,T060_P03_H0500_I0800_F1,T060_P03_H0500_I0800_CN020_F1,T060_P03_H0500_I0800_CN030_F1,20.0,30.0,12.0,18.0,3.363518758085384,9.702457956015522,6.637821403198558,-13.266666666671767,2647.5,3333.0,0.6146903672089898,2.6921336548758035,0.0,537.0,-0.07729491481690487
India,unlimited_useful_deadline,T060_P03_H0500_I0800_F1,T060_P03_H0500_I0800_CN030_F1,T060_P03_H0500_I0800_CN040_F1,30.0,40.0,18.0,24.0,3.492884864165589,3.492884864165589,4.08423890744443,-1.6847222222138498,2838.5,3265.0,-0.09075309224387418,1.1619863045223866,-1.0,570.0,-0.07975328059261577
India,unlimited_useful_deadline,T060_P03_H0500_I0800_F1,T060_P03_H0500_I0800_CN040_F1,T060_P03_H0500_I0800_CN050_F1,40.0,50.0,24.0,30.0,5.562742561448893,3.6222509702458012,5.472768308441019,0.21527777776935864,3351.5,4086.0,0.38474005457767646,0.7932105467638166,7.0,433.5,-0.08564868714723173
India,unlimited_useful_deadline,T060_P03_H0500_I0800_F1,T060_P03_H0500_I0800_CN050_F1,T060_P03_H0500_I0800_CN060_F1,50.0,60.0,30.0,36.0,-0.2587322121603961,4.527813712807237,3.358439563192505,-9.215277777777601,2804.0,3309.0,-0.41978820760851754,0.6673062278593136,-2.0,539.0,-0.08292616957920584
India,unlimited_useful_deadline,T060_P03_H0500_I0800_F1,T060_P03_H0500_I0800_CN060_F1,T060_P03_H0500_I0800_CN070_F1,60.0,70.0,36.0,42.0,5.692108667529098,5.304010349288497,4.975559996700014,-0.43402777777788515,3453.0,4507.0,0.37505583257312836,0.34666338159473753,-2.0,406.5,-0.07716623741361017
India,unlimited_useful_deadline,T060_P03_H0500_I0800_F1,T060_P03_H0500_I0800_CN070_F1,T060_P03_H0500_I0800_CN080_F1,70.0,80.0,42.0,48.0,-1.8111254851229006,0.9055627425614432,-0.3163044589781947,23.550000000002967,2627.5,2781.0,-0.48460329718754735,0.2944159509113575,2.0,455.5,-0.08045188084791977
India,unlimited_useful_deadline,T060_P03_H0500_I0800_F1,T060_P03_H0500_I0800_CN080_F1,T060_P03_H0500_I0800_CN090_F1,80.0,90.0,48.0,54.0,-1.423027166882278,2.199223803363523,0.8347511402971861,0.9999999999971578,2753.5,3099.0,-0.19368507188543127,0.28156601003134085,-2.0,459.5,-0.07129670641442742
India,unlimited_useful_deadline,T060_P03_H0500_I0800_F1,T060_P03_H0500_I0800_CN090_F1,T060_P03_H0500_I0800_CN100_F1,90.0,100.0,54.0,60.0,-2.5873221216041316,-0.2587322121604103,-1.2407157109313829,-0.9999999999971578,2661.5,2681.0,-0.2665898588151059,0.2198981888700331,0.0,399.0,-0.09601635518608798
India,unlimited_useful_deadline,T060_P03_H0500_I0986_F1,T060_P03_H0500_I0986_CN000_F1,T060_P03_H0500_I0986_CN010_F1,0.0,10.0,0.0,6.0,36.222509702457955,0.258732212160414,17.229544232483484,,2874.5,4570.0,3.1972130085934216,67.33716475095785,4.0,604.5,0.8880616740088105
India,unlimited_useful_deadline,T060_P03_H0500_I0986_F1,T060_P03_H0500_I0986_CN010_F1,T060_P03_H0500_I0986_CN020_F1,10.0,20.0,6.0,12.0,13.454075032341521,29.75420439844761,14.831091230228786,21.068750000008265,2903.0,4303.0,0.721935239387868,16.17816217970916,2.0,521.0,-0.09796064219453715
India,unlimited_useful_deadline,T060_P03_H0500_I0986_F1,T060_P03_H0500_I0986_CN020_F1,T060_P03_H0500_I0986_CN030_F1,20.0,30.0,12.0,18.0,3.7516170763260135,13.19534282018111,5.708422229586617,0.015277777769597378,2126.0,3057.0,-0.056507028715879315,5.9778364290533545,3.0,476.0,-0.07724796929443833
India,unlimited_useful_deadline,T060_P03_H0500_I0986_F1,T060_P03_H0500_I0986_CN030_F1,T060_P03_H0500_I0986_CN040_F1,30.0,40.0,18.0,24.0,1.1642949547218535,7.503234152652006,5.007763141857154,-0.03402777777785104,2306.0,3192.0,-0.3169392734431291,3.6091386431051973,0.0,438.0,-0.07827329915794179
India,unlimited_useful_deadline,T060_P03_H0500_I0986_F1,T060_P03_H0500_I0986_CN040_F1,T060_P03_H0500_I0986_CN050_F1,40.0,50.0,24.0,30.0,0.0,6.7270375161707605,4.434053399904485,-0.8819444444442865,2224.0,2994.0,-0.37794826926404923,2.422703257748182,0.0,310.5,-0.08996810405047695
India,unlimited_useful_deadline,T060_P03_H0500_I0986_F1,T060_P03_H0500_I0986_CN050_F1,T060_P03_H0500_I0986_CN060_F1,50.0,60.0,30.0,36.0,0.0,6.080206985769735,2.5334187640000323,0.38194444444428655,2178.0,2904.0,-0.2565295012447386,1.6213287826267333,2.0,363.5,-0.06615869802940799
India,unlimited_useful_deadline,T060_P03_H0500_I0986_F1,T060_P03_H0500_I0986_CN060_F1,T060_P03_H0500_I0986_CN070_F1,60.0,70.0,36.0,42.0,0.0,1.552393272962476,1.6306291434954119,-3.8159722222222285,2071.5,2756.0,-0.1926382861504834,1.065105180855923,-2.0,250.5,-0.07777992874805295
India,unlimited_useful_deadline,T060_P03_H0500_I0986_F1,T060_P03_H0500_I0986_CN070_F1,T060_P03_H0500_I0986_CN080_F1,70.0,80.0,42.0,48.0,0.0,4.139715394566622,2.04405883692921,-0.3506944444444571,2292.0,3012.0,-0.2550528896036681,0.7356002259039229,2.0,379.0,-0.07783099909826774
India,unlimited_useful_deadline,T060_P03_H0500_I0986_F1,T060_P03_H0500_I0986_CN080_F1,T060_P03_H0500_I0986_CN090_F1,80.0,90.0,48.0,54.0,0.0,0.5174644243208348,0.1797637390857716,-10.347222222221887,1870.0,2564.0,-0.31496031287957216,0.695636510072319,1.0,233.0,-0.08432600278345914
India,unlimited_useful_deadline,T060_P03_H0500_I0986_F1,T060_P03_H0500_I0986_CN090_F1,T060_P03_H0500_I0986_CN100_F1,90.0,100.0,54.0,60.0,0.0,3.622250970245787,1.3887242700802034,0.0,2278.5,2960.0,-0.15410086024976977,0.3573240399673523,1.0,350.0,-0.08459364492492027
India,unlimited_useful_deadline,T060_P03_H0800_I0600_F1,T060_P03_H0800_I0600_CN000_F1,T060_P03_H0800_I0600_CN010_F1,0.0,10.0,0.0,6.0,12.548512289780078,1.811125485122897,10.982766894913603,44.60069444444429,2725.0,3870.0,2.6026764725384774,52.35141252410093,4.0,1151.5,0.8249390954348057
India,unlimited_useful_deadline,T060_P03_H0800_I0600_F1,T060_P03_H0800_I0600_CN010_F1,T060_P03_H0800_I0600_CN020_F1,10.0,20.0,6.0,12.0,6.985769728331178,0.0,9.35256678177457,47.61736111111094,3506.5,4617.0,2.8875605543060434,21.61648949258157,1.0,832.0,-0.09205695481961418
India,unlimited_useful_deadline,T060_P03_H0800_I0600_F1,T060_P03_H0800_I0600_CN020_F1,T060_P03_H0800_I0600_CN030_F1,20.0,30.0,12.0,18.0,2.975420439844754,32.85899094437258,15.705055589599056,158.2993055555567,3795.5,5147.0,1.6808435994671989,10.285669008079111,1.0,921.0,-0.12252178025483107
India,unlimited_useful_deadline,T060_P03_H0800_I0600_F1,T060_P03_H0800_I0600_CN030_F1,T060_P03_H0800_I0600_CN040_F1,30.0,40.0,18.0,24.0,2.069857697283325,4.139715394566615,4.193208141599101,-2.131944444445196,2895.5,3644.0,1.1293657239482453,5.166055259114145,3.0,756.5,-0.05952536242985951
India,unlimited_useful_deadline,T060_P03_H0800_I0600_F1,T060_P03_H0800_I0600_CN040_F1,T060_P03_H0800_I0600_CN050_F1,40.0,50.0,24.0,30.0,2.975420439844754,19.92238033635187,4.824176796360987,-0.9944444444409442,2993.0,3789.0,0.9878447054223027,3.2115405133051382,1.0,787.0,-0.08746533002845891
India,unlimited_useful_deadline,T060_P03_H0800_I0600_F1,T060_P03_H0800_I0600_CN050_F1,T060_P03_H0800_I0600_CN060_F1,50.0,60.0,30.0,36.0,3.1047865459249806,1.29366106080208,4.008181850102417,0.8298611111094942,3209.5,3874.0,0.6618186252287348,2.5039804227435383,-1.0,662.0,-0.056113157020843296
India,unlimited_useful_deadline,T060_P03_H0800_I0600_F1,T060_P03_H0800_I0600_CN060_F1,T060_P03_H0800_I0600_CN070_F1,60.0,70.0,36.0,42.0,1.8111254851228864,8.279430789133244,4.50268913380863,-57.56597222222359,3227.0,3885.0,0.2351921287174772,1.607911998956837,0.0,782.5,-0.08305721361619467
India,unlimited_useful_deadline,T060_P03_H0800_I0600_F1,T060_P03_H0800_I0600_CN070_F1,T060_P03_H0800_I0600_CN080_F1,70.0,80.0,42.0,48.0,1.552393272962476,-0.3880983182406226,1.8046760763296135,1.202777777777385,2894.5,3533.0,0.5191332441388141,1.4191959239959289,4.0,769.0,-0.045275433934361065
India,unlimited_useful_deadline,T060_P03_H0800_I0600_F1,T060_P03_H0800_I0600_CN080_F1,T060_P03_H0800_I0600_CN090_F1,80.0,90.0,48.0,54.0,0.12936610608021226,3.8809831824062115,2.693001078827848,-20.806944444444582,3308.0,3988.0,0.33918579051605313,1.0246983703642911,3.0,682.0,-0.05892480623762508
India,unlimited_useful_deadline,T060_P03_H0800_I0600_F1,T060_P03_H0800_I0600_CN090_F1,T060_P03_H0800_I0600_CN100_F1,90.0,100.0,54.0,60.0,2.4579560155239335,9.314359637774913,2.404939767144498,-15.467361111111188,3318.0,3987.0,0.26883972004606704,0.813046486758509,1.0,702.5,-0.08324831037542757
India,unlimited_useful_deadline,T060_P03_H0800_I0800_F1,T060_P03_H0800_I0800_CN000_F1,T060_P03_H0800_I0800_CN010_F1,0.0,10.0,0.0,6.0,23.156532988357057,3.751617076326003,23.564438537070522,,3712.5,5252.0,4.642411242053672,74.15014164305948,5.0,698.0,0.8978188754353957
India,unlimited_useful_deadline,T060_P03_H0800_I0800_F1,T060_P03_H0800_I0800_CN010_F1,T060_P03_H0800_I0800_CN020_F1,10.0,20.0,6.0,12.0,13.065976714100898,43.078913324708935,19.33237480642761,22.164583333332075,3824.5,5309.0,2.327998865447192,15.36160288056152,6.0,458.0,-0.10674119691060846
India,unlimited_useful_deadline,T060_P03_H0800_I0800_F1,T060_P03_H0800_I0800_CN020_F1,T060_P03_H0800_I0800_CN030_F1,20.0,30.0,12.0,18.0,9.702457956015529,13.583441138421733,9.003079160559466,-0.13194444444440023,3331.0,4233.0,1.5442732412262945,4.708585854791153,-1.0,667.0,-0.0710703079701529
India,unlimited_useful_deadline,T060_P03_H0800_I0800_F1,T060_P03_H0800_I0800_CN030_F1,T060_P03_H0800_I0800_CN040_F1,30.0,40.0,18.0,24.0,6.985769728331178,8.667529107373866,7.382429469043657,0.13194444444980036,3542.5,4264.0,0.809824316156341,2.56175698241006,2.0,614.0,-0.07524811052206237
India,unlimited_useful_deadline,T060_P03_H0800_I0800_F1,T060_P03_H0800_I0800_CN040_F1,T060_P03_H0800_I0800_CN050_F1,40.0,50.0,24.0,30.0,4.269081500646834,4.786545924967655,4.85967663133016,0.0,3243.0,3958.0,0.40343064254907723,1.0636423854639645,6.0,637.5,-0.07901401001542396
India,unlimited_useful_deadline,T060_P03_H0800_I0800_F1,T060_P03_H0800_I0800_CN050_F1,T060_P03_H0800_I0800_CN060_F1,50.0,60.0,30.0,36.0,2.3285899094437212,7.503234152651999,5.560157253070628,-2.565972222227515,3451.0,4142.0,0.09630979829679553,0.7784021981582612,-7.0,711.0,-0.07709790702197883
India,unlimited_useful_deadline,T060_P03_H0800_I0800_F1,T060_P03_H0800_I0800_CN060_F1,T060_P03_H0800_I0800_CN070_F1,60.0,70.0,36.0,42.0,2.846054333764556,3.7516170763260135,2.7057697333288075,2.4340277777777146,3383.0,4079.0,0.2989827080075358,0.48459908534022134,2.0,702.0,-0.0681581763285024
India,unlimited_useful_deadline,T060_P03_H0800_I0800_F1,T060_P03_H0800_I0800_CN070_F1,T060_P03_H0800_I0800_CN080_F1,70.0,80.0,42.0,48.0,2.3285899094437212,4.915912031047867,1.6046289668336868,-4.5659722222222285,3207.0,3885.0,-0.13614267201389119,0.44408705998921505,-1.0,614.0,-0.0747213034641998
India,unlimited_useful_deadline,T060_P03_H0800_I0800_F1,T060_P03_H0800_I0800_CN080_F1,T060_P03_H0800_I0800_CN090_F1,80.0,90.0,48.0,54.0,1.9404915912031129,5.045278137128065,1.2013839179193582,-10.302083333333371,3078.5,3767.0,-0.04813453357282427,0.26985797302324954,2.0,617.5,-0.06552851353109035
India,unlimited_useful_deadline,T060_P03_H0800_I0800_F1,T060_P03_H0800_I0800_CN090_F1,T060_P03_H0800_I0800_CN100_F1,90.0,100.0,54.0,60.0,1.552393272962476,3.1047865459249664,0.31973276067763834,-20.697916666646734,2873.0,3558.0,-0.18862057101803664,0.1773239372028712,1.0,425.5,-0.08715503305834327
India,unlimited_useful_deadline,T060_P03_H0800_I0986_F1,T060_P03_H0800_I0986_CN000_F1,T060_P03_H0800_I0986_CN010_F1,0.0,10.0,0.0,6.0,40.87968952134541,1.5523932729624836,17.419242617944438,27.383333333333326,3022.0,4561.0,3.3746209861566294,65.79825699981457,5.0,679.0,0.8942737231469626
India,unlimited_useful_deadline,T060_P03_H0800_I0986_F1,T060_P03_H0800_I0986_CN010_F1,T060_P03_H0800_I0986_CN020_F1,10.0,20.0,6.0,12.0,3.7516170763259993,36.9987063389392,14.023470792442609,10.15347222222232,3092.5,4376.0,1.6179134354098998,18.24511109870643,4.0,517.5,-0.09934692363496578
India,unlimited_useful_deadline,T060_P03_H0800_I0986_F1,T060_P03_H0800_I0986_CN020_F1,T060_P03_H0800_I0986_CN030_F1,20.0,30.0,12.0,18.0,0.12936610608020516,14.230271668822759,6.221323095834016,-1.4694444444444912,2574.0,3444.0,0.8211634995945065,5.743692799349603,1.0,848.0,-0.0690613570074814
India,unlimited_useful_deadline,T060_P03_H0800_I0986_F1,T060_P03_H0800_I0986_CN030_F1,T060_P03_H0800_I0986_CN040_F1,30.0,40.0,18.0,24.0,0.9055627425614503,6.209573091849947,5.045261857719211,1.1701388889285909,2819.0,3595.0,0.43603086054554296,3.753307297539564,2.0,624.0,-0.07477180446099618
India,unlimited_useful_deadline,T060_P03_H0800_I0986_F1,T060_P03_H0800_I0986_CN040_F1,T060_P03_H0800_I0986_CN050_F1,40.0,50.0,24.0,30.0,0.0,8.150064683053031,3.688504477978171,-8.868055555594992,2572.5,3347.0,-0.027014351474685228,2.2136893086929206,3.0,593.0,-0.08528738024437876
India,unlimited_useful_deadline,T060_P03_H0800_I0986_F1,T060_P03_H0800_I0986_CN050_F1,T060_P03_H0800_I0986_CN060_F1,50.0,60.0,30.0,36.0,0.12936610608020516,1.5523932729624903,2.1579550393109628,-5.8680555555557135,2677.0,3376.0,0.14576320994326153,1.4725213332034741,-2.0,593.0,-0.06723298388581611
India,unlimited_useful_deadline,T060_P03_H0800_I0986_F1,T060_P03_H0800_I0986_CN060_F1,T060_P03_H0800_I0986_CN070_F1,60.0,70.0,36.0,42.0,0.0,1.2936610608020658,1.2293074157480959,-34.82986111109034,2383.0,3119.0,-0.07445608795107539,0.9069342490213614,-2.0,459.5,-0.07107203734693202
India,unlimited_useful_deadline,T060_P03_H0800_I0986_F1,T060_P03_H0800_I0986_CN070_F1,T060_P03_H0800_I0986_CN080_F1,70.0,80.0,42.0,48.0,-0.12936610608020516,0.9055627425614432,1.8343803089565824,-7.00000000002035,2773.5,3467.0,-0.0643225509263523,0.8329058228528368,0.0,482.5,-0.08633942861718014
India,unlimited_useful_deadline,T060_P03_H0800_I0986_F1,T060_P03_H0800_I0986_CN080_F1,T060_P03_H0800_I0986_CN090_F1,80.0,90.0,48.0,54.0,0.2587322121604174,2.069857697283311,2.5931413219548745,-9.131944444444287,3019.0,3733.0,0.1406882800006901,0.6471837424939366,0.0,478.5,-0.07400126701911769
India,unlimited_useful_deadline,T060_P03_H0800_I0986_F1,T060_P03_H0800_I0986_CN090_F1,T060_P03_H0800_I0986_CN100_F1,90.0,100.0,54.0,60.0,0.0,7.891332470892635,2.8135988305480026,0.1291666666661513,2810.5,3536.0,-0.04097704445216621,0.38639734832530337,0.0,469.5,-0.09928659497923431
India,unlimited_useful_deadline,T060_P03_H1000_I0600_F1,T060_P03_H1000_I0600_CN000_F1,T060_P03_H1000_I0600_CN010_F1,0.0,10.0,0.0,6.0,15.265200517464422,1.423027166882278,10.753109130653336,-4.0,2838.0,3945.0,2.4596681213705036,53.309305373525554,4.0,1201.0,0.8191305233150072
India,unlimited_useful_deadline,T060_P03_H1000_I0600_F1,T060_P03_H1000_I0600_CN010_F1,T060_P03_H1000_I0600_CN020_F1,10.0,20.0,6.0,12.0,5.5627425614489,0.3880983182406208,9.2016983586891,0.0,3484.0,4551.0,2.6199540342083028,20.595575727851163,1.0,1055.5,-0.08361418666104914
India,unlimited_useful_deadline,T060_P03_H1000_I0600_F1,T060_P03_H1000_I0600_CN020_F1,T060_P03_H1000_I0600_CN030_F1,20.0,30.0,12.0,18.0,1.5523932729624903,33.11772315653299,14.415630081659685,10.300000000000011,3644.0,4975.0,1.645213681738479,10.594816601162577,1.0,975.0,-0.13290664031421495
India,unlimited_useful_deadline,T060_P03_H1000_I0600_F1,T060_P03_H1000_I0600_CN030_F1,T060_P03_H1000_I0600_CN040_F1,30.0,40.0,18.0,24.0,3.2341526520051787,1.5523932729624903,4.389277829452425,1.4847222222223877,2979.5,3705.0,1.2525674138139085,5.097193393287739,2.0,896.5,-0.05715747065219001
India,unlimited_useful_deadline,T060_P03_H1000_I0600_F1,T060_P03_H1000_I0600_CN040_F1,T060_P03_H1000_I0600_CN050_F1,40.0,50.0,24.0,30.0,3.363518758085391,22.380336351875798,4.576259207464275,-1.1319444444394549,3014.0,3802.0,1.040220022982929,3.3057642317327236,6.0,922.0,-0.0836918333689316
India,unlimited_useful_deadline,T060_P03_H1000_I0600_F1,T060_P03_H1000_I0600_CN050_F1,T060_P03_H1000_I0600_CN060_F1,50.0,60.0,30.0,36.0,3.4928848641655748,0.12936610608021226,5.045625741877018,0.6979166666615697,3290.5,3964.0,0.8670435619229657,2.340727156007489,-5.0,918.5,-0.0490177302197119
India,unlimited_useful_deadline,T060_P03_H1000_I0600_F1,T060_P03_H1000_I0600_CN060_F1,T060_P03_H1000_I0600_CN070_F1,60.0,70.0,36.0,42.0,1.0349288486416555,6.985769728331178,3.883387793435716,-45.0,3145.5,3820.0,0.34868186787779365,1.6936632853862505,2.0,832.5,-0.09014762324974268
India,unlimited_useful_deadline,T060_P03_H1000_I0600_F1,T060_P03_H1000_I0600_CN070_F1,T060_P03_H1000_I0600_CN080_F1,70.0,80.0,42.0,48.0,1.552393272962476,-0.2587322121604103,2.4840597576818197,-15.659722222216033,3222.0,3902.0,0.7573612226675639,1.2660805834622408,-1.0,781.5,-0.04603557114747581
India,unlimited_useful_deadline,T060_P03_H1000_I0600_F1,T060_P03_H1000_I0600_CN080_F1,T060_P03_H1000_I0600_CN090_F1,80.0,90.0,48.0,54.0,1.29366106080208,7.891332470892621,2.83082184656989,-21.170138888894655,3126.0,3814.0,0.3499732283348713,1.029913838777503,1.0,807.0,-0.06745151185353682
India,unlimited_useful_deadline,T060_P03_H1000_I0600_F1,T060_P03_H1000_I0600_CN090_F1,T060_P03_H1000_I0600_CN100_F1,90.0,100.0,54.0,60.0,1.0349288486416555,9.3143596377749,1.8040642646941762,-18.5305555555546,3255.0,3932.0,0.3390111617127882,0.7669598088067602,6.0,671.5,-0.07728706574824518
India,unlimited_useful_deadline,T060_P03_H1000_I0800_F1,T060_P03_H1000_I0800_CN000_F1,T060_P03_H1000_I0800_CN010_F1,0.0,10.0,0.0,6.0,20.3104786545925,11.513583441138422,19.80228541238848,-4.647222222221899,3490.0,4874.0,3.5475226252732215,67.98537774167343,5.0,629.5,0.884685078366253
India,unlimited_useful_deadline,T060_P03_H1000_I0800_F1,T060_P03_H1000_I0800_CN010_F1,T060_P03_H1000_I0800_CN020_F1,10.0,20.0,6.0,12.0,13.583441138421726,37.774902975420446,16.18865860076221,-0.5687500000000227,3662.5,4740.0,2.1454832717321075,18.497942859294227,2.0,446.0,-0.10107474431984853
India,unlimited_useful_deadline,T060_P03_H1000_I0800_F1,T060_P03_H1000_I0800_CN020_F1,T060_P03_H1000_I0800_CN030_F1,20.0,30.0,12.0,18.0,6.985769728331178,16.170763260025865,7.816268281456843,1.7006944444467536,3266.0,4067.0,1.5381105556244048,6.129512356574281,1.0,720.5,-0.06358037367141645
India,unlimited_useful_deadline,T060_P03_H1000_I0800_F1,T060_P03_H1000_I0800_CN030_F1,T060_P03_H1000_I0800_CN040_F1,30.0,40.0,18.0,24.0,7.891332470892635,7.503234152651999,5.897861252191959,-26.318055555558146,3247.5,3967.0,0.8176882658656872,2.9202023740360374,1.0,693.0,-0.07885761239848854
India,unlimited_useful_deadline,T060_P03_H1000_I0800_F1,T060_P03_H1000_I0800_CN040_F1,T060_P03_H1000_I0800_CN050_F1,40.0,50.0,24.0,30.0,3.4928848641655748,5.045278137128079,4.98979294254886,-13.133333333333383,3331.5,4029.0,0.6945138149499019,1.7536779551353163,2.0,718.0,-0.07274662012036659
India,unlimited_useful_deadline,T060_P03_H1000_I0800_F1,T060_P03_H1000_I0800_CN050_F1,T060_P03_H1000_I0800_CN060_F1,50.0,60.0,30.0,36.0,3.6222509702458012,3.7516170763260135,5.332723561070011,-29.378472222221603,3567.5,4266.0,0.3756720380749279,1.2044619177636804,2.0,820.0,-0.08424384371052884
India,unlimited_useful_deadline,T060_P03_H1000_I0800_F1,T060_P03_H1000_I0800_CN060_F1,T060_P03_H1000_I0800_CN070_F1,60.0,70.0,36.0,42.0,0.9055627425614574,2.199223803363509,2.26822026034624,27.678472222221615,3179.0,3869.0,0.31336840608414107,0.49401923681197957,-2.0,631.0,-0.0540463572323342
India,unlimited_useful_deadline,T060_P03_H1000_I0800_F1,T060_P03_H1000_I0800_CN070_F1,T060_P03_H1000_I0800_CN080_F1,70.0,80.0,42.0,48.0,2.846054333764556,5.30401034928849,1.7530952570322853,-42.41458333333162,3227.0,3935.0,0.04780079537084525,0.38887763321503144,0.0,573.5,-0.08188273054414141
India,unlimited_useful_deadline,T060_P03_H1000_I0800_F1,T060_P03_H1000_I0800_CN080_F1,T060_P03_H1000_I0800_CN090_F1,80.0,90.0,48.0,54.0,2.0698576972832967,1.423027166882278,0.7387523529255589,-8.263888888889994,3063.0,3755.0,0.07636657814535575,0.37362663187848,3.0,843.5,-0.06249657393357877
India,unlimited_useful_deadline,T060_P03_H1000_I0800_F1,T060_P03_H1000_I0800_CN090_F1,T060_P03_H1000_I0800_CN100_F1,90.0,100.0,54.0,60.0,1.423027166882278,6.856403622250966,0.686258914605375,-40.66249999999954,2883.0,3590.0,-0.07507639248375853,0.25230129361753484,-2.0,580.0,-0.08653935649490019
India,unlimited_useful_deadline,T060_P03_H1000_I0986_F1,T060_P03_H1000_I0986_CN000_F1,T060_P03_H1000_I0986_CN010_F1,0.0,10.0,0.0,6.0,36.61060802069858,5.433376455368694,16.040541417827747,-9.75,2996.0,4456.0,2.984088201215539,63.29246935201401,4.0,719.0,0.8902430098082272
India,unlimited_useful_deadline,T060_P03_H1000_I0986_F1,T060_P03_H1000_I0986_CN010_F1,T060_P03_H1000_I0986_CN020_F1,10.0,20.0,6.0,12.0,6.856403622250973,35.83441138421733,14.87416739562191,7.636111111111177,3269.0,4500.0,1.9403800083948486,20.107686567353397,5.0,558.0,-0.09720638858395558
India,unlimited_useful_deadline,T060_P03_H1000_I0986_F1,T060_P03_H1000_I0986_CN020_F1,T060_P03_H1000_I0986_CN030_F1,20.0,30.0,12.0,18.0,0.6468305304010329,11.254851228978005,5.961277597880965,-3.9618055555320666,2715.0,3594.0,1.0579516381604979,6.021769854533744,1.0,776.0,-0.07600904796023222
India,unlimited_useful_deadline,T060_P03_H1000_I0986_F1,T060_P03_H1000_I0986_CN030_F1,T060_P03_H1000_I0986_CN040_F1,30.0,40.0,18.0,24.0,0.776196636481238,6.985769728331178,4.304185666414753,-7.4340277777817505,2741.0,3525.0,0.5603547893964507,3.9310357778827125,2.0,731.0,-0.07180359802999359
India,unlimited_useful_deadline,T060_P03_H1000_I0986_F1,T060_P03_H1000_I0986_CN040_F1,T060_P03_H1000_I0986_CN050_F1,40.0,50.0,24.0,30.0,0.2587322121604174,7.11513583441139,4.09010869838913,1.0937499999812985,2892.5,3644.0,0.3514410027103114,2.249404629142404,1.0,660.0,-0.07885499422922604
India,unlimited_useful_deadline,T060_P03_H1000_I0986_F1,T060_P03_H1000_I0986_CN050_F1,T060_P03_H1000_I0986_CN060_F1,50.0,60.0,30.0,36.0,0.2587322121604103,1.0349288486416555,1.8821856109991586,-9.000000000000625,2695.0,3424.0,0.2576253111206519,1.5383505127933006,-1.0,615.5,-0.06846851052906056
India,unlimited_useful_deadline,T060_P03_H1000_I0986_F1,T060_P03_H1000_I0986_CN060_F1,T060_P03_H1000_I0986_CN070_F1,60.0,70.0,36.0,42.0,1.0349288486416555,3.2341526520051644,3.1115588742707416,-23.16458333331485,3215.0,3919.0,0.4259740063414501,1.0367980991798333,1.0,621.5,-0.07137214476958897
India,unlimited_useful_deadline,T060_P03_H1000_I0986_F1,T060_P03_H1000_I0986_CN070_F1,T060_P03_H1000_I0986_CN080_F1,70.0,80.0,42.0,48.0,0.2587322121604174,3.6222509702458012,2.124833735003236,-16.502777777796496,2956.5,3663.0,0.05614958373173806,0.8508886582726234,0.0,593.0,-0.07933326180782174
India,unlimited_useful_deadline,T060_P03_H1000_I0986_F1,T060_P03_H1000_I0986_CN080_F1,T060_P03_H1000_I0986_CN090_F1,80.0,90.0,48.0,54.0,0.6468305304010329,2.9754204398447683,2.4806737518601807,-11.166666666666686,2904.5,3647.0,0.1097386148346775,0.5540492525755951,1.0,558.0,-0.06717033049203125
India,unlimited_useful_deadline,T060_P03_H1000_I0986_F1,T060_P03_H1000_I0986_CN090_F1,T060_P03_H1000_I0986_CN100_F1,90.0,100.0,54.0,60.0,0.38809831824061547,6.338939197930145,3.286647439189821,-6.031249999977206,3293.0,3998.0,0.16519109305831492,0.41754729625237985,0.0,457.0,-0.08900813693084131
India,unlimited_useful_deadline,T060_P05_H0500_I0600_F1,T060_P05_H0500_I0600_CN000_F1,T060_P05_H0500_I0600_CN010_F1,0.0,10.0,0.0,6.0,1.1642949547218677,1.423027166882278,16.513875023042615,0.0,2943.5,4423.0,3.7590899348962203,56.50017105713308,5.0,1049.0,0.7638383038620569
India,unlimited_useful_deadline,T060_P05_H0500_I0600_F1,T060_P05_H0500_I0600_CN010_F1,T060_P05_H0500_I0600_CN020_F1,10.0,20.0,6.0,12.0,-0.5174644243208348,9.702457956015525,6.060788879681311,178.65000000000003,2771.5,3650.0,2.019973059528521,17.970383047885782,1.0,628.5,-0.05787132759786684
India,unlimited_useful_deadline,T060_P05_H0500_I0600_F1,T060_P05_H0500_I0600_CN020_F1,T060_P05_H0500_I0600_CN030_F1,20.0,30.0,12.0,18.0,1.0349288486416555,12.677878395860287,4.722030868935235,1.0833333333333144,2955.0,4127.0,1.3212503477624988,8.951351274112696,1.0,492.0,-0.08884393444689387
India,unlimited_useful_deadline,T060_P05_H0500_I0600_F1,T060_P05_H0500_I0600_CN030_F1,T060_P05_H0500_I0600_CN040_F1,30.0,40.0,18.0,24.0,-0.2587322121604245,22.76843467011642,5.088591594017629,0.33680555557231173,2927.0,3796.0,0.578578596487656,5.443227901326395,0.0,384.5,-0.06335216931923138
India,unlimited_useful_deadline,T060_P05_H0500_I0600_F1,T060_P05_H0500_I0600_CN040_F1,T060_P05_H0500_I0600_CN050_F1,40.0,50.0,24.0,30.0,-2.0698576972832967,12.936610608020708,2.777743886423309,-2.167361111125615,3377.5,4163.0,0.5076856695867296,4.148235853065572,2.0,450.0,-0.057154885975641445
India,unlimited_useful_deadline,T060_P05_H0500_I0600_F1,T060_P05_H0500_I0600_CN050_F1,T060_P05_H0500_I0600_CN060_F1,50.0,60.0,30.0,36.0,-0.5174644243208348,3.2341526520051644,0.8014752759253554,-7.131944444438943,3373.5,4121.0,0.3179674450647809,2.3232111822337487,1.0,569.0,-0.0743960203633709
India,unlimited_useful_deadline,T060_P05_H0500_I0600_F1,T060_P05_H0500_I0600_CN060_F1,T060_P05_H0500_I0600_CN070_F1,60.0,70.0,36.0,42.0,0.5174644243208348,3.492884864165603,1.4998531436036302,-34.69791666666936,3233.0,3877.0,-0.12197017784678899,2.1658192594668577,-1.0,244.0,-0.04821636336688839
India,unlimited_useful_deadline,T060_P05_H0500_I0600_F1,T060_P05_H0500_I0600_CN070_F1,T060_P05_H0500_I0600_CN080_F1,70.0,80.0,42.0,48.0,0.6468305304010329,0.5174644243208206,0.09638038123796377,-21.571527777778215,3728.5,4642.0,0.1438326766253688,0.735938720536538,2.0,179.0,-0.07503854934403642
India,unlimited_useful_deadline,T060_P05_H0500_I0600_F1,T060_P05_H0500_I0600_CN080_F1,T060_P05_H0500_I0600_CN090_F1,80.0,90.0,48.0,54.0,-3.2341526520051787,-0.2587322121604103,0.09209680873847503,-24.9006944444439,3493.0,4246.0,-0.10331859269339638,0.9983751563762127,1.0,295.5,-0.05108315008501174
India,unlimited_useful_deadline,T060_P05_H0500_I0600_F1,T060_P05_H0500_I0600_CN090_F1,T060_P05_H0500_I0600_CN100_F1,90.0,100.0,54.0,60.0,0.7761966364812452,2.4579560155239335,1.6795173841650666,3.9034722222178857,3418.0,4126.0,-0.2540622866876028,0.7632865478631174,-2.0,457.5,-0.0822729995901148
India,unlimited_useful_deadline,T060_P05_H0500_I0800_F1,T060_P05_H0500_I0800_CN000_F1,T060_P05_H0500_I0800_CN010_F1,0.0,10.0,0.0,6.0,37.386804657179816,8.15006468305304,34.825277820209834,,4054.0,6380.0,4.952385065978511,85.46661748432312,7.0,-35.0,0.895732452922475
India,unlimited_useful_deadline,T060_P05_H0500_I0800_F1,T060_P05_H0500_I0800_CN010_F1,T060_P05_H0500_I0800_CN020_F1,10.0,20.0,6.0,12.0,7.3738680465718005,51.48771021992238,16.105622637922067,-15.444444444446901,3204.5,4317.0,0.32912062768528827,8.957540633105737,4.0,38.0,-0.11446881384407459
India,unlimited_useful_deadline,T060_P05_H0500_I0800_F1,T060_P05_H0500_I0800_CN020_F1,T060_P05_H0500_I0800_CN030_F1,20.0,30.0,12.0,18.0,6.597671410090555,13.324708926261316,10.211387958935816,-32.00555555554109,3681.5,4567.0,0.41525410476483415,2.8946589121454025,0.0,294.0,-0.09495495418379041
India,unlimited_useful_deadline,T060_P05_H0500_I0800_F1,T060_P05_H0500_I0800_CN030_F1,T060_P05_H0500_I0800_CN040_F1,30.0,40.0,18.0,24.0,2.5873221216041316,5.9508408796895225,2.398733220208001,-31.131944444459066,2249.5,2910.0,-1.250575845849216,1.1355879163299107,0.0,55.5,-0.08368995258436107
India,unlimited_useful_deadline,T060_P05_H0500_I0800_F1,T060_P05_H0500_I0800_CN040_F1,T060_P05_H0500_I0800_CN050_F1,40.0,50.0,24.0,30.0,1.29366106080208,3.1047865459249806,3.18014743629233,-7.466666666667038,2903.0,3613.0,-0.33259844293665886,0.5318783793156143,-1.0,16.0,-0.08375054779401059
India,unlimited_useful_deadline,T060_P05_H0500_I0800_F1,T060_P05_H0500_I0800_CN050_F1,T060_P05_H0500_I0800_CN060_F1,50.0,60.0,30.0,36.0,3.492884864165589,2.069857697283311,3.401250539025426,-16.66527777777577,3382.0,4069.0,-0.1396001000554712,0.35880483598927526,1.0,197.0,-0.04505589054687631
India,unlimited_useful_deadline,T060_P05_H0500_I0800_F1,T060_P05_H0500_I0800_CN060_F1,T060_P05_H0500_I0800_CN070_F1,60.0,70.0,36.0,42.0,1.6817593790426884,-0.2587322121604245,1.446128257253747,23.266666666664833,2808.5,3455.0,-0.25508772050891615,0.10948035597837702,-2.0,252.5,-0.09420285224251979
India,unlimited_useful_deadline,T060_P05_H0500_I0800_F1,T060_P05_H0500_I0800_CN070_F1,T060_P05_H0500_I0800_CN080_F1,70.0,80.0,42.0,48.0,2.975420439844754,3.492884864165589,2.405131522207853,-27.868055555553354,3828.0,4731.0,-0.03773033507300383,0.35619606667660264,1.0,6.5,-0.08027877121095428
India,unlimited_useful_deadline,T060_P05_H0500_I0800_F1,T060_P05_H0500_I0800_CN080_F1,T060_P05_H0500_I0800_CN090_F1,80.0,90.0,48.0,54.0,0.5174644243208348,2.5873221216041458,1.9491159982751043,28.736111111109068,3000.0,3670.0,-0.33760779217181813,-0.05847612295653448,2.0,236.0,-0.0674016496428198
India,unlimited_useful_deadline,T060_P05_H0500_I0800_F1,T060_P05_H0500_I0800_CN090_F1,T060_P05_H0500_I0800_CN100_F1,90.0,100.0,54.0,60.0,2.975420439844754,3.2341526520051644,2.7883529435922867,-25.302083333333798,3398.0,4120.0,-0.19213375323599102,0.24771153909249222,0.0,36.0,-0.08566426427404972
India,unlimited_useful_deadline,T060_P05_H0500_I0986_F1,T060_P05_H0500_I0986_CN000_F1,T060_P05_H0500_I0986_CN010_F1,0.0,10.0,0.0,6.0,29.754204398447605,9.055627425614489,26.248040098122566,,3652.0,5232.0,3.806352686952885,78.44744455159113,5.0,174.5,0.9036784088185958
India,unlimited_useful_deadline,T060_P05_H0500_I0986_F1,T060_P05_H0500_I0986_CN010_F1,T060_P05_H0500_I0986_CN020_F1,10.0,20.0,6.0,12.0,23.027166882276845,31.69469598965071,18.188338547491092,0.21874999999954525,3705.0,4823.0,0.7008542963893714,14.426571196440364,3.0,41.5,-0.09940729832986861
India,unlimited_useful_deadline,T060_P05_H0500_I0986_F1,T060_P05_H0500_I0986_CN020_F1,T060_P05_H0500_I0986_CN030_F1,20.0,30.0,12.0,18.0,12.03104786545925,13.065976714100898,11.774108316939305,-1.2645833333323822,4314.5,5286.0,0.7583489542879001,3.4757135109332467,1.0,700.5,-0.09561777095672652
India,unlimited_useful_deadline,T060_P05_H0500_I0986_F1,T060_P05_H0500_I0986_CN030_F1,T060_P05_H0500_I0986_CN040_F1,30.0,40.0,18.0,24.0,10.996119016817588,14.618369987063403,7.074164803809666,0.13194444444428655,3381.5,4199.0,-0.35807104145014,1.9560708133854376,2.0,23.5,-0.08164986755580839
India,unlimited_useful_deadline,T060_P05_H0500_I0986_F1,T060_P05_H0500_I0986_CN040_F1,T060_P05_H0500_I0986_CN050_F1,40.0,50.0,24.0,30.0,10.478654592496781,8.667529107373852,8.036118438234752,0.43125000000060254,3856.0,4771.0,-0.11806091273638586,0.8845922571674834,0.0,220.0,-0.08953845047263331
India,unlimited_useful_deadline,T060_P05_H0500_I0986_F1,T060_P05_H0500_I0986_CN050_F1,T060_P05_H0500_I0986_CN060_F1,50.0,60.0,30.0,36.0,6.468305304010343,6.468305304010357,4.495731658088133,-3.1319444444453097,3582.5,4460.0,-0.3696023328831881,0.360066577015246,-2.0,162.0,-0.05657860472470255
India,unlimited_useful_deadline,T060_P05_H0500_I0986_F1,T060_P05_H0500_I0986_CN060_F1,T060_P05_H0500_I0986_CN070_F1,60.0,70.0,36.0,42.0,3.1047865459249664,6.727037516170768,2.9320432428022656,-33.13472222222225,3208.0,3860.0,-0.5946451189452517,0.3779354751801236,1.0,122.0,-0.08117054477731722
India,unlimited_useful_deadline,T060_P05_H0500_I0986_F1,T060_P05_H0500_I0986_CN070_F1,T060_P05_H0500_I0986_CN080_F1,70.0,80.0,42.0,48.0,0.7761966364812309,9.184993531694701,1.4762770648928267,-38.78055555555551,3307.0,4208.0,-0.37405087952076777,0.07160561828696643,0.0,298.0,-0.07468423745845199
India,unlimited_useful_deadline,T060_P05_H0500_I0986_F1,T060_P05_H0500_I0986_CN080_F1,T060_P05_H0500_I0986_CN090_F1,80.0,90.0,48.0,54.0,0.2587322121604245,-2.5873221216041458,-0.18025958517547735,-16.565972222222342,2564.0,3189.0,-0.5151248405891415,0.0,6.0,151.0,-0.08585464861098369
India,unlimited_useful_deadline,T060_P05_H0500_I0986_F1,T060_P05_H0500_I0986_CN090_F1,T060_P05_H0500_I0986_CN100_F1,90.0,100.0,54.0,60.0,0.0,2.975420439844754,0.2492548417515934,-35.30208333333323,2586.0,3281.0,-0.5011957739084174,0.0,0.0,29.5,-0.0849071673140811
India,unlimited_useful_deadline,T060_P05_H0800_I0600_F1,T060_P05_H0800_I0600_CN000_F1,T060_P05_H0800_I0600_CN010_F1,0.0,10.0,0.0,6.0,1.9404915912031129,3.2341526520051787,16.645737969053535,253.53402777777856,3030.5,4415.0,3.23560464400462,58.53259934629279,6.0,1433.5,0.7673554581506994
India,unlimited_useful_deadline,T060_P05_H0800_I0600_F1,T060_P05_H0800_I0600_CN010_F1,T060_P05_H0800_I0600_CN020_F1,10.0,20.0,6.0,12.0,-0.12936610608021226,11.1254851228978,6.4391813434746865,-9.165972222206108,2901.5,3896.0,2.2383298224247667,17.46143358732359,2.0,918.0,-0.046159628890353854
India,unlimited_useful_deadline,T060_P05_H0800_I0600_F1,T060_P05_H0800_I0600_CN020_F1,T060_P05_H0800_I0600_CN030_F1,20.0,30.0,12.0,18.0,0.12936610608021226,12.677878395860283,4.1564325925504875,8.26666666667029,2840.0,3895.0,1.5132870727552223,8.739187889439577,-1.0,679.0,-0.08677247880024508
India,unlimited_useful_deadline,T060_P05_H0800_I0600_F1,T060_P05_H0800_I0600_CN030_F1,T060_P05_H0800_I0600_CN040_F1,30.0,40.0,18.0,24.0,0.0,20.3104786545925,5.0879228690238705,-1.266666666683534,3183.0,4112.0,1.2243375164322305,5.271868235468219,1.0,728.0,-0.07129376262789555
India,unlimited_useful_deadline,T060_P05_H0800_I0600_F1,T060_P05_H0800_I0600_CN040_F1,T060_P05_H0800_I0600_CN050_F1,40.0,50.0,24.0,30.0,2.5873221216041458,9.443725743855111,2.0007638422604686,2.1673611111102673,3306.0,4099.0,0.8806489742217636,3.5327500525130375,3.0,619.5,-0.06261042951188878
India,unlimited_useful_deadline,T060_P05_H0800_I0600_F1,T060_P05_H0800_I0600_CN050_F1,T060_P05_H0800_I0600_CN060_F1,50.0,60.0,30.0,36.0,0.0,6.209573091849933,1.3252478486318893,-17.90069444444032,3358.5,4148.0,0.6589669981891664,2.1494798311177306,-2.0,852.0,-0.07001577880651788
India,unlimited_useful_deadline,T060_P05_H0800_I0600_F1,T060_P05_H0800_I0600_CN060_F1,T060_P05_H0800_I0600_CN070_F1,60.0,70.0,36.0,42.0,0.0,2.5873221216041316,0.5251165748198474,9.466666666659876,3236.0,3886.0,0.28427140680045504,2.0600631505473785,0.0,400.5,-0.03414282481426034
India,unlimited_useful_deadline,T060_P05_H0800_I0600_F1,T060_P05_H0800_I0600_CN070_F1,T060_P05_H0800_I0600_CN080_F1,70.0,80.0,42.0,48.0,-2.716688227684358,0.2587322121604245,0.5607072205736756,3.099305555555759,3829.0,4758.0,0.4663749246602489,0.5963141169439297,0.0,379.0,-0.07501875037933448
India,unlimited_useful_deadline,T060_P05_H0800_I0600_F1,T060_P05_H0800_I0600_CN080_F1,T060_P05_H0800_I0600_CN090_F1,80.0,90.0,48.0,54.0,2.4579560155239335,0.9055627425614432,0.11745796241346795,-101.61736111111145,3592.5,4336.0,0.16967173835561766,0.8780633312074713,2.0,313.5,-0.061932405813044156
India,unlimited_useful_deadline,T060_P05_H0800_I0600_F1,T060_P05_H0800_I0600_CN090_F1,T060_P05_H0800_I0600_CN100_F1,90.0,100.0,54.0,60.0,0.0,2.199223803363509,0.8747527200791154,-1.045138888886214,3432.0,4179.0,-0.04253848133879501,0.778240459146275,0.0,606.5,-0.06984824849778493
India,unlimited_useful_deadline,T060_P05_H0800_I0800_F1,T060_P05_H0800_I0800_CN000_F1,T060_P05_H0800_I0800_CN010_F1,0.0,10.0,0.0,6.0,32.341526520051744,7.503234152652006,29.800114757605176,,4056.0,5914.0,4.534511099071964,80.31069994763484,7.0,292.0,0.8854852993269573
India,unlimited_useful_deadline,T060_P05_H0800_I0800_F1,T060_P05_H0800_I0800_CN010_F1,T060_P05_H0800_I0800_CN020_F1,10.0,20.0,6.0,12.0,15.006468305304004,54.980595084087966,20.351789567712814,17.372222222222547,3598.5,4931.0,1.6030435497820275,11.92730594890763,2.0,236.0,-0.11119801477867508
India,unlimited_useful_deadline,T060_P05_H0800_I0800_F1,T060_P05_H0800_I0800_CN020_F1,T060_P05_H0800_I0800_CN030_F1,20.0,30.0,12.0,18.0,3.1047865459249806,8.796895213454071,7.417412016191847,-22.868055555554747,3512.5,4390.0,0.721367100019032,3.7978196486288596,2.0,424.0,-0.0914874803387864
India,unlimited_useful_deadline,T060_P05_H0800_I0800_F1,T060_P05_H0800_I0800_CN030_F1,T060_P05_H0800_I0800_CN040_F1,30.0,40.0,18.0,24.0,2.069857697283311,9.055627425614503,4.766472176026056,-52.90069444444492,3434.5,4151.0,-0.042505583380965106,1.3465825165202716,-1.0,249.0,-0.08685624488956978
India,unlimited_useful_deadline,T060_P05_H0800_I0800_F1,T060_P05_H0800_I0800_CN040_F1,T060_P05_H0800_I0800_CN050_F1,40.0,50.0,24.0,30.0,4.01034928848641,1.8111254851228864,3.6200948684777643,-30.17013888888735,3051.0,3761.0,-0.12239607590811374,1.342075134085988,2.0,4.5,-0.08994043818334596
India,unlimited_useful_deadline,T060_P05_H0800_I0800_F1,T060_P05_H0800_I0800_CN050_F1,T060_P05_H0800_I0800_CN060_F1,50.0,60.0,30.0,36.0,8.538163001293668,6.727037516170768,4.536746134417555,-4.131944444442581,3885.5,4631.0,0.10238719234595273,0.37292751466142704,-2.0,173.0,-0.07011144062201691
India,unlimited_useful_deadline,T060_P05_H0800_I0800_F1,T060_P05_H0800_I0800_CN060_F1,T060_P05_H0800_I0800_CN070_F1,60.0,70.0,36.0,42.0,0.7761966364812309,7.503234152651999,3.448684777921528,14.33472222221846,3225.0,3870.0,-0.08787776836003225,0.4392060243166185,-1.0,263.0,-0.056699514493039116
India,unlimited_useful_deadline,T060_P05_H0800_I0800_F1,T060_P05_H0800_I0800_CN070_F1,T060_P05_H0800_I0800_CN080_F1,70.0,80.0,42.0,48.0,2.4579560155239335,-2.4579560155239335,0.14630690568594673,-32.46944444444455,3470.0,4390.0,-0.19157153527613247,0.2928489243094248,2.0,-81.5,-0.09473722407023732
India,unlimited_useful_deadline,T060_P05_H0800_I0800_F1,T060_P05_H0800_I0800_CN080_F1,T060_P05_H0800_I0800_CN090_F1,80.0,90.0,48.0,54.0,-0.2587322121603961,2.199223803363523,0.3118647200147677,-3.99999999999946,3030.0,3752.0,-0.3449216217609159,0.10222003440105709,2.0,193.0,-0.07293963640514423
India,unlimited_useful_deadline,T060_P05_H0800_I0800_F1,T060_P05_H0800_I0800_CN090_F1,T060_P05_H0800_I0800_CN100_F1,90.0,100.0,54.0,60.0,0.9055627425614432,3.8809831824062115,0.530555042198003,-30.62152777775779,2764.0,3459.0,-0.37891604316993543,0.06831430653387827,2.0,-70.0,-0.08964571613234074
India,unlimited_useful_deadline,T060_P05_H0800_I0986_F1,T060_P05_H0800_I0986_CN000_F1,T060_P05_H0800_I0986_CN010_F1,0.0,10.0,0.0,6.0,41.39715394566624,6.985769728331178,25.292556946381108,188.43472222222226,4003.0,5525.0,4.27709238439624,77.36563209689629,6.0,332.5,0.9011283657993916
India,unlimited_useful_deadline,T060_P05_H0800_I0986_F1,T060_P05_H0800_I0986_CN010_F1,T060_P05_H0800_I0986_CN020_F1,10.0,20.0,6.0,12.0,15.78266494178525,43.20827943078914,20.138109520943836,-0.8652777777760434,4006.5,5328.0,1.6434819515215118,14.68541804881771,4.0,160.5,-0.1114866886003405
India,unlimited_useful_deadline,T060_P05_H0800_I0986_F1,T060_P05_H0800_I0986_CN020_F1,T060_P05_H0800_I0986_CN030_F1,20.0,30.0,12.0,18.0,12.160413971539455,16.817593790426898,10.823831631538724,-2.266666666666879,4303.5,5332.0,1.0790156598140115,5.290140355531221,-1.0,658.5,-0.08425186997481293
India,unlimited_useful_deadline,T060_P05_H0800_I0986_F1,T060_P05_H0800_I0986_CN030_F1,T060_P05_H0800_I0986_CN040_F1,30.0,40.0,18.0,24.0,6.338939197930131,9.702457956015536,5.148299839793708,-13.986111111112677,3692.0,4427.0,0.13352148785969398,1.4914509608783106,0.0,261.5,-0.06667452944646035
India,unlimited_useful_deadline,T060_P05_H0800_I0986_F1,T060_P05_H0800_I0986_CN040_F1,T060_P05_H0800_I0986_CN050_F1,40.0,50.0,24.0,30.0,6.338939197930159,5.692108667529098,5.5419677347232295,-32.31597222221677,3268.5,3939.0,-0.27637552687076905,0.7101348753735266,1.0,250.0,-0.08269803427721456
India,unlimited_useful_deadline,T060_P05_H0800_I0986_F1,T060_P05_H0800_I0986_CN050_F1,T060_P05_H0800_I0986_CN060_F1,50.0,60.0,30.0,36.0,2.4579560155239335,-0.12936610608021226,1.4487528426726328,-16.56597222222763,2966.5,3670.0,-0.45900139293755693,0.1429338128244666,1.0,293.0,-0.05746419676421932
India,unlimited_useful_deadline,T060_P05_H0800_I0986_F1,T060_P05_H0800_I0986_CN060_F1,T060_P05_H0800_I0986_CN070_F1,60.0,70.0,36.0,42.0,0.5174644243208206,8.538163001293668,3.313743536900077,-34.82708333329913,2846.0,3472.0,-0.5630890130852677,0.19959185689334902,-2.0,190.5,-0.09405970555628329
India,unlimited_useful_deadline,T060_P05_H0800_I0986_F1,T060_P05_H0800_I0986_CN070_F1,T060_P05_H0800_I0986_CN080_F1,70.0,80.0,42.0,48.0,0.6468305304010329,7.503234152652013,0.8945962762262809,-18.000000000032685,3263.0,4147.0,-0.26054636917335827,0.08498570675484984,2.0,369.0,-0.08458475994510084
India,unlimited_useful_deadline,T060_P05_H0800_I0986_F1,T060_P05_H0800_I0986_CN080_F1,T060_P05_H0800_I0986_CN090_F1,80.0,90.0,48.0,54.0,-0.12936610608019805,-2.069857697283325,-0.20973205319906185,24.129166666675815,2826.5,3532.0,-0.3409990148107127,0.028202487437411605,-2.0,180.5,-0.0724677319691136
India,unlimited_useful_deadline,T060_P05_H0800_I0986_F1,T060_P05_H0800_I0986_CN090_F1,T060_P05_H0800_I0986_CN100_F1,90.0,100.0,54.0,60.0,0.38809831824060836,3.6222509702458012,0.33258246712321693,-91.46944444444742,2583.0,3262.0,-0.4401690691448703,0.0015097985928633761,2.0,26.5,-0.07623590447055473
India,unlimited_useful_deadline,T060_P05_H1000_I0600_F1,T060_P05_H1000_I0600_CN000_F1,T060_P05_H1000_I0600_CN010_F1,0.0,10.0,0.0,6.0,0.2587322121604245,1.5523932729624867,13.612108874602,3.316666666666663,2931.0,4270.0,2.772497855630938,57.85947280260954,4.0,1534.0,0.7782390837508948
India,unlimited_useful_deadline,T060_P05_H1000_I0600_F1,T060_P05_H1000_I0600_CN010_F1,T060_P05_H1000_I0600_CN020_F1,10.0,20.0,6.0,12.0,1.4230271668822638,9.702457956015522,6.808999222985491,-2.9819444444234477,2931.0,3863.0,2.1778246347592107,18.28699624708532,1.0,1022.0,-0.050990646565978404
India,unlimited_useful_deadline,T060_P05_H1000_I0600_F1,T060_P05_H1000_I0600_CN020_F1,T060_P05_H1000_I0600_CN030_F1,20.0,30.0,12.0,18.0,0.6468305304010329,15.912031047865462,5.048445943627982,7.082638888889164,3124.5,4229.0,1.820886010083841,8.46170013253419,2.0,1015.5,-0.08550020696023175
India,unlimited_useful_deadline,T060_P05_H1000_I0600_F1,T060_P05_H1000_I0600_CN030_F1,T060_P05_H1000_I0600_CN040_F1,30.0,40.0,18.0,24.0,2.3285899094437355,19.534282018111256,4.572717909011885,-3.431250000020725,2879.5,3836.0,1.0631924158274657,5.560591301117412,0.0,631.0,-0.06526337778563374
India,unlimited_useful_deadline,T060_P05_H1000_I0600_F1,T060_P05_H1000_I0600_CN040_F1,T060_P05_H1000_I0600_CN050_F1,40.0,50.0,24.0,30.0,-2.716688227684344,6.985769728331178,1.133718595209217,0.832638888889278,3300.5,4100.0,1.045950714725235,3.046183393349807,0.0,905.5,-0.07338548374590581
India,unlimited_useful_deadline,T060_P05_H1000_I0600_F1,T060_P05_H1000_I0600_CN050_F1,T060_P05_H1000_I0600_CN060_F1,50.0,60.0,30.0,36.0,2.3285899094437212,7.244501940491588,1.9938283603081004,-7.92916666666747,3301.0,4062.0,0.7837814159218972,2.7535585752086718,2.0,739.5,-0.0675552588146453
India,unlimited_useful_deadline,T060_P05_H1000_I0600_F1,T060_P05_H1000_I0600_CN060_F1,T060_P05_H1000_I0600_CN070_F1,60.0,70.0,36.0,42.0,0.5174644243208206,2.069857697283311,-0.09758001561282015,8.061111111112723,3277.0,4009.0,0.5053188609916166,1.597354195021751,0.0,532.5,-0.04556341845780043
India,unlimited_useful_deadline,T060_P05_H1000_I0600_F1,T060_P05_H1000_I0600_CN070_F1,T060_P05_H1000_I0600_CN080_F1,70.0,80.0,42.0,48.0,0.12936610608021226,-0.2587322121604103,0.7817046341636598,-25.09374999999369,3941.5,4856.0,0.6670133726508656,0.8563902002053823,2.0,491.0,-0.05703800384872659
India,unlimited_useful_deadline,T060_P05_H1000_I0600_F1,T060_P05_H1000_I0600_CN080_F1,T060_P05_H1000_I0600_CN090_F1,80.0,90.0,48.0,54.0,-3.1047865459249664,1.2936610608020658,-0.11354765453124571,-55.47222222223013,3336.5,4068.0,0.17304403185520023,0.8284536534503673,-1.0,182.5,-0.07710643345632495
India,unlimited_useful_deadline,T060_P05_H1000_I0600_F1,T060_P05_H1000_I0600_CN090_F1,T060_P05_H1000_I0600_CN100_F1,90.0,100.0,54.0,60.0,3.2341526520051787,0.3880983182406226,0.3030303030302832,-37.70069444444434,3599.5,4370.0,0.15769814239255808,0.7492994994175604,2.0,554.5,-0.06473460437283696
India,unlimited_useful_deadline,T060_P05_H1000_I0800_F1,T060_P05_H1000_I0800_CN000_F1,T060_P05_H1000_I0800_CN010_F1,0.0,10.0,0.0,6.0,33.50582147477362,13.71280724450194,27.64813236701641,,3896.5,5652.0,3.741178916647937,73.63110008271299,7.0,425.5,0.8841496206664747
India,unlimited_useful_deadline,T060_P05_H1000_I0800_F1,T060_P05_H1000_I0800_CN010_F1,T060_P05_H1000_I0800_CN020_F1,10.0,20.0,6.0,12.0,6.8564036222509515,46.44243208279431,16.061283055964225,0.43402777777788515,3387.5,4573.0,1.5819251372642649,14.214115925768326,1.0,284.5,-0.11716097854092955
India,unlimited_useful_deadline,T060_P05_H1000_I0800_F1,T060_P05_H1000_I0800_CN020_F1,T060_P05_H1000_I0800_CN030_F1,20.0,30.0,12.0,18.0,5.433376455368702,11.384217335058217,7.25557679552611,0.0,3804.0,4685.0,1.222056169401455,5.672707914005741,0.0,719.0,-0.097599126302651
India,unlimited_useful_deadline,T060_P05_H1000_I0800_F1,T060_P05_H1000_I0800_CN030_F1,T060_P05_H1000_I0800_CN040_F1,30.0,40.0,18.0,24.0,3.492884864165589,7.632600258732211,4.147144347261289,-79.56597222222217,3233.5,3963.0,0.08532170237929115,2.529434911757022,1.0,204.5,-0.08919037752949355
India,unlimited_useful_deadline,T060_P05_H1000_I0800_F1,T060_P05_H1000_I0800_CN040_F1,T060_P05_H1000_I0800_CN050_F1,40.0,50.0,24.0,30.0,5.045278137128079,6.080206985769735,5.278342471097972,-5.9673611111114155,3547.5,4262.0,0.3462615808741134,1.6896213081313363,1.0,285.5,-0.08497134310008825
India,unlimited_useful_deadline,T060_P05_H1000_I0800_F1,T060_P05_H1000_I0800_CN050_F1,T060_P05_H1000_I0800_CN060_F1,50.0,60.0,30.0,36.0,3.4928848641655748,4.915912031047853,2.0875685332347587,-30.4340277777778,3585.5,4323.0,0.06967652484496512,0.9263253696357765,2.0,39.5,-0.06321011635320839
India,unlimited_useful_deadline,T060_P05_H1000_I0800_F1,T060_P05_H1000_I0800_CN060_F1,T060_P05_H1000_I0800_CN070_F1,60.0,70.0,36.0,42.0,2.5873221216041458,4.398447606727046,1.8197498921949062,-14.12916666666655,3012.0,3670.0,-0.05793855953614724,0.43119007318512104,-1.0,-47.5,-0.07946693364122415
India,unlimited_useful_deadline,T060_P05_H1000_I0800_F1,T060_P05_H1000_I0800_CN070_F1,T060_P05_H1000_I0800_CN080_F1,70.0,80.0,42.0,48.0,1.5523932729624903,0.0,-0.021355674654500945,-7.302083333332291,3272.0,4182.0,-0.14653722022717552,0.4019409925799806,0.0,244.0,-0.05919272147264998
India,unlimited_useful_deadline,T060_P05_H1000_I0800_F1,T060_P05_H1000_I0800_CN080_F1,T060_P05_H1000_I0800_CN090_F1,80.0,90.0,48.0,54.0,-0.9055627425614432,5.174644243208263,0.74062095730919,-6.035416666667629,3092.0,3853.0,-0.23754987736818656,0.26098481159269227,2.0,-16.0,-0.07253623562406242
India,unlimited_useful_deadline,T060_P05_H1000_I0800_F1,T060_P05_H1000_I0800_CN090_F1,T060_P05_H1000_I0800_CN100_F1,90.0,100.0,54.0,60.0,0.7761966364812309,0.2587322121604245,0.05174644243207638,-32.26666666663667,2721.0,3438.0,-0.321876918560001,0.24257861063101416,-1.0,60.5,-0.0853817311148406
India,unlimited_useful_deadline,T060_P05_H1000_I0986_F1,T060_P05_H1000_I0986_CN000_F1,T060_P05_H1000_I0986_CN010_F1,0.0,10.0,0.0,6.0,46.05433376455369,10.996119016817595,25.45867437857254,182.56805555555715,3972.5,5614.0,3.8449454029343935,74.05999838279291,5.0,376.5,0.9022293288839451
India,unlimited_useful_deadline,T060_P05_H1000_I0986_F1,T060_P05_H1000_I0986_CN010_F1,T060_P05_H1000_I0986_CN020_F1,10.0,20.0,6.0,12.0,12.160413971539448,42.302716688227676,14.644707346246129,0.05000000000183036,3620.0,4708.0,1.5129586143943152,16.95851541330032,3.0,141.5,-0.10804010467493153
India,unlimited_useful_deadline,T060_P05_H1000_I0986_F1,T060_P05_H1000_I0986_CN020_F1,T060_P05_H1000_I0986_CN030_F1,20.0,30.0,12.0,18.0,6.468305304010357,17.33505821474774,9.681512231646593,-2.0000000000006253,4258.0,5208.0,1.366469160875667,5.322559346885825,-1.0,881.5,-0.08296222838724221
India,unlimited_useful_deadline,T060_P05_H1000_I0986_F1,T060_P05_H1000_I0986_CN030_F1,T060_P05_H1000_I0986_CN040_F1,30.0,40.0,18.0,24.0,11.772315653298833,6.597671410090555,6.909954999046377,-37.5986111111107,3690.5,4391.0,0.4362833005046767,2.2083860728839397,3.0,226.0,-0.07758764881064462
India,unlimited_useful_deadline,T060_P05_H1000_I0986_F1,T060_P05_H1000_I0986_CN040_F1,T060_P05_H1000_I0986_CN050_F1,40.0,50.0,24.0,30.0,4.269081500646834,3.492884864165589,4.033749777604882,-33.91944444444766,3277.0,3980.0,-0.045385723280013224,0.7110857458565363,-1.0,323.5,-0.0742621857488508
India,unlimited_useful_deadline,T060_P05_H1000_I0986_F1,T060_P05_H1000_I0986_CN050_F1,T060_P05_H1000_I0986_CN060_F1,50.0,60.0,30.0,36.0,1.552393272962476,4.01034928848641,1.7703806901737238,-10.910416666665924,3006.5,3715.0,-0.24536480517843096,0.28803942387676784,1.0,73.0,-0.07102846791547623
India,unlimited_useful_deadline,T060_P05_H1000_I0986_F1,T060_P05_H1000_I0986_CN060_F1,T060_P05_H1000_I0986_CN070_F1,60.0,70.0,36.0,42.0,0.12936610608021226,2.716688227684358,2.6363922838696254,-8.870833333331461,2953.0,3627.0,-0.38014565288447244,0.31617282580856454,0.0,360.5,-0.08528923066911864
India,unlimited_useful_deadline,T060_P05_H1000_I0986_F1,T060_P05_H1000_I0986_CN070_F1,T060_P05_H1000_I0986_CN080_F1,70.0,80.0,42.0,48.0,0.5174644243208348,9.3143596377749,1.604195000055313,-15.565972222170188,3326.5,4223.0,-0.13891632751596816,0.11380125799972518,1.0,365.5,-0.08396339074204451
India,unlimited_useful_deadline,T060_P05_H1000_I0986_F1,T060_P05_H1000_I0986_CN080_F1,T060_P05_H1000_I0986_CN090_F1,80.0,90.0,48.0,54.0,1.1642949547218535,1.0349288486416555,0.1339999658240174,-9.39861111116565,2751.0,3460.0,-0.2926601946417069,0.015393021552895902,-1.0,2.0,-0.08353715596576161
India,unlimited_useful_deadline,T060_P05_H1000_I0986_F1,T060_P05_H1000_I0986_CN090_F1,T060_P05_H1000_I0986_CN100_F1,90.0,100.0,54.0,60.0,0.0,1.423027166882278,0.12633550149720918,-74.03541666664336,2634.0,3325.0,-0.37119639128490256,0.006048509042514638,2.0,97.0,-0.08155460815706905
India,unlimited_useful_deadline,T060_P10_H0500_I0600_F1,T060_P10_H0500_I0600_CN000_F1,T060_P10_H0500_I0600_CN010_F1,0.0,10.0,0.0,6.0,0.0,1.6817593790426906,15.639291329727897,,2864.5,4263.0,3.047216096739924,51.806451612903224,4.0,865.5,0.781724195431049
India,unlimited_useful_deadline,T060_P10_H0500_I0600_F1,T060_P10_H0500_I0600_CN010_F1,T060_P10_H0500_I0600_CN020_F1,10.0,20.0,6.0,12.0,0.12936610608019805,30.271668822768433,10.430101572798165,0.46666666666652645,2982.5,4241.0,1.747411931828145,21.234659195700097,3.0,575.0,-0.09336797923527751
India,unlimited_useful_deadline,T060_P10_H0500_I0600_F1,T060_P10_H0500_I0600_CN020_F1,T060_P10_H0500_I0600_CN030_F1,20.0,30.0,12.0,18.0,0.0,29.75420439844761,8.095973941493995,-0.7798611111108471,2974.0,4164.0,0.9665688931744647,8.956174594267566,1.0,427.5,-0.08561159756592329
India,unlimited_useful_deadline,T060_P10_H0500_I0600_F1,T060_P10_H0500_I0600_CN030_F1,T060_P10_H0500_I0600_CN040_F1,30.0,40.0,18.0,24.0,0.0,2.846054333764556,2.6635538922490127,-0.4666666666197443,3015.0,3753.0,0.6505374474364736,6.28996371554193,3.0,445.0,-0.04647383561329166
India,unlimited_useful_deadline,T060_P10_H0500_I0600_F1,T060_P10_H0500_I0600_CN040_F1,T060_P10_H0500_I0600_CN050_F1,40.0,50.0,24.0,30.0,-1.6817593790426884,15.912031047865455,3.4717046173658446,-27.131944444475323,2712.5,3433.0,0.1345819875393044,3.8174254510347367,0.0,459.5,-0.08193880837887524
India,unlimited_useful_deadline,T060_P10_H0500_I0600_F1,T060_P10_H0500_I0600_CN050_F1,T060_P10_H0500_I0600_CN060_F1,50.0,60.0,30.0,36.0,2.199223803363523,1.423027166882278,2.174277938526643,-18.038194444460544,3332.0,4060.0,0.22760410505615347,2.5432326703714523,-1.0,509.0,-0.04290059805937685
India,unlimited_useful_deadline,T060_P10_H0500_I0600_F1,T060_P10_H0500_I0600_CN060_F1,T060_P10_H0500_I0600_CN070_F1,60.0,70.0,36.0,42.0,0.7761966364812452,2.846054333764556,2.1178849935326554,-24.665277777771053,3473.5,4197.0,0.22320121229793877,2.2070310942906417,3.0,446.5,-0.06342483321433456
India,unlimited_useful_deadline,T060_P10_H0500_I0600_F1,T060_P10_H0500_I0600_CN070_F1,T060_P10_H0500_I0600_CN080_F1,70.0,80.0,42.0,48.0,1.0349288486416555,5.30401034928849,3.014742166296571,-1.733333333332041,3255.5,4016.0,0.036792136818109,0.9228394436681242,-1.0,185.0,-0.059677840443186136
India,unlimited_useful_deadline,T060_P10_H0500_I0600_F1,T060_P10_H0500_I0600_CN080_F1,T060_P10_H0500_I0600_CN090_F1,80.0,90.0,48.0,54.0,1.0349288486416555,3.2341526520051644,2.148202977218503,-12.434027777785673,3401.5,4083.0,-0.062207152359111006,1.4454209844444819,1.0,476.5,-0.07336585128138728
India,unlimited_useful_deadline,T060_P10_H0500_I0600_F1,T060_P10_H0500_I0600_CN090_F1,T060_P10_H0500_I0600_CN100_F1,90.0,100.0,54.0,60.0,0.6468305304010329,1.29366106080208,0.7161361954108258,13.604166666672938,3104.0,3882.0,-0.20355414327413257,0.7768012377777467,-1.0,194.0,-0.07478689727068999
India,unlimited_useful_deadline,T060_P10_H0500_I0800_F1,T060_P10_H0500_I0800_CN000_F1,T060_P10_H0500_I0800_CN010_F1,0.0,10.0,0.0,6.0,34.28201811125485,10.219922380336351,36.360887157858514,,4377.5,6543.0,5.256470680662545,88.40480274442538,8.0,-136.0,0.8885620915032679
India,unlimited_useful_deadline,T060_P10_H0500_I0800_F1,T060_P10_H0500_I0800_CN010_F1,T060_P10_H0500_I0800_CN020_F1,10.0,20.0,6.0,12.0,18.499353169469607,47.34799482535576,16.107826120960823,6.520833333339624,3617.5,4869.0,0.4282074745920603,6.583289343428547,0.0,46.0,-0.10282306862138779
India,unlimited_useful_deadline,T060_P10_H0500_I0800_F1,T060_P10_H0500_I0800_CN020_F1,T060_P10_H0500_I0800_CN030_F1,20.0,30.0,12.0,18.0,4.52781371280723,18.75808538163001,8.2021142652994,-15.999999999965041,3018.5,3824.0,-0.5665067042968612,3.447653139163563,0.0,234.5,-0.10615181768054294
India,unlimited_useful_deadline,T060_P10_H0500_I0800_F1,T060_P10_H0500_I0800_CN030_F1,T060_P10_H0500_I0800_CN040_F1,30.0,40.0,18.0,24.0,2.3285899094437355,1.9404915912030987,2.6352837187248497,-2.1701388889232476,3047.5,3780.0,0.014412551973656207,0.27505504371444545,1.0,478.0,-0.07592546219926599
India,unlimited_useful_deadline,T060_P10_H0500_I0800_F1,T060_P10_H0500_I0800_CN040_F1,T060_P10_H0500_I0800_CN050_F1,40.0,50.0,24.0,30.0,4.915912031047867,6.209573091849947,5.241152049043379,-37.09930555556241,3309.5,4003.0,-0.08725957298437237,0.3993309517086914,0.0,178.0,-0.10273436420504845
India,unlimited_useful_deadline,T060_P10_H0500_I0800_F1,T060_P10_H0500_I0800_CN050_F1,T060_P10_H0500_I0800_CN060_F1,50.0,60.0,30.0,36.0,5.433376455368688,4.786545924967655,5.643890391626471,-2.9999999999936904,3886.0,4596.0,0.24444204707711137,0.4407076520144386,1.0,236.5,-0.051117789044555995
India,unlimited_useful_deadline,T060_P10_H0500_I0800_F1,T060_P10_H0500_I0800_CN060_F1,T060_P10_H0500_I0800_CN070_F1,60.0,70.0,36.0,42.0,4.01034928848641,3.492884864165589,1.797166826274207,-15.299305555560181,3385.0,4080.0,-0.0630772684208516,0.10617039970757958,0.0,195.0,-0.07599233607340472
India,unlimited_useful_deadline,T060_P10_H0500_I0800_F1,T060_P10_H0500_I0800_CN070_F1,T060_P10_H0500_I0800_CN080_F1,70.0,80.0,42.0,48.0,2.8460543337645703,3.622250970245787,3.278044723710977,-12.131944444446049,3522.0,4274.0,-0.06719553412843027,0.2332527463668015,-1.0,161.0,-0.048628146266051386
India,unlimited_useful_deadline,T060_P10_H0500_I0800_F1,T060_P10_H0500_I0800_CN080_F1,T060_P10_H0500_I0800_CN090_F1,80.0,90.0,48.0,54.0,1.552393272962476,3.2341526520051787,1.1671930915139086,-27.999999999988802,3645.5,4440.0,-0.04982103602650234,0.07366023192459181,2.0,28.0,-0.095072504367949
India,unlimited_useful_deadline,T060_P10_H0500_I0800_F1,T060_P10_H0500_I0800_CN090_F1,T060_P10_H0500_I0800_CN100_F1,90.0,100.0,54.0,60.0,0.0,0.3880983182406226,0.05880277549100299,-22.434027777788998,2438.5,3069.0,-0.4129941258661578,0.03607774754595994,0.0,16.0,-0.08093697050872928
India,unlimited_useful_deadline,T060_P10_H0500_I0986_F1,T060_P10_H0500_I0986_CN000_F1,T060_P10_H0500_I0986_CN010_F1,0.0,10.0,0.0,6.0,53.557567917205695,7.373868046571798,38.8648821728139,,4764.0,6893.0,2.131456260777054,88.70525636891325,6.0,-94.0,0.8954096335940718
India,unlimited_useful_deadline,T060_P10_H0500_I0986_F1,T060_P10_H0500_I0986_CN010_F1,T060_P10_H0500_I0986_CN020_F1,10.0,20.0,6.0,12.0,7.373868046571786,46.95989650711513,18.023956456587015,1.7048611111290484,4167.0,5446.0,0.12059602896528965,7.311717302607619,3.0,8.5,-0.09236798772261379
India,unlimited_useful_deadline,T060_P10_H0500_I0986_F1,T060_P10_H0500_I0986_CN020_F1,T060_P10_H0500_I0986_CN030_F1,20.0,30.0,12.0,18.0,12.16041397153947,12.807244501940488,9.051654015397446,0.11180555553761451,3659.5,4525.0,-0.3204843776501196,2.026295387893896,0.0,349.0,-0.09223474503048545
India,unlimited_useful_deadline,T060_P10_H0500_I0986_F1,T060_P10_H0500_I0986_CN030_F1,T060_P10_H0500_I0986_CN040_F1,30.0,40.0,18.0,24.0,1.9404915912031129,12.548512289780078,5.665258971073641,-4.4493055555554974,3253.0,3994.0,-0.6036207859944147,0.8630758759206998,1.0,310.0,-0.06738515886323837
India,unlimited_useful_deadline,T060_P10_H0500_I0986_F1,T060_P10_H0500_I0986_CN040_F1,T060_P10_H0500_I0986_CN050_F1,40.0,50.0,24.0,30.0,5.174644243208263,4.527813712807244,4.103898473238701,-51.53055555555551,3531.0,4201.0,0.07377290213624921,0.46903044003990146,0.0,161.0,-0.08631247874454373
India,unlimited_useful_deadline,T060_P10_H0500_I0986_F1,T060_P10_H0500_I0986_CN050_F1,T060_P10_H0500_I0986_CN060_F1,50.0,60.0,30.0,36.0,2.069857697283325,3.6222509702458012,2.6022342613545817,-24.56874999999644,2876.5,3602.0,-0.44960200401807704,0.36078908914402064,0.0,60.0,-0.0868255885114666
India,unlimited_useful_deadline,T060_P10_H0500_I0986_F1,T060_P10_H0500_I0986_CN060_F1,T060_P10_H0500_I0986_CN070_F1,60.0,70.0,36.0,42.0,3.751617076325985,11.254851228978012,2.773451932572243,-21.997222222225787,3485.5,4073.0,-0.01156719915725457,0.10191903287706339,1.0,176.0,-0.06853598299381725
India,unlimited_useful_deadline,T060_P10_H0500_I0986_F1,T060_P10_H0500_I0986_CN070_F1,T060_P10_H0500_I0986_CN080_F1,70.0,80.0,42.0,48.0,0.2587322121604245,-2.5873221216041458,-0.1919382902565303,-0.8680555555555998,2591.0,3338.0,-0.21266421113498168,0.10648319894663416,2.0,93.5,-0.06672253599466127
India,unlimited_useful_deadline,T060_P10_H0500_I0986_F1,T060_P10_H0500_I0986_CN080_F1,T060_P10_H0500_I0986_CN090_F1,80.0,90.0,48.0,54.0,0.0,3.492884864165589,0.33023035610357,-48.868055555554605,3265.0,4078.0,-0.0686394498219105,0.003965720665433992,-1.0,39.0,-0.07379123367264517
India,unlimited_useful_deadline,T060_P10_H0500_I0986_F1,T060_P10_H0500_I0986_CN090_F1,T060_P10_H0500_I0986_CN100_F1,90.0,100.0,54.0,60.0,0.0,0.0,0.0,-21.09375000000111,2669.5,3368.0,-0.15515998777466944,0.05146758299147791,-1.0,86.5,-0.09070276576256808
India,unlimited_useful_deadline,T060_P10_H0800_I0600_F1,T060_P10_H0800_I0600_CN000_F1,T060_P10_H0800_I0600_CN010_F1,0.0,10.0,0.0,6.0,0.0,3.6222509702457955,14.021885927869306,,2801.5,4030.0,2.6813327882649904,51.113603589168406,4.0,1161.0,0.804810525246368
India,unlimited_useful_deadline,T060_P10_H0800_I0600_F1,T060_P10_H0800_I0600_CN010_F1,T060_P10_H0800_I0600_CN020_F1,10.0,20.0,6.0,12.0,-0.38809831824060836,24.320827943078914,10.119015526268868,1.4805555555479941,2998.0,4228.0,2.016348682694267,22.178960541148726,2.0,849.0,-0.10802774827491168
India,unlimited_useful_deadline,T060_P10_H0800_I0600_F1,T060_P10_H0800_I0600_CN020_F1,T060_P10_H0800_I0600_CN030_F1,20.0,30.0,12.0,18.0,0.2587322121604103,28.97800776196637,7.487175922051307,2.648611111109858,3039.5,4175.0,1.4241134469060501,8.618907140603582,4.0,754.0,-0.07850294158050963
India,unlimited_useful_deadline,T060_P10_H0800_I0600_F1,T060_P10_H0800_I0600_CN030_F1,T060_P10_H0800_I0600_CN040_F1,30.0,40.0,18.0,24.0,0.0,5.9508408796895225,2.785838372892144,-1.5277777777756683,3262.5,4079.0,1.2431484951730027,6.075144776952655,-1.0,852.5,-0.04275832684645642
India,unlimited_useful_deadline,T060_P10_H0800_I0600_F1,T060_P10_H0800_I0600_CN040_F1,T060_P10_H0800_I0600_CN050_F1,40.0,50.0,24.0,30.0,-0.3880983182406226,15.006468305304011,3.645696723944212,-48.50486111110507,2911.0,3762.0,0.6852582226086312,4.063026267322812,0.0,717.5,-0.06444863626217834
India,unlimited_useful_deadline,T060_P10_H0800_I0600_F1,T060_P10_H0800_I0600_CN050_F1,T060_P10_H0800_I0600_CN060_F1,50.0,60.0,30.0,36.0,0.12936610608021226,1.1642949547218535,2.6721847937889294,18.565972222213873,3553.0,4261.0,0.5779418816712933,2.358446755469572,0.0,672.5,-0.04928365478839636
India,unlimited_useful_deadline,T060_P10_H0800_I0600_F1,T060_P10_H0800_I0600_CN060_F1,T060_P10_H0800_I0600_CN070_F1,60.0,70.0,36.0,42.0,0.0,4.139715394566622,1.2066142855275928,-33.23124999999948,3520.0,4282.0,0.44358302378889114,2.410716022380285,2.0,533.0,-0.06887753692660814
India,unlimited_useful_deadline,T060_P10_H0800_I0600_F1,T060_P10_H0800_I0600_CN070_F1,T060_P10_H0800_I0600_CN080_F1,70.0,80.0,42.0,48.0,0.2587322121604103,4.657179818887457,2.2824857333266095,1.6979166666688457,3308.0,4110.0,0.24712487867896016,1.0083374172720028,3.0,207.5,-0.05214148400982044
India,unlimited_useful_deadline,T060_P10_H0800_I0600_F1,T060_P10_H0800_I0600_CN080_F1,T060_P10_H0800_I0600_CN090_F1,80.0,90.0,48.0,54.0,0.12936610608019805,5.5627425614489,1.566309929828705,-34.997222222223684,3604.5,4335.0,0.1497691807787458,1.449928780626081,0.0,528.0,-0.062499281625479686
India,unlimited_useful_deadline,T060_P10_H0800_I0600_F1,T060_P10_H0800_I0600_CN090_F1,T060_P10_H0800_I0600_CN100_F1,90.0,100.0,54.0,60.0,0.12936610608021226,6.209573091849933,1.306186985359048,-12.434027777755233,3165.5,3899.0,-0.07105143826992766,0.7229287090558785,1.0,422.5,-0.08901334274425365
India,unlimited_useful_deadline,T060_P10_H0800_I0800_F1,T060_P10_H0800_I0800_CN000_F1,T060_P10_H0800_I0800_CN010_F1,0.0,10.0,0.0,6.0,31.30659767141009,14.359637774902975,30.202826872706005,,4004.5,5713.0,4.298750292997746,83.8387349031193,7.0,152.0,0.8778217607614105
India,unlimited_useful_deadline,T060_P10_H0800_I0800_F1,T060_P10_H0800_I0800_CN010_F1,T060_P10_H0800_I0800_CN020_F1,10.0,20.0,6.0,12.0,19.01681759379042,37.77490297542043,16.347712844244377,5.636111111119476,3755.5,5048.0,1.609307451344085,9.39470358268511,1.0,302.0,-0.10723365965729514
India,unlimited_useful_deadline,T060_P10_H0800_I0800_F1,T060_P10_H0800_I0800_CN020_F1,T060_P10_H0800_I0800_CN030_F1,20.0,30.0,12.0,18.0,8.408796895213456,24.450194049159123,10.878632594265483,-4.334722222212463,3595.5,4427.0,0.6363506785358553,4.210382810597864,1.0,519.0,-0.10399928980304773
India,unlimited_useful_deadline,T060_P10_H0800_I0800_F1,T060_P10_H0800_I0800_CN030_F1,T060_P10_H0800_I0800_CN040_F1,30.0,40.0,18.0,24.0,5.045278137128079,1.6817593790426884,3.6784822910307895,-31.797222222244386,3322.0,4112.0,0.4726801946234893,0.9156369291341662,0.0,535.0,-0.07961955152152655
India,unlimited_useful_deadline,T060_P10_H0800_I0800_F1,T060_P10_H0800_I0800_CN040_F1,T060_P10_H0800_I0800_CN050_F1,40.0,50.0,24.0,30.0,1.552393272962476,5.30401034928849,3.9946265463729986,-21.771527777778033,3066.5,3850.0,-0.01100346583459455,0.6043255027902177,-1.0,258.5,-0.09510518008413604
India,unlimited_useful_deadline,T060_P10_H0800_I0800_F1,T060_P10_H0800_I0800_CN050_F1,T060_P10_H0800_I0800_CN060_F1,50.0,60.0,30.0,36.0,5.562742561448914,6.0802069857697205,5.658913100698342,-42.13194444442064,3929.5,4619.0,0.3951665044750694,0.7138904023540675,0.0,194.5,-0.05524729677424656
India,unlimited_useful_deadline,T060_P10_H0800_I0800_F1,T060_P10_H0800_I0800_CN060_F1,T060_P10_H0800_I0800_CN070_F1,60.0,70.0,36.0,42.0,4.527813712807244,0.7761966364812452,1.8411802370405468,-11.565972222215436,3528.5,4252.0,0.13231055243499945,0.09599758199365738,4.0,265.0,-0.0559608811105734
India,unlimited_useful_deadline,T060_P10_H0800_I0800_F1,T060_P10_H0800_I0800_CN070_F1,T060_P10_H0800_I0800_CN080_F1,70.0,80.0,42.0,48.0,0.6468305304010187,6.080206985769735,1.5749996733179046,-0.46944444447598244,3001.0,3792.0,-0.18043872172830255,0.15454916670330476,-1.0,230.0,-0.05584718623207108
India,unlimited_useful_deadline,T060_P10_H0800_I0800_F1,T060_P10_H0800_I0800_CN080_F1,T060_P10_H0800_I0800_CN090_F1,80.0,90.0,48.0,54.0,0.2587322121604245,2.069857697283311,0.3872816130254648,-8.0,3137.0,3889.0,-0.12691774365600317,0.07177912062230973,-1.0,52.5,-0.07887718235963881
India,unlimited_useful_deadline,T060_P10_H0800_I0800_F1,T060_P10_H0800_I0800_CN090_F1,T060_P10_H0800_I0800_CN100_F1,90.0,100.0,54.0,60.0,0.0,1.423027166882278,0.20914187149632824,-41.39861111110005,2610.0,3305.0,-0.269034013001459,0.0,1.0,-14.0,-0.08333914079147764
India,unlimited_useful_deadline,T060_P10_H0800_I0986_F1,T060_P10_H0800_I0986_CN000_F1,T060_P10_H0800_I0986_CN010_F1,0.0,10.0,0.0,6.0,39.19793014230272,5.950840879689522,34.93643609679099,,4665.5,6468.0,2.6065203575637987,83.57437242412888,7.0,-101.5,0.8885672330606251
India,unlimited_useful_deadline,T060_P10_H0800_I0986_F1,T060_P10_H0800_I0986_CN010_F1,T060_P10_H0800_I0986_CN020_F1,10.0,20.0,6.0,12.0,6.727037516170768,51.09961190168176,17.21431041122024,-6.46249999999992,4407.0,5595.0,0.7303970132420838,9.882010986674857,2.0,243.5,-0.09129664350796851
India,unlimited_useful_deadline,T060_P10_H0800_I0986_F1,T060_P10_H0800_I0986_CN020_F1,T060_P10_H0800_I0986_CN030_F1,20.0,30.0,12.0,18.0,13.712807244501946,11.901681759379038,8.698735121061404,-0.43402777777777146,3789.5,4606.0,-0.01968663171665508,3.352413414806591,4.0,374.0,-0.08397883513827131
India,unlimited_useful_deadline,T060_P10_H0800_I0986_F1,T060_P10_H0800_I0986_CN030_F1,T060_P10_H0800_I0986_CN040_F1,30.0,40.0,18.0,24.0,6.727037516170753,14.747736093143601,7.179379304267641,-61.070138888889005,3369.5,4133.0,-0.36825109776373566,1.5792285054201898,-3.0,366.5,-0.0934565859995049
India,unlimited_useful_deadline,T060_P10_H0800_I0986_F1,T060_P10_H0800_I0986_CN040_F1,T060_P10_H0800_I0986_CN050_F1,40.0,50.0,24.0,30.0,0.2587322121604103,2.199223803363523,1.1299746681376774,-5.965277777773224,2952.5,3627.0,-0.13865102915352523,0.6233474215531203,2.0,135.0,-0.05934975111747387
India,unlimited_useful_deadline,T060_P10_H0800_I0986_F1,T060_P10_H0800_I0986_CN050_F1,T060_P10_H0800_I0986_CN060_F1,50.0,60.0,30.0,36.0,0.12936610608021226,13.971539456662342,2.800384178133214,-55.228472222215686,2879.5,3582.0,-0.3445882476256541,0.3613033447138889,-2.0,213.5,-0.08648605732300751
India,unlimited_useful_deadline,T060_P10_H0800_I0986_F1,T060_P10_H0800_I0986_CN060_F1,T060_P10_H0800_I0986_CN070_F1,60.0,70.0,36.0,42.0,0.0,-0.6468305304010329,-0.056385328054147976,3.3402777777981782,3059.0,3748.0,-0.1072063004060162,0.3232268865392598,-1.0,163.5,-0.05837927680964272
India,unlimited_useful_deadline,T060_P10_H0800_I0986_F1,T060_P10_H0800_I0986_CN070_F1,T060_P10_H0800_I0986_CN080_F1,70.0,80.0,42.0,48.0,0.0,-2.069857697283311,-0.22900414232886135,18.055555555527235,2701.0,3483.0,-0.1413406615264794,0.12810264798299897,4.0,182.5,-0.07032991749187278
India,unlimited_useful_deadline,T060_P10_H0800_I0986_F1,T060_P10_H0800_I0986_CN080_F1,T060_P10_H0800_I0986_CN090_F1,80.0,90.0,48.0,54.0,0.0,2.846054333764556,0.29976348216969484,-65.69791666666589,3160.5,3937.0,-0.0655062803198021,0.08051378256595854,-1.0,112.5,-0.07165717426949136
India,unlimited_useful_deadline,T060_P10_H0800_I0986_F1,T060_P10_H0800_I0986_CN090_F1,T060_P10_H0800_I0986_CN100_F1,90.0,100.0,54.0,60.0,0.0,0.0,0.0,-14.961805555557248,2709.0,3431.0,-0.12771361089791888,0.09548058561425421,0.0,286.5,-0.05560427914603272
India,unlimited_useful_deadline,T060_P10_H1000_I0600_F1,T060_P10_H1000_I0600_CN000_F1,T060_P10_H1000_I0600_CN010_F1,0.0,10.0,0.0,6.0,0.0,3.4928848641655885,13.164263865409147,,2776.0,3976.0,2.3969825268489853,49.66148944643568,4.0,1301.0,0.7911864406779661
India,unlimited_useful_deadline,T060_P10_H1000_I0600_F1,T060_P10_H1000_I0600_CN010_F1,T060_P10_H1000_I0600_CN020_F1,10.0,20.0,6.0,12.0,0.2587322121604245,25.743855109961192,9.719659389956504,34.704166666668584,3039.5,4255.0,2.0006286002264435,21.718783173506367,1.0,1086.5,-0.09633035355233388
India,unlimited_useful_deadline,T060_P10_H1000_I0600_F1,T060_P10_H1000_I0600_CN020_F1,T060_P10_H1000_I0600_CN030_F1,20.0,30.0,12.0,18.0,0.0,28.719275549805946,7.230223604469174,0.8798611111128025,3127.0,4276.0,1.5512010200239192,9.361450298733615,3.0,893.0,-0.07741525349793865
India,unlimited_useful_deadline,T060_P10_H1000_I0600_F1,T060_P10_H1000_I0600_CN030_F1,T060_P10_H1000_I0600_CN040_F1,30.0,40.0,18.0,24.0,0.0,4.269081500646827,2.4295693201621447,-4.896527777782353,3222.0,4012.0,1.2894683748072673,7.379048177966752,2.0,777.5,-0.04308589211985003
India,unlimited_useful_deadline,T060_P10_H1000_I0600_F1,T060_P10_H1000_I0600_CN040_F1,T060_P10_H1000_I0600_CN050_F1,40.0,50.0,24.0,30.0,-0.2587322121604245,13.19534282018111,3.835964798999825,-29.399999999981105,2839.5,3627.0,0.7762240866663763,3.9734711556609597,-2.0,877.5,-0.06032521182285233
India,unlimited_useful_deadline,T060_P10_H1000_I0600_F1,T060_P10_H1000_I0600_CN050_F1,T060_P10_H1000_I0600_CN060_F1,50.0,60.0,30.0,36.0,0.2587322121604245,1.29366106080208,1.832195402234305,-6.56875000000133,3440.0,4159.0,0.6493596204694541,2.3283045112700194,1.0,687.5,-0.05412930590109499
India,unlimited_useful_deadline,T060_P10_H1000_I0600_F1,T060_P10_H1000_I0600_CN060_F1,T060_P10_H1000_I0600_CN070_F1,60.0,70.0,36.0,42.0,0.0,3.6222509702458012,1.6332633355979596,-7.431250000014643,3344.0,4099.0,0.49032564808086576,2.542596873113766,2.0,537.5,-0.06440157026712545
India,unlimited_useful_deadline,T060_P10_H1000_I0600_F1,T060_P10_H1000_I0600_CN070_F1,T060_P10_H1000_I0600_CN080_F1,70.0,80.0,42.0,48.0,-0.2587322121604245,-0.2587322121604245,0.9659687480699262,14.164583333336907,3221.5,4037.0,0.3474958487339066,0.895331267735699,0.0,392.0,-0.05391752032791719
India,unlimited_useful_deadline,T060_P10_H1000_I0600_F1,T060_P10_H1000_I0600_CN080_F1,T060_P10_H1000_I0600_CN090_F1,80.0,90.0,48.0,54.0,0.2587322121604245,7.115135834411376,1.9895312210487361,-55.13194444444957,3876.0,4640.0,0.4037329875120932,1.0727390394435048,3.0,726.0,-0.07461846621673018
India,unlimited_useful_deadline,T060_P10_H1000_I0600_F1,T060_P10_H1000_I0600_CN090_F1,T060_P10_H1000_I0600_CN100_F1,90.0,100.0,54.0,60.0,0.0,10.737386804657191,1.9010046733781962,-33.73333333333244,3154.5,3920.0,0.036184947095879494,1.0667860561336369,0.0,159.0,-0.07875875492388973
India,unlimited_useful_deadline,T060_P10_H1000_I0800_F1,T060_P10_H1000_I0800_CN000_F1,T060_P10_H1000_I0800_CN010_F1,0.0,10.0,0.0,6.0,23.285899094437262,19.79301423027167,28.517511817063443,,3847.0,5523.0,3.579530498066913,78.25186412593206,10.0,218.0,0.8729539818131717
India,unlimited_useful_deadline,T060_P10_H1000_I0800_F1,T060_P10_H1000_I0800_CN010_F1,T060_P10_H1000_I0800_CN020_F1,10.0,20.0,6.0,12.0,15.78266494178525,33.76455368693402,13.150392441557294,0.2048611111127343,3636.5,4769.0,1.6689087871569317,11.615271271886272,-2.0,480.5,-0.10561426184264855
India,unlimited_useful_deadline,T060_P10_H1000_I0800_F1,T060_P10_H1000_I0800_CN020_F1,T060_P10_H1000_I0800_CN030_F1,20.0,30.0,12.0,18.0,4.269081500646834,22.768434670116427,9.344055299472046,-35.302083333321946,3450.5,4287.0,0.8052527251705293,5.430837472171007,0.0,518.0,-0.1010289404490412
India,unlimited_useful_deadline,T060_P10_H1000_I0800_F1,T060_P10_H1000_I0800_CN030_F1,T060_P10_H1000_I0800_CN040_F1,30.0,40.0,18.0,24.0,3.1047865459249664,3.492884864165589,2.985398244130465,-28.818750000012926,3378.5,4184.0,0.701438993868468,1.505154307974962,0.0,596.0,-0.09519077952148192
India,unlimited_useful_deadline,T060_P10_H1000_I0800_F1,T060_P10_H1000_I0800_CN040_F1,T060_P10_H1000_I0800_CN050_F1,40.0,50.0,24.0,30.0,2.716688227684344,2.846054333764556,3.1980029457390344,-19.91736111111112,2891.0,3589.0,0.0920687291497071,1.587920445994655,-1.0,290.5,-0.09173797070737177
India,unlimited_useful_deadline,T060_P10_H1000_I0800_F1,T060_P10_H1000_I0800_CN050_F1,T060_P10_H1000_I0800_CN060_F1,50.0,60.0,30.0,36.0,6.209573091849947,7.115135834411376,5.669866284355294,-15.730555555537876,3642.0,4353.0,0.3980775213599337,0.8839214428350601,2.0,136.0,-0.050639833465005335
India,unlimited_useful_deadline,T060_P10_H1000_I0800_F1,T060_P10_H1000_I0800_CN060_F1,T060_P10_H1000_I0800_CN070_F1,60.0,70.0,36.0,42.0,1.9404915912030987,2.716688227684358,2.421824976805567,-1.4368055555734713,3605.5,4320.0,0.3190132931974041,0.27644052065296876,2.0,133.0,-0.06398382814792725
India,unlimited_useful_deadline,T060_P10_H1000_I0800_F1,T060_P10_H1000_I0800_CN070_F1,T060_P10_H1000_I0800_CN080_F1,70.0,80.0,42.0,48.0,1.552393272962476,4.398447606727032,1.399179374599825,-8.829861111077918,3213.0,4011.0,0.010040191098990903,0.22917462801596855,0.0,262.5,-0.05790878352233464
India,unlimited_useful_deadline,T060_P10_H1000_I0800_F1,T060_P10_H1000_I0800_CN080_F1,T060_P10_H1000_I0800_CN090_F1,80.0,90.0,48.0,54.0,1.1642949547218677,1.5523932729624903,0.431089680766263,-25.961805555588512,3102.5,3874.0,-0.04522027813439067,0.09196733288401049,0.0,291.0,-0.0758437534281009
India,unlimited_useful_deadline,T060_P10_H1000_I0800_F1,T060_P10_H1000_I0800_CN090_F1,T060_P10_H1000_I0800_CN100_F1,90.0,100.0,54.0,60.0,0.0,1.552393272962476,0.23589713434473936,-20.8680555555556,2744.0,3487.0,-0.1470125724015201,0.12744845165303786,1.0,-164.5,-0.08728072950810195
India,unlimited_useful_deadline,T060_P10_H1000_I0986_F1,T060_P10_H1000_I0986_CN000_F1,T060_P10_H1000_I0986_CN010_F1,0.0,10.0,0.0,6.0,26.26131953428201,8.020698576972833,31.686294206089613,,4398.5,6139.0,2.3077675644269826,78.12179016874542,7.0,-66.5,0.8865696155281821
India,unlimited_useful_deadline,T060_P10_H1000_I0986_F1,T060_P10_H1000_I0986_CN010_F1,T060_P10_H1000_I0986_CN020_F1,10.0,20.0,6.0,12.0,14.877102199223813,51.09961190168176,14.140087582412548,9.570833333333837,4091.5,5133.0,0.7385158141684842,13.044028379826528,1.0,135.5,-0.09504446016262769
India,unlimited_useful_deadline,T060_P10_H1000_I0986_F1,T060_P10_H1000_I0986_CN020_F1,T060_P10_H1000_I0986_CN030_F1,20.0,30.0,12.0,18.0,10.60802069857698,13.842173350582136,10.193014374468362,-10.570833333333837,3891.0,4681.0,0.2600952703090176,4.417894916540405,2.0,311.5,-0.08991619462780731
India,unlimited_useful_deadline,T060_P10_H1000_I0986_F1,T060_P10_H1000_I0986_CN030_F1,T060_P10_H1000_I0986_CN040_F1,30.0,40.0,18.0,24.0,-0.12936610608021226,8.408796895213456,4.65901640505831,-65.16319444444406,3428.0,4189.0,-0.1676699068143721,1.9417316529914075,0.0,432.0,-0.1043057010882733
India,unlimited_useful_deadline,T060_P10_H1000_I0986_F1,T060_P10_H1000_I0986_CN040_F1,T060_P10_H1000_I0986_CN050_F1,40.0,50.0,24.0,30.0,0.7761966364812452,3.8809831824062258,1.2653143895058605,-10.134722222222535,2919.0,3640.0,-0.10124903363745563,0.8169134148480737,2.0,170.0,-0.056118640074558135
India,unlimited_useful_deadline,T060_P10_H1000_I0986_F1,T060_P10_H1000_I0986_CN050_F1,T060_P10_H1000_I0986_CN060_F1,50.0,60.0,30.0,36.0,0.9055627425614432,9.055627425614475,2.041963714020625,-9.202083333333405,2723.5,3450.0,-0.29450778320763593,0.6940081504736781,-1.0,73.5,-0.0946714998507936
India,unlimited_useful_deadline,T060_P10_H1000_I0986_F1,T060_P10_H1000_I0986_CN060_F1,T060_P10_H1000_I0986_CN070_F1,60.0,70.0,36.0,42.0,0.0,5.692108667529112,0.620597958890329,-51.797916666666595,3193.5,3852.0,-0.0345720859361176,0.658772166970806,0.0,118.5,-0.058267236594235605
India,unlimited_useful_deadline,T060_P10_H1000_I0986_F1,T060_P10_H1000_I0986_CN070_F1,T060_P10_H1000_I0986_CN080_F1,70.0,80.0,42.0,48.0,0.0,-1.2936610608020658,-0.1345603512485809,29.73333333333332,2826.0,3658.0,-0.0792185136948893,0.00038603458904162835,7.0,401.0,-0.07000751481621537
India,unlimited_useful_deadline,T060_P10_H1000_I0986_F1,T060_P10_H1000_I0986_CN080_F1,T060_P10_H1000_I0986_CN090_F1,80.0,90.0,48.0,54.0,0.0,1.2936610608020658,0.1345603512485809,-75.16458333333,3059.5,3854.0,-0.05984970165256609,0.12995239670948422,-5.0,-138.0,-0.0886693998332806
India,unlimited_useful_deadline,T060_P10_H1000_I0986_F1,T060_P10_H1000_I0986_CN090_F1,T060_P10_H1000_I0986_CN100_F1,90.0,100.0,54.0,60.0,0.0,0.0,0.0,-21.00277777778075,2753.0,3454.0,-0.09765894682882426,0.17452271830515542,6.0,177.5,-0.07141575629793784
India,unlimited_useful_deadline,T120_P03_H0500_I0600_F1,T120_P03_H0500_I0600_CN000_F1,T120_P03_H0500_I0600_CN010_F1,0.0,10.0,0.0,12.0,21.086675291073746,3.622250970245796,22.123576258565677,75.78402777778876,8104.0,11645.0,2.7810605394029633,60.799219617208784,6.0,1084.0,0.8350213675213676
India,unlimited_useful_deadline,T120_P03_H0500_I0600_F1,T120_P03_H0500_I0600_CN010_F1,T120_P03_H0500_I0600_CN020_F1,10.0,20.0,12.0,24.0,2.975420439844754,45.14877102199224,17.822030274507142,85.7333333333404,7967.0,10866.0,0.7731546080564229,18.354581052918014,4.0,644.5,-0.09800347198944026
India,unlimited_useful_deadline,T120_P03_H0500_I0600_F1,T120_P03_H0500_I0600_CN020_F1,T120_P03_H0500_I0600_CN030_F1,20.0,30.0,24.0,36.0,5.82147477360931,15.265200517464422,7.645449534351087,-10.527777777795109,6631.5,8072.0,-0.13226911333963898,7.56174085653376,3.0,537.5,-0.08396106910209178
India,unlimited_useful_deadline,T120_P03_H0500_I0600_F1,T120_P03_H0500_I0600_CN030_F1,T120_P03_H0500_I0600_CN040_F1,30.0,40.0,36.0,48.0,2.199223803363523,3.3635187580853767,4.466401643665364,-47.60416666666697,6203.0,7463.0,-0.23161714647189058,4.4034513517109986,4.0,470.5,-0.08541222149014849
India,unlimited_useful_deadline,T120_P03_H0500_I0600_F1,T120_P03_H0500_I0600_CN040_F1,T120_P03_H0500_I0600_CN050_F1,40.0,50.0,48.0,60.0,2.3285899094437355,6.209573091849947,3.8353169974475207,-15.900694444432077,6389.0,7654.0,-0.19195702682980453,2.969700499348093,0.0,352.5,-0.08686091374822391
India,unlimited_useful_deadline,T120_P03_H0500_I0600_F1,T120_P03_H0500_I0600_CN050_F1,T120_P03_H0500_I0600_CN060_F1,50.0,60.0,60.0,72.0,2.846054333764542,3.6222509702458012,3.6086890020474556,-24.00000000001262,6904.5,8159.0,-0.06096237769227564,1.9559966211569701,-2.0,655.0,-0.0808493523538607
India,unlimited_useful_deadline,T120_P03_H0500_I0600_F1,T120_P03_H0500_I0600_CN060_F1,T120_P03_H0500_I0600_CN070_F1,60.0,70.0,72.0,84.0,0.7761966364812452,3.622250970245787,1.943791505471296,-21.964583333333394,6059.5,7332.0,-0.23806239928038941,1.4425416847235937,5.0,391.0,-0.0816518476481003
India,unlimited_useful_deadline,T120_P03_H0500_I0600_F1,T120_P03_H0500_I0600_CN070_F1,T120_P03_H0500_I0600_CN080_F1,70.0,80.0,84.0,96.0,1.423027166882278,1.2936610608020658,0.6262381537972033,-4.5659722222222,5690.5,6946.0,-0.25582312741988744,1.0154738237750678,-4.0,290.5,-0.06759064792317404
India,unlimited_useful_deadline,T120_P03_H0500_I0600_F1,T120_P03_H0500_I0600_CN080_F1,T120_P03_H0500_I0600_CN090_F1,80.0,90.0,96.0,108.0,0.7761966364812452,2.069857697283311,0.14815936469480562,1.8298611111110574,5296.0,6551.0,-0.29569977371869527,0.8132605863593341,6.0,531.0,-0.06801081198591574
India,unlimited_useful_deadline,T120_P03_H0500_I0600_F1,T120_P03_H0500_I0600_CN090_F1,T120_P03_H0500_I0600_CN100_F1,90.0,100.0,108.0,120.0,0.6468305304010329,0.3880983182406226,0.016404199475061887,-13.999999999998977,5306.0,6568.0,-0.315133241424272,0.684033906265384,-3.0,859.5,-0.06670234168590583
India,unlimited_useful_deadline,T120_P03_H0500_I0800_F1,T120_P03_H0500_I0800_CN000_F1,T120_P03_H0500_I0800_CN010_F1,0.0,10.0,0.0,12.0,32.72962483829237,36.222509702457955,44.84082856648796,,11159.0,16948.0,5.75120718293999,91.26112372938154,10.0,284.0,0.8977003831417625
India,unlimited_useful_deadline,T120_P03_H0500_I0800_F1,T120_P03_H0500_I0800_CN010_F1,T120_P03_H0500_I0800_CN020_F1,10.0,20.0,12.0,24.0,9.57309184993533,23.544631306597665,13.440109422236127,-15.13194444444423,7116.5,8710.0,-0.4533398244317368,4.594315550248538,3.0,930.5,-0.09373373405905916
India,unlimited_useful_deadline,T120_P03_H0500_I0800_F1,T120_P03_H0500_I0800_CN020_F1,T120_P03_H0500_I0800_CN030_F1,20.0,30.0,24.0,36.0,6.8564036222509515,6.985769728331178,8.89759011224072,-4.999999999999034,7237.5,8764.0,-0.3538818774445218,1.3820303505328013,3.0,872.0,-0.08721656548791401
India,unlimited_useful_deadline,T120_P03_H0500_I0800_F1,T120_P03_H0500_I0800_CN030_F1,T120_P03_H0500_I0800_CN040_F1,30.0,40.0,36.0,48.0,4.010349288486424,4.915912031047867,5.816409582189323,-2.0000000000009663,6804.0,8096.0,-0.4033724497455733,0.9771516816206258,0.0,766.5,-0.0878291970892231
India,unlimited_useful_deadline,T120_P03_H0500_I0800_F1,T120_P03_H0500_I0800_CN040_F1,T120_P03_H0500_I0800_CN050_F1,40.0,50.0,48.0,60.0,4.010349288486424,4.915912031047867,4.588446505150628,-1.9999999999932356,6701.5,8118.0,-0.3053973482312582,0.5767950803885498,3.0,820.0,-0.08743387495765576
India,unlimited_useful_deadline,T120_P03_H0500_I0800_F1,T120_P03_H0500_I0800_CN050_F1,T120_P03_H0500_I0800_CN060_F1,50.0,60.0,60.0,72.0,3.1047865459249664,5.30401034928849,3.1035943640654153,-5.7980287238024175e-12,6360.0,7886.0,-0.30593165241167775,0.36279784557139294,2.0,466.0,-0.08127562440694125
India,unlimited_useful_deadline,T120_P03_H0500_I0800_F1,T120_P03_H0500_I0800_CN060_F1,T120_P03_H0500_I0800_CN070_F1,60.0,70.0,72.0,84.0,1.552393272962476,1.9404915912030987,0.9453987924759275,26.54999999999984,5508.0,6989.0,-0.4003862512327494,0.27294356194050806,-3.0,580.5,-0.08156357954391202
India,unlimited_useful_deadline,T120_P03_H0500_I0800_F1,T120_P03_H0500_I0800_CN070_F1,T120_P03_H0500_I0800_CN080_F1,70.0,80.0,84.0,96.0,-0.2587322121604103,4.010349288486424,2.5182264045728147,-1.131944444444855,6536.5,8089.0,-0.19891083746938243,0.2788354155440942,1.0,609.0,-0.08466211812887914
India,unlimited_useful_deadline,T120_P03_H0500_I0800_F1,T120_P03_H0500_I0800_CN080_F1,T120_P03_H0500_I0800_CN090_F1,80.0,90.0,96.0,108.0,1.6817593790427026,5.045278137128079,0.42736732471054495,-0.8680555555555998,5538.5,6836.0,-0.3035211031611338,0.14223845376369582,-5.0,441.5,-0.07914060759412322
India,unlimited_useful_deadline,T120_P03_H0500_I0800_F1,T120_P03_H0500_I0800_CN090_F1,T120_P03_H0500_I0800_CN100_F1,90.0,100.0,108.0,120.0,-1.0349288486416697,0.905562742561429,0.2186203126009616,2.565972222223536,5416.0,6764.0,-0.23686475155764875,0.15176833100825604,1.0,600.0,-0.08109197405107649
India,unlimited_useful_deadline,T120_P03_H0500_I0986_F1,T120_P03_H0500_I0986_CN000_F1,T120_P03_H0500_I0986_CN010_F1,0.0,10.0,0.0,12.0,53.94566623544631,27.166882276843467,31.23146852559315,,8475.0,13183.0,1.6849650595991958,77.78418214006341,6.0,667.5,0.8864398548404313
India,unlimited_useful_deadline,T120_P03_H0500_I0986_F1,T120_P03_H0500_I0986_CN010_F1,T120_P03_H0500_I0986_CN020_F1,10.0,20.0,12.0,24.0,0.38809831824061547,24.450194049159123,11.759567822129696,1.131250000000989,5566.5,7912.0,-1.0170680001657022,10.370072278094796,3.0,764.5,-0.08268243649183171
India,unlimited_useful_deadline,T120_P03_H0500_I0986_F1,T120_P03_H0500_I0986_CN020_F1,T120_P03_H0500_I0986_CN030_F1,20.0,30.0,24.0,36.0,0.0,11.772315653298833,6.333173599990886,-1.4840277777779534,4964.5,6535.0,-0.7831189023494911,4.983713873610441,2.0,493.5,-0.07838808880126003
India,unlimited_useful_deadline,T120_P03_H0500_I0986_F1,T120_P03_H0500_I0986_CN030_F1,T120_P03_H0500_I0986_CN040_F1,30.0,40.0,36.0,48.0,0.0,3.7516170763259993,2.6388066926703715,-2.267361111111086,4326.5,5733.0,-0.6712208935891129,2.4012510253189845,3.0,484.0,-0.07877029180577932
India,unlimited_useful_deadline,T120_P03_H0500_I0986_F1,T120_P03_H0500_I0986_CN040_F1,T120_P03_H0500_I0986_CN050_F1,40.0,50.0,48.0,60.0,0.0,2.199223803363523,1.8581730232430402,-1.8333333333333712,4456.0,5854.0,-0.40771679962431495,1.560087695437005,-3.0,546.0,-0.08548982822196938
India,unlimited_useful_deadline,T120_P03_H0500_I0986_F1,T120_P03_H0500_I0986_CN050_F1,T120_P03_H0500_I0986_CN060_F1,50.0,60.0,60.0,72.0,0.0,1.6817593790426884,1.1534708229623476,-6.899305555555543,4317.0,5686.0,-0.3570848997790721,1.0977579769931793,0.0,604.0,-0.07945532923280219
India,unlimited_useful_deadline,T120_P03_H0500_I0986_F1,T120_P03_H0500_I0986_CN060_F1,T120_P03_H0500_I0986_CN070_F1,60.0,70.0,72.0,84.0,0.0,1.2936610608020658,0.6511724580995093,-0.1319444444429223,4418.0,5808.0,-0.2579832486223532,0.650993130055241,0.0,688.0,-0.07008904366928137
India,unlimited_useful_deadline,T120_P03_H0500_I0986_F1,T120_P03_H0500_I0986_CN070_F1,T120_P03_H0500_I0986_CN080_F1,70.0,80.0,84.0,96.0,0.0,0.3880983182406368,0.43828941876103045,-1.697916666633148,4161.0,5562.0,-0.25481655760512734,0.4620379258794429,-3.0,516.5,-0.07609518836650864
India,unlimited_useful_deadline,T120_P03_H0500_I0986_F1,T120_P03_H0500_I0986_CN080_F1,T120_P03_H0500_I0986_CN090_F1,80.0,90.0,96.0,108.0,0.0,1.0349288486416555,0.709457822943449,-0.17013888891665374,4399.5,5780.0,-0.19240737081994475,0.3781314664184521,0.0,678.5,-0.0825965018429835
India,unlimited_useful_deadline,T120_P03_H0500_I0986_F1,T120_P03_H0500_I0986_CN090_F1,T120_P03_H0500_I0986_CN100_F1,90.0,100.0,108.0,120.0,0.0,1.0349288486416413,1.0026951677651823,-3.5659722222276287,4483.5,5870.0,-0.14241472872340033,0.31177248812905134,0.0,534.5,-0.09106179989902818
India,unlimited_useful_deadline,T120_P03_H0800_I0600_F1,T120_P03_H0800_I0600_CN000_F1,T120_P03_H0800_I0600_CN010_F1,0.0,10.0,0.0,12.0,20.698576972833123,2.9754204398447577,20.673488448063353,206.85069444446611,8127.0,11368.0,3.1331964752803803,62.44450515675159,6.0,1652.0,0.8437348777348779
India,unlimited_useful_deadline,T120_P03_H0800_I0600_F1,T120_P03_H0800_I0600_CN010_F1,T120_P03_H0800_I0600_CN020_F1,10.0,20.0,12.0,24.0,5.30401034928849,42.173350582147485,17.70158116148002,42.183333333314295,8061.0,10877.0,1.5776780103367063,17.922863357035737,3.0,1200.5,-0.10419474050717725
India,unlimited_useful_deadline,T120_P03_H0800_I0600_F1,T120_P03_H0800_I0600_CN020_F1,T120_P03_H0800_I0600_CN030_F1,20.0,30.0,24.0,36.0,5.30401034928849,14.747736093143587,8.740339610537674,-7.563194444446594,6956.0,8520.0,0.5612568285908566,7.172249801675619,4.0,1324.5,-0.08047702761627029
India,unlimited_useful_deadline,T120_P03_H0800_I0600_F1,T120_P03_H0800_I0600_CN030_F1,T120_P03_H0800_I0600_CN040_F1,30.0,40.0,36.0,48.0,3.3635187580853767,6.597671410090555,5.177875873628622,-28.269444444444275,6673.5,8015.0,0.29391781954454643,4.123263756568207,0.0,1086.0,-0.08068049814170641
India,unlimited_useful_deadline,T120_P03_H0800_I0600_F1,T120_P03_H0800_I0600_CN040_F1,T120_P03_H0800_I0600_CN050_F1,40.0,50.0,48.0,60.0,1.8111254851229006,4.915912031047867,4.4792802613931855,-46.46666666666715,6813.5,8156.0,0.18640947497498672,2.600647885090183,0.0,1013.5,-0.08315002651526893
India,unlimited_useful_deadline,T120_P03_H0800_I0600_F1,T120_P03_H0800_I0600_CN050_F1,T120_P03_H0800_I0600_CN060_F1,50.0,60.0,60.0,72.0,1.6817593790426884,3.2341526520051787,2.5433359861637967,-12.228472222213497,6124.5,7424.0,-0.05327854007476418,1.8892623383149925,2.0,518.0,-0.08358269572260202
India,unlimited_useful_deadline,T120_P03_H0800_I0600_F1,T120_P03_H0800_I0600_CN060_F1,T120_P03_H0800_I0600_CN070_F1,60.0,70.0,72.0,84.0,0.6468305304010329,5.30401034928849,1.5826466602741789,-12.337500000008646,5615.0,6929.0,-0.16169389287536617,1.3811198291161446,0.0,649.0,-0.07499926739296914
India,unlimited_useful_deadline,T120_P03_H0800_I0600_F1,T120_P03_H0800_I0600_CN070_F1,T120_P03_H0800_I0600_CN080_F1,70.0,80.0,84.0,96.0,0.3880983182406226,2.069857697283311,0.38710193340457977,-12.096527777756023,5463.5,6794.0,-0.15857439724307731,1.0012505983215192,1.0,710.0,-0.06640046039143899
India,unlimited_useful_deadline,T120_P03_H0800_I0600_F1,T120_P03_H0800_I0600_CN080_F1,T120_P03_H0800_I0600_CN090_F1,80.0,90.0,96.0,108.0,0.7761966364812309,0.9055627425614432,0.0449332420404005,-3.697916666667112,5350.0,6658.0,-0.18908878983528687,0.7768406866666311,1.0,649.5,-0.06186356729488729
India,unlimited_useful_deadline,T120_P03_H0800_I0600_F1,T120_P03_H0800_I0600_CN090_F1,T120_P03_H0800_I0600_CN100_F1,90.0,100.0,108.0,120.0,0.2587322121604245,1.423027166882278,0.0625693774444045,-42.90625000000722,5432.0,6757.0,-0.21223224693388332,0.6879965904593774,-2.0,730.0,-0.07090724480702448
India,unlimited_useful_deadline,T120_P03_H0800_I0800_F1,T120_P03_H0800_I0800_CN000_F1,T120_P03_H0800_I0800_CN010_F1,0.0,10.0,0.0,12.0,38.16300129366107,36.99870633893919,41.809153212575296,,10942.5,15654.0,4.752824341568447,84.64808691544638,9.0,461.5,0.8926152084724741
India,unlimited_useful_deadline,T120_P03_H0800_I0800_F1,T120_P03_H0800_I0800_CN010_F1,T120_P03_H0800_I0800_CN020_F1,10.0,20.0,12.0,24.0,16.041397153945667,33.63518758085382,16.19781042824573,-0.298611111099774,8109.5,10007.0,0.7347826786500224,9.381177973229285,2.0,803.0,-0.08611649683040334
India,unlimited_useful_deadline,T120_P03_H0800_I0800_F1,T120_P03_H0800_I0800_CN020_F1,T120_P03_H0800_I0800_CN030_F1,20.0,30.0,24.0,36.0,6.727037516170753,8.408796895213456,8.202088140361042,0.6041666666569654,7351.0,8738.0,-0.028088190203169106,2.719360418875638,3.0,1115.0,-0.08266354329996117
India,unlimited_useful_deadline,T120_P03_H0800_I0800_F1,T120_P03_H0800_I0800_CN030_F1,T120_P03_H0800_I0800_CN040_F1,30.0,40.0,36.0,48.0,4.139715394566622,7.11513583441139,5.313398325209349,-17.03819444444605,7032.5,8414.0,-0.19895652051059187,1.4356049668912334,0.0,969.5,-0.08270694915188592
India,unlimited_useful_deadline,T120_P03_H0800_I0800_F1,T120_P03_H0800_I0800_CN040_F1,T120_P03_H0800_I0800_CN050_F1,40.0,50.0,48.0,60.0,3.234152652005193,7.244501940491588,3.1052294352534062,-81.29652777777005,6257.5,7628.0,-0.31692862442110936,0.7094912509364519,3.0,900.0,-0.08140913180354792
India,unlimited_useful_deadline,T120_P03_H0800_I0800_F1,T120_P03_H0800_I0800_CN050_F1,T120_P03_H0800_I0800_CN060_F1,50.0,60.0,60.0,72.0,1.9404915912030987,5.174644243208277,0.9587326781780661,-22.266666666673956,5674.0,7034.0,-0.3895677820749395,0.34881809913997586,-2.0,684.0,-0.08532501309276475
India,unlimited_useful_deadline,T120_P03_H0800_I0800_F1,T120_P03_H0800_I0800_CN060_F1,T120_P03_H0800_I0800_CN070_F1,60.0,70.0,72.0,84.0,0.3880983182406226,0.0,0.0,-36.73333333333332,5507.5,6868.0,-0.349211134028387,0.2935419082384243,3.0,642.0,-0.07473173438581782
India,unlimited_useful_deadline,T120_P03_H0800_I0800_F1,T120_P03_H0800_I0800_CN070_F1,T120_P03_H0800_I0800_CN080_F1,70.0,80.0,84.0,96.0,0.2587322121604103,0.0,0.0,-12.398611111109744,5498.0,6877.0,-0.31328709210821337,0.14441108952679826,-1.0,540.5,-0.0920380288668452
India,unlimited_useful_deadline,T120_P03_H0800_I0800_F1,T120_P03_H0800_I0800_CN080_F1,T120_P03_H0800_I0800_CN090_F1,80.0,90.0,96.0,108.0,0.3880983182406226,0.0,0.0,-1.7715277777773792,5518.0,6881.0,-0.27581791596255556,0.20926972053212012,2.0,789.5,-0.07439138296627057
India,unlimited_useful_deadline,T120_P03_H0800_I0800_F1,T120_P03_H0800_I0800_CN090_F1,T120_P03_H0800_I0800_CN100_F1,90.0,100.0,108.0,120.0,0.0,0.0,0.0,-5.000000000000227,5507.0,6875.0,-0.2043439369122071,0.1102376571836885,1.0,626.0,-0.07733946790387436
India,unlimited_useful_deadline,T120_P03_H0800_I0986_F1,T120_P03_H0800_I0986_CN000_F1,T120_P03_H0800_I0986_CN010_F1,0.0,10.0,0.0,12.0,44.5019404915912,38.033635187580856,30.99649200760239,,8649.0,12764.0,2.8838065377847384,78.05060079110382,9.0,321.5,0.8862038426898828
India,unlimited_useful_deadline,T120_P03_H0800_I0986_F1,T120_P03_H0800_I0986_CN010_F1,T120_P03_H0800_I0986_CN020_F1,10.0,20.0,12.0,24.0,0.776196636481238,24.838292367399745,11.959619439755727,-1.8659722222245705,6364.5,8380.0,0.11854161439813105,10.12963044324232,5.0,1219.5,-0.0830180320880396
India,unlimited_useful_deadline,T120_P03_H0800_I0986_F1,T120_P03_H0800_I0986_CN020_F1,T120_P03_H0800_I0986_CN030_F1,20.0,30.0,24.0,36.0,0.3880983182406297,6.338939197930131,4.460299002031135,-27.263888888888573,5500.5,7003.0,-0.365778353495239,4.720734566793823,1.0,796.0,-0.07724551975810301
India,unlimited_useful_deadline,T120_P03_H0800_I0986_F1,T120_P03_H0800_I0986_CN030_F1,T120_P03_H0800_I0986_CN040_F1,30.0,40.0,36.0,48.0,0.2587322121604174,1.8111254851229006,3.0918921412657596,-26.436805555555054,5446.0,6857.0,-0.3108748182810164,2.602127653760718,-3.0,880.0,-0.07497772360693467
India,unlimited_useful_deadline,T120_P03_H0800_I0986_F1,T120_P03_H0800_I0986_CN040_F1,T120_P03_H0800_I0986_CN050_F1,40.0,50.0,48.0,60.0,0.12936610608019805,2.846054333764556,4.038718589197572,-5.131944444444116,6162.5,7603.0,-0.07595189269298253,1.7862142947772668,-1.0,771.5,-0.08638945285562971
India,unlimited_useful_deadline,T120_P03_H0800_I0986_F1,T120_P03_H0800_I0986_CN050_F1,T120_P03_H0800_I0986_CN060_F1,50.0,60.0,60.0,72.0,0.0,2.5873221216041316,3.431183162207475,-6.565972222219557,5930.5,7360.0,-0.13378087649553372,1.035576020151268,-2.0,735.5,-0.08669273993249749
India,unlimited_useful_deadline,T120_P03_H0800_I0986_F1,T120_P03_H0800_I0986_CN060_F1,T120_P03_H0800_I0986_CN070_F1,60.0,70.0,72.0,84.0,0.3880983182406226,1.9404915912031129,2.506044679957739,-2.3020833333119413,5770.5,7203.0,-0.15385079898307907,0.6436896292464098,1.0,985.0,-0.07863041708337115
India,unlimited_useful_deadline,T120_P03_H0800_I0986_F1,T120_P03_H0800_I0986_CN070_F1,T120_P03_H0800_I0986_CN080_F1,70.0,80.0,84.0,96.0,0.38809831824061547,2.199223803363509,2.085503540919902,-3.8298611111341643,5558.0,6968.0,-0.1841537840103893,0.5326412356564703,0.0,710.5,-0.08074115889223799
India,unlimited_useful_deadline,T120_P03_H0800_I0986_F1,T120_P03_H0800_I0986_CN080_F1,T120_P03_H0800_I0986_CN090_F1,80.0,90.0,96.0,108.0,-0.12936610608019805,4.269081500646834,1.1601908285769866,0.9999999999977831,5421.0,6881.0,-0.19538010904865555,0.2301148644493054,-2.0,902.0,-0.08571006494457012
India,unlimited_useful_deadline,T120_P03_H0800_I0986_F1,T120_P03_H0800_I0986_CN090_F1,T120_P03_H0800_I0986_CN100_F1,90.0,100.0,108.0,120.0,0.12936610608019805,5.433376455368702,1.3771956365913667,-7.736111111110574,5659.0,7069.0,-0.1268931164095468,0.268670500818601,1.0,761.0,-0.09288595041567405
India,unlimited_useful_deadline,T120_P03_H1000_I0600_F1,T120_P03_H1000_I0600_CN000_F1,T120_P03_H1000_I0600_CN010_F1,0.0,10.0,0.0,12.0,21.086675291073746,1.552393272962485,19.76277693725465,0.5833333333333712,8014.5,11027.0,2.918673453327143,62.22390161794511,5.0,1880.5,0.8471742201934573
India,unlimited_useful_deadline,T120_P03_H1000_I0600_F1,T120_P03_H1000_I0600_CN010_F1,T120_P03_H1000_I0600_CN020_F1,10.0,20.0,12.0,24.0,4.6571798188874425,44.760672703751624,17.118466686887622,6.2881944444653755,7912.0,10673.0,1.6702813141320156,18.020896423670557,4.0,1527.0,-0.10793453118741314
India,unlimited_useful_deadline,T120_P03_H1000_I0600_F1,T120_P03_H1000_I0600_CN020_F1,T120_P03_H1000_I0600_CN030_F1,20.0,30.0,24.0,36.0,7.503234152652013,14.359637774902964,8.621797948008933,-5.565972222242522,6961.0,8504.0,0.7825601722189219,7.753231079814242,4.0,1475.5,-0.07774696033635964
India,unlimited_useful_deadline,T120_P03_H1000_I0600_F1,T120_P03_H1000_I0600_CN030_F1,T120_P03_H1000_I0600_CN040_F1,30.0,40.0,36.0,48.0,2.199223803363523,4.010349288486424,5.116532984650661,-37.137500000000614,6675.5,8026.0,0.46755541974476245,3.883756830265199,0.0,1260.5,-0.08546972077740111
India,unlimited_useful_deadline,T120_P03_H1000_I0600_F1,T120_P03_H1000_I0600_CN040_F1,T120_P03_H1000_I0600_CN050_F1,40.0,50.0,48.0,60.0,2.3285899094437212,5.692108667529112,4.51366169656815,-36.1319444444444,6795.0,8171.0,0.317710608855549,2.7696045236073417,-1.0,1018.5,-0.08099258134983467
India,unlimited_useful_deadline,T120_P03_H1000_I0600_F1,T120_P03_H1000_I0600_CN050_F1,T120_P03_H1000_I0600_CN060_F1,50.0,60.0,60.0,72.0,0.9055627425614432,3.3635187580853767,2.193879050691791,-4.302083333328369,5991.0,7344.0,0.0527433760885927,1.7405097087842734,3.0,755.5,-0.07982354234241873
India,unlimited_useful_deadline,T120_P03_H1000_I0600_F1,T120_P03_H1000_I0600_CN060_F1,T120_P03_H1000_I0600_CN070_F1,60.0,70.0,72.0,84.0,0.7761966364812452,3.363518758085391,1.478589262310578,-20.431249999988466,5696.0,7033.0,-0.04025316033018811,1.2558483228564512,0.0,805.0,-0.07489080138060933
India,unlimited_useful_deadline,T120_P03_H1000_I0600_F1,T120_P03_H1000_I0600_CN070_F1,T120_P03_H1000_I0600_CN080_F1,70.0,80.0,84.0,96.0,0.12936610608021226,2.3285899094437212,0.542256205128524,-2.868055555566258,5482.0,6839.0,-0.07892671440836807,0.9405181242081824,4.0,790.0,-0.06940791619251363
India,unlimited_useful_deadline,T120_P03_H1000_I0600_F1,T120_P03_H1000_I0600_CN080_F1,T120_P03_H1000_I0600_CN090_F1,80.0,90.0,96.0,108.0,0.7761966364812452,1.1642949547218535,0.21324780054665382,-3.697916666670011,5499.0,6852.0,-0.10051146462959615,0.7925194350099787,-2.0,824.5,-0.06754395705184901
India,unlimited_useful_deadline,T120_P03_H1000_I0600_F1,T120_P03_H1000_I0600_CN090_F1,T120_P03_H1000_I0600_CN100_F1,90.0,100.0,108.0,120.0,0.12936610608019805,3.8809831824062115,0.17521339970843997,-49.60138888888463,5456.5,6824.0,-0.15477102643871277,0.6192139338386653,4.0,1002.0,-0.07535521819636948
India,unlimited_useful_deadline,T120_P03_H1000_I0800_F1,T120_P03_H1000_I0800_CN000_F1,T120_P03_H1000_I0800_CN010_F1,0.0,10.0,0.0,12.0,35.18758085381629,38.8098318240621,34.66024735282698,13.270833333334167,9800.5,13251.0,3.572310560549142,79.44339653860155,8.0,132.0,0.887692420403027
India,unlimited_useful_deadline,T120_P03_H1000_I0800_F1,T120_P03_H1000_I0800_CN010_F1,T120_P03_H1000_I0800_CN020_F1,10.0,20.0,12.0,24.0,13.065976714100913,34.92884864165588,14.061856880548618,-30.004166666667516,7727.0,9422.0,0.9557752743885093,12.621937466171516,3.0,653.0,-0.08350522215505518
India,unlimited_useful_deadline,T120_P03_H1000_I0800_F1,T120_P03_H1000_I0800_CN020_F1,T120_P03_H1000_I0800_CN030_F1,20.0,30.0,24.0,36.0,5.821474773609324,5.692108667529098,7.29513326384442,-16.583333333333314,7059.5,8460.0,0.20546042929112573,3.730090132235233,1.0,899.5,-0.0856584713986468
India,unlimited_useful_deadline,T120_P03_H1000_I0800_F1,T120_P03_H1000_I0800_CN030_F1,T120_P03_H1000_I0800_CN040_F1,30.0,40.0,36.0,48.0,4.26908150064682,6.597671410090555,5.03380707794301,-37.84374999999926,7070.5,8459.0,0.040411858751816965,1.461551773613479,0.0,1193.0,-0.0849481153135363
India,unlimited_useful_deadline,T120_P03_H1000_I0800_F1,T120_P03_H1000_I0800_CN040_F1,T120_P03_H1000_I0800_CN050_F1,40.0,50.0,48.0,60.0,3.6222509702458012,5.304010349288504,2.955518718054975,-4.604166666667197,6174.0,7576.0,-0.17066064786007296,0.8225549246722039,2.0,1024.0,-0.08207456968491922
India,unlimited_useful_deadline,T120_P03_H1000_I0800_F1,T120_P03_H1000_I0800_CN050_F1,T120_P03_H1000_I0800_CN060_F1,50.0,60.0,60.0,72.0,1.552393272962476,6.209573091849919,1.5483755320058634,-19.5305555555548,5786.5,7188.0,-0.2655564635125245,0.5940032052153441,0.0,944.5,-0.08135468692119519
India,unlimited_useful_deadline,T120_P03_H1000_I0800_F1,T120_P03_H1000_I0800_CN060_F1,T120_P03_H1000_I0800_CN070_F1,60.0,70.0,72.0,84.0,0.3880983182406226,0.5174644243208348,0.03315375051802505,-30.865277777778033,5587.0,6991.0,-0.2599041092641041,0.43495185302261063,3.0,878.5,-0.08745192645024091
India,unlimited_useful_deadline,T120_P03_H1000_I0800_F1,T120_P03_H1000_I0800_CN070_F1,T120_P03_H1000_I0800_CN080_F1,70.0,80.0,84.0,96.0,0.0,0.0,0.0,-23.738888888869212,5589.0,6982.0,-0.24623070608169684,0.34079284463420834,-2.0,869.5,-0.07504590150847901
India,unlimited_useful_deadline,T120_P03_H1000_I0800_F1,T120_P03_H1000_I0800_CN080_F1,T120_P03_H1000_I0800_CN090_F1,80.0,90.0,96.0,108.0,0.0,0.0,0.0,-16.83263888890295,5553.0,6951.0,-0.23302415222141448,0.30854994466558594,4.0,676.0,-0.08426737728904565
India,unlimited_useful_deadline,T120_P03_H1000_I0800_F1,T120_P03_H1000_I0800_CN090_F1,T120_P03_H1000_I0800_CN100_F1,90.0,100.0,108.0,120.0,0.0,0.0,0.0,-3.6979166666416745,5573.0,6974.0,-0.16516038432629898,0.24217131716827112,-4.0,794.5,-0.06611379297712983
India,unlimited_useful_deadline,T120_P03_H1000_I0986_F1,T120_P03_H1000_I0986_CN000_F1,T120_P03_H1000_I0986_CN010_F1,0.0,10.0,0.0,12.0,43.725743855109954,41.65588615782665,30.506614295716197,-2.6826388888886186,8692.5,12539.0,2.9616318615621875,76.17850185939437,8.0,354.0,0.884337210929224
India,unlimited_useful_deadline,T120_P03_H1000_I0986_F1,T120_P03_H1000_I0986_CN010_F1,T120_P03_H1000_I0986_CN020_F1,10.0,20.0,12.0,24.0,0.6468305304010471,20.957309184993527,10.597449772460692,1.2666666666754054,6372.5,8325.0,0.4594249384411828,11.249511805808169,6.0,1180.0,-0.0795863918224815
India,unlimited_useful_deadline,T120_P03_H1000_I0986_F1,T120_P03_H1000_I0986_CN020_F1,T120_P03_H1000_I0986_CN030_F1,20.0,30.0,24.0,36.0,2.069857697283304,7.11513583441139,5.808011441968304,-17.662500000008833,6375.0,7829.0,0.113922627153622,5.39536247475651,-2.0,945.5,-0.0801134150298457
India,unlimited_useful_deadline,T120_P03_H1000_I0986_F1,T120_P03_H1000_I0986_CN030_F1,T120_P03_H1000_I0986_CN040_F1,30.0,40.0,36.0,48.0,0.9055627425614503,3.2341526520051787,3.9436879556338056,-29.337499999999864,6129.0,7587.0,-0.07234508216185276,2.9197892840574298,2.0,869.0,-0.0770580463702708
India,unlimited_useful_deadline,T120_P03_H1000_I0986_F1,T120_P03_H1000_I0986_CN040_F1,T120_P03_H1000_I0986_CN050_F1,40.0,50.0,48.0,60.0,1.2936610608020658,2.3285899094437212,4.228651217946478,-27.228472222221853,6404.5,7857.0,-0.02380009624495294,1.8569970187161147,-4.0,918.5,-0.07357493106599167
India,unlimited_useful_deadline,T120_P03_H1000_I0986_F1,T120_P03_H1000_I0986_CN050_F1,T120_P03_H1000_I0986_CN060_F1,50.0,60.0,60.0,72.0,0.9055627425614574,3.1047865459249664,3.631668658430499,-13.33750000000066,6568.0,7997.0,0.006411714275301961,0.893305626404711,0.0,997.0,-0.08184523641079
India,unlimited_useful_deadline,T120_P03_H1000_I0986_F1,T120_P03_H1000_I0986_CN060_F1,T120_P03_H1000_I0986_CN070_F1,60.0,70.0,72.0,84.0,1.1642949547218535,2.5873221216041316,2.347035955421333,-5.2638888888888005,5960.5,7409.0,-0.1356187530192976,0.6293389484065557,3.0,780.0,-0.08026269674689068
India,unlimited_useful_deadline,T120_P03_H1000_I0986_F1,T120_P03_H1000_I0986_CN070_F1,T120_P03_H1000_I0986_CN080_F1,70.0,80.0,84.0,96.0,0.0,2.5873221216041458,1.5121081713409836,-6.302083333321377,5748.0,7204.0,-0.17700107977626356,0.36050464262085313,-4.0,977.0,-0.08761837546133022
India,unlimited_useful_deadline,T120_P03_H1000_I0986_F1,T120_P03_H1000_I0986_CN080_F1,T120_P03_H1000_I0986_CN090_F1,80.0,90.0,96.0,108.0,1.2936610608020658,5.5627425614489,1.1965940690293877,1.1326388888770111,5856.0,7287.0,-0.16482131925160637,0.3175729473497313,2.0,712.5,-0.08419333300334286
India,unlimited_useful_deadline,T120_P03_H1000_I0986_F1,T120_P03_H1000_I0986_CN090_F1,T120_P03_H1000_I0986_CN100_F1,90.0,100.0,108.0,120.0,0.7761966364812452,7.2445019404916025,0.5902141272346455,-9.131944444439455,5616.0,7062.0,-0.15369218705120424,0.19911539248555243,-2.0,880.5,-0.09094778736518716
India,unlimited_useful_deadline,T120_P05_H0500_I0600_F1,T120_P05_H0500_I0600_CN000_F1,T120_P05_H0500_I0600_CN010_F1,0.0,10.0,0.0,12.0,0.9055627425614574,2.5873221216041387,23.893539988087852,155.33333333333337,7432.0,10980.0,1.9817678351133559,62.90792210247684,7.0,1183.5,0.7858412685711238
India,unlimited_useful_deadline,T120_P05_H0500_I0600_F1,T120_P05_H0500_I0600_CN010_F1,T120_P05_H0500_I0600_CN020_F1,10.0,20.0,12.0,24.0,0.9055627425614432,43.72574385510996,9.448162003997425,24.667361111112314,6332.5,8658.0,0.010663687234760744,16.55768771598391,0.0,334.0,-0.11395019320572808
India,unlimited_useful_deadline,T120_P05_H0500_I0600_F1,T120_P05_H0500_I0600_CN020_F1,T120_P05_H0500_I0600_CN030_F1,20.0,30.0,24.0,36.0,0.0,19.27554980595084,3.395582992042435,-87.42847222222281,7347.0,8860.0,0.5347209027902196,8.721142095895061,5.0,763.5,-0.05443380303238987
India,unlimited_useful_deadline,T120_P05_H0500_I0600_F1,T120_P05_H0500_I0600_CN030_F1,T120_P05_H0500_I0600_CN040_F1,30.0,40.0,36.0,48.0,-0.12936610608021226,3.1047865459249664,1.0809383838352318,-27.868055555555713,7160.5,8770.0,0.021137409931322182,4.043706801240518,1.0,273.5,-0.07968127673986247
India,unlimited_useful_deadline,T120_P05_H0500_I0600_F1,T120_P05_H0500_I0600_CN040_F1,T120_P05_H0500_I0600_CN050_F1,40.0,50.0,48.0,60.0,-0.5174644243208206,1.8111254851229006,1.1485890652557202,-48.170138888889284,6743.0,8152.0,-0.47695434505625833,2.743258062779134,0.0,153.0,-0.08145199961697691
India,unlimited_useful_deadline,T120_P05_H0500_I0600_F1,T120_P05_H0500_I0600_CN050_F1,T120_P05_H0500_I0600_CN060_F1,50.0,60.0,60.0,72.0,0.2587322121604245,0.3880983182406226,0.17073569705149794,-6.999999999999773,5969.0,7338.0,0.0792242443990343,1.8258214315466148,1.0,442.0,-0.04358683368601679
India,unlimited_useful_deadline,T120_P05_H0500_I0600_F1,T120_P05_H0500_I0600_CN060_F1,T120_P05_H0500_I0600_CN070_F1,60.0,70.0,72.0,84.0,-1.8111254851229006,-0.3880983182406226,-0.17073569705149794,-9.849999999956992,6267.0,7867.0,-0.1760754588023179,1.0530866215777905,-3.0,239.5,-0.05543452371157742
India,unlimited_useful_deadline,T120_P05_H0500_I0600_F1,T120_P05_H0500_I0600_CN070_F1,T120_P05_H0500_I0600_CN080_F1,70.0,80.0,84.0,96.0,1.8111254851229006,0.3880983182406226,0.17073569705149794,-9.944444444487033,6048.0,7515.0,-0.28139308239387617,0.9830397112699956,2.0,211.0,-0.06957250316337271
India,unlimited_useful_deadline,T120_P05_H0500_I0600_F1,T120_P05_H0500_I0600_CN080_F1,T120_P05_H0500_I0600_CN090_F1,80.0,90.0,96.0,108.0,-0.2587322121604245,0.0,0.0,15.03819444444548,6226.5,7796.0,-0.1301986487246527,0.5963276184157564,0.0,327.0,-0.039772081990496755
India,unlimited_useful_deadline,T120_P05_H0500_I0600_F1,T120_P05_H0500_I0600_CN090_F1,T120_P05_H0500_I0600_CN100_F1,90.0,100.0,108.0,120.0,-0.9055627425614432,0.0,0.0,19.79166666667794,6027.0,7475.0,-0.19728189294010257,0.5680078388143812,4.0,504.5,-0.0779765140737978
India,unlimited_useful_deadline,T120_P05_H0500_I0800_F1,T120_P05_H0500_I0800_CN000_F1,T120_P05_H0500_I0800_CN010_F1,0.0,10.0,0.0,12.0,46.3130659767141,58.60284605433377,51.22072237377354,,10943.0,16499.0,3.0384408934090166,92.35510814458183,11.0,-857.5,0.8816324873239836
India,unlimited_useful_deadline,T120_P05_H0500_I0800_F1,T120_P05_H0500_I0800_CN010_F1,T120_P05_H0500_I0800_CN020_F1,10.0,20.0,12.0,24.0,6.856403622250966,19.534282018111256,11.821398355814395,-52.7972222222229,6677.5,8211.0,-1.3413003833489325,4.458881848550703,0.0,135.0,-0.10447635146834378
India,unlimited_useful_deadline,T120_P05_H0500_I0800_F1,T120_P05_H0500_I0800_CN020_F1,T120_P05_H0500_I0800_CN030_F1,20.0,30.0,24.0,36.0,4.657179818887457,3.2341526520051644,4.041608699073876,-39.56597222222223,5705.0,7088.0,-0.8915530050130469,1.6509979337387932,1.0,-10.5,-0.08639039817457062
India,unlimited_useful_deadline,T120_P05_H0500_I0800_F1,T120_P05_H0500_I0800_CN030_F1,T120_P05_H0500_I0800_CN040_F1,30.0,40.0,36.0,48.0,5.5627425614489,4.657179818887457,5.242688510704639,-23.202777777777726,7626.0,9196.0,-0.14462183692335273,0.7282973594827382,0.0,159.0,-0.08093361765125207
India,unlimited_useful_deadline,T120_P05_H0500_I0800_F1,T120_P05_H0500_I0800_CN040_F1,T120_P05_H0500_I0800_CN050_F1,40.0,50.0,48.0,60.0,2.5873221216041458,1.6817593790426884,3.0808831311076403,-16.263888888885674,6470.5,7839.0,-0.45528578687533194,0.3102916965386271,0.0,97.5,-0.06858829331723837
India,unlimited_useful_deadline,T120_P05_H0500_I0800_F1,T120_P05_H0500_I0800_CN050_F1,T120_P05_H0500_I0800_CN060_F1,50.0,60.0,60.0,72.0,4.139715394566622,2.4579560155239335,2.286993428744424,-1.1701388888921826,6412.0,7773.0,-0.21324453999473825,0.21208520232387684,2.0,106.0,-0.0780474892356251
India,unlimited_useful_deadline,T120_P05_H0500_I0800_F1,T120_P05_H0500_I0800_CN060_F1,T120_P05_H0500_I0800_CN070_F1,60.0,70.0,72.0,84.0,1.2936610608020658,2.846054333764556,2.2437561782931112,-6.131944444425386,7002.5,8542.0,-0.21174341982507983,0.09777761180592393,3.0,67.5,-0.0854691565958996
India,unlimited_useful_deadline,T120_P05_H0500_I0800_F1,T120_P05_H0500_I0800_CN070_F1,T120_P05_H0500_I0800_CN080_F1,70.0,80.0,84.0,96.0,2.3285899094437212,2.5873221216041316,1.05351808351962,-6.697916666675155,5871.5,7260.0,-0.26920714082665853,0.08147138190592784,-3.0,-36.0,-0.0842941344456587
India,unlimited_useful_deadline,T120_P05_H0500_I0800_F1,T120_P05_H0500_I0800_CN080_F1,T120_P05_H0500_I0800_CN090_F1,80.0,90.0,96.0,108.0,0.0,3.1047865459249806,0.38025869783345456,4.131944444434112,6353.0,7878.0,-0.18874442687321835,0.07850378313092676,1.0,167.0,-0.08394894267101072
India,unlimited_useful_deadline,T120_P05_H0500_I0800_F1,T120_P05_H0500_I0800_CN090_F1,T120_P05_H0500_I0800_CN100_F1,90.0,100.0,108.0,120.0,0.6468305304010471,1.2936610608020658,0.1447894811223449,-17.662499999997067,5573.5,6974.0,-0.2329088613153001,0.026585037940648704,1.0,97.0,-0.10212843727479193
India,unlimited_useful_deadline,T120_P05_H0500_I0986_F1,T120_P05_H0500_I0986_CN000_F1,T120_P05_H0500_I0986_CN010_F1,0.0,10.0,0.0,12.0,55.23932729624839,40.10349288486417,44.264118148180884,,10811.5,15214.0,2.382088668614802,90.49150704734369,11.0,-656.0,0.8946998764624665
India,unlimited_useful_deadline,T120_P05_H0500_I0986_F1,T120_P05_H0500_I0986_CN010_F1,T120_P05_H0500_I0986_CN020_F1,10.0,20.0,12.0,24.0,22.121604139715387,27.296248382923665,18.413362115084873,0.33402777777723713,9341.5,11412.0,-0.42992725519276576,6.5270246550272475,-2.0,410.0,-0.10206584211437764
India,unlimited_useful_deadline,T120_P05_H0500_I0986_F1,T120_P05_H0500_I0986_CN020_F1,T120_P05_H0500_I0986_CN030_F1,20.0,30.0,24.0,36.0,16.041397153945667,17.98188874514878,12.289699880848175,-5.7333333333333485,8374.0,10343.0,-0.609529888578999,2.4854381237807956,3.0,31.5,-0.08254047045383595
India,unlimited_useful_deadline,T120_P05_H0500_I0986_F1,T120_P05_H0500_I0986_CN030_F1,T120_P05_H0500_I0986_CN040_F1,30.0,40.0,36.0,48.0,2.5873221216041458,8.926261319534277,4.8131300796908505,-56.65138888888896,6915.5,8490.0,-0.7804924266751039,0.46483379262849667,-2.0,354.0,-0.0887568503005074
India,unlimited_useful_deadline,T120_P05_H0500_I0986_F1,T120_P05_H0500_I0986_CN040_F1,T120_P05_H0500_I0986_CN050_F1,40.0,50.0,48.0,60.0,0.5174644243208206,5.5627425614489,0.7266008737614982,-29.829861111111143,5381.5,6685.0,-0.7864674234949725,0.012951327339848717,0.0,84.5,-0.07916881539998522
India,unlimited_useful_deadline,T120_P05_H0500_I0986_F1,T120_P05_H0500_I0986_CN050_F1,T120_P05_H0500_I0986_CN060_F1,50.0,60.0,60.0,72.0,0.0,0.0,0.0,-12.6979166666666,5384.0,6705.0,-0.4944263867497636,0.004026514936356307,2.0,353.0,-0.07164456975476052
India,unlimited_useful_deadline,T120_P05_H0500_I0986_F1,T120_P05_H0500_I0986_CN060_F1,T120_P05_H0500_I0986_CN070_F1,60.0,70.0,72.0,84.0,0.0,0.0,0.0,-20.565972222198013,5799.0,7303.0,-0.37344207717913225,0.006041255437153836,-1.0,219.5,-0.07138325950782365
India,unlimited_useful_deadline,T120_P05_H0500_I0986_F1,T120_P05_H0500_I0986_CN070_F1,T120_P05_H0500_I0986_CN080_F1,70.0,80.0,84.0,96.0,0.0,0.0,0.0,-20.565972222241555,5357.0,6734.0,-0.36800340504663875,0.00072541018825234,3.0,-3.5,-0.054031267601873045
India,unlimited_useful_deadline,T120_P05_H0500_I0986_F1,T120_P05_H0500_I0986_CN080_F1,T120_P05_H0500_I0986_CN090_F1,80.0,90.0,96.0,108.0,0.0,0.0,0.016170763260021204,-19.86805555555864,5829.5,7323.0,-0.2693696416220597,0.007451873318160551,-1.0,137.0,-0.08809753737315962
India,unlimited_useful_deadline,T120_P05_H0500_I0986_F1,T120_P05_H0500_I0986_CN090_F1,T120_P05_H0500_I0986_CN100_F1,90.0,100.0,108.0,120.0,0.0,0.0,0.0,-11.604166666667794,5153.0,6488.0,-0.2698739987141563,0.0,2.0,70.5,-0.09854887074298557
India,unlimited_useful_deadline,T120_P05_H0800_I0600_F1,T120_P05_H0800_I0600_CN000_F1,T120_P05_H0800_I0600_CN010_F1,0.0,10.0,0.0,12.0,2.199223803363509,3.492884864165589,23.783803290245054,228.2,7457.0,10908.0,2.563027768444699,64.35856146001073,6.0,1738.0,0.8005056245264324
India,unlimited_useful_deadline,T120_P05_H0800_I0600_F1,T120_P05_H0800_I0600_CN010_F1,T120_P05_H0800_I0600_CN020_F1,10.0,20.0,12.0,24.0,0.0,39.32729624838292,8.212264068467775,20.202083333334315,6338.5,8611.0,0.7536284628455325,16.236913139437135,2.0,884.5,-0.11778686800028293
India,unlimited_useful_deadline,T120_P05_H0800_I0600_F1,T120_P05_H0800_I0600_CN020_F1,T120_P05_H0800_I0600_CN030_F1,20.0,30.0,24.0,36.0,1.0349288486416697,21.604139715394567,2.617996577286462,-64.00000000000074,7615.5,9178.0,0.9934295501968213,8.248755813591586,2.0,1200.0,-0.0531490092480984
India,unlimited_useful_deadline,T120_P05_H0800_I0600_F1,T120_P05_H0800_I0600_CN030_F1,T120_P05_H0800_I0600_CN040_F1,30.0,40.0,36.0,48.0,1.1642949547218535,3.6222509702458012,1.2896180483181894,-35.565972222204664,6942.0,8568.0,0.2730511313478665,3.9895498268167557,0.0,527.5,-0.07422909541508949
India,unlimited_useful_deadline,T120_P05_H0800_I0600_F1,T120_P05_H0800_I0600_CN040_F1,T120_P05_H0800_I0600_CN050_F1,40.0,50.0,48.0,60.0,-1.2936610608020658,0.5174644243208348,0.2445782661534679,-68.90277777779556,6534.5,8004.0,-0.2040796417944204,2.4604391490965156,1.0,270.0,-0.08262665720422424
India,unlimited_useful_deadline,T120_P05_H0800_I0600_F1,T120_P05_H0800_I0600_CN050_F1,T120_P05_H0800_I0600_CN060_F1,50.0,60.0,60.0,72.0,1.2936610608020658,0.0,0.11161397525033578,7.9027777777781125,6071.0,7497.0,0.23506189240023367,1.6655485650677946,0.0,711.0,-0.04664015188746973
India,unlimited_useful_deadline,T120_P05_H0800_I0600_F1,T120_P05_H0800_I0600_CN060_F1,T120_P05_H0800_I0600_CN070_F1,60.0,70.0,72.0,84.0,-2.3285899094437212,0.12936610608019805,-0.11434693252874695,-16.492361111075212,6234.5,7843.0,-0.03330957481612984,1.063992396132008,2.0,453.5,-0.05208410233955263
India,unlimited_useful_deadline,T120_P05_H0800_I0600_F1,T120_P05_H0800_I0600_CN070_F1,T120_P05_H0800_I0600_CN080_F1,70.0,80.0,84.0,96.0,2.5873221216041316,0.5174644243208348,0.27657527657527226,-3.7361111111354433,6161.0,7679.0,-0.15141503344791296,0.9667042058215429,1.0,409.0,-0.07250712609697851
India,unlimited_useful_deadline,T120_P05_H0800_I0600_F1,T120_P05_H0800_I0600_CN080_F1,T120_P05_H0800_I0600_CN090_F1,80.0,90.0,96.0,108.0,0.6468305304010329,0.2587322121603961,0.08526826708644819,-11.999999999999233,6251.5,7847.0,-0.04517573746357684,0.4626682338156911,2.0,347.0,-0.055912872822754256
India,unlimited_useful_deadline,T120_P05_H0800_I0600_F1,T120_P05_H0800_I0600_CN090_F1,T120_P05_H0800_I0600_CN100_F1,90.0,100.0,108.0,120.0,-0.5174644243208206,0.0,0.0,4.697916666658784,6128.0,7624.0,-0.1148607730646205,0.5468672102102374,-1.0,643.5,-0.06283668372896667
India,unlimited_useful_deadline,T120_P05_H0800_I0800_F1,T120_P05_H0800_I0800_CN000_F1,T120_P05_H0800_I0800_CN010_F1,0.0,10.0,0.0,12.0,49.93531694695989,56.144890038809834,50.41933303439593,,11078.5,16037.0,3.936672625572824,89.35970522803115,8.0,-406.0,0.8745327034989188
India,unlimited_useful_deadline,T120_P05_H0800_I0800_F1,T120_P05_H0800_I0800_CN010_F1,T120_P05_H0800_I0800_CN020_F1,10.0,20.0,12.0,24.0,5.821474773609324,22.121604139715387,11.533027397514331,-84.59861111111223,7435.5,9030.0,-0.2736712323120303,6.302431851186981,4.0,322.0,-0.09959633041220695
India,unlimited_useful_deadline,T120_P05_H0800_I0800_F1,T120_P05_H0800_I0800_CN020_F1,T120_P05_H0800_I0800_CN030_F1,20.0,30.0,24.0,36.0,10.737386804657177,7.503234152652013,7.853610034285012,-40.73541666668075,7444.0,8893.0,-0.22071522982609793,2.559196664182352,-1.0,15.0,-0.08864233228293106
India,unlimited_useful_deadline,T120_P05_H0800_I0800_F1,T120_P05_H0800_I0800_CN030_F1,T120_P05_H0800_I0800_CN040_F1,30.0,40.0,36.0,48.0,2.846054333764556,8.150064683053031,4.022056628403178,-7.097222222222143,7021.5,8618.0,-0.2505481367540696,0.9394765087698431,2.0,62.5,-0.07714899947311515
India,unlimited_useful_deadline,T120_P05_H0800_I0800_F1,T120_P05_H0800_I0800_CN040_F1,T120_P05_H0800_I0800_CN050_F1,40.0,50.0,48.0,60.0,1.6817593790426884,5.433376455368702,1.4356331148242134,-18.1319444444446,5716.0,7129.0,-0.5642740936666106,0.43324703218004856,2.0,-86.0,-0.08169991225294404
India,unlimited_useful_deadline,T120_P05_H0800_I0800_F1,T120_P05_H0800_I0800_CN050_F1,T120_P05_H0800_I0800_CN060_F1,50.0,60.0,60.0,72.0,1.1642949547218535,0.6468305304010329,0.04226140650308707,-25.601388888887527,5826.5,7218.0,-0.25626104794703153,0.20835764429946835,-1.0,82.0,-0.07001263595472151
India,unlimited_useful_deadline,T120_P05_H0800_I0800_F1,T120_P05_H0800_I0800_CN060_F1,T120_P05_H0800_I0800_CN070_F1,60.0,70.0,72.0,84.0,0.2587322121604245,0.0,0.0,-25.000000000000966,6015.5,7616.0,-0.29392464141943186,0.07314921153550813,1.0,211.0,-0.0798364901828168
India,unlimited_useful_deadline,T120_P05_H0800_I0800_F1,T120_P05_H0800_I0800_CN070_F1,T120_P05_H0800_I0800_CN080_F1,70.0,80.0,84.0,96.0,0.12936610608021226,0.0,0.0,21.868055555555713,5855.5,7293.0,-0.2486299323115082,0.08004613477969258,-1.0,278.0,-0.06320058672435369
India,unlimited_useful_deadline,T120_P05_H0800_I0800_F1,T120_P05_H0800_I0800_CN080_F1,T120_P05_H0800_I0800_CN090_F1,80.0,90.0,96.0,108.0,1.2936610608020516,0.0,0.0,-45.170138888866006,5890.5,7456.0,-0.2068984501881772,0.03447952667852405,0.0,265.0,-0.08868327776929075
India,unlimited_useful_deadline,T120_P05_H0800_I0800_F1,T120_P05_H0800_I0800_CN090_F1,T120_P05_H0800_I0800_CN100_F1,90.0,100.0,108.0,120.0,0.2587322121604245,0.0,0.0,-29.00000000002329,5811.0,7249.0,-0.20240443552605036,0.009910198356436695,2.0,139.0,-0.0967382696929433
India,unlimited_useful_deadline,T120_P05_H0800_I0986_F1,T120_P05_H0800_I0986_CN000_F1,T120_P05_H0800_I0986_CN010_F1,0.0,10.0,0.0,12.0,56.79172056921086,47.86545924967659,44.05751865829407,184.7013888888889,11246.5,15514.0,3.6734934210698995,89.15395559673097,10.0,-639.5,0.8827598294912782
India,unlimited_useful_deadline,T120_P05_H0800_I0986_F1,T120_P05_H0800_I0986_CN010_F1,T120_P05_H0800_I0986_CN020_F1,10.0,20.0,12.0,24.0,20.05174644243209,28.848641655886162,16.03409774192494,-15.718055555555566,9218.5,11191.0,0.19258604607983543,8.832069886211897,0.0,286.5,-0.08349356952394227
India,unlimited_useful_deadline,T120_P05_H0800_I0986_F1,T120_P05_H0800_I0986_CN020_F1,T120_P05_H0800_I0986_CN030_F1,20.0,30.0,24.0,36.0,6.985769728331178,8.667529107373852,7.7562058241180125,-66.01527777777619,6977.5,8296.0,-0.6468556915291375,1.4486147789752124,1.0,336.0,-0.08605665430566445
India,unlimited_useful_deadline,T120_P05_H0800_I0986_F1,T120_P05_H0800_I0986_CN030_F1,T120_P05_H0800_I0986_CN040_F1,30.0,40.0,36.0,48.0,1.2936610608020658,8.279430789133244,4.1344501991379445,-22.228472222223076,6677.5,8274.0,-0.5845054970003307,0.29156745165306575,-1.0,441.5,-0.08640718891957433
India,unlimited_useful_deadline,T120_P05_H0800_I0986_F1,T120_P05_H0800_I0986_CN040_F1,T120_P05_H0800_I0986_CN050_F1,40.0,50.0,48.0,60.0,0.3880983182406226,6.209573091849947,0.8877146261320519,-23.472222222221717,5377.0,6740.0,-0.6471816540222601,0.14003461842460752,3.0,260.0,-0.08070247041896228
India,unlimited_useful_deadline,T120_P05_H0800_I0986_F1,T120_P05_H0800_I0986_CN050_F1,T120_P05_H0800_I0986_CN060_F1,50.0,60.0,60.0,72.0,-0.12936610608021226,0.0,0.0,-36.52777777777419,5554.5,6906.0,-0.3979268498097568,0.036653418926746895,-1.0,62.5,-0.08193274359353997
India,unlimited_useful_deadline,T120_P05_H0800_I0986_F1,T120_P05_H0800_I0986_CN060_F1,T120_P05_H0800_I0986_CN070_F1,60.0,70.0,72.0,84.0,0.12936610608021226,0.0,0.0,-16.73333333333744,5819.5,7378.0,-0.32271510577338614,0.0422957135615718,2.0,286.5,-0.08115717012362555
India,unlimited_useful_deadline,T120_P05_H0800_I0986_F1,T120_P05_H0800_I0986_CN070_F1,T120_P05_H0800_I0986_CN080_F1,70.0,80.0,84.0,96.0,0.0,0.0,0.0,-2.8708333333339056,5543.5,6962.0,-0.3222639398899716,0.005869841598425296,1.0,150.0,-0.0721378171231184
India,unlimited_useful_deadline,T120_P05_H0800_I0986_F1,T120_P05_H0800_I0986_CN080_F1,T120_P05_H0800_I0986_CN090_F1,80.0,90.0,96.0,108.0,0.0,0.0,0.0,-30.868055555550114,5727.5,7251.0,-0.2616319313179165,0.04893869391750627,1.0,60.0,-0.08968320152246334
India,unlimited_useful_deadline,T120_P05_H0800_I0986_F1,T120_P05_H0800_I0986_CN090_F1,T120_P05_H0800_I0986_CN100_F1,90.0,100.0,108.0,120.0,0.0,0.0,0.0,-30.565972222227046,5393.0,6778.0,-0.2442646061485494,0.0,-2.0,3.0,-0.09361818090990881
India,unlimited_useful_deadline,T120_P05_H1000_I0600_F1,T120_P05_H1000_I0600_CN000_F1,T120_P05_H1000_I0600_CN010_F1,0.0,10.0,0.0,12.0,1.9404915912030987,7.632600258732214,22.70344631178294,0.0,7253.5,10487.0,2.4193275941332573,65.2122872236353,7.0,1784.5,0.7979703784969829
India,unlimited_useful_deadline,T120_P05_H1000_I0600_F1,T120_P05_H1000_I0600_CN010_F1,T120_P05_H1000_I0600_CN020_F1,10.0,20.0,12.0,24.0,0.12936610608021226,35.3169469598965,7.851501882902568,10.384722222222365,6299.0,8601.0,0.954602077923516,16.346174758384464,1.0,1147.0,-0.10562031729747257
India,unlimited_useful_deadline,T120_P05_H1000_I0600_F1,T120_P05_H1000_I0600_CN020_F1,T120_P05_H1000_I0600_CN030_F1,20.0,30.0,24.0,36.0,0.2587322121604245,19.793014230271666,2.1369011998540373,-94.53333333333336,7453.5,9039.0,1.088675615373119,7.889332967094447,0.0,1432.0,-0.0678402720051785
India,unlimited_useful_deadline,T120_P05_H1000_I0600_F1,T120_P05_H1000_I0600_CN030_F1,T120_P05_H1000_I0600_CN040_F1,30.0,40.0,36.0,48.0,1.2936610608020658,2.3285899094437212,0.5335217422923506,-23.598611111099302,6918.0,8559.0,0.4299179560652924,3.584673359902766,3.0,741.0,-0.07108453886018773
India,unlimited_useful_deadline,T120_P05_H1000_I0600_F1,T120_P05_H1000_I0600_CN040_F1,T120_P05_H1000_I0600_CN050_F1,40.0,50.0,48.0,60.0,-0.5174644243208348,1.29366106080208,0.2635181327085263,-17.266666666664236,6774.5,8266.0,0.021060648476613153,2.7410415424343313,1.0,486.0,-0.08506918556386323
India,unlimited_useful_deadline,T120_P05_H1000_I0600_F1,T120_P05_H1000_I0600_CN050_F1,T120_P05_H1000_I0600_CN060_F1,50.0,60.0,60.0,72.0,0.7761966364812452,0.12936610608021226,0.05050505050505194,-20.093750000010886,6089.0,7536.0,0.31544788581813776,1.4712349743478939,-1.0,792.0,-0.04209098701995395
India,unlimited_useful_deadline,T120_P05_H1000_I0600_F1,T120_P05_H1000_I0600_CN060_F1,T120_P05_H1000_I0600_CN070_F1,60.0,70.0,72.0,84.0,-0.6468305304010329,0.0,-0.031003617960124075,-22.697916666669954,6356.5,8008.0,0.0765580120505458,0.937263224629902,0.0,429.0,-0.06462837038033986
India,unlimited_useful_deadline,T120_P05_H1000_I0600_F1,T120_P05_H1000_I0600_CN070_F1,T120_P05_H1000_I0600_CN080_F1,70.0,80.0,84.0,96.0,1.552393272962476,0.5174644243208206,0.2959721437982239,-3.6423611111110006,6157.5,7691.0,-0.08489189684216036,0.7920763177445593,0.0,878.5,-0.0625769855892957
India,unlimited_useful_deadline,T120_P05_H1000_I0600_F1,T120_P05_H1000_I0600_CN080_F1,T120_P05_H1000_I0600_CN090_F1,80.0,90.0,96.0,108.0,0.0,-0.12936610608021226,-0.10869565217392108,-4.263888888888232,6315.5,7959.0,0.019193676827812922,0.6175706570792556,0.0,435.0,-0.05576594151709058
India,unlimited_useful_deadline,T120_P05_H1000_I0600_F1,T120_P05_H1000_I0600_CN090_F1,T120_P05_H1000_I0600_CN100_F1,90.0,100.0,108.0,120.0,-0.12936610608019805,0.2587322121604245,0.14492753623189003,-5.263888888888317,6124.0,7633.0,-0.06734936249142365,0.40834497474708087,2.0,438.0,-0.07632294649303639
India,unlimited_useful_deadline,T120_P05_H1000_I0800_F1,T120_P05_H1000_I0800_CN000_F1,T120_P05_H1000_I0800_CN010_F1,0.0,10.0,0.0,12.0,41.65588615782666,55.886157826649416,43.45313680402629,,10140.0,14490.0,3.195963420673345,82.77302222835841,8.0,-279.0,0.866407524714464
India,unlimited_useful_deadline,T120_P05_H1000_I0800_F1,T120_P05_H1000_I0800_CN010_F1,T120_P05_H1000_I0800_CN020_F1,10.0,20.0,12.0,24.0,10.996119016817602,22.380336351875805,11.445990202283411,-61.7305555555339,7669.5,9335.0,0.2302682441759476,9.763819639349379,3.0,485.0,-0.10678088796609009
India,unlimited_useful_deadline,T120_P05_H1000_I0800_F1,T120_P05_H1000_I0800_CN020_F1,T120_P05_H1000_I0800_CN030_F1,20.0,30.0,24.0,36.0,6.985769728331164,11.513583441138422,6.985789113861543,-61.26666666669868,7268.0,8685.0,-0.04280580123762423,3.643082342532324,1.0,51.5,-0.08932681133875797
India,unlimited_useful_deadline,T120_P05_H1000_I0800_F1,T120_P05_H1000_I0800_CN030_F1,T120_P05_H1000_I0800_CN040_F1,30.0,40.0,36.0,48.0,2.3285899094437212,6.080206985769735,2.0301055132879355,-3.903472222207597,6621.5,8246.0,-0.184732913032712,1.6006278774280815,-2.0,-54.5,-0.07620454346905214
India,unlimited_useful_deadline,T120_P05_H1000_I0800_F1,T120_P05_H1000_I0800_CN040_F1,T120_P05_H1000_I0800_CN050_F1,40.0,50.0,48.0,60.0,0.9055627425614574,3.1047865459249664,0.6378211051561635,-24.565972222245904,5698.0,7139.0,-0.4685487865143445,0.8910814796364974,2.0,-45.0,-0.0762416875905545
India,unlimited_useful_deadline,T120_P05_H1000_I0800_F1,T120_P05_H1000_I0800_CN050_F1,T120_P05_H1000_I0800_CN060_F1,50.0,60.0,60.0,72.0,0.5174644243208348,0.9055627425614432,0.08578204891270502,-17.527777777777146,5875.5,7308.0,-0.17423592158348722,0.6028080887743528,1.0,64.5,-0.07244554169805428
India,unlimited_useful_deadline,T120_P05_H1000_I0800_F1,T120_P05_H1000_I0800_CN060_F1,T120_P05_H1000_I0800_CN070_F1,60.0,70.0,72.0,84.0,0.7761966364812309,0.0,0.0,-36.73611111111143,6154.0,7739.0,-0.2315675274548905,0.3554807020036179,2.0,247.0,-0.07078848854467723
India,unlimited_useful_deadline,T120_P05_H1000_I0800_F1,T120_P05_H1000_I0800_CN070_F1,T120_P05_H1000_I0800_CN080_F1,70.0,80.0,84.0,96.0,0.7761966364812452,0.12936610608021226,0.012936610608022647,-1.6979166666664298,5803.0,7288.0,-0.22138775741365002,0.22068737242736347,3.0,260.5,-0.06795184238506025
India,unlimited_useful_deadline,T120_P05_H1000_I0800_F1,T120_P05_H1000_I0800_CN080_F1,T120_P05_H1000_I0800_CN090_F1,80.0,90.0,96.0,108.0,0.2587322121604103,0.0,0.0,-13.170138888888317,6022.0,7595.0,-0.1675146914271899,0.05868559324468947,-3.0,297.0,-0.07864431209103206
India,unlimited_useful_deadline,T120_P05_H1000_I0800_F1,T120_P05_H1000_I0800_CN090_F1,T120_P05_H1000_I0800_CN100_F1,90.0,100.0,108.0,120.0,0.12936610608019805,0.0,0.0,-24.398611111112288,5802.5,7292.0,-0.18534099936776993,0.09070467624528078,0.0,-32.5,-0.07650905514772743
India,unlimited_useful_deadline,T120_P05_H1000_I0986_F1,T120_P05_H1000_I0986_CN000_F1,T120_P05_H1000_I0986_CN010_F1,0.0,10.0,0.0,12.0,58.08538163001294,51.746442432082794,39.313720301238185,180.01736111113127,10409.0,14440.0,3.2491086158132028,87.50084112778413,9.0,-787.0,0.8862510420388234
India,unlimited_useful_deadline,T120_P05_H1000_I0986_F1,T120_P05_H1000_I0986_CN010_F1,T120_P05_H1000_I0986_CN020_F1,10.0,20.0,12.0,24.0,18.369987063389388,24.83829236739974,15.266551015033613,-47.730555555575336,9126.0,10847.0,0.6447708926470845,9.937354561547593,0.0,397.0,-0.09125731556454486
India,unlimited_useful_deadline,T120_P05_H1000_I0986_F1,T120_P05_H1000_I0986_CN020_F1,T120_P05_H1000_I0986_CN030_F1,20.0,30.0,24.0,36.0,6.338939197930145,6.468305304010357,6.421659580122963,-38.43402777777783,6886.0,8312.0,-0.36372691102048016,1.8216753954349088,1.0,228.5,-0.0848424678141324
India,unlimited_useful_deadline,T120_P05_H1000_I0986_F1,T120_P05_H1000_I0986_CN030_F1,T120_P05_H1000_I0986_CN040_F1,30.0,40.0,36.0,48.0,1.0349288486416555,8.796895213454079,4.0483600159958115,-16.56874999999559,6609.5,8180.0,-0.41515383307190845,0.4800075252513807,2.0,384.0,-0.09402206252912126
India,unlimited_useful_deadline,T120_P05_H1000_I0986_F1,T120_P05_H1000_I0986_CN040_F1,T120_P05_H1000_I0986_CN050_F1,40.0,50.0,48.0,60.0,0.12936610608019805,6.856403622250966,1.5390885664440361,-21.565972222226918,5564.5,6944.0,-0.5126654617945157,0.14629231943119692,3.0,196.0,-0.08262396385462445
India,unlimited_useful_deadline,T120_P05_H1000_I0986_F1,T120_P05_H1000_I0986_CN050_F1,T120_P05_H1000_I0986_CN060_F1,50.0,60.0,60.0,72.0,0.2587322121604245,0.6468305304010329,0.06346148454615275,-43.431249999999636,5614.0,7029.0,-0.3183963301903008,0.036765302851819115,-2.0,257.0,-0.07768490616738855
India,unlimited_useful_deadline,T120_P05_H1000_I0986_F1,T120_P05_H1000_I0986_CN060_F1,T120_P05_H1000_I0986_CN070_F1,60.0,70.0,72.0,84.0,0.0,0.0,0.0,-2.6625000000001933,5979.0,7567.0,-0.2592255166308979,0.004772406059146306,1.0,272.0,-0.07889609706990797
India,unlimited_useful_deadline,T120_P05_H1000_I0986_F1,T120_P05_H1000_I0986_CN070_F1,T120_P05_H1000_I0986_CN080_F1,70.0,80.0,84.0,96.0,0.0,0.0,0.0,-18.46944444442542,5487.5,6883.0,-0.29788148588081587,0.04401810896841596,-1.0,181.5,-0.07054931650270535
India,unlimited_useful_deadline,T120_P05_H1000_I0986_F1,T120_P05_H1000_I0986_CN080_F1,T120_P05_H1000_I0986_CN090_F1,80.0,90.0,96.0,108.0,0.0,0.0,0.0,-30.39861111112117,5924.5,7522.0,-0.22341321119851276,0.028273252671411342,2.0,278.0,-0.06806162583085684
India,unlimited_useful_deadline,T120_P05_H1000_I0986_F1,T120_P05_H1000_I0986_CN090_F1,T120_P05_H1000_I0986_CN100_F1,90.0,100.0,108.0,120.0,0.0,0.0,0.0,-35.472222222229775,5348.0,6734.0,-0.23479657828211487,0.0,3.0,-192.0,-0.08522211991463502
India,unlimited_useful_deadline,T120_P10_H0500_I0600_F1,T120_P10_H0500_I0600_CN000_F1,T120_P10_H0500_I0600_CN010_F1,0.0,10.0,0.0,12.0,0.0,3.2341526520051747,25.178355115509724,,7817.5,11641.0,2.586454948288572,61.86110632431501,9.0,1056.0,0.7613233010426681
India,unlimited_useful_deadline,T120_P10_H0500_I0600_F1,T120_P10_H0500_I0600_CN010_F1,T120_P10_H0500_I0600_CN020_F1,10.0,20.0,12.0,24.0,0.12936610608019805,33.247089262613194,10.130248785981408,0.18194444445077806,6743.5,8918.0,0.44908980366290585,16.245806291561884,0.0,618.5,-0.06739263716962274
India,unlimited_useful_deadline,T120_P10_H0500_I0600_F1,T120_P10_H0500_I0600_CN020_F1,T120_P10_H0500_I0600_CN030_F1,20.0,30.0,24.0,36.0,0.2587322121604245,18.4993531694696,5.792083865256757,-4.547473508864641e-12,6268.0,7724.0,-0.031674128138188706,8.028121360648413,2.0,507.5,-0.07337016263066487
India,unlimited_useful_deadline,T120_P10_H0500_I0600_F1,T120_P10_H0500_I0600_CN030_F1,T120_P10_H0500_I0600_CN040_F1,30.0,40.0,36.0,48.0,0.0,25.097024579560156,4.330638972043602,-34.03263888888131,7169.0,8870.0,0.04022172577279193,4.759511687681339,1.0,274.5,-0.06657662532801889
India,unlimited_useful_deadline,T120_P10_H0500_I0600_F1,T120_P10_H0500_I0600_CN040_F1,T120_P10_H0500_I0600_CN050_F1,40.0,50.0,48.0,60.0,1.0349288486416555,4.269081500646834,4.148045639888565,-61.533333333336486,7185.0,8543.0,-0.15587410711835403,3.617431027217421,-1.0,46.5,-0.08157720516772748
India,unlimited_useful_deadline,T120_P10_H0500_I0600_F1,T120_P10_H0500_I0600_CN050_F1,T120_P10_H0500_I0600_CN060_F1,50.0,60.0,60.0,72.0,0.12936610608019805,3.8809831824062115,1.4330170954854253,-6.167361111103048,6255.0,7685.0,-0.280033563678316,1.7729302234695439,1.0,414.0,-0.06211228586565998
India,unlimited_useful_deadline,T120_P10_H0500_I0600_F1,T120_P10_H0500_I0600_CN060_F1,T120_P10_H0500_I0600_CN070_F1,60.0,70.0,72.0,84.0,0.5174644243208348,6.338939197930145,0.8904502789951607,-17.131944444457076,5923.0,7394.0,-0.3694168491440806,1.499592909346461,2.0,108.0,-0.07904720426025946
India,unlimited_useful_deadline,T120_P10_H0500_I0600_F1,T120_P10_H0500_I0600_CN070_F1,T120_P10_H0500_I0600_CN080_F1,70.0,80.0,84.0,96.0,0.0,2.975420439844754,0.19888290244327322,1.3020833333403061,5730.0,7210.0,-0.36074743221705496,0.9684484369131354,-1.0,317.5,-0.049855865639693464
India,unlimited_useful_deadline,T120_P10_H0500_I0600_F1,T120_P10_H0500_I0600_CN080_F1,T120_P10_H0500_I0600_CN090_F1,80.0,90.0,96.0,108.0,0.0,2.069857697283311,0.1248453129258138,-34.56597222222976,5936.0,7477.0,-0.3043483058071761,0.5524065176711446,0.0,218.5,-0.07265067506948375
India,unlimited_useful_deadline,T120_P10_H0500_I0600_F1,T120_P10_H0500_I0600_CN090_F1,T120_P10_H0500_I0600_CN100_F1,90.0,100.0,108.0,120.0,0.0,0.0,0.0,0.1319444444592648,5681.5,7145.0,-0.3172034980089453,0.694645221175648,1.0,362.5,-0.07860491563745664
India,unlimited_useful_deadline,T120_P10_H0500_I0800_F1,T120_P10_H0500_I0800_CN000_F1,T120_P10_H0500_I0800_CN010_F1,0.0,10.0,0.0,12.0,53.29883570504528,60.025873221216045,54.4814407252071,,12397.5,17853.0,2.8135615935747778,94.0810273459144,8.0,-1258.0,0.8907457922937034
India,unlimited_useful_deadline,T120_P10_H0500_I0800_F1,T120_P10_H0500_I0800_CN010_F1,T120_P10_H0500_I0800_CN020_F1,10.0,20.0,12.0,24.0,8.667529107373866,19.534282018111256,12.517415010950842,-51.378472222229675,7599.0,9122.0,-1.2131364151653372,4.074991747788587,1.0,336.0,-0.1078401107199769
India,unlimited_useful_deadline,T120_P10_H0500_I0800_F1,T120_P10_H0500_I0800_CN020_F1,T120_P10_H0500_I0800_CN030_F1,20.0,30.0,24.0,36.0,8.408796895213456,11.513583441138422,9.918865072392208,-56.703472222220995,7872.5,9214.0,-0.4712464964420118,1.1186141660659246,2.0,222.5,-0.10452987722044704
India,unlimited_useful_deadline,T120_P10_H0500_I0800_F1,T120_P10_H0500_I0800_CN030_F1,T120_P10_H0500_I0800_CN040_F1,30.0,40.0,36.0,48.0,3.492884864165589,8.538163001293654,3.2928651961990596,-29.53541666666854,6649.5,8182.0,-0.58623448535677,0.2582204700603654,-1.0,161.0,-0.08368810527273451
India,unlimited_useful_deadline,T120_P10_H0500_I0800_F1,T120_P10_H0500_I0800_CN040_F1,T120_P10_H0500_I0800_CN050_F1,40.0,50.0,48.0,60.0,0.0,0.3880983182406226,0.018508873618841903,-41.593749999999574,5542.0,6933.0,-0.47948828808629607,0.22646818582875028,0.0,-40.0,-0.07953087107460655
India,unlimited_useful_deadline,T120_P10_H0500_I0800_F1,T120_P10_H0500_I0800_CN050_F1,T120_P10_H0500_I0800_CN060_F1,50.0,60.0,60.0,72.0,0.0,0.0,0.0,-8.038194444435618,5798.5,7155.0,-0.31291617719772,0.06548034654433366,3.0,216.0,-0.03562466584475077
India,unlimited_useful_deadline,T120_P10_H0500_I0800_F1,T120_P10_H0500_I0800_CN060_F1,T120_P10_H0500_I0800_CN070_F1,60.0,70.0,72.0,84.0,0.0,0.0,0.0,-13.263888888897469,5764.0,7253.0,-0.23962274534793604,0.07531869223812748,0.0,93.5,-0.0761949425512285
India,unlimited_useful_deadline,T120_P10_H0500_I0800_F1,T120_P10_H0500_I0800_CN070_F1,T120_P10_H0500_I0800_CN080_F1,70.0,80.0,84.0,96.0,0.0,0.0,0.0,-28.1701388888861,5490.5,6937.0,-0.2414839093608645,0.06491197288627859,0.0,148.0,-0.08117976504438529
India,unlimited_useful_deadline,T120_P10_H0500_I0800_F1,T120_P10_H0500_I0800_CN080_F1,T120_P10_H0500_I0800_CN090_F1,80.0,90.0,96.0,108.0,0.0,0.0,0.0,7.302083333345365,5675.0,7123.0,-0.18468416262696774,0.0014975793557141515,1.0,40.0,-0.06853732344741115
India,unlimited_useful_deadline,T120_P10_H0500_I0800_F1,T120_P10_H0500_I0800_CN090_F1,T120_P10_H0500_I0800_CN100_F1,90.0,100.0,108.0,120.0,0.0,0.0,0.0,-20.13194444445982,5668.5,7114.0,-0.15066564830810325,0.03346949331751148,0.0,80.5,-0.09979446069003828
India,unlimited_useful_deadline,T120_P10_H0500_I0986_F1,T120_P10_H0500_I0986_CN000_F1,T120_P10_H0500_I0986_CN010_F1,0.0,10.0,0.0,12.0,63.001293661060814,52.13454075032341,55.68262802427083,,13152.5,18660.0,2.129415889289586,94.61603060557992,10.0,-1180.0,0.897150125007268
India,unlimited_useful_deadline,T120_P10_H0500_I0986_F1,T120_P10_H0500_I0986_CN010_F1,T120_P10_H0500_I0986_CN020_F1,10.0,20.0,12.0,24.0,9.57309184993531,27.29624838292368,13.27173107870128,-19.0354166666703,7613.5,9282.0,-1.5020544097152122,3.648986913099634,-1.0,356.0,-0.10057146204602052
India,unlimited_useful_deadline,T120_P10_H0500_I0986_F1,T120_P10_H0500_I0986_CN020_F1,T120_P10_H0500_I0986_CN030_F1,20.0,30.0,24.0,36.0,8.279430789133244,10.219922380336342,8.675831958145807,-71.83263888888894,7553.5,8935.0,-0.5869400021946776,1.0948288444475907,2.0,170.0,-0.10757966387587636
India,unlimited_useful_deadline,T120_P10_H0500_I0986_F1,T120_P10_H0500_I0986_CN030_F1,T120_P10_H0500_I0986_CN040_F1,30.0,40.0,36.0,48.0,2.846054333764556,5.9508408796895225,2.9135884994810084,-18.697916666666572,6193.5,7592.0,-0.4831797720262294,0.39306527273139125,1.0,303.0,-0.06954913676320484
India,unlimited_useful_deadline,T120_P10_H0500_I0986_F1,T120_P10_H0500_I0986_CN040_F1,T120_P10_H0500_I0986_CN050_F1,40.0,50.0,48.0,60.0,0.0,4.398447606727046,0.38027199532267275,-55.00000000000017,5807.5,7240.0,-0.38166575238491873,0.1765575329182667,0.0,-65.0,-0.08373526975775847
India,unlimited_useful_deadline,T120_P10_H0500_I0986_F1,T120_P10_H0500_I0986_CN050_F1,T120_P10_H0500_I0986_CN060_F1,50.0,60.0,60.0,72.0,0.0,0.0,0.0,-13.736111111111057,5674.0,7001.0,-0.32844787601685077,0.026579280142300377,-1.0,229.5,-0.05895557189934353
India,unlimited_useful_deadline,T120_P10_H0500_I0986_F1,T120_P10_H0500_I0986_CN060_F1,T120_P10_H0500_I0986_CN070_F1,60.0,70.0,72.0,84.0,0.0,0.0,0.0,-27.129166666657596,5912.5,7436.0,-0.2580285863976908,0.012034717230818615,0.0,58.5,-0.07104619916671373
India,unlimited_useful_deadline,T120_P10_H0500_I0986_F1,T120_P10_H0500_I0986_CN070_F1,T120_P10_H0500_I0986_CN080_F1,70.0,80.0,84.0,96.0,0.0,0.0,0.0,-11.002777777774327,5218.0,6615.0,-0.20169348011310806,0.025255496253492993,3.0,222.0,-0.07036084917920249
India,unlimited_useful_deadline,T120_P10_H0500_I0986_F1,T120_P10_H0500_I0986_CN080_F1,T120_P10_H0500_I0986_CN090_F1,80.0,90.0,96.0,108.0,0.0,0.0,0.0,-14.299305555567742,5370.5,6668.0,-0.14158207467393868,-0.010917787574427962,1.0,48.0,-0.05235683170955907
India,unlimited_useful_deadline,T120_P10_H0500_I0986_F1,T120_P10_H0500_I0986_CN090_F1,T120_P10_H0500_I0986_CN100_F1,90.0,100.0,108.0,120.0,0.0,0.0,0.0,-8.398611111072213,5981.5,7509.0,-0.10350174387606703,0.0175791251710109,-2.0,90.5,-0.09218995972810151
India,unlimited_useful_deadline,T120_P10_H0800_I0600_F1,T120_P10_H0800_I0600_CN000_F1,T120_P10_H0800_I0600_CN010_F1,0.0,10.0,0.0,12.0,0.0,2.58732212160414,22.872282310914095,,7542.5,11089.0,2.7813759440883334,60.28694900605013,7.0,1754.0,0.7605575710460395
India,unlimited_useful_deadline,T120_P10_H0800_I0600_F1,T120_P10_H0800_I0600_CN010_F1,T120_P10_H0800_I0600_CN020_F1,10.0,20.0,12.0,24.0,0.0,32.85899094437258,9.989061304272397,-1.7486111111110745,7002.0,9147.0,1.3102083015890846,16.9452250487846,1.0,1211.0,-0.06396553339329114
India,unlimited_useful_deadline,T120_P10_H0800_I0600_F1,T120_P10_H0800_I0600_CN020_F1,T120_P10_H0800_I0600_CN030_F1,20.0,30.0,24.0,36.0,0.0,19.27554980595083,4.938475788062263,2.5659722222309824,6380.0,8025.0,0.5643190420860122,8.420288729557157,2.0,898.0,-0.06609134896769708
India,unlimited_useful_deadline,T120_P10_H0800_I0600_F1,T120_P10_H0800_I0600_CN030_F1,T120_P10_H0800_I0600_CN040_F1,30.0,40.0,36.0,48.0,0.0,21.474773609314376,4.079088879699924,-13.527777777745484,7426.0,9076.0,0.458350166220189,4.622696342924144,1.0,694.5,-0.0652136294659531
India,unlimited_useful_deadline,T120_P10_H0800_I0600_F1,T120_P10_H0800_I0600_CN040_F1,T120_P10_H0800_I0600_CN050_F1,40.0,50.0,48.0,60.0,0.0,6.727037516170753,2.965241398350102,-75.9388888889294,6462.5,7866.0,-0.007331352521866563,3.84939458317686,1.0,167.5,-0.07118198964540312
India,unlimited_useful_deadline,T120_P10_H0800_I0600_F1,T120_P10_H0800_I0600_CN050_F1,T120_P10_H0800_I0600_CN060_F1,50.0,60.0,60.0,72.0,0.0,3.1047865459249664,1.0931731569093301,-8.49513888886844,6281.5,7844.0,-0.051913271340954026,1.9193496936870957,-1.0,754.5,-0.06563204790679444
India,unlimited_useful_deadline,T120_P10_H0800_I0600_F1,T120_P10_H0800_I0600_CN060_F1,T120_P10_H0800_I0600_CN070_F1,60.0,70.0,72.0,84.0,0.0,5.5627425614489,0.7144549597859253,-16.63680555557562,5830.5,7310.0,-0.1746446799422685,1.3783270721873606,2.0,414.5,-0.07008667963282877
India,unlimited_useful_deadline,T120_P10_H0800_I0600_F1,T120_P10_H0800_I0600_CN070_F1,T120_P10_H0800_I0600_CN080_F1,70.0,80.0,84.0,96.0,0.0,1.0349288486416555,0.22225196550759563,4.131944444449886,5784.5,7323.0,-0.21488996378391256,1.1891950764211288,0.0,294.0,-0.054715010857447455
India,unlimited_useful_deadline,T120_P10_H0800_I0600_F1,T120_P10_H0800_I0600_CN080_F1,T120_P10_H0800_I0600_CN090_F1,80.0,90.0,96.0,108.0,0.0,7.115135834411376,0.4502745898832359,-17.832638888894877,6023.0,7541.0,-0.1939969067939753,0.6201345553566853,0.0,-78.0,-0.06512468604700605
India,unlimited_useful_deadline,T120_P10_H0800_I0600_F1,T120_P10_H0800_I0600_CN090_F1,T120_P10_H0800_I0600_CN100_F1,90.0,100.0,108.0,120.0,0.0,0.12936610608021226,0.0647668393782368,-40.434027777777175,5743.0,7225.0,-0.232908685356648,0.7684398918548396,-2.0,523.5,-0.07688283106140958
India,unlimited_useful_deadline,T120_P10_H0800_I0800_F1,T120_P10_H0800_I0800_CN000_F1,T120_P10_H0800_I0800_CN010_F1,0.0,10.0,0.0,12.0,51.22897800776197,57.309184993531694,50.5217364965618,,11979.0,16730.0,3.6747297537158143,91.44488531888125,8.0,-796.0,0.8852185257664711
India,unlimited_useful_deadline,T120_P10_H0800_I0800_F1,T120_P10_H0800_I0800_CN010_F1,T120_P10_H0800_I0800_CN020_F1,10.0,20.0,12.0,24.0,8.667529107373866,20.439844760672706,12.937056810998456,-60.91388888888855,7981.0,9577.0,-0.2566091424000083,5.708071389877077,2.0,540.5,-0.12176164861774863
India,unlimited_useful_deadline,T120_P10_H0800_I0800_F1,T120_P10_H0800_I0800_CN020_F1,T120_P10_H0800_I0800_CN030_F1,20.0,30.0,24.0,36.0,9.184993531694701,10.86675291073739,8.313903854858424,-45.70069444443706,7040.0,8475.0,-0.3693094449275893,1.8903092927816232,1.0,54.5,-0.09688334431291978
India,unlimited_useful_deadline,T120_P10_H0800_I0800_F1,T120_P10_H0800_I0800_CN030_F1,T120_P10_H0800_I0800_CN040_F1,30.0,40.0,36.0,48.0,0.0,9.702457956015522,2.8935696580152097,-17.868055555563245,6609.5,8122.0,-0.4200599400096312,0.44771164456831514,1.0,319.5,-0.07892834457627029
India,unlimited_useful_deadline,T120_P10_H0800_I0800_F1,T120_P10_H0800_I0800_CN040_F1,T120_P10_H0800_I0800_CN050_F1,40.0,50.0,48.0,60.0,0.0,1.552393272962476,0.07409768110508708,-45.29930555555541,5501.5,6934.0,-0.37482021977463553,0.24982434303122147,-1.0,-4.5,-0.08457614876076747
India,unlimited_useful_deadline,T120_P10_H0800_I0800_F1,T120_P10_H0800_I0800_CN050_F1,T120_P10_H0800_I0800_CN060_F1,50.0,60.0,60.0,72.0,0.0,0.12936610608021226,0.012936610608022647,-16.700694444444622,5905.0,7381.0,-0.23676857074344237,0.13867016068590488,2.0,280.0,-0.058393767211552206
India,unlimited_useful_deadline,T120_P10_H0800_I0800_F1,T120_P10_H0800_I0800_CN060_F1,T120_P10_H0800_I0800_CN070_F1,60.0,70.0,72.0,84.0,0.0,0.0,0.0,-24.26388888888863,5708.0,7226.0,-0.2040961023569574,0.07259672351661095,4.0,319.5,-0.07836111492692499
India,unlimited_useful_deadline,T120_P10_H0800_I0800_F1,T120_P10_H0800_I0800_CN070_F1,T120_P10_H0800_I0800_CN080_F1,70.0,80.0,84.0,96.0,0.0,0.0,0.0,-12.997222222208649,5508.5,6935.0,-0.21486020847777976,0.028685231054424776,-4.0,183.0,-0.07219625340385183
India,unlimited_useful_deadline,T120_P10_H0800_I0800_F1,T120_P10_H0800_I0800_CN080_F1,T120_P10_H0800_I0800_CN090_F1,80.0,90.0,96.0,108.0,0.0,0.0,0.0,-18.131944444444045,5966.0,7494.0,-0.14095191039341604,0.010116115783432633,0.0,213.5,-0.06680623045542222
India,unlimited_useful_deadline,T120_P10_H0800_I0800_F1,T120_P10_H0800_I0800_CN090_F1,T120_P10_H0800_I0800_CN100_F1,90.0,100.0,108.0,120.0,0.0,0.0,0.0,-11.134722222236263,5681.0,7137.0,-0.13854801521755977,0.009129779820142403,3.0,128.0,-0.08835252892393575
India,unlimited_useful_deadline,T120_P10_H0800_I0986_F1,T120_P10_H0800_I0986_CN000_F1,T120_P10_H0800_I0986_CN010_F1,0.0,10.0,0.0,12.0,42.30271668822768,57.4385510996119,50.34546867013732,,12439.0,17039.0,2.7084053491678786,90.44872184103467,9.0,-1213.0,0.8902114464303155
India,unlimited_useful_deadline,T120_P10_H0800_I0986_F1,T120_P10_H0800_I0986_CN010_F1,T120_P10_H0800_I0986_CN020_F1,10.0,20.0,12.0,24.0,16.17076326002588,22.639068564036222,13.117831033164975,-70.33472222222201,8065.5,9681.0,-0.6732777212568966,6.455637326667954,1.0,348.0,-0.11177664449297486
India,unlimited_useful_deadline,T120_P10_H0800_I0986_F1,T120_P10_H0800_I0986_CN020_F1,T120_P10_H0800_I0986_CN030_F1,20.0,30.0,24.0,36.0,3.7516170763259993,9.443725743855111,6.672930170766378,-13.302083333333599,6261.0,7632.0,-0.6466775004063638,1.5873035752305924,0.0,-40.0,-0.10558992502269615
India,unlimited_useful_deadline,T120_P10_H0800_I0986_F1,T120_P10_H0800_I0986_CN030_F1,T120_P10_H0800_I0986_CN040_F1,30.0,40.0,36.0,48.0,0.0,2.9754204398447683,1.0903440204813108,-31.6979166666664,6266.0,7755.0,-0.35326241691185967,0.7771202259158656,1.0,318.0,-0.06206546974299787
India,unlimited_useful_deadline,T120_P10_H0800_I0986_F1,T120_P10_H0800_I0986_CN040_F1,T120_P10_H0800_I0986_CN050_F1,40.0,50.0,48.0,60.0,0.0,7.503234152651999,0.6028049467175407,-48.302083333332604,5811.5,7269.0,-0.31137587075963147,0.19474885770843287,-1.0,68.0,-0.0843543864240559
India,unlimited_useful_deadline,T120_P10_H0800_I0986_F1,T120_P10_H0800_I0986_CN050_F1,T120_P10_H0800_I0986_CN060_F1,50.0,60.0,60.0,72.0,0.0,0.0,0.0,-26.794444444439875,5672.0,7080.0,-0.2719400966432364,0.27794515356401917,1.0,195.0,-0.062087241879492217
India,unlimited_useful_deadline,T120_P10_H0800_I0986_F1,T120_P10_H0800_I0986_CN060_F1,T120_P10_H0800_I0986_CN070_F1,60.0,70.0,72.0,84.0,0.0,0.0,0.0,-25.000000000000966,5738.5,7228.0,-0.22747526074368185,0.07338388920339867,1.0,224.5,-0.08972256229708986
India,unlimited_useful_deadline,T120_P10_H0800_I0986_F1,T120_P10_H0800_I0986_CN070_F1,T120_P10_H0800_I0986_CN080_F1,70.0,80.0,84.0,96.0,0.0,0.0,0.0,-12.263888888883045,5424.0,6845.0,-0.168382653670327,0.0779499165897306,1.0,369.5,-0.07649996442403695
India,unlimited_useful_deadline,T120_P10_H0800_I0986_F1,T120_P10_H0800_I0986_CN080_F1,T120_P10_H0800_I0986_CN090_F1,80.0,90.0,96.0,108.0,0.0,0.0,0.0,9.093749999989583,5789.0,7234.0,-0.10364077725427201,0.08428722695624913,1.0,87.5,-0.06810344264809798
India,unlimited_useful_deadline,T120_P10_H0800_I0986_F1,T120_P10_H0800_I0986_CN090_F1,T120_P10_H0800_I0986_CN100_F1,90.0,100.0,108.0,120.0,0.0,0.0,0.0,-22.111111111111356,5903.5,7429.0,-0.10033671391992893,0.022901987129088752,-1.0,85.0,-0.07452683197344179
India,unlimited_useful_deadline,T120_P10_H1000_I0600_F1,T120_P10_H1000_I0600_CN000_F1,T120_P10_H1000_I0600_CN010_F1,0.0,10.0,0.0,12.0,0.0,3.4928848641655885,21.63132424084929,,7391.5,10755.0,2.6446314893782326,59.36229852838122,8.0,2104.0,0.7705161544523247
India,unlimited_useful_deadline,T120_P10_H1000_I0600_F1,T120_P10_H1000_I0600_CN010_F1,T120_P10_H1000_I0600_CN020_F1,10.0,20.0,12.0,24.0,0.0,32.72962483829237,9.439711809580473,10.915972222211622,6877.5,8931.0,1.4490720602964124,17.79575797948023,1.0,1431.5,-0.062307819178027746
India,unlimited_useful_deadline,T120_P10_H1000_I0600_F1,T120_P10_H1000_I0600_CN020_F1,T120_P10_H1000_I0600_CN030_F1,20.0,30.0,24.0,36.0,0.0,18.887451487710223,4.420711852810896,0.051388888889505324,6418.0,8031.0,0.807337320798311,8.614013652302532,0.0,1237.0,-0.06371091677753826
India,unlimited_useful_deadline,T120_P10_H1000_I0600_F1,T120_P10_H1000_I0600_CN030_F1,T120_P10_H1000_I0600_CN040_F1,30.0,40.0,36.0,48.0,0.0,18.369987063389388,3.9508978402689507,-8.533333333333076,7188.0,8866.0,0.5537645488219294,4.718096297890611,3.0,718.0,-0.06933138098568326
India,unlimited_useful_deadline,T120_P10_H1000_I0600_F1,T120_P10_H1000_I0600_CN040_F1,T120_P10_H1000_I0600_CN050_F1,40.0,50.0,48.0,60.0,0.0,7.503234152652013,2.6787894239571557,-68.13194444444525,6661.0,8140.0,0.22674265776509017,3.7521882727763938,-2.0,721.5,-0.06652583838665804
India,unlimited_useful_deadline,T120_P10_H1000_I0600_F1,T120_P10_H1000_I0600_CN050_F1,T120_P10_H1000_I0600_CN060_F1,50.0,60.0,60.0,72.0,0.0,2.4579560155239335,1.3367921969679912,-15.13194444444406,6172.5,7667.0,0.05927372050555846,1.9677446660631261,2.0,626.5,-0.06792693271363093
India,unlimited_useful_deadline,T120_P10_H1000_I0600_F1,T120_P10_H1000_I0600_CN060_F1,T120_P10_H1000_I0600_CN070_F1,60.0,70.0,72.0,84.0,0.0,4.52781371280723,0.6818282148783652,-18.73611111111154,6049.0,7633.0,-0.01562869504894948,1.3782740836040688,1.0,616.5,-0.06819487275474256
India,unlimited_useful_deadline,T120_P10_H1000_I0600_F1,T120_P10_H1000_I0600_CN070_F1,T120_P10_H1000_I0600_CN080_F1,70.0,80.0,84.0,96.0,0.0,3.8809831824062258,0.6757278972856255,-12.697916666661428,5830.0,7366.0,-0.12861881558316668,0.8233239600560864,-1.0,472.5,-0.06619002375008765
India,unlimited_useful_deadline,T120_P10_H1000_I0600_F1,T120_P10_H1000_I0600_CN080_F1,T120_P10_H1000_I0600_CN090_F1,80.0,90.0,96.0,108.0,0.0,5.9508408796895225,0.31973864675404684,11.964583333328221,6012.5,7562.0,-0.13667453773057225,0.9751241879192065,1.0,-162.5,-0.06926171635361378
India,unlimited_useful_deadline,T120_P10_H1000_I0600_F1,T120_P10_H1000_I0600_CN090_F1,T120_P10_H1000_I0600_CN100_F1,90.0,100.0,108.0,120.0,0.0,2.0698576972832967,0.21795764938099182,-73.96180555554898,5881.0,7432.0,-0.16610515485212396,0.61317837152653,0.0,489.5,-0.07780493235919206
India,unlimited_useful_deadline,T120_P10_H1000_I0800_F1,T120_P10_H1000_I0800_CN000_F1,T120_P10_H1000_I0800_CN010_F1,0.0,10.0,0.0,12.0,39.19793014230272,54.075032341526516,43.76941739260013,,10814.5,15067.0,3.0351113311420486,87.69993390614673,8.0,-801.5,0.8797965449954086
India,unlimited_useful_deadline,T120_P10_H1000_I0800_F1,T120_P10_H1000_I0800_CN010_F1,T120_P10_H1000_I0800_CN020_F1,10.0,20.0,12.0,24.0,12.807244501940502,25.097024579560163,13.024457835675435,-53.51666666667114,8058.0,9668.0,0.23274769193942912,7.935739718141704,1.0,503.5,-0.12595144445030027
India,unlimited_useful_deadline,T120_P10_H1000_I0800_F1,T120_P10_H1000_I0800_CN020_F1,T120_P10_H1000_I0800_CN030_F1,20.0,30.0,24.0,36.0,6.468305304010343,10.478654592496753,8.09599867499712,-38.216666666665844,7154.5,8573.0,-0.10921948173118334,2.584644411469995,1.0,45.5,-0.09774195931334972
India,unlimited_useful_deadline,T120_P10_H1000_I0800_F1,T120_P10_H1000_I0800_CN030_F1,T120_P10_H1000_I0800_CN040_F1,30.0,40.0,36.0,48.0,0.0,8.020698576972848,2.496760284649909,-18.263888888889596,6312.0,7872.0,-0.34091225826689886,0.9243981655265543,0.0,401.0,-0.08044585621495748
India,unlimited_useful_deadline,T120_P10_H1000_I0800_F1,T120_P10_H1000_I0800_CN040_F1,T120_P10_H1000_I0800_CN050_F1,40.0,50.0,48.0,60.0,0.0,2.3285899094437212,0.22233627342588136,-52.30208333332121,5772.0,7231.0,-0.24716765042836109,0.4145215392781125,0.0,87.5,-0.09428390767906736
India,unlimited_useful_deadline,T120_P10_H1000_I0800_F1,T120_P10_H1000_I0800_CN050_F1,T120_P10_H1000_I0800_CN060_F1,50.0,60.0,60.0,72.0,0.0,0.0,0.0,-10.565972222234478,5933.5,7379.0,-0.17512383292753597,0.17297896746006813,0.0,330.5,-0.05726309934273255
India,unlimited_useful_deadline,T120_P10_H1000_I0800_F1,T120_P10_H1000_I0800_CN060_F1,T120_P10_H1000_I0800_CN070_F1,60.0,70.0,72.0,84.0,0.0,0.0,0.0,-27.563194444441848,5710.5,7244.0,-0.16311470861077382,0.11797886997223372,4.0,187.0,-0.0717391771103344
India,unlimited_useful_deadline,T120_P10_H1000_I0800_F1,T120_P10_H1000_I0800_CN070_F1,T120_P10_H1000_I0800_CN080_F1,70.0,80.0,84.0,96.0,0.0,0.0,0.0,-13.868055555524165,5582.0,7087.0,-0.1737987739971416,0.045030942267800356,-1.0,385.0,-0.05154827675976792
India,unlimited_useful_deadline,T120_P10_H1000_I0800_F1,T120_P10_H1000_I0800_CN080_F1,T120_P10_H1000_I0800_CN090_F1,80.0,90.0,96.0,108.0,0.0,0.0,0.0,-18.22847222225593,5981.0,7471.0,-0.1172677731790186,0.09258458229875544,0.0,287.5,-0.06295772249752507
India,unlimited_useful_deadline,T120_P10_H1000_I0800_F1,T120_P10_H1000_I0800_CN090_F1,T120_P10_H1000_I0800_CN100_F1,90.0,100.0,108.0,120.0,0.0,0.0,0.0,-11.906249999985619,5766.5,7307.0,-0.1124355504953316,0.012188897438051072,3.0,-68.0,-0.0780241318511039
India,unlimited_useful_deadline,T120_P10_H1000_I0986_F1,T120_P10_H1000_I0986_CN000_F1,T120_P10_H1000_I0986_CN010_F1,0.0,10.0,0.0,12.0,40.8796895213454,58.47347994825356,43.8116837685885,,11265.0,15405.0,2.3431482126511156,86.86356280343583,9.0,-1342.5,0.8893909048846587
India,unlimited_useful_deadline,T120_P10_H1000_I0986_F1,T120_P10_H1000_I0986_CN010_F1,T120_P10_H1000_I0986_CN020_F1,10.0,20.0,12.0,24.0,9.573091849935324,20.181112548512296,13.68761811076493,-70.91249999999991,8247.5,9802.0,-0.1791460552283093,8.38598991419019,1.0,286.0,-0.12303700662352135
India,unlimited_useful_deadline,T120_P10_H1000_I0986_F1,T120_P10_H1000_I0986_CN020_F1,T120_P10_H1000_I0986_CN030_F1,20.0,30.0,24.0,36.0,2.716688227684344,8.796895213454064,5.098607246625292,-18.90347222221834,6054.5,7459.0,-0.5068204588387344,2.3268434889071727,1.0,77.5,-0.11064839335142085
India,unlimited_useful_deadline,T120_P10_H1000_I0986_F1,T120_P10_H1000_I0986_CN030_F1,T120_P10_H1000_I0986_CN040_F1,30.0,40.0,36.0,48.0,0.0,5.045278137128079,1.7264390493266433,-25.09652777778163,6148.5,7681.0,-0.2790781686388737,1.003697723607985,0.0,290.0,-0.06176652009793626
India,unlimited_useful_deadline,T120_P10_H1000_I0986_F1,T120_P10_H1000_I0986_CN040_F1,T120_P10_H1000_I0986_CN050_F1,40.0,50.0,48.0,60.0,0.0,7.503234152651999,0.4860196047280283,-35.43402777777297,6058.0,7556.0,-0.2231039391317955,0.5250041919741761,1.0,309.5,-0.08245889150325914
India,unlimited_useful_deadline,T120_P10_H1000_I0986_F1,T120_P10_H1000_I0986_CN050_F1,T120_P10_H1000_I0986_CN060_F1,50.0,60.0,60.0,72.0,0.0,0.0,0.0,-23.733333333337868,5753.0,7170.0,-0.21917382120632922,0.4489859914845624,1.0,116.0,-0.07899303385811374
India,unlimited_useful_deadline,T120_P10_H1000_I0986_F1,T120_P10_H1000_I0986_CN060_F1,T120_P10_H1000_I0986_CN070_F1,60.0,70.0,72.0,84.0,0.0,0.0,0.0,-37.56875000000042,5854.0,7429.0,-0.1812049484062026,0.2096728883287966,0.0,177.5,-0.07560083341864843
India,unlimited_useful_deadline,T120_P10_H1000_I0986_F1,T120_P10_H1000_I0986_CN070_F1,T120_P10_H1000_I0986_CN080_F1,70.0,80.0,84.0,96.0,0.0,0.0,0.0,-5.017361111071949,5402.5,6815.0,-0.1528617272563526,0.028972589908022428,5.0,269.0,-0.04923543238096517
India,unlimited_useful_deadline,T120_P10_H1000_I0986_F1,T120_P10_H1000_I0986_CN080_F1,T120_P10_H1000_I0986_CN090_F1,80.0,90.0,96.0,108.0,0.0,0.0,0.0,-8.114583333372508,6053.0,7566.0,-0.07491331993048522,0.13947328154260674,-4.0,174.0,-0.05918741517782511
India,unlimited_useful_deadline,T120_P10_H1000_I0986_F1,T120_P10_H1000_I0986_CN090_F1,T120_P10_H1000_I0986_CN100_F1,90.0,100.0,108.0,120.0,0.0,0.0,0.0,-26.07291666666653,5763.0,7267.0,-0.09940801265164101,0.06779712662066117,0.0,25.5,-0.07810257967911305
