case_id,region,scenario_id,family,topology,routing_policy,receiver_target,delivery_cutoff,max_forwarding_hops,max_observer_copies,max_cn_copies,task_size_multiplier,failure_type,failure_level_percent,replicate,applicability,n_tasks,n_failed_nodes,failed_nodes,removed_window_count,n_available_windows,available_window_duration_sec,available_window_capacity_mbits,n_transfer_events,total_transferred_data_mbits,used_capacity_percent,cn_related_traffic_share_percent,max_hops_seen,mean_original_coverage_deadline_percent,mean_original_coverage_sim_end_percent,mean_surviving_coverage_deadline_percent,mean_surviving_coverage_sim_end_percent,s100_original_before_deadline_percent,s100_original_by_sim_end_percent,s100_surviving_before_deadline_percent,s100_surviving_by_sim_end_percent,observation_success_percent,geometry_failure_count,communication_failure_count,routing_or_timing_failure_count,disconnected_task_count_original,t100_completed_task_count_surviving,t100_censored_task_count_surviving,median_t100_surviving_min,p90_t100_surviving_min,p95_t100_surviving_min,p100_t100_surviving_min,t100_completed_task_count_original,t100_censored_task_count_original,p100_t100_original_min,peak_node_sent_data_mbits,mean_node_sent_data_mbits,node_sent_data_gini,n_tasks_critical,critical_observation_success_percent,critical_s100_surviving_before_deadline_percent,n_tasks_high,high_observation_success_percent,high_s100_surviving_before_deadline_percent,n_tasks_medium,medium_observation_success_percent,medium_s100_surviving_before_deadline_percent,n_tasks_low,low_observation_success_percent,low_s100_surviving_before_deadline_percent,status,n_satellites,n_planes,altitude_km,inclination_deg,cn_fraction_percent,n_central_nodes,scenario_seed_hex,base_id,robustness_auc_retention,is_exact_pareto,reference_family_score,reference_family_rank,rank1_acceptability_percent,top5_acceptability_percent,equal_family_score,equal_family_rank,component_mission_success,component_observation_success,component_timeliness,component_resource_efficiency,component_robustness
T060_P03_H0500_I0600_CN030_F1,California,unlimited_useful_deadline,unlimited,central_only,targeted_central,all_useful,deadline,-1.0,0.0,0.0,1.0,none,0.0,0,applicable,32.0,0.0,,0.0,11551.0,2799252.0,87682.60799989989,953.0,813.5,0.9277780606171395,88.13767670559312,6.0,98.6842105263158,98.6842105263158,98.6842105263158,98.6842105263158,56.25,56.25,56.25,56.25,59.375,13.0,0.0,0.0,13.0,18.0,14.0,85.59305555555596,91.8211805555554,94.8256944444446,98.36736111111095,18.0,14.0,98.36736111111095,200.0,10.225,0.7115321923390383,1.0,0.0,0.0,6.0,33.33333333333333,16.666666666666664,16.0,50.0,50.0,9.0,100.0,100.0,COMPLETED,60,3,500.0,60.0,30.0,18,3f1878e7fb99e758,T060_P03_H0500_I0600_F1,0.8425154320987654,False,0.6810081663509713,400,0.0,0.0,0.6821651621186562,400,0.5483870967741935,0.59375,0.813999055147601,0.8831626465435924,0.571527012127894
T060_P03_H0500_I0600_CN040_F1,California,unlimited_useful_deadline,unlimited,central_only,targeted_central,all_useful,deadline,-1.0,0.0,0.0,1.0,none,0.0,0,applicable,32.0,0.0,,0.0,14159.0,3493604.0,101014.16639987381,1074.0,942.0,0.932542467628755,92.51592356687898,11.0,100.0,100.0,100.0,100.0,59.375,59.375,59.375,59.375,59.375,13.0,0.0,0.0,13.0,19.0,13.0,83.36736111111628,95.0784722222282,95.16076388888871,95.55138888888857,19.0,13.0,95.55138888888857,180.5,12.691666666666666,0.677620923615671,1.0,0.0,0.0,6.0,33.33333333333333,33.33333333333333,16.0,50.0,50.0,9.0,100.0,100.0,COMPLETED,60,3,500.0,60.0,40.0,24,ac14883e48276b78,T060_P03_H0500_I0600_F1,0.8444200779727096,False,0.6857064825175007,392,0.0,0.0,0.68542067022563,395,0.5806451612903226,0.59375,0.8228271116036212,0.8549521627812964,0.57492891545291
T060_P03_H0500_I0600_CN050_F1,California,unlimited_useful_deadline,unlimited,central_only,targeted_central,all_useful,deadline,-1.0,0.0,0.0,1.0,none,0.0,0,applicable,32.0,0.0,,0.0,15087.0,4165388.0,113912.41919986495,1204.0,1079.5,0.9476578652113112,97.03566465956462,13.0,100.0,100.0,100.0,100.0,59.375,59.375,59.375,59.375,59.375,13.0,0.0,0.0,13.0,19.0,13.0,82.60277777778683,87.10624999999986,87.62819444444462,89.20069444444695,19.0,13.0,89.20069444444695,179.5,15.0,0.6061296296296297,1.0,0.0,0.0,6.0,33.33333333333333,33.33333333333333,16.0,50.0,50.0,9.0,100.0,100.0,COMPLETED,60,3,500.0,60.0,50.0,30,71243a39aa04cee2,T060_P03_H0500_I0600_F1,0.8830409356725147,False,0.6942317141993781,388,0.0,0.0,0.6973949531464096,384,0.5806451612903226,0.59375,0.8427365015642292,0.8259331626465437,0.6439099402309524
T060_P03_H0500_I0600_CN060_F1,California,unlimited_useful_deadline,unlimited,central_only,targeted_central,all_useful,deadline,-1.0,0.0,0.0,1.0,none,0.0,0,applicable,32.0,0.0,,0.0,19353.0,5058180.0,131054.02559981801,1328.0,1206.0,0.9202311752579043,97.18076285240464,12.0,100.0,100.0,100.0,100.0,59.375,59.375,59.375,59.375,59.375,13.0,0.0,0.0,13.0,19.0,13.0,72.50277777777798,79.68125000000828,83.2173611111116,83.36736111111628,19.0,13.0,83.36736111111628,147.0,17.65,0.5816808309726158,1.0,0.0,0.0,6.0,33.33333333333333,33.33333333333333,16.0,50.0,50.0,9.0,100.0,100.0,COMPLETED,60,3,500.0,60.0,60.0,36,b72aa2e0abac17d6,T060_P03_H0500_I0600_F1,0.9692495126705652,False,0.7153797196722566,350,0.0,0.0,0.7262418502806354,332,0.5806451612903226,0.59375,0.8610239674657167,0.7979023491892377,0.7978877734579003
T060_P03_H0500_I0600_CN070_F1,California,unlimited_useful_deadline,unlimited,central_only,targeted_central,all_useful,deadline,-1.0,0.0,0.0,1.0,none,0.0,0,applicable,32.0,0.0,,0.0,22699.0,6122956.0,151497.72479978128,1455.0,1344.5,0.8874720737733093,97.50836742283377,11.0,100.0,100.0,100.0,100.0,59.375,59.375,59.375,59.375,59.375,13.0,0.0,0.0,13.0,19.0,13.0,78.86805555555772,83.56805555555688,83.67812500000016,84.06875000000024,19.0,13.0,84.06875000000024,180.5,19.4,0.5595504009163803,1.0,0.0,0.0,6.0,33.33333333333333,33.33333333333333,16.0,50.0,50.0,9.0,100.0,100.0,COMPLETED,60,3,500.0,60.0,70.0,42,5ae91951e2410e5b,T060_P03_H0500_I0600_F1,0.9611842105263158,False,0.7069573574404363,363,0.0,0.0,0.7170992129951392,352,0.5806451612903226,0.59375,0.8588251173990048,0.7687935139019899,0.7834822723843786
T060_P03_H0500_I0600_CN080_F1,California,unlimited_useful_deadline,unlimited,central_only,targeted_central,all_useful,deadline,-1.0,0.0,0.0,1.0,none,0.0,0,applicable,32.0,0.0,,0.0,23817.0,6826644.0,165008.53439976726,1576.0,1472.5,0.8923780853859138,98.91341256366724,13.0,100.0,100.0,100.0,100.0,59.375,59.375,59.375,59.375,59.375,13.0,0.0,0.0,13.0,19.0,13.0,76.10347222224567,80.52277777778033,80.6361805555655,80.93680555555608,19.0,13.0,80.93680555555608,174.0,21.641666666666666,0.4908548324990374,1.0,0.0,0.0,6.0,33.33333333333333,33.33333333333333,16.0,50.0,50.0,9.0,100.0,100.0,COMPLETED,60,3,500.0,60.0,80.0,48,e17e293126212be8,T060_P03_H0500_I0600_F1,0.9723440545808967,False,0.7062778728012664,364,0.0,0.0,0.7174163627202703,350,0.5806451612903226,0.59375,0.868643744924688,0.7406279477159412,0.8034149596703997
T060_P03_H0500_I0600_CN090_F1,California,unlimited_useful_deadline,unlimited,central_only,targeted_central,all_useful,deadline,-1.0,0.0,0.0,1.0,none,0.0,0,applicable,32.0,0.0,,0.0,26783.0,7770348.0,183127.6511997329,1705.0,1608.0,0.878076024819536,99.53358208955224,12.0,100.0,100.0,100.0,100.0,59.375,59.375,59.375,59.375,59.375,13.0,0.0,0.0,13.0,19.0,13.0,75.15138888888904,83.2875000000001,83.67812500000016,84.06875000000024,19.0,13.0,84.06875000000024,154.0,24.233333333333334,0.4658413571756075,1.0,0.0,0.0,6.0,33.33333333333333,33.33333333333333,16.0,50.0,50.0,9.0,100.0,100.0,COMPLETED,60,3,500.0,60.0,90.0,54,5fc3e7e8ec1fa78f,T060_P03_H0500_I0600_F1,0.9810185185185185,False,0.7008703108085037,371,0.0,0.0,0.7127834772202831,361,0.5806451612903226,0.59375,0.8588251173990048,0.711788617886179,0.8189084895259094
T060_P03_H0500_I0600_CN100_F1,California,unlimited_useful_deadline,unlimited,central_only,targeted_central,all_useful,deadline,-1.0,0.0,0.0,1.0,none,0.0,0,applicable,32.0,0.0,,0.0,29013.0,8725204.0,201460.88639970438,1834.0,1743.0,0.8651803489744586,100.0,14.0,100.0,100.0,100.0,100.0,59.375,59.375,59.375,59.375,59.375,13.0,0.0,0.0,13.0,19.0,13.0,71.53750000002813,75.77513888889142,75.95347222222668,76.10347222224567,19.0,13.0,76.10347222224567,161.0,26.366666666666667,0.3607037505267594,1.0,0.0,0.0,6.0,33.33333333333333,33.33333333333333,16.0,50.0,50.0,9.0,100.0,100.0,COMPLETED,60,3,500.0,60.0,100.0,60,3fb6b57677f289a3,T060_P03_H0500_I0600_F1,0.97156432748538,False,0.6975727172078456,381,0.0,0.0,0.7086415732848023,367,0.5806451612903226,0.59375,0.8837962166715699,0.682994205632664,0.8020222828294548
T060_P03_H0500_I0800_CN000_F1,California,unlimited_useful_deadline,unlimited,central_only,targeted_central,all_useful,deadline,-1.0,0.0,0.0,1.0,none,0.0,0,applicable,32.0,0.0,,0.0,688.0,241864.0,24186.4,238.0,182.0,0.7524890020838156,0.0,1.0,59.86678741210015,59.86678741210015,59.86678741210015,59.86678741210015,28.125,28.125,28.125,28.125,0.0,5.0,6.0,21.0,11.0,9.0,23.0,329.85,349.7833333333333,349.81666666666666,349.85,9.0,23.0,349.85,182.0,0.0,0.0,1.0,0.0,0.0,6.0,0.0,0.0,16.0,0.0,25.0,9.0,0.0,55.55555555555556,COMPLETED,60,3,500.0,80.0,0.0,0,b6cebb10bdd9247a,T060_P03_H0500_I0800_F1,0.7910493827160494,True,0.3395557916185851,542,0.0,0.0,0.3506327201671501,542,0.25806451612903225,0.0,0.025602452262094233,0.9898935453442932,0.47960308710033067
T060_P03_H0500_I0800_CN010_F1,California,unlimited_useful_deadline,unlimited,central_only,targeted_central,all_useful,deadline,-1.0,0.0,0.0,1.0,none,0.0,0,applicable,32.0,0.0,,0.0,5710.0,1241344.0,43376.41599995786,431.0,370.0,0.8529980900228351,86.21621621621621,4.0,88.85634364758772,88.85634364758772,88.85634364758772,88.85634364758772,50.0,50.0,50.0,50.0,50.0,5.0,0.0,11.0,5.0,16.0,16.0,182.71666666666667,320.89166666666665,320.95416666666665,321.01666666666665,16.0,16.0,321.01666666666665,99.0,4.516666666666667,0.9241697416974171,1.0,0.0,0.0,6.0,0.0,0.0,16.0,43.75,50.0,9.0,100.0,88.88888888888889,COMPLETED,60,3,500.0,80.0,10.0,6,e42970d998a8561a,T060_P03_H0500_I0800_F1,0.9127314814814814,True,0.5399753421405602,519,0.0,0.0,0.550628816906716,520,0.4838709677419355,0.5,0.11599478371806027,0.9563378700085344,0.6969404630650494
T060_P03_H0500_I0800_CN020_F1,California,unlimited_useful_deadline,unlimited,central_only,targeted_central,all_useful,deadline,-1.0,0.0,0.0,1.0,none,0.0,0,applicable,32.0,0.0,,0.0,11824.0,2411248.0,65838.57279990317,609.0,558.5,0.8482869179096504,98.83616830796777,7.0,96.4292497625831,96.4292497625831,96.4292497625831,96.4292497625831,71.875,71.875,71.875,71.875,59.375,5.0,0.0,8.0,5.0,23.0,9.0,90.6027777777781,175.8006944444444,179.09756944444558,203.11736111111094,23.0,9.0,203.11736111111094,73.5,8.266666666666667,0.8549395161290323,1.0,0.0,100.0,6.0,0.0,33.33333333333333,16.0,62.5,68.75,9.0,100.0,100.0,COMPLETED,60,3,500.0,80.0,20.0,12,c6a63ed0c5930d2a,T060_P03_H0500_I0800_F1,0.9193840579710145,False,0.6841618962713285,394,0.0,0.0,0.6841191594774039,396,0.7096774193548387,0.59375,0.4856084174593087,0.922737277096528,0.7088226834763434
T060_P03_H0500_I0800_CN030_F1,California,unlimited_useful_deadline,unlimited,central_only,targeted_central,all_useful,deadline,-1.0,0.0,0.0,1.0,none,0.0,0,applicable,32.0,0.0,,0.0,15054.0,3285816.0,82630.27839987303,750.0,686.5,0.8308092545420431,100.0,8.0,97.21069054402388,97.21069054402388,97.21069054402388,97.21069054402388,68.75,68.75,68.75,68.75,62.5,5.0,0.0,7.0,5.0,22.0,10.0,84.79305555555621,168.26423611111142,180.48663194444427,181.2006944444444,22.0,10.0,181.2006944444444,97.5,10.341666666666667,0.7841391351060973,1.0,0.0,0.0,6.0,33.33333333333333,33.33333333333333,16.0,56.25,68.75,9.0,100.0,100.0,COMPLETED,60,3,500.0,80.0,30.0,18,e20b802293789765,T060_P03_H0500_I0800_F1,0.9510732323232324,False,0.6989460346866737,376,0.0,0.0,0.7033462155866145,379,0.6774193548387096,0.625,0.5543170393463576,0.8945717109104793,0.7654229728375262
T060_P03_H0500_I0800_CN040_F1,California,unlimited_useful_deadline,unlimited,central_only,targeted_central,all_useful,deadline,-1.0,0.0,0.0,1.0,none,0.0,0,applicable,32.0,0.0,,0.0,20938.0,4430264.0,104603.67999981147,899.0,837.5,0.8006410481940114,100.0,7.0,97.67806267806269,97.67806267806269,97.67806267806269,97.67806267806269,71.875,71.875,71.875,71.875,59.375,5.0,0.0,8.0,5.0,23.0,9.0,80.47083333333381,174.0875,174.66944444444474,175.1555555555557,23.0,9.0,175.1555555555557,85.5,12.741666666666667,0.7530085022890778,1.0,0.0,100.0,6.0,16.666666666666664,33.33333333333333,16.0,56.25,68.75,9.0,100.0,100.0,COMPLETED,60,3,500.0,80.0,40.0,24,296ee4ab85150492,T060_P03_H0500_I0800_F1,0.9506239935587762,False,0.6983841325470961,378,0.0,0.0,0.7011312907725855,382,0.7096774193548387,0.59375,0.5732685144264191,0.8643399362170417,0.7646205838646278
T060_P03_H0500_I0800_CN050_F1,California,unlimited_useful_deadline,unlimited,central_only,targeted_central,all_useful,deadline,-1.0,0.0,0.0,1.0,none,0.0,0,applicable,32.0,0.0,,0.0,26082.0,5552328.0,126147.30879975374,1071.0,1010.0,0.8006512462372655,100.0,7.0,98.11287477954146,98.11287477954146,98.11287477954146,98.11287477954146,71.875,71.875,71.875,71.875,71.875,5.0,0.0,4.0,5.0,23.0,9.0,77.73472222222287,171.5479166666666,173.63159722222235,175.2006944444462,23.0,9.0,175.2006944444462,84.0,15.633333333333333,0.6773454157782517,1.0,100.0,0.0,6.0,50.0,50.0,16.0,62.5,68.75,9.0,100.0,100.0,COMPLETED,60,3,500.0,80.0,50.0,30,e8c81870b55bb13a,T060_P03_H0500_I0800_F1,0.9643518518518519,False,0.7206011001500298,344,0.0,0.0,0.7245742302848236,336,0.7096774193548387,0.71875,0.5731270042736049,0.8321767057449581,0.7891400220507166
T060_P03_H0500_I0800_CN060_F1,California,unlimited_useful_deadline,unlimited,central_only,targeted_central,all_useful,deadline,-1.0,0.0,0.0,1.0,none,0.0,0,applicable,32.0,0.0,,0.0,31522.0,6867160.0,151392.08319969955,1229.0,1167.0,0.7708461204412015,100.0,6.0,99.69135802469137,99.69135802469137,99.69135802469137,99.69135802469137,81.25,81.25,81.25,81.25,75.0,5.0,0.0,3.0,5.0,26.0,6.0,68.80138888888905,165.8100694444459,168.52621527777924,171.8534722222253,26.0,6.0,171.8534722222253,109.0,18.358333333333334,0.648093508851566,1.0,0.0,100.0,6.0,83.33333333333334,83.33333333333334,16.0,62.5,68.75,9.0,100.0,100.0,COMPLETED,60,3,500.0,80.0,60.0,36,f0471cb6c8c8414d,T060_P03_H0500_I0800_F1,0.9443019943019942,False,0.7416175140443714,315,0.0,0.0,0.7389613739046803,309,0.8064516129032258,0.75,0.5836205263742211,0.8014059201365494,0.7533288101094052
T060_P03_H0500_I0800_CN070_F1,California,unlimited_useful_deadline,unlimited,central_only,targeted_central,all_useful,deadline,-1.0,0.0,0.0,1.0,none,0.0,0,applicable,32.0,0.0,,0.0,34380.0,7970664.0,172579.3599996681,1378.0,1308.0,0.7579121860241663,100.0,7.0,98.50698684032017,98.50698684032017,98.50698684032017,98.50698684032017,71.875,71.875,71.875,71.875,65.625,5.0,0.0,6.0,5.0,23.0,9.0,82.58750000000194,166.67847222222218,173.46909722222338,174.20069444444454,23.0,9.0,174.20069444444454,100.0,20.766666666666666,0.5846843231674692,1.0,0.0,0.0,6.0,33.33333333333333,50.0,16.0,62.5,68.75,9.0,100.0,100.0,COMPLETED,60,3,500.0,80.0,70.0,42,cf0e7b68ec87ffda,T060_P03_H0500_I0800_F1,0.974074074074074,False,0.6993119981296396,375,0.0,0.0,0.70415337523246,377,0.7096774193548387,0.65625,0.5762619984281523,0.7720724969680636,0.8065049614112456
T060_P03_H0500_I0800_CN080_F1,California,unlimited_useful_deadline,unlimited,central_only,targeted_central,all_useful,deadline,-1.0,0.0,0.0,1.0,none,0.0,0,applicable,32.0,0.0,,0.0,39898.0,9346152.0,198988.72959960235,1525.0,1455.5,0.7314484608895702,100.0,7.0,98.64197530864197,98.64197530864197,98.64197530864197,98.64197530864197,75.0,75.0,75.0,75.0,71.875,5.0,0.0,4.0,5.0,24.0,8.0,71.30208333333641,169.37569444444435,171.56961805555548,173.8534722222224,24.0,8.0,173.8534722222224,115.0,23.058333333333334,0.5603601975665584,1.0,100.0,100.0,6.0,50.0,50.0,16.0,62.5,68.75,9.0,100.0,100.0,COMPLETED,60,3,500.0,80.0,80.0,48,c489bd2f3393128e,T060_P03_H0500_I0800_F1,0.9548996913580247,False,0.7089736239599731,357,0.0,0.0,0.7104897218722682,364,0.7419354838709677,0.71875,0.5773505380651458,0.7421551453083591,0.7722574421168686
T060_P03_H0500_I0800_CN090_F1,California,unlimited_useful_deadline,unlimited,central_only,targeted_central,all_useful,deadline,-1.0,0.0,0.0,1.0,none,0.0,0,applicable,32.0,0.0,,0.0,44360.0,10614672.0,223344.31359954522,1687.0,1612.0,0.7217555593961996,100.0,7.0,99.47089947089947,99.47089947089947,99.47089947089947,99.47089947089947,81.25,81.25,81.25,81.25,84.375,5.0,0.0,0.0,5.0,26.0,6.0,64.3857638888922,163.52708333333473,164.52621527778237,171.8534722222253,26.0,6.0,171.8534722222253,122.5,25.825,0.482322254490696,1.0,100.0,0.0,6.0,100.0,100.0,16.0,68.75,68.75,9.0,100.0,100.0,COMPLETED,60,3,500.0,80.0,90.0,54,1e2cbc6a74d389bf,T060_P03_H0500_I0800_F1,0.9666132478632479,False,0.7483497319060217,301,0.0,0.0,0.7476861072442376,293,0.8064516129032258,0.84375,0.5836205263742211,0.7114292772761982,0.793179119667543
T060_P03_H0500_I0800_CN100_F1,California,unlimited_useful_deadline,unlimited,central_only,targeted_central,all_useful,deadline,-1.0,0.0,0.0,1.0,none,0.0,0,applicable,32.0,0.0,,0.0,49004.0,11954864.0,249075.99999948536,1854.0,1783.0,0.7158457659524338,100.0,7.0,100.0,100.0,100.0,100.0,84.375,84.375,84.375,84.375,84.375,5.0,0.0,0.0,5.0,27.0,5.0,64.03680555556203,163.39236111111228,164.50451388889334,171.8534722222253,27.0,5.0,171.8534722222253,153.0,28.908333333333335,0.4277553569712693,1.0,100.0,100.0,6.0,100.0,100.0,16.0,68.75,68.75,9.0,100.0,100.0,COMPLETED,60,3,500.0,80.0,100.0,60,54a29d466b9f7e8f,T060_P03_H0500_I0800_F1,0.9632544581618655,False,0.7491086782885512,300,0.0,0.0,0.7465321923350159,298,0.8387096774193549,0.84375,0.5836205263742211,0.6794007995328571,0.7871799583486461
T060_P03_H0500_I0986_CN010_F1,California,unlimited_useful_deadline,unlimited,central_only,targeted_central,all_useful,deadline,-1.0,0.0,0.0,1.0,none,0.0,0,applicable,32.0,0.0,,0.0,5963.0,1228140.0,42240.23999994454,306.0,222.0,0.5255651956529874,90.54054054054055,4.0,57.9720411729521,57.9720411729521,57.9720411729521,57.9720411729521,9.375,9.375,9.375,9.375,53.125,6.0,9.0,0.0,15.0,3.0,29.0,170.93472222226058,302.48027777778543,318.92347222222605,335.3666666666667,3.0,29.0,335.3666666666667,59.5,2.841666666666667,0.94247311827957,1.0,0.0,0.0,6.0,0.0,0.0,16.0,50.0,12.5,9.0,100.0,11.11111111111111,COMPLETED,60,3,500.0,98.6,10.0,6,cf8b3a0c0f06bcfe,T060_P03_H0500_I0986_F1,0.8067901234567901,False,0.40666491291773976,536,0.0,0.0,0.42882499400747187,536,0.06451612903225806,0.53125,0.0710076176003801,0.9696334725778196,0.5077177508269017
T060_P03_H0500_I0986_CN020_F1,California,unlimited_useful_deadline,unlimited,central_only,targeted_central,all_useful,deadline,-1.0,0.0,0.0,1.0,none,0.0,0,applicable,32.0,0.0,,0.0,12157.0,2362276.0,64015.65119988571,433.0,319.5,0.499096695903908,94.67918622848201,6.0,65.38461538461539,65.38461538461539,65.38461538461539,65.38461538461539,53.125,53.125,53.125,53.125,53.125,6.0,9.0,0.0,15.0,17.0,15.0,80.93333333333334,107.97777777778033,139.83736111111213,222.7173611111153,17.0,15.0,222.7173611111153,59.0,4.341666666666667,0.8754638515674984,1.0,0.0,0.0,6.0,0.0,0.0,16.0,50.0,50.0,9.0,100.0,100.0,COMPLETED,60,3,500.0,98.6,20.0,12,0b21f01674b980b8,T060_P03_H0500_I0986_F1,0.8867647058823529,True,0.6065404896051774,485,0.0,0.0,0.6132620878009517,486,0.5161290322580645,0.53125,0.42416253203026844,0.9442078785428739,0.6505609961735519
T060_P03_H0500_I0986_CN030_F1,California,unlimited_useful_deadline,unlimited,central_only,targeted_central,all_useful,deadline,-1.0,0.0,0.0,1.0,none,0.0,0,applicable,32.0,0.0,,0.0,16097.0,3315100.0,82309.87199983787,509.0,376.5,0.45741779309381214,98.93758300132802,7.0,65.38461538461539,65.38461538461539,65.38461538461539,65.38461538461539,53.125,53.125,53.125,53.125,53.125,6.0,9.0,0.0,15.0,17.0,15.0,68.4,82.97500000000262,111.73180555555818,225.7173611111112,17.0,15.0,225.7173611111112,61.5,5.25,0.8093121693121694,1.0,0.0,0.0,6.0,0.0,0.0,16.0,50.0,50.0,9.0,100.0,100.0,COMPLETED,60,3,500.0,98.6,30.0,18,22f744d5a43c5d88,T060_P03_H0500_I0986_F1,0.8698529411764705,False,0.5957711031823198,492,0.0,0.0,0.6009823894253087,493,0.5161290322580645,0.53125,0.4147575495666549,0.9224206081839824,0.6203547571178414
T060_P03_H0500_I0986_CN040_F1,California,unlimited_useful_deadline,unlimited,central_only,targeted_central,all_useful,deadline,-1.0,0.0,0.0,1.0,none,0.0,0,applicable,32.0,0.0,,0.0,22197.0,4476700.0,104612.59199977248,613.0,461.5,0.4411514820328739,98.1581798483207,6.0,65.38461538461539,65.38461538461539,65.38461538461539,65.38461538461539,53.125,53.125,53.125,53.125,53.125,6.0,9.0,0.0,15.0,17.0,15.0,70.85,78.35694444444438,108.03736111111236,218.71736111111846,17.0,15.0,218.71736111111846,79.5,6.366666666666666,0.7609075043630018,1.0,0.0,0.0,6.0,0.0,0.0,16.0,50.0,50.0,9.0,100.0,100.0,COMPLETED,60,3,500.0,98.6,40.0,24,203cc4d64ab52438,T060_P03_H0500_I0986_F1,0.9717047930283225,True,0.6225873259251833,457,0.0,0.0,0.6368945327855922,443,0.5161290322580645,0.53125,0.4367025086484273,0.8981179535552263,0.8022731694662428
T060_P03_H0500_I0986_CN050_F1,California,unlimited_useful_deadline,unlimited,central_only,targeted_central,all_useful,deadline,-1.0,0.0,0.0,1.0,none,0.0,0,applicable,32.0,0.0,,0.0,27759.0,5700524.0,128110.01279972991,804.0,661.0,0.5159627928796785,99.62178517397882,7.0,76.92307692307692,76.92307692307692,76.92307692307692,76.92307692307692,62.5,62.5,62.5,62.5,53.125,6.0,6.0,3.0,12.0,20.0,12.0,55.76041666666812,70.94166666666668,78.40170138888936,218.71736111111846,20.0,12.0,218.71736111111846,59.5,10.025,0.6355361596009976,1.0,0.0,0.0,6.0,0.0,33.33333333333333,16.0,50.0,56.25,9.0,100.0,100.0,COMPLETED,60,3,500.0,98.6,50.0,30,47830e45bed0e091,T060_P03_H0500_I0986_F1,0.9664583333333333,False,0.6384575068112777,430,0.0,0.0,0.6474574667998965,427,0.6129032258064516,0.53125,0.4367025086484273,0.8635291739657728,0.7929024255788312
T060_P03_H0500_I0986_CN060_F1,California,unlimited_useful_deadline,unlimited,central_only,targeted_central,all_useful,deadline,-1.0,0.0,0.0,1.0,none,0.0,0,applicable,32.0,0.0,,0.0,32577.0,6900892.0,151157.0783996624,798.0,606.5,0.40123823933431796,99.50535861500413,8.0,65.38461538461539,65.38461538461539,65.38461538461539,65.38461538461539,53.125,53.125,53.125,53.125,53.125,6.0,9.0,0.0,15.0,17.0,15.0,60.66944444444477,74.65694444444496,105.6373611111135,218.71736111111846,17.0,15.0,218.71736111111846,84.0,8.708333333333334,0.5859489633173844,1.0,0.0,0.0,6.0,0.0,0.0,16.0,50.0,50.0,9.0,100.0,100.0,COMPLETED,60,3,500.0,98.6,60.0,36,a67f156eb77f1366,T060_P03_H0500_I0986_F1,0.977668845315904,True,0.6149133061050457,472,0.0,0.0,0.6297531350550842,460,0.5161290322580645,0.53125,0.4367025086484273,0.8517585231100929,0.8129256112588362
T060_P03_H0500_I0986_CN070_F1,California,unlimited_useful_deadline,unlimited,central_only,targeted_central,all_useful,deadline,-1.0,0.0,0.0,1.0,none,0.0,0,applicable,32.0,0.0,,0.0,35399.0,8053612.0,173289.3023996347,1028.0,857.5,0.494837239301973,100.0,8.0,76.92307692307692,76.92307692307692,76.92307692307692,76.92307692307692,62.5,62.5,62.5,62.5,53.125,6.0,6.0,3.0,12.0,20.0,12.0,56.70138888889075,64.7128472222315,72.03416666667808,203.71736111112236,20.0,12.0,203.71736111112236,79.0,12.975,0.573142795975166,1.0,0.0,0.0,6.0,0.0,33.33333333333333,16.0,50.0,56.25,9.0,100.0,100.0,COMPLETED,60,3,500.0,98.6,70.0,42,3db8d333d9fcb775,T060_P03_H0500_I0986_F1,0.9519675925925926,False,0.633782996815285,436,0.0,0.0,0.6414888553706074,433,0.6129032258064516,0.53125,0.48372742096654764,0.8125432331671383,0.7670203969128995
T060_P03_H0500_I0986_CN080_F1,California,unlimited_useful_deadline,unlimited,central_only,targeted_central,all_useful,deadline,-1.0,0.0,0.0,1.0,none,0.0,0,applicable,32.0,0.0,,0.0,40423.0,9418988.0,199504.5215995895,1158.0,972.5,0.487457623618091,99.84575835475579,8.0,76.92307692307692,76.92307692307692,76.92307692307692,76.92307692307692,62.5,62.5,62.5,62.5,53.125,6.0,6.0,3.0,12.0,20.0,12.0,52.65208333334134,70.94166666666668,77.501701388889,200.71736111111167,20.0,12.0,200.71736111111167,92.5,14.666666666666666,0.4973863636363638,1.0,0.0,0.0,6.0,0.0,33.33333333333333,16.0,50.0,56.25,9.0,100.0,100.0,COMPLETED,60,3,500.0,98.6,80.0,48,ce45c72178d4adfb,T060_P03_H0500_I0986_F1,0.9654166666666667,False,0.6338676763846047,435,0.0,0.0,0.6427746099123637,431,0.6129032258064516,0.53125,0.4931324034302076,0.7855455239635271,0.7910418963616317
T060_P03_H0500_I0986_CN090_F1,California,unlimited_useful_deadline,unlimited,central_only,targeted_central,all_useful,deadline,-1.0,0.0,0.0,1.0,none,0.0,0,applicable,32.0,0.0,,0.0,44593.0,10709124.0,224275.1327995389,1266.0,1068.0,0.47620081043697227,100.0,8.0,76.92307692307692,76.92307692307692,76.92307692307692,76.92307692307692,62.5,62.5,62.5,62.5,53.125,6.0,6.0,3.0,12.0,20.0,12.0,43.65208333333746,58.25798611111081,69.23486111111112,199.71736111111215,20.0,12.0,199.71736111111215,93.0,16.25,0.4145299145299146,1.0,0.0,0.0,6.0,0.0,33.33333333333333,16.0,50.0,56.25,9.0,100.0,100.0,COMPLETED,60,3,500.0,98.6,90.0,54,ac50e989f19d6eab,T060_P03_H0500_I0986_F1,0.9637268518518519,False,0.6289927616933364,442,0.0,0.0,0.6377487856290337,442,0.6129032258064516,0.53125,0.49626739758474825,0.7602996002335715,0.7880237045203969
T060_P03_H0500_I0986_CN100_F1,California,unlimited_useful_deadline,unlimited,central_only,targeted_central,all_useful,deadline,-1.0,0.0,0.0,1.0,none,0.0,0,applicable,32.0,0.0,,0.0,48955.0,12080404.0,250603.70879949082,1397.0,1183.0,0.47206005276902097,100.0,8.0,76.92307692307692,76.92307692307692,76.92307692307692,76.92307692307692,62.5,62.5,62.5,62.5,53.125,6.0,6.0,3.0,12.0,20.0,12.0,43.110416666672734,56.581388888891325,63.99468750000123,199.71736111111215,20.0,12.0,199.71736111111215,102.0,18.016666666666666,0.3124421831637374,1.0,0.0,0.0,6.0,0.0,33.33333333333333,16.0,50.0,56.25,9.0,100.0,100.0,COMPLETED,60,3,500.0,98.6,100.0,60,5ffbbe164b4c3c75,T060_P03_H0500_I0986_F1,0.9645833333333332,False,0.6238226851227353,455,0.0,0.0,0.6326551974818063,451,0.6129032258064516,0.53125,0.49626739758474825,0.73330189102996,0.7895534729878718
T060_P03_H0800_I0600_CN030_F1,California,unlimited_useful_deadline,unlimited,central_only,targeted_central,all_useful,deadline,-1.0,0.0,0.0,1.0,none,0.0,0,applicable,32.0,0.0,,0.0,10953.0,2897568.0,110620.61439989068,924.0,794.0,0.717768568098628,88.66498740554157,6.0,100.0,100.0,100.0,100.0,59.375,59.375,59.375,59.375,59.375,13.0,0.0,0.0,13.0,19.0,13.0,89.20069444444695,100.20416666666648,101.23298611111079,107.36736111111095,19.0,13.0,107.36736111111095,196.0,9.966666666666667,0.7035395763656633,1.0,0.0,0.0,6.0,33.33333333333333,33.33333333333333,16.0,50.0,50.0,9.0,100.0,100.0,COMPLETED,60,3,800.0,60.0,30.0,18,49d015322cf61b82,T060_P03_H0800_I0600_F1,0.8391325536062378,False,0.6828737221211627,396,0.0,0.0,0.6821157053379092,401,0.5806451612903226,0.59375,0.7857841077567214,0.8849144320172484,0.5654848256252538
T060_P03_H0800_I0600_CN040_F1,California,unlimited_useful_deadline,unlimited,central_only,targeted_central,all_useful,deadline,-1.0,0.0,0.0,1.0,none,0.0,0,applicable,32.0,0.0,,0.0,13395.0,3546552.0,123081.10719985924,1041.0,911.5,0.7405685736316178,91.55238617663193,8.0,100.0,100.0,100.0,100.0,59.375,59.375,59.375,59.375,59.375,13.0,0.0,0.0,13.0,19.0,13.0,94.20069444444695,102.44083333333323,111.23298611111167,115.71736111111531,19.0,13.0,115.71736111111531,194.0,11.958333333333334,0.7135307781649245,1.0,0.0,0.0,6.0,33.33333333333333,33.33333333333333,16.0,50.0,50.0,9.0,100.0,100.0,COMPLETED,60,3,800.0,60.0,40.0,24,00c59de2ff708944,T060_P03_H0800_I0600_F1,0.8438109161793372,False,0.673447231622955,405,0.0,0.0,0.6731070178919849,408,0.5806451612903226,0.59375,0.7596069065662807,0.857692134932399,0.5738408866709219
T060_P03_H0800_I0600_CN050_F1,California,unlimited_useful_deadline,unlimited,central_only,targeted_central,all_useful,deadline,-1.0,0.0,0.0,1.0,none,0.0,0,applicable,32.0,0.0,,0.0,14263.0,4199944.0,135626.23359984273,1175.0,1053.0,0.7763984680919584,95.44159544159544,10.0,100.0,100.0,100.0,100.0,59.375,59.375,59.375,59.375,59.375,13.0,0.0,0.0,13.0,19.0,13.0,87.06875000000825,95.58805555555533,95.89798611111124,97.36736111111095,19.0,13.0,97.36736111111095,186.5,14.441666666666666,0.6251298326601271,1.0,0.0,0.0,6.0,33.33333333333333,33.33333333333333,16.0,50.0,50.0,9.0,100.0,100.0,COMPLETED,60,3,800.0,60.0,50.0,30,b04bbdbd80427b47,T060_P03_H0800_I0600_F1,0.8568713450292398,False,0.6825760925840543,397,0.0,0.0,0.6834022457073754,397,0.5806451612903226,0.59375,0.8171340493021431,0.8283137941876656,0.5971682237567457
T060_P03_H0800_I0600_CN060_F1,California,unlimited_useful_deadline,unlimited,central_only,targeted_central,all_useful,deadline,-1.0,0.0,0.0,1.0,none,0.0,0,applicable,32.0,0.0,,0.0,18273.0,5012856.0,151234.14399978245,1308.0,1192.5,0.7885124142347878,96.56184486373165,9.0,100.0,100.0,100.0,100.0,59.375,59.375,59.375,59.375,59.375,13.0,0.0,0.0,13.0,19.0,13.0,80.86805555555571,88.68125000000025,89.71736111111368,94.36736111111435,19.0,13.0,94.36736111111435,170.0,17.041666666666668,0.5946780766096169,1.0,0.0,0.0,6.0,33.33333333333333,33.33333333333333,16.0,50.0,50.0,9.0,100.0,100.0,COMPLETED,60,3,800.0,60.0,60.0,36,e56867185c8cefed,T060_P03_H0800_I0600_F1,0.9689083820662768,False,0.7086338930263151,358,0.0,0.0,0.7194655588287981,344,0.5806451612903226,0.59375,0.826539031765759,0.7991151237479226,0.7972784773399871
T060_P03_H0800_I0600_CN070_F1,California,unlimited_useful_deadline,unlimited,central_only,targeted_central,all_useful,deadline,-1.0,0.0,0.0,1.0,none,0.0,0,applicable,32.0,0.0,,0.0,21407.0,6007784.0,170336.76159972954,1440.0,1332.5,0.7822738835033223,97.74859287054409,8.0,100.0,100.0,100.0,100.0,59.375,59.375,59.375,59.375,59.375,13.0,0.0,0.0,13.0,19.0,13.0,83.11736111111095,90.32847222222888,91.60409722222646,93.73472222222239,19.0,13.0,93.73472222222239,175.5,19.283333333333335,0.5767214059348891,1.0,0.0,0.0,6.0,33.33333333333333,33.33333333333333,16.0,50.0,50.0,9.0,100.0,100.0,COMPLETED,60,3,800.0,60.0,70.0,42,d2fee0fa1dba19ea,T060_P03_H0800_I0600_F1,0.9691033138401558,False,0.7032340646483748,368,0.0,0.0,0.7140831389113698,359,0.5806451612903226,0.59375,0.8285223509843713,0.7698715357319319,0.797626646550223
T060_P03_H0800_I0600_CN080_F1,California,unlimited_useful_deadline,unlimited,central_only,targeted_central,all_useful,deadline,-1.0,0.0,0.0,1.0,none,0.0,0,applicable,32.0,0.0,,0.0,22457.0,6677648.0,183198.1503997,1551.0,1439.5,0.7857612082105154,98.50642584230636,12.0,100.0,100.0,100.0,100.0,59.375,59.375,59.375,59.375,59.375,13.0,0.0,0.0,13.0,19.0,13.0,76.45347222222748,86.58958333333571,87.45347222222516,92.10347222222626,19.0,13.0,92.10347222222626,163.0,21.275,0.5451821386603997,1.0,0.0,0.0,6.0,33.33333333333333,33.33333333333333,16.0,50.0,50.0,9.0,100.0,100.0,COMPLETED,60,3,800.0,60.0,80.0,48,de9f7d6b3680f2f3,T060_P03_H0800_I0600_F1,0.9641569200779726,False,0.6976758318381003,380,0.0,0.0,0.7080831664156082,368,0.5806451612903226,0.59375,0.8336363101989561,0.743592507748282,0.7887918528404801
T060_P03_H0800_I0600_CN090_F1,California,unlimited_useful_deadline,unlimited,central_only,targeted_central,all_useful,deadline,-1.0,0.0,0.0,1.0,none,0.0,0,applicable,32.0,0.0,,0.0,25235.0,7561184.0,200162.0415996485,1697.0,1598.5,0.7986029654899398,99.4995308101345,12.0,100.0,100.0,100.0,100.0,59.375,59.375,59.375,59.375,59.375,13.0,0.0,0.0,13.0,19.0,13.0,76.45347222222748,89.28750000000286,89.67812500000501,90.06875000000716,19.0,13.0,90.06875000000716,170.5,23.8,0.4900210084033614,1.0,0.0,0.0,6.0,33.33333333333333,33.33333333333333,16.0,50.0,50.0,9.0,100.0,100.0,COMPLETED,60,3,800.0,60.0,90.0,54,09504b24e897b10c,T060_P03_H0800_I0600_F1,0.9814571150097465,False,0.6973965117212444,382,0.0,0.0,0.7093488471691752,366,0.5806451612903226,0.59375,0.8400151524717301,0.7126420518348829,0.8196918702489407
T060_P03_H0800_I0600_CN100_F1,California,unlimited_useful_deadline,unlimited,central_only,targeted_central,all_useful,deadline,-1.0,0.0,0.0,1.0,none,0.0,0,applicable,32.0,0.0,,0.0,27331.0,8456176.0,217345.8879995974,1824.0,1731.0,0.7964263855791034,100.0,10.0,100.0,100.0,100.0,100.0,59.375,59.375,59.375,59.375,59.375,13.0,0.0,0.0,13.0,19.0,13.0,76.01944444444865,81.5895833333352,81.95347222222449,82.10347222222481,19.0,13.0,82.10347222222481,172.5,25.975,0.4147631269382954,1.0,0.0,0.0,6.0,33.33333333333333,33.33333333333333,16.0,50.0,50.0,9.0,100.0,100.0,COMPLETED,60,3,800.0,60.0,100.0,60,e80fc9f54ff0e40e,T060_P03_H0800_I0600_F1,0.9773148148148149,False,0.6955669773436917,387,0.0,0.0,0.7071493830057467,371,0.5806451612903226,0.59375,0.8649862517443824,0.6840722274626061,0.8122932745314222
T060_P03_H0800_I0800_CN000_F1,California,unlimited_useful_deadline,unlimited,central_only,targeted_central,all_useful,deadline,-1.0,0.0,0.0,1.0,none,0.0,0,applicable,32.0,0.0,,0.0,888.0,446232.0,44623.2,261.0,225.5,0.5053425124150667,0.0,1.0,73.11375776245058,73.11375776245058,73.11375776245058,73.11375776245058,25.0,25.0,25.0,25.0,0.0,5.0,3.0,24.0,8.0,8.0,24.0,190.89999999999998,284.39166666666665,285.12083333333334,285.85,8.0,24.0,285.85,225.5,0.0,0.0,1.0,0.0,0.0,6.0,0.0,0.0,16.0,0.0,25.0,9.0,0.0,44.44444444444444,COMPLETED,60,3,800.0,80.0,0.0,0,4e1c7576e3c60a84,T060_P03_H0800_I0800_F1,0.8510416666666666,True,0.3869105400229031,537,0.0,0.0,0.40495800685791394,537,0.22580645161290322,0.0,0.22624207815279318,0.9859857162107533,0.5867557883131199
T060_P03_H0800_I0800_CN010_F1,California,unlimited_useful_deadline,unlimited,central_only,targeted_central,all_useful,deadline,-1.0,0.0,0.0,1.0,none,0.0,0,applicable,32.0,0.0,,0.0,5586.0,1376952.0,62493.02399995706,433.0,379.0,0.606467691498271,83.64116094986808,3.0,92.05592247258913,92.05592247258913,92.05592247258913,92.05592247258913,50.0,50.0,50.0,50.0,50.0,5.0,0.0,11.0,5.0,16.0,16.0,166.4840277777803,240.97500000000002,251.70416666666668,283.76666666666665,16.0,16.0,283.76666666666665,117.0,4.366666666666666,0.9201653944020356,1.0,0.0,0.0,6.0,0.0,0.0,16.0,43.75,50.0,9.0,100.0,88.88888888888889,COMPLETED,60,3,800.0,80.0,10.0,6,c78d64c9a0838bad,T060_P03_H0800_I0800_F1,0.9182581018518517,True,0.564650016486096,512,0.0,0.0,0.5757970483084811,511,0.4838709677419355,0.5,0.23277331597475626,0.9555293536360777,0.7068116041896358
T060_P03_H0800_I0800_CN020_F1,California,unlimited_useful_deadline,unlimited,central_only,targeted_central,all_useful,deadline,-1.0,0.0,0.0,1.0,none,0.0,0,applicable,32.0,0.0,,0.0,11338.0,2461072.0,83308.12799989671,599.0,539.5,0.6475958744393692,95.36607970342911,7.0,96.93228582117472,96.93228582117472,96.93228582117472,96.93228582117472,68.75,68.75,68.75,68.75,59.375,5.0,0.0,8.0,5.0,22.0,10.0,78.30208333333334,160.01736111111305,163.45885416666664,166.20069444444573,22.0,10.0,166.20069444444573,91.0,7.475,0.8503344481605353,1.0,0.0,0.0,6.0,16.666666666666664,33.33333333333333,16.0,56.25,68.75,9.0,100.0,100.0,COMPLETED,60,3,800.0,80.0,20.0,12,a5e8b77d24aa9342,T060_P03_H0800_I0800_F1,0.9473484848484848,True,0.7070775837504928,362,0.0,0.0,0.7111451245782676,363,0.6774193548387096,0.59375,0.6013419516644859,0.9244441449939361,0.7587701713942064
T060_P03_H0800_I0800_CN030_F1,California,unlimited_useful_deadline,unlimited,central_only,targeted_central,all_useful,deadline,-1.0,0.0,0.0,1.0,none,0.0,0,applicable,32.0,0.0,,0.0,14196.0,3281024.0,99051.20639986386,764.0,709.5,0.7162961722402355,99.57716701902748,6.0,97.26898615787505,97.26898615787505,97.26898615787505,97.26898615787505,68.75,68.75,68.75,68.75,56.25,5.0,0.0,9.0,5.0,22.0,10.0,81.23541666666691,160.09236111111215,160.61302083333396,169.11736111111094,22.0,10.0,169.11736111111094,102.0,10.125,0.7823731138545953,1.0,0.0,0.0,6.0,0.0,33.33333333333333,16.0,56.25,68.75,9.0,100.0,100.0,COMPLETED,60,3,800.0,80.0,30.0,18,16a8f2275869ec1b,T060_P03_H0800_I0800_F1,0.9598063973063974,False,0.6959487852984845,384,0.0,0.0,0.7011288850116958,383,0.6774193548387096,0.5625,0.5921982187137425,0.8925055024030902,0.7810213491029367
T060_P03_H0800_I0800_CN040_F1,California,unlimited_useful_deadline,unlimited,central_only,targeted_central,all_useful,deadline,-1.0,0.0,0.0,1.0,none,0.0,0,applicable,32.0,0.0,,0.0,19406.0,4317264.0,118947.01439979284,900.0,828.5,0.6965286217402048,100.0,6.0,97.57762813318368,97.57762813318368,97.57762813318368,97.57762813318368,71.875,71.875,71.875,71.875,62.5,5.0,0.0,7.0,5.0,23.0,9.0,77.85138888889148,159.91736111111368,162.8923611111112,163.63472222222214,23.0,9.0,163.63472222222214,91.5,12.283333333333333,0.7351650836725465,1.0,0.0,0.0,6.0,16.666666666666664,50.0,16.0,62.5,68.75,9.0,100.0,100.0,COMPLETED,60,3,800.0,80.0,40.0,24,c383890adb00558b,T060_P03_H0800_I0800_F1,0.9570450885668277,False,0.7137397002737992,352,0.0,0.0,0.7170602969729954,353,0.7096774193548387,0.625,0.6093862595818744,0.8651484525894982,0.7760893533387659
T060_P03_H0800_I0800_CN050_F1,California,unlimited_useful_deadline,unlimited,central_only,targeted_central,all_useful,deadline,-1.0,0.0,0.0,1.0,none,0.0,0,applicable,32.0,0.0,,0.0,23910.0,5339064.0,138565.57439972114,1067.0,997.5,0.7198757731285437,100.0,6.0,99.2798353909465,99.2798353909465,99.2798353909465,99.2798353909465,78.125,78.125,78.125,78.125,59.375,5.0,0.0,8.0,5.0,25.0,7.0,77.86805555555557,153.8951388888888,157.20208333333332,166.11736111111142,25.0,7.0,166.11736111111142,90.0,15.133333333333333,0.6633076358296623,1.0,0.0,100.0,6.0,0.0,66.66666666666666,16.0,62.5,68.75,9.0,100.0,100.0,COMPLETED,60,3,800.0,80.0,50.0,30,475b38ef1aef73d7,T060_P03_H0800_I0800_F1,0.9613148148148148,False,0.7168362882257627,348,0.0,0.0,0.7173123880941698,351,0.7741935483870968,0.59375,0.6016032011773675,0.8332996451511475,0.7837155457552369
T060_P03_H0800_I0800_CN060_F1,California,unlimited_useful_deadline,unlimited,central_only,targeted_central,all_useful,deadline,-1.0,0.0,0.0,1.0,none,0.0,0,applicable,32.0,0.0,,0.0,28862.0,6555040.0,161912.3135996494,1232.0,1163.5,0.7185988354640616,100.0,6.0,98.66255144032921,98.66255144032921,98.66255144032921,98.66255144032921,75.0,75.0,75.0,75.0,62.5,5.0,0.0,7.0,5.0,24.0,8.0,76.33472222222427,151.93854166666787,158.06006944445107,160.11736111111242,24.0,8.0,160.11736111111242,98.0,17.758333333333333,0.6049976536837167,1.0,0.0,0.0,6.0,16.666666666666664,66.66666666666666,16.0,62.5,68.75,9.0,100.0,100.0,COMPLETED,60,3,800.0,80.0,60.0,36,3d4a8ff1acf86db4,T060_P03_H0800_I0800_F1,0.9665702160493828,False,0.7138759118524904,351,0.0,0.0,0.7164342506688648,355,0.7419354838709677,0.625,0.6204131661046174,0.8017203431702825,0.7931022601984564
T060_P03_H0800_I0800_CN070_F1,California,unlimited_useful_deadline,unlimited,central_only,targeted_central,all_useful,deadline,-1.0,0.0,0.0,1.0,none,0.0,0,applicable,32.0,0.0,,0.0,31382.0,7591752.0,181817.18399959823,1376.0,1304.5,0.7174789375259946,100.0,7.0,99.32659932659934,99.32659932659934,99.32659932659934,99.32659932659934,78.125,78.125,78.125,78.125,65.625,5.0,0.0,6.0,5.0,25.0,7.0,73.73611111111113,146.1215277777803,154.92291666667106,164.11736111112162,25.0,7.0,164.11736111112162,93.0,20.191666666666666,0.566604759939469,1.0,0.0,100.0,6.0,33.33333333333333,66.66666666666666,16.0,62.5,68.75,9.0,100.0,100.0,COMPLETED,60,3,800.0,80.0,70.0,42,040bbe2e4362b9a5,T060_P03_H0800_I0800_F1,0.9705185185185186,False,0.7208735622468982,342,0.0,0.0,0.7221716025783702,340,0.7741935483870968,0.65625,0.6078731894864198,0.7723869200017967,0.800154355016538
T060_P03_H0800_I0800_CN080_F1,California,unlimited_useful_deadline,unlimited,central_only,targeted_central,all_useful,deadline,-1.0,0.0,0.0,1.0,none,0.0,0,applicable,32.0,0.0,,0.0,36236.0,8844920.0,205878.00959950796,1517.0,1429.0,0.6941003571871599,100.0,7.0,100.0,100.0,100.0,100.0,84.375,84.375,84.375,84.375,68.75,5.0,0.0,5.0,5.0,27.0,5.0,75.58750000000194,146.86111111111273,153.35000000000244,156.41944444444914,27.0,5.0,156.41944444444914,130.0,22.3,0.5449053313403089,1.0,0.0,100.0,6.0,50.0,100.0,16.0,62.5,68.75,9.0,100.0,100.0,COMPLETED,60,3,800.0,80.0,80.0,48,a9c3df7e23ccbfa9,T060_P03_H0800_I0800_F1,0.9566358024691358,False,0.7387895459942833,319,0.0,0.0,0.7356219783305923,316,0.8387096774193549,0.6875,0.6320061132385908,0.7445357768494812,0.7753583241455346
T060_P03_H0800_I0800_CN090_F1,California,unlimited_useful_deadline,unlimited,central_only,targeted_central,all_useful,deadline,-1.0,0.0,0.0,1.0,none,0.0,0,applicable,32.0,0.0,,0.0,39950.0,9998488.0,228026.51519942522,1686.0,1606.5,0.7045233308043158,100.0,7.0,100.0,100.0,100.0,100.0,84.375,84.375,84.375,84.375,65.625,5.0,0.0,6.0,5.0,27.0,5.0,65.86805555555759,145.58194444444814,153.35000000000244,164.11736111112162,27.0,5.0,164.11736111112162,116.5,25.175,0.4785004965243298,1.0,0.0,100.0,6.0,33.33333333333333,100.0,16.0,62.5,68.75,9.0,100.0,100.0,COMPLETED,60,3,800.0,80.0,90.0,54,af7cfff6d8227cd2,T060_P03_H0800_I0800_F1,0.9700102880658436,False,0.7247737214522845,336,0.0,0.0,0.7228005676070426,339,0.8387096774193549,0.65625,0.6078731894864198,0.7119233706149216,0.7992466005145165
T060_P03_H0800_I0800_CN100_F1,California,unlimited_useful_deadline,unlimited,central_only,targeted_central,all_useful,deadline,-1.0,0.0,0.0,1.0,none,0.0,0,applicable,32.0,0.0,,0.0,43842.0,11222640.0,251530.2335993354,1847.0,1763.0,0.7009097772350887,100.0,7.0,100.0,100.0,100.0,100.0,84.375,84.375,84.375,84.375,68.75,5.0,0.0,5.0,5.0,27.0,5.0,65.86805555555759,144.58194444444524,153.05000000000277,156.41944444444914,27.0,5.0,156.41944444444914,126.0,28.091666666666665,0.3837783051517849,1.0,0.0,100.0,6.0,50.0,100.0,16.0,62.5,68.75,9.0,100.0,100.0,COMPLETED,60,3,800.0,80.0,100.0,60,22904490ddcf4da1,T060_P03_H0800_I0800_F1,0.9741255144032922,False,0.7308076684287009,327,0.0,0.0,0.7292020265275974,323,0.8387096774193549,0.6875,0.6320061132385908,0.6811975025827607,0.8065968393972803
T060_P03_H0800_I0986_CN000_F1,California,unlimited_useful_deadline,unlimited,central_only,targeted_central,all_useful,deadline,-1.0,0.0,0.0,1.0,none,0.0,0,applicable,32.0,0.0,,0.0,875.0,429480.0,42948.0,109.0,69.5,0.16182360063332402,0.0,1.0,45.016671362825214,45.016671362825214,45.016671362825214,45.016671362825214,18.75,18.75,18.75,18.75,6.25,6.0,8.0,16.0,14.0,6.0,26.0,134.75,240.7,290.53333333333336,340.3666666666667,6.0,26.0,340.3666666666667,69.5,0.0,0.0,1.0,0.0,0.0,6.0,0.0,0.0,16.0,6.25,31.25,9.0,11.11111111111111,11.11111111111111,COMPLETED,60,3,800.0,98.6,0.0,0,caf3bb886accf46e,T060_P03_H0800_I0986_F1,0.8619212962962963,True,0.35481730736460915,540,0.0,0.02,0.3770621903535482,539,0.16129032258064516,0.0625,0.05533264682766925,1.0,0.6061879823594266
T060_P03_H0800_I0986_CN010_F1,California,unlimited_useful_deadline,unlimited,central_only,targeted_central,all_useful,deadline,-1.0,0.0,0.0,1.0,none,0.0,0,applicable,32.0,0.0,,0.0,5573.0,1340160.0,60433.05599995651,312.0,244.5,0.40457990408457245,89.77505112474438,4.0,72.68543956043956,72.68543956043956,72.68543956043956,72.68543956043956,18.75,18.75,18.75,18.75,53.125,6.0,3.0,6.0,9.0,6.0,26.0,70.23541666666675,232.05069444445036,286.20868055555854,340.3666666666667,6.0,26.0,340.3666666666667,67.0,2.9583333333333335,0.9342253521126762,1.0,0.0,0.0,6.0,0.0,0.0,16.0,50.0,31.25,9.0,100.0,11.11111111111111,COMPLETED,60,3,800.0,98.6,10.0,6,5b7426672b01b6be,T060_P03_H0800_I0986_F1,0.9743827160493828,True,0.4722199807391488,534,0.0,0.02,0.5045082760764892,534,0.16129032258064516,0.53125,0.05533264682766925,0.9676121816466784,0.8070562293274531
T060_P03_H0800_I0986_CN020_F1,California,unlimited_useful_deadline,unlimited,central_only,targeted_central,all_useful,deadline,-1.0,0.0,0.0,1.0,none,0.0,0,applicable,32.0,0.0,,0.0,11323.0,2382632.0,80448.5183998944,520.0,422.5,0.525180585551411,96.44970414201184,7.0,85.8974358974359,85.8974358974359,85.8974358974359,85.8974358974359,68.75,68.75,68.75,68.75,53.125,6.0,3.0,6.0,9.0,22.0,10.0,86.86805555555571,111.72472222222282,120.69822916666652,207.7173611111124,22.0,10.0,207.7173611111124,60.5,6.125,0.8576190476190477,1.0,0.0,0.0,6.0,0.0,0.0,16.0,50.0,81.25,9.0,100.0,100.0,COMPLETED,60,3,800.0,98.6,20.0,12,95f6a8d9f2472af2,T060_P03_H0800_I0986_F1,0.9319023569023569,True,0.6665105568392269,413,0.0,0.0,0.6691986749948556,412,0.6774193548387096,0.53125,0.4711874443484101,0.9349548578358711,0.7311817179512878
T060_P03_H0800_I0986_CN030_F1,California,unlimited_useful_deadline,unlimited,central_only,targeted_central,all_useful,deadline,-1.0,0.0,0.0,1.0,none,0.0,0,applicable,32.0,0.0,,0.0,14423.0,3253240.0,97164.19199985835,709.0,631.5,0.6499307893188888,98.3372921615202,8.0,97.43589743589745,97.43589743589745,97.43589743589745,97.43589743589745,78.125,78.125,78.125,78.125,53.125,6.0,0.0,9.0,6.0,25.0,7.0,75.5375,84.60333333333332,84.91666666666667,87.20069444444538,25.0,7.0,87.20069444444538,92.0,8.991666666666667,0.7797188755020081,1.0,0.0,100.0,6.0,0.0,33.33333333333333,16.0,50.0,81.25,9.0,100.0,100.0,COMPLETED,60,3,800.0,98.6,30.0,18,f72f8077c41a447a,T060_P03_H0800_I0986_F1,0.8742037037037037,True,0.743721067293715,313,0.0,0.0,0.7364176743286048,313,0.7741935483870968,0.53125,0.8490064898733184,0.8995126442977138,0.6281256890848952
T060_P03_H0800_I0986_CN040_F1,California,unlimited_useful_deadline,unlimited,central_only,targeted_central,all_useful,deadline,-1.0,0.0,0.0,1.0,none,0.0,0,applicable,32.0,0.0,,0.0,19891.0,4302896.0,117317.58719978452,829.0,729.0,0.6213902087489734,99.45130315500685,6.0,97.43589743589745,97.43589743589745,97.43589743589745,97.43589743589745,75.0,75.0,75.0,75.0,53.125,6.0,0.0,9.0,6.0,24.0,8.0,68.26805555555644,79.35000000000001,80.22225694444636,195.7173611111112,24.0,8.0,195.7173611111112,80.5,10.808333333333334,0.7199563094320227,1.0,0.0,100.0,6.0,0.0,16.666666666666664,16.0,50.0,81.25,9.0,100.0,100.0,COMPLETED,60,3,800.0,98.6,40.0,24,8e733739cf74fed1,T060_P03_H0800_I0986_F1,0.958545524691358,False,0.6851281500174397,393,0.0,0.0,0.6869698405427446,394,0.7419354838709677,0.53125,0.50880737420292,0.8740870502627679,0.7787692943770671
T060_P03_H0800_I0986_CN050_F1,California,unlimited_useful_deadline,unlimited,central_only,targeted_central,all_useful,deadline,-1.0,0.0,0.0,1.0,none,0.0,0,applicable,32.0,0.0,,0.0,25429.0,5453232.0,139404.0383997148,1042.0,961.5,0.6897217692094973,100.0,7.0,98.71794871794873,98.71794871794873,98.71794871794873,98.71794871794873,78.125,78.125,78.125,78.125,53.125,6.0,0.0,9.0,6.0,25.0,7.0,62.50277777777858,67.72777777777878,70.98805555555715,76.36736111111192,25.0,7.0,76.36736111111192,96.0,14.891666666666667,0.6386588323074054,1.0,0.0,100.0,6.0,0.0,33.33333333333333,16.0,50.0,81.25,9.0,100.0,100.0,COMPLETED,60,3,800.0,98.6,50.0,30,642344a9b438c7a0,T060_P03_H0800_I0986_F1,0.9562037037037037,False,0.7598868968939008,272,0.0,0.0,0.7599065469276881,262,0.7741935483870968,0.53125,0.8829689265475257,0.8365337106409738,0.7745865490628443
T060_P03_H0800_I0986_CN060_F1,California,unlimited_useful_deadline,unlimited,central_only,targeted_central,all_useful,deadline,-1.0,0.0,0.0,1.0,none,0.0,0,applicable,32.0,0.0,,0.0,29155.0,6528320.0,160045.72799964307,1204.0,1127.5,0.7044861578576559,99.73392461197339,8.0,100.0,100.0,100.0,100.0,81.25,81.25,81.25,81.25,53.125,6.0,0.0,9.0,6.0,26.0,6.0,64.50277777777774,76.08437499999977,79.01684027777773,79.4,26.0,6.0,79.4,93.0,17.583333333333332,0.6056556082148499,1.0,0.0,100.0,6.0,0.0,50.0,16.0,50.0,81.25,9.0,100.0,100.0,COMPLETED,60,3,800.0,98.6,60.0,36,40ac00a4809c7c06,T060_P03_H0800_I0986_F1,0.9661680911680911,False,0.7624037124861542,268,0.0,0.0,0.7617003329265667,253,0.8064516129032258,0.53125,0.8734616213580242,0.8049544086601087,0.7923840217114746
T060_P03_H0800_I0986_CN070_F1,California,unlimited_useful_deadline,unlimited,central_only,targeted_central,all_useful,deadline,-1.0,0.0,0.0,1.0,none,0.0,0,applicable,32.0,0.0,,0.0,31569.0,7621320.0,181031.32799959695,1352.0,1267.5,0.7001550582465053,100.0,7.0,98.71794871794873,98.71794871794873,98.71794871794873,98.71794871794873,78.125,78.125,78.125,78.125,53.125,6.0,0.0,9.0,6.0,25.0,7.0,60.85138888888905,73.78819444444437,74.4159722222222,74.93680555555548,25.0,7.0,74.93680555555548,85.5,19.7,0.5677100958826848,1.0,0.0,100.0,6.0,0.0,33.33333333333333,16.0,50.0,81.25,9.0,100.0,100.0,COMPLETED,60,3,800.0,98.6,70.0,42,dd510532bfc2953d,T060_P03_H0800_I0986_F1,0.9630925925925927,False,0.7504649205388751,297,0.0,0.0,0.7510997855671497,284,0.7741935483870968,0.53125,0.8874537098519429,0.7757108206441181,0.7868908489525911
T060_P03_H0800_I0986_CN080_F1,California,unlimited_useful_deadline,unlimited,central_only,targeted_central,all_useful,deadline,-1.0,0.0,0.0,1.0,none,0.0,0,applicable,32.0,0.0,,0.0,36335.0,8894032.0,205467.39839951307,1508.0,1417.0,0.6896471221408905,100.0,8.0,100.0,100.0,100.0,100.0,81.25,81.25,81.25,81.25,53.125,6.0,0.0,9.0,6.0,26.0,6.0,59.985416666672,66.3020833333337,67.45243055555669,68.36736111111095,26.0,6.0,68.36736111111095,114.5,22.35,0.4931643052448422,1.0,0.0,100.0,6.0,0.0,50.0,16.0,50.0,81.25,9.0,100.0,100.0,COMPLETED,60,3,800.0,98.6,80.0,48,b2ef69dc2d0d36bc,T060_P03_H0800_I0986_F1,0.9552172364672363,False,0.7545191307172938,292,0.0,0.0,0.7528377806717425,280,0.8064516129032258,0.53125,0.9080488797838661,0.7456137986794232,0.7728246119921971
T060_P03_H0800_I0986_CN090_F1,California,unlimited_useful_deadline,unlimited,central_only,targeted_central,all_useful,deadline,-1.0,0.0,0.0,1.0,none,0.0,0,applicable,32.0,0.0,,0.0,39861.0,10076896.0,228178.38719943346,1679.0,1598.5,0.7005483821755967,100.0,8.0,100.0,100.0,100.0,100.0,81.25,81.25,81.25,81.25,53.125,6.0,0.0,9.0,6.0,26.0,6.0,52.65208333336001,61.48437500000121,64.4428819444484,64.71736111111241,26.0,6.0,64.71736111111241,105.5,25.4,0.47748250218722665,1.0,0.0,100.0,6.0,0.0,50.0,16.0,50.0,81.25,9.0,100.0,100.0,COMPLETED,60,3,800.0,98.6,90.0,54,1d23fc86b69ee3c7,T060_P03_H0800_I0986_F1,0.9748397435897435,False,0.7554705147667236,288,0.0,0.0,0.7555415606163465,271,0.8064516129032258,0.53125,0.9194916084479404,0.7126420518348829,0.8078725298956828
T060_P03_H0800_I0986_CN100_F1,California,unlimited_useful_deadline,unlimited,central_only,targeted_central,all_useful,deadline,-1.0,0.0,0.0,1.0,none,0.0,0,applicable,32.0,0.0,,0.0,43731.0,11350000.0,252621.98399934662,1851.0,1770.0,0.7006516107499884,100.0,8.0,100.0,100.0,100.0,100.0,81.25,81.25,81.25,81.25,53.125,6.0,0.0,9.0,6.0,26.0,6.0,49.3343750000017,56.43506944446514,57.225868055556084,63.717361111111195,26.0,6.0,63.717361111111195,125.5,28.35,0.3773760533019792,1.0,0.0,100.0,6.0,0.0,50.0,16.0,50.0,81.25,9.0,100.0,100.0,COMPLETED,60,3,800.0,98.6,100.0,60,a3bc88b9184f025d,T060_P03_H0800_I0986_F1,0.9741274928774929,False,0.7494920110242588,299,0.0,0.0,0.7494994490373961,287,0.8064516129032258,0.53125,0.9226266026024864,0.6805686565152943,0.806600373165974
T060_P03_H1000_I0600_CN030_F1,California,unlimited_useful_deadline,unlimited,central_only,targeted_central,all_useful,deadline,-1.0,0.0,0.0,1.0,none,0.0,0,applicable,32.0,0.0,,0.0,10572.0,2936644.0,123456.93759989375,891.0,757.0,0.6131692675330475,87.51651254953765,7.0,98.6842105263158,98.6842105263158,98.6842105263158,98.6842105263158,56.25,56.25,56.25,56.25,56.25,13.0,0.0,1.0,13.0,18.0,14.0,97.37708333333333,112.76493055555659,113.11354166666777,113.36736111111095,18.0,14.0,113.36736111111095,192.0,9.416666666666666,0.6949557522123895,1.0,0.0,0.0,6.0,16.666666666666664,16.666666666666664,16.0,50.0,50.0,9.0,100.0,100.0,COMPLETED,60,3,1000.0,60.0,30.0,18,f3341ee93a2e6070,T060_P03_H1000_I0600_F1,0.8462191358024692,False,0.6673606033597133,411,0.0,0.0,0.6688483598771227,413,0.5483870967741935,0.5625,0.7669741428294684,0.8882383326595696,0.5781422271223815
T060_P03_H1000_I0600_CN040_F1,California,unlimited_useful_deadline,unlimited,central_only,targeted_central,all_useful,deadline,-1.0,0.0,0.0,1.0,none,0.0,0,applicable,32.0,0.0,,0.0,12912.0,3554516.0,135320.07999986364,1037.0,913.0,0.6746966156101297,92.27820372398686,8.0,98.6842105263158,98.6842105263158,98.6842105263158,98.6842105263158,56.25,56.25,56.25,56.25,59.375,13.0,0.0,0.0,13.0,18.0,14.0,88.94375000000647,98.17118055555528,102.04246527777865,105.86805555556228,18.0,14.0,105.86805555556228,183.0,12.166666666666666,0.6595433789954339,1.0,0.0,0.0,6.0,33.33333333333333,16.666666666666664,16.0,50.0,50.0,9.0,100.0,100.0,COMPLETED,60,3,1000.0,60.0,40.0,24,ba3680be9217a666,T060_P03_H1000_I0600_F1,0.8291923868312757,False,0.6676147270778695,410,0.0,0.0,0.6675819029264071,414,0.5483870967741935,0.59375,0.7904844219092392,0.8575573822036563,0.5477306137449466
T060_P03_H1000_I0600_CN050_F1,California,unlimited_useful_deadline,unlimited,central_only,targeted_central,all_useful,deadline,-1.0,0.0,0.0,1.0,none,0.0,0,applicable,32.0,0.0,,0.0,13746.0,4191964.0,147559.08159984695,1162.0,1039.5,0.7044635875539891,94.27609427609427,12.0,97.36842105263158,97.36842105263158,97.36842105263158,97.36842105263158,53.125,53.125,53.125,53.125,59.375,13.0,0.0,0.0,13.0,17.0,15.0,89.1513888888888,99.12430555555567,100.46125000000009,103.36736111111095,17.0,15.0,103.36736111111095,187.5,14.2,0.5845070422535212,1.0,0.0,0.0,6.0,33.33333333333333,0.0,16.0,50.0,50.0,9.0,100.0,100.0,COMPLETED,60,3,1000.0,60.0,50.0,30,328e2234048dec98,T060_P03_H1000_I0600_F1,0.9145424836601307,False,0.6783786549835953,401,0.0,0.0,0.6875809588023024,393,0.5161290322580645,0.59375,0.7983240843748901,0.8295265687463504,0.7001751086322069
T060_P03_H1000_I0600_CN060_F1,California,unlimited_useful_deadline,unlimited,central_only,targeted_central,all_useful,deadline,-1.0,0.0,0.0,1.0,none,0.0,0,applicable,32.0,0.0,,0.0,17592.0,4942708.0,161973.36639978885,1280.0,1157.5,0.7146236604992294,96.28509719222463,10.0,98.6842105263158,98.6842105263158,98.6842105263158,98.6842105263158,56.25,56.25,56.25,56.25,59.375,13.0,0.0,0.0,13.0,18.0,14.0,83.23645833333478,89.2623611111129,91.4862847222228,95.36736111111144,18.0,14.0,95.36736111111144,165.0,16.541666666666668,0.5233165407220823,1.0,0.0,0.0,6.0,33.33333333333333,16.666666666666664,16.0,50.0,50.0,9.0,100.0,100.0,COMPLETED,60,3,1000.0,60.0,60.0,36,ea0c23269f88996c,T060_P03_H1000_I0600_F1,0.9723508230452674,False,0.7014935098647076,370,0.0,0.0,0.7142455074699523,358,0.5483870967741935,0.59375,0.8234040376112259,0.8022593540852535,0.8034270488790883
T060_P03_H1000_I0600_CN070_F1,California,unlimited_useful_deadline,unlimited,central_only,targeted_central,all_useful,deadline,-1.0,0.0,0.0,1.0,none,0.0,0,applicable,32.0,0.0,,0.0,20602.0,5884724.0,180060.07359973673,1420.0,1306.5,0.7255911729239182,97.20627631075392,9.0,100.0,100.0,100.0,100.0,59.375,59.375,59.375,59.375,59.375,13.0,0.0,0.0,13.0,19.0,13.0,83.6027777777781,94.79166666666677,95.06284722222208,95.45347222222215,19.0,13.0,95.45347222222215,173.5,18.883333333333333,0.4762724330685497,1.0,0.0,0.0,6.0,33.33333333333333,33.33333333333333,16.0,50.0,50.0,9.0,100.0,100.0,COMPLETED,60,3,1000.0,60.0,70.0,42,54f3f413bff4282d,T060_P03_H1000_I0600_F1,0.9726851851851851,False,0.7035831945864395,367,0.0,0.0,0.7147521493113389,357,0.5806451612903226,0.59375,0.8231340797812527,0.7722072496968063,0.8040242557883128
T060_P03_H1000_I0600_CN080_F1,California,unlimited_useful_deadline,unlimited,central_only,targeted_central,all_useful,deadline,-1.0,0.0,0.0,1.0,none,0.0,0,applicable,32.0,0.0,,0.0,21608.0,6526612.0,192384.32319970866,1556.0,1446.5,0.75188039022204,98.47908745247149,10.0,100.0,100.0,100.0,100.0,59.375,59.375,59.375,59.375,59.375,13.0,0.0,0.0,13.0,19.0,13.0,86.15138888889123,91.80847222223287,92.15340277780861,92.60277777778781,19.0,13.0,92.60277777778781,175.5,21.183333333333334,0.4681484395489117,1.0,0.0,0.0,6.0,33.33333333333333,33.33333333333333,16.0,50.0,50.0,9.0,100.0,100.0,COMPLETED,60,3,1000.0,60.0,80.0,48,e0ad753affd74dff,T060_P03_H1000_I0600_F1,0.9623781676413256,False,0.6967604420184932,383,0.0,0.0,0.7070089243938308,372,0.5806451612903226,0.59375,0.8320709902009402,0.7429636616808158,0.7856148087970752
T060_P03_H1000_I0600_CN090_F1,California,unlimited_useful_deadline,unlimited,central_only,targeted_central,all_useful,deadline,-1.0,0.0,0.0,1.0,none,0.0,0,applicable,32.0,0.0,,0.0,24282.0,7358588.0,208358.26239965798,1672.0,1563.0,0.7501502373838983,99.23224568138195,12.0,100.0,100.0,100.0,100.0,59.375,59.375,59.375,59.375,59.375,13.0,0.0,0.0,13.0,19.0,13.0,82.73472222222239,88.10625000000394,88.74486111111543,91.36736111111144,19.0,13.0,91.36736111111144,144.5,23.641666666666666,0.35153918458465516,1.0,0.0,0.0,6.0,33.33333333333333,33.33333333333333,16.0,50.0,50.0,9.0,100.0,100.0,COMPLETED,60,3,1000.0,60.0,90.0,54,cd1301821cb30ac5,T060_P03_H1000_I0600_F1,0.9766569200779727,False,0.6959340636351832,385,0.0,0.0,0.7074577157430106,370,0.5806451612903226,0.59375,0.8359440142293946,0.7158311997484615,0.811118203446875
T060_P03_H1000_I0600_CN100_F1,California,unlimited_useful_deadline,unlimited,central_only,targeted_central,all_useful,deadline,-1.0,0.0,0.0,1.0,none,0.0,0,applicable,32.0,0.0,,0.0,26286.0,8201476.0,224541.7119996088,1807.0,1704.0,0.758879045156193,100.0,10.0,100.0,100.0,100.0,100.0,59.375,59.375,59.375,59.375,59.375,13.0,0.0,0.0,13.0,19.0,13.0,82.15138888888954,85.4041666666721,85.70659722222427,87.10347222223693,19.0,13.0,87.10347222223693,149.5,25.908333333333335,0.268762731853758,1.0,0.0,0.0,6.0,33.33333333333333,33.33333333333333,16.0,50.0,50.0,9.0,100.0,100.0,COMPLETED,60,3,1000.0,60.0,100.0,60,cfb70af60ca95eb2,T060_P03_H1000_I0600_F1,0.979069200779727,False,0.6933871214464347,389,0.0,0.0,0.7051262032530958,375,0.5806451612903226,0.59375,0.8493112809716334,0.6864977765799757,0.8154267974235476
T060_P03_H1000_I0800_CN000_F1,California,unlimited_useful_deadline,unlimited,central_only,targeted_central,all_useful,deadline,-1.0,0.0,0.0,1.0,none,0.0,0,applicable,32.0,0.0,,0.0,985.0,588616.0,58861.6,254.0,221.5,0.37630645446267175,0.0,1.0,73.50057773260389,73.50057773260389,73.50057773260389,73.50057773260389,21.875,21.875,21.875,21.875,3.125,5.0,2.0,24.0,7.0,7.0,25.0,276.76666666666665,283.81666666666666,285.2916666666667,286.76666666666665,7.0,25.0,286.76666666666665,221.5,0.0,0.0,1.0,0.0,0.0,6.0,0.0,16.666666666666664,16.0,0.0,12.5,9.0,11.11111111111111,44.44444444444444,COMPLETED,60,3,1000.0,80.0,0.0,0,5b293dbe25d9d803,T060_P03_H1000_I0800_F1,0.8386904761904762,True,0.38128405897980083,538,0.0,0.0,0.39984140100470694,538,0.1935483870967742,0.03125,0.22336833351112972,0.9863450568207339,0.5646952275948968
T060_P03_H1000_I0800_CN010_F1,California,unlimited_useful_deadline,unlimited,central_only,targeted_central,all_useful,deadline,-1.0,0.0,0.0,1.0,none,0.0,0,applicable,32.0,0.0,,0.0,5509.0,1478328.0,75944.0703999576,447.0,401.5,0.528678536567121,77.21046077210461,3.0,95.43458550648093,95.43458550648093,95.43458550648093,95.43458550648093,62.5,62.5,62.5,62.5,56.25,5.0,0.0,9.0,5.0,20.0,12.0,105.30138888889398,241.65729166666668,281.7708333333333,281.85,20.0,12.0,281.85,149.5,4.2,0.9160052910052912,1.0,0.0,0.0,6.0,0.0,33.33333333333333,16.0,56.25,68.75,9.0,100.0,77.77777777777779,COMPLETED,60,3,1000.0,80.0,10.0,6,510c042c15169c1f,T060_P03_H1000_I0800_F1,0.8704861111111111,True,0.5974066800019193,491,0.0,0.0,0.5978358020633057,498,0.6129032258064516,0.5625,0.23878205477096193,0.9535080627049365,0.6214856670341784
T060_P03_H1000_I0800_CN020_F1,California,unlimited_useful_deadline,unlimited,central_only,targeted_central,all_useful,deadline,-1.0,0.0,0.0,1.0,none,0.0,0,applicable,32.0,0.0,,0.0,10963.0,2500608.0,95571.84639989809,607.0,557.5,0.583330783071064,96.14349775784753,7.0,96.47399925177703,96.47399925177703,96.47399925177703,96.47399925177703,71.875,71.875,71.875,71.875,59.375,5.0,0.0,8.0,5.0,23.0,9.0,78.71736111111119,153.1840277777817,153.5913194444506,154.11736111111387,23.0,9.0,154.11736111111387,100.0,7.625,0.8240983606557377,1.0,0.0,0.0,6.0,0.0,50.0,16.0,62.5,68.75,9.0,100.0,100.0,COMPLETED,60,3,1000.0,80.0,20.0,12,1f70952532214afa,T060_P03_H1000_I0800_F1,0.94591384863124,True,0.7220105669098724,341,0.0,0.0,0.7243370837471254,337,0.7096774193548387,0.59375,0.6392231310318659,0.9228271122490229,0.7562077560998992
T060_P03_H1000_I0800_CN030_F1,California,unlimited_useful_deadline,unlimited,central_only,targeted_central,all_useful,deadline,-1.0,0.0,0.0,1.0,none,0.0,0,applicable,32.0,0.0,,0.0,13637.0,3287704.0,110684.08959987061,757.0,700.5,0.6328822891640055,98.71520342612419,6.0,96.52076318742985,96.52076318742985,96.52076318742985,96.52076318742985,68.75,68.75,68.75,68.75,56.25,5.0,0.0,9.0,5.0,22.0,10.0,80.26875000000744,148.02534722222248,152.86493055556184,163.11736111111094,22.0,10.0,163.11736111111094,132.5,9.466666666666667,0.7570715962441315,1.0,0.0,0.0,6.0,0.0,33.33333333333333,16.0,56.25,68.75,9.0,100.0,100.0,COMPLETED,60,3,1000.0,80.0,30.0,18,a2b7e4527a1b2438,T060_P03_H1000_I0800_F1,0.9743897306397308,False,0.7037795929145455,366,0.0,0.0,0.7102620630797964,365,0.6774193548387096,0.5625,0.6110081836409955,0.893314018775547,0.8070687581437307
T060_P03_H1000_I0800_CN040_F1,California,unlimited_useful_deadline,unlimited,central_only,targeted_central,all_useful,deadline,-1.0,0.0,0.0,1.0,none,0.0,0,applicable,32.0,0.0,,0.0,18437.0,4254192.0,129240.65919980907,919.0,862.0,0.6669727664165871,99.88399071925754,6.0,98.32585110362888,98.32585110362888,98.32585110362888,98.32585110362888,71.875,71.875,71.875,71.875,59.375,5.0,0.0,8.0,5.0,23.0,9.0,76.66944444445156,150.98194444444434,152.91250000000593,154.11736111111387,23.0,9.0,154.11736111111387,126.5,12.258333333333333,0.6930772716972582,1.0,0.0,0.0,6.0,0.0,50.0,16.0,62.5,68.75,9.0,100.0,100.0,COMPLETED,60,3,1000.0,80.0,40.0,24,e0cb3193ca2d056c,T060_P03_H1000_I0800_F1,0.9728059581320451,False,0.7170777714393762,347,0.0,0.0,0.7218058989376713,341,0.7096774193548387,0.59375,0.6392231310318659,0.8621389749809101,0.8042399693207419
T060_P03_H1000_I0800_CN050_F1,California,unlimited_useful_deadline,unlimited,central_only,targeted_central,all_useful,deadline,-1.0,0.0,0.0,1.0,none,0.0,0,applicable,32.0,0.0,,0.0,22443.0,5200880.0,147417.06879974593,1069.0,1005.5,0.6820784107204639,100.0,6.0,98.19491208380097,98.19491208380097,98.19491208380097,98.19491208380097,71.875,71.875,71.875,71.875,59.375,5.0,0.0,8.0,5.0,23.0,9.0,75.86805555555596,139.98194444444806,150.7937500000004,160.11736111111531,23.0,9.0,160.11736111111531,123.0,14.708333333333334,0.6146458923512748,1.0,0.0,100.0,6.0,0.0,33.33333333333333,16.0,62.5,68.75,9.0,100.0,100.0,COMPLETED,60,3,1000.0,80.0,50.0,30,2c9f8bd8776bde25,T060_P03_H1000_I0800_F1,0.9722826086956521,False,0.7072639624479011,361,0.0,0.0,0.7119453520141699,362,0.7096774193548387,0.59375,0.6204131661046083,0.8325809639311862,0.8033052106802164
T060_P03_H1000_I0800_CN060_F1,California,unlimited_useful_deadline,unlimited,central_only,targeted_central,all_useful,deadline,-1.0,0.0,0.0,1.0,none,0.0,0,applicable,32.0,0.0,,0.0,27127.0,6345936.0,169402.14399968003,1225.0,1157.0,0.6829901751433473,100.0,7.0,98.32585110362888,98.32585110362888,98.32585110362888,98.32585110362888,71.875,71.875,71.875,71.875,62.5,5.0,0.0,7.0,5.0,23.0,9.0,75.80138888889245,139.087500000001,151.7256944444505,154.11736111111387,23.0,9.0,154.11736111111387,138.0,16.983333333333334,0.5874713771671574,1.0,0.0,0.0,6.0,16.666666666666664,50.0,16.0,62.5,68.75,9.0,100.0,100.0,COMPLETED,60,3,1000.0,80.0,60.0,36,103500a713a35efa,T060_P03_H1000_I0800_F1,0.9789855072463768,False,0.7130164321368864,353,0.0,0.0,0.7182964267556456,346,0.7096774193548387,0.625,0.6392231310318659,0.8023042716615011,0.8152773117300224
T060_P03_H1000_I0800_CN070_F1,California,unlimited_useful_deadline,unlimited,central_only,targeted_central,all_useful,deadline,-1.0,0.0,0.0,1.0,none,0.0,0,applicable,32.0,0.0,,0.0,29371.0,7330912.0,188313.68319963533,1386.0,1319.0,0.7004270627544893,100.0,7.0,98.91507669285447,98.91507669285447,98.91507669285447,98.91507669285447,75.0,75.0,75.0,75.0,62.5,5.0,0.0,7.0,5.0,24.0,8.0,74.79375000000205,139.93090277777947,145.8677083333391,146.4194444444535,24.0,8.0,146.4194444444535,139.0,19.666666666666668,0.51,1.0,0.0,100.0,6.0,16.666666666666664,50.0,16.0,62.5,68.75,9.0,100.0,100.0,COMPLETED,60,3,1000.0,80.0,70.0,42,910b7ee778a7ec9d,T060_P03_H1000_I0800_F1,0.9775270061728395,False,0.7192727846662372,346,0.0,0.0,0.7228096240338797,338,0.7419354838709677,0.625,0.663356054783999,0.7710843102906167,0.8126722712238146
T060_P03_H1000_I0800_CN080_F1,California,unlimited_useful_deadline,unlimited,central_only,targeted_central,all_useful,deadline,-1.0,0.0,0.0,1.0,none,0.0,0,applicable,32.0,0.0,,0.0,33715.0,8493368.0,210632.83839955382,1537.0,1463.5,0.6948109378955699,100.0,8.0,100.0,100.0,100.0,100.0,84.375,84.375,84.375,84.375,62.5,5.0,0.0,7.0,5.0,27.0,5.0,71.73611111111786,123.80833333333352,140.9027777777784,148.5513888888905,27.0,5.0,148.5513888888905,152.0,21.858333333333334,0.4749332825009531,1.0,0.0,100.0,6.0,16.666666666666664,100.0,16.0,62.5,68.75,9.0,100.0,100.0,COMPLETED,60,3,1000.0,80.0,80.0,48,f9cf8b0b8fb37180,T060_P03_H1000_I0800_F1,0.9545096021947875,False,0.7300333015635105,329,0.0,0.0,0.7266758527286813,331,0.8387096774193549,0.625,0.6566724214128803,0.7414364640883978,0.7715607007227736
T060_P03_H1000_I0800_CN090_F1,California,unlimited_useful_deadline,unlimited,central_only,targeted_central,all_useful,deadline,-1.0,0.0,0.0,1.0,none,0.0,0,applicable,32.0,0.0,,0.0,36963.0,9564880.0,231205.86879948474,1691.0,1613.0,0.697646650742628,100.0,8.0,99.32659932659934,99.32659932659934,99.32659932659934,99.32659932659934,78.125,78.125,78.125,78.125,65.625,5.0,0.0,6.0,5.0,25.0,7.0,70.8013888888939,128.57430555556067,141.82847222222352,145.41944444444525,25.0,7.0,145.41944444444525,153.5,24.325,0.41856229302272463,1.0,0.0,100.0,6.0,33.33333333333333,66.66666666666666,16.0,62.5,68.75,9.0,100.0,100.0,COMPLETED,60,3,1000.0,80.0,90.0,54,7bcc3a79f632e25b,T060_P03_H1000_I0800_F1,0.9664259259259259,False,0.7192911666763726,345,0.0,0.0,0.7202237163793992,342,0.7741935483870968,0.65625,0.6664910489385669,0.711339442123703,0.7928445424476294
T060_P03_H1000_I0800_CN100_F1,California,unlimited_useful_deadline,unlimited,central_only,targeted_central,all_useful,deadline,-1.0,0.0,0.0,1.0,none,0.0,0,applicable,32.0,0.0,,0.0,40305.0,10694320.0,252891.11679940918,1844.0,1760.5,0.6961494030636164,100.0,8.0,100.0,100.0,100.0,100.0,84.375,84.375,84.375,84.375,65.625,5.0,0.0,6.0,5.0,27.0,5.0,69.86805555555581,123.80833333333352,138.71041666666707,145.41944444444525,27.0,5.0,145.41944444444525,147.5,26.883333333333333,0.3503823103947097,1.0,0.0,100.0,6.0,33.33333333333333,100.0,16.0,62.5,68.75,9.0,100.0,100.0,COMPLETED,60,3,1000.0,80.0,100.0,60,d26f2aff5e83e1ad,T060_P03_H1000_I0800_F1,0.9628257887517147,False,0.7284721935051056,331,0.0,0.0,0.725857425057389,333,0.8387096774193549,0.65625,0.6664910489385669,0.6814220904639985,0.7864143084650249
T060_P03_H1000_I0986_CN000_F1,California,unlimited_useful_deadline,unlimited,central_only,targeted_central,all_useful,deadline,-1.0,0.0,0.0,1.0,none,0.0,0,applicable,32.0,0.0,,0.0,972.0,567300.0,56730.0,132.0,80.0,0.14101886127269522,0.0,1.0,52.21481668552399,52.21481668552399,52.21481668552399,52.21481668552399,21.875,21.875,21.875,21.875,6.25,6.0,8.0,16.0,14.0,7.0,25.0,136.33333333333334,339.0266666666667,348.52166666666665,358.01666666666665,7.0,25.0,358.01666666666665,80.0,0.0,0.0,1.0,0.0,0.0,6.0,0.0,0.0,16.0,6.25,31.25,9.0,11.11111111111111,22.22222222222222,COMPLETED,60,3,1000.0,98.6,0.0,0,742c106a6c38f1ca,T060_P03_H1000_I0986_F1,0.8700396825396826,True,0.3538016875594034,541,0.0,0.01,0.3751586830730479,540,0.1935483870967742,0.0625,0.0,0.9990567308988006,0.6206882973696645
T060_P03_H1000_I0986_CN010_F1,California,unlimited_useful_deadline,unlimited,central_only,targeted_central,all_useful,deadline,-1.0,0.0,0.0,1.0,none,0.0,0,applicable,32.0,0.0,,0.0,5436.0,1437348.0,73434.92159995668,328.0,256.5,0.34928885932132775,86.1598440545809,3.0,75.7134131150266,75.7134131150266,75.7134131150266,75.7134131150266,31.25,31.25,31.25,31.25,53.125,6.0,4.0,5.0,10.0,10.0,22.0,127.9840277777778,323.4316666666667,332.72416666666663,342.01666666666665,10.0,22.0,342.01666666666665,82.0,2.908333333333333,0.9378701050620821,1.0,0.0,0.0,6.0,0.0,0.0,16.0,50.0,43.75,9.0,100.0,33.33333333333333,COMPLETED,60,3,1000.0,98.6,10.0,6,ef77a7d59513ab32,T060_P03_H1000_I0986_F1,0.9079166666666666,True,0.48542056095500496,533,0.0,0.0,0.5053214661013576,532,0.2903225806451613,0.53125,0.050159906472674765,0.9665341598167364,0.6883406835722159
T060_P03_H1000_I0986_CN020_F1,California,unlimited_useful_deadline,unlimited,central_only,targeted_central,all_useful,deadline,-1.0,0.0,0.0,1.0,none,0.0,0,applicable,32.0,0.0,,0.0,10876.0,2415468.0,92214.82559989544,536.0,457.0,0.49558191649447547,97.15536105032822,7.0,92.3076923076923,92.3076923076923,92.3076923076923,92.3076923076923,68.75,68.75,68.75,68.75,53.125,6.0,1.0,8.0,7.0,22.0,10.0,83.32569444444621,111.19062500000076,113.52968750000157,121.73472222222239,22.0,10.0,121.73472222222239,75.0,6.366666666666666,0.8453752181500873,1.0,0.0,0.0,6.0,0.0,0.0,16.0,50.0,81.25,9.0,100.0,100.0,COMPLETED,60,3,1000.0,98.6,20.0,12,bed9a498f903807a,T060_P03_H1000_I0986_F1,0.9190446127946128,True,0.7163569103132847,349,0.0,0.0,0.7178967624570862,347,0.6774193548387096,0.53125,0.7407425146571907,0.9318555450747877,0.7082163977147438
T060_P03_H1000_I0986_CN030_F1,California,unlimited_useful_deadline,unlimited,central_only,targeted_central,all_useful,deadline,-1.0,0.0,0.0,1.0,none,0.0,0,applicable,32.0,0.0,,0.0,13668.0,3250444.0,108246.36479986887,677.0,587.5,0.542743399361446,97.36170212765957,7.0,89.74358974358975,89.74358974358975,89.74358974358975,89.74358974358975,71.875,71.875,71.875,71.875,53.125,6.0,2.0,7.0,8.0,23.0,9.0,78.80138888888905,88.98333333333333,114.86291666666678,119.73472222222239,23.0,9.0,119.73472222222239,104.5,8.05,0.7702553485162182,1.0,0.0,100.0,6.0,0.0,0.0,16.0,50.0,81.25,9.0,100.0,100.0,COMPLETED,60,3,1000.0,98.6,30.0,18,feb0a07ce6870558,T060_P03_H1000_I0986_F1,0.9345813204508856,True,0.7241599290795125,338,0.0,0.0,0.7254743899271198,335,0.7096774193548387,0.53125,0.7470125029662749,0.9034653910075012,0.7359666363069841
T060_P03_H1000_I0986_CN040_F1,California,unlimited_useful_deadline,unlimited,central_only,targeted_central,all_useful,deadline,-1.0,0.0,0.0,1.0,none,0.0,0,applicable,32.0,0.0,,0.0,18784.0,4226900.0,126994.31999980024,873.0,799.0,0.6291619971674771,98.93617021276596,6.0,98.71794871794873,98.71794871794873,98.71794871794873,98.71794871794873,78.125,78.125,78.125,78.125,53.125,6.0,0.0,9.0,6.0,25.0,7.0,68.73472222222918,79.79374999999999,83.12013888888886,84.01666666666667,25.0,7.0,84.01666666666667,112.0,11.45,0.6933770014556042,1.0,0.0,100.0,6.0,0.0,33.33333333333333,16.0,50.0,81.25,9.0,100.0,100.0,COMPLETED,60,3,1000.0,98.6,40.0,24,e8cabfc938e3fb2a,T060_P03_H1000_I0986_F1,0.945925925925926,True,0.7585901838012775,279,0.0,0.0,0.7576919727545799,266,0.7741935483870968,0.53125,0.8589883983445545,0.8677985895881059,0.7562293274531421
T060_P03_H1000_I0986_CN050_F1,California,unlimited_useful_deadline,unlimited,central_only,targeted_central,all_useful,deadline,-1.0,0.0,0.0,1.0,none,0.0,0,applicable,32.0,0.0,,0.0,24064.0,5307020.0,147732.62399972795,1017.0,929.0,0.6288387594074757,99.67707212055974,6.0,98.71794871794873,98.71794871794873,98.71794871794873,98.71794871794873,78.125,78.125,78.125,78.125,53.125,6.0,0.0,9.0,6.0,25.0,7.0,65.80138888890409,74.66041666666766,78.05347222222254,78.85,25.0,7.0,78.85,97.5,13.858333333333333,0.6261074363599921,1.0,0.0,100.0,6.0,0.0,33.33333333333333,16.0,50.0,81.25,9.0,100.0,100.0,COMPLETED,60,3,1000.0,98.6,50.0,30,4d5061cd7c5fc44a,T060_P03_H1000_I0986_F1,0.967962962962963,False,0.7620647098453434,269,0.0,0.0,0.7631345252595056,247,0.7741935483870968,0.53125,0.8751858681430225,0.8394533530970669,0.7955898566703418
T060_P03_H1000_I0986_CN060_F1,California,unlimited_useful_deadline,unlimited,central_only,targeted_central,all_useful,deadline,-1.0,0.0,0.0,1.0,none,0.0,0,applicable,32.0,0.0,,0.0,27464.0,6309396.0,166978.24319967118,1189.0,1107.0,0.6629606221669602,99.41282746160795,7.0,98.71794871794873,98.71794871794873,98.71794871794873,98.71794871794873,78.125,78.125,78.125,78.125,53.125,6.0,0.0,9.0,6.0,25.0,7.0,64.73472222222239,77.98333333333333,78.61666666666666,78.85,25.0,7.0,78.85,113.0,16.566666666666666,0.578588195841717,1.0,0.0,100.0,6.0,0.0,33.33333333333333,16.0,50.0,81.25,9.0,100.0,100.0,COMPLETED,60,3,1000.0,98.6,60.0,36,6c47dfbb1f338f9a,T060_P03_H1000_I0986_F1,0.9539444444444444,False,0.7517774567700617,295,0.0,0.0,0.7515953427465172,283,0.7741935483870968,0.53125,0.8751858681430225,0.8067960292862596,0.770551267916207
T060_P03_H1000_I0986_CN070_F1,California,unlimited_useful_deadline,unlimited,central_only,targeted_central,all_useful,deadline,-1.0,0.0,0.0,1.0,none,0.0,0,applicable,32.0,0.0,,0.0,29712.0,7356908.0,187090.47359963512,1339.0,1249.5,0.6678586974309936,100.0,8.0,100.0,100.0,100.0,100.0,81.25,81.25,81.25,81.25,53.125,6.0,0.0,9.0,6.0,26.0,6.0,61.6430555555562,73.6347222222222,73.82916666666667,73.93680555555548,26.0,6.0,73.93680555555548,90.0,19.325,0.5480882564323704,1.0,0.0,100.0,6.0,0.0,50.0,16.0,50.0,81.25,9.0,100.0,100.0,COMPLETED,60,3,1000.0,98.6,70.0,42,46d8623b5c9f8dc0,T060_P03_H1000_I0986_F1,0.932389601139601,False,0.7512540130256627,296,0.0,0.0,0.7475340318207524,294,0.8064516129032258,0.53125,0.890588704006485,0.7773278533890311,0.7320519888050204
T060_P03_H1000_I0986_CN080_F1,California,unlimited_useful_deadline,unlimited,central_only,targeted_central,all_useful,deadline,-1.0,0.0,0.0,1.0,none,0.0,0,applicable,32.0,0.0,,0.0,34280.0,8545140.0,209904.52799955686,1512.0,1426.0,0.6793564739122782,100.0,8.0,100.0,100.0,100.0,100.0,81.25,81.25,81.25,81.25,53.125,6.0,0.0,9.0,6.0,26.0,6.0,58.61006944444459,67.37604166666648,69.80138888888894,71.41944444444476,26.0,6.0,71.41944444444476,110.5,21.925,0.4511022424933486,1.0,0.0,100.0,6.0,0.0,50.0,16.0,50.0,81.25,9.0,100.0,100.0,COMPLETED,60,3,1000.0,98.6,80.0,48,362f7445974aea52,T060_P03_H1000_I0986_F1,0.9640847578347578,False,0.7548195274536988,290,0.0,0.0,0.7539300949723914,275,0.8064516129032258,0.53125,0.898480616374689,0.7448052823069667,0.7886629632770755
T060_P03_H1000_I0986_CN090_F1,California,unlimited_useful_deadline,unlimited,central_only,targeted_central,all_useful,deadline,-1.0,0.0,0.0,1.0,none,0.0,0,applicable,32.0,0.0,,0.0,37524.0,9650380.0,231125.1359994893,1653.0,1556.0,0.6732283761656448,100.0,8.0,100.0,100.0,100.0,100.0,81.25,81.25,81.25,81.25,53.125,6.0,0.0,9.0,6.0,26.0,6.0,56.8020833333397,61.17708333334036,70.80868055555608,73.85,26.0,6.0,73.85,93.5,24.375,0.451846153846154,1.0,0.0,100.0,6.0,0.0,50.0,16.0,50.0,81.25,9.0,100.0,100.0,COMPLETED,60,3,1000.0,98.6,90.0,54,49d2042730597854,T060_P03_H1000_I0986_F1,0.9512108262108262,False,0.7441773897302763,311,0.0,0.0,0.742138245604494,304,0.8064516129032258,0.53125,0.8908608389157333,0.7164600458159277,0.7656687303875837
T060_P03_H1000_I0986_CN100_F1,California,unlimited_useful_deadline,unlimited,central_only,targeted_central,all_useful,deadline,-1.0,0.0,0.0,1.0,none,0.0,0,applicable,32.0,0.0,,0.0,41084.0,10831780.0,253808.01599941563,1830.0,1737.5,0.6845725471507569,100.0,8.0,100.0,100.0,100.0,100.0,81.25,81.25,81.25,81.25,53.125,6.0,0.0,9.0,6.0,26.0,6.0,51.36805555556202,57.89305555555929,59.52621527779044,60.200694444447436,26.0,6.0,60.200694444447436,91.0,27.441666666666666,0.3239750986941998,1.0,0.0,100.0,6.0,0.0,50.0,16.0,50.0,81.25,9.0,100.0,100.0,COMPLETED,60,3,1000.0,98.6,100.0,60,71a02ff29e53ca39,T060_P03_H1000_I0986_F1,0.9663105413105414,False,0.7501865973878865,298,0.0,0.0,0.749495939395596,288,0.8064516129032258,0.53125,0.9336513320459505,0.6834882989713874,0.7926384530574166
T060_P05_H0500_I0600_CN010_F1,California,unlimited_useful_deadline,unlimited,central_only,targeted_central,all_useful,deadline,-1.0,0.0,0.0,1.0,none,0.0,0,applicable,32.0,0.0,,0.0,5797.0,1078344.0,54272.403199949724,554.0,446.0,0.8217804513959927,62.780269058295964,6.0,78.8526451019819,78.8526451019819,78.8526451019819,78.8526451019819,3.125,3.125,3.125,3.125,71.875,0.0,0.0,9.0,0.0,1.0,31.0,99.01944444447193,99.01944444447193,99.01944444447193,99.01944444447193,1.0,31.0,99.01944444447193,220.0,3.7666666666666666,0.8402654867256638,1.0,0.0,0.0,6.0,0.0,0.0,16.0,87.5,6.25,9.0,100.0,0.0,COMPLETED,60,5,500.0,60.0,10.0,6,0512ebbdb2a57a41,T060_P05_H0500_I0600_F1,1.026851851851852,True,0.6311588014880318,437,0.0,3.5,0.6761973902421663,407,0.0,0.71875,0.81195477770924,0.9495103984189014,0.9007717750826901
T060_P05_H0500_I0600_CN020_F1,California,unlimited_useful_deadline,unlimited,central_only,targeted_central,all_useful,deadline,-1.0,0.0,0.0,1.0,none,0.0,0,applicable,32.0,0.0,,0.0,9648.0,1756284.0,67288.85119990696,746.0,627.5,0.9325467574647308,79.60159362549801,7.0,89.81319289282999,89.81319289282999,89.81319289282999,89.81319289282999,31.25,31.25,31.25,31.25,78.125,0.0,0.0,7.0,0.0,10.0,22.0,95.8256944444455,116.63472222222252,119.78472222222257,122.93472222222263,10.0,22.0,122.93472222222263,224.0,6.725,0.7675547294506402,1.0,0.0,0.0,6.0,33.33333333333333,33.33333333333333,16.0,87.5,50.0,9.0,100.0,0.0,COMPLETED,60,5,500.0,60.0,20.0,12,d2e3248aae98f514,T060_P05_H0500_I0600_F1,0.8231944444444445,False,0.6400871258965082,429,0.0,0.0,0.652421878892916,420,0.2903225806451613,0.78125,0.7369805216717392,0.9165386515743611,0.5370176405733186
T060_P05_H0500_I0600_CN030_F1,California,unlimited_useful_deadline,unlimited,central_only,targeted_central,all_useful,deadline,-1.0,0.0,0.0,1.0,none,0.0,0,applicable,32.0,0.0,,0.0,13603.0,2516084.0,81877.01119986066,888.0,764.0,0.9331068499008671,87.43455497382199,7.0,92.32142857142858,92.32142857142858,92.32142857142858,92.32142857142858,81.25,81.25,81.25,81.25,75.0,0.0,0.0,8.0,0.0,26.0,6.0,95.91736111111167,129.08437499999974,143.5678819444498,152.20069444444803,26.0,6.0,152.20069444444803,239.0,8.75,0.7112380952380952,1.0,0.0,0.0,6.0,16.666666666666664,16.666666666666664,16.0,87.5,100.0,9.0,100.0,100.0,COMPLETED,60,5,500.0,60.0,30.0,18,facc46aa58af506d,T060_P05_H0500_I0600_F1,0.8850605413105413,False,0.7553087506272186,289,0.0,0.0,0.7473620286878498,295,0.8064516129032258,0.75,0.645231869828069,0.8876094865921035,0.647517174115851
T060_P05_H0500_I0600_CN040_F1,California,unlimited_useful_deadline,unlimited,central_only,targeted_central,all_useful,deadline,-1.0,0.0,0.0,1.0,none,0.0,0,applicable,32.0,0.0,,0.0,16412.0,3381004.0,98483.47519982571,1033.0,915.5,0.9295975778092974,90.82468596395412,10.0,94.77678571428572,94.77678571428572,94.77678571428572,94.77678571428572,84.375,84.375,84.375,84.375,81.25,0.0,0.0,6.0,0.0,27.0,5.0,75.63472222223524,95.32500000000451,97.53277777777934,104.73472222223063,27.0,5.0,104.73472222223063,217.0,11.641666666666667,0.6719040801717968,1.0,0.0,0.0,6.0,50.0,33.33333333333333,16.0,87.5,100.0,9.0,100.0,100.0,COMPLETED,60,5,500.0,60.0,40.0,24,48edbcff62c9dfb2,T060_P05_H0500_I0600_F1,0.9459362139917696,False,0.8158886167337511,139,0.0,0.0,0.8117655180153008,135,0.8387096774193549,0.8125,0.7940374152843817,0.8573327943224184,0.7562477030503492
T060_P05_H0500_I0600_CN050_F1,California,unlimited_useful_deadline,unlimited,central_only,targeted_central,all_useful,deadline,-1.0,0.0,0.0,1.0,none,0.0,0,applicable,32.0,0.0,,0.0,20437.0,4364600.0,117368.51839977218,1164.0,1053.0,0.8971741437625952,93.77967711301045,9.0,96.33928571428572,96.33928571428572,96.33928571428572,96.33928571428572,90.625,90.625,90.625,90.625,84.375,0.0,0.0,5.0,0.0,29.0,3.0,71.60277777778683,89.54791666666702,93.561111111111,98.36736111111095,29.0,3.0,98.36736111111095,222.5,13.841666666666667,0.6114890628135661,1.0,0.0,0.0,6.0,66.66666666666666,66.66666666666666,16.0,87.5,100.0,9.0,100.0,100.0,COMPLETED,60,5,500.0,60.0,50.0,30,72585a15debce9c8,T060_P05_H0500_I0600_F1,0.9432311621966795,False,0.8357314497200812,106,0.0,0.0,0.8281409688108756,112,0.9032258064516129,0.84375,0.813999055147601,0.8283137941876656,0.7514161882674979
T060_P05_H0500_I0600_CN060_F1,California,unlimited_useful_deadline,unlimited,central_only,targeted_central,all_useful,deadline,-1.0,0.0,0.0,1.0,none,0.0,0,applicable,32.0,0.0,,0.0,24023.0,5369552.0,136663.59679972386,1326.0,1230.0,0.9000202166510558,95.08130081300813,8.0,96.88988095238096,96.88988095238096,96.88988095238096,96.88988095238096,87.5,87.5,87.5,87.5,84.375,0.0,0.0,5.0,0.0,28.0,4.0,63.32638888889318,74.08256944444825,75.45472222222591,76.551388888891,28.0,4.0,76.551388888891,212.5,16.958333333333332,0.5637592137592138,1.0,100.0,0.0,6.0,50.0,50.0,16.0,87.5,100.0,9.0,100.0,100.0,COMPLETED,60,5,500.0,60.0,60.0,36,d785433c64a56816,T060_P05_H0500_I0600_F1,0.9500661375661376,False,0.8366632256156645,105,0.0,0.0,0.8312960481582037,110,0.8709677419354839,0.84375,0.8823920005399148,0.7957463055293537,0.7636241927862654
T060_P05_H0500_I0600_CN070_F1,California,unlimited_useful_deadline,unlimited,central_only,targeted_central,all_useful,deadline,-1.0,0.0,0.0,1.0,none,0.0,0,applicable,32.0,0.0,,0.0,28642.0,6517776.0,158709.4975996559,1472.0,1386.0,0.8732936723775534,97.72727272727273,8.0,97.44047619047619,97.44047619047619,97.44047619047619,97.44047619047619,84.375,84.375,84.375,84.375,96.875,0.0,0.0,1.0,0.0,27.0,5.0,60.80138888888905,71.15069444445616,71.44618055557756,72.55138888888905,27.0,5.0,72.55138888888905,201.5,19.741666666666667,0.5445828056845365,1.0,100.0,0.0,6.0,100.0,33.33333333333333,16.0,93.75,100.0,9.0,100.0,100.0,COMPLETED,60,5,500.0,60.0,70.0,42,634f961657057b8c,T060_P05_H0500_I0600_F1,0.9797668038408779,True,0.8579278045810051,89,0.0,0.0,0.856825960303324,73,0.8387096774193549,0.96875,0.8949319771580897,0.7650653550734402,0.8166727918657355
T060_P05_H0500_I0600_CN080_F1,California,unlimited_useful_deadline,unlimited,central_only,targeted_central,all_useful,deadline,-1.0,0.0,0.0,1.0,none,0.0,0,applicable,32.0,0.0,,0.0,31886.0,7684560.0,181111.75039960467,1568.0,1476.0,0.8149664484735838,98.9159891598916,10.0,98.125,98.125,98.125,98.125,96.875,96.875,96.875,96.875,87.5,0.0,0.0,4.0,0.0,31.0,1.0,59.851388888894384,75.11736111111095,75.45937500000073,77.551388888891,31.0,1.0,77.551388888891,171.0,21.75,0.5431928480204342,1.0,0.0,0.0,6.0,66.66666666666666,100.0,16.0,93.75,100.0,9.0,100.0,100.0,COMPLETED,60,5,500.0,60.0,80.0,48,bc5a7d578c03d283,T060_P05_H0500_I0600_F1,0.9403225806451613,False,0.8527827621867708,96,0.0,0.0,0.8417067227800062,102,0.967741935483871,0.875,0.8792570063853726,0.7403135246822082,0.746221147348579
T060_P05_H0500_I0600_CN090_F1,California,unlimited_useful_deadline,unlimited,central_only,targeted_central,all_useful,deadline,-1.0,0.0,0.0,1.0,none,0.0,0,applicable,32.0,0.0,,0.0,34584.0,8925932.0,204946.09279955883,1759.0,1694.0,0.8265588169357121,99.35064935064935,10.0,99.375,99.375,99.375,99.375,96.875,96.875,96.875,96.875,90.625,0.0,0.0,3.0,0.0,31.0,1.0,54.634722222247,62.73472222222966,70.30138888889972,75.36736111112162,31.0,1.0,75.36736111112162,159.0,25.583333333333332,0.4495114006514658,1.0,100.0,0.0,6.0,66.66666666666666,100.0,16.0,93.75,100.0,9.0,100.0,100.0,COMPLETED,60,5,500.0,60.0,90.0,54,17c70de66b2950a9,T060_P05_H0500_I0600_F1,0.9627389486260455,False,0.8591577073583392,85,0.0,0.0,0.8500835707150273,87,0.967741935483871,0.90625,0.8861039207020374,0.7040627947715942,0.7862592026176335
T060_P05_H0500_I0600_CN100_F1,California,unlimited_useful_deadline,unlimited,central_only,targeted_central,all_useful,deadline,-1.0,0.0,0.0,1.0,none,0.0,0,applicable,32.0,0.0,,0.0,37597.0,10274808.0,230844.51199950572,1899.0,1850.0,0.8014052333217093,100.0,10.0,99.375,99.375,99.375,99.375,96.875,96.875,96.875,96.875,96.875,0.0,0.0,1.0,0.0,31.0,1.0,48.71736111111434,59.4194444444535,61.33437500000194,63.367361111115315,31.0,1.0,63.367361111115315,151.0,28.316666666666666,0.4198940553266628,1.0,100.0,0.0,6.0,100.0,100.0,16.0,93.75,100.0,9.0,100.0,100.0,COMPLETED,60,5,500.0,60.0,100.0,60,32862dfac83a8ac2,T060_P05_H0500_I0600_F1,0.9745370370370371,False,0.87620640233825,54,0.0,0.0,0.8681858987283343,53,0.967741935483871,0.96875,0.9237238505565633,0.6733818443156808,0.8073318632855567
T060_P05_H0500_I0800_CN010_F1,California,unlimited_useful_deadline,unlimited,central_only,targeted_central,all_useful,deadline,-1.0,0.0,0.0,1.0,none,0.0,0,applicable,32.0,0.0,,0.0,8065.0,1637356.0,51067.11039992103,506.0,391.0,0.7656591433076358,88.49104859335038,5.0,73.9813112745098,73.9813112745098,73.9813112745098,73.9813112745098,50.0,50.0,50.0,50.0,71.875,0.0,6.0,3.0,6.0,16.0,16.0,179.28576388889553,274.55833333333334,288.225,321.85,16.0,16.0,321.85,75.5,5.258333333333334,0.9096936080295828,1.0,0.0,0.0,6.0,16.666666666666664,0.0,16.0,81.25,43.75,9.0,100.0,100.0,COMPLETED,60,5,500.0,80.0,10.0,6,f3017fd1eb6639b1,T060_P05_H0500_I0800_F1,0.6997106481481481,False,0.525753801736727,526,0.0,0.0,0.5173833652570172,530,0.4838709677419355,0.71875,0.11338228858927502,0.9544513318061357,0.3164622381477396
T060_P05_H0500_I0800_CN020_F1,California,unlimited_useful_deadline,unlimited,central_only,targeted_central,all_useful,deadline,-1.0,0.0,0.0,1.0,none,0.0,0,applicable,32.0,0.0,,0.0,15603.0,3080612.0,78777.62559983517,691.0,587.5,0.7457701289250704,99.31914893617021,6.0,83.70535714285714,83.70535714285714,83.70535714285714,83.70535714285714,78.125,78.125,78.125,78.125,75.0,0.0,2.0,6.0,2.0,25.0,7.0,91.80138888888905,108.27916666667001,116.0316666667071,132.93472222222832,25.0,7.0,132.93472222222832,87.0,9.033333333333333,0.8501845018450185,1.0,0.0,0.0,6.0,50.0,0.0,16.0,75.0,100.0,9.0,100.0,100.0,COMPLETED,60,5,500.0,80.0,20.0,12,644b92f4380f3231,T060_P05_H0500_I0800_F1,0.9069074074074074,False,0.7716816202798004,241,0.0,0.0,0.7672988447347564,235,0.7741935483870968,0.75,0.7056305801262996,0.9201320576741678,0.6865380374862181
T060_P05_H0500_I0800_CN030_F1,California,unlimited_useful_deadline,unlimited,central_only,targeted_central,all_useful,deadline,-1.0,0.0,0.0,1.0,none,0.0,0,applicable,32.0,0.0,,0.0,23031.0,4615208.0,108241.8687997453,862.0,777.5,0.7182987587163957,100.0,6.0,95.57291666666666,95.57291666666666,95.57291666666666,95.57291666666666,90.625,90.625,90.625,90.625,93.75,0.0,1.0,1.0,1.0,29.0,3.0,76.80486111111799,103.0722222222222,106.12861111111224,108.80277777778174,29.0,3.0,108.80277777778174,122.5,12.375,0.8082940516273851,1.0,0.0,0.0,6.0,100.0,66.66666666666666,16.0,93.75,100.0,9.0,100.0,100.0,COMPLETED,60,5,500.0,80.0,30.0,18,f17b25a796b0e663,T060_P05_H0500_I0800_F1,0.9440134099616858,False,0.8597646160935382,83,0.0,0.99,0.8522439941357828,84,0.9032258064516129,0.9375,0.7812840848973761,0.8863967120334187,0.7528133672965059
T060_P05_H0500_I0800_CN040_F1,California,unlimited_useful_deadline,unlimited,central_only,targeted_central,all_useful,deadline,-1.0,0.0,0.0,1.0,none,0.0,0,applicable,32.0,0.0,,0.0,31844.0,6479480.0,144035.891199653,1013.0,932.5,0.6474080815783826,100.0,8.0,96.63318452380952,96.63318452380952,96.63318452380952,96.63318452380952,84.375,84.375,84.375,84.375,84.375,0.0,0.0,5.0,0.0,27.0,5.0,67.5027777777912,95.72500000000146,96.28923611111182,96.41944444444864,27.0,5.0,96.41944444444864,119.5,14.791666666666666,0.7229953051643192,1.0,100.0,0.0,6.0,66.66666666666666,33.33333333333333,16.0,81.25,100.0,9.0,100.0,100.0,COMPLETED,60,5,500.0,80.0,40.0,24,a24e63846777373a,T060_P05_H0500_I0800_F1,0.9727709190672155,False,0.8342362990678189,110,0.0,0.0,0.832509684485103,106,0.8387096774193549,0.84375,0.8201057625111225,0.8558055967300003,0.8041773857650374
T060_P05_H0500_I0800_CN050_F1,California,unlimited_useful_deadline,unlimited,central_only,targeted_central,all_useful,deadline,-1.0,0.0,0.0,1.0,none,0.0,0,applicable,32.0,0.0,,0.0,40063.0,8282912.0,178661.7855995401,1169.0,1111.0,0.6218453466541756,100.0,10.0,99.21875,99.21875,99.21875,99.21875,96.875,96.875,96.875,96.875,96.875,0.0,0.0,1.0,0.0,31.0,1.0,54.3673611111124,69.11736111111435,73.67708333334365,77.9347222222248,31.0,1.0,77.9347222222248,118.5,17.616666666666667,0.6769788710186062,1.0,100.0,0.0,6.0,83.33333333333334,100.0,16.0,100.0,100.0,9.0,100.0,100.0,COMPLETED,60,5,500.0,80.0,50.0,30,a811e05fa1297b3f,T060_P05_H0500_I0800_F1,0.9584229390681004,False,0.8926997581460931,24,0.0,0.0,0.8832401785323363,24,0.967741935483871,0.96875,0.8780552586261301,0.8231033553429458,0.7785503432087348
T060_P05_H0500_I0800_CN060_F1,California,unlimited_useful_deadline,unlimited,central_only,targeted_central,all_useful,deadline,-1.0,0.0,0.0,1.0,none,0.0,0,applicable,32.0,0.0,,0.0,47369.0,10247288.0,216377.80479945778,1324.0,1263.5,0.5839323497948558,100.0,8.0,99.21875,99.21875,99.21875,99.21875,96.875,96.875,96.875,96.875,100.0,0.0,0.0,0.0,0.0,31.0,1.0,48.502777777779556,76.55138888889293,77.74305555555918,78.93472222223149,31.0,1.0,78.93472222223149,125.5,20.341666666666665,0.6470367335791343,1.0,100.0,0.0,6.0,100.0,100.0,16.0,100.0,100.0,9.0,100.0,100.0,COMPLETED,60,5,500.0,80.0,60.0,36,0ad8834554a51826,T060_P05_H0500_I0800_F1,0.9748357228195937,True,0.8966467046042977,15,0.61,10.98,0.8886528752483921,16,0.967741935483871,1.0,0.8749202644715669,0.7927368279207654,0.8078653483657572
T060_P05_H0500_I0800_CN070_F1,California,unlimited_useful_deadline,unlimited,central_only,targeted_central,all_useful,deadline,-1.0,0.0,0.0,1.0,none,0.0,0,applicable,32.0,0.0,,0.0,54000.0,12117144.0,252279.0399993605,1476.0,1430.5,0.5670308559932787,100.0,10.0,100.0,100.0,100.0,100.0,100.0,100.0,100.0,100.0,100.0,0.0,0.0,0.0,0.0,32.0,0.0,48.501041666690924,65.50798611111172,70.77388888889165,76.93472222222226,32.0,0.0,76.93472222222226,159.5,22.916666666666668,0.6480121212121213,1.0,100.0,100.0,6.0,100.0,100.0,16.0,100.0,100.0,9.0,100.0,100.0,COMPLETED,60,5,500.0,80.0,70.0,42,daba30d1363270af,T060_P05_H0500_I0800_F1,0.9607494212962964,True,0.8958574424898023,18,0.05,4.65,0.8849927270818639,19,1.0,1.0,0.8811902527806802,0.7610676907874051,0.7827056918412348
T060_P05_H0500_I0800_CN080_F1,California,unlimited_useful_deadline,unlimited,central_only,targeted_central,all_useful,deadline,-1.0,0.0,0.0,1.0,none,0.0,0,applicable,32.0,0.0,,0.0,62010.0,14305196.0,294289.6383992528,1625.0,1576.5,0.5356967403185348,100.0,9.0,99.21875,99.21875,99.21875,99.21875,96.875,96.875,96.875,96.875,100.0,0.0,0.0,0.0,0.0,31.0,1.0,46.06875000000388,67.11736111111095,71.74305555555566,74.80277777777786,31.0,1.0,74.80277777777786,145.5,25.45,0.5459179218511243,1.0,100.0,0.0,6.0,100.0,100.0,16.0,100.0,100.0,9.0,100.0,100.0,COMPLETED,60,5,500.0,80.0,80.0,48,baa45480ed64d945,T060_P05_H0500_I0800_F1,0.9756421744324971,False,0.8871631431849656,35,0.0,0.35,0.879241334314887,34,0.967741935483871,1.0,0.8878738861518221,0.7312850918564434,0.809305758082299
T060_P05_H0500_I0800_CN090_F1,California,unlimited_useful_deadline,unlimited,central_only,targeted_central,all_useful,deadline,-1.0,0.0,0.0,1.0,none,0.0,0,applicable,32.0,0.0,,0.0,70444.0,16621856.0,338769.51039914007,1771.0,1731.5,0.5111144736608491,100.0,10.0,100.0,100.0,100.0,100.0,100.0,100.0,100.0,100.0,100.0,0.0,0.0,0.0,0.0,32.0,0.0,42.33576388889045,62.96076388888876,66.87388888889129,71.93472222222287,32.0,0.0,71.93472222222287,154.5,27.716666666666665,0.5101924233313291,1.0,100.0,100.0,6.0,100.0,100.0,16.0,100.0,100.0,9.0,100.0,100.0,COMPLETED,60,5,500.0,80.0,90.0,54,cf6a7515f230ee12,T060_P05_H0500_I0800_F1,0.9702980324074074,False,0.8894759214711174,31,0.0,1.33,0.8794639486210624,33,1.0,1.0,0.8968652235533892,0.7006939765530252,0.7997605429988973
T060_P05_H0500_I0800_CN100_F1,California,unlimited_useful_deadline,unlimited,central_only,targeted_central,all_useful,deadline,-1.0,0.0,0.0,1.0,none,0.0,0,applicable,32.0,0.0,,0.0,78669.0,19019496.0,384804.19839902496,1920.0,1890.0,0.4911588823259546,100.0,11.0,100.0,100.0,100.0,100.0,100.0,100.0,100.0,100.0,100.0,0.0,0.0,0.0,0.0,32.0,0.0,36.96215277777834,58.351388888895166,64.60131944445413,71.93472222222287,32.0,0.0,71.93472222222287,166.0,30.358333333333334,0.4648412480556319,1.0,100.0,100.0,6.0,100.0,100.0,16.0,100.0,100.0,9.0,100.0,100.0,COMPLETED,60,5,500.0,80.0,100.0,60,44bf7c726e0c6eaf,T060_P05_H0500_I0800_F1,0.9706886574074073,False,0.8833994685721546,41,0.0,0.22,0.8734223806449221,46,1.0,1.0,0.8968652235533892,0.6697884382158739,0.8004582414553469
T060_P05_H0500_I0986_CN010_F1,California,unlimited_useful_deadline,unlimited,central_only,targeted_central,all_useful,deadline,-1.0,0.0,0.0,1.0,none,0.0,0,applicable,32.0,0.0,,0.0,7656.0,1610832.0,49680.361599929165,433.0,334.5,0.673304278043896,84.60388639760838,6.0,78.26984126984127,78.26984126984127,78.26984126984127,78.26984126984127,59.375,59.375,59.375,59.375,78.125,2.0,5.0,0.0,7.0,19.0,13.0,155.03333333333333,241.78333333333333,242.93673611111132,252.71736111111338,19.0,13.0,252.71736111111338,72.0,4.375,0.9196507936507936,1.0,0.0,0.0,6.0,0.0,0.0,16.0,100.0,62.5,9.0,100.0,100.0,COMPLETED,60,5,500.0,98.6,10.0,6,fc733ac430f38a5e,T060_P05_H0500_I0986_F1,0.7198343079922028,True,0.6122000257299124,478,0.0,0.0,0.6007880311134319,494,0.5806451612903226,0.78125,0.33011270739400944,0.9595270179221128,0.35240526896071495
T060_P05_H0500_I0986_CN020_F1,California,unlimited_useful_deadline,unlimited,central_only,targeted_central,all_useful,deadline,-1.0,0.0,0.0,1.0,none,0.0,0,applicable,32.0,0.0,,0.0,15393.0,3177100.0,79752.70719985157,575.0,460.5,0.5774098662833317,97.828447339848,6.0,83.33333333333333,83.33333333333333,83.33333333333333,83.33333333333333,78.125,78.125,78.125,78.125,78.125,2.0,5.0,0.0,7.0,25.0,7.0,90.98541666666763,150.0138888889004,150.73444444444445,155.03333333333333,25.0,7.0,155.03333333333333,67.0,7.025,0.8554567022538553,1.0,0.0,0.0,6.0,0.0,0.0,16.0,100.0,100.0,9.0,100.0,100.0,COMPLETED,60,5,500.0,98.6,20.0,12,42ca4ee669ec74a3,T060_P05_H0500_I0986_F1,0.8928148148148148,True,0.7625819958637111,267,0.0,0.03,0.7569406756659661,269,0.7741935483870968,0.78125,0.6363515634694848,0.9315411220410547,0.6613671444321939
T060_P05_H0500_I0986_CN030_F1,California,unlimited_useful_deadline,unlimited,central_only,targeted_central,all_useful,deadline,-1.0,0.0,0.0,1.0,none,0.0,0,applicable,32.0,0.0,,0.0,23029.0,4796052.0,110836.5855997643,702.0,568.5,0.5129172799069056,100.0,6.0,83.33333333333333,83.33333333333333,83.33333333333333,83.33333333333333,78.125,78.125,78.125,78.125,78.125,2.0,5.0,0.0,7.0,25.0,7.0,59.20069444444586,112.31666666667317,121.68194444445822,126.73472222222432,25.0,7.0,126.73472222222432,60.5,8.941666666666666,0.7936160298229264,1.0,0.0,0.0,6.0,0.0,0.0,16.0,100.0,100.0,9.0,100.0,100.0,COMPLETED,60,5,500.0,98.6,30.0,18,d74c6a3e0ea6ecb6,T060_P05_H0500_I0986_F1,0.9729629629629629,True,0.7965244071915857,187,0.0,0.03,0.7980407496178759,165,0.7741935483870968,0.78125,0.7250675438844737,0.9051722589049095,0.8045203969128994
T060_P05_H0500_I0986_CN040_F1,California,unlimited_useful_deadline,unlimited,central_only,targeted_central,all_useful,deadline,-1.0,0.0,0.0,1.0,none,0.0,0,applicable,32.0,0.0,,0.0,30250.0,6503484.0,143619.27999968838,836.0,695.5,0.48426645781924893,99.85621854780733,7.0,83.33333333333333,83.33333333333333,83.33333333333333,83.33333333333333,78.125,78.125,78.125,78.125,78.125,2.0,5.0,0.0,7.0,25.0,7.0,52.985416666666666,120.38805555555935,126.33472222222343,131.73472222222287,25.0,7.0,131.73472222222287,59.5,10.958333333333334,0.7130164765525984,1.0,0.0,0.0,6.0,0.0,0.0,16.0,100.0,100.0,9.0,100.0,100.0,COMPLETED,60,5,500.0,98.6,40.0,24,3bc5ce6920145ef1,T060_P05_H0500_I0986_F1,0.9807222222222222,True,0.7898530981423515,200,0.0,0.0,0.7920623843393141,184,0.7741935483870968,0.78125,0.7093925731117674,0.877096527871356,0.8183792723263503
T060_P05_H0500_I0986_CN050_F1,California,unlimited_useful_deadline,unlimited,central_only,targeted_central,all_useful,deadline,-1.0,0.0,0.0,1.0,none,0.0,0,applicable,32.0,0.0,,0.0,37640.0,8337356.0,178829.62239960607,937.0,772.5,0.4319754130407993,100.0,8.0,83.33333333333333,83.33333333333333,83.33333333333333,83.33333333333333,78.125,78.125,78.125,78.125,78.125,2.0,5.0,0.0,7.0,25.0,7.0,54.63472222222505,96.98805555555566,98.42916666666696,99.73472222222239,25.0,7.0,99.73472222222239,52.0,12.416666666666666,0.6396868008948546,1.0,0.0,0.0,6.0,0.0,0.0,16.0,100.0,100.0,9.0,100.0,100.0,COMPLETED,60,5,500.0,98.6,50.0,30,a6a091087350020b,T060_P05_H0500_I0986_F1,0.9802962962962963,True,0.8050861535910078,163,0.0,0.0,0.8072574023017521,141,0.7741935483870968,0.78125,0.8097123860571183,0.8535125544625611,0.8176185226019845
T060_P05_H0500_I0986_CN060_F1,California,unlimited_useful_deadline,unlimited,central_only,targeted_central,all_useful,deadline,-1.0,0.0,0.0,1.0,none,0.0,0,applicable,32.0,0.0,,0.0,45633.0,10337884.0,217239.7599995076,1087.0,918.0,0.42257457842987894,100.0,8.0,84.0,84.0,84.0,84.0,78.125,78.125,78.125,78.125,81.25,2.0,4.0,0.0,6.0,25.0,7.0,51.200694444449255,100.7880555555557,109.42916666666696,110.73472222222239,25.0,7.0,110.73472222222239,63.5,14.658333333333333,0.6105457646389996,1.0,0.0,0.0,6.0,16.666666666666664,0.0,16.0,100.0,100.0,9.0,100.0,100.0,COMPLETED,60,5,500.0,98.6,60.0,36,36489842aa8a1aee,T060_P05_H0500_I0986_F1,0.9824814814814816,True,0.7990770767070843,178,0.0,0.0,0.8014434742601662,154,0.7741935483870968,0.8125,0.7752274503571545,0.823774873107847,0.8215214994487322
T060_P05_H0500_I0986_CN070_F1,California,unlimited_useful_deadline,unlimited,central_only,targeted_central,all_useful,deadline,-1.0,0.0,0.0,1.0,none,0.0,0,applicable,32.0,0.0,,0.0,54673.0,12584272.0,260370.40959940403,1196.0,1003.5,0.38541245971227944,100.0,9.0,83.33333333333333,83.33333333333333,83.33333333333333,83.33333333333333,78.125,78.125,78.125,78.125,78.125,2.0,5.0,0.0,7.0,25.0,7.0,43.55138888888857,90.58805555556178,93.22916666666977,94.73472222222384,25.0,7.0,94.73472222222384,88.0,16.091666666666665,0.5777058518902123,1.0,0.0,0.0,6.0,0.0,0.0,16.0,100.0,100.0,9.0,100.0,100.0,COMPLETED,60,5,500.0,98.6,70.0,42,0db530a2b7d4fd6d,T060_P05_H0500_I0986_F1,0.9811111111111112,False,0.7976223991284236,185,0.0,0.0,0.7998664152041073,157,0.7741935483870968,0.78125,0.8253873568298247,0.7994273009028433,0.8190738699007717
T060_P05_H0500_I0986_CN080_F1,California,unlimited_useful_deadline,unlimited,central_only,targeted_central,all_useful,deadline,-1.0,0.0,0.0,1.0,none,0.0,0,applicable,32.0,0.0,,0.0,62545.0,14797652.0,302867.30559930747,1349.0,1149.5,0.37953915089164,100.0,11.0,85.33333333333333,85.33333333333333,85.33333333333333,85.33333333333333,78.125,78.125,78.125,78.125,81.25,2.0,4.0,0.0,6.0,25.0,7.0,42.801388888889534,88.93527777778603,90.53472222222481,91.6027777777781,25.0,7.0,91.6027777777781,64.5,18.491666666666667,0.45178759200841223,1.0,0.0,0.0,6.0,16.666666666666664,0.0,16.0,100.0,100.0,9.0,100.0,100.0,COMPLETED,60,5,500.0,98.6,80.0,48,16b780438dc60bc0,T060_P05_H0500_I0986_F1,0.9804259259259259,False,0.7996960326312719,176,0.0,0.0,0.8018788579682565,153,0.7741935483870968,0.8125,0.8352059843555129,0.7696447019718816,0.8178500551267914
T060_P05_H0500_I0986_CN090_F1,California,unlimited_useful_deadline,unlimited,central_only,targeted_central,all_useful,deadline,-1.0,0.0,0.0,1.0,none,0.0,0,applicable,32.0,0.0,,0.0,70129.0,17050232.0,346116.8415992034,1477.0,1268.0,0.36635027470530296,100.0,9.0,84.66666666666667,84.66666666666667,84.66666666666667,84.66666666666667,78.125,78.125,78.125,78.125,81.25,2.0,4.0,0.0,6.0,25.0,7.0,44.851388888898754,80.78805555555651,90.33472222222257,92.6027777777781,25.0,7.0,92.6027777777781,59.0,20.416666666666668,0.4386938775510205,1.0,0.0,0.0,6.0,16.666666666666664,0.0,16.0,100.0,100.0,9.0,100.0,100.0,COMPLETED,60,5,500.0,98.6,90.0,54,d514c414a2d1fd7b,T060_P05_H0500_I0986_F1,0.9804629629629629,False,0.7936165301753864,191,0.0,0.0,0.7958026631198681,173,0.7741935483870968,0.8125,0.8320709902009706,0.7423325697345371,0.8179162072767362
T060_P05_H0500_I0986_CN100_F1,California,unlimited_useful_deadline,unlimited,central_only,targeted_central,all_useful,deadline,-1.0,0.0,0.0,1.0,none,0.0,0,applicable,32.0,0.0,,0.0,78662.0,19541108.0,393941.6607990953,1599.0,1378.5,0.34992490949136135,100.0,10.0,85.33333333333333,85.33333333333333,85.33333333333333,85.33333333333333,78.125,78.125,78.125,78.125,81.25,2.0,4.0,0.0,6.0,25.0,7.0,33.36736111111095,80.7352777777814,89.53472222222257,91.6027777777781,25.0,7.0,91.6027777777781,62.0,22.291666666666668,0.37108411214953274,1.0,0.0,0.0,6.0,16.666666666666664,0.0,16.0,100.0,100.0,9.0,100.0,100.0,COMPLETED,60,5,500.0,98.6,100.0,60,3bc7d2ca991214e7,T060_P05_H0500_I0986_F1,0.9814444444444446,False,0.789187793598849,203,0.0,0.0,0.7914615781420079,185,0.7741935483870968,0.8125,0.8352059843555129,0.715739118717154,0.8196692392502757
T060_P05_H0800_I0600_CN000_F1,California,unlimited_useful_deadline,unlimited,central_only,targeted_central,all_useful,deadline,-1.0,0.0,0.0,1.0,none,0.0,0,applicable,32.0,0.0,,0.0,1198.0,676692.0,67669.2,257.0,219.5,0.3243720924733852,0.0,1.0,61.90936499436856,61.90936499436856,61.90936499436856,61.90936499436856,9.375,9.375,9.375,9.375,59.375,0.0,0.0,13.0,0.0,3.0,29.0,39.78333333333333,59.71666666666667,62.208333333333336,64.7,3.0,29.0,64.7,219.5,0.0,0.0,1.0,0.0,0.0,6.0,0.0,33.33333333333333,16.0,62.5,6.25,9.0,100.0,0.0,COMPLETED,60,5,800.0,60.0,0.0,0,b7fed4ea9188db45,T060_P05_H0800_I0600_F1,0.9027777777777777,True,0.6179674956842729,469,0.0,1.7,0.6486997928710283,424,0.06451612903225806,0.59375,0.9195460354297942,0.9865247271257243,0.6791620727673646
T060_P05_H0800_I0600_CN010_F1,California,unlimited_useful_deadline,unlimited,central_only,targeted_central,all_useful,deadline,-1.0,0.0,0.0,1.0,none,0.0,0,applicable,32.0,0.0,,0.0,5423.0,1261040.0,78888.68159995033,542.0,442.0,0.5602831623443917,54.751131221719454,4.0,85.37650199274071,85.37650199274071,85.37650199274071,85.37650199274071,15.625,15.625,15.625,15.625,75.0,0.0,0.0,8.0,0.0,5.0,27.0,48.01944444444428,75.7,79.36666666666666,83.03333333333333,5.0,27.0,83.03333333333333,250.5,3.191666666666667,0.8253698868581376,1.0,0.0,0.0,6.0,0.0,33.33333333333333,16.0,93.75,18.75,9.0,100.0,0.0,COMPLETED,60,5,800.0,60.0,10.0,6,afcfd79b7c0590b4,T060_P05_H0800_I0600_F1,0.9144444444444445,True,0.6496462408412096,420,0.0,0.05,0.6781946279379838,406,0.12903225806451613,0.75,0.8620711425965211,0.949869739028882,0.7
T060_P05_H0800_I0600_CN020_F1,California,unlimited_useful_deadline,unlimited,central_only,targeted_central,all_useful,deadline,-1.0,0.0,0.0,1.0,none,0.0,0,applicable,32.0,0.0,,0.0,8931.0,1869152.0,90564.43199990451,728.0,616.0,0.6801787262362,75.08116883116882,6.0,93.14450379369735,93.14450379369735,93.14450379369735,93.14450379369735,46.875,46.875,46.875,46.875,75.0,0.0,0.0,8.0,0.0,15.0,17.0,107.80138888888905,149.5747222222248,157.406388888893,168.1513888888944,15.0,17.0,168.1513888888944,241.5,6.241666666666666,0.7547174009790834,1.0,0.0,0.0,6.0,0.0,33.33333333333333,16.0,93.75,75.0,9.0,100.0,11.11111111111111,COMPLETED,60,5,800.0,60.0,20.0,12,9526ad7f5b89b2ef,T060_P05_H0800_I0600_F1,0.7481172839506173,False,0.6259011421622158,450,0.0,0.0,0.6234665829987204,467,0.45161290322580644,0.75,0.5952265359838416,0.9175717558280555,0.4029217199558984
T060_P05_H0800_I0600_CN030_F1,California,unlimited_useful_deadline,unlimited,central_only,targeted_central,all_useful,deadline,-1.0,0.0,0.0,1.0,none,0.0,0,applicable,32.0,0.0,,0.0,12492.0,2550144.0,103639.4783998532,875.0,761.5,0.7347586187784969,84.0446487196323,7.0,97.38839285714286,97.38839285714286,97.38839285714286,97.38839285714286,90.625,90.625,90.625,90.625,84.375,0.0,0.0,5.0,0.0,29.0,3.0,96.93472222222614,195.28750000000372,223.23472222222472,246.20069444444454,29.0,3.0,246.20069444444454,254.5,8.45,0.713905325443787,1.0,0.0,0.0,6.0,50.0,83.33333333333334,16.0,93.75,93.75,9.0,100.0,100.0,COMPLETED,60,5,800.0,60.0,30.0,18,6030b4d0749e88b7,T060_P05_H0800_I0600_F1,0.8625319284802043,False,0.7333235459804626,323,0.0,0.0,0.7185261875287711,345,0.9032258064516129,0.84375,0.35054241930111607,0.8878340744733414,0.6072786374177849
T060_P05_H0800_I0600_CN040_F1,California,unlimited_useful_deadline,unlimited,central_only,targeted_central,all_useful,deadline,-1.0,0.0,0.0,1.0,none,0.0,0,applicable,32.0,0.0,,0.0,14883.0,3351700.0,119029.3535998144,1006.0,895.0,0.7519153661953479,88.37988826815642,8.0,96.74107142857143,96.74107142857143,96.74107142857143,96.74107142857143,87.5,87.5,87.5,87.5,81.25,0.0,0.0,6.0,0.0,28.0,4.0,85.24305555556373,104.34902777777768,107.14805555555567,108.23541666666667,28.0,4.0,108.23541666666667,239.0,10.933333333333334,0.6602896341463416,1.0,0.0,0.0,6.0,33.33333333333333,50.0,16.0,93.75,100.0,9.0,100.0,100.0,COMPLETED,60,5,800.0,60.0,40.0,24,025d3e2795ca1990,T060_P05_H0800_I0600_F1,0.9569609788359789,False,0.825080238847163,122,0.0,0.0,0.8203288079639657,121,0.8709677419354839,0.8125,0.7830627586642364,0.8591744149485695,0.7759391242715388
T060_P05_H0800_I0600_CN050_F1,California,unlimited_useful_deadline,unlimited,central_only,targeted_central,all_useful,deadline,-1.0,0.0,0.0,1.0,none,0.0,0,applicable,32.0,0.0,,0.0,18446.0,4235124.0,135991.09439974884,1158.0,1058.5,0.7783597923614879,92.01700519603212,9.0,97.1875,97.1875,97.1875,97.1875,90.625,90.625,90.625,90.625,81.25,0.0,0.0,6.0,0.0,29.0,3.0,77.55138888889245,103.20416666666705,105.50138888889244,111.36736111111387,29.0,3.0,111.36736111111387,255.0,13.391666666666667,0.6398361335822444,1.0,0.0,0.0,6.0,33.33333333333333,66.66666666666666,16.0,93.75,100.0,9.0,100.0,100.0,COMPLETED,60,5,800.0,60.0,50.0,30,b2635c7e6a78a8c9,T060_P05_H0800_I0600_F1,0.958205619412516,False,0.8252435460338198,121,0.0,0.0,0.8189903650523789,123,0.9032258064516129,0.8125,0.7732441311385436,0.8278197008489422,0.7781621868227959
T060_P05_H0800_I0600_CN060_F1,California,unlimited_useful_deadline,unlimited,central_only,targeted_central,all_useful,deadline,-1.0,0.0,0.0,1.0,none,0.0,0,applicable,32.0,0.0,,0.0,21578.0,5152800.0,153610.4735996895,1298.0,1203.5,0.7834752226181749,94.39135853759868,8.0,98.4375,98.4375,98.4375,98.4375,96.875,96.875,96.875,96.875,90.625,0.0,0.0,3.0,0.0,31.0,1.0,72.63472222226883,85.63472222222238,85.93506944444465,88.23541666666812,31.0,1.0,88.23541666666812,243.5,16.0,0.6002083333333335,1.0,0.0,0.0,6.0,66.66666666666666,100.0,16.0,100.0,100.0,9.0,100.0,100.0,COMPLETED,60,5,800.0,60.0,60.0,36,c6016bd906c8c08e,T060_P05_H0800_I0600_F1,0.9484169653524491,False,0.8660651885893802,70,0.0,0.0,0.8557120214662873,76,0.967741935483871,0.90625,0.8457626417550752,0.7981269370704757,0.7606785930220149
T060_P05_H0800_I0600_CN070_F1,California,unlimited_useful_deadline,unlimited,central_only,targeted_central,all_useful,deadline,-1.0,0.0,0.0,1.0,none,0.0,0,applicable,32.0,0.0,,0.0,25611.0,6177520.0,173285.09759960443,1465.0,1378.0,0.7952212966310761,96.40783744557329,8.0,99.21875,99.21875,99.21875,99.21875,96.875,96.875,96.875,96.875,90.625,0.0,0.0,3.0,0.0,31.0,1.0,68.11736111111095,89.80277777777786,91.23541666666982,92.10347222222724,31.0,1.0,92.10347222222724,208.5,19.491666666666667,0.5857987744050164,1.0,0.0,0.0,6.0,66.66666666666666,100.0,16.0,100.0,100.0,9.0,100.0,100.0,COMPLETED,60,5,800.0,60.0,70.0,42,3899769d96ca6f54,T060_P05_H0800_I0600_F1,0.9534348864994026,False,0.8585157245248464,88,0.0,0.0,0.8486106848691222,91,0.967741935483871,0.90625,0.833636310198953,0.7657840362934015,0.7696411423693849
T060_P05_H0800_I0600_CN080_F1,California,unlimited_useful_deadline,unlimited,central_only,targeted_central,all_useful,deadline,-1.0,0.0,0.0,1.0,none,0.0,0,applicable,32.0,0.0,,0.0,28371.0,7245168.0,193783.93919953587,1578.0,1496.0,0.7719938020558017,98.96390374331551,10.0,99.21875,99.21875,99.21875,99.21875,96.875,96.875,96.875,96.875,90.625,0.0,0.0,3.0,0.0,31.0,1.0,65.9347222222293,79.11736111111144,79.87604166667703,83.71736111111314,31.0,1.0,83.71736111111314,163.5,22.208333333333332,0.5946153846153848,1.0,0.0,0.0,6.0,66.66666666666666,100.0,16.0,100.0,100.0,9.0,100.0,100.0,COMPLETED,60,5,800.0,60.0,80.0,48,9627e5df5558562c,T060_P05_H0800_I0600_F1,0.9560483870967742,False,0.8590205626229271,87,0.0,0.0,0.8493489226897906,90,0.967741935483871,0.90625,0.8599267195116369,0.7385168216323047,0.7743091368211401
T060_P05_H0800_I0600_CN090_F1,California,unlimited_useful_deadline,unlimited,central_only,targeted_central,all_useful,deadline,-1.0,0.0,0.0,1.0,none,0.0,0,applicable,32.0,0.0,,0.0,30586.0,8390284.0,215770.16639947036,1725.0,1643.5,0.7616901017526556,98.72223912382111,10.0,99.21875,99.21875,99.21875,99.21875,96.875,96.875,96.875,96.875,90.625,0.0,0.0,3.0,0.0,31.0,1.0,59.85138888894192,79.11736111111337,79.21805555555845,79.55138888889341,31.0,1.0,79.55138888889341,191.5,24.2,0.5347451790633608,1.0,0.0,0.0,6.0,66.66666666666666,100.0,16.0,100.0,100.0,9.0,100.0,100.0,COMPLETED,60,5,800.0,60.0,90.0,54,c8d6755a1dbf458f,T060_P05_H0800_I0600_F1,0.9754480286738351,False,0.8608466303977692,80,0.0,0.0,0.8529074832625841,82,0.967741935483871,0.90625,0.8729870180762808,0.7085994699726003,0.8089589927801684
T060_P05_H0800_I0600_CN100_F1,California,unlimited_useful_deadline,unlimited,central_only,targeted_central,all_useful,deadline,-1.0,0.0,0.0,1.0,none,0.0,0,applicable,32.0,0.0,,0.0,33088.0,9627988.0,239534.08319939434,1874.0,1810.0,0.7556335932758719,100.0,10.0,99.21875,99.21875,99.21875,99.21875,96.875,96.875,96.875,96.875,90.625,0.0,0.0,3.0,0.0,31.0,1.0,57.93472222222299,68.55138888888857,69.00104166666878,69.23541666666667,31.0,1.0,69.23541666666667,158.5,27.525,0.4936673730951662,1.0,0.0,0.0,6.0,66.66666666666666,100.0,16.0,100.0,100.0,9.0,100.0,100.0,COMPLETED,60,5,800.0,60.0,100.0,60,e7a87f8c603ccca3,T060_P05_H0800_I0600_F1,0.9802120669056152,True,0.8622662520637466,75,0.0,0.0,0.8547525592800215,80,0.967741935483871,0.90625,0.905327530691381,0.6769752504154876,0.8174680798093678
T060_P05_H0800_I0800_CN010_F1,California,unlimited_useful_deadline,unlimited,central_only,targeted_central,all_useful,deadline,-1.0,0.0,0.0,1.0,none,0.0,0,applicable,32.0,0.0,,0.0,7304.0,1706948.0,68629.85599992494,476.0,368.5,0.5369383260842089,85.21031207598372,7.0,70.47208000333,70.47208000333,70.47208000333,70.47208000333,34.375,34.375,34.375,34.375,75.0,0.0,5.0,3.0,5.0,11.0,21.0,299.76666666666665,305.93333333333334,306.39166666666665,306.85,11.0,21.0,306.85,85.5,4.716666666666667,0.9070671378091872,1.0,0.0,0.0,6.0,33.33333333333333,0.0,16.0,81.25,25.0,9.0,100.0,77.77777777777779,COMPLETED,60,5,800.0,80.0,10.0,6,73d87c7bd730de84,T060_P05_H0800_I0800_F1,0.8013888888888889,False,0.5287317103632507,523,0.0,0.0,0.5375062062198499,526,0.3225806451612903,0.75,0.16040720090740757,0.9564726227372771,0.4980705622932745
T060_P05_H0800_I0800_CN020_F1,California,unlimited_useful_deadline,unlimited,central_only,targeted_central,all_useful,deadline,-1.0,0.0,0.0,1.0,none,0.0,0,applicable,32.0,0.0,,0.0,13968.0,3009448.0,93637.85599983108,676.0,576.5,0.6156697991900199,97.83174327840416,6.0,83.66071428571428,83.66071428571428,83.66071428571428,83.66071428571428,78.125,78.125,78.125,78.125,78.125,0.0,2.0,5.0,2.0,25.0,7.0,89.93472222223438,101.07222222222403,113.17777777777806,116.55138888888857,25.0,7.0,116.55138888888857,67.0,8.725,0.8326488379496977,1.0,0.0,0.0,6.0,33.33333333333333,0.0,16.0,87.5,100.0,9.0,100.0,100.0,COMPLETED,60,5,800.0,80.0,20.0,12,088dc226365d5ac3,T060_P05_H0800_I0800_F1,0.9069629629629629,True,0.7884164726954146,206,0.0,0.0,0.7840386585616164,199,0.7741935483870968,0.78125,0.7569922343582357,0.9211202443516148,0.6866372657111353
T060_P05_H0800_I0800_CN030_F1,California,unlimited_useful_deadline,unlimited,central_only,targeted_central,all_useful,deadline,-1.0,0.0,0.0,1.0,none,0.0,0,applicable,32.0,0.0,,0.0,20552.0,4395664.0,120253.20319972374,842.0,755.5,0.6282576928493292,100.0,6.0,93.94345238095238,93.94345238095238,93.94345238095238,93.94345238095238,84.375,84.375,84.375,84.375,84.375,0.0,1.0,4.0,1.0,27.0,5.0,66.66944444444476,90.00777777778521,92.69618055555543,98.36736111111095,27.0,5.0,98.36736111111095,78.0,11.85,0.7820440693858417,1.0,0.0,0.0,6.0,66.66666666666666,33.33333333333333,16.0,87.5,100.0,9.0,100.0,100.0,COMPLETED,60,5,800.0,80.0,30.0,18,b5b03be44ccff74b,T060_P05_H0800_I0800_F1,0.949485596707819,True,0.8332899400750313,111,0.0,0.0,0.8294838204084002,111,0.8387096774193549,0.84375,0.813999055147601,0.8883730853883125,0.7625872840867327
T060_P05_H0800_I0800_CN040_F1,California,unlimited_useful_deadline,unlimited,central_only,targeted_central,all_useful,deadline,-1.0,0.0,0.0,1.0,none,0.0,0,applicable,32.0,0.0,,0.0,29210.0,6100884.0,152993.42719959025,1006.0,931.5,0.608849685277522,100.0,7.0,97.54464285714286,97.54464285714286,97.54464285714286,97.54464285714286,93.75,93.75,93.75,93.75,87.5,0.0,0.0,4.0,0.0,30.0,2.0,59.97256944447945,80.84131944444502,82.30069444444747,85.36736111111144,30.0,2.0,85.36736111111144,86.0,14.7,0.7217498110355254,1.0,100.0,0.0,6.0,66.66666666666666,83.33333333333334,16.0,87.5,100.0,9.0,100.0,100.0,COMPLETED,60,5,800.0,80.0,40.0,24,f674a1c992b88ffc,T060_P05_H0800_I0800_F1,0.9446296296296297,False,0.8640879502805249,72,0.0,0.0,0.8550094568423916,79,0.9354838709677419,0.875,0.8547539791566476,0.8558954318824957,0.7539140022050717
T060_P05_H0800_I0800_CN050_F1,California,unlimited_useful_deadline,unlimited,central_only,targeted_central,all_useful,deadline,-1.0,0.0,0.0,1.0,none,0.0,0,applicable,32.0,0.0,,0.0,36378.0,7709424.0,183877.3951994412,1150.0,1087.5,0.5914266943038058,100.0,11.0,97.99107142857143,97.99107142857143,97.99107142857143,97.99107142857143,93.75,93.75,93.75,93.75,100.0,0.0,0.0,0.0,0.0,30.0,2.0,49.69340277777786,63.26076388888966,64.57100694444564,68.3673611111124,30.0,2.0,68.3673611111124,80.5,17.241666666666667,0.689681005316578,1.0,100.0,0.0,6.0,100.0,83.33333333333334,16.0,100.0,100.0,9.0,100.0,100.0,COMPLETED,60,5,800.0,80.0,50.0,30,b6cc787b10c5ed63,T060_P05_H0800_I0800_F1,0.9677777777777777,True,0.8998125043721168,8,2.84,21.43,0.8928012656197606,8,0.9354838709677419,1.0,0.9080488797838615,0.8252144814265822,0.7952590959206172
T060_P05_H0800_I0800_CN060_F1,California,unlimited_useful_deadline,unlimited,central_only,targeted_central,all_useful,deadline,-1.0,0.0,0.0,1.0,none,0.0,0,applicable,32.0,0.0,,0.0,43691.0,9527120.0,218777.15839929436,1312.0,1251.5,0.5720432650084354,100.0,8.0,98.4375,98.4375,98.4375,98.4375,96.875,96.875,96.875,96.875,96.875,0.0,0.0,1.0,0.0,31.0,1.0,53.117361111111435,68.3673611111124,69.5260416666666,70.15138888889051,31.0,1.0,70.15138888889051,87.0,20.025,0.5954709391038979,1.0,100.0,0.0,6.0,83.33333333333334,100.0,16.0,100.0,100.0,9.0,100.0,100.0,COMPLETED,60,5,800.0,80.0,60.0,36,e1c93b0fa0173778,T060_P05_H0800_I0800_F1,0.9611409796893668,False,0.8924504050626905,25,0.0,0.0,0.8832335611604251,25,0.967741935483871,0.96875,0.9024559631289862,0.7938148497507074,0.7834050574385603
T060_P05_H0800_I0800_CN070_F1,California,unlimited_useful_deadline,unlimited,central_only,targeted_central,all_useful,deadline,-1.0,0.0,0.0,1.0,none,0.0,0,applicable,32.0,0.0,,0.0,49755.0,11219380.0,251268.55039913335,1467.0,1422.0,0.5659283653848407,100.0,10.0,100.0,100.0,100.0,100.0,100.0,100.0,100.0,100.0,100.0,0.0,0.0,0.0,0.0,32.0,0.0,46.79409722222505,51.5079861111191,52.009861111111086,56.20069444445047,32.0,0.0,56.20069444445047,111.0,22.783333333333335,0.5801633747866375,1.0,100.0,100.0,6.0,100.0,100.0,16.0,100.0,100.0,9.0,100.0,100.0,COMPLETED,60,5,800.0,80.0,70.0,42,f211c2382d3a42f6,T060_P05_H0800_I0800_F1,0.9547453703703704,True,0.9074017908733595,2,3.12,28.46,0.8960008812812978,3,1.0,1.0,0.9461913086641097,0.761831289583614,0.7719818081587652
T060_P05_H0800_I0800_CN080_F1,California,unlimited_useful_deadline,unlimited,central_only,targeted_central,all_useful,deadline,-1.0,0.0,0.0,1.0,none,0.0,0,applicable,32.0,0.0,,0.0,57517.0,13205320.0,289398.5983989445,1619.0,1571.5,0.5430226713930525,100.0,15.0,99.21875,99.21875,99.21875,99.21875,96.875,96.875,96.875,96.875,100.0,0.0,0.0,0.0,0.0,31.0,1.0,43.58541666666763,50.20069444444477,51.98576388888923,52.16875000000291,31.0,1.0,52.16875000000291,122.0,25.258333333333333,0.5436984493566481,1.0,100.0,0.0,6.0,100.0,100.0,16.0,100.0,100.0,9.0,100.0,100.0,COMPLETED,60,5,800.0,80.0,80.0,48,4a9b2042b0c5e712,T060_P05_H0800_I0800_F1,0.9772700119474313,True,0.9018806113459388,7,2.88,27.98,0.8941041771602147,7,0.967741935483871,1.0,0.9588314309288916,0.7317342676189194,0.8122132517693922
T060_P05_H0800_I0800_CN090_F1,California,unlimited_useful_deadline,unlimited,central_only,targeted_central,all_useful,deadline,-1.0,0.0,0.0,1.0,none,0.0,0,applicable,32.0,0.0,,0.0,65826.0,15315484.0,329913.74719873676,1767.0,1728.5,0.5239248181309549,100.0,13.0,100.0,100.0,100.0,100.0,100.0,100.0,100.0,100.0,100.0,0.0,0.0,0.0,0.0,32.0,0.0,40.18472222222602,47.07909722222229,51.18888888888878,60.20069444444452,32.0,0.0,60.20069444444452,116.0,27.708333333333332,0.46339348370927325,1.0,100.0,100.0,6.0,100.0,100.0,16.0,100.0,100.0,9.0,100.0,100.0,COMPLETED,60,5,800.0,80.0,90.0,54,7edfcd8a81b3d8ad,T060_P05_H0800_I0800_F1,0.965407986111111,False,0.8955769216040174,19,0.0,2.17,0.8851282412015917,18,1.0,1.0,0.9336513320459597,0.7009634820105107,0.791026391951488
T060_P05_H0800_I0800_CN100_F1,California,unlimited_useful_deadline,unlimited,central_only,targeted_central,all_useful,deadline,-1.0,0.0,0.0,1.0,none,0.0,0,applicable,32.0,0.0,,0.0,74024.0,17497832.0,371814.8287985151,1918.0,1886.0,0.5072417380701122,100.0,16.0,100.0,100.0,100.0,100.0,100.0,100.0,100.0,100.0,100.0,0.0,0.0,0.0,0.0,32.0,0.0,35.518402777783024,40.95000000000946,43.60920138888928,45.03680555555717,32.0,0.0,45.03680555555717,121.5,30.366666666666667,0.4060281741675815,1.0,100.0,100.0,6.0,100.0,100.0,16.0,100.0,100.0,9.0,100.0,100.0,COMPLETED,60,5,800.0,80.0,100.0,60,e25379ff93f83a35,T060_P05_H0800_I0800_F1,0.9685763888888889,True,0.8997703880277912,9,16.22,30.39,0.8896046631104813,10,1.0,1.0,0.9811900350727485,0.6701477788258545,0.7966855016538036
T060_P05_H0800_I0986_CN010_F1,California,unlimited_useful_deadline,unlimited,central_only,targeted_central,all_useful,deadline,-1.0,0.0,0.0,1.0,none,0.0,0,applicable,32.0,0.0,,0.0,7009.0,1695844.0,67480.67199992677,439.0,353.0,0.5231127514562735,89.51841359773371,6.0,81.22222222222221,81.22222222222221,81.22222222222221,81.22222222222221,53.125,53.125,53.125,53.125,84.375,2.0,3.0,0.0,5.0,17.0,15.0,163.73472222223353,237.06666666666666,244.95680555555757,264.71736111112114,17.0,15.0,264.71736111112114,70.5,4.708333333333333,0.9123008849557523,1.0,0.0,0.0,6.0,33.33333333333333,0.0,16.0,100.0,50.0,9.0,100.0,100.0,COMPLETED,60,5,800.0,98.6,10.0,6,136eed3670d2cedb,T060_P05_H0800_I0986_F1,0.7849945533769063,True,0.618172103245401,468,0.0,0.04,0.6158050770167638,484,0.5161290322580645,0.84375,0.2924927775394791,0.9578650676009522,0.4687885076853231
T060_P05_H0800_I0986_CN020_F1,California,unlimited_useful_deadline,unlimited,central_only,targeted_central,all_useful,deadline,-1.0,0.0,0.0,1.0,none,0.0,0,applicable,32.0,0.0,,0.0,14133.0,3134552.0,95103.86559983705,624.0,545.0,0.5730576739048279,99.1743119266055,6.0,96.66666666666667,96.66666666666667,96.66666666666667,96.66666666666667,90.625,90.625,90.625,90.625,90.625,2.0,1.0,0.0,3.0,29.0,3.0,77.73611111111231,105.56805555555579,105.89513888888953,131.7347222222224,29.0,3.0,131.7347222222224,78.0,8.45,0.8434253780407628,1.0,0.0,0.0,6.0,66.66666666666666,66.66666666666666,16.0,100.0,100.0,9.0,100.0,100.0,COMPLETED,60,5,800.0,98.6,20.0,12,6b1f40becec9d0cd,T060_P05_H0800_I0986_F1,0.9016922094508302,True,0.8353084461325089,108,0.67,3.4,0.8240083123319979,118,0.9032258064516129,0.90625,0.709392573111769,0.9239500516552127,0.6772231304413945
T060_P05_H0800_I0986_CN030_F1,California,unlimited_useful_deadline,unlimited,central_only,targeted_central,all_useful,deadline,-1.0,0.0,0.0,1.0,none,0.0,0,applicable,32.0,0.0,,0.0,20975.0,4614712.0,123522.93759973062,770.0,683.5,0.5533385242300864,99.85369422092172,7.0,97.5,97.5,97.5,97.5,87.5,87.5,87.5,87.5,90.625,2.0,0.0,1.0,2.0,28.0,4.0,64.65208333333503,84.96736111111132,92.47388888889431,99.36736111111531,28.0,4.0,99.36736111111531,73.5,10.625,0.7864705882352943,1.0,0.0,0.0,6.0,66.66666666666666,50.0,16.0,100.0,100.0,9.0,100.0,100.0,COMPLETED,60,5,800.0,98.6,30.0,18,47731bc3a4865afd,T060_P05_H0800_I0986_F1,0.9517195767195767,True,0.8551196030209651,93,0.0,0.84,0.8499000866124883,88,0.8709677419354839,0.90625,0.8108640609930451,0.8948412163679649,0.7665774137659473
T060_P05_H0800_I0986_CN040_F1,California,unlimited_useful_deadline,unlimited,central_only,targeted_central,all_useful,deadline,-1.0,0.0,0.0,1.0,none,0.0,0,applicable,32.0,0.0,,0.0,27677.0,6184536.0,153663.55839961866,967.0,901.5,0.5866713028052832,99.88907376594564,9.0,100.0,100.0,100.0,100.0,93.75,93.75,93.75,93.75,93.75,2.0,0.0,0.0,2.0,30.0,2.0,53.6100694444475,75.01597222222253,81.1638888888889,84.01944444444429,30.0,2.0,84.01944444444429,100.0,14.416666666666666,0.7335645472061658,1.0,0.0,0.0,6.0,83.33333333333334,83.33333333333334,16.0,100.0,100.0,9.0,100.0,100.0,COMPLETED,60,5,800.0,98.6,40.0,24,683497b99fe1feeb,T060_P05_H0800_I0986_F1,0.945679012345679,False,0.8782532500069239,49,0.0,0.06,0.8692684721145456,50,0.9354838709677419,0.9375,0.8589796900274591,0.8585904864573508,0.7557883131201762
T060_P05_H0800_I0986_CN050_F1,California,unlimited_useful_deadline,unlimited,central_only,targeted_central,all_useful,deadline,-1.0,0.0,0.0,1.0,none,0.0,0,applicable,32.0,0.0,,0.0,34748.0,7876152.0,186142.58559950226,1107.0,1042.5,0.5600545391815959,100.0,8.0,100.0,100.0,100.0,100.0,93.75,93.75,93.75,93.75,93.75,2.0,0.0,0.0,2.0,30.0,2.0,49.834722222244196,59.68173611111219,64.00868055556387,68.73472222222239,30.0,2.0,68.73472222222239,82.0,16.758333333333333,0.6730896734626224,1.0,0.0,0.0,6.0,83.33333333333334,83.33333333333334,16.0,100.0,100.0,9.0,100.0,100.0,COMPLETED,60,5,800.0,98.6,50.0,30,6816329ba5b89e1c,T060_P05_H0800_I0986_F1,0.9720679012345679,True,0.8890400793626784,32,0.0,1.75,0.8824119718120862,28,0.9354838709677419,0.9375,0.9068972048479256,0.829257063288865,0.8029217199558983
T060_P05_H0800_I0986_CN060_F1,California,unlimited_useful_deadline,unlimited,central_only,targeted_central,all_useful,deadline,-1.0,0.0,0.0,1.0,none,0.0,0,applicable,32.0,0.0,,0.0,42030.0,9703096.0,221219.9103993526,1282.0,1222.0,0.5523915084288797,100.0,9.0,100.0,100.0,100.0,100.0,93.75,93.75,93.75,93.75,93.75,2.0,0.0,0.0,2.0,30.0,2.0,43.044444444445254,61.82152777777795,66.52534722222377,69.86805555555559,30.0,2.0,69.86805555555559,98.0,19.633333333333333,0.6167091114883985,1.0,0.0,0.0,6.0,83.33333333333334,83.33333333333334,16.0,100.0,100.0,9.0,100.0,100.0,COMPLETED,60,5,800.0,98.6,60.0,36,a28b307afcba13da,T060_P05_H0800_I0986_F1,0.9757253086419753,True,0.8827509441007975,42,0.0,0.0,0.8764494627905579,39,0.9354838709677419,0.9375,0.9033442114727782,0.796464986749315,0.8094542447629546
T060_P05_H0800_I0986_CN070_F1,California,unlimited_useful_deadline,unlimited,central_only,targeted_central,all_useful,deadline,-1.0,0.0,0.0,1.0,none,0.0,0,applicable,32.0,0.0,,0.0,50770.0,11762744.0,260765.15199919025,1438.0,1384.5,0.5309375080932207,100.0,9.0,100.0,100.0,100.0,100.0,93.75,93.75,93.75,93.75,93.75,2.0,0.0,0.0,2.0,30.0,2.0,42.98541666666763,57.77638888889907,58.39010416666663,58.60277777780041,30.0,2.0,58.60277777780041,106.5,22.325,0.6051076272240887,1.0,0.0,0.0,6.0,83.33333333333334,83.33333333333334,16.0,100.0,100.0,9.0,100.0,100.0,COMPLETED,60,5,800.0,98.6,70.0,42,5708e9109c3109ac,T060_P05_H0800_I0986_F1,0.9773302469135802,True,0.8839912732825239,40,0.0,0.01,0.8778331216304984,37,0.9354838709677419,0.9375,0.9386607914553344,0.765200107802183,0.8123208379272324
T060_P05_H0800_I0986_CN080_F1,California,unlimited_useful_deadline,unlimited,central_only,targeted_central,all_useful,deadline,-1.0,0.0,0.0,1.0,none,0.0,0,applicable,32.0,0.0,,0.0,58374.0,13790180.0,299691.9231990245,1586.0,1523.0,0.5081885369959004,100.0,10.0,100.0,100.0,100.0,100.0,93.75,93.75,93.75,93.75,93.75,2.0,0.0,0.0,2.0,30.0,2.0,38.63472222222232,50.4230555555555,53.34472222222344,54.367361111111435,30.0,2.0,54.367361111111435,102.5,24.566666666666666,0.6085255540479422,1.0,0.0,0.0,6.0,83.33333333333334,83.33333333333334,16.0,100.0,100.0,9.0,100.0,100.0,COMPLETED,60,5,800.0,98.6,80.0,48,71c38750974ef80d,T060_P05_H0800_I0986_F1,0.9791512345679013,True,0.8813129796293417,46,0.0,0.11,0.8753174520125976,42,0.9354838709677419,0.9375,0.951938797947455,0.7360912725149351,0.8155733186328555
T060_P05_H0800_I0986_CN090_F1,California,unlimited_useful_deadline,unlimited,central_only,targeted_central,all_useful,deadline,-1.0,0.0,0.0,1.0,none,0.0,0,applicable,32.0,0.0,,0.0,65616.0,15851632.0,339271.8015988483,1763.0,1717.0,0.50608391027739,100.0,9.0,100.0,100.0,100.0,100.0,93.75,93.75,93.75,93.75,93.75,2.0,0.0,0.0,2.0,30.0,2.0,42.15138888890542,50.77298611111648,51.356076388922475,58.20069444445423,30.0,2.0,58.20069444445423,104.5,27.8,0.515867306155076,1.0,0.0,0.0,6.0,83.33333333333334,83.33333333333334,16.0,100.0,100.0,9.0,100.0,100.0,COMPLETED,60,5,800.0,98.6,90.0,54,172a056bbfe6f632,T060_P05_H0800_I0986_F1,0.977037037037037,False,0.8715241190768046,61,0.0,0.0,0.8653397821987593,56,0.9354838709677419,0.9375,0.9399213203550136,0.7019965862642051,0.8117971334068356
T060_P05_H0800_I0986_CN100_F1,California,unlimited_useful_deadline,unlimited,central_only,targeted_central,all_useful,deadline,-1.0,0.0,0.0,1.0,none,0.0,0,applicable,32.0,0.0,,0.0,74020.0,18135672.0,383125.36959865375,1906.0,1862.0,0.4860027937984253,100.0,10.0,100.0,100.0,100.0,100.0,93.75,93.75,93.75,93.75,93.75,2.0,0.0,0.0,2.0,30.0,2.0,33.33437500001213,44.18493055555635,47.514236111114805,50.73472222222578,30.0,2.0,50.73472222222578,103.0,30.216666666666665,0.4583195440338299,1.0,0.0,0.0,6.0,83.33333333333334,83.33333333333334,16.0,100.0,100.0,9.0,100.0,100.0,COMPLETED,60,5,800.0,98.6,100.0,60,22b8da6aae5ab41f,T060_P05_H0800_I0986_F1,0.9780246913580247,True,0.8705313307758228,65,0.0,0.0,0.8644351967643706,60,0.9354838709677419,0.9375,0.963327099629674,0.6723038224857386,0.8135611907386989
T060_P05_H1000_I0600_CN000_F1,California,unlimited_useful_deadline,unlimited,central_only,targeted_central,all_useful,deadline,-1.0,0.0,0.0,1.0,none,0.0,0,applicable,32.0,0.0,,0.0,1203.0,824956.0,82495.6,275.0,229.0,0.27759056240575253,0.0,1.0,67.75527398459383,67.75527398459383,67.75527398459383,67.75527398459383,18.75,18.75,18.75,18.75,56.25,0.0,0.0,14.0,0.0,6.0,26.0,52.24166666666667,95.25,95.29166666666666,95.33333333333333,6.0,26.0,95.33333333333333,229.0,0.0,0.0,1.0,0.0,0.0,6.0,0.0,33.33333333333333,16.0,56.25,25.0,9.0,100.0,0.0,COMPLETED,60,5,1000.0,60.0,0.0,0,c8cf37f11917e9a7,T060_P05_H1000_I0600_F1,0.873726851851852,True,0.6087500792028491,482,0.0,0.36,0.6320492620815346,455,0.16129032258064516,0.5625,0.8235107144956524,0.9856712931770201,0.6272739801543551
T060_P05_H1000_I0600_CN010_F1,California,unlimited_useful_deadline,unlimited,central_only,targeted_central,all_useful,deadline,-1.0,0.0,0.0,1.0,none,0.0,0,applicable,32.0,0.0,,0.0,4870.0,1359140.0,92751.93279995199,531.0,427.5,0.4609068372968949,53.333333333333336,4.0,87.85750758636789,87.85750758636789,87.85750758636789,87.85750758636789,28.125,28.125,28.125,28.125,62.5,0.0,0.0,12.0,0.0,9.0,23.0,90.5,110.86694444444448,120.30083333333343,129.7347222222224,9.0,23.0,129.7347222222224,248.5,2.9833333333333334,0.8378026070763502,1.0,0.0,0.0,6.0,0.0,33.33333333333333,16.0,68.75,43.75,9.0,100.0,0.0,COMPLETED,60,5,1000.0,60.0,10.0,6,5a12691b655397ef,T060_P05_H1000_I0600_F1,0.865380658436214,True,0.6147381276024786,474,0.0,0.0,0.6324532406420393,453,0.25806451612903225,0.625,0.7156625614208532,0.951172348740062,0.6123667769202499
T060_P05_H1000_I0600_CN020_F1,California,unlimited_useful_deadline,unlimited,central_only,targeted_central,all_useful,deadline,-1.0,0.0,0.0,1.0,none,0.0,0,applicable,32.0,0.0,,0.0,7976.0,1921292.0,103545.25119990789,706.0,592.0,0.5717307101385705,72.38175675675676,6.0,94.62053571428572,94.62053571428572,94.62053571428572,94.62053571428572,65.625,65.625,65.625,65.625,68.75,0.0,0.0,10.0,0.0,21.0,11.0,106.63472222222566,158.15138888889172,182.6347222222253,187.200694444446,21.0,11.0,187.200694444446,247.5,5.741666666666666,0.7264876632801163,1.0,0.0,0.0,6.0,0.0,33.33333333333333,16.0,81.25,93.75,9.0,100.0,44.44444444444444,COMPLETED,60,5,1000.0,60.0,20.0,12,b7896d315a1840f1,T060_P05_H1000_I0600_F1,0.7802469135802469,False,0.6588836038670144,414,0.0,0.0,0.6496409748525391,422,0.6451612903225806,0.6875,0.5355070744190995,0.9197277994879395,0.46030871003307594
T060_P05_H1000_I0600_CN030_F1,California,unlimited_useful_deadline,unlimited,central_only,targeted_central,all_useful,deadline,-1.0,0.0,0.0,1.0,none,0.0,0,applicable,32.0,0.0,,0.0,11179.0,2551464.0,115644.55359985858,845.0,735.5,0.6360005526459133,84.22841604350782,6.0,96.12103174603175,96.12103174603175,96.12103174603175,96.12103174603175,81.25,81.25,81.25,81.25,78.125,0.0,0.0,7.0,0.0,26.0,6.0,102.83472222222329,182.0843750000114,223.17986111111617,236.5513888888973,26.0,6.0,236.5513888888973,241.5,8.233333333333333,0.674122807017544,1.0,0.0,0.0,6.0,33.33333333333333,33.33333333333333,16.0,87.5,93.75,9.0,100.0,100.0,COMPLETED,60,5,1000.0,60.0,30.0,18,16c9494865cfa67e,T060_P05_H1000_I0600_F1,0.897667378917379,False,0.7125606003108346,354,0.0,0.0,0.7057397370772585,374,0.8064516129032258,0.78125,0.380792935813148,0.8901697884382159,0.6700343482317022
T060_P05_H1000_I0600_CN040_F1,California,unlimited_useful_deadline,unlimited,central_only,targeted_central,all_useful,deadline,-1.0,0.0,0.0,1.0,none,0.0,0,applicable,32.0,0.0,,0.0,13463.0,3314332.0,130291.61919982536,979.0,858.5,0.6589065400156994,88.11881188118812,8.0,95.84821428571429,95.84821428571429,95.84821428571429,95.84821428571429,84.375,84.375,84.375,84.375,75.0,0.0,0.0,8.0,0.0,27.0,5.0,92.41944444445156,107.80833333333557,109.98159722222351,115.36736111111144,27.0,5.0,115.36736111111144,246.0,10.208333333333334,0.6532380952380954,1.0,0.0,0.0,6.0,16.666666666666664,33.33333333333333,16.0,87.5,100.0,9.0,100.0,100.0,COMPLETED,60,5,1000.0,60.0,40.0,24,3935dd06a83a065d,T060_P05_H1000_I0600_F1,0.9699588477366254,False,0.8041821382411162,165,0.0,0.0,0.8022043904965726,150,0.8387096774193549,0.75,0.7607041545203825,0.8624533980146433,0.799154722528482
T060_P05_H1000_I0600_CN050_F1,California,unlimited_useful_deadline,unlimited,central_only,targeted_central,all_useful,deadline,-1.0,0.0,0.0,1.0,none,0.0,0,applicable,32.0,0.0,,0.0,16883.0,4133532.0,146020.25919976522,1122.0,1014.5,0.6947666067433136,91.47363233119763,9.0,95.40178571428572,95.40178571428572,95.40178571428572,95.40178571428572,84.375,84.375,84.375,84.375,71.875,0.0,0.0,9.0,0.0,27.0,5.0,87.55138888889148,109.56111111113663,112.317361111126,112.63472222222262,27.0,5.0,112.63472222222262,265.0,12.491666666666667,0.608394485212364,1.0,0.0,0.0,6.0,0.0,33.33333333333333,16.0,87.5,100.0,9.0,100.0,100.0,COMPLETED,60,5,1000.0,60.0,50.0,30,052ce0500fcba91e,T060_P05_H1000_I0600_F1,0.97880658436214,False,0.795879761578253,189,0.0,0.0,0.7946921645136065,177,0.8387096774193549,0.71875,0.7692709614635236,0.8317724475587297,0.8149577361264241
T060_P05_H1000_I0600_CN060_F1,California,unlimited_useful_deadline,unlimited,central_only,targeted_central,all_useful,deadline,-1.0,0.0,0.0,1.0,none,0.0,0,applicable,32.0,0.0,,0.0,19755.0,4989736.0,162459.37599971006,1274.0,1172.5,0.7217188868201073,94.7547974413646,8.0,96.29464285714286,96.29464285714286,96.29464285714286,96.29464285714286,84.375,84.375,84.375,84.375,78.125,0.0,0.0,7.0,0.0,27.0,5.0,79.63472222222323,99.3743055555555,99.93854166666655,100.36736111111435,27.0,5.0,100.36736111111435,237.0,15.591666666666667,0.5599946552645645,1.0,0.0,0.0,6.0,33.33333333333333,33.33333333333333,16.0,87.5,100.0,9.0,100.0,100.0,COMPLETED,60,5,1000.0,60.0,60.0,36,a9703041c81956f6,T060_P05_H1000_I0600_F1,0.9760973936899863,False,0.8091734224113959,153,0.0,0.0,0.8077438799835249,140,0.8387096774193549,0.78125,0.807729066838506,0.8009118267978259,0.8101188288619379
T060_P05_H1000_I0600_CN070_F1,California,unlimited_useful_deadline,unlimited,central_only,targeted_central,all_useful,deadline,-1.0,0.0,0.0,1.0,none,0.0,0,applicable,32.0,0.0,,0.0,23496.0,5930420.0,180520.508799631,1430.0,1335.5,0.7398051384191145,96.36840134780981,10.0,97.96875,97.96875,97.96875,97.96875,90.625,90.625,90.625,90.625,78.125,0.0,0.0,7.0,0.0,29.0,3.0,76.80138888889002,91.12847222222229,91.44861111111116,91.93680555555584,29.0,3.0,91.93680555555584,232.5,18.383333333333333,0.527546086430946,1.0,0.0,0.0,6.0,33.33333333333333,66.66666666666666,16.0,87.5,100.0,9.0,100.0,100.0,COMPLETED,60,5,1000.0,60.0,70.0,42,b65eec9aacbea46f,T060_P05_H1000_I0600_F1,0.9721583652618135,False,0.823271114285197,127,0.0,0.0,0.8182639888867694,124,0.9032258064516129,0.78125,0.834158809224725,0.7696020302744464,0.8030832984830626
T060_P05_H1000_I0600_CN080_F1,California,unlimited_useful_deadline,unlimited,central_only,targeted_central,all_useful,deadline,-1.0,0.0,0.0,1.0,none,0.0,0,applicable,32.0,0.0,,0.0,26248.0,6931056.0,199732.7199995701,1527.0,1421.5,0.7117011173747895,98.1005979599015,10.0,98.75,98.75,98.75,98.75,93.75,93.75,93.75,93.75,81.25,0.0,0.0,6.0,0.0,30.0,2.0,67.98680555556875,81.67638888889036,83.04010416666674,85.71736111111507,30.0,2.0,85.71736111111507,196.5,20.416666666666668,0.4791836734693877,1.0,100.0,100.0,6.0,33.33333333333333,66.66666666666666,16.0,87.5,100.0,9.0,100.0,100.0,COMPLETED,60,5,1000.0,60.0,80.0,48,ab701c7394e196ea,T060_P05_H1000_I0600_F1,0.956820987654321,False,0.8324975848153727,112,0.0,0.0,0.8245078455117485,116,0.9354838709677419,0.8125,0.8536567312025465,0.7452095404931951,0.775689084895259
T060_P05_H1000_I0600_CN090_F1,California,unlimited_useful_deadline,unlimited,central_only,targeted_central,all_useful,deadline,-1.0,0.0,0.0,1.0,none,0.0,0,applicable,32.0,0.0,,0.0,28640.0,8008580.0,220421.180799513,1712.0,1632.0,0.7404007156119934,99.35661764705883,10.0,100.0,100.0,100.0,100.0,100.0,100.0,100.0,100.0,90.625,0.0,0.0,3.0,0.0,32.0,0.0,65.00243055557172,75.48138888888968,78.26406250001911,78.93680555558325,32.0,0.0,78.93680555558325,193.5,23.975,0.39350596686363115,1.0,100.0,100.0,6.0,66.66666666666666,100.0,16.0,93.75,100.0,9.0,100.0,100.0,COMPLETED,60,5,1000.0,60.0,90.0,54,d090aa122f2d4063,T060_P05_H1000_I0600_F1,0.9662760416666667,False,0.8670457864368696,69,0.0,0.0,0.8566746280851607,74,1.0,0.90625,0.8749137332336872,0.7096325742262947,0.7925768329658213
T060_P05_H1000_I0600_CN100_F1,California,unlimited_useful_deadline,unlimited,central_only,targeted_central,all_useful,deadline,-1.0,0.0,0.0,1.0,none,0.0,0,applicable,32.0,0.0,,0.0,31289.0,9171324.0,242745.86559944568,1851.0,1774.5,0.7310114203667213,100.0,10.0,100.0,100.0,100.0,100.0,100.0,100.0,100.0,100.0,90.625,0.0,0.0,3.0,0.0,32.0,0.0,62.04409722223184,70.47256944444918,71.69861111111267,72.55138888888905,32.0,0.0,72.55138888888905,179.0,26.591666666666665,0.3563511960722867,1.0,100.0,100.0,6.0,66.66666666666666,100.0,16.0,93.75,100.0,9.0,100.0,100.0,COMPLETED,60,5,1000.0,60.0,100.0,60,507d38a70bc01f62,T060_P05_H1000_I0600_F1,0.967650462962963,False,0.8655240297832085,71,0.0,0.0,0.8552756146784676,77,1.0,0.90625,0.8949319771580897,0.6801643983290662,0.7950316979051818
T060_P05_H1000_I0800_CN010_F1,California,unlimited_useful_deadline,unlimited,central_only,targeted_central,all_useful,deadline,-1.0,0.0,0.0,1.0,none,0.0,0,applicable,32.0,0.0,,0.0,6992.0,1774240.0,81144.98239993466,471.0,365.0,0.4498121623849091,87.12328767123287,5.0,70.47098460749777,70.47098460749777,70.47098460749777,70.47098460749777,37.5,37.5,37.5,37.5,65.625,0.0,7.0,4.0,7.0,12.0,20.0,296.43333333333334,349.925,349.9708333333333,350.01666666666665,12.0,20.0,350.01666666666665,79.5,4.758333333333334,0.9153823701109165,1.0,0.0,0.0,6.0,0.0,0.0,16.0,75.0,31.25,9.0,100.0,77.77777777777779,COMPLETED,60,5,1000.0,80.0,10.0,6,afe79cf55c2de06c,T060_P05_H1000_I0800_F1,0.811033950617284,False,0.4936277299220372,532,0.0,0.0,0.5016506786719038,535,0.3548387096774194,0.65625,0.025079953236337382,0.9567870457710103,0.5152976846747519
T060_P05_H1000_I0800_CN020_F1,California,unlimited_useful_deadline,unlimited,central_only,targeted_central,all_useful,deadline,-1.0,0.0,0.0,1.0,none,0.0,0,applicable,32.0,0.0,,0.0,13094.0,2981272.0,104319.99679985315,642.0,534.5,0.5123658132634763,99.34518241347054,6.0,79.01785714285714,79.01785714285714,79.01785714285714,79.01785714285714,78.125,78.125,78.125,78.125,71.875,0.0,6.0,3.0,6.0,25.0,7.0,88.23541666666763,99.52111111111498,100.53472222222365,101.6027777777781,25.0,7.0,101.6027777777781,77.5,8.183333333333334,0.8493890020366599,1.0,0.0,0.0,6.0,16.666666666666664,0.0,16.0,81.25,100.0,9.0,100.0,100.0,COMPLETED,60,5,1000.0,80.0,20.0,12,071fa88e25163035,T060_P05_H1000_I0800_F1,0.8826666666666667,True,0.7795344781121696,227,0.0,0.02,0.7729868734601798,223,0.7741935483870968,0.71875,0.8038560428100912,0.924893320756412,0.6432414553472987
T060_P05_H1000_I0800_CN030_F1,California,unlimited_useful_deadline,unlimited,central_only,targeted_central,all_useful,deadline,-1.0,0.0,0.0,1.0,none,0.0,0,applicable,32.0,0.0,,0.0,19169.0,4255256.0,128780.48959975399,825.0,733.0,0.5691855981275911,100.0,7.0,92.7529761904762,92.7529761904762,92.7529761904762,92.7529761904762,84.375,84.375,84.375,84.375,84.375,0.0,1.0,4.0,1.0,27.0,5.0,75.73472222222239,96.7211111111112,98.50451388888882,99.06874999999988,27.0,5.0,99.06874999999988,65.0,11.466666666666667,0.777858527131783,1.0,0.0,0.0,6.0,83.33333333333334,33.33333333333333,16.0,81.25,100.0,9.0,100.0,100.0,COMPLETED,60,5,1000.0,80.0,30.0,18,19e11c75650edb55,T060_P05_H1000_I0800_F1,0.9551268861454046,True,0.8347658211181824,109,0.0,0.0,0.831463499074974,109,0.8387096774193549,0.84375,0.8118002050808734,0.8903943763194538,0.7726632365551879
T060_P05_H1000_I0800_CN040_F1,California,unlimited_useful_deadline,unlimited,central_only,targeted_central,all_useful,deadline,-1.0,0.0,0.0,1.0,none,0.0,0,applicable,32.0,0.0,,0.0,27399.0,5826700.0,158952.21439961833,963.0,876.0,0.5511090256331173,100.0,8.0,91.83779761904762,91.83779761904762,91.83779761904762,91.83779761904762,81.25,81.25,81.25,81.25,78.125,0.0,0.0,7.0,0.0,26.0,6.0,66.43437499999999,79.68472222222226,84.05920138888884,95.73472222222239,26.0,6.0,95.73472222222239,78.0,13.858333333333333,0.7164060934054921,1.0,100.0,0.0,6.0,16.666666666666664,16.666666666666664,16.0,87.5,100.0,9.0,100.0,100.0,COMPLETED,60,5,1000.0,80.0,40.0,24,afd58c1e3315210e,T060_P05_H1000_I0800_F1,0.9741809116809117,False,0.8154940000681646,140,0.0,0.0,0.8155062086690386,129,0.8064516129032258,0.78125,0.822252362675287,0.8608812828459776,0.8066957849207022
T060_P05_H1000_I0800_CN050_F1,California,unlimited_useful_deadline,unlimited,central_only,targeted_central,all_useful,deadline,-1.0,0.0,0.0,1.0,none,0.0,0,applicable,32.0,0.0,,0.0,33721.0,7278636.0,186829.38559948804,1134.0,1065.0,0.5700388065735407,100.0,11.0,95.54315476190476,95.54315476190476,95.54315476190476,95.54315476190476,84.375,84.375,84.375,84.375,87.5,0.0,0.0,4.0,0.0,27.0,5.0,55.20069444444901,70.06138888889372,70.6675694444468,75.73472222222239,27.0,5.0,75.73472222222239,66.5,16.9,0.6340729783037475,1.0,100.0,0.0,6.0,66.66666666666666,33.33333333333333,16.0,87.5,100.0,9.0,100.0,100.0,COMPLETED,60,5,1000.0,80.0,50.0,30,dfb1c927217a804d,T060_P05_H1000_I0800_F1,0.9623628257887518,False,0.8449531339682166,102,0.0,0.0,0.8422970204267847,101,0.8387096774193549,0.875,0.8849522457661304,0.8272357723577235,0.7855874065907141
T060_P05_H1000_I0800_CN060_F1,California,unlimited_useful_deadline,unlimited,central_only,targeted_central,all_useful,deadline,-1.0,0.0,0.0,1.0,none,0.0,0,applicable,32.0,0.0,,0.0,40694.0,8945700.0,218837.01439933217,1303.0,1237.0,0.5652608647560561,100.0,12.0,97.91666666666667,97.91666666666667,97.91666666666667,97.91666666666667,96.875,96.875,96.875,96.875,96.875,0.0,0.0,1.0,0.0,31.0,1.0,52.45347222222214,65.55138888888905,67.76840277777785,69.55138888888857,31.0,1.0,69.55138888888857,69.0,19.741666666666667,0.5519698888419868,1.0,100.0,0.0,6.0,83.33333333333334,100.0,16.0,100.0,100.0,9.0,100.0,100.0,COMPLETED,60,5,1000.0,80.0,60.0,36,8d84a8aba4c88b84,T060_P05_H1000_I0800_F1,0.9537783751493429,False,0.8911145652194311,27,0.0,0.0,0.8812402009558185,31,0.967741935483871,0.96875,0.9043369596217177,0.7951174594618875,0.7702546502116157
T060_P05_H1000_I0800_CN070_F1,California,unlimited_useful_deadline,unlimited,central_only,targeted_central,all_useful,deadline,-1.0,0.0,0.0,1.0,none,0.0,0,applicable,32.0,0.0,,0.0,45983.0,10469612.0,248096.12479918497,1458.0,1403.5,0.5657081508774178,100.0,9.0,98.4375,98.4375,98.4375,98.4375,93.75,93.75,93.75,93.75,93.75,0.0,0.0,2.0,0.0,30.0,2.0,48.67708333333588,60.79798611111954,61.9017013888889,64.15138888889196,30.0,2.0,64.15138888889196,79.0,22.633333333333333,0.5222017673048602,1.0,0.0,0.0,6.0,83.33333333333334,83.33333333333334,16.0,100.0,100.0,9.0,100.0,100.0,COMPLETED,60,5,1000.0,80.0,70.0,42,00b8bd0ccdac8ac9,T060_P05_H1000_I0800_F1,0.9513734567901234,False,0.8732166822602675,58,0.0,0.0,0.8647404490205904,58,0.9354838709677419,0.9375,0.9212659280562348,0.7634932399047747,0.7659592061742004
T060_P05_H1000_I0800_CN080_F1,California,unlimited_useful_deadline,unlimited,central_only,targeted_central,all_useful,deadline,-1.0,0.0,0.0,1.0,none,0.0,0,applicable,32.0,0.0,,0.0,53072.0,12268448.0,282633.77599899936,1601.0,1545.0,0.546643795328082,100.0,10.0,97.91666666666667,97.91666666666667,97.91666666666667,97.91666666666667,96.875,96.875,96.875,96.875,90.625,0.0,0.0,3.0,0.0,31.0,1.0,50.634722222222265,57.16875,62.81979166666691,66.73472222222239,31.0,1.0,66.73472222222239,87.0,24.841666666666665,0.45620597115062056,1.0,100.0,0.0,6.0,66.66666666666666,100.0,16.0,93.75,100.0,9.0,100.0,100.0,COMPLETED,60,5,1000.0,80.0,80.0,48,03f9b496f8481ef8,T060_P05_H1000_I0800_F1,0.9244772998805257,False,0.8603298669109688,81,0.0,0.0,0.847838758328972,93,0.967741935483871,0.90625,0.9131671931570099,0.7341148991600414,0.7179197638439377
T060_P05_H1000_I0800_CN090_F1,California,unlimited_useful_deadline,unlimited,central_only,targeted_central,all_useful,deadline,-1.0,0.0,0.0,1.0,none,0.0,0,applicable,32.0,0.0,,0.0,60724.0,14162660.0,319002.64639878826,1759.0,1710.5,0.5362024482585914,100.0,13.0,97.91666666666667,97.91666666666667,97.91666666666667,97.91666666666667,96.875,96.875,96.875,96.875,100.0,0.0,0.0,0.0,0.0,31.0,1.0,44.15138888889705,50.03680555556057,50.33437500000194,51.16875,31.0,1.0,51.16875,73.0,27.408333333333335,0.3851575960271614,1.0,100.0,0.0,6.0,100.0,100.0,16.0,100.0,100.0,9.0,100.0,100.0,COMPLETED,60,5,1000.0,80.0,90.0,54,8edabc13b13b5481,T060_P05_H1000_I0800_F1,0.9770459976105137,True,0.8966168425326273,16,0.01,9.95,0.8888204026563958,15,0.967741935483871,1.0,0.9619664250834429,0.7025805147554238,0.8118131379592415
T060_P05_H1000_I0800_CN100_F1,California,unlimited_useful_deadline,unlimited,central_only,targeted_central,all_useful,deadline,-1.0,0.0,0.0,1.0,none,0.0,0,applicable,32.0,0.0,,0.0,68157.0,16117844.0,356542.1791985672,1911.0,1872.0,0.5250430690158083,100.0,13.0,98.95833333333334,98.95833333333334,98.95833333333334,98.95833333333334,96.875,96.875,96.875,96.875,100.0,0.0,0.0,0.0,0.0,31.0,1.0,38.58541666666691,49.16875000000291,49.60277777778174,51.16875,31.0,1.0,51.16875,79.5,30.1,0.3300479881875231,1.0,100.0,0.0,6.0,100.0,100.0,16.0,100.0,100.0,9.0,100.0,100.0,COMPLETED,60,5,1000.0,80.0,100.0,60,776af3ca0a56af86,T060_P05_H1000_I0800_F1,0.974910394265233,False,0.8898096710251848,30,0.0,0.0,0.8818225102327816,30,0.967741935483871,1.0,0.9619664250834429,0.671405470960787,0.8079987196358074
T060_P05_H1000_I0986_CN010_F1,California,unlimited_useful_deadline,unlimited,central_only,targeted_central,all_useful,deadline,-1.0,0.0,0.0,1.0,none,0.0,0,applicable,32.0,0.0,,0.0,6538.0,1759652.0,79880.74879993757,419.0,336.0,0.42062700343673115,83.03571428571429,6.0,79.23200118594856,79.23200118594856,79.23200118594856,79.23200118594856,37.5,37.5,37.5,37.5,81.25,2.0,4.0,0.0,6.0,12.0,20.0,124.08437500000849,273.88229166669066,284.3960069444831,284.6347222222755,12.0,20.0,284.6347222222755,91.5,4.075,0.9182344921608725,1.0,0.0,0.0,6.0,16.666666666666664,0.0,16.0,100.0,37.5,9.0,100.0,66.66666666666666,COMPLETED,60,5,1000.0,98.6,10.0,6,ee3f2e4a4dcb5a27,T060_P05_H1000_I0986_F1,0.8201003086419753,True,0.568822200791451,507,0.0,0.0,0.577654824293247,509,0.3548387096774194,0.8125,0.2300519668821046,0.9593922651933702,0.5314911797133405
T060_P05_H1000_I0986_CN020_F1,California,unlimited_useful_deadline,unlimited,central_only,targeted_central,all_useful,deadline,-1.0,0.0,0.0,1.0,none,0.0,0,applicable,32.0,0.0,,0.0,13262.0,3110564.0,105818.25919984857,592.0,504.5,0.47676081974397283,95.14370664023787,6.0,93.33333333333333,93.33333333333333,93.33333333333333,93.33333333333333,87.5,87.5,87.5,87.5,87.5,2.0,2.0,0.0,4.0,28.0,4.0,81.55173611111103,107.16854166666685,121.70555555555634,136.7173611111112,28.0,4.0,136.7173611111112,60.0,7.45,0.8333706189410888,1.0,0.0,0.0,6.0,50.0,50.0,16.0,100.0,100.0,9.0,100.0,100.0,COMPLETED,60,5,1000.0,98.6,20.0,12,3d7f7e3a7bf2a852,T060_P05_H1000_I0986_F1,0.8850363756613757,True,0.8141351181626127,145,0.0,1.09,0.8029604316486075,148,0.8709677419354839,0.875,0.693772029320908,0.9275883753312671,0.6474740116553788
T060_P05_H1000_I0986_CN030_F1,California,unlimited_useful_deadline,unlimited,central_only,targeted_central,all_useful,deadline,-1.0,0.0,0.0,1.0,none,0.0,0,applicable,32.0,0.0,,0.0,19530.0,4477200.0,132057.67039974727,794.0,722.5,0.5471094543868182,98.6159169550173,6.0,100.0,100.0,100.0,100.0,93.75,93.75,93.75,93.75,93.75,2.0,0.0,0.0,2.0,30.0,2.0,66.67638888889462,78.35409722222526,80.21215277777803,90.20069444444441,30.0,2.0,90.20069444444441,71.5,11.25,0.7727901234567902,1.0,0.0,0.0,6.0,83.33333333333334,83.33333333333334,16.0,100.0,100.0,9.0,100.0,100.0,COMPLETED,60,5,1000.0,98.6,30.0,18,3a15b430fb458202,T060_P05_H1000_I0986_F1,0.9390740740740741,True,0.8791574752650063,48,0.0,9.94,0.8695828407022861,49,0.9354838709677419,0.9375,0.839601507409695,0.8913376454206531,0.7439911797133405
T060_P05_H1000_I0986_CN040_F1,California,unlimited_useful_deadline,unlimited,central_only,targeted_central,all_useful,deadline,-1.0,0.0,0.0,1.0,none,0.0,0,applicable,32.0,0.0,,0.0,25913.0,5940756.0,160157.94559962914,939.0,867.5,0.5416528020212122,99.30835734870317,8.0,96.66666666666667,96.66666666666667,96.66666666666667,96.66666666666667,87.5,87.5,87.5,87.5,93.75,2.0,0.0,0.0,2.0,28.0,4.0,59.12743055556542,71.61979166666667,79.39999999999999,81.2,28.0,4.0,81.2,74.5,13.616666666666667,0.7014483884128928,1.0,0.0,0.0,6.0,83.33333333333334,50.0,16.0,100.0,100.0,9.0,100.0,100.0,COMPLETED,60,5,1000.0,98.6,40.0,24,1d8b09fb1f1d4fe3,T060_P05_H1000_I0986_F1,0.9580522486772486,True,0.8678178757059973,68,0.0,0.0,0.8631639011151295,65,0.8709677419354839,0.9375,0.8678186318798483,0.8616448816421866,0.7778882501181286
T060_P05_H1000_I0986_CN050_F1,California,unlimited_useful_deadline,unlimited,central_only,targeted_central,all_useful,deadline,-1.0,0.0,0.0,1.0,none,0.0,0,applicable,32.0,0.0,,0.0,32800.0,7517504.0,190431.50719950278,1100.0,1037.5,0.5448153066987378,99.90361445783132,8.0,99.16666666666667,99.16666666666667,99.16666666666667,99.16666666666667,90.625,90.625,90.625,90.625,93.75,2.0,0.0,0.0,2.0,29.0,3.0,49.55138888889633,70.96250000001842,74.42916666669576,76.60277777781012,29.0,3.0,76.60277777781012,82.5,16.5,0.657929292929293,1.0,0.0,0.0,6.0,83.33333333333334,66.66666666666666,16.0,100.0,100.0,9.0,100.0,100.0,COMPLETED,60,5,1000.0,98.6,50.0,30,8fb59cdc7395df98,T060_P05_H1000_I0986_F1,0.9629310344827586,False,0.8736842220647275,56,0.0,0.0,0.8678530461777626,54,0.9032258064516129,0.9375,0.882230896673545,0.8297062390513408,0.7866022887123141
T060_P05_H1000_I0986_CN060_F1,California,unlimited_useful_deadline,unlimited,central_only,targeted_central,all_useful,deadline,-1.0,0.0,0.0,1.0,none,0.0,0,applicable,32.0,0.0,,0.0,39628.0,9193768.0,222615.77599934893,1273.0,1214.5,0.5455588196963866,100.0,8.0,100.0,100.0,100.0,100.0,93.75,93.75,93.75,93.75,93.75,2.0,0.0,0.0,2.0,30.0,2.0,48.03437500000083,66.67395833333406,78.26597222222252,80.6027777777781,30.0,2.0,80.6027777777781,66.5,19.425,0.5964607464607465,1.0,0.0,0.0,6.0,83.33333333333334,83.33333333333334,16.0,100.0,100.0,9.0,100.0,100.0,COMPLETED,60,5,1000.0,98.6,60.0,36,3a903dd5fc0edc38,T060_P05_H1000_I0986_F1,0.9764351851851852,True,0.8763452259771713,52,0.0,0.02,0.8701071404772958,47,0.9354838709677419,0.9375,0.8696909200554767,0.7971387503930288,0.8107221609702315
T060_P05_H1000_I0986_CN070_F1,California,unlimited_useful_deadline,unlimited,central_only,targeted_central,all_useful,deadline,-1.0,0.0,0.0,1.0,none,0.0,0,applicable,32.0,0.0,,0.0,48238.0,11096624.0,259150.61119917087,1430.0,1372.0,0.5294218653976261,100.0,8.0,100.0,100.0,100.0,100.0,93.75,93.75,93.75,93.75,93.75,2.0,0.0,0.0,2.0,30.0,2.0,44.310069444476056,64.64152777778305,73.32534722223686,75.73472222223839,30.0,2.0,75.73472222223839,76.0,21.991666666666667,0.5495958064923583,1.0,0.0,0.0,6.0,83.33333333333334,83.33333333333334,16.0,100.0,100.0,9.0,100.0,100.0,COMPLETED,60,5,1000.0,98.6,70.0,42,742506201178f7e2,T060_P05_H1000_I0986_F1,0.9705092592592592,False,0.8716466988836838,60,0.0,0.0,0.8648793961842494,57,0.9354838709677419,0.9375,0.8849522457660802,0.7663230472083726,0.8001378169790516
T060_P05_H1000_I0986_CN080_F1,California,unlimited_useful_deadline,unlimited,central_only,targeted_central,all_useful,deadline,-1.0,0.0,0.0,1.0,none,0.0,0,applicable,32.0,0.0,,0.0,55708.0,12973768.0,295191.7759989869,1582.0,1517.0,0.5139032057604499,100.0,11.0,100.0,100.0,100.0,100.0,93.75,93.75,93.75,93.75,93.75,2.0,0.0,0.0,2.0,30.0,2.0,39.109375,56.38333333334321,60.265972222249246,62.60277777780623,30.0,2.0,62.60277777780623,87.5,24.3,0.4927869227251944,1.0,0.0,0.0,6.0,83.33333333333334,83.33333333333334,16.0,100.0,100.0,9.0,100.0,100.0,COMPLETED,60,5,1000.0,98.6,80.0,48,c5e0744e3d93f0c1,T060_P05_H1000_I0986_F1,0.961033950617284,False,0.8714032711880695,62,0.0,0.0,0.8637897722372567,62,0.9354838709677419,0.9375,0.9261208148371476,0.7366302834299061,0.7832138919514884
T060_P05_H1000_I0986_CN090_F1,California,unlimited_useful_deadline,unlimited,central_only,targeted_central,all_useful,deadline,-1.0,0.0,0.0,1.0,none,0.0,0,applicable,32.0,0.0,,0.0,62762.0,14859012.0,331388.4607987952,1748.0,1696.0,0.5117860760485978,100.0,11.0,100.0,100.0,100.0,100.0,93.75,93.75,93.75,93.75,93.75,2.0,0.0,0.0,2.0,30.0,2.0,43.67638888889439,53.84805555555727,55.344722222234445,55.73472222223742,30.0,2.0,55.73472222223742,79.5,27.35,0.43497867154174297,1.0,0.0,0.0,6.0,83.33333333333334,83.33333333333334,16.0,100.0,100.0,9.0,100.0,100.0,COMPLETED,60,5,1000.0,98.6,90.0,54,33287c016e102345,T060_P05_H1000_I0986_F1,0.9774845679012346,False,0.873567489189442,57,0.0,0.0,0.8674231192353219,55,0.9354838709677419,0.9375,0.9476521288569266,0.7038831244666038,0.8125964718853362
T060_P05_H1000_I0986_CN100_F1,California,unlimited_useful_deadline,unlimited,central_only,targeted_central,all_useful,deadline,-1.0,0.0,0.0,1.0,none,0.0,0,applicable,32.0,0.0,,0.0,71172.0,16961800.0,371761.9903985733,1898.0,1846.0,0.49655425989646423,100.0,9.0,100.0,100.0,100.0,100.0,93.75,93.75,93.75,93.75,93.75,2.0,0.0,0.0,2.0,30.0,2.0,30.243055555556808,41.57222222222317,49.550868055570696,51.734722222241786,30.0,2.0,51.734722222241786,84.0,29.85,0.3858179787828029,1.0,0.0,0.0,6.0,83.33333333333334,83.33333333333334,16.0,100.0,100.0,9.0,100.0,100.0,COMPLETED,60,5,1000.0,98.6,100.0,60,01eb8b867f5df9bd,T060_P05_H1000_I0986_F1,0.9754475308641976,False,0.8695013413678393,67,0.0,0.0,0.8631750530013708,64,0.9354838709677419,0.9375,0.9601921054750817,0.6737411849256615,0.8089581036383682
T060_P10_H0500_I0600_CN010_F1,California,unlimited_useful_deadline,unlimited,central_only,targeted_central,all_useful,deadline,-1.0,0.0,0.0,1.0,none,0.0,0,applicable,32.0,0.0,,0.0,5174.0,1160960.0,55834.39039994252,505.0,388.0,0.6949122166835718,64.5618556701031,4.0,75.74736367173938,75.74736367173938,75.74736367173938,75.74736367173938,3.125,3.125,3.125,3.125,78.125,0.0,0.0,7.0,0.0,1.0,31.0,326.20069444444937,326.20069444444937,326.20069444444937,326.20069444444937,1.0,31.0,326.20069444444937,182.0,3.433333333333333,0.853074433656958,1.0,0.0,0.0,6.0,0.0,0.0,16.0,100.0,0.0,9.0,100.0,11.11111111111111,COMPLETED,60,10,500.0,60.0,10.0,6,a37ea69add68697c,T060_P10_H0500_I0600_F1,0.9087962962962962,False,0.47062951441028067,535,0.0,0.01,0.5051251042669509,533,0.0,0.78125,0.09974288693772726,0.9547208372636212,0.6899117971334066
T060_P10_H0500_I0600_CN020_F1,California,unlimited_useful_deadline,unlimited,central_only,targeted_central,all_useful,deadline,-1.0,0.0,0.0,1.0,none,0.0,0,applicable,32.0,0.0,,0.0,9146.0,1970364.0,71374.94719989222,698.0,571.5,0.8007011177177626,82.32720909886264,6.0,86.41884157509156,86.41884157509156,86.41884157509156,86.41884157509156,65.625,65.625,65.625,65.625,78.125,0.0,0.0,7.0,0.0,21.0,11.0,111.11736111111871,129.9347222222345,130.73472222223597,149.11736111111142,21.0,11.0,149.11736111111142,200.0,6.191666666666666,0.7231718259309108,1.0,0.0,0.0,6.0,0.0,0.0,16.0,100.0,75.0,9.0,100.0,100.0,COMPLETED,60,10,500.0,60.0,20.0,12,88d14bca615686e2,T060_P10_H0500_I0600_F1,0.7754188712522044,False,0.7005866226802407,372,0.0,0.0,0.690912823402732,390,0.6451612903225806,0.78125,0.6548981018045843,0.9215694201140906,0.4516853047724047
T060_P10_H0500_I0600_CN030_F1,California,unlimited_useful_deadline,unlimited,central_only,targeted_central,all_useful,deadline,-1.0,0.0,0.0,1.0,none,0.0,0,applicable,32.0,0.0,,0.0,12900.0,2828328.0,87847.85599984627,816.0,684.5,0.7791880544030555,89.9926953981008,6.0,88.91369047619048,88.91369047619048,88.91369047619048,88.91369047619048,78.125,78.125,78.125,78.125,78.125,0.0,0.0,7.0,0.0,25.0,7.0,89.41944444444476,109.19583333335459,112.9083333333533,115.20069444444513,25.0,7.0,115.20069444444513,195.5,8.15,0.6795160190865712,1.0,0.0,0.0,6.0,0.0,0.0,16.0,100.0,100.0,9.0,100.0,100.0,COMPLETED,60,10,500.0,60.0,30.0,18,6ae42fc493957d32,T060_P10_H0500_I0600_F1,0.9231666666666666,False,0.7883308187458984,207,0.0,0.0,0.7854000828921445,196,0.7741935483870968,0.78125,0.7612266535461385,0.8947513812154696,0.7155788313120174
T060_P10_H0500_I0600_CN040_F1,California,unlimited_useful_deadline,unlimited,central_only,targeted_central,all_useful,deadline,-1.0,0.0,0.0,1.0,none,0.0,0,applicable,32.0,0.0,,0.0,16346.0,3705236.0,104684.48959979399,1008.0,901.0,0.860681466227231,94.50610432852386,7.0,94.41964285714286,94.41964285714286,94.41964285714286,94.41964285714286,84.375,84.375,84.375,84.375,90.625,0.0,0.0,3.0,0.0,27.0,5.0,78.80138888889341,86.06138888889139,96.40972222222273,115.20069444444513,27.0,5.0,115.20069444444513,222.0,11.316666666666666,0.6902061855670103,1.0,0.0,0.0,6.0,66.66666666666666,33.33333333333333,16.0,100.0,100.0,9.0,100.0,100.0,COMPLETED,60,10,500.0,60.0,40.0,24,70fe466ad18dcc93,T060_P10_H0500_I0600_F1,0.9465020576131686,False,0.8284885850052954,117,0.0,0.0,0.8244160191791641,117,0.8387096774193549,0.90625,0.7612266535461385,0.8586354040335983,0.7572583608967288
T060_P10_H0500_I0600_CN050_F1,California,unlimited_useful_deadline,unlimited,central_only,targeted_central,all_useful,deadline,-1.0,0.0,0.0,1.0,none,0.0,0,applicable,32.0,0.0,,0.0,20611.0,4620368.0,122255.02399973298,1142.0,1037.0,0.8482268998632441,97.01060752169721,9.0,95.46130952380952,95.46130952380952,95.46130952380952,95.46130952380952,84.375,84.375,84.375,84.375,96.875,0.0,0.0,1.0,0.0,27.0,5.0,71.80277777777931,84.9423611111179,95.66618055555651,97.58541666666885,27.0,5.0,97.58541666666885,207.0,13.833333333333334,0.6227710843373495,1.0,0.0,0.0,6.0,100.0,33.33333333333333,16.0,100.0,100.0,9.0,100.0,100.0,COMPLETED,60,10,500.0,60.0,50.0,30,0e8b155461162653,T060_P10_H0500_I0600_F1,0.9643175582990398,False,0.8510295554713811,99,0.0,0.0,0.8485480101034149,92,0.8387096774193549,0.96875,0.8164504464101037,0.8297511566275885,0.7890787700600268
T060_P10_H0500_I0600_CN060_F1,California,unlimited_useful_deadline,unlimited,central_only,targeted_central,all_useful,deadline,-1.0,0.0,0.0,1.0,none,0.0,0,applicable,32.0,0.0,,0.0,23031.0,5689096.0,142774.60159971687,1269.0,1164.5,0.8156212568288541,96.77973379132675,9.0,94.49404761904762,94.49404761904762,94.49404761904762,94.49404761904762,84.375,84.375,84.375,84.375,96.875,0.0,0.0,1.0,0.0,27.0,5.0,70.9347222222225,79.14861111111745,79.97326388889952,80.73472222222239,27.0,5.0,80.73472222222239,220.0,15.741666666666667,0.6134727368978297,1.0,0.0,0.0,6.0,100.0,33.33333333333333,16.0,100.0,100.0,9.0,100.0,100.0,COMPLETED,60,10,500.0,60.0,60.0,36,04aae701970d88b2,T060_P10_H0500_I0600_F1,0.9781893004115227,True,0.8596872560011815,84,0.0,0.0,0.8584445321449141,70,0.8387096774193549,0.96875,0.8692772749934196,0.8016305080177873,0.8138552002940096
T060_P10_H0500_I0600_CN070_F1,California,unlimited_useful_deadline,unlimited,central_only,targeted_central,all_useful,deadline,-1.0,0.0,0.0,1.0,none,0.0,0,applicable,32.0,0.0,,0.0,26117.0,6776032.0,163643.77279968676,1441.0,1350.0,0.8249626471595161,97.74074074074075,12.0,96.94940476190476,96.94940476190476,96.94940476190476,96.94940476190476,90.625,90.625,90.625,90.625,90.625,0.0,0.0,3.0,0.0,29.0,3.0,63.200694444447436,71.82791666666797,73.37111111111109,76.71736111111143,29.0,3.0,76.71736111111143,226.5,18.725,0.5563788755377541,1.0,0.0,0.0,6.0,66.66666666666666,66.66666666666666,16.0,100.0,100.0,9.0,100.0,100.0,COMPLETED,60,10,500.0,60.0,70.0,42,78f7d3e3b1f0fbb2,T060_P10_H0500_I0600_F1,0.9673850574712644,False,0.856274319697295,91,0.0,0.0,0.8508409121257312,86,0.9032258064516129,0.90625,0.8818716785934374,0.7682994205632664,0.7945576550203397
T060_P10_H0500_I0600_CN080_F1,California,unlimited_useful_deadline,unlimited,central_only,targeted_central,all_useful,deadline,-1.0,0.0,0.0,1.0,none,0.0,0,applicable,32.0,0.0,,0.0,29334.0,7879868.0,184837.4239996482,1580.0,1491.5,0.8069253334772934,99.02782433791485,13.0,95.9077380952381,95.9077380952381,95.9077380952381,95.9077380952381,84.375,84.375,84.375,84.375,90.625,0.0,0.0,3.0,0.0,27.0,5.0,54.93472222222372,67.85458333333479,68.68993055555575,71.73472222222384,27.0,5.0,71.73472222222384,222.5,21.15,0.5135933806146573,1.0,0.0,0.0,6.0,66.66666666666666,33.33333333333333,16.0,100.0,100.0,9.0,100.0,100.0,COMPLETED,60,10,500.0,60.0,80.0,48,64a3445bd3dc8528,T060_P10_H0500_I0600_F1,0.967798353909465,False,0.837504456862659,104,0.0,0.0,0.8353337653474429,105,0.8387096774193549,0.90625,0.8974922223842945,0.738921079818533,0.7952958471150311
T060_P10_H0500_I0600_CN090_F1,California,unlimited_useful_deadline,unlimited,central_only,targeted_central,all_useful,deadline,-1.0,0.0,0.0,1.0,none,0.0,0,applicable,32.0,0.0,,0.0,31926.0,9096504.0,208196.8351996313,1735.0,1663.0,0.7987633425865567,99.63920625375827,13.0,97.65625,97.65625,97.65625,97.65625,93.75,93.75,93.75,93.75,96.875,0.0,0.0,1.0,0.0,30.0,2.0,52.201388888890506,65.36659722222365,68.20260416667058,71.73472222222384,30.0,2.0,71.73472222222384,196.0,24.45,0.4257327880027266,1.0,0.0,0.0,6.0,100.0,83.33333333333334,16.0,100.0,100.0,9.0,100.0,100.0,COMPLETED,60,10,500.0,60.0,90.0,54,f3b48257d9d516d7,T060_P10_H0500_I0600_F1,0.9307561728395063,False,0.8578591255243165,90,0.0,0.0,0.8475416574445072,94,0.9354838709677419,0.96875,0.8974922223842945,0.7068476844989444,0.7291345093715547
T060_P10_H0500_I0600_CN100_F1,California,unlimited_useful_deadline,unlimited,central_only,targeted_central,all_useful,deadline,-1.0,0.0,0.0,1.0,none,0.0,0,applicable,32.0,0.0,,0.0,34581.0,10334140.0,231959.4463996105,1872.0,1803.0,0.7772910428893952,100.0,13.0,98.4375,98.4375,98.4375,98.4375,96.875,96.875,96.875,96.875,96.875,0.0,0.0,1.0,0.0,31.0,1.0,47.66944444444477,62.05763888889511,62.59409722223209,64.73472222222239,31.0,1.0,64.73472222222239,195.5,26.791666666666668,0.3805443234836703,1.0,0.0,0.0,6.0,100.0,100.0,16.0,100.0,100.0,9.0,100.0,100.0,COMPLETED,60,10,500.0,60.0,100.0,60,6fbe0a011cd414de,T060_P10_H0500_I0600_F1,0.9518667861409797,False,0.8701197913155272,66,0.0,0.0,0.8600747118262501,68,0.967741935483871,0.96875,0.9194371814660942,0.6776040964829537,0.7668403456983319
T060_P10_H0500_I0800_CN010_F1,California,unlimited_useful_deadline,unlimited,central_only,targeted_central,all_useful,deadline,-1.0,0.0,0.0,1.0,none,0.0,0,applicable,32.0,0.0,,0.0,8244.0,1663092.0,51187.62239993133,470.0,366.5,0.7159934039063547,90.85948158253751,6.0,75.90199456975773,75.90199456975773,75.90199456975773,75.90199456975773,53.125,53.125,53.125,53.125,78.125,0.0,7.0,0.0,7.0,17.0,15.0,159.01666666666668,340.8833333333333,340.95,341.01666666666665,17.0,15.0,341.01666666666665,98.5,5.125,0.9180758807588076,1.0,0.0,0.0,6.0,0.0,0.0,16.0,100.0,68.75,9.0,100.0,66.66666666666666,COMPLETED,60,10,500.0,80.0,10.0,6,d73633eea3cad3e4,T060_P10_H0500_I0800_F1,0.7441176470588236,False,0.5466383872452643,518,0.0,0.0,0.5406208324479781,524,0.5161290322580645,0.78125,0.05329490062721687,0.9566522930422674,0.3957779363123418
T060_P10_H0500_I0800_CN020_F1,California,unlimited_useful_deadline,unlimited,central_only,targeted_central,all_useful,deadline,-1.0,0.0,0.0,1.0,none,0.0,0,applicable,32.0,0.0,,0.0,15690.0,3158536.0,79900.1471998622,634.0,526.5,0.6589474718776338,98.2905982905983,7.0,78.125,78.125,78.125,78.125,78.125,78.125,78.125,78.125,78.125,0.0,7.0,0.0,7.0,25.0,7.0,93.63472222222481,104.92194444444866,109.45416666666647,115.15138888888904,25.0,7.0,115.15138888888904,68.0,8.05,0.8258109040717736,1.0,0.0,0.0,6.0,0.0,0.0,16.0,100.0,100.0,9.0,100.0,100.0,COMPLETED,60,10,500.0,80.0,20.0,12,99cf17fcf7234d88,T060_P10_H0500_I0800_F1,0.9006481481481482,True,0.7885007813487979,205,0.0,0.0,0.7835590201367195,200,0.7741935483870968,0.78125,0.7613812261745933,0.9256120019763733,0.6753583241455346
T060_P10_H0500_I0800_CN030_F1,California,unlimited_useful_deadline,unlimited,central_only,targeted_central,all_useful,deadline,-1.0,0.0,0.0,1.0,none,0.0,0,applicable,32.0,0.0,,0.0,24052.0,4766496.0,110772.97919977944,776.0,670.0,0.604840643304946,100.0,7.0,83.4375,83.4375,83.4375,83.4375,78.125,78.125,78.125,78.125,81.25,0.0,3.0,3.0,3.0,25.0,7.0,65.41944444444476,85.46111111112036,91.20916666666922,96.73472222222239,25.0,7.0,96.73472222222239,69.5,10.558333333333334,0.7549723756906077,1.0,0.0,0.0,6.0,16.666666666666664,0.0,16.0,100.0,100.0,9.0,100.0,100.0,COMPLETED,60,10,500.0,80.0,30.0,18,04299023ae768311,T060_P10_H0500_I0800_F1,0.9797962962962963,True,0.8215914792729124,131,0.0,0.64,0.823718075282444,119,0.7741935483870968,0.8125,0.8191173685207448,0.8960539909266497,0.8167254685777287
T060_P10_H0500_I0800_CN040_F1,California,unlimited_useful_deadline,unlimited,central_only,targeted_central,all_useful,deadline,-1.0,0.0,0.0,1.0,none,0.0,0,applicable,32.0,0.0,,0.0,30002.0,6167160.0,137665.72799971414,965.0,885.0,0.6428615261467528,100.0,7.0,91.14583333333334,91.14583333333334,91.14583333333334,91.14583333333334,84.375,84.375,84.375,84.375,90.625,0.0,1.0,2.0,1.0,27.0,5.0,60.936805555556084,69.0077777777829,69.59715277778983,72.73472222223063,27.0,5.0,72.73472222223063,113.0,14.191666666666666,0.7462810726169506,1.0,0.0,0.0,6.0,66.66666666666666,33.33333333333333,16.0,100.0,100.0,9.0,100.0,100.0,COMPLETED,60,10,500.0,80.0,40.0,24,7ad1bd03b951e9d0,T060_P10_H0500_I0800_F1,0.9630144032921811,True,0.8598260974575621,82,0.0,0.0,0.8572281733072851,71,0.8387096774193549,0.90625,0.8943572282297311,0.8600727664735212,0.7867511944138185
T060_P10_H0500_I0800_CN050_F1,California,unlimited_useful_deadline,unlimited,central_only,targeted_central,all_useful,deadline,-1.0,0.0,0.0,1.0,none,0.0,0,applicable,32.0,0.0,,0.0,37335.0,7766144.0,168366.22079963208,1123.0,1048.0,0.6224526481753103,100.0,7.0,96.875,96.875,96.875,96.875,96.875,96.875,96.875,96.875,93.75,0.0,1.0,1.0,1.0,31.0,1.0,55.55138888889051,72.73472222223063,73.70208333334159,78.36736111111095,31.0,1.0,78.36736111111095,107.5,16.608333333333334,0.6697859173774878,1.0,0.0,0.0,6.0,83.33333333333334,100.0,16.0,100.0,100.0,9.0,100.0,100.0,COMPLETED,60,10,500.0,80.0,50.0,30,77ba70a1b5a04024,T060_P10_H0500_I0800_F1,0.9461021505376345,False,0.884009478056254,39,0.0,0.0,0.8734495854645834,45,0.967741935483871,0.9375,0.8766989382384444,0.8287629699501414,0.7565440836504606
T060_P10_H0500_I0800_CN060_F1,California,unlimited_useful_deadline,unlimited,central_only,targeted_central,all_useful,deadline,-1.0,0.0,0.0,1.0,none,0.0,0,applicable,32.0,0.0,,0.0,43182.0,9350748.0,198790.6175995712,1285.0,1215.5,0.6114473684308438,100.0,10.0,96.875,96.875,96.875,96.875,96.875,96.875,96.875,96.875,93.75,0.0,1.0,1.0,1.0,31.0,1.0,54.634722222222145,65.41944444444476,67.87708333334194,72.73472222223063,31.0,1.0,72.73472222223063,132.0,19.466666666666665,0.6233590182648403,1.0,0.0,0.0,6.0,83.33333333333334,100.0,16.0,100.0,100.0,9.0,100.0,100.0,COMPLETED,60,10,500.0,80.0,60.0,36,b587a05cb4347ce5,T060_P10_H0500_I0800_F1,0.929136798088411,False,0.8766530322292807,51,0.0,0.0,0.8645780420098405,59,0.967741935483871,0.9375,0.8943572282297311,0.7970489152405337,0.7262421310950669
T060_P10_H0500_I0800_CN070_F1,California,unlimited_useful_deadline,unlimited,central_only,targeted_central,all_useful,deadline,-1.0,0.0,0.0,1.0,none,0.0,0,applicable,32.0,0.0,,0.0,49360.0,10959144.0,229671.82079949253,1446.0,1375.0,0.5986803236085279,100.0,11.0,95.05208333333334,95.05208333333334,95.05208333333334,95.05208333333334,90.625,90.625,90.625,90.625,93.75,0.0,1.0,1.0,1.0,29.0,3.0,49.73472222222238,57.42916666666725,65.15000000000987,73.73472222223015,29.0,3.0,73.73472222223015,117.0,22.008333333333333,0.5499747570364761,1.0,0.0,0.0,6.0,83.33333333333334,66.66666666666666,16.0,100.0,100.0,9.0,100.0,100.0,COMPLETED,60,10,500.0,80.0,70.0,42,b51e6598fefe16b7,T060_P10_H0500_I0800_F1,0.9567049808429119,False,0.8610838894074767,79,0.0,0.0,0.854696693294682,81,0.9032258064516129,0.9375,0.8912222340751904,0.7660535417508871,0.7754818841957191
T060_P10_H0500_I0800_CN080_F1,California,unlimited_useful_deadline,unlimited,central_only,targeted_central,all_useful,deadline,-1.0,0.0,0.0,1.0,none,0.0,0,applicable,32.0,0.0,,0.0,55240.0,12654672.0,262225.95839942654,1592.0,1539.5,0.5870890927034044,100.0,11.0,96.875,96.875,96.875,96.875,96.875,96.875,96.875,96.875,96.875,0.0,1.0,0.0,1.0,31.0,1.0,43.86805555555557,54.602777777799446,59.05104166666666,70.73472222222675,31.0,1.0,70.73472222222675,117.0,24.625,0.49345177664974615,1.0,0.0,0.0,6.0,100.0,100.0,16.0,100.0,100.0,9.0,100.0,100.0,COMPLETED,60,10,500.0,80.0,80.0,48,3d13d22a209ba1de,T060_P10_H0500_I0800_F1,0.9694444444444444,False,0.8824681170787068,43,0.0,0.0,0.87399281743792,43,0.967741935483871,0.96875,0.9006272165388276,0.7346089924987648,0.7982359426681366
T060_P10_H0500_I0800_CN090_F1,California,unlimited_useful_deadline,unlimited,central_only,targeted_central,all_useful,deadline,-1.0,0.0,0.0,1.0,none,0.0,0,applicable,32.0,0.0,,0.0,61013.0,14404956.0,295831.4111993521,1741.0,1688.5,0.5707642718379792,100.0,11.0,96.875,96.875,96.875,96.875,96.875,96.875,96.875,96.875,93.75,0.0,1.0,1.0,1.0,31.0,1.0,43.86805555555557,55.36736111111871,57.668750000000244,63.73472222222238,31.0,1.0,63.73472222222238,137.0,27.091666666666665,0.42262380805905875,1.0,0.0,0.0,6.0,83.33333333333334,100.0,16.0,100.0,100.0,9.0,100.0,100.0,COMPLETED,60,10,500.0,80.0,90.0,54,b2ff8df909649515,T060_P10_H0500_I0800_F1,0.9772252090800477,False,0.8766812809682628,50,0.0,0.0,0.8689008456444374,51,0.967741935483871,0.9375,0.9225721756206364,0.7045568881103176,0.8121332290073618
T060_P10_H0500_I0800_CN100_F1,California,unlimited_useful_deadline,unlimited,central_only,targeted_central,all_useful,deadline,-1.0,0.0,0.0,1.0,none,0.0,0,applicable,32.0,0.0,,0.0,66638.0,16168072.0,329683.23839927645,1901.0,1852.0,0.5617513371295689,100.0,11.0,96.875,96.875,96.875,96.875,96.875,96.875,96.875,96.875,96.875,0.0,1.0,0.0,1.0,31.0,1.0,41.068750000000605,46.47083333333333,53.12187500001092,63.73472222222238,31.0,1.0,63.73472222222238,143.0,29.75,0.36710550887021487,1.0,0.0,0.0,6.0,100.0,100.0,16.0,100.0,100.0,9.0,100.0,100.0,COMPLETED,60,10,500.0,80.0,100.0,60,ce46c1c98f5fa99e,T060_P10_H0500_I0800_F1,0.9757765830346475,False,0.8762722277524916,53,0.0,0.0,0.8683624222967173,52,0.967741935483871,0.96875,0.9225721756206364,0.6732021740106905,0.8095458263683891
T060_P10_H0500_I0986_CN010_F1,California,unlimited_useful_deadline,unlimited,central_only,targeted_central,all_useful,deadline,-1.0,0.0,0.0,1.0,none,0.0,0,applicable,32.0,0.0,,0.0,9154.0,2924772.0,75247.04639990369,458.0,359.0,0.47709513818267224,91.22562674094708,5.0,73.32715950779453,73.32715950779453,73.32715950779453,73.32715950779453,25.0,25.0,25.0,25.0,78.125,0.0,6.0,1.0,6.0,8.0,24.0,99.95069444444447,143.68166666666667,158.45749999999998,173.23333333333332,8.0,24.0,173.23333333333332,69.5,4.983333333333333,0.9161649944258641,1.0,0.0,0.0,6.0,0.0,0.0,16.0,100.0,50.0,9.0,100.0,0.0,COMPLETED,60,10,500.0,98.6,10.0,6,6ba8b6578052ccb3,T060_P10_H0500_I0986_F1,0.7034722222222222,True,0.5685028805932629,508,0.0,0.0,0.5733715988064436,513,0.22580645161290322,0.78125,0.5792946698568173,0.9573260566859813,0.32318081587651576
T060_P10_H0500_I0986_CN020_F1,California,unlimited_useful_deadline,unlimited,central_only,targeted_central,all_useful,deadline,-1.0,0.0,0.0,1.0,none,0.0,0,applicable,32.0,0.0,,0.0,16654.0,5461224.0,123946.92479984359,627.0,510.5,0.41186983930773907,100.0,8.0,79.6875,79.6875,79.6875,79.6875,78.125,78.125,78.125,78.125,78.125,0.0,6.0,1.0,6.0,25.0,7.0,80.66944444444476,115.02222222222238,117.308333333344,119.73472222222239,25.0,7.0,119.73472222222239,79.0,7.85,0.8538216560509555,1.0,0.0,0.0,6.0,0.0,0.0,16.0,100.0,100.0,9.0,100.0,100.0,COMPLETED,60,10,500.0,98.6,20.0,12,600966b10586c197,T060_P10_H0500_I0986_F1,0.9159074074074075,True,0.7900027120617117,199,0.0,0.01,0.786423685138498,194,0.7741935483870968,0.78125,0.7470125029662749,0.927049364416296,0.7026130099228225
T060_P10_H0500_I0986_CN030_F1,California,unlimited_useful_deadline,unlimited,central_only,targeted_central,all_useful,deadline,-1.0,0.0,0.0,1.0,none,0.0,0,applicable,32.0,0.0,,0.0,24637.0,8088888.0,174398.07359976816,830.0,743.0,0.4260368160402591,100.0,9.0,93.80208333333334,93.80208333333334,93.80208333333334,93.80208333333334,78.125,78.125,78.125,78.125,84.375,0.0,0.0,5.0,0.0,25.0,7.0,56.1034722222447,79.33194444444555,87.60416666666742,91.73472222222868,25.0,7.0,91.73472222222868,96.0,11.708333333333334,0.7723250296559905,1.0,0.0,0.0,6.0,33.33333333333333,0.0,16.0,100.0,100.0,9.0,100.0,100.0,COMPLETED,60,10,500.0,98.6,30.0,18,b095ce615a9d4890,T060_P10_H0500_I0986_F1,0.9798888888888889,True,0.8296896872572505,115,0.0,0.22,0.8318245522855252,107,0.7741935483870968,0.84375,0.834792339293436,0.8894960247945022,0.8168908489525909
T060_P10_H0500_I0986_CN040_F1,California,unlimited_useful_deadline,unlimited,central_only,targeted_central,all_useful,deadline,-1.0,0.0,0.0,1.0,none,0.0,0,applicable,32.0,0.0,,0.0,34095.0,11117400.0,232545.50399962915,942.0,843.5,0.3627247078495851,100.0,11.0,95.36458333333334,95.36458333333334,95.36458333333334,95.36458333333334,81.25,81.25,81.25,81.25,90.625,0.0,0.0,3.0,0.0,26.0,6.0,57.82743055555669,71.37708333333333,74.38576388888917,88.71736111111167,26.0,6.0,88.71736111111167,89.0,13.35,0.7327299209321683,1.0,0.0,100.0,6.0,66.66666666666666,0.0,16.0,100.0,100.0,9.0,100.0,100.0,COMPLETED,60,10,500.0,98.6,40.0,24,01777359b20f8083,T060_P10_H0500_I0986_F1,0.9774928774928774,False,0.8463651350910841,101,0.0,0.0,0.8466731201316152,96,0.8064516129032258,0.90625,0.8442517487389306,0.8638009253020708,0.8126113137138492
T060_P10_H0500_I0986_CN050_F1,California,unlimited_useful_deadline,unlimited,central_only,targeted_central,all_useful,deadline,-1.0,0.0,0.0,1.0,none,0.0,0,applicable,32.0,0.0,,0.0,40081.0,13456880.0,277463.51999961725,1144.0,1072.5,0.38653730047160056,100.0,6.0,100.0,100.0,100.0,100.0,100.0,100.0,100.0,100.0,96.875,0.0,0.0,1.0,0.0,32.0,0.0,54.89409722223069,65.67500000000064,66.67138888890929,69.10347222222626,32.0,0.0,69.10347222222626,111.0,16.95,0.6954932808915111,1.0,0.0,100.0,6.0,100.0,100.0,16.0,100.0,100.0,9.0,100.0,100.0,COMPLETED,60,10,500.0,98.6,50.0,30,7d28e7319a4cdcfe,T060_P10_H0500_I0986_F1,0.9587094907407407,False,0.9070699602121199,3,0.0,30.19,0.8960230679849976,2,1.0,0.96875,0.905741175753426,0.8265620087140099,0.7790621554575522
T060_P10_H0500_I0986_CN060_F1,California,unlimited_useful_deadline,unlimited,central_only,targeted_central,all_useful,deadline,-1.0,0.0,0.0,1.0,none,0.0,0,applicable,32.0,0.0,,0.0,48582.0,16513184.0,336144.5567994894,1269.0,1188.5,0.3535681229873199,100.0,11.0,98.95833333333334,98.95833333333334,98.95833333333334,98.95833333333334,96.875,96.875,96.875,96.875,93.75,0.0,0.0,2.0,0.0,31.0,1.0,47.20069444444489,65.45347222222578,66.94305555555778,68.73472222222287,31.0,1.0,68.73472222222287,130.0,18.95,0.6771474640867781,1.0,0.0,100.0,6.0,83.33333333333334,83.33333333333334,16.0,100.0,100.0,9.0,100.0,100.0,COMPLETED,60,10,500.0,98.6,60.0,36,c26712d01d413d56,T060_P10_H0500_I0986_F1,0.9358124253285544,False,0.8814346461077657,45,0.0,0.0,0.8699558254654498,48,0.967741935483871,0.9375,0.906897204847924,0.7994744643579033,0.7381655226375501
T060_P10_H0500_I0986_CN070_F1,California,unlimited_useful_deadline,unlimited,central_only,targeted_central,all_useful,deadline,-1.0,0.0,0.0,1.0,none,0.0,0,applicable,32.0,0.0,,0.0,54877.0,19119416.0,386184.2111994674,1451.0,1387.0,0.3591550249276252,100.0,10.0,98.4375,98.4375,98.4375,98.4375,96.875,96.875,96.875,96.875,93.75,0.0,0.0,2.0,0.0,31.0,1.0,44.58541666666667,54.93472222223415,56.41979166667868,57.90486111111144,31.0,1.0,57.90486111111144,111.0,22.108333333333334,0.597908028646815,1.0,0.0,0.0,6.0,83.33333333333334,100.0,16.0,100.0,100.0,9.0,100.0,100.0,COMPLETED,60,10,500.0,98.6,70.0,42,5932a081c983167c,T060_P10_H0500_I0986_F1,0.9584080047789726,False,0.887378889423518,34,0.0,0.0,0.8779179760970607,36,0.967741935483871,0.9375,0.940848756125762,0.764975519920945,0.7785236689547249
T060_P10_H0500_I0986_CN080_F1,California,unlimited_useful_deadline,unlimited,central_only,targeted_central,all_useful,deadline,-1.0,0.0,0.0,1.0,none,0.0,0,applicable,32.0,0.0,,0.0,60902.0,21732144.0,436348.58879939956,1610.0,1555.5,0.35648104289277366,100.0,11.0,98.4375,98.4375,98.4375,98.4375,96.875,96.875,96.875,96.875,93.75,0.0,0.0,2.0,0.0,31.0,1.0,38.73611111111127,50.73472222222238,51.419097222234754,55.36736111111095,31.0,1.0,55.36736111111095,114.5,24.925,0.5090437980608493,1.0,0.0,0.0,6.0,83.33333333333334,100.0,16.0,100.0,100.0,9.0,100.0,100.0,COMPLETED,60,10,500.0,98.6,80.0,48,5b9f5238b54056e7,T060_P10_H0500_I0986_F1,0.9780615292712067,True,0.8878746187261075,33,0.0,0.02,0.8801688713135102,32,0.967741935483871,0.9375,0.9488038037929143,0.733171630058842,0.8136269872319236
T060_P10_H0500_I0986_CN090_F1,California,unlimited_useful_deadline,unlimited,central_only,targeted_central,all_useful,deadline,-1.0,0.0,0.0,1.0,none,0.0,0,applicable,32.0,0.0,,0.0,67116.0,24483796.0,489180.3071993518,1746.0,1689.5,0.3453736741106161,100.0,11.0,100.0,100.0,100.0,100.0,100.0,100.0,100.0,100.0,100.0,0.0,0.0,0.0,0.0,32.0,0.0,36.62916666667061,48.52263888888935,49.17881944444608,54.36736111111095,32.0,0.0,54.36736111111095,107.0,27.125,0.41776241679467496,1.0,100.0,100.0,6.0,100.0,100.0,16.0,100.0,100.0,9.0,100.0,100.0,COMPLETED,60,10,500.0,98.6,90.0,54,013b2b575d702844,T060_P10_H0500_I0986_F1,0.979050925925926,True,0.903590293665069,6,10.39,36.17,0.8943600014930734,6,1.0,1.0,0.9519387979474564,0.7044670529578224,0.8153941565600883
T060_P10_H0500_I0986_CN100_F1,California,unlimited_useful_deadline,unlimited,central_only,targeted_central,all_useful,deadline,-1.0,0.0,0.0,1.0,none,0.0,0,applicable,32.0,0.0,,0.0,73133.0,27190848.0,541155.705599309,1899.0,1848.0,0.3414913639233299,100.0,11.0,100.0,100.0,100.0,100.0,100.0,100.0,100.0,100.0,100.0,0.0,0.0,0.0,0.0,32.0,0.0,35.8118055555576,41.382291666668316,45.93958333333367,48.6027777777781,32.0,0.0,48.6027777777781,119.0,29.683333333333334,0.3947875725247989,1.0,100.0,100.0,6.0,100.0,100.0,16.0,100.0,100.0,9.0,100.0,100.0,COMPLETED,60,10,500.0,98.6,100.0,60,10b5a86cf6dab903,T060_P10_H0500_I0986_F1,0.9708912037037036,True,0.8988374511781033,12,0.0,22.79,0.8888784517293711,14,1.0,1.0,0.9700107330008262,0.6735615146206712,0.800820011025358
T060_P10_H0800_I0600_CN000_F1,California,unlimited_useful_deadline,unlimited,central_only,targeted_central,all_useful,deadline,-1.0,0.0,0.0,1.0,none,0.0,0,applicable,32.0,0.0,,0.0,1193.0,674652.0,67465.2,195.0,153.5,0.22752470903517666,0.0,1.0,47.41919111484329,47.41919111484329,47.41919111484329,47.41919111484329,6.25,6.25,6.25,6.25,78.125,0.0,0.0,7.0,0.0,2.0,30.0,49.24166666666667,49.34166666666667,49.354166666666664,49.36666666666667,2.0,30.0,49.36666666666667,153.5,0.0,0.0,1.0,0.0,0.0,6.0,0.0,33.33333333333333,16.0,100.0,0.0,9.0,100.0,0.0,COMPLETED,60,10,800.0,60.0,0.0,0,fa56310857b46faf,T060_P10_H0800_I0600_F1,0.9048611111111111,True,0.6587609444072662,415,0.07,5.32,0.6912921977415479,389,0.03225806451612903,0.78125,0.9676159457994408,0.9924538471904056,0.6828831312017639
T060_P10_H0800_I0600_CN010_F1,California,unlimited_useful_deadline,unlimited,central_only,targeted_central,all_useful,deadline,-1.0,0.0,0.0,1.0,none,0.0,0,applicable,32.0,0.0,,0.0,4395.0,1328904.0,80026.83839996159,446.0,353.5,0.4417268094901643,60.113154172560115,4.0,73.63401566730371,73.63401566730371,73.63401566730371,73.63401566730371,6.25,6.25,6.25,6.25,78.125,0.0,0.0,7.0,0.0,2.0,30.0,49.24166666666667,49.34166666666667,49.354166666666664,49.36666666666667,2.0,30.0,49.36666666666667,193.5,2.6666666666666665,0.8720833333333333,1.0,0.0,0.0,6.0,0.0,33.33333333333333,16.0,100.0,0.0,9.0,100.0,0.0,COMPLETED,60,10,800.0,60.0,10.0,6,f8026b0abd629f0b,T060_P10_H0800_I0600_F1,0.9625,True,0.6672765974768823,412,0.0,5.68,0.7049553149787495,376,0.03225806451612903,0.78125,0.9676159457994408,0.9578201500247047,0.7858324145534729
T060_P10_H0800_I0600_CN020_F1,California,unlimited_useful_deadline,unlimited,central_only,targeted_central,all_useful,deadline,-1.0,0.0,0.0,1.0,none,0.0,0,applicable,32.0,0.0,,0.0,7760.0,2056240.0,93991.68959991945,669.0,551.0,0.5862220397839004,80.8529945553539,6.0,89.08482142857144,89.08482142857144,89.08482142857144,89.08482142857144,71.875,71.875,71.875,71.875,78.125,0.0,0.0,7.0,0.0,23.0,9.0,115.66944444444476,146.98763888889417,158.69298611111745,164.36736111111435,23.0,9.0,164.36736111111435,202.0,5.816666666666666,0.7462273161413564,1.0,0.0,0.0,6.0,0.0,33.33333333333333,16.0,100.0,75.0,9.0,100.0,100.0,COMPLETED,60,10,800.0,60.0,20.0,12,8b6af33697182059,T060_P10_H0800_I0600_F1,0.7636876006441223,False,0.7043792493643257,365,0.0,0.0,0.6904319777925859,391,0.7096774193548387,0.78125,0.6070894409478071,0.9234110407402416,0.43073198792004197
T060_P10_H0800_I0600_CN030_F1,California,unlimited_useful_deadline,unlimited,central_only,targeted_central,all_useful,deadline,-1.0,0.0,0.0,1.0,none,0.0,0,applicable,32.0,0.0,,0.0,11050.0,2838832.0,109017.45599987445,811.0,698.0,0.6402644361842418,90.97421203438395,9.0,93.4375,93.4375,93.4375,93.4375,84.375,84.375,84.375,84.375,87.5,0.0,0.0,4.0,0.0,27.0,5.0,90.41944444444962,116.14222222222249,146.91638888889344,164.36736111111435,27.0,5.0,164.36736111111435,202.5,8.258333333333333,0.694668684830138,1.0,0.0,0.0,6.0,50.0,33.33333333333333,16.0,100.0,100.0,9.0,100.0,100.0,COMPLETED,60,10,800.0,60.0,30.0,18,632126a7efe1a492,T060_P10_H0800_I0600_F1,0.912448559670782,False,0.789268298997036,201,0.0,0.0,0.7821545718331613,205,0.8387096774193549,0.875,0.6070894409478071,0.8935386066567848,0.6964351341418596
T060_P10_H0800_I0600_CN040_F1,California,unlimited_useful_deadline,unlimited,central_only,targeted_central,all_useful,deadline,-1.0,0.0,0.0,1.0,none,0.0,0,applicable,32.0,0.0,,0.0,13938.0,3629168.0,124191.90719982734,990.0,893.0,0.7190484630879729,94.68085106382979,5.0,97.91666666666666,97.91666666666666,97.91666666666666,97.91666666666666,93.75,93.75,93.75,93.75,90.625,0.0,0.0,3.0,0.0,30.0,2.0,85.59305555555724,115.78763888888919,140.4738888888924,164.36736111111435,30.0,2.0,164.36736111111435,230.5,11.041666666666666,0.6876100628930819,1.0,0.0,0.0,6.0,66.66666666666666,83.33333333333334,16.0,100.0,100.0,9.0,100.0,100.0,COMPLETED,60,10,800.0,60.0,40.0,24,e9cb351a40161d10,T060_P10_H0800_I0600_F1,0.9081327160493826,False,0.8117186586492431,149,0.0,0.0,0.799380793656534,160,0.9354838709677419,0.90625,0.6070894409478071,0.8593540852535598,0.6887265711135608
T060_P10_H0800_I0600_CN050_F1,California,unlimited_useful_deadline,unlimited,central_only,targeted_central,all_useful,deadline,-1.0,0.0,0.0,1.0,none,0.0,0,applicable,32.0,0.0,,0.0,17411.0,4438564.0,139732.3103997702,1117.0,1010.0,0.7228106349278978,96.23762376237623,10.0,95.625,95.625,95.625,95.625,90.625,90.625,90.625,90.625,90.625,0.0,0.0,3.0,0.0,29.0,3.0,76.71736111111653,90.1555555555557,90.7631944444447,98.73472222222432,29.0,3.0,98.73472222222432,217.5,13.208333333333334,0.6036908517350159,1.0,0.0,0.0,6.0,66.66666666666666,66.66666666666666,16.0,100.0,100.0,9.0,100.0,100.0,COMPLETED,60,10,800.0,60.0,50.0,30,28678a9832d2f786,T060_P10_H0800_I0600_F1,0.952713920817369,False,0.8513142817685264,98,0.0,0.0,0.844570662434046,98,0.9032258064516129,0.90625,0.8128473802116545,0.8321767057449581,0.7683534197620041
T060_P10_H0800_I0600_CN060_F1,California,unlimited_useful_deadline,unlimited,central_only,targeted_central,all_useful,deadline,-1.0,0.0,0.0,1.0,none,0.0,0,applicable,32.0,0.0,,0.0,20211.0,5472344.0,159580.8863997219,1239.0,1127.5,0.7065382486821209,97.64966740576497,8.0,95.20833333333334,95.20833333333334,95.20833333333334,95.20833333333334,84.375,84.375,84.375,84.375,90.625,0.0,0.0,3.0,0.0,27.0,5.0,77.01944444444817,87.95138888888934,91.52638888889142,97.36736111111288,27.0,5.0,97.36736111111288,245.0,14.708333333333334,0.6345136921624175,1.0,0.0,0.0,6.0,66.66666666666666,33.33333333333333,16.0,100.0,100.0,9.0,100.0,100.0,COMPLETED,60,10,800.0,60.0,60.0,36,df4348a545795659,T060_P10_H0800_I0600_F1,0.980315500685871,False,0.8379930345048034,103,0.0,0.0,0.8369401918196744,104,0.8387096774193549,0.90625,0.8171340493021371,0.8049544086601087,0.8176528237167706
T060_P10_H0800_I0600_CN070_F1,California,unlimited_useful_deadline,unlimited,central_only,targeted_central,all_useful,deadline,-1.0,0.0,0.0,1.0,none,0.0,0,applicable,32.0,0.0,,0.0,23318.0,6500268.0,179317.02719966395,1427.0,1335.5,0.7447703215116109,98.951703481842,13.0,97.91666666666666,97.91666666666666,97.91666666666666,97.91666666666666,93.75,93.75,93.75,93.75,90.625,0.0,0.0,3.0,0.0,30.0,2.0,63.06770833333697,72.40409722222267,73.5138888888897,76.71736111111653,30.0,2.0,76.71736111111653,208.5,18.783333333333335,0.6311594202898552,1.0,0.0,0.0,6.0,66.66666666666666,83.33333333333334,16.0,100.0,100.0,9.0,100.0,100.0,COMPLETED,60,10,800.0,60.0,70.0,42,86e2a67dcf6774f0,T060_P10_H0800_I0600_F1,0.9639351851851852,False,0.8636750810700846,73,0.0,0.0,0.8563206780398893,75,0.9354838709677419,0.90625,0.8818716785934214,0.7696020302744464,0.7883958103638367
T060_P10_H0800_I0600_CN080_F1,California,unlimited_useful_deadline,unlimited,central_only,targeted_central,all_useful,deadline,-1.0,0.0,0.0,1.0,none,0.0,0,applicable,32.0,0.0,,0.0,26428.0,7528384.0,199056.85439960135,1559.0,1460.5,0.7337099766823829,98.59637110578569,11.0,97.91666666666666,97.91666666666666,97.91666666666666,97.91666666666666,93.75,93.75,93.75,93.75,90.625,0.0,0.0,3.0,0.0,30.0,2.0,59.501041666666794,71.25409722222298,72.18388888889271,78.71736111111217,30.0,2.0,78.71736111111217,225.0,20.591666666666665,0.5275664373398086,1.0,0.0,0.0,6.0,66.66666666666666,83.33333333333334,16.0,100.0,100.0,9.0,100.0,100.0,COMPLETED,60,10,800.0,60.0,80.0,48,dc0217c79112f713,T060_P10_H0800_I0600_F1,0.9520524691358024,False,0.8536582990464607,95,0.0,0.0,0.8452427052775665,97,0.9354838709677419,0.90625,0.8756016902843508,0.7417059695458833,0.7671719955898565
T060_P10_H0800_I0600_CN090_F1,California,unlimited_useful_deadline,unlimited,central_only,targeted_central,all_useful,deadline,-1.0,0.0,0.0,1.0,none,0.0,0,applicable,32.0,0.0,,0.0,29481.0,8703740.0,221623.68959953834,1711.0,1625.5,0.7334504731588883,99.32328514303292,14.0,97.91666666666666,97.91666666666666,97.91666666666666,97.91666666666666,93.75,93.75,93.75,93.75,90.625,0.0,0.0,3.0,0.0,30.0,2.0,52.00104166666897,70.73472222223475,70.96388888889787,71.20069444444489,30.0,2.0,71.20069444444489,204.5,23.683333333333334,0.49211822660098536,1.0,0.0,0.0,6.0,66.66666666666666,83.33333333333334,16.0,100.0,100.0,9.0,100.0,100.0,COMPLETED,60,10,800.0,60.0,90.0,54,3168b32d5da602cd,T060_P10_H0800_I0600_F1,0.9492438271604938,False,0.8513208661874927,97,0.0,0.0,0.8426544455167241,100,0.9354838709677419,0.90625,0.8991663963459947,0.7102165027175134,0.7621554575523704
T060_P10_H0800_I0600_CN100_F1,California,unlimited_useful_deadline,unlimited,central_only,targeted_central,all_useful,deadline,-1.0,0.0,0.0,1.0,none,0.0,0,applicable,32.0,0.0,,0.0,32551.0,9893444.0,244466.00639947085,1858.0,1780.5,0.7283221198003968,100.0,16.0,98.4375,98.4375,98.4375,98.4375,96.875,96.875,96.875,96.875,90.625,0.0,0.0,3.0,0.0,31.0,1.0,46.367361111111435,60.45347222223015,64.96215277780115,66.60277777780236,31.0,1.0,66.60277777780236,174.5,26.766666666666666,0.4381797426317975,1.0,0.0,0.0,6.0,66.66666666666666,100.0,16.0,100.0,100.0,9.0,100.0,100.0,COMPLETED,60,10,800.0,60.0,100.0,60,755dcebade4ef802,T060_P10_H0800_I0600_F1,0.960394265232975,False,0.8591374307082937,86,0.0,0.0,0.8498539011710033,89,0.967741935483871,0.90625,0.913580838218991,0.6796253874140952,0.7820713447380588
T060_P10_H0800_I0800_CN010_F1,California,unlimited_useful_deadline,unlimited,central_only,targeted_central,all_useful,deadline,-1.0,0.0,0.0,1.0,none,0.0,0,applicable,32.0,0.0,,0.0,7564.0,1753576.0,69233.9103999309,458.0,355.5,0.5134767023073635,86.07594936708861,6.0,75.8447254499886,75.8447254499886,75.8447254499886,75.8447254499886,59.375,59.375,59.375,59.375,78.125,0.0,7.0,0.0,7.0,19.0,13.0,129.23333333333332,222.47999999999993,307.425,311.85,19.0,13.0,311.85,71.5,4.733333333333333,0.9049295774647887,1.0,0.0,0.0,6.0,0.0,0.0,16.0,100.0,75.0,9.0,100.0,77.77777777777779,COMPLETED,60,10,800.0,80.0,10.0,6,15f7f77c76b54867,T060_P10_H0800_I0800_F1,0.7882797270955165,True,0.5930842597291965,496,0.0,0.0,0.5877848108099251,503,0.5806451612903226,0.78125,0.14473223013469672,0.9576404797197142,0.4746561829048916
T060_P10_H0800_I0800_CN020_F1,California,unlimited_useful_deadline,unlimited,central_only,targeted_central,all_useful,deadline,-1.0,0.0,0.0,1.0,none,0.0,0,applicable,32.0,0.0,,0.0,14210.0,3133356.0,95725.6863998557,623.0,519.0,0.5421742267086866,97.01348747591523,7.0,78.125,78.125,78.125,78.125,78.125,78.125,78.125,78.125,78.125,0.0,7.0,0.0,7.0,25.0,7.0,89.63472222222238,106.45555555555562,108.68166666666662,117.20069444444476,25.0,7.0,117.20069444444476,64.0,7.675,0.8170285921100253,1.0,0.0,0.0,6.0,0.0,0.0,16.0,100.0,100.0,9.0,100.0,100.0,COMPLETED,60,10,800.0,80.0,20.0,12,0a7b92932f552baa,T060_P10_H0800_I0800_F1,0.9053333333333334,True,0.7886058589352369,204,0.0,0.0,0.78408251007156,198,0.7741935483870968,0.78125,0.7549566652370553,0.926285765620087,0.6837265711135613
T060_P10_H0800_I0800_CN030_F1,California,unlimited_useful_deadline,unlimited,central_only,targeted_central,all_useful,deadline,-1.0,0.0,0.0,1.0,none,0.0,0,applicable,32.0,0.0,,0.0,21676.0,4601752.0,123918.88959975727,776.0,675.5,0.545114632790676,99.6299037749815,7.0,84.375,84.375,84.375,84.375,78.125,78.125,78.125,78.125,90.625,0.0,2.0,1.0,2.0,25.0,7.0,65.80138888888905,87.30138888888897,91.42916666666696,103.73472222222627,25.0,7.0,103.73472222222627,64.5,10.366666666666667,0.7636923901393355,1.0,0.0,0.0,6.0,66.66666666666666,0.0,16.0,100.0,100.0,9.0,100.0,100.0,COMPLETED,60,10,800.0,80.0,30.0,18,cde6eea29efb478b,T060_P10_H0800_I0800_F1,0.9792037037037037,True,0.8356949036289385,107,0.0,2.68,0.8377685779185142,103,0.7741935483870968,0.90625,0.7971724094389374,0.8955598975879262,0.8156670341786106
T060_P10_H0800_I0800_CN040_F1,California,unlimited_useful_deadline,unlimited,central_only,targeted_central,all_useful,deadline,-1.0,0.0,0.0,1.0,none,0.0,0,applicable,32.0,0.0,,0.0,26976.0,5892260.0,148696.64319967153,949.0,859.0,0.5776862083204697,100.0,8.0,93.75,93.75,93.75,93.75,90.625,90.625,90.625,90.625,93.75,0.0,1.0,1.0,1.0,29.0,3.0,63.934722222230874,71.20416666666648,72.040972222222,82.73472222222966,29.0,3.0,82.73472222222966,98.0,13.641666666666667,0.7322235797189982,1.0,0.0,0.0,6.0,83.33333333333334,66.66666666666666,16.0,100.0,100.0,9.0,100.0,100.0,COMPLETED,60,10,800.0,80.0,40.0,24,ed31c0e53d126d8b,T060_P10_H0800_I0800_F1,0.9425766283524905,True,0.8709266730525003,64,0.0,0.0,0.863277738734938,63,0.9032258064516129,0.9375,0.8630072866843124,0.8624084804383956,0.7502471201003688
T060_P10_H0800_I0800_CN050_F1,California,unlimited_useful_deadline,unlimited,central_only,targeted_central,all_useful,deadline,-1.0,0.0,0.0,1.0,none,0.0,0,applicable,32.0,0.0,,0.0,33497.0,7351720.0,176718.27519955987,1115.0,1039.5,0.5882243920874285,100.0,8.0,95.3125,95.3125,95.3125,95.3125,90.625,90.625,90.625,90.625,96.875,0.0,1.0,0.0,1.0,29.0,3.0,56.18958333333551,65.27083333333333,65.66138888888887,78.73472222222239,29.0,3.0,78.73472222222239,104.5,16.65,0.6523023023023025,1.0,0.0,0.0,6.0,100.0,66.66666666666666,16.0,100.0,100.0,9.0,100.0,100.0,COMPLETED,60,10,800.0,80.0,50.0,30,c00838bb243ab124,T060_P10_H0800_I0800_F1,0.9704022988505746,True,0.8805632341425083,47,0.0,0.13,0.8753992825265391,41,0.9032258064516129,0.96875,0.8755472633025039,0.8295265687463504,0.7999467741322279
T060_P10_H0800_I0800_CN060_F1,California,unlimited_useful_deadline,unlimited,central_only,targeted_central,all_useful,deadline,-1.0,0.0,0.0,1.0,none,0.0,0,applicable,32.0,0.0,,0.0,38885.0,8819864.0,204906.63999946372,1254.0,1173.0,0.5724558267136047,100.0,9.0,92.1875,92.1875,92.1875,92.1875,87.5,87.5,87.5,87.5,96.875,0.0,1.0,0.0,1.0,28.0,4.0,57.33437499999976,68.14965277777765,69.20052083333351,73.73472222222239,28.0,4.0,73.73472222222239,103.5,18.666666666666668,0.6402232142857143,1.0,0.0,0.0,6.0,100.0,50.0,16.0,100.0,100.0,9.0,100.0,100.0,COMPLETED,60,10,800.0,80.0,60.0,36,a370108d115afb7c,T060_P10_H0800_I0800_F1,0.9388723544973545,False,0.8614543971563026,78,0.0,0.0,0.8550875543972193,78,0.8709677419354839,0.96875,0.8912222340752147,0.8008669092215784,0.7436308867538194
T060_P10_H0800_I0800_CN070_F1,California,unlimited_useful_deadline,unlimited,central_only,targeted_central,all_useful,deadline,-1.0,0.0,0.0,1.0,none,0.0,0,applicable,32.0,0.0,,0.0,44386.0,10285472.0,233046.31359934487,1433.0,1361.5,0.5842186383349972,100.0,9.0,93.75,93.75,93.75,93.75,90.625,90.625,90.625,90.625,96.875,0.0,1.0,0.0,1.0,29.0,3.0,42.55138888888857,58.04166666667338,61.05611111111869,66.7347222222248,29.0,3.0,66.7347222222248,118.5,21.683333333333334,0.5159364591339994,1.0,0.0,0.0,6.0,100.0,66.66666666666666,16.0,100.0,100.0,9.0,100.0,100.0,COMPLETED,60,10,800.0,80.0,70.0,42,2f18d35afb6f23b2,T060_P10_H0800_I0800_F1,0.9529693486590038,False,0.8709645997290825,63,0.0,0.0,0.86424379148079,61,0.9032258064516129,0.96875,0.9131671931570023,0.767266316309572,0.768809641485762
T060_P10_H0800_I0800_CN080_F1,California,unlimited_useful_deadline,unlimited,central_only,targeted_central,all_useful,deadline,-1.0,0.0,0.0,1.0,none,0.0,0,applicable,32.0,0.0,,0.0,49822.0,11856304.0,263206.2879992292,1585.0,1532.5,0.5822429287876617,100.0,11.0,97.65625,97.65625,97.65625,97.65625,93.75,93.75,93.75,93.75,100.0,0.0,0.0,0.0,0.0,30.0,2.0,42.97638888889863,55.44097222222877,57.04600694444508,60.73472222222238,30.0,2.0,60.73472222222238,96.0,24.458333333333332,0.44259511641113014,1.0,100.0,0.0,6.0,100.0,83.33333333333334,16.0,100.0,100.0,9.0,100.0,100.0,COMPLETED,60,10,800.0,80.0,80.0,48,0c82a821990b6148,T060_P10_H0800_I0800_F1,0.965216049382716,True,0.8859165029044488,37,0.0,0.01,0.8786764879668665,35,0.9354838709677419,1.0,0.931977158084263,0.7352378385662309,0.7906835722160968
T060_P10_H0800_I0800_CN090_F1,California,unlimited_useful_deadline,unlimited,central_only,targeted_central,all_useful,deadline,-1.0,0.0,0.0,1.0,none,0.0,0,applicable,32.0,0.0,,0.0,55232.0,13465756.0,294107.766399099,1739.0,1687.5,0.5737692753444982,100.0,11.0,98.4375,98.4375,98.4375,98.4375,96.875,96.875,96.875,96.875,100.0,0.0,0.0,0.0,0.0,31.0,1.0,41.01944444444428,48.16875,49.334375000002666,50.73472222222287,31.0,1.0,50.73472222222287,112.5,27.091666666666665,0.4395621859940533,1.0,100.0,0.0,6.0,100.0,100.0,16.0,100.0,100.0,9.0,100.0,100.0,COMPLETED,60,10,800.0,80.0,90.0,54,fc89a11de578d09e,T060_P10_H0800_I0800_F1,0.9762992831541218,True,0.897102162238278,14,0.0,12.65,0.8892390367270213,13,0.967741935483871,1.0,0.9633270996296831,0.7046467232628127,0.8104794252587401
T060_P10_H0800_I0800_CN100_F1,California,unlimited_useful_deadline,unlimited,central_only,targeted_central,all_useful,deadline,-1.0,0.0,0.0,1.0,none,0.0,0,applicable,32.0,0.0,,0.0,60451.0,15080612.0,325113.00159896,1899.0,1848.0,0.5684177473405331,100.0,11.0,98.4375,98.4375,98.4375,98.4375,96.875,96.875,96.875,96.875,100.0,0.0,0.0,0.0,0.0,31.0,1.0,40.036805555555716,47.367361111111435,47.95173611111168,52.036805555555716,31.0,1.0,52.036805555555716,105.5,29.825,0.3656654559001584,1.0,100.0,0.0,6.0,100.0,100.0,16.0,100.0,100.0,9.0,100.0,100.0,COMPLETED,60,10,800.0,80.0,100.0,60,9cd25b583ac730ee,T060_P10_H0800_I0800_F1,0.9776284348864994,True,0.8904248170731386,28,0.0,1.39,0.8826803919922266,26,0.967741935483871,1.0,0.9592450759909579,0.6735615146206712,0.8128534338656328
T060_P10_H0800_I0986_CN010_F1,California,unlimited_useful_deadline,unlimited,central_only,targeted_central,all_useful,deadline,-1.0,0.0,0.0,1.0,none,0.0,0,applicable,32.0,0.0,,0.0,8407.0,2965356.0,92117.09439991254,437.0,346.5,0.37615168200564625,85.28138528138528,5.0,75.06152039663553,75.06152039663553,75.06152039663553,75.06152039663553,31.25,31.25,31.25,31.25,78.125,0.0,6.0,1.0,6.0,10.0,22.0,121.32638888888954,175.18333333333334,175.25833333333333,175.33333333333334,10.0,22.0,175.33333333333334,79.5,4.45,0.9152933832709114,1.0,0.0,100.0,6.0,0.0,0.0,16.0,100.0,56.25,9.0,100.0,0.0,COMPLETED,60,10,800.0,98.6,10.0,6,f57835ee1401aff0,T060_P10_H0800_I0986_F1,0.719537037037037,True,0.5878438274434459,498,0.0,0.0,0.590921413956943,499,0.2903225806451613,0.78125,0.5727111821322788,0.9584489960921708,0.3518743109151045
T060_P10_H0800_I0986_CN020_F1,California,unlimited_useful_deadline,unlimited,central_only,targeted_central,all_useful,deadline,-1.0,0.0,0.0,1.0,none,0.0,0,applicable,32.0,0.0,,0.0,15186.0,5399588.0,138854.34879984785,646.0,548.0,0.39465814699827423,98.17518248175182,11.0,83.59375,83.59375,83.59375,83.59375,81.25,81.25,81.25,81.25,78.125,0.0,3.0,4.0,3.0,26.0,6.0,80.61875000001098,116.2364583333337,116.97690972222226,117.36736111111095,26.0,6.0,117.36736111111095,76.0,8.15,0.8328902522154056,1.0,0.0,100.0,6.0,0.0,0.0,16.0,100.0,100.0,9.0,100.0,100.0,COMPLETED,60,10,800.0,98.6,20.0,12,56b34dc070942690,T060_P10_H0800_I0986_F1,0.923735754985755,True,0.8009751383884701,173,0.0,0.15,0.7964823219702616,169,0.8064516129032258,0.78125,0.7544341662112997,0.9236805461977271,0.7165952845390551
T060_P10_H0800_I0986_CN030_F1,California,unlimited_useful_deadline,unlimited,central_only,targeted_central,all_useful,deadline,-1.0,0.0,0.0,1.0,none,0.0,0,applicable,32.0,0.0,,0.0,22342.0,7897440.0,186813.10719976242,833.0,757.0,0.40521781974887183,99.60369881109644,9.0,98.4375,98.4375,98.4375,98.4375,93.75,93.75,93.75,93.75,96.875,0.0,0.0,1.0,0.0,30.0,2.0,57.33437499999976,76.25798611111081,81.10986111111308,85.73472222222675,30.0,2.0,85.73472222222675,95.0,11.691666666666666,0.7647540983606558,1.0,0.0,100.0,6.0,100.0,66.66666666666666,16.0,100.0,100.0,9.0,100.0,100.0,COMPLETED,60,10,800.0,98.6,30.0,18,334cad44a2186206,T060_P10_H0800_I0986_F1,0.9548456790123456,True,0.8918132406527183,26,2.02,23.46,0.8836470956159077,23,0.9354838709677419,0.96875,0.853602304220695,0.8882383326595696,0.7721609702315323
T060_P10_H0800_I0986_CN040_F1,California,unlimited_useful_deadline,unlimited,central_only,targeted_central,all_useful,deadline,-1.0,0.0,0.0,1.0,none,0.0,0,applicable,32.0,0.0,,0.0,30841.0,10699004.0,240603.13599961362,964.0,888.5,0.3692803073029883,100.0,11.0,100.0,100.0,100.0,100.0,100.0,100.0,100.0,100.0,96.875,0.0,0.0,1.0,0.0,32.0,0.0,53.53437500000041,63.93437500000123,65.19201388889475,66.10347222223257,32.0,0.0,66.10347222223257,77.5,13.958333333333334,0.7170248756218907,1.0,0.0,100.0,6.0,100.0,100.0,16.0,100.0,100.0,9.0,100.0,100.0,COMPLETED,60,10,800.0,98.6,40.0,24,b61601c68bb1d296,T060_P10_H0800_I0986_F1,0.970066550925926,True,0.9186329641406255,1,43.44,62.98,0.9086003187437125,1,1.0,0.96875,0.9151461582170327,0.859758343439788,0.7993470920617419
T060_P10_H0800_I0986_CN050_F1,California,unlimited_useful_deadline,unlimited,central_only,targeted_central,all_useful,deadline,-1.0,0.0,0.0,1.0,none,0.0,0,applicable,32.0,0.0,,0.0,36275.0,13010100.0,284976.17919957323,1132.0,1057.5,0.3710836474017768,99.71631205673759,7.0,99.21875,99.21875,99.21875,99.21875,96.875,96.875,96.875,96.875,96.875,0.0,0.0,1.0,0.0,31.0,1.0,50.6027777777781,73.06875,73.46111111112192,73.93680555555548,31.0,1.0,73.93680555555548,71.5,16.583333333333332,0.6425460636515914,1.0,0.0,100.0,6.0,100.0,83.33333333333334,16.0,100.0,100.0,9.0,100.0,100.0,COMPLETED,60,10,800.0,98.6,50.0,30,a034d9a10c31b226,T060_P10_H0800_I0986_F1,0.9677120669056153,False,0.8986563912529981,13,0.0,9.91,0.8900263809389534,9,0.967741935483871,0.96875,0.890588704006485,0.8279095360014374,0.7951417292029731
T060_P10_H0800_I0986_CN060_F1,California,unlimited_useful_deadline,unlimited,central_only,targeted_central,all_useful,deadline,-1.0,0.0,0.0,1.0,none,0.0,0,applicable,32.0,0.0,,0.0,44338.0,15842936.0,339366.63039941445,1284.0,1213.5,0.35757787928995327,100.0,10.0,100.0,100.0,100.0,100.0,100.0,100.0,100.0,100.0,96.875,0.0,0.0,1.0,0.0,32.0,0.0,49.80138888889026,59.66875000000112,61.32065972222282,62.904861111112886,32.0,0.0,62.904861111112886,154.5,19.158333333333335,0.6512324198927071,1.0,0.0,100.0,6.0,100.0,100.0,16.0,100.0,100.0,9.0,100.0,100.0,COMPLETED,60,10,800.0,98.6,60.0,36,69baa36a3048ab7a,T060_P10_H0800_I0986_F1,0.9635561342592592,True,0.9063882918478509,4,0.0,21.0,0.895774231070563,4,1.0,0.96875,0.9251737853530466,0.797228585545524,0.7877187844542446
T060_P10_H0800_I0986_CN070_F1,California,unlimited_useful_deadline,unlimited,central_only,targeted_central,all_useful,deadline,-1.0,0.0,0.0,1.0,none,0.0,0,applicable,32.0,0.0,,0.0,50618.0,18395932.0,388384.1535993421,1447.0,1382.0,0.3558332612678307,99.78292329956585,11.0,100.0,100.0,100.0,100.0,100.0,100.0,100.0,100.0,96.875,0.0,0.0,1.0,0.0,32.0,0.0,45.034375000000225,52.536805555563696,55.83940972222263,57.7555555555904,32.0,0.0,57.7555555555904,152.5,22.158333333333335,0.6096840917638211,1.0,0.0,100.0,6.0,100.0,100.0,16.0,100.0,100.0,9.0,100.0,100.0,COMPLETED,60,10,800.0,98.6,70.0,42,899c1763f4aadc8a,T060_P10_H0800_I0986_F1,0.9708333333333333,True,0.9052058020142568,5,0.0,17.51,0.8952416344288103,5,1.0,0.96875,0.9413168281695611,0.7654246956834209,0.8007166482910694
T060_P10_H0800_I0986_CN080_F1,California,unlimited_useful_deadline,unlimited,central_only,targeted_central,all_useful,deadline,-1.0,0.0,0.0,1.0,none,0.0,0,applicable,32.0,0.0,,0.0,56270.0,20890512.0,436280.08959922445,1605.0,1549.5,0.35516174974278597,99.9677315262988,11.0,100.0,100.0,100.0,100.0,100.0,100.0,100.0,100.0,96.875,0.0,0.0,1.0,0.0,32.0,0.0,46.41909722222384,59.54472222222222,61.39600694444456,64.20069444444441,32.0,0.0,64.20069444444441,151.0,24.758333333333333,0.5305901492202401,1.0,0.0,100.0,6.0,100.0,100.0,16.0,100.0,100.0,9.0,100.0,100.0,COMPLETED,60,10,800.0,98.6,80.0,48,2732ec4b990afc3b,T060_P10_H0800_I0986_F1,0.9711226851851852,True,0.8948994185746979,20,0.0,0.01,0.8849610916728237,20,1.0,0.96875,0.9211113554277913,0.733710640973813,0.8012334619625137
T060_P10_H0800_I0986_CN090_F1,California,unlimited_useful_deadline,unlimited,central_only,targeted_central,all_useful,deadline,-1.0,0.0,0.0,1.0,none,0.0,0,applicable,32.0,0.0,,0.0,62453.0,23541028.0,487169.9967991146,1745.0,1692.5,0.3474146624628662,100.0,10.0,100.0,100.0,100.0,100.0,100.0,100.0,100.0,100.0,96.875,0.0,0.0,1.0,0.0,32.0,0.0,43.68472222223136,49.01597222225513,50.715659722229454,54.20069444445095,32.0,0.0,54.20069444445095,105.0,26.916666666666668,0.5128792569659444,1.0,0.0,100.0,6.0,100.0,100.0,16.0,100.0,100.0,9.0,100.0,100.0,COMPLETED,60,10,800.0,98.6,90.0,54,9ea01dc8d762640b,T060_P10_H0800_I0986_F1,0.9744357638888889,True,0.8961544156697886,17,0.0,0.3,0.8865119645948161,17,1.0,0.96875,0.9524612969731926,0.7041975475003369,0.8071509785005511
T060_P10_H0800_I0986_CN100_F1,California,unlimited_useful_deadline,unlimited,central_only,targeted_central,all_useful,deadline,-1.0,0.0,0.0,1.0,none,0.0,0,applicable,32.0,0.0,,0.0,68444.0,26155168.0,537361.4847990024,1900.0,1850.0,0.3442747670484765,100.0,12.0,100.0,100.0,100.0,100.0,100.0,100.0,100.0,100.0,96.875,0.0,0.0,1.0,0.0,32.0,0.0,39.01840277777785,48.639236111114585,49.04618055557742,50.200694444445496,32.0,0.0,50.200694444445496,116.0,29.375,0.4415366430260048,1.0,0.0,100.0,6.0,100.0,100.0,16.0,100.0,100.0,9.0,100.0,100.0,COMPLETED,60,10,800.0,98.6,100.0,60,48731119e16388ed,T060_P10_H0800_I0986_F1,0.9771267361111112,True,0.8932202254281594,22,0.0,4.89,0.8838180927104086,22,1.0,0.96875,0.9650012735913783,0.6733818443156808,0.8119573456449836
T060_P10_H1000_I0600_CN000_F1,California,unlimited_useful_deadline,unlimited,central_only,targeted_central,all_useful,deadline,-1.0,0.0,0.0,1.0,none,0.0,0,applicable,32.0,0.0,,0.0,1203.0,823388.0,82338.8,207.0,163.0,0.1979625644289205,0.0,1.0,50.37799873737374,50.37799873737374,50.37799873737374,50.37799873737374,3.125,3.125,3.125,3.125,78.125,0.0,0.0,7.0,0.0,1.0,31.0,48.11666666666667,48.11666666666667,48.11666666666667,48.11666666666667,1.0,31.0,48.11666666666667,163.0,0.0,0.0,1.0,0.0,0.0,6.0,0.0,16.666666666666664,16.0,100.0,0.0,9.0,100.0,0.0,COMPLETED,60,10,1000.0,60.0,0.0,0,fb806df049b4d879,T060_P10_H1000_I0600_F1,1.0243055555555556,True,0.683310592562961,395,11.32,14.85,0.72812178330166,326,0.0,0.78125,0.9715346884926185,0.9916004132417015,0.89622381477398
T060_P10_H1000_I0600_CN010_F1,California,unlimited_useful_deadline,unlimited,central_only,targeted_central,all_useful,deadline,-1.0,0.0,0.0,1.0,none,0.0,0,applicable,32.0,0.0,,0.0,4212.0,1439780.0,94173.52639996614,460.0,367.5,0.3902370592338062,61.08843537414966,4.0,76.9971106791759,76.9971106791759,76.9971106791759,76.9971106791759,9.375,9.375,9.375,9.375,78.125,0.0,0.0,7.0,0.0,3.0,29.0,118.80277777777786,119.46833333333339,119.55152777777782,119.63472222222227,3.0,29.0,119.63472222222227,204.5,2.716666666666667,0.8799591002044991,1.0,0.0,0.0,6.0,0.0,16.666666666666664,16.0,100.0,12.5,9.0,100.0,0.0,COMPLETED,60,10,1000.0,60.0,10.0,6,292671332e185950,T060_P10_H1000_I0600_F1,0.8820987654320988,True,0.6094907926695865,481,0.0,0.01,0.6383763423370474,439,0.06451612903225806,0.78125,0.7473260023817294,0.9565624578897722,0.6422271223814773
T060_P10_H1000_I0600_CN020_F1,California,unlimited_useful_deadline,unlimited,central_only,targeted_central,all_useful,deadline,-1.0,0.0,0.0,1.0,none,0.0,0,applicable,32.0,0.0,,0.0,7386.0,2125172.0,107333.0527999285,671.0,552.0,0.5142870584599339,78.89492753623189,6.0,90.27680652680652,90.27680652680652,90.27680652680652,90.27680652680652,71.875,71.875,71.875,71.875,78.125,0.0,0.0,7.0,0.0,23.0,9.0,122.20069444444441,137.01666666667055,160.0815972222234,167.20069444444488,23.0,9.0,167.20069444444488,223.0,5.483333333333333,0.7363221884498481,1.0,0.0,0.0,6.0,0.0,16.666666666666664,16.0,100.0,81.25,9.0,100.0,100.0,COMPLETED,60,10,1000.0,60.0,20.0,12,de8ada6de8e64933,T060_P10_H1000_I0600_F1,0.7489734299516909,False,0.6986426208411158,377,0.0,0.0,0.6833812943343298,398,0.7096774193548387,0.78125,0.5982069575099465,0.9233212055877464,0.4044508892191171
T060_P10_H1000_I0600_CN030_F1,California,unlimited_useful_deadline,unlimited,central_only,targeted_central,all_useful,deadline,-1.0,0.0,0.0,1.0,none,0.0,0,applicable,32.0,0.0,,0.0,10477.0,2862464.0,121489.05919988886,798.0,672.5,0.5535477881127713,86.6914498141264,6.0,91.35416666666667,91.35416666666667,91.35416666666667,91.35416666666667,81.25,81.25,81.25,81.25,78.125,0.0,0.0,7.0,0.0,26.0,6.0,109.37708333334012,120.91909722222894,153.15972222222317,167.20069444444488,26.0,6.0,167.20069444444488,223.5,7.483333333333333,0.6640311804008909,1.0,0.0,0.0,6.0,0.0,16.666666666666664,16.0,100.0,100.0,9.0,100.0,100.0,COMPLETED,60,10,1000.0,60.0,30.0,18,73fba4ca667cf02c,T060_P10_H1000_I0600_F1,0.9061075498575498,False,0.7594365861586914,276,0.0,0.0,0.7533694757874677,277,0.8064516129032258,0.78125,0.5982069575099465,0.8958294030454117,0.6851094054787548
T060_P10_H1000_I0600_CN040_F1,California,unlimited_useful_deadline,unlimited,central_only,targeted_central,all_useful,deadline,-1.0,0.0,0.0,1.0,none,0.0,0,applicable,32.0,0.0,,0.0,13233.0,3604136.0,135729.16159984446,948.0,828.5,0.6104067764321542,91.85274592637296,6.0,92.5,92.5,92.5,92.5,81.25,81.25,81.25,81.25,81.25,0.0,0.0,6.0,0.0,26.0,6.0,101.5854166666669,125.88645833333479,153.50190972222327,167.20069444444488,26.0,6.0,167.20069444444488,237.0,9.858333333333333,0.6528176951253875,1.0,0.0,0.0,6.0,16.666666666666664,16.666666666666664,16.0,100.0,100.0,9.0,100.0,100.0,COMPLETED,60,10,1000.0,60.0,40.0,24,82b2804d29d481ba,T060_P10_H1000_I0600_F1,0.9255519943019944,False,0.7647598778756673,262,0.0,0.0,0.7604292614404968,258,0.8064516129032258,0.8125,0.5982069575099465,0.8651484525894982,0.7198392841998135
T060_P10_H1000_I0600_CN050_F1,California,unlimited_useful_deadline,unlimited,central_only,targeted_central,all_useful,deadline,-1.0,0.0,0.0,1.0,none,0.0,0,applicable,32.0,0.0,,0.0,16497.0,4355964.0,150164.25919979307,1101.0,987.0,0.6572802378272979,94.98480243161094,12.0,94.6875,94.6875,94.6875,94.6875,84.375,84.375,84.375,84.375,87.5,0.0,0.0,4.0,0.0,27.0,5.0,82.73472222222239,101.55097222222214,105.7302083333339,107.36736111111095,27.0,5.0,107.36736111111095,228.5,12.641666666666667,0.5729180399912108,1.0,0.0,0.0,6.0,50.0,33.33333333333333,16.0,100.0,100.0,9.0,100.0,100.0,COMPLETED,60,10,1000.0,60.0,50.0,30,4168b39e7db7083d,T060_P10_H1000_I0600_F1,0.9662722908093279,False,0.8275683437860534,118,0.0,0.0,0.8252613665915526,114,0.8387096774193549,0.875,0.7857841077567214,0.834242914252347,0.7925701335293396
T060_P10_H1000_I0600_CN060_F1,California,unlimited_useful_deadline,unlimited,central_only,targeted_central,all_useful,deadline,-1.0,0.0,0.0,1.0,none,0.0,0,applicable,32.0,0.0,,0.0,19259.0,5343752.0,169129.78879974125,1222.0,1099.5,0.650092457279579,96.13460663938153,10.0,93.54166666666667,93.54166666666667,93.54166666666667,93.54166666666667,84.375,84.375,84.375,84.375,84.375,0.0,0.0,5.0,0.0,27.0,5.0,80.41944444444476,91.76138888889041,92.40902777778382,93.10347222223112,27.0,5.0,93.10347222223112,230.5,14.483333333333333,0.5355581127733027,1.0,0.0,0.0,6.0,33.33333333333333,33.33333333333333,16.0,100.0,100.0,9.0,100.0,100.0,COMPLETED,60,10,1000.0,60.0,60.0,36,c19b7ee27d7df16d,T060_P10_H1000_I0600_F1,0.9750342935528119,False,0.8272546437222966,119,0.0,0.0,0.8257301607088567,113,0.8387096774193549,0.84375,0.8305013160443987,0.8074697929299735,0.8082200171505569
T060_P10_H1000_I0600_CN070_F1,California,unlimited_useful_deadline,unlimited,central_only,targeted_central,all_useful,deadline,-1.0,0.0,0.0,1.0,none,0.0,0,applicable,32.0,0.0,,0.0,22263.0,6314664.0,187771.29919968292,1378.0,1270.0,0.6763546960653636,97.24409448818898,14.0,97.1875,97.1875,97.1875,97.1875,93.75,93.75,93.75,93.75,90.625,0.0,0.0,3.0,0.0,30.0,2.0,63.86909722223669,77.97638888889092,80.47222222222399,91.73472222222239,30.0,2.0,91.73472222222239,223.0,17.45,0.48985991722381406,1.0,0.0,100.0,6.0,66.66666666666666,66.66666666666666,16.0,100.0,100.0,9.0,100.0,100.0,COMPLETED,60,10,1000.0,60.0,70.0,42,901c2d8dd1ac526e,T060_P10_H1000_I0600_F1,0.9601697530864198,False,0.8544272334211189,94,0.0,0.0,0.8467365569620371,95,0.9354838709677419,0.90625,0.8347923392934556,0.7754862327628801,0.7816703417861081
T060_P10_H1000_I0600_CN080_F1,California,unlimited_useful_deadline,unlimited,central_only,targeted_central,all_useful,deadline,-1.0,0.0,0.0,1.0,none,0.0,0,applicable,32.0,0.0,,0.0,25276.0,7278948.0,206285.55199962022,1529.0,1428.0,0.6922443119053868,98.84453781512605,14.0,97.29166666666667,97.29166666666667,97.29166666666667,97.29166666666667,90.625,90.625,90.625,90.625,90.625,0.0,0.0,3.0,0.0,29.0,3.0,59.50277777777895,72.55902777777888,78.24861111111375,84.73472222222432,29.0,3.0,84.73472222222432,174.0,20.9,0.4708399787347157,1.0,0.0,100.0,6.0,66.66666666666666,50.0,16.0,100.0,100.0,9.0,100.0,100.0,COMPLETED,60,10,1000.0,60.0,80.0,48,c3831e1929097175,T060_P10_H1000_I0600_F1,0.9754310344827587,False,0.8486683295861539,100,0.0,0.0,0.8439534712295085,99,0.9032258064516129,0.90625,0.8567372983752448,0.7446256120019764,0.8089286393187088
T060_P10_H1000_I0600_CN090_F1,California,unlimited_useful_deadline,unlimited,central_only,targeted_central,all_useful,deadline,-1.0,0.0,0.0,1.0,none,0.0,0,applicable,32.0,0.0,,0.0,28284.0,8391000.0,227636.95039955515,1700.0,1614.5,0.709243379498004,99.31867451223289,15.0,99.47916666666666,99.47916666666666,99.47916666666666,99.47916666666666,96.875,96.875,96.875,96.875,93.75,0.0,0.0,2.0,0.0,31.0,1.0,51.868055555557355,68.73472222222239,71.58541666666764,74.71736111111143,31.0,1.0,74.71736111111143,169.5,24.083333333333332,0.3780276816608996,1.0,0.0,100.0,6.0,83.33333333333334,83.33333333333334,16.0,100.0,100.0,9.0,100.0,100.0,COMPLETED,60,10,1000.0,60.0,90.0,54,764857d1e9999752,T060_P10_H1000_I0600_F1,0.9456541218637993,False,0.862666333534988,74,0.0,0.0,0.8520664295623025,85,0.967741935483871,0.9375,0.8881416669025217,0.7112046893949602,0.7557438560301596
T060_P10_H1000_I0600_CN100_F1,California,unlimited_useful_deadline,unlimited,central_only,targeted_central,all_useful,deadline,-1.0,0.0,0.0,1.0,none,0.0,0,applicable,32.0,0.0,,0.0,31291.0,9511396.0,249148.55359948688,1837.0,1751.0,0.7027935642021749,100.0,16.0,99.47916666666666,99.47916666666666,99.47916666666666,99.47916666666666,96.875,96.875,96.875,96.875,93.75,0.0,0.0,2.0,0.0,31.0,1.0,47.66944444445156,68.73472222222239,71.58541666666764,72.45347222222384,31.0,1.0,72.45347222222384,154.0,26.616666666666667,0.3569087873095387,1.0,0.0,100.0,6.0,83.33333333333334,83.33333333333334,16.0,100.0,100.0,9.0,100.0,100.0,COMPLETED,60,10,1000.0,60.0,100.0,60,aa3dc1a67711bf92,T060_P10_H1000_I0600_F1,0.960200119474313,False,0.862197064736041,76,0.0,0.0,0.8528961969336439,83,0.967741935483871,0.9375,0.8952389453357174,0.6822755244127027,0.7817245794359283
T060_P10_H1000_I0800_CN010_F1,California,unlimited_useful_deadline,unlimited,central_only,targeted_central,all_useful,deadline,-1.0,0.0,0.0,1.0,none,0.0,0,applicable,32.0,0.0,,0.0,7083.0,1821144.0,81851.94239994606,459.0,370.0,0.45203569903338525,85.27027027027027,5.0,78.76578282828282,78.76578282828282,78.76578282828282,78.76578282828282,62.5,62.5,62.5,62.5,78.125,0.0,5.0,2.0,5.0,20.0,12.0,119.18472222222783,355.85833333333335,355.9375,356.01666666666665,20.0,12.0,356.01666666666665,93.5,4.608333333333333,0.9056359252561785,1.0,0.0,0.0,6.0,0.0,0.0,16.0,100.0,75.0,9.0,100.0,88.88888888888889,COMPLETED,60,10,1000.0,80.0,10.0,6,3a0e98770c7698b9,T060_P10_H1000_I0800_F1,0.7862268518518518,True,0.5726458070015754,504,0.0,0.0,0.5655501220067325,515,0.6129032258064516,0.78125,0.006269988309084318,0.9563378700085344,0.47098952590959187
T060_P10_H1000_I0800_CN020_F1,California,unlimited_useful_deadline,unlimited,central_only,targeted_central,all_useful,deadline,-1.0,0.0,0.0,1.0,none,0.0,0,applicable,32.0,0.0,,0.0,13189.0,3123104.0,106849.57439988312,607.0,506.5,0.4740309007731097,96.05133267522211,6.0,80.46875,80.46875,80.46875,80.46875,78.125,78.125,78.125,78.125,78.125,0.0,5.0,2.0,5.0,25.0,7.0,107.20069444444768,119.82194444445122,121.3291666666866,126.0687500000166,25.0,7.0,126.0687500000166,81.0,7.091666666666667,0.8190560125342734,1.0,0.0,0.0,6.0,0.0,0.0,16.0,100.0,100.0,9.0,100.0,100.0,COMPLETED,60,10,1000.0,80.0,20.0,12,ad27a486362e2831,T060_P10_H1000_I0800_F1,0.8692777777777777,True,0.773610318655,236,0.0,0.0,0.7658670138927566,239,0.7741935483870968,0.78125,0.7271553629081823,0.9274087050262767,0.6193274531422268
T060_P10_H1000_I0800_CN030_F1,California,unlimited_useful_deadline,unlimited,central_only,targeted_central,all_useful,deadline,-1.0,0.0,0.0,1.0,none,0.0,0,applicable,32.0,0.0,,0.0,19987.0,4489388.0,133082.22719979894,749.0,647.0,0.4861655937187212,98.60896445131375,6.0,82.03125,82.03125,82.03125,82.03125,78.125,78.125,78.125,78.125,78.125,0.0,4.0,3.0,4.0,25.0,7.0,78.55138888888905,95.7215277777777,97.5479166666666,98.06874999999988,25.0,7.0,98.06874999999988,76.0,9.516666666666667,0.751401050788091,1.0,0.0,0.0,6.0,0.0,0.0,16.0,100.0,100.0,9.0,100.0,100.0,COMPLETED,60,10,1000.0,80.0,30.0,18,78370e949fc963ea,T060_P10_H1000_I0800_F1,0.9796111111111112,True,0.8148686730048658,142,0.0,0.39,0.816978730976911,127,0.7741935483870968,0.78125,0.8149351992354155,0.8981201994340386,0.8163947078280045
T060_P10_H1000_I0800_CN040_F1,California,unlimited_useful_deadline,unlimited,central_only,targeted_central,all_useful,deadline,-1.0,0.0,0.0,1.0,none,0.0,0,applicable,32.0,0.0,,0.0,24754.0,5689048.0,156115.6991997226,914.0,818.0,0.5239703656923784,99.87775061124694,6.0,86.71875,86.71875,86.71875,86.71875,78.125,78.125,78.125,78.125,84.375,0.0,1.0,4.0,1.0,25.0,7.0,67.80138888888857,82.21875000000024,84.33125000000014,85.6027777777781,25.0,7.0,85.6027777777781,63.0,12.591666666666667,0.6963048753584824,1.0,0.0,0.0,6.0,33.33333333333333,0.0,16.0,100.0,100.0,9.0,100.0,100.0,COMPLETED,60,10,1000.0,80.0,40.0,24,30cf26cf3c068b63,T060_P10_H1000_I0800_F1,0.9817037037037037,True,0.8293397669364504,116,0.0,0.0,0.8316367047320901,108,0.7741935483870968,0.84375,0.8540159492827658,0.8660917216906977,0.8201323042998897
T060_P10_H1000_I0800_CN050_F1,California,unlimited_useful_deadline,unlimited,central_only,targeted_central,all_useful,deadline,-1.0,0.0,0.0,1.0,none,0.0,0,applicable,32.0,0.0,,0.0,30592.0,7026040.0,181785.9455996243,1105.0,1030.5,0.5668755065749866,99.90295972828724,8.0,92.96875,92.96875,92.96875,92.96875,81.25,81.25,81.25,81.25,93.75,0.0,1.0,1.0,1.0,26.0,6.0,60.30208333335215,72.85173611111647,73.88072916666877,75.71736111111119,26.0,6.0,75.71736111111119,76.0,15.908333333333333,0.5962545835515978,1.0,0.0,0.0,6.0,83.33333333333334,16.666666666666664,16.0,100.0,100.0,9.0,100.0,100.0,COMPLETED,60,10,1000.0,80.0,50.0,30,df67d3321815a937,T060_P10_H1000_I0800_F1,0.9854166666666666,True,0.8561958633989433,92,0.0,1.39,0.8572114856203752,72,0.8064516129032258,0.9375,0.8850066727479804,0.8303350851188069,0.8267640573318631
T060_P10_H1000_I0800_CN060_F1,California,unlimited_useful_deadline,unlimited,central_only,targeted_central,all_useful,deadline,-1.0,0.0,0.0,1.0,none,0.0,0,applicable,32.0,0.0,,0.0,35634.0,8399436.0,208155.14879952956,1269.0,1200.5,0.5767332717559533,100.0,9.0,96.09375,96.09375,96.09375,96.09375,93.75,93.75,93.75,93.75,96.875,0.0,1.0,0.0,1.0,30.0,2.0,56.019097222222506,62.34090277777777,65.87534722222271,69.15138888888929,30.0,2.0,69.15138888888929,72.5,18.908333333333335,0.5552152196268547,1.0,0.0,0.0,6.0,100.0,83.33333333333334,16.0,100.0,100.0,9.0,100.0,100.0,COMPLETED,60,10,1000.0,80.0,60.0,36,04dd76d2a30c66ad,T060_P10_H1000_I0800_F1,0.9481635802469136,False,0.8824523506810809,44,0.0,0.0,0.8736894581249761,44,0.9354838709677419,0.96875,0.9055909572835323,0.7983964425279613,0.7602260198456449
T060_P10_H1000_I0800_CN070_F1,California,unlimited_useful_deadline,unlimited,central_only,targeted_central,all_useful,deadline,-1.0,0.0,0.0,1.0,none,0.0,0,applicable,32.0,0.0,,0.0,40535.0,9743912.0,233969.08799942033,1424.0,1352.0,0.5778541137893181,100.0,9.0,93.75,93.75,93.75,93.75,84.375,84.375,84.375,84.375,81.25,0.0,1.0,5.0,1.0,27.0,5.0,53.2006944444444,60.56652777778776,74.64277777778688,84.73472222222335,27.0,5.0,84.73472222222335,107.0,21.316666666666666,0.4949569976544175,1.0,0.0,0.0,6.0,16.666666666666664,33.33333333333333,16.0,100.0,100.0,9.0,100.0,100.0,COMPLETED,60,10,1000.0,80.0,70.0,42,99088d74291f9c6a,T060_P10_H1000_I0800_F1,0.9784979423868313,False,0.819309799313076,134,0.0,0.0,0.8180946388526191,125,0.8387096774193549,0.8125,0.8567372983752478,0.7681197502582761,0.8144064682102168
T060_P10_H1000_I0800_CN080_F1,California,unlimited_useful_deadline,unlimited,central_only,targeted_central,all_useful,deadline,-1.0,0.0,0.0,1.0,none,0.0,0,applicable,32.0,0.0,,0.0,45586.0,11196824.0,261864.9983993036,1594.0,1543.5,0.5894258528000758,100.0,11.0,98.4375,98.4375,98.4375,98.4375,96.875,96.875,96.875,96.875,100.0,0.0,0.0,0.0,0.0,31.0,1.0,50.01944444444574,56.63472222222263,61.45173611111798,64.73472222223111,31.0,1.0,64.73472222223111,72.0,24.525,0.44669271718201387,1.0,100.0,0.0,6.0,100.0,100.0,16.0,100.0,100.0,9.0,100.0,100.0,COMPLETED,60,10,1000.0,80.0,80.0,48,5209f2be76c5dd3b,T060_P10_H1000_I0800_F1,0.9468488649940263,False,0.8863545199945824,36,0.0,0.0,0.8758613130379368,40,0.967741935483871,1.0,0.9194371814660669,0.7342496518887841,0.757877796350962
T060_P10_H1000_I0800_CN090_F1,California,unlimited_useful_deadline,unlimited,central_only,targeted_central,all_useful,deadline,-1.0,0.0,0.0,1.0,none,0.0,0,applicable,32.0,0.0,,0.0,50610.0,12674584.0,290237.9903991728,1736.0,1684.0,0.5802134991645805,100.0,10.0,98.4375,98.4375,98.4375,98.4375,96.875,96.875,96.875,96.875,100.0,0.0,0.0,0.0,0.0,31.0,1.0,47.58541666666715,56.20069444444464,57.48680555557403,59.73472222222384,31.0,1.0,59.73472222222384,85.0,26.716666666666665,0.4148679559159909,1.0,100.0,0.0,6.0,100.0,100.0,16.0,100.0,100.0,9.0,100.0,100.0,COMPLETED,60,10,1000.0,80.0,90.0,54,ffeb73712fcb7810,T060_P10_H1000_I0800_F1,0.9711768219832736,False,0.890149666998032,29,0.0,0.0,0.8818290780305034,29,0.967741935483871,1.0,0.9351121522388006,0.7049611462965458,0.8013301561333
T060_P10_H1000_I0800_CN100_F1,California,unlimited_useful_deadline,unlimited,central_only,targeted_central,all_useful,deadline,-1.0,0.0,0.0,1.0,none,0.0,0,applicable,32.0,0.0,,0.0,55386.0,14151872.0,318601.9199990335,1897.0,1844.0,0.5787786840724607,100.0,12.0,98.4375,98.4375,98.4375,98.4375,96.875,96.875,96.875,96.875,100.0,0.0,0.0,0.0,0.0,31.0,1.0,44.98541666669141,53.16875000000388,56.10277777778829,59.73472222222384,31.0,1.0,59.73472222222384,95.5,29.4,0.37514172335600904,1.0,100.0,0.0,6.0,100.0,100.0,16.0,100.0,100.0,9.0,100.0,100.0,COMPLETED,60,10,1000.0,80.0,100.0,60,a3aadf0b1b52fff6,T060_P10_H1000_I0800_F1,0.975014934289128,False,0.8849699012769399,38,0.0,0.0,0.8769920764734402,38,0.967741935483871,1.0,0.9351121522388006,0.6739208552306518,0.8081854394138779
T060_P10_H1000_I0986_CN010_F1,California,unlimited_useful_deadline,unlimited,central_only,targeted_central,all_useful,deadline,-1.0,0.0,0.0,1.0,none,0.0,0,applicable,32.0,0.0,,0.0,8101.0,3022664.0,104290.8863999232,456.0,373.0,0.3576534948314282,85.52278820375335,5.0,81.6104418242576,81.6104418242576,81.6104418242576,81.6104418242576,46.875,46.875,46.875,46.875,84.375,0.0,4.0,1.0,4.0,15.0,17.0,112.85138888888905,171.13333333333333,172.39,175.16666666666666,15.0,17.0,175.16666666666666,86.5,4.775,0.9070680628272252,1.0,0.0,100.0,6.0,33.33333333333333,0.0,16.0,100.0,87.5,9.0,100.0,0.0,COMPLETED,60,10,1000.0,98.6,10.0,6,c923eadbdfb0f307,T060_P10_H1000_I0986_F1,0.721141975308642,True,0.640724770560176,425,0.0,0.01,0.6358811706028547,445,0.45161290322580644,0.84375,0.5732336811580359,0.9560683645510487,0.35474090407938247
T060_P10_H1000_I0986_CN020_F1,California,unlimited_useful_deadline,unlimited,central_only,targeted_central,all_useful,deadline,-1.0,0.0,0.0,1.0,none,0.0,0,applicable,32.0,0.0,,0.0,14545.0,5397672.0,149891.0399998626,615.0,511.5,0.34124788246213306,95.40566959921799,7.0,86.875,86.875,86.875,86.875,81.25,81.25,81.25,81.25,81.25,0.0,1.0,5.0,1.0,26.0,6.0,80.62638888890093,117.6347222222222,121.85121527777792,127.71736111111191,26.0,6.0,127.71736111111191,70.5,7.35,0.8153817082388513,1.0,0.0,100.0,6.0,16.666666666666664,0.0,16.0,100.0,100.0,9.0,100.0,100.0,COMPLETED,60,10,1000.0,98.6,20.0,12,17e889174ea959c5,T060_P10_H1000_I0986_F1,0.9162393162393162,True,0.7993830796647537,177,0.0,0.27,0.7942207907675357,179,0.8064516129032258,0.8125,0.7219869767117852,0.9269595292638009,0.7032058349588668
T060_P10_H1000_I0986_CN030_F1,California,unlimited_useful_deadline,unlimited,central_only,targeted_central,all_useful,deadline,-1.0,0.0,0.0,1.0,none,0.0,0,applicable,32.0,0.0,,0.0,21322.0,7817800.0,196357.4975997814,759.0,653.5,0.3328113303480638,98.39326702371844,9.0,91.5625,91.5625,91.5625,91.5625,81.25,81.25,81.25,81.25,81.25,0.0,0.0,6.0,0.0,26.0,6.0,73.06770833333921,84.16875000000024,93.70173611111568,102.71736111111119,26.0,6.0,102.71736111111119,69.5,9.841666666666667,0.7500564493367203,1.0,0.0,100.0,6.0,16.666666666666664,0.0,16.0,100.0,100.0,9.0,100.0,100.0,COMPLETED,60,10,1000.0,98.6,30.0,18,1ac133a9a5916c9b,T060_P10_H1000_I0986_F1,0.9740384615384615,True,0.8246587265656529,123,0.0,0.24,0.8246582135992295,115,0.8064516129032258,0.8125,0.8003618305753417,0.89753627094282,0.8064413535747602
T060_P10_H1000_I0986_CN040_F1,California,unlimited_useful_deadline,unlimited,central_only,targeted_central,all_useful,deadline,-1.0,0.0,0.0,1.0,none,0.0,0,applicable,32.0,0.0,,0.0,29199.0,10461792.0,247122.14399964156,918.0,825.0,0.33384300841983494,99.6969696969697,11.0,93.90625,93.90625,93.90625,93.90625,84.375,84.375,84.375,84.375,90.625,0.0,0.0,3.0,0.0,27.0,5.0,58.634722222222265,76.48944444444444,79.11180555555545,79.45347222222215,27.0,5.0,79.45347222222215,69.5,12.891666666666667,0.6747145011850895,1.0,0.0,100.0,6.0,66.66666666666666,16.666666666666664,16.0,100.0,100.0,9.0,100.0,100.0,COMPLETED,60,10,1000.0,98.6,40.0,24,6fb21c0040028347,T060_P10_H1000_I0986_F1,0.9808127572016462,True,0.8614599383675362,77,0.0,2.88,0.860451503375657,67,0.8387096774193549,0.90625,0.8732939862539275,0.8654628756232313,0.8185409775817715
T060_P10_H1000_I0986_CN050_F1,California,unlimited_useful_deadline,unlimited,central_only,targeted_central,all_useful,deadline,-1.0,0.0,0.0,1.0,none,0.0,0,applicable,32.0,0.0,,0.0,34305.0,12721580.0,290510.0735995986,1131.0,1070.0,0.3683176926507372,99.4392523364486,9.0,99.375,99.375,99.375,99.375,96.875,96.875,96.875,96.875,96.875,0.0,0.0,1.0,0.0,31.0,1.0,57.06875,67.73472222222239,71.39305555555566,74.80277777777786,31.0,1.0,74.80277777777786,70.0,16.666666666666668,0.6120833333333333,1.0,0.0,100.0,6.0,100.0,83.33333333333334,16.0,100.0,100.0,9.0,100.0,100.0,COMPLETED,60,10,1000.0,98.6,50.0,30,67a94f7da2f15648,T060_P10_H1000_I0986_F1,0.9491188769414576,False,0.8929074228644546,23,0.0,0.0,0.8826169402382854,27,0.967741935483871,0.96875,0.8878738861518221,0.8267865965952478,0.7619322829604864
T060_P10_H1000_I0986_CN060_F1,California,unlimited_useful_deadline,unlimited,central_only,targeted_central,all_useful,deadline,-1.0,0.0,0.0,1.0,none,0.0,0,applicable,32.0,0.0,,0.0,41861.0,15406772.0,342065.75999943574,1271.0,1204.5,0.35212527556163087,99.79244499792445,10.0,99.375,99.375,99.375,99.375,96.875,96.875,96.875,96.875,93.75,0.0,0.0,2.0,0.0,31.0,1.0,51.15138888888881,61.15138888889026,68.97083333333478,76.73472222222239,31.0,1.0,76.73472222222239,73.0,19.083333333333332,0.536943231441048,1.0,0.0,100.0,6.0,83.33333333333334,83.33333333333334,16.0,100.0,100.0,9.0,100.0,100.0,COMPLETED,60,10,1000.0,98.6,60.0,36,ebbd040172983006,T060_P10_H1000_I0986_F1,0.9295400238948625,False,0.8744507049698822,55,0.0,0.0,0.8624117249933555,66,0.967741935483871,0.9375,0.8818172516115882,0.7980371019179805,0.7269623359533375
T060_P10_H1000_I0986_CN070_F1,California,unlimited_useful_deadline,unlimited,central_only,targeted_central,all_useful,deadline,-1.0,0.0,0.0,1.0,none,0.0,0,applicable,32.0,0.0,,0.0,47801.0,17893980.0,389820.15359935095,1449.0,1395.0,0.35785733167448086,99.71326164874552,9.0,100.0,100.0,100.0,100.0,100.0,100.0,100.0,100.0,87.5,0.0,0.0,4.0,0.0,32.0,0.0,44.684722222237056,59.097222222222314,59.55937500000167,62.73472222222238,32.0,0.0,62.73472222222238,82.0,22.216666666666665,0.4907851962990748,1.0,0.0,100.0,6.0,50.0,100.0,16.0,100.0,100.0,9.0,100.0,100.0,COMPLETED,60,10,1000.0,98.6,70.0,42,7b30ecd6147aa070,T060_P10_H1000_I0986_F1,0.9337239583333333,False,0.8731580959344828,59,0.0,0.0,0.8598798606808995,69,1.0,0.875,0.9257071697751786,0.7642568387009837,0.734435294928335
T060_P10_H1000_I0986_CN080_F1,California,unlimited_useful_deadline,unlimited,central_only,targeted_central,all_useful,deadline,-1.0,0.0,0.0,1.0,none,0.0,0,applicable,32.0,0.0,,0.0,52894.0,20255044.0,435152.58239922964,1615.0,1573.0,0.36148240034040635,99.74570883661792,11.0,100.0,100.0,100.0,100.0,100.0,100.0,100.0,100.0,96.875,0.0,0.0,1.0,0.0,32.0,0.0,42.768750000000935,49.115972222235776,51.03177083335013,54.73472222222287,32.0,0.0,54.73472222222287,78.5,24.908333333333335,0.44798148767703805,1.0,0.0,100.0,6.0,100.0,100.0,16.0,100.0,100.0,9.0,100.0,100.0,COMPLETED,60,10,1000.0,98.6,80.0,48,d6e3ca0bcab173b4,T060_P10_H1000_I0986_F1,0.9684751157407407,True,0.899703020110658,10,0.0,0.02,0.8895282509540978,12,1.0,0.96875,0.9507871230115145,0.7315995148901765,0.7965046168687981
T060_P10_H1000_I0986_CN090_F1,California,unlimited_useful_deadline,unlimited,central_only,targeted_central,all_useful,deadline,-1.0,0.0,0.0,1.0,none,0.0,0,applicable,32.0,0.0,,0.0,58760.0,22799888.0,484013.58719910425,1755.0,1714.5,0.35422559311226975,100.0,11.0,100.0,100.0,100.0,100.0,100.0,100.0,100.0,100.0,96.875,0.0,0.0,1.0,0.0,32.0,0.0,40.98437500000267,46.294097222222554,49.125347222222345,50.20069444444464,32.0,0.0,50.20069444444464,87.0,27.216666666666665,0.3914472341294142,1.0,0.0,100.0,6.0,100.0,100.0,16.0,100.0,100.0,9.0,100.0,100.0,COMPLETED,60,10,1000.0,98.6,90.0,54,16c57290fcfb5c0b,T060_P10_H1000_I0986_F1,0.9770399305555556,True,0.8989648347788973,11,0.64,17.43,0.8895549498560749,11,1.0,0.96875,0.965001273591381,0.7022211741454432,0.8118023015435502
T060_P10_H1000_I0986_CN100_F1,California,unlimited_useful_deadline,unlimited,central_only,targeted_central,all_useful,deadline,-1.0,0.0,0.0,1.0,none,0.0,0,applicable,32.0,0.0,,0.0,64320.0,25308928.0,532187.1551989766,1913.0,1876.0,0.35250756837575165,100.0,10.0,100.0,100.0,100.0,100.0,100.0,100.0,100.0,100.0,96.875,0.0,0.0,1.0,0.0,32.0,0.0,40.161111111136414,45.15409722222487,45.83003472222212,48.64097222222238,32.0,0.0,48.64097222222238,84.0,29.933333333333334,0.3414996288047514,1.0,0.0,100.0,6.0,100.0,100.0,16.0,100.0,100.0,9.0,100.0,100.0,COMPLETED,60,10,1000.0,98.6,100.0,60,1d94f5b7d8ff37c9,T060_P10_H1000_I0986_F1,0.9777054398148147,True,0.8938860707464935,21,0.61,12.11,0.8845356193958871,21,1.0,0.96875,0.9698909936407574,0.6710461303508062,0.8129909729878718
T120_P03_H0500_I0600_CN010_F1,California,unlimited_useful_deadline,unlimited,central_only,targeted_central,all_useful,deadline,-1.0,0.0,0.0,1.0,none,0.0,0,applicable,32.0,0.0,,0.0,16456.0,3610940.0,137228.227199836,1353.0,1061.5,0.7735289026609743,77.86151672162035,6.0,90.78191329818344,90.78191329818344,90.78191329818344,90.78191329818344,25.0,25.0,25.0,25.0,59.375,13.0,0.0,0.0,13.0,8.0,24.0,162.87604166667134,254.00451388889397,255.6026041666707,257.20069444444744,8.0,24.0,257.20069444444744,330.0,6.095833333333333,0.9034347231715654,1.0,0.0,0.0,6.0,33.33333333333333,0.0,16.0,50.0,0.0,9.0,100.0,88.88888888888889,COMPLETED,120,3,500.0,60.0,10.0,12,6c71a5a6f3b8901a,T120_P03_H0500_I0600_F1,0.5876157407407407,False,0.3646937753096105,539,0.0,0.0,0.3592158838204758,541,0.22580645161290322,0.59375,0.31605748360114316,0.5442168620581233,0.11624862183020938
T120_P03_H0500_I0600_CN020_F1,California,unlimited_useful_deadline,unlimited,central_only,targeted_central,all_useful,deadline,-1.0,0.0,0.0,1.0,none,0.0,0,applicable,32.0,0.0,,0.0,32288.0,6710444.0,196738.70399965136,1664.0,1386.0,0.7044877148334047,91.81096681096682,9.0,100.0,100.0,100.0,100.0,59.375,59.375,59.375,59.375,59.375,13.0,0.0,0.0,13.0,19.0,13.0,79.36736111111095,82.10625000000442,82.79493055556028,85.86805555555566,19.0,13.0,85.86805555555566,188.0,9.983333333333333,0.8347941012799109,1.0,0.0,0.0,6.0,33.33333333333333,33.33333333333333,16.0,50.0,50.0,9.0,100.0,100.0,COMPLETED,120,3,500.0,60.0,20.0,24,b358877cbe400e09,T120_P03_H0500_I0600_F1,0.9069200779727096,False,0.6338786559433552,434,0.0,0.0,0.6391744313030834,436,0.5806451612903226,0.59375,0.8531843050001033,0.48173202174010693,0.6865606684848835
T120_P03_H0500_I0600_CN030_F1,California,unlimited_useful_deadline,unlimited,central_only,targeted_central,all_useful,deadline,-1.0,0.0,0.0,1.0,none,0.0,0,applicable,32.0,0.0,,0.0,45412.0,9846588.0,256952.66879951113,1907.0,1642.5,0.6392227828081328,94.00304414003044,14.0,98.75730994152048,98.75730994152048,98.75730994152048,98.75730994152048,53.125,53.125,53.125,53.125,59.375,13.0,0.0,0.0,13.0,17.0,15.0,76.73472222222239,81.3743055555555,81.72152777777768,82.06874999999988,17.0,15.0,82.06874999999988,206.0,11.970833333333333,0.7798903585102681,1.0,0.0,0.0,6.0,33.33333333333333,0.0,16.0,50.0,50.0,9.0,100.0,100.0,COMPLETED,120,3,500.0,60.0,30.0,36,91451af3ef8136f8,T120_P03_H0500_I0600_F1,0.9814270152505448,False,0.6288181898885025,443,0.0,0.0,0.6439936437169378,430,0.5161290322580645,0.59375,0.8650951057080902,0.4253559717917621,0.8196381088267722
T120_P03_H0500_I0600_CN040_F1,California,unlimited_useful_deadline,unlimited,central_only,targeted_central,all_useful,deadline,-1.0,0.0,0.0,1.0,none,0.0,0,applicable,32.0,0.0,,0.0,57894.0,13008636.0,317663.9903993658,2168.0,1916.5,0.6033104342706848,96.66057918079834,10.0,100.0,100.0,100.0,100.0,59.375,59.375,59.375,59.375,59.375,13.0,0.0,0.0,13.0,19.0,13.0,73.73472222222239,76.56805555555925,76.67812500000042,77.0687500000006,19.0,13.0,77.0687500000006,182.0,14.454166666666667,0.7295209954838091,1.0,0.0,0.0,6.0,33.33333333333333,33.33333333333333,16.0,50.0,50.0,9.0,100.0,100.0,COMPLETED,120,3,500.0,60.0,40.0,48,8ca1a521c5f23425,T120_P03_H0500_I0600_F1,0.9572855750487329,False,0.630024700180639,440,0.0,0.0,0.6398183865251057,435,0.5806451612903226,0.59375,0.8807700764807989,0.36740780667475176,0.7765188881796551
T120_P03_H0500_I0600_CN050_F1,California,unlimited_useful_deadline,unlimited,central_only,targeted_central,all_useful,deadline,-1.0,0.0,0.0,1.0,none,0.0,0,applicable,32.0,0.0,,0.0,70122.0,16315748.0,381160.54079921555,2417.0,2178.0,0.5714127688645788,97.70431588613407,12.0,100.0,100.0,100.0,100.0,59.375,59.375,59.375,59.375,59.375,13.0,0.0,0.0,13.0,19.0,13.0,72.58541666666885,76.20416666666648,76.61138888888861,77.15138888888904,19.0,13.0,77.15138888888904,172.5,16.7125,0.670882157400482,1.0,0.0,0.0,6.0,33.33333333333333,33.33333333333333,16.0,50.0,50.0,9.0,100.0,100.0,COMPLETED,120,3,500.0,60.0,50.0,60,8f1f04beced1f814,T120_P03_H0500_I0600_F1,0.9764619883040936,False,0.6237455124603019,456,0.0,0.0,0.6352517561076177,446,0.5806451612903226,0.59375,0.8805110040471957,0.31058258096393115,0.810770034236639
T120_P03_H0500_I0600_CN060_F1,California,unlimited_useful_deadline,unlimited,central_only,targeted_central,all_useful,deadline,-1.0,0.0,0.0,1.0,none,0.0,0,applicable,32.0,0.0,,0.0,82530.0,19709044.0,446311.82399907475,2677.0,2456.5,0.5503999374224718,98.69733360472216,11.0,100.0,100.0,100.0,100.0,59.375,59.375,59.375,59.375,59.375,13.0,0.0,0.0,13.0,19.0,13.0,69.73472222222239,74.268055555563,74.77638888890705,75.15138888889003,19.0,13.0,75.15138888889003,162.5,19.116666666666667,0.6223045626271433,1.0,0.0,0.0,6.0,33.33333333333333,33.33333333333333,16.0,50.0,50.0,9.0,100.0,100.0,COMPLETED,120,3,500.0,60.0,60.0,72,2cf27953e2a6b49e,T120_P03_H0500_I0600_F1,0.9639376218323586,False,0.6099735446978193,480,0.0,0.0,0.6203612947572513,476,0.5806451612903226,0.59375,0.8867809923562769,0.2522301576606926,0.7884001624789646
T120_P03_H0500_I0600_CN070_F1,California,unlimited_useful_deadline,unlimited,central_only,targeted_central,all_useful,deadline,-1.0,0.0,0.0,1.0,none,0.0,0,applicable,32.0,0.0,,0.0,93448.0,23175412.0,512866.0895989464,2920.0,2705.5,0.5275256163096415,98.89114766216966,11.0,100.0,100.0,100.0,100.0,59.375,59.375,59.375,59.375,59.375,13.0,0.0,0.0,13.0,19.0,13.0,70.20069444445144,72.36736111111144,72.38576388888914,72.55138888888857,19.0,13.0,72.55138888888857,184.5,21.008333333333333,0.5616025386751289,1.0,0.0,0.0,6.0,33.33333333333333,33.33333333333333,16.0,50.0,50.0,9.0,100.0,100.0,COMPLETED,120,3,500.0,60.0,70.0,84,58dc5346d685c8d1,T120_P03_H0500_I0600_F1,0.9817007797270955,True,0.6052223222896715,488,0.0,0.0,0.6171964183132422,482,0.5806451612903226,0.59375,0.8949319771580911,0.19652787135606165,0.820127081761736
T120_P03_H0500_I0600_CN080_F1,California,unlimited_useful_deadline,unlimited,central_only,targeted_central,all_useful,deadline,-1.0,0.0,0.0,1.0,none,0.0,0,applicable,32.0,0.0,,0.0,103762.0,26668332.0,579930.1535988117,3187.0,2988.5,0.5153206780945221,99.19692153254141,10.0,100.0,100.0,100.0,100.0,59.375,59.375,59.375,59.375,59.375,13.0,0.0,0.0,13.0,19.0,13.0,67.8680555555562,70.83250000000277,72.19479166666812,72.58541666666885,19.0,13.0,72.58541666666885,208.5,23.2625,0.5342304018150337,1.0,0.0,0.0,6.0,33.33333333333333,33.33333333333333,16.0,50.0,50.0,9.0,100.0,100.0,COMPLETED,120,3,500.0,60.0,80.0,96,d1cfa63d3b46f3ab,T120_P03_H0500_I0600_F1,0.9814814814814815,False,0.5933908970606643,495,0.0,0.0,0.6053454085661591,492,0.5806451612903226,0.59375,0.8948253002736579,0.13777118986659478,0.8197353914002204
T120_P03_H0500_I0600_CN090_F1,California,unlimited_useful_deadline,unlimited,central_only,targeted_central,all_useful,deadline,-1.0,0.0,0.0,1.0,none,0.0,0,applicable,32.0,0.0,,0.0,112544.0,30271108.0,649103.4527987058,3431.0,3246.5,0.5001513989799675,99.76898198059449,10.0,100.0,100.0,100.0,100.0,59.375,59.375,59.375,59.375,59.375,13.0,0.0,0.0,13.0,19.0,13.0,65.41944444446514,71.43402777777781,72.90409722222262,77.73472222222335,19.0,13.0,77.73472222222335,202.0,25.370833333333334,0.49455712486998404,1.0,0.0,0.0,6.0,33.33333333333333,33.33333333333333,16.0,50.0,50.0,9.0,100.0,100.0,COMPLETED,120,3,500.0,60.0,90.0,108,147d163f2a74c012,T120_P03_H0500_I0600_F1,0.979312865497076,False,0.5782791205923421,501,0.0,0.0,0.5900399629746432,501,0.5806451612903226,0.59375,0.878682257457043,0.08126038718950723,0.8158620089363429
T120_P03_H0500_I0600_CN100_F1,California,unlimited_useful_deadline,unlimited,central_only,targeted_central,all_useful,deadline,-1.0,0.0,0.0,1.0,none,0.0,0,applicable,32.0,0.0,,0.0,122456.0,34162660.0,723821.2511985871,3695.0,3527.0,0.48727499975437094,100.0,10.0,100.0,100.0,100.0,100.0,59.375,59.375,59.375,59.375,59.375,13.0,0.0,0.0,13.0,19.0,13.0,65.15138888891573,67.98125000000145,69.4375000000062,70.06875000000231,19.0,13.0,70.06875000000231,205.0,27.683333333333334,0.4360300020068233,1.0,0.0,0.0,6.0,33.33333333333333,33.33333333333333,16.0,50.0,50.0,9.0,100.0,100.0,COMPLETED,120,3,500.0,60.0,100.0,120,85114775b30da1a8,T120_P03_H0500_I0600_F1,0.9817495126705653,False,0.5720320747609983,505,0.0,0.0,0.5840105228996969,505,0.5806451612903226,0.59375,0.9027150355625886,0.02272829358127837,0.8202141240642952
T120_P03_H0500_I0800_CN000_F1,California,unlimited_useful_deadline,unlimited,central_only,targeted_central,all_useful,deadline,-1.0,0.0,0.0,1.0,none,0.0,0,applicable,32.0,0.0,,0.0,1375.0,483372.0,48337.2,474.0,362.5,0.7499400047996161,0.0,1.0,59.92738448554573,59.92738448554573,59.92738448554573,59.92738448554573,28.125,28.125,28.125,28.125,0.0,5.0,6.0,21.0,11.0,9.0,23.0,330.85,349.7833333333333,349.81666666666666,349.85,9.0,23.0,349.85,362.5,0.0,0.0,1.0,0.0,0.0,6.0,0.0,0.0,16.0,0.0,25.0,9.0,0.0,55.55555555555556,COMPLETED,120,3,500.0,80.0,0.0,0,2cf23dcfe034991a,T120_P03_H0500_I0800_F1,0.7608796296296296,False,0.26156311012545364,548,0.0,0.0,0.2699457167335555,548,0.25806451612903225,0.0,0.025602452262094233,0.6403449669855815,0.42571664829106937
T120_P03_H0500_I0800_CN010_F1,California,unlimited_useful_deadline,unlimited,central_only,targeted_central,all_useful,deadline,-1.0,0.0,0.0,1.0,none,0.0,0,applicable,32.0,0.0,,0.0,24501.0,4634468.0,128038.24319977584,930.0,836.5,0.653320429189913,97.42976688583383,7.0,95.22730708848177,95.22730708848177,95.22730708848177,95.22730708848177,68.75,68.75,68.75,68.75,62.5,5.0,0.0,7.0,5.0,22.0,10.0,91.70208333333576,176.20069444444758,183.18385416666928,205.1173611111129,22.0,10.0,205.1173611111129,121.5,6.316666666666666,0.9298372911169746,1.0,0.0,0.0,6.0,16.666666666666664,33.33333333333333,16.0,62.5,68.75,9.0,100.0,100.0,COMPLETED,120,3,500.0,80.0,10.0,12,70418ae9465bff73,T120_P03_H0500_I0800_F1,0.9337542087542087,False,0.6132818776309081,476,0.0,0.0,0.6161353761613991,483,0.6774193548387096,0.625,0.4793384291502182,0.5644297713695369,0.7344893254485313
T120_P03_H0500_I0800_CN020_F1,California,unlimited_useful_deadline,unlimited,central_only,targeted_central,all_useful,deadline,-1.0,0.0,0.0,1.0,none,0.0,0,applicable,32.0,0.0,,0.0,46161.0,8641244.0,204968.34239955642,1261.0,1168.0,0.5698440970572671,100.0,9.0,97.70595043287643,97.70595043287643,97.70595043287643,97.70595043287643,68.75,68.75,68.75,68.75,71.875,5.0,0.0,4.0,5.0,22.0,10.0,83.29305555555595,169.04409722223298,171.9715277777781,174.11736111111094,22.0,10.0,174.11736111111094,105.0,9.0875,0.8614206021702584,1.0,0.0,0.0,6.0,66.66666666666666,33.33333333333333,16.0,62.5,68.75,9.0,100.0,100.0,COMPLETED,120,3,500.0,80.0,20.0,24,2858e677247534e3,T120_P03_H0500_I0800_F1,0.9648779461279462,False,0.6471846577854232,421,0.0,0.0,0.6528176742070639,419,0.6774193548387096,0.71875,0.5765232479410316,0.5013160849840542,0.7900796832715244
T120_P03_H0500_I0800_CN030_F1,California,unlimited_useful_deadline,unlimited,central_only,targeted_central,all_useful,deadline,-1.0,0.0,0.0,1.0,none,0.0,0,applicable,32.0,0.0,,0.0,67457.0,12940172.0,287507.7599993362,1555.0,1454.0,0.5057254802455965,100.0,7.0,98.05520319440991,98.05520319440991,98.05520319440991,98.05520319440991,68.75,68.75,68.75,68.75,65.625,5.0,0.0,6.0,5.0,22.0,10.0,81.16111111112792,168.5697916666666,171.9432291666734,174.20069444444636,22.0,10.0,174.20069444444636,123.0,11.608333333333333,0.8146984924623115,1.0,0.0,0.0,6.0,33.33333333333333,33.33333333333333,16.0,62.5,68.75,9.0,100.0,100.0,COMPLETED,120,3,500.0,80.0,30.0,36,38966e7dff28132c,T120_P03_H0500_I0800_F1,0.973989898989899,False,0.6252684103451146,452,0.0,0.0,0.6317151733839749,456,0.6774193548387096,0.65625,0.5762619984281465,0.4422898980371019,0.8063546156159165
T120_P03_H0500_I0800_CN040_F1,California,unlimited_useful_deadline,unlimited,central_only,targeted_central,all_useful,deadline,-1.0,0.0,0.0,1.0,none,0.0,0,applicable,32.0,0.0,,0.0,87833.0,17429324.0,373699.478399133,1882.0,1779.5,0.4761847695434537,100.0,7.0,98.62323419722351,98.62323419722351,98.62323419722351,98.62323419722351,68.75,68.75,68.75,68.75,71.875,5.0,0.0,4.0,5.0,22.0,10.0,81.85972222222256,168.0690972222238,169.14652777778727,172.11736111111094,22.0,10.0,172.11736111111094,140.5,14.35,0.7652729384436703,1.0,0.0,0.0,6.0,66.66666666666666,33.33333333333333,16.0,62.5,68.75,9.0,100.0,100.0,COMPLETED,120,3,500.0,80.0,40.0,48,8fcd26d769c00ce0,T120_P03_H0500_I0800_F1,0.9722853535353536,False,0.6261030474620934,448,0.0,0.0,0.6323975853831831,454,0.6774193548387096,0.71875,0.582793236250116,0.3797152225665903,0.8033101132604992
T120_P03_H0500_I0800_CN050_F1,California,unlimited_useful_deadline,unlimited,central_only,targeted_central,all_useful,deadline,-1.0,0.0,0.0,1.0,none,0.0,0,applicable,32.0,0.0,,0.0,108241.0,22002588.0,461506.147198925,2197.0,2087.5,0.45232333581468326,100.0,8.0,98.81816597110266,98.81816597110266,98.81816597110266,98.81816597110266,68.75,68.75,68.75,68.75,78.125,5.0,0.0,2.0,5.0,22.0,10.0,81.35972222222608,167.19236111111255,167.61302083333538,172.11736111111193,22.0,10.0,172.11736111111193,137.0,17.025,0.7039525208027411,1.0,100.0,0.0,6.0,66.66666666666666,33.33333333333333,16.0,68.75,68.75,9.0,100.0,100.0,COMPLETED,120,3,500.0,80.0,50.0,60,492086bd89714fae,T120_P03_H0500_I0800_F1,0.9759469696969697,False,0.6273835417162471,447,0.0,0.0,0.6340050817421776,450,0.6774193548387096,0.78125,0.5827932362501129,0.3187126622647442,0.8098501553573217
T120_P03_H0500_I0800_CN060_F1,California,unlimited_useful_deadline,unlimited,central_only,targeted_central,all_useful,deadline,-1.0,0.0,0.0,1.0,none,0.0,0,applicable,32.0,0.0,,0.0,125401.0,26696876.0,551636.4767987562,2495.0,2381.5,0.4317154684585517,100.0,8.0,99.13351755457019,99.13351755457019,99.13351755457019,99.13351755457019,75.0,75.0,75.0,75.0,84.375,5.0,0.0,0.0,5.0,24.0,8.0,71.80138888889067,164.84062500000036,168.56840277778628,171.11736111111094,24.0,8.0,171.11736111111094,190.0,19.325,0.6593502946672416,1.0,100.0,0.0,6.0,100.0,66.66666666666666,16.0,68.75,68.75,9.0,100.0,100.0,COMPLETED,120,3,500.0,80.0,60.0,72,9459d701f0b0df76,T120_P03_H0500_I0800_F1,0.9740933641975308,False,0.6441939882166409,422,0.0,0.0,0.647424184805893,428,0.7419354838709677,0.84375,0.5859282304046581,0.2589677940978305,0.8065394156560085
T120_P03_H0500_I0800_CN070_F1,California,unlimited_useful_deadline,unlimited,central_only,targeted_central,all_useful,deadline,-1.0,0.0,0.0,1.0,none,0.0,0,applicable,32.0,0.0,,0.0,143343.0,31589268.0,645570.4031985705,2806.0,2684.5,0.41583380940316694,100.0,7.0,98.97248695875697,98.97248695875697,98.97248695875697,98.97248695875697,71.875,71.875,71.875,71.875,81.25,5.0,0.0,1.0,5.0,23.0,9.0,71.86805555555634,165.1840277777782,165.59131944444528,172.11736111111193,23.0,9.0,172.11736111111193,158.5,21.741666666666667,0.6131787402580811,1.0,0.0,0.0,6.0,100.0,50.0,16.0,68.75,68.75,9.0,100.0,100.0,COMPLETED,120,3,500.0,80.0,70.0,84,7214ce91e9620359,T120_P03_H0500_I0800_F1,0.9678743961352656,False,0.6154756340124083,471,0.0,0.0,0.6197633463819944,477,0.7096774193548387,0.8125,0.5827932362501129,0.19841440955846024,0.7954316667465603
T120_P03_H0500_I0800_CN080_F1,California,unlimited_useful_deadline,unlimited,central_only,targeted_central,all_useful,deadline,-1.0,0.0,0.0,1.0,none,0.0,0,applicable,32.0,0.0,,0.0,160337.0,36667788.0,743077.9871984051,3126.0,3001.0,0.4038607052961616,100.0,7.0,99.4200981519822,99.4200981519822,99.4200981519822,99.4200981519822,75.0,75.0,75.0,75.0,84.375,5.0,0.0,0.0,5.0,24.0,8.0,67.30138888890812,167.17569444444658,167.5696180555575,168.98541666667296,24.0,8.0,168.98541666667296,184.0,24.366666666666667,0.5657119243046056,1.0,100.0,0.0,6.0,100.0,66.66666666666666,16.0,68.75,68.75,9.0,100.0,100.0,COMPLETED,120,3,500.0,80.0,80.0,96,46f0cb2d02a4373a,T120_P03_H0500_I0800_F1,0.9684992283950616,False,0.6195680465161917,466,0.0,0.0,0.6222986565563808,469,0.7419354838709677,0.84375,0.5926118637757798,0.13664825046040516,0.7965476846747517
T120_P03_H0500_I0800_CN090_F1,California,unlimited_useful_deadline,unlimited,central_only,targeted_central,all_useful,deadline,-1.0,0.0,0.0,1.0,none,0.0,0,applicable,32.0,0.0,,0.0,176259.0,41930948.0,844130.6591982456,3428.0,3297.5,0.39063857757896886,100.0,8.0,99.39806781912046,99.39806781912046,99.39806781912046,99.39806781912046,75.0,75.0,75.0,75.0,84.375,5.0,0.0,0.0,5.0,24.0,8.0,65.73472222222651,158.50451388889067,163.29496527777795,172.11736111111193,24.0,8.0,172.11736111111193,182.0,26.8625,0.5176193061372214,1.0,100.0,0.0,6.0,100.0,66.66666666666666,16.0,68.75,68.75,9.0,100.0,100.0,COMPLETED,120,3,500.0,80.0,90.0,108,6bbb3e2a6a72dda5,T120_P03_H0500_I0800_F1,0.9733989197530865,False,0.6069231365268966,484,0.0,0.0,0.6100913154755753,489,0.7419354838709677,0.84375,0.5827932362501129,0.07667879441225352,0.8052990628445423
T120_P03_H0500_I0800_CN100_F1,California,unlimited_useful_deadline,unlimited,central_only,targeted_central,all_useful,deadline,-1.0,0.0,0.0,1.0,none,0.0,0,applicable,32.0,0.0,,0.0,191061.0,47102548.0,943425.3791980878,3741.0,3607.0,0.3823301852517421,100.0,7.0,99.73544973544975,99.73544973544975,99.73544973544975,99.73544973544975,81.25,81.25,81.25,81.25,84.375,5.0,0.0,0.0,5.0,26.0,6.0,60.7347222222333,155.41770833334328,161.99670138889206,168.11736111111338,26.0,6.0,168.11736111111338,201.0,29.358333333333334,0.45437600529851463,1.0,100.0,0.0,6.0,100.0,100.0,16.0,68.75,68.75,9.0,100.0,100.0,COMPLETED,120,3,500.0,80.0,100.0,120,898448e7aa7ccbaf,T120_P03_H0500_I0800_F1,0.9791132478632477,False,0.6148636626168854,473,0.0,0.0,0.615316355485421,485,0.8064516129032258,0.84375,0.595333212868277,0.015541481381664632,0.8155054702739374
T120_P03_H0500_I0986_CN010_F1,California,unlimited_useful_deadline,unlimited,central_only,targeted_central,all_useful,deadline,-1.0,0.0,0.0,1.0,none,0.0,0,applicable,32.0,0.0,,0.0,24893.0,4601380.0,125748.81599977656,687.0,502.0,0.39920853012317187,93.52589641434263,6.0,65.38461538461539,65.38461538461539,65.38461538461539,65.38461538461539,53.125,53.125,53.125,53.125,53.125,6.0,9.0,0.0,15.0,17.0,15.0,83.93333333333334,104.44861111111241,140.23736111111324,224.7173611111112,17.0,15.0,224.7173611111112,79.5,3.558333333333333,0.9407298985167838,1.0,0.0,0.0,6.0,0.0,0.0,16.0,50.0,50.0,9.0,100.0,100.0,COMPLETED,120,3,500.0,98.6,10.0,12,8bf612fabb24c11e,T120_P03_H0500_I0986_F1,0.8547113289760349,False,0.5267532230394703,524,0.0,0.0,0.5306122815115271,527,0.5161290322580645,0.53125,0.4178925437211971,0.5944796298791717,0.5933102016992021
T120_P03_H0500_I0986_CN020_F1,California,unlimited_useful_deadline,unlimited,central_only,targeted_central,all_useful,deadline,-1.0,0.0,0.0,1.0,none,0.0,0,applicable,32.0,0.0,,0.0,47949.0,8725036.0,204923.0111995411,863.0,639.0,0.3118244243335767,98.51330203442879,6.0,65.38461538461539,65.38461538461539,65.38461538461539,65.38461538461539,53.125,53.125,53.125,53.125,53.125,6.0,9.0,0.0,15.0,17.0,15.0,73.76666666666667,82.16736111111231,110.63736111111362,219.7173611111112,17.0,15.0,219.7173611111112,86.5,4.604166666666667,0.8808823529411764,1.0,0.0,0.0,6.0,0.0,0.0,16.0,50.0,50.0,9.0,100.0,100.0,COMPLETED,120,3,500.0,98.6,20.0,24,d422326bbcc681c1,T120_P03_H0500_I0986_F1,0.9772058823529411,True,0.5535783435017765,516,0.0,0.0,0.5683768273580996,514,0.5161290322580645,0.53125,0.43356751449390796,0.5488388806539999,0.8120987093845254
T120_P03_H0500_I0986_CN030_F1,California,unlimited_useful_deadline,unlimited,central_only,targeted_central,all_useful,deadline,-1.0,0.0,0.0,1.0,none,0.0,0,applicable,32.0,0.0,,0.0,68927.0,13079500.0,288528.7199993357,1185.0,958.5,0.3322026313367372,99.68701095461658,6.0,76.92307692307692,76.92307692307692,76.92307692307692,76.92307692307692,62.5,62.5,62.5,62.5,53.125,6.0,6.0,3.0,12.0,20.0,12.0,61.61041666667103,73.125,81.74336805555588,212.71736111111557,20.0,12.0,212.71736111111557,108.0,7.0875,0.811106212032138,1.0,0.0,0.0,6.0,0.0,33.33333333333333,16.0,50.0,56.25,9.0,100.0,100.0,COMPLETED,120,3,500.0,98.6,30.0,36,e7df0cb55daa3b64,T120_P03_H0500_I0986_F1,0.9643981481481482,False,0.5663223512221648,510,0.0,0.0,0.5751383255437496,512,0.6129032258064516,0.53125,0.45551247357568936,0.4868032160984593,0.7892227122381477
T120_P03_H0500_I0986_CN040_F1,California,unlimited_useful_deadline,unlimited,central_only,targeted_central,all_useful,deadline,-1.0,0.0,0.0,1.0,none,0.0,0,applicable,32.0,0.0,,0.0,88855.0,17622548.0,375755.2415991455,1404.0,1150.5,0.3061833535850844,100.0,8.0,76.92307692307692,76.92307692307692,76.92307692307692,76.92307692307692,62.5,62.5,62.5,62.5,53.125,6.0,6.0,3.0,12.0,20.0,12.0,60.43506944444556,65.62409722222354,75.17385416667649,212.7173611111112,20.0,12.0,212.7173611111112,94.5,8.8,0.7442234848484848,1.0,0.0,0.0,6.0,0.0,33.33333333333333,16.0,50.0,56.25,9.0,100.0,100.0,COMPLETED,120,3,500.0,98.6,40.0,48,db1a3549089b5169,T120_P03_H0500_I0986_F1,0.9638888888888889,False,0.556069575890425,514,0.0,0.0,0.5648400706089227,516,0.6129032258064516,0.53125,0.4555124735757031,0.4362215334860531,0.7883131201764056
T120_P03_H0500_I0986_CN050_F1,California,unlimited_useful_deadline,unlimited,central_only,targeted_central,all_useful,deadline,-1.0,0.0,0.0,1.0,none,0.0,0,applicable,32.0,0.0,,0.0,106855.0,22230484.0,464227.6127989717,1650.0,1367.5,0.2945753251847558,100.0,7.0,76.92307692307692,76.92307692307692,76.92307692307692,76.92307692307692,62.5,62.5,62.5,62.5,53.125,6.0,6.0,3.0,12.0,20.0,12.0,55.67638888888905,61.7157638888892,71.99468750000027,207.71736111111144,20.0,12.0,207.71736111111144,111.0,10.470833333333333,0.6711533359862052,1.0,0.0,0.0,6.0,0.0,33.33333333333333,16.0,50.0,56.25,9.0,100.0,100.0,COMPLETED,120,3,500.0,98.6,50.0,60,a3e4e6888edc2a1f,T120_P03_H0500_I0986_F1,0.9672916666666667,False,0.5495507170764378,517,0.0,0.0,0.5586250982337446,518,0.6129032258064516,0.53125,0.4711874443484132,0.3833939720612676,0.7943908489525908
T120_P03_H0500_I0986_CN060_F1,California,unlimited_useful_deadline,unlimited,central_only,targeted_central,all_useful,deadline,-1.0,0.0,0.0,1.0,none,0.0,0,applicable,32.0,0.0,,0.0,127861.0,27084468.0,557424.1055987346,1914.0,1605.5,0.2880212721112082,100.0,7.0,76.92307692307692,76.92307692307692,76.92307692307692,76.92307692307692,62.5,62.5,62.5,62.5,53.125,6.0,6.0,3.0,12.0,20.0,12.0,57.851736111123444,60.88979166666739,68.80951388889453,212.7173611111112,20.0,12.0,212.7173611111112,119.5,12.383333333333333,0.6014973082099597,1.0,0.0,0.0,6.0,0.0,33.33333333333333,16.0,50.0,56.25,9.0,100.0,100.0,COMPLETED,120,3,500.0,98.6,60.0,72,a6deea293555171e,T120_P03_H0500_I0986_F1,0.9743981481481482,False,0.5373768445620598,520,0.0,0.0,0.5470858729079003,521,0.6129032258064516,0.53125,0.4555124735757031,0.3286798724340835,0.8070837927232635
T120_P03_H0500_I0986_CN070_F1,California,unlimited_useful_deadline,unlimited,central_only,targeted_central,all_useful,deadline,-1.0,0.0,0.0,1.0,none,0.0,0,applicable,32.0,0.0,,0.0,146225.0,32042052.0,652609.7183985284,2201.0,1860.5,0.285086162149956,100.0,8.0,76.92307692307692,76.92307692307692,76.92307692307692,76.92307692307692,62.5,62.5,62.5,62.5,53.125,6.0,6.0,3.0,12.0,20.0,12.0,56.13472222222335,61.581388888902055,68.94468750000348,203.7173611111112,20.0,12.0,203.7173611111112,134.5,14.383333333333333,0.55730494399382,1.0,0.0,0.0,6.0,0.0,33.33333333333333,16.0,50.0,56.25,9.0,100.0,100.0,COMPLETED,120,3,500.0,98.6,70.0,84,3abc7e5a6fd5b2c4,T120_P03_H0500_I0986_F1,0.9676620370370369,False,0.5299668612556316,522,0.0,0.0,0.539074318487911,525,0.6129032258064516,0.53125,0.4837274209665826,0.27243857521448145,0.7950523704520394
T120_P03_H0500_I0986_CN080_F1,California,unlimited_useful_deadline,unlimited,central_only,targeted_central,all_useful,deadline,-1.0,0.0,0.0,1.0,none,0.0,0,applicable,32.0,0.0,,0.0,163477.0,37188596.0,751423.3631983369,2437.0,2069.0,0.2753441137621231,100.0,8.0,76.92307692307692,76.92307692307692,76.92307692307692,76.92307692307692,62.5,62.5,62.5,62.5,53.125,6.0,6.0,3.0,12.0,20.0,12.0,51.43506944444501,56.997013888892354,71.04468750002884,207.71736111111144,20.0,12.0,207.71736111111144,134.0,16.125,0.5158354866494401,1.0,0.0,0.0,6.0,0.0,33.33333333333333,16.0,50.0,56.25,9.0,100.0,100.0,COMPLETED,120,3,500.0,98.6,80.0,96,8da734defe839994,T120_P03_H0500_I0986_F1,0.9689814814814816,False,0.5173995739575504,529,0.0,0.0,0.526624864706919,528,0.6129032258064516,0.53125,0.4711874443484132,0.22037461258590485,0.7974090407938258
T120_P03_H0500_I0986_CN090_F1,California,unlimited_useful_deadline,unlimited,central_only,targeted_central,all_useful,deadline,-1.0,0.0,0.0,1.0,none,0.0,0,applicable,32.0,0.0,,0.0,179461.0,42526028.0,853902.0575981622,2706.0,2310.5,0.27058138336133375,100.0,8.0,76.92307692307692,76.92307692307692,76.92307692307692,76.92307692307692,62.5,62.5,62.5,62.5,53.125,6.0,6.0,3.0,12.0,20.0,12.0,50.65208333334522,55.56076388888955,66.70968750000775,202.7173611111136,20.0,12.0,202.7173611111136,140.5,18.083333333333332,0.4258141321044546,1.0,0.0,0.0,6.0,0.0,33.33333333333333,16.0,50.0,56.25,9.0,100.0,100.0,COMPLETED,120,3,500.0,98.6,90.0,108,e8455b917e98f0a0,T120_P03_H0500_I0986_F1,0.9756712962962962,False,0.5113211733924766,530,0.0,0.0,0.5211439007460349,529,0.6129032258064516,0.53125,0.4868624151211173,0.16534608992498764,0.8093577728776182
T120_P03_H0500_I0986_CN100_F1,California,unlimited_useful_deadline,unlimited,central_only,targeted_central,all_useful,deadline,-1.0,0.0,0.0,1.0,none,0.0,0,applicable,32.0,0.0,,0.0,194523.0,47867908.0,956466.1535979826,2956.0,2533.0,0.264829026147083,100.0,8.0,76.92307692307692,76.92307692307692,76.92307692307692,76.92307692307692,62.5,62.5,62.5,62.5,53.125,6.0,6.0,3.0,12.0,20.0,12.0,43.001041666684245,46.50638888889532,59.84468750000197,192.71736111111775,20.0,12.0,192.71736111111775,137.5,19.9625,0.3530317261532039,1.0,0.0,0.0,6.0,0.0,33.33333333333333,16.0,50.0,56.25,9.0,100.0,100.0,COMPLETED,120,3,500.0,98.6,100.0,120,cae589c6ab7e7954,T120_P03_H0500_I0986_F1,0.9744444444444444,False,0.5065981372538181,531,0.0,0.0,0.5163113001090301,531,0.6129032258064516,0.53125,0.518212356666526,0.11202443516147868,0.8071664829106945
T120_P03_H0800_I0600_CN010_F1,California,unlimited_useful_deadline,unlimited,central_only,targeted_central,all_useful,deadline,-1.0,0.0,0.0,1.0,none,0.0,0,applicable,32.0,0.0,,0.0,14466.0,3869012.0,184293.5839998631,1257.0,976.5,0.5298610938081953,71.58218125960062,6.0,84.25066022625094,84.25066022625094,84.25066022625094,84.25066022625094,18.75,18.75,18.75,18.75,53.125,13.0,2.0,0.0,15.0,6.0,26.0,199.4177083333682,308.0843750000325,309.2258680555826,310.36736111113277,6.0,26.0,310.36736111113277,362.5,5.116666666666666,0.9062296416938111,1.0,0.0,0.0,6.0,0.0,0.0,16.0,50.0,0.0,9.0,100.0,66.66666666666666,COMPLETED,120,3,800.0,60.0,10.0,12,86bdb0027de1119d,T120_P03_H0800_I0600_F1,0.5225308641975309,False,0.2868192095261224,546,0.0,0.0,0.27875469339709014,547,0.16129032258064516,0.53125,0.14938029438459244,0.551852850020213,0.0
T120_P03_H0800_I0600_CN020_F1,California,unlimited_useful_deadline,unlimited,central_only,targeted_central,all_useful,deadline,-1.0,0.0,0.0,1.0,none,0.0,0,applicable,32.0,0.0,,0.0,28250.0,6677452.0,238215.6319997047,1600.0,1334.5,0.5602067290032647,86.174597227426,10.0,99.24812030075188,99.24812030075188,99.24812030075188,99.24812030075188,56.25,56.25,56.25,56.25,59.375,13.0,0.0,0.0,13.0,18.0,14.0,87.60347222223191,95.04118055555614,97.1824652777776,97.55138888888857,18.0,14.0,97.55138888888857,266.5,8.9,0.8283005617977528,1.0,0.0,0.0,6.0,33.33333333333333,16.666666666666664,16.0,50.0,50.0,9.0,100.0,100.0,COMPLETED,120,3,800.0,60.0,20.0,24,5fba02476547981e,T120_P03_H0800_I0600_F1,0.8842849794238683,False,0.6133496957893692,475,0.0,0.0,0.6182369377900568,480,0.5483870967741935,0.59375,0.8165571232945369,0.4863585320936082,0.6461319367879454
T120_P03_H0800_I0600_CN030_F1,California,unlimited_useful_deadline,unlimited,central_only,targeted_central,all_useful,deadline,-1.0,0.0,0.0,1.0,none,0.0,0,applicable,32.0,0.0,,0.0,39810.0,9571748.0,293786.11519954045,1852.0,1599.0,0.5442735096292601,91.18198874296435,12.0,99.24812030075188,99.24812030075188,99.24812030075188,99.24812030075188,56.25,56.25,56.25,56.25,59.375,13.0,0.0,0.0,13.0,18.0,14.0,87.6100694444447,94.0795138888906,95.18246527778261,95.55138888889729,18.0,14.0,95.55138888889729,255.5,11.195833333333333,0.7907548691229376,1.0,0.0,0.0,6.0,33.33333333333333,16.666666666666664,16.0,50.0,50.0,9.0,100.0,100.0,COMPLETED,120,3,800.0,60.0,30.0,36,caac0a572f9b8ce0,T120_P03_H0800_I0600_F1,0.9529320987654321,False,0.6215764230719847,460,0.0,0.0,0.6325942236908273,452,0.5483870967741935,0.59375,0.8228271116035939,0.42926380092530203,0.7687431091510472
T120_P03_H0800_I0600_CN040_F1,California,unlimited_useful_deadline,unlimited,central_only,targeted_central,all_useful,deadline,-1.0,0.0,0.0,1.0,none,0.0,0,applicable,32.0,0.0,,0.0,50802.0,12486476.0,349748.89279938675,2113.0,1869.5,0.5345263526173135,93.68815191227601,13.0,100.0,100.0,100.0,100.0,59.375,59.375,59.375,59.375,59.375,13.0,0.0,0.0,13.0,19.0,13.0,82.63472222222238,86.10833333334556,88.01597222222252,91.73472222222239,19.0,13.0,91.73472222222239,254.5,13.458333333333334,0.7385345717234262,1.0,0.0,0.0,6.0,33.33333333333333,33.33333333333333,16.0,50.0,50.0,9.0,100.0,100.0,COMPLETED,120,3,800.0,60.0,40.0,48,cd111efd50b788ba,T120_P03_H0800_I0600_F1,0.9675438596491227,False,0.6244219638799268,454,0.0,0.0,0.6351317704588274,447,0.5806451612903226,0.59375,0.8347923392934556,0.3716300588420249,0.7948412928683337
T120_P03_H0800_I0600_CN050_F1,California,unlimited_useful_deadline,unlimited,central_only,targeted_central,all_useful,deadline,-1.0,0.0,0.0,1.0,none,0.0,0,applicable,32.0,0.0,,0.0,61322.0,15524340.0,408075.8815992343,2375.0,2143.5,0.5252699550876917,95.28808024259389,12.0,100.0,100.0,100.0,100.0,59.375,59.375,59.375,59.375,59.375,13.0,0.0,0.0,13.0,19.0,13.0,81.20069444444901,86.44083333333789,86.82152777777796,87.6027777777781,19.0,13.0,87.6027777777781,264.5,15.658333333333333,0.6850762817101295,1.0,0.0,0.0,6.0,33.33333333333333,33.33333333333333,16.0,50.0,50.0,9.0,100.0,100.0,COMPLETED,120,3,800.0,60.0,50.0,60,1b600bfc31da0122,T120_P03_H0800_I0600_F1,0.9755360623781676,False,0.6175642958355224,470,0.0,0.0,0.6289878492954071,464,0.5806451612903226,0.59375,0.8477459609736815,0.3136818937250146,0.809116230488017
T120_P03_H0800_I0600_CN060_F1,California,unlimited_useful_deadline,unlimited,central_only,targeted_central,all_useful,deadline,-1.0,0.0,0.0,1.0,none,0.0,0,applicable,32.0,0.0,,0.0,72598.0,18668388.0,468441.60319904407,2639.0,2423.5,0.5173537071535975,97.42108520734475,11.0,100.0,100.0,100.0,100.0,59.375,59.375,59.375,59.375,59.375,13.0,0.0,0.0,13.0,19.0,13.0,79.15138888893732,81.6423611111118,82.31736111111394,83.36736111113763,19.0,13.0,83.36736111113763,236.0,18.229166666666668,0.6562266666666667,1.0,0.0,0.0,6.0,33.33333333333333,33.33333333333333,16.0,50.0,50.0,9.0,100.0,100.0,COMPLETED,120,3,800.0,60.0,60.0,72,1307fb65930aa25d,T120_P03_H0800_I0600_F1,0.9737329434697856,False,0.6080393771483172,483,0.0,0.0,0.6193019023484676,479,0.5806451612903226,0.59375,0.8610239674656499,0.2551947176930333,0.8058956652933325
T120_P03_H0800_I0600_CN070_F1,California,unlimited_useful_deadline,unlimited,central_only,targeted_central,all_useful,deadline,-1.0,0.0,0.0,1.0,none,0.0,0,applicable,32.0,0.0,,0.0,82200.0,21878420.0,530074.2175988603,2879.0,2666.0,0.5029484384425439,98.16204051012753,12.0,100.0,100.0,100.0,100.0,59.375,59.375,59.375,59.375,59.375,13.0,0.0,0.0,13.0,19.0,13.0,77.73472222222287,80.20416666667579,80.61979166668044,81.23541666666763,19.0,13.0,81.23541666666763,254.5,20.095833333333335,0.6206424079065589,1.0,0.0,0.0,6.0,33.33333333333333,33.33333333333333,16.0,50.0,50.0,9.0,100.0,100.0,COMPLETED,120,3,800.0,60.0,70.0,84,d35cdfc7aae906d8,T120_P03_H0800_I0600_F1,0.9819444444444444,False,0.600552426457059,490,0.0,0.0,0.6125482830562693,487,0.5806451612903226,0.59375,0.8677076008368719,0.2000763598796209,0.8205622932745312
T120_P03_H0800_I0600_CN080_F1,California,unlimited_useful_deadline,unlimited,central_only,targeted_central,all_useful,deadline,-1.0,0.0,0.0,1.0,none,0.0,0,applicable,32.0,0.0,,0.0,91230.0,25108284.0,592087.6063986863,3148.0,2948.0,0.4978992919529114,98.7449118046133,10.0,100.0,100.0,100.0,100.0,59.375,59.375,59.375,59.375,59.375,13.0,0.0,0.0,13.0,19.0,13.0,74.73472222222335,78.20416666666763,78.86972222222369,81.73472222222239,19.0,13.0,81.73472222222239,256.5,22.429166666666667,0.5775729147315622,1.0,0.0,0.0,6.0,33.33333333333333,33.33333333333333,16.0,50.0,50.0,9.0,100.0,100.0,COMPLETED,120,3,800.0,60.0,80.0,96,d38c727b3a255f35,T120_P03_H0800_I0600_F1,0.9804093567251462,False,0.5880947183104741,497,0.0,0.0,0.5999534832831541,495,0.5806451612903226,0.59375,0.8661422808388773,0.14140951354264922,0.8178204607439213
T120_P03_H0800_I0600_CN090_F1,California,unlimited_useful_deadline,unlimited,central_only,targeted_central,all_useful,deadline,-1.0,0.0,0.0,1.0,none,0.0,0,applicable,32.0,0.0,,0.0,99248.0,28482388.0,656870.4031985021,3402.0,3215.0,0.4894420549845427,99.5800933125972,10.0,100.0,100.0,100.0,100.0,59.375,59.375,59.375,59.375,59.375,13.0,0.0,0.0,13.0,19.0,13.0,76.06875000000049,78.06875000000619,78.29861111111758,80.36736111111144,19.0,13.0,80.36736111111144,244.0,24.758333333333333,0.5320935711881523,1.0,0.0,0.0,6.0,33.33333333333333,33.33333333333333,16.0,50.0,50.0,9.0,100.0,100.0,COMPLETED,120,3,800.0,60.0,90.0,108,bd392b95eb48fb93,T120_P03_H0800_I0600_F1,0.9826023391812866,False,0.5780757238609352,502,0.0,0.0,0.5901303340143729,500,0.5806451612903226,0.59375,0.8704289499293585,0.08409019449310513,0.8217373643590784
T120_P03_H0800_I0600_CN100_F1,California,unlimited_useful_deadline,unlimited,central_only,targeted_central,all_useful,deadline,-1.0,0.0,0.0,1.0,none,0.0,0,applicable,32.0,0.0,,0.0,108372.0,32127796.0,726862.2367982989,3676.0,3505.0,0.4822096709053028,100.0,8.0,100.0,100.0,100.0,100.0,59.375,59.375,59.375,59.375,59.375,13.0,0.0,0.0,13.0,19.0,13.0,73.15138888889318,76.82791666667814,77.28750000000274,78.06875000000595,19.0,13.0,78.06875000000595,245.5,27.1625,0.4892148591297234,1.0,0.0,0.0,6.0,33.33333333333333,33.33333333333333,16.0,50.0,50.0,9.0,100.0,100.0,COMPLETED,120,3,800.0,60.0,100.0,120,9f9b475fe792c16a,T120_P03_H0800_I0600_F1,0.9778265107212475,False,0.5663603229813069,509,0.0,0.0,0.5779884258522052,508,0.5806451612903226,0.59375,0.8776350823262399,0.024704666936172126,0.8132072187082919
T120_P03_H0800_I0800_CN000_F1,California,unlimited_useful_deadline,unlimited,central_only,targeted_central,all_useful,deadline,-1.0,0.0,0.0,1.0,none,0.0,0,applicable,32.0,0.0,,0.0,1772.0,891748.0,89174.8,520.0,446.0,0.5001412955229504,0.0,1.0,72.75250806507778,72.75250806507778,72.75250806507778,72.75250806507778,21.875,21.875,21.875,21.875,0.0,5.0,2.0,25.0,7.0,7.0,25.0,279.76666666666665,287.6,288.225,288.85,7.0,25.0,288.85,446.0,0.0,0.0,1.0,0.0,0.0,6.0,0.0,0.0,16.0,0.0,18.75,9.0,0.0,44.44444444444444,COMPLETED,120,3,800.0,80.0,0.0,0,98d7a9e70b313b9a,T120_P03_H0800_I0800_F1,0.7988095238095239,False,0.2923427928972195,544,0.0,0.0,0.3073385504206293,544,0.1935483870967742,0.0,0.21683709568916676,0.6328437317522346,0.49346353756497086
T120_P03_H0800_I0800_CN010_F1,California,unlimited_useful_deadline,unlimited,central_only,targeted_central,all_useful,deadline,-1.0,0.0,0.0,1.0,none,0.0,0,applicable,32.0,0.0,,0.0,22222.0,4692452.0,162148.3167997771,914.0,816.0,0.5032429667509948,92.6470588235294,7.0,96.20506752149265,96.20506752149265,96.20506752149265,96.20506752149265,68.75,68.75,68.75,68.75,56.25,5.0,0.0,9.0,5.0,22.0,10.0,90.32638888889196,157.84409722222446,160.0215277777782,176.11736111111142,22.0,10.0,176.11736111111142,122.0,5.795833333333333,0.9257428708363289,1.0,0.0,0.0,6.0,0.0,33.33333333333333,16.0,56.25,68.75,9.0,100.0,100.0,COMPLETED,120,3,800.0,80.0,10.0,12,cf65cb2dadb302ba,T120_P03_H0800_I0800_F1,0.9533038720538721,True,0.6245708394972669,453,0.0,0.0,0.629170228576019,463,0.6774193548387096,0.5625,0.5702532596319458,0.5662713919956879,0.7694071364137516
T120_P03_H0800_I0800_CN020_F1,California,unlimited_useful_deadline,unlimited,central_only,targeted_central,all_useful,deadline,-1.0,0.0,0.0,1.0,none,0.0,0,applicable,32.0,0.0,,0.0,41032.0,8345196.0,232281.00159954623,1240.0,1144.0,0.49250691710562816,100.0,7.0,97.42296306305968,97.42296306305968,97.42296306305968,97.42296306305968,68.75,68.75,68.75,68.75,59.375,5.0,0.0,8.0,5.0,22.0,10.0,81.23541666666713,150.9440972222222,159.67152777777807,169.11736111111193,22.0,10.0,169.11736111111193,117.5,8.554166666666667,0.8560277642474428,1.0,0.0,0.0,6.0,0.0,33.33333333333333,16.0,62.5,68.75,9.0,100.0,100.0,COMPLETED,120,3,800.0,80.0,20.0,24,73c49aed3f384f70,T120_P03_H0800_I0800_F1,0.9780513468013469,False,0.629280228217296,441,0.0,0.0,0.6360897004873881,444,0.6774193548387096,0.59375,0.5921982187137393,0.5034721286439384,0.8136088002405533
T120_P03_H0800_I0800_CN030_F1,California,unlimited_useful_deadline,unlimited,central_only,targeted_central,all_useful,deadline,-1.0,0.0,0.0,1.0,none,0.0,0,applicable,32.0,0.0,,0.0,59742.0,12280996.0,307848.36159929907,1542.0,1435.5,0.4663010036962524,100.0,6.0,98.0746552606456,98.0746552606456,98.0746552606456,98.0746552606456,68.75,68.75,68.75,68.75,65.625,5.0,0.0,6.0,5.0,22.0,10.0,79.80138888889341,150.74409722222885,159.67152777777844,168.11736111111094,22.0,10.0,168.11736111111094,94.5,11.1875,0.7962787088764742,1.0,0.0,0.0,6.0,33.33333333333333,33.33333333333333,16.0,62.5,68.75,9.0,100.0,100.0,COMPLETED,120,3,800.0,80.0,30.0,36,d622cd3106e88fcf,T120_P03_H0800_I0800_F1,0.9792929292929292,False,0.6308358110632358,438,0.0,0.0,0.6377561633573834,441,0.6774193548387096,0.65625,0.5953332128682847,0.44395184835826257,0.8158264007216596
T120_P03_H0800_I0800_CN040_F1,California,unlimited_useful_deadline,unlimited,central_only,targeted_central,all_useful,deadline,-1.0,0.0,0.0,1.0,none,0.0,0,applicable,32.0,0.0,,0.0,77824.0,16425020.0,387413.622399049,1858.0,1747.5,0.45106828953991107,100.0,7.0,98.56567658500026,98.56567658500026,98.56567658500026,98.56567658500026,71.875,71.875,71.875,71.875,65.625,5.0,0.0,6.0,5.0,23.0,9.0,78.86805555555594,150.0875,156.52569444444734,167.11736111111628,23.0,9.0,167.11736111111628,133.5,13.741666666666667,0.7392611683848798,1.0,0.0,0.0,6.0,33.33333333333333,50.0,16.0,62.5,68.75,9.0,100.0,100.0,COMPLETED,120,3,800.0,80.0,40.0,48,5483a60b11167d21,T120_P03_H0800_I0800_F1,0.974194847020934,False,0.62588908697411,451,0.0,0.0,0.6307412497535518,459,0.7096774193548387,0.65625,0.59846820702281,0.3825899474464358,0.8067206749436746
T120_P03_H0800_I0800_CN050_F1,California,unlimited_useful_deadline,unlimited,central_only,targeted_central,all_useful,deadline,-1.0,0.0,0.0,1.0,none,0.0,0,applicable,32.0,0.0,,0.0,95716.0,20624476.0,468043.17759877327,2168.0,2051.0,0.43820743430603004,100.0,8.0,98.72670718081346,98.72670718081346,98.72670718081346,98.72670718081346,71.875,71.875,71.875,71.875,68.75,5.0,0.0,5.0,5.0,23.0,9.0,78.80138888889729,149.2875000000001,156.42569444444734,167.11736111111628,23.0,9.0,167.11736111111628,131.0,16.3625,0.6878766658178423,1.0,0.0,0.0,6.0,33.33333333333333,50.0,16.0,68.75,68.75,9.0,100.0,100.0,COMPLETED,120,3,800.0,80.0,50.0,60,2fc76a4fdce13308,T120_P03_H0800_I0800_F1,0.9780998389694041,False,0.6210656371832668,462,0.0,0.0,0.6262665368401354,466,0.7096774193548387,0.6875,0.59846820702281,0.321991645330818,0.8136954124922101
T120_P03_H0800_I0800_CN060_F1,California,unlimited_useful_deadline,unlimited,central_only,targeted_central,all_useful,deadline,-1.0,0.0,0.0,1.0,none,0.0,0,applicable,32.0,0.0,,0.0,111760.0,25016196.0,552364.2015985306,2470.0,2343.0,0.42417665613003275,100.0,7.0,99.21736878258618,99.21736878258618,99.21736878258618,99.21736878258618,75.0,75.0,75.0,75.0,78.125,5.0,0.0,2.0,5.0,24.0,8.0,75.83472222222713,148.13090277777866,155.07986111111154,167.11736111111628,24.0,8.0,167.11736111111628,117.5,18.7625,0.6294673921089644,1.0,0.0,0.0,6.0,83.33333333333334,66.66666666666666,16.0,68.75,68.75,9.0,100.0,100.0,COMPLETED,120,3,800.0,80.0,60.0,72,fe58facf08303baa,T120_P03_H0800_I0800_F1,0.9769675925925926,False,0.6356637665849363,433,0.0,0.0,0.6391506472976722,437,0.7419354838709677,0.78125,0.59846820702281,0.2624264474688946,0.8116730981256889
T120_P03_H0800_I0800_CN070_F1,California,unlimited_useful_deadline,unlimited,central_only,targeted_central,all_useful,deadline,-1.0,0.0,0.0,1.0,none,0.0,0,applicable,32.0,0.0,,0.0,128276.0,29554540.0,639500.406398258,2787.0,2651.5,0.41462053400928417,100.0,7.0,98.7407363615093,98.7407363615093,98.7407363615093,98.7407363615093,68.75,68.75,68.75,68.75,78.125,5.0,0.0,2.0,5.0,22.0,10.0,77.2687500000115,150.24409722222978,159.67152777777844,160.55138888888953,22.0,10.0,160.55138888888953,114.5,21.404166666666665,0.5981652715592758,1.0,0.0,0.0,6.0,83.33333333333334,33.33333333333333,16.0,68.75,68.75,9.0,100.0,100.0,COMPLETED,120,3,800.0,80.0,70.0,84,ec934eb4e36cc3bb,T120_P03_H0800_I0800_F1,0.9832912457912458,False,0.6131363048394829,477,0.0,0.0,0.6204137283975375,475,0.6774193548387096,0.78125,0.6190524915583773,0.2013789695908009,0.8229678259997995
T120_P03_H0800_I0800_CN080_F1,California,unlimited_useful_deadline,unlimited,central_only,targeted_central,all_useful,deadline,-1.0,0.0,0.0,1.0,none,0.0,0,applicable,32.0,0.0,,0.0,144200.0,34309356.0,730792.8735979747,3094.0,2950.5,0.4037395692535359,100.0,7.0,98.89505734916364,98.89505734916364,98.89505734916364,98.89505734916364,71.875,71.875,71.875,71.875,78.125,5.0,0.0,2.0,5.0,23.0,9.0,74.86805555555638,139.98194444444604,155.41250000000306,157.55138888889536,23.0,9.0,157.55138888889536,202.0,23.866666666666667,0.5477799115456239,1.0,0.0,0.0,6.0,83.33333333333334,50.0,16.0,68.75,68.75,9.0,100.0,100.0,COMPLETED,120,3,800.0,80.0,80.0,96,8cd940d10fb9e4b7,T120_P03_H0800_I0800_F1,0.9657004830917875,False,0.606330158249815,486,0.0,0.0,0.6104237284402151,488,0.7096774193548387,0.78125,0.6284574740219855,0.1411849256614113,0.7915488231628397
T120_P03_H0800_I0800_CN090_F1,California,unlimited_useful_deadline,unlimited,central_only,targeted_central,all_useful,deadline,-1.0,0.0,0.0,1.0,none,0.0,0,applicable,32.0,0.0,,0.0,159312.0,39246132.0,825578.97279769,3405.0,3255.0,0.394268762559393,100.0,7.0,99.54674954674955,99.54674954674955,99.54674954674955,99.54674954674955,78.125,78.125,78.125,78.125,81.25,5.0,0.0,1.0,5.0,25.0,7.0,74.86805555555614,135.92152777779214,148.9340277777825,152.55138888889343,25.0,7.0,152.55138888889343,135.0,26.458333333333332,0.49762467191601045,1.0,0.0,0.0,6.0,100.0,83.33333333333334,16.0,68.75,68.75,9.0,100.0,100.0,COMPLETED,120,3,800.0,80.0,90.0,108,0aefbfba0f9a3665,T120_P03_H0800_I0800_F1,0.9706666666666667,False,0.621037078276822,463,0.0,0.0,0.6223483490382831,468,0.7741935483870968,0.8125,0.6441324447947023,0.08049678839329828,0.8004189636163174
T120_P03_H0800_I0800_CN100_F1,California,unlimited_useful_deadline,unlimited,central_only,targeted_central,all_useful,deadline,-1.0,0.0,0.0,1.0,none,0.0,0,applicable,32.0,0.0,,0.0,173148.0,44086988.0,918523.4079973886,3716.0,3560.5,0.3876330171881828,100.0,7.0,99.71509971509971,99.71509971509971,99.71509971509971,99.71509971509971,81.25,81.25,81.25,81.25,81.25,5.0,0.0,1.0,5.0,26.0,6.0,63.95243055555922,135.41770833334414,147.38819444444835,151.55138888888953,26.0,6.0,151.55138888888953,143.5,28.958333333333332,0.436263788968825,1.0,0.0,0.0,6.0,100.0,100.0,16.0,68.75,68.75,9.0,100.0,100.0,COMPLETED,120,3,800.0,80.0,100.0,120,9698bf94a2853693,T120_P03_H0800_I0800_F1,0.9766025641025641,False,0.6191633218804528,467,0.0,0.0,0.6193917971253772,478,0.8064516129032258,0.8125,0.6472674389492568,0.019718815972690096,0.811021117801713
T120_P03_H0800_I0986_CN000_F1,California,unlimited_useful_deadline,unlimited,central_only,targeted_central,all_useful,deadline,-1.0,0.0,0.0,1.0,none,0.0,0,applicable,32.0,0.0,,0.0,1749.0,858480.0,85848.0,222.0,141.5,0.1648262044543845,0.0,1.0,47.091097830978576,47.091097830978576,47.091097830978576,47.091097830978576,21.875,21.875,21.875,21.875,6.25,5.0,8.0,17.0,13.0,7.0,25.0,134.33333333333334,221.76666666666674,283.06666666666655,344.3666666666667,7.0,25.0,344.3666666666667,141.5,0.0,0.0,1.0,0.0,0.0,6.0,0.0,0.0,16.0,6.25,37.5,9.0,11.11111111111111,11.11111111111111,COMPLETED,120,3,800.0,98.6,0.0,0,71d6b22512bc1e91,T120_P03_H0800_I0986_F1,0.838095238095238,True,0.28603014815982813,547,0.0,0.0,0.3045343322071,546,0.1935483870967742,0.0625,0.042792670209500505,0.6601985356870143,0.5636320680422111
T120_P03_H0800_I0986_CN010_F1,California,unlimited_useful_deadline,unlimited,central_only,targeted_central,all_useful,deadline,-1.0,0.0,0.0,1.0,none,0.0,0,applicable,32.0,0.0,,0.0,22675.0,4650792.0,158660.3903997731,777.0,609.5,0.38415385116868567,94.0935192780968,7.0,86.24338624338624,86.24338624338624,86.24338624338624,86.24338624338624,71.875,71.875,71.875,71.875,53.125,5.0,3.0,7.0,8.0,23.0,9.0,86.93333333333334,119.02791666666738,125.43472222222243,209.7173611111112,23.0,9.0,209.7173611111112,84.0,4.479166666666667,0.9273875968992249,1.0,0.0,0.0,6.0,0.0,0.0,16.0,50.0,87.5,9.0,100.0,100.0,COMPLETED,120,3,800.0,98.6,10.0,12,0474cf9df7d13a70,T120_P03_H0800_I0986_F1,0.936111111111111,False,0.6044221674014264,489,0.0,0.0,0.605873246819572,490,0.7096774193548387,0.53125,0.46491745603932966,0.5848223509859408,0.7386990077177505
T120_P03_H0800_I0986_CN020_F1,California,unlimited_useful_deadline,unlimited,central_only,targeted_central,all_useful,deadline,-1.0,0.0,0.0,1.0,none,0.0,0,applicable,32.0,0.0,,0.0,42893.0,8392688.0,230504.79359952512,1135.0,988.0,0.4286244917390019,98.48178137651821,7.0,99.25925925925925,99.25925925925925,99.25925925925925,99.25925925925925,81.25,81.25,81.25,81.25,53.125,5.0,0.0,10.0,5.0,26.0,6.0,72.75937500000413,77.80833333333334,78.2625,81.23333333333333,26.0,6.0,81.23333333333333,124.0,7.591666666666667,0.8583241858763264,1.0,0.0,100.0,6.0,0.0,33.33333333333333,16.0,50.0,87.5,9.0,100.0,100.0,COMPLETED,120,3,800.0,98.6,20.0,24,50a78ef9e62257f2,T120_P03_H0800_I0986_F1,0.9496260683760683,False,0.6993287393769799,374,0.0,0.0,0.6971480678150177,385,0.8064516129032258,0.53125,0.8677141320746969,0.5174864124331852,0.7628381816639808
T120_P03_H0800_I0986_CN030_F1,California,unlimited_useful_deadline,unlimited,central_only,targeted_central,all_useful,deadline,-1.0,0.0,0.0,1.0,none,0.0,0,applicable,32.0,0.0,,0.0,61371.0,12410440.0,307645.6319992981,1466.0,1319.0,0.42874003814980516,99.35557240333586,8.0,100.0,100.0,100.0,100.0,84.375,84.375,84.375,84.375,53.125,5.0,0.0,10.0,5.0,27.0,5.0,66.50277777777761,73.00333333333333,73.23479166666837,73.4,27.0,5.0,73.4,114.5,10.395833333333334,0.7965230460921844,1.0,0.0,100.0,6.0,0.0,50.0,16.0,50.0,87.5,9.0,100.0,100.0,COMPLETED,120,3,800.0,98.6,30.0,36,d4be95c96033b193,T120_P03_H0800_I0986_F1,0.9510802469135803,False,0.7000805905847548,373,0.0,0.0,0.6964168817964772,386,0.8387096774193549,0.53125,0.8922715862852773,0.45441764362395004,0.7654355016538037
T120_P03_H0800_I0986_CN040_F1,California,unlimited_useful_deadline,unlimited,central_only,targeted_central,all_useful,deadline,-1.0,0.0,0.0,1.0,none,0.0,0,applicable,32.0,0.0,,0.0,79975.0,16628392.0,388630.31039906875,1782.0,1632.0,0.4199363653144206,99.93872549019608,8.0,100.0,100.0,100.0,100.0,84.375,84.375,84.375,84.375,53.125,5.0,0.0,10.0,5.0,27.0,5.0,62.11736111111289,68.14861111111298,70.10298611111202,72.36736111111192,27.0,5.0,72.36736111111192,136.5,13.058333333333334,0.7354499042756861,1.0,0.0,100.0,6.0,0.0,50.0,16.0,50.0,87.5,9.0,100.0,100.0,COMPLETED,120,3,800.0,98.6,40.0,48,6ca0e6fea711af7a,T120_P03_H0800_I0986_F1,0.9618484224965705,False,0.6913226755094585,390,0.0,0.0,0.6886206229750091,392,0.8387096774193549,0.53125,0.8955089031656943,0.3929659075596281,0.7846686267303684
T120_P03_H0800_I0986_CN050_F1,California,unlimited_useful_deadline,unlimited,central_only,targeted_central,all_useful,deadline,-1.0,0.0,0.0,1.0,none,0.0,0,applicable,32.0,0.0,,0.0,97105.0,20920128.0,471031.6415988611,2108.0,1961.5,0.4164263770777523,99.94901860820801,8.0,100.0,100.0,100.0,100.0,84.375,84.375,84.375,84.375,53.125,5.0,0.0,10.0,5.0,27.0,5.0,62.55138888889147,68.44111111111127,69.31736111111144,70.71736111111143,27.0,5.0,70.71736111111143,126.5,15.820833333333333,0.6885940654902993,1.0,0.0,100.0,6.0,0.0,50.0,16.0,50.0,87.5,9.0,100.0,100.0,COMPLETED,120,3,800.0,98.6,50.0,60,d4a84f0ed836580b,T120_P03_H0800_I0986_F1,0.971159122085048,False,0.6822649076851971,399,0.0,0.0,0.6803943509243606,403,0.8387096774193549,0.53125,0.9006816435206905,0.33003189147913575,0.8012985422026213
T120_P03_H0800_I0986_CN060_F1,California,unlimited_useful_deadline,unlimited,central_only,targeted_central,all_useful,deadline,-1.0,0.0,0.0,1.0,none,0.0,0,applicable,32.0,0.0,,0.0,115311.0,25356264.0,556205.4527985394,2434.0,2285.5,0.41090931210770065,99.95624589805294,8.0,100.0,100.0,100.0,100.0,84.375,84.375,84.375,84.375,53.125,5.0,0.0,10.0,5.0,27.0,5.0,56.934722222232814,67.02777777779275,67.57881944447887,70.71736111111143,27.0,5.0,70.71736111111143,132.5,18.416666666666668,0.6381598793363499,1.0,0.0,100.0,6.0,0.0,50.0,16.0,50.0,87.5,9.0,100.0,100.0,COMPLETED,120,3,800.0,98.6,60.0,72,9d5aa68ddc9fed46,T120_P03_H0800_I0986_F1,0.9762688614540466,False,0.671145905128758,407,0.0,0.0,0.6697316756985597,411,0.8387096774193549,0.53125,0.9006816435206905,0.26759196873736696,0.8104250888153862
T120_P03_H0800_I0986_CN070_F1,California,unlimited_useful_deadline,unlimited,central_only,targeted_central,all_useful,deadline,-1.0,0.0,0.0,1.0,none,0.0,0,applicable,32.0,0.0,,0.0,131395.0,29932536.0,644069.87519826,2748.0,2594.0,0.4027513317870216,99.98072474942174,9.0,100.0,100.0,100.0,100.0,84.375,84.375,84.375,84.375,53.125,5.0,0.0,10.0,5.0,27.0,5.0,61.11736111111192,67.24236111114561,67.65298611112674,71.85,27.0,5.0,71.85,156.5,21.079166666666666,0.5762288331027212,1.0,0.0,100.0,6.0,0.0,50.0,16.0,50.0,87.5,9.0,100.0,100.0,COMPLETED,120,3,800.0,98.6,70.0,84,f4a15c0d9b1ab548,T120_P03_H0800_I0986_F1,0.9774348422496572,False,0.6585386314464823,416,0.0,0.0,0.6572285304004565,417,0.8387096774193549,0.53125,0.8971308272248176,0.20654449085927326,0.8125076564988363
T120_P03_H0800_I0986_CN080_F1,California,unlimited_useful_deadline,unlimited,central_only,targeted_central,all_useful,deadline,-1.0,0.0,0.0,1.0,none,0.0,0,applicable,32.0,0.0,,0.0,147553.0,34709880.0,735794.879997978,3068.0,2912.5,0.3958304249151616,100.0,8.0,100.0,100.0,100.0,100.0,84.375,84.375,84.375,84.375,53.125,5.0,0.0,10.0,5.0,27.0,5.0,58.41944444444962,65.56944444444545,66.15798611111138,66.71736111111119,27.0,5.0,66.71736111111119,182.5,23.654166666666665,0.5313501849568434,1.0,0.0,100.0,6.0,0.0,50.0,16.0,50.0,87.5,9.0,100.0,100.0,COMPLETED,120,3,800.0,98.6,80.0,96,227e8f197ca68eb4,T120_P03_H0800_I0986_F1,0.9809499314128943,False,0.6503093735055357,418,0.0,0.0,0.6493131889117946,423,0.8387096774193549,0.53125,0.9132216201388599,0.1445986614562278,0.81878598554453
T120_P03_H0800_I0986_CN090_F1,California,unlimited_useful_deadline,unlimited,central_only,targeted_central,all_useful,deadline,-1.0,0.0,0.0,1.0,none,0.0,0,applicable,32.0,0.0,,0.0,162697.0,39699128.0,831588.4415976948,3394.0,3237.0,0.38925504950271944,100.0,8.0,100.0,100.0,100.0,100.0,84.375,84.375,84.375,84.375,56.25,5.0,0.0,9.0,5.0,27.0,5.0,49.80138888889147,59.37430555555601,60.03090277777794,66.71736111111119,27.0,5.0,66.71736111111119,137.5,26.420833333333334,0.46864716395941763,1.0,0.0,100.0,6.0,0.0,50.0,16.0,56.25,87.5,9.0,100.0,100.0,COMPLETED,120,3,800.0,98.6,90.0,108,fb05397636467474,T120_P03_H0800_I0986_F1,0.9786008230452675,False,0.6434330412375959,423,0.0,0.0,0.6422270685757424,432,0.8387096774193549,0.5625,0.9132216201388599,0.08211382113821138,0.8145902241822859
T120_P03_H0800_I0986_CN100_F1,California,unlimited_useful_deadline,unlimited,central_only,targeted_central,all_useful,deadline,-1.0,0.0,0.0,1.0,none,0.0,0,applicable,32.0,0.0,,0.0,176777.0,44671504.0,927058.0607974007,3721.0,3568.0,0.38487341309896134,100.0,8.0,100.0,100.0,100.0,100.0,84.375,84.375,84.375,84.375,56.25,5.0,0.0,9.0,5.0,27.0,5.0,47.551388888893904,52.827777777787034,54.85833333333709,66.71736111111119,27.0,5.0,66.71736111111119,137.0,29.070833333333333,0.40828316850604374,1.0,0.0,100.0,6.0,0.0,50.0,16.0,56.25,87.5,9.0,100.0,100.0,COMPLETED,120,3,800.0,98.6,100.0,120,9fcb3da4bd442f23,T120_P03_H0800_I0986_F1,0.977863511659808,False,0.6306217498057747,439,0.0,0.0,0.6293499312539297,462,0.8387096774193549,0.5625,0.9132216201388599,0.019045052328976315,0.8132733063824574
T120_P03_H1000_I0600_CN020_F1,California,unlimited_useful_deadline,unlimited,central_only,targeted_central,all_useful,deadline,-1.0,0.0,0.0,1.0,none,0.0,0,applicable,32.0,0.0,,0.0,26665.0,6675188.0,262373.3791997291,1551.0,1289.5,0.4914751656334696,85.73090345094998,10.0,97.83834586466166,97.83834586466166,97.83834586466166,97.83834586466166,53.125,53.125,53.125,53.125,59.375,13.0,0.0,0.0,13.0,17.0,15.0,90.11736111111387,100.08194444444467,100.95569444444467,102.36736111111095,17.0,15.0,102.36736111111095,270.5,8.491666666666667,0.8167402682368334,1.0,0.0,0.0,6.0,33.33333333333333,0.0,16.0,50.0,50.0,9.0,100.0,100.0,COMPLETED,120,3,1000.0,60.0,20.0,24,5e1154a11548ada0,T120_P03_H1000_I0600_F1,0.8555010893246188,False,0.5953624164137113,493,0.0,0.0,0.5992920047515181,496,0.5161290322580645,0.59375,0.8014590785294322,0.490401113955891,0.5947207990142032
T120_P03_H1000_I0600_CN030_F1,California,unlimited_useful_deadline,unlimited,central_only,targeted_central,all_useful,deadline,-1.0,0.0,0.0,1.0,none,0.0,0,applicable,32.0,0.0,,0.0,37169.0,9398956.0,314669.72479959164,1816.0,1566.0,0.4976646549004235,90.38952745849298,12.0,98.59022556390978,98.59022556390978,98.59022556390978,98.59022556390978,53.125,53.125,53.125,53.125,59.375,13.0,0.0,0.0,13.0,17.0,15.0,84.86805555555559,89.44097222222375,90.31458333333305,93.36736111111095,17.0,15.0,93.36736111111095,268.5,10.8125,0.7583782915863841,1.0,0.0,0.0,6.0,33.33333333333333,0.0,16.0,50.0,50.0,9.0,100.0,100.0,COMPLETED,120,3,1000.0,60.0,30.0,36,3b92ff7ec49632c9,T120_P03_H1000_I0600_F1,0.9698529411764706,False,0.6200075697354569,465,0.0,0.0,0.6341493962210036,449,0.5161290322580645,0.59375,0.8296740259203118,0.4322283609576427,0.7989655619689991
T120_P03_H1000_I0600_CN040_F1,California,unlimited_useful_deadline,unlimited,central_only,targeted_central,all_useful,deadline,-1.0,0.0,0.0,1.0,none,0.0,0,applicable,32.0,0.0,,0.0,47555.0,12158756.0,367657.88479944895,2068.0,1823.5,0.4959773951250054,93.17247052371812,12.0,100.0,100.0,100.0,100.0,59.375,59.375,59.375,59.375,59.375,13.0,0.0,0.0,13.0,19.0,13.0,84.63472222222238,94.84499999999971,95.45423611111094,99.36736111111095,19.0,13.0,99.36736111111095,266.5,12.975,0.7143331192464142,1.0,0.0,0.0,6.0,33.33333333333333,33.33333333333333,16.0,50.0,50.0,9.0,100.0,100.0,COMPLETED,120,3,1000.0,60.0,40.0,48,1f2369cb5cefcb4e,T120_P03_H1000_I0600_F1,0.9675682261208577,False,0.620469319795495,464,0.0,0.0,0.6311813024319595,457,0.5806451612903226,0.59375,0.8108640609930587,0.3757624758568028,0.7948848140196134
T120_P03_H1000_I0600_CN050_F1,California,unlimited_useful_deadline,unlimited,central_only,targeted_central,all_useful,deadline,-1.0,0.0,0.0,1.0,none,0.0,0,applicable,32.0,0.0,,0.0,57803.0,15047092.0,423113.93599930254,2329.0,2095.0,0.4951385009458666,94.98806682577566,11.0,100.0,100.0,100.0,100.0,59.375,59.375,59.375,59.375,59.375,13.0,0.0,0.0,13.0,19.0,13.0,85.71736111111119,89.79166666667793,90.25423611112105,92.36736111111144,19.0,13.0,92.36736111111144,252.5,15.354166666666666,0.6384780642243328,1.0,0.0,0.0,6.0,33.33333333333333,33.33333333333333,16.0,50.0,50.0,9.0,100.0,100.0,COMPLETED,120,3,1000.0,60.0,50.0,60,5f56c81c6c54eedc,T120_P03_H1000_I0600_F1,0.9624512670565301,False,0.6119426798993943,479,0.0,0.0,0.6221976904474238,470,0.5806451612903226,0.59375,0.8328090200748525,0.3180388986210304,0.7857453722509136
T120_P03_H1000_I0600_CN060_F1,California,unlimited_useful_deadline,unlimited,central_only,targeted_central,all_useful,deadline,-1.0,0.0,0.0,1.0,none,0.0,0,applicable,32.0,0.0,,0.0,68301.0,17996756.0,479747.4847991257,2585.0,2358.0,0.4915085695524416,96.81933842239185,12.0,100.0,100.0,100.0,100.0,59.375,59.375,59.375,59.375,59.375,13.0,0.0,0.0,13.0,19.0,13.0,80.06875000000024,85.13805555555687,87.37298611111676,89.36736111111387,19.0,13.0,89.36736111111387,233.0,17.708333333333332,0.595556862745098,1.0,0.0,0.0,6.0,33.33333333333333,33.33333333333333,16.0,50.0,50.0,9.0,100.0,100.0,COMPLETED,120,3,1000.0,60.0,60.0,72,44d97a2de1de39ec,T120_P03_H1000_I0600_F1,0.9760721247563353,False,0.6060809292389933,487,0.0,0.0,0.6175523559652855,481,0.5806451612903226,0.59375,0.8422140025384713,0.261078920181467,0.8100736958161666
T120_P03_H1000_I0600_CN070_F1,California,unlimited_useful_deadline,unlimited,central_only,targeted_central,all_useful,deadline,-1.0,0.0,0.0,1.0,none,0.0,0,applicable,32.0,0.0,,0.0,77263.0,21022548.0,537842.6911989634,2853.0,2632.0,0.4893624182440266,97.66337386018238,12.0,100.0,100.0,100.0,100.0,59.375,59.375,59.375,59.375,59.375,13.0,0.0,0.0,13.0,19.0,13.0,80.73472222222287,87.16736111111153,87.38576388889133,87.55138888888857,19.0,13.0,87.55138888888857,257.0,19.791666666666668,0.5513824561403509,1.0,0.0,0.0,6.0,33.33333333333333,33.33333333333333,16.0,50.0,50.0,9.0,100.0,100.0,COMPLETED,120,3,1000.0,60.0,70.0,84,dca5b451dedb0d18,T120_P03_H1000_I0600_F1,0.9717348927875243,False,0.5944678939367255,494,0.0,0.0,0.6055519824166298,491,0.5806451612903226,0.59375,0.8479070648399586,0.20313075506445674,0.8023269308884116
T120_P03_H1000_I0600_CN080_F1,California,unlimited_useful_deadline,unlimited,central_only,targeted_central,all_useful,deadline,-1.0,0.0,0.0,1.0,none,0.0,0,applicable,32.0,0.0,,0.0,86177.0,24082876.0,596600.9887987929,3108.0,2895.5,0.48533275243640667,98.65308236919357,11.0,100.0,100.0,100.0,100.0,59.375,59.375,59.375,59.375,59.375,13.0,0.0,0.0,13.0,19.0,13.0,78.502777777781,84.20416666667404,84.63298611112268,85.36736111111628,19.0,13.0,85.36736111111628,244.5,22.091666666666665,0.5095498554004778,1.0,0.0,0.0,6.0,33.33333333333333,33.33333333333333,16.0,50.0,50.0,9.0,100.0,100.0,COMPLETED,120,3,1000.0,60.0,80.0,96,54f5bf126bbaffb5,T120_P03_H1000_I0600_F1,0.9802875243664717,False,0.5867276862117649,499,0.0,0.0,0.5985755708966248,497,0.5806451612903226,0.59375,0.8547539791566324,0.14612585904864572,0.8176028549875237
T120_P03_H1000_I0600_CN090_F1,California,unlimited_useful_deadline,unlimited,central_only,targeted_central,all_useful,deadline,-1.0,0.0,0.0,1.0,none,0.0,0,applicable,32.0,0.0,,0.0,93819.0,27274068.0,657871.8751986199,3375.0,3174.0,0.4824647655049441,99.40138626339004,10.0,100.0,100.0,100.0,100.0,59.375,59.375,59.375,59.375,59.375,13.0,0.0,0.0,13.0,19.0,13.0,77.15138888889366,82.2118055555595,86.16076388888925,86.55138888888953,19.0,13.0,86.55138888888953,246.5,24.395833333333332,0.4716581269570168,1.0,0.0,0.0,6.0,33.33333333333333,33.33333333333333,16.0,50.0,50.0,9.0,100.0,100.0,COMPLETED,120,3,1000.0,60.0,90.0,108,67cf6c5ce190ca47,T120_P03_H1000_I0600_F1,0.9824074074074073,False,0.5748827685428879,503,0.0,0.0,0.5869199702358139,504,0.5806451612903226,0.59375,0.8510420589944978,0.08777343574540715,0.821389195148842
T120_P03_H1000_I0600_CN100_F1,California,unlimited_useful_deadline,unlimited,central_only,targeted_central,all_useful,deadline,-1.0,0.0,0.0,1.0,none,0.0,0,applicable,32.0,0.0,,0.0,102721.0,30720412.0,724041.6799984258,3623.0,3425.5,0.4731081227267811,100.0,10.0,100.0,100.0,100.0,100.0,59.375,59.375,59.375,59.375,59.375,13.0,0.0,0.0,13.0,19.0,13.0,77.15138888889366,82.56805555555717,82.7079861111126,83.36736111111144,19.0,13.0,83.36736111111144,242.0,26.529166666666665,0.39423721271137646,1.0,0.0,0.0,6.0,33.33333333333333,33.33333333333333,16.0,50.0,50.0,9.0,100.0,100.0,COMPLETED,120,3,1000.0,60.0,100.0,120,e7279bbbc220250e,T120_P03_H1000_I0600_F1,0.9820662768031189,False,0.565602380982274,511,0.0,0.0,0.5776091178693042,510,0.5806451612903226,0.59375,0.861023967465732,0.031846561559538245,0.8207798990309289
T120_P03_H1000_I0800_CN000_F1,California,unlimited_useful_deadline,unlimited,central_only,targeted_central,all_useful,deadline,-1.0,0.0,0.0,1.0,none,0.0,0,applicable,32.0,0.0,,0.0,1965.0,1177352.0,117735.2,504.0,435.5,0.3698978725139126,0.0,1.0,73.53229047179819,73.53229047179819,73.53229047179819,73.53229047179819,25.0,25.0,25.0,25.0,3.125,5.0,2.0,24.0,7.0,8.0,24.0,191.39999999999998,283.725,284.74583333333334,285.76666666666665,8.0,24.0,285.76666666666665,435.5,0.0,0.0,1.0,0.0,0.0,6.0,0.0,0.0,16.0,0.0,25.0,9.0,11.11111111111111,44.44444444444444,COMPLETED,120,3,1000.0,80.0,0.0,0,e64653d686e561d0,T120_P03_H1000_I0800_F1,0.8057291666666667,True,0.3106330937117879,543,0.0,0.0,0.3246339094993897,543,0.22580645161290322,0.03125,0.22650332766567183,0.633787000853434,0.5058227673649394
T120_P03_H1000_I0800_CN010_F1,California,unlimited_useful_deadline,unlimited,central_only,targeted_central,all_useful,deadline,-1.0,0.0,0.0,1.0,none,0.0,0,applicable,32.0,0.0,,0.0,20699.0,4747184.0,186275.97439979913,907.0,822.0,0.4412807409267732,93.55231143552311,7.0,95.85260103162916,95.85260103162916,95.85260103162916,95.85260103162916,68.75,68.75,68.75,68.75,65.625,5.0,0.0,6.0,5.0,22.0,10.0,86.32638888888954,145.35069444444477,155.57986111112112,171.11736111111094,22.0,10.0,171.11736111111094,131.5,5.754166666666666,0.9152365435674632,1.0,0.0,0.0,6.0,33.33333333333333,33.33333333333333,16.0,62.5,68.75,9.0,100.0,100.0,COMPLETED,120,3,1000.0,80.0,10.0,12,6ac1e2dea90f1800,T120_P03_H1000_I0800_F1,0.9393939393939394,True,0.6426213350670913,424,0.0,0.0,0.6459784920119352,429,0.6774193548387096,0.65625,0.5859282304046581,0.5657323810807169,0.7445624937355918
T120_P03_H1000_I0800_CN020_F1,California,unlimited_useful_deadline,unlimited,central_only,targeted_central,all_useful,deadline,-1.0,0.0,0.0,1.0,none,0.0,0,applicable,32.0,0.0,,0.0,37605.0,8160520.0,251812.02559959597,1218.0,1124.5,0.44656326373707717,99.77767896843041,6.0,97.20715251405788,97.20715251405788,97.20715251405788,97.20715251405788,68.75,68.75,68.75,68.75,68.75,5.0,0.0,5.0,5.0,22.0,10.0,81.26875000000081,138.7440972222225,155.27152777778775,164.11736111111094,22.0,10.0,164.11736111111094,120.0,8.370833333333334,0.8434337149493945,1.0,0.0,0.0,6.0,50.0,33.33333333333333,16.0,62.5,68.75,9.0,100.0,100.0,COMPLETED,120,3,1000.0,80.0,20.0,24,e56378716e9c81de,T120_P03_H1000_I0800_F1,0.9788299663299663,False,0.6517241842575893,417,0.0,0.0,0.658603191458021,416,0.6774193548387096,0.6875,0.6078731894864533,0.5052239141175942,0.8149994988473488
T120_P03_H1000_I0800_CN030_F1,California,unlimited_useful_deadline,unlimited,central_only,targeted_central,all_useful,deadline,-1.0,0.0,0.0,1.0,none,0.0,0,applicable,32.0,0.0,,0.0,54659.0,11841696.0,322490.60479937115,1532.0,1432.0,0.44404394381996964,100.0,7.0,98.33041985642157,98.33041985642157,98.33041985642157,98.33041985642157,68.75,68.75,68.75,68.75,65.625,5.0,0.0,6.0,5.0,22.0,10.0,78.30208333334096,140.34409722222222,153.47152777777853,154.5513888888905,22.0,10.0,154.5513888888905,134.0,10.816666666666666,0.779731638418079,1.0,0.0,0.0,6.0,33.33333333333333,33.33333333333333,16.0,62.5,68.75,9.0,100.0,100.0,COMPLETED,120,3,1000.0,80.0,30.0,36,22aad65269aa89c5,T120_P03_H1000_I0800_F1,0.982996632996633,False,0.640396826642624,427,0.0,0.0,0.6476479396864959,426,0.6774193548387096,0.65625,0.6378624564856272,0.44426627139199565,0.8224416157161469
T120_P03_H1000_I0800_CN040_F1,California,unlimited_useful_deadline,unlimited,central_only,targeted_central,all_useful,deadline,-1.0,0.0,0.0,1.0,none,0.0,0,applicable,32.0,0.0,,0.0,71009.0,15730752.0,397160.4799991434,1845.0,1736.5,0.437228799804992,100.0,8.0,98.5895470763331,98.5895470763331,98.5895470763331,98.5895470763331,68.75,68.75,68.75,68.75,71.875,5.0,0.0,4.0,5.0,22.0,10.0,76.3680555555568,136.6440972222228,151.7838541666673,156.11736111112162,22.0,10.0,156.11736111112162,140.0,13.304166666666667,0.7110423843825033,1.0,0.0,0.0,6.0,50.0,33.33333333333333,16.0,68.75,68.75,9.0,100.0,100.0,COMPLETED,120,3,1000.0,80.0,40.0,48,b8089925ae90cfe9,T120_P03_H1000_I0800_F1,0.9850378787878787,False,0.6403242192669376,428,0.0,0.0,0.6477576265876461,425,0.6774193548387096,0.71875,0.6329531427227573,0.38357813412388264,0.8260875012528814
T120_P03_H1000_I0800_CN050_F1,California,unlimited_useful_deadline,unlimited,central_only,targeted_central,all_useful,deadline,-1.0,0.0,0.0,1.0,none,0.0,0,applicable,32.0,0.0,,0.0,86741.0,19647328.0,472358.73919889174,2156.0,2039.5,0.4317692954001316,100.0,7.0,98.80741200008039,98.80741200008039,98.80741200008039,98.80741200008039,68.75,68.75,68.75,68.75,71.875,5.0,0.0,4.0,5.0,22.0,10.0,78.86805555555665,135.74409722222376,151.73385416666736,156.11736111112162,22.0,10.0,156.11736111112162,142.0,15.8125,0.6519696969696971,1.0,0.0,0.0,6.0,50.0,33.33333333333333,16.0,68.75,68.75,9.0,100.0,100.0,COMPLETED,120,3,1000.0,80.0,50.0,60,5b76350d724525b2,T120_P03_H1000_I0800_F1,0.9829124579124578,False,0.627644107659254,446,0.0,0.0,0.6348877034133593,448,0.6774193548387096,0.71875,0.6329531427227573,0.3230247495845124,0.8222912699208177
T120_P03_H1000_I0800_CN060_F1,California,unlimited_useful_deadline,unlimited,central_only,targeted_central,all_useful,deadline,-1.0,0.0,0.0,1.0,none,0.0,0,applicable,32.0,0.0,,0.0,102115.0,23794832.0,551990.8159986571,2466.0,2341.5,0.4241918401783149,100.0,8.0,99.11605397538902,99.11605397538902,99.11605397538902,99.11605397538902,71.875,71.875,71.875,71.875,71.875,5.0,0.0,4.0,5.0,23.0,9.0,74.86805555560774,135.28750000000016,146.92569444446087,148.55138888892543,23.0,9.0,148.55138888892543,152.5,18.241666666666667,0.6092013095781941,1.0,0.0,100.0,6.0,50.0,33.33333333333333,16.0,68.75,68.75,9.0,100.0,100.0,COMPLETED,120,3,1000.0,80.0,60.0,72,70e88aea677555d1,T120_P03_H1000_I0800_F1,0.9744565217391304,False,0.6260942873003819,449,0.0,0.0,0.6309698190458368,458,0.7096774193548387,0.71875,0.6566724214127707,0.26256120019763735,0.8071880542639374
T120_P03_H1000_I0800_CN070_F1,California,unlimited_useful_deadline,unlimited,central_only,targeted_central,all_useful,deadline,-1.0,0.0,0.0,1.0,none,0.0,0,applicable,32.0,0.0,,0.0,117567.0,28059344.0,633869.4463983879,2767.0,2630.0,0.4149119372993159,100.0,7.0,99.52300785634118,99.52300785634118,99.52300785634118,99.52300785634118,78.125,78.125,78.125,78.125,75.0,5.0,0.0,3.0,5.0,25.0,7.0,71.85138888889391,127.97430555556353,142.5340277777788,146.55138888889147,25.0,7.0,146.55138888889147,157.0,20.608333333333334,0.5703767354090847,1.0,0.0,0.0,6.0,66.66666666666666,83.33333333333334,16.0,68.75,68.75,9.0,100.0,100.0,COMPLETED,120,3,1000.0,80.0,70.0,84,3b63338254b32d0c,T120_P03_H1000_I0800_F1,0.9725555555555555,False,0.6373678626045818,432,0.0,0.0,0.6388478213484022,438,0.7741935483870968,0.75,0.6629424097219615,0.20331042536944707,0.8037927232635058
T120_P03_H1000_I0800_CN080_F1,California,unlimited_useful_deadline,unlimited,central_only,targeted_central,all_useful,deadline,-1.0,0.0,0.0,1.0,none,0.0,0,applicable,32.0,0.0,,0.0,132325.0,32533848.0,719779.923198112,3080.0,2934.5,0.40769406111822165,100.0,8.0,99.52300785634118,99.52300785634118,99.52300785634118,99.52300785634118,78.125,78.125,78.125,78.125,78.125,5.0,0.0,2.0,5.0,25.0,7.0,72.86805555555631,125.89513888889036,146.10763888889642,151.55138888890698,25.0,7.0,151.55138888890698,156.5,23.15,0.4892878569714423,1.0,0.0,0.0,6.0,83.33333333333334,83.33333333333334,16.0,68.75,68.75,9.0,100.0,100.0,COMPLETED,120,3,1000.0,80.0,80.0,96,7fe68a10f86e7302,T120_P03_H1000_I0800_F1,0.9715185185185186,False,0.6280674019666388,445,0.0,0.0,0.6294547477005364,461,0.7741935483870968,0.78125,0.647267438949202,0.14262228810133404,0.8019404630650495
T120_P03_H1000_I0800_CN090_F1,California,unlimited_useful_deadline,unlimited,central_only,targeted_central,all_useful,deadline,-1.0,0.0,0.0,1.0,none,0.0,0,applicable,32.0,0.0,,0.0,146525.0,37183312.0,809049.6319978313,3394.0,3242.5,0.40077887335454493,100.0,8.0,99.83164983164983,99.83164983164983,99.83164983164983,99.83164983164983,81.25,81.25,81.25,81.25,75.0,5.0,0.0,3.0,5.0,26.0,6.0,67.76805555555912,120.85173611111738,139.85520833333618,146.55138888889147,26.0,6.0,146.55138888889147,154.0,25.7375,0.44341239004910693,1.0,0.0,100.0,6.0,66.66666666666666,83.33333333333334,16.0,68.75,68.75,9.0,100.0,100.0,COMPLETED,120,3,1000.0,80.0,90.0,108,798fc5619bc75f7c,T120_P03_H1000_I0800_F1,0.9755341880341879,False,0.6218922631361686,459,0.0,0.0,0.6220253266263649,472,0.8064516129032258,0.75,0.6629424097219615,0.08161972779948794,0.8091128827071491
T120_P03_H1000_I0800_CN100_F1,California,unlimited_useful_deadline,unlimited,central_only,targeted_central,all_useful,deadline,-1.0,0.0,0.0,1.0,none,0.0,0,applicable,32.0,0.0,,0.0,159257.0,41722256.0,896197.3567975399,3700.0,3537.5,0.3947233244071213,100.0,8.0,99.83164983164983,99.83164983164983,99.83164983164983,99.83164983164983,81.25,81.25,81.25,81.25,78.125,5.0,0.0,2.0,5.0,26.0,6.0,67.30138888889242,120.85173611111738,133.00625000000514,137.4194444444501,26.0,6.0,137.4194444444501,150.0,28.229166666666668,0.3646728167281672,1.0,0.0,100.0,6.0,83.33333333333334,83.33333333333334,16.0,68.75,68.75,9.0,100.0,100.0,COMPLETED,120,3,1000.0,80.0,100.0,120,89af681e0fa19c29,T120_P03_H1000_I0800_F1,0.9740918803418803,False,0.6215146233562233,461,0.0,0.0,0.6215188809775365,473,0.8064516129032258,0.78125,0.6915710021748891,0.021785024480079056,0.8065367653294885
T120_P03_H1000_I0986_CN000_F1,California,unlimited_useful_deadline,unlimited,central_only,targeted_central,all_useful,deadline,-1.0,0.0,0.0,1.0,none,0.0,0,applicable,32.0,0.0,,0.0,1945.0,1133400.0,113340.0,264.0,161.5,0.1424916181401094,0.0,1.0,51.62631656393957,51.62631656393957,51.62631656393957,51.62631656393957,18.75,18.75,18.75,18.75,6.25,6.0,8.0,16.0,14.0,6.0,26.0,140.1,234.2,279.28333333333336,324.3666666666667,6.0,26.0,324.3666666666667,161.5,0.0,0.0,1.0,0.0,0.0,6.0,0.0,0.0,16.0,6.25,31.25,9.0,11.11111111111111,11.11111111111111,COMPLETED,120,3,1000.0,98.6,0.0,0,d19fe1a9bbe0925e,T120_P03_H1000_I0986_F1,0.828125,True,0.28747507966286173,545,0.0,0.0,0.30670177081056593,545,0.16129032258064516,0.0625,0.1054925533003439,0.6584018326371109,0.5458241455347298
T120_P03_H1000_I0986_CN010_F1,California,unlimited_useful_deadline,unlimited,central_only,targeted_central,all_useful,deadline,-1.0,0.0,0.0,1.0,none,0.0,0,applicable,32.0,0.0,,0.0,21167.0,4693376.0,181691.53919979034,783.0,638.0,0.35114458428273154,95.37617554858934,8.0,91.41025641025642,91.41025641025642,91.41025641025642,91.41025641025642,68.75,68.75,68.75,68.75,53.125,6.0,1.0,8.0,7.0,22.0,10.0,85.91770833333709,112.3718750000105,118.49725694444932,122.73472222222239,22.0,10.0,122.73472222222239,83.0,4.625,0.9248798798798799,1.0,0.0,0.0,6.0,0.0,0.0,16.0,50.0,81.25,9.0,100.0,100.0,COMPLETED,120,3,1000.0,98.6,10.0,12,90b3cae6053ca68e,T120_P03_H1000_I0986_F1,0.8995791245791246,False,0.6405960925199008,426,0.0,0.0,0.6403975714052079,434,0.6774193548387096,0.53125,0.7376075205026484,0.5822620491398284,0.673448932544853
T120_P03_H1000_I0986_CN020_F1,California,unlimited_useful_deadline,unlimited,central_only,targeted_central,all_useful,deadline,-1.0,0.0,0.0,1.0,none,0.0,0,applicable,32.0,0.0,,0.0,39279.0,8183016.0,248692.62719955939,1110.0,965.5,0.38823024665916217,98.13568099430347,7.0,95.25641025641026,95.25641025641026,95.25641025641026,95.25641025641026,71.875,71.875,71.875,71.875,53.125,6.0,0.0,9.0,6.0,23.0,9.0,75.23333333333333,82.85,84.64999999999999,84.93333333333334,23.0,9.0,84.93333333333334,92.5,7.275,0.8443203512791142,1.0,0.0,100.0,6.0,0.0,0.0,16.0,50.0,81.25,9.0,100.0,100.0,COMPLETED,120,3,1000.0,98.6,20.0,24,c04ef3b277f0c099,T120_P03_H1000_I0986_F1,0.9614734299516909,False,0.6763936536813273,403,0.0,0.0,0.6801097251899766,404,0.7096774193548387,0.53125,0.856114653702891,0.5195077033643264,0.7839988495278272
T120_P03_H1000_I0986_CN030_F1,California,unlimited_useful_deadline,unlimited,central_only,targeted_central,all_useful,deadline,-1.0,0.0,0.0,1.0,none,0.0,0,applicable,32.0,0.0,,0.0,56475.0,11968936.0,321382.2911993468,1437.0,1291.0,0.40170228271825326,99.41905499612703,7.0,96.53846153846153,96.53846153846153,96.53846153846153,96.53846153846153,75.0,75.0,75.0,75.0,53.125,6.0,0.0,9.0,6.0,24.0,8.0,69.41770833333727,77.82499999999999,77.85,77.85,24.0,8.0,77.85,104.0,9.891666666666667,0.778117101937658,1.0,0.0,100.0,6.0,0.0,16.666666666666664,16.0,50.0,81.25,9.0,100.0,100.0,COMPLETED,120,3,1000.0,98.6,30.0,36,ddf4f17c1f77ed6b,T120_P03_H1000_I0986_F1,0.9622685185185186,False,0.6765974935484655,402,0.0,0.0,0.6787716675357329,405,0.7419354838709677,0.53125,0.8783208622975647,0.45693302789381485,0.7854189636163175
T120_P03_H1000_I0986_CN040_F1,California,unlimited_useful_deadline,unlimited,central_only,targeted_central,all_useful,deadline,-1.0,0.0,0.0,1.0,none,0.0,0,applicable,32.0,0.0,,0.0,73983.0,15959760.0,398006.1119991193,1761.0,1610.0,0.40451640099525976,99.8136645962733,8.0,100.0,100.0,100.0,100.0,81.25,81.25,81.25,81.25,53.125,6.0,0.0,9.0,6.0,26.0,6.0,68.33437499999977,73.8100694444446,75.52621527777771,76.06874999999988,26.0,6.0,76.06874999999988,101.5,12.570833333333333,0.712349464147608,1.0,0.0,100.0,6.0,0.0,50.0,16.0,50.0,81.25,9.0,100.0,100.0,COMPLETED,120,3,1000.0,98.6,40.0,48,63a9fa27fb7a9aca,T120_P03_H1000_I0986_F1,0.9662571225071225,False,0.6825138297311828,398,0.0,0.0,0.6818184011511559,402,0.8064516129032258,0.53125,0.8839050706353433,0.3949422809145218,0.7925430413026883
T120_P03_H1000_I0986_CN050_F1,California,unlimited_useful_deadline,unlimited,central_only,targeted_central,all_useful,deadline,-1.0,0.0,0.0,1.0,none,0.0,0,applicable,32.0,0.0,,0.0,90913.0,20047232.0,476485.5743989069,2083.0,1928.5,0.4047341837017478,99.94814622763806,8.0,100.0,100.0,100.0,100.0,81.25,81.25,81.25,81.25,53.125,6.0,0.0,9.0,6.0,26.0,6.0,64.23541666667637,73.3760416666675,73.61388888889063,75.20069444444441,26.0,6.0,75.20069444444441,105.0,15.195833333333333,0.6561580294305822,1.0,0.0,100.0,6.0,0.0,50.0,16.0,50.0,81.25,9.0,100.0,100.0,COMPLETED,120,3,1000.0,98.6,50.0,60,0a3f4e7c7a1c235c,T120_P03_H1000_I0986_F1,0.9733618233618234,False,0.6725723981758978,406,0.0,0.0,0.6725114577648132,409,0.8064516129032258,0.53125,0.8866264197278275,0.33299645151147644,0.8052328046815367
T120_P03_H1000_I0986_CN060_F1,California,unlimited_useful_deadline,unlimited,central_only,targeted_central,all_useful,deadline,-1.0,0.0,0.0,1.0,none,0.0,0,applicable,32.0,0.0,,0.0,106207.0,24155736.0,555368.8511986085,2397.0,2235.0,0.40243524554471805,100.0,8.0,100.0,100.0,100.0,100.0,81.25,81.25,81.25,81.25,56.25,6.0,0.0,8.0,6.0,26.0,6.0,66.0930555555576,68.01840277777785,69.97239583333709,71.41944444445447,26.0,6.0,71.41944444445447,103.0,17.829166666666666,0.5872848017449561,1.0,0.0,100.0,6.0,0.0,50.0,16.0,56.25,81.25,9.0,100.0,100.0,COMPLETED,120,3,1000.0,98.6,60.0,72,a71d9fc69c0c4051,T120_P03_H1000_I0986_F1,0.9782051282051283,False,0.6703172758549466,408,0.0,0.0,0.6706888687319632,410,0.8064516129032258,0.5625,0.8984806163746586,0.2721286439383731,0.8138834704435587
T120_P03_H1000_I0986_CN070_F1,California,unlimited_useful_deadline,unlimited,central_only,targeted_central,all_useful,deadline,-1.0,0.0,0.0,1.0,none,0.0,0,applicable,32.0,0.0,,0.0,120961.0,28446800.0,637757.2799983451,2720.0,2561.0,0.4015634286458707,100.0,8.0,100.0,100.0,100.0,100.0,81.25,81.25,81.25,81.25,53.125,6.0,0.0,9.0,6.0,26.0,6.0,65.52013888890772,69.67638888888979,70.45243055555923,71.10347222222772,26.0,6.0,71.10347222222772,115.0,20.4875,0.5230577587960139,1.0,0.0,100.0,6.0,0.0,50.0,16.0,50.0,81.25,9.0,100.0,100.0,COMPLETED,120,3,1000.0,98.6,70.0,84,aba0a10262b2467b,T120_P03_H1000_I0986_F1,0.9718839031339032,False,0.6500479128131053,419,0.0,0.0,0.6498549861413133,421,0.8064516129032258,0.53125,0.8994711874443371,0.2095090508916139,0.8025930794673903
T120_P03_H1000_I0986_CN080_F1,California,unlimited_useful_deadline,unlimited,central_only,targeted_central,all_useful,deadline,-1.0,0.0,0.0,1.0,none,0.0,0,applicable,32.0,0.0,,0.0,135961.0,32945256.0,724127.6351980652,3048.0,2886.0,0.3985485237296066,99.96534996534997,9.0,100.0,100.0,100.0,100.0,81.25,81.25,81.25,81.25,53.125,6.0,0.0,9.0,6.0,26.0,6.0,59.75937499999988,71.56770833333624,73.52621527777961,74.20069444444441,26.0,6.0,74.20069444444441,108.5,23.175,0.4478784609852571,1.0,0.0,100.0,6.0,0.0,50.0,16.0,50.0,81.25,9.0,100.0,100.0,COMPLETED,120,3,1000.0,98.6,80.0,96,53ab9e8766fb8d4b,T120_P03_H1000_I0986_F1,0.9797008547008548,False,0.6376942945381425,431,0.0,0.0,0.6381994638717786,440,0.8064516129032258,0.53125,0.8897614138823697,0.14697929299734983,0.8165549995759478
T120_P03_H1000_I0986_CN090_F1,California,unlimited_useful_deadline,unlimited,central_only,targeted_central,all_useful,deadline,-1.0,0.0,0.0,1.0,none,0.0,0,applicable,32.0,0.0,,0.0,150105.0,37650792.0,814473.9263977858,3376.0,3213.5,0.3945491557001101,100.0,7.0,100.0,100.0,100.0,100.0,81.25,81.25,81.25,81.25,53.125,6.0,0.0,9.0,6.0,26.0,6.0,54.61041666669237,68.37604166667086,68.61388888888935,69.36736111111095,26.0,6.0,69.36736111111095,112.0,25.875,0.3618303811057435,1.0,0.0,100.0,6.0,0.0,50.0,16.0,50.0,81.25,9.0,100.0,100.0,COMPLETED,120,3,1000.0,98.6,90.0,108,6d2565cfae49410f,T120_P03_H1000_I0986_F1,0.9794337606837606,False,0.6281023609163868,444,0.0,0.0,0.6285836773113409,465,0.8064516129032258,0.53125,0.9049138856293238,0.08422494722184788,0.8160779408023067
T120_P03_H1000_I0986_CN100_F1,California,unlimited_useful_deadline,unlimited,central_only,targeted_central,all_useful,deadline,-1.0,0.0,0.0,1.0,none,0.0,0,applicable,32.0,0.0,,0.0,163121.0,42330864.0,904331.3087974946,3695.0,3528.0,0.39012250993402453,100.0,8.0,100.0,100.0,100.0,100.0,81.25,81.25,81.25,81.25,53.125,6.0,0.0,9.0,6.0,26.0,6.0,53.868055555578515,55.593055555564206,55.96024305557445,57.71736111111144,26.0,6.0,57.71736111111144,119.5,28.566666666666666,0.3067386231038507,1.0,0.0,100.0,6.0,0.0,50.0,16.0,50.0,81.25,9.0,100.0,100.0,COMPLETED,120,3,1000.0,98.6,100.0,120,bf4559ce4b9fecc2,T120_P03_H1000_I0986_F1,0.9753205128205128,False,0.6219875937707463,458,0.0,0.0,0.6221015749099967,471,0.8064516129032258,0.53125,0.9414365675297386,0.022638458428783165,0.8087312356882366
T120_P05_H0500_I0600_CN010_F1,California,unlimited_useful_deadline,unlimited,central_only,targeted_central,all_useful,deadline,-1.0,0.0,0.0,1.0,none,0.0,0,applicable,32.0,0.0,,0.0,18186.0,4166364.0,146621.2223998327,1155.0,941.0,0.6417897659002696,71.36025504782147,8.0,83.73108173410829,83.73108173410829,83.73108173410829,83.73108173410829,6.25,6.25,6.25,6.25,78.125,0.0,0.0,7.0,0.0,2.0,30.0,50.45347222223415,51.947916666687156,52.13472222224379,52.32152777780041,2.0,30.0,52.32152777780041,364.0,4.808333333333334,0.87683419988446,1.0,0.0,0.0,6.0,33.33333333333333,16.666666666666664,16.0,87.5,6.25,9.0,100.0,0.0,COMPLETED,120,5,500.0,60.0,10.0,12,c334f127bd4d164e,T120_P05_H0500_I0600_F1,0.8694444444444445,False,0.5599371810860478,513,0.0,0.0,0.5893055347510903,502,0.03225806451612903,0.78125,0.9583524734885525,0.5550419979337915,0.6196251378169789
T120_P05_H0500_I0600_CN020_F1,California,unlimited_useful_deadline,unlimited,central_only,targeted_central,all_useful,deadline,-1.0,0.0,0.0,1.0,none,0.0,0,applicable,32.0,0.0,,0.0,33317.0,7809600.0,216571.3535996759,1539.0,1307.0,0.6034962511320592,84.7742922723795,9.0,95.8120265151515,95.8120265151515,95.8120265151515,95.8120265151515,84.375,84.375,84.375,84.375,78.125,0.0,0.0,7.0,0.0,27.0,5.0,83.41944444444476,103.98194444444536,106.50451388888943,107.06875000000097,27.0,5.0,107.06875000000097,296.0,8.425,0.8173013517969008,1.0,0.0,0.0,6.0,33.33333333333333,33.33333333333333,16.0,87.5,100.0,9.0,100.0,100.0,COMPLETED,120,5,500.0,60.0,20.0,24,3f8bb07b0330eea4,T120_P05_H0500_I0600_F1,0.9165123456790124,False,0.7265912937369786,332,0.0,0.0,0.7198404846179404,343,0.8387096774193549,0.78125,0.7867202518445325,0.48882899878722547,0.7036934950385887
T120_P05_H0500_I0600_CN030_F1,California,unlimited_useful_deadline,unlimited,central_only,targeted_central,all_useful,deadline,-1.0,0.0,0.0,1.0,none,0.0,0,applicable,32.0,0.0,,0.0,47226.0,11172820.0,281145.1775995101,1823.0,1607.0,0.571590810740906,90.3858120721842,11.0,97.00520833333333,97.00520833333333,97.00520833333333,97.00520833333333,90.625,90.625,90.625,90.625,87.5,0.0,0.0,4.0,0.0,29.0,3.0,71.8013888888905,83.44736111111133,87.46736111111142,98.20069444444658,29.0,3.0,98.20069444444658,267.0,11.166666666666666,0.762860696517413,1.0,0.0,0.0,6.0,66.66666666666666,66.66666666666666,16.0,93.75,100.0,9.0,100.0,100.0,COMPLETED,120,5,500.0,60.0,30.0,36,02cff4de4a14d384,T120_P05_H0500_I0600_F1,0.9327905491698595,False,0.7593350051849765,277,0.0,0.0,0.7508121211278408,285,0.9032258064516129,0.875,0.8145215541733508,0.4285451197053407,0.7327681253088999
T120_P05_H0500_I0600_CN040_F1,California,unlimited_useful_deadline,unlimited,central_only,targeted_central,all_useful,deadline,-1.0,0.0,0.0,1.0,none,0.0,0,applicable,32.0,0.0,,0.0,60151.0,15029284.0,355189.28639936814,2083.0,1881.5,0.5297175540042829,93.80813180972628,11.0,98.22916666666666,98.22916666666666,98.22916666666666,98.22916666666666,93.75,93.75,93.75,93.75,90.625,0.0,0.0,3.0,0.0,30.0,2.0,68.6760416666674,77.98472222222452,81.13767361111533,83.20069444444441,30.0,2.0,83.20069444444441,234.5,13.725,0.7171574580044526,1.0,100.0,0.0,6.0,66.66666666666666,83.33333333333334,16.0,93.75,100.0,9.0,100.0,100.0,COMPLETED,120,5,500.0,60.0,40.0,48,c01c55e0a333bc66,T120_P05_H0500_I0600_F1,0.9554938271604937,False,0.7775384633709852,230,0.0,0.0,0.7694302014653764,232,0.9354838709677419,0.90625,0.8615464664914901,0.3705520370120829,0.7733186328555675
T120_P05_H0500_I0600_CN050_F1,California,unlimited_useful_deadline,unlimited,central_only,targeted_central,all_useful,deadline,-1.0,0.0,0.0,1.0,none,0.0,0,applicable,32.0,0.0,,0.0,75840.0,19860968.0,447957.6191991671,2400.0,2226.0,0.4969220088229585,95.88948787061994,14.0,98.828125,98.828125,98.828125,98.828125,96.875,96.875,96.875,96.875,90.625,0.0,0.0,3.0,0.0,31.0,1.0,62.85138888888905,70.80138888888953,72.33437499999977,75.36736111111144,31.0,1.0,75.36736111111144,215.5,16.754166666666666,0.6785356047417723,1.0,100.0,0.0,6.0,66.66666666666666,100.0,16.0,93.75,100.0,9.0,100.0,100.0,COMPLETED,120,5,500.0,60.0,50.0,60,75d3d5a093eb7aa3,T120_P05_H0500_I0600_F1,0.9589904420549581,False,0.7785949614693816,229,0.0,0.0,0.7691860629382439,233,0.967741935483871,0.90625,0.8861039207020693,0.306270493644163,0.7795639648611158
T120_P05_H0500_I0600_CN060_F1,California,unlimited_useful_deadline,unlimited,central_only,targeted_central,all_useful,deadline,-1.0,0.0,0.0,1.0,none,0.0,0,applicable,32.0,0.0,,0.0,87807.0,23039844.0,508992.03839903115,2669.0,2502.5,0.49165798503868374,96.86313686313686,12.0,98.828125,98.828125,98.828125,98.828125,96.875,96.875,96.875,96.875,90.625,0.0,0.0,3.0,0.0,31.0,1.0,58.06875,64.20069444444465,69.1510416666697,71.80277777777859,31.0,1.0,71.80277777777859,197.5,19.208333333333332,0.6286948662328271,1.0,100.0,0.0,6.0,66.66666666666666,100.0,16.0,93.75,100.0,9.0,100.0,100.0,COMPLETED,120,5,500.0,60.0,60.0,72,9c5682d9f59f09f1,T120_P05_H0500_I0600_F1,0.9716696535244922,False,0.7725923667005846,240,0.0,0.0,0.7643157902521727,244,0.967741935483871,0.90625,0.8972788686154463,0.24809774064591475,0.8022104065156309
T120_P05_H0500_I0600_CN070_F1,California,unlimited_useful_deadline,unlimited,central_only,targeted_central,all_useful,deadline,-1.0,0.0,0.0,1.0,none,0.0,0,applicable,32.0,0.0,,0.0,100804.0,27185264.0,588584.1023988563,2960.0,2806.0,0.476737307134827,98.37847469707769,11.0,98.4375,98.4375,98.4375,98.4375,96.875,96.875,96.875,96.875,87.5,0.0,0.0,4.0,0.0,31.0,1.0,53.33888888889051,64.06875000002752,64.33437500000048,66.93472222222299,31.0,1.0,66.93472222222299,188.0,21.816666666666666,0.5852654698242934,1.0,0.0,0.0,6.0,66.66666666666666,100.0,16.0,93.75,100.0,9.0,100.0,100.0,COMPLETED,120,5,500.0,60.0,70.0,84,681a53fa1a19fbdb,T120_P05_H0500_I0600_F1,0.9719235364396654,False,0.7573429907673174,283,0.0,0.0,0.7490890874348137,289,0.967741935483871,0.875,0.9125401943260996,0.18749943853029694,0.8026638688338015
T120_P05_H0500_I0600_CN080_F1,California,unlimited_useful_deadline,unlimited,central_only,targeted_central,all_useful,deadline,-1.0,0.0,0.0,1.0,none,0.0,0,applicable,32.0,0.0,,0.0,113529.0,31790440.0,677003.4815986926,3244.0,3119.5,0.4607804959338667,99.07036384035904,12.0,100.0,100.0,100.0,100.0,100.0,100.0,100.0,100.0,90.625,0.0,0.0,3.0,0.0,32.0,0.0,53.48680555555651,63.91736111111107,64.39600694444455,65.06875000000024,32.0,0.0,65.06875000000024,179.0,24.504166666666666,0.5798177747548603,1.0,100.0,100.0,6.0,66.66666666666666,100.0,16.0,93.75,100.0,9.0,100.0,100.0,COMPLETED,120,5,500.0,60.0,80.0,96,e07d85fde0ceb572,T120_P05_H0500_I0600_F1,0.9608506944444445,False,0.7575615447389428,281,0.0,0.0,0.7467058735702548,297,1.0,0.90625,0.918390006335306,0.12600278488972735,0.7828865766262403
T120_P05_H0500_I0600_CN090_F1,California,unlimited_useful_deadline,unlimited,central_only,targeted_central,all_useful,deadline,-1.0,0.0,0.0,1.0,none,0.0,0,applicable,32.0,0.0,,0.0,124222.0,36097424.0,759697.5743985376,3514.0,3398.0,0.4472832498761419,99.51442024720424,12.0,99.609375,99.609375,99.609375,99.609375,96.875,96.875,96.875,96.875,90.625,0.0,0.0,3.0,0.0,31.0,1.0,44.47083333333333,55.80138888889487,56.69340277778525,60.367361111111435,31.0,1.0,60.367361111111435,142.0,27.133333333333333,0.48269860769860773,1.0,100.0,0.0,6.0,66.66666666666666,100.0,16.0,93.75,100.0,9.0,100.0,100.0,COMPLETED,120,5,500.0,60.0,90.0,108,02b956d4336ba7c6,T120_P05_H0500_I0600_F1,0.9801971326164874,False,0.7459575336256096,308,0.0,0.0,0.7384425071291839,310,0.967741935483871,0.90625,0.9331288330202019,0.06765036158648878,0.8174414055553578
T120_P05_H0500_I0600_CN100_F1,California,unlimited_useful_deadline,unlimited,central_only,targeted_central,all_useful,deadline,-1.0,0.0,0.0,1.0,none,0.0,0,applicable,32.0,0.0,,0.0,136016.0,40773904.0,849485.9903983661,3799.0,3698.5,0.43538092938596784,100.0,11.0,99.609375,99.609375,99.609375,99.609375,96.875,96.875,96.875,96.875,90.625,0.0,0.0,3.0,0.0,31.0,1.0,42.63472222222578,48.55138888889535,50.84444444445774,52.20069444444501,31.0,1.0,52.20069444444501,145.5,29.608333333333334,0.44702833286424615,1.0,100.0,0.0,6.0,66.66666666666666,100.0,16.0,93.75,100.0,9.0,100.0,100.0,COMPLETED,120,5,500.0,60.0,100.0,120,8e94028aa1f02972,T120_P05_H0500_I0600_F1,0.9780316606929511,False,0.7384320997216837,320,0.0,0.0,0.7307236848836854,322,0.967741935483871,0.90625,0.9587312852822956,0.00732156492835645,0.8135736387239038
T120_P05_H0500_I0800_CN010_F1,California,unlimited_useful_deadline,unlimited,central_only,targeted_central,all_useful,deadline,-1.0,0.0,0.0,1.0,none,0.0,0,applicable,32.0,0.0,,0.0,31693.0,6071552.0,155324.8319997005,1113.0,918.0,0.5910194707320013,99.07407407407408,6.0,86.63690476190476,86.63690476190476,86.63690476190476,86.63690476190476,81.25,81.25,81.25,81.25,84.375,0.0,1.0,4.0,1.0,26.0,6.0,99.30138888889633,110.20243055555548,129.5559027777784,136.93472222222226,26.0,6.0,136.93472222222226,142.5,7.283333333333333,0.9213386727688788,1.0,0.0,0.0,6.0,66.66666666666666,16.666666666666664,16.0,87.5,100.0,9.0,100.0,100.0,COMPLETED,120,5,500.0,80.0,10.0,12,cee25a247a02d957,T120_P05_H0500_I0800_F1,0.8114672364672365,False,0.6978134022184713,379,0.0,0.0,0.683294400574243,399,0.8064516129032258,0.84375,0.69309060350815,0.5571082064411804,0.5160715800186583
T120_P05_H0500_I0800_CN020_F1,California,unlimited_useful_deadline,unlimited,central_only,targeted_central,all_useful,deadline,-1.0,0.0,0.0,1.0,none,0.0,0,applicable,32.0,0.0,,0.0,62517.0,12181756.0,272640.7487993799,1444.0,1276.0,0.46801514653223475,100.0,8.0,96.74479166666666,96.74479166666666,96.74479166666666,96.74479166666666,90.625,90.625,90.625,90.625,84.375,0.0,0.0,5.0,0.0,29.0,3.0,62.73472222222917,83.40069444444441,95.44111111111108,104.93472222222323,29.0,3.0,104.93472222222323,130.5,10.2,0.8568218954248366,1.0,0.0,0.0,6.0,50.0,66.66666666666666,16.0,93.75,100.0,9.0,100.0,100.0,COMPLETED,120,5,500.0,80.0,20.0,24,87fbc83a71e6a008,T120_P05_H0500_I0800_F1,0.9582854406130269,False,0.7683070260232383,257,0.0,0.0,0.762060973506231,251,0.9032258064516129,0.84375,0.7934104164534964,0.49161388851457577,0.7783047561114702
T120_P05_H0500_I0800_CN030_F1,California,unlimited_useful_deadline,unlimited,central_only,targeted_central,all_useful,deadline,-1.0,0.0,0.0,1.0,none,0.0,0,applicable,32.0,0.0,,0.0,94425.0,18639872.0,396636.5759990219,1748.0,1597.5,0.4027616454625555,100.0,8.0,98.046875,98.046875,98.046875,98.046875,96.875,96.875,96.875,96.875,100.0,0.0,0.0,0.0,0.0,31.0,1.0,52.16875,69.98541666666715,75.02604166666697,80.80277777777931,31.0,1.0,80.80277777777931,146.0,12.920833333333333,0.8044636138879933,1.0,100.0,0.0,6.0,100.0,100.0,16.0,100.0,100.0,9.0,100.0,100.0,COMPLETED,120,5,500.0,80.0,30.0,36,51ab91f7e9d4770f,T120_P05_H0500_I0800_F1,0.9517025089605734,False,0.8166100181823229,137,0.0,0.0,0.8065502678533403,144,0.967741935483871,1.0,0.8690639212245644,0.4293985536540448,0.7665469289042214
T120_P05_H0500_I0800_CN040_F1,California,unlimited_useful_deadline,unlimited,central_only,targeted_central,all_useful,deadline,-1.0,0.0,0.0,1.0,none,0.0,0,applicable,32.0,0.0,,0.0,124588.0,25277736.0,524083.56479867455,2041.0,1896.0,0.3617743671714536,100.0,9.0,98.4375,98.4375,98.4375,98.4375,96.875,96.875,96.875,96.875,100.0,0.0,0.0,0.0,0.0,31.0,1.0,45.019444444445256,73.11736111111144,80.24305555555614,90.93472222222239,31.0,1.0,90.93472222222239,146.5,15.366666666666667,0.7550027114967461,1.0,100.0,0.0,6.0,100.0,100.0,16.0,100.0,100.0,9.0,100.0,100.0,COMPLETED,120,5,500.0,80.0,40.0,48,481458a718448d8c,T120_P05_H0500_I0800_F1,0.9747909199522103,False,0.8044132350951253,164,0.0,0.0,0.7964154046011181,170,0.967741935483871,1.0,0.8373003346170894,0.3692494273009029,0.8077853256037273
T120_P05_H0500_I0800_CN050_F1,California,unlimited_useful_deadline,unlimited,central_only,targeted_central,all_useful,deadline,-1.0,0.0,0.0,1.0,none,0.0,0,applicable,32.0,0.0,,0.0,153808.0,33015424.0,672647.1743983182,2348.0,2229.5,0.3314516264777718,100.0,11.0,99.609375,99.609375,99.609375,99.609375,96.875,96.875,96.875,96.875,100.0,0.0,0.0,0.0,0.0,31.0,1.0,44.6027777777781,69.55138888888905,74.24305555555638,81.93472222222226,31.0,1.0,81.93472222222226,149.5,18.029166666666665,0.7035031969802019,1.0,100.0,0.0,6.0,100.0,100.0,16.0,100.0,100.0,9.0,100.0,100.0,COMPLETED,120,5,500.0,80.0,50.0,60,ce9ac38564166b8c,T120_P05_H0500_I0800_F1,0.9781511350059736,False,0.7982978093080452,182,0.0,0.0,0.7906000641716509,188,0.967741935483871,1.0,0.8655152820079693,0.3059560706104299,0.8137870327559836
T120_P05_H0500_I0800_CN060_F1,California,unlimited_useful_deadline,unlimited,central_only,targeted_central,all_useful,deadline,-1.0,0.0,0.0,1.0,none,0.0,0,applicable,32.0,0.0,,0.0,184511.0,40122236.0,809097.9647979257,2647.0,2531.0,0.3128174967826206,100.0,13.0,99.21875,99.21875,99.21875,99.21875,96.875,96.875,96.875,96.875,100.0,0.0,0.0,0.0,0.0,31.0,1.0,38.801388888889534,64.41944444444768,70.02604166667328,75.93472222222226,31.0,1.0,75.93472222222226,161.5,20.604166666666668,0.6813734411863837,1.0,100.0,0.0,6.0,100.0,100.0,16.0,100.0,100.0,9.0,100.0,100.0,COMPLETED,120,5,500.0,80.0,60.0,72,6b2b33fcdbdb76de,T120_P05_H0500_I0800_F1,0.980884109916368,False,0.7907082842039455,198,0.0,0.0,0.7832546084917429,201,0.967741935483871,1.0,0.8843252469352223,0.2455374387998024,0.8186684212398192
T120_P05_H0500_I0800_CN070_F1,California,unlimited_useful_deadline,unlimited,central_only,targeted_central,all_useful,deadline,-1.0,0.0,0.0,1.0,none,0.0,0,applicable,32.0,0.0,,0.0,214922.0,48315852.0,966415.3919975229,2946.0,2851.0,0.2950077185864303,100.0,12.0,100.0,100.0,100.0,100.0,100.0,100.0,100.0,100.0,100.0,0.0,0.0,0.0,0.0,32.0,0.0,41.36840277778053,60.860763888889394,65.77388888888987,73.93472222222226,32.0,0.0,73.93472222222226,168.0,23.1625,0.6067772980751933,1.0,100.0,100.0,6.0,100.0,100.0,16.0,100.0,100.0,9.0,100.0,100.0,COMPLETED,120,5,500.0,80.0,70.0,84,c3f6e63fc2895aa7,T120_P05_H0500_I0800_F1,0.9614438657407408,False,0.7824023250803694,218,0.0,0.0,0.7715996273130046,226,1.0,1.0,0.8905952352443067,0.18345685666801423,0.7839460446527012
T120_P05_H0500_I0800_CN080_F1,California,unlimited_useful_deadline,unlimited,central_only,targeted_central,all_useful,deadline,-1.0,0.0,0.0,1.0,none,0.0,0,applicable,32.0,0.0,,0.0,243485.0,56699532.0,1127382.0479971291,3249.0,3166.0,0.2808276045928365,100.0,14.0,100.0,100.0,100.0,100.0,100.0,100.0,100.0,100.0,100.0,0.0,0.0,0.0,0.0,32.0,0.0,38.86909722222529,60.251388888897736,64.80131944446097,69.80277777777786,32.0,0.0,69.80277777777786,166.0,25.8625,0.5663457923849418,1.0,100.0,100.0,6.0,100.0,100.0,16.0,100.0,100.0,9.0,100.0,100.0,COMPLETED,120,5,500.0,80.0,80.0,96,db0c0e7d7834aebc,T120_P05_H0500_I0800_F1,0.9657118055555557,False,0.7738102183906228,234,0.0,0.0,0.763388670705948,246,1.0,1.0,0.9035488569245329,0.12182545029870188,0.791569046306505
T120_P05_H0500_I0800_CN090_F1,California,unlimited_useful_deadline,unlimited,central_only,targeted_central,all_useful,deadline,-1.0,0.0,0.0,1.0,none,0.0,0,applicable,32.0,0.0,,0.0,272727.0,65402040.0,1294470.201596702,3547.0,3472.5,0.26825646474648424,100.0,14.0,100.0,100.0,100.0,100.0,100.0,100.0,100.0,100.0,100.0,0.0,0.0,0.0,0.0,32.0,0.0,33.26805555555572,51.25138888889032,57.09194444444625,66.93472222222505,32.0,0.0,66.93472222222505,124.0,28.320833333333333,0.4639902407925065,1.0,100.0,100.0,6.0,100.0,100.0,16.0,100.0,100.0,9.0,100.0,100.0,COMPLETED,120,5,500.0,80.0,90.0,108,d560e4d68726ee88,T120_P05_H0500_I0800_F1,0.96640625,False,0.763620977278034,265,0.0,0.0,0.7532614472339325,278,1.0,1.0,0.9125401943260931,0.060957642725598525,0.7928093991179712
T120_P05_H0500_I0800_CN100_F1,California,unlimited_useful_deadline,unlimited,central_only,targeted_central,all_useful,deadline,-1.0,0.0,0.0,1.0,none,0.0,0,applicable,32.0,0.0,,0.0,302374.0,74646352.0,1471960.9919962557,3840.0,3780.0,0.2568002834690347,100.0,15.0,100.0,100.0,100.0,100.0,100.0,100.0,100.0,100.0,100.0,0.0,0.0,0.0,0.0,32.0,0.0,31.41909722222311,49.45138888888901,55.601319444444634,62.93472222222226,32.0,0.0,62.93472222222226,122.0,30.829166666666666,0.45105081767806454,1.0,100.0,100.0,6.0,100.0,100.0,16.0,100.0,100.0,9.0,100.0,100.0,COMPLETED,120,5,500.0,80.0,100.0,120,b38ecda6d37882c6,T120_P05_H0500_I0800_F1,0.9726996527777779,False,0.7556235486596369,287,0.0,0.0,0.7458260534832312,301,1.0,1.0,0.9250801709442705,0.0,0.8040500964718854
T120_P05_H0500_I0986_CN010_F1,California,unlimited_useful_deadline,unlimited,central_only,targeted_central,all_useful,deadline,-1.0,0.0,0.0,1.0,none,0.0,0,applicable,32.0,0.0,,0.0,30474.0,6039620.0,152611.90719970426,914.0,716.5,0.46949154436711504,97.48778785764131,7.0,83.33333333333333,83.33333333333333,83.33333333333333,83.33333333333333,78.125,78.125,78.125,78.125,78.125,2.0,5.0,0.0,7.0,25.0,7.0,92.20069444444623,150.66722222222234,151.6277777777779,156.03333333333333,25.0,7.0,156.03333333333333,105.0,5.625,0.9301728395061728,1.0,0.0,0.0,6.0,0.0,0.0,16.0,100.0,100.0,9.0,100.0,100.0,COMPLETED,120,5,500.0,98.6,10.0,12,047a1e83db7d3168,T120_P05_H0500_I0986_F1,0.834037037037037,False,0.6749412512640063,404,0.0,0.0,0.6640507579681355,415,0.7741935483870968,0.78125,0.6332165693149427,0.5752099896689574,0.5563836824696801
T120_P05_H0500_I0986_CN020_F1,California,unlimited_useful_deadline,unlimited,central_only,targeted_central,all_useful,deadline,-1.0,0.0,0.0,1.0,none,0.0,0,applicable,32.0,0.0,,0.0,60508.0,12069500.0,268385.60319938115,1220.0,1020.0,0.3800501919032712,100.0,8.0,90.0,90.0,90.0,90.0,84.375,84.375,84.375,84.375,84.375,2.0,3.0,0.0,5.0,27.0,5.0,58.41944444444477,95.86805555556153,97.2680555555607,101.73472222222239,27.0,5.0,101.73472222222239,98.5,8.204166666666667,0.8479304215337735,1.0,0.0,0.0,6.0,33.33333333333333,33.33333333333333,16.0,100.0,100.0,9.0,100.0,100.0,COMPLETED,120,5,500.0,98.6,20.0,24,4f47b0677cb68b0d,T120_P05_H0500_I0986_F1,0.9732167352537723,False,0.762784285661714,266,0.0,0.0,0.7610974848729464,256,0.8387096774193549,0.84375,0.8034423977480339,0.5146116875533396,0.8049736616440033
T120_P05_H0500_I0986_CN030_F1,California,unlimited_useful_deadline,unlimited,central_only,targeted_central,all_useful,deadline,-1.0,0.0,0.0,1.0,none,0.0,0,applicable,32.0,0.0,,0.0,90762.0,18578656.0,393361.398399067,1405.0,1145.0,0.29108092574919925,100.0,8.0,83.33333333333333,83.33333333333333,83.33333333333333,83.33333333333333,78.125,78.125,78.125,78.125,78.125,2.0,5.0,0.0,7.0,25.0,7.0,53.63472222223342,100.18805555555622,101.84138888888894,103.86805555555557,25.0,7.0,103.86805555555557,81.5,9.2625,0.7869733093417304,1.0,0.0,0.0,6.0,0.0,0.0,16.0,100.0,100.0,9.0,100.0,100.0,COMPLETED,120,5,500.0,98.6,30.0,36,b67117ed84c13c0e,T120_P05_H0500_I0986_F1,0.9805555555555555,False,0.7258712993198049,334,0.0,0.0,0.7280657012830298,327,0.7741935483870968,0.78125,0.7967544102183445,0.4700489601581099,0.8180815876515984
T120_P05_H0500_I0986_CN040_F1,California,unlimited_useful_deadline,unlimited,central_only,targeted_central,all_useful,deadline,-1.0,0.0,0.0,1.0,none,0.0,0,applicable,32.0,0.0,,0.0,122203.0,25782568.0,531676.5087987264,1770.0,1535.5,0.2888034311444979,100.0,11.0,90.37037037037038,90.37037037037038,90.37037037037038,90.37037037037038,84.375,84.375,84.375,84.375,84.375,2.0,2.0,1.0,4.0,27.0,5.0,47.55138888888857,84.98138888888896,85.75902777777806,90.73472222223499,27.0,5.0,90.73472222223499,70.5,12.445833333333333,0.730819662984042,1.0,0.0,0.0,6.0,33.33333333333333,33.33333333333333,16.0,100.0,100.0,9.0,100.0,100.0,COMPLETED,120,5,500.0,98.6,40.0,48,35b17f61af0064a5,T120_P05_H0500_I0986_F1,0.9762345679012346,False,0.7478944615232174,304,0.0,0.0,0.7464771694934844,299,0.8387096774193549,0.84375,0.8379273334479583,0.4016349997754121,0.8103638368246968
T120_P05_H0500_I0986_CN050_F1,California,unlimited_useful_deadline,unlimited,central_only,targeted_central,all_useful,deadline,-1.0,0.0,0.0,1.0,none,0.0,0,applicable,32.0,0.0,,0.0,152982.0,33536036.0,680543.0943983542,1923.0,1620.5,0.23811864573141114,100.0,10.0,84.81481481481481,84.81481481481481,84.81481481481481,84.81481481481481,78.125,78.125,78.125,78.125,84.375,2.0,3.0,0.0,5.0,25.0,7.0,41.36736111111386,87.53527777777789,89.53472222222588,89.86805555555557,25.0,7.0,89.86805555555557,62.0,13.1875,0.6525987361769352,1.0,0.0,0.0,6.0,33.33333333333333,0.0,16.0,100.0,100.0,9.0,100.0,100.0,COMPLETED,120,5,500.0,98.6,50.0,60,7cddacee3525211c,T120_P05_H0500_I0986_F1,0.9813148148148149,False,0.7254760444779793,335,0.0,0.0,0.7277382523948979,328,0.7741935483870968,0.84375,0.8406443283819349,0.36066567847998926,0.8194377067254686
T120_P05_H0500_I0986_CN060_F1,California,unlimited_useful_deadline,unlimited,central_only,targeted_central,all_useful,deadline,-1.0,0.0,0.0,1.0,none,0.0,0,applicable,32.0,0.0,,0.0,184090.0,41221304.0,828100.2399980056,2323.0,2061.5,0.2489432921798169,100.0,11.0,90.74074074074073,90.74074074074073,90.74074074074073,90.74074074074073,84.375,84.375,84.375,84.375,84.375,2.0,1.0,2.0,3.0,27.0,5.0,38.93472222222226,81.66805555556245,83.47569444445779,84.73472222222239,27.0,5.0,84.73472222222239,73.5,16.7625,0.6059801971994365,1.0,0.0,0.0,6.0,33.33333333333333,33.33333333333333,16.0,100.0,100.0,9.0,100.0,100.0,COMPLETED,120,5,500.0,98.6,60.0,72,011ccfac4db75863,T120_P05_H0500_I0986_F1,0.9759087791495199,False,0.7287851790461176,330,0.0,0.0,0.727338792320807,329,0.8387096774193549,0.84375,0.8567372983752508,0.2877150428962853,0.8097819429131445
T120_P05_H0500_I0986_CN070_F1,California,unlimited_useful_deadline,unlimited,central_only,targeted_central,all_useful,deadline,-1.0,0.0,0.0,1.0,none,0.0,0,applicable,32.0,0.0,,0.0,215440.0,49557792.0,988160.8095976193,2440.0,2076.5,0.21013786216087177,100.0,12.0,84.81481481481481,84.81481481481481,84.81481481481481,84.81481481481481,78.125,78.125,78.125,78.125,78.125,2.0,3.0,2.0,5.0,25.0,7.0,37.2006944444444,83.98805555555622,86.33472222223635,89.73472222222675,25.0,7.0,89.73472222222675,93.0,16.9125,0.5974562700172457,1.0,0.0,0.0,6.0,0.0,0.0,16.0,100.0,100.0,9.0,100.0,100.0,COMPLETED,120,5,500.0,98.6,70.0,84,1627be1f35d23334,T120_P05_H0500_I0986_F1,0.9798888888888889,False,0.691151316415273,391,0.0,0.0,0.6932861814435476,388,0.7741935483870968,0.78125,0.8410623276025263,0.25303418227552443,0.8168908489525909
T120_P05_H0500_I0986_CN080_F1,California,unlimited_useful_deadline,unlimited,central_only,targeted_central,all_useful,deadline,-1.0,0.0,0.0,1.0,none,0.0,0,applicable,32.0,0.0,,0.0,247879.0,58594956.0,1161674.358397208,2879.0,2580.5,0.22213626231368164,100.0,13.0,91.1111111111111,91.1111111111111,91.1111111111111,91.1111111111111,84.375,84.375,84.375,84.375,84.375,2.0,1.0,2.0,3.0,27.0,5.0,35.20069444444659,76.53527777777794,79.92847222222241,81.86805555555561,27.0,5.0,81.86805555555561,106.0,21.095833333333335,0.5444943709263284,1.0,0.0,0.0,6.0,33.33333333333333,33.33333333333333,16.0,100.0,100.0,9.0,100.0,100.0,COMPLETED,120,5,500.0,98.6,80.0,96,c38d7060c2796ec1,T120_P05_H0500_I0986_F1,0.9761316872427984,False,0.7079840742233122,359,0.0,0.0,0.7065575943949758,373,0.8387096774193549,0.84375,0.8657242816182721,0.1744239320846247,0.8101800808526277
T120_P05_H0500_I0986_CN090_F1,California,unlimited_useful_deadline,unlimited,central_only,targeted_central,all_useful,deadline,-1.0,0.0,0.0,1.0,none,0.0,0,applicable,32.0,0.0,,0.0,280472.0,68088256.0,1343945.718396801,3159.0,2843.5,0.211578485728726,100.0,14.0,92.96296296296298,92.96296296296298,92.96296296296298,92.96296296296298,84.375,84.375,84.375,84.375,84.375,2.0,1.0,2.0,3.0,27.0,5.0,34.502777777826125,79.53555555556737,81.52805555556093,82.8680555555634,27.0,5.0,82.8680555555634,101.5,23.258333333333333,0.46245670607906364,1.0,0.0,0.0,6.0,33.33333333333333,33.33333333333333,16.0,100.0,100.0,9.0,100.0,100.0,COMPLETED,120,5,500.0,98.6,90.0,108,4798d6c7c7820ad1,T120_P05_H0500_I0986_F1,0.9747599451303155,False,0.695597567760348,386,0.0,0.0,0.6940485839506323,387,0.8387096774193549,0.84375,0.8625892874637056,0.1174639536450613,0.8077300012250397
T120_P05_H0500_I0986_CN100_F1,California,unlimited_useful_deadline,unlimited,central_only,targeted_central,all_useful,deadline,-1.0,0.0,0.0,1.0,none,0.0,0,applicable,32.0,0.0,,0.0,313288.0,77939964.0,1533098.5119963763,3430.0,3105.0,0.20253101648091215,100.0,13.0,92.96296296296298,92.96296296296298,92.96296296296298,92.96296296296298,84.375,84.375,84.375,84.375,90.625,2.0,1.0,0.0,3.0,27.0,5.0,24.068750000018795,67.6380555555572,70.47569444445038,73.73472222223403,27.0,5.0,73.73472222223403,109.5,25.458333333333332,0.39060283687943276,1.0,0.0,0.0,6.0,66.66666666666666,33.33333333333333,16.0,100.0,100.0,9.0,100.0,100.0,COMPLETED,120,5,500.0,98.6,100.0,120,b32878cf8b0a5197,T120_P05_H0500_I0986_F1,0.9754458161865568,False,0.7026428679125475,369,0.0,0.0,0.7011551360935215,381,0.8387096774193549,0.90625,0.8912222340751782,0.06063872793424067,0.8089550410388334
T120_P05_H0800_I0600_CN000_F1,California,unlimited_useful_deadline,unlimited,central_only,targeted_central,all_useful,deadline,-1.0,0.0,0.0,1.0,none,0.0,0,applicable,32.0,0.0,,0.0,2398.0,1352656.0,135265.6,499.0,422.5,0.3123484463159887,0.0,1.0,60.99665317428124,60.99665317428124,60.99665317428124,60.99665317428124,12.5,12.5,12.5,12.5,59.375,0.0,0.0,13.0,0.0,4.0,28.0,42.65833333333333,62.675000000000004,66.93749999999999,71.2,4.0,28.0,71.2,422.5,0.0,0.0,1.0,0.0,0.0,6.0,0.0,33.33333333333333,16.0,62.5,12.5,9.0,100.0,0.0,COMPLETED,120,5,800.0,60.0,0.0,0,cd9543d75db85416,T120_P05_H0800_I0600_F1,0.8425347222222221,True,0.5355024545952235,521,0.0,0.0,0.559241818236437,517,0.0967741935483871,0.59375,0.89916857342527,0.6349548578358711,0.5715614663726568
T120_P05_H0800_I0600_CN010_F1,California,unlimited_useful_deadline,unlimited,central_only,targeted_central,all_useful,deadline,-1.0,0.0,0.0,1.0,none,0.0,0,applicable,32.0,0.0,,0.0,17285.0,4429976.0,194350.14399983315,1123.0,919.0,0.4728578950786828,65.23394994559304,6.0,87.76408486433351,87.76408486433351,87.76408486433351,87.76408486433351,18.75,18.75,18.75,18.75,78.125,0.0,0.0,7.0,0.0,6.0,26.0,51.29375000000073,105.47569444444453,108.13854166666678,110.80138888888905,6.0,26.0,110.80138888888905,410.0,4.241666666666666,0.8687295350360185,1.0,0.0,0.0,6.0,16.666666666666664,33.33333333333333,16.0,93.75,25.0,9.0,100.0,0.0,COMPLETED,120,5,800.0,60.0,10.0,12,99b2bc3abed0d56a,T120_P05_H0800_I0600_F1,0.8675925925925926,False,0.555427574600229,515,0.0,0.0,0.5781789349871834,507,0.16129032258064516,0.78125,0.7750184507468516,0.5570183712886853,0.6163175303197352
T120_P05_H0800_I0600_CN020_F1,California,unlimited_useful_deadline,unlimited,central_only,targeted_central,all_useful,deadline,-1.0,0.0,0.0,1.0,none,0.0,0,applicable,32.0,0.0,,0.0,31478.0,7821404.0,259465.56159966608,1476.0,1248.5,0.4811813915891976,80.0961153384061,8.0,95.7711038961039,95.7711038961039,95.7711038961039,95.7711038961039,84.375,84.375,84.375,84.375,75.0,0.0,0.0,8.0,0.0,27.0,5.0,85.71736111111119,106.16736111111095,109.65451388888894,115.20069444444452,27.0,5.0,115.20069444444452,362.0,7.3875,0.8051466441060351,1.0,0.0,0.0,6.0,16.666666666666664,33.33333333333333,16.0,87.5,100.0,9.0,100.0,100.0,COMPLETED,120,5,800.0,60.0,20.0,24,35af00915b8ee119,T120_P05_H0800_I0600_F1,0.9391975308641975,False,0.7223713741376789,339,0.0,0.0,0.7176464746107024,348,0.8387096774193549,0.75,0.7612266535461403,0.494084355208193,0.7442116868798235
T120_P05_H0800_I0600_CN030_F1,California,unlimited_useful_deadline,unlimited,central_only,targeted_central,all_useful,deadline,-1.0,0.0,0.0,1.0,none,0.0,0,applicable,32.0,0.0,,0.0,44541.0,10909416.0,318755.3919994701,1764.0,1552.5,0.4870505845443332,87.37520128824477,11.0,96.875,96.875,96.875,96.875,90.625,90.625,90.625,90.625,84.375,0.0,0.0,5.0,0.0,29.0,3.0,79.06875000000339,92.87847222222229,96.26736111111096,96.55138888888857,29.0,3.0,96.55138888888857,373.5,9.825,0.7767458297992649,1.0,0.0,0.0,6.0,66.66666666666666,66.66666666666666,16.0,87.5,100.0,9.0,100.0,100.0,COMPLETED,120,5,800.0,60.0,30.0,36,50298a1e8b362576,T120_P05_H0800_I0600_F1,0.9494252873563219,False,0.759555036966278,275,0.0,0.0,0.7525177248971286,281,0.9032258064516129,0.84375,0.8196921174490791,0.4334411355163275,0.7624795650686234
T120_P05_H0800_I0600_CN040_F1,California,unlimited_useful_deadline,unlimited,central_only,targeted_central,all_useful,deadline,-1.0,0.0,0.0,1.0,none,0.0,0,applicable,32.0,0.0,,0.0,56654.0,14518616.0,388052.03199929337,2034.0,1830.0,0.47158624336319216,91.31147540983606,9.0,99.33035714285714,99.33035714285714,99.33035714285714,99.33035714285714,93.75,93.75,93.75,93.75,90.625,0.0,0.0,3.0,0.0,30.0,2.0,71.89305555556177,80.66701388888892,85.41267361111188,86.55138888889148,30.0,2.0,86.55138888889148,314.5,12.629166666666666,0.761967997360607,1.0,100.0,0.0,6.0,66.66666666666666,83.33333333333334,16.0,93.75,100.0,9.0,100.0,100.0,COMPLETED,120,5,800.0,60.0,40.0,48,34288c0441de1626,T120_P05_H0800_I0600_F1,0.9649845679012347,False,0.7789056072057919,228,0.0,0.0,0.7716449197213519,225,0.9354838709677419,0.90625,0.8510420589944916,0.37517854736558415,0.7902701212789416
T120_P05_H0800_I0600_CN050_F1,California,unlimited_useful_deadline,unlimited,central_only,targeted_central,all_useful,deadline,-1.0,0.0,0.0,1.0,none,0.0,0,applicable,32.0,0.0,,0.0,71358.0,18990960.0,473921.0367990223,2334.0,2144.5,0.45250154213125326,95.476801119142,10.0,98.66071428571428,98.66071428571428,98.66071428571428,98.66071428571428,96.875,96.875,96.875,96.875,90.625,0.0,0.0,3.0,0.0,31.0,1.0,68.9347222222225,75.66944444444428,78.11041666666934,80.23541666666667,31.0,1.0,80.23541666666667,246.0,15.820833333333333,0.7272825037310158,1.0,100.0,0.0,6.0,66.66666666666666,100.0,16.0,93.75,100.0,9.0,100.0,100.0,COMPLETED,120,5,800.0,60.0,50.0,60,a915336c922f542f,T120_P05_H0800_I0600_F1,0.973446833930705,False,0.7808801109951788,222,0.0,0.0,0.7727622463581264,224,0.967741935483871,0.90625,0.8708425949914171,0.3135920585725194,0.8053846427428246
T120_P05_H0800_I0600_CN060_F1,California,unlimited_useful_deadline,unlimited,central_only,targeted_central,all_useful,deadline,-1.0,0.0,0.0,1.0,none,0.0,0,applicable,32.0,0.0,,0.0,82599.0,21928452.0,530320.8831988364,2614.0,2437.0,0.45953310103503525,96.4710709889208,10.0,99.55357142857143,99.55357142857143,99.55357142857143,99.55357142857143,96.875,96.875,96.875,96.875,90.625,0.0,0.0,3.0,0.0,31.0,1.0,64.71736111111265,71.55138888888953,71.74409722222366,72.20069444444998,31.0,1.0,72.20069444444998,260.5,18.1375,0.6944310437246344,1.0,100.0,0.0,6.0,66.66666666666666,100.0,16.0,93.75,100.0,9.0,100.0,100.0,COMPLETED,120,5,800.0,60.0,60.0,72,a499855a72fd8fef,T120_P05_H0800_I0600_F1,0.9722072879330944,False,0.7736637548851235,235,0.0,0.0,0.7654351920939295,242,0.967741935483871,0.90625,0.8960314021914365,0.25398194313434846,0.8031706796599921
T120_P05_H0800_I0600_CN070_F1,California,unlimited_useful_deadline,unlimited,central_only,targeted_central,all_useful,deadline,-1.0,0.0,0.0,1.0,none,0.0,0,applicable,32.0,0.0,,0.0,94787.0,25747424.0,603645.1455985778,2881.0,2703.5,0.44786246020734494,97.55872017754763,11.0,99.10714285714286,99.10714285714286,99.10714285714286,99.10714285714286,96.875,96.875,96.875,96.875,90.625,0.0,0.0,3.0,0.0,31.0,1.0,61.068750000008734,72.20069444444441,79.5260416666666,80.55138888888857,31.0,1.0,80.55138888888857,236.5,20.558333333333334,0.6411870017565193,1.0,100.0,0.0,6.0,66.66666666666666,100.0,16.0,93.75,100.0,9.0,100.0,100.0,COMPLETED,120,5,800.0,60.0,70.0,84,38af168275c4ae40,T120_P05_H0800_I0600_F1,0.9748805256869773,False,0.757689202656697,280,0.0,0.0,0.7496993744388928,286,0.967741935483871,0.90625,0.8698520239217538,0.19670754166105198,0.8079453711277872
T120_P05_H0800_I0600_CN080_F1,California,unlimited_useful_deadline,unlimited,central_only,targeted_central,all_useful,deadline,-1.0,0.0,0.0,1.0,none,0.0,0,applicable,32.0,0.0,,0.0,106723.0,30039172.0,686046.707198328,3162.0,3003.5,0.43779818028216605,98.65157316464125,11.0,99.10714285714286,99.10714285714286,99.10714285714286,99.10714285714286,96.875,96.875,96.875,96.875,90.625,0.0,0.0,3.0,0.0,31.0,1.0,57.634722222222386,65.8013888889264,67.15104166667916,70.20069444444586,31.0,1.0,70.20069444444586,227.5,23.133333333333333,0.586737512007685,1.0,100.0,0.0,6.0,66.66666666666666,100.0,16.0,93.75,100.0,9.0,100.0,100.0,COMPLETED,120,5,800.0,60.0,80.0,96,e4bccb3c7e5e111a,T120_P05_H0800_I0600_F1,0.9780465949820788,False,0.752970541433595,294,0.0,0.0,0.745263460308297,303,0.967741935483871,0.90625,0.9023013905005338,0.1364236625791672,0.8136003129779135
T120_P05_H0800_I0600_CN090_F1,California,unlimited_useful_deadline,unlimited,central_only,targeted_central,all_useful,deadline,-1.0,0.0,0.0,1.0,none,0.0,0,applicable,32.0,0.0,,0.0,116758.0,34036732.0,762799.8591980645,3442.0,3295.5,0.4320268233222508,99.66621150053103,11.0,99.55357142857143,99.55357142857143,99.55357142857143,99.55357142857143,96.875,96.875,96.875,96.875,90.625,0.0,0.0,3.0,0.0,31.0,1.0,48.47083333333333,66.1173611111124,66.45937500000025,66.55138888889148,31.0,1.0,66.55138888889148,208.0,25.729166666666668,0.5520364372469635,1.0,100.0,0.0,6.0,66.66666666666666,100.0,16.0,93.75,100.0,9.0,100.0,100.0,COMPLETED,120,5,800.0,60.0,90.0,108,76135bc4dc5c2b41,T120_P05_H0800_I0600_F1,0.9797192353643966,False,0.7437937396455391,312,0.0,0.0,0.7362360343426974,315,0.967741935483871,0.90625,0.913741942085335,0.07685846471724385,0.8165878294270369
T120_P05_H0800_I0600_CN100_F1,California,unlimited_useful_deadline,unlimited,central_only,targeted_central,all_useful,deadline,-1.0,0.0,0.0,1.0,none,0.0,0,applicable,32.0,0.0,,0.0,127814.0,38369360.0,845986.3167977743,3749.0,3620.5,0.4279620045988816,100.0,12.0,99.55357142857143,99.55357142857143,99.55357142857143,99.55357142857143,96.875,96.875,96.875,96.875,90.625,0.0,0.0,3.0,0.0,31.0,1.0,45.934722222222746,54.551388888890024,55.37604166667085,63.717361111113135,31.0,1.0,63.717361111113135,209.5,28.425,0.5091468777484609,1.0,100.0,0.0,6.0,66.66666666666666,100.0,16.0,93.75,100.0,9.0,100.0,100.0,COMPLETED,120,5,800.0,60.0,100.0,120,e143ad988815fd62,T120_P05_H0800_I0600_F1,0.9805854241338112,False,0.7332967861800026,324,0.0,0.0,0.7258164362137899,334,0.967741935483871,0.90625,0.9226266026024803,0.01432870682297982,0.8181349361596186
T120_P05_H0800_I0800_CN010_F1,California,unlimited_useful_deadline,unlimited,central_only,targeted_central,all_useful,deadline,-1.0,0.0,0.0,1.0,none,0.0,0,applicable,32.0,0.0,,0.0,29193.0,6001380.0,186905.79199968168,1048.0,851.0,0.4553095925467357,97.06227967097533,8.0,82.72569444444444,82.72569444444444,82.72569444444444,82.72569444444444,78.125,78.125,78.125,78.125,84.375,0.0,3.0,2.0,3.0,25.0,7.0,87.1513888888888,103.94097222222227,112.934027777778,115.55138888888953,25.0,7.0,115.55138888888953,106.0,6.591666666666667,0.9156236831015592,1.0,0.0,0.0,6.0,33.33333333333333,0.0,16.0,100.0,100.0,9.0,100.0,100.0,COMPLETED,120,5,800.0,80.0,10.0,12,1fa84830dc964bae,T120_P05_H0800_I0800_F1,0.8722037037037037,False,0.7206322860791814,343,0.0,0.0,0.7131502823092202,360,0.7741935483870968,0.84375,0.7601272285127748,0.563127161658357,0.624553472987872
T120_P05_H0800_I0800_CN020_F1,California,unlimited_useful_deadline,unlimited,central_only,targeted_central,all_useful,deadline,-1.0,0.0,0.0,1.0,none,0.0,0,applicable,32.0,0.0,,0.0,57568.0,11595664.0,294316.0447993033,1408.0,1245.0,0.4230146544844256,100.0,8.0,96.19724893162393,96.19724893162393,96.19724893162393,96.19724893162393,87.5,87.5,87.5,87.5,90.625,0.0,0.0,3.0,0.0,28.0,4.0,64.06840277777786,80.42166666666671,82.03472222223216,83.55138888888905,28.0,4.0,83.55138888888905,99.5,9.866666666666667,0.8521607545045045,1.0,0.0,0.0,6.0,66.66666666666666,50.0,16.0,100.0,100.0,9.0,100.0,100.0,COMPLETED,120,5,800.0,80.0,20.0,24,be52695270f093aa,T120_P05_H0800_I0800_F1,0.9382275132275133,False,0.781332969009643,220,0.0,0.0,0.7749085384414558,218,0.8709677419354839,0.90625,0.8604470414581258,0.4943987782419261,0.7424791305717435
T120_P05_H0800_I0800_CN030_F1,California,unlimited_useful_deadline,unlimited,central_only,targeted_central,all_useful,deadline,-1.0,0.0,0.0,1.0,none,0.0,0,applicable,32.0,0.0,,0.0,86776.0,17461928.0,406948.31359884876,1711.0,1565.5,0.3846925881460217,100.0,9.0,98.4375,98.4375,98.4375,98.4375,96.875,96.875,96.875,96.875,93.75,0.0,0.0,2.0,0.0,31.0,1.0,55.16875000000194,65.33888888888904,66.70069444444441,67.63472222222214,31.0,1.0,67.63472222222214,113.0,12.679166666666667,0.7863429729433673,1.0,100.0,0.0,6.0,66.66666666666666,100.0,16.0,100.0,100.0,9.0,100.0,100.0,COMPLETED,120,5,800.0,80.0,30.0,36,3c99cfb8b2e37f5f,T120_P05_H0800_I0800_F1,0.9431152927120668,False,0.8106406641885985,151,0.0,0.0,0.7998140290568279,158,0.967741935483871,0.9375,0.9103456984179228,0.4322732785338903,0.7512092328484544
T120_P05_H0800_I0800_CN040_F1,California,unlimited_useful_deadline,unlimited,central_only,targeted_central,all_useful,deadline,-1.0,0.0,0.0,1.0,none,0.0,0,applicable,32.0,0.0,,0.0,114379.0,23507860.0,523030.2079983598,2010.0,1866.5,0.356862753136785,100.0,11.0,98.046875,98.046875,98.046875,98.046875,96.875,96.875,96.875,96.875,96.875,0.0,0.0,1.0,0.0,31.0,1.0,52.15138888889051,59.33888888888905,59.83472222222566,67.15138888891549,31.0,1.0,67.15138888891549,162.0,15.0125,0.7626214265889537,1.0,100.0,0.0,6.0,83.33333333333334,100.0,16.0,100.0,100.0,9.0,100.0,100.0,COMPLETED,120,5,800.0,80.0,40.0,48,73a9ab8e42a41856,T120_P05_H0800_I0800_F1,0.9479689366786141,False,0.8064193406596338,159,0.0,0.0,0.796026162155526,172,0.967741935483871,0.96875,0.9118609455925345,0.3718995642995104,0.7598783654017143
T120_P05_H0800_I0800_CN050_F1,California,unlimited_useful_deadline,unlimited,central_only,targeted_central,all_useful,deadline,-1.0,0.0,0.0,1.0,none,0.0,0,applicable,32.0,0.0,,0.0,142176.0,30615736.0,659501.4271978183,2313.0,2192.5,0.33244810542955155,100.0,12.0,98.828125,98.828125,98.828125,98.828125,96.875,96.875,96.875,96.875,100.0,0.0,0.0,0.0,0.0,31.0,1.0,42.585416666668365,49.200694444445254,53.06770833333346,55.55138888892543,31.0,1.0,55.55138888892543,128.0,17.866666666666667,0.6711753731343284,1.0,100.0,0.0,6.0,100.0,100.0,16.0,100.0,100.0,9.0,100.0,100.0,COMPLETED,120,5,800.0,80.0,50.0,60,ecb4187bc46d5c8e,T120_P05_H0800_I0800_F1,0.9763590203106333,False,0.8150247720197735,141,0.0,0.0,0.807166981359319,142,0.967741935483871,1.0,0.9482268777851924,0.3092799712527512,0.8105861222747803
T120_P05_H0800_I0800_CN060_F1,California,unlimited_useful_deadline,unlimited,central_only,targeted_central,all_useful,deadline,-1.0,0.0,0.0,1.0,none,0.0,0,applicable,32.0,0.0,,0.0,170594.0,37028948.0,782635.0975972185,2634.0,2532.5,0.3235863057732872,100.0,12.0,99.21875,99.21875,99.21875,99.21875,96.875,96.875,96.875,96.875,100.0,0.0,0.0,0.0,0.0,31.0,1.0,39.55138888888857,46.5090277778009,47.56770833335892,55.934722222224686,31.0,1.0,55.934722222224686,125.0,20.579166666666666,0.6272879125329014,1.0,100.0,0.0,6.0,100.0,100.0,16.0,100.0,100.0,9.0,100.0,100.0,COMPLETED,120,5,800.0,80.0,60.0,72,fa06eeee98fa43ea,T120_P05_H0800_I0800_F1,0.9776433691756273,False,0.8023530633083378,170,0.0,0.0,0.7946099719401263,178,0.967741935483871,1.0,0.9470251300260581,0.2454026860710596,0.812880108119643
T120_P05_H0800_I0800_CN070_F1,California,unlimited_useful_deadline,unlimited,central_only,targeted_central,all_useful,deadline,-1.0,0.0,0.0,1.0,none,0.0,0,applicable,32.0,0.0,,0.0,199756.0,44498680.0,926053.9519965592,2929.0,2832.0,0.3058137157013636,100.0,12.0,99.609375,99.609375,99.609375,99.609375,96.875,96.875,96.875,96.875,100.0,0.0,0.0,0.0,0.0,31.0,1.0,38.634722222222145,46.16875,46.41770833334546,47.20069444444804,31.0,1.0,47.20069444444804,110.5,23.0625,0.5733047274917193,1.0,100.0,0.0,6.0,100.0,100.0,16.0,100.0,100.0,9.0,100.0,100.0,COMPLETED,120,5,800.0,80.0,70.0,84,3593c037144e24e4,T120_P05_H0800_I0800_F1,0.981063321385902,False,0.7966977568382425,186,0.0,0.0,0.789260085678446,191,0.967741935483871,1.0,0.9744062560549969,0.1851637245654225,0.8189885122879396
T120_P05_H0800_I0800_CN080_F1,California,unlimited_useful_deadline,unlimited,central_only,targeted_central,all_useful,deadline,-1.0,0.0,0.0,1.0,none,0.0,0,applicable,32.0,0.0,,0.0,227170.0,52152344.0,1073004.300795866,3243.0,3162.0,0.2946866100773957,100.0,17.0,100.0,100.0,100.0,100.0,100.0,100.0,100.0,100.0,100.0,0.0,0.0,0.0,0.0,32.0,0.0,35.1847222222228,42.67812500000014,43.834722222231804,46.20069444444452,32.0,0.0,46.20069444444452,125.5,25.783333333333335,0.5167797888386123,1.0,100.0,100.0,6.0,100.0,100.0,16.0,100.0,100.0,9.0,100.0,100.0,COMPLETED,120,5,800.0,80.0,80.0,96,b38df87dc4490b0f,T120_P05_H0800_I0800_F1,0.9740596064814815,False,0.7909170763327976,197,0.0,0.0,0.7812410323691812,206,1.0,1.0,0.9775412502095501,0.12218479090868255,0.8064791207276736
T120_P05_H0800_I0800_CN090_F1,California,unlimited_useful_deadline,unlimited,central_only,targeted_central,all_useful,deadline,-1.0,0.0,0.0,1.0,none,0.0,0,applicable,32.0,0.0,,0.0,255123.0,60049212.0,1224624.1663951015,3541.0,3468.5,0.28322975286451724,100.0,16.0,100.0,100.0,100.0,100.0,100.0,100.0,100.0,100.0,100.0,0.0,0.0,0.0,0.0,32.0,0.0,28.4593750000017,37.559375000010434,38.96701388889354,46.934722222271375,32.0,0.0,46.934722222271375,126.5,28.329166666666666,0.4627016227876648,1.0,100.0,100.0,6.0,100.0,100.0,16.0,100.0,100.0,9.0,100.0,100.0,COMPLETED,120,5,800.0,80.0,90.0,108,4bfac8035ab26253,T120_P05_H0800_I0800_F1,0.9689380787037036,False,0.7769111399619404,231,0.0,0.0,0.766777715899096,237,1.0,1.0,0.9752400774167913,0.06131698333557922,0.7973315187431089
T120_P05_H0800_I0800_CN100_F1,California,unlimited_useful_deadline,unlimited,central_only,targeted_central,all_useful,deadline,-1.0,0.0,0.0,1.0,none,0.0,0,applicable,32.0,0.0,,0.0,283892.0,68456184.0,1386038.028794278,3840.0,3780.0,0.2727197898955372,100.0,14.0,100.0,100.0,100.0,100.0,100.0,100.0,100.0,100.0,100.0,0.0,0.0,0.0,0.0,32.0,0.0,28.28402777777889,37.025347222228596,37.670034722228976,39.036805555557656,32.0,0.0,39.036805555557656,129.5,30.9,0.4045891765551961,1.0,100.0,100.0,6.0,100.0,100.0,16.0,100.0,100.0,9.0,100.0,100.0,COMPLETED,120,5,800.0,80.0,100.0,120,afc2196c13f50741,T120_P05_H0800_I0800_F1,0.9755208333333334,True,0.7713633544652702,244,1.92,4.69,0.7618178059536935,252,1.0,1.0,1.0,0.0,0.8090890297684674
T120_P05_H0800_I0986_CN010_F1,California,unlimited_useful_deadline,unlimited,central_only,targeted_central,all_useful,deadline,-1.0,0.0,0.0,1.0,none,0.0,0,applicable,32.0,0.0,,0.0,28268.0,5983672.0,184557.75679972256,952.0,802.0,0.43455231246135606,98.56608478802993,7.0,93.18996415770609,93.18996415770609,93.18996415770609,93.18996415770609,87.5,87.5,87.5,87.5,90.625,1.0,2.0,0.0,3.0,28.0,4.0,87.63437500000134,109.33090277777772,111.30260416666708,120.73472222222239,28.0,4.0,120.73472222222239,113.5,6.320833333333334,0.9182212700505383,1.0,0.0,0.0,6.0,66.66666666666666,50.0,16.0,100.0,100.0,9.0,100.0,100.0,COMPLETED,120,5,800.0,98.6,10.0,12,f57a8440f29b8ad7,T120_P05_H0800_I0986_F1,0.8424603174603175,False,0.7469875397866272,306,0.0,0.0,0.7320105812612816,321,0.8709677419354839,0.90625,0.7438775088117328,0.5675290841306203,0.5714285714285713
T120_P05_H0800_I0986_CN020_F1,California,unlimited_useful_deadline,unlimited,central_only,targeted_central,all_useful,deadline,-1.0,0.0,0.0,1.0,none,0.0,0,applicable,32.0,0.0,,0.0,55737.0,11501400.0,290498.1343993779,1272.0,1122.5,0.3864052353798537,99.9109131403118,8.0,97.67025089605735,97.67025089605735,97.67025089605735,97.67025089605735,90.625,90.625,90.625,90.625,96.875,1.0,0.0,0.0,1.0,29.0,3.0,60.36736111111095,76.90833333333353,79.48194444444466,85.15138888888904,29.0,3.0,85.15138888888904,115.0,9.020833333333334,0.8626058506543495,1.0,0.0,0.0,6.0,100.0,66.66666666666666,16.0,100.0,100.0,9.0,100.0,100.0,COMPLETED,120,5,800.0,98.6,20.0,24,55ae65daa825b26e,T120_P05_H0800_I0986_F1,0.9488346104725415,False,0.8059370615094568,160,0.0,0.0,0.798846998803498,163,0.9032258064516129,0.96875,0.8554310508108584,0.5054035844225846,0.7614245523324333
T120_P05_H0800_I0986_CN030_F1,California,unlimited_useful_deadline,unlimited,central_only,targeted_central,all_useful,deadline,-1.0,0.0,0.0,1.0,none,0.0,0,applicable,32.0,0.0,,0.0,84072.0,17483168.0,405348.07999897975,1604.0,1473.0,0.36339138451172814,100.0,8.0,100.0,100.0,100.0,100.0,96.875,96.875,96.875,96.875,96.875,1.0,0.0,0.0,1.0,31.0,1.0,47.585416666676124,65.15138888888904,69.23472222225513,72.73472222222966,31.0,1.0,72.73472222222966,165.0,11.908333333333333,0.8139549801726149,1.0,0.0,0.0,6.0,100.0,100.0,16.0,100.0,100.0,9.0,100.0,100.0,COMPLETED,120,5,800.0,98.6,30.0,36,0871ee73817458eb,T120_P05_H0800_I0986_F1,0.9699223416965351,False,0.8225369633643218,130,0.0,0.0,0.8141043425299511,132,0.967741935483871,0.96875,0.8943572282297341,0.44058303013969363,0.7990895187964573
T120_P05_H0800_I0986_CN040_F1,California,unlimited_useful_deadline,unlimited,central_only,targeted_central,all_useful,deadline,-1.0,0.0,0.0,1.0,none,0.0,0,applicable,32.0,0.0,,0.0,113524.0,24102308.0,532435.5679985199,1922.0,1792.5,0.3366604539096049,100.0,10.0,100.0,100.0,100.0,100.0,96.875,96.875,96.875,96.875,96.875,1.0,0.0,0.0,1.0,31.0,1.0,46.551388888889534,64.71736111111119,70.16875000002183,73.73472222222335,31.0,1.0,73.73472222222335,140.5,14.608333333333333,0.7643088039551247,1.0,0.0,0.0,6.0,100.0,100.0,16.0,100.0,100.0,9.0,100.0,100.0,COMPLETED,120,5,800.0,98.6,40.0,48,167a8f4953cf86b0,T120_P05_H0800_I0986_F1,0.9722819593787335,False,0.810135011442347,152,0.0,0.0,0.8019131172146554,152,0.967741935483871,0.96875,0.8912222340752117,0.3785473655841531,0.8033040509300421
T120_P05_H0800_I0986_CN050_F1,California,unlimited_useful_deadline,unlimited,central_only,targeted_central,all_useful,deadline,-1.0,0.0,0.0,1.0,none,0.0,0,applicable,32.0,0.0,,0.0,141649.0,31213452.0,668969.5327980258,2231.0,2117.5,0.31653160513056017,100.0,10.0,100.0,100.0,100.0,100.0,96.875,96.875,96.875,96.875,96.875,1.0,0.0,0.0,1.0,31.0,1.0,43.934722222222504,54.71736111111144,59.37708333333394,62.73472222222238,31.0,1.0,62.73472222222238,118.5,17.166666666666668,0.715962783171521,1.0,0.0,0.0,6.0,100.0,100.0,16.0,100.0,100.0,9.0,100.0,100.0,COMPLETED,120,5,800.0,98.6,50.0,60,f5bcce5b8a387570,T120_P05_H0800_I0986_F1,0.9746863799283155,False,0.8051702302378299,162,0.0,0.0,0.7971630637549192,168,0.967741935483871,0.96875,0.9257071697751786,0.31601760768988907,0.8075986058256571
T120_P05_H0800_I0986_CN060_F1,California,unlimited_useful_deadline,unlimited,central_only,targeted_central,all_useful,deadline,-1.0,0.0,0.0,1.0,none,0.0,0,applicable,32.0,0.0,,0.0,171519.0,38264480.0,804349.2703974488,2547.0,2431.5,0.3022940517865499,100.0,13.0,100.0,100.0,100.0,100.0,96.875,96.875,96.875,96.875,96.875,1.0,0.0,0.0,1.0,31.0,1.0,39.801388888907965,49.86805555555926,51.72604166666739,55.73472222224906,31.0,1.0,55.73472222224906,117.0,19.870833333333334,0.6527521492975468,1.0,0.0,0.0,6.0,100.0,100.0,16.0,100.0,100.0,9.0,100.0,100.0,COMPLETED,120,5,800.0,98.6,60.0,72,304dad6bf2d62e7a,T120_P05_H0800_I0986_F1,0.9795698924731182,True,0.7985592799700006,181,0.0,0.0,0.790988237540154,187,0.967741935483871,0.96875,0.9476521288568902,0.25447603647307193,0.8163210868869365
T120_P05_H0800_I0986_CN070_F1,California,unlimited_useful_deadline,unlimited,central_only,targeted_central,all_useful,deadline,-1.0,0.0,0.0,1.0,none,0.0,0,applicable,32.0,0.0,,0.0,201023.0,45902916.0,951007.241596827,2874.0,2769.0,0.291164975289841,100.0,14.0,100.0,100.0,100.0,100.0,96.875,96.875,96.875,96.875,96.875,1.0,0.0,0.0,1.0,31.0,1.0,36.86805555556214,47.200694444445375,51.536805555555716,56.73472222223209,31.0,1.0,56.73472222223209,127.0,22.591666666666665,0.6045094061232017,1.0,0.0,0.0,6.0,100.0,100.0,16.0,100.0,100.0,9.0,100.0,100.0,COMPLETED,120,5,800.0,98.6,70.0,84,fcb23f0ff832a59c,T120_P05_H0800_I0986_F1,0.9764038231780168,False,0.7843535004014932,214,0.0,0.0,0.7764997108791402,213,0.967741935483871,0.96875,0.9445171347024012,0.19082333917261826,0.8106661450368104
T120_P05_H0800_I0986_CN080_F1,California,unlimited_useful_deadline,unlimited,central_only,targeted_central,all_useful,deadline,-1.0,0.0,0.0,1.0,none,0.0,0,applicable,32.0,0.0,,0.0,231561.0,54177428.0,1109877.8719961438,3192.0,3093.5,0.27872436040519133,100.0,13.0,100.0,100.0,100.0,100.0,96.875,96.875,96.875,96.875,96.875,1.0,0.0,0.0,1.0,31.0,1.0,30.200694444446587,40.6027777777781,41.98506944446078,51.73472222223209,31.0,1.0,51.73472222223209,109.5,25.4125,0.5568904738481719,1.0,0.0,0.0,6.0,100.0,100.0,16.0,100.0,100.0,9.0,100.0,100.0,COMPLETED,120,5,800.0,98.6,80.0,96,6b4ea18797adc54f,T120_P05_H0800_I0986_F1,0.9794056152927121,False,0.7757957552508344,233,0.0,0.0,0.7682100419812822,234,0.967741935483871,0.96875,0.960192105475112,0.1283384988546018,0.8160276700928263
T120_P05_H0800_I0986_CN090_F1,California,unlimited_useful_deadline,unlimited,central_only,targeted_central,all_useful,deadline,-1.0,0.0,0.0,1.0,none,0.0,0,applicable,32.0,0.0,,0.0,262863.0,62889576.0,1277151.1135954075,3487.0,3373.5,0.2641425876772716,100.0,15.0,100.0,100.0,100.0,100.0,96.875,96.875,96.875,96.875,96.875,1.0,0.0,0.0,1.0,31.0,1.0,25.1173611111158,46.73472222222772,46.94305555556869,48.15138888889293,31.0,1.0,48.15138888889293,145.5,27.583333333333332,0.5380337361530716,1.0,0.0,0.0,6.0,100.0,100.0,16.0,100.0,100.0,9.0,100.0,100.0,COMPLETED,120,5,800.0,98.6,90.0,108,af36ac818fe168d3,T120_P05_H0800_I0986_F1,0.9754181600955795,False,0.7652767619820955,260,0.0,0.0,0.7573349474215092,268,0.967741935483871,0.96875,0.9714258345289064,0.06985132282262048,0.8089056442721484
T120_P05_H0800_I0986_CN100_F1,California,unlimited_useful_deadline,unlimited,central_only,targeted_central,all_useful,deadline,-1.0,0.0,0.0,1.0,none,0.0,0,applicable,32.0,0.0,,0.0,294347.0,71929748.0,1450722.4159946144,3809.0,3718.0,0.2562861067705321,100.0,15.0,100.0,100.0,100.0,100.0,96.875,96.875,96.875,96.875,96.875,1.0,0.0,0.0,1.0,31.0,1.0,23.634722222233542,36.75555555555596,42.385763888898026,45.03680555555717,31.0,1.0,45.03680555555717,129.5,30.475,0.43822121957888993,1.0,0.0,0.0,6.0,100.0,100.0,16.0,100.0,100.0,9.0,100.0,100.0,COMPLETED,120,5,800.0,98.6,100.0,120,c87d721c7d6521e7,T120_P05_H0800_I0986_F1,0.9769563918757468,False,0.7547854106417348,291,0.0,0.0,0.7469809684893003,296,0.967741935483871,0.96875,0.9811900350727485,0.005569779454700607,0.8116530924351816
T120_P05_H1000_I0600_CN000_F1,California,unlimited_useful_deadline,unlimited,central_only,targeted_central,all_useful,deadline,-1.0,0.0,0.0,1.0,none,0.0,0,applicable,32.0,0.0,,0.0,2421.0,1650632.0,165063.2,546.0,446.5,0.2705024499706779,0.0,1.0,66.00157830363699,66.00157830363699,66.00157830363699,66.00157830363699,9.375,9.375,9.375,9.375,56.25,0.0,0.0,14.0,0.0,3.0,29.0,42.78333333333333,65.51666666666667,68.35833333333333,71.2,3.0,29.0,71.2,446.5,0.0,0.0,1.0,0.0,0.0,6.0,0.0,33.33333333333333,16.0,56.25,6.25,9.0,100.0,0.0,COMPLETED,120,5,1000.0,60.0,0.0,0,31b03ccecbce2e87,T120_P05_H1000_I0600_F1,0.8428240740740741,False,0.5208342517849311,528,0.0,0.0,0.5462123593355231,522,0.06451612903225806,0.5625,0.89916857342527,0.632798814175987,0.5720782800441013
T120_P05_H1000_I0600_CN010_F1,California,unlimited_useful_deadline,unlimited,central_only,targeted_central,all_useful,deadline,-1.0,0.0,0.0,1.0,none,0.0,0,applicable,32.0,0.0,,0.0,16626.0,4563084.0,220982.27839983755,1116.0,906.0,0.40998762731585,62.858719646799116,6.0,90.36028072238088,90.36028072238088,90.36028072238088,90.36028072238088,21.875,21.875,21.875,21.875,78.125,0.0,0.0,7.0,0.0,7.0,25.0,90.03333333333333,140.47222222222345,149.8118055555578,159.1513888888922,7.0,25.0,159.1513888888922,422.5,4.029166666666667,0.8526801103067907,1.0,0.0,0.0,6.0,16.666666666666664,33.33333333333333,16.0,93.75,31.25,9.0,100.0,0.0,COMPLETED,120,5,1000.0,60.0,10.0,12,66962c9b6749f8a7,T120_P05_H1000_I0600_F1,0.8408730158730159,False,0.5262516609965752,525,0.0,0.0,0.5450039156061403,523,0.1935483870967742,0.78125,0.6234414833747279,0.5581862282711225,0.5685934792880768
T120_P05_H1000_I0600_CN020_F1,California,unlimited_useful_deadline,unlimited,central_only,targeted_central,all_useful,deadline,-1.0,0.0,0.0,1.0,none,0.0,0,applicable,32.0,0.0,,0.0,30221.0,7786012.0,282862.49599967414,1447.0,1220.5,0.43148173308963733,80.54076198279394,6.0,95.67307692307693,95.67307692307693,95.67307692307693,95.67307692307693,90.625,90.625,90.625,90.625,78.125,0.0,0.0,7.0,0.0,29.0,3.0,83.55138888888953,107.24236111111962,110.46111111111513,113.20069444444452,29.0,3.0,113.20069444444452,359.0,7.179166666666666,0.7903317856451926,1.0,0.0,0.0,6.0,16.666666666666664,66.66666666666666,16.0,93.75,100.0,9.0,100.0,100.0,COMPLETED,120,5,1000.0,60.0,20.0,24,45a33d472fce5fd2,T120_P05_H1000_I0600_F1,0.9223020434227331,False,0.7419809059961244,314,0.0,0.0,0.7325213417123986,320,0.9032258064516129,0.78125,0.7674966418552247,0.49659973947805774,0.7140345207770976
T120_P05_H1000_I0600_CN030_F1,California,unlimited_useful_deadline,unlimited,central_only,targeted_central,all_useful,deadline,-1.0,0.0,0.0,1.0,none,0.0,0,applicable,32.0,0.0,,0.0,42374.0,10674656.0,338324.460799486,1735.0,1528.5,0.4517852467386012,86.71900556100752,9.0,97.30425824175825,97.30425824175825,97.30425824175825,97.30425824175825,90.625,90.625,90.625,90.625,87.5,0.0,0.0,4.0,0.0,29.0,3.0,79.6347222222225,91.76805555555566,99.0743055555554,111.20069444444441,29.0,3.0,111.20069444444441,368.0,9.670833333333333,0.7539027717937672,1.0,0.0,0.0,6.0,66.66666666666666,66.66666666666666,16.0,93.75,100.0,9.0,100.0,100.0,COMPLETED,120,5,1000.0,60.0,30.0,36,2de743ef742766bf,T120_P05_H1000_I0600_F1,0.9443486590038314,False,0.7556910372273482,286,0.0,0.0,0.7482003548202144,292,0.9032258064516129,0.875,0.7737666301643094,0.43559717917621166,0.7534121583089379
T120_P05_H1000_I0600_CN040_F1,California,unlimited_useful_deadline,unlimited,central_only,targeted_central,all_useful,deadline,-1.0,0.0,0.0,1.0,none,0.0,0,applicable,32.0,0.0,,0.0,53806.0,14108424.0,404252.8063993163,2002.0,1792.0,0.4432869658868572,91.40625,7.0,97.06387362637363,97.06387362637363,97.06387362637363,97.06387362637363,90.625,90.625,90.625,90.625,90.625,0.0,0.0,3.0,0.0,29.0,3.0,77.66944444444476,89.72152777777941,90.24791666666745,92.20069444444634,29.0,3.0,92.20069444444634,328.0,12.2,0.7066655282331513,1.0,0.0,0.0,6.0,66.66666666666666,66.66666666666666,16.0,100.0,100.0,9.0,100.0,100.0,COMPLETED,120,5,1000.0,60.0,40.0,48,254c735f4f607992,T120_P05_H1000_I0600_F1,0.972286079182631,False,0.7699379234668455,251,0.0,0.0,0.7649422036115119,243,0.9032258064516129,0.90625,0.8333315191006045,0.37859228316040067,0.8033114093449416
T120_P05_H1000_I0600_CN050_F1,California,unlimited_useful_deadline,unlimited,central_only,targeted_central,all_useful,deadline,-1.0,0.0,0.0,1.0,none,0.0,0,applicable,32.0,0.0,,0.0,66971.0,18308176.0,484888.0447990536,2303.0,2117.5,0.4366987437022768,95.0177095631641,10.0,100.0,100.0,100.0,100.0,100.0,100.0,100.0,100.0,93.75,0.0,0.0,2.0,0.0,32.0,0.0,72.1274305555562,82.10069444444454,82.90017361111131,85.93472222222226,32.0,0.0,85.93472222222226,291.5,15.216666666666667,0.6608935742971889,1.0,100.0,100.0,6.0,66.66666666666666,100.0,16.0,100.0,100.0,9.0,100.0,100.0,COMPLETED,120,5,1000.0,60.0,50.0,60,d419ab145450de2d,T120_P05_H1000_I0600_F1,0.9558738425925926,False,0.7873981898375475,209,0.0,0.0,0.7760980589114175,214,1.0,0.9375,0.8529753053898006,0.31601760768988907,0.7739973814773978
T120_P05_H1000_I0600_CN060_F1,California,unlimited_useful_deadline,unlimited,central_only,targeted_central,all_useful,deadline,-1.0,0.0,0.0,1.0,none,0.0,0,applicable,32.0,0.0,,0.0,77590.0,21057356.0,537672.3007988743,2582.0,2391.0,0.44469465814910836,96.29861982434127,10.0,97.76785714285714,97.76785714285714,97.76785714285714,97.76785714285714,96.875,96.875,96.875,96.875,90.625,0.0,0.0,3.0,0.0,31.0,1.0,67.93472222222796,78.10347222222238,79.8760416666668,81.41944444444476,31.0,1.0,81.41944444444476,288.0,17.525,0.6078340466000951,1.0,0.0,0.0,6.0,66.66666666666666,100.0,16.0,100.0,100.0,9.0,100.0,100.0,COMPLETED,120,5,1000.0,60.0,60.0,72,a8761c1558b6f362,T120_P05_H1000_I0600_F1,0.974626642771804,False,0.769358277188089,252,0.0,0.0,0.7613457758543763,255,0.967741935483871,0.90625,0.8671306748292673,0.25811436014912637,0.8074919088096167
T120_P05_H1000_I0600_CN070_F1,California,unlimited_useful_deadline,unlimited,central_only,targeted_central,all_useful,deadline,-1.0,0.0,0.0,1.0,none,0.0,0,applicable,32.0,0.0,,0.0,88471.0,24618100.0,606038.5855986259,2865.0,2690.5,0.44394863032399307,97.6955956141981,11.0,99.10714285714286,99.10714285714286,99.10714285714286,99.10714285714286,96.875,96.875,96.875,96.875,93.75,0.0,0.0,2.0,0.0,31.0,1.0,61.20069444444513,75.50277777777968,76.74305555555571,80.06875000000146,31.0,1.0,80.06875000000146,276.0,20.120833333333334,0.5554065714088494,1.0,100.0,0.0,6.0,66.66666666666666,100.0,16.0,100.0,100.0,9.0,100.0,100.0,COMPLETED,120,5,1000.0,60.0,70.0,84,76a91291d1c2dc69,T120_P05_H1000_I0600_F1,0.973626045400239,False,0.7641392924717413,263,0.0,0.0,0.7560374323870949,270,0.967741935483871,0.9375,0.8713650940171696,0.19787539864348921,0.805704733790945
T120_P05_H1000_I0600_CN080_F1,California,unlimited_useful_deadline,unlimited,central_only,targeted_central,all_useful,deadline,-1.0,0.0,0.0,1.0,none,0.0,0,applicable,32.0,0.0,,0.0,99218.0,28658084.0,683606.2783983853,3138.0,2965.0,0.433729193790711,98.66779089376054,11.0,99.10714285714286,99.10714285714286,99.10714285714286,99.10714285714286,96.875,96.875,96.875,96.875,93.75,0.0,0.0,2.0,0.0,31.0,1.0,62.93472222223779,74.63472222222323,75.71875000001364,80.06875000000146,31.0,1.0,80.06875000000146,282.0,22.358333333333334,0.5191421294570755,1.0,100.0,0.0,6.0,66.66666666666666,100.0,16.0,100.0,100.0,9.0,100.0,100.0,COMPLETED,120,5,1000.0,60.0,80.0,96,7720fbc38098cdfa,T120_P05_H1000_I0600_F1,0.9778823178016727,False,0.7536810002920183,293,0.0,0.0,0.7459592483270151,300,0.967741935483871,0.9375,0.8713650940171696,0.1398823159502313,0.8133068961838034
T120_P05_H1000_I0600_CN090_F1,California,unlimited_useful_deadline,unlimited,central_only,targeted_central,all_useful,deadline,-1.0,0.0,0.0,1.0,none,0.0,0,applicable,32.0,0.0,,0.0,107824.0,32392456.0,755306.2207981329,3416.0,3251.0,0.4304214516550207,99.2156259612427,10.0,99.55357142857143,99.55357142857143,99.55357142857143,99.55357142857143,96.875,96.875,96.875,96.875,93.75,0.0,0.0,2.0,0.0,31.0,1.0,60.85138888889972,69.55138888891427,69.93506944446429,70.3673611111124,31.0,1.0,70.3673611111124,282.0,24.741666666666667,0.4807342539575614,1.0,100.0,0.0,6.0,66.66666666666666,100.0,16.0,100.0,100.0,9.0,100.0,100.0,COMPLETED,120,5,1000.0,60.0,90.0,108,f1e725a62bfab202,T120_P05_H1000_I0600_F1,0.9765681003584229,False,0.747606422241217,305,0.0,0.0,0.7397673035585696,308,0.967741935483871,0.9375,0.9017788914747772,0.08085612900327899,0.8109595618309206
T120_P05_H1000_I0600_CN100_F1,California,unlimited_useful_deadline,unlimited,central_only,targeted_central,all_useful,deadline,-1.0,0.0,0.0,1.0,none,0.0,0,applicable,32.0,0.0,,0.0,117407.0,36430640.0,832839.3535978536,3713.0,3564.5,0.42799370426018096,100.0,11.0,99.55357142857143,99.55357142857143,99.55357142857143,99.55357142857143,96.875,96.875,96.875,96.875,93.75,0.0,0.0,2.0,0.0,31.0,1.0,58.93472222223948,69.36736111112599,69.55138888890724,70.06875000001043,31.0,1.0,70.06875000001043,280.5,27.366666666666667,0.41723000406008937,1.0,100.0,0.0,6.0,66.66666666666666,100.0,16.0,100.0,100.0,9.0,100.0,100.0,COMPLETED,120,5,1000.0,60.0,100.0,120,1f5cb5a76682d6c2,T120_P05_H1000_I0600_F1,0.9784796893667861,False,0.7360064660076531,322,0.0,0.0,0.7283380625506697,325,0.967741935483871,0.9375,0.9027150355625632,0.019359475362709433,0.8143738663442044
T120_P05_H1000_I0800_CN010_F1,California,unlimited_useful_deadline,unlimited,central_only,targeted_central,all_useful,deadline,-1.0,0.0,0.0,1.0,none,0.0,0,applicable,32.0,0.0,,0.0,27008.0,5963516.0,208751.0911996938,1015.0,827.0,0.39616559379269634,98.9117291414752,7.0,83.65384615384616,83.65384615384616,83.65384615384616,83.65384615384616,78.125,78.125,78.125,78.125,81.25,0.0,4.0,2.0,4.0,25.0,7.0,90.63472222222227,99.52111111111178,99.96250000000049,100.71736111111362,25.0,7.0,100.71736111111362,136.0,6.479166666666667,0.9265862808145766,1.0,0.0,0.0,6.0,50.0,0.0,16.0,87.5,100.0,9.0,100.0,100.0,COMPLETED,120,5,1000.0,80.0,10.0,12,4030387a0c172121,T120_P05_H1000_I0800_F1,0.8727962962962962,True,0.7242731780453546,337,0.0,0.0,0.7168440959953493,354,0.7741935483870968,0.8125,0.8066318188844185,0.565283205318241,0.6256119073869898
T120_P05_H1000_I0800_CN020_F1,California,unlimited_useful_deadline,unlimited,central_only,targeted_central,all_useful,deadline,-1.0,0.0,0.0,1.0,none,0.0,0,applicable,32.0,0.0,,0.0,53331.0,11175540.0,308821.9519993171,1354.0,1183.5,0.38323052889796416,100.0,7.0,94.2548076923077,94.2548076923077,94.2548076923077,94.2548076923077,90.625,90.625,90.625,90.625,90.625,0.0,1.0,2.0,1.0,29.0,3.0,59.93472222222396,79.00152777777788,82.5479166666666,84.63472222222214,29.0,3.0,84.63472222222214,87.5,9.475,0.8305775432424509,1.0,0.0,0.0,6.0,66.66666666666666,66.66666666666666,16.0,100.0,100.0,9.0,100.0,100.0,COMPLETED,120,5,1000.0,80.0,20.0,24,2e158ec2e5796d2f,T120_P05_H1000_I0800_F1,0.9280970625798212,False,0.787109096865348,210,0.0,0.0,0.7781670590995098,210,0.9032258064516129,0.90625,0.8570507977907058,0.4999236401203791,0.7243850511348513
T120_P05_H1000_I0800_CN030_F1,California,unlimited_useful_deadline,unlimited,central_only,targeted_central,all_useful,deadline,-1.0,0.0,0.0,1.0,none,0.0,0,applicable,32.0,0.0,,0.0,79891.0,16579332.0,412574.7583988763,1682.0,1532.0,0.3713266429447596,100.0,9.0,96.52815934065934,96.52815934065934,96.52815934065934,96.52815934065934,87.5,87.5,87.5,87.5,100.0,0.0,0.0,0.0,0.0,28.0,4.0,58.54305555556354,68.72118055555606,69.17152777777852,71.20069444445228,28.0,4.0,71.20069444445228,72.0,12.429166666666667,0.7666862219242374,1.0,100.0,0.0,6.0,100.0,50.0,16.0,100.0,100.0,9.0,100.0,100.0,COMPLETED,120,5,1000.0,80.0,30.0,36,4481ee9c45f4870f,T120_P05_H1000_I0800_F1,0.9613921957671958,False,0.802209829456124,171,0.0,0.0,0.7978541301842039,166,0.8709677419354839,1.0,0.8991663963459715,0.4352827561424785,0.7838537564970861
T120_P05_H1000_I0800_CN040_F1,California,unlimited_useful_deadline,unlimited,central_only,targeted_central,all_useful,deadline,-1.0,0.0,0.0,1.0,none,0.0,0,applicable,32.0,0.0,,0.0,104732.0,22121608.0,518986.45759841136,1979.0,1837.0,0.3539591396085059,100.0,13.0,97.08104395604396,97.08104395604396,97.08104395604396,97.08104395604396,93.75,93.75,93.75,93.75,93.75,0.0,0.0,2.0,0.0,30.0,2.0,49.9013888888943,60.12569444444475,60.39357638888928,69.1513888888888,30.0,2.0,69.1513888888888,82.0,14.954166666666667,0.7073581313272035,1.0,100.0,0.0,6.0,66.66666666666666,83.33333333333334,16.0,100.0,100.0,9.0,100.0,100.0,COMPLETED,120,5,1000.0,80.0,40.0,48,bb3d4cb3b59a678b,T120_P05_H1000_I0800_F1,0.9665432098765433,False,0.7963572030966342,188,0.0,0.0,0.7892357107610364,192,0.9354838709677419,0.9375,0.9055909572835338,0.374549701298118,0.7930540242557883
T120_P05_H1000_I0800_CN050_F1,California,unlimited_useful_deadline,unlimited,central_only,targeted_central,all_useful,deadline,-1.0,0.0,0.0,1.0,none,0.0,0,applicable,32.0,0.0,,0.0,130791.0,28675352.0,644818.3423978843,2289.0,2163.5,0.3355208525791307,100.0,12.0,97.76785714285714,97.76785714285714,97.76785714285714,97.76785714285714,96.875,96.875,96.875,96.875,100.0,0.0,0.0,0.0,0.0,31.0,1.0,47.168750000004366,52.63472222223548,53.118750000009946,53.338888888891475,31.0,1.0,53.338888888891475,82.0,17.641666666666666,0.6462368131002991,1.0,100.0,0.0,6.0,100.0,100.0,16.0,100.0,100.0,9.0,100.0,100.0,COMPLETED,120,5,1000.0,80.0,50.0,60,7f9b3134215ce6b5,T120_P05_H1000_I0800_F1,0.9656810035842294,False,0.814072237075076,146,0.0,0.0,0.8052608418337629,146,0.967741935483871,1.0,0.9551630523522234,0.31188519067511117,0.7915140306576091
T120_P05_H1000_I0800_CN060_F1,California,unlimited_useful_deadline,unlimited,central_only,targeted_central,all_useful,deadline,-1.0,0.0,0.0,1.0,none,0.0,0,applicable,32.0,0.0,,0.0,156467.0,34471224.0,756099.08479731,2608.0,2501.0,0.3307767527149503,100.0,13.0,98.21428571428572,98.21428571428572,98.21428571428572,98.21428571428572,96.875,96.875,96.875,96.875,100.0,0.0,0.0,0.0,0.0,31.0,1.0,45.41944444446514,51.47083333333333,58.41770833333691,59.06875000000716,31.0,1.0,59.06875000000716,98.0,20.3875,0.593904557531167,1.0,100.0,0.0,6.0,100.0,100.0,16.0,100.0,100.0,9.0,100.0,100.0,COMPLETED,120,5,1000.0,80.0,60.0,72,012c5ecce2f98908,T120_P05_H1000_I0800_F1,0.9764187574671445,False,0.8006258996920298,174,0.0,0.0,0.7927734438823771,181,0.967741935483871,1.0,0.9371999712625373,0.2482324933746575,0.8106928192908202
T120_P05_H1000_I0800_CN070_F1,California,unlimited_useful_deadline,unlimited,central_only,targeted_central,all_useful,deadline,-1.0,0.0,0.0,1.0,none,0.0,0,applicable,32.0,0.0,,0.0,183706.0,41267940.0,886596.0319966674,2908.0,2796.5,0.3154198641857346,100.0,12.0,98.66071428571428,98.66071428571428,98.66071428571428,98.66071428571428,96.875,96.875,96.875,96.875,100.0,0.0,0.0,0.0,0.0,31.0,1.0,42.93472222222226,50.168750000002426,50.41770833333345,52.200694444451074,31.0,1.0,52.200694444451074,106.0,22.770833333333332,0.547516010978957,1.0,100.0,0.0,6.0,100.0,100.0,16.0,100.0,100.0,9.0,100.0,100.0,COMPLETED,120,5,1000.0,80.0,70.0,84,ec3503c9b4f6e154,T120_P05_H1000_I0800_F1,0.9787037037037037,False,0.7935684124463767,192,0.0,0.0,0.7859200146799006,195,0.967741935483871,1.0,0.9587312852822765,0.18835287247900104,0.814773980154355
T120_P05_H1000_I0800_CN080_F1,California,unlimited_useful_deadline,unlimited,central_only,targeted_central,all_useful,deadline,-1.0,0.0,0.0,1.0,none,0.0,0,applicable,32.0,0.0,,0.0,209186.0,48204636.0,1019780.5951960026,3223.0,3135.5,0.3074680980174323,100.0,14.0,98.66071428571428,98.66071428571428,98.66071428571428,98.66071428571428,96.875,96.875,96.875,96.875,100.0,0.0,0.0,0.0,0.0,31.0,1.0,36.55138888888905,45.06874999999988,45.81979166667831,48.16875000000291,31.0,1.0,48.16875000000291,123.0,25.675,0.48472357459699245,1.0,100.0,0.0,6.0,100.0,100.0,16.0,100.0,100.0,9.0,100.0,100.0,COMPLETED,120,5,1000.0,80.0,80.0,96,47bbc1b0343a90e9,T120_P05_H1000_I0800_F1,0.9791069295101553,False,0.7834469776222345,216,0.0,0.0,0.7758345900986724,215,0.967741935483871,1.0,0.9713714075470603,0.12456542244980458,0.8154941850126257
T120_P05_H1000_I0800_CN090_F1,California,unlimited_useful_deadline,unlimited,central_only,targeted_central,all_useful,deadline,-1.0,0.0,0.0,1.0,none,0.0,0,applicable,32.0,0.0,,0.0,234659.0,55322620.0,1156445.8879952687,3520.0,3436.0,0.2971172309632578,100.0,13.0,98.21428571428572,98.21428571428572,98.21428571428572,98.21428571428572,96.875,96.875,96.875,96.875,100.0,0.0,0.0,0.0,0.0,31.0,1.0,31.868055555591358,42.58541666666909,44.31979166667104,48.16875,31.0,1.0,48.16875,115.0,28.045833333333334,0.3938382112613281,1.0,100.0,0.0,6.0,100.0,100.0,16.0,100.0,100.0,9.0,100.0,100.0,COMPLETED,120,5,1000.0,80.0,90.0,108,6a68a3698a62f078,T120_P05_H1000_I0800_F1,0.9785543608124253,False,0.7712331761808543,245,0.0,0.0,0.7635714412873735,245,0.967741935483871,1.0,0.9713714075470694,0.06423662579167226,0.8145072376142546
T120_P05_H1000_I0800_CN100_F1,California,unlimited_useful_deadline,unlimited,central_only,targeted_central,all_useful,deadline,-1.0,0.0,0.0,1.0,none,0.0,0,applicable,32.0,0.0,,0.0,261323.0,62873960.0,1301431.6159944735,3830.0,3760.0,0.28891260622455683,100.0,14.0,98.66071428571428,98.66071428571428,98.66071428571428,98.66071428571428,96.875,96.875,96.875,96.875,100.0,0.0,0.0,0.0,0.0,31.0,1.0,26.801388888889537,42.168750000002426,44.02812500000509,45.16875000000776,31.0,1.0,45.16875000000776,130.5,30.779166666666665,0.3447418889039304,1.0,100.0,0.0,6.0,100.0,100.0,16.0,100.0,100.0,9.0,100.0,100.0,COMPLETED,120,5,1000.0,80.0,100.0,120,99d2b80f56785f44,T120_P05_H1000_I0800_F1,0.9788381123058542,False,0.7607022097491495,271,0.0,0.0,0.7530658153969781,279,0.967741935483871,1.0,0.9807763900106716,0.0017967030499034253,0.815014048440445
T120_P05_H1000_I0986_CN010_F1,California,unlimited_useful_deadline,unlimited,central_only,targeted_central,all_useful,deadline,-1.0,0.0,0.0,1.0,none,0.0,0,applicable,32.0,0.0,,0.0,27152.0,5993980.0,207182.84159971902,936.0,793.0,0.38275370386708485,95.33417402269862,6.0,98.5925925925926,98.5925925925926,98.5925925925926,98.5925925925926,87.5,87.5,87.5,87.5,93.75,2.0,0.0,0.0,2.0,28.0,4.0,85.0270833333343,101.41638888888939,104.25184027778768,105.73472222222239,28.0,4.0,105.73472222222239,98.5,6.020833333333333,0.9150461361014994,1.0,0.0,0.0,6.0,83.33333333333334,50.0,16.0,100.0,100.0,9.0,100.0,100.0,COMPLETED,120,5,1000.0,98.6,10.0,12,b5a489fa08c127eb,T120_P05_H1000_I0986_F1,0.8705191798941799,True,0.7703216495285253,250,0.0,0.0,0.7578504990044397,265,0.8709677419354839,0.9375,0.7909024211298653,0.5683376005030768,0.6215447314537722
T120_P05_H1000_I0986_CN020_F1,California,unlimited_useful_deadline,unlimited,central_only,targeted_central,all_useful,deadline,-1.0,0.0,0.0,1.0,none,0.0,0,applicable,32.0,0.0,,0.0,53008.0,11165796.0,306481.7087993644,1265.0,1127.0,0.3677217816407376,99.7338065661047,7.0,99.33333333333333,99.33333333333333,99.33333333333333,99.33333333333333,90.625,90.625,90.625,90.625,93.75,2.0,0.0,0.0,2.0,29.0,3.0,63.63472222222263,74.58916666666654,77.38888888888893,88.73472222222287,29.0,3.0,88.73472222222287,78.0,9.0,0.8404012345679013,1.0,0.0,0.0,6.0,83.33333333333334,66.66666666666666,16.0,100.0,100.0,9.0,100.0,100.0,COMPLETED,120,5,1000.0,98.6,20.0,24,1bb26dd0f6e00b46,T120_P05_H1000_I0986_F1,0.954661558109834,False,0.7989205977724392,179,0.0,0.0,0.7923509129701414,183,0.9032258064516129,0.9375,0.8441973217570806,0.5049993262363562,0.771832110405657
T120_P05_H1000_I0986_CN030_F1,California,unlimited_useful_deadline,unlimited,central_only,targeted_central,all_useful,deadline,-1.0,0.0,0.0,1.0,none,0.0,0,applicable,32.0,0.0,,0.0,79859.0,16757304.0,413838.6623989485,1578.0,1447.5,0.34977398960481415,100.0,8.0,100.0,100.0,100.0,100.0,93.75,93.75,93.75,93.75,93.75,2.0,0.0,0.0,2.0,30.0,2.0,51.21805555555554,69.33472222222413,74.73472222223226,80.1513888888888,30.0,2.0,80.1513888888888,90.0,11.604166666666666,0.7954548174745661,1.0,0.0,0.0,6.0,83.33333333333334,83.33333333333334,16.0,100.0,100.0,9.0,100.0,100.0,COMPLETED,120,5,1000.0,98.6,30.0,36,4f8b15efb8fdb95d,T120_P05_H1000_I0986_F1,0.9672376543209876,False,0.8033110939244017,166,0.0,0.0,0.7962516192293774,171,0.9354838709677419,0.9375,0.87110602158357,0.4428738265283205,0.7942943770672545
T120_P05_H1000_I0986_CN040_F1,California,unlimited_useful_deadline,unlimited,central_only,targeted_central,all_useful,deadline,-1.0,0.0,0.0,1.0,none,0.0,0,applicable,32.0,0.0,,0.0,108302.0,22926292.0,532283.2319984677,1910.0,1786.5,0.33562958451509944,100.0,11.0,100.0,100.0,100.0,100.0,93.75,93.75,93.75,93.75,93.75,2.0,0.0,0.0,2.0,30.0,2.0,48.85972222222293,56.119097222224234,63.034722222257756,66.73472222222335,30.0,2.0,66.73472222222335,79.0,14.545833333333333,0.7102716509118687,1.0,0.0,0.0,6.0,83.33333333333334,83.33333333333334,16.0,100.0,100.0,9.0,100.0,100.0,COMPLETED,120,5,1000.0,98.6,40.0,48,d593494fab8d2fb5,T120_P05_H1000_I0986_F1,0.9751388888888889,False,0.8010827070314859,172,0.0,0.0,0.7947288552692068,176,0.9354838709677419,0.9375,0.9131671931570069,0.3790863764991241,0.8084068357221609
T120_P05_H1000_I0986_CN050_F1,California,unlimited_useful_deadline,unlimited,central_only,targeted_central,all_useful,deadline,-1.0,0.0,0.0,1.0,none,0.0,0,applicable,32.0,0.0,,0.0,135364.0,29561032.0,659670.2399979441,2219.0,2101.0,0.31849246375075946,100.0,10.0,100.0,100.0,100.0,100.0,93.75,93.75,93.75,93.75,93.75,2.0,0.0,0.0,2.0,30.0,2.0,43.851736111120104,50.86972222223671,65.41215277778258,71.73472222222335,30.0,2.0,71.73472222222335,89.5,16.995833333333334,0.690972051973523,1.0,0.0,0.0,6.0,83.33333333333334,83.33333333333334,16.0,100.0,100.0,9.0,100.0,100.0,COMPLETED,120,5,1000.0,98.6,50.0,60,59a3313fe2d17ae6,T120_P05_H1000_I0986_F1,0.9786882716049382,False,0.7865813522737882,211,0.0,0.0,0.7805444795633284,207,0.9354838709677419,0.9375,0.897492222384296,0.31749988770605936,0.8147464167585444
T120_P05_H1000_I0986_CN060_F1,California,unlimited_useful_deadline,unlimited,central_only,targeted_central,all_useful,deadline,-1.0,0.0,0.0,1.0,none,0.0,0,applicable,32.0,0.0,,0.0,164003.0,36051288.0,784283.1551973259,2538.0,2424.5,0.30913579922419665,100.0,15.0,100.0,100.0,100.0,100.0,93.75,93.75,93.75,93.75,93.75,2.0,0.0,0.0,2.0,30.0,2.0,40.735416666709355,51.34152777778178,65.22534722225195,68.73472222222432,30.0,2.0,68.73472222222432,91.5,19.7375,0.6281384139047217,1.0,0.0,0.0,6.0,83.33333333333334,83.33333333333334,16.0,100.0,100.0,9.0,100.0,100.0,COMPLETED,120,5,1000.0,98.6,60.0,72,4fc43b0c68a9a9b2,T120_P05_H1000_I0986_F1,0.9804475308641974,True,0.7764546818017659,232,0.0,0.0,0.7705749204474251,230,0.9354838709677419,0.9375,0.9068972048479196,0.25510488254053815,0.8178886438809259
T120_P05_H1000_I0986_CN070_F1,California,unlimited_useful_deadline,unlimited,central_only,targeted_central,all_useful,deadline,-1.0,0.0,0.0,1.0,none,0.0,0,applicable,32.0,0.0,,0.0,192069.0,43081372.0,919260.7679966628,2856.0,2744.5,0.2985551103177247,100.0,11.0,100.0,100.0,100.0,100.0,93.75,93.75,93.75,93.75,93.75,2.0,0.0,0.0,2.0,30.0,2.0,36.52604166666684,55.50972222222724,59.284722222244206,61.73472222223209,30.0,2.0,61.73472222223209,126.5,22.3375,0.598484424547659,1.0,0.0,0.0,6.0,83.33333333333334,83.33333333333334,16.0,100.0,100.0,9.0,100.0,100.0,COMPLETED,120,5,1000.0,98.6,70.0,84,fab17237aab756a4,T120_P05_H1000_I0986_F1,0.9817901234567902,True,0.7687872595070878,255,0.0,0.0,0.763027398924522,248,0.9354838709677419,0.9375,0.9288421639296903,0.19302430040874996,0.8202866593164277
T120_P05_H1000_I0986_CN080_F1,California,unlimited_useful_deadline,unlimited,central_only,targeted_central,all_useful,deadline,-1.0,0.0,0.0,1.0,none,0.0,0,applicable,32.0,0.0,,0.0,221752.0,50693012.0,1065404.2559959306,3176.0,3072.0,0.2883412547595205,100.0,17.0,100.0,100.0,100.0,100.0,93.75,93.75,93.75,93.75,93.75,2.0,0.0,0.0,2.0,30.0,2.0,34.33437499999976,39.12548611111741,46.88534722224036,54.73472222222238,30.0,2.0,54.73472222222238,101.5,25.1375,0.5560155257196531,1.0,0.0,0.0,6.0,83.33333333333334,83.33333333333334,16.0,100.0,100.0,9.0,100.0,100.0,COMPLETED,120,5,1000.0,98.6,80.0,96,c70732c9cef6e957,T120_P05_H1000_I0986_F1,0.978533950617284,False,0.7597530006909545,273,0.0,0.0,0.7537023462825894,276,0.9354838709677419,0.9375,0.950787123011516,0.13026995463324798,0.8144707828004409
T120_P05_H1000_I0986_CN090_F1,California,unlimited_useful_deadline,unlimited,central_only,targeted_central,all_useful,deadline,-1.0,0.0,0.0,1.0,none,0.0,0,applicable,32.0,0.0,,0.0,252220.0,58700468.0,1219147.411195139,3495.0,3392.0,0.27822722411187323,100.0,17.0,100.0,100.0,100.0,100.0,93.75,93.75,93.75,93.75,93.75,2.0,0.0,0.0,2.0,30.0,2.0,34.35972222222233,42.05472222222224,45.167013888890374,53.73472222222287,30.0,2.0,53.73472222222287,122.5,27.758333333333333,0.4645251676173321,1.0,0.0,0.0,6.0,83.33333333333334,83.33333333333334,16.0,100.0,100.0,9.0,100.0,100.0,COMPLETED,120,5,1000.0,98.6,90.0,108,c7a98e59aacb746b,T120_P05_H1000_I0986_F1,0.9733487654320987,False,0.7465746879466626,307,0.0,0.0,0.7400609684886834,306,0.9354838709677419,0.9375,0.9539221171660566,0.0681893725014598,0.8052094818081585
T120_P05_H1000_I0986_CN100_F1,California,unlimited_useful_deadline,unlimited,central_only,targeted_central,all_useful,deadline,-1.0,0.0,0.0,1.0,none,0.0,0,applicable,32.0,0.0,,0.0,282728.0,66967080.0,1377866.3615942816,3810.0,3720.0,0.26998264154556445,100.0,15.0,100.0,100.0,100.0,100.0,93.75,93.75,93.75,93.75,93.75,2.0,0.0,0.0,2.0,30.0,2.0,22.935069444451134,34.79513888892754,39.87222222222367,46.338888888891475,30.0,2.0,46.338888888891475,116.5,30.541666666666668,0.3667507958162801,1.0,0.0,0.0,6.0,83.33333333333334,83.33333333333334,16.0,100.0,100.0,9.0,100.0,100.0,COMPLETED,120,5,1000.0,98.6,100.0,120,8d6130604a5f1fcc,T120_P05_H1000_I0986_F1,0.9818672839506174,True,0.7409342633030033,316,0.0,0.0,0.7351812935693901,317,0.9354838709677419,0.9375,0.9771080114340187,0.005390109149710276,0.8204244762954797
T120_P10_H0500_I0600_CN020_F1,California,unlimited_useful_deadline,unlimited,central_only,targeted_central,all_useful,deadline,-1.0,0.0,0.0,1.0,none,0.0,0,applicable,32.0,0.0,,0.0,36852.0,6470500.0,191452.41279963462,1452.0,1229.0,0.641934975918123,88.97477624084621,8.0,93.64583333333333,93.64583333333333,93.64583333333333,93.64583333333333,84.375,84.375,84.375,84.375,90.625,0.0,0.0,3.0,0.0,27.0,5.0,88.73472222222335,126.56763888889283,129.14256944445384,130.55138888890895,27.0,5.0,130.55138888890895,288.0,7.841666666666667,0.7916489550123982,1.0,0.0,0.0,6.0,66.66666666666666,33.33333333333333,16.0,100.0,100.0,9.0,100.0,100.0,COMPLETED,120,10,500.0,60.0,20.0,24,6b296626244c5779,T120_P10_H0500_I0600_F1,0.8728395061728396,False,0.7265684734644138,333,0.0,0.0,0.7159174438382089,356,0.8387096774193549,0.90625,0.7131023161945814,0.49583614068184884,0.6256890848952591
T120_P10_H0500_I0600_CN030_F1,California,unlimited_useful_deadline,unlimited,central_only,targeted_central,all_useful,deadline,-1.0,0.0,0.0,1.0,none,0.0,0,applicable,32.0,0.0,,0.0,52737.0,9451768.0,248692.75839945627,1727.0,1509.0,0.6067727945564897,93.00861497680583,9.0,93.33333333333333,93.33333333333333,93.33333333333333,93.33333333333333,81.25,81.25,81.25,81.25,90.625,0.0,0.0,3.0,0.0,26.0,6.0,72.02604166667365,82.00104166666674,82.22673611111146,92.86805555556114,26.0,6.0,92.86805555556114,326.5,9.854166666666666,0.7076356589147288,1.0,0.0,0.0,6.0,66.66666666666666,16.666666666666664,16.0,100.0,100.0,9.0,100.0,100.0,COMPLETED,120,10,500.0,60.0,30.0,36,a81a9c91db468d39,T120_P10_H0500_I0600_F1,0.9739316239316239,False,0.7575181448492336,282,0.0,0.0,0.7575080907073376,267,0.8064516129032258,0.90625,0.8312393459182909,0.43734896464986744,0.8062505300653039
T120_P10_H0500_I0600_CN040_F1,California,unlimited_useful_deadline,unlimited,central_only,targeted_central,all_useful,deadline,-1.0,0.0,0.0,1.0,none,0.0,0,applicable,32.0,0.0,,0.0,63047.0,12761336.0,312236.46399934107,2008.0,1799.5,0.5763260244978298,94.30397332592386,12.0,94.63541666666666,94.63541666666666,94.63541666666666,94.63541666666666,84.375,84.375,84.375,84.375,96.875,0.0,0.0,1.0,0.0,27.0,5.0,63.851388888905056,77.50069444444652,84.56784722222378,88.71736111111191,27.0,5.0,88.71736111111191,304.5,12.458333333333334,0.6953010033444815,1.0,0.0,0.0,6.0,100.0,33.33333333333333,16.0,100.0,100.0,9.0,100.0,100.0,COMPLETED,120,10,500.0,60.0,40.0,48,d58bec4d96a2c6a8,T120_P10_H0500_I0600_F1,0.9727880658436213,False,0.7684926747700194,256,0.0,0.0,0.7667675914870707,238,0.8387096774193549,0.96875,0.8442517487389298,0.3779185195166869,0.8042080117603819
T120_P10_H0500_I0600_CN050_F1,California,unlimited_useful_deadline,unlimited,central_only,targeted_central,all_useful,deadline,-1.0,0.0,0.0,1.0,none,0.0,0,applicable,32.0,0.0,,0.0,78170.0,16413244.0,382353.0975991419,2350.0,2175.5,0.5689766903054593,97.08113077453459,10.0,97.86458333333334,97.86458333333334,97.86458333333334,97.86458333333334,93.75,93.75,93.75,93.75,96.875,0.0,0.0,1.0,0.0,30.0,2.0,58.21944444445544,68.00131944444445,70.5944097222223,72.6027777777781,30.0,2.0,72.6027777777781,253.5,16.016666666666666,0.6537504335761359,1.0,0.0,0.0,6.0,100.0,83.33333333333334,16.0,100.0,100.0,9.0,100.0,100.0,COMPLETED,120,10,500.0,60.0,50.0,60,ec5c1d2c25b3b36d,T120_P10_H0500_I0600_F1,0.9560648148148148,False,0.7848873479444147,213,0.0,0.0,0.7768300783210552,212,0.9354838709677419,0.96875,0.894770873291814,0.3108071688451691,0.774338478500551
T120_P10_H0500_I0600_CN060_F1,California,unlimited_useful_deadline,unlimited,central_only,targeted_central,all_useful,deadline,-1.0,0.0,0.0,1.0,none,0.0,0,applicable,32.0,0.0,,0.0,90678.0,19997336.0,451167.6639989896,2664.0,2513.0,0.5569991381309694,98.26900119379228,13.0,98.75,98.75,98.75,98.75,96.875,96.875,96.875,96.875,100.0,0.0,0.0,0.0,0.0,31.0,1.0,57.801388888900206,62.36736111111677,62.70972222222764,71.71736111111653,31.0,1.0,71.71736111111653,243.5,18.9125,0.585501578908717,1.0,100.0,0.0,6.0,100.0,100.0,16.0,100.0,100.0,9.0,100.0,100.0,COMPLETED,120,10,500.0,60.0,60.0,72,b232eca8ff5a0f00,T120_P10_H0500_I0600_F1,0.9447580645161291,False,0.783997218171571,215,0.0,0.0,0.7733172914368553,220,0.967741935483871,1.0,0.8975466493661323,0.24715447154471545,0.7541434007895579
T120_P10_H0500_I0600_CN070_F1,California,unlimited_useful_deadline,unlimited,central_only,targeted_central,all_useful,deadline,-1.0,0.0,0.0,1.0,none,0.0,0,applicable,32.0,0.0,,0.0,105424.0,23840292.0,524952.4191987794,2951.0,2816.5,0.5365248157725889,99.20113616190307,13.0,99.375,99.375,99.375,99.375,96.875,96.875,96.875,96.875,100.0,0.0,0.0,0.0,0.0,31.0,1.0,50.71736111112041,59.117361111111435,59.81006944444483,62.86805555555556,31.0,1.0,62.86805555555556,260.0,21.304166666666667,0.5715708325184172,1.0,100.0,0.0,6.0,100.0,100.0,16.0,100.0,100.0,9.0,100.0,100.0,COMPLETED,120,10,500.0,60.0,70.0,84,75dbcd375f3d10b8,T120_P10_H0500_I0600_F1,0.9573178016726404,False,0.7807910191295009,223,0.0,0.0,0.7712327447759069,228,0.967741935483871,1.0,0.9252891705545735,0.1865561694290976,0.7765764484119926
T120_P10_H0500_I0600_CN080_F1,California,unlimited_useful_deadline,unlimited,central_only,targeted_central,all_useful,deadline,-1.0,0.0,0.0,1.0,none,0.0,0,applicable,32.0,0.0,,0.0,116218.0,27836032.0,601670.6271986192,3223.0,3111.0,0.5170603083093532,99.63034394085503,13.0,99.73958333333334,99.73958333333334,99.73958333333334,99.73958333333334,96.875,96.875,96.875,96.875,100.0,0.0,0.0,0.0,0.0,31.0,1.0,41.47083333333333,51.367361111111435,60.16006944445932,65.73472222223451,31.0,1.0,65.73472222223451,206.0,24.208333333333332,0.5046528973034998,1.0,100.0,100.0,6.0,100.0,83.33333333333334,16.0,100.0,100.0,9.0,100.0,100.0,COMPLETED,120,10,500.0,60.0,80.0,96,1a7776cdde71170c,T120_P10_H0500_I0600_F1,0.9650537634408601,False,0.769108254868836,254,0.0,0.0,0.7602408436941019,260,0.967741935483871,1.0,0.9163021873115141,0.1267663836859363,0.7903937119891877
T120_P10_H0500_I0600_CN090_F1,California,unlimited_useful_deadline,unlimited,central_only,targeted_central,all_useful,deadline,-1.0,0.0,0.0,1.0,none,0.0,0,applicable,32.0,0.0,,0.0,125249.0,32049452.0,682568.291198469,3545.0,3450.0,0.5054439305908001,99.78260869565217,14.0,99.375,99.375,99.375,99.375,96.875,96.875,96.875,96.875,100.0,0.0,0.0,0.0,0.0,31.0,1.0,41.06875000000182,46.16875000001164,48.59409722223087,53.64097222223111,31.0,1.0,53.64097222223111,249.0,26.675,0.43377069665729473,1.0,100.0,0.0,6.0,100.0,100.0,16.0,100.0,100.0,9.0,100.0,100.0,COMPLETED,120,10,500.0,60.0,90.0,108,1303464efa0c1894,T120_P10_H0500_I0600_F1,0.9796296296296295,False,0.7678386427613662,258,0.0,0.0,0.7602729351823212,259,0.967741935483871,1.0,0.9542160228680191,0.06297893365673986,0.8164277839029765
T120_P10_H0500_I0600_CN100_F1,California,unlimited_useful_deadline,unlimited,central_only,targeted_central,all_useful,deadline,-1.0,0.0,0.0,1.0,none,0.0,0,applicable,32.0,0.0,,0.0,134000.0,36448356.0,767027.2479983139,3823.0,3746.0,0.48837899954347314,100.0,12.0,100.0,100.0,100.0,100.0,100.0,100.0,100.0,100.0,100.0,0.0,0.0,0.0,0.0,32.0,0.0,36.71805555556166,44.35069444444652,47.53593750002401,53.64097222223111,32.0,0.0,53.64097222223111,242.5,29.195833333333333,0.3841051805337521,1.0,100.0,100.0,6.0,100.0,100.0,16.0,100.0,100.0,9.0,100.0,100.0,COMPLETED,120,10,500.0,60.0,100.0,120,2418bfb41bfb5016,T120_P10_H0500_I0600_F1,0.963425925925926,False,0.7595770163558854,274,0.0,0.0,0.74895132727099,290,1.0,1.0,0.9542160228680191,0.0030543951848358195,0.7874862183020949
T120_P10_H0500_I0800_CN010_F1,California,unlimited_useful_deadline,unlimited,central_only,targeted_central,all_useful,deadline,-1.0,0.0,0.0,1.0,none,0.0,0,applicable,32.0,0.0,,0.0,34154.0,6863828.0,170303.5039996926,991.0,793.0,0.4656392742227027,98.36065573770492,7.0,78.515625,78.515625,78.515625,78.515625,78.125,78.125,78.125,78.125,81.25,0.0,6.0,0.0,6.0,25.0,7.0,88.20069444444452,106.42916666666696,108.42916666666696,118.15138888889147,25.0,7.0,118.15138888889147,121.0,6.208333333333333,0.9123266219239374,1.0,0.0,0.0,6.0,16.666666666666664,0.0,16.0,100.0,100.0,9.0,100.0,100.0,COMPLETED,120,10,500.0,80.0,10.0,12,4fd659638a8d482a,T120_P10_H0500_I0800_F1,0.9034814814814814,True,0.722174000482029,340,0.0,0.0,0.71748527124349,349,0.7741935483870968,0.8125,0.7519762437109591,0.5683376005030768,0.6804189636163174
T120_P10_H0500_I0800_CN020_F1,California,unlimited_useful_deadline,unlimited,central_only,targeted_central,all_useful,deadline,-1.0,0.0,0.0,1.0,none,0.0,0,applicable,32.0,0.0,,0.0,66627.0,13338088.0,294609.29599936993,1342.0,1179.5,0.4003607544014913,100.0,8.0,93.75,93.75,93.75,93.75,84.375,84.375,84.375,84.375,96.875,0.0,1.0,0.0,1.0,27.0,5.0,64.50277777777798,71.78472222222224,73.00256944444438,73.6027777777781,27.0,5.0,73.6027777777781,123.5,9.558333333333334,0.8587983144434759,1.0,0.0,0.0,6.0,100.0,33.33333333333333,16.0,100.0,100.0,9.0,100.0,100.0,COMPLETED,120,10,500.0,80.0,20.0,24,e2683aa3b9841e03,T120_P10_H0500_I0800_F1,0.9585562414266118,False,0.7986294566719887,180,0.0,0.0,0.7956333945822289,174,0.8387096774193549,0.96875,0.8916358791372718,0.5002829807303598,0.7787884356241577
T120_P10_H0500_I0800_CN030_F1,California,unlimited_useful_deadline,unlimited,central_only,targeted_central,all_useful,deadline,-1.0,0.0,0.0,1.0,none,0.0,0,applicable,32.0,0.0,,0.0,98289.0,19939340.0,421353.3343990432,1674.0,1536.5,0.36465832225854794,100.0,10.0,96.875,96.875,96.875,96.875,96.875,96.875,96.875,96.875,96.875,0.0,1.0,0.0,1.0,31.0,1.0,53.16875000000534,59.55138888889099,64.37708333333346,72.73472222222239,31.0,1.0,72.73472222222239,188.0,12.441666666666666,0.8080709979906229,1.0,0.0,0.0,6.0,100.0,100.0,16.0,100.0,100.0,9.0,100.0,100.0,COMPLETED,120,10,500.0,80.0,30.0,36,9777e950f5254770,T120_P10_H0500_I0800_F1,0.931899641577061,False,0.8112091593212075,150,0.0,0.0,0.7993809059513601,159,0.967741935483871,0.96875,0.8943572282297569,0.4348784979562503,0.7311768680869224
T120_P10_H0500_I0800_CN040_F1,California,unlimited_useful_deadline,unlimited,central_only,targeted_central,all_useful,deadline,-1.0,0.0,0.0,1.0,none,0.0,0,applicable,32.0,0.0,,0.0,127660.0,27024868.0,557395.4719987658,1984.0,1848.0,0.331541982817559,100.0,11.0,98.4375,98.4375,98.4375,98.4375,96.875,96.875,96.875,96.875,100.0,0.0,0.0,0.0,0.0,31.0,1.0,46.36736111111095,57.47083333333333,62.23472222222263,64.60277777777907,31.0,1.0,64.60277777777907,181.0,15.020833333333334,0.7337702265372168,1.0,100.0,0.0,6.0,100.0,100.0,16.0,100.0,100.0,9.0,100.0,100.0,COMPLETED,120,10,500.0,80.0,40.0,48,7c003ee33a52a727,T120_P10_H0500_I0800_F1,0.9392473118279571,False,0.8122630422597104,148,0.0,0.0,0.8010909755385095,155,0.967741935483871,1.0,0.9198508265281484,0.373561514620671,0.7443006010598571
T120_P10_H0500_I0800_CN050_F1,California,unlimited_useful_deadline,unlimited,central_only,targeted_central,all_useful,deadline,-1.0,0.0,0.0,1.0,none,0.0,0,applicable,32.0,0.0,,0.0,154605.0,33897228.0,689344.7839984531,2295.0,2187.5,0.31733031869940265,100.0,12.0,100.0,100.0,100.0,100.0,100.0,100.0,100.0,100.0,100.0,0.0,0.0,0.0,0.0,32.0,0.0,43.23645833333333,52.34062500000368,55.56215277778375,58.73472222222481,32.0,0.0,58.73472222222481,155.5,17.75,0.6458059467918622,1.0,100.0,100.0,6.0,100.0,100.0,16.0,100.0,100.0,9.0,100.0,100.0,COMPLETED,120,10,500.0,80.0,50.0,60,46bb4f227c99c293,T120_P10_H0500_I0800_F1,0.9518229166666666,False,0.81460955719329,143,0.0,0.0,0.8029476566971487,149,1.0,1.0,0.9382471463933397,0.3097291470152271,0.7667619900771773
T120_P10_H0500_I0800_CN060_F1,California,unlimited_useful_deadline,unlimited,central_only,targeted_central,all_useful,deadline,-1.0,0.0,0.0,1.0,none,0.0,0,applicable,32.0,0.0,,0.0,180825.0,40906800.0,823928.5663981744,2608.0,2497.0,0.303060253259054,100.0,12.0,99.21875,99.21875,99.21875,99.21875,96.875,96.875,96.875,96.875,100.0,0.0,0.0,0.0,0.0,31.0,1.0,43.8875,48.168750000000486,49.75381944444598,51.338888888891475,31.0,1.0,51.338888888891475,143.0,20.375,0.6219972733469665,1.0,100.0,0.0,6.0,100.0,100.0,16.0,100.0,100.0,9.0,100.0,100.0,COMPLETED,120,10,500.0,80.0,60.0,72,6a6a31b292f60c23,T120_P10_H0500_I0800_F1,0.9809289127837516,True,0.8067527254004344,157,0.0,0.0,0.7993030508263332,161,0.967741935483871,1.0,0.9614330406613079,0.24859183398463822,0.8187484440018494
T120_P10_H0500_I0800_CN070_F1,California,unlimited_useful_deadline,unlimited,central_only,targeted_central,all_useful,deadline,-1.0,0.0,0.0,1.0,none,0.0,0,applicable,32.0,0.0,,0.0,203791.0,48015624.0,960417.9871978906,2908.0,2817.5,0.29336185260548064,100.0,13.0,100.0,100.0,100.0,100.0,100.0,100.0,100.0,100.0,100.0,0.0,0.0,0.0,0.0,32.0,0.0,38.00104166666812,45.45763888892519,48.085937500013245,53.33888888891234,32.0,0.0,53.33888888891234,172.0,23.029166666666665,0.6089816657620168,1.0,100.0,100.0,6.0,100.0,100.0,16.0,100.0,100.0,9.0,100.0,100.0,COMPLETED,120,10,500.0,80.0,70.0,84,240c7901d27b12b8,T120_P10_H0500_I0800_F1,0.9700954861111111,False,0.798235693340085,183,0.0,0.0,0.7882056320115294,193,1.0,1.0,0.955163052352158,0.18646633427660245,0.7993987734288862
T120_P10_H0500_I0800_CN080_F1,California,unlimited_useful_deadline,unlimited,central_only,targeted_central,all_useful,deadline,-1.0,0.0,0.0,1.0,none,0.0,0,applicable,32.0,0.0,,0.0,226907.0,55507944.0,1104270.5311976266,3230.0,3152.0,0.28543730100100806,100.0,13.0,100.0,100.0,100.0,100.0,100.0,100.0,100.0,100.0,100.0,0.0,0.0,0.0,0.0,32.0,0.0,33.28576388888917,41.06875000001397,45.87065972223332,49.036805555555716,32.0,0.0,49.036805555555716,209.0,25.75,0.5101429341963324,1.0,100.0,100.0,6.0,100.0,100.0,16.0,100.0,100.0,9.0,100.0,100.0,COMPLETED,120,10,500.0,80.0,80.0,96,166edc089239788f,T120_P10_H0500_I0800_F1,0.9737268518518518,False,0.7892293579284706,202,0.0,0.0,0.7795235971787462,209,1.0,1.0,0.9686500584545844,0.12308314243363427,0.8058847850055125
T120_P10_H0500_I0800_CN090_F1,California,unlimited_useful_deadline,unlimited,central_only,targeted_central,all_useful,deadline,-1.0,0.0,0.0,1.0,none,0.0,0,applicable,32.0,0.0,,0.0,248642.0,63174036.0,1251459.4975973496,3526.0,3457.0,0.27623746566604995,100.0,14.0,100.0,100.0,100.0,100.0,100.0,100.0,100.0,100.0,100.0,0.0,0.0,0.0,0.0,32.0,0.0,32.41909722222505,39.43597222222296,41.59888888890132,45.036805555555716,32.0,0.0,45.036805555555716,216.5,28.125,0.428125925925926,1.0,100.0,100.0,6.0,100.0,100.0,16.0,100.0,100.0,9.0,100.0,100.0,COMPLETED,120,10,500.0,80.0,90.0,108,46b935fc257abe63,T120_P10_H0500_I0800_F1,0.9776041666666666,False,0.7806295377628353,224,0.0,0.0,0.7712700421729786,227,1.0,1.0,0.981190035072753,0.06235008758927366,0.8128100882028664
T120_P10_H0500_I0800_CN100_F1,California,unlimited_useful_deadline,unlimited,central_only,targeted_central,all_useful,deadline,-1.0,0.0,0.0,1.0,none,0.0,0,applicable,32.0,0.0,,0.0,268751.0,70899300.0,1399784.5663970853,3840.0,3780.0,0.27004155430355736,100.0,14.0,100.0,100.0,100.0,100.0,100.0,100.0,100.0,100.0,100.0,0.0,0.0,0.0,0.0,32.0,0.0,30.19340277777798,37.37083333333673,43.1480902777887,45.90486111111144,32.0,0.0,45.90486111111144,225.5,30.820833333333333,0.3839202829976116,1.0,100.0,100.0,6.0,100.0,100.0,16.0,100.0,100.0,9.0,100.0,100.0,COMPLETED,120,10,500.0,80.0,100.0,120,f46b90542c205253,T120_P10_H0500_I0800_F1,0.9698350694444443,False,0.7655337833647415,259,0.0,0.0,0.7554804654209708,272,1.0,1.0,0.978468685980268,0.0,0.7989336411245862
T120_P10_H0500_I0986_CN010_F1,California,unlimited_useful_deadline,unlimited,central_only,targeted_central,all_useful,deadline,-1.0,0.0,0.0,1.0,none,0.0,0,applicable,32.0,0.0,,0.0,33443.0,8045712.0,192588.44479971507,989.0,782.5,0.4063068273975478,100.0,8.0,80.46875,80.46875,80.46875,80.46875,78.125,78.125,78.125,78.125,78.125,0.0,6.0,1.0,6.0,25.0,7.0,85.10347222222238,121.46388888888916,126.08194444444466,127.6027777777781,25.0,7.0,127.6027777777781,101.0,6.2,0.9209005376344086,1.0,0.0,0.0,6.0,0.0,0.0,16.0,100.0,100.0,9.0,100.0,100.0,COMPLETED,120,10,500.0,98.6,10.0,12,7562ba61f411a4f5,T120_P10_H0500_I0986_F1,0.910462962962963,False,0.7120570965581673,355,0.0,0.0,0.7079918513328588,369,0.7741935483870968,0.78125,0.7223461947919947,0.5692808696042762,0.6928886438809261
T120_P10_H0500_I0986_CN020_F1,California,unlimited_useful_deadline,unlimited,central_only,targeted_central,all_useful,deadline,-1.0,0.0,0.0,1.0,none,0.0,0,applicable,32.0,0.0,,0.0,66498.0,16070448.0,346663.37599937525,1314.0,1130.0,0.32596463261871556,100.0,8.0,90.32986111111111,90.32986111111111,90.32986111111111,90.32986111111111,78.125,78.125,78.125,78.125,90.625,0.0,0.0,3.0,0.0,25.0,7.0,61.934722222223236,75.50138888889099,78.13472222222732,79.60277777778877,25.0,7.0,79.60277777778877,137.5,9.058333333333334,0.8527138914443422,1.0,0.0,0.0,6.0,66.66666666666666,0.0,16.0,100.0,100.0,9.0,100.0,100.0,COMPLETED,120,10,500.0,98.6,20.0,24,dbe40b12085fdc4a,T120_P10_H0500_I0986_F1,0.9815740740740742,True,0.7732946498608079,237,0.0,0.0,0.7755800110302071,216,0.7741935483870968,0.90625,0.8728259142099855,0.5047298207788707,0.8199007717750827
T120_P10_H0500_I0986_CN030_F1,California,unlimited_useful_deadline,unlimited,central_only,targeted_central,all_useful,deadline,-1.0,0.0,0.0,1.0,none,0.0,0,applicable,32.0,0.0,,0.0,97668.0,24086360.0,500568.88639905467,1707.0,1578.0,0.31524132699330715,100.0,9.0,100.0,100.0,100.0,100.0,100.0,100.0,100.0,100.0,96.875,0.0,0.0,1.0,0.0,32.0,0.0,48.21805555555572,55.50798611111634,56.55222222222282,58.41944444444671,32.0,0.0,58.41944444444671,131.0,12.754166666666666,0.8054856800609822,1.0,0.0,100.0,6.0,100.0,100.0,16.0,100.0,100.0,9.0,100.0,100.0,COMPLETED,120,10,500.0,98.6,30.0,36,e1dff59cf6570cf6,T120_P10_H0500_I0986_F1,0.9480034722222221,True,0.8318181833444032,114,0.0,0.0,0.8198151858251087,122,1.0,0.96875,0.939235540383731,0.4311503391277007,0.7599400496141122
T120_P10_H0500_I0986_CN040_F1,California,unlimited_useful_deadline,unlimited,central_only,targeted_central,all_useful,deadline,-1.0,0.0,0.0,1.0,none,0.0,0,applicable,32.0,0.0,,0.0,125902.0,31903000.0,650648.3743988337,1992.0,1851.0,0.28448545678919596,100.0,12.0,100.0,100.0,100.0,100.0,100.0,100.0,100.0,100.0,96.875,0.0,0.0,1.0,0.0,32.0,0.0,45.31180555556162,56.067013888900384,58.25086805556784,61.73472222222238,32.0,0.0,61.73472222222238,121.0,14.9875,0.7296010564359188,1.0,0.0,100.0,6.0,100.0,100.0,16.0,100.0,100.0,9.0,100.0,100.0,COMPLETED,120,10,500.0,98.6,40.0,48,027de8b417496f9c,T120_P10_H0500_I0986_F1,0.9606770833333332,False,0.8215633078820873,132,0.0,0.0,0.8106921323032559,136,1.0,0.96875,0.9288421639297209,0.3732920091631855,0.7825764884233735
T120_P10_H0500_I0986_CN050_F1,California,unlimited_useful_deadline,unlimited,central_only,targeted_central,all_useful,deadline,-1.0,0.0,0.0,1.0,none,0.0,0,applicable,32.0,0.0,,0.0,153852.0,39961788.0,805377.1039986066,2312.0,2203.5,0.273598540244051,100.0,12.0,100.0,100.0,100.0,100.0,100.0,100.0,100.0,100.0,100.0,0.0,0.0,0.0,0.0,32.0,0.0,41.86006944444938,49.59798611111124,50.922222222222764,51.73472222222627,32.0,0.0,51.73472222222627,132.0,17.9,0.6840316573556797,1.0,100.0,100.0,6.0,100.0,100.0,16.0,100.0,100.0,9.0,100.0,100.0,COMPLETED,120,10,500.0,98.6,50.0,60,10ba56913828f21f,T120_P10_H0500_I0986_F1,0.9602430555555554,False,0.8209669681975179,133,0.0,0.0,0.8100570315933282,137,1.0,1.0,0.9601921054751303,0.3082917845753043,0.781801267916207
T120_P10_H0500_I0986_CN060_F1,California,unlimited_useful_deadline,unlimited,central_only,targeted_central,all_useful,deadline,-1.0,0.0,0.0,1.0,none,0.0,0,applicable,32.0,0.0,,0.0,181699.0,48585488.0,970952.1439982955,2633.0,2529.5,0.2605174740727943,100.0,12.0,100.0,100.0,100.0,100.0,100.0,100.0,100.0,100.0,100.0,0.0,0.0,0.0,0.0,32.0,0.0,35.51840277777889,42.56361111111109,45.63472222222287,47.602777777779075,32.0,0.0,47.602777777779075,147.0,20.695833333333333,0.6331873699751696,1.0,100.0,100.0,6.0,100.0,100.0,16.0,100.0,100.0,9.0,100.0,100.0,COMPLETED,120,10,500.0,98.6,60.0,72,ad4e9bda9d450a68,T120_P10_H0500_I0986_F1,0.9797453703703703,True,0.8162587601425153,138,0.0,0.31,0.807090485611093,143,1.0,1.0,0.9731457271553653,0.24567219152854514,0.8166345093715545
T120_P10_H0500_I0986_CN070_F1,California,unlimited_useful_deadline,unlimited,central_only,targeted_central,all_useful,deadline,-1.0,0.0,0.0,1.0,none,0.0,0,applicable,32.0,0.0,,0.0,210357.0,57781072.0,1147507.3567979068,2918.0,2827.0,0.2463600763213126,100.0,10.0,100.0,100.0,100.0,100.0,100.0,100.0,100.0,100.0,100.0,0.0,0.0,0.0,0.0,32.0,0.0,36.86736111111095,43.62708333334789,48.00659722223395,49.20694444446999,32.0,0.0,49.20694444446999,195.0,23.125,0.6267687687687689,1.0,100.0,100.0,6.0,100.0,100.0,16.0,100.0,100.0,9.0,100.0,100.0,COMPLETED,120,10,500.0,98.6,70.0,84,ad94d28948191357,T120_P10_H0500_I0986_F1,0.9787471064814816,False,0.802973640202816,167,0.0,0.0,0.7937162153130696,180,1.0,1.0,0.9681166740323779,0.18561290032789832,0.8148515022050716
T120_P10_H0500_I0986_CN080_F1,California,unlimited_useful_deadline,unlimited,central_only,targeted_central,all_useful,deadline,-1.0,0.0,0.0,1.0,none,0.0,0,applicable,32.0,0.0,,0.0,234551.0,66362904.0,1312278.5311976832,3235.0,3157.0,0.2405739273291842,100.0,12.0,100.0,100.0,100.0,100.0,100.0,100.0,100.0,100.0,100.0,0.0,0.0,0.0,0.0,32.0,0.0,31.334375000000485,39.37812500000714,41.258055555556766,43.47083333333673,32.0,0.0,43.47083333333673,162.0,25.7875,0.5211921689018151,1.0,100.0,100.0,6.0,100.0,100.0,16.0,100.0,100.0,9.0,100.0,100.0,COMPLETED,120,10,500.0,98.6,80.0,96,db577cfb48ce7ba0,T120_P10_H0500_I0986_F1,0.9797598379629631,False,0.7942457156096177,190,0.0,0.86,0.7850787331123741,197,1.0,1.0,0.986099348835585,0.1226339666711584,0.8166603500551268
T120_P10_H0500_I0986_CN090_F1,California,unlimited_useful_deadline,unlimited,central_only,targeted_central,all_useful,deadline,-1.0,0.0,0.0,1.0,none,0.0,0,applicable,32.0,0.0,,0.0,256839.0,74876716.0,1475743.7215974927,3546.0,3477.5,0.2356438959628848,100.0,15.0,100.0,100.0,100.0,100.0,100.0,100.0,100.0,100.0,100.0,0.0,0.0,0.0,0.0,32.0,0.0,30.018402777779315,38.83972222222593,40.11861111111939,41.73472222222238,32.0,0.0,41.73472222222238,157.0,28.379166666666666,0.44551093818822496,1.0,100.0,100.0,6.0,100.0,100.0,16.0,100.0,100.0,9.0,100.0,100.0,COMPLETED,120,10,500.0,98.6,90.0,108,fb8d685781a1b3ba,T120_P10_H0500_I0986_F1,0.9791377314814814,True,0.7827424828959656,217,0.0,4.28,0.7735199429290416,219,1.0,1.0,0.9915420470205641,0.060508466963122655,0.8155492006615213
T120_P10_H0500_I0986_CN100_F1,California,unlimited_useful_deadline,unlimited,central_only,targeted_central,all_useful,deadline,-1.0,0.0,0.0,1.0,none,0.0,0,applicable,32.0,0.0,,0.0,279948.0,83922740.0,1649427.3823972493,3840.0,3780.0,0.22917044062323091,100.0,15.0,100.0,100.0,100.0,100.0,100.0,100.0,100.0,100.0,100.0,0.0,0.0,0.0,0.0,32.0,0.0,28.118750000002425,34.04062500000418,38.31822916667435,41.03680555557415,32.0,0.0,41.03680555557415,182.5,30.9125,0.4201431010468617,1.0,100.0,100.0,6.0,100.0,100.0,16.0,100.0,100.0,9.0,100.0,100.0,COMPLETED,120,10,500.0,98.6,100.0,120,f7fd88c63b76eff1,T120_P10_H0500_I0986_F1,0.9783854166666667,False,0.7708768251055378,246,0.0,2.99,0.7615870993613261,254,1.0,1.0,0.993730011690864,0.0,0.8142054851157662
T120_P10_H0800_I0600_CN010_F1,California,unlimited_useful_deadline,unlimited,central_only,targeted_central,all_useful,deadline,-1.0,0.0,0.0,1.0,none,0.0,0,applicable,32.0,0.0,,0.0,18732.0,3823868.0,182562.90559981437,1077.0,866.5,0.47463092086154934,70.97518753606462,6.0,87.19796590188827,87.19796590188827,87.19796590188827,87.19796590188827,6.25,6.25,6.25,6.25,81.25,0.0,0.0,6.0,0.0,2.0,30.0,116.36875000000092,117.62152777777877,117.778125000001,117.93472222222323,2.0,30.0,117.93472222222323,329.5,4.475,0.8342954686530106,1.0,0.0,0.0,6.0,16.666666666666664,0.0,16.0,100.0,12.5,9.0,100.0,0.0,COMPLETED,120,10,800.0,60.0,10.0,12,2699c88211a293a1,T120_P10_H0800_I0600_F1,0.8604166666666666,False,0.5239676406670457,527,0.0,0.0,0.552529765004635,519,0.03225806451612903,0.8125,0.7526554924444482,0.5617347167946818,0.603500551267916
T120_P10_H0800_I0600_CN020_F1,California,unlimited_useful_deadline,unlimited,central_only,targeted_central,all_useful,deadline,-1.0,0.0,0.0,1.0,none,0.0,0,applicable,32.0,0.0,,0.0,33498.0,6411596.0,232247.28319963213,1414.0,1204.0,0.5184129533886005,86.12956810631229,7.0,95.05208333333333,95.05208333333333,95.05208333333333,95.05208333333333,90.625,90.625,90.625,90.625,90.625,0.0,0.0,3.0,0.0,29.0,3.0,98.86805555556671,147.23402777777855,210.6173611111126,234.5513888888905,29.0,3.0,234.5513888888905,337.0,7.225,0.7981449442522106,1.0,0.0,0.0,6.0,66.66666666666666,66.66666666666666,16.0,100.0,100.0,9.0,100.0,100.0,COMPLETED,120,10,800.0,60.0,20.0,24,301fcf1de02419e0,T120_P10_H0800_I0600_F1,0.842911877394636,False,0.6699207062754462,409,0.0,0.0,0.6533711712659476,418,0.9032258064516129,0.90625,0.3870629241222536,0.49808201949422815,0.5722351062616431
T120_P10_H0800_I0600_CN030_F1,California,unlimited_useful_deadline,unlimited,central_only,targeted_central,all_useful,deadline,-1.0,0.0,0.0,1.0,none,0.0,0,applicable,32.0,0.0,,0.0,47613.0,9092416.0,283719.0271994353,1653.0,1427.0,0.5029623899693254,90.43447792571828,8.0,92.13541666666666,92.13541666666666,92.13541666666666,92.13541666666666,78.125,78.125,78.125,78.125,81.25,0.0,0.0,6.0,0.0,25.0,7.0,84.36736111111095,93.4683333333343,94.8680555555562,98.71736111111119,25.0,7.0,98.71736111111119,320.5,9.220833333333333,0.7263480945925591,1.0,0.0,0.0,6.0,16.666666666666664,0.0,16.0,100.0,100.0,9.0,100.0,100.0,COMPLETED,120,10,800.0,60.0,30.0,36,d9df1f83b091a218,T120_P10_H0800_I0600_F1,0.9816296296296296,False,0.7305718379663706,328,0.0,0.0,0.7328621605470158,319,0.7741935483870968,0.8125,0.8129018071935105,0.4447154471544715,0.8199999999999998
T120_P10_H0800_I0600_CN040_F1,California,unlimited_useful_deadline,unlimited,central_only,targeted_central,all_useful,deadline,-1.0,0.0,0.0,1.0,none,0.0,0,applicable,32.0,0.0,,0.0,56921.0,12194248.0,343274.2015992984,1972.0,1774.5,0.5169336908316116,93.82924767540152,12.0,95.46875,95.46875,95.46875,95.46875,81.25,81.25,81.25,81.25,90.625,0.0,0.0,3.0,0.0,26.0,6.0,71.82638888889463,89.67604166666757,92.68888888889093,102.71736111111119,26.0,6.0,102.71736111111119,304.5,12.25,0.7437188208616781,1.0,0.0,0.0,6.0,66.66666666666666,16.666666666666664,16.0,100.0,100.0,9.0,100.0,100.0,COMPLETED,120,10,800.0,60.0,40.0,48,60048066a3a9b68d,T120_P10_H0800_I0600_F1,0.974269943019943,False,0.7399963696834754,317,0.0,0.0,0.7400165292639099,307,0.8064516129032258,0.90625,0.8003618305753417,0.3801643983290662,0.8068548045119156
T120_P10_H0800_I0600_CN050_F1,California,unlimited_useful_deadline,unlimited,central_only,targeted_central,all_useful,deadline,-1.0,0.0,0.0,1.0,none,0.0,0,applicable,32.0,0.0,,0.0,69882.0,15484624.0,406449.4207990789,2309.0,2142.5,0.5271258588062073,96.82613768961494,10.0,97.86458333333334,97.86458333333334,97.86458333333334,97.86458333333334,90.625,90.625,90.625,90.625,96.875,0.0,0.0,1.0,0.0,29.0,3.0,60.55138888889778,74.18805555555852,81.58472222222257,83.01944444444477,29.0,3.0,83.01944444444477,277.5,15.541666666666666,0.680165326184093,1.0,0.0,0.0,6.0,100.0,66.66666666666666,16.0,100.0,100.0,9.0,100.0,100.0,COMPLETED,120,10,800.0,60.0,50.0,60,b4b43061d859d4e6,T120_P10_H0800_I0600_F1,0.9636653895274585,False,0.7729208231500229,239,0.0,0.0,0.7671552291358481,236,0.9032258064516129,0.96875,0.8621146841819998,0.31377172887750976,0.7879139261681176
T120_P10_H0800_I0600_CN060_F1,California,unlimited_useful_deadline,unlimited,central_only,targeted_central,all_useful,deadline,-1.0,0.0,0.0,1.0,none,0.0,0,applicable,32.0,0.0,,0.0,81495.0,18790988.0,469931.60959887237,2620.0,2467.0,0.524970006190007,97.81110660721524,12.0,97.91666666666666,97.91666666666666,97.91666666666666,97.91666666666666,93.75,93.75,93.75,93.75,96.875,0.0,0.0,1.0,0.0,30.0,2.0,56.8263888888893,67.88131944444689,69.94357638890061,71.41944444444962,30.0,2.0,71.41944444444962,273.5,18.279166666666665,0.6393302180685358,1.0,0.0,0.0,6.0,100.0,83.33333333333334,16.0,100.0,100.0,9.0,100.0,100.0,COMPLETED,120,10,800.0,60.0,60.0,72,8ea583fc7a419859,T120_P10_H0800_I0600_F1,0.9483487654320988,False,0.7716579858180743,242,0.0,0.0,0.7629116312994556,249,0.9354838709677419,0.96875,0.8984806163746737,0.2512868885594933,0.7605567805953692
T120_P10_H0800_I0600_CN070_F1,California,unlimited_useful_deadline,unlimited,central_only,targeted_central,all_useful,deadline,-1.0,0.0,0.0,1.0,none,0.0,0,applicable,32.0,0.0,,0.0,94073.0,22246308.0,536273.7535986227,2913.0,2768.0,0.5161542927330592,98.98843930635839,12.0,98.64583333333334,98.64583333333334,98.64583333333334,98.64583333333334,90.625,90.625,90.625,90.625,96.875,0.0,0.0,1.0,0.0,29.0,3.0,51.93472222222772,61.4313888889038,62.6613888888972,64.33888888891087,29.0,3.0,64.33888888891087,264.5,20.8625,0.5711021236934959,1.0,0.0,0.0,6.0,100.0,66.66666666666666,16.0,100.0,100.0,9.0,100.0,100.0,COMPLETED,120,10,800.0,60.0,70.0,84,a137128fefdf3be1,T120_P10_H0800_I0600_F1,0.9772030651340996,False,0.7636887614374575,264,0.0,0.0,0.7591321549912406,263,0.9032258064516129,0.96875,0.9206781166521988,0.19091317432511343,0.8120936775272781
T120_P10_H0800_I0600_CN080_F1,California,unlimited_useful_deadline,unlimited,central_only,targeted_central,all_useful,deadline,-1.0,0.0,0.0,1.0,none,0.0,0,applicable,32.0,0.0,,0.0,103418.0,25930060.0,607001.7919984062,3203.0,3080.0,0.5074120110683441,99.8538961038961,12.0,98.90625,98.90625,98.90625,98.90625,93.75,93.75,93.75,93.75,96.875,0.0,0.0,1.0,0.0,30.0,2.0,44.71805555556239,61.196527777779266,61.62378472224193,65.73472222222239,30.0,2.0,65.73472222222239,213.5,23.8875,0.562560323274609,1.0,0.0,0.0,6.0,100.0,83.33333333333334,16.0,100.0,100.0,9.0,100.0,100.0,COMPLETED,120,10,800.0,60.0,80.0,96,664113f6d5cce483,T120_P10_H0800_I0600_F1,0.9667283950617284,False,0.7557993776377301,285,0.0,0.0,0.7486944233396186,291,0.9354838709677419,0.96875,0.9163021873115521,0.12955127341328662,0.7933847850055125
T120_P10_H0800_I0600_CN090_F1,California,unlimited_useful_deadline,unlimited,central_only,targeted_central,all_useful,deadline,-1.0,0.0,0.0,1.0,none,0.0,0,applicable,32.0,0.0,,0.0,111041.0,29830652.0,681893.1583981907,3527.0,3427.0,0.5025714010755343,99.54770936679311,12.0,99.21875,99.21875,99.21875,99.21875,96.875,96.875,96.875,96.875,96.875,0.0,0.0,1.0,0.0,31.0,1.0,43.470833333334305,55.16875000000388,59.41527777780247,63.73472222222238,31.0,1.0,63.73472222222238,252.0,26.458333333333332,0.5111706036745407,1.0,0.0,0.0,6.0,100.0,100.0,16.0,100.0,100.0,9.0,100.0,100.0,COMPLETED,120,10,800.0,60.0,90.0,108,190f3ccc635ef2bc,T120_P10_H0800_I0600_F1,0.9517921146953405,False,0.7482149935921631,302,0.0,0.0,0.7381632455393836,311,0.967741935483871,0.96875,0.9225721756206364,0.06504514216412882,0.7667069744282817
T120_P10_H0800_I0600_CN100_F1,California,unlimited_useful_deadline,unlimited,central_only,targeted_central,all_useful,deadline,-1.0,0.0,0.0,1.0,none,0.0,0,applicable,32.0,0.0,,0.0,118426.0,33898784.0,760001.2927979641,3817.0,3734.5,0.4913807430841786,100.0,12.0,99.21875,99.21875,99.21875,99.21875,96.875,96.875,96.875,96.875,96.875,0.0,0.0,1.0,0.0,31.0,1.0,40.63472222222311,50.168750000004366,54.45173611111386,55.33888888891476,31.0,1.0,55.33888888891476,226.5,29.233333333333334,0.449425123527176,1.0,0.0,0.0,6.0,100.0,100.0,16.0,100.0,100.0,9.0,100.0,100.0,COMPLETED,120,10,800.0,60.0,100.0,120,76b2309719fffc24,T120_P10_H0800_I0600_F1,0.9659498207885305,False,0.7450807216517555,310,0.0,0.0,0.7362933332390514,314,0.967741935483871,0.96875,0.9488930640430662,0.004087499438530299,0.7919941672297898
T120_P10_H0800_I0800_CN010_F1,California,unlimited_useful_deadline,unlimited,central_only,targeted_central,all_useful,deadline,-1.0,0.0,0.0,1.0,none,0.0,0,applicable,32.0,0.0,,0.0,31263.0,6768424.0,201046.1055997015,961.0,775.5,0.38573241579923023,96.26047711154094,7.0,80.18973214285714,80.18973214285714,80.18973214285714,80.18973214285714,78.125,78.125,78.125,78.125,84.375,0.0,3.0,2.0,3.0,25.0,7.0,95.66944444444476,106.45555555555775,107.60166666666696,112.36736111111095,25.0,7.0,112.36736111111095,100.0,5.866666666666666,0.9009232954545454,1.0,0.0,0.0,6.0,33.33333333333333,0.0,16.0,100.0,100.0,9.0,100.0,100.0,COMPLETED,120,10,800.0,80.0,10.0,12,138159aade664859,T120_P10_H0800_I0800_F1,0.9017222222222222,True,0.7318936681020153,326,0.0,0.0,0.7270478275073572,330,0.7741935483870968,0.84375,0.7701091369840105,0.5699097156717423,0.6772767364939359
T120_P10_H0800_I0800_CN020_F1,California,unlimited_useful_deadline,unlimited,central_only,targeted_central,all_useful,deadline,-1.0,0.0,0.0,1.0,none,0.0,0,applicable,32.0,0.0,,0.0,60649.0,12721132.0,315338.09919935616,1293.0,1128.5,0.3578698555186522,99.42401417811254,6.0,92.41071428571428,92.41071428571428,92.41071428571428,92.41071428571428,90.625,90.625,90.625,90.625,96.875,0.0,1.0,0.0,1.0,29.0,3.0,66.5513888888905,75.98125000000718,77.587777777778,80.20069444444889,29.0,3.0,80.20069444444889,119.0,8.979166666666666,0.8551469450889404,1.0,0.0,0.0,6.0,100.0,66.66666666666666,16.0,100.0,100.0,9.0,100.0,100.0,COMPLETED,120,10,800.0,80.0,20.0,24,59d4c8b347f4b989,T120_P10_H0800_I0800_F1,0.9496807151979566,False,0.8091600241243037,154,0.0,0.0,0.8021455231413419,151,0.9032258064516129,0.96875,0.8709514489551027,0.5048645735076135,0.762935786792381
T120_P10_H0800_I0800_CN030_F1,California,unlimited_useful_deadline,unlimited,central_only,targeted_central,all_useful,deadline,-1.0,0.0,0.0,1.0,none,0.0,0,applicable,32.0,0.0,,0.0,89286.0,18785964.0,431782.87359897385,1648.0,1516.5,0.35121819153218126,100.0,10.0,96.42857142857143,96.42857142857143,96.42857142857143,96.42857142857143,87.5,87.5,87.5,87.5,90.625,0.0,0.0,3.0,0.0,28.0,4.0,56.93576388889275,67.92638888888888,70.2989583333336,71.1513888888888,28.0,4.0,71.1513888888888,145.0,12.270833333333334,0.8169071873231466,1.0,0.0,0.0,6.0,66.66666666666666,50.0,16.0,100.0,100.0,9.0,100.0,100.0,COMPLETED,120,10,800.0,80.0,30.0,36,dff999bb498e9aeb,T120_P10_H0800_I0800_F1,0.9506283068783069,False,0.7808854126678952,221,0.0,0.0,0.7755684399670889,217,0.8709677419354839,0.90625,0.8993209689744495,0.4366752010061537,0.7646282879193573
T120_P10_H0800_I0800_CN040_F1,California,unlimited_useful_deadline,unlimited,central_only,targeted_central,all_useful,deadline,-1.0,0.0,0.0,1.0,none,0.0,0,applicable,32.0,0.0,,0.0,117423.0,25392636.0,558630.9759985941,1957.0,1822.5,0.3262439926003292,100.0,11.0,98.4375,98.4375,98.4375,98.4375,96.875,96.875,96.875,96.875,100.0,0.0,0.0,0.0,0.0,31.0,1.0,49.47083333333333,54.15138888888881,55.85312500000291,57.36736111111095,31.0,1.0,57.36736111111095,114.0,14.675,0.7553520726859739,1.0,100.0,0.0,6.0,100.0,100.0,16.0,100.0,100.0,9.0,100.0,100.0,COMPLETED,120,10,800.0,80.0,40.0,48,3726cf8194c5c3c2,T120_P10_H0800_I0800_F1,0.9668160095579451,False,0.8246439002639492,124,0.0,0.0,0.8159338671878741,128,0.967741935483871,1.0,0.9425338154838299,0.37585231100929795,0.7935412739623715
T120_P10_H0800_I0800_CN050_F1,California,unlimited_useful_deadline,unlimited,central_only,targeted_central,all_useful,deadline,-1.0,0.0,0.0,1.0,none,0.0,0,applicable,32.0,0.0,,0.0,141598.0,31727736.0,680264.8959981849,2272.0,2164.0,0.31811137289756225,100.0,12.0,99.21875,99.21875,99.21875,99.21875,96.875,96.875,96.875,96.875,100.0,0.0,0.0,0.0,0.0,31.0,1.0,46.200694444449134,51.168750000000486,52.2680555555579,53.33888888889002,31.0,1.0,53.33888888889002,98.5,17.483333333333334,0.6679655227200509,1.0,100.0,0.0,6.0,100.0,100.0,16.0,100.0,100.0,9.0,100.0,100.0,COMPLETED,120,10,800.0,80.0,50.0,60,8cb8bdf2f3301fd4,T120_P10_H0800_I0800_F1,0.9671296296296297,False,0.8144513639556733,144,0.0,0.0,0.805769338846309,145,0.967741935483871,1.0,0.9551630523522281,0.3118402730988636,0.7941014332965821
T120_P10_H0800_I0800_CN060_F1,California,unlimited_useful_deadline,unlimited,central_only,targeted_central,all_useful,deadline,-1.0,0.0,0.0,1.0,none,0.0,0,applicable,32.0,0.0,,0.0,166626.0,38242276.0,805344.0639977341,2597.0,2495.5,0.30986755991126563,100.0,12.0,99.21875,99.21875,99.21875,99.21875,96.875,96.875,96.875,96.875,100.0,0.0,0.0,0.0,0.0,31.0,1.0,40.58541666666715,48.802777777778104,50.235416666670545,51.10347222222869,31.0,1.0,51.10347222222869,151.0,20.258333333333333,0.6288461538461538,1.0,100.0,0.0,6.0,100.0,100.0,16.0,100.0,100.0,9.0,100.0,100.0,COMPLETED,120,10,800.0,80.0,60.0,72,cfb136d7c8da395d,T120_P10_H0800_I0800_F1,0.9796594982078853,True,0.806587185182329,158,0.0,0.0,0.7990241450286852,162,0.967741935483871,1.0,0.9621710705351775,0.24872658671338096,0.8164811324109968
T120_P10_H0800_I0800_CN070_F1,California,unlimited_useful_deadline,unlimited,central_only,targeted_central,all_useful,deadline,-1.0,0.0,0.0,1.0,none,0.0,0,applicable,32.0,0.0,,0.0,187964.0,44829468.0,931818.1503972798,2894.0,2807.0,0.30123903454802187,100.0,13.0,100.0,100.0,100.0,100.0,100.0,100.0,100.0,100.0,100.0,0.0,0.0,0.0,0.0,32.0,0.0,38.160069444444524,43.11041666666667,44.91302083333329,45.8875,32.0,0.0,45.8875,150.0,22.783333333333335,0.5867288466227749,1.0,100.0,100.0,6.0,100.0,100.0,16.0,100.0,100.0,9.0,100.0,100.0,COMPLETED,120,10,800.0,80.0,70.0,84,960d97f4a1fc5a71,T120_P10_H0800_I0800_F1,0.9691695601851852,True,0.8028482887200238,168,0.0,0.0,0.792735537204037,182,1.0,1.0,0.9785231129621187,0.18740960337780174,0.7977449696802644
T120_P10_H0800_I0800_CN080_F1,California,unlimited_useful_deadline,unlimited,central_only,targeted_central,all_useful,deadline,-1.0,0.0,0.0,1.0,none,0.0,0,applicable,32.0,0.0,,0.0,210321.0,51789840.0,1065457.292796782,3220.0,3143.5,0.29503763513115017,100.0,15.0,100.0,100.0,100.0,100.0,100.0,100.0,100.0,100.0,100.0,0.0,0.0,0.0,0.0,32.0,0.0,34.45937500000461,43.13819444444598,44.2453125000025,45.470833333338184,32.0,0.0,45.470833333338184,179.0,25.5625,0.5192189622385222,1.0,100.0,100.0,6.0,100.0,100.0,16.0,100.0,100.0,9.0,100.0,100.0,COMPLETED,120,10,800.0,80.0,80.0,96,5079a59895f31b1a,T120_P10_H0800_I0800_F1,0.9747251157407408,False,0.7918853891770672,194,0.0,0.0,0.782268778785667,204,1.0,1.0,0.979829360526496,0.12384674122984322,0.8076677921719956
T120_P10_H0800_I0800_CN090_F1,California,unlimited_useful_deadline,unlimited,central_only,targeted_central,all_useful,deadline,-1.0,0.0,0.0,1.0,none,0.0,0,applicable,32.0,0.0,,0.0,231606.0,58933936.0,1202623.93599626,3526.0,3457.0,0.28745478087763177,100.0,13.0,100.0,100.0,100.0,100.0,100.0,100.0,100.0,100.0,100.0,0.0,0.0,0.0,0.0,32.0,0.0,31.21875000000382,40.32500000000172,42.602777777779586,45.03680555555717,32.0,0.0,45.03680555555717,119.5,28.1,0.41129646105179907,1.0,100.0,100.0,6.0,100.0,100.0,16.0,100.0,100.0,9.0,100.0,100.0,COMPLETED,120,10,800.0,80.0,90.0,108,9b7b24b2d065c620,T120_P10_H0800_I0800_F1,0.9749421296296296,False,0.7799163348962412,226,0.0,0.0,0.7703191050175201,231,1.0,1.0,0.9811900350727485,0.06235008758927366,0.8080554024255786
T120_P10_H0800_I0800_CN100_F1,California,unlimited_useful_deadline,unlimited,central_only,targeted_central,all_useful,deadline,-1.0,0.0,0.0,1.0,none,0.0,0,applicable,32.0,0.0,,0.0,251590.0,66131672.0,1340820.467195711,3840.0,3780.0,0.2819169376125176,100.0,14.0,100.0,100.0,100.0,100.0,100.0,100.0,100.0,100.0,100.0,0.0,0.0,0.0,0.0,32.0,0.0,29.76805555555669,38.54375000001809,39.59218750000257,41.32152777778028,32.0,0.0,41.32152777778028,141.0,30.8,0.38718659812409806,1.0,100.0,100.0,6.0,100.0,100.0,16.0,100.0,100.0,9.0,100.0,100.0,COMPLETED,120,10,800.0,80.0,100.0,120,a0dbfad92560e30c,T120_P10_H0800_I0800_F1,0.9771701388888889,False,0.7703727119920709,248,0.0,1.01,0.7609744553768559,257,1.0,1.0,0.9928374091885794,0.0,0.8120348676957001
T120_P10_H0800_I0986_CN010_F1,California,unlimited_useful_deadline,unlimited,central_only,targeted_central,all_useful,deadline,-1.0,0.0,0.0,1.0,none,0.0,0,applicable,32.0,0.0,,0.0,31009.0,7983260.0,223638.90879970914,999.0,824.0,0.36845109128035225,98.42233009708738,9.0,84.80902777777777,84.80902777777777,84.80902777777777,84.80902777777777,78.125,78.125,78.125,78.125,87.5,0.0,3.0,1.0,3.0,25.0,7.0,88.41944444444476,121.279861111111,122.18458333333358,122.73472222222239,25.0,7.0,122.73472222222239,105.5,6.370833333333334,0.9163887072160455,1.0,0.0,0.0,6.0,50.0,0.0,16.0,100.0,100.0,9.0,100.0,100.0,COMPLETED,120,10,800.0,98.6,10.0,12,d887eb7c97db0b6e,T120_P10_H0800_I0986_F1,0.9104814814814816,True,0.7331186913458339,325,0.0,0.0,0.7290550999242741,324,0.7741935483870968,0.875,0.7376075205026484,0.5655527107757266,0.6929217199558986
T120_P10_H0800_I0986_CN020_F1,California,unlimited_useful_deadline,unlimited,central_only,targeted_central,all_useful,deadline,-1.0,0.0,0.0,1.0,none,0.0,0,applicable,32.0,0.0,,0.0,61624.0,15464036.0,367269.80799934384,1329.0,1182.5,0.3219703809691083,99.66173361522199,8.0,98.828125,98.828125,98.828125,98.828125,93.75,93.75,93.75,93.75,96.875,0.0,0.0,1.0,0.0,30.0,2.0,58.94305555557075,67.6447222222225,68.1571527777781,73.06875000000036,30.0,2.0,73.06875000000036,97.5,9.429166666666667,0.8531484754750331,1.0,0.0,0.0,6.0,100.0,83.33333333333334,16.0,100.0,100.0,9.0,100.0,100.0,COMPLETED,120,10,800.0,98.6,20.0,24,99aaafb738ab4cce,T120_P10_H0800_I0986_F1,0.9570987654320987,False,0.8227134573192809,129,0.0,0.0,0.814748525071886,130,0.9354838709677419,0.96875,0.8933100530989683,0.5000134752728743,0.7761852260198454
T120_P10_H0800_I0986_CN030_F1,California,unlimited_useful_deadline,unlimited,central_only,targeted_central,all_useful,deadline,-1.0,0.0,0.0,1.0,none,0.0,0,applicable,32.0,0.0,,0.0,90286.0,22967960.0,511345.148798974,1654.0,1522.0,0.29764631649968903,99.73718791064388,11.0,98.48090277777777,98.48090277777777,98.48090277777777,98.48090277777777,90.625,90.625,90.625,90.625,96.875,0.0,0.0,1.0,0.0,29.0,3.0,54.86805555555556,62.01805555555566,64.70138888888896,68.73472222222287,29.0,3.0,68.73472222222287,132.5,12.054166666666667,0.7998185274801244,1.0,0.0,0.0,6.0,100.0,66.66666666666666,16.0,100.0,100.0,9.0,100.0,100.0,COMPLETED,120,10,800.0,98.6,30.0,36,5a143dbba8fa8a8c,T120_P10_H0800_I0986_F1,0.9326309067688378,False,0.7980445621257068,184,0.0,0.0,0.7895074211397037,189,0.9032258064516129,0.96875,0.906897204847924,0.43618110766743023,0.7324829867315513
T120_P10_H0800_I0986_CN040_F1,California,unlimited_useful_deadline,unlimited,central_only,targeted_central,all_useful,deadline,-1.0,0.0,0.0,1.0,none,0.0,0,applicable,32.0,0.0,,0.0,116670.0,30383840.0,653730.0447986596,1978.0,1845.5,0.2823030721447704,99.9729070712544,13.0,100.0,100.0,100.0,100.0,100.0,100.0,100.0,100.0,100.0,0.0,0.0,0.0,0.0,32.0,0.0,41.78576388889257,50.09180555557273,53.258680555555756,60.73472222222238,32.0,0.0,60.73472222222238,135.0,14.895833333333334,0.7478764568764569,1.0,100.0,100.0,6.0,100.0,100.0,16.0,100.0,100.0,9.0,100.0,100.0,COMPLETED,120,10,800.0,98.6,40.0,48,1ab4266444554392,T120_P10_H0800_I0986_F1,0.9744068287037037,True,0.8322175466872455,113,0.0,0.0,0.8225725115439158,120,1.0,1.0,0.931977158084263,0.37378610250190897,0.8070992971334067
T120_P10_H0800_I0986_CN050_F1,California,unlimited_useful_deadline,unlimited,central_only,targeted_central,all_useful,deadline,-1.0,0.0,0.0,1.0,none,0.0,0,applicable,32.0,0.0,,0.0,143217.0,38045220.0,800828.5407983266,2290.0,2187.5,0.27315460033671307,99.88571428571429,10.0,100.0,100.0,100.0,100.0,100.0,100.0,100.0,100.0,100.0,0.0,0.0,0.0,0.0,32.0,0.0,40.95173611111119,47.87875000000005,50.31267361112002,52.73472222222238,32.0,0.0,52.73472222222238,85.5,17.525,0.66009272467903,1.0,100.0,100.0,6.0,100.0,100.0,16.0,100.0,100.0,9.0,100.0,100.0,COMPLETED,120,10,800.0,98.6,50.0,60,120d133053884988,T120_P10_H0800_I0986_F1,0.9691840277777777,False,0.823022873221741,128,0.0,0.0,0.8129114137399329,133,1.0,1.0,0.9570571113206003,0.3097291470152271,0.7977708103638366
T120_P10_H0800_I0986_CN060_F1,California,unlimited_useful_deadline,unlimited,central_only,targeted_central,all_useful,deadline,-1.0,0.0,0.0,1.0,none,0.0,0,applicable,32.0,0.0,,0.0,169016.0,46124492.0,955950.5631978783,2616.0,2513.0,0.2628797028575858,99.98010346199761,13.0,100.0,100.0,100.0,100.0,100.0,100.0,100.0,100.0,100.0,0.0,0.0,0.0,0.0,32.0,0.0,37.30208333333342,43.28576388889357,43.77100694444461,47.73472222223305,32.0,0.0,47.73472222223305,126.5,20.3125,0.6198717948717949,1.0,100.0,100.0,6.0,100.0,100.0,16.0,100.0,100.0,9.0,100.0,100.0,COMPLETED,120,10,800.0,98.6,60.0,72,96b7435dae49b667,T120_P10_H0800_I0986_F1,0.9810474537037037,True,0.8168213363615568,136,0.0,1.43,0.8077693449062094,139,1.0,1.0,0.9727320820932777,0.24715447154471545,0.818960170893054
T120_P10_H0800_I0986_CN070_F1,California,unlimited_useful_deadline,unlimited,central_only,targeted_central,all_useful,deadline,-1.0,0.0,0.0,1.0,none,0.0,0,applicable,32.0,0.0,,0.0,196239.0,54635396.0,1119359.9199973398,2903.0,2817.5,0.25170635017972554,100.0,11.0,100.0,100.0,100.0,100.0,100.0,100.0,100.0,100.0,100.0,0.0,0.0,0.0,0.0,32.0,0.0,34.41909722222214,41.1597222222234,42.34149305555582,43.2006944444444,32.0,0.0,43.2006944444444,140.0,22.766666666666666,0.6088701805758907,1.0,100.0,100.0,6.0,100.0,100.0,16.0,100.0,100.0,9.0,100.0,100.0,COMPLETED,120,10,800.0,98.6,70.0,84,9187d0fff97b2a77,T120_P10_H0800_I0986_F1,0.9813512731481482,True,0.8076079371771665,155,1.08,6.55,0.79858307843957,164,1.0,1.0,0.9869462326731769,0.18646633427660245,0.8195028252480705
T120_P10_H0800_I0986_CN080_F1,California,unlimited_useful_deadline,unlimited,central_only,targeted_central,all_useful,deadline,-1.0,0.0,0.0,1.0,none,0.0,0,applicable,32.0,0.0,,0.0,219280.0,62751792.0,1275194.7231969167,3222.0,3148.5,0.24690346836651753,100.0,13.0,100.0,100.0,100.0,100.0,100.0,100.0,100.0,100.0,100.0,0.0,0.0,0.0,0.0,32.0,0.0,31.143055555557414,45.234722222234076,46.24809027779243,47.90486111111144,32.0,0.0,47.90486111111144,162.5,25.5,0.5850871459694988,1.0,100.0,100.0,6.0,100.0,100.0,16.0,100.0,100.0,9.0,100.0,100.0,COMPLETED,120,10,800.0,98.6,80.0,96,b3139de795accf06,T120_P10_H0800_I0986_F1,0.980714699074074,False,0.7918741279033441,195,0.0,0.11,0.7827924196618887,202,1.0,1.0,0.9721986976711837,0.12339756546736735,0.8183658351708929
T120_P10_H0800_I0986_CN090_F1,California,unlimited_useful_deadline,unlimited,central_only,targeted_central,all_useful,deadline,-1.0,0.0,0.0,1.0,none,0.0,0,applicable,32.0,0.0,,0.0,240589.0,70875760.0,1431174.9087965046,3541.0,3472.5,0.24263281718096041,99.92800575953923,13.0,100.0,100.0,100.0,100.0,100.0,100.0,100.0,100.0,100.0,0.0,0.0,0.0,0.0,32.0,0.0,29.643750000003525,38.4402777777799,39.121527777779114,42.73472222222384,32.0,0.0,42.73472222222384,120.5,28.095833333333335,0.48978817539176434,1.0,100.0,100.0,6.0,100.0,100.0,16.0,100.0,100.0,9.0,100.0,100.0,COMPLETED,120,10,800.0,98.6,90.0,108,b15b391acf0ed770,T120_P10_H0800_I0986_F1,0.9794849537037038,True,0.7822983456784114,219,0.0,0.3,0.7731068145317741,221,1.0,1.0,0.9884070528660175,0.060957642725598525,0.8161693770672548
T120_P10_H0800_I0986_CN100_F1,California,unlimited_useful_deadline,unlimited,central_only,targeted_central,all_useful,deadline,-1.0,0.0,0.0,1.0,none,0.0,0,applicable,32.0,0.0,,0.0,263069.0,79423404.0,1595289.673596018,3840.0,3780.0,0.23694756272566617,100.0,13.0,100.0,100.0,100.0,100.0,100.0,100.0,100.0,100.0,100.0,0.0,0.0,0.0,0.0,32.0,0.0,29.45937500000679,37.818055555563866,38.38090277778215,41.036805555555716,32.0,0.0,41.036805555555716,127.0,30.666666666666668,0.44754302536231894,1.0,100.0,100.0,6.0,100.0,100.0,16.0,100.0,100.0,9.0,100.0,100.0,COMPLETED,120,10,800.0,98.6,100.0,120,8c87f87f8e3d4794,T120_P10_H0800_I0986_F1,0.9812500000000001,True,0.7716442934076441,243,1.15,5.45,0.7626103904307974,250,1.0,1.0,0.9937300116909218,0.0,0.8193219404630651
T120_P10_H1000_I0600_CN010_F1,California,unlimited_useful_deadline,unlimited,central_only,targeted_central,all_useful,deadline,-1.0,0.0,0.0,1.0,none,0.0,0,applicable,32.0,0.0,,0.0,16941.0,3932332.0,208566.09279981814,1038.0,828.0,0.39699645751848783,69.5048309178744,7.0,87.15959955002417,87.15959955002417,87.15959955002417,87.15959955002417,3.125,3.125,3.125,3.125,78.125,0.0,0.0,7.0,0.0,1.0,31.0,115.63472222222832,115.63472222222832,115.63472222222832,115.63472222222832,1.0,31.0,115.63472222222832,337.5,4.0875,0.8291454298335033,1.0,0.0,0.0,6.0,0.0,0.0,16.0,100.0,6.25,9.0,100.0,0.0,COMPLETED,120,10,1000.0,60.0,10.0,12,4b9faf755c4bfa78,T120_P10_H1000_I0600_F1,1.0824074074074075,True,0.571261869833125,506,0.9,1.45,0.6212618698331249,474,0.0,0.78125,0.7598659789998792,0.5651933701657459,1.0
T120_P10_H1000_I0600_CN020_F1,California,unlimited_useful_deadline,unlimited,central_only,targeted_central,all_useful,deadline,-1.0,0.0,0.0,1.0,none,0.0,0,applicable,32.0,0.0,,0.0,30152.0,6337660.0,254748.39039964217,1344.0,1126.0,0.44200475545049084,82.54884547069271,8.0,92.75475543478261,92.75475543478261,92.75475543478261,92.75475543478261,71.875,71.875,71.875,71.875,84.375,0.0,0.0,5.0,0.0,23.0,9.0,119.20069444445241,220.8541666666702,274.93298611112584,284.3673611111192,23.0,9.0,284.3673611111192,354.0,6.433333333333334,0.7642379101899828,1.0,0.0,0.0,6.0,33.33333333333333,0.0,16.0,100.0,87.5,9.0,100.0,100.0,COMPLETED,120,10,1000.0,60.0,20.0,24,71305ef5c807738c,T120_P10_H1000_I0600_F1,0.8659822866344605,False,0.5853814180801287,500,0.0,0.0,0.5805696146067543,506,0.7096774193548387,0.84375,0.23089014240273154,0.5050891613888515,0.6134413498873494
T120_P10_H1000_I0600_CN030_F1,California,unlimited_useful_deadline,unlimited,central_only,targeted_central,all_useful,deadline,-1.0,0.0,0.0,1.0,none,0.0,0,applicable,32.0,0.0,,0.0,42679.0,8823612.0,302478.6687994525,1645.0,1438.0,0.47540542468910885,91.09874826147427,9.0,95.15625,95.15625,95.15625,95.15625,81.25,81.25,81.25,81.25,90.625,0.0,0.0,3.0,0.0,26.0,6.0,85.17708333333891,105.25937500000012,109.12690972222262,111.36736111111144,26.0,6.0,111.36736111111144,319.5,9.320833333333333,0.703527790195202,1.0,0.0,0.0,6.0,66.66666666666666,16.666666666666664,16.0,100.0,100.0,9.0,100.0,100.0,COMPLETED,120,10,1000.0,60.0,30.0,36,5b9dfb67fcc21515,T120_P10_H1000_I0600_F1,0.96875,False,0.7458065200274222,309,0.0,0.0,0.7453337188750944,302,0.8064516129032258,0.90625,0.7732441311385512,0.44372726047702465,0.7969955898566702
T120_P10_H1000_I0600_CN040_F1,California,unlimited_useful_deadline,unlimited,central_only,targeted_central,all_useful,deadline,-1.0,0.0,0.0,1.0,none,0.0,0,applicable,32.0,0.0,,0.0,51703.0,11787492.0,359385.1647993278,1926.0,1713.0,0.4766473877563919,93.46176298890835,10.0,94.84375,94.84375,94.84375,94.84375,84.375,84.375,84.375,84.375,87.5,0.0,0.0,4.0,0.0,27.0,5.0,80.1173611111124,86.67638888888884,90.0381944444443,105.73472222222239,27.0,5.0,105.73472222222239,294.5,11.820833333333333,0.70577781694278,1.0,0.0,0.0,6.0,50.0,33.33333333333333,16.0,100.0,100.0,9.0,100.0,100.0,COMPLETED,120,10,1000.0,60.0,40.0,48,97f33d0bc928c3a7,T120_P10_H1000_I0600_F1,0.969718792866941,False,0.7398046494113638,318,0.0,0.0,0.7378054634700787,312,0.8387096774193549,0.875,0.7909024211298653,0.38568926020751926,0.798725958593654
T120_P10_H1000_I0600_CN050_F1,California,unlimited_useful_deadline,unlimited,central_only,targeted_central,all_useful,deadline,-1.0,0.0,0.0,1.0,none,0.0,0,applicable,32.0,0.0,,0.0,63761.0,14863328.0,418441.21599911875,2265.0,2090.0,0.49947278616177276,95.66985645933015,10.0,96.875,96.875,96.875,96.875,84.375,84.375,84.375,84.375,90.625,0.0,0.0,3.0,0.0,27.0,5.0,64.55138888894095,83.4613888888908,91.27138888889051,94.73472222222335,27.0,5.0,94.73472222222335,320.5,14.745833333333334,0.6365946124140529,1.0,0.0,0.0,6.0,66.66666666666666,33.33333333333333,16.0,100.0,100.0,9.0,100.0,100.0,COMPLETED,120,10,1000.0,60.0,50.0,60,d2282f5e39558ee4,T120_P10_H1000_I0600_F1,0.9595679012345678,False,0.7367918109999307,321,0.0,0.0,0.7338860955964381,318,0.8387096774193549,0.90625,0.8253873568298261,0.3184880743835063,0.7805953693495036
T120_P10_H1000_I0600_CN060_F1,California,unlimited_useful_deadline,unlimited,central_only,targeted_central,all_useful,deadline,-1.0,0.0,0.0,1.0,none,0.0,0,applicable,32.0,0.0,,0.0,74462.0,17957096.0,477841.5615989265,2579.0,2414.5,0.5052930079838046,97.57713812383517,12.0,98.38541666666666,98.38541666666666,98.38541666666666,98.38541666666666,90.625,90.625,90.625,90.625,96.875,0.0,0.0,1.0,0.0,29.0,3.0,59.1173611111124,68.67805555555678,69.38138888889381,73.20069444444452,29.0,3.0,73.20069444444452,292.5,17.683333333333334,0.5873468426013195,1.0,0.0,0.0,6.0,100.0,66.66666666666666,16.0,100.0,100.0,9.0,100.0,100.0,COMPLETED,120,10,1000.0,60.0,60.0,72,6e00d1a45f56d7b8,T120_P10_H1000_I0600_F1,0.9742496807151979,False,0.7703591721103329,249,0.0,0.0,0.7655388124800686,241,0.9032258064516129,0.96875,0.8928964080369115,0.2560032340654898,0.8068186138463291
T120_P10_H1000_I0600_CN070_F1,California,unlimited_useful_deadline,unlimited,central_only,targeted_central,all_useful,deadline,-1.0,0.0,0.0,1.0,none,0.0,0,applicable,32.0,0.0,,0.0,85794.0,21165332.0,539439.6927986924,2858.0,2703.5,0.501168163205389,98.68688736822638,12.0,97.76041666666666,97.76041666666666,97.76041666666666,97.76041666666666,87.5,87.5,87.5,87.5,96.875,0.0,0.0,1.0,0.0,28.0,4.0,53.93506944444992,60.73472222222433,60.86472222223142,64.36736111111823,28.0,4.0,64.36736111111823,299.0,20.0375,0.5267051362029529,1.0,0.0,0.0,6.0,100.0,50.0,16.0,100.0,100.0,9.0,100.0,100.0,COMPLETED,120,10,1000.0,60.0,70.0,84,92d8fed940f111da,T120_P10_H1000_I0600_F1,0.979348544973545,False,0.7573400755469484,284,0.0,0.0,0.7545879752669957,273,0.8709677419354839,0.96875,0.9205888564020119,0.19670754166105198,0.8159257363364307
T120_P10_H1000_I0600_CN080_F1,California,unlimited_useful_deadline,unlimited,central_only,targeted_central,all_useful,deadline,-1.0,0.0,0.0,1.0,none,0.0,0,applicable,32.0,0.0,,0.0,94676.0,24629376.0,605949.3375984955,3152.0,3001.0,0.49525592550255,99.18360546484506,13.0,99.16666666666666,99.16666666666666,99.16666666666666,99.16666666666666,93.75,93.75,93.75,93.75,100.0,0.0,0.0,0.0,0.0,30.0,2.0,49.83541666668762,62.28430555556289,63.21861111111228,63.73472222222238,30.0,2.0,63.73472222222238,255.5,22.879166666666666,0.47907333211922554,1.0,100.0,100.0,6.0,100.0,66.66666666666666,16.0,100.0,100.0,9.0,100.0,100.0,COMPLETED,120,10,1000.0,60.0,80.0,96,b43162f81abeed89,T120_P10_H1000_I0600_F1,0.9682870370370371,False,0.7651403561554976,261,0.0,0.0,0.7581745970062286,264,0.9354838709677419,1.0,0.9225721756206364,0.13664825046040516,0.7961686879823594
T120_P10_H1000_I0600_CN090_F1,California,unlimited_useful_deadline,unlimited,central_only,targeted_central,all_useful,deadline,-1.0,0.0,0.0,1.0,none,0.0,0,applicable,32.0,0.0,,0.0,102179.0,28312768.0,676670.463998301,3482.0,3363.0,0.49699228486030744,99.77698483496877,12.0,99.42708333333334,99.42708333333334,99.42708333333334,99.42708333333334,93.75,93.75,93.75,93.75,100.0,0.0,0.0,0.0,0.0,30.0,2.0,46.37604166667934,50.30701388888954,53.10017361111472,56.03680555555717,30.0,2.0,56.03680555555717,245.0,25.983333333333334,0.4250962155227711,1.0,100.0,100.0,6.0,100.0,66.66666666666666,16.0,100.0,100.0,9.0,100.0,100.0,COMPLETED,120,10,1000.0,60.0,90.0,108,244e327cab30808a,T120_P10_H1000_I0600_F1,0.9756172839506173,False,0.7587601011500986,278,0.0,0.0,0.7524489726513257,282,0.9354838709677419,1.0,0.9467050993727846,0.0707945919238198,0.8092613009922822
T120_P10_H1000_I0600_CN100_F1,California,unlimited_useful_deadline,unlimited,central_only,targeted_central,all_useful,deadline,-1.0,0.0,0.0,1.0,none,0.0,0,applicable,32.0,0.0,,0.0,109569.0,32154088.0,750423.8079980958,3778.0,3668.0,0.4887904622569368,100.0,12.0,99.42708333333334,99.42708333333334,99.42708333333334,99.42708333333334,93.75,93.75,93.75,93.75,100.0,0.0,0.0,0.0,0.0,30.0,2.0,43.00972222224608,49.8550000000015,51.95190972224573,54.3673611111124,30.0,2.0,54.3673611111124,233.0,28.625,0.37663027656477444,1.0,100.0,100.0,6.0,100.0,66.66666666666666,16.0,100.0,100.0,9.0,100.0,100.0,COMPLETED,120,10,1000.0,60.0,100.0,120,f18f65065c0f71e2,T120_P10_H1000_I0600_F1,0.9776851851851851,False,0.7482142541519483,303,0.0,0.0,0.7420878004051048,305,0.9354838709677419,1.0,0.9519387979474518,0.01006153707945919,0.8129547960308707
T120_P10_H1000_I0800_CN010_F1,California,unlimited_useful_deadline,unlimited,central_only,targeted_central,all_useful,deadline,-1.0,0.0,0.0,1.0,none,0.0,0,applicable,32.0,0.0,,0.0,29833.0,6759380.0,223614.42879972752,961.0,793.0,0.35462827879958625,97.60403530895334,6.0,85.9375,85.9375,85.9375,85.9375,78.125,78.125,78.125,78.125,81.25,0.0,3.0,3.0,3.0,25.0,7.0,83.15138888888929,122.47472222223341,126.32916666669183,131.06875000002097,25.0,7.0,131.06875000002097,107.0,6.0125,0.9135770385770385,1.0,0.0,0.0,6.0,16.666666666666664,0.0,16.0,100.0,100.0,9.0,100.0,100.0,COMPLETED,120,10,1000.0,80.0,10.0,12,1e3a775c277e852b,T120_P10_H1000_I0800_F1,0.8882777777777777,False,0.7100015115340732,356,0.0,0.0,0.7039550094179156,378,0.7741935483870968,0.8125,0.7114803921354578,0.5683376005030768,0.6532635060639469
T120_P10_H1000_I0800_CN020_F1,California,unlimited_useful_deadline,unlimited,central_only,targeted_central,all_useful,deadline,-1.0,0.0,0.0,1.0,none,0.0,0,applicable,32.0,0.0,,0.0,57267.0,12362512.0,331194.56319941155,1259.0,1092.0,0.3297155573603148,99.58791208791209,8.0,90.84821428571428,90.84821428571428,90.84821428571428,90.84821428571428,84.375,84.375,84.375,84.375,96.875,0.0,1.0,0.0,1.0,27.0,5.0,64.55138888888953,78.98097222222273,83.85138888889675,84.5854166666834,27.0,5.0,84.5854166666834,103.0,8.604166666666666,0.8523446327683617,1.0,0.0,0.0,6.0,100.0,33.33333333333333,16.0,100.0,100.0,9.0,100.0,100.0,COMPLETED,120,10,1000.0,80.0,20.0,24,7d935a214969cfcf,T120_P10_H1000_I0800_F1,0.9556755829903979,False,0.792543695014331,193,0.0,0.0,0.7892903745636743,190,0.8387096774193549,0.96875,0.8572053704191063,0.5081435565736873,0.7736432684062232
T120_P10_H1000_I0800_CN030_F1,California,unlimited_useful_deadline,unlimited,central_only,targeted_central,all_useful,deadline,-1.0,0.0,0.0,1.0,none,0.0,0,applicable,32.0,0.0,,0.0,83671.0,18030108.0,440012.40639905573,1627.0,1489.0,0.3383995492730715,99.76494291470786,8.0,95.98214285714286,95.98214285714286,95.98214285714286,95.98214285714286,90.625,90.625,90.625,90.625,96.875,0.0,1.0,0.0,1.0,29.0,3.0,57.068750000000485,65.37777777777771,65.60861111111134,67.20069444444441,29.0,3.0,67.20069444444441,86.0,11.941666666666666,0.7869737148173994,1.0,0.0,0.0,6.0,100.0,66.66666666666666,16.0,100.0,100.0,9.0,100.0,100.0,COMPLETED,120,10,1000.0,80.0,30.0,36,3a1626cd470761f4,T120_P10_H1000_I0800_F1,0.9597381864623244,False,0.8068617873204919,156,0.0,0.0,0.8007454728561783,156,0.9032258064516129,0.96875,0.9117063729641649,0.4391456676997709,0.7808995171653423
T120_P10_H1000_I0800_CN040_F1,California,unlimited_useful_deadline,unlimited,central_only,targeted_central,all_useful,deadline,-1.0,0.0,0.0,1.0,none,0.0,0,applicable,32.0,0.0,,0.0,110371.0,24257300.0,559574.4927986742,1920.0,1790.0,0.3198859174311959,100.0,11.0,97.91666666666667,97.91666666666667,97.91666666666667,97.91666666666667,96.875,96.875,96.875,96.875,100.0,0.0,0.0,0.0,0.0,31.0,1.0,48.55138888888905,56.58541666666667,56.87708333333345,57.73472222222238,31.0,1.0,57.73472222222238,95.5,14.283333333333333,0.7166812524309607,1.0,100.0,0.0,6.0,100.0,100.0,16.0,100.0,100.0,9.0,100.0,100.0,COMPLETED,120,10,1000.0,80.0,40.0,48,ac140ff15109f091,T120_P10_H1000_I0800_F1,0.9611708482676224,False,0.8234850635656108,126,0.0,0.0,0.8142708870887464,131,0.967741935483871,1.0,0.9413821405478895,0.37877195346539105,0.7834584059465802
T120_P10_H1000_I0800_CN050_F1,California,unlimited_useful_deadline,unlimited,central_only,targeted_central,all_useful,deadline,-1.0,0.0,0.0,1.0,none,0.0,0,applicable,32.0,0.0,,0.0,132450.0,30167636.0,673052.9439983054,2254.0,2145.5,0.31877135656736716,100.0,11.0,97.4702380952381,97.4702380952381,97.4702380952381,97.4702380952381,93.75,93.75,93.75,93.75,100.0,0.0,0.0,0.0,0.0,30.0,2.0,47.93506944445089,53.21256944446323,55.792847222227245,59.73472222223354,30.0,2.0,59.73472222223354,83.5,17.3,0.66041265253693,1.0,100.0,0.0,6.0,100.0,83.33333333333334,16.0,100.0,100.0,9.0,100.0,100.0,COMPLETED,120,10,1000.0,80.0,50.0,60,093e6597b8ac56c3,T120_P10_H1000_I0800_F1,0.9663425925925927,False,0.8024981978902324,169,0.0,0.0,0.795358789347358,175,0.9354838709677419,1.0,0.9351121522387702,0.31350222342002426,0.7926957001102536
T120_P10_H1000_I0800_CN060_F1,California,unlimited_useful_deadline,unlimited,central_only,targeted_central,all_useful,deadline,-1.0,0.0,0.0,1.0,none,0.0,0,applicable,32.0,0.0,,0.0,155480.0,36212616.0,789116.5599978535,2578.0,2470.5,0.3130716202441272,100.0,11.0,98.95833333333334,98.95833333333334,98.95833333333334,98.95833333333334,96.875,96.875,96.875,96.875,100.0,0.0,0.0,0.0,0.0,31.0,1.0,42.63472222222457,51.16875000001164,52.02812500001164,53.338888888920096,31.0,1.0,53.338888888920096,92.0,19.9,0.5946991903964267,1.0,100.0,0.0,6.0,100.0,100.0,16.0,100.0,100.0,9.0,100.0,100.0,COMPLETED,120,10,1000.0,80.0,60.0,72,21d47ae4f2ba6e97,T120_P10_H1000_I0800_F1,0.9779868578255675,True,0.8051866298408275,161,0.0,0.0,0.7974742138647277,167,0.967741935483871,1.0,0.9551630523521337,0.25097246552576025,0.8134936159618734
T120_P10_H1000_I0800_CN070_F1,California,unlimited_useful_deadline,unlimited,central_only,targeted_central,all_useful,deadline,-1.0,0.0,0.0,1.0,none,0.0,0,applicable,32.0,0.0,,0.0,174827.0,42333980.0,906646.7487974212,2876.0,2780.0,0.30662438305628953,100.0,17.0,98.95833333333334,98.95833333333334,98.95833333333334,98.95833333333334,96.875,96.875,96.875,96.875,96.875,0.0,0.0,1.0,0.0,31.0,1.0,42.338888888891475,49.151388888889294,49.745138888906396,50.73472222222869,31.0,1.0,50.73472222222869,103.0,22.566666666666666,0.5617706794682422,1.0,0.0,0.0,6.0,100.0,100.0,16.0,100.0,100.0,9.0,100.0,100.0,COMPLETED,120,10,1000.0,80.0,70.0,84,ca163821e8b96499,T120_P10_H1000_I0800_F1,0.977031063321386,False,0.7880859038517197,208,0.0,0.0,0.7802881302627879,208,0.967741935483871,0.96875,0.9633270996296649,0.18983515249517138,0.8117864637052318
T120_P10_H1000_I0800_CN080_F1,California,unlimited_useful_deadline,unlimited,central_only,targeted_central,all_useful,deadline,-1.0,0.0,0.0,1.0,none,0.0,0,applicable,32.0,0.0,,0.0,195327.0,48809404.0,1030974.8895969314,3207.0,3124.0,0.3030141695518263,100.0,12.0,98.95833333333334,98.95833333333334,98.95833333333334,98.95833333333334,96.875,96.875,96.875,96.875,100.0,0.0,0.0,0.0,0.0,31.0,1.0,37.235416666672,45.16875000000097,45.52812500000291,45.73472222226216,31.0,1.0,45.73472222226216,113.5,25.295833333333334,0.4892919892384562,1.0,100.0,0.0,6.0,100.0,100.0,16.0,100.0,100.0,9.0,100.0,100.0,COMPLETED,120,10,1000.0,80.0,80.0,96,68eed7542e42cf97,T120_P10_H1000_I0800_F1,0.9795549581839905,False,0.7852997651870608,212,0.0,0.0,0.7777273890445136,211,0.967741935483871,1.0,0.9790020704022708,0.12559852670349905,0.8162944126329267
T120_P10_H1000_I0800_CN090_F1,California,unlimited_useful_deadline,unlimited,central_only,targeted_central,all_useful,deadline,-1.0,0.0,0.0,1.0,none,0.0,0,applicable,32.0,0.0,,0.0,214671.0,55405284.0,1157615.7855964107,3523.0,3452.0,0.29819911260293575,100.0,15.0,98.95833333333334,98.95833333333334,98.95833333333334,98.95833333333334,96.875,96.875,96.875,96.875,100.0,0.0,0.0,0.0,0.0,31.0,1.0,39.2006944444461,44.41944444444477,44.45347222222384,45.47083333333915,31.0,1.0,45.47083333333915,88.5,28.041666666666668,0.4429197622585439,1.0,100.0,0.0,6.0,100.0,100.0,16.0,100.0,100.0,9.0,100.0,100.0,COMPLETED,120,10,1000.0,80.0,90.0,108,51c1b95220fdf29b,T120_P10_H1000_I0800_F1,0.9802568697729988,False,0.773093424032326,238,0.0,0.0,0.7655837323867023,240,0.967741935483871,1.0,0.979829360526493,0.06279926335174953,0.8175481025713979
T120_P10_H1000_I0800_CN100_F1,California,unlimited_useful_deadline,unlimited,central_only,targeted_central,all_useful,deadline,-1.0,0.0,0.0,1.0,none,0.0,0,applicable,32.0,0.0,,0.0,232700.0,62046412.0,1285125.4431958615,3834.0,3768.0,0.29320094936644503,100.0,13.0,98.95833333333334,98.95833333333334,98.95833333333334,98.95833333333334,96.875,96.875,96.875,96.875,100.0,0.0,0.0,0.0,0.0,31.0,1.0,36.55138888889147,41.45347222222263,42.86006944444598,45.47083333333915,31.0,1.0,45.47083333333915,99.0,30.6,0.377398783587509,1.0,100.0,0.0,6.0,100.0,100.0,16.0,100.0,100.0,9.0,100.0,100.0,COMPLETED,120,10,1000.0,80.0,100.0,120,2bf44d2f7b7d30ea,T120_P10_H1000_I0800_F1,0.9824223416965353,True,0.7613293407526827,270,0.0,0.03,0.7540130374486317,274,0.967741935483871,1.0,0.979829360526493,0.0010780218299420625,0.8214158694028524
T120_P10_H1000_I0986_CN010_F1,California,unlimited_useful_deadline,unlimited,central_only,targeted_central,all_useful,deadline,-1.0,0.0,0.0,1.0,none,0.0,0,applicable,32.0,0.0,,0.0,29401.0,7977076.0,245855.23519973285,951.0,767.5,0.31217557737848567,93.9413680781759,6.0,84.11458333333333,84.11458333333333,84.11458333333333,84.11458333333333,78.125,78.125,78.125,78.125,81.25,0.0,1.0,5.0,1.0,25.0,7.0,84.41944444444476,119.25555555555582,121.40166666666686,134.734722222234,25.0,7.0,134.734722222234,107.5,5.6125,0.9087169017569909,1.0,0.0,0.0,6.0,16.666666666666664,0.0,16.0,100.0,100.0,9.0,100.0,100.0,COMPLETED,120,10,1000.0,98.6,10.0,12,e8f5f60ed2bdbf60,T120_P10_H1000_I0986_F1,0.886,False,0.7075508569310868,360,0.0,0.0,0.7013009369538488,380,0.7741935483870968,0.8125,0.6999875906481059,0.5706283968917037,0.6491951488423373
T120_P10_H1000_I0986_CN020_F1,California,unlimited_useful_deadline,unlimited,central_only,targeted_central,all_useful,deadline,-1.0,0.0,0.0,1.0,none,0.0,0,applicable,32.0,0.0,,0.0,58435.0,15090344.0,382429.9807993797,1257.0,1082.0,0.2829276087973893,98.93715341959334,7.0,92.91294642857143,92.91294642857143,92.91294642857143,92.91294642857143,78.125,78.125,78.125,78.125,90.625,0.0,0.0,3.0,0.0,25.0,7.0,64.63472222222227,84.58472222222306,85.8458333333345,86.45347222222384,25.0,7.0,86.45347222222384,88.0,8.516666666666667,0.8319390084801044,1.0,0.0,0.0,6.0,66.66666666666666,0.0,16.0,100.0,100.0,9.0,100.0,100.0,COMPLETED,120,10,1000.0,98.6,20.0,24,911e3845ebb5d52d,T120_P10_H1000_I0986_F1,0.9840555555555556,True,0.7705265190241357,247,0.0,0.0,0.7730334898958503,222,0.7741935483870968,0.90625,0.8513490271721269,0.509041908098639,0.824332965821389
T120_P10_H1000_I0986_CN030_F1,California,unlimited_useful_deadline,unlimited,central_only,targeted_central,all_useful,deadline,-1.0,0.0,0.0,1.0,none,0.0,0,applicable,32.0,0.0,,0.0,85388.0,22198932.0,518914.87039902445,1648.0,1522.5,0.29340072656412014,99.3431855500821,9.0,99.21875,99.21875,99.21875,99.21875,96.875,96.875,96.875,96.875,96.875,0.0,0.0,1.0,0.0,31.0,1.0,52.71736111111144,66.11736111111337,66.6104166666691,67.10347222222238,31.0,1.0,67.10347222222238,90.0,12.154166666666667,0.7728516740943892,1.0,0.0,0.0,6.0,100.0,100.0,16.0,100.0,100.0,9.0,100.0,100.0,COMPLETED,120,10,1000.0,98.6,30.0,36,1971805edce309fb,T120_P10_H1000_I0986_F1,0.9712813620071685,True,0.8255424860884143,120,0.0,0.0,0.8172312331097892,126,0.967741935483871,0.96875,0.9120111640625226,0.43613619009118265,0.8015168759113703
T120_P10_H1000_I0986_CN040_F1,California,unlimited_useful_deadline,unlimited,central_only,targeted_central,all_useful,deadline,-1.0,0.0,0.0,1.0,none,0.0,0,applicable,32.0,0.0,,0.0,110694.0,29324220.0,655720.3999986956,1947.0,1807.5,0.2756510244310831,99.86168741355463,11.0,100.0,100.0,100.0,100.0,100.0,100.0,100.0,100.0,100.0,0.0,0.0,0.0,0.0,32.0,0.0,48.28402777778004,57.32187500000126,59.88267361111163,63.03680555557415,32.0,0.0,63.03680555557415,88.5,14.529166666666667,0.7292395564477583,1.0,100.0,100.0,6.0,100.0,100.0,16.0,100.0,100.0,9.0,100.0,100.0,COMPLETED,120,10,1000.0,98.6,40.0,48,80cf777a07d700c3,T120_P10_H1000_I0986_F1,0.947019675925926,False,0.8241194281872126,125,0.0,0.0,0.8120285723437727,134,1.0,1.0,0.9247601402909362,0.3771998382967255,0.7581828831312016
T120_P10_H1000_I0986_CN050_F1,California,unlimited_useful_deadline,unlimited,central_only,targeted_central,all_useful,deadline,-1.0,0.0,0.0,1.0,none,0.0,0,applicable,32.0,0.0,,0.0,136344.0,36649228.0,796360.5535983453,2281.0,2179.5,0.27368256628884446,99.88529479238358,11.0,100.0,100.0,100.0,100.0,100.0,100.0,100.0,100.0,100.0,0.0,0.0,0.0,0.0,32.0,0.0,43.99270833333354,52.39861111111112,53.580034722222244,57.73472222222238,32.0,0.0,57.73472222222238,83.5,17.4875,0.680631006274323,1.0,100.0,100.0,6.0,100.0,100.0,16.0,100.0,100.0,9.0,100.0,100.0,COMPLETED,120,10,1000.0,98.6,50.0,60,007d39d3348d1898,T120_P10_H1000_I0986_F1,0.9647569444444445,False,0.8188455279352264,135,0.0,0.0,0.8083387059947633,138,1.0,1.0,0.9413821405478895,0.3104478282351884,0.7898635611907386
T120_P10_H1000_I0986_CN060_F1,California,unlimited_useful_deadline,unlimited,central_only,targeted_central,all_useful,deadline,-1.0,0.0,0.0,1.0,none,0.0,0,applicable,32.0,0.0,,0.0,160882.0,44268988.0,942659.9455978896,2599.0,2497.0,0.26488873444349625,99.9199038846616,13.0,100.0,100.0,100.0,100.0,100.0,100.0,100.0,100.0,100.0,0.0,0.0,0.0,0.0,32.0,0.0,41.20381944445659,49.554930555556666,51.29965277777792,52.73472222222238,32.0,0.0,52.73472222222238,89.0,20.2375,0.644741266900007,1.0,100.0,100.0,6.0,100.0,100.0,16.0,100.0,100.0,9.0,100.0,100.0,COMPLETED,120,10,1000.0,98.6,60.0,72,f871a5157769ab57,T120_P10_H1000_I0986_F1,0.9781828703703704,True,0.813206346392911,147,0.0,0.0,0.8038985321701988,147,1.0,1.0,0.9570571113206003,0.24859183398463822,0.8138437155457552
T120_P10_H1000_I0986_CN070_F1,California,unlimited_useful_deadline,unlimited,central_only,targeted_central,all_useful,deadline,-1.0,0.0,0.0,1.0,none,0.0,0,applicable,32.0,0.0,,0.0,187269.0,52252868.0,1095950.4415973306,2898.0,2808.0,0.25621596501274124,99.98219373219374,13.0,100.0,100.0,100.0,100.0,100.0,100.0,100.0,100.0,100.0,0.0,0.0,0.0,0.0,32.0,0.0,37.98541666666691,45.24749999999986,51.125347222223866,54.0750000000097,32.0,0.0,54.0750000000097,117.0,22.804166666666667,0.5967065594737804,1.0,100.0,100.0,6.0,100.0,100.0,16.0,100.0,100.0,9.0,100.0,100.0,COMPLETED,120,10,1000.0,98.6,70.0,84,06c356880df12918,T120_P10_H1000_I0986_F1,0.9789496527777778,False,0.8003170140756786,175,0.0,0.0,0.7910776776644328,186,1.0,1.0,0.9528553483217743,0.18731976822530658,0.8152132717750826
T120_P10_H1000_I0986_CN080_F1,California,unlimited_useful_deadline,unlimited,central_only,targeted_central,all_useful,deadline,-1.0,0.0,0.0,1.0,none,0.0,0,applicable,32.0,0.0,,0.0,209704.0,59993172.0,1244564.2783968758,3214.0,3135.5,0.25193556125834177,99.9840535799713,15.0,100.0,100.0,100.0,100.0,100.0,100.0,100.0,100.0,100.0,0.0,0.0,0.0,0.0,32.0,0.0,33.834722222222304,39.52534722223961,46.0331597222234,47.73472222222578,32.0,0.0,47.73472222222578,98.0,25.4625,0.4877175039546173,1.0,100.0,100.0,6.0,100.0,100.0,16.0,100.0,100.0,9.0,100.0,100.0,COMPLETED,120,10,1000.0,98.6,80.0,96,35b5ba13d5749afb,T120_P10_H1000_I0986_F1,0.9791666666666666,False,0.7917996332129208,196,0.0,0.0,0.7825796773143543,203,1.0,1.0,0.9727320820933005,0.12456542244980458,0.8156008820286658
T120_P10_H1000_I0986_CN090_F1,California,unlimited_useful_deadline,unlimited,central_only,targeted_central,all_useful,deadline,-1.0,0.0,0.0,1.0,none,0.0,0,applicable,32.0,0.0,,0.0,230440.0,67695084.0,1392440.9887964255,3534.0,3464.0,0.24877176324679678,99.95669745958429,15.0,100.0,100.0,100.0,100.0,100.0,100.0,100.0,100.0,100.0,0.0,0.0,0.0,0.0,32.0,0.0,35.30138888889536,40.16875000000087,45.03159722224486,46.036805555555716,32.0,0.0,46.036805555555716,94.0,28.104166666666668,0.48305782060785774,1.0,100.0,100.0,6.0,100.0,100.0,16.0,100.0,100.0,9.0,100.0,100.0,COMPLETED,120,10,1000.0,98.6,90.0,108,784a57a27e35e5a2,T120_P10_H1000_I0986_F1,0.9779658564814815,False,0.7799736722818295,225,0.0,0.0,0.770646477546438,229,1.0,1.0,0.9780550409182109,0.06172124152180747,0.8134561052921718
T120_P10_H1000_I0986_CN100_F1,California,unlimited_useful_deadline,unlimited,central_only,targeted_central,all_useful,deadline,-1.0,0.0,0.0,1.0,none,0.0,0,applicable,32.0,0.0,,0.0,252714.0,75786108.0,1547788.6495958874,3840.0,3780.0,0.2442193900948247,100.0,15.0,100.0,100.0,100.0,100.0,100.0,100.0,100.0,100.0,100.0,0.0,0.0,0.0,0.0,32.0,0.0,30.59305555556208,38.08402777777871,44.56840277777868,45.50902777777956,32.0,0.0,45.50902777777956,109.0,30.7375,0.39508720798879393,1.0,100.0,100.0,6.0,100.0,100.0,16.0,100.0,100.0,9.0,100.0,100.0,COMPLETED,120,10,1000.0,98.6,100.0,120,de94b775a21c8732,T120_P10_H1000_I0986_F1,0.9824508101851852,True,0.7691619318132211,253,0.06,0.92,0.760235267673199,261,1.0,1.0,0.9797096211664365,0.0,0.8214667171995589
T060_P03_H0500_I0600_CN000_F1,India,unlimited_useful_deadline,unlimited,central_only,targeted_central,all_useful,deadline,-1.0,0.0,0.0,1.0,none,0.0,0,applicable,773.0,0.0,,0.0,1172.0,425406.0,42540.6,5739.0,3387.5,7.962981246150736,0.0,1.0,37.86961581657235,37.86961581657235,37.86961581657235,37.86961581657235,14.23027166882277,14.23027166882277,14.23027166882277,14.23027166882277,57.309184993531694,11.0,313.0,6.0,324.0,110.0,663.0,95.35,144.11666666666667,145.47916666666669,198.18333333333334,110.0,663.0,198.18333333333334,3387.5,0.0,0.0,0.0,,,11.0,0.0,0.0,395.0,20.759493670886076,20.759493670886076,367.0,98.36512261580381,7.629427792915531,COMPLETED,60,3,500.0,60.0,0.0,0,20c5a3510aa1abf1,T060_P03_H0500_I0600_F1,0.8840972222222221,False,0.5791788398800132,388,0.0,0.28,0.6112848502454652,360,0.14119170984455962,0.5037593984962406,0.6351006211992836,0.9930606045336424,0.7833119171535995
T060_P03_H0500_I0600_CN010_F1,India,unlimited_useful_deadline,unlimited,central_only,targeted_central,all_useful,deadline,-1.0,0.0,0.0,1.0,none,0.0,0,applicable,773.0,0.0,,0.0,4538.0,1139166.0,56244.79199996922,9603.0,6002.0,10.671210234012928,49.99166944351883,5.0,49.45003368706208,49.45003368706208,49.45003368706208,49.45003368706208,14.61836998706339,14.61836998706339,14.61836998706339,14.61836998706339,71.02199223803363,11.0,174.0,39.0,185.0,113.0,660.0,94.93333333333334,144.4,150.13333333333333,252.3180555555659,113.0,660.0,252.3180555555659,4225.0,29.616666666666667,0.8150909773025699,0.0,,,11.0,0.0,0.0,395.0,47.08860759493671,20.759493670886076,367.0,98.9100817438692,8.446866485013624,COMPLETED,60,3,500.0,60.0,10.0,6,d4170b9c8e15a31d,T060_P03_H0500_I0600_F1,0.9308464437889216,True,0.5785278912642563,390,0.0,0.21,0.6153853599011087,353,0.1450777202072539,0.6631578947368421,0.42261721422512954,0.9638468773920158,0.8822270929443023
T060_P03_H0500_I0600_CN020_F1,India,unlimited_useful_deadline,unlimited,central_only,targeted_central,all_useful,deadline,-1.0,0.0,0.0,1.0,none,0.0,0,applicable,773.0,0.0,,0.0,6782.0,1763046.0,68223.28799994719,13998.0,9307.0,13.641969293545635,71.38712796819598,6.0,58.92356847656824,58.92356847656824,58.92356847656824,58.92356847656824,15.265200517464425,15.265200517464425,15.265200517464425,15.265200517464425,77.7490297542044,11.0,123.0,38.0,134.0,118.0,655.0,93.54166666666666,145.98333333333332,152.6676041666665,252.3180555555659,118.0,655.0,252.3180555555659,4777.5,75.49166666666666,0.7264396364572985,0.0,,,11.0,0.0,0.0,395.0,60.0,20.759493670886076,367.0,99.1825613079019,9.809264305177113,COMPLETED,60,3,500.0,60.0,20.0,12,6c993f020975db30,T060_P03_H0500_I0600_F1,0.9405994978028877,True,0.5923760947457049,377,0.0,0.1,0.6299415378660644,341,0.15155440414507773,0.7413533834586467,0.42261721422512954,0.9313194209491998,0.9028632665522682
T060_P03_H0500_I0600_CN030_F1,India,unlimited_useful_deadline,unlimited,central_only,targeted_central,all_useful,deadline,-1.0,0.0,0.0,1.0,none,0.0,0,applicable,773.0,0.0,,0.0,11640.0,2821404.0,88543.76159989933,19037.0,12946.5,14.621583458924022,82.91816321013401,8.0,74.57861922756935,74.57861922756935,74.57861922756935,74.57861922756935,50.19404915912031,50.19404915912031,50.19404915912031,50.19404915912031,78.26649417852522,11.0,116.0,41.0,127.0,388.0,385.0,146.68506944444525,335.99652777778925,346.2355902777779,357.8187500000001,388.0,385.0,357.8187500000001,5276.5,127.83333333333333,0.601529769665363,0.0,,,11.0,0.0,0.0,395.0,60.75949367088608,39.24050632911392,367.0,99.45504087193461,63.48773841961853,COMPLETED,60,3,500.0,60.0,30.0,18,3f1878e7fb99e758,T060_P03_H0500_I0600_F1,0.8584073119511264,False,0.5652817715970626,410,0.0,0.0,0.576664777830992,402,0.5012953367875648,0.7473684210526315,0.008517980434545769,0.8971866894140627,0.7289554614661553
T060_P03_H0500_I0600_CN040_F1,India,unlimited_useful_deadline,unlimited,central_only,targeted_central,all_useful,deadline,-1.0,0.0,0.0,1.0,none,0.0,0,applicable,773.0,0.0,,0.0,14260.0,3520536.0,101967.09599987298,22508.0,15671.5,15.369173600883487,87.95903391506876,10.0,78.87830937896555,78.87830937896555,78.87830937896555,78.87830937896555,55.23932729624838,55.23932729624838,55.23932729624838,55.23932729624838,81.37128072445019,11.0,88.0,45.0,99.0,427.0,346.0,149.68333333333334,333.73194444444607,344.37687500000624,354.95069444445215,427.0,346.0,354.95069444445215,5811.5,164.33333333333334,0.5400405679513185,0.0,,,11.0,0.0,0.0,395.0,67.08860759493672,42.78481012658228,367.0,99.1825613079019,70.29972752043598,COMPLETED,60,3,500.0,60.0,40.0,24,ac14883e48276b78,T060_P03_H0500_I0600_F1,0.8204148234885938,False,0.569373956177599,401,0.0,0.0,0.5742117013966521,408,0.5518134715025907,0.7834586466165413,0.019775343376803423,0.8674426696036722,0.6485683758836525
T060_P03_H0500_I0600_CN050_F1,India,unlimited_useful_deadline,unlimited,central_only,targeted_central,all_useful,deadline,-1.0,0.0,0.0,1.0,none,0.0,0,applicable,773.0,0.0,,0.0,15194.0,4197642.0,114967.53119986379,25905.0,18354.5,15.964942282784051,91.71047971887003,15.0,82.060463425949,82.060463425949,82.060463425949,82.060463425949,72.57438551099612,72.57438551099612,72.57438551099612,72.57438551099612,82.92367399741268,11.0,88.0,33.0,99.0,561.0,212.0,158.0708333333338,304.40069444444504,328.9506944444445,355.6868055555557,561.0,212.0,355.6868055555557,6206.0,202.475,0.45359715191175876,0.0,,,11.0,0.0,0.0,395.0,70.12658227848101,52.40506329113924,367.0,99.1825613079019,96.45776566757493,COMPLETED,60,3,500.0,60.0,50.0,30,71243a39aa04cee2,T060_P03_H0500_I0600_F1,0.7795223476596025,False,0.5969119478530013,374,0.0,0.0,0.5887447828118569,386,0.7253886010362695,0.8015037593984963,0.01688604441343733,0.8379002089976989,0.5620453002133827
T060_P03_H0500_I0600_CN060_F1,India,unlimited_useful_deadline,unlimited,central_only,targeted_central,all_useful,deadline,-1.0,0.0,0.0,1.0,none,0.0,0,applicable,773.0,0.0,,0.0,19496.0,5098014.0,132254.67359981692,29760.0,21579.0,16.316247594617987,94.55489132953335,12.0,85.9498057837953,85.9498057837953,85.9498057837953,85.9498057837953,75.80853816300129,75.80853816300129,75.80853816300129,75.80853816300129,86.02846054333764,11.0,66.0,31.0,77.0,586.0,187.0,151.84618055557547,305.9534722222381,324.012326388889,354.12083333333345,586.0,187.0,354.12083333333345,6541.0,250.63333333333333,0.39301990512922824,0.0,,,11.0,0.0,0.0,395.0,75.69620253164557,60.0,367.0,99.72752043596729,95.09536784741145,COMPLETED,60,3,500.0,60.0,60.0,36,b72aa2e0abac17d6,T060_P03_H0500_I0600_F1,0.852383548223992,False,0.6301516368677632,333,0.0,0.0,0.6280735344989153,343,0.7577720207253885,0.837593984962406,0.023032619095001206,0.8057590743633488,0.7162099733484324
T060_P03_H0500_I0600_CN070_F1,India,unlimited_useful_deadline,unlimited,central_only,targeted_central,all_useful,deadline,-1.0,0.0,0.0,1.0,none,0.0,0,applicable,773.0,0.0,,0.0,22862.0,6167988.0,152798.1743997798,33343.0,24536.5,16.058110704780358,96.45629979825974,11.0,89.81305002958545,89.81305002958545,89.81305002958545,89.81305002958545,81.63001293661061,81.63001293661061,81.63001293661061,81.63001293661061,87.58085381630013,11.0,48.0,37.0,59.0,631.0,142.0,130.65416666668608,250.65416666671663,266.46979166666785,283.3902777777786,631.0,142.0,283.3902777777786,7018.0,291.975,0.30250544662309364,0.0,,,11.0,0.0,0.0,395.0,78.73417721518987,66.83544303797468,367.0,99.72752043596729,100.0,COMPLETED,60,3,500.0,60.0,70.0,42,5ae91951e2410e5b,T060_P03_H0500_I0600_F1,0.9244225802664787,False,0.7205496944312751,185,0.0,0.0,0.7231783379492593,183,0.8160621761658031,0.855639097744361,0.3006560889249933,0.7748992803856499,0.8686350465254901
T060_P03_H0500_I0600_CN080_F1,India,unlimited_useful_deadline,unlimited,central_only,targeted_central,all_useful,deadline,-1.0,0.0,0.0,1.0,none,0.0,0,applicable,773.0,0.0,,0.0,23986.0,6875520.0,166382.78879976552,36607.0,27156.5,16.321700216650218,97.92867269346198,12.0,90.92933677579347,90.92933677579347,90.92933677579347,90.92933677579347,82.27684346701164,82.27684346701164,82.27684346701164,82.27684346701164,88.745148771022,11.0,39.0,37.0,50.0,636.0,137.0,123.168402777778,260.8684027777822,274.5017361111112,297.81875000000025,636.0,137.0,297.81875000000025,7448.5,328.46666666666664,0.25978790338948654,0.0,,,11.0,0.0,0.0,395.0,81.26582278481013,68.10126582278481,367.0,99.45504087193461,100.0,COMPLETED,60,3,500.0,60.0,80.0,48,e17e293126212be8,T060_P03_H0500_I0600_F1,0.9284838690892151,False,0.708989983464609,213,0.0,0.0,0.7117244503119398,211,0.822538860103627,0.8691729323308272,0.2440231034886976,0.7456591585863022,0.8772281970502454
T060_P03_H0500_I0600_CN090_F1,India,unlimited_useful_deadline,unlimited,central_only,targeted_central,all_useful,deadline,-1.0,0.0,0.0,1.0,none,0.0,0,applicable,773.0,0.0,,0.0,26984.0,7829862.0,184706.1551997307,40384.0,30317.5,16.413908874458667,99.12756658695473,15.0,93.58374565067479,93.58374565067479,93.58374565067479,93.58374565067479,88.48641655886158,88.48641655886158,88.48641655886158,88.48641655886158,89.90944372574386,11.0,30.0,37.0,41.0,684.0,89.0,115.36423611112642,246.45590277778587,257.7536458333498,267.3847222222354,684.0,89.0,267.3847222222354,7814.5,375.05,0.2004969707742672,0.0,,,11.0,0.0,0.0,395.0,83.29113924050633,80.25316455696202,367.0,99.72752043596729,100.0,COMPLETED,60,3,500.0,60.0,90.0,54,5fc3e7e8ec1fa78f,T060_P03_H0500_I0600_F1,0.9279172081438164,False,0.7445848971397828,141,0.0,0.0,0.7441506067126229,143,0.8847150259067358,0.8827067669172932,0.3634792611026312,0.713822762272916,0.8760292173635383
T060_P03_H0500_I0600_CN100_F1,India,unlimited_useful_deadline,unlimited,central_only,targeted_central,all_useful,deadline,-1.0,0.0,0.0,1.0,none,0.0,0,applicable,773.0,0.0,,0.0,29226.0,8790102.0,203142.76319970223,44057.0,33355.0,16.41948719935936,100.0,14.0,95.2341730885038,95.2341730885038,95.2341730885038,95.2341730885038,91.84993531694697,91.84993531694697,91.84993531694697,91.84993531694697,91.59120310478654,11.0,23.0,31.0,34.0,710.0,63.0,105.56979166667466,279.9534722222229,299.50347222222473,316.81875000000116,710.0,63.0,316.81875000000116,8539.5,413.59166666666664,0.14646121711564697,0.0,,,11.0,0.0,0.0,395.0,86.58227848101265,86.83544303797468,367.0,99.72752043596729,100.0,COMPLETED,60,3,500.0,60.0,100.0,60,3fb6b57677f289a3,T060_P03_H0500_I0600_F1,0.9369170579029733,False,0.7147154353968137,197,0.0,0.0,0.7135493317921593,206,0.9183937823834197,0.9022556390977443,0.16944648118821248,0.6825790460010893,0.8950717102903306
T060_P03_H0500_I0800_CN010_F1,India,unlimited_useful_deadline,unlimited,central_only,targeted_central,all_useful,deadline,-1.0,0.0,0.0,1.0,none,0.0,0,applicable,773.0,0.0,,0.0,5749.0,1249836.0,43752.935999957546,7623.0,4650.5,10.629000988652539,81.95892914740351,5.0,39.27010092032669,39.27010092032669,39.27010092032669,39.27010092032669,0.7761966364812419,0.7761966364812419,0.7761966364812419,0.7761966364812419,43.07891332470893,11.0,262.0,167.0,273.0,6.0,767.0,276.9336805555589,309.2850694444489,320.95954861111323,332.6340277777776,6.0,767.0,332.6340277777776,1617.0,50.55833333333333,0.9018597879237404,0.0,,,11.0,0.0,0.0,395.0,12.151898734177214,0.0,367.0,77.65667574931881,1.6348773841961852,COMPLETED,60,3,500.0,80.0,10.0,6,e42970d998a8561a,T060_P03_H0500_I0800_F1,0.8201388888888889,False,0.3820266101630293,543,0.0,0.0,0.41410200270265446,538,0.006476683937823834,0.33834586466165417,0.10737016553503176,0.9703327646484352,0.6479845347303272
T060_P03_H0500_I0800_CN020_F1,India,unlimited_useful_deadline,unlimited,central_only,targeted_central,all_useful,deadline,-1.0,0.0,0.0,1.0,none,0.0,0,applicable,773.0,0.0,,0.0,11913.0,2430516.0,66421.99199990256,13013.0,8401.5,12.648672144629936,93.54281973457121,12.0,59.4622596445317,59.4622596445317,59.4622596445317,59.4622596445317,42.43208279430789,42.43208279430789,42.43208279430789,42.43208279430789,53.94566623544631,11.0,177.0,168.0,188.0,328.0,445.0,256.8600694444477,332.49756944445437,354.6828125000013,359.78611111111627,328.0,445.0,359.78611111111627,1964.5,107.28333333333333,0.8006964942260888,0.0,,,11.0,0.0,0.0,395.0,23.544303797468356,21.012658227848103,367.0,88.28337874659401,66.7574931880109,COMPLETED,60,3,500.0,80.0,20.0,12,c6a63ed0c5930d2a,T060_P03_H0500_I0800_F1,0.7789944670280037,True,0.4702575416940031,504,0.0,0.0,0.47712520394464786,508,0.42357512953367876,0.46466165413533833,0.0007959200917895259,0.9356649414158573,0.5609283745465755
T060_P03_H0500_I0800_CN030_F1,India,unlimited_useful_deadline,unlimited,central_only,targeted_central,all_useful,deadline,-1.0,0.0,0.0,1.0,none,0.0,0,applicable,773.0,0.0,,0.0,15159.0,3309822.0,83304.667199872,16346.0,11049.0,13.263362511838926,96.23495338944701,12.0,66.10008104773026,66.10008104773026,66.10008104773026,66.10008104773026,52.13454075032341,52.13454075032341,52.13454075032341,52.13454075032341,57.309184993531694,11.0,135.0,184.0,146.0,403.0,370.0,219.21736111111193,284.83194444444536,307.1767361111115,346.5194444444445,403.0,370.0,346.5194444444445,2501.5,142.45833333333334,0.7234015794091839,0.0,,,11.0,0.0,0.0,395.0,33.164556962025316,30.886075949367086,367.0,85.01362397820164,76.566757493188,COMPLETED,60,3,500.0,80.0,30.0,18,e20b802293789765,T060_P03_H0500_I0800_F1,0.8262797536991086,True,0.5219122090096899,459,0.0,0.0,0.528924829242994,465,0.5207253886010362,0.5037593984962406,0.05286871952267225,0.9062928463279033,0.6609777932671177
T060_P03_H0500_I0800_CN040_F1,India,unlimited_useful_deadline,unlimited,central_only,targeted_central,all_useful,deadline,-1.0,0.0,0.0,1.0,none,0.0,0,applicable,773.0,0.0,,0.0,21089.0,4462032.0,105427.09919981007,19611.0,13887.5,13.172609419595052,97.3969396939694,11.0,70.18431995517469,70.18431995517469,70.18431995517469,70.18431995517469,55.627425614489,55.627425614489,55.627425614489,55.627425614489,60.80206985769728,11.0,107.0,185.0,118.0,430.0,343.0,177.62777777777777,261.32194444444457,285.60607638889616,344.83472222223065,430.0,343.0,344.83472222223065,3071.5,180.26666666666668,0.6436482988165682,0.0,,,11.0,0.0,0.0,395.0,42.278481012658226,42.53164556962025,367.0,82.56130790190736,71.38964577656675,COMPLETED,60,3,500.0,80.0,40.0,24,296ee4ab85150492,T060_P03_H0500_I0800_F1,0.8805135658914729,False,0.5512535639694484,426,0.0,0.0,0.5622550585697639,418,0.555699481865285,0.544360902255639,0.05948139809358122,0.8760041367627193,0.7757293738715949
T060_P03_H0500_I0800_CN050_F1,India,unlimited_useful_deadline,unlimited,central_only,targeted_central,all_useful,deadline,-1.0,0.0,0.0,1.0,none,0.0,0,applicable,773.0,0.0,,0.0,26261.0,5593752.0,127156.12319975196,23697.0,17239.0,13.557349474172728,98.19015024073322,18.0,75.6570882636157,75.6570882636157,75.6570882636157,75.6570882636157,59.2496765847348,59.2496765847348,59.2496765847348,59.2496765847348,66.36481241914618,11.0,84.0,165.0,95.0,458.0,315.0,165.3361111111129,253.75166666666735,266.5845486111112,345.05,458.0,315.0,345.05,3505.0,228.9,0.5579996116693364,0.0,,,11.0,0.0,0.0,395.0,50.37974683544304,48.60759493670886,367.0,85.55858310626702,72.47956403269755,COMPLETED,60,3,500.0,80.0,50.0,30,e8c81870b55bb13a,T060_P03_H0500_I0800_F1,0.8758753841177421,False,0.5650620663548993,412,0.0,0.0,0.5737594004634576,409,0.5919689119170986,0.6090225563909774,0.058636414434507844,0.8432535254864416,0.7659155940882623
T060_P03_H0500_I0800_CN060_F1,India,unlimited_useful_deadline,unlimited,central_only,targeted_central,all_useful,deadline,-1.0,0.0,0.0,1.0,none,0.0,0,applicable,773.0,0.0,,0.0,31745.0,6917004.0,152562.56159969734,27006.0,20043.0,13.13756126656421,98.85745646859253,16.0,79.01552782680821,79.01552782680821,79.01552782680821,79.01552782680821,63.77749029754204,63.77749029754204,63.77749029754204,63.77749029754204,66.10608020698578,11.0,64.0,187.0,75.0,493.0,280.0,141.38750000000047,224.19111111111158,236.8444444444452,335.8347222222224,493.0,280.0,335.8347222222224,4044.0,266.65,0.4750734420901306,0.0,,,11.0,0.0,0.0,395.0,52.911392405063296,59.49367088607595,367.0,82.28882833787466,70.29972752043598,COMPLETED,60,3,500.0,80.0,60.0,36,f0471cb6c8c8414d,T060_P03_H0500_I0800_F1,0.9169286680189318,False,0.5900337799404546,378,0.0,0.0,0.600807440885936,372,0.6373056994818652,0.6060150375939851,0.09480716655173638,0.8131303824106001,0.852778918391493
T060_P03_H0500_I0800_CN070_F1,India,unlimited_useful_deadline,unlimited,central_only,targeted_central,all_useful,deadline,-1.0,0.0,0.0,1.0,none,0.0,0,applicable,773.0,0.0,,0.0,34631.0,8027388.0,173881.9343996657,31513.0,23496.0,13.512617099137339,99.20411985018727,14.0,83.99108782350822,83.99108782350822,83.99108782350822,83.99108782350822,69.08150064683053,69.08150064683053,69.08150064683053,69.08150064683053,71.79818887451488,11.0,54.0,153.0,65.0,534.0,239.0,140.58541666666676,221.41569444444474,251.94749999999993,335.4006944444445,534.0,239.0,335.4006944444445,4450.5,317.425,0.3979072046765204,0.0,,,11.0,0.0,0.0,395.0,58.734177215189874,63.79746835443038,367.0,88.0108991825613,76.83923705722071,COMPLETED,60,3,500.0,80.0,70.0,42,cf0e7b68ec87ffda,T060_P03_H0500_I0800_F1,0.9091344153141906,False,0.6077635000712035,365,0.0,0.0,0.6150571401593277,354,0.6904145077720207,0.6721804511278195,0.09651076263864478,0.7798926697236479,0.8362873095345058
T060_P03_H0500_I0800_CN080_F1,India,unlimited_useful_deadline,unlimited,central_only,targeted_central,all_useful,deadline,-1.0,0.0,0.0,1.0,none,0.0,0,applicable,773.0,0.0,,0.0,40185.0,9414678.0,200517.90239959923,34294.0,26123.5,13.028013801949792,99.49853580109863,16.0,83.67478336453003,83.67478336453003,83.67478336453003,83.67478336453003,69.98706338939198,69.98706338939198,69.98706338939198,69.98706338939198,69.98706338939198,11.0,48.0,173.0,59.0,541.0,232.0,121.55763888888944,197.4680555555562,223.82152777777793,358.9506944444475,541.0,232.0,358.9506944444475,4906.0,353.625,0.31745532382860064,0.0,,,11.0,0.0,0.0,395.0,61.01265822784811,71.89873417721519,367.0,81.74386920980926,70.02724795640327,COMPLETED,60,3,500.0,80.0,80.0,48,c489bd2f3393128e,T060_P03_H0500_I0800_F1,0.9191124118573288,False,0.5846442564126699,382,0.0,0.0,0.5925401347390316,382,0.699481865284974,0.6511278195488721,0.0040750018398783006,0.7506165552092257,0.8573994318122079
T060_P03_H0500_I0800_CN090_F1,India,unlimited_useful_deadline,unlimited,central_only,targeted_central,all_useful,deadline,-1.0,0.0,0.0,1.0,none,0.0,0,applicable,773.0,0.0,,0.0,44679.0,10689690.0,224998.13279954213,37393.0,28877.0,12.83432873006436,99.78010181112997,14.0,84.50953450482722,84.50953450482722,84.50953450482722,84.50953450482722,72.1862871927555,72.1862871927555,72.1862871927555,72.1862871927555,68.5640362225097,11.0,37.0,195.0,48.0,558.0,215.0,118.71006944444437,187.33277777778173,213.01086805556025,359.95069444444465,558.0,215.0,359.95069444444465,5365.5,391.85833333333335,0.24615861741417322,0.0,,,11.0,0.0,0.0,395.0,64.30379746835443,80.0,367.0,75.20435967302453,65.9400544959128,COMPLETED,60,3,500.0,80.0,90.0,54,1e2cbc6a74d389bf,T060_P03_H0500_I0800_F1,0.9138050909332271,False,0.5783955531090745,391,0.0,0.0,0.5846289156754481,388,0.7215025906735751,0.6345864661654135,0.0001499164556535426,0.7207357630815524,0.8461698420010453
T060_P03_H0500_I0800_CN100_F1,India,unlimited_useful_deadline,unlimited,central_only,targeted_central,all_useful,deadline,-1.0,0.0,0.0,1.0,none,0.0,0,applicable,773.0,0.0,,0.0,49353.0,12041250.0,250948.08479948167,40074.0,31538.5,12.567738871249254,100.0,14.0,83.26881879389583,83.26881879389583,83.26881879389583,83.26881879389583,71.92755498059509,71.92755498059509,71.92755498059509,71.92755498059509,65.97671410090557,11.0,36.0,216.0,47.0,556.0,217.0,97.01215277779787,174.6888888888894,179.918055555557,358.9506944444475,556.0,217.0,358.9506944444475,5764.5,429.56666666666666,0.15014226222808524,0.0,,,11.0,0.0,0.0,395.0,68.60759493670886,86.07594936708861,367.0,65.12261580381471,58.855585831062676,COMPLETED,60,3,500.0,80.0,100.0,60,54a29d466b9f7e8f,T060_P03_H0500_I0800_F1,0.9223479549693577,False,0.5693413436281279,402,0.0,0.0,0.5766080184492116,403,0.7189119170984456,0.6045112781954888,0.0040750018398783006,0.6912964815921258,0.8642454135201196
T060_P03_H0500_I0986_CN010_F1,India,unlimited_useful_deadline,unlimited,central_only,targeted_central,all_useful,deadline,-1.0,0.0,0.0,1.0,none,0.0,0,applicable,773.0,0.0,,0.0,5995.0,1233870.0,42350.25599994434,8215.0,4698.0,11.093203309104377,67.33716475095785,5.0,38.80661240258983,38.80661240258983,38.80661240258983,38.80661240258983,0.258732212160414,0.258732212160414,0.258732212160414,0.258732212160414,39.715394566623544,6.0,301.0,159.0,307.0,2.0,771.0,338.39270833333427,338.63854166666687,338.6692708333334,338.7,2.0,771.0,338.7,2428.0,37.833333333333336,0.8880616740088105,0.0,,,11.0,0.0,0.0,395.0,12.658227848101266,0.0,367.0,70.02724795640327,0.544959128065395,COMPLETED,60,3,500.0,98.6,10.0,6,cf8b3a0c0f06bcfe,T060_P03_H0500_I0986_F1,0.8439814814814816,False,0.37567140828401735,546,0.0,0.0,0.41052825695958417,540,0.0012953367875647669,0.2992481203007519,0.08356070662440573,0.9701048107862968,0.6984323102989017
T060_P03_H0500_I0986_CN020_F1,India,unlimited_useful_deadline,unlimited,central_only,targeted_central,all_useful,deadline,-1.0,0.0,0.0,1.0,none,0.0,0,applicable,773.0,0.0,,0.0,12245.0,2378790.0,64332.71999988506,12518.0,7601.0,11.815138548492245,83.51532693066702,7.0,53.637703632818614,53.637703632818614,53.637703632818614,53.637703632818614,30.012936610608023,30.012936610608023,30.012936610608023,30.012936610608023,53.169469598965065,6.0,251.0,105.0,257.0,232.0,541.0,243.8840277777781,351.47145833334014,354.3041666666667,359.76875000000825,232.0,541.0,359.76875000000825,2949.0,77.53333333333333,0.7901010318142734,0.0,,,11.0,0.0,0.0,395.0,19.49367088607595,13.164556962025317,367.0,91.00817438692098,49.04632152588556,COMPLETED,60,3,500.0,98.6,20.0,12,0b21f01674b980b8,T060_P03_H0500_I0986_F1,0.7252953384418902,True,0.42110386166273994,526,0.0,0.0,0.42850812745658606,529,0.29922279792746115,0.45563909774436084,0.0008640639352537338,0.9395065638714724,0.447308113804382
T060_P03_H0500_I0986_CN030_F1,India,unlimited_useful_deadline,unlimited,central_only,targeted_central,all_useful,deadline,-1.0,0.0,0.0,1.0,none,0.0,0,applicable,773.0,0.0,,0.0,16201.0,3336576.0,82722.21119983694,15575.0,9727.0,11.758631519776365,89.49316335972037,10.0,59.34612586240523,59.34612586240523,59.34612586240523,59.34612586240523,43.20827943078913,43.20827943078913,43.20827943078913,43.20827943078913,56.92108667529108,6.0,236.0,91.0,242.0,334.0,439.0,312.61770833333344,346.5865972222221,353.2039236111112,359.78402777777785,334.0,439.0,359.78402777777785,3425.0,105.03333333333333,0.712853062519835,0.0,,,11.0,0.0,0.0,395.0,20.506329113924053,20.253164556962027,367.0,97.82016348773843,69.20980926430518,COMPLETED,60,3,500.0,98.6,30.0,18,22f744d5a43c5d88,T060_P03_H0500_I0986_F1,0.7590541139942338,False,0.468185246884555,509,0.0,0.0,0.4725547504853882,515,0.4313471502590674,0.49924812030075194,0.0008040973530266671,0.912637162238363,0.5187372222757319
T060_P03_H0500_I0986_CN040_F1,India,unlimited_useful_deadline,unlimited,central_only,targeted_central,all_useful,deadline,-1.0,0.0,0.0,1.0,none,0.0,0,applicable,773.0,0.0,,0.0,22349.0,4505628.0,105168.00959977107,18767.0,12033.0,11.441692246333236,93.10230200282557,10.0,64.35388900426238,64.35388900426238,64.35388900426238,64.35388900426238,50.71151358344114,50.71151358344114,50.71151358344114,50.71151358344114,58.08538163001293,6.0,204.0,114.0,210.0,392.0,381.0,294.9361111111109,341.9474305555557,354.2133333333333,359.75,392.0,381.0,359.75,3863.0,136.16666666666666,0.6345797633618933,0.0,,,11.0,0.0,0.0,395.0,20.759493670886076,24.81012658227848,367.0,100.0,80.10899182561307,COMPLETED,60,3,500.0,98.6,40.0,24,203cc4d64ab52438,T060_P03_H0500_I0986_F1,0.8560716647770219,True,0.5149459120065857,463,0.0,0.0,0.5258227548426093,468,0.5064766839378239,0.512781954887218,0.0009376592862405664,0.8849039354434662,0.7240135406582979
T060_P03_H0500_I0986_CN050_F1,India,unlimited_useful_deadline,unlimited,central_only,targeted_central,all_useful,deadline,-1.0,0.0,0.0,1.0,none,0.0,0,applicable,773.0,0.0,,0.0,27943.0,5739708.0,128862.34559972811,21761.0,14257.0,11.063743977069187,95.52500526057375,10.0,68.78794240416687,68.78794240416687,68.78794240416687,68.78794240416687,57.4385510996119,57.4385510996119,57.4385510996119,57.4385510996119,58.08538163001293,6.0,183.0,135.0,189.0,444.0,329.0,292.0885416666663,341.16215277777786,348.6013541666745,358.8680555555557,444.0,329.0,358.8680555555557,4173.5,168.05833333333334,0.5446116593114163,0.0,,,11.0,0.0,0.0,395.0,20.759493670886076,29.11392405063291,367.0,100.0,89.64577656675749,COMPLETED,60,3,500.0,98.6,50.0,30,47830e45bed0e091,T060_P03_H0500_I0986_F1,0.8705695278611945,False,0.5316110248052363,453,0.0,0.0,0.5406537701266825,452,0.5738341968911918,0.512781954887218,0.004399366534836857,0.8575642290000504,0.7546891033201152
T060_P03_H0500_I0986_CN060_F1,India,unlimited_useful_deadline,unlimited,central_only,targeted_central,all_useful,deadline,-1.0,0.0,0.0,1.0,none,0.0,0,applicable,773.0,0.0,,0.0,32807.0,6948666.0,152074.33919965973,24665.0,16435.0,10.807214475824448,97.14633404320048,12.0,71.3213611681669,71.3213611681669,71.3213611681669,71.3213611681669,63.518758085381634,63.518758085381634,63.518758085381634,63.518758085381634,58.08538163001293,6.0,168.0,150.0,174.0,491.0,282.0,288.22013888888927,339.8680555555558,347.6100694444475,359.25,491.0,282.0,359.25,4537.0,198.3,0.4784529612820083,0.0,,,11.0,0.0,0.0,395.0,20.759493670886076,32.40506329113924,367.0,100.0,98.9100817438692,COMPLETED,60,3,500.0,98.6,60.0,36,a67f156eb77f1366,T060_P03_H0500_I0986_F1,0.889335822584295,False,0.5470636589252998,431,0.0,0.0,0.5550477127967459,431,0.6347150259067359,0.512781954887218,0.0029002019783584965,0.830445277875758,0.7943961033356597
T060_P03_H0500_I0986_CN070_F1,India,unlimited_useful_deadline,unlimited,central_only,targeted_central,all_useful,deadline,-1.0,0.0,0.0,1.0,none,0.0,0,applicable,773.0,0.0,,0.0,35643.0,8108850.0,174349.87199963225,27421.0,18506.5,10.614576189673965,98.2114392240564,10.0,72.95199031166231,72.95199031166231,72.95199031166231,72.95199031166231,65.07115135834411,65.07115135834411,65.07115135834411,65.07115135834411,58.08538163001293,6.0,172.0,146.0,178.0,503.0,270.0,283.22083333333234,328.944166666667,334.4329166666689,355.43402777777777,503.0,270.0,355.43402777777777,4787.5,228.65,0.40067303253395536,0.0,,,11.0,0.0,0.0,395.0,20.759493670886076,35.949367088607595,367.0,100.0,98.36512261580381,COMPLETED,60,3,500.0,98.6,70.0,42,3db8d333d9fcb775,T060_P03_H0500_I0986_F1,0.9052895589426404,False,0.5536871014546547,423,0.0,0.0,0.5625817531607249,417,0.6502590673575129,0.512781954887218,0.01787821877445306,0.8038374233055229,0.8281521014789177
T060_P03_H0500_I0986_CN080_F1,India,unlimited_useful_deadline,unlimited,central_only,targeted_central,all_useful,deadline,-1.0,0.0,0.0,1.0,none,0.0,0,applicable,773.0,0.0,,0.0,40707.0,9484740.0,200766.95999958672,30433.0,20798.5,10.359523300070297,98.94703944996033,12.0,74.99604914859152,74.99604914859152,74.99604914859152,74.99604914859152,69.21086675291073,69.21086675291073,69.21086675291073,69.21086675291073,58.08538163001293,6.0,158.0,160.0,164.0,535.0,238.0,269.78680555555474,322.8187500000015,330.04826388888904,355.0833333333333,535.0,238.0,355.0833333333333,5166.5,260.53333333333336,0.3228420334356876,0.0,,,11.0,0.0,0.0,395.0,20.759493670886076,42.53164556962025,367.0,100.0,100.0,COMPLETED,60,3,500.0,98.6,80.0,48,ce45c72178d4adfb,T060_P03_H0500_I0986_F1,0.9295569401176879,False,0.5664938746162972,407,0.0,0.0,0.5758833160663188,405,0.6917098445595854,0.512781954887218,0.01925472441267473,0.7761713829120986,0.8794986735600169
T060_P03_H0500_I0986_CN090_F1,India,unlimited_useful_deadline,unlimited,central_only,targeted_central,all_useful,deadline,-1.0,0.0,0.0,1.0,none,0.0,0,applicable,773.0,0.0,,0.0,44909.0,10782258.0,225679.30559953564,32997.0,22668.5,10.044562987190725,99.64267596003265,13.0,75.1758128876773,75.1758128876773,75.1758128876773,75.1758128876773,69.72833117723157,69.72833117723157,69.72833117723157,69.72833117723157,58.08538163001293,6.0,160.0,158.0,166.0,539.0,234.0,257.91875000000095,320.435138888889,326.961458333335,344.7361111111114,539.0,234.0,344.7361111111114,5399.5,287.81666666666666,0.23851603065222848,0.0,,,11.0,0.0,0.0,395.0,20.759493670886076,43.54430379746835,367.0,100.0,100.0,COMPLETED,60,3,500.0,98.6,90.0,54,ac50e989f19d6eab,T060_P03_H0500_I0986_F1,0.9382395382395382,False,0.5735394720450362,398,0.0,0.0,0.5835884076566039,392,0.6968911917098446,0.512781954887218,0.05986845512455852,0.7505305326201976,0.8978699039412009
T060_P03_H0500_I0986_CN100_F1,India,unlimited_useful_deadline,unlimited,central_only,targeted_central,all_useful,deadline,-1.0,0.0,0.0,1.0,none,0.0,0,applicable,773.0,0.0,,0.0,49299.0,12165258.0,252232.90559948707,35957.0,24947.0,9.890462126940955,100.0,14.0,76.5645371577575,76.5645371577575,76.5645371577575,76.5645371577575,73.35058214747735,73.35058214747735,73.35058214747735,73.35058214747735,58.08538163001293,6.0,148.0,170.0,154.0,567.0,206.0,223.33472222222383,307.55833333334516,316.0899305555559,344.7361111111114,567.0,206.0,344.7361111111114,5749.5,319.9583333333333,0.1539223857273082,0.0,,,11.0,0.0,0.0,395.0,20.759493670886076,50.63291139240506,367.0,100.0,100.0,COMPLETED,60,3,500.0,98.6,100.0,60,5ffbbe164b4c3c75,T060_P03_H0500_I0986_F1,0.9545496113397348,False,0.5822630727975878,386,0.0,0.0,0.5922240348868505,383,0.733160621761658,0.512781954887218,0.05986845512455852,0.7229292791139074,0.9323798635469104
T060_P03_H0800_I0600_CN000_F1,India,unlimited_useful_deadline,unlimited,central_only,targeted_central,all_useful,deadline,-1.0,0.0,0.0,1.0,none,0.0,0,applicable,773.0,0.0,,0.0,1213.0,688152.0,68815.2,5510.0,3239.5,4.707535544472733,0.0,1.0,38.58691505795307,38.58691505795307,38.58691505795307,38.58691505795307,14.23027166882277,14.23027166882277,14.23027166882277,14.23027166882277,58.08538163001293,11.0,313.0,0.0,324.0,110.0,663.0,101.48333333333333,104.77833333333334,105.17916666666667,109.43333333333334,110.0,663.0,109.43333333333334,3239.5,0.0,0.0,0.0,,,11.0,0.0,0.0,395.0,20.759493670886076,20.759493670886076,367.0,100.0,7.629427792915531,COMPLETED,60,3,800.0,60.0,0.0,0,e344899d5bc32bd3,T060_P03_H0800_I0600_F1,0.8888320707070707,True,0.6522984150429239,308,0.14,11.06,0.6849053410969429,251,0.14119170984455962,0.512781954887218,0.9834519490502175,0.9937708607777785,0.7933302309249406
T060_P03_H0800_I0600_CN010_F1,India,unlimited_useful_deadline,unlimited,central_only,targeted_central,all_useful,deadline,-1.0,0.0,0.0,1.0,none,0.0,0,applicable,773.0,0.0,,0.0,4373.0,1353576.0,81591.3407999703,9380.0,5964.5,7.31021201701121,52.35141252410093,5.0,49.569681952866674,49.569681952866674,49.569681952866674,49.569681952866674,16.041397153945667,16.041397153945667,16.041397153945667,16.041397153945667,70.63389391979301,11.0,180.0,36.0,191.0,124.0,649.0,101.98333333333333,106.99687500000412,130.9549652777776,154.03402777777762,124.0,649.0,154.03402777777762,4391.0,26.225,0.8249390954348057,0.0,,,11.0,0.0,0.0,395.0,45.31645569620253,20.759493670886076,367.0,100.0,11.444141689373296,COMPLETED,60,3,800.0,60.0,10.0,6,cb8eacf5c9ccb76a,T060_P03_H0800_I0600_F1,0.9298013739545997,True,0.6580467602405039,294,0.65,7.93,0.6940812321600563,230,0.15932642487046633,0.6586466165413534,0.808390415159559,0.9640268409673882,0.8800158632615146
T060_P03_H0800_I0600_CN020_F1,India,unlimited_useful_deadline,unlimited,central_only,targeted_central,all_useful,deadline,-1.0,0.0,0.0,1.0,none,0.0,0,applicable,773.0,0.0,,0.0,6481.0,1941174.0,92873.22239994438,13997.0,9471.0,10.197772571317254,73.9679020166825,6.0,58.922248734641244,58.922248734641244,58.922248734641244,58.922248734641244,16.041397153945667,16.041397153945667,16.041397153945667,16.041397153945667,77.61966364812419,11.0,119.0,43.0,130.0,124.0,649.0,95.8,108.86374999999991,152.17777777778144,201.65138888888856,124.0,649.0,201.65138888888856,5223.0,70.8,0.7328821406151915,0.0,,,11.0,0.0,0.0,395.0,58.9873417721519,20.759493670886076,367.0,100.0,11.444141689373296,COMPLETED,60,3,800.0,60.0,20.0,12,60ed61d225c9c754,T060_P03_H0800_I0600_F1,0.945430107526882,True,0.6351682782520703,325,0.06,0.69,0.6728561669311753,280,0.15932642487046633,0.7398496240601503,0.6214882070264557,0.9305323802462381,0.9130841984525662
T060_P03_H0800_I0600_CN030_F1,India,unlimited_useful_deadline,unlimited,central_only,targeted_central,all_useful,deadline,-1.0,0.0,0.0,1.0,none,0.0,0,applicable,773.0,0.0,,0.0,11033.0,2920896.0,111683.8847998899,19144.0,13266.5,11.878616170784452,84.25357102476161,7.0,74.6273043242403,74.6273043242403,74.6273043242403,74.6273043242403,48.900388098318246,48.900388098318246,48.900388098318246,48.900388098318246,80.59508408796894,11.0,95.0,44.0,106.0,378.0,395.0,143.35208333333358,338.99826388888994,345.44232638889224,359.9506944444453,378.0,395.0,359.9506944444453,6144.0,118.70833333333333,0.6103603603603605,0.0,,,11.0,0.0,0.0,395.0,64.81012658227849,39.74683544303797,367.0,100.0,60.217983651226156,COMPLETED,60,3,800.0,60.0,30.0,18,49d015322cf61b82,T060_P03_H0800_I0600_F1,0.8452135998432294,False,0.561288790104341,415,0.0,0.0,0.5719236571562811,411,0.48834196891191717,0.7744360902255638,0.00014991645565110012,0.8956510002375518,0.7010393099507217
T060_P03_H0800_I0600_CN040_F1,India,unlimited_useful_deadline,unlimited,central_only,targeted_central,all_useful,deadline,-1.0,0.0,0.0,1.0,none,0.0,0,applicable,773.0,0.0,,0.0,13495.0,3575214.0,124246.79039985791,22788.0,16162.0,13.007981894732698,89.41962628387576,10.0,78.8205124658394,78.8205124658394,78.8205124658394,78.8205124658394,53.04010349288486,53.04010349288486,53.04010349288486,53.04010349288486,82.66494178525227,11.0,88.0,35.0,99.0,410.0,363.0,145.76875000000024,332.0940972222269,340.6978125000002,357.8187500000001,410.0,363.0,357.8187500000001,6900.5,154.35833333333332,0.550834997930501,0.0,,,11.0,0.0,0.0,395.0,68.86075949367088,41.265822784810126,367.0,100.0,67.30245231607628,COMPLETED,60,3,800.0,60.0,40.0,24,00c59de2ff708944,T060_P03_H0800_I0600_F1,0.827375790424571,False,0.566363309266852,408,0.0,0.0,0.5730385150690138,410,0.5297927461139896,0.7984962406015038,0.008517980434545769,0.865088746037802,0.6632968621572275
T060_P03_H0800_I0600_CN050_F1,India,unlimited_useful_deadline,unlimited,central_only,targeted_central,all_useful,deadline,-1.0,0.0,0.0,1.0,none,0.0,0,applicable,773.0,0.0,,0.0,14365.0,4232268.0,136862.22719984158,26577.0,19155.0,13.995826600155,92.6311667971809,11.0,83.64468926220039,83.64468926220039,83.64468926220039,83.64468926220039,72.96248382923673,72.96248382923673,72.96248382923673,72.96248382923673,85.64036222509702,11.0,59.0,41.0,70.0,564.0,209.0,164.21180555555742,314.86715277777796,328.2605555555563,356.82430555555914,564.0,209.0,356.82430555555914,7687.5,191.125,0.46336966790204204,0.0,,,11.0,0.0,0.0,395.0,74.68354430379746,52.151898734177216,367.0,100.0,97.54768392370572,COMPLETED,60,3,800.0,60.0,50.0,30,b04bbdbd80427b47,T060_P03_H0800_I0600_F1,0.7920770948253218,False,0.6065225864200962,366,0.0,0.0,0.5994893301670761,376,0.7292746113989637,0.8330827067669172,0.012421259788855443,0.8340585865420839,0.58860948633856
T060_P03_H0800_I0600_CN060_F1,India,unlimited_useful_deadline,unlimited,central_only,targeted_central,all_useful,deadline,-1.0,0.0,0.0,1.0,none,0.0,0,applicable,773.0,0.0,,0.0,18401.0,5050854.0,152579.07839978096,30451.0,22364.5,14.657645225383735,95.13514721992443,10.0,87.6528711123028,87.6528711123028,87.6528711123028,87.6528711123028,74.25614489003881,74.25614489003881,74.25614489003881,74.25614489003881,88.745148771022,11.0,6.0,70.0,17.0,574.0,199.0,154.78680555555596,314.000208333343,329.5039930555737,357.65416666666863,574.0,199.0,357.65416666666863,8349.5,233.58333333333334,0.40725651088119874,0.0,,,11.0,0.0,0.0,395.0,80.75949367088607,55.949367088607595,367.0,100.0,96.18528610354224,COMPLETED,60,3,800.0,60.0,60.0,36,e56867185c8cefed,T060_P03_H0800_I0600_F1,0.8602698735320686,False,0.6315567249167917,330,0.0,0.0,0.6310901457364804,336,0.7422279792746114,0.8691729323308272,0.009163984070693854,0.8019894373378827,0.7328963956683869
T060_P03_H0800_I0600_CN070_F1,India,unlimited_useful_deadline,unlimited,central_only,targeted_central,all_useful,deadline,-1.0,0.0,0.0,1.0,none,0.0,0,applicable,773.0,0.0,,0.0,21561.0,6053904.0,171837.63839972758,34336.0,25591.5,14.892837354101212,96.74305921888127,10.0,92.15556024611143,92.15556024611143,92.15556024611143,92.15556024611143,82.53557567917206,82.53557567917206,82.53557567917206,82.53557567917206,90.55627425614489,11.0,8.0,54.0,19.0,638.0,135.0,124.04340277777908,262.51770833333427,274.7918402777782,300.08819444444504,638.0,135.0,300.08819444444504,9132.0,274.325,0.32419929726500407,0.0,,,11.0,0.0,0.0,395.0,84.30379746835443,68.60759493670886,367.0,100.0,100.0,COMPLETED,60,3,800.0,60.0,70.0,42,d2fee0fa1dba19ea,T060_P03_H0800_I0600_F1,0.9203311854173922,False,0.7143145546259465,200,0.0,0.0,0.7160569877233552,199,0.8251295336787564,0.8902255639097744,0.23511534026947212,0.7698363051318413,0.8599781956269321
T060_P03_H0800_I0600_CN080_F1,India,unlimited_useful_deadline,unlimited,central_only,targeted_central,all_useful,deadline,-1.0,0.0,0.0,1.0,none,0.0,0,applicable,773.0,0.0,,0.0,22625.0,6730608.0,184830.3551996976,37869.0,28486.0,15.411970598240027,98.1622551428772,14.0,93.96023632244105,93.96023632244105,93.96023632244105,93.96023632244105,82.14747736093143,82.14747736093143,82.14747736093143,82.14747736093143,92.10866752910736,11.0,3.0,47.0,14.0,635.0,138.0,121.220833333344,265.0590277777779,275.8622222222491,301.2909722222224,635.0,138.0,301.2909722222224,9901.0,309.75,0.278923863330643,0.0,,,11.0,0.0,0.0,395.0,87.34177215189874,67.84810126582278,367.0,100.0,100.0,COMPLETED,60,3,800.0,60.0,80.0,48,de9f7d6b3680f2f3,T060_P03_H0800_I0600_F1,0.9224533391659376,False,0.7105699120015285,209,0.0,0.0,0.7127311554635011,210,0.8212435233160621,0.9082706766917292,0.2303943347934344,0.739278849960768,0.8644683925555114
T060_P03_H0800_I0600_CN090_F1,India,unlimited_useful_deadline,unlimited,central_only,targeted_central,all_useful,deadline,-1.0,0.0,0.0,1.0,none,0.0,0,applicable,773.0,0.0,,0.0,25415.0,7617144.0,201851.8463996463,41857.0,31794.0,15.75115638875608,99.18695351324149,17.0,96.6532374012689,96.6532374012689,96.6532374012689,96.6532374012689,86.02846054333764,86.02846054333764,86.02846054333764,86.02846054333764,92.23803363518758,11.0,0.0,49.0,11.0,665.0,108.0,114.25277777778489,244.98694444444783,257.2195833333337,280.48402777777784,665.0,108.0,280.48402777777784,10583.0,353.51666666666665,0.21999905709301792,0.0,,,11.0,0.0,0.0,395.0,87.59493670886076,75.44303797468355,367.0,100.0,100.0,COMPLETED,60,3,800.0,60.0,90.0,54,09504b24e897b10c,T060_P03_H0800_I0600_F1,0.942348231690337,False,0.7367253703640609,160,0.0,0.0,0.7390483568366752,151,0.8601036269430051,0.9097744360902256,0.3120633683229317,0.7067369964319221,0.906563356395292
T060_P03_H0800_I0600_CN100_F1,India,unlimited_useful_deadline,unlimited,central_only,targeted_central,all_useful,deadline,-1.0,0.0,0.0,1.0,none,0.0,0,applicable,773.0,0.0,,0.0,27527.0,8519448.0,219176.08319959455,45844.0,35112.0,16.019996108802147,100.0,18.0,99.0581771684134,99.0581771684134,99.0581771684134,99.0581771684134,95.34282018111256,95.34282018111256,95.34282018111256,95.34282018111256,94.69598965071151,11.0,0.0,30.0,11.0,737.0,36.0,101.38472222222262,243.2331944444515,251.69250000000193,265.01666666666665,737.0,36.0,265.01666666666665,11285.5,397.10833333333335,0.13675074671759035,0.0,,,11.0,0.0,0.0,395.0,92.40506329113924,93.67088607594937,367.0,100.0,100.0,COMPLETED,60,3,800.0,60.0,100.0,60,e80fc9f54ff0e40e,T060_P03_H0800_I0600_F1,0.9437038293381576,False,0.7718101319232215,105,0.0,0.0,0.7696133192358849,110,0.9533678756476685,0.9383458646616541,0.3727740813528525,0.6741471526163104,0.9094316219009394
T060_P03_H0800_I0800_CN010_F1,India,unlimited_useful_deadline,unlimited,central_only,targeted_central,all_useful,deadline,-1.0,0.0,0.0,1.0,none,0.0,0,applicable,773.0,0.0,,0.0,5652.0,1393737.0,63311.97359995642,9096.0,5648.0,8.92090339133558,74.15014164305948,6.0,47.99259025475793,47.99259025475793,47.99259025475793,47.99259025475793,3.751617076326003,3.751617076326003,3.751617076326003,3.751617076326003,50.064683053040106,11.0,232.0,143.0,243.0,29.0,744.0,295.6340277777776,331.0333333333333,331.15000000000003,337.7861111111124,29.0,744.0,337.7861111111124,2633.5,50.24166666666667,0.8978188754353957,0.0,,,11.0,0.0,0.0,395.0,15.443037974683543,0.25316455696202533,367.0,88.8283378746594,7.629427792915531,COMPLETED,60,3,800.0,80.0,10.0,6,c78d64c9a0838bad,T060_P03_H0800_I0800_F1,0.7852011494252872,False,0.3896249725269011,540,0.0,0.0,0.41651454574436125,537,0.036269430051813475,0.41954887218045117,0.08714779854499399,0.9655457335435308,0.5740608944010168
T060_P03_H0800_I0800_CN020_F1,India,unlimited_useful_deadline,unlimited,central_only,targeted_central,all_useful,deadline,-1.0,0.0,0.0,1.0,none,0.0,0,applicable,773.0,0.0,,0.0,11422.0,2482083.0,84208.21679989573,14405.0,9472.5,11.248902256782772,89.511744523621,12.0,67.32496506118554,67.32496506118554,67.32496506118554,67.32496506118554,46.830530401034935,46.830530401034935,46.830530401034935,46.830530401034935,63.130659767141005,11.0,143.0,131.0,154.0,362.0,411.0,255.11909722222336,330.1100694444447,341.8963541666734,359.9506944444445,362.0,411.0,359.9506944444445,3091.5,106.35,0.7910776785247873,0.0,,,11.0,0.0,0.0,395.0,30.632911392405067,24.050632911392405,367.0,100.0,72.75204359673025,COMPLETED,60,3,800.0,80.0,20.0,12,a5e8b77d24aa9342,T060_P03_H0800_I0800_F1,0.793859985676284,False,0.506182156165685,470,0.0,0.0,0.5124204195402993,476,0.46761658031088094,0.5714285714285714,0.00014991645565420875,0.9305251817032233,0.5923818478031663
T060_P03_H0800_I0800_CN030_F1,India,unlimited_useful_deadline,unlimited,central_only,targeted_central,all_useful,deadline,-1.0,0.0,0.0,1.0,none,0.0,0,applicable,773.0,0.0,,0.0,14310.0,3308775.0,100080.70319986262,18638.0,12803.5,12.793175498009067,94.22033037841216,11.0,76.328044221745,76.328044221745,76.328044221745,76.328044221745,60.41397153945667,60.41397153945667,60.41397153945667,60.41397153945667,72.83311772315653,11.0,94.0,105.0,105.0,467.0,306.0,227.88402777777762,324.6576388888924,333.6011805555569,359.8187500000001,467.0,306.0,359.8187500000001,3758.5,150.75,0.7200073705546344,0.0,,,11.0,0.0,0.0,395.0,49.62025316455696,36.9620253164557,367.0,100.0,87.46594005449592,COMPLETED,60,3,800.0,80.0,30.0,18,16a8f2275869ec1b,T060_P03_H0800_I0800_F1,0.8102863034340549,False,0.5615276579123397,414,0.0,0.0,0.5627031990493168,415,0.6036269430051815,0.6842105263157895,0.0006678096660740485,0.8978729505148157,0.6271377657447229
T060_P03_H0800_I0800_CN040_F1,India,unlimited_useful_deadline,unlimited,central_only,targeted_central,all_useful,deadline,-1.0,0.0,0.0,1.0,none,0.0,0,applicable,773.0,0.0,,0.0,19550.0,4354815.0,120164.67119979068,22902.0,16346.0,13.602999814165408,96.78208736082222,13.0,83.71047369078866,83.71047369078866,83.71047369078866,83.71047369078866,69.08150064683053,69.08150064683053,69.08150064683053,69.08150064683053,79.81888745148771,11.0,48.0,97.0,59.0,534.0,239.0,185.78854166666645,313.93333333333334,335.63593750000007,359.9506944444499,534.0,239.0,359.9506944444499,4372.5,199.55833333333334,0.644759260032572,0.0,,,11.0,0.0,0.0,395.0,63.29113924050633,48.60759493670886,367.0,100.0,93.18801089918256,COMPLETED,60,3,800.0,80.0,40.0,24,c383890adb00558b,T060_P03_H0800_I0800_F1,0.860567519766958,False,0.6085863883192565,361,0.0,0.0,0.6107419717193039,362,0.6904145077720207,0.7654135338345864,0.0001499164556330035,0.8642057247613083,0.7335261757729714
T060_P03_H0800_I0800_CN050_F1,India,unlimited_useful_deadline,unlimited,central_only,targeted_central,all_useful,deadline,-1.0,0.0,0.0,1.0,none,0.0,0,applicable,773.0,0.0,,0.0,24082.0,5380467.0,139857.18959971925,26860.0,19589.0,14.006430456714485,97.84572974628618,19.0,88.57015032211882,88.57015032211882,88.57015032211882,88.57015032211882,73.86804657179819,73.86804657179819,73.86804657179819,73.86804657179819,84.08796895213455,11.0,22.0,90.0,33.0,571.0,202.0,174.05416666667443,289.5194444444445,325.79270833334897,359.9506944444499,571.0,202.0,359.9506944444499,5010.0,242.98333333333332,0.565745250017148,0.0,,,11.0,0.0,0.0,395.0,71.64556962025317,56.45569620253165,367.0,100.0,94.82288828337875,COMPLETED,60,3,800.0,80.0,50.0,30,475b38ef1aef73d7,T060_P03_H0800_I0800_F1,0.8751305377181033,False,0.6286690955640306,337,0.0,0.0,0.6299689769946494,340,0.7383419689119171,0.8150375939849624,0.0001499164556330035,0.8319758080964412,0.7643395975242933
T060_P03_H0800_I0800_CN060_F1,India,unlimited_useful_deadline,unlimited,central_only,targeted_central,all_useful,deadline,-1.0,0.0,0.0,1.0,none,0.0,0,applicable,773.0,0.0,,0.0,29072.0,6605223.0,163372.50479964662,31002.0,23040.0,14.10274025501128,98.62413194444444,12.0,94.13030757518945,94.13030757518945,94.13030757518945,94.13030757518945,81.37128072445019,81.37128072445019,81.37128072445019,81.37128072445019,86.41655886157827,11.0,4.0,90.0,15.0,629.0,144.0,154.25277777777956,271.68402777777953,333.84375000000006,357.38472222222236,629.0,144.0,357.38472222222236,5721.0,288.65,0.4886473429951692,0.0,,,11.0,0.0,0.0,395.0,76.20253164556962,67.84810126582278,367.0,100.0,98.36512261580381,COMPLETED,60,3,800.0,80.0,60.0,36,3d4a8ff1acf86db4,T060_P03_H0800_I0800_F1,0.9001074604015781,False,0.6561609021295733,299,0.0,0.0,0.6563467002842619,309,0.8134715025906735,0.8421052631578947,0.010221576521453501,0.7987476934668423,0.8171874656844459
T060_P03_H0800_I0800_CN070_F1,India,unlimited_useful_deadline,unlimited,central_only,targeted_central,all_useful,deadline,-1.0,0.0,0.0,1.0,none,0.0,0,applicable,773.0,0.0,,0.0,31606.0,7652025.0,183471.10319959483,35081.0,26423.0,14.401722963018816,99.10873102978466,14.0,96.83607730851826,96.83607730851826,96.83607730851826,96.83607730851826,85.1228978007762,85.1228978007762,85.1228978007762,85.1228978007762,89.26261319534282,11.0,0.0,72.0,11.0,658.0,115.0,149.12743055555572,258.94305555558645,327.0157986111214,359.8187500000001,658.0,115.0,359.8187500000001,6423.0,333.3333333333333,0.4204891666666668,0.0,,,11.0,0.0,0.0,395.0,81.77215189873418,74.17721518987341,367.0,100.0,99.45504087193461,COMPLETED,60,3,800.0,80.0,70.0,42,040bbe2e4362b9a5,T060_P03_H0800_I0800_F1,0.8799159912191827,False,0.6572691535566599,297,0.0,0.0,0.6534405893263304,310,0.8510362694300518,0.8751879699248121,0.0006678096660740485,0.7658459127872518,0.7744649848234624
T060_P03_H0800_I0800_CN080_F1,India,unlimited_useful_deadline,unlimited,central_only,targeted_central,all_useful,deadline,-1.0,0.0,0.0,1.0,none,0.0,0,applicable,773.0,0.0,,0.0,36504.0,8914089.0,207702.73199950386,38966.0,29630.0,14.265580291004925,99.55281808977388,13.0,98.44070627535194,98.44070627535194,98.44070627535194,98.44070627535194,90.03880983182407,90.03880983182407,90.03880983182407,90.03880983182407,91.59120310478654,11.0,0.0,54.0,11.0,696.0,77.0,134.36041666666677,249.7861111111136,323.95416666666665,355.25277777777785,696.0,77.0,355.25277777777785,7037.0,376.55,0.345767863202467,0.0,,,11.0,0.0,0.0,395.0,86.32911392405063,83.29113924050633,367.0,100.0,100.0,COMPLETED,60,3,800.0,80.0,80.0,48,a9c3df7e23ccbfa9,T060_P03_H0800_I0800_F1,0.888241006811409,False,0.674803517662926,273,0.0,0.0,0.6693945451860441,289,0.900259067357513,0.9022556390977443,0.018589640500345506,0.7337887611547423,0.7920796178198755
T060_P03_H0800_I0800_CN090_F1,India,unlimited_useful_deadline,unlimited,central_only,targeted_central,all_useful,deadline,-1.0,0.0,0.0,1.0,none,0.0,0,applicable,773.0,0.0,,0.0,40250.0,10078473.0,230058.90479942074,42733.0,32708.5,14.2174457574321,99.82267606279713,15.0,99.6420901932713,99.6420901932713,99.6420901932713,99.6420901932713,95.08408796895213,95.08408796895213,95.08408796895213,95.08408796895213,93.53169469598966,11.0,0.0,39.0,11.0,735.0,38.0,128.38750000002085,230.67430555556126,275.54548611110965,344.9506944444445,735.0,38.0,344.9506944444445,7654.5,417.56666666666666,0.28023934967137665,0.0,,,11.0,0.0,0.0,395.0,90.12658227848101,93.16455696202532,367.0,100.0,100.0,COMPLETED,60,3,800.0,80.0,90.0,54,af7cfff6d8227cd2,T060_P03_H0800_I0800_F1,0.8979358780549257,False,0.6968205055744479,225,0.0,0.0,0.6899112796894883,238,0.9507772020725388,0.9248120300751881,0.05902619721919233,0.7023482847071753,0.8125926843733466
T060_P03_H0800_I0800_CN100_F1,India,unlimited_useful_deadline,unlimited,central_only,targeted_central,all_useful,deadline,-1.0,0.0,0.0,1.0,none,0.0,0,applicable,773.0,0.0,,0.0,44154.0,11306205.0,253631.3591993305,46291.0,35581.5,14.028825186414064,100.0,16.0,99.96182295394894,99.96182295394894,99.96182295394894,99.96182295394894,98.1888745148771,98.1888745148771,98.1888745148771,98.1888745148771,95.08408796895213,11.0,0.0,27.0,11.0,759.0,14.0,116.7520833333634,203.03541666666933,212.26076388889086,324.25277777779775,759.0,14.0,324.25277777779775,8080.0,458.35833333333335,0.19308431661303338,0.0,,,11.0,0.0,0.0,395.0,93.16455696202532,99.24050632911391,367.0,100.0,100.0,COMPLETED,60,3,800.0,80.0,100.0,60,22904490ddcf4da1,T060_P03_H0800_I0800_F1,0.9313430195676573,False,0.7289616762796188,169,0.0,0.0,0.7240323011148545,181,0.9818652849740932,0.9428571428571428,0.14026728741157957,0.6718940086526487,0.8832777816788082
T060_P03_H0800_I0986_CN000_F1,India,unlimited_useful_deadline,unlimited,central_only,targeted_central,all_useful,deadline,-1.0,0.0,0.0,1.0,none,0.0,0,applicable,773.0,0.0,,0.0,875.0,429480.0,42948.0,4538.0,2371.0,5.5206295985843346,0.0,1.0,29.623492247173264,29.623492247173264,29.623492247173264,29.623492247173264,0.38809831824062097,0.38809831824062097,0.38809831824062097,0.38809831824062097,14.489003880983182,6.0,348.0,307.0,354.0,3.0,770.0,322.3333333333333,322.40000000000003,322.40833333333336,322.4166666666667,3.0,770.0,322.4166666666667,2371.0,0.0,0.0,0.0,,,11.0,0.0,0.0,395.0,0.0,0.25316455696202533,367.0,30.517711171662125,0.544959128065395,COMPLETED,60,3,800.0,98.6,0.0,0,caf3bb886accf46e,T060_P03_H0800_I0986_F1,0.8041666666666667,False,0.3230616888500531,556,0.0,0.0,0.35364162631838014,556,0.0025906735751295338,0.00601503759398496,0.1474741802977132,0.9979388171834022,0.6141894229416709
T060_P03_H0800_I0986_CN010_F1,India,unlimited_useful_deadline,unlimited,central_only,targeted_central,all_useful,deadline,-1.0,0.0,0.0,1.0,none,0.0,0,applicable,773.0,0.0,,0.0,5627.0,1350306.0,60627.85919995584,9099.0,5393.0,8.895250584740964,65.79825699981457,6.0,47.0427348651177,47.0427348651177,47.0427348651177,47.0427348651177,1.9404915912031047,1.9404915912031047,1.9404915912031047,1.9404915912031047,55.368693402328596,6.0,217.0,122.0,223.0,15.0,758.0,329.03819444446793,349.1933333333333,349.68333333333334,349.8,15.0,758.0,349.8,3050.0,39.05,0.8942737231469626,0.0,,,11.0,0.0,0.0,395.0,16.962025316455694,0.25316455696202533,367.0,98.36512261580381,3.8147138964577656,COMPLETED,60,3,800.0,98.6,10.0,6,5b7426672b01b6be,T060_P03_H0800_I0986_F1,0.8507716049382718,False,0.4090465263549743,531,0.0,0.0,0.44377975632089506,523,0.018134715025906734,0.4812030075187971,0.03999225885938751,0.9667694858560627,0.7127993143443211
T060_P03_H0800_I0986_CN020_F1,India,unlimited_useful_deadline,unlimited,central_only,targeted_central,all_useful,deadline,-1.0,0.0,0.0,1.0,none,0.0,0,applicable,773.0,0.0,,0.0,11393.0,2396412.0,80713.09439989345,13475.0,8485.5,10.513164020150864,84.043368098521,10.0,61.06620565756031,61.06620565756031,61.06620565756031,61.06620565756031,38.939197930142306,38.939197930142306,38.939197930142306,38.939197930142306,59.120310478654595,6.0,196.0,114.0,202.0,301.0,472.0,227.81736111111107,328.48402777777784,350.2527777777788,359.95347222222233,301.0,472.0,359.95347222222233,3567.5,81.96666666666667,0.7949267995119969,0.0,,,11.0,0.0,0.0,395.0,22.78481012658228,17.468354430379744,367.0,100.0,63.21525885558583,COMPLETED,60,3,800.0,98.6,20.0,12,95f6a8d9f2472af2,T060_P03_H0800_I0986_F1,0.760569705918543,True,0.4674844345514614,510,0.0,0.0,0.47415158346449715,514,0.3886010362694301,0.524812030075188,0.0001390134406976662,0.9352618230070234,0.5219440145301467
T060_P03_H0800_I0986_CN030_F1,India,unlimited_useful_deadline,unlimited,central_only,targeted_central,all_useful,deadline,-1.0,0.0,0.0,1.0,none,0.0,0,applicable,773.0,0.0,,0.0,14525.0,3274650.0,97575.2639998571,16919.0,11059.5,11.33432751974537,89.7870608978706,11.0,67.28752875339433,67.28752875339433,67.28752875339433,67.28752875339433,53.169469598965065,53.169469598965065,53.169469598965065,53.169469598965065,59.2496765847348,6.0,166.0,143.0,172.0,411.0,362.0,215.77013888890264,339.21805555555574,345.3875000000007,358.48402777777784,411.0,362.0,358.48402777777784,4415.5,110.73333333333333,0.7258654425045155,0.0,,,11.0,0.0,0.0,395.0,23.037974683544306,27.088607594936708,367.0,100.0,82.83378746594006,COMPLETED,60,3,800.0,98.6,30.0,18,f72f8077c41a447a,T060_P03_H0800_I0986_F1,0.8162510137875102,True,0.5164287573049746,461,0.0,0.0,0.5218622683962244,470,0.5310880829015544,0.5263157894736842,0.005906708352533374,0.9062424565267989,0.639758304726551
T060_P03_H0800_I0986_CN040_F1,India,unlimited_useful_deadline,unlimited,central_only,targeted_central,all_useful,deadline,-1.0,0.0,0.0,1.0,none,0.0,0,applicable,773.0,0.0,,0.0,20035.0,4333782.0,117910.59839978282,20514.0,13878.5,11.770358380290913,93.54036819541017,13.0,72.33279061111354,72.33279061111354,72.33279061111354,72.33279061111354,59.37904269081501,59.37904269081501,59.37904269081501,59.37904269081501,60.15523932729625,6.0,132.0,170.0,138.0,459.0,314.0,192.31805555556494,336.0048611111134,346.59465277778094,359.65416666670643,459.0,314.0,359.65416666670643,5039.5,147.31666666666666,0.6510936380435193,0.0,,,11.0,0.0,0.0,395.0,24.81012658227848,30.126582278481013,367.0,100.0,92.64305177111717,COMPLETED,60,3,800.0,98.6,40.0,24,8e733739cf74fed1,T060_P03_H0800_I0986_F1,0.878276042927459,False,0.5468059721324225,432,0.0,0.0,0.5556925132435389,428,0.5932642487046633,0.5368421052631579,0.0013138133020738074,0.8760473280208085,0.7709950709269908
T060_P03_H0800_I0986_CN050_F1,India,unlimited_useful_deadline,unlimited,central_only,targeted_central,all_useful,deadline,-1.0,0.0,0.0,1.0,none,0.0,0,applicable,773.0,0.0,,0.0,25601.0,5488848.0,140087.865599713,23861.0,16451.0,11.743344028816228,95.75405750410309,16.0,76.02129508909171,76.02129508909171,76.02129508909171,76.02129508909171,67.52910737386804,67.52910737386804,67.52910737386804,67.52910737386804,60.15523932729625,6.0,111.0,191.0,117.0,522.0,251.0,175.3440972222287,310.78881944444515,330.79704861111475,350.78611111111144,522.0,251.0,350.78611111111144,5632.5,180.30833333333334,0.5658062577991405,0.0,,,11.0,0.0,0.0,395.0,24.81012658227848,39.24050632911392,367.0,100.0,100.0,COMPLETED,60,3,800.0,98.6,50.0,30,642344a9b438c7a0,T060_P03_H0800_I0986_F1,0.9025267844472825,False,0.5760633727140874,396,0.0,0.0,0.5834351711828382,394,0.6748704663212435,0.5368421052631579,0.03612168854993136,0.8470351600835991,0.8223064356962587
T060_P03_H0800_I0986_CN060_F1,India,unlimited_useful_deadline,unlimited,central_only,targeted_central,all_useful,deadline,-1.0,0.0,0.0,1.0,none,0.0,0,applicable,773.0,0.0,,0.0,29357.0,6572124.0,160886.7647996404,27237.0,19128.0,11.88910723875949,97.22657883730656,14.0,78.17925012840267,78.17925012840267,78.17925012840267,78.17925012840267,69.08150064683053,69.08150064683053,69.08150064683053,69.08150064683053,60.284605433376456,6.0,100.0,201.0,106.0,534.0,239.0,162.3027777777907,301.0471527777815,310.65895833333343,344.9180555555557,534.0,239.0,344.9180555555557,6225.5,215.04166666666666,0.4985732739133244,0.0,,,11.0,0.0,0.0,395.0,25.063291139240505,42.278481012658226,367.0,100.0,100.0,COMPLETED,60,3,800.0,98.6,60.0,36,40ac00a4809c7c06,T060_P03_H0800_I0986_F1,0.933327264530448,False,0.5887293874100822,379,0.0,0.0,0.5985824711134223,377,0.6904145077720207,0.5383458646616541,0.05915430764492724,0.8175214936496853,0.8874761818388243
T060_P03_H0800_I0986_CN070_F1,India,unlimited_useful_deadline,unlimited,central_only,targeted_central,all_useful,deadline,-1.0,0.0,0.0,1.0,none,0.0,0,applicable,773.0,0.0,,0.0,31789.0,7675446.0,182070.54719959392,30356.0,21511.0,11.814651150808414,98.13351308632792,12.0,79.40855754415077,79.40855754415077,79.40855754415077,79.40855754415077,70.3751617076326,70.3751617076326,70.3751617076326,70.3751617076326,60.284605433376456,6.0,96.0,205.0,102.0,544.0,229.0,163.25138888888955,292.33534722222237,295.58628472222586,310.0881944444654,544.0,229.0,310.0881944444654,6685.0,247.1,0.4275012365663924,0.0,,,11.0,0.0,0.0,395.0,25.063291139240505,44.81012658227848,367.0,100.0,100.0,COMPLETED,60,3,800.0,98.6,70.0,42,dd510532bfc2953d,T060_P03_H0800_I0986_F1,0.9525726783769063,False,0.619797327650893,348,0.0,0.0,0.6310387805991431,337,0.7033678756476683,0.5383458646616541,0.19586448642703347,0.7894187416466907,0.9281969346126687
T060_P03_H0800_I0986_CN080_F1,India,unlimited_useful_deadline,unlimited,central_only,targeted_central,all_useful,deadline,-1.0,0.0,0.0,1.0,none,0.0,0,applicable,773.0,0.0,,0.0,36595.0,8956710.0,206670.81599950953,33823.0,24284.5,11.750328599882062,98.96641890918076,12.0,81.24293785310735,81.24293785310735,81.24293785310735,81.24293785310735,71.28072445019404,71.28072445019404,71.28072445019404,71.28072445019404,60.15523932729625,6.0,82.0,220.0,88.0,551.0,222.0,156.48472222222432,287.95,289.2833333333333,303.08819444444504,551.0,222.0,303.08819444444504,7167.5,285.28333333333336,0.34116180794921225,0.0,,,11.0,0.0,0.0,395.0,24.81012658227848,46.58227848101266,367.0,100.0,100.0,COMPLETED,60,3,800.0,98.6,80.0,48,b2ef69dc2d0d36bc,T060_P03_H0800_I0986_F1,0.9590332392283392,True,0.6233136341148497,342,0.0,0.0,0.6347852038433561,331,0.7124352331606217,0.5368421052631579,0.22334008411676443,0.7594419689454854,0.941866627730751
T060_P03_H0800_I0986_CN090_F1,India,unlimited_useful_deadline,unlimited,central_only,targeted_central,all_useful,deadline,-1.0,0.0,0.0,1.0,none,0.0,0,applicable,773.0,0.0,,0.0,40149.0,10151694.0,229614.50879942926,37556.0,27303.5,11.891016879882752,99.6136026516747,12.0,83.83607917506222,83.83607917506222,83.83607917506222,83.83607917506222,73.35058214747735,73.35058214747735,73.35058214747735,73.35058214747735,60.41397153945667,6.0,65.0,235.0,71.0,567.0,206.0,147.51944444445405,284.69375000001355,288.7583333333333,293.95625000000075,567.0,206.0,293.95625000000075,7646.0,327.625,0.26716054093009456,0.0,,,11.0,0.0,0.0,395.0,25.31645569620253,50.63291139240506,367.0,100.0,100.0,COMPLETED,60,3,800.0,98.6,90.0,54,1d23fc86b69ee3c7,T060_P03_H0800_I0986_F1,0.961662257495591,False,0.6308686288015632,332,0.0,0.0,0.6415820618638878,325,0.733160621761658,0.5398496240601505,0.2591837457853068,0.7282870347041759,0.9474292830081475
T060_P03_H0800_I0986_CN100_F1,India,unlimited_useful_deadline,unlimited,central_only,targeted_central,all_useful,deadline,-1.0,0.0,0.0,1.0,none,0.0,0,applicable,773.0,0.0,,0.0,44033.0,11428320.0,254125.72799934197,41092.0,30114.0,11.850039835430586,100.0,12.0,86.64967800561023,86.64967800561023,86.64967800561023,86.64967800561023,81.24191461836999,81.24191461836999,81.24191461836999,81.24191461836999,60.41397153945667,6.0,49.0,251.0,55.0,628.0,145.0,149.63541666667032,280.08402777778724,286.6513888889034,294.0854166666669,628.0,145.0,294.0854166666669,8115.5,366.64166666666665,0.16787394595086025,0.0,,,11.0,0.0,0.0,395.0,25.31645569620253,66.07594936708861,367.0,100.0,100.0,COMPLETED,60,3,800.0,98.6,100.0,60,a3bc88b9184f025d,T060_P03_H0800_I0986_F1,0.9461260025949515,False,0.6395593500392057,320,0.0,0.0,0.6446783727723976,319,0.8121761658031088,0.5398496240601505,0.25867675558984493,0.6981326979419366,0.9145566204669472
T060_P03_H1000_I0600_CN000_F1,India,unlimited_useful_deadline,unlimited,central_only,targeted_central,all_useful,deadline,-1.0,0.0,0.0,1.0,none,0.0,0,applicable,773.0,0.0,,0.0,1224.0,838932.0,83893.2,5600.0,3266.0,3.8930449666957516,0.0,1.0,40.3384870488263,40.3384870488263,40.3384870488263,40.3384870488263,14.489003880983182,14.489003880983182,14.489003880983182,14.489003880983182,58.08538163001293,11.0,313.0,0.0,324.0,112.0,661.0,106.9,109.76666666666667,110.30416666666666,352.1333333333333,112.0,661.0,352.1333333333333,3266.0,0.0,0.0,0.0,,,11.0,0.0,0.0,395.0,20.759493670886076,20.759493670886076,367.0,100.0,8.174386920980927,COMPLETED,60,3,1000.0,60.0,0.0,0,e2c9fe44f6fae7c5,T060_P03_H1000_I0600_F1,0.8840649801587303,False,0.4608840239762862,513,0.0,0.02,0.49285708966567376,489,0.14378238341968913,0.512781954887218,0.03083372629617054,0.9936436865178487,0.7832436972074427
T060_P03_H1000_I0600_CN010_F1,India,unlimited_useful_deadline,unlimited,central_only,targeted_central,all_useful,deadline,-1.0,0.0,0.0,1.0,none,0.0,0,applicable,773.0,0.0,,0.0,4250.0,1473918.0,96084.93119997077,9545.0,6104.0,6.352713088066255,53.309305373525554,5.0,51.09159617947964,51.09159617947964,51.09159617947964,51.09159617947964,15.91203104786546,15.91203104786546,15.91203104786546,15.91203104786546,73.35058214747735,11.0,145.0,50.0,156.0,123.0,650.0,106.78333333333333,110.33333333333333,318.2469444444431,348.1333333333333,123.0,650.0,348.1333333333333,4467.0,27.283333333333335,0.8191305233150072,0.0,,,11.0,0.0,0.0,395.0,50.63291139240506,20.759493670886076,367.0,100.0,11.1716621253406,COMPLETED,60,3,1000.0,60.0,10.0,6,9a48af147fb24147,T060_P03_H1000_I0600_F1,0.9258280638361939,True,0.5102725032702584,467,0.0,0.03,0.5459513920686316,444,0.15803108808290156,0.6902255639097743,0.04653406783311398,0.963357376467003,0.8716088640503652
T060_P03_H1000_I0600_CN020_F1,India,unlimited_useful_deadline,unlimited,central_only,targeted_central,all_useful,deadline,-1.0,0.0,0.0,1.0,none,0.0,0,applicable,773.0,0.0,,0.0,6276.0,2035008.0,106857.85919994606,14096.0,9588.0,8.972667122274558,73.90488110137672,6.0,60.29329453816874,60.29329453816874,60.29329453816874,60.29329453816874,16.30012936610608,16.30012936610608,16.30012936610608,16.30012936610608,78.91332470892625,11.0,99.0,53.0,110.0,126.0,647.0,106.69166666666666,122.86840277778532,314.2420138888888,348.1333333333333,126.0,647.0,348.1333333333333,5522.5,67.75833333333334,0.7355163366539581,0.0,,,11.0,0.0,0.0,395.0,61.518987341772146,20.759493670886076,367.0,100.0,11.989100817438691,COMPLETED,60,3,1000.0,60.0,20.0,12,089077fd3d24c721,T060_P03_H1000_I0600_F1,0.9368569958847738,True,0.5209994046146453,460,0.0,0.02,0.5576507810421607,424,0.16191709844559585,0.7548872180451127,0.04653406783311398,0.9299708938910763,0.8949446269959046
T060_P03_H1000_I0600_CN030_F1,India,unlimited_useful_deadline,unlimited,central_only,targeted_central,all_useful,deadline,-1.0,0.0,0.0,1.0,none,0.0,0,applicable,773.0,0.0,,0.0,10644.0,2960118.0,124619.97119989287,19071.0,13232.0,10.617880804013037,84.4996977025393,7.0,74.70892461982842,74.70892461982842,74.70892461982842,74.70892461982842,49.417852522639066,49.417852522639066,49.417852522639066,49.417852522639066,80.46571798188874,11.0,101.0,39.0,112.0,382.0,391.0,145.99444444444475,347.41270833333596,350.032500000004,358.43333333333334,382.0,391.0,358.43333333333334,6497.5,112.24166666666666,0.6026096963397432,0.0,,,11.0,0.0,0.0,395.0,64.55696202531645,38.9873417721519,367.0,100.0,62.125340599455036,COMPLETED,60,3,1000.0,60.0,30.0,18,f3341ee93a2e6070,T060_P03_H1000_I0600_F1,0.8513210199728526,False,0.5654460167958032,409,0.0,0.0,0.5764679411908176,404,0.4935233160621762,0.7729323308270677,0.006105688375484419,0.8958165667268946,0.7139618039624654
T060_P03_H1000_I0600_CN040_F1,India,unlimited_useful_deadline,unlimited,central_only,targeted_central,all_useful,deadline,-1.0,0.0,0.0,1.0,none,0.0,0,applicable,773.0,0.0,,0.0,13008.0,3582528.0,136570.24319986248,22776.0,16211.5,11.870448217826945,89.59689109582703,9.0,79.09820244928085,79.09820244928085,79.09820244928085,79.09820244928085,50.970245795601556,50.970245795601556,50.970245795601556,50.970245795601556,83.69987063389392,11.0,79.0,36.0,90.0,394.0,379.0,142.9121527777798,335.34687500000035,346.0706597222476,359.9180555555557,394.0,379.0,359.9180555555557,7394.0,146.95833333333334,0.5454522256875531,0.0,,,11.0,0.0,0.0,395.0,70.88607594936708,39.24050632911392,367.0,100.0,65.12261580381471,COMPLETED,60,3,1000.0,60.0,40.0,24,ba3680be9217a666,T060_P03_H1000_I0600_F1,0.8446230494453845,False,0.5673664142369512,404,0.0,0.0,0.5769025355282629,401,0.5090673575129534,0.8105263157894738,0.00027802688138911513,0.8648511941183105,0.6997897833391875
T060_P03_H1000_I0600_CN050_F1,India,unlimited_useful_deadline,unlimited,central_only,targeted_central,all_useful,deadline,-1.0,0.0,0.0,1.0,none,0.0,0,applicable,773.0,0.0,,0.0,13848.0,4225314.0,148911.73439984545,26578.0,19225.5,12.910668240809875,92.90265532755976,15.0,83.67446165674512,83.67446165674512,83.67446165674512,83.67446165674512,73.35058214747735,73.35058214747735,73.35058214747735,73.35058214747735,87.06338939197931,11.0,47.0,42.0,58.0,567.0,206.0,171.38472222223126,319.24486111111116,333.65833333333336,358.78611111111627,567.0,206.0,358.78611111111627,8316.0,181.825,0.46176039231862154,0.0,,,11.0,0.0,0.0,395.0,77.46835443037975,50.8860759493671,367.0,100.0,99.72752043596729,COMPLETED,60,3,1000.0,60.0,50.0,30,328e2234048dec98,T060_P03_H1000_I0600_F1,0.802583447645176,False,0.612529150672565,353,0.0,0.0,0.6064130966187465,369,0.733160621761658,0.8496240601503761,0.004721005476025497,0.8337202550203839,0.6108395406852892
T060_P03_H1000_I0600_CN060_F1,India,unlimited_useful_deadline,unlimited,central_only,targeted_central,all_useful,deadline,-1.0,0.0,0.0,1.0,none,0.0,0,applicable,773.0,0.0,,0.0,17720.0,4981128.0,163423.36319978692,30542.0,22516.0,13.77771180273284,95.24338248356725,10.0,88.72008739862214,88.72008739862214,88.72008739862214,88.72008739862214,73.47994825355757,73.47994825355757,73.47994825355757,73.47994825355757,90.55627425614489,11.0,11.0,51.0,22.0,568.0,205.0,155.93611111112943,314.0482638888896,333.89309027778205,359.48402777777784,568.0,205.0,359.48402777777784,9234.5,221.35833333333332,0.41274266209890964,0.0,,,11.0,0.0,0.0,395.0,84.30379746835443,55.18987341772152,367.0,100.0,95.36784741144415,COMPLETED,60,3,1000.0,60.0,60.0,36,ea0c23269f88996c,T060_P03_H1000_I0600_F1,0.878459996087637,False,0.6380155476377841,324,0.0,0.0,0.6398619642857191,328,0.7344559585492227,0.8902255639097744,0.001981622968297514,0.8012623844933785,0.771384291507922
T060_P03_H1000_I0600_CN070_F1,India,unlimited_useful_deadline,unlimited,central_only,targeted_central,all_useful,deadline,-1.0,0.0,0.0,1.0,none,0.0,0,applicable,773.0,0.0,,0.0,20748.0,5930766.0,181656.41279973436,34362.0,25661.5,14.126393670610634,96.9370457689535,12.0,92.60347519205786,92.60347519205786,92.60347519205786,92.60347519205786,80.46571798188874,80.46571798188874,80.46571798188874,80.46571798188874,91.59120310478654,11.0,2.0,52.0,13.0,622.0,151.0,131.45520833335055,265.3633333333341,286.86579861111306,314.48402777777784,622.0,151.0,314.48402777777784,10067.0,259.90833333333336,0.32259503884916696,0.0,,,11.0,0.0,0.0,395.0,86.32911392405063,64.55696202531645,367.0,100.0,100.0,COMPLETED,60,3,1000.0,60.0,70.0,42,54f3f413bff4282d,T060_P03_H1000_I0600_F1,0.9255411158747172,False,0.7018245897774686,222,0.0,0.0,0.7051544685275198,219,0.8044041450777202,0.9022556390977443,0.1786104652589119,0.7695003731244796,0.8710017200787431
T060_P03_H1000_I0600_CN080_F1,India,unlimited_useful_deadline,unlimited,central_only,targeted_central,all_useful,deadline,-1.0,0.0,0.0,1.0,none,0.0,0,applicable,773.0,0.0,,0.0,21766.0,6576816.0,194060.5727997064,38264.0,28883.5,14.883754893278198,98.20312635241574,11.0,95.08753494973968,95.08753494973968,95.08753494973968,95.08753494973968,80.20698576972833,80.20698576972833,80.20698576972833,80.20698576972833,93.14359637774902,11.0,1.0,41.0,12.0,620.0,153.0,119.22083333333526,267.1120833333424,281.27447916666694,298.8243055555618,620.0,153.0,298.8243055555618,10848.5,300.5833333333333,0.27655946770169115,0.0,,,11.0,0.0,0.0,395.0,89.36708860759494,64.0506329113924,367.0,100.0,100.0,COMPLETED,60,3,1000.0,60.0,80.0,48,e0ad753affd74dff,T060_P03_H1000_I0600_F1,0.9295168757467144,False,0.7119150932755772,207,0.0,0.0,0.7157951148326878,201,0.8018134715025906,0.9203007518796992,0.24007621207452579,0.7373712360618212,0.8794139026448021
T060_P03_H1000_I0600_CN090_F1,India,unlimited_useful_deadline,unlimited,central_only,targeted_central,all_useful,deadline,-1.0,0.0,0.0,1.0,none,0.0,0,applicable,773.0,0.0,,0.0,24448.0,7413378.0,210122.56319965475,42078.0,32009.5,15.233728121613069,99.23304019119324,12.0,97.91835679630957,97.91835679630957,97.91835679630957,97.91835679630957,88.09831824062096,88.09831824062096,88.09831824062096,88.09831824062096,94.4372574385511,11.0,0.0,32.0,11.0,681.0,92.0,121.5194444444478,237.81875000000062,251.08541666666673,277.65416666666715,681.0,92.0,277.65416666666715,11655.5,339.23333333333335,0.20910795584815434,0.0,,,11.0,0.0,0.0,395.0,91.89873417721519,79.49367088607595,367.0,100.0,100.0,COMPLETED,60,3,1000.0,60.0,90.0,54,cd1301821cb30ac5,T060_P03_H1000_I0600_F1,0.9326997335073695,False,0.74597190853787,140,0.0,0.0,0.7462378782161979,140,0.8808290155440415,0.9353383458646617,0.32317081480956966,0.7057028057521157,0.886148409110601
T060_P03_H1000_I0600_CN100_F1,India,unlimited_useful_deadline,unlimited,central_only,targeted_central,all_useful,deadline,-1.0,0.0,0.0,1.0,none,0.0,0,applicable,773.0,0.0,,0.0,26474.0,8263776.0,226450.20479960536,46010.0,35264.5,15.572739283325857,100.0,18.0,99.72242106100374,99.72242106100374,99.72242106100374,99.72242106100374,97.41267787839585,97.41267787839585,97.41267787839585,97.41267787839585,95.47218628719276,11.0,0.0,24.0,11.0,753.0,20.0,106.59583333335443,228.44041666668465,242.09166666666744,259.12361111111255,753.0,20.0,259.12361111111255,12327.0,382.2916666666667,0.13182089009990916,0.0,,,11.0,0.0,0.0,395.0,93.92405063291139,97.72151898734177,367.0,100.0,100.0,COMPLETED,60,3,1000.0,60.0,100.0,60,cfb70af60ca95eb2,T060_P03_H1000_I0600_F1,0.9306250307412327,False,0.7791248177664725,100,0.0,0.0,0.7745080851635887,100,0.9740932642487046,0.9473684210526315,0.39590482758244794,0.6734153007431297,0.8817586121910292
T060_P03_H1000_I0800_CN000_F1,India,unlimited_useful_deadline,unlimited,central_only,targeted_central,all_useful,deadline,-1.0,0.0,0.0,1.0,none,0.0,0,applicable,773.0,0.0,,0.0,997.0,596232.0,59623.2,5208.0,2665.0,4.469736612593755,0.0,1.0,34.52608316467218,34.52608316467218,34.52608316467218,34.52608316467218,1.034928848641656,1.034928848641656,1.034928848641656,1.034928848641656,33.247089262613194,11.0,357.0,148.0,368.0,8.0,765.0,335.5,347.31166666666667,353.3725,359.43333333333334,8.0,765.0,359.43333333333334,2665.0,0.0,0.0,0.0,,,11.0,0.0,0.0,395.0,0.0,0.0,367.0,70.02724795640327,2.17983651226158,COMPLETED,60,3,1000.0,80.0,0.0,0,5b293dbe25d9d803,T060_P03_H1000_I0800_F1,0.8342881944444445,True,0.3485089599597253,555,0.0,0.0,0.3819517218699285,548,0.009067357512953369,0.22406015037593982,0.002180602991248559,0.9965279027524829,0.6779225957170176
T060_P03_H1000_I0800_CN010_F1,India,unlimited_useful_deadline,unlimited,central_only,targeted_central,all_useful,deadline,-1.0,0.0,0.0,1.0,none,0.0,0,applicable,773.0,0.0,,0.0,5533.0,1489392.0,76771.87199995745,10082.0,6155.0,8.017259237866977,67.98537774167343,6.0,54.32836857706066,54.32836857706066,54.32836857706066,54.32836857706066,12.548512289780078,12.548512289780078,12.548512289780078,12.548512289780078,53.557567917205695,11.0,209.0,139.0,220.0,97.0,676.0,328.45,349.8333333333333,353.1333333333333,354.78611111111144,97.0,676.0,354.78611111111144,3294.5,47.675,0.884685078366253,0.0,,,11.0,0.0,0.0,395.0,16.20253164556962,1.2658227848101267,367.0,95.36784741144415,25.068119891008173,COMPLETED,60,3,1000.0,80.0,10.0,6,510c042c15169c1f,T060_P03_H1000_I0800_F1,0.7339728904161894,False,0.38967525277363674,539,0.0,0.0,0.406741069553531,542,0.12435233160621763,0.46015037593984964,0.020421347012987923,0.9631126260044968,0.4656686672041028
T060_P03_H1000_I0800_CN020_F1,India,unlimited_useful_deadline,unlimited,central_only,targeted_central,all_useful,deadline,-1.0,0.0,0.0,1.0,none,0.0,0,applicable,773.0,0.0,,0.0,11043.0,2522256.0,96602.86079989736,14822.0,9817.5,10.162742509599084,86.48332060096766,8.0,70.51702717782287,70.51702717782287,70.51702717782287,70.51702717782287,50.32341526520052,50.32341526520052,50.32341526520052,50.32341526520052,67.14100905562742,11.0,127.0,116.0,138.0,389.0,384.0,262.5201388889184,340.3200000000001,344.4166666666667,354.2173611111114,389.0,384.0,354.2173611111114,3740.5,101.28333333333333,0.7836103340464045,0.0,,,11.0,0.0,0.0,395.0,38.734177215189874,26.329113924050635,367.0,99.72752043596729,77.65667574931881,COMPLETED,60,3,1000.0,80.0,20.0,12,1f70952532214afa,T060_P03_H1000_I0800_F1,0.8270410834999523,True,0.5389496421566963,443,0.0,0.0,0.5469495418044429,440,0.5025906735751297,0.6180451127819548,0.02265373932527215,0.9288695168097977,0.6625886665300599
T060_P03_H1000_I0800_CN030_F1,India,unlimited_useful_deadline,unlimited,central_only,targeted_central,all_useful,deadline,-1.0,0.0,0.0,1.0,none,0.0,0,applicable,773.0,0.0,,0.0,13733.0,3314640.0,111816.63359986909,18889.0,13083.5,11.70085306522349,92.61283295754194,9.0,78.33329545927971,78.33329545927971,78.33329545927971,78.33329545927971,66.49417852522639,66.49417852522639,66.49417852522639,66.49417852522639,74.1267787839586,11.0,79.0,110.0,90.0,514.0,259.0,224.50416666667903,323.2583333333333,328.1291666666667,355.91805555555817,514.0,259.0,355.91805555555817,4461.0,143.70833333333334,0.720029960374988,0.0,,,11.0,0.0,0.0,395.0,52.151898734177216,39.49367088607595,367.0,100.0,97.54768392370572,COMPLETED,60,3,1000.0,80.0,30.0,18,a2b7e4527a1b2438,T060_P03_H1000_I0800_F1,0.8482706441850411,False,0.5946042270229944,376,0.0,0.0,0.5967542190142663,381,0.6645077720207253,0.6992481203007518,0.015978368418323008,0.8965292224853689,0.7075076118461627
T060_P03_H1000_I0800_CN040_F1,India,unlimited_useful_deadline,unlimited,central_only,targeted_central,all_useful,deadline,-1.0,0.0,0.0,1.0,none,0.0,0,applicable,773.0,0.0,,0.0,18557.0,4285362.0,130454.49599980767,22856.0,16331.0,12.518541331089176,95.53303533157798,10.0,84.23115671147167,84.23115671147167,84.23115671147167,84.23115671147167,73.99741267787839,73.99741267787839,73.99741267787839,73.99741267787839,82.01811125485123,11.0,49.0,79.0,60.0,572.0,201.0,186.83819444444777,304.47604166666673,315.6708333333333,329.6,572.0,201.0,329.6,5154.0,186.28333333333333,0.6411723479764995,0.0,,,11.0,0.0,0.0,395.0,67.59493670886076,51.89873417721519,367.0,100.0,100.0,COMPLETED,60,3,1000.0,80.0,40.0,24,e0cb3193ca2d056c,T060_P03_H1000_I0800_F1,0.8924930393680395,True,0.6599776074415012,290,0.0,0.0,0.6630495600006421,296,0.7396373056994817,0.7909774436090227,0.11927898362095213,0.8642777101914573,0.8010763568822963
T060_P03_H1000_I0800_CN050_F1,India,unlimited_useful_deadline,unlimited,central_only,targeted_central,all_useful,deadline,-1.0,0.0,0.0,1.0,none,0.0,0,applicable,773.0,0.0,,0.0,22607.0,5241438.0,148811.1551997442,26885.0,19662.5,13.213055146039078,97.2867132867133,12.0,89.22094965402053,89.22094965402053,89.22094965402053,89.22094965402053,79.04269081500647,79.04269081500647,79.04269081500647,79.04269081500647,85.51099611901681,11.0,15.0,86.0,26.0,611.0,162.0,169.2555555555562,294.8215277777805,301.43437500000084,316.46666666666664,611.0,162.0,316.46666666666664,5872.0,229.84166666666667,0.5684257278561329,0.0,,,11.0,0.0,0.0,395.0,74.43037974683544,61.77215189873417,367.0,100.0,100.0,COMPLETED,60,3,1000.0,80.0,50.0,30,2c9f8bd8776bde25,T060_P03_H1000_I0800_F1,0.9053161180820756,False,0.6885761977081363,237,0.0,0.0,0.6904788405428441,237,0.7901554404145077,0.831578947368421,0.1708284383339168,0.8316230794887115,0.8282082971086637
T060_P03_H1000_I0800_CN060_F1,India,unlimited_useful_deadline,unlimited,central_only,targeted_central,all_useful,deadline,-1.0,0.0,0.0,1.0,none,0.0,0,applicable,773.0,0.0,,0.0,27319.0,6394530.0,170950.52159967704,31151.0,23230.0,13.588727184114006,98.49117520447697,14.0,94.55367321509054,94.55367321509054,94.55367321509054,94.55367321509054,82.79430789133248,82.79430789133248,82.79430789133248,82.79430789133248,89.13324708926261,11.0,0.0,73.0,11.0,640.0,133.0,143.92048611111096,260.1642361111375,270.55434027779995,287.08819444444504,640.0,133.0,287.08819444444504,6692.0,275.6333333333333,0.48418188414560404,0.0,,,11.0,0.0,0.0,395.0,81.51898734177216,69.11392405063292,367.0,100.0,100.0,COMPLETED,60,3,1000.0,80.0,60.0,36,103500a713a35efa,T060_P03_H1000_I0800_F1,0.9401967592592592,False,0.7337640283265595,164,0.0,0.0,0.737478574214285,154,0.8277202072538861,0.8736842105263157,0.2861414502645385,0.7978358780182891,0.9020111250083953
T060_P03_H1000_I0800_CN070_F1,India,unlimited_useful_deadline,unlimited,central_only,targeted_central,all_useful,deadline,-1.0,0.0,0.0,1.0,none,0.0,0,applicable,773.0,0.0,,0.0,29573.0,7384824.0,189964.16639963264,35020.0,26409.0,13.902095590198147,98.98519444128895,12.0,96.82189347543678,96.82189347543678,96.82189347543678,96.82189347543678,84.99353169469599,84.99353169469599,84.99353169469599,84.99353169469599,90.03880983182407,11.0,0.0,66.0,11.0,657.0,116.0,135.90069444444427,257.55097222222247,264.8386111111163,314.76666666666665,657.0,116.0,314.76666666666665,7323.0,318.1,0.43013552691326984,0.0,,,11.0,0.0,0.0,395.0,83.29113924050633,73.41772151898735,367.0,100.0,100.0,COMPLETED,60,3,1000.0,80.0,70.0,42,910b7ee778a7ec9d,T060_P03_H1000_I0800_F1,0.9375817407971138,False,0.7124318886792663,206,0.0,0.0,0.7147687466205814,203,0.8497409326424871,0.8842105263157896,0.1775010834871178,0.7659130991887242,0.8964780914687888
T060_P03_H1000_I0800_CN080_F1,India,unlimited_useful_deadline,unlimited,central_only,targeted_central,all_useful,deadline,-1.0,0.0,0.0,1.0,none,0.0,0,applicable,773.0,0.0,,0.0,33953.0,8555754.0,212446.0223995506,38955.0,29636.0,13.949896385568993,99.37407207450399,12.0,98.57498873246907,98.57498873246907,98.57498873246907,98.57498873246907,90.29754204398448,90.29754204398448,90.29754204398448,90.29754204398448,92.88486416558862,11.0,0.0,44.0,11.0,698.0,75.0,123.88923611111326,232.22881944444495,245.8838541666671,272.35208333333503,698.0,75.0,272.35208333333503,7896.5,362.325,0.3482527963691284,0.0,,,11.0,0.0,0.0,395.0,88.86075949367088,83.79746835443038,367.0,100.0,100.0,COMPLETED,60,3,1000.0,80.0,80.0,48,f9cf8b0b8fb37180,T060_P03_H1000_I0800_F1,0.9446918444232196,False,0.7614477838586384,122,0.0,0.0,0.7618814033756575,121,0.9028497409326425,0.9172932330827068,0.3439819446072323,0.7337599669826828,0.9115221312730226
T060_P03_H1000_I0800_CN090_F1,India,unlimited_useful_deadline,unlimited,central_only,targeted_central,all_useful,deadline,-1.0,0.0,0.0,1.0,none,0.0,0,applicable,773.0,0.0,,0.0,37215.0,9632886.0,233126.95679948136,42710.0,32699.0,14.026262963714348,99.74769870638247,15.0,99.31374108539462,99.31374108539462,99.31374108539462,99.31374108539462,91.72056921086676,91.72056921086676,91.72056921086676,91.72056921086676,94.95472186287192,11.0,0.0,28.0,11.0,709.0,64.0,114.65416666666643,240.3041666666667,253.6451388888899,264.08819444444504,709.0,64.0,264.08819444444504,8740.0,399.31666666666666,0.28575622243554966,0.0,,,11.0,0.0,0.0,395.0,92.91139240506328,86.58227848101265,367.0,100.0,100.0,COMPLETED,60,3,1000.0,80.0,90.0,54,7bcc3a79f632e25b,T060_P03_H1000_I0800_F1,0.9461147678002403,False,0.7704876733758776,109,0.0,0.0,0.7703593935523753,108,0.917098445595855,0.9413533834586465,0.37641841410196364,0.702393875479603,0.9145328491258085
T060_P03_H1000_I0800_CN100_F1,India,unlimited_useful_deadline,unlimited,central_only,targeted_central,all_useful,deadline,-1.0,0.0,0.0,1.0,none,0.0,0,applicable,773.0,0.0,,0.0,40593.0,10774524.0,255046.4063994051,46300.0,35582.0,13.95118657123059,100.0,13.0,100.0,100.0,100.0,100.0,98.57697283311772,98.57697283311772,98.57697283311772,98.57697283311772,96.3777490297542,11.0,0.0,17.0,11.0,762.0,11.0,103.91006944445834,200.31750000001077,214.77951388890128,223.4256944444455,762.0,11.0,223.4256944444455,9320.0,437.7,0.19921686594064947,0.0,,,11.0,0.0,0.0,395.0,95.69620253164557,100.0,367.0,100.0,100.0,COMPLETED,60,3,1000.0,80.0,100.0,60,d26f2aff5e83e1ad,T060_P03_H1000_I0800_F1,0.9663416204918831,False,0.8231990622605332,21,0.0,0.0,0.821778007334548,21,0.9857512953367875,0.9578947368421052,0.5360221985384531,0.6718916091383104,0.9573301968170836
T060_P03_H1000_I0986_CN000_F1,India,unlimited_useful_deadline,unlimited,central_only,targeted_central,all_useful,deadline,-1.0,0.0,0.0,1.0,none,0.0,0,applicable,773.0,0.0,,0.0,974.0,567633.0,56763.3,4923.0,2714.0,4.7812583130297215,0.0,1.0,35.12559453499505,35.12559453499505,35.12559453499505,35.12559453499505,2.069857697283312,2.069857697283312,2.069857697283312,2.069857697283312,16.041397153945667,6.0,296.0,347.0,302.0,16.0,757.0,343.76666666666665,359.0,359.3041666666667,359.3666666666667,16.0,757.0,359.3666666666667,2714.0,0.0,0.0,0.0,,,11.0,0.0,0.0,395.0,0.0,0.25316455696202533,367.0,33.787465940054496,4.087193460490464,COMPLETED,60,3,1000.0,98.6,0.0,0,742c106a6c38f1ca,T060_P03_H1000_I0986_F1,0.804904513888889,True,0.30177913969371706,557,0.0,0.0,0.33159516761159535,557,0.019430051813471506,0.02406015037593986,0.002442275350197587,0.9962927503473297,0.6157506101710383
T060_P03_H1000_I0986_CN010_F1,India,unlimited_useful_deadline,unlimited,central_only,targeted_central,all_useful,deadline,-1.0,0.0,0.0,1.0,none,0.0,0,applicable,773.0,0.0,,0.0,5448.0,1440993.0,73531.8119999565,9379.0,5710.0,7.765346514245261,63.29246935201401,5.0,51.1661359528228,51.1661359528228,51.1661359528228,51.1661359528228,7.503234152652006,7.503234152652006,7.503234152652006,7.503234152652006,52.652005174644245,6.0,180.0,180.0,186.0,58.0,715.0,293.7416666666667,343.875,349.37916666666666,349.6166666666667,58.0,715.0,349.6166666666667,3433.0,37.95,0.8902430098082272,0.0,,,11.0,0.0,0.0,395.0,16.455696202531644,3.0379746835443036,367.0,93.18801089918256,12.534059945504087,COMPLETED,60,3,1000.0,98.6,10.0,6,ef77a7d59513ab32,T060_P03_H1000_I0986_F1,0.8003033205619413,False,0.40047763553335297,536,0.0,0.0,0.42708668034148134,531,0.07383419689119172,0.4496240601503759,0.040711857846497446,0.9652481937655818,0.60601509305376
T060_P03_H1000_I0986_CN020_F1,India,unlimited_useful_deadline,unlimited,central_only,targeted_central,all_useful,deadline,-1.0,0.0,0.0,1.0,none,0.0,0,applicable,773.0,0.0,,0.0,10944.0,2429565.0,92512.39439989466,13879.0,8979.0,9.70572652264011,83.4001559193674,10.0,66.04030334844471,66.04030334844471,66.04030334844471,66.04030334844471,43.33764553686934,43.33764553686934,43.33764553686934,43.33764553686934,59.50840879689522,6.0,145.0,162.0,151.0,335.0,438.0,226.88333333333333,318.7444444444446,326.42118055556546,357.25277777777785,335.0,438.0,357.25277777777785,3991.0,83.13333333333334,0.7930366212242717,0.0,,,11.0,0.0,0.0,395.0,23.544303797468356,21.772151898734176,367.0,100.0,67.8474114441417,COMPLETED,60,3,1000.0,98.6,20.0,12,bed9a498f903807a,T060_P03_H1000_I0986_F1,0.8075400773908236,True,0.4959509449782216,482,0.0,0.0,0.5053851763408995,478,0.43264248704663216,0.5293233082706768,0.010739469731873785,0.9328935023551232,0.6213271143001919
T060_P03_H1000_I0986_CN030_F1,India,unlimited_useful_deadline,unlimited,central_only,targeted_central,all_useful,deadline,-1.0,0.0,0.0,1.0,none,0.0,0,applicable,773.0,0.0,,0.0,13752.0,3269709.0,108643.15919986775,17473.0,11694.0,10.763678160800607,89.42192577390115,11.0,72.00158094632567,72.00158094632567,72.00158094632567,72.00158094632567,54.59249676584734,54.59249676584734,54.59249676584734,54.59249676584734,60.15523932729625,6.0,112.0,190.0,118.0,422.0,351.0,195.50173611111296,318.74270833333367,346.9177083333363,353.2909722222458,422.0,351.0,353.2909722222458,4767.0,115.45,0.7170275732640394,0.0,,,11.0,0.0,0.0,395.0,24.81012658227848,29.620253164556964,367.0,100.0,83.10626702997274,COMPLETED,60,3,1000.0,98.6,30.0,18,feb0a07ce6870558,T060_P03_H1000_I0986_F1,0.8535490170265052,True,0.5374014841736512,444,0.0,0.0,0.5460684423623837,443,0.5453367875647669,0.5368421052631579,0.026289894813077197,0.9031974728314989,0.7186759513394178
T060_P03_H1000_I0986_CN040_F1,India,unlimited_useful_deadline,unlimited,central_only,targeted_central,all_useful,deadline,-1.0,0.0,0.0,1.0,none,0.0,0,applicable,773.0,0.0,,0.0,18888.0,4250391.0,127472.25359979905,20998.0,14435.0,11.324032950197058,93.35296155178386,13.0,76.30576661274043,76.30576661274043,76.30576661274043,76.30576661274043,61.57826649417852,61.57826649417852,61.57826649417852,61.57826649417852,60.93143596377749,6.0,88.0,208.0,94.0,476.0,297.0,177.21666666666667,324.30381944444645,333.3612847222223,345.85694444446403,476.0,297.0,345.85694444446403,5498.0,148.95,0.6452239752340458,0.0,,,11.0,0.0,0.0,395.0,26.329113924050635,35.69620253164557,367.0,100.0,91.28065395095368,COMPLETED,60,3,1000.0,98.6,40.0,24,e8cabfc938e3fb2a,T060_P03_H1000_I0986_F1,0.8854964207905386,False,0.5667041927514243,406,0.0,0.0,0.5752535658690592,406,0.6152849740932642,0.5458646616541353,0.05546908858965183,0.8733766685622829,0.7862724364459617
T060_P03_H1000_I0986_CN050_F1,India,unlimited_useful_deadline,unlimited,central_only,targeted_central,all_useful,deadline,-1.0,0.0,0.0,1.0,none,0.0,0,applicable,773.0,0.0,,0.0,24226.0,5340867.0,148409.39279972605,24642.0,17327.5,11.67547395290737,95.60236618092627,14.0,80.39587531112956,80.39587531112956,80.39587531112956,80.39587531112956,68.69340232858991,68.69340232858991,68.69340232858991,68.69340232858991,61.190168175937906,6.0,64.0,230.0,70.0,531.0,242.0,166.8,316.48402777777784,327.135069444455,346.95069444444533,531.0,242.0,346.95069444444533,6158.0,186.15833333333333,0.5663689810048198,0.0,,,11.0,0.0,0.0,395.0,26.83544303797468,41.51898734177215,367.0,100.0,100.0,COMPLETED,60,3,1000.0,98.6,50.0,30,4d5061cd7c5fc44a,T060_P03_H1000_I0986_F1,0.9063611634233103,False,0.5847704492675104,381,0.0,0.0,0.5919649981454099,384,0.6865284974093264,0.5488721804511278,0.05117602645071728,0.8428288114485628,0.8304194749673154
T060_P03_H1000_I0986_CN060_F1,India,unlimited_useful_deadline,unlimited,central_only,targeted_central,all_useful,deadline,-1.0,0.0,0.0,1.0,none,0.0,0,applicable,773.0,0.0,,0.0,27646.0,6350253.0,167789.60399966873,28066.0,20022.5,11.933099264028021,97.14071669371957,13.0,82.27806092212872,82.27806092212872,82.27806092212872,82.27806092212872,69.72833117723157,69.72833117723157,69.72833117723157,69.72833117723157,61.448900388098316,6.0,53.0,239.0,59.0,539.0,234.0,157.63333333333333,292.3926388888891,317.4875694444445,337.9506944444447,539.0,234.0,337.9506944444447,6773.5,220.81666666666666,0.49790047047575925,0.0,,,11.0,0.0,0.0,395.0,27.341772151898734,43.54430379746835,367.0,100.0,100.0,COMPLETED,60,3,1000.0,98.6,60.0,36,6c47dfbb1f338f9a,T060_P03_H1000_I0986_F1,0.9416220023362881,False,0.6002988619145317,370,0.0,0.0,0.6107056398810342,363,0.6968911917098446,0.5518796992481203,0.08650179490884258,0.8132287624984702,0.9050267510398933
T060_P03_H1000_I0986_CN070_F1,India,unlimited_useful_deadline,unlimited,central_only,targeted_central,all_useful,deadline,-1.0,0.0,0.0,1.0,none,0.0,0,applicable,773.0,0.0,,0.0,29900.0,7403907.0,188019.76079963252,31985.0,23237.5,12.359073270369471,98.1775147928994,14.0,85.38961979639946,85.38961979639946,85.38961979639946,85.38961979639946,72.96248382923673,72.96248382923673,72.96248382923673,72.96248382923673,62.48382923673997,6.0,35.0,249.0,41.0,564.0,209.0,150.0281250000205,278.35208333333355,291.7536458333334,314.78611111112986,564.0,209.0,314.78611111112986,7395.0,264.0416666666667,0.4265283257061703,0.0,,,11.0,0.0,0.0,395.0,29.367088607594937,49.87341772151899,367.0,100.0,100.0,COMPLETED,60,3,1000.0,98.6,70.0,42,46d8623b5c9f8dc0,T060_P03_H1000_I0986_F1,0.9487818492251118,False,0.6248386100930466,339,0.0,0.0,0.6343836815738677,332,0.7292746113989637,0.5639097744360901,0.1774247623823506,0.7811332186365479,0.9201760410153864
T060_P03_H1000_I0986_CN080_F1,India,unlimited_useful_deadline,unlimited,central_only,targeted_central,all_useful,deadline,-1.0,0.0,0.0,1.0,none,0.0,0,applicable,773.0,0.0,,0.0,34510.0,8599905.0,210982.92239955362,35648.0,26194.0,12.41522285410121,99.02840345117203,14.0,87.5144535314027,87.5144535314027,87.5144535314027,87.5144535314027,76.58473479948253,76.58473479948253,76.58473479948253,76.58473479948253,62.74256144890039,6.0,29.0,253.0,35.0,592.0,181.0,151.3041666666739,268.92833333333334,274.93524305556775,298.28333333333336,592.0,181.0,298.28333333333336,7988.0,303.43333333333334,0.34719506389834853,0.0,,,11.0,0.0,0.0,395.0,29.873417721518987,56.9620253164557,367.0,100.0,100.0,COMPLETED,60,3,1000.0,98.6,80.0,48,362f7445974aea52,T060_P03_H1000_I0986_F1,0.9474451013513514,False,0.6408671774654207,318,0.0,0.0,0.6484573583499319,316,0.7655440414507771,0.5669172932330827,0.24219957423727223,0.7502782236875257,0.9173476591410015
T060_P03_H1000_I0986_CN090_F1,India,unlimited_useful_deadline,unlimited,central_only,targeted_central,all_useful,deadline,-1.0,0.0,0.0,1.0,none,0.0,0,applicable,773.0,0.0,,0.0,37770.0,9711423.0,232324.06799948576,39295.0,29098.5,12.524961468935887,99.58245270374762,15.0,89.99512728326287,89.99512728326287,89.99512728326287,89.99512728326287,79.5601552393273,79.5601552393273,79.5601552393273,79.5601552393273,63.38939197930142,6.0,17.0,260.0,23.0,615.0,158.0,143.48472222222725,264.5997222222225,269.0482638888913,287.1166666666667,615.0,158.0,287.1166666666667,8546.0,342.5416666666667,0.2800247334063173,0.0,,,11.0,0.0,0.0,395.0,31.139240506329113,62.78481012658228,367.0,100.0,100.0,COMPLETED,60,3,1000.0,98.6,90.0,54,49d2042730597854,T060_P03_H1000_I0986_F1,0.9502574525745257,False,0.6533566428638506,304,0.0,0.0,0.659754714622066,300,0.7953367875647669,0.5744360902255639,0.2860296943612396,0.7196727782296864,0.9232982227290728
T060_P03_H1000_I0986_CN100_F1,India,unlimited_useful_deadline,unlimited,central_only,targeted_central,all_useful,deadline,-1.0,0.0,0.0,1.0,none,0.0,0,applicable,773.0,0.0,,0.0,41366.0,10905435.0,255249.09839941136,43293.0,32391.5,12.690152561994202,100.0,15.0,93.2817747224527,93.2817747224527,93.2817747224527,93.2817747224527,85.89909443725745,85.89909443725745,85.89909443725745,85.89909443725745,63.77749029754204,6.0,8.0,266.0,14.0,664.0,109.0,140.43611111111431,257.47951388889555,263.88836805556565,281.08541666668947,664.0,109.0,281.08541666668947,9003.0,389.80833333333334,0.19101659647547597,0.0,,,11.0,0.0,0.0,395.0,31.89873417721519,75.18987341772151,367.0,100.0,100.0,COMPLETED,60,3,1000.0,98.6,100.0,60,71a02ff29e53ca39,T060_P03_H1000_I0986_F1,0.931695532128514,False,0.6624762491181686,287,0.0,0.0,0.663737017194375,294,0.8588082901554405,0.5789473684210525,0.30970286558482274,0.6872029101309894,0.88402365167957
T060_P05_H0500_I0600_CN000_F1,India,unlimited_useful_deadline,unlimited,central_only,targeted_central,all_useful,deadline,-1.0,0.0,0.0,1.0,none,0.0,0,applicable,773.0,0.0,,0.0,1160.0,418353.0,41835.3,4658.0,2902.5,6.937920846749037,0.0,1.0,60.6301654948591,60.6301654948591,60.6301654948591,60.6301654948591,17.205692108667527,17.205692108667527,17.205692108667527,17.205692108667527,70.89262613195343,106.0,25.0,94.0,131.0,133.0,640.0,92.88333333333334,99.91666666666667,101.35,179.88333333333333,133.0,640.0,179.88333333333333,2902.5,0.0,0.0,0.0,,,11.0,45.45454545454545,0.0,395.0,44.55696202531645,33.67088607594937,367.0,100.0,0.0,COMPLETED,60,5,500.0,60.0,0.0,0,2324f78144779512,T060_P05_H0500_I0600_F1,0.8896668755221386,True,0.6348049896332675,326,0.13,4.62,0.666010595215821,291,0.1709844559585492,0.6616541353383459,0.7069296837308001,0.9953881334417914,0.795096567609618
T060_P05_H0500_I0600_CN010_F1,India,unlimited_useful_deadline,unlimited,central_only,targeted_central,all_useful,deadline,-1.0,0.0,0.0,1.0,none,0.0,0,applicable,773.0,0.0,,0.0,5835.0,1085826.0,54650.78159994949,9081.0,5846.0,10.697010781645258,56.50017105713308,6.0,77.14404051790171,77.14404051790171,77.14404051790171,77.14404051790171,18.628719275549805,18.628719275549805,18.628719275549805,18.628719275549805,72.0569210866753,106.0,18.0,92.0,124.0,144.0,629.0,92.75,101.06666666666666,127.07256944444742,179.88333333333333,144.0,629.0,179.88333333333333,3951.5,31.575,0.7638383038620569,0.0,,,11.0,45.45454545454545,0.0,395.0,46.835443037974684,36.45569620253165,367.0,100.0,0.0,COMPLETED,60,5,500.0,60.0,10.0,6,0512ebbdb2a57a41,T060_P05_H0500_I0600_F1,0.9191743827160495,True,0.6442805091538197,315,0.0,3.89,0.6778953788207794,272,0.18523316062176165,0.6751879699248121,0.7069296837308001,0.9645955258655649,0.8575305539609587
T060_P05_H0500_I0600_CN020_F1,India,unlimited_useful_deadline,unlimited,central_only,targeted_central,all_useful,deadline,-1.0,0.0,0.0,1.0,none,0.0,0,applicable,773.0,0.0,,0.0,9718.0,1768791.0,67763.70959990623,12731.0,8617.5,12.716983841173779,74.47055410501886,7.0,83.20482939758303,83.20482939758303,83.20482939758303,83.20482939758303,28.33117723156533,28.33117723156533,28.33117723156533,28.33117723156533,71.53945666235447,106.0,17.0,97.0,123.0,219.0,554.0,99.11666666666666,295.26458333334324,327.5447222222239,358.53333333333336,219.0,554.0,358.53333333333336,4580.0,67.29166666666667,0.70596697626419,0.0,,,11.0,45.45454545454545,0.0,395.0,45.822784810126585,42.278481012658226,367.0,100.0,14.168937329700274,COMPLETED,60,5,500.0,60.0,20.0,12,d2e3248aae98f514,T060_P05_H0500_I0600_F1,0.8687912227295788,True,0.5051377142949591,472,0.0,0.0,0.5285648655420896,466,0.2823834196891192,0.6691729323308271,0.005713179837060767,0.9346283512217127,0.7509264446317281
T060_P05_H0500_I0600_CN030_F1,India,unlimited_useful_deadline,unlimited,central_only,targeted_central,all_useful,deadline,-1.0,0.0,0.0,1.0,none,0.0,0,applicable,773.0,0.0,,0.0,13692.0,2532951.0,82435.58159985993,16858.0,11572.5,14.038234188936277,83.42190537913156,8.0,87.92686026651826,87.92686026651826,87.92686026651826,87.92686026651826,41.00905562742562,41.00905562742562,41.00905562742562,41.00905562742562,72.57438551099612,106.0,17.0,89.0,123.0,317.0,456.0,108.33472222222481,332.76111111111214,348.9679166666663,359.6166666666667,317.0,456.0,359.6166666666667,5072.0,108.34166666666667,0.6171230418172962,0.0,,,11.0,45.45454545454545,0.0,395.0,47.848101265822784,45.063291139240505,367.0,100.0,37.87465940054496,COMPLETED,60,5,500.0,60.0,30.0,18,facc46aa58af506d,T060_P05_H0500_I0600_F1,0.8703046500759434,True,0.532739818024128,450,0.0,0.0,0.5499799296268656,437,0.4093264248704664,0.681203007518797,0.0014610040041386219,0.9037805548157053,0.7541286569252211
T060_P05_H0500_I0600_CN040_F1,India,unlimited_useful_deadline,unlimited,central_only,targeted_central,all_useful,deadline,-1.0,0.0,0.0,1.0,none,0.0,0,applicable,773.0,0.0,,0.0,16527.0,3405963.0,99197.41199982449,20654.0,14499.5,14.616812785423933,88.86513328045795,8.0,93.01545186053589,93.01545186053589,93.01545186053589,93.01545186053589,63.77749029754204,63.77749029754204,63.77749029754204,63.77749029754204,72.3156532988357,106.0,11.0,97.0,117.0,493.0,280.0,147.22083333333237,294.197361111113,332.52569444444555,359.953472222239,493.0,280.0,359.953472222239,5456.5,150.71666666666667,0.5537708724980648,0.0,,,11.0,45.45454545454545,27.27272727272727,395.0,47.34177215189874,53.16455696202531,367.0,100.0,76.29427792915531,COMPLETED,60,5,500.0,60.0,40.0,24,48edbcff62c9dfb2,T060_P05_H0500_I0600_F1,0.8599410262189168,False,0.5794368412762089,387,0.0,0.0,0.5841815862123577,390,0.6373056994818652,0.6781954887218045,0.00013901344063227405,0.8730671312126427,0.732200598204844
T060_P05_H0500_I0600_CN050_F1,India,unlimited_useful_deadline,unlimited,central_only,targeted_central,all_useful,deadline,-1.0,0.0,0.0,1.0,none,0.0,0,applicable,773.0,0.0,,0.0,20580.0,4395627.0,118198.96079977084,24817.0,17877.0,15.124498455010663,93.01336913352353,10.0,95.7931957469592,95.7931957469592,95.7931957469592,95.7931957469592,76.71410090556274,76.71410090556274,76.71410090556274,76.71410090556274,70.2457956015524,106.0,10.0,114.0,116.0,593.0,180.0,124.1034722222384,288.46416666666886,326.09166666666687,357.78611111111337,593.0,180.0,357.78611111111337,5906.5,199.50833333333333,0.49661598652242334,0.0,,,11.0,54.54545454545454,36.36363636363637,395.0,43.037974683544306,63.54430379746835,367.0,100.0,92.09809264305177,COMPLETED,60,5,500.0,60.0,50.0,30,72585a15debce9c8,T060_P05_H0500_I0600_F1,0.8680079320467179,False,0.6046948451955919,367,0.0,0.0,0.603816331535883,371,0.766839378238342,0.6541353383458648,0.008646090860272682,0.8401917451907733,0.7492691050441618
T060_P05_H0500_I0600_CN060_F1,India,unlimited_useful_deadline,unlimited,central_only,targeted_central,all_useful,deadline,-1.0,0.0,0.0,1.0,none,0.0,0,applicable,773.0,0.0,,0.0,24187.0,5406660.0,137610.794399722,28938.0,21250.5,15.442465900075444,95.33658031575727,11.0,96.59467102288455,96.59467102288455,96.59467102288455,96.59467102288455,79.94825355756791,79.94825355756791,79.94825355756791,79.94825355756791,69.72833117723157,106.0,10.0,118.0,116.0,618.0,155.0,116.75833333333333,273.6142361111122,312.17531250000144,350.6541666666744,618.0,155.0,350.6541666666744,6475.5,246.25,0.42221996615905244,0.0,,,11.0,45.45454545454545,45.45454545454545,395.0,42.278481012658226,63.29113924050633,367.0,100.0,98.9100817438692,COMPLETED,60,5,500.0,60.0,60.0,36,d785433c64a56816,T060_P05_H0500_I0600_F1,0.911006981900995,False,0.6242621989921027,340,0.0,0.0,0.6263135297460879,345,0.7992227979274611,0.6481203007518798,0.036639581760322226,0.8073355552836107,0.8402494130071656
T060_P05_H0500_I0600_CN070_F1,India,unlimited_useful_deadline,unlimited,central_only,targeted_central,all_useful,deadline,-1.0,0.0,0.0,1.0,none,0.0,0,applicable,773.0,0.0,,0.0,28840.0,6562806.0,159808.79759965374,32815.0,24483.5,15.320495722228655,97.50239957522413,10.0,98.09452416648818,98.09452416648818,98.09452416648818,98.09452416648818,83.44113842173351,83.44113842173351,83.44113842173351,83.44113842173351,70.2457956015524,106.0,6.0,118.0,112.0,645.0,128.0,101.98750000000048,263.61250000001513,281.265277777797,315.95625000000507,645.0,128.0,315.95625000000507,6719.5,296.06666666666666,0.37400360279216405,0.0,,,11.0,54.54545454545454,54.54545454545454,395.0,43.037974683544306,68.86075949367088,367.0,100.0,100.0,COMPLETED,60,5,500.0,60.0,70.0,42,634f961657057b8c,T060_P05_H0500_I0600_F1,0.925976169968418,False,0.6597617252731225,291,0.0,0.0,0.6616479925663704,299,0.8341968911917099,0.6541353383458648,0.17283186733210054,0.7751536289055094,0.8719222370566672
T060_P05_H0500_I0600_CN080_F1,India,unlimited_useful_deadline,unlimited,central_only,targeted_central,all_useful,deadline,-1.0,0.0,0.0,1.0,none,0.0,0,applicable,773.0,0.0,,0.0,32111.0,7741137.0,182432.75279960193,37457.0,28212.0,15.464328398854024,98.23833829576067,12.0,98.19090454772615,98.19090454772615,98.19090454772615,98.19090454772615,83.95860284605433,83.95860284605433,83.95860284605433,83.95860284605433,70.89262613195343,106.0,6.0,113.0,112.0,649.0,124.0,100.36736111111531,240.6084722222228,256.53166666668403,294.38472222222686,649.0,124.0,294.38472222222686,6898.5,355.225,0.2989650534481276,0.0,,,11.0,54.54545454545454,72.72727272727273,395.0,44.303797468354425,69.36708860759494,367.0,100.0,100.0,COMPLETED,60,5,500.0,60.0,80.0,48,bc5a7d578c03d283,T060_P05_H0500_I0600_F1,0.9460195172059579,False,0.6789442312805382,262,0.0,0.0,0.6826918849361352,258,0.8393782383419689,0.6616541353383459,0.25750195572829604,0.7405937838181552,0.9143313114539101
T060_P05_H0500_I0600_CN090_F1,India,unlimited_useful_deadline,unlimited,central_only,targeted_central,all_useful,deadline,-1.0,0.0,0.0,1.0,none,0.0,0,applicable,773.0,0.0,,0.0,34821.0,8989389.0,206399.19119955588,41703.0,31705.0,15.361009806160627,99.23671345213688,13.0,98.28300135646462,98.28300135646462,98.28300135646462,98.28300135646462,83.69987063389392,83.69987063389392,83.69987063389392,83.69987063389392,67.65847347994826,106.0,5.0,139.0,111.0,647.0,126.0,99.24097222222578,239.0584722222226,259.8609027777778,269.48402777778296,647.0,126.0,269.48402777778296,7194.0,408.51666666666665,0.24788190336311589,0.0,,,11.0,54.54545454545454,72.72727272727273,395.0,37.9746835443038,68.86075949367088,367.0,100.0,100.0,COMPLETED,60,5,500.0,60.0,90.0,54,17c70de66b2950a9,T060_P05_H0500_I0600_F1,0.9543498483027076,False,0.6862831834769594,241,0.0,0.0,0.6910416648063947,235,0.8367875647668394,0.6240601503759399,0.35523930754950617,0.7071641099841393,0.9319571913555491
T060_P05_H0500_I0600_CN100_F1,India,unlimited_useful_deadline,unlimited,central_only,targeted_central,all_useful,deadline,-1.0,0.0,0.0,1.0,none,0.0,0,applicable,773.0,0.0,,0.0,37860.0,10348581.0,232495.6775995022,45829.0,35123.0,15.106947519473024,100.0,11.0,99.96251874062969,99.96251874062969,99.96251874062969,99.96251874062969,86.15782664941786,86.15782664941786,86.15782664941786,86.15782664941786,68.4346701164295,106.0,0.0,138.0,106.0,666.0,107.0,88.48333333334837,248.25277777778004,260.6513888888943,273.38750000000084,666.0,107.0,273.38750000000084,7651.5,457.85833333333335,0.16560890377300108,0.0,,,11.0,54.54545454545454,72.72727272727273,395.0,39.49367088607595,73.67088607594937,367.0,100.0,100.0,COMPLETED,60,5,500.0,60.0,100.0,60,32862dfac83a8ac2,T060_P05_H0500_I0600_F1,0.9490414025136248,False,0.6828775073244686,251,0.0,0.0,0.6858438202118758,248,0.86139896373057,0.6330827067669174,0.3399178457823081,0.6740943633008678,0.9207252214787165
T060_P05_H0500_I0800_CN010_F1,India,unlimited_useful_deadline,unlimited,central_only,targeted_central,all_useful,deadline,-1.0,0.0,0.0,1.0,none,0.0,0,applicable,773.0,0.0,,0.0,8122.0,1648824.0,51432.4127999203,9105.0,5422.0,10.541990361394054,85.46661748432312,8.0,53.12690182247498,53.12690182247498,53.12690182247498,53.12690182247498,8.15006468305304,8.15006468305304,8.15006468305304,8.15006468305304,58.86157826649418,0.0,234.0,84.0,234.0,63.0,710.0,277.75,339.3458333333415,342.02465277778947,359.40069444444765,63.0,710.0,359.40069444444765,1333.0,68.15,0.895732452922475,0.0,,,11.0,54.54545454545454,0.0,395.0,20.759493670886076,4.050632911392405,367.0,100.0,12.806539509536785,COMPLETED,60,5,500.0,80.0,10.0,6,f3017fd1eb6639b1,T060_P05_H0500_I0800_F1,0.6690255731922399,False,0.3674637367828062,549,0.0,0.0,0.37986062901856565,550,0.08031088082901555,0.5218045112781955,0.002308713416971475,0.9666303140244414,0.32824872554420437
T060_P05_H0500_I0800_CN020_F1,India,unlimited_useful_deadline,unlimited,central_only,targeted_central,all_useful,deadline,-1.0,0.0,0.0,1.0,none,0.0,0,applicable,773.0,0.0,,0.0,15716.0,3102996.0,79352.51519983391,13422.0,8626.5,10.871110989079343,94.42415811742886,12.0,69.23252446039704,69.23252446039704,69.23252446039704,69.23252446039704,59.637774902975416,59.637774902975416,59.637774902975416,59.637774902975416,66.23544631306598,0.0,188.0,73.0,188.0,461.0,312.0,207.51944444445192,285.0833333333333,307.4006944444472,343.95625000000075,461.0,312.0,343.95625000000075,1371.0,120.925,0.7812636390784005,0.0,,,11.0,72.72727272727273,0.0,395.0,34.68354430379747,29.873417721518987,367.0,100.0,93.46049046321527,COMPLETED,60,5,500.0,80.0,20.0,12,644b92f4380f3231,T060_P05_H0500_I0800_F1,0.7989234353659516,True,0.5604347330216722,417,0.0,0.01,0.5607967588229494,421,0.5958549222797928,0.6075187969924812,0.062929476573513,0.9345851599636233,0.6030954383053365
T060_P05_H0500_I0800_CN030_F1,India,unlimited_useful_deadline,unlimited,central_only,targeted_central,all_useful,deadline,-1.0,0.0,0.0,1.0,none,0.0,0,applicable,773.0,0.0,,0.0,23200.0,4649841.0,109051.93919974327,17989.0,12308.0,11.286365093844177,97.31881702957426,12.0,79.44391241933286,79.44391241933286,79.44391241933286,79.44391241933286,72.96248382923673,72.96248382923673,72.96248382923673,72.96248382923673,72.83311772315653,0.0,120.0,90.0,120.0,564.0,209.0,166.72048611112115,258.0899305555559,282.1550347222226,311.95069444445966,564.0,209.0,311.95069444445966,1665.0,177.38333333333333,0.68630868489461,0.0,,,11.0,90.9090909090909,63.63636363636363,395.0,47.08860759493671,48.10126582278481,367.0,100.0,100.0,COMPLETED,60,5,500.0,80.0,30.0,18,f17b25a796b0e663,T060_P05_H0500_I0800_F1,0.885882913054899,True,0.6549852653889282,302,0.0,0.01,0.6578760449694574,306,0.7292746113989637,0.6842105263157895,0.18855401489891666,0.900250869224069,0.7870902030095484
T060_P05_H0500_I0800_CN040_F1,India,unlimited_useful_deadline,unlimited,central_only,targeted_central,all_useful,deadline,-1.0,0.0,0.0,1.0,none,0.0,0,applicable,773.0,0.0,,0.0,32069.0,6525045.0,145055.85599965072,20899.0,14557.5,10.03578924799496,98.45440494590417,12.0,81.84264563954086,81.84264563954086,81.84264563954086,81.84264563954086,78.91332470892625,78.91332470892625,78.91332470892625,78.91332470892625,75.42043984476066,0.0,119.0,71.0,119.0,610.0,163.0,126.07013888888929,248.2440277777781,262.72274305555567,280.8187500000006,610.0,163.0,280.8187500000006,1720.5,213.95,0.602618732310249,0.0,,,11.0,90.9090909090909,72.72727272727273,395.0,52.151898734177216,59.49367088607595,367.0,100.0,100.0,COMPLETED,60,5,500.0,80.0,40.0,24,a24e63846777373a,T060_P05_H0500_I0800_F1,0.9291643897996358,True,0.7085800506211916,214,0.0,0.05,0.7130704498876084,207,0.7888601036269429,0.7142857142857142,0.3107495550207062,0.8727887875494001,0.8786680889552781
T060_P05_H0500_I0800_CN050_F1,India,unlimited_useful_deadline,unlimited,central_only,targeted_central,all_useful,deadline,-1.0,0.0,0.0,1.0,none,0.0,0,applicable,773.0,0.0,,0.0,40346.0,8342238.0,179945.96159953682,24512.0,17460.5,9.703190805058302,98.98628332521979,11.0,85.02279307583319,85.02279307583319,85.02279307583319,85.02279307583319,82.01811125485123,82.01811125485123,82.01811125485123,82.01811125485123,76.71410090556274,0.0,95.0,85.0,95.0,634.0,139.0,109.17708333333758,233.2316666666669,251.41947916667232,273.35208333333355,634.0,139.0,273.35208333333355,1736.5,262.06666666666666,0.5188681845162384,0.0,,,11.0,90.9090909090909,90.9090909090909,395.0,54.68354430379747,65.0632911392405,367.0,100.0,100.0,COMPLETED,60,5,500.0,80.0,50.0,30,a811e05fa1297b3f,T060_P05_H0500_I0800_F1,0.9392569225376795,True,0.7223045714609094,181,0.0,0.0,0.7263082898688626,175,0.8199481865284974,0.7293233082706767,0.3400568592230022,0.8421905406345754,0.9000225546875616
T060_P05_H0500_I0800_CN060_F1,India,unlimited_useful_deadline,unlimited,central_only,targeted_central,all_useful,deadline,-1.0,0.0,0.0,1.0,none,0.0,0,applicable,773.0,0.0,,0.0,47693.0,10320882.0,217935.92639945407,28581.0,20842.5,9.56359070500283,99.34508816120906,12.0,88.42404361485862,88.42404361485862,88.42404361485862,88.42404361485862,84.08796895213455,84.08796895213455,84.08796895213455,84.08796895213455,80.20698576972833,0.0,63.0,90.0,63.0,650.0,123.0,98.95312500000128,224.85861111111146,241.9347222222388,256.6868055555578,650.0,123.0,256.6868055555578,1933.5,315.15,0.4738122939693621,0.0,,,11.0,100.0,100.0,395.0,61.26582278481013,68.86075949367088,367.0,100.0,100.0,COMPLETED,60,5,500.0,80.0,60.0,36,0ad8834554a51826,T060_P05_H0500_I0800_F1,0.9545420227920228,True,0.7469605385530826,138,0.0,0.0,0.7515450501557378,133,0.8406735751295337,0.7699248120300752,0.4054694974527808,0.8092935589836617,0.9323638071826379
T060_P05_H0500_I0800_CN070_F1,India,unlimited_useful_deadline,unlimited,central_only,targeted_central,all_useful,deadline,-1.0,0.0,0.0,1.0,none,0.0,0,applicable,773.0,0.0,,0.0,54372.0,12203361.0,254079.52319935642,32036.0,23651.0,9.308502984493915,99.45456851718744,10.0,89.87017187211237,89.87017187211237,89.87017187211237,89.87017187211237,83.82923673997412,83.82923673997412,83.82923673997412,83.82923673997412,81.88874514877102,0.0,32.0,108.0,32.0,648.0,125.0,88.23611111111568,247.12694444445196,262.1488541666689,279.9534722222226,648.0,125.0,279.9534722222226,2186.0,357.75,0.3796094417268423,0.0,,,11.0,90.9090909090909,100.0,395.0,64.81012658227849,68.35443037974683,367.0,100.0,100.0,COMPLETED,60,5,500.0,80.0,70.0,42,daba30d1363270af,T060_P05_H0500_I0800_F1,0.958746284865112,True,0.7272633156544555,173,0.0,0.0,0.7324221440874286,166,0.8380829015544041,0.7894736842105263,0.3141458441795666,0.7791488202787754,0.9412594702138708
T060_P05_H0500_I0800_CN080_F1,India,unlimited_useful_deadline,unlimited,central_only,targeted_central,all_useful,deadline,-1.0,0.0,0.0,1.0,none,0.0,0,applicable,773.0,0.0,,0.0,62461.0,14407794.0,296404.63679924724,36767.0,27479.0,9.27077264942091,99.81076458386404,11.0,92.27530339432022,92.27530339432022,92.27530339432022,92.27530339432022,87.32212160413971,87.32212160413971,87.32212160413971,87.32212160413971,84.86416558861578,0.0,16.0,101.0,16.0,675.0,98.0,86.33611111111144,217.9452777777804,230.04826388889018,252.08541666666926,675.0,98.0,252.08541666666926,2192.5,421.44166666666666,0.299330670515888,0.0,,,11.0,100.0,100.0,395.0,70.37974683544303,75.18987341772151,367.0,100.0,100.0,COMPLETED,60,5,500.0,80.0,80.0,48,baa45480ed64d945,T060_P05_H0500_I0800_F1,0.9575432098765432,False,0.7574117298683427,127,0.0,0.0,0.7606945762525177,123,0.8730569948186528,0.8240601503759398,0.4235303417277426,0.7441114718381,0.9387139225021534
T060_P05_H0500_I0800_CN090_F1,India,unlimited_useful_deadline,unlimited,central_only,targeted_central,all_useful,deadline,-1.0,0.0,0.0,1.0,none,0.0,0,applicable,773.0,0.0,,0.0,70938.0,16740327.0,341189.2703991338,40437.0,30479.0,8.933164857249093,99.75228846090751,13.0,94.22441939259532,94.22441939259532,94.22441939259532,94.22441939259532,89.90944372574386,89.90944372574386,89.90944372574386,89.90944372574386,85.38163001293661,0.0,12.0,101.0,12.0,695.0,78.0,79.33472222222674,236.10972222222426,246.75361111111118,280.82152777777833,695.0,78.0,280.82152777777833,2428.5,467.5083333333333,0.23192902087306821,0.0,,,11.0,100.0,100.0,395.0,71.39240506329114,80.25316455696202,367.0,100.0,100.0,COMPLETED,60,5,500.0,80.0,90.0,54,cf6a7515f230ee12,T060_P05_H0500_I0800_F1,0.9545736743938183,False,0.7353778611344308,161,0.0,0.0,0.7370512134954266,157,0.8989637305699482,0.8300751879699249,0.3107386520057501,0.7130477191416458,0.9324307777898638
T060_P05_H0500_I0800_CN100_F1,India,unlimited_useful_deadline,unlimited,central_only,targeted_central,all_useful,deadline,-1.0,0.0,0.0,1.0,none,0.0,0,applicable,773.0,0.0,,0.0,79224.0,19155624.0,387562.972799018,44557.0,33877.0,8.741031104013102,100.0,13.0,97.01277233618761,97.01277233618761,97.01277233618761,97.01277233618761,93.14359637774902,93.14359637774902,93.14359637774902,93.14359637774902,88.35705045278137,0.0,0.0,90.0,0.0,720.0,53.0,70.29305555555862,222.5944444444446,232.0105902777789,255.51944444444453,720.0,53.0,255.51944444444453,2464.5,523.5416666666666,0.1462647565990185,0.0,,,11.0,100.0,100.0,395.0,77.21518987341773,86.58227848101265,367.0,100.0,100.0,COMPLETED,60,5,500.0,80.0,100.0,60,44bf7c726e0c6eaf,T060_P05_H0500_I0800_F1,0.9484098508230453,False,0.7617025481282408,121,0.0,0.0,0.7611046376927533,122,0.9313471502590672,0.8646616541353382,0.41005148948813686,0.6800739530319063,0.9193889415493179
T060_P05_H0500_I0986_CN010_F1,India,unlimited_useful_deadline,unlimited,central_only,targeted_central,all_useful,deadline,-1.0,0.0,0.0,1.0,none,0.0,0,applicable,773.0,0.0,,0.0,7709.0,1621596.0,50015.421599928624,8296.0,5185.0,10.366802546371817,78.44744455159113,6.0,45.92188114464579,45.92188114464579,45.92188114464579,45.92188114464579,9.055627425614489,9.055627425614489,9.055627425614489,9.055627425614489,32.85899094437257,0.0,190.0,329.0,190.0,70.0,703.0,213.43437500001505,347.2079861111124,357.8291666666667,359.7,70.0,703.0,359.7,1707.5,57.958333333333336,0.9036784088185958,0.0,,,11.0,0.0,0.0,395.0,19.240506329113924,6.075949367088607,367.0,48.50136239782017,12.534059945504087,COMPLETED,60,5,500.0,98.6,10.0,6,fc733ac430f38a5e,T060_P05_H0500_I0986_F1,0.6158531746031747,False,0.2923960968785535,558,0.0,0.0,0.29871433275536224,558,0.08937823834196891,0.21954887218045108,0.0011339135554524482,0.9677676838207946,0.2157429558781442
T060_P05_H0500_I0986_CN020_F1,India,unlimited_useful_deadline,unlimited,central_only,targeted_central,all_useful,deadline,-1.0,0.0,0.0,1.0,none,0.0,0,applicable,773.0,0.0,,0.0,15505.0,3200175.0,80324.13839985032,13119.0,8890.0,11.067656842761188,92.8740157480315,9.0,64.11021969213688,64.11021969213688,64.11021969213688,64.11021969213688,40.7503234152652,40.7503234152652,40.7503234152652,40.7503234152652,55.886157826649416,0.0,134.0,207.0,134.0,315.0,458.0,201.62013888888808,343.42472222222773,350.1713888888891,359.91874999999953,315.0,458.0,359.91874999999953,1749.0,119.01666666666667,0.8042711104887272,0.0,,,11.0,0.0,0.0,395.0,40.0,26.83544303797468,367.0,74.65940054495913,56.94822888283378,COMPLETED,60,5,500.0,98.6,20.0,12,42ca4ee669ec74a3,T060_P05_H0500_I0986_F1,0.7009435626102293,False,0.4452141763205513,518,0.0,0.0,0.44466653744483847,522,0.40673575129533684,0.48721804511278194,0.0002753011276526163,0.9333206159073404,0.3957829737810807
T060_P05_H0500_I0986_CN030_F1,India,unlimited_useful_deadline,unlimited,central_only,targeted_central,all_useful,deadline,-1.0,0.0,0.0,1.0,none,0.0,0,applicable,773.0,0.0,,0.0,23192.0,4832067.0,111656.4647997626,18405.0,13204.5,11.826005797049088,96.34972925896474,10.0,75.88432800907619,75.88432800907619,75.88432800907619,75.88432800907619,53.8163001293661,53.8163001293661,53.8163001293661,53.8163001293661,67.91720569210867,0.0,74.0,174.0,74.0,416.0,357.0,154.62638888889705,319.452430555555,345.3416666666667,358.65416666666715,416.0,357.0,358.65416666666715,2449.5,179.25,0.7086533395320007,0.0,,,11.0,54.54545454545454,45.45454545454545,395.0,59.49367088607595,46.58227848101266,367.0,77.3841961852861,61.85286103542234,COMPLETED,60,5,500.0,98.6,30.0,18,d74c6a3e0ea6ecb6,T060_P05_H0500_I0986_F1,0.8123085826210827,False,0.5347547094794798,448,0.0,0.0,0.5394473032023962,453,0.5375647668393783,0.6270676691729323,0.0052388986864637666,0.8959485400155008,0.6314166412977058
T060_P05_H0500_I0986_CN040_F1,India,unlimited_useful_deadline,unlimited,central_only,targeted_central,all_useful,deadline,-1.0,0.0,0.0,1.0,none,0.0,0,applicable,773.0,0.0,,0.0,30462.0,6549405.0,144629.35439968627,22604.0,16586.0,11.467934755598948,98.30580007235018,12.0,82.95849281288585,82.95849281288585,82.95849281288585,82.95849281288585,68.4346701164295,68.4346701164295,68.4346701164295,68.4346701164295,78.91332470892625,0.0,42.0,121.0,42.0,529.0,244.0,149.12361111111116,334.4045833333357,352.44430555555715,358.78611111111144,529.0,244.0,358.78611111111144,2473.0,235.21666666666667,0.6270034719761923,0.0,,,11.0,81.81818181818183,45.45454545454545,395.0,74.17721518987341,57.72151898734177,367.0,83.92370572207084,80.65395095367847,COMPLETED,60,5,500.0,98.6,40.0,24,3bc5ce6920145ef1,T060_P05_H0500_I0986_F1,0.8535400476090457,False,0.6033154382241481,368,0.0,0.0,0.605051395694299,370,0.6839378238341969,0.7548872180451127,0.004721005476044371,0.8630539578789254,0.7186569732372159
T060_P05_H0500_I0986_CN050_F1,India,unlimited_useful_deadline,unlimited,central_only,targeted_central,all_useful,deadline,-1.0,0.0,0.0,1.0,none,0.0,0,applicable,773.0,0.0,,0.0,37906.0,8397237.0,180107.72879960315,27375.0,20442.0,11.349873842862563,99.19039232951766,12.0,90.9946112511206,90.9946112511206,90.9946112511206,90.9946112511206,77.10219922380335,77.10219922380335,77.10219922380335,77.10219922380335,89.39197930142304,0.0,4.0,78.0,4.0,596.0,177.0,133.28472222222422,322.93576388888914,347.3524305555565,359.21736111111204,596.0,177.0,359.21736111111204,2693.0,295.81666666666666,0.537465021503559,0.0,,,11.0,90.9090909090909,81.81818181818183,395.0,85.56962025316456,66.58227848101265,367.0,93.46049046321527,88.28337874659401,COMPLETED,60,5,500.0,98.6,50.0,30,a6a091087350020b,T060_P05_H0500_I0986_F1,0.89870277156351,False,0.6563341022788087,298,0.0,0.0,0.6585085993340932,303,0.7707253886010361,0.8766917293233084,0.0030283124040902942,0.8278822366353049,0.8142153297067269
T060_P05_H0500_I0986_CN060_F1,India,unlimited_useful_deadline,unlimited,central_only,targeted_central,all_useful,deadline,-1.0,0.0,0.0,1.0,none,0.0,0,applicable,773.0,0.0,,0.0,45943.0,10412301.0,218796.9575995041,31835.0,24024.5,10.980271509979374,99.55045890653291,10.0,95.49034290920874,95.49034290920874,95.49034290920874,95.49034290920874,83.57050452781371,83.57050452781371,83.57050452781371,83.57050452781371,95.86028460543338,0.0,1.0,31.0,1.0,646.0,127.0,140.88750000000005,327.84479166666677,346.90468750000025,356.08541666666673,646.0,127.0,356.08541666666673,2855.0,352.825,0.48088641677885646,0.0,,,11.0,90.9090909090909,72.72727272727273,395.0,92.15189873417722,70.88607594936708,367.0,100.0,97.54768392370572,COMPLETED,60,5,500.0,98.6,60.0,36,36489842aa8a1aee,T060_P05_H0500_I0986_F1,0.8806616213736956,False,0.6775242951012117,266,0.0,0.0,0.6745518156877073,276,0.8354922279792746,0.9518796992481203,0.015321461767221378,0.7940230497347337,0.7760426397091863
T060_P05_H0500_I0986_CN070_F1,India,unlimited_useful_deadline,unlimited,central_only,targeted_central,all_useful,deadline,-1.0,0.0,0.0,1.0,none,0.0,0,applicable,773.0,0.0,,0.0,55040.0,12673572.0,262213.3607993999,35695.0,27232.5,10.385626391034123,99.92839438171303,11.0,98.422386152011,98.422386152011,98.422386152011,98.422386152011,90.29754204398448,90.29754204398448,90.29754204398448,90.29754204398448,98.96507115135834,0.0,0.0,8.0,0.0,698.0,75.0,125.2541666666868,255.34951388888976,306.5020833333335,322.9506944444445,698.0,75.0,322.9506944444445,2977.0,404.2583333333333,0.39971587200153924,0.0,,,11.0,100.0,90.9090909090909,395.0,97.9746835443038,81.26582278481013,367.0,100.0,100.0,COMPLETED,60,5,500.0,98.6,70.0,42,0db530a2b7d4fd6d,T060_P05_H0500_I0986_F1,0.9044080972089569,False,0.7287173118826472,170,0.0,0.0,0.72488917708198,179,0.9028497409326425,0.98796992481203,0.1453780756723816,0.7619610990735475,0.826287044919298
T060_P05_H0500_I0986_CN080_F1,India,unlimited_useful_deadline,unlimited,central_only,targeted_central,all_useful,deadline,-1.0,0.0,0.0,1.0,none,0.0,0,applicable,773.0,0.0,,0.0,63001.0,14904225.0,305041.8983993023,39903.0,30539.5,10.011575511513355,100.0,11.0,99.89866321690383,99.89866321690383,99.89866321690383,99.89866321690383,99.48253557567918,99.48253557567918,99.48253557567918,99.48253557567918,99.74126778783958,0.0,0.0,2.0,0.0,769.0,4.0,118.05069444444477,220.38972222222378,244.41388888888918,284.17013888888897,769.0,4.0,284.17013888888897,3275.0,454.40833333333336,0.32503163454308726,0.0,,,11.0,100.0,90.9090909090909,395.0,99.49367088607595,99.24050632911391,367.0,100.0,100.0,COMPLETED,60,5,500.0,98.6,80.0,48,16b780438dc60bc0,T060_P05_H0500_I0986_F1,0.9163024370274044,False,0.781225066316659,96,0.0,0.01,0.7740568284920847,101,0.994818652849741,0.9969924812030074,0.2975950674760399,0.7294240445733783,0.8514538963582569
T060_P05_H0500_I0986_CN090_F1,India,unlimited_useful_deadline,unlimited,central_only,targeted_central,all_useful,deadline,-1.0,0.0,0.0,1.0,none,0.0,0,applicable,773.0,0.0,,0.0,70617.0,17172258.0,348588.13199919777,43092.0,33103.5,9.496450670924213,100.0,17.0,99.71840363172835,99.71840363172835,99.71840363172835,99.71840363172835,96.89521345407503,96.89521345407503,96.89521345407503,96.89521345407503,100.0,0.0,0.0,0.0,0.0,749.0,24.0,111.48472222222287,223.74097222222727,238.18583333333348,267.60416666666663,749.0,24.0,267.60416666666663,3426.0,494.625,0.23917698593210357,0.0,,,11.0,100.0,90.9090909090909,395.0,100.0,94.17721518987342,367.0,100.0,100.0,COMPLETED,60,5,500.0,98.6,90.0,54,d514c414a2d1fd7b,T060_P05_H0500_I0986_F1,0.941463309103496,False,0.7905457441039757,73,0.0,0.0,0.7873346971054374,77,0.9689119170984456,1.0,0.36261792292114237,0.70045266837992,0.9046909771276788
T060_P05_H0500_I0986_CN100_F1,India,unlimited_useful_deadline,unlimited,central_only,targeted_central,all_useful,deadline,-1.0,0.0,0.0,1.0,none,0.0,0,applicable,773.0,0.0,,0.0,79218.0,19681167.0,396759.1847990889,46373.0,35689.5,8.995254897015796,100.0,17.0,99.96765847347994,99.96765847347994,99.96765847347994,99.96765847347994,99.87063389391979,99.87063389391979,99.87063389391979,99.87063389391979,100.0,0.0,0.0,0.0,0.0,772.0,1.0,84.51944444445614,174.2517361111115,179.68805555555556,232.3020833333334,772.0,1.0,232.3020833333334,3455.5,537.2333333333333,0.15426981861802247,0.0,,,11.0,100.0,90.9090909090909,395.0,100.0,100.0,367.0,100.0,100.0,COMPLETED,60,5,500.0,98.6,100.0,60,3bc7d2ca991214e7,T060_P05_H0500_I0986_F1,0.9793579687200152,False,0.8319182918331446,17,0.0,0.0,0.8312266121624372,17,0.9987046632124352,1.0,0.5011816142458856,0.6713757135555763,0.984871069798289
T060_P05_H0800_I0600_CN000_F1,India,unlimited_useful_deadline,unlimited,central_only,targeted_central,all_useful,deadline,-1.0,0.0,0.0,1.0,none,0.0,0,applicable,773.0,0.0,,0.0,1205.0,681186.0,68118.6,4469.0,2782.5,4.084787414891086,0.0,1.0,62.26667905711896,62.26667905711896,62.26667905711896,62.26667905711896,18.240620957309183,18.240620957309183,18.240620957309183,18.240620957309183,68.04657179818886,99.0,25.0,123.0,124.0,141.0,632.0,98.55,104.85,105.35,106.28333333333333,141.0,632.0,106.28333333333333,2782.5,0.0,0.0,0.0,,,11.0,54.54545454545454,0.0,395.0,38.734177215189874,35.69620253164557,367.0,100.0,0.0,COMPLETED,60,5,800.0,60.0,0.0,0,b7fed4ea9188db45,T060_P05_H0800_I0600_F1,0.8789450354609929,True,0.6852686558677062,244,10.4,14.18,0.7148218268914011,202,0.18134715025906734,0.6285714285714284,0.9958159680105605,0.9959640168829829,0.7724105707329665
T060_P05_H0800_I0600_CN010_F1,India,unlimited_useful_deadline,unlimited,central_only,targeted_central,all_useful,deadline,-1.0,0.0,0.0,1.0,none,0.0,0,applicable,773.0,0.0,,0.0,5461.0,1269192.0,79408.31519994984,8884.0,5813.0,7.320392058895706,58.53259934629279,7.0,78.91241702617249,78.91241702617249,78.91241702617249,78.91241702617249,21.47477360931436,21.47477360931436,21.47477360931436,21.47477360931436,69.98706338939198,99.0,11.0,122.0,110.0,166.0,607.0,98.63333333333333,105.23333333333333,126.98576388888917,359.8173611111119,166.0,607.0,359.8173611111119,4216.0,26.616666666666667,0.7673554581506994,0.0,,,11.0,54.54545454545454,0.0,395.0,42.53164556962025,40.75949367088608,367.0,100.0,1.3623978201634876,COMPLETED,60,5,800.0,60.0,10.0,6,afcfd79b7c0590b4,T060_P05_H0800_I0600_F1,0.8932591477019187,True,0.49714823852737156,479,0.0,0.0,0.5265965770744494,467,0.21373056994818654,0.6511278195488721,0.0006732611735493776,0.9647538938118925,0.802697340889747
T060_P05_H0800_I0600_CN020_F1,India,unlimited_useful_deadline,unlimited,central_only,targeted_central,all_useful,deadline,-1.0,0.0,0.0,1.0,none,0.0,0,applicable,773.0,0.0,,0.0,8992.0,1881678.0,91168.04639990373,12780.0,8714.5,9.558721881320473,75.99403293361638,9.0,85.35159836964718,85.35159836964718,85.35159836964718,85.35159836964718,32.60025873221216,32.60025873221216,32.60025873221216,32.60025873221216,69.85769728331177,99.0,11.0,123.0,110.0,252.0,521.0,103.21875000000605,323.2746527777784,336.8041666666667,350.6513888889058,252.0,521.0,350.6513888889058,5134.0,59.675,0.7211958292603455,0.0,,,11.0,54.54545454545454,0.0,395.0,42.278481012658226,48.35443037974684,367.0,100.0,16.62125340599455,COMPLETED,60,5,800.0,60.0,20.0,12,9526ad7f5b89b2ef,T060_P05_H0800_I0600_F1,0.8462301587301587,True,0.5108483936282325,466,0.0,0.0,0.5297514276560957,464,0.3251295336787565,0.6496240601503759,0.036650484775242576,0.934162845440083,0.7031902142360209
T060_P05_H0800_I0600_CN030_F1,India,unlimited_useful_deadline,unlimited,central_only,targeted_central,all_useful,deadline,-1.0,0.0,0.0,1.0,none,0.0,0,applicable,773.0,0.0,,0.0,12586.0,2568642.0,104357.75519985193,16675.0,11554.5,11.072008954075695,84.73322082305596,8.0,89.50803096219767,89.50803096219767,89.50803096219767,89.50803096219767,45.278137128072444,45.278137128072444,45.278137128072444,45.278137128072444,69.98706338939198,99.0,10.0,123.0,109.0,350.0,423.0,105.4,321.4107638888898,347.80236111112396,358.9180555555761,350.0,423.0,358.9180555555761,5813.0,95.69166666666666,0.6344233504601005,0.0,,,11.0,54.54545454545454,0.0,395.0,42.53164556962025,51.13924050632911,367.0,100.0,40.32697547683924,COMPLETED,60,5,800.0,60.0,30.0,18,6030b4d0749e88b7,T060_P05_H0800_I0600_F1,0.850292328042328,True,0.5316254927082976,452,0.0,0.0,0.5446111271532962,447,0.4520725388601037,0.6511278195488721,0.00420311226554515,0.9038669373318841,0.7117852277600759
T060_P05_H0800_I0600_CN040_F1,India,unlimited_useful_deadline,unlimited,central_only,targeted_central,all_useful,deadline,-1.0,0.0,0.0,1.0,none,0.0,0,applicable,773.0,0.0,,0.0,14988.0,3375669.0,119852.67359981308,20787.0,14737.5,12.296346470507926,90.00508905852418,9.0,94.59595383122154,94.59595383122154,94.59595383122154,94.59595383122154,65.58861578266495,65.58861578266495,65.58861578266495,65.58861578266495,69.98706338939198,99.0,5.0,128.0,104.0,507.0,266.0,157.0506944444661,299.5548611111123,323.1878472222228,357.65138888889254,507.0,266.0,357.65138888889254,6541.0,136.60833333333332,0.5631295878322049,0.0,,,11.0,54.54545454545454,0.0,395.0,42.53164556962025,58.9873417721519,367.0,100.0,74.65940054495913,COMPLETED,60,5,800.0,60.0,40.0,24,025d3e2795ca1990,T060_P05_H0800_I0600_F1,0.8523056833954269,False,0.5777124206803064,394,0.0,0.0,0.580742661037897,398,0.655440414507772,0.6511278195488721,0.009174887085643513,0.8719249623876127,0.7160452216595847
T060_P05_H0800_I0600_CN050_F1,India,unlimited_useful_deadline,unlimited,central_only,targeted_central,all_useful,deadline,-1.0,0.0,0.0,1.0,none,0.0,0,applicable,773.0,0.0,,0.0,18571.0,4265208.0,136931.82239974692,24886.0,18043.5,13.17699544472969,93.53783911103721,12.0,96.596717673482,96.596717673482,96.596717673482,96.596717673482,75.03234152652006,75.03234152652006,75.03234152652006,75.03234152652006,72.57438551099612,99.0,5.0,108.0,104.0,580.0,193.0,130.21458333334988,297.66812500000486,319.23906250000084,359.8187500000028,580.0,193.0,359.8187500000028,7160.5,181.38333333333333,0.5005191583203161,0.0,,,11.0,54.54545454545454,9.090909090909092,395.0,47.59493670886076,64.81012658227849,367.0,100.0,88.0108991825613,COMPLETED,60,5,800.0,60.0,50.0,30,b2635c7e6a78a8c9,T060_P05_H0800_I0600_F1,0.8932407407407407,False,0.6121514639490011,355,0.0,0.0,0.6147843836586028,355,0.75,0.681203007518797,0.0006678096660632793,0.8393927069161201,0.8026583941920334
T060_P05_H0800_I0600_CN060_F1,India,unlimited_useful_deadline,unlimited,central_only,targeted_central,all_useful,deadline,-1.0,0.0,0.0,1.0,none,0.0,0,applicable,773.0,0.0,,0.0,21730.0,5189793.0,154683.85439968714,29034.0,21402.0,13.835962442918856,95.68731894215495,10.0,97.9219655221139,97.9219655221139,97.9219655221139,97.9219655221139,81.24191461836999,81.24191461836999,81.24191461836999,81.24191461836999,72.57438551099612,99.0,1.0,112.0,100.0,628.0,145.0,122.85659722223609,273.08090277777796,291.9392708333338,341.9180555555625,628.0,145.0,341.9180555555625,8012.5,223.15833333333333,0.43050337951379825,0.0,,,11.0,54.54545454545454,36.36363636363637,395.0,47.59493670886076,65.0632911392405,367.0,100.0,100.0,COMPLETED,60,5,800.0,60.0,60.0,36,c6016bd906c8c08e,T060_P05_H0800_I0600_F1,0.9103171443736731,False,0.6406107273941718,319,0.0,0.0,0.641941409501447,323,0.8121761658031088,0.681203007518797,0.0709295637976084,0.8066085024391064,0.8387898079486146
T060_P05_H0800_I0600_CN070_F1,India,unlimited_useful_deadline,unlimited,central_only,targeted_central,all_useful,deadline,-1.0,0.0,0.0,1.0,none,0.0,0,applicable,773.0,0.0,,0.0,25791.0,6221217.0,174487.19519960193,32920.0,24638.0,14.12023384971931,97.74738209270232,10.0,98.44708209693374,98.44708209693374,98.44708209693374,98.44708209693374,83.82923673997412,83.82923673997412,83.82923673997412,83.82923673997412,72.57438551099612,99.0,1.0,112.0,100.0,648.0,125.0,107.5197916666691,266.4822916666669,302.6292013888892,351.38472222222236,648.0,125.0,351.38472222222236,8413.0,270.4166666666667,0.3963605546995379,0.0,,,11.0,54.54545454545454,27.27272727272727,395.0,47.59493670886076,70.37974683544303,367.0,100.0,100.0,COMPLETED,60,5,800.0,60.0,70.0,42,3899769d96ca6f54,T060_P05_H0800_I0600_F1,0.9300561556927298,False,0.6394814226159353,321,0.0,0.0,0.6416050249259504,324,0.8380829015544041,0.681203007518797,0.033772088826868774,0.7744121789749755,0.8805549477547064
T060_P05_H0800_I0600_CN080_F1,India,unlimited_useful_deadline,unlimited,central_only,targeted_central,all_useful,deadline,-1.0,0.0,0.0,1.0,none,0.0,0,applicable,773.0,0.0,,0.0,28570.0,7297845.0,195158.4527995325,37678.0,28467.0,14.58660877437956,98.34369620964625,10.0,99.00778931750742,99.00778931750742,99.00778931750742,99.00778931750742,84.08796895213455,84.08796895213455,84.08796895213455,84.08796895213455,69.85769728331177,99.0,0.0,134.0,99.0,650.0,123.0,104.2340277777778,269.9908333333349,304.72274305555567,354.4840277777781,650.0,123.0,354.4840277777781,8792.0,327.9166666666667,0.32134180432020343,0.0,,,11.0,54.54545454545454,72.72727272727273,395.0,42.278481012658226,69.62025316455697,367.0,100.0,100.0,COMPLETED,60,5,800.0,60.0,80.0,48,9627e5df5558562c,T060_P05_H0800_I0600_F1,0.9404636752136751,False,0.6276750046764689,338,0.0,0.0,0.6307701201149889,338,0.8406735751295337,0.6496240601503759,0.021607049889475816,0.7393700315056234,0.902575883899936
T060_P05_H0800_I0600_CN090_F1,India,unlimited_useful_deadline,unlimited,central_only,targeted_central,all_useful,deadline,-1.0,0.0,0.0,1.0,none,0.0,0,applicable,773.0,0.0,,0.0,30801.0,8448969.0,217260.03359946667,42014.0,32059.5,14.756280512735177,99.22175954085372,12.0,99.12524727992088,99.12524727992088,99.12524727992088,99.12524727992088,84.99353169469599,84.99353169469599,84.99353169469599,84.99353169469599,72.3156532988357,99.0,2.0,113.0,101.0,657.0,116.0,100.63333333333334,227.93111111112373,236.18125000000367,252.86666666666667,657.0,116.0,252.86666666666667,9105.5,382.56666666666666,0.2594093985071593,0.0,,,11.0,54.54545454545454,36.36363636363637,395.0,47.08860759493671,72.40506329113924,367.0,100.0,100.0,COMPLETED,60,5,800.0,60.0,90.0,54,c8d6755a1dbf458f,T060_P05_H0800_I0600_F1,0.9553723434240937,False,0.7133777739121927,205,0.0,0.0,0.7175967600764983,196,0.8497409326424871,0.6781954887218045,0.42046386877131836,0.705462854318286,0.9341206559285953
T060_P05_H0800_I0600_CN100_F1,India,unlimited_useful_deadline,unlimited,central_only,targeted_central,all_useful,deadline,-1.0,0.0,0.0,1.0,none,0.0,0,applicable,773.0,0.0,,0.0,33319.0,9696534.0,241213.28159939026,46193.0,35491.5,14.713742031396382,100.0,12.0,100.0,100.0,100.0,100.0,87.1927554980595,87.1927554980595,87.1927554980595,87.1927554980595,72.3156532988357,99.0,0.0,115.0,99.0,674.0,99.0,91.80937500000557,221.30555555555617,233.24312500000482,251.82152777778046,674.0,99.0,251.82152777778046,9712.0,429.65833333333336,0.18956115000937435,0.0,,,11.0,54.54545454545454,90.9090909090909,395.0,47.08860759493671,75.18987341772151,367.0,100.0,100.0,COMPLETED,60,5,800.0,60.0,100.0,60,e7a87f8c603ccca3,T060_P05_H0800_I0600_F1,0.9584844488405321,False,0.7140637410959545,203,0.0,0.0,0.7175109311835323,197,0.871761658031088,0.6781954887218045,0.4245661281485823,0.6723259212335423,0.9407054597826444
T060_P05_H0800_I0800_CN010_F1,India,unlimited_useful_deadline,unlimited,central_only,targeted_central,all_useful,deadline,-1.0,0.0,0.0,1.0,none,0.0,0,applicable,773.0,0.0,,0.0,7376.0,1723491.0,69247.89599992409,9045.0,5729.0,8.273175548909501,80.31069994763484,8.0,54.87007379135372,54.87007379135372,54.87007379135372,54.87007379135372,7.503234152652006,7.503234152652006,7.503234152652006,7.503234152652006,57.95601552393273,0.0,108.0,217.0,108.0,58.0,715.0,298.1583333333333,317.8663194444445,319.10329861111126,342.0506944444443,58.0,715.0,342.0506944444443,1965.0,62.733333333333334,0.8854852993269573,0.0,,,11.0,45.45454545454545,0.0,395.0,27.088607594936708,5.063291139240507,367.0,91.55313351498637,10.354223433242508,COMPLETED,60,5,800.0,80.0,10.0,6,73d87c7bd730de84,T060_P05_H0800_I0800_F1,0.7469827586206897,False,0.4018067541281108,534,0.0,0.0,0.4227748357491271,533,0.07383419689119172,0.5112781954887218,0.07040894483347715,0.9651570122207266,0.49319582931151845
T060_P05_H0800_I0800_CN020_F1,India,unlimited_useful_deadline,unlimited,central_only,targeted_central,all_useful,deadline,-1.0,0.0,0.0,1.0,none,0.0,0,applicable,773.0,0.0,,0.0,14085.0,3035790.0,94444.03679982934,13976.0,9327.5,9.876219098691529,92.23800589654248,10.0,75.22186335906653,75.22186335906653,75.22186335906653,75.22186335906653,62.48382923673997,62.48382923673997,62.48382923673997,62.48382923673997,72.96248382923673,0.0,81.0,128.0,81.0,483.0,290.0,202.65208333333334,304.8312500000001,342.93423611111126,359.4229166666668,483.0,290.0,359.4229166666668,2201.0,118.775,0.7742872845482822,0.0,,,11.0,72.72727272727273,0.0,395.0,47.848101265822784,37.21518987341772,367.0,100.0,91.55313351498637,COMPLETED,60,5,800.0,80.0,20.0,12,088dc226365d5ac3,T060_P05_H0800_I0800_F1,0.7878795721187025,True,0.5668786585135884,405,0.0,0.02,0.5646474460790923,413,0.6243523316062176,0.6857142857142856,0.0022214892973337896,0.9312210408613296,0.5797280829162949
T060_P05_H0800_I0800_CN030_F1,India,unlimited_useful_deadline,unlimited,central_only,targeted_central,all_useful,deadline,-1.0,0.0,0.0,1.0,none,0.0,0,applicable,773.0,0.0,,0.0,20694.0,4427229.0,121159.66559972195,18366.0,12840.0,10.59758619871056,96.03582554517133,12.0,82.63927537525838,82.63927537525838,82.63927537525838,82.63927537525838,71.28072445019404,71.28072445019404,71.28072445019404,71.28072445019404,76.06727037516171,0.0,41.0,144.0,41.0,551.0,222.0,161.52291666669578,276.5548611111172,319.4423611111125,336.5548611111121,551.0,222.0,336.5548611111121,2625.0,170.25,0.6827998042094958,0.0,,,11.0,90.9090909090909,27.27272727272727,395.0,53.417721518987335,48.35443037974684,367.0,100.0,97.27520435967303,COMPLETED,60,5,800.0,80.0,30.0,18,b5b03be44ccff74b,T060_P05_H0800_I0800_F1,0.8734724742891714,True,0.6345300828829461,327,0.0,0.0,0.6369498889444685,330,0.7124352331606217,0.7218045112781956,0.09198055992433574,0.89769778596812,0.7608313543910694
T060_P05_H0800_I0800_CN040_F1,India,unlimited_useful_deadline,unlimited,central_only,targeted_central,all_useful,deadline,-1.0,0.0,0.0,1.0,none,0.0,0,applicable,773.0,0.0,,0.0,29427.0,6147372.0,154186.4111995871,22517.0,16274.5,10.555080615329596,97.3824080616916,11.0,87.40574755128443,87.40574755128443,87.40574755128443,87.40574755128443,80.33635187580855,80.33635187580855,80.33635187580855,80.33635187580855,78.13712807244502,0.0,25.0,144.0,25.0,621.0,152.0,124.9388888888939,245.2201388888917,255.81875000000096,283.65416666666715,621.0,152.0,283.65416666666715,2874.0,223.34166666666667,0.595943559319926,0.0,,,11.0,90.9090909090909,81.81818181818183,395.0,57.46835443037974,62.0253164556962,367.0,100.0,100.0,COMPLETED,60,5,800.0,80.0,40.0,24,f674a1c992b88ffc,T060_P05_H0800_I0800_F1,0.9308097751535754,True,0.7151063920100826,196,0.0,0.01,0.7190584269434244,191,0.8031088082901555,0.7458646616541353,0.2996203025041545,0.864548855311685,0.8821495069569915
T060_P05_H0800_I0800_CN050_F1,India,unlimited_useful_deadline,unlimited,central_only,targeted_central,all_useful,deadline,-1.0,0.0,0.0,1.0,none,0.0,0,applicable,773.0,0.0,,0.0,36628.0,7764744.0,185239.95359943708,26278.0,19325.5,10.432684539421482,98.7244831957776,13.0,91.0258424197622,91.0258424197622,91.0258424197622,91.0258424197622,82.14747736093143,82.14747736093143,82.14747736093143,82.14747736093143,82.14747736093143,0.0,16.0,122.0,16.0,635.0,138.0,104.35277777777713,220.21388888891352,233.42597222222312,253.4840277777798,635.0,138.0,253.4840277777798,2878.5,274.1166666666667,0.5060031211365801,0.0,,,11.0,100.0,54.54545454545454,395.0,65.0632911392405,66.32911392405063,367.0,100.0,100.0,COMPLETED,60,5,800.0,80.0,50.0,30,b6cc787b10c5ed63,T060_P05_H0800_I0800_F1,0.9559055118110237,True,0.7543506420685733,129,0.02,0.09,0.7600509043921203,124,0.8212435233160621,0.7924812030075188,0.4180406736972927,0.8332403521527243,0.9352487697870042
T060_P05_H0800_I0800_CN060_F1,India,unlimited_useful_deadline,unlimited,central_only,targeted_central,all_useful,deadline,-1.0,0.0,0.0,1.0,none,0.0,0,applicable,773.0,0.0,,0.0,44000.0,9591894.0,220321.2335992891,30909.0,23211.0,10.535071731767434,99.09741071043902,11.0,95.56258855417975,95.56258855417975,95.56258855417975,95.56258855417975,88.8745148771022,88.8745148771022,88.8745148771022,88.8745148771022,90.6856403622251,0.0,5.0,67.0,5.0,687.0,86.0,98.91805555555547,222.0220833333338,228.74569444444467,249.35208333333722,687.0,86.0,249.35208333333722,3051.5,335.9916666666667,0.4358916805145632,0.0,,,11.0,100.0,90.9090909090909,395.0,81.77215189873418,78.48101265822784,367.0,100.0,100.0,COMPLETED,60,5,800.0,80.0,60.0,36,e1c93b0fa0173778,T060_P05_H0800_I0800_F1,0.9391382284759286,True,0.7818990293909883,94,0.0,0.0,0.7824575482643228,92,0.8886010362694301,0.8917293233082707,0.4342589084446489,0.7979270595631444,0.8997714137361206
T060_P05_H0800_I0800_CN070_F1,India,unlimited_useful_deadline,unlimited,central_only,targeted_central,all_useful,deadline,-1.0,0.0,0.0,1.0,none,0.0,0,applicable,773.0,0.0,,0.0,50110.0,11296206.0,253044.02399912727,34779.0,26436.0,10.447193963407402,99.53661673475564,10.0,99.01127333210128,99.01127333210128,99.01127333210128,99.01127333210128,96.3777490297542,96.3777490297542,96.3777490297542,96.3777490297542,91.46183699870633,0.0,0.0,66.0,0.0,745.0,28.0,94.35277777777713,226.68680555555773,242.1333333333337,263.6868055555557,745.0,28.0,263.6868055555557,3314.5,385.35833333333335,0.37919216602152406,0.0,,,11.0,100.0,100.0,395.0,83.29113924050633,92.91139240506328,367.0,100.0,100.0,COMPLETED,60,5,800.0,80.0,70.0,42,f211c2382d3a42f6,T060_P05_H0800_I0800_F1,0.9362155108128264,True,0.7838766028640216,91,0.0,0.0,0.7803694408338145,95,0.9637305699481865,0.9007518796992481,0.3779938997631379,0.7657835254144562,0.8935873293440441
T060_P05_H0800_I0800_CN080_F1,India,unlimited_useful_deadline,unlimited,central_only,targeted_central,all_useful,deadline,-1.0,0.0,0.0,1.0,none,0.0,0,applicable,773.0,0.0,,0.0,57923.0,13304637.0,291605.89919893653,39169.0,29906.0,10.25562242813127,99.82946565906506,12.0,99.15758023778723,99.15758023778723,99.15758023778723,99.15758023778723,93.91979301423027,93.91979301423027,93.91979301423027,93.91979301423027,93.91979301423027,0.0,0.0,47.0,0.0,726.0,47.0,92.49513888889197,200.7364583333336,207.3625,231.21736111111113,726.0,47.0,231.21736111111113,3233.0,444.55,0.28445494195128673,0.0,,,11.0,100.0,100.0,395.0,88.10126582278481,88.10126582278481,367.0,100.0,100.0,COMPLETED,60,5,800.0,80.0,80.0,48,4a9b2042b0c5e712,T060_P05_H0800_I0800_F1,0.9511452912968065,False,0.8070016643886014,34,0.0,0.0,0.8063045444470767,32,0.9391191709844559,0.9293233082706767,0.5054392415862861,0.7324642292400019,0.9251767721539632
T060_P05_H0800_I0800_CN090_F1,India,unlimited_useful_deadline,unlimited,central_only,targeted_central,all_useful,deadline,-1.0,0.0,0.0,1.0,none,0.0,0,applicable,773.0,0.0,,0.0,66289.0,15425562.0,332327.6591987274,42921.0,32936.0,9.910700806370354,99.93168569346612,14.0,99.469444957802,99.469444957802,99.469444957802,99.469444957802,96.11901681759379,96.11901681759379,96.11901681759379,96.11901681759379,93.66106080206987,0.0,0.0,49.0,0.0,743.0,30.0,80.20277777779847,195.331944444453,205.93090277778396,227.21736111111167,743.0,30.0,227.21736111111167,3426.0,491.8333333333333,0.2115153055461425,0.0,,,11.0,100.0,100.0,395.0,87.59493670886076,92.40506329113924,367.0,100.0,100.0,COMPLETED,60,5,800.0,80.0,90.0,54,7edfcd8a81b3d8ad,T060_P05_H0800_I0800_F1,0.9441179402821396,False,0.8065735236404927,35,0.0,0.0,0.8040319201189053,37,0.961139896373057,0.9263157894736843,0.5211395831232274,0.7012565056832498,0.9103078259413082
T060_P05_H0800_I0800_CN100_F1,India,unlimited_useful_deadline,unlimited,central_only,targeted_central,all_useful,deadline,-1.0,0.0,0.0,1.0,none,0.0,0,applicable,773.0,0.0,,0.0,74546.0,17623932.0,374536.3631985042,46380.0,35700.0,9.531784763200418,100.0,16.0,100.0,100.0,100.0,100.0,100.0,100.0,100.0,100.0,94.56662354463131,0.0,0.0,42.0,0.0,773.0,0.0,66.65416666667515,173.35208333333358,180.95625000000072,196.59583333335388,773.0,0.0,196.59583333335388,3356.0,539.0666666666667,0.12186958941380177,0.0,,,11.0,100.0,100.0,395.0,89.36708860759494,100.0,367.0,100.0,100.0,COMPLETED,60,5,800.0,80.0,100.0,60,e25379ff93f83a35,T060_P05_H0800_I0800_F1,0.9699289684250875,False,0.8446379073091774,13,0.0,0.0,0.8428839348612828,13,1.0,0.9368421052631579,0.6413316942466774,0.6713253237544721,0.9649205510421064
T060_P05_H0800_I0986_CN000_F1,India,unlimited_useful_deadline,unlimited,central_only,targeted_central,all_useful,deadline,-1.0,0.0,0.0,1.0,none,0.0,0,applicable,773.0,0.0,,0.0,886.0,435486.0,43548.6,3746.0,1941.5,4.458237463431661,0.0,1.0,27.27529125689625,27.27529125689625,27.27529125689625,27.27529125689625,0.129366106080207,0.129366106080207,0.129366106080207,0.129366106080207,13.971539456662354,0.0,350.0,315.0,350.0,1.0,772.0,170.95,170.95,170.95,170.95,1.0,772.0,170.95,1941.5,0.0,0.0,0.0,,,11.0,0.0,0.0,395.0,0.0,0.25316455696202533,367.0,29.427792915531338,0.0,COMPLETED,60,5,800.0,98.6,0.0,0,5d406c9ef0d03a3d,T060_P05_H0800_I0986_F1,0.85,True,0.4550737610032323,515,0.0,0.2,0.49063209601564484,494,0.0,0.0,0.7419937798299739,1.0,0.7111667002482503
T060_P05_H0800_I0986_CN010_F1,India,unlimited_useful_deadline,unlimited,central_only,targeted_central,all_useful,deadline,-1.0,0.0,0.0,1.0,none,0.0,0,applicable,773.0,0.0,,0.0,7074.0,1711665.0,68051.23679992624,9271.0,5944.5,8.7353298478279,77.36563209689629,7.0,52.56784820327736,52.56784820327736,52.56784820327736,52.56784820327736,7.115135834411385,7.115135834411385,7.115135834411385,7.115135834411385,55.368693402328596,0.0,140.0,205.0,140.0,55.0,718.0,235.71666666666667,344.07777777780194,348.8635416666666,359.38472222222225,55.0,718.0,359.38472222222225,2274.0,61.175,0.9011283657993916,0.0,,,11.0,9.090909090909092,0.0,395.0,24.050632911392405,4.556962025316456,367.0,90.46321525885558,10.08174386920981,COMPLETED,60,5,800.0,98.6,10.0,6,136eed3670d2cedb,T060_P05_H0800_I0986_F1,0.6970875420875421,False,0.3651701151731876,550,0.0,0.0,0.38105391303960384,549,0.06994818652849742,0.4812030075187971,0.002371405752982114,0.96412282154092,0.38762414385682253
T060_P05_H0800_I0986_CN020_F1,India,unlimited_useful_deadline,unlimited,central_only,targeted_central,all_useful,deadline,-1.0,0.0,0.0,1.0,none,0.0,0,applicable,773.0,0.0,,0.0,14245.0,3160977.0,95878.02719983582,14599.0,9951.0,10.378811799349412,92.051050145714,11.0,72.7059577242212,72.7059577242212,72.7059577242212,72.7059577242212,50.32341526520052,50.32341526520052,50.32341526520052,50.32341526520052,71.15135834411385,0.0,89.0,134.0,89.0,389.0,384.0,178.05,333.7368055555556,349.29333333333335,358.5194444444462,389.0,384.0,358.5194444444462,2434.5,125.275,0.7896416771990511,0.0,,,11.0,18.181818181818183,0.0,395.0,46.32911392405064,33.41772151898734,367.0,99.45504087193461,70.02724795640327,COMPLETED,60,5,800.0,98.6,20.0,12,6b1f40becec9d0cd,T060_P05_H0800_I0986_F1,0.7785608873655145,True,0.529380954090053,454,0.0,0.0,0.5322519692748103,460,0.5025906735751297,0.6646616541353384,0.005767694911835042,0.9282288464814722,0.5600109772702765
T060_P05_H0800_I0986_CN030_F1,India,unlimited_useful_deadline,unlimited,central_only,targeted_central,all_useful,deadline,-1.0,0.0,0.0,1.0,none,0.0,0,applicable,773.0,0.0,,0.0,21122.0,4646934.0,124408.4015997285,19931.0,14254.5,11.457827459163424,97.34119050124522,10.0,83.52978935575992,83.52978935575992,83.52978935575992,83.52978935575992,67.14100905562742,67.14100905562742,67.14100905562742,67.14100905562742,83.3117723156533,0.0,50.0,79.0,50.0,519.0,254.0,147.68958333334143,314.43888888888915,338.8295138888892,356.25277777777933,519.0,254.0,356.25277777777933,3093.0,186.025,0.7053898072242382,0.0,,,11.0,100.0,63.63636363636363,395.0,67.34177215189874,47.848101265822784,367.0,100.0,88.0108991825613,COMPLETED,60,5,800.0,98.6,30.0,18,47731bc3a4865afd,T060_P05_H0800_I0986_F1,0.845508634839078,False,0.6153134792654487,350,0.0,0.0,0.6168474347184473,352,0.6709844559585492,0.806015037593985,0.014664555116103872,0.8909095599050753,0.7016635650185229
T060_P05_H0800_I0986_CN040_F1,India,unlimited_useful_deadline,unlimited,central_only,targeted_central,all_useful,deadline,-1.0,0.0,0.0,1.0,none,0.0,0,applicable,773.0,0.0,,0.0,27878.0,6231219.0,154826.67359961593,24358.0,17946.5,11.591348947023118,98.83264146212353,10.0,88.67808919555362,88.67808919555362,88.67808919555362,88.67808919555362,76.84346701164296,76.84346701164296,76.84346701164296,76.84346701164296,89.65071151358343,0.0,1.0,79.0,1.0,594.0,179.0,140.2777777777854,308.3013194444447,323.12128472222355,342.26666666666665,594.0,179.0,342.26666666666665,3354.5,243.2,0.6387152777777778,0.0,,,11.0,90.9090909090909,54.54545454545454,395.0,80.0,55.949367088607595,367.0,100.0,100.0,COMPLETED,60,5,800.0,98.6,40.0,24,683497b99fe1feeb,T060_P05_H0800_I0986_F1,0.8842849794238683,False,0.670747129325093,279,0.0,0.0,0.6715258529029798,283,0.7681347150259068,0.8796992481203006,0.0695612354206312,0.8565248793644167,0.7837091865836435
T060_P05_H0800_I0986_CN050_F1,India,unlimited_useful_deadline,unlimited,central_only,targeted_central,all_useful,deadline,-1.0,0.0,0.0,1.0,none,0.0,0,applicable,773.0,0.0,,0.0,34994.0,7932690.0,187494.91679949837,28297.0,21215.0,11.314973420152349,99.54277633749706,11.0,94.22005693027685,94.22005693027685,94.22005693027685,94.22005693027685,82.53557567917206,82.53557567917206,82.53557567917206,82.53557567917206,95.98965071151359,0.0,0.0,31.0,0.0,638.0,135.0,120.71215277778003,265.2675694444447,276.8838541666677,309.9506944444499,638.0,135.0,309.9506944444499,3604.5,293.5083333333333,0.5560172435005633,0.0,,,11.0,100.0,100.0,395.0,92.15189873417722,65.82278481012658,367.0,100.0,100.0,COMPLETED,60,5,800.0,98.6,50.0,30,6816329ba5b89e1c,T060_P05_H0800_I0986_F1,0.9454552711018228,False,0.738045045963993,155,0.0,0.0,0.7424454413426673,145,0.8251295336787564,0.9533834586466167,0.1964041856674268,0.8241725874682965,0.9131374412522403
T060_P05_H0800_I0986_CN060_F1,India,unlimited_useful_deadline,unlimited,central_only,targeted_central,all_useful,deadline,-1.0,0.0,0.0,1.0,none,0.0,0,applicable,773.0,0.0,,0.0,42328.0,9768807.0,222748.36319934775,31967.0,24181.5,10.855972027214792,99.68571015032153,12.0,95.66880977294949,95.66880977294949,95.66880977294949,95.66880977294949,82.40620957309184,82.40620957309184,82.40620957309184,82.40620957309184,98.44760672703752,0.0,0.0,12.0,0.0,637.0,136.0,114.7520833333343,256.2859722222233,264.29999999999995,293.38472222222225,637.0,136.0,293.38472222222225,3897.5,338.06666666666666,0.49855304673634393,0.0,,,11.0,100.0,72.72727272727273,395.0,96.9620253164557,66.32911392405063,367.0,100.0,100.0,COMPLETED,60,5,800.0,98.6,60.0,36,a28b307afcba13da,T060_P05_H0800_I0986_F1,0.954289493575208,False,0.7530632786444567,130,0.0,0.0,0.7584630432362431,126,0.8238341968911916,0.9819548872180452,0.2614270411125499,0.7932696022325082,0.9318294887269201
T060_P05_H0800_I0986_CN070_F1,India,unlimited_useful_deadline,unlimited,central_only,targeted_central,all_useful,deadline,-1.0,0.0,0.0,1.0,none,0.0,0,applicable,773.0,0.0,,0.0,51137.0,11843598.0,262584.3503991844,35439.0,27027.5,10.292883014129524,99.88530200721488,10.0,98.98255330984956,98.98255330984956,98.98255330984956,98.98255330984956,90.94437257438551,90.94437257438551,90.94437257438551,90.94437257438551,98.96507115135834,0.0,0.0,8.0,0.0,703.0,70.0,99.20416666666618,234.351805555557,244.60798611112313,258.5576388889231,703.0,70.0,258.5576388889231,4088.0,382.325,0.40449334118006064,0.0,,,11.0,100.0,100.0,395.0,97.9746835443038,82.27848101265823,367.0,100.0,100.0,COMPLETED,60,5,800.0,98.6,70.0,42,5708e9109c3109ac,T060_P05_H0800_I0986_F1,0.9496312101575258,True,0.795435811024559,55,0.0,0.0,0.796068148607088,55,0.9093264248704663,0.98796992481203,0.39812631687964717,0.7629448999522497,0.9219731765210466
T060_P05_H0800_I0986_CN080_F1,India,unlimited_useful_deadline,unlimited,central_only,targeted_central,all_useful,deadline,-1.0,0.0,0.0,1.0,none,0.0,0,applicable,773.0,0.0,,0.0,58794.0,13892781.0,301928.66399901744,39586.0,30290.5,10.032336644956166,99.97028771396973,12.0,99.87714958607584,99.87714958607584,99.87714958607584,99.87714958607584,98.44760672703752,98.44760672703752,98.44760672703752,98.44760672703752,99.61190168175938,0.0,0.0,3.0,0.0,761.0,12.0,85.6513888889037,213.65416666666715,219.22013888889052,240.55763888889044,761.0,12.0,240.55763888889044,4457.0,430.55833333333334,0.3199085812349598,0.0,,,11.0,100.0,100.0,395.0,99.24050632911391,96.9620253164557,367.0,100.0,100.0,COMPLETED,60,5,800.0,98.6,80.0,48,71c38750974ef80d,T060_P05_H0800_I0986_F1,0.9391541344235167,False,0.8200618655931136,23,0.0,0.0,0.8158293210966294,24,0.9844559585492229,0.9954887218045113,0.4687778537960212,0.7306190027138507,0.8998050686195402
T060_P05_H0800_I0986_CN090_F1,India,unlimited_useful_deadline,unlimited,central_only,targeted_central,all_useful,deadline,-1.0,0.0,0.0,1.0,none,0.0,0,applicable,773.0,0.0,,0.0,66087.0,15965118.0,341717.53439883987,43118.0,33117.0,9.691337630145453,99.99849020140714,10.0,99.66741753287678,99.66741753287678,99.66741753287678,99.66741753287678,96.3777490297542,96.3777490297542,96.3777490297542,96.3777490297542,99.48253557567918,0.0,0.0,4.0,0.0,745.0,28.0,78.38750000000512,227.97361111111132,248.56458333333336,264.68680555556625,745.0,28.0,264.68680555556625,4637.5,474.65833333333336,0.2474408492658462,0.0,,,11.0,100.0,100.0,395.0,98.9873417721519,92.91139240506328,367.0,100.0,100.0,COMPLETED,60,5,800.0,98.6,90.0,54,172a056bbfe6f632,T060_P05_H0800_I0986_F1,0.952102908277405,False,0.7937014186156113,59,0.0,0.0,0.7918750382758792,69,0.9637305699481865,0.9939849624060151,0.3740688143788605,0.7003878814927859,0.9272029631535484
T060_P05_H0800_I0986_CN100_F1,India,unlimited_useful_deadline,unlimited,central_only,targeted_central,all_useful,deadline,-1.0,0.0,0.0,1.0,none,0.0,0,applicable,773.0,0.0,,0.0,74554.0,18266142.0,385897.19519864395,46380.0,35700.0,9.251168561000583,100.0,12.0,100.0,100.0,100.0,100.0,100.0,100.0,100.0,100.0,99.87063389391979,0.0,0.0,1.0,0.0,773.0,0.0,68.2527777777997,144.2993055555559,159.25902777777844,173.21736111111883,773.0,0.0,173.21736111111883,4664.0,517.2666666666667,0.17120494479529147,0.0,,,11.0,100.0,100.0,395.0,99.74683544303798,100.0,367.0,100.0,100.0,COMPLETED,60,5,800.0,98.6,100.0,60,22b8da6aae5ab41f,T060_P05_H0800_I0986_F1,0.9807813473240382,False,0.8787655642732717,5,0.0,23.37,0.8781597018158347,5,1.0,0.9984962406015037,0.7330941938719365,0.6713253237544721,0.9878827508512618
T060_P05_H1000_I0600_CN000_F1,India,unlimited_useful_deadline,unlimited,central_only,targeted_central,all_useful,deadline,-1.0,0.0,0.0,1.0,none,0.0,0,applicable,773.0,0.0,,0.0,1211.0,830559.0,83055.9,4411.0,2740.5,3.299584978309789,0.0,1.0,65.74047844717563,65.74047844717563,65.74047844717563,65.74047844717563,21.992238033635186,21.992238033635186,21.992238033635186,21.992238033635186,65.07115135834411,102.0,16.0,152.0,118.0,170.0,603.0,103.7,110.4,111.17166666666667,350.53333333333336,170.0,603.0,350.53333333333336,2740.5,0.0,0.0,0.0,,,11.0,45.45454545454545,0.0,395.0,33.164556962025316,42.53164556962025,367.0,100.0,0.544959128065395,COMPLETED,60,5,1000.0,60.0,0.0,0,c8cf37f11917e9a7,T060_P05_H1000_I0600_F1,0.8709272875816995,True,0.4934977708980906,484,0.02,0.16,0.5203244788240372,472,0.21891191709844557,0.593984962406015,0.03711386291094776,0.9961655760873999,0.7554460756173779
T060_P05_H1000_I0600_CN010_F1,India,unlimited_useful_deadline,unlimited,central_only,targeted_central,all_useful,deadline,-1.0,0.0,0.0,1.0,none,0.0,0,applicable,773.0,0.0,,0.0,4908.0,1369464.0,93402.87599995153,8681.0,5671.5,6.072082833940727,57.85947280260954,5.0,79.35258732177763,79.35258732177763,79.35258732177763,79.35258732177763,23.544631306597672,23.544631306597672,23.544631306597672,23.544631306597672,65.32988357050453,102.0,15.0,151.0,117.0,182.0,591.0,103.78333333333333,110.94333333333334,344.20666666666654,353.85,182.0,591.0,353.85,4274.5,23.283333333333335,0.7782390837508948,0.0,,,11.0,45.45454545454545,0.0,395.0,33.67088607594937,43.291139240506325,367.0,100.0,2.997275204359673,COMPLETED,60,5,1000.0,60.0,10.0,6,5a12691b655397ef,T060_P05_H1000_I0600_F1,0.9220492470492471,True,0.5054602178169632,471,0.0,0.0,0.5369180892409965,456,0.2344559585492228,0.5969924812030076,0.024095663053232186,0.9654329563696308,0.8636133870298889
T060_P05_H1000_I0600_CN020_F1,India,unlimited_useful_deadline,unlimited,central_only,targeted_central,all_useful,deadline,-1.0,0.0,0.0,1.0,none,0.0,0,applicable,773.0,0.0,,0.0,8034.0,1935663.0,104273.89679990709,12544.0,8602.5,8.249907468699938,76.14646904969486,6.0,86.16158654476313,86.16158654476313,86.16158654476313,86.16158654476313,33.247089262613194,33.247089262613194,33.247089262613194,33.247089262613194,66.7529107373868,102.0,8.0,147.0,110.0,257.0,516.0,106.21666666666667,315.5805555555577,335.22236111111056,350.8680555555766,257.0,516.0,350.8680555555766,5296.5,55.1,0.7272484371849164,0.0,,,11.0,45.45454545454545,0.0,395.0,36.45569620253165,52.151898734177216,367.0,100.0,13.896457765667575,COMPLETED,60,5,1000.0,60.0,20.0,12,b7896d315a1840f1,T060_P05_H1000_I0600_F1,0.879009943795936,True,0.5155905848025297,462,0.0,0.0,0.5376376693313641,455,0.3316062176165803,0.613533834586466,0.035800049608642026,0.9347003366518617,0.7725479081932709
T060_P05_H1000_I0600_CN030_F1,India,unlimited_useful_deadline,unlimited,central_only,targeted_central,all_useful,deadline,-1.0,0.0,0.0,1.0,none,0.0,0,applicable,773.0,0.0,,0.0,11268.0,2569608.0,116445.64079985717,16773.0,11727.0,10.070793478783779,84.60816918222905,8.0,91.21003248839111,91.21003248839111,91.21003248839111,91.21003248839111,49.159120310478656,49.159120310478656,49.159120310478656,49.159120310478656,67.39974126778783,102.0,7.0,143.0,109.0,380.0,393.0,110.91666666666667,321.3041666666721,335.42239583333344,357.95069444446574,380.0,393.0,357.95069444446574,6312.0,90.25,0.6417482302246846,0.0,,,11.0,45.45454545454545,0.0,395.0,37.721518987341774,56.9620253164557,367.0,100.0,42.234332425068125,COMPLETED,60,5,1000.0,60.0,30.0,18,16c9494865cfa67e,T060_P05_H1000_I0600_F1,0.8505397173489279,True,0.5359978259861323,445,0.0,0.0,0.5470666274040262,439,0.4909326424870467,0.6210526315789473,0.008000087224042551,0.9030391048851714,0.7123086708449228
T060_P05_H1000_I0600_CN040_F1,India,unlimited_useful_deadline,unlimited,central_only,targeted_central,all_useful,deadline,-1.0,0.0,0.0,1.0,none,0.0,0,applicable,773.0,0.0,,0.0,13557.0,3337461.0,131188.41839982412,20609.0,14606.5,11.133985894611245,90.16876048334646,8.0,95.78275039740299,95.78275039740299,95.78275039740299,95.78275039740299,68.69340232858991,68.69340232858991,68.69340232858991,68.69340232858991,69.72833117723157,102.0,6.0,126.0,108.0,531.0,242.0,146.46805555555815,301.9534722222408,327.0694444444462,354.519444444445,531.0,242.0,354.519444444445,6943.0,127.725,0.5764848524390509,0.0,,,11.0,45.45454545454545,9.090909090909092,395.0,42.278481012658226,62.278481012658226,367.0,100.0,77.3841961852861,COMPLETED,60,5,1000.0,60.0,40.0,24,3935dd06a83a065d,T060_P05_H1000_I0600_F1,0.8411025667852409,False,0.5839116549008565,383,0.0,0.0,0.5842022753902378,389,0.6865284974093264,0.6481203007518798,0.021468036448783145,0.8725536351442468,0.692340907196953
T060_P05_H1000_I0600_CN050_F1,India,unlimited_useful_deadline,unlimited,central_only,targeted_central,all_useful,deadline,-1.0,0.0,0.0,1.0,none,0.0,0,applicable,773.0,0.0,,0.0,16997.0,4162047.0,147020.46959976346,24709.0,17907.0,12.17993660933648,93.21494387669627,8.0,96.91646899261221,96.91646899261221,96.91646899261221,96.91646899261221,75.67917205692109,75.67917205692109,75.67917205692109,75.67917205692109,67.01164294954722,102.0,6.0,147.0,108.0,585.0,188.0,130.57569444446125,280.6125000000003,320.69930555555675,355.3520833333343,585.0,188.0,355.3520833333343,7848.5,167.64166666666668,0.5030993686931451,0.0,,,11.0,45.45454545454545,0.0,395.0,36.9620253164557,66.83544303797468,367.0,100.0,87.46594005449592,COMPLETED,60,5,1000.0,60.0,50.0,30,052ce0500fcba91e,T060_P05_H1000_I0600_F1,0.9041975308641975,False,0.6079531952238093,363,0.0,0.0,0.6114214367447296,359,0.7564766839378239,0.6165413533834587,0.018199857715657464,0.8400477743304755,0.8258415143562328
T060_P05_H1000_I0600_CN060_F1,India,unlimited_useful_deadline,unlimited,central_only,targeted_central,all_useful,deadline,-1.0,0.0,0.0,1.0,none,0.0,0,applicable,773.0,0.0,,0.0,19895.0,5025306.0,163595.04239970777,28771.0,21208.0,12.963718025258377,95.96850245190494,10.0,98.91029735292031,98.91029735292031,98.91029735292031,98.91029735292031,82.92367399741268,82.92367399741268,82.92367399741268,82.92367399741268,69.34023285899094,102.0,3.0,132.0,105.0,641.0,132.0,125.22083333333818,277.52222222222287,306.78611111111434,347.4229166666668,641.0,132.0,347.4229166666668,8588.0,210.33333333333334,0.4355441098784998,0.0,,,11.0,45.45454545454545,27.27272727272727,395.0,41.51898734177215,68.86075949367088,367.0,100.0,99.72752043596729,COMPLETED,60,5,1000.0,60.0,60.0,36,a9703041c81956f6,T060_P05_H1000_I0600_F1,0.8973182816201537,False,0.6290409858919432,335,0.0,0.0,0.6281545052859359,342,0.8290155440414507,0.643609022556391,0.04932251390816422,0.8075395140023659,0.811285931921308
T060_P05_H1000_I0600_CN070_F1,India,unlimited_useful_deadline,unlimited,central_only,targeted_central,all_useful,deadline,-1.0,0.0,0.0,1.0,none,0.0,0,applicable,773.0,0.0,,0.0,23665.0,5972820.0,181787.31119962828,32780.0,24485.0,13.469036886249993,97.56585664692669,10.0,98.81271733730749,98.81271733730749,98.81271733730749,98.81271733730749,84.99353169469599,84.99353169469599,84.99353169469599,84.99353169469599,69.85769728331177,102.0,4.0,127.0,106.0,657.0,116.0,111.38749999999904,269.82500000000033,288.4715277777778,355.48402777777954,657.0,116.0,355.48402777777954,9120.5,256.075,0.38998069142069935,0.0,,,11.0,45.45454545454545,18.181818181818183,395.0,42.53164556962025,72.9113924050633,367.0,100.0,100.0,COMPLETED,60,5,1000.0,60.0,70.0,42,b65eec9aacbea46f,T060_P05_H1000_I0600_F1,0.9236435255651388,False,0.6309737246215101,331,0.0,0.0,0.6318360114751415,335,0.8497409326424871,0.6496240601503759,0.017681964505234293,0.7751464303624945,0.8669866697151156
T060_P05_H1000_I0600_CN080_F1,India,unlimited_useful_deadline,unlimited,central_only,targeted_central,all_useful,deadline,-1.0,0.0,0.0,1.0,none,0.0,0,applicable,773.0,0.0,,0.0,26434.0,6978285.0,201092.23919956753,37636.0,28426.5,14.136050258900859,98.42224684713207,12.0,99.59442197147115,99.59442197147115,99.59442197147115,99.59442197147115,84.73479948253558,84.73479948253558,84.73479948253558,84.73479948253558,69.98706338939198,102.0,1.0,129.0,103.0,655.0,118.0,107.28333333333333,255.21111111111395,279.92784722223877,330.39027777778585,655.0,118.0,330.39027777778585,9611.5,313.5833333333333,0.33294268757197276,0.0,,,11.0,45.45454545454545,45.45454545454545,395.0,42.78481012658228,71.64556962025317,367.0,100.0,100.0,COMPLETED,60,5,1000.0,60.0,80.0,48,ab701c7394e196ea,T060_P05_H1000_I0600_F1,0.9413966638394119,False,0.6488439169664169,312,0.0,0.0,0.6517139022407896,313,0.8471502590673575,0.6511278195488721,0.11617707586587855,0.7395643921670253,0.9045499645548151
T060_P05_H1000_I0600_CN090_F1,India,unlimited_useful_deadline,unlimited,central_only,targeted_central,all_useful,deadline,-1.0,0.0,0.0,1.0,none,0.0,0,applicable,773.0,0.0,,0.0,28844.0,8066070.0,221977.7111995096,41704.0,31763.0,14.30909429075606,99.25070050058244,11.0,99.4808743169399,99.4808743169399,99.4808743169399,99.4808743169399,86.02846054333764,86.02846054333764,86.02846054333764,86.02846054333764,66.88227684346701,102.0,2.0,152.0,104.0,665.0,108.0,105.38333333333334,223.7529166666711,237.14583333334394,274.9180555555557,665.0,108.0,274.9180555555557,9794.0,366.15,0.2558362541156478,0.0,,,11.0,45.45454545454545,36.36363636363637,395.0,36.708860759493675,74.43037974683544,367.0,100.0,100.0,COMPLETED,60,5,1000.0,60.0,90.0,54,d090aa122f2d4063,T060_P05_H1000_I0600_F1,0.9520690615427458,False,0.6852623378954951,245,0.0,0.0,0.6886137239451064,242,0.8601036269430051,0.6150375939849624,0.33391028454143856,0.7068857663208966,0.9271313479352293
T060_P05_H1000_I0600_CN100_F1,India,unlimited_useful_deadline,unlimited,central_only,targeted_central,all_useful,deadline,-1.0,0.0,0.0,1.0,none,0.0,0,applicable,773.0,0.0,,0.0,31511.0,9235935.0,244439.11919944198,46074.0,35362.5,14.466792433148617,100.0,13.0,99.78390461997019,99.78390461997019,99.78390461997019,99.78390461997019,86.41655886157827,86.41655886157827,86.41655886157827,86.41655886157827,70.11642949547219,102.0,1.0,128.0,103.0,668.0,105.0,97.17604166667297,213.53187500000695,220.9806597222246,237.2173611111114,668.0,105.0,237.2173611111114,10348.5,416.9,0.19110164974281085,0.0,,,11.0,45.45454545454545,63.63636363636363,395.0,43.037974683544306,74.43037974683544,367.0,100.0,100.0,COMPLETED,60,5,1000.0,60.0,100.0,60,507d38a70bc01f62,T060_P05_H1000_I0600_F1,0.9645147205588822,False,0.7205101778511176,186,0.0,0.0,0.724983931883326,177,0.8639896373056994,0.6526315789473685,0.4818887292808698,0.6729449959328232,0.9534647179498691
T060_P05_H1000_I0800_CN010_F1,India,unlimited_useful_deadline,unlimited,central_only,targeted_central,all_useful,deadline,-1.0,0.0,0.0,1.0,none,0.0,0,applicable,773.0,0.0,,0.0,7023.0,1783398.0,81696.61679993449,9431.0,6045.0,7.399327214251113,73.63110008271299,8.0,62.579323179633974,62.579323179633974,62.579323179633974,62.579323179633974,13.71280724450194,13.71280724450194,13.71280724450194,13.71280724450194,66.10608020698578,0.0,47.0,215.0,47.0,106.0,667.0,263.7010416666668,325.7166666666667,331.06163194444537,359.35208333333355,106.0,667.0,359.35208333333355,2574.0,57.85,0.8841496206664747,0.0,,,11.0,63.63636363636363,0.0,395.0,37.721518987341774,7.848101265822785,367.0,96.73024523160763,20.435967302452315,COMPLETED,60,5,1000.0,80.0,10.0,6,afe79cf55c2de06c,T060_P05_H1000_I0800_F1,0.7219470649895179,False,0.4144671466986298,527,0.0,0.0,0.42967780904349134,528,0.13601036269430053,0.6060150375939851,0.0024995161787169096,0.9636405191589222,0.4402236095915318
T060_P05_H1000_I0800_CN020_F1,India,unlimited_useful_deadline,unlimited,central_only,targeted_central,all_useful,deadline,-1.0,0.0,0.0,1.0,none,0.0,0,applicable,773.0,0.0,,0.0,13167.0,2998383.0,105024.32879985255,14004.0,9432.5,8.981252351515378,87.84521600848132,9.0,78.6406062355982,78.6406062355982,78.6406062355982,78.6406062355982,60.15523932729625,60.15523932729625,60.15523932729625,60.15523932729625,72.96248382923673,0.0,28.0,181.0,28.0,465.0,308.0,215.95347222222233,314.8,335.6451388888889,359.78611111111144,465.0,308.0,359.78611111111144,2858.5,109.56666666666666,0.7669886421255452,0.0,,,11.0,63.63636363636363,0.0,395.0,48.10126582278481,32.40506329113924,367.0,100.0,91.82561307901908,COMPLETED,60,5,1000.0,80.0,20.0,12,071fa88e25163035,T060_P05_H1000_I0800_F1,0.8022013142174432,True,0.5652091866153992,411,0.0,0.0,0.5656589229861,412,0.6010362694300518,0.6857142857142856,0.0007959200918085108,0.9307171428502871,0.610030996844067
T060_P05_H1000_I0800_CN030_F1,India,unlimited_useful_deadline,unlimited,central_only,targeted_central,all_useful,deadline,-1.0,0.0,0.0,1.0,none,0.0,0,applicable,773.0,0.0,,0.0,19300.0,4285008.0,129727.52879975265,18689.0,13236.5,10.203308520916833,93.51792392248706,9.0,85.89618303112431,85.89618303112431,85.89618303112431,85.89618303112431,71.53945666235447,71.53945666235447,71.53945666235447,71.53945666235447,78.39586028460543,0.0,16.0,151.0,16.0,553.0,220.0,156.37291666668267,281.1381944444533,312.1540277777781,359.78611111111144,553.0,220.0,359.78611111111144,3577.5,160.98333333333332,0.6693895158228942,0.0,,,11.0,81.81818181818183,18.181818181818183,395.0,58.22784810126582,47.59493670886076,367.0,100.0,98.9100817438692,COMPLETED,60,5,1000.0,80.0,30.0,18,19e11c75650edb55,T060_P05_H1000_I0800_F1,0.872300917554082,False,0.6216019652829691,347,0.0,0.0,0.6237682947031395,348,0.7150259067357513,0.7488721804511278,0.0007959200918085108,0.8957949710978498,0.7583524951391605
T060_P05_H1000_I0800_CN040_F1,India,unlimited_useful_deadline,unlimited,central_only,targeted_central,all_useful,deadline,-1.0,0.0,0.0,1.0,none,0.0,0,applicable,773.0,0.0,,0.0,27582.0,5865846.0,160079.61839961604,22652.0,16470.0,10.288630223296124,96.04735883424408,10.0,90.0433273783856,90.0433273783856,90.0433273783856,90.0433273783856,79.17205692108668,79.17205692108668,79.17205692108668,79.17205692108668,81.88874514877102,0.0,7.0,133.0,7.0,612.0,161.0,134.21909722222458,235.33062500000005,254.0093055555557,280.22013888888927,612.0,161.0,280.22013888888927,3782.0,211.46666666666667,0.5801991382934006,0.0,,,11.0,81.81818181818183,27.27272727272727,395.0,65.0632911392405,61.26582278481013,367.0,100.0,100.0,COMPLETED,60,5,1000.0,80.0,40.0,24,afd58c1e3315210e,T060_P05_H1000_I0800_F1,0.927800472040668,True,0.7224667240115283,180,0.0,0.0,0.7266832961111144,173,0.7914507772020726,0.7894736842105263,0.3130991547437705,0.8636106452054104,0.8757822191937918
T060_P05_H1000_I0800_CN050_F1,India,unlimited_useful_deadline,unlimited,central_only,targeted_central,all_useful,deadline,-1.0,0.0,0.0,1.0,none,0.0,0,applicable,773.0,0.0,,0.0,33957.0,7331739.0,188224.76399948497,26914.0,20017.5,10.634891804170238,97.73698014237542,11.0,95.32166984948357,95.32166984948357,95.32166984948357,95.32166984948357,85.25226390685641,85.25226390685641,85.25226390685641,85.25226390685641,86.9340232858991,0.0,0.0,101.0,0.0,659.0,114.0,119.08888888888856,232.20763888888902,251.26076388889265,274.25277777777785,659.0,114.0,274.25277777777785,4067.5,265.8333333333333,0.4952277951933124,0.0,,,11.0,100.0,81.81818181818183,395.0,74.43037974683544,71.64556962025317,367.0,100.0,100.0,COMPLETED,60,5,1000.0,80.0,50.0,30,dfb1c927217a804d,T060_P05_H1000_I0800_F1,0.9429045130107344,True,0.7521562140162201,131,0.0,0.0,0.7549266524136878,131,0.8523316062176167,0.8481203007518798,0.3365215566234514,0.8299194243085198,0.9077403741669716
T060_P05_H1000_I0800_CN060_F1,India,unlimited_useful_deadline,unlimited,central_only,targeted_central,all_useful,deadline,-1.0,0.0,0.0,1.0,none,0.0,0,applicable,773.0,0.0,,0.0,40982.0,9012462.0,220494.6455993282,31237.0,23603.0,10.704568329015203,98.66330551201119,13.0,97.40923838271833,97.40923838271833,97.40923838271833,97.40923838271833,90.16817593790427,90.16817593790427,90.16817593790427,90.16817593790427,90.42690815006468,0.0,0.0,74.0,0.0,697.0,76.0,101.48472222222287,218.55833333333337,229.0084722222267,243.81875000000005,697.0,76.0,243.81875000000005,4107.0,324.93333333333334,0.432017678840104,0.0,,,11.0,100.0,81.81818181818183,395.0,81.26582278481013,81.26582278481013,367.0,100.0,100.0,COMPLETED,60,5,1000.0,80.0,60.0,36,8d84a8aba4c88b84,T060_P05_H1000_I0800_F1,0.9475184653807321,True,0.7911631060104168,71,0.0,0.0,0.7919605301898365,67,0.9015544041450777,0.8887218045112781,0.4559777142374358,0.7960458403219187,0.9175028877334724
T060_P05_H1000_I0800_CN070_F1,India,unlimited_useful_deadline,unlimited,central_only,targeted_central,all_useful,deadline,-1.0,0.0,0.0,1.0,none,0.0,0,applicable,773.0,0.0,,0.0,46299.0,10548429.0,249985.21199917974,34907.0,26615.0,10.646629769479055,99.09449558519631,12.0,99.22898827491323,99.22898827491323,99.22898827491323,99.22898827491323,94.56662354463131,94.56662354463131,94.56662354463131,94.56662354463131,93.01423027166882,0.0,0.0,54.0,0.0,731.0,42.0,95.25902777777907,200.2173611111111,218.7378472222232,229.6895833333335,731.0,42.0,229.6895833333335,4059.5,375.925,0.35255074519887986,0.0,,,11.0,90.9090909090909,90.9090909090909,395.0,86.58227848101265,89.62025316455696,367.0,100.0,100.0,COMPLETED,60,5,1000.0,80.0,70.0,42,00b8bd0ccdac8ac9,T060_P05_H1000_I0800_F1,0.9401074124740335,True,0.8107037538979772,30,0.0,0.0,0.8085150651026822,27,0.9455958549222798,0.918796992481203,0.5114358998122013,0.7649244992813454,0.901822079016382
T060_P05_H1000_I0800_CN080_F1,India,unlimited_useful_deadline,unlimited,central_only,targeted_central,all_useful,deadline,-1.0,0.0,0.0,1.0,none,0.0,0,applicable,773.0,0.0,,0.0,53444.0,12353136.0,284635.5863989924,39089.0,29887.0,10.50009254925188,99.4964365777763,12.0,99.20763260025873,99.20763260025873,99.20763260025873,99.20763260025873,94.56662354463131,94.56662354463131,94.56662354463131,94.56662354463131,94.56662354463131,0.0,0.0,42.0,0.0,731.0,42.0,93.95416666666691,195.6541666666686,208.25833333333333,222.3875000000012,731.0,42.0,222.3875000000012,4303.5,426.39166666666665,0.2933580237262299,0.0,,,11.0,100.0,100.0,395.0,89.36708860759494,89.36708860759494,367.0,100.0,100.0,COMPLETED,60,5,1000.0,80.0,80.0,48,03f9b496f8481ef8,T060_P05_H1000_I0800_F1,0.9582985002786644,False,0.8193447095951494,24,0.0,0.0,0.819080517708805,23,0.9455958549222798,0.9368421052631579,0.5400972003783363,0.7325554107848572,0.9403120171953934
T060_P05_H1000_I0800_CN090_F1,India,unlimited_useful_deadline,unlimited,central_only,targeted_central,all_useful,deadline,-1.0,0.0,0.0,1.0,none,0.0,0,applicable,773.0,0.0,,0.0,61155.0,14265507.0,321353.1095987803,42942.0,32979.0,10.262542671883693,99.75742138936899,14.0,99.94825355756792,99.94825355756792,99.94825355756792,99.94825355756792,99.74126778783958,99.74126778783958,99.74126778783958,99.74126778783958,93.66106080206987,0.0,0.0,49.0,0.0,771.0,2.0,87.2562500000051,197.25277777777785,207.13506944444464,216.35208333333358,771.0,2.0,216.35208333333358,4287.5,478.19166666666666,0.22082178810216746,0.0,,,11.0,100.0,81.81818181818183,395.0,87.59493670886076,100.0,367.0,100.0,100.0,COMPLETED,60,5,1000.0,80.0,90.0,54,8edabc13b13b5481,T060_P05_H1000_I0800_F1,0.9551268194264305,False,0.827623038154524,19,0.0,0.0,0.8244326298128299,19,0.9974093264248703,0.9263157894736843,0.563786726124447,0.7010501474501561,0.9336011595909923
T060_P05_H1000_I0800_CN100_F1,India,unlimited_useful_deadline,unlimited,central_only,targeted_central,all_useful,deadline,-1.0,0.0,0.0,1.0,none,0.0,0,applicable,773.0,0.0,,0.0,68637.0,16233099.0,359130.87599855766,46380.0,35700.0,9.940665753323692,100.0,13.0,100.0,100.0,100.0,100.0,100.0,100.0,100.0,100.0,94.4372574385511,0.0,0.0,43.0,0.0,773.0,0.0,72.33472222222385,165.8720833333361,172.95972222222468,184.08541666669691,773.0,0.0,184.08541666669691,4348.0,522.5333333333333,0.13544005698732686,0.0,,,11.0,100.0,100.0,395.0,89.1139240506329,100.0,367.0,100.0,100.0,COMPLETED,60,5,1000.0,80.0,100.0,60,776af3ca0a56af86,T060_P05_H1000_I0800_F1,0.9800303052081837,False,0.8573640102405259,10,0.0,0.0,0.8566786924890474,10,1.0,0.9353383458646617,0.6904361478556735,0.6713253237544721,0.9862936449704295
T060_P05_H1000_I0986_CN000_F1,India,unlimited_useful_deadline,unlimited,central_only,targeted_central,all_useful,deadline,-1.0,0.0,0.0,1.0,none,0.0,0,applicable,773.0,0.0,,0.0,986.0,574839.0,57483.9,4129.0,2211.0,3.8462943537233905,0.0,1.0,33.00009782546359,33.00009782546359,33.00009782546359,33.00009782546359,0.7761966364812419,0.7761966364812419,0.7761966364812419,0.7761966364812419,15.782664941785251,0.0,334.0,317.0,334.0,6.0,767.0,172.60000000000002,175.85833333333335,176.3125,176.76666666666668,6.0,767.0,176.76666666666668,2211.0,0.0,0.0,0.0,,,11.0,0.0,0.0,395.0,0.0,1.5189873417721518,367.0,33.2425068119891,0.0,COMPLETED,60,5,1000.0,98.6,0.0,0,0d02b43f3d860760,T060_P05_H1000_I0986_F1,0.8484953703703704,True,0.45560106837104763,514,0.0,0.02,0.49067638931220203,493,0.006476683937823834,0.02105263157894736,0.7191628665116685,0.9987066617716573,0.7079831027609133
T060_P05_H1000_I0986_CN010_F1,India,unlimited_useful_deadline,unlimited,central_only,targeted_central,all_useful,deadline,-1.0,0.0,0.0,1.0,none,0.0,0,applicable,773.0,0.0,,0.0,6567.0,1768212.0,80396.6615999373,9743.0,6183.5,7.691239756657784,74.05999838279291,6.0,58.45877220403613,58.45877220403613,58.45877220403613,58.45877220403613,11.772315653298836,11.772315653298836,11.772315653298836,11.772315653298836,61.83699870633894,0.0,139.0,156.0,139.0,91.0,682.0,173.01666666666668,299.37291666669574,332.30104166669076,359.33472222222383,91.0,682.0,359.33472222222383,2587.5,59.93333333333333,0.9022293288839451,0.0,,,11.0,18.181818181818183,0.0,395.0,33.41772151898734,12.40506329113924,367.0,93.73297002724796,11.444141689373296,COMPLETED,60,5,1000.0,98.6,10.0,6,ee3f2e4a4dcb5a27,T060_P05_H1000_I0986_F1,0.7315120065120064,False,0.4026012402542766,533,0.0,0.0,0.419795312811391,534,0.11658031088082903,0.556390977443609,0.0025676600221877788,0.9629758536872136,0.4604617620231155
T060_P05_H1000_I0986_CN020_F1,India,unlimited_useful_deadline,unlimited,central_only,targeted_central,all_useful,deadline,-1.0,0.0,0.0,1.0,none,0.0,0,applicable,773.0,0.0,,0.0,13340.0,3128343.0,106511.17679984766,14451.0,9803.5,9.2041983710521,91.01851379609323,9.0,73.10347955028226,73.10347955028226,73.10347955028226,73.10347955028226,54.075032341526516,54.075032341526516,54.075032341526516,54.075032341526516,73.99741267787839,0.0,116.0,85.0,116.0,418.0,355.0,172.49166666666667,320.34805555556795,339.59461805555776,359.38472222222566,418.0,355.0,359.38472222222566,2729.0,117.90833333333333,0.7941892242090136,0.0,,,11.0,54.54545454545454,36.36363636363637,395.0,50.37974683544304,34.177215189873415,367.0,100.0,76.02179836512262,COMPLETED,60,5,1000.0,98.6,20.0,12,3d7f7e3a7bf2a852,T060_P05_H1000_I0986_F1,0.8115231259968102,True,0.5553125619065711,420,0.0,0.0,0.5597925258290607,422,0.5401554404145078,0.6977443609022556,0.0023714057529687915,0.92893670321127,0.6297547188643015
T060_P05_H1000_I0986_CN030_F1,India,unlimited_useful_deadline,unlimited,central_only,targeted_central,all_useful,deadline,-1.0,0.0,0.0,1.0,none,0.0,0,applicable,773.0,0.0,,0.0,19670.0,4509207.0,133023.76559974556,19659.0,14061.5,10.570667531927766,96.34107314297906,8.0,82.78499178192885,82.78499178192885,82.78499178192885,82.78499178192885,71.41009055627426,71.41009055627426,71.41009055627426,71.41009055627426,80.46571798188874,0.0,46.0,105.0,46.0,552.0,221.0,165.6618055555614,317.04201388888913,327.8634375000039,357.38472222222504,552.0,221.0,357.38472222222504,3610.5,174.18333333333334,0.7112269958217714,0.0,,,11.0,81.81818181818183,72.72727272727273,395.0,62.278481012658226,47.59493670886076,367.0,100.0,97.00272479564033,COMPLETED,60,5,1000.0,98.6,30.0,18,3a15b430fb458202,T060_P05_H1000_I0986_F1,0.8547504025764896,False,0.6216132671080282,346,0.0,0.0,0.6219876348317348,349,0.7137305699481865,0.7729323308270677,0.010221576521442954,0.8918357724396583,0.7212179244223186
T060_P05_H1000_I0986_CN040_F1,India,unlimited_useful_deadline,unlimited,central_only,targeted_central,all_useful,deadline,-1.0,0.0,0.0,1.0,none,0.0,0,applicable,773.0,0.0,,0.0,26084.0,5980881.0,161279.90639962693,24050.0,17752.0,11.006950832432443,98.549459215863,11.0,89.69494678097523,89.69494678097523,89.69494678097523,89.69494678097523,78.00776196636481,78.00776196636481,78.00776196636481,78.00776196636481,92.23803363518758,0.0,5.0,55.0,5.0,603.0,170.0,135.91805555555572,280.8312500000002,291.35833333333335,319.78611111111434,603.0,170.0,319.78611111111434,3836.5,231.925,0.6336393470111268,0.0,,,11.0,100.0,100.0,395.0,84.81012658227847,56.9620253164557,367.0,100.0,100.0,COMPLETED,60,5,1000.0,98.6,40.0,24,1d8b09fb1f1d4fe3,T060_P05_H1000_I0986_F1,0.9115180271482096,True,0.706154206510957,217,0.0,0.0,0.7092311050665124,214,0.7797927461139896,0.9097744360902256,0.15779933546123215,0.8574582904420146,0.8413307172251002
T060_P05_H1000_I0986_CN050_F1,India,unlimited_useful_deadline,unlimited,central_only,targeted_central,all_useful,deadline,-1.0,0.0,0.0,1.0,none,0.0,0,applicable,773.0,0.0,,0.0,33026.0,7572711.0,191843.04239949916,28030.0,21029.0,10.96156510915243,99.26054496171953,10.0,93.72869655858011,93.72869655858011,93.72869655858011,93.72869655858011,81.5006468305304,81.5006468305304,81.5006468305304,81.5006468305304,96.50711513583441,0.0,0.0,27.0,0.0,630.0,143.0,117.76770833333309,267.48729166667135,269.2457291666783,285.8666666666667,630.0,143.0,285.8666666666667,4160.0,281.15,0.559377161262276,0.0,,,11.0,100.0,100.0,395.0,93.16455696202532,63.79746835443038,367.0,100.0,100.0,COMPLETED,60,5,1000.0,98.6,50.0,30,8fb59cdc7395df98,T060_P05_H1000_I0986_F1,0.9558708112874781,True,0.7590479628810476,125,0.0,0.1,0.7650683883153462,118,0.8147668393782384,0.9593984962406015,0.2909360510915344,0.8250652068021432,0.9351753480642138
T060_P05_H1000_I0986_CN060_F1,India,unlimited_useful_deadline,unlimited,central_only,targeted_central,all_useful,deadline,-1.0,0.0,0.0,1.0,none,0.0,0,applicable,773.0,0.0,,0.0,39901.0,9262722.0,224291.25359934405,31745.0,24035.5,10.716200303973999,99.5485843855963,11.0,95.49907724875384,95.49907724875384,95.49907724875384,95.49907724875384,85.51099611901681,85.51099611901681,85.51099611901681,85.51099611901681,98.05950840879689,0.0,0.0,15.0,0.0,661.0,112.0,109.33472222222238,257.08541666666747,261.08541666666673,274.95625000000075,661.0,112.0,274.95625000000075,4233.0,330.0416666666667,0.48834869334679976,0.0,,,11.0,100.0,100.0,395.0,96.20253164556962,71.64556962025317,367.0,100.0,100.0,COMPLETED,60,5,1000.0,98.6,60.0,36,3a903dd5fc0edc38,T060_P05_H1000_I0986_F1,0.9435717487532919,False,0.771138240979019,107,0.0,0.0,0.7738497348311502,103,0.854922279792746,0.9774436090225563,0.33376036808578835,0.7939702604192912,0.9091521568353684
T060_P05_H1000_I0986_CN070_F1,India,unlimited_useful_deadline,unlimited,central_only,targeted_central,all_useful,deadline,-1.0,0.0,0.0,1.0,none,0.0,0,applicable,773.0,0.0,,0.0,48572.0,11180379.0,261110.26799916482,35372.0,26988.5,10.336054651089526,99.86475721140486,11.0,98.13546953262346,98.13546953262346,98.13546953262346,98.13546953262346,88.22768434670117,88.22768434670117,88.22768434670117,88.22768434670117,98.1888745148771,0.0,0.0,14.0,0.0,682.0,91.0,91.87881944444854,233.11041666666677,247.19843750000038,266.0854166666693,682.0,91.0,266.0854166666693,4593.5,373.25,0.4030594626776811,0.0,,,11.0,100.0,100.0,395.0,96.45569620253166,76.9620253164557,367.0,100.0,100.0,COMPLETED,60,5,1000.0,98.6,70.0,42,742506201178f7e2,T060_P05_H1000_I0986_F1,0.9496755186271315,False,0.7809728425591556,97,0.0,0.0,0.7829699713119848,89,0.8821243523316062,0.9789473684210526,0.36857914634844013,0.7631320620706369,0.922066927388188
T060_P05_H1000_I0986_CN080_F1,India,unlimited_useful_deadline,unlimited,central_only,targeted_central,all_useful,deadline,-1.0,0.0,0.0,1.0,none,0.0,0,applicable,773.0,0.0,,0.0,56098.0,13064703.0,297289.28879897937,39595.0,30315.0,10.197138323573558,99.97855846940459,12.0,99.73966453267877,99.73966453267877,99.73966453267877,99.73966453267877,97.54204398447607,97.54204398447607,97.54204398447607,97.54204398447607,98.70633893919793,0.0,0.0,10.0,0.0,754.0,19.0,87.87013888889027,221.82215277778155,231.49739583333363,250.5194444444991,754.0,19.0,250.5194444444991,4959.0,422.6,0.3190960719356366,0.0,,,11.0,100.0,100.0,395.0,97.46835443037975,95.18987341772151,367.0,100.0,100.0,COMPLETED,60,5,1000.0,98.6,80.0,48,c5e0744e3d93f0c1,T060_P05_H1000_I0986_F1,0.9350298408488064,False,0.8065370913008282,36,0.0,0.0,0.8023215916672408,42,0.9753886010362695,0.9849624060150376,0.4296769164091021,0.7305014265112741,0.89107860836452
T060_P05_H1000_I0986_CN090_F1,India,unlimited_useful_deadline,unlimited,central_only,targeted_central,all_useful,deadline,-1.0,0.0,0.0,1.0,none,0.0,0,applicable,773.0,0.0,,0.0,63204.0,14968854.0,333848.9879987852,43055.0,33066.0,9.904478128931851,99.99395149095749,11.0,99.87366449850279,99.87366449850279,99.87366449850279,99.87366449850279,98.57697283311772,98.57697283311772,98.57697283311772,98.57697283311772,99.87063389391979,0.0,0.0,1.0,0.0,762.0,11.0,80.56805555556076,189.08541666667196,224.96718750000062,241.12083333333345,762.0,11.0,241.12083333333345,4961.0,468.4166666666667,0.235558915969875,0.0,,,11.0,100.0,100.0,395.0,99.74683544303798,97.21518987341771,367.0,100.0,100.0,COMPLETED,60,5,1000.0,98.6,90.0,54,33287c016e102345,T060_P05_H1000_I0986_F1,0.9632600612423449,False,0.8221985555406998,22,0.0,0.0,0.8204514920046646,22,0.9857512953367875,0.9984962406015037,0.4665672675136552,0.7006326319552922,0.9508100246160845
T060_P05_H1000_I0986_CN100_F1,India,unlimited_useful_deadline,unlimited,central_only,targeted_central,all_useful,deadline,-1.0,0.0,0.0,1.0,none,0.0,0,applicable,773.0,0.0,,0.0,71668.0,17084925.0,374477.55119856185,46380.0,35700.0,9.533281737646949,100.0,13.0,100.0,100.0,100.0,100.0,100.0,100.0,100.0,100.0,99.87063389391979,0.0,0.0,1.0,0.0,773.0,0.0,65.78402777777907,139.4641666666677,146.1243055555557,167.0854166666901,773.0,0.0,167.0854166666901,5058.0,510.7,0.15400430781280594,0.0,,,11.0,100.0,100.0,395.0,99.74683544303798,100.0,367.0,100.0,100.0,COMPLETED,60,5,1000.0,98.6,100.0,60,01eb8b867f5df9bd,T060_P05_H1000_I0986_F1,0.9865081931867183,True,0.8853968327487372,3,1.65,51.93,0.8853968327487373,3,1.0,0.9984962406015037,0.7571625993877101,0.6713253237544721,1.0
T060_P10_H0500_I0600_CN010_F1,India,unlimited_useful_deadline,unlimited,central_only,targeted_central,all_useful,deadline,-1.0,0.0,0.0,1.0,none,0.0,0,applicable,773.0,0.0,,0.0,5209.0,1169412.0,56231.39279994209,9323.0,6200.0,11.025869521066504,51.806451612903224,5.0,63.13199527201296,63.13199527201296,63.13199527201296,63.13199527201296,1.6817593790426906,1.6817593790426906,1.6817593790426906,1.6817593790426906,91.97930142302717,1.0,26.0,35.0,27.0,13.0,760.0,311.4340277777796,336.78125000001074,345.89444444445155,359.43402777777777,13.0,760.0,359.43402777777777,4201.0,33.31666666666667,0.781724195431049,0.0,,,11.0,54.54545454545454,0.0,395.0,85.56962025316456,0.5063291139240507,367.0,100.0,2.997275204359673,COMPLETED,60,10,500.0,60.0,10.0,6,a37ea69add68697c,T060_P10_H0500_I0600_F1,0.702991452991453,True,0.4382717090971933,521,0.0,0.04,0.4575003089865014,520,0.015544041450777202,0.9067669172932331,0.002177877237509507,0.9628966697140499,0.400116039236937
T060_P10_H0500_I0600_CN020_F1,India,unlimited_useful_deadline,unlimited,central_only,targeted_central,all_useful,deadline,-1.0,0.0,0.0,1.0,none,0.0,0,applicable,773.0,0.0,,0.0,9212.0,1984878.0,71888.33999989161,13564.0,9182.5,12.773281452894649,73.04111080860332,8.0,73.56209684481112,73.56209684481112,73.56209684481112,73.56209684481112,31.953428201811125,31.953428201811125,31.953428201811125,31.953428201811125,92.10866752910736,1.0,25.0,35.0,26.0,247.0,526.0,268.0861111111335,335.2419444444475,355.2195138888887,359.9006944444443,247.0,526.0,359.9006944444443,4776.0,73.44166666666666,0.6883562161957715,0.0,,,11.0,54.54545454545454,9.090909090909092,395.0,85.82278481012658,21.265822784810126,367.0,100.0,44.141689373297005,COMPLETED,60,10,500.0,60.0,20.0,12,88d14bca615686e2,T060_P10_H0500_I0600_F1,0.6769436947068526,True,0.4995203255878259,477,0.0,0.0,0.5008378043225747,482,0.3186528497409326,0.9082706766917292,0.0003461707248667567,0.9319169000194361,0.34500242443590884
T060_P10_H0500_I0600_CN030_F1,India,unlimited_useful_deadline,unlimited,central_only,targeted_central,all_useful,deadline,-1.0,0.0,0.0,1.0,none,0.0,0,applicable,773.0,0.0,,0.0,12988.0,2848830.0,88476.21839984524,17728.0,12156.5,13.739850346069113,81.99728540287089,9.0,81.65807078630512,81.65807078630512,81.65807078630512,81.65807078630512,61.707632600258734,61.707632600258734,61.707632600258734,61.707632600258734,92.10866752910736,1.0,25.0,35.0,26.0,477.0,296.0,231.68958333334334,328.2944444444523,343.3041666666668,359.12083333333345,477.0,296.0,359.12083333333345,5203.5,115.88333333333334,0.6027446186298482,0.0,,,11.0,54.54545454545454,9.090909090909092,395.0,85.82278481012658,38.48101265822785,367.0,100.0,88.28337874659401,COMPLETED,60,10,500.0,60.0,30.0,18,6ae42fc493957d32,T060_P10_H0500_I0600_F1,0.7852550663871418,True,0.6028024822422581,369,0.0,0.0,0.6006822154766251,373,0.6165803108808291,0.9082706766917292,0.0034071921738217936,0.9009779220685733,0.5741749755681725
T060_P10_H0500_I0600_CN040_F1,India,unlimited_useful_deadline,unlimited,central_only,targeted_central,all_useful,deadline,-1.0,0.0,0.0,1.0,none,0.0,0,applicable,773.0,0.0,,0.0,16458.0,3731736.0,105428.01359979284,21481.0,15171.5,14.390387793505587,88.28724911841282,12.0,84.32162467855413,84.32162467855413,84.32162467855413,84.32162467855413,64.55368693402329,64.55368693402329,64.55368693402329,64.55368693402329,92.10866752910736,1.0,25.0,35.0,26.0,499.0,274.0,244.78402777777907,319.60625000000107,334.131597222252,358.6541666667137,499.0,274.0,358.6541666667137,5648.5,158.71666666666667,0.5562707830165565,0.0,,,11.0,54.54545454545454,9.090909090909092,395.0,85.82278481012658,40.0,367.0,100.0,92.64305177111717,COMPLETED,60,10,500.0,60.0,40.0,24,70fe466ad18dcc93,T060_P10_H0500_I0600_F1,0.8162658650634601,False,0.6139082411254305,351,0.0,0.0,0.6136438415182749,356,0.645077720207254,0.9082706766917292,0.005238898686281024,0.8698421839419702,0.6397897280641398
T060_P10_H0500_I0600_CN050_F1,India,unlimited_useful_deadline,unlimited,central_only,targeted_central,all_useful,deadline,-1.0,0.0,0.0,1.0,none,0.0,0,applicable,773.0,0.0,,0.0,20756.0,4653501.0,123125.90159973102,24914.0,17884.0,14.524969781044891,92.10467456944755,12.0,87.79332929591997,87.79332929591997,87.79332929591997,87.79332929591997,80.46571798188874,80.46571798188874,80.46571798188874,80.46571798188874,90.42690815006468,1.0,28.0,45.0,29.0,622.0,151.0,160.71875000000645,279.7753472222223,309.8858680555593,331.5222222222384,622.0,151.0,331.5222222222384,6108.0,196.26666666666668,0.4743319746376813,0.0,,,11.0,54.54545454545454,72.72727272727273,395.0,82.53164556962025,62.53164556962025,367.0,100.0,100.0,COMPLETED,60,10,500.0,60.0,50.0,30,0e8b155461162653,T060_P10_H0500_I0600_F1,0.8924340538287483,True,0.6893665797151818,236,0.0,0.0,0.6891939500250459,240,0.8044041450777202,0.8887218045112781,0.11173409727119088,0.8401581519900372,0.8009515512750035
T060_P10_H0500_I0600_CN060_F1,India,unlimited_useful_deadline,unlimited,central_only,targeted_central,all_useful,deadline,-1.0,0.0,0.0,1.0,none,0.0,0,applicable,773.0,0.0,,0.0,23203.0,5730912.0,143812.1927997147,28974.0,21216.0,14.752573886101045,94.647907239819,11.0,89.96760723444662,89.96760723444662,89.96760723444662,89.96760723444662,81.88874514877102,81.88874514877102,81.88874514877102,81.88874514877102,92.6261319534282,1.0,13.0,43.0,14.0,633.0,140.0,155.48472222222287,271.89527777779585,282.84736111111255,313.48402777777784,633.0,140.0,313.48402777777784,6617.0,243.31666666666666,0.43143137657830444,0.0,,,11.0,54.54545454545454,81.81818181818183,395.0,86.83544303797468,65.0632911392405,367.0,100.0,100.0,COMPLETED,60,10,500.0,60.0,60.0,36,04aae701970d88b2,T060_P10_H0500_I0600_F1,0.9238766017202037,False,0.7156496639849762,194,0.0,0.0,0.7180910129010561,194,0.8186528497409327,0.9142857142857143,0.18253555064314775,0.8075011217729532,0.8674798280625324
T060_P10_H0500_I0600_CN070_F1,India,unlimited_useful_deadline,unlimited,central_only,targeted_central,all_useful,deadline,-1.0,0.0,0.0,1.0,none,0.0,0,applicable,773.0,0.0,,0.0,26313.0,6827304.0,164862.91919968458,33171.0,24689.5,14.975775098398984,96.85493833410965,14.0,92.08549222797927,92.08549222797927,92.08549222797927,92.08549222797927,84.73479948253558,84.73479948253558,84.73479948253558,84.73479948253558,93.40232858990944,1.0,7.0,43.0,8.0,655.0,118.0,136.33611111112114,266.21111111111406,274.875,288.8187500000068,655.0,118.0,288.8187500000068,7063.5,293.76666666666665,0.3680065433639699,0.0,,,11.0,54.54545454545454,45.45454545454545,395.0,88.35443037974684,71.64556962025317,367.0,100.0,100.0,COMPLETED,60,10,500.0,60.0,70.0,42,78f7d3e3b1f0fbb2,T060_P10_H0500_I0600_F1,0.9421939496748658,False,0.7430875364965731,146,0.0,0.0,0.7460418693450086,141,0.8471502590673575,0.9233082706766917,0.2793488719467948,0.7741650289981307,0.9062369160360679
T060_P10_H0500_I0600_CN080_F1,India,unlimited_useful_deadline,unlimited,central_only,targeted_central,all_useful,deadline,-1.0,0.0,0.0,1.0,none,0.0,0,applicable,773.0,0.0,,0.0,29544.0,7935696.0,186144.04559964588,37187.0,27945.0,15.012567235217093,97.77777777777777,13.0,95.10023439427584,95.10023439427584,95.10023439427584,95.10023439427584,90.03880983182407,90.03880983182407,90.03880983182407,90.03880983182407,94.4372574385511,1.0,6.0,36.0,7.0,696.0,77.0,119.19305555556203,249.77187500002015,262.76267361115407,287.08541666667475,696.0,77.0,287.08541666667475,7248.5,344.94166666666666,0.30832870292078374,0.0,,,11.0,54.54545454545454,72.72727272727273,395.0,90.37974683544304,81.26582278481013,367.0,100.0,100.0,COMPLETED,60,10,500.0,60.0,80.0,48,64a3445bd3dc8528,T060_P10_H0500_I0600_F1,0.9316198382290336,False,0.7503174555716375,133,0.0,0.0,0.7494976768732527,134,0.900259067357513,0.9353383458646617,0.2861523532794653,0.7418751244748063,0.8838634933898175
T060_P10_H0500_I0600_CN090_F1,India,unlimited_useful_deadline,unlimited,central_only,targeted_central,all_useful,deadline,-1.0,0.0,0.0,1.0,none,0.0,0,applicable,773.0,0.0,,0.0,32152.0,9161034.0,209670.53519962882,41270.0,31346.5,14.950360082857982,99.22319876222225,14.0,97.24843737149435,97.24843737149435,97.24843737149435,97.24843737149435,93.27296248382923,93.27296248382923,93.27296248382923,93.27296248382923,95.47218628719276,1.0,2.0,32.0,3.0,721.0,52.0,105.25902777777955,251.08819444445518,260.9506944444445,274.6513888888891,721.0,52.0,274.6513888888891,7725.0,393.69166666666666,0.23496285163939645,0.0,,,11.0,54.54545454545454,81.81818181818183,395.0,92.40506329113924,87.34177215189874,367.0,100.0,100.0,COMPLETED,60,10,500.0,60.0,90.0,54,f3b48257d9d516d7,T060_P10_H0500_I0600_F1,0.9382756716494581,False,0.7660945667399055,117,0.0,0.0,0.7643597602606855,119,0.9326424870466321,0.9473684210526315,0.3349569739772347,0.7088845617646987,0.8979463574622301
T060_P10_H0500_I0600_CN100_F1,India,unlimited_useful_deadline,unlimited,central_only,targeted_central,all_useful,deadline,-1.0,0.0,0.0,1.0,none,0.0,0,applicable,773.0,0.0,,0.0,34826.0,10408053.0,233613.2999996078,45152.0,34450.5,14.746805939583849,100.0,13.0,97.96457356690517,97.96457356690517,97.96457356690517,97.96457356690517,94.56662354463131,94.56662354463131,94.56662354463131,94.56662354463131,96.11901681759379,1.0,1.0,28.0,2.0,731.0,42.0,95.57569444446126,255.2527777777793,264.7541666666692,288.255555555562,731.0,42.0,288.255555555562,7919.0,442.19166666666666,0.16017595436870646,0.0,,,11.0,54.54545454545454,90.9090909090909,395.0,93.67088607594937,89.62025316455696,367.0,100.0,100.0,COMPLETED,60,10,500.0,60.0,100.0,60,6fbe0a011cd414de,T060_P10_H0500_I0600_F1,0.9476934184526523,False,0.7568336008001285,128,0.0,0.0,0.7554474613198569,130,0.9455958549222798,0.9548872180451128,0.28155945822916784,0.6773217100858786,0.917873065316845
T060_P10_H0500_I0800_CN010_F1,India,unlimited_useful_deadline,unlimited,central_only,targeted_central,all_useful,deadline,-1.0,0.0,0.0,1.0,none,0.0,0,applicable,773.0,0.0,,0.0,8303.0,1674885.0,51540.09599993086,9445.0,5830.0,11.311581569440268,88.40480274442538,9.0,55.86852603735498,55.86852603735498,55.86852603735498,55.86852603735498,10.219922380336351,10.219922380336351,10.219922380336351,10.219922380336351,55.886157826649416,0.0,214.0,127.0,214.0,79.0,694.0,152.3527777777781,328.38888888890796,330.5156250000483,350.1333333333333,79.0,694.0,350.1333333333333,1316.5,75.225,0.8885620915032679,0.0,,,11.0,36.36363636363637,0.0,395.0,30.886075949367086,12.658227848101266,367.0,83.37874659400545,7.901907356948229,COMPLETED,60,10,500.0,80.0,10.0,6,d73633eea3cad3e4,T060_P10_H0500_I0800_F1,0.6420417252695734,False,0.3640470881712683,551,0.0,0.0,0.3725529981375632,552,0.10103626943005181,0.48721804511278194,0.03868389706464226,0.9646723103243904,0.2711544687559498
T060_P10_H0500_I0800_CN020_F1,India,unlimited_useful_deadline,unlimited,central_only,targeted_central,all_useful,deadline,-1.0,0.0,0.0,1.0,none,0.0,0,applicable,773.0,0.0,,0.0,15806.0,3181869.0,80474.18879986124,14314.0,9447.5,11.739789044032328,94.98809208785393,9.0,71.9763521583158,71.9763521583158,71.9763521583158,71.9763521583158,57.56791720569211,57.56791720569211,57.56791720569211,57.56791720569211,74.38551099611902,0.0,145.0,53.0,145.0,445.0,328.0,267.9180555555557,341.40000000000003,349.29791666666677,356.65416666667295,445.0,328.0,356.65416666667295,1362.5,134.75,0.7857390228818801,0.0,,,11.0,81.81818181818183,18.181818181818183,395.0,50.37974683544304,27.848101265822784,367.0,100.0,90.73569482288828,COMPLETED,60,10,500.0,80.0,20.0,12,99cf17fcf7234d88,T060_P10_H0500_I0800_F1,0.7698408239700374,True,0.5542144279123143,421,0.0,0.0,0.5525359749943985,436,0.5751295336787565,0.7022556390977445,0.013089069454912838,0.9306451574201381,0.5415604753204407
T060_P10_H0500_I0800_CN030_F1,India,unlimited_useful_deadline,unlimited,central_only,targeted_central,all_useful,deadline,-1.0,0.0,0.0,1.0,none,0.0,0,applicable,773.0,0.0,,0.0,24228.0,4801428.0,111569.72159977781,18138.0,12466.0,11.173282339735467,98.43574522701749,9.0,80.1784664236152,80.1784664236152,80.1784664236152,80.1784664236152,76.32600258732212,76.32600258732212,76.32600258732212,76.32600258732212,78.91332470892625,0.0,126.0,37.0,126.0,590.0,183.0,149.7677083333343,282.73020833333624,304.6234375,340.6541666667079,590.0,183.0,340.6541666667079,1597.0,181.15,0.6795872052013372,0.0,,,11.0,81.81818181818183,63.63636363636363,395.0,59.24050632911393,54.68354430379747,367.0,100.0,100.0,COMPLETED,60,10,500.0,80.0,30.0,18,04299023ae768311,T060_P10_H0500_I0800_F1,0.8893816698053986,True,0.6559663637367258,301,0.04,0.14,0.657543350842826,307,0.7629533678756477,0.7548872180451127,0.0758904356025496,0.8994926226931669,0.7944931099976531
T060_P10_H0500_I0800_CN040_F1,India,unlimited_useful_deadline,unlimited,central_only,targeted_central,all_useful,deadline,-1.0,0.0,0.0,1.0,none,0.0,0,applicable,773.0,0.0,,0.0,30220.0,6212679.0,138665.74079971208,21918.0,15513.5,11.187694891709123,98.71080027073194,10.0,82.81375014234006,82.81375014234006,82.81375014234006,82.81375014234006,78.26649417852522,78.26649417852522,78.26649417852522,78.26649417852522,81.24191461836999,0.0,100.0,45.0,100.0,605.0,168.0,142.48472222222577,294.5406944444447,310.6269444444448,338.48402777778466,605.0,168.0,338.48402777778466,2075.0,223.975,0.6036617430020712,0.0,,,11.0,81.81818181818183,36.36363636363637,395.0,63.79746835443038,59.24050632911393,367.0,100.0,100.0,COMPLETED,60,10,500.0,80.0,40.0,24,7ad1bd03b951e9d0,T060_P10_H0500_I0800_F1,0.9098951637588001,True,0.6681932417089194,283,0.0,0.0,0.670968918360687,286,0.7823834196891191,0.7819548872180452,0.08440841603722415,0.8682009161345743,0.837896952724472
T060_P10_H0500_I0800_CN050_F1,India,unlimited_useful_deadline,unlimited,central_only,targeted_central,all_useful,deadline,-1.0,0.0,0.0,1.0,none,0.0,0,applicable,773.0,0.0,,0.0,37597.0,7822272.0,169569.92639962916,25921.0,18823.0,11.10043531872475,99.11013122244063,10.0,88.05490219138343,88.05490219138343,88.05490219138343,88.05490219138343,84.47606727037517,84.47606727037517,84.47606727037517,84.47606727037517,86.15782664941786,0.0,65.0,42.0,65.0,653.0,120.0,103.2027777777781,272.50013888889436,286.99236111111117,301.38472222222225,653.0,120.0,301.38472222222225,2253.0,276.1666666666667,0.5009273787970228,0.0,,,11.0,90.9090909090909,63.63636363636363,395.0,73.16455696202532,70.63291139240506,367.0,100.0,100.0,COMPLETED,60,10,500.0,80.0,50.0,30,77ba70a1b5a04024,T060_P10_H0500_I0800_F1,0.9366988542907378,True,0.7262865927072742,176,0.0,0.0,0.7287891144465832,170,0.844559585492228,0.8390977443609023,0.2300263580386629,0.8356518640627137,0.8946100202784094
T060_P10_H0500_I0800_CN060_F1,India,unlimited_useful_deadline,unlimited,central_only,targeted_central,all_useful,deadline,-1.0,0.0,0.0,1.0,none,0.0,0,applicable,773.0,0.0,,0.0,43489.0,9416007.0,200169.6383995678,30517.0,22709.0,11.344877365801862,99.55083887445507,11.0,93.6987925830099,93.6987925830099,93.6987925830099,93.6987925830099,89.26261319534282,89.26261319534282,89.26261319534282,89.26261319534282,91.59120310478654,0.0,27.0,38.0,27.0,690.0,83.0,95.49305555555564,270.2659722222223,278.75815972224905,298.38472222222856,690.0,83.0,298.38472222222856,2489.5,336.9916666666667,0.44980958975246677,0.0,,,11.0,100.0,100.0,395.0,83.54430379746836,78.9873417721519,367.0,100.0,100.0,COMPLETED,60,10,500.0,80.0,60.0,36,b587a05cb4347ce5,T060_P10_H0500_I0800_F1,0.9430005367686527,True,0.7481919788702529,135,0.0,0.0,0.7489648039261948,135,0.8924870466321244,0.9022556390977443,0.24180161419134583,0.8003361719587955,0.9079435477509642
T060_P10_H0500_I0800_CN070_F1,India,unlimited_useful_deadline,unlimited,central_only,targeted_central,all_useful,deadline,-1.0,0.0,0.0,1.0,none,0.0,0,applicable,773.0,0.0,,0.0,49719.0,11037009.0,231292.8767994882,34597.0,26094.0,11.28180009738101,99.65700927416265,11.0,95.49595940928411,95.49595940928411,95.49595940928411,95.49595940928411,92.75549805950841,92.75549805950841,92.75549805950841,92.75549805950841,95.60155239327295,0.0,15.0,19.0,15.0,717.0,56.0,91.0722222222219,253.82777777780157,266.00486111111593,283.0854166666684,717.0,56.0,283.0854166666684,2684.5,390.15833333333336,0.37381725367906204,0.0,,,11.0,100.0,100.0,395.0,91.39240506329114,85.82278481012658,367.0,100.0,100.0,COMPLETED,60,10,500.0,80.0,70.0,42,b51e6598fefe16b7,T060_P10_H0500_I0800_F1,0.934477504003306,False,0.768981709159056,113,0.0,0.0,0.767104148993264,115,0.9274611398963731,0.9488721804511278,0.30185269481643384,0.7674247932218519,0.8899099365805331
T060_P10_H0500_I0800_CN080_F1,India,unlimited_useful_deadline,unlimited,central_only,targeted_central,all_useful,deadline,-1.0,0.0,0.0,1.0,none,0.0,0,applicable,773.0,0.0,,0.0,55624.0,12744891.0,264084.21119942237,38871.0,29616.0,11.21460456325258,99.89026202052945,10.0,98.77400413299509,98.77400413299509,98.77400413299509,98.77400413299509,96.3777490297542,96.3777490297542,96.3777490297542,96.3777490297542,98.44760672703752,0.0,1.0,11.0,1.0,745.0,28.0,83.82222222227526,234.60569444445272,246.1112500000144,270.95347222222233,745.0,28.0,270.95347222222233,2845.5,446.175,0.32518910741301066,0.0,,,11.0,100.0,90.9090909090909,395.0,96.9620253164557,93.16455696202532,367.0,100.0,100.0,COMPLETED,60,10,500.0,80.0,80.0,48,3d13d22a209ba1de,T060_P10_H0500_I0800_F1,0.9292524235645042,False,0.7858172854848928,84,0.0,0.0,0.7815734748259688,93,0.9637305699481865,0.9819548872180452,0.34947161263769055,0.7338559475562146,0.878854356769707
T060_P10_H0500_I0800_CN090_F1,India,unlimited_useful_deadline,unlimited,central_only,targeted_central,all_useful,deadline,-1.0,0.0,0.0,1.0,none,0.0,0,applicable,773.0,0.0,,0.0,61434.0,14506881.0,297914.41919934755,43311.0,33261.5,11.164783527226078,99.96392225245404,12.0,99.941197224509,99.941197224509,99.941197224509,99.941197224509,99.61190168175938,99.61190168175938,99.61190168175938,99.61190168175938,100.0,0.0,0.0,0.0,0.0,770.0,3.0,80.41041666666837,209.964444444446,224.53138888888898,242.95347222223353,770.0,3.0,242.95347222223353,2873.5,506.46666666666664,0.23011660304506165,0.0,,,11.0,100.0,100.0,395.0,100.0,99.24050632911391,367.0,100.0,100.0,COMPLETED,60,10,500.0,80.0,90.0,54,b2ff8df909649515,T060_P10_H0500_I0800_F1,0.925462962962963,False,0.81146763628497,28,0.0,0.0,0.8052037547453013,34,0.9961139896373057,1.0,0.4593740033962511,0.6996944218490176,0.8708363588439322
T060_P10_H0500_I0800_CN100_F1,India,unlimited_useful_deadline,unlimited,central_only,targeted_central,all_useful,deadline,-1.0,0.0,0.0,1.0,none,0.0,0,applicable,773.0,0.0,,0.0,67109.0,16284138.0,332037.7535992711,46380.0,35700.0,10.75178940135992,100.0,12.0,100.0,100.0,100.0,100.0,100.0,100.0,100.0,100.0,100.0,0.0,0.0,0.0,0.0,773.0,0.0,70.4680555555562,187.73986111112615,203.1823611111113,220.51944444444453,773.0,0.0,220.51944444444453,2889.5,546.8416666666667,0.14917963253633237,0.0,,,11.0,100.0,100.0,395.0,100.0,100.0,367.0,100.0,100.0,COMPLETED,60,10,500.0,80.0,100.0,60,ce46c1c98f5fa99e,T060_P10_H0500_I0800_F1,0.9635451104403239,False,0.8364629329964277,15,0.0,0.0,0.8340335905491794,15,1.0,1.0,0.5474294779363924,0.6713253237544721,0.9514131510550321
T060_P10_H0500_I0986_CN010_F1,India,unlimited_useful_deadline,unlimited,central_only,targeted_central,all_useful,deadline,-1.0,0.0,0.0,1.0,none,0.0,0,applicable,773.0,0.0,,0.0,9224.0,2949189.0,75841.9007999028,9755.0,6202.0,8.17753766003706,88.70525636891325,7.0,57.64125382392933,57.64125382392933,57.64125382392933,57.64125382392933,7.373868046571798,7.373868046571798,7.373868046571798,7.373868046571798,67.27037516170763,0.0,144.0,109.0,144.0,57.0,716.0,142.48472222222287,356.3333333333333,357.81666666666666,358.1166666666667,57.0,716.0,358.1166666666667,1344.0,80.96666666666667,0.8954096335940718,0.0,,,11.0,18.181818181818183,0.0,395.0,38.22784810126582,11.39240506329114,367.0,100.0,3.2697547683923704,COMPLETED,60,10,500.0,98.6,10.0,6,6ba8b6578052ccb3,T060_P10_H0500_I0986_F1,0.5861598440545809,False,0.3590289989886466,553,0.0,0.0,0.3630478455765358,554,0.07253886010362694,0.6195488721804512,0.007348632080492412,0.9628870716566967,0.15291579186141158
T060_P10_H0500_I0986_CN020_F1,India,unlimited_useful_deadline,unlimited,central_only,targeted_central,all_useful,deadline,-1.0,0.0,0.0,1.0,none,0.0,0,applicable,773.0,0.0,,0.0,16782.0,5507205.0,124955.80799984222,15201.0,10369.0,8.29813368900235,96.01697367152087,10.0,75.66521028051635,75.66521028051635,75.66521028051635,75.66521028051635,54.33376455368693,54.33376455368693,54.33376455368693,54.33376455368693,74.64424320827942,0.0,81.0,115.0,81.0,420.0,353.0,226.25104166666716,330.24069444444433,350.9708333333333,359.8215277777957,420.0,353.0,359.8215277777957,1352.5,150.275,0.803041645871458,0.0,,,11.0,18.181818181818183,0.0,395.0,52.65822784810127,33.67088607594937,367.0,100.0,78.2016348773842,COMPLETED,60,10,500.0,98.6,20.0,12,600966b10586c197,T060_P10_H0500_I0986_F1,0.7995315255731922,True,0.5527724234308959,425,0.0,0.0,0.5558542215732135,427,0.5427461139896373,0.7052631578947367,0.0006569066510476729,0.9262228524946551,0.6043820768359909
T060_P10_H0500_I0986_CN030_F1,India,unlimited_useful_deadline,unlimited,central_only,targeted_central,all_useful,deadline,-1.0,0.0,0.0,1.0,none,0.0,0,applicable,773.0,0.0,,0.0,24823.0,8157816.0,175847.5391997663,19726.0,14028.5,7.977649311352231,98.04326905941477,10.0,84.7168642959138,84.7168642959138,84.7168642959138,84.7168642959138,67.14100905562742,67.14100905562742,67.14100905562742,67.14100905562742,86.80465717981889,0.0,31.0,71.0,31.0,519.0,254.0,154.50625000000048,343.7,350.6354166666667,359.93333333333334,519.0,254.0,359.93333333333334,1701.5,205.45,0.7108069008409725,0.0,,,11.0,72.72727272727273,45.45454545454545,395.0,74.9367088607595,48.10126582278481,367.0,100.0,88.28337874659401,COMPLETED,60,10,500.0,98.6,30.0,18,b095ce615a9d4890,T060_P10_H0500_I0986_F1,0.8834153999857275,True,0.6327922531060424,328,0.0,0.0,0.6383364938776832,329,0.6709844559585492,0.8466165413533835,0.00021806029913062908,0.8919941403859859,0.7818692713913669
T060_P10_H0500_I0986_CN040_F1,India,unlimited_useful_deadline,unlimited,central_only,targeted_central,all_useful,deadline,-1.0,0.0,0.0,1.0,none,0.0,0,applicable,773.0,0.0,,0.0,34346.0,11205147.0,234356.2943996265,23720.0,17281.5,7.374028525357816,98.90634493533547,11.0,90.38212326698743,90.38212326698743,90.38212326698743,90.38212326698743,79.6895213454075,79.6895213454075,79.6895213454075,79.6895213454075,88.745148771022,0.0,30.0,57.0,30.0,616.0,157.0,120.69131944446538,302.03576388890235,325.7262152777794,355.48402777777784,616.0,157.0,355.48402777777784,2011.5,254.5,0.6434217419777342,0.0,,,11.0,72.72727272727273,45.45454545454545,395.0,78.73417721518987,61.77215189873417,367.0,100.0,100.0,COMPLETED,60,10,500.0,98.6,40.0,24,01777359b20f8083,T060_P10_H0500_I0986_F1,0.9234104437229438,True,0.6784462820423395,264,0.0,0.0,0.6819393507914471,260,0.7966321243523315,0.8691729323308272,0.017681964505240955,0.8597162334343529,0.8664934993344826
T060_P10_H0500_I0986_CN050_F1,India,unlimited_useful_deadline,unlimited,central_only,targeted_central,all_useful,deadline,-1.0,0.0,0.0,1.0,none,0.0,0,applicable,773.0,0.0,,0.0,40360.0,13553511.0,279444.88319961436,27921.0,20812.5,7.447801427494065,99.37537537537537,11.0,94.48602174022614,94.48602174022614,94.48602174022614,94.48602174022614,84.21733505821474,84.21733505821474,84.21733505821474,84.21733505821474,93.91979301423027,0.0,3.0,44.0,3.0,651.0,122.0,104.48472222222868,274.9180555555557,289.08541666666997,303.95347222222233,651.0,122.0,303.95347222222233,2172.5,310.6666666666667,0.5571092632331904,0.0,,,11.0,100.0,100.0,395.0,88.10126582278481,69.11392405063292,367.0,100.0,100.0,COMPLETED,60,10,500.0,98.6,50.0,30,7d28e7319a4cdcfe,T060_P10_H0500_I0986_F1,0.950120896626273,True,0.7440178811850032,142,0.0,0.0,0.748069900008444,137,0.8419689119170984,0.9293233082706767,0.21994379495790672,0.8261041965106263,0.9230092883859115
T060_P10_H0500_I0986_CN060_F1,India,unlimited_useful_deadline,unlimited,central_only,targeted_central,all_useful,deadline,-1.0,0.0,0.0,1.0,none,0.0,0,applicable,773.0,0.0,,0.0,48933.0,16629369.0,338501.3567994856,31523.0,23689.0,6.998199423475988,99.73616446451939,11.0,97.08825600158072,97.08825600158072,97.08825600158072,97.08825600158072,87.83958602846054,87.83958602846054,87.83958602846054,87.83958602846054,95.98965071151359,0.0,1.0,30.0,1.0,679.0,94.0,85.90069444444428,255.6090277777904,265.40423611112027,279.3847222222259,679.0,94.0,279.3847222222259,2232.5,357.60833333333335,0.47028367472172383,0.0,,,11.0,100.0,100.0,395.0,92.15189873417722,76.20253164556962,367.0,100.0,100.0,COMPLETED,60,10,500.0,98.6,60.0,36,c26712d01d413d56,T060_P10_H0500_I0986_F1,0.9470422189494355,True,0.7701128312728653,112,0.0,0.0,0.7720256748350198,105,0.8782383419689119,0.9533834586466167,0.31637823649183794,0.7956331238557316,0.9164952132120007
T060_P10_H0500_I0986_CN070_F1,India,unlimited_useful_deadline,unlimited,central_only,targeted_central,all_useful,deadline,-1.0,0.0,0.0,1.0,none,0.0,0,applicable,773.0,0.0,,0.0,55288.0,19256898.0,388949.91359946365,35596.0,27174.5,6.9866322243187335,99.83808349739645,12.0,99.86170793415296,99.86170793415296,99.86170793415296,99.86170793415296,99.09443725743856,99.09443725743856,99.09443725743856,99.09443725743856,99.74126778783958,0.0,0.0,2.0,0.0,766.0,7.0,82.13645833334292,225.175,231.24392361111137,257.3875000000001,766.0,7.0,257.3875000000001,2408.5,412.76666666666665,0.4017476917279066,0.0,,,11.0,100.0,100.0,395.0,99.49367088607595,98.22784810126582,367.0,100.0,100.0,COMPLETED,60,10,500.0,98.6,70.0,42,5932a081c983167c,T060_P10_H0500_I0986_F1,0.9339383280146988,False,0.8134387545103535,27,0.0,1.23,0.8083305779575396,28,0.9909326424870467,0.9969924812030074,0.402719211930085,0.76223944273679,0.8887691114307685
T060_P10_H0500_I0986_CN080_F1,India,unlimited_useful_deadline,unlimited,central_only,targeted_central,all_useful,deadline,-1.0,0.0,0.0,1.0,none,0.0,0,applicable,773.0,0.0,,0.0,61330.0,21885033.0,439410.1055993955,38934.0,29765.5,6.773968013183752,99.94456669634309,14.0,99.66976964389643,99.66976964389643,99.66976964389643,99.66976964389643,96.50711513583441,96.50711513583441,96.50711513583441,96.50711513583441,100.0,0.0,0.0,0.0,0.0,746.0,27.0,77.29375000000019,203.45347222224672,233.8868055555564,256.5194444444445,746.0,27.0,256.5194444444445,2502.0,454.39166666666665,0.3350251557332453,0.0,,,11.0,100.0,100.0,395.0,100.0,93.16455696202532,367.0,100.0,100.0,COMPLETED,60,10,500.0,98.6,80.0,48,5b9f5238b54056e7,T060_P10_H0500_I0986_F1,0.9453120345546618,False,0.8060346118052067,39,0.0,0.0,0.8034250350506446,39,0.9650259067357513,1.0,0.406126404103901,0.7331384927690635,0.9128343716445065
T060_P10_H0500_I0986_CN090_F1,India,unlimited_useful_deadline,unlimited,central_only,targeted_central,all_useful,deadline,-1.0,0.0,0.0,1.0,none,0.0,0,applicable,773.0,0.0,,0.0,67591.0,24655380.0,492600.76799934683,43012.0,33030.5,6.705328563361841,99.94853241700852,13.0,100.0,100.0,100.0,100.0,100.0,100.0,100.0,100.0,100.0,0.0,0.0,0.0,0.0,773.0,0.0,71.65138888888988,178.9548611111462,189.6093055555623,207.6513888888899,773.0,0.0,207.6513888888899,2541.0,508.15833333333336,0.26123392206060014,0.0,,,11.0,100.0,100.0,395.0,100.0,100.0,367.0,100.0,100.0,COMPLETED,60,10,500.0,98.6,90.0,54,013b2b575d702844,T060_P10_H0500_I0986_F1,0.9720593167553063,False,0.855162351432281,11,0.0,0.08,0.8536337557634182,11,1.0,1.0,0.5979376947210352,0.7008029974733114,0.9694280866227445
T060_P10_H0500_I0986_CN100_F1,India,unlimited_useful_deadline,unlimited,central_only,targeted_central,all_useful,deadline,-1.0,0.0,0.0,1.0,none,0.0,0,applicable,773.0,0.0,,0.0,73653.0,27385764.0,545024.1407993041,46380.0,35700.0,6.550168575587172,100.0,12.0,100.0,100.0,100.0,100.0,100.0,100.0,100.0,100.0,100.0,0.0,0.0,0.0,0.0,773.0,0.0,63.088888888889535,163.18583333333714,173.39097222222622,186.5576388888888,773.0,0.0,186.5576388888888,2627.5,551.2083333333334,0.17053115629803206,0.0,,,11.0,100.0,100.0,395.0,100.0,100.0,367.0,100.0,100.0,COMPLETED,60,10,500.0,98.6,100.0,60,10b5a86cf6dab903,T060_P10_H0500_I0986_F1,0.9796188491207897,False,0.868225016398219,7,0.0,0.03,0.8674961693110097,7,1.0,1.0,0.680732464544765,0.6713253237544721,0.9854230582558109
T060_P10_H0800_I0600_CN010_F1,India,unlimited_useful_deadline,unlimited,central_only,targeted_central,all_useful,deadline,-1.0,0.0,0.0,1.0,none,0.0,0,applicable,773.0,0.0,,0.0,4424.0,1338432.0,80572.89119996139,9159.0,6241.0,7.745781375166776,51.113603589168406,5.0,66.88536969165253,66.88536969165253,66.88536969165253,66.88536969165253,3.6222509702457955,3.6222509702457955,3.6222509702457955,3.6222509702457955,98.83570504527813,0.0,9.0,0.0,9.0,28.0,745.0,172.3430555555557,354.21562500000425,354.801562500006,355.82152777778686,28.0,745.0,355.82152777778686,4600.5,27.341666666666665,0.804810525246368,0.0,,,11.0,18.181818181818183,0.0,395.0,100.0,3.5443037974683547,367.0,100.0,3.8147138964577656,COMPLETED,60,10,800.0,60.0,10.0,6,f8026b0abd629f0b,T060_P10_H0800_I0600_F1,0.7230820105820106,True,0.4682419386195147,508,0.0,0.29,0.48862448418146176,495,0.034974093264248704,0.9864661654135338,0.016357248188025975,0.9626999095383094,0.442625004503191
T060_P10_H0800_I0600_CN020_F1,India,unlimited_useful_deadline,unlimited,central_only,targeted_central,all_useful,deadline,-1.0,0.0,0.0,1.0,none,0.0,0,applicable,773.0,0.0,,0.0,7810.0,2071158.0,94641.23039991884,13387.0,9239.0,9.762130057861043,73.29256413031713,7.0,77.0043852179214,77.0043852179214,77.0043852179214,77.0043852179214,27.943078913324708,27.943078913324708,27.943078913324708,27.943078913324708,98.44760672703752,0.0,6.0,6.0,6.0,216.0,557.0,303.43437499999976,353.4343750000019,355.46562500000584,357.30208333333485,216.0,557.0,357.30208333333485,5449.5,63.15833333333333,0.6967827769714563,0.0,,,11.0,18.181818181818183,18.181818181818183,395.0,99.24050632911391,15.18987341772152,367.0,100.0,41.96185286103542,COMPLETED,60,10,800.0,60.0,20.0,12,8b6af33697182059,T060_P10_H0800_I0600_F1,0.6645790466392318,True,0.5022797384309706,474,0.0,0.07,0.5042968911088609,479,0.27849740932642486,0.9819548872180452,0.010545941216395294,0.9316457548992084,0.3188404628842306
T060_P10_H0800_I0600_CN030_F1,India,unlimited_useful_deadline,unlimited,central_only,targeted_central,all_useful,deadline,-1.0,0.0,0.0,1.0,none,0.0,0,applicable,773.0,0.0,,0.0,11123.0,2858817.0,109764.28319987343,17562.0,12278.5,11.186243504767093,81.91147127092071,11.0,84.4915611399727,84.4915611399727,84.4915611399727,84.4915611399727,56.92108667529108,56.92108667529108,56.92108667529108,56.92108667529108,98.70633893919793,0.0,6.0,4.0,6.0,440.0,333.0,258.8690972222401,339.42486111111407,345.40920138891397,359.9506944444447,440.0,333.0,359.9506944444447,6203.5,101.25,0.6182798353909467,0.0,,,11.0,36.36363636363637,18.181818181818183,395.0,99.24050632911391,33.92405063291139,367.0,100.0,82.83378746594006,COMPLETED,60,10,800.0,60.0,30.0,18,632126a7efe1a492,T060_P10_H0800_I0600_F1,0.7939972643097643,True,0.6081650117312941,362,0.0,0.0,0.6093659848068864,366,0.5686528497409328,0.9849624060150376,0.00014991645565332057,0.9003924405700287,0.5926723112527797
T060_P10_H0800_I0600_CN040_F1,India,unlimited_useful_deadline,unlimited,central_only,targeted_central,all_useful,deadline,-1.0,0.0,0.0,1.0,none,0.0,0,applicable,773.0,0.0,,0.0,14030.0,3654129.0,125034.27359982613,21641.0,15541.0,12.429391999940096,87.98661604787337,10.0,87.27739951286485,87.27739951286485,87.27739951286485,87.27739951286485,62.8719275549806,62.8719275549806,62.8719275549806,62.8719275549806,98.70633893919793,0.0,6.0,4.0,6.0,486.0,287.0,240.42708333334122,321.73645833333904,330.6776041666697,358.42291666666904,486.0,287.0,358.42291666666904,7056.0,141.41666666666666,0.5755215085444902,0.0,,,11.0,36.36363636363637,18.181818181818183,395.0,99.24050632911391,37.9746835443038,367.0,100.0,91.00817438692098,COMPLETED,60,10,800.0,60.0,40.0,24,e9cb351a40161d10,T060_P10_H0800_I0600_F1,0.8143327998780673,True,0.624250112833337,341,0.0,0.0,0.6246231766124232,347,0.628238341968912,0.9849624060150376,0.00614657468156099,0.868068942845968,0.6356996175506372
T060_P10_H0800_I0600_CN050_F1,India,unlimited_useful_deadline,unlimited,central_only,targeted_central,all_useful,deadline,-1.0,0.0,0.0,1.0,none,0.0,0,applicable,773.0,0.0,,0.0,17534.0,4469928.0,140697.6143997686,25403.0,18452.0,13.114650222548727,92.04964231519618,10.0,90.92309623680906,90.92309623680906,90.92309623680906,90.92309623680906,77.87839586028461,77.87839586028461,77.87839586028461,77.87839586028461,98.31824062095731,0.0,2.0,11.0,2.0,602.0,171.0,170.2045138889099,270.87465277778347,293.64302083333337,309.91805555556397,602.0,171.0,309.91805555556397,7773.5,177.975,0.5110728722823119,0.0,,,11.0,18.181818181818183,63.63636363636363,395.0,98.9873417721519,57.72151898734177,367.0,100.0,100.0,COMPLETED,60,10,800.0,60.0,50.0,30,28678a9832d2f786,T060_P10_H0800_I0600_F1,0.8967223452688567,False,0.7190112492560808,189,0.0,0.0,0.7205876292569557,188,0.778497409326425,0.9804511278195489,0.1965322960931506,0.8374323037017307,0.8100250093439234
T060_P10_H0800_I0600_CN060_F1,India,unlimited_useful_deadline,unlimited,central_only,targeted_central,all_useful,deadline,-1.0,0.0,0.0,1.0,none,0.0,0,applicable,773.0,0.0,,0.0,20346.0,5512101.0,160707.33599972,29664.0,22005.0,13.69259210422002,94.40808907066575,10.0,93.59528103059799,93.59528103059799,93.59528103059799,93.59528103059799,79.04269081500647,79.04269081500647,79.04269081500647,79.04269081500647,98.44760672703752,0.0,2.0,10.0,2.0,611.0,162.0,158.3847222222243,289.78680555557656,301.74409722222873,328.48402777777784,611.0,162.0,328.48402777777784,8446.0,225.98333333333332,0.46178921749391555,0.0,,,11.0,27.27272727272727,54.54545454545454,395.0,98.9873417721519,60.25316455696203,367.0,100.0,100.0,COMPLETED,60,10,800.0,60.0,60.0,36,df4348a545795659,T060_P10_H0800_I0600_F1,0.9223820997757168,False,0.7090522780653974,212,0.0,0.0,0.7127603890156106,209,0.7901554404145077,0.9819548872180452,0.12365926987960962,0.8037146881471191,0.8643176594187713
T060_P10_H0800_I0600_CN070_F1,India,unlimited_useful_deadline,unlimited,central_only,targeted_central,all_useful,deadline,-1.0,0.0,0.0,1.0,none,0.0,0,applicable,773.0,0.0,,0.0,23470.0,6546360.0,180565.10879966166,33946.0,25525.0,14.136175128008912,96.81880509304604,12.0,94.80189531612558,94.80189531612558,94.80189531612558,94.80189531612558,83.18240620957309,83.18240620957309,83.18240620957309,83.18240620957309,98.44760672703752,0.0,2.0,10.0,2.0,643.0,130.0,142.6513888888889,263.001388888934,277.87819444444506,295.25277777777836,643.0,130.0,295.25277777777836,8979.0,275.76666666666665,0.3929116805673074,0.0,,,11.0,18.181818181818183,54.54545454545454,395.0,99.24050632911391,68.35443037974683,367.0,100.0,100.0,COMPLETED,60,10,800.0,60.0,70.0,42,86e2a67dcf6774f0,T060_P10_H0800_I0600_F1,0.9367173549910719,False,0.743339947463789,144,0.0,0.0,0.7464920948487495,139,0.8316062176165803,0.9819548872180452,0.254094763554496,0.770155440538835,0.8946491653157911
T060_P10_H0800_I0600_CN080_F1,India,unlimited_useful_deadline,unlimited,central_only,targeted_central,all_useful,deadline,-1.0,0.0,0.0,1.0,none,0.0,0,applicable,773.0,0.0,,0.0,26614.0,7582638.0,200461.64639959802,38056.0,28833.0,14.383300006687872,97.82714251031804,15.0,97.08438104945219,97.08438104945219,97.08438104945219,97.08438104945219,87.83958602846054,87.83958602846054,87.83958602846054,87.83958602846054,98.70633893919793,0.0,0.0,10.0,0.0,679.0,94.0,134.0541666666715,250.4650000000107,261.30062500003027,296.9506944444472,679.0,94.0,296.9506944444472,9186.5,327.44166666666666,0.34077019655748697,0.0,,,11.0,18.181818181818183,90.9090909090909,395.0,99.74683544303798,76.45569620253164,367.0,100.0,100.0,COMPLETED,60,10,800.0,60.0,80.0,48,dc0217c79112f713,T060_P10_H0800_I0600_F1,0.9367179403261877,False,0.7477584038008673,137,0.0,0.0,0.7485790068927994,136,0.8782383419689119,0.9849624060150376,0.24743029566250363,0.7376135870099892,0.894650403807555
T060_P10_H0800_I0600_CN090_F1,India,unlimited_useful_deadline,unlimited,central_only,targeted_central,all_useful,deadline,-1.0,0.0,0.0,1.0,none,0.0,0,applicable,773.0,0.0,,0.0,29690.0,8766816.0,223197.86399953454,42391.0,32437.5,14.533069187466618,99.27707129094412,15.0,98.6506909792809,98.6506909792809,98.6506909792809,98.6506909792809,93.40232858990944,93.40232858990944,93.40232858990944,93.40232858990944,98.83570504527813,0.0,0.0,9.0,0.0,722.0,51.0,116.48645833333988,230.2718750000026,244.51270833333504,261.9534722222235,722.0,51.0,261.9534722222235,9714.5,378.71666666666664,0.2782709149320073,0.0,,,11.0,18.181818181818183,100.0,395.0,100.0,87.0886075949367,367.0,100.0,100.0,COMPLETED,60,10,800.0,60.0,90.0,54,3168b32d5da602cd,T060_P10_H0800_I0600_F1,0.9289646814404432,False,0.7802037594243728,99,0.0,0.0,0.7774191448554125,99,0.9339378238341969,0.9864661654135338,0.38479738109580885,0.7036488214785327,0.8782455324549903
T060_P10_H0800_I0600_CN100_F1,India,unlimited_useful_deadline,unlimited,central_only,targeted_central,all_useful,deadline,-1.0,0.0,0.0,1.0,none,0.0,0,applicable,773.0,0.0,,0.0,32776.0,9963948.0,246182.79839946685,46290.0,35603.0,14.46201774919669,100.0,16.0,99.95687796463994,99.95687796463994,99.95687796463994,99.95687796463994,99.61190168175938,99.61190168175938,99.61190168175938,99.61190168175938,98.96507115135834,0.0,0.0,8.0,0.0,770.0,3.0,101.22986111114011,222.01812500000202,229.72916666666669,249.5194444444683,770.0,3.0,249.5194444444683,10137.0,424.43333333333334,0.18925757218775363,0.0,,,11.0,27.27272727272727,100.0,395.0,100.0,99.24050632911391,367.0,100.0,100.0,COMPLETED,60,10,800.0,60.0,100.0,60,755dcebade4ef802,T060_P10_H0800_I0600_F1,0.9366955266955267,False,0.801891495566638,43,0.0,0.0,0.7968159450611039,51,0.9961139896373057,0.98796992481203,0.43360200179345887,0.671790829536102,0.8946029795266227
T060_P10_H0800_I0800_CN010_F1,India,unlimited_useful_deadline,unlimited,central_only,targeted_central,all_useful,deadline,-1.0,0.0,0.0,1.0,none,0.0,0,applicable,773.0,0.0,,0.0,7631.0,1768791.0,69814.89839993021,9086.0,5754.5,8.242510025633372,83.8387349031193,8.0,55.429029228507765,55.429029228507765,55.429029228507765,55.429029228507765,14.359637774902975,14.359637774902975,14.359637774902975,14.359637774902975,54.980595084087966,0.0,166.0,182.0,166.0,111.0,662.0,225.25138888888904,337.8840277777776,348.01666666666665,351.91875000000533,111.0,662.0,351.91875000000533,1902.0,64.20833333333333,0.8778217607614105,0.0,,,11.0,18.181818181818183,9.090909090909092,395.0,31.645569620253166,10.379746835443038,367.0,81.19891008174388,18.80108991825613,COMPLETED,60,10,800.0,80.0,10.0,6,15f7f77c76b54867,T060_P10_H0800_I0800_F1,0.6379462796129464,False,0.3696755887934721,548,0.0,0.0,0.3756756888060596,551,0.14248704663212436,0.4766917293233082,0.03167598420151685,0.9650346369894733,0.26248904688387537
T060_P10_H0800_I0800_CN020_F1,India,unlimited_useful_deadline,unlimited,central_only,targeted_central,all_useful,deadline,-1.0,0.0,0.0,1.0,none,0.0,0,applicable,773.0,0.0,,0.0,14330.0,3160224.0,96530.4119998544,14134.0,9510.0,9.851817476977457,93.23343848580441,9.0,71.77674207275214,71.77674207275214,71.77674207275214,71.77674207275214,52.13454075032341,52.13454075032341,52.13454075032341,52.13454075032341,73.99741267787839,0.0,120.0,81.0,120.0,403.0,370.0,223.0541666666657,329.76736111111654,340.3329166666691,357.5548611111248,403.0,370.0,357.5548611111248,2204.0,121.76666666666667,0.7705881011041154,0.0,,,11.0,36.36363636363637,9.090909090909092,395.0,51.64556962025316,26.582278481012654,367.0,99.1825613079019,80.92643051771117,COMPLETED,60,10,800.0,80.0,20.0,12,0a7b92932f552baa,T060_P10_H0800_I0800_F1,0.7478954140244464,False,0.5319790494606489,451,0.0,0.0,0.5306991244083643,462,0.5207253886010362,0.6977443609022556,0.00955376685533238,0.9303452181278509,0.4951268875553465
T060_P10_H0800_I0800_CN030_F1,India,unlimited_useful_deadline,unlimited,central_only,targeted_central,all_useful,deadline,-1.0,0.0,0.0,1.0,none,0.0,0,applicable,773.0,0.0,,0.0,21856.0,4640676.0,124955.09039975522,18561.0,13105.5,10.488168155513312,97.44382129640228,10.0,82.65537466701763,82.65537466701763,82.65537466701763,82.65537466701763,76.58473479948253,76.58473479948253,76.58473479948253,76.58473479948253,82.40620957309184,0.0,74.0,62.0,74.0,592.0,181.0,162.1048611111528,293.0607638888942,311.56534722222534,353.22013888891235,592.0,181.0,353.22013888891235,2723.0,173.04166666666666,0.6665888113010676,0.0,,,11.0,90.9090909090909,72.72727272727273,395.0,65.82278481012658,54.936708860759495,367.0,100.0,100.0,COMPLETED,60,10,800.0,80.0,30.0,18,cde6eea29efb478b,T060_P10_H0800_I0800_F1,0.8769558621121121,True,0.6503123292472623,309,0.0,0.05,0.6504452143126824,315,0.7655440414507771,0.7954887218045112,0.026567921694460983,0.8964236438544839,0.7682017427591787
T060_P10_H0800_I0800_CN040_F1,India,unlimited_useful_deadline,unlimited,central_only,targeted_central,all_useful,deadline,-1.0,0.0,0.0,1.0,none,0.0,0,applicable,773.0,0.0,,0.0,27179.0,5938554.0,149874.3479996689,22673.0,16427.5,10.960848350136802,98.35945822553644,10.0,86.33385695804841,86.33385695804841,86.33385695804841,86.33385695804841,78.26649417852522,78.26649417852522,78.26649417852522,78.26649417852522,87.45148771021992,0.0,46.0,51.0,46.0,605.0,168.0,135.91805555555547,273.11236111111134,284.8383333333336,321.42291666666796,605.0,168.0,321.42291666666796,3258.0,219.49166666666667,0.5869692597795411,0.0,,,11.0,90.9090909090909,72.72727272727273,395.0,75.69620253164557,58.22784810126582,367.0,100.0,100.0,COMPLETED,60,10,800.0,80.0,40.0,24,ed31c0e53d126d8b,T060_P10_H0800_I0800_F1,0.9086233547597184,True,0.6947416860952099,229,0.0,0.0,0.6973828137571758,229,0.7823834196891191,0.8541353383458646,0.1513747338982926,0.8638146039241658,0.8352059729284368
T060_P10_H0800_I0800_CN050_F1,India,unlimited_useful_deadline,unlimited,central_only,targeted_central,all_useful,deadline,-1.0,0.0,0.0,1.0,none,0.0,0,applicable,773.0,0.0,,0.0,33739.0,7404990.0,178029.91919955658,26523.0,19494.0,10.949844884302207,98.96378372832666,9.0,90.32848350442141,90.32848350442141,90.32848350442141,90.32848350442141,83.57050452781371,83.57050452781371,83.57050452781371,83.57050452781371,89.0038809831824,0.0,31.0,54.0,31.0,646.0,127.0,107.70277777777913,265.08541666666815,278.8187500000002,299.6513888888899,646.0,127.0,299.6513888888899,3516.5,266.2916666666667,0.491864079695405,0.0,,,11.0,81.81818181818183,45.45454545454545,395.0,78.9873417721519,69.36708860759494,367.0,100.0,100.0,COMPLETED,60,10,800.0,80.0,50.0,30,c00838bb243ab124,T060_P10_H0800_I0800_F1,0.9434404024767802,True,0.7334925950791804,165,0.0,0.0,0.7371616959536792,155,0.8354922279792746,0.8721804511278195,0.2368298393713345,0.832431715820718,0.9088742454692493
T060_P10_H0800_I0800_CN060_F1,India,unlimited_useful_deadline,unlimited,central_only,targeted_central,all_useful,deadline,-1.0,0.0,0.0,1.0,none,0.0,0,applicable,773.0,0.0,,0.0,39177.0,8885994.0,206465.19599945945,31142.0,23423.5,11.345011388777277,99.67767413068073,9.0,95.98739660511976,95.98739660511976,95.98739660511976,95.98739660511976,89.65071151358343,89.65071151358343,89.65071151358343,89.65071151358343,94.56662354463131,0.0,3.0,39.0,3.0,693.0,80.0,91.99236111111071,229.92486111111836,239.7375,257.5194444444693,693.0,80.0,257.5194444444693,3711.0,328.5416666666667,0.43661678292115846,0.0,,,11.0,100.0,90.9090909090909,395.0,89.36708860759494,80.0,367.0,100.0,100.0,COMPLETED,60,10,800.0,80.0,60.0,36,a370108d115afb7c,T060_P10_H0800_I0800_F1,0.943129041740153,True,0.7875157193327891,77,0.0,0.0,0.7881078388476035,74,0.8963730569948185,0.9368421052631579,0.4022013187195679,0.7969072659693678,0.9082154472911051
T060_P10_H0800_I0800_CN070_F1,India,unlimited_useful_deadline,unlimited,central_only,targeted_central,all_useful,deadline,-1.0,0.0,0.0,1.0,none,0.0,0,applicable,773.0,0.0,,0.0,44715.0,10363239.0,234828.29999933968,35394.0,26952.0,11.477321941212276,99.77367171267439,13.0,97.8285768421603,97.8285768421603,97.8285768421603,97.8285768421603,90.42690815006468,90.42690815006468,90.42690815006468,90.42690815006468,99.09443725743856,0.0,0.0,7.0,0.0,699.0,74.0,90.07083333333819,227.92458333333346,234.54611111111143,245.95347222225385,699.0,74.0,245.95347222225385,3976.0,382.93333333333334,0.38065590181058506,0.0,,,11.0,100.0,100.0,395.0,98.22784810126582,81.26582278481013,367.0,100.0,100.0,COMPLETED,60,10,800.0,80.0,70.0,42,2f18d35afb6f23b2,T060_P10_H0800_I0800_F1,0.9477659884491073,True,0.8038161931204006,41,0.0,0.0,0.8045102699264184,35,0.9041450777202071,0.9894736842105264,0.44759874724346393,0.7633072266173326,0.9180266138405617
T060_P10_H0800_I0800_CN080_F1,India,unlimited_useful_deadline,unlimited,central_only,targeted_central,all_useful,deadline,-1.0,0.0,0.0,1.0,none,0.0,0,applicable,773.0,0.0,,0.0,50178.0,11942178.0,265143.9287992234,39186.0,29953.0,11.296883219483973,99.92822087937769,12.0,99.4035765154782,99.4035765154782,99.4035765154782,99.4035765154782,96.50711513583441,96.50711513583441,96.50711513583441,96.50711513583441,99.74126778783958,0.0,0.0,2.0,0.0,746.0,27.0,85.99409722222262,220.47256944446582,227.18003472222856,245.48402777777787,746.0,27.0,245.48402777777787,4206.0,429.1166666666667,0.324808715578514,0.0,,,11.0,100.0,63.63636363636363,395.0,99.49367088607595,94.17721518987342,367.0,100.0,100.0,COMPLETED,60,10,800.0,80.0,80.0,48,0c82a821990b6148,T060_P10_H0800_I0800_F1,0.9358113643133751,False,0.8109008105699699,29,0.0,0.0,0.8072861256707666,30,0.9650259067357513,0.9969924812030074,0.44944135677118724,0.7322386748922018,0.8927322087516854
T060_P10_H0800_I0800_CN090_F1,India,unlimited_useful_deadline,unlimited,central_only,targeted_central,all_useful,deadline,-1.0,0.0,0.0,1.0,none,0.0,0,applicable,773.0,0.0,,0.0,55626.0,13561809.0,296240.84399909223,43075.0,33090.0,11.16996547582797,100.0,11.0,99.79085812850367,99.79085812850367,99.79085812850367,99.79085812850367,98.57697283311772,98.57697283311772,98.57697283311772,98.57697283311772,100.0,0.0,0.0,0.0,0.0,762.0,11.0,83.16076388888881,208.10659722222408,221.48402777779907,237.48402777777787,762.0,11.0,237.48402777777787,4258.5,480.525,0.24593153321887518,0.0,,,11.0,100.0,72.72727272727273,395.0,100.0,97.9746835443038,367.0,100.0,100.0,COMPLETED,60,10,800.0,80.0,90.0,54,fc89a11de578d09e,T060_P10_H0800_I0800_F1,0.941080368426169,False,0.8182918316445693,25,0.0,0.0,0.8141983031403788,25,0.9857512953367875,1.0,0.48084203984507434,0.7005174552670539,0.9038807252529784
T060_P10_H0800_I0800_CN100_F1,India,unlimited_useful_deadline,unlimited,central_only,targeted_central,all_useful,deadline,-1.0,0.0,0.0,1.0,none,0.0,0,applicable,773.0,0.0,,0.0,60883.0,15189627.0,327494.94959895214,46380.0,35700.0,10.900931462826511,100.0,12.0,100.0,100.0,100.0,100.0,100.0,100.0,100.0,100.0,100.0,0.0,0.0,0.0,0.0,773.0,0.0,74.98888888893525,169.52847222223497,182.09166666666687,196.08541666667782,773.0,0.0,196.08541666667782,4244.5,524.2583333333333,0.16259239242739754,0.0,,,11.0,100.0,100.0,395.0,100.0,100.0,367.0,100.0,100.0,COMPLETED,60,10,800.0,80.0,100.0,60,9cd25b583ac730ee,T060_P10_H0800_I0800_F1,0.9760229505054859,False,0.85960428118747,9,0.0,0.0,0.8584950117833341,8,1.0,1.0,0.643335123244918,0.6713253237544721,0.9778146119172801
T060_P10_H0800_I0986_CN010_F1,India,unlimited_useful_deadline,unlimited,central_only,targeted_central,all_useful,deadline,-1.0,0.0,0.0,1.0,none,0.0,0,applicable,773.0,0.0,,0.0,8479.0,2993898.0,92953.96079991182,10238.0,6672.5,7.178284757938287,83.57437242412888,8.0,62.96284230539314,62.96284230539314,62.96284230539314,62.96284230539314,5.950840879689522,5.950840879689522,5.950840879689522,5.950840879689522,72.44501940491591,0.0,53.0,160.0,53.0,46.0,727.0,143.8020833333335,357.0003472222221,359.1958333333333,359.85,46.0,727.0,359.85,1905.5,79.45,0.8885672330606251,0.0,,,11.0,18.181818181818183,0.0,395.0,48.35443037974684,9.367088607594937,367.0,100.0,2.452316076294278,COMPLETED,60,10,800.0,98.6,10.0,6,f57835ee1401aff0,T060_P10_H0800_I0986_F1,0.6615338164251207,False,0.38960681808489656,541,0.0,0.0,0.40231216821897514,544,0.058290155440414514,0.6796992481203007,0.0005451507478169137,0.9606291286643582,0.3123971581219855
T060_P10_H0800_I0986_CN020_F1,India,unlimited_useful_deadline,unlimited,central_only,targeted_central,all_useful,deadline,-1.0,0.0,0.0,1.0,none,0.0,0,applicable,773.0,0.0,,0.0,15313.0,5449050.0,140092.87919984653,15833.0,11079.5,7.908681771180371,93.45638341080374,10.0,80.17715271661338,80.17715271661338,80.17715271661338,80.17715271661338,57.050452781371284,57.050452781371284,57.050452781371284,57.050452781371284,79.17205692108668,0.0,14.0,147.0,14.0,441.0,332.0,237.88402777777907,337.85,342.2,353.3875000000001,441.0,332.0,353.3875000000001,2149.0,148.84166666666667,0.7972705895526566,0.0,,,11.0,18.181818181818183,9.090909090909092,395.0,61.518987341772146,30.886075949367086,367.0,100.0,86.64850136239782,COMPLETED,60,10,800.0,98.6,20.0,12,56b34dc070942690,T060_P10_H0800_I0986_F1,0.8030549256739733,True,0.5755863944177897,397,0.0,0.0,0.5776808413862212,400,0.5699481865284974,0.7578947368421053,0.025911015043440955,0.9228131426199337,0.6118371258971287
T060_P10_H0800_I0986_CN030_F1,India,unlimited_useful_deadline,unlimited,central_only,targeted_central,all_useful,deadline,-1.0,0.0,0.0,1.0,none,0.0,0,applicable,773.0,0.0,,0.0,22519.0,7969095.0,188477.74319976039,20439.0,14869.0,7.888995139463716,96.80879682561033,14.0,88.87588783767478,88.87588783767478,88.87588783767478,88.87588783767478,68.95213454075032,68.95213454075032,68.95213454075032,68.95213454075032,92.88486416558862,0.0,0.0,55.0,0.0,533.0,240.0,169.91805555555547,320.30069444444456,337.8,352.95347222222233,533.0,240.0,352.95347222222233,2523.0,205.76666666666668,0.7132917544143853,0.0,,,11.0,54.54545454545454,54.54545454545454,395.0,87.34177215189874,46.07594936708861,367.0,100.0,94.00544959128065,COMPLETED,60,10,800.0,98.6,30.0,18,334cad44a2186206,T060_P10_H0800_I0986_F1,0.8883312486971023,False,0.6576940566043177,296,0.0,0.0,0.6628516259414051,297,0.689119170984456,0.9172932330827068,0.0276146111303488,0.8879605567833071,0.7922705577262074
T060_P10_H0800_I0986_CN040_F1,India,unlimited_useful_deadline,unlimited,central_only,targeted_central,all_useful,deadline,-1.0,0.0,0.0,1.0,none,0.0,0,applicable,773.0,0.0,,0.0,31065.0,10783236.0,242509.2503996106,24572.0,18238.5,7.52074404169998,98.38802533103052,11.0,96.05526714194242,96.05526714194242,96.05526714194242,96.05526714194242,83.69987063389392,83.69987063389392,83.69987063389392,83.69987063389392,99.61190168175938,0.0,0.0,3.0,0.0,647.0,126.0,125.48472222222239,239.34555555557594,261.21215277777776,291.8833333333333,647.0,126.0,291.8833333333333,2889.5,255.81666666666666,0.6198351684148804,0.0,,,11.0,100.0,72.72727272727273,395.0,99.24050632911391,68.86075949367088,367.0,100.0,100.0,COMPLETED,60,10,800.0,98.6,40.0,24,b61601c68bb1d296,T060_P10_H0800_I0986_F1,0.9344946762837026,True,0.7662753129185866,116,1.05,4.18,0.7689332482230873,112,0.8367875647668394,0.9954887218045113,0.267320120696382,0.8551235629908507,0.8899462708568534
T060_P10_H0800_I0986_CN050_F1,India,unlimited_useful_deadline,unlimited,central_only,targeted_central,all_useful,deadline,-1.0,0.0,0.0,1.0,none,0.0,0,applicable,773.0,0.0,,0.0,36539.0,13103562.0,287059.5095995703,28199.0,21191.0,7.382093012546455,99.01137275258364,13.0,97.1852418100801,97.1852418100801,97.1852418100801,97.1852418100801,85.89909443725745,85.89909443725745,85.89909443725745,85.89909443725745,99.87063389391979,0.0,0.0,1.0,0.0,664.0,109.0,109.42812500000606,237.7693750000002,254.33229166666695,285.9180555555601,664.0,109.0,285.9180555555601,3024.5,302.775,0.5604854172974065,0.0,,,11.0,100.0,81.81818181818183,395.0,99.74683544303798,72.9113924050633,367.0,100.0,100.0,COMPLETED,60,10,800.0,98.6,50.0,30,a034d9a10c31b226,T060_P10_H0800_I0986_F1,0.9514258422579206,True,0.7762712996911427,101,0.08,2.32,0.7796194042292739,97,0.8588082901554405,0.9984962406015037,0.2907343453148268,0.8242877641565348,0.9257703809180634
T060_P10_H0800_I0986_CN060_F1,India,unlimited_useful_deadline,unlimited,central_only,targeted_central,all_useful,deadline,-1.0,0.0,0.0,1.0,none,0.0,0,applicable,773.0,0.0,,0.0,44668.0,15966699.0,342031.73999940994,31781.0,24070.5,7.037504764920801,99.37267609729753,11.0,99.98562598821331,99.98562598821331,99.98562598821331,99.98562598821331,99.87063389391979,99.87063389391979,99.87063389391979,99.87063389391979,100.0,0.0,0.0,0.0,0.0,772.0,1.0,95.12083333335273,195.071944444445,210.73149305555626,230.68958333334442,772.0,1.0,230.68958333334442,3238.0,347.2083333333333,0.473999359974399,0.0,,,11.0,100.0,100.0,395.0,100.0,99.74683544303798,367.0,100.0,100.0,COMPLETED,60,10,800.0,98.6,60.0,36,69baa36a3048ab7a,T060_P10_H0800_I0986_F1,0.9330784638265208,True,0.8429812504353738,14,5.39,11.74,0.8373935048959382,14,0.9987046632124352,1.0,0.5075108144279226,0.7938022944156103,0.8869497524237228
T060_P10_H0800_I0986_CN070_F1,India,unlimited_useful_deadline,unlimited,central_only,targeted_central,all_useful,deadline,-1.0,0.0,0.0,1.0,none,0.0,0,applicable,773.0,0.0,,0.0,50992.0,18541203.0,391462.2167993372,35529.0,27129.5,6.9302984645147845,99.69590298383679,10.0,99.92924066015917,99.92924066015917,99.92924066015917,99.92924066015917,99.22380336351875,99.22380336351875,99.22380336351875,99.22380336351875,100.0,0.0,0.0,0.0,0.0,767.0,6.0,85.06875000003735,190.89013888888948,204.93784722222404,234.0298611111426,767.0,6.0,234.0298611111426,3401.5,395.46666666666664,0.4156200831647563,0.0,,,11.0,100.0,100.0,395.0,100.0,98.48101265822785,367.0,100.0,100.0,COMPLETED,60,10,800.0,98.6,70.0,42,899c1763f4aadc8a,T060_P10_H0800_I0986_F1,0.9443370032353083,False,0.8360437625434648,16,0.0,4.63,0.8319709302899891,16,0.9922279792746114,1.0,0.49439993894299916,0.7624553990272368,0.9107713342050983
T060_P10_H0800_I0986_CN080_F1,India,unlimited_useful_deadline,unlimited,central_only,targeted_central,all_useful,deadline,-1.0,0.0,0.0,1.0,none,0.0,0,applicable,773.0,0.0,,0.0,56671.0,21037824.0,439397.33999921853,39012.0,29830.5,6.788957802988305,99.82400563181979,14.0,99.7002365178303,99.7002365178303,99.7002365178303,99.7002365178303,97.15394566623544,97.15394566623544,97.15394566623544,97.15394566623544,100.0,0.0,0.0,0.0,0.0,751.0,22.0,78.20416666666715,219.12083333333965,234.86840277777782,252.08541666666983,751.0,22.0,252.08541666666983,3584.0,437.44166666666666,0.3452901656728835,0.0,,,11.0,100.0,100.0,395.0,100.0,94.43037974683544,367.0,100.0,100.0,COMPLETED,60,10,800.0,98.6,80.0,48,2732ec4b990afc3b,T060_P10_H0800_I0986_F1,0.955300956749026,False,0.8142424688684459,26,0.0,0.0,0.812365819892596,26,0.9715025906735751,1.0,0.4235303417277404,0.7328265559050848,0.9339696111565801
T060_P10_H0800_I0986_CN090_F1,India,unlimited_useful_deadline,unlimited,central_only,targeted_central,all_useful,deadline,-1.0,0.0,0.0,1.0,none,0.0,0,applicable,773.0,0.0,,0.0,62909.0,23709081.0,490685.4743991081,42949.0,32991.0,6.723451522668503,99.90451941438575,13.0,100.0,100.0,100.0,100.0,100.0,100.0,100.0,100.0,100.0,0.0,0.0,0.0,0.0,773.0,0.0,68.12361111111109,151.393333333339,157.9263888888937,186.38750000000394,773.0,0.0,186.38750000000394,3696.5,488.2416666666667,0.27363299140339215,0.0,,,11.0,100.0,100.0,395.0,100.0,100.0,367.0,100.0,100.0,COMPLETED,60,10,800.0,98.6,90.0,54,9ea01dc8d762640b,T060_P10_H0800_I0986_F1,0.9820067318288533,True,0.8750498920461058,6,0.01,26.55,0.8745736671736841,6,1.0,1.0,0.6814002742108172,0.700992559106037,0.9904755025515667
T060_P10_H0800_I0986_CN100_F1,India,unlimited_useful_deadline,unlimited,central_only,targeted_central,all_useful,deadline,-1.0,0.0,0.0,1.0,none,0.0,0,applicable,773.0,0.0,,0.0,68934.0,26343099.0,541258.6199989951,46380.0,35700.0,6.595737911770584,100.0,13.0,100.0,100.0,100.0,100.0,100.0,100.0,100.0,100.0,100.0,0.0,0.0,0.0,0.0,773.0,0.0,66.41180555555427,144.35180555556596,159.53125000000819,171.4256944444467,773.0,0.0,171.4256944444467,3983.0,528.6166666666667,0.21802871225735942,0.0,,,11.0,100.0,100.0,395.0,100.0,100.0,367.0,100.0,100.0,COMPLETED,60,10,800.0,98.6,100.0,60,48731119e16388ed,T060_P10_H0800_I0986_F1,0.9843496957500838,False,0.8816053281490727,4,0.0,42.87,0.8813769733805511,4,1.0,1.0,0.740126638518714,0.6713253237544721,0.9954329046295698
T060_P10_H1000_I0600_CN010_F1,India,unlimited_useful_deadline,unlimited,central_only,targeted_central,all_useful,deadline,-1.0,0.0,0.0,1.0,none,0.0,0,applicable,773.0,0.0,,0.0,4244.0,1449591.0,94817.93279996599,9214.0,6277.5,6.620583063378335,49.66148944643568,5.0,68.24233251536822,68.24233251536822,68.24233251536822,68.24233251536822,3.4928848641655885,3.4928848641655885,3.4928848641655885,3.4928848641655885,98.83570504527813,2.0,7.0,0.0,9.0,27.0,746.0,268.65138888888856,324.06666666666666,324.175,324.3666666666667,27.0,746.0,324.3666666666667,4802.5,24.583333333333332,0.7911864406779661,0.0,,,11.0,18.181818181818183,0.0,395.0,100.0,2.278481012658228,367.0,100.0,4.904632152588556,COMPLETED,60,10,1000.0,60.0,10.0,6,292671332e185950,T060_P10_H1000_I0600_F1,0.7698731138545954,True,0.5074262434273394,469,0.28,0.47,0.5328237454259879,458,0.03367875647668394,0.9864661654135338,0.13982026379845325,0.9625247449916138,0.5416287964496549
T060_P10_H1000_I0600_CN020_F1,India,unlimited_useful_deadline,unlimited,central_only,targeted_central,all_useful,deadline,-1.0,0.0,0.0,1.0,none,0.0,0,applicable,773.0,0.0,,0.0,7443.0,2139837.0,108070.6559999281,13469.0,9317.0,8.621211663604779,71.38027261994205,6.0,77.96199190532472,77.96199190532472,77.96199190532472,77.96199190532472,29.23673997412678,29.23673997412678,29.23673997412678,29.23673997412678,99.09443725743856,2.0,3.0,2.0,5.0,226.0,547.0,280.7256944444447,345.8684027777778,354.9456597222213,359.07083333333526,226.0,547.0,359.07083333333526,5889.0,57.13333333333333,0.6948560871256322,0.0,,,11.0,36.36363636363637,0.0,395.0,100.0,15.949367088607595,367.0,100.0,44.4141689373297,COMPLETED,60,10,1000.0,60.0,20.0,12,de8ada6de8e64933,T060_P10_H1000_I0600_F1,0.6843022779416584,True,0.511818238702741,465,0.0,0.1,0.515274310555646,473,0.2914507772020726,0.9894736842105264,0.00360344644302657,0.9312714306624339,0.3605722142601703
T060_P10_H1000_I0600_CN030_F1,India,unlimited_useful_deadline,unlimited,central_only,targeted_central,all_useful,deadline,-1.0,0.0,0.0,1.0,none,0.0,0,applicable,773.0,0.0,,0.0,10557.0,2882556.0,122330.86079988827,17745.0,12444.0,10.172412683628698,80.74172291867566,9.0,85.1922155097939,85.1922155097939,85.1922155097939,85.1922155097939,57.95601552393273,57.95601552393273,57.95601552393273,57.95601552393273,99.09443725743856,2.0,3.0,2.0,5.0,448.0,325.0,250.9142361111156,331.0836805555653,346.1850000000006,359.95069444444806,448.0,325.0,359.95069444444806,6782.0,94.36666666666666,0.6174408336276935,0.0,,,11.0,36.36363636363637,0.0,395.0,100.0,33.92405063291139,367.0,100.0,85.55858310626702,COMPLETED,60,10,1000.0,60.0,30.0,18,73fba4ca667cf02c,T060_P10_H1000_I0600_F1,0.7911055307539683,True,0.6105813141790745,358,0.0,0.1,0.6109582262338914,361,0.5790155440414508,0.9894736842105264,0.00014991645564010891,0.8995982013240521,0.586553785137787
T060_P10_H1000_I0600_CN040_F1,India,unlimited_useful_deadline,unlimited,central_only,targeted_central,all_useful,deadline,-1.0,0.0,0.0,1.0,none,0.0,0,applicable,773.0,0.0,,0.0,13332.0,3629862.0,136679.13599984354,21757.0,15666.0,11.461881058435965,88.12077109664241,11.0,87.62178482995604,87.62178482995604,87.62178482995604,87.62178482995604,62.225097024579554,62.225097024579554,62.225097024579554,62.225097024579554,99.09443725743856,2.0,2.0,3.0,4.0,481.0,292.0,256.786805555579,308.91875000000095,344.9180555555562,355.0541666666657,481.0,292.0,355.0541666666657,7559.5,135.10833333333332,0.5743549415078435,0.0,,,11.0,36.36363636363637,9.090909090909092,395.0,100.0,33.164556962025316,367.0,100.0,95.09536784741145,COMPLETED,60,10,1000.0,60.0,40.0,24,82b2804d29d481ba,T060_P10_H1000_I0600_F1,0.8237160237160238,True,0.6290357973219568,336,0.0,0.0,0.6307253783890213,339,0.6217616580310881,0.9894736842105264,0.019369206069718592,0.8674690642613935,0.6555532793723802
T060_P10_H1000_I0600_CN050_F1,India,unlimited_useful_deadline,unlimited,central_only,targeted_central,all_useful,deadline,-1.0,0.0,0.0,1.0,none,0.0,0,applicable,773.0,0.0,,0.0,16606.0,4386789.0,151212.1343997919,25384.0,18505.5,12.238105145102342,92.09424225230337,9.0,91.45774962895587,91.45774962895587,91.45774962895587,91.45774962895587,75.42043984476066,75.42043984476066,75.42043984476066,75.42043984476066,98.83570504527813,2.0,3.0,4.0,5.0,583.0,190.0,195.31805555555718,277.3781944444445,298.0394444444479,325.6541666666846,583.0,190.0,325.6541666666846,8437.0,167.80833333333334,0.5140297296849912,0.0,,,11.0,18.181818181818183,0.0,395.0,100.0,54.68354430379747,367.0,100.0,100.0,COMPLETED,60,10,1000.0,60.0,50.0,30,4168b39e7db7083d,T060_P10_H1000_I0600_F1,0.8884322787624676,False,0.6990258386794128,223,0.0,0.0,0.7009557543610414,222,0.7538860103626942,0.9864661654135338,0.1347667163661792,0.837175555667533,0.7924843239952668
T060_P10_H1000_I0600_CN060_F1,India,unlimited_useful_deadline,unlimited,central_only,targeted_central,all_useful,deadline,-1.0,0.0,0.0,1.0,none,0.0,0,applicable,773.0,0.0,,0.0,19392.0,5380200.0,170285.62559974001,29543.0,21945.5,12.887464765571796,94.4225467635734,10.0,93.28994503119017,93.28994503119017,93.28994503119017,93.28994503119017,76.71410090556274,76.71410090556274,76.71410090556274,76.71410090556274,99.09443725743856,2.0,3.0,2.0,5.0,593.0,180.0,158.52222222223355,283.0584722222329,303.5256944444447,319.0854166666833,593.0,180.0,319.0854166666833,9124.5,213.68333333333334,0.4599004237838962,0.0,,,11.0,36.36363636363637,18.181818181818183,395.0,100.0,56.708860759493675,367.0,100.0,100.0,COMPLETED,60,10,1000.0,60.0,60.0,36,c19b7ee27d7df16d,T060_P10_H1000_I0600_F1,0.938090999937543,False,0.7171478941472579,192,0.0,0.0,0.7236837060613791,182,0.766839378238342,0.9894736842105264,0.1605496209838838,0.8040002303533765,0.8975556165207665
T060_P10_H1000_I0600_CN070_F1,India,unlimited_useful_deadline,unlimited,central_only,targeted_central,all_useful,deadline,-1.0,0.0,0.0,1.0,none,0.0,0,applicable,773.0,0.0,,0.0,22421.0,6357039.0,189040.93439968143,33642.0,25289.5,13.377790413652662,96.96514363668716,12.0,94.92320836678813,94.92320836678813,94.92320836678813,94.92320836678813,80.33635187580855,80.33635187580855,80.33635187580855,80.33635187580855,99.09443725743856,2.0,1.0,4.0,3.0,621.0,152.0,152.786111111126,260.9180555555596,279.8187500000166,311.65416666666863,621.0,152.0,311.65416666666863,9662.0,260.4583333333333,0.3954988535167707,0.0,,,11.0,36.36363636363637,18.181818181818183,395.0,100.0,63.79746835443038,367.0,100.0,100.0,COMPLETED,60,10,1000.0,60.0,70.0,42,901c2d8dd1ac526e,T060_P10_H1000_I0600_F1,0.9433656885548994,False,0.7271800677245793,175,0.0,0.0,0.7324604353442022,165,0.8031088082901555,0.9894736842105264,0.1897179117455442,0.7712856117921731,0.9087161606826117
T060_P10_H1000_I0600_CN080_F1,India,unlimited_useful_deadline,unlimited,central_only,targeted_central,all_useful,deadline,-1.0,0.0,0.0,1.0,none,0.0,0,applicable,773.0,0.0,,0.0,25452.0,7330224.0,207726.08639961784,37679.0,28511.0,13.725286262386568,97.86047490442286,12.0,95.88917711485806,95.88917711485806,95.88917711485806,95.88917711485806,80.07761966364812,80.07761966364812,80.07761966364812,80.07761966364812,98.83570504527813,2.0,4.0,3.0,6.0,619.0,154.0,124.20277777777908,266.81902777777884,276.7124305555667,325.81875000000554,619.0,154.0,325.81875000000554,10054.0,307.6166666666667,0.34158133318885353,0.0,,,11.0,18.181818181818183,36.36363636363637,395.0,100.0,62.78481012658228,367.0,100.0,100.0,COMPLETED,60,10,1000.0,60.0,80.0,48,c3831e1929097175,T060_P10_H1000_I0600_F1,0.9603257942918687,False,0.7137689096749409,204,0.0,0.0,0.720973078112087,186,0.8005181347150259,0.9864661654135338,0.13412071273007242,0.7391588742438531,0.9446015034579495
T060_P10_H1000_I0600_CN090_F1,India,unlimited_useful_deadline,unlimited,central_only,targeted_central,all_useful,deadline,-1.0,0.0,0.0,1.0,none,0.0,0,applicable,773.0,0.0,,0.0,28483.0,8449869.0,229223.27039955228,42319.0,32387.0,14.129019249898661,98.93321394386636,15.0,97.8787083359068,97.8787083359068,97.8787083359068,97.8787083359068,87.1927554980595,87.1927554980595,87.1927554980595,87.1927554980595,99.09443725743856,2.0,1.0,4.0,3.0,674.0,99.0,112.21180555557464,232.38923611111122,247.1407986111447,270.68680555555596,674.0,99.0,270.68680555555596,10780.0,360.1166666666667,0.26696286697212335,0.0,,,11.0,36.36363636363637,63.63636363636363,395.0,100.0,75.9493670886076,367.0,100.0,100.0,COMPLETED,60,10,1000.0,60.0,90.0,54,764857d1e9999752,T060_P10_H1000_I0600_F1,0.9443366029233983,False,0.763332619329613,119,0.0,0.0,0.7652830607879582,117,0.871761658031088,0.9894736842105264,0.35051830207348567,0.7038911724267009,0.9107704871979904
T060_P10_H1000_I0600_CN100_F1,India,unlimited_useful_deadline,unlimited,central_only,targeted_central,all_useful,deadline,-1.0,0.0,0.0,1.0,none,0.0,0,applicable,773.0,0.0,,0.0,31515.0,9579234.0,250907.07839948335,46239.0,35541.5,14.16520419699454,100.0,15.0,99.77971300928499,99.77971300928499,99.77971300928499,99.77971300928499,97.93014230271669,97.93014230271669,97.93014230271669,97.93014230271669,99.09443725743856,2.0,0.0,5.0,2.0,757.0,16.0,109.10347222224809,217.66250000001062,222.5769444444456,236.95347222222352,757.0,16.0,236.95347222222352,10939.0,410.0416666666667,0.18820411204823362,0.0,,,11.0,36.36363636363637,81.81818181818183,395.0,100.0,96.45569620253166,367.0,100.0,100.0,COMPLETED,60,10,1000.0,60.0,100.0,60,aa3dc1a67711bf92,T060_P10_H1000_I0600_F1,0.9367526542394442,False,0.8079240648713106,32,0.0,0.0,0.8036965269944225,38,0.9792746113989638,0.9894736842105264,0.4829245157017057,0.6720859697997126,0.8947238538612046
T060_P10_H1000_I0800_CN010_F1,India,unlimited_useful_deadline,unlimited,central_only,targeted_central,all_useful,deadline,-1.0,0.0,0.0,1.0,none,0.0,0,applicable,773.0,0.0,,0.0,7125.0,1832451.0,82429.48559994588,9505.0,6035.0,7.321409270087647,78.25186412593206,11.0,61.16429361822947,61.16429361822947,61.16429361822947,61.16429361822947,19.79301423027167,19.79301423027167,19.79301423027167,19.79301423027167,63.26002587322122,0.0,100.0,184.0,100.0,153.0,620.0,252.71666666666667,330.6166666666667,342.4536111111111,359.21805555555574,153.0,620.0,359.21805555555574,2406.0,60.483333333333334,0.8729539818131717,0.0,,,11.0,27.27272727272727,9.090909090909092,395.0,38.48101265822785,12.151898734177214,367.0,91.00817438692098,28.337874659400548,COMPLETED,60,10,1000.0,80.0,10.0,6,3a0e98770c7698b9,T060_P10_H1000_I0800_F1,0.6641460905349794,False,0.4048407410582985,532,0.0,0.0,0.4108924007215447,539,0.19689119170984457,0.5729323308270676,0.0030255866503542395,0.9636885094456882,0.3179243849747689
T060_P10_H1000_I0800_CN020_F1,India,unlimited_useful_deadline,unlimited,central_only,targeted_central,all_useful,deadline,-1.0,0.0,0.0,1.0,none,0.0,0,applicable,773.0,0.0,,0.0,13268.0,3142209.0,107576.83919988248,14274.0,9671.5,8.990318057244579,89.86713539781833,9.0,74.31468605978677,74.31468605978677,74.31468605978677,74.31468605978677,53.557567917205695,53.557567917205695,53.557567917205695,53.557567917205695,79.04269081500647,0.0,65.0,97.0,65.0,414.0,359.0,235.425,340.60833333333335,343.80329861111113,359.42291666666847,414.0,359.0,359.42291666666847,2886.5,113.08333333333333,0.7673397199705232,0.0,,,11.0,54.54545454545454,18.181818181818183,395.0,60.25316455696203,25.569620253164555,367.0,100.0,84.74114441416893,COMPLETED,60,10,1000.0,80.0,20.0,12,ad27a486362e2831,T060_P10_H1000_I0800_F1,0.7742608248344963,True,0.5540169436328142,422,0.0,0.0,0.5548138696260179,433,0.5349740932642488,0.756390977443609,0.0022214892973273503,0.9295701749965807,0.5509126131283234
T060_P10_H1000_I0800_CN030_F1,India,unlimited_useful_deadline,unlimited,central_only,targeted_central,all_useful,deadline,-1.0,0.0,0.0,1.0,none,0.0,0,applicable,773.0,0.0,,0.0,20105.0,4516254.0,133958.5031997978,18561.0,13122.0,9.795570782415108,95.29797286998934,9.0,83.65874135925881,83.65874135925881,83.65874135925881,83.65874135925881,76.32600258732212,76.32600258732212,76.32600258732212,76.32600258732212,83.3117723156533,0.0,28.0,101.0,28.0,590.0,183.0,159.40312500000437,284.4875694444445,297.93465277777995,324.1208333333465,590.0,183.0,324.1208333333465,3404.5,161.95833333333334,0.666310779521482,0.0,,,11.0,81.81818181818183,63.63636363636363,395.0,67.84810126582278,54.68354430379747,367.0,100.0,100.0,COMPLETED,60,10,1000.0,80.0,30.0,18,78370e949fc963ea,T060_P10_H1000_I0800_F1,0.8820778405524168,True,0.6762231534430091,269,0.0,0.19,0.6770274436674371,273,0.7629533678756477,0.806015037593985,0.14078518062202616,0.89634445988132,0.7790391723642061
T060_P10_H1000_I0800_CN040_F1,India,unlimited_useful_deadline,unlimited,central_only,targeted_central,all_useful,deadline,-1.0,0.0,0.0,1.0,none,0.0,0,applicable,773.0,0.0,,0.0,24916.0,5726352.0,157192.3847997209,22745.0,16500.5,10.497009776283576,96.8031271779643,9.0,86.64413960338928,86.64413960338928,86.64413960338928,86.64413960338928,79.81888745148771,79.81888745148771,79.81888745148771,79.81888745148771,86.41655886157827,0.0,19.0,86.0,19.0,617.0,156.0,139.65208333333504,259.3333333333333,271.51666666666665,295.3020833333336,617.0,156.0,295.3020833333336,4000.5,208.33333333333334,0.5711200000000001,0.0,,,11.0,81.81818181818183,54.54545454545454,395.0,73.9240506329114,61.77215189873417,367.0,100.0,100.0,COMPLETED,60,10,1000.0,80.0,40.0,24,30cf26cf3c068b63,T060_P10_H1000_I0800_F1,0.9230310943033794,True,0.7212296468035162,183,0.0,0.0,0.7246178160508558,180,0.7979274611398963,0.8421052631578947,0.2539012350390245,0.8634642748307743,0.8656908460866893
T060_P10_H1000_I0800_CN050_F1,India,unlimited_useful_deadline,unlimited,central_only,targeted_central,all_useful,deadline,-1.0,0.0,0.0,1.0,none,0.0,0,applicable,773.0,0.0,,0.0,30806.0,7077132.0,183127.36079962173,26334.0,19391.5,10.589078505433283,98.39104762395895,8.0,89.84214254912831,89.84214254912831,89.84214254912831,89.84214254912831,82.66494178525227,82.66494178525227,82.66494178525227,82.66494178525227,89.13324708926261,0.0,23.0,61.0,23.0,639.0,134.0,123.21805555555572,241.38555555556633,257.9215972222276,275.3847222222225,639.0,134.0,275.3847222222225,4291.0,251.675,0.4793820292926283,0.0,,,11.0,81.81818181818183,45.45454545454545,395.0,79.24050632911393,67.59493670886076,367.0,100.0,100.0,COMPLETED,60,10,1000.0,80.0,50.0,30,df67d3321815a937,T060_P10_H1000_I0800_F1,0.9468360574972468,True,0.7517523490025547,132,0.0,0.0,0.7562340556202181,129,0.8264248704663213,0.8736842105263157,0.3320785780287948,0.8329236162600689,0.9160590028195897
T060_P10_H1000_I0800_CN060_F1,India,unlimited_useful_deadline,unlimited,central_only,targeted_central,all_useful,deadline,-1.0,0.0,0.0,1.0,none,0.0,0,applicable,773.0,0.0,,0.0,35864.0,8458011.0,209640.23759952653,30687.0,23033.5,10.987156026793217,99.27496906679401,10.0,95.5120088334836,95.5120088334836,95.5120088334836,95.5120088334836,89.78007761966364,89.78007761966364,89.78007761966364,89.78007761966364,95.34282018111256,0.0,2.0,34.0,2.0,694.0,79.0,104.78854166669528,239.7878472222232,250.28934027777797,259.6541666666846,694.0,79.0,259.6541666666846,4427.0,310.10833333333335,0.42874219582762296,0.0,,,11.0,100.0,81.81818181818183,395.0,90.88607594936708,80.50632911392405,367.0,100.0,100.0,COMPLETED,60,10,1000.0,80.0,60.0,36,04dd76d2a30c66ad,T060_P10_H1000_I0800_F1,0.9351851851851851,True,0.7858213730203831,83,0.0,0.0,0.7855083181539848,84,0.8976683937823834,0.9458646616541354,0.393822351725747,0.7987788871532402,0.8914072964544184
T060_P10_H1000_I0800_CN070_F1,India,unlimited_useful_deadline,unlimited,central_only,targeted_central,all_useful,deadline,-1.0,0.0,0.0,1.0,none,0.0,0,applicable,773.0,0.0,,0.0,40804.0,9810849.0,235614.72719941626,35007.0,26639.0,11.306169319990621,99.55140958744698,12.0,97.93383381028917,97.93383381028917,97.93383381028917,97.93383381028917,92.496765847348,92.496765847348,92.496765847348,92.496765847348,97.28331177231566,0.0,0.0,21.0,0.0,715.0,58.0,100.65416666666643,226.65416666666803,240.12500000000006,258.21736111111113,715.0,58.0,258.21736111111113,4560.0,367.98333333333335,0.3647583676796957,0.0,,,11.0,100.0,90.9090909090909,395.0,94.68354430379748,85.56962025316456,367.0,100.0,100.0,COMPLETED,60,10,1000.0,80.0,70.0,42,99088d74291f9c6a,T060_P10_H1000_I0800_F1,0.9354292929292929,True,0.791544648295626,70,0.0,0.0,0.7898973147888954,72,0.9248704663212436,0.968421052631579,0.3994619362119173,0.7648093225931071,0.8919237961866298
T060_P10_H1000_I0800_CN080_F1,India,unlimited_useful_deadline,unlimited,central_only,targeted_central,all_useful,deadline,-1.0,0.0,0.0,1.0,none,0.0,0,applicable,773.0,0.0,,0.0,45912.0,11278758.0,263798.5799992989,39018.0,29852.0,11.316209511089612,99.78058421546295,12.0,99.333013184889,99.333013184889,99.333013184889,99.333013184889,96.89521345407503,96.89521345407503,96.89521345407503,96.89521345407503,98.83570504527813,0.0,0.0,9.0,0.0,749.0,24.0,95.20416666667006,215.44930555556172,229.28027777777965,249.3875000000332,749.0,24.0,249.3875000000332,4822.5,417.15833333333336,0.3068495841573611,0.0,,,11.0,100.0,54.54545454545454,395.0,97.72151898734177,95.18987341772151,367.0,100.0,100.0,COMPLETED,60,10,1000.0,80.0,80.0,48,5209f2be76c5dd3b,T060_P10_H1000_I0800_F1,0.9343334322306284,False,0.806330631677689,37,0.0,0.0,0.8023652908100651,41,0.9689119170984456,0.9864661654135338,0.43411989500384207,0.732723376788538,0.8896050997459657
T060_P10_H1000_I0800_CN090_F1,India,unlimited_useful_deadline,unlimited,central_only,targeted_central,all_useful,deadline,-1.0,0.0,0.0,1.0,none,0.0,0,applicable,773.0,0.0,,0.0,50968.0,12767550.0,292383.38639916724,42892.0,32954.5,11.270989232955221,99.87255154834696,12.0,99.76410286565526,99.76410286565526,99.76410286565526,99.76410286565526,98.44760672703752,98.44760672703752,98.44760672703752,98.44760672703752,100.0,0.0,0.0,0.0,0.0,761.0,12.0,92.51944444444453,196.78611111111144,206.3875000000074,223.4256944444447,761.0,12.0,223.4256944444447,5113.5,464.01666666666665,0.23100583072926018,0.0,,,11.0,100.0,63.63636363636363,395.0,100.0,97.9746835443038,367.0,100.0,100.0,COMPLETED,60,10,1000.0,80.0,90.0,54,ffeb73712fcb7810,T060_P10_H1000_I0800_F1,0.9481554484839636,False,0.8313795730477008,18,0.0,0.0,0.8280993081109587,18,0.9844559585492229,1.0,0.5360221985384563,0.7011677236527327,0.9188506598143819
T060_P10_H1000_I0800_CN100_F1,India,unlimited_useful_deadline,unlimited,central_only,targeted_central,all_useful,deadline,-1.0,0.0,0.0,1.0,none,0.0,0,applicable,773.0,0.0,,0.0,55778.0,14253567.0,320914.91279902676,46379.0,35698.5,11.123976660553701,100.0,13.0,100.0,100.0,100.0,100.0,100.0,100.0,100.0,100.0,100.0,0.0,0.0,0.0,0.0,773.0,0.0,78.2423611111124,172.66513888890907,179.04166666668252,202.5576388888891,773.0,0.0,202.5576388888891,4949.0,512.4916666666667,0.14372510122115822,0.0,,,11.0,100.0,100.0,395.0,100.0,100.0,367.0,100.0,100.0,COMPLETED,60,10,1000.0,80.0,100.0,60,a3aadf0b1b52fff6,T060_P10_H1000_I0800_F1,0.974453188634948,False,0.8540267046210255,12,0.0,0.0,0.8527513647817356,12,1.0,1.0,0.6179310983969899,0.671332522297487,0.9744932032142012
T060_P10_H1000_I0986_CN010_F1,India,unlimited_useful_deadline,unlimited,central_only,targeted_central,all_useful,deadline,-1.0,0.0,0.0,1.0,none,0.0,0,applicable,773.0,0.0,,0.0,8144.0,3035976.0,104909.10719992287,10469.0,6815.0,6.496099511182391,78.12179016874542,8.0,67.08000557564397,67.08000557564397,67.08000557564397,67.08000557564397,8.020698576972833,8.020698576972833,8.020698576972833,8.020698576972833,72.96248382923673,0.0,54.0,155.0,54.0,62.0,711.0,156.1034722222554,328.46319444444816,345.1484722222221,350.3833333333333,62.0,711.0,350.3833333333333,2350.0,74.41666666666667,0.8865696155281821,0.0,,,11.0,9.090909090909092,0.0,395.0,49.62025316455696,11.139240506329113,367.0,100.0,4.904632152588556,COMPLETED,60,10,1000.0,98.6,10.0,6,c923eadbdfb0f307,T060_P10_H1000_I0986_F1,0.6904719235364397,False,0.41247027708266193,529,0.0,0.0,0.4272008183373016,530,0.07901554404145078,0.6857142857142856,0.037702625718583294,0.9599452670779435,0.3736263691342449
T060_P10_H1000_I0986_CN020_F1,India,unlimited_useful_deadline,unlimited,central_only,targeted_central,all_useful,deadline,-1.0,0.0,0.0,1.0,none,0.0,0,applicable,773.0,0.0,,0.0,14630.0,5423751.0,150754.3871998618,15602.0,10906.5,7.234615325350875,91.16581854857195,9.0,81.22009315805651,81.22009315805651,81.22009315805651,81.22009315805651,59.120310478654595,59.120310478654595,59.120310478654595,59.120310478654595,87.83958602846054,0.0,17.0,77.0,17.0,457.0,316.0,243.71666666666667,328.09166666666687,349.4,359.95416666666716,457.0,316.0,359.95416666666716,2485.5,140.35,0.7915251553655545,0.0,,,11.0,27.27272727272727,9.090909090909092,395.0,78.22784810126582,33.41772151898734,367.0,100.0,88.28337874659401,COMPLETED,60,10,1000.0,98.6,20.0,12,17e889174ea959c5,T060_P10_H1000_I0986_F1,0.8057176432449955,True,0.5967743122115271,375,0.0,0.01,0.5981141876774787,379,0.5906735751295338,0.8586466165413534,0.00013628768695717053,0.9236433745809848,0.617471084448564
T060_P10_H1000_I0986_CN030_F1,India,unlimited_useful_deadline,unlimited,central_only,targeted_central,all_useful,deadline,-1.0,0.0,0.0,1.0,none,0.0,0,applicable,773.0,0.0,,0.0,21449.0,7855254.0,197439.2447997802,20283.0,14797.5,7.4947105956598925,95.58371346511235,11.0,91.41310753252488,91.41310753252488,91.41310753252488,91.41310753252488,72.96248382923673,72.96248382923673,72.96248382923673,72.96248382923673,98.44760672703752,0.0,0.0,12.0,0.0,564.0,209.0,173.26944444444672,297.5336111111144,327.70295138888906,349.3833333333333,564.0,209.0,349.3833333333333,2797.0,200.00833333333333,0.7016089607377471,0.0,,,11.0,90.9090909090909,63.63636363636363,395.0,97.21518987341771,49.87341772151899,367.0,100.0,98.09264305177112,COMPLETED,60,10,1000.0,98.6,30.0,18,1ac133a9a5916c9b,T060_P10_H1000_I0986_F1,0.9154165024954034,True,0.6921328163729098,232,0.18,1.31,0.6981480546003813,227,0.7292746113989637,0.9819548872180452,0.041627711102819154,0.8883036873336837,0.8495793759483949
T060_P10_H1000_I0986_CN040_F1,India,unlimited_useful_deadline,unlimited,central_only,targeted_central,all_useful,deadline,-1.0,0.0,0.0,1.0,none,0.0,0,applicable,773.0,0.0,,0.0,29396.0,10527324.0,248742.98879963893,24472.0,18225.5,7.32704068884552,97.52544511810376,11.0,96.07212393758319,96.07212393758319,96.07212393758319,96.07212393758319,81.37128072445019,81.37128072445019,81.37128072445019,81.37128072445019,98.31824062095731,0.0,0.0,13.0,0.0,629.0,144.0,125.6513888888933,248.413888888889,265.51666666666665,284.22013888888927,629.0,144.0,284.22013888888927,3229.0,249.94166666666666,0.5973032596494738,0.0,,,11.0,90.9090909090909,72.72727272727273,395.0,96.9620253164557,64.30379746835443,367.0,100.0,100.0,COMPLETED,60,10,1000.0,98.6,40.0,24,6fb21c0040028347,T060_P10_H1000_I0986_F1,0.9454888712241654,True,0.7669563341263953,115,0.63,3.56,0.7719431857304357,106,0.8134715025906735,0.9804511278195489,0.29739881320682693,0.8551859503636464,0.9132085346714828
T060_P10_H1000_I0986_CN050_F1,India,unlimited_useful_deadline,unlimited,central_only,targeted_central,all_useful,deadline,-1.0,0.0,0.0,1.0,none,0.0,0,applicable,773.0,0.0,,0.0,34544.0,12812865.0,292625.37599959556,28112.0,21144.5,7.225791655208065,98.34235853295183,13.0,97.33743832708905,97.33743832708905,97.33743832708905,97.33743832708905,85.25226390685641,85.25226390685641,85.25226390685641,85.25226390685641,99.09443725743856,0.0,0.0,7.0,0.0,659.0,114.0,117.50625000000534,241.81902777777805,257.3971527777779,274.08541666666673,659.0,114.0,274.08541666666673,3399.0,295.7583333333333,0.5411846195749157,0.0,,,11.0,100.0,81.81818181818183,395.0,98.22784810126582,71.64556962025317,367.0,100.0,100.0,COMPLETED,60,10,1000.0,98.6,50.0,30,67a94f7da2f15648,T060_P10_H1000_I0986_F1,0.9556904400606979,True,0.7835345708065813,92,0.16,2.43,0.7876576758147539,76,0.8523316062176167,0.9894736842105264,0.33717846327456313,0.8245109189899965,0.9347937063810664
T060_P10_H1000_I0986_CN060_F1,India,unlimited_useful_deadline,unlimited,central_only,targeted_central,all_useful,deadline,-1.0,0.0,0.0,1.0,none,0.0,0,applicable,773.0,0.0,,0.0,42139.0,15506949.0,344351.7887994319,31562.0,23868.0,6.931283872000429,99.03636668342551,12.0,99.37940204110967,99.37940204110967,99.37940204110967,99.37940204110967,94.30789133247089,94.30789133247089,94.30789133247089,94.30789133247089,100.0,0.0,0.0,0.0,0.0,729.0,44.0,90.20069444445252,223.87291666666704,241.90069444444492,264.8833333333333,729.0,44.0,264.8833333333333,3472.5,339.925,0.4465131197241221,0.0,,,11.0,100.0,100.0,395.0,100.0,88.86075949367088,367.0,100.0,100.0,COMPLETED,60,10,1000.0,98.6,60.0,36,ebbd040172983006,T060_P10_H1000_I0986_F1,0.9500247675659198,True,0.8077864838948439,33,0.01,3.22,0.8067765194272803,31,0.9430051813471502,1.0,0.37329742607075067,0.7947740977226209,0.9228058919958804
T060_P10_H1000_I0986_CN070_F1,India,unlimited_useful_deadline,unlimited,central_only,targeted_central,all_useful,deadline,-1.0,0.0,0.0,1.0,none,0.0,0,applicable,773.0,0.0,,0.0,48125.0,18008556.0,392382.64319934644,35414.0,27061.5,6.896711786064311,99.69513885039632,12.0,100.0,100.0,100.0,100.0,100.0,100.0,100.0,100.0,100.0,0.0,0.0,0.0,0.0,773.0,0.0,84.08611111111144,196.75013888889288,203.138194444445,213.08541666666673,773.0,0.0,213.08541666666673,3591.0,391.175,0.3882458831298865,0.0,,,11.0,100.0,100.0,395.0,100.0,100.0,367.0,100.0,100.0,COMPLETED,60,10,1000.0,98.6,70.0,42,7b30ecd6147aa070,T060_P10_H1000_I0986_F1,0.9620064922619904,True,0.8601017266814787,8,4.0,17.36,0.8575096085959585,9,1.0,1.0,0.5766086717129516,0.7627817329772454,0.9481576382895953
T060_P10_H1000_I0986_CN080_F1,India,unlimited_useful_deadline,unlimited,central_only,targeted_central,all_useful,deadline,-1.0,0.0,0.0,1.0,none,0.0,0,applicable,773.0,0.0,,0.0,53275.0,20404995.0,438394.271999224,39072.0,29887.5,6.817493272369422,99.69552488498536,19.0,99.86543964875142,99.86543964875142,99.86543964875142,99.86543964875142,98.70633893919793,98.70633893919793,98.70633893919793,98.70633893919793,100.0,0.0,0.0,0.0,0.0,763.0,10.0,79.48472222222239,212.73194444444607,225.17673611111508,242.81875000000005,763.0,10.0,242.81875000000005,3992.0,431.59166666666664,0.31823836831367114,0.0,,,11.0,100.0,100.0,395.0,100.0,97.46835443037975,367.0,100.0,100.0,COMPLETED,60,10,1000.0,98.6,80.0,48,d6e3ca0bcab173b4,T060_P10_H1000_I0986_F1,0.9539621863016358,False,0.8249233626770722,20,0.0,0.02,0.8221278785600366,20,0.9870466321243524,1.0,0.4599027996216717,0.732553011270519,0.9311369497836399
T060_P10_H1000_I0986_CN090_F1,India,unlimited_useful_deadline,unlimited,central_only,targeted_central,all_useful,deadline,-1.0,0.0,0.0,1.0,none,0.0,0,applicable,773.0,0.0,,0.0,59167.0,22965273.0,487551.60959909816,42926.0,32947.0,6.757643570716856,99.82547728169484,14.0,100.0,100.0,100.0,100.0,100.0,100.0,100.0,100.0,100.0,0.0,0.0,0.0,0.0,773.0,0.0,69.39027777777859,129.68458333333328,148.0606944444449,167.65416666667005,773.0,0.0,167.65416666667005,3854.0,484.8833333333333,0.22956896848039055,0.0,,,11.0,100.0,100.0,395.0,100.0,100.0,367.0,100.0,100.0,COMPLETED,60,10,1000.0,98.6,90.0,54,16c57290fcfb5c0b,T060_P10_H1000_I0986_F1,0.9819564227876,True,0.8897821429788149,2,6.42,62.91,0.8893005957421991,2,1.0,1.0,0.7549302070755046,0.7012037163678072,0.9903690552676833
T060_P10_H1000_I0986_CN100_F1,India,unlimited_useful_deadline,unlimited,central_only,targeted_central,all_useful,deadline,-1.0,0.0,0.0,1.0,none,0.0,0,applicable,773.0,0.0,,0.0,64775.0,25490568.0,536037.2735989697,46380.0,35700.0,6.659984623888032,100.0,20.0,100.0,100.0,100.0,100.0,100.0,100.0,100.0,100.0,100.0,0.0,0.0,0.0,0.0,773.0,0.0,63.82500000000097,117.77472222222278,127.96930555557168,146.6513888888893,773.0,0.0,146.6513888888893,4031.5,527.8083333333333,0.1581532121824527,0.0,,,11.0,100.0,100.0,395.0,100.0,100.0,367.0,100.0,100.0,COMPLETED,60,10,1000.0,98.6,100.0,60,1d94f5b7d8ff37c9,T060_P10_H1000_I0986_F1,0.9846503521632887,True,0.9011490034638392,1,49.52,69.2,0.9009524561575258,1,1.0,1.0,0.8373679031594259,0.6713253237544721,0.9960690538737307
T120_P03_H0500_I0600_CN000_F1,India,unlimited_useful_deadline,unlimited,central_only,targeted_central,all_useful,deadline,-1.0,0.0,0.0,1.0,none,0.0,0,applicable,773.0,0.0,,0.0,2345.0,851145.0,85114.5,11445.0,6760.5,7.9428299525932715,0.0,1.0,37.76394306597739,37.76394306597739,37.76394306597739,37.76394306597739,13.971539456662354,13.971539456662354,13.971539456662354,13.971539456662354,57.4385510996119,11.0,313.0,5.0,324.0,108.0,665.0,97.06666666666666,146.875,149.45499999999998,197.43333333333334,108.0,665.0,197.43333333333334,6760.5,0.0,0.0,0.0,,,11.0,0.0,0.0,395.0,20.759493670886076,20.759493670886076,367.0,98.63760217983652,7.084468664850137,COMPLETED,120,3,500.0,60.0,0.0,0,c9da34639bd23ec1,T120_P03_H0500_I0600_F1,0.8424447016460905,False,0.49629691027226147,481,0.0,0.0,0.5241258928200013,469,0.13860103626943004,0.5052631578947369,0.6380444352374605,0.6435401474741512,0.6951806872242281
T120_P03_H0500_I0600_CN010_F1,India,unlimited_useful_deadline,unlimited,central_only,targeted_central,all_useful,deadline,-1.0,0.0,0.0,1.0,none,0.0,0,applicable,773.0,0.0,,0.0,16557.0,3637425.0,138611.0759998352,23090.0,14864.5,10.723890491996235,60.799219617208784,7.0,59.887519324543064,59.887519324543064,59.887519324543064,59.887519324543064,17.59379042690815,17.59379042690815,17.59379042690815,17.59379042690815,78.52522639068565,11.0,123.0,32.0,134.0,136.0,637.0,96.18333333333334,183.72569444445736,230.99652777778255,273.2173611111221,136.0,637.0,273.2173611111221,7844.5,58.5,0.8350213675213676,0.0,,,11.0,0.0,0.0,395.0,61.26582278481013,20.759493670886076,367.0,99.45504087193461,14.713896457765669,COMPLETED,120,3,500.0,60.0,10.0,12,6c71a5a6f3b8901a,T120_P03_H0500_I0600_F1,0.9034994553376906,True,0.49982770460602577,476,0.0,0.0,0.5323024052289589,459,0.1748704663212435,0.7503759398496241,0.3405856554483361,0.5713154857456851,0.8243644787799055
T120_P03_H0500_I0600_CN020_F1,India,unlimited_useful_deadline,unlimited,central_only,targeted_central,all_useful,deadline,-1.0,0.0,0.0,1.0,none,0.0,0,applicable,773.0,0.0,,0.0,32523.0,6761109.0,198585.80879964912,33956.0,22831.5,11.497045100052658,79.1538006701268,11.0,77.7095495990502,77.7095495990502,77.7095495990502,77.7095495990502,62.74256144890039,62.74256144890039,62.74256144890039,62.74256144890039,81.5006468305304,11.0,97.0,35.0,108.0,485.0,288.0,156.48472222222287,324.0143055555557,343.35749999999996,358.9506944444625,485.0,288.0,358.9506944444625,8489.0,119.52083333333333,0.7370178955319273,0.0,,,11.0,0.0,0.0,395.0,66.83544303797468,45.56962025316456,367.0,99.72752043596729,83.10626702997274,COMPLETED,120,3,500.0,60.0,20.0,24,b358877cbe400e09,T120_P03_H0500_I0600_F1,0.7737877052310042,False,0.4969796242396907,480,0.0,0.0,0.49312805170869006,488,0.6269430051813472,0.7849624060150375,0.004075001839819348,0.49974829094591255,0.5499115545613334
T120_P03_H0500_I0600_CN030_F1,India,unlimited_useful_deadline,unlimited,central_only,targeted_central,all_useful,deadline,-1.0,0.0,0.0,1.0,none,0.0,0,applicable,773.0,0.0,,0.0,45721.0,9920619.0,259248.40079950794,42028.0,29463.0,11.364775986713019,86.71554152666056,14.0,85.3549991334013,85.3549991334013,85.3549991334013,85.3549991334013,78.00776196636481,78.00776196636481,78.00776196636481,78.00776196636481,87.32212160413971,11.0,56.0,31.0,67.0,603.0,170.0,149.33472222225973,300.6993055555568,321.81548611111316,348.4229166666674,603.0,170.0,348.4229166666674,9026.5,170.30416666666667,0.6530568264298355,0.0,,,11.0,0.0,0.0,395.0,78.22784810126582,60.0,367.0,99.72752043596729,99.72752043596729,COMPLETED,120,3,500.0,60.0,30.0,36,91451af3ef8136f8,T120_P03_H0500_I0600_F1,0.8478725201154721,False,0.5674718128994555,403,0.0,0.0,0.5638154372897402,414,0.7797927461139896,0.8526315789473684,0.04539742852392614,0.4345901989437338,0.7066652339196824
T120_P03_H0500_I0600_CN040_F1,India,unlimited_useful_deadline,unlimited,central_only,targeted_central,all_useful,deadline,-1.0,0.0,0.0,1.0,none,0.0,0,applicable,773.0,0.0,,0.0,58295.0,13103427.0,320358.31439936167,49491.0,35666.0,11.133158840241128,91.11899287837156,18.0,89.82140077706666,89.82140077706666,89.82140077706666,89.82140077706666,81.37128072445019,81.37128072445019,81.37128072445019,81.37128072445019,89.52134540750323,11.0,35.0,35.0,46.0,629.0,144.0,125.38750000000003,270.0045833333368,278.744444444445,300.8187500000004,629.0,144.0,300.8187500000004,9497.0,218.075,0.567644604939687,0.0,,,11.0,0.0,0.0,395.0,82.53164556962025,66.32911392405063,367.0,99.72752043596729,100.0,COMPLETED,120,3,500.0,60.0,40.0,48,8ca1a521c5f23425,T120_P03_H0500_I0600_F1,0.8979737090031209,False,0.6216551504542827,345,0.0,0.0,0.6216152118078024,350,0.8134715025906735,0.8781954887218045,0.23224784733598935,0.3714884907294764,0.8126727296610681
T120_P03_H0500_I0600_CN050_F1,India,unlimited_useful_deadline,unlimited,central_only,targeted_central,all_useful,deadline,-1.0,0.0,0.0,1.0,none,0.0,0,applicable,773.0,0.0,,0.0,70625.0,16437513.0,384372.7655992098,57145.0,42055.0,10.941201813411324,94.08869337771965,18.0,93.65671777451418,93.65671777451418,93.65671777451418,93.65671777451418,87.58085381630013,87.58085381630013,87.58085381630013,87.58085381630013,91.84993531694697,11.0,22.0,30.0,33.0,677.0,96.0,116.20277777777713,241.8533333333343,259.7047222222351,284.91805555556834,677.0,96.0,284.91805555556834,9849.5,268.37916666666666,0.48078369119146314,0.0,,,11.0,0.0,0.0,395.0,87.0886075949367,78.48101265822784,367.0,99.72752043596729,100.0,COMPLETED,120,3,500.0,60.0,50.0,60,8f1f04beced1f814,T120_P03_H0500_I0600_F1,0.9081856228458887,False,0.645537235959015,314,0.0,0.0,0.6434688420411732,322,0.8756476683937824,0.905263157894737,0.2946594306990302,0.30749416318137207,0.8342797900369442
T120_P03_H0500_I0600_CN060_F1,India,unlimited_useful_deadline,unlimited,central_only,targeted_central,all_useful,deadline,-1.0,0.0,0.0,1.0,none,0.0,0,applicable,773.0,0.0,,0.0,83119.0,19854843.0,449985.50159906835,65304.0,48959.5,10.880239435719048,96.04468999887662,16.0,97.26540677656163,97.26540677656163,97.26540677656163,97.26540677656163,91.20310478654594,91.20310478654594,91.20310478654594,91.20310478654594,94.69598965071151,11.0,4.0,26.0,15.0,705.0,68.0,108.46805555555717,236.03263888889023,242.92430555556214,260.9180555555557,705.0,68.0,260.9180555555557,10504.5,320.4583333333333,0.39993433883760243,0.0,,,11.0,0.0,0.0,395.0,92.65822784810128,85.56962025316456,367.0,99.72752043596729,100.0,COMPLETED,120,3,500.0,60.0,60.0,72,2cf27953e2a6b49e,T120_P03_H0500_I0600_F1,0.9251267402153927,False,0.6721446741883275,277,0.0,0.0,0.670055067062832,288,0.911917098445596,0.9383458646616541,0.3888614799207408,0.24102593635048267,0.8701249559356867
T120_P03_H0500_I0600_CN070_F1,India,unlimited_useful_deadline,unlimited,central_only,targeted_central,all_useful,deadline,-1.0,0.0,0.0,1.0,none,0.0,0,applicable,773.0,0.0,,0.0,94115.0,23344665.0,516990.0839989388,72636.0,55019.0,10.642177036438659,97.48723168360021,21.0,99.20919828203293,99.20919828203293,99.20919828203293,99.20919828203293,94.82535575679172,94.82535575679172,94.82535575679172,94.82535575679172,95.47218628719276,11.0,0.0,24.0,11.0,733.0,40.0,98.07083333333236,220.1645833333367,223.9333333333372,238.95347222222233,733.0,40.0,238.95347222222233,10895.5,367.6958333333333,0.31828249118950214,0.0,,,11.0,0.0,0.0,395.0,94.17721518987342,92.65822784810128,367.0,99.72752043596729,100.0,COMPLETED,120,3,500.0,60.0,70.0,84,58dc5346d685c8d1,T120_P03_H0500_I0600_F1,0.9371709362841695,False,0.6915990955817316,233,0.0,0.0,0.6889702133268417,241,0.9481865284974094,0.9473684210526315,0.47507434493323863,0.17861288875131676,0.8956088833996122
T120_P03_H0500_I0600_CN080_F1,India,unlimited_useful_deadline,unlimited,central_only,targeted_central,all_useful,deadline,-1.0,0.0,0.0,1.0,none,0.0,0,applicable,773.0,0.0,,0.0,104473.0,26861439.0,584512.1447988036,79582.0,60709.5,10.386353909018771,98.50270550737528,17.0,99.83543643583013,99.83543643583013,99.83543643583013,99.83543643583013,96.11901681759379,96.11901681759379,96.11901681759379,96.11901681759379,96.89521345407503,11.0,0.0,13.0,11.0,743.0,30.0,92.64236111111444,199.41527777780325,211.47881944448338,234.38750000000013,743.0,30.0,234.38750000000013,11186.0,412.6958333333333,0.2506918432663281,0.0,,,11.0,0.0,0.0,395.0,96.9620253164557,95.18987341772151,367.0,99.72752043596729,100.0,COMPLETED,120,3,500.0,60.0,80.0,96,d1cfa63d3b46f3ab,T120_P03_H0500_I0600_F1,0.9412298738846517,False,0.6908898595380595,235,0.0,0.0,0.6880427176718441,243,0.961139896373057,0.9639097744360903,0.4929961757675101,0.11797068273381466,0.9041970590487484
T120_P03_H0500_I0600_CN090_F1,India,unlimited_useful_deadline,unlimited,central_only,targeted_central,all_useful,deadline,-1.0,0.0,0.0,1.0,none,0.0,0,applicable,773.0,0.0,,0.0,113335.0,30487113.0,654125.0855986963,86133.0,66005.5,10.090654135300076,99.31596609373462,23.0,99.98359580052494,99.98359580052494,99.98359580052494,99.98359580052494,98.1888745148771,98.1888745148771,98.1888745148771,98.1888745148771,97.67141009055628,11.0,0.0,7.0,11.0,759.0,14.0,87.91805555555547,200.14722222222233,205.66736111111157,236.2173611111112,759.0,14.0,236.2173611111112,11717.0,452.40416666666664,0.18268103128041235,0.0,,,11.0,0.0,0.0,395.0,98.48101265822785,99.24050632911391,367.0,99.72752043596729,100.0,COMPLETED,120,3,500.0,60.0,90.0,108,147d163f2a74c012,T120_P03_H0500_I0600_F1,0.9364728199873128,False,0.6831796532815958,250,0.0,0.0,0.6787929771108218,269,0.9818652849740932,0.9729323308270678,0.4858138146651063,0.05922169352922968,0.894131761558612
T120_P03_H0500_I0600_CN100_F1,India,unlimited_useful_deadline,unlimited,central_only,targeted_central,all_useful,deadline,-1.0,0.0,0.0,1.0,none,0.0,0,applicable,773.0,0.0,,0.0,123327.0,34412397.0,729490.5383985771,92701.0,71311.5,9.775520893875804,100.0,20.0,100.0,100.0,100.0,100.0,98.57697283311772,98.57697283311772,98.57697283311772,98.57697283311772,98.31824062095731,11.0,0.0,2.0,11.0,762.0,11.0,79.93784722223137,179.76597222223575,196.15402777777868,222.2173611111122,762.0,11.0,222.2173611111122,12576.5,489.4583333333333,0.11597868959450652,0.0,,,11.0,0.0,0.0,395.0,99.74683544303798,100.0,367.0,99.72752043596729,100.0,COMPLETED,120,3,500.0,60.0,100.0,120,85114775b30da1a8,T120_P03_H0500_I0600_F1,0.9689978856809566,False,0.695208569661695,228,0.0,0.0,0.6940685300438997,231,0.9857512953367875,0.9804511278195489,0.5407650100444046,0.0004247140378787299,0.9629505029808784
T120_P03_H0500_I0800_CN010_F1,India,unlimited_useful_deadline,unlimited,central_only,targeted_central,all_useful,deadline,-1.0,0.0,0.0,1.0,none,0.0,0,applicable,773.0,0.0,,0.0,24688.0,4671540.0,129181.01279977438,21487.0,13428.5,10.39510351324901,91.26112372938154,11.0,58.58375392088771,58.58375392088771,58.58375392088771,58.58375392088771,36.222509702457955,36.222509702457955,36.222509702457955,36.222509702457955,56.53298835705045,11.0,174.0,151.0,185.0,280.0,493.0,269.66770833333345,345.4107638888887,353.4081597222223,356.96666666666664,280.0,493.0,356.96666666666664,2553.5,90.625,0.8977003831417625,0.0,,,11.0,0.0,0.0,395.0,25.82278481012658,16.70886075949367,367.0,91.28065395095368,58.31062670299727,COMPLETED,120,3,500.0,80.0,10.0,12,70418ae9465bff73,T120_P03_H0500_I0800_F1,0.7491650132275133,False,0.3819829623504729,544,0.0,0.0,0.3888036737496944,546,0.36139896373056996,0.4947368421052631,0.011862480272363807,0.5782068909252768,0.4978131917149981
T120_P03_H0500_I0800_CN020_F1,India,unlimited_useful_deadline,unlimited,central_only,targeted_central,all_useful,deadline,-1.0,0.0,0.0,1.0,none,0.0,0,applicable,773.0,0.0,,0.0,46492.0,8706564.0,206653.47359955352,30197.0,20545.0,9.941763688817273,95.85543927963008,14.0,72.02386334312384,72.02386334312384,72.02386334312384,72.02386334312384,59.76714100905562,59.76714100905562,59.76714100905562,59.76714100905562,66.10608020698578,11.0,95.0,156.0,106.0,462.0,311.0,178.3180555555557,264.6338194444907,282.3878125000003,341.8347222222224,462.0,311.0,341.8347222222224,3484.0,142.175,0.8039666490827033,0.0,,,11.0,0.0,0.0,395.0,44.55696202531645,44.303797468354425,367.0,91.28065395095368,78.2016348773842,COMPLETED,120,3,500.0,80.0,20.0,24,2858e677247534e3,T120_P03_H0500_I0800_F1,0.8330477392977395,False,0.48818085061735744,487,0.0,0.0,0.49208823549047864,490,0.5971502590673575,0.6060150375939851,0.0712566542463211,0.5107212700149489,0.6752979565297802
T120_P03_H0500_I0800_CN030_F1,India,unlimited_useful_deadline,unlimited,central_only,targeted_central,all_useful,deadline,-1.0,0.0,0.0,1.0,none,0.0,0,applicable,773.0,0.0,,0.0,67952.0,13035384.0,289766.8175993319,38961.0,27782.5,9.587881811372752,97.23746963016288,17.0,80.92145345536456,80.92145345536456,80.92145345536456,80.92145345536456,66.7529107373868,66.7529107373868,66.7529107373868,66.7529107373868,72.96248382923673,11.0,54.0,144.0,65.0,516.0,257.0,152.86840277777858,229.1541666666925,260.1939236111143,336.8347222222234,516.0,257.0,336.8347222222234,4356.0,195.22083333333333,0.7167500835947893,0.0,,,11.0,0.0,0.0,395.0,56.20253164556962,56.9620253164557,367.0,93.18801089918256,79.291553133515,COMPLETED,120,3,500.0,80.0,30.0,36,38966e7dff28132c,T120_P03_H0500_I0800_F1,0.9043461096755672,False,0.5345482612256435,449,0.0,0.0,0.5425011333203082,450,0.6670984455958548,0.6857142857142856,0.09088208116749674,0.44265496663475307,0.8261558874891507
T120_P03_H0500_I0800_CN040_F1,India,unlimited_useful_deadline,unlimited,central_only,targeted_central,all_useful,deadline,-1.0,0.0,0.0,1.0,none,0.0,0,applicable,773.0,0.0,,0.0,88460.0,17556606.0,376574.2799991274,47057.0,34586.5,9.184509361627178,98.2146213117835,17.0,86.73786303755388,86.73786303755388,86.73786303755388,86.73786303755388,71.66882276843467,71.66882276843467,71.66882276843467,71.66882276843467,76.97283311772316,11.0,34.0,133.0,45.0,554.0,219.0,133.95486111111393,218.9666666666724,229.23072916666706,334.8347222222224,554.0,219.0,334.8347222222224,5122.5,245.53333333333333,0.6289208865055662,0.0,,,11.0,0.0,0.0,395.0,65.0632911392405,67.59493670886076,367.0,92.09809264305177,78.2016348773842,COMPLETED,120,3,500.0,80.0,40.0,48,8fcd26d769c00ce0,T120_P03_H0500_I0800_F1,0.9174438427597273,False,0.548707079129561,428,0.0,0.0,0.5555844649570055,429,0.716321243523316,0.7323308270676692,0.09873225193597224,0.3766690421858616,0.8538689600722088
T120_P03_H0500_I0800_CN050_F1,India,unlimited_useful_deadline,unlimited,central_only,targeted_central,all_useful,deadline,-1.0,0.0,0.0,1.0,none,0.0,0,applicable,773.0,0.0,,0.0,109012.0,22162188.0,465001.45439891715,55175.0,41288.0,8.87911201339592,98.79141639217205,20.0,91.32630954270451,91.32630954270451,91.32630954270451,91.32630954270451,76.58473479948253,76.58473479948253,76.58473479948253,76.58473479948253,80.98318240620958,11.0,20.0,116.0,31.0,592.0,181.0,111.12638888889015,202.70756944444366,220.35607638890374,332.8347222222292,592.0,181.0,332.8347222222292,5942.5,294.54583333333335,0.5414870115479105,0.0,,,11.0,0.0,0.0,395.0,71.89873417721519,76.9620253164557,367.0,93.18801089918256,78.4741144414169,COMPLETED,120,3,500.0,80.0,50.0,60,492086bd89714fae,T120_P03_H0500_I0800_F1,0.9162060497997998,False,0.5584144652811177,418,0.0,0.0,0.5626997608946004,416,0.7655440414507771,0.7789473684210527,0.10658242270441753,0.3111750181763211,0.8512499537204338
T120_P03_H0500_I0800_CN060_F1,India,unlimited_useful_deadline,unlimited,central_only,targeted_central,all_useful,deadline,-1.0,0.0,0.0,1.0,none,0.0,0,applicable,773.0,0.0,,0.0,126266.0,26890224.0,555779.7455987474,63061.0,47648.0,8.573180360984242,99.15421423774345,22.0,94.42990390676992,94.42990390676992,94.42990390676992,94.42990390676992,81.88874514877102,81.88874514877102,81.88874514877102,81.88874514877102,84.08796895213455,11.0,10.0,102.0,21.0,633.0,140.0,108.38750000000003,181.7829166666721,196.54402777777872,332.8347222222234,633.0,140.0,332.8347222222234,6408.5,343.6625,0.4602113871409692,0.0,,,11.0,0.0,0.0,395.0,76.20253164556962,85.31645569620252,367.0,95.09536784741145,80.65395095367847,COMPLETED,120,3,500.0,80.0,60.0,72,9459d701f0b0df76,T120_P03_H0500_I0800_F1,0.9025678719794042,False,0.561810193987872,413,0.0,0.0,0.561997220075089,419,0.8186528497409327,0.8150375939849624,0.10658242270444018,0.24731986245983814,0.8223933714852714
T120_P03_H0500_I0800_CN070_F1,India,unlimited_useful_deadline,unlimited,central_only,targeted_central,all_useful,deadline,-1.0,0.0,0.0,1.0,none,0.0,0,applicable,773.0,0.0,,0.0,144376.0,31818456.0,650401.79999856,70050.0,53156.0,8.172794109751493,99.42715779968395,19.0,95.37530269924585,95.37530269924585,95.37530269924585,95.37530269924585,83.82923673997412,83.82923673997412,83.82923673997412,83.82923673997412,85.64036222509702,11.0,11.0,89.0,22.0,648.0,125.0,104.10451388889372,174.21833333333433,181.67447916667126,359.3847222222232,648.0,125.0,359.3847222222232,6989.0,384.725,0.3786478075970572,0.0,,,11.0,0.0,0.0,395.0,78.73417721518987,87.59493670886076,367.0,95.64032697547684,82.28882833787466,COMPLETED,120,3,500.0,80.0,70.0,84,7214ce91e9620359,T120_P03_H0500_I0800_F1,0.9252071902149063,False,0.5446665203534449,436,0.0,0.0,0.5462771341509587,442,0.8380829015544041,0.8330827067669172,0.0023714057529783394,0.1875534791758148,0.870295177504679
T120_P03_H0500_I0800_CN080_F1,India,unlimited_useful_deadline,unlimited,central_only,targeted_central,all_useful,deadline,-1.0,0.0,0.0,1.0,none,0.0,0,applicable,773.0,0.0,,0.0,161480.0,36932952.0,748600.1231983938,78139.0,59692.5,7.9738832722821105,99.70599321522805,20.0,97.89352910381866,97.89352910381866,97.89352910381866,97.89352910381866,87.83958602846054,87.83958602846054,87.83958602846054,87.83958602846054,85.38163001293661,11.0,1.0,101.0,12.0,679.0,94.0,99.78611111111096,172.09861111111204,180.29479166667554,358.25277777777836,679.0,94.0,358.25277777777836,7598.0,434.12083333333334,0.29398568946817805,0.0,,,11.0,0.0,0.0,395.0,78.73417721518987,92.15189873417722,367.0,95.09536784741145,85.83106267029973,COMPLETED,120,3,500.0,80.0,80.0,96,46f0cb2d02a4373a,T120_P03_H0500_I0800_F1,0.923252468226695,False,0.5414316455440165,439,0.0,0.0,0.5408276906484687,451,0.8782383419689119,0.8300751879699249,0.006814384347635816,0.12285129489791265,0.8661592440579584
T120_P03_H0500_I0800_CN090_F1,India,unlimited_useful_deadline,unlimited,central_only,targeted_central,all_useful,deadline,-1.0,0.0,0.0,1.0,none,0.0,0,applicable,773.0,0.0,,0.0,177514.0,42236550.0,850429.2047982328,84975.0,65231.0,7.670362169120977,99.84823166899174,15.0,98.32089642852921,98.32089642852921,98.32089642852921,98.32089642852921,92.88486416558862,92.88486416558862,92.88486416558862,92.88486416558862,87.06338939197931,11.0,0.0,89.0,11.0,718.0,55.0,91.6513888888974,175.5982638888994,188.4352430555597,357.38472222222276,718.0,55.0,357.38472222222276,8039.5,476.59583333333336,0.21484508187405482,0.0,,,11.0,0.0,0.0,395.0,80.0,96.70886075949367,367.0,97.27520435967303,91.55313351498637,COMPLETED,120,3,500.0,80.0,90.0,108,6bbb3e2a6a72dda5,T120_P03_H0500_I0800_F1,0.924503507685959,False,0.5470668964910081,430,0.0,0.0,0.5440693865694137,448,0.9287564766839379,0.8496240601503761,0.010221576521451947,0.06293854123925317,0.8688062782520496
T120_P03_H0500_I0800_CN100_F1,India,unlimited_useful_deadline,unlimited,central_only,targeted_central,all_useful,deadline,-1.0,0.0,0.0,1.0,none,0.0,0,applicable,773.0,0.0,,0.0,192412.0,47442690.0,950387.0927980738,91739.0,70647.0,7.433497417563328,100.0,16.0,98.53951674113017,98.53951674113017,98.53951674113017,98.53951674113017,93.79042690815005,93.79042690815005,93.79042690815005,93.79042690815005,86.02846054333764,11.0,0.0,97.0,11.0,725.0,48.0,93.90069444444961,176.03888888888935,229.54513888890148,359.9506944444463,725.0,48.0,359.9506944444463,8639.5,516.7291666666666,0.13375310782297833,0.0,,,11.0,0.0,0.0,395.0,80.25316455696202,97.21518987341771,367.0,94.82288828337875,92.91553133514986,COMPLETED,120,3,500.0,80.0,100.0,120,898448e7aa7ccbaf,T120_P03_H0500_I0800_F1,0.9036922094508303,False,0.5264433207036918,456,0.0,0.0,0.5207907450445682,471,0.9378238341968911,0.837593984962406,0.00014991645564710332,0.003613668593476671,0.8247723210144203
T120_P03_H0500_I0986_CN010_F1,India,unlimited_useful_deadline,unlimited,central_only,targeted_central,all_useful,deadline,-1.0,0.0,0.0,1.0,none,0.0,0,applicable,773.0,0.0,,0.0,25061.0,4632438.0,126345.12959977487,20517.0,12144.5,9.612163158540652,77.78418214006341,7.0,52.87791537676539,52.87791537676539,52.87791537676539,52.87791537676539,27.166882276843467,27.166882276843467,27.166882276843467,27.166882276843467,57.69728331177232,6.0,248.0,73.0,254.0,210.0,563.0,231.39305555555524,344.4107638888887,349.9281944444479,357.78680555555474,210.0,563.0,357.78680555555474,4337.0,65.0625,0.8864398548404313,0.0,,,11.0,0.0,0.0,395.0,20.0,12.40506329113924,367.0,100.0,43.869209809264305,COMPLETED,120,3,500.0,98.6,10.0,12,8bf612fabb24c11e,T120_P03_H0500_I0986_F1,0.7158950617283951,False,0.35205067981180244,554,0.0,0.0,0.3598853288993117,555,0.2707253886010363,0.5082706766917293,0.00864336510654573,0.5843688437460258,0.4274183703512214
T120_P03_H0500_I0986_CN020_F1,India,unlimited_useful_deadline,unlimited,central_only,targeted_central,all_useful,deadline,-1.0,0.0,0.0,1.0,none,0.0,0,applicable,773.0,0.0,,0.0,48263.0,8784222.0,206059.38239953786,28429.0,17711.0,8.59509515837495,88.1542544181582,10.0,64.63748319889508,64.63748319889508,64.63748319889508,64.63748319889508,51.61707632600259,51.61707632600259,51.61707632600259,51.61707632600259,58.08538163001293,6.0,202.0,116.0,208.0,399.0,374.0,298.5194444444448,344.4715277777846,348.4774305555558,358.9180555555557,399.0,374.0,358.9180555555557,5101.5,105.07916666666667,0.8037574183485996,0.0,,,11.0,0.0,0.0,395.0,20.759493670886076,24.556962025316455,367.0,100.0,82.28882833787466,COMPLETED,120,3,500.0,98.6,20.0,24,d422326bbcc681c1,T120_P03_H0500_I0986_F1,0.8030318852687274,False,0.42891562356674595,523,0.0,0.0,0.4337278402664067,526,0.5155440414507773,0.512781954887218,0.004203112265624975,0.5243217172844217,0.6117883754439915
T120_P03_H0500_I0986_CN030_F1,India,unlimited_useful_deadline,unlimited,central_only,targeted_central,all_useful,deadline,-1.0,0.0,0.0,1.0,none,0.0,0,applicable,773.0,0.0,,0.0,69403.0,13169976.0,290265.8591993307,34964.0,22675.5,7.811976256025458,93.13796829176864,12.0,70.97065679888597,70.97065679888597,70.97065679888597,70.97065679888597,63.38939197930142,63.38939197930142,63.38939197930142,63.38939197930142,58.08538163001293,6.0,174.0,144.0,180.0,490.0,283.0,288.2864583333329,341.03229166668154,347.1567708333335,357.43402777777777,490.0,283.0,357.43402777777777,5595.0,142.3375,0.7253693295473396,0.0,,,11.0,0.0,0.0,395.0,20.759493670886076,32.40506329113924,367.0,100.0,98.63760217983652,COMPLETED,120,3,500.0,98.6,30.0,36,e7df0cb55daa3b64,T120_P03_H0500_I0986_F1,0.8681320861678005,False,0.46877941388961375,506,0.0,0.0,0.4745850193716404,512,0.633419689119171,0.512781954887218,0.010028048005981338,0.46716360608612817,0.7495317987597031
T120_P03_H0500_I0986_CN040_F1,India,unlimited_useful_deadline,unlimited,central_only,targeted_central,all_useful,deadline,-1.0,0.0,0.0,1.0,none,0.0,0,applicable,773.0,0.0,,0.0,89475.0,17746716.0,378139.26719913876,40697.0,27002.0,7.140755362436345,95.53921931708763,15.0,73.60946349155634,73.60946349155634,73.60946349155634,73.60946349155634,67.14100905562742,67.14100905562742,67.14100905562742,67.14100905562742,58.08538163001293,6.0,157.0,161.0,163.0,519.0,254.0,280.65416666666863,322.68486111111304,329.9213194444517,355.1666666666667,519.0,254.0,355.1666666666667,6079.0,174.35833333333332,0.6465990377415602,0.0,,,11.0,0.0,0.0,395.0,20.759493670886076,38.48101265822785,367.0,100.0,100.0,COMPLETED,120,3,500.0,98.6,40.0,48,db1a3549089b5169,T120_P03_H0500_I0986_F1,0.9196050096339116,False,0.4854677423395457,493,0.0,0.0,0.49484060472260705,487,0.6709844559585492,0.512781954887218,0.018927633963988222,0.4130672751835028,0.8584417036197773
T120_P03_H0500_I0986_CN050_F1,India,unlimited_useful_deadline,unlimited,central_only,targeted_central,all_useful,deadline,-1.0,0.0,0.0,1.0,none,0.0,0,applicable,773.0,0.0,,0.0,107601.0,22386258.0,467218.4735989641,46551.0,31458.0,6.73303856281203,97.09930701252463,12.0,75.46763651479938,75.46763651479938,75.46763651479938,75.46763651479938,69.34023285899094,69.34023285899094,69.34023285899094,69.34023285899094,58.08538163001293,6.0,153.0,165.0,159.0,536.0,237.0,268.52777777777885,317.4343750000012,327.460590277778,353.3333333333333,536.0,237.0,353.3333333333333,6625.0,206.94166666666666,0.5611092095195909,0.0,,,11.0,0.0,0.0,395.0,20.759493670886076,42.78481012658228,367.0,100.0,100.0,COMPLETED,120,3,500.0,98.6,50.0,60,a3e4e6888edc2a1f,T120_P03_H0500_I0986_F1,0.9333462893864013,False,0.48582977048273623,492,0.0,0.0,0.4955553332113906,486,0.6930051813471503,0.512781954887218,0.026123623835087484,0.3583494700672584,0.8875164359202389
T120_P03_H0500_I0986_CN060_F1,India,unlimited_useful_deadline,unlimited,central_only,targeted_central,all_useful,deadline,-1.0,0.0,0.0,1.0,none,0.0,0,applicable,773.0,0.0,,0.0,128757.0,27275532.0,561092.5343987255,52237.0,35775.0,6.375953663032958,98.19706498951781,12.0,76.62110733776173,76.62110733776173,76.62110733776173,76.62110733776173,71.02199223803363,71.02199223803363,71.02199223803363,71.02199223803363,58.08538163001293,6.0,143.0,175.0,149.0,549.0,224.0,223.90069444444427,307.67847222222304,322.44430555555886,346.43402777777777,549.0,224.0,346.43402777777777,7229.0,237.88333333333333,0.4816538802867887,0.0,,,11.0,0.0,0.0,395.0,20.759493670886076,46.07594936708861,367.0,100.0,100.0,COMPLETED,120,3,500.0,98.6,60.0,72,a6deea293555171e,T120_P03_H0500_I0986_F1,0.941347061998246,False,0.487184826349675,489,0.0,0.0,0.4969148490510441,483,0.7098445595854922,0.512781954887218,0.05320398723257591,0.30429872993706075,0.9044450136128734
T120_P03_H0500_I0986_CN070_F1,India,unlimited_useful_deadline,unlimited,central_only,targeted_central,all_useful,deadline,-1.0,0.0,0.0,1.0,none,0.0,0,applicable,773.0,0.0,,0.0,147241.0,32268954.0,656966.2367985172,58045.0,40193.0,6.117970414410605,98.84805811957305,12.0,77.27227979586124,77.27227979586124,77.27227979586124,77.27227979586124,72.3156532988357,72.3156532988357,72.3156532988357,72.3156532988357,58.08538163001293,6.0,130.0,188.0,136.0,559.0,214.0,219.76874999999953,306.95069444444835,316.355347222229,346.30208333333485,559.0,214.0,346.30208333333485,7917.0,268.96666666666664,0.4115648366175073,0.0,,,11.0,0.0,0.0,395.0,20.759493670886076,48.60759493670886,367.0,100.0,100.0,COMPLETED,120,3,500.0,98.6,70.0,84,3abc7e5a6fd5b2c4,T120_P03_H0500_I0986_F1,0.9469737626714373,False,0.48140546182937993,494,0.0,0.0,0.4910830838949723,491,0.7227979274611398,0.512781954887218,0.05372188044298998,0.24976328791052693,0.9163503687729866
T120_P03_H0500_I0986_CN080_F1,India,unlimited_useful_deadline,unlimited,central_only,targeted_central,all_useful,deadline,-1.0,0.0,0.0,1.0,none,0.0,0,applicable,773.0,0.0,,0.0,164627.0,37452330.0,756487.0559983249,63607.0,44354.0,5.863153856805478,99.3100960454525,9.0,77.71056921462227,77.71056921462227,77.71056921462227,77.71056921462227,72.70375161707634,72.70375161707634,72.70375161707634,72.70375161707634,58.08538163001293,6.0,133.0,185.0,139.0,562.0,211.0,213.0517361111141,302.17465277778257,312.33038194444464,344.6041666667017,562.0,211.0,344.6041666667017,8433.5,299.3375,0.3354696482509987,0.0,,,11.0,0.0,0.0,395.0,20.759493670886076,49.36708860759494,367.0,100.0,100.0,COMPLETED,120,3,500.0,98.6,80.0,96,8da734defe839994,T120_P03_H0500_I0986_F1,0.9577673981810992,False,0.476475125650985,497,0.0,0.0,0.4871003425264062,497,0.7266839378238342,0.512781954887218,0.060386348334842244,0.19646119625387817,0.9391882753322586
T120_P03_H0500_I0986_CN090_F1,India,unlimited_useful_deadline,unlimited,central_only,targeted_central,all_useful,deadline,-1.0,0.0,0.0,1.0,none,0.0,0,applicable,773.0,0.0,,0.0,180717.0,42829926.0,859736.8991981486,69387.0,48753.5,5.670746485985533,99.68822751187095,9.0,78.42002703756572,78.42002703756572,78.42002703756572,78.42002703756572,73.73868046571799,73.73868046571799,73.73868046571799,73.73868046571799,58.08538163001293,6.0,124.0,194.0,130.0,570.0,203.0,203.40069444444526,299.533333333337,308.0842013888947,344.43402777778505,570.0,203.0,344.43402777778505,9112.0,330.34583333333336,0.25287314640801517,0.0,,,11.0,0.0,0.0,395.0,20.759493670886076,51.392405063291136,367.0,100.0,100.0,COMPLETED,120,3,500.0,98.6,90.0,108,e8455b917e98f0a0,T120_P03_H0500_I0986_F1,0.9671816114359973,False,0.4712979138601436,501,0.0,0.0,0.4824009575872045,501,0.7370466321243524,0.512781954887218,0.0610541580010191,0.1420145362578614,0.959107506665572
T120_P03_H0500_I0986_CN100_F1,India,unlimited_useful_deadline,unlimited,central_only,targeted_central,all_useful,deadline,-1.0,0.0,0.0,1.0,none,0.0,0,applicable,773.0,0.0,,0.0,195889.0,48207426.0,962984.899197968,75257.0,53237.0,5.528331757262133,100.0,9.0,79.4227222053309,79.4227222053309,79.4227222053309,79.4227222053309,74.77360931435963,74.77360931435963,74.77360931435963,74.77360931435963,58.08538163001293,6.0,119.0,199.0,125.0,578.0,195.0,192.0239583333338,287.9006944444447,298.54913194445015,340.8680555555574,578.0,195.0,340.8680555555574,9646.5,363.25416666666666,0.161811346508987,0.0,,,11.0,0.0,0.0,395.0,20.759493670886076,53.417721518987335,367.0,100.0,100.0,COMPLETED,120,3,500.0,98.6,100.0,120,cae589c6ab7e7954,T120_P03_H0500_I0986_F1,0.9673955529924388,False,0.4657858816540662,512,0.0,0.0,0.47639342426935194,509,0.7474093264248703,0.512781954887218,0.0750509034510759,0.08716475785301055,0.959560178730585
T120_P03_H0800_I0600_CN000_F1,India,unlimited_useful_deadline,unlimited,central_only,targeted_central,all_useful,deadline,-1.0,0.0,0.0,1.0,none,0.0,0,applicable,773.0,0.0,,0.0,2430.0,1376784.0,137678.4,11082.0,6514.0,4.731315878162443,0.0,1.0,38.606847445569784,38.606847445569784,38.606847445569784,38.606847445569784,14.23027166882277,14.23027166882277,14.23027166882277,14.23027166882277,58.08538163001293,11.0,313.0,0.0,324.0,110.0,663.0,103.875,107.95,108.72916666666667,110.18333333333334,110.0,663.0,110.18333333333334,6514.0,0.0,0.0,0.0,,,11.0,0.0,0.0,395.0,20.759493670886076,20.759493670886076,367.0,100.0,7.629427792915531,COMPLETED,120,3,800.0,60.0,0.0,0,ead056c41270ad94,T120_P03_H0800_I0600_F1,0.8503093434343434,False,0.5696737515617747,400,0.0,0.53,0.5982052275736124,378,0.14119170984455962,0.512781954887218,0.9805081350120406,0.6447231080429321,0.7118212300813113
T120_P03_H0800_I0600_CN010_F1,India,unlimited_useful_deadline,unlimited,central_only,targeted_central,all_useful,deadline,-1.0,0.0,0.0,1.0,none,0.0,0,applicable,773.0,0.0,,0.0,14598.0,3902148.0,186165.3887998619,22450.0,14641.0,7.864512353442823,62.44450515675159,7.0,59.280335893633136,59.280335893633136,59.280335893633136,59.280335893633136,17.205692108667527,17.205692108667527,17.205692108667527,17.205692108667527,78.78395860284606,11.0,115.0,38.0,126.0,133.0,640.0,102.95,175.24250000002652,274.0576388889192,317.03402777779945,133.0,640.0,317.03402777779945,8166.0,53.958333333333336,0.8437348777348779,0.0,,,11.0,0.0,0.0,395.0,61.26582278481013,20.759493670886076,367.0,100.0,13.896457765667575,COMPLETED,120,3,800.0,60.0,10.0,12,86bdb0027de1119d,T120_P03_H0800_I0600_F1,0.9138819270398217,True,0.4685705815132661,507,0.0,0.0,0.5023379795678451,481,0.1709844559585492,0.7533834586466166,0.16860149752902553,0.5723880686549042,0.84633241705013
T120_P03_H0800_I0600_CN020_F1,India,unlimited_useful_deadline,unlimited,central_only,targeted_central,all_useful,deadline,-1.0,0.0,0.0,1.0,none,0.0,0,applicable,773.0,0.0,,0.0,28458.0,6728508.0,240431.50079970236,33327.0,22702.0,9.44219036377953,80.36736851378733,10.0,76.98191705511316,76.98191705511316,76.98191705511316,76.98191705511316,59.37904269081501,59.37904269081501,59.37904269081501,59.37904269081501,84.08796895213455,11.0,77.0,35.0,88.0,459.0,314.0,165.0541666666657,329.85555555555504,338.97020833333806,359.21736111111375,459.0,314.0,359.21736111111375,9366.5,111.12916666666666,0.7395401372277006,0.0,,,11.0,0.0,0.0,395.0,71.64556962025317,42.53164556962025,367.0,100.0,79.291553133515,COMPLETED,120,3,800.0,60.0,20.0,24,5fba02476547981e,T120_P03_H0800_I0600_F1,0.7705710885177116,False,0.49346903927773755,485,0.0,0.0,0.49096110777312313,492,0.5932642487046633,0.8150375939849624,0.003028312404083633,0.5003697651595317,0.5431056186123745
T120_P03_H0800_I0600_CN030_F1,India,unlimited_useful_deadline,unlimited,central_only,targeted_central,all_useful,deadline,-1.0,0.0,0.0,1.0,none,0.0,0,applicable,773.0,0.0,,0.0,40114.0,9647586.0,296477.7983995368,41847.0,29658.0,10.003447192370386,87.53961831546295,14.0,85.72225666565083,85.72225666565083,85.72225666565083,85.72225666565083,74.1267787839586,74.1267787839586,74.1267787839586,74.1267787839586,89.39197930142304,11.0,29.0,42.0,40.0,573.0,200.0,152.91805555555572,309.30069444444456,325.29250000000013,351.65416666666715,573.0,200.0,351.65416666666715,10691.0,158.05833333333334,0.6590631096114303,0.0,,,11.0,0.0,0.0,395.0,82.02531645569621,56.708860759493675,367.0,100.0,95.09536784741145,COMPLETED,120,3,800.0,60.0,30.0,36,caac0a572f9b8ce0,T120_P03_H0800_I0600_F1,0.8400959860383944,False,0.5573769507326523,419,0.0,0.0,0.554840874375182,432,0.7409326424870466,0.8766917293233084,0.0327144963761149,0.4336543883517976,0.6902111153376426
T120_P03_H0800_I0600_CN040_F1,India,unlimited_useful_deadline,unlimited,central_only,targeted_central,all_useful,deadline,-1.0,0.0,0.0,1.0,none,0.0,0,applicable,773.0,0.0,,0.0,51180.0,12582246.0,352823.2703993822,49862.0,36331.5,10.297365011914932,91.66288207203115,14.0,90.90013253927945,90.90013253927945,90.90013253927945,90.90013253927945,80.72445019404915,80.72445019404915,80.72445019404915,80.72445019404915,92.75549805950841,11.0,0.0,45.0,11.0,624.0,149.0,124.8211805555558,275.78090277778017,291.7259027778028,323.3847222222229,624.0,149.0,323.3847222222229,11777.0,204.62083333333334,0.5783826114697239,0.0,,,11.0,0.0,0.0,395.0,88.60759493670885,65.0632911392405,367.0,100.0,100.0,COMPLETED,120,3,800.0,60.0,40.0,48,cd111efd50b788ba,T120_P03_H0800_I0600_F1,0.8939325142450142,False,0.6079187570744906,364,0.0,0.0,0.6077751209179487,368,0.8069948186528497,0.9157894736842106,0.1436744795854712,0.3682947371452017,0.8041220955220104
T120_P03_H0800_I0600_CN050_F1,India,unlimited_useful_deadline,unlimited,central_only,targeted_central,all_useful,deadline,-1.0,0.0,0.0,1.0,none,0.0,0,applicable,773.0,0.0,,0.0,61764.0,15640446.0,411540.71039922995,58018.0,43145.0,10.483774486889919,94.26352995712134,14.0,95.37941280067264,95.37941280067264,95.37941280067264,95.37941280067264,85.64036222509702,85.64036222509702,85.64036222509702,85.64036222509702,94.56662354463131,11.0,0.0,31.0,11.0,662.0,111.0,119.95625000000072,248.47083333333407,257.6324652778071,276.9180555555557,662.0,111.0,276.9180555555557,12790.5,252.95416666666668,0.495232584954455,0.0,,,11.0,0.0,0.0,395.0,92.15189873417722,74.68354430379746,367.0,100.0,100.0,COMPLETED,120,3,800.0,60.0,50.0,60,1b600bfc31da0122,T120_P03_H0800_I0600_F1,0.8958494181492672,False,0.6483141939720845,313,0.0,0.0,0.6459122136880707,317,0.8562176165803108,0.9368421052631579,0.32606011377296684,0.3022632219238826,0.8081780109000354
T120_P03_H0800_I0600_CN060_F1,India,unlimited_useful_deadline,unlimited,central_only,targeted_central,all_useful,deadline,-1.0,0.0,0.0,1.0,none,0.0,0,applicable,773.0,0.0,,0.0,73114.0,18808122.0,472360.0895990371,65442.0,49269.5,10.430495946815155,96.15279229543633,16.0,97.92274878683644,97.92274878683644,97.92274878683644,97.92274878683644,88.8745148771022,88.8745148771022,88.8745148771022,88.8745148771022,96.248382923674,11.0,0.0,18.0,11.0,687.0,86.0,110.65486111111386,236.69305555555565,249.70000000000445,264.6895833333422,687.0,86.0,264.6895833333422,13308.5,299.675,0.411649889231853,0.0,,,11.0,0.0,0.0,395.0,95.44303797468355,81.0126582278481,367.0,100.0,100.0,COMPLETED,120,3,800.0,60.0,60.0,72,1307fb65930aa25d,T120_P03_H0800_I0600_F1,0.9276531079842579,False,0.6674682467692884,284,0.0,0.0,0.6668117157719099,290,0.8886010362694301,0.956390977443609,0.3740579113639114,0.23953823746073796,0.875470416321861
T120_P03_H0800_I0600_CN070_F1,India,unlimited_useful_deadline,unlimited,central_only,targeted_central,all_useful,deadline,-1.0,0.0,0.0,1.0,none,0.0,0,applicable,773.0,0.0,,0.0,82806.0,22043436.0,534478.1183988515,72371.0,54884.5,10.268802053939789,97.53391212455247,16.0,99.50539544711062,99.50539544711062,99.50539544711062,99.50539544711062,94.17852522639069,94.17852522639069,94.17852522639069,94.17852522639069,96.89521345407503,11.0,0.0,13.0,11.0,728.0,45.0,104.3597222222222,228.4792361111291,234.3865277777911,252.35208333333358,728.0,45.0,252.35208333333358,13957.5,341.05833333333334,0.33665062183888383,0.0,,,11.0,0.0,0.0,395.0,96.70886075949367,91.39240506329114,367.0,100.0,100.0,COMPLETED,120,3,800.0,60.0,70.0,84,d35cdfc7aae906d8,T120_P03_H0800_I0600_F1,0.9314897486772487,False,0.6810960542702444,258,0.0,0.0,0.6781899740966235,270,0.9417098445595855,0.9639097744360903,0.4224836522919556,0.1792583581083189,0.8835882410871672
T120_P03_H0800_I0600_CN080_F1,India,unlimited_useful_deadline,unlimited,central_only,targeted_central,all_useful,deadline,-1.0,0.0,0.0,1.0,none,0.0,0,applicable,773.0,0.0,,0.0,91900.0,25294602.0,596900.5055986776,79165.0,60348.0,10.110227656696711,98.53516272287399,17.0,99.8924973805152,99.8924973805152,99.8924973805152,99.8924973805152,96.248382923674,96.248382923674,96.248382923674,96.248382923674,97.28331177231566,11.0,0.0,10.0,11.0,744.0,29.0,94.18819444445609,223.12951388888925,227.9530555555628,240.25555555557756,744.0,29.0,240.25555555557756,14667.5,380.67083333333335,0.27025016144744485,0.0,,,11.0,0.0,0.0,395.0,97.46835443037975,95.44303797468355,367.0,100.0,100.0,COMPLETED,120,3,800.0,60.0,80.0,96,d38c727b3a255f35,T120_P03_H0800_I0600_F1,0.9386580296694543,False,0.6870401429476888,240,0.0,0.0,0.683856150115208,254,0.9624352331606217,0.968421052631579,0.46996355667242895,0.11970553160040405,0.898755376511006
T120_P03_H0800_I0600_CN090_F1,India,unlimited_useful_deadline,unlimited,central_only,targeted_central,all_useful,deadline,-1.0,0.0,0.0,1.0,none,0.0,0,applicable,773.0,0.0,,0.0,99964.0,28695732.0,662202.2015984916,85823.0,65698.0,9.921138866861424,99.31200340954062,18.0,99.9374306225556,99.9374306225556,99.9374306225556,99.9374306225556,97.15394566623544,97.15394566623544,97.15394566623544,97.15394566623544,98.05950840879689,11.0,0.0,4.0,11.0,751.0,22.0,90.91874999999952,216.48402777777787,224.186805555565,236.55763888891045,751.0,22.0,236.55763888891045,15317.0,419.84166666666664,0.20838659415255756,0.0,,,11.0,0.0,0.0,395.0,98.9873417721519,97.21518987341771,367.0,100.0,100.0,COMPLETED,120,3,800.0,60.0,90.0,108,bd392b95eb48fb93,T120_P03_H0800_I0600_F1,0.950622626621295,False,0.6860101199230956,242,0.0,0.0,0.683638534527469,255,0.9715025906735751,0.9774436090225563,0.48447819533288616,0.060697394847282905,0.9240708827610449
T120_P03_H0800_I0600_CN100_F1,India,unlimited_useful_deadline,unlimited,central_only,targeted_central,all_useful,deadline,-1.0,0.0,0.0,1.0,none,0.0,0,applicable,773.0,0.0,,0.0,109144.0,32363652.0,732626.2655982869,92580.0,71130.0,9.708906619927541,100.0,16.0,100.0,100.0,100.0,100.0,98.57697283311772,98.57697283311772,98.57697283311772,98.57697283311772,98.31824062095731,11.0,0.0,2.0,11.0,762.0,11.0,79.72777777778344,162.26458333333863,170.4774305555557,193.65138888890323,762.0,11.0,193.65138888890323,16047.0,459.025,0.13747934934553308,0.0,,,11.0,0.0,0.0,395.0,99.49367088607595,100.0,367.0,100.0,100.0,COMPLETED,120,3,800.0,60.0,100.0,120,9f9b475fe792c16a,T120_P03_H0800_I0600_F1,0.9790755322251385,False,0.7210059956907827,184,0.0,0.0,0.7209321044986376,187,0.9857512953367875,0.9804511278195489,0.6528888901002852,0.0012957377426808803,0.9842734714938856
T120_P03_H0800_I0800_CN010_F1,India,unlimited_useful_deadline,unlimited,central_only,targeted_central,all_useful,deadline,-1.0,0.0,0.0,1.0,none,0.0,0,applicable,773.0,0.0,,0.0,22383.0,4732608.0,163912.34399977553,23354.0,14819.0,9.040807811289852,84.64808691544638,10.0,66.2227409927524,66.2227409927524,66.2227409927524,66.2227409927524,36.99870633893919,36.99870633893919,36.99870633893919,36.99870633893919,65.20051746442432,11.0,137.0,121.0,148.0,286.0,487.0,267.6850694444453,336.33333333333337,347.79635416667094,359.68333333333334,286.0,487.0,359.68333333333334,4338.0,87.34166666666667,0.8926152084724741,0.0,,,11.0,0.0,0.0,395.0,34.68354430379747,18.227848101265824,367.0,100.0,58.31062670299727,COMPLETED,120,3,800.0,80.0,10.0,12,cf65cb2dadb302ba,T120_P03_H0800_I0800_F1,0.7477855477855478,False,0.4001712888806179,537,0.0,0.0,0.4064574609133514,543,0.36917098445595853,0.5954887218045113,0.0011993316451895941,0.5715338415504702,0.4948944251106274
T120_P03_H0800_I0800_CN020_F1,India,unlimited_useful_deadline,unlimited,central_only,targeted_central,all_useful,deadline,-1.0,0.0,0.0,1.0,none,0.0,0,applicable,773.0,0.0,,0.0,41323.0,8411574.0,234548.49119954312,33361.0,22928.5,9.775590489939875,94.02926488867567,12.0,82.42055142099814,82.42055142099814,82.42055142099814,82.42055142099814,70.63389391979301,70.63389391979301,70.63389391979301,70.63389391979301,81.24191461836999,11.0,47.0,87.0,58.0,546.0,227.0,179.2128472222226,305.83333333333337,348.9177083333334,359.38472222223356,546.0,227.0,359.38472222223356,5141.0,148.22916666666666,0.8064987116420708,0.0,,,11.0,0.0,0.0,395.0,66.07594936708861,49.11392405063291,367.0,100.0,95.91280653950953,COMPLETED,120,3,800.0,80.0,20.0,24,73c49aed3f384f70,T120_P03_H0800_I0800_F1,0.8565577940577942,False,0.5419677718302663,438,0.0,0.0,0.5429219506682976,449,0.7059585492227979,0.7819548872180452,0.0023714057529378163,0.49928278516428276,0.7250421259834245
T120_P03_H0800_I0800_CN030_F1,India,unlimited_useful_deadline,unlimited,central_only,targeted_central,all_useful,deadline,-1.0,0.0,0.0,1.0,none,0.0,0,applicable,773.0,0.0,,0.0,60175.0,12374598.0,310638.55199929414,42099.0,30279.5,9.747502299736706,96.74862530755131,15.0,90.62263956135918,90.62263956135918,90.62263956135918,90.62263956135918,79.04269081500647,79.04269081500647,79.04269081500647,79.04269081500647,87.96895213454074,11.0,1.0,81.0,12.0,611.0,162.0,159.38750000000013,273.35208333333355,347.03576388888916,359.98888888889053,611.0,162.0,359.98888888889053,6256.0,200.19583333333333,0.7238351683421096,0.0,,,11.0,0.0,0.0,395.0,79.24050632911393,61.77215189873417,367.0,100.0,100.0,COMPLETED,120,3,800.0,80.0,30.0,36,d622cd3106e88fcf,T120_P03_H0800_I0800_F1,0.8971934291083228,False,0.5773565577729389,395,0.0,0.0,0.5783998737773747,399,0.7901554404145077,0.8601503759398496,0.0,0.43067179202929323,0.8110217605032226
T120_P03_H0800_I0800_CN040_F1,India,unlimited_useful_deadline,unlimited,central_only,targeted_central,all_useful,deadline,-1.0,0.0,0.0,1.0,none,0.0,0,applicable,773.0,0.0,,0.0,78375.0,16547646.0,390761.07359904225,50513.0,37312.0,9.548545779226114,98.18423027444254,15.0,95.93603788656853,95.93603788656853,95.93603788656853,95.93603788656853,86.15782664941786,86.15782664941786,86.15782664941786,86.15782664941786,92.10866752910736,11.0,0.0,50.0,11.0,666.0,107.0,137.60451388890988,244.32152777777853,262.41736111111317,342.9506944444445,666.0,107.0,342.9506944444445,7225.5,250.72083333333333,0.6411282191902237,0.0,,,11.0,0.0,0.0,395.0,87.34177215189874,75.69620253164557,367.0,100.0,100.0,COMPLETED,120,3,800.0,80.0,40.0,48,5483a60b11167d21,T120_P03_H0800_I0800_F1,0.9140918696474252,False,0.6101135019542493,360,0.0,0.0,0.6093823851611103,365,0.86139896373057,0.9082706766917292,0.06687636798766405,0.3635892895277995,0.8467766278677886
T120_P03_H0800_I0800_CN050_F1,India,unlimited_useful_deadline,unlimited,central_only,targeted_central,all_useful,deadline,-1.0,0.0,0.0,1.0,none,0.0,0,applicable,773.0,0.0,,0.0,96373.0,20776734.0,471959.5631987655,58141.0,43569.5,9.231617154805004,98.893721525379,18.0,99.04126732182193,99.04126732182193,99.04126732182193,99.04126732182193,93.40232858990944,93.40232858990944,93.40232858990944,93.40232858990944,95.34282018111256,11.0,0.0,25.0,11.0,722.0,51.0,127.93576388889245,226.63715277777823,241.07868055555562,261.6541666666744,722.0,51.0,261.6541666666744,8125.5,295.3666666666667,0.5597190873866758,0.0,,,11.0,0.0,0.0,395.0,93.67088607594937,89.87341772151899,367.0,100.0,100.0,COMPLETED,120,3,800.0,80.0,50.0,60,2fc76a4fdce13308,T120_P03_H0800_I0800_F1,0.9075356519954858,False,0.6848327119708395,247,0.0,0.0,0.6797810476590851,266,0.9339378238341969,0.9458646616541354,0.3859721809573151,0.3002260342506677,0.8329045375991104
T120_P03_H0800_I0800_CN060_F1,India,unlimited_useful_deadline,unlimited,central_only,targeted_central,all_useful,deadline,-1.0,0.0,0.0,1.0,none,0.0,0,applicable,773.0,0.0,,0.0,112563.0,25201968.0,556924.0559985203,65175.0,49243.5,8.842049372730065,99.24253962451897,16.0,100.0,100.0,100.0,100.0,98.57697283311772,98.57697283311772,98.57697283311772,98.57697283311772,97.28331177231566,11.0,0.0,10.0,11.0,762.0,11.0,123.21284722222215,207.37152777778059,215.89826388888906,239.38750000000047,762.0,11.0,239.38750000000047,8809.5,336.95,0.474394074293911,0.0,,,11.0,0.0,0.0,395.0,97.46835443037975,100.0,367.0,100.0,100.0,COMPLETED,120,3,800.0,80.0,60.0,72,fe58facf08303baa,T120_P03_H0800_I0800_F1,0.9201862787984836,False,0.7116795254262518,208,0.0,0.0,0.7053755402778149,218,0.9857512953367875,0.968421052631579,0.47337074884632935,0.23966301220632946,0.8596715923680494
T120_P03_H0800_I0800_CN070_F1,India,unlimited_useful_deadline,unlimited,central_only,targeted_central,all_useful,deadline,-1.0,0.0,0.0,1.0,none,0.0,0,applicable,773.0,0.0,,0.0,129191.0,29772204.0,644672.5871982453,72043.0,54751.0,8.492838238701678,99.5360815327574,19.0,100.0,100.0,100.0,100.0,98.57697283311772,98.57697283311772,98.57697283311772,98.57697283311772,97.67141009055628,11.0,0.0,7.0,11.0,762.0,11.0,114.6180555555693,178.5515972222284,190.68107638893915,202.65416666666715,762.0,11.0,202.65416666666715,9451.5,377.49583333333334,0.3996623399080932,0.0,,,11.0,0.0,0.0,395.0,98.22784810126582,100.0,367.0,100.0,100.0,COMPLETED,120,3,800.0,80.0,70.0,84,ec934eb4e36cc3bb,T120_P03_H0800_I0800_F1,0.9522668173422767,False,0.7396470053739814,151,0.0,0.0,0.7367369292610055,159,0.9857512953367875,0.9729323308270678,0.6175522186272604,0.17989902843664443,0.9275497730772676
T120_P03_H0800_I0800_CN080_F1,India,unlimited_useful_deadline,unlimited,central_only,targeted_central,all_useful,deadline,-1.0,0.0,0.0,1.0,none,0.0,0,applicable,773.0,0.0,,0.0,145221.0,34559088.0,736580.7599979601,78920.0,60249.0,8.179551146593464,99.68049262228419,18.0,100.0,100.0,100.0,100.0,98.57697283311772,98.57697283311772,98.57697283311772,98.57697283311772,97.93014230271669,11.0,0.0,5.0,11.0,762.0,11.0,100.75555555556075,166.23430555555746,173.25607638888965,190.2555555555574,762.0,11.0,190.2555555555574,9992.0,418.80833333333334,0.307624311041248,0.0,,,11.0,0.0,0.0,395.0,98.73417721518987,100.0,367.0,100.0,100.0,COMPLETED,120,3,800.0,80.0,80.0,96,8cd940d10fb9e4b7,T120_P03_H0800_I0800_F1,0.9684121950034025,False,0.7431621748580504,145,0.0,0.0,0.7419601730359788,146,0.9857512953367875,0.9759398496240601,0.6662178258843018,0.12018063543938706,0.9617112588953575
T120_P03_H0800_I0800_CN090_F1,India,unlimited_useful_deadline,unlimited,central_only,targeted_central,all_useful,deadline,-1.0,0.0,0.0,1.0,none,0.0,0,applicable,773.0,0.0,,0.0,160443.0,39534072.0,832100.4527976738,85801.0,65767.0,7.903733230630909,99.88976234281631,20.0,100.0,100.0,100.0,100.0,98.57697283311772,98.57697283311772,98.57697283311772,98.57697283311772,98.31824062095731,11.0,0.0,2.0,11.0,762.0,11.0,98.73784722222537,162.37138888888902,174.36302083334115,188.48402777778003,762.0,11.0,188.48402777778003,10781.5,458.2125,0.23323292807497742,0.0,,,11.0,0.0,0.0,395.0,99.49367088607595,100.0,367.0,100.0,100.0,COMPLETED,120,3,800.0,80.0,90.0,108,0aefbfba0f9a3665,T120_P03_H0800_I0800_F1,0.9797438514630117,False,0.737088678510632,158,0.0,0.0,0.7370854910785528,156,0.9857512953367875,0.9804511278195489,0.6731712236726237,0.0603662618685978,0.9856875466952065
T120_P03_H0800_I0800_CN100_F1,India,unlimited_useful_deadline,unlimited,central_only,targeted_central,all_useful,deadline,-1.0,0.0,0.0,1.0,none,0.0,0,applicable,773.0,0.0,,0.0,174385.0,44409558.0,925709.7839973697,92676.0,71274.0,7.699389293718702,100.0,21.0,100.0,100.0,100.0,100.0,98.57697283311772,98.57697283311772,98.57697283311772,98.57697283311772,98.31824062095731,11.0,0.0,2.0,11.0,762.0,11.0,85.03993055557558,157.05631944444917,167.94409722222287,183.4840277777798,762.0,11.0,183.4840277777798,11407.5,498.8875,0.15589346017110306,0.0,,,11.0,0.0,0.0,395.0,99.49367088607595,100.0,367.0,100.0,100.0,COMPLETED,120,3,800.0,80.0,100.0,120,9698bf94a2853693,T120_P03_H0800_I0800_F1,0.9803854379313698,False,0.7292650738727888,168,0.0,0.0,0.7293297620503731,169,0.9857512953367875,0.9804511278195489,0.6927966505938039,0.0006046776132510775,0.9870450588884745
T120_P03_H0800_I0986_CN010_F1,India,unlimited_useful_deadline,unlimited,central_only,targeted_central,all_useful,deadline,-1.0,0.0,0.0,1.0,none,0.0,0,applicable,773.0,0.0,,0.0,22815.0,4678518.0,159192.7295997718,21843.0,13399.0,8.416841669645702,78.05060079110382,10.0,60.66195326057121,60.66195326057121,60.66195326057121,60.66195326057121,38.033635187580856,38.033635187580856,38.033635187580856,38.033635187580856,58.99094437257438,6.0,177.0,134.0,183.0,294.0,479.0,224.25104166666642,322.5865972222237,347.76947916667,358.7840277777803,294.0,479.0,358.7840277777803,5071.5,69.39583333333333,0.8862038426898828,0.0,,,11.0,0.0,0.0,395.0,22.531645569620252,17.21518987341772,367.0,100.0,61.58038147138964,COMPLETED,120,3,800.0,98.6,10.0,12,0474cf9df7d13a70,T120_P03_H0800_I0986_F1,0.7298012723607962,False,0.38468691401630717,542,0.0,0.0,0.38855233380853393,547,0.37953367875647676,0.5233082706766917,0.004729182737252979,0.5783484622712364,0.45684207460101184
T120_P03_H0800_I0986_CN020_F1,India,unlimited_useful_deadline,unlimited,central_only,targeted_central,all_useful,deadline,-1.0,0.0,0.0,1.0,none,0.0,0,applicable,773.0,0.0,,0.0,43177.0,8447016.0,231547.89119952198,30223.0,19763.5,8.535383284043833,88.18023123434614,15.0,72.62157270032694,72.62157270032694,72.62157270032694,72.62157270032694,62.8719275549806,62.8719275549806,62.8719275549806,62.8719275549806,59.76714100905562,6.0,109.0,196.0,115.0,486.0,287.0,203.88402777777833,338.70104166666715,348.8513888888924,356.9180555555557,486.0,287.0,356.9180555555557,6291.0,112.27083333333333,0.8031858106018432,0.0,,,11.0,0.0,0.0,395.0,24.050632911392405,33.41772151898734,367.0,100.0,96.45776566757493,COMPLETED,120,3,800.0,98.6,20.0,24,50a78ef9e62257f2,T120_P03_H0800_I0986_F1,0.8372542295381802,False,0.47146049980803056,500,0.0,0.0,0.47425849941302084,513,0.628238341968912,0.5323308270676691,0.012053283034096807,0.5144717109257086,0.6841983340687178
T120_P03_H0800_I0986_CN030_F1,India,unlimited_useful_deadline,unlimited,central_only,targeted_central,all_useful,deadline,-1.0,0.0,0.0,1.0,none,0.0,0,applicable,773.0,0.0,,0.0,61795.0,12493680.0,309243.8399992924,37226.0,25264.0,8.169604930548594,92.90096580113996,16.0,77.08187170235807,77.08187170235807,77.08187170235807,77.08187170235807,69.21086675291073,69.21086675291073,69.21086675291073,69.21086675291073,60.15523932729625,6.0,95.0,207.0,101.0,535.0,238.0,167.63333333333333,297.1259722222256,307.61423611113355,329.65416666666715,535.0,238.0,329.65416666666715,7087.0,151.475,0.7259402908437402,0.0,,,11.0,0.0,0.0,395.0,24.81012658227848,42.53164556962025,367.0,100.0,100.0,COMPLETED,120,3,800.0,98.6,30.0,36,d4be95c96033b193,T120_P03_H0800_I0986_F1,0.9236924541363795,False,0.525120950645769,457,0.0,0.0,0.5338899682231325,457,0.6917098445595854,0.5368421052631579,0.11906637482930416,0.4547413203567598,0.8670901961068556
T120_P03_H0800_I0986_CN040_F1,India,unlimited_useful_deadline,unlimited,central_only,targeted_central,all_useful,deadline,-1.0,0.0,0.0,1.0,none,0.0,0,applicable,773.0,0.0,,0.0,80531.0,16740126.0,390775.60319906264,44083.0,30710.0,7.858730112267578,95.50309345490068,13.0,80.17376384362383,80.17376384362383,80.17376384362383,80.17376384362383,71.02199223803363,71.02199223803363,71.02199223803363,71.02199223803363,60.41397153945667,6.0,77.0,223.0,83.0,549.0,224.0,162.08611111111193,289.9501388888889,295.2454166666668,303.2173611111121,549.0,224.0,303.2173611111121,7967.0,189.525,0.6509625672368056,0.0,,,11.0,0.0,0.0,395.0,25.31645569620253,46.07594936708861,367.0,100.0,100.0,COMPLETED,120,3,800.0,98.6,40.0,48,6ca0e6fea711af7a,T120_P03_H0800_I0986_F1,0.9490791337785874,False,0.5471729372402835,429,0.0,0.0,0.5577209620535033,423,0.7098445595854922,0.5398496240601505,0.22283309392129913,0.39527247685068545,0.920805055849889
T120_P03_H0800_I0986_CN050_F1,India,unlimited_useful_deadline,unlimited,central_only,targeted_central,all_useful,deadline,-1.0,0.0,0.0,1.0,none,0.0,0,applicable,773.0,0.0,,0.0,97783.0,21062772.0,473770.4063988533,51686.0,36872.5,7.782778219574595,97.28930774967795,12.0,84.2124824328214,84.2124824328214,84.2124824328214,84.2124824328214,73.86804657179819,73.86804657179819,73.86804657179819,73.86804657179819,60.543337645536866,6.0,51.0,248.0,57.0,571.0,202.0,156.82222222224033,281.93333333333334,291.3177083333353,298.085416666668,571.0,202.0,298.085416666668,8738.5,234.45,0.5645731143811759,0.0,,,11.0,0.0,0.0,395.0,25.569620253164555,51.64556962025316,367.0,100.0,100.0,COMPLETED,120,3,800.0,98.6,50.0,60,d4a84f0ed836580b,T120_P03_H0800_I0986_F1,0.951260783550626,False,0.5467376483652863,433,0.0,0.0,0.5560916068448345,426,0.7383419689119171,0.5413533834586466,0.24297641405289727,0.33236512929783013,0.9254211385028815
T120_P03_H0800_I0986_CN060_F1,India,unlimited_useful_deadline,unlimited,central_only,targeted_central,all_useful,deadline,-1.0,0.0,0.0,1.0,none,0.0,0,applicable,773.0,0.0,,0.0,116115.0,25532526.0,559589.6831985287,59046.0,42803.0,7.648997343079062,98.32488376982921,10.0,87.64366559502888,87.64366559502888,87.64366559502888,87.64366559502888,76.45536869340232,76.45536869340232,76.45536869340232,76.45536869340232,60.543337645536866,6.0,36.0,263.0,42.0,591.0,182.0,156.65138888890698,277.22013888888927,284.67048611113273,291.5194444444484,591.0,182.0,291.5194444444484,9474.0,277.7416666666667,0.47788037444867837,0.0,,,11.0,0.0,0.0,395.0,25.569620253164555,56.708860759493675,367.0,100.0,100.0,COMPLETED,120,3,800.0,98.6,60.0,72,9d5aa68ddc9fed46,T120_P03_H0800_I0986_F1,0.9518839694178105,False,0.5462077248865522,434,0.0,0.0,0.5543322755261598,434,0.7642487046632124,0.5413533834586466,0.26874841565563,0.27057115639794505,0.926739717455365
T120_P03_H0800_I0986_CN070_F1,India,unlimited_useful_deadline,unlimited,central_only,targeted_central,all_useful,deadline,-1.0,0.0,0.0,1.0,none,0.0,0,applicable,773.0,0.0,,0.0,132295.0,30140670.0,648066.0479982467,66249.0,48573.5,7.495146544095983,98.96857339907562,11.0,90.14971027498662,90.14971027498662,90.14971027498662,90.14971027498662,78.39586028460543,78.39586028460543,78.39586028460543,78.39586028460543,60.93143596377749,6.0,23.0,273.0,29.0,606.0,167.0,155.01944444444686,271.1097222222253,277.3184027777787,289.2173611111365,606.0,167.0,289.2173611111365,10459.0,317.62083333333334,0.3992499573653072,0.0,,,11.0,0.0,0.0,395.0,26.329113924050635,60.50632911392405,367.0,100.0,100.0,COMPLETED,120,3,800.0,98.6,70.0,84,f4a15c0d9b1ab548,T120_P03_H0800_I0986_F1,0.947274935826916,False,0.5401066266336904,441,0.0,0.0,0.5467720693786322,441,0.783678756476684,0.5458646616541353,0.2777842893005057,0.20954502808631534,0.916987611375521
T120_P03_H0800_I0986_CN080_F1,India,unlimited_useful_deadline,unlimited,central_only,targeted_central,all_useful,deadline,-1.0,0.0,0.0,1.0,none,0.0,0,applicable,773.0,0.0,,0.0,148597.0,34950378.0,740412.4415979624,73217.0,54131.5,7.310992760085593,99.5012146347321,11.0,92.23521381590652,92.23521381590652,92.23521381590652,92.23521381590652,80.59508408796894,80.59508408796894,80.59508408796894,80.59508408796894,61.319534282018104,6.0,16.0,277.0,22.0,623.0,150.0,152.48472222223353,266.0634722222237,272.6079861111171,285.3875000000023,623.0,150.0,285.3875000000023,11169.5,358.01666666666665,0.31850879847306923,0.0,,,11.0,0.0,0.0,395.0,27.088607594936708,64.81012658227849,367.0,100.0,100.0,COMPLETED,120,3,800.0,98.6,80.0,96,227e8f197ca68eb4,T120_P03_H0800_I0986_F1,0.9522115213126451,False,0.5390860774419699,442,0.0,0.0,0.5451727420479514,445,0.8056994818652848,0.550375939849624,0.2928168211714718,0.14953869336846223,0.9274327739849141
T120_P03_H0800_I0986_CN090_F1,India,unlimited_useful_deadline,unlimited,central_only,targeted_central,all_useful,deadline,-1.0,0.0,0.0,1.0,none,0.0,0,applicable,773.0,0.0,,0.0,163825.0,39977190.0,836927.2319976775,80098.0,59552.5,7.115612651036938,99.7313294991814,9.0,93.3954046444835,93.3954046444835,93.3954046444835,93.3954046444835,84.86416558861578,84.86416558861578,84.86416558861578,84.86416558861578,61.190168175937906,6.0,14.0,280.0,20.0,656.0,117.0,150.50208333333933,265.9350694444519,273.04288194445485,286.3875000000001,656.0,117.0,286.3875000000001,12071.5,395.675,0.2327987335284991,0.0,,,11.0,0.0,0.0,395.0,26.83544303797468,73.16455696202532,367.0,100.0,100.0,COMPLETED,120,3,800.0,98.6,90.0,108,fb05397636467474,T120_P03_H0800_I0986_F1,0.9460845754290877,False,0.5348724922359375,447,0.0,0.0,0.5381736607460821,454,0.8484455958549222,0.5488721804511278,0.2888917357872446,0.09018982557930273,0.9144689660578127
T120_P03_H0800_I0986_CN100_F1,India,unlimited_useful_deadline,unlimited,central_only,targeted_central,all_useful,deadline,-1.0,0.0,0.0,1.0,none,0.0,0,applicable,773.0,0.0,,0.0,178013.0,44986008.0,933096.5375973813,87167.0,65211.5,6.988719534627391,100.0,10.0,94.77260028107487,94.77260028107487,94.77260028107487,94.77260028107487,90.29754204398448,90.29754204398448,90.29754204398448,90.29754204398448,61.319534282018104,6.0,9.0,284.0,15.0,698.0,75.0,147.38611111112186,259.26909722222354,265.2173611111121,278.6513888888895,698.0,75.0,278.6513888888895,12832.5,436.4916666666667,0.13991278311282507,0.0,,,11.0,0.0,0.0,395.0,27.088607594936708,83.79746835443038,367.0,100.0,100.0,COMPLETED,120,3,800.0,98.6,100.0,120,9fcb3da4bd442f23,T120_P03_H0800_I0986_F1,0.9560682638225618,False,0.545917677214979,435,0.0,0.0,0.5475548467452844,438,0.9028497409326425,0.550375939849624,0.31925663244028946,0.029698788965113465,0.9355931315387527
T120_P03_H1000_I0600_CN000_F1,India,unlimited_useful_deadline,unlimited,central_only,targeted_central,all_useful,deadline,-1.0,0.0,0.0,1.0,none,0.0,0,applicable,773.0,0.0,,0.0,2450.0,1678437.0,167843.7,11216.0,6541.0,3.897078055357454,0.0,1.0,40.263578028244,40.263578028244,40.263578028244,40.263578028244,14.100905562742561,14.100905562742561,14.100905562742561,14.100905562742561,58.08538163001293,11.0,313.0,0.0,324.0,109.0,664.0,109.18333333333334,112.8,113.56666666666666,351.21666666666664,109.0,664.0,351.21666666666664,6541.0,0.0,0.0,0.0,,,11.0,0.0,0.0,395.0,20.759493670886076,20.759493670886076,367.0,100.0,7.3569482288828345,COMPLETED,120,3,1000.0,60.0,0.0,0,028e48a2d8a9c78b,T120_P03_H1000_I0600_F1,0.8468654434250766,False,0.37901569424817194,545,0.0,0.0,0.4072475952307898,541,0.13989637305699482,0.512781954887218,0.034431721231720114,0.6445935342686641,0.7045343927093521
T120_P03_H1000_I0600_CN010_F1,India,unlimited_useful_deadline,unlimited,central_only,targeted_central,all_useful,deadline,-1.0,0.0,0.0,1.0,none,0.0,0,applicable,773.0,0.0,,0.0,13686.0,4059327.0,213556.78799987724,22243.0,14555.5,6.815751508684597,62.22390161794511,6.0,60.02635496549865,60.02635496549865,60.02635496549865,60.02635496549865,15.653298835705046,15.653298835705046,15.653298835705046,15.653298835705046,79.17205692108668,11.0,93.0,57.0,104.0,121.0,652.0,108.86666666666666,113.68333333333334,200.21736111111144,351.8,121.0,652.0,351.8,8421.5,51.11666666666667,0.8471742201934573,0.0,,,11.0,0.0,0.0,395.0,62.0253164556962,20.759493670886076,367.0,100.0,10.626702997275205,COMPLETED,120,3,1000.0,60.0,10.0,12,11d11bd36957fa18,T120_P03_H1000_I0600_F1,0.91883608815427,True,0.43994936084003766,520,0.0,0.0,0.475018078483029,511,0.15544041450777205,0.7578947368421053,0.03214208809091568,0.5727983856067532,0.8568147673675988
T120_P03_H1000_I0600_CN020_F1,India,unlimited_useful_deadline,unlimited,central_only,targeted_central,all_useful,deadline,-1.0,0.0,0.0,1.0,none,0.0,0,applicable,773.0,0.0,,0.0,26846.0,6726087.0,264758.57999972685,32916.0,22467.5,8.486032822816613,80.24479804161567,10.0,77.14482165238627,77.14482165238627,77.14482165238627,77.14482165238627,60.41397153945667,60.41397153945667,60.41397153945667,60.41397153945667,83.82923673997412,11.0,69.0,45.0,80.0,467.0,306.0,165.12083333333337,339.1270833333335,349.2764583333371,358.0881944444654,467.0,306.0,358.0881944444654,9948.5,104.325,0.7392396890060442,0.0,,,11.0,0.0,0.0,395.0,71.13924050632912,42.53164556962025,367.0,100.0,81.47138964577657,COMPLETED,120,3,1000.0,60.0,20.0,24,5e1154a11548ada0,T120_P03_H1000_I0600_F1,0.7582679038781821,False,0.4926649116954628,486,0.0,0.0,0.48833724982286786,496,0.6036269430051815,0.8120300751879699,0.007460387983711403,0.5014951373841935,0.5170737055532828
T120_P03_H1000_I0600_CN030_F1,India,unlimited_useful_deadline,unlimited,central_only,targeted_central,all_useful,deadline,-1.0,0.0,0.0,1.0,none,0.0,0,applicable,773.0,0.0,,0.0,37438.0,9473439.0,317507.7383995884,41420.0,29428.5,9.268592995035535,87.99802912142991,14.0,85.7666196003952,85.7666196003952,85.7666196003952,85.7666196003952,74.77360931435963,74.77360931435963,74.77360931435963,74.77360931435963,91.33247089262613,11.0,17.0,39.0,28.0,578.0,195.0,156.0454861111391,310.854513888889,323.8813194444461,352.52222222222287,578.0,195.0,352.52222222222287,11424.0,150.0375,0.6614927286696846,0.0,,,11.0,0.0,0.0,395.0,85.82278481012658,53.67088607594936,367.0,100.0,99.72752043596729,COMPLETED,120,3,1000.0,60.0,30.0,36,3b92ff7ec49632c9,T120_P03_H1000_I0600_F1,0.833475105728566,False,0.5609449007077696,416,0.0,0.0,0.5573845447579683,425,0.7474093264248703,0.8992481203007519,0.029307304202298434,0.4347557654330763,0.6762022074288446
T120_P03_H1000_I0600_CN040_F1,India,unlimited_useful_deadline,unlimited,central_only,targeted_central,all_useful,deadline,-1.0,0.0,0.0,1.0,none,0.0,0,applicable,773.0,0.0,,0.0,47904.0,12250341.0,370824.2567994452,49446.0,36104.0,9.736148414780297,91.88178595169511,14.0,90.88315258504586,90.88315258504586,90.88315258504586,90.88315258504586,78.78395860284606,78.78395860284606,78.78395860284606,78.78395860284606,93.53169469598966,11.0,0.0,39.0,11.0,609.0,164.0,130.91805555555692,269.9826388888982,289.24930555555574,315.38472222222225,609.0,164.0,315.38472222222225,12684.5,195.1625,0.5760230078922834,0.0,,,11.0,0.0,0.0,395.0,90.12658227848101,61.26582278481013,367.0,100.0,100.0,COMPLETED,120,3,1000.0,60.0,40.0,48,1f2369cb5cefcb4e,T120_P03_H1000_I0600_F1,0.8899942224654868,False,0.6101143120639151,359,0.0,0.0,0.6105255332463914,364,0.7875647668393783,0.9248120300751881,0.17507516265936063,0.3693865161691274,0.7957891904889023
T120_P03_H1000_I0600_CN050_F1,India,unlimited_useful_deadline,unlimited,central_only,targeted_central,all_useful,deadline,-1.0,0.0,0.0,1.0,none,0.0,0,applicable,773.0,0.0,,0.0,58218.0,15160113.0,426691.8791992981,57617.0,42899.0,10.053859023635846,94.65139047530245,13.0,95.39681428161401,95.39681428161401,95.39681428161401,95.39681428161401,84.47606727037517,84.47606727037517,84.47606727037517,84.47606727037517,95.86028460543338,11.0,0.0,21.0,11.0,653.0,120.0,118.91805555555547,249.43777777777794,262.9850000000002,279.25277777777785,653.0,120.0,279.25277777777785,13703.0,243.3,0.4950304265424488,0.0,,,11.0,0.0,0.0,395.0,94.68354430379748,72.40506329113924,367.0,100.0,100.0,COMPLETED,120,3,1000.0,60.0,50.0,60,5f56c81c6c54eedc,T120_P03_H1000_I0600_F1,0.9133904770007373,False,0.6523777048143187,307,0.0,0.0,0.65241435422488,312,0.844559585492228,0.9518796992481203,0.316896129702272,0.3034437829783252,0.8452925737034546
T120_P03_H1000_I0600_CN060_F1,India,unlimited_useful_deadline,unlimited,central_only,targeted_central,all_useful,deadline,-1.0,0.0,0.0,1.0,none,0.0,0,applicable,773.0,0.0,,0.0,68782.0,18131535.0,483743.18159911985,64961.0,48890.0,10.106602399724439,96.39190018408672,16.0,97.5906933323058,97.5906933323058,97.5906933323058,97.5906933323058,87.83958602846054,87.83958602846054,87.83958602846054,87.83958602846054,96.76584734799482,11.0,0.0,14.0,11.0,679.0,94.0,114.66944444445544,242.87236111111218,251.82256944444475,274.9506944444495,679.0,94.0,274.9506944444495,14458.5,286.9291666666667,0.41520688420003005,0.0,,,11.0,0.0,0.0,395.0,96.45569620253166,78.9873417721519,367.0,100.0,100.0,COMPLETED,120,3,1000.0,60.0,60.0,72,44d97a2de1de39ec,T120_P03_H1000_I0600_F1,0.9278998254513717,False,0.6584679827740538,293,0.0,0.0,0.6583556875697644,304,0.8782383419689119,0.9624060150375939,0.333782174115684,0.2413594688435061,0.8759924378831265
T120_P03_H1000_I0600_CN070_F1,India,unlimited_useful_deadline,unlimited,central_only,targeted_central,all_useful,deadline,-1.0,0.0,0.0,1.0,none,0.0,0,applicable,773.0,0.0,,0.0,77830.0,21179397.0,542262.1319989564,71994.0,54586.0,10.06634923939425,97.64774850694317,16.0,99.06928259461638,99.06928259461638,99.06928259461638,99.06928259461638,91.20310478654594,91.20310478654594,91.20310478654594,91.20310478654594,97.54204398447607,11.0,0.0,8.0,11.0,705.0,68.0,108.65416666666715,230.20000000000795,239.38694444444488,254.51944444446102,705.0,68.0,254.51944444446102,15263.5,327.6875,0.3403160828194207,0.0,,,11.0,0.0,0.0,395.0,97.9746835443038,85.56962025316456,367.0,100.0,100.0,COMPLETED,120,3,1000.0,60.0,70.0,84,dca5b451dedb0d18,T120_P03_H1000_I0600_F1,0.9423226950354607,False,0.6771748761363969,267,0.0,0.0,0.6769044874245057,274,0.911917098445596,0.9714285714285714,0.413976574872308,0.18069086816828275,0.9065093242077701
T120_P03_H1000_I0600_CN080_F1,India,unlimited_useful_deadline,unlimited,central_only,targeted_central,all_useful,deadline,-1.0,0.0,0.0,1.0,none,0.0,0,applicable,773.0,0.0,,0.0,86806.0,24261393.0,601436.4551987842,78833.0,60068.0,9.987422524985883,98.58826663115136,20.0,99.6115387997449,99.6115387997449,99.6115387997449,99.6115387997449,93.53169469598966,93.53169469598966,93.53169469598966,93.53169469598966,97.67141009055628,11.0,0.0,7.0,11.0,723.0,50.0,97.52291666666957,219.54833333335142,228.7926388888901,251.65138888889476,723.0,50.0,251.65138888889476,16053.5,366.7875,0.2709081666269071,0.0,,,11.0,0.0,0.0,395.0,98.22784810126582,90.12658227848101,367.0,100.0,100.0,COMPLETED,120,3,1000.0,60.0,80.0,96,54f5bf126bbaffb5,T120_P03_H1000_I0600_F1,0.9396848265969981,False,0.6727905872803733,276,0.0,0.0,0.6710753264061591,285,0.9352331606217618,0.9729323308270678,0.4252339378146376,0.12104925962985091,0.9009279431374779
T120_P03_H1000_I0600_CN090_F1,India,unlimited_useful_deadline,unlimited,central_only,targeted_central,all_useful,deadline,-1.0,0.0,0.0,1.0,none,0.0,0,applicable,773.0,0.0,,0.0,94494.0,27476667.0,663169.7159986105,85685.0,65567.0,9.886911060356287,99.38078606616133,18.0,99.82478660029156,99.82478660029156,99.82478660029156,99.82478660029156,94.69598965071151,94.69598965071151,94.69598965071151,94.69598965071151,98.44760672703752,11.0,0.0,1.0,11.0,732.0,41.0,93.65173611113721,213.07444444444496,219.7147569444445,247.95347222222475,732.0,41.0,247.95347222222475,16878.0,405.7416666666667,0.20336420957505807,0.0,,,11.0,0.0,0.0,395.0,99.74683544303798,92.40506329113924,367.0,100.0,100.0,COMPLETED,120,3,1000.0,60.0,90.0,108,67cf6c5ce190ca47,T120_P03_H1000_I0600_F1,0.9494421675774135,False,0.6715646822968759,278,0.0,0.0,0.670298782081384,287,0.9468911917098445,0.9819548872180452,0.43974857647510635,0.06132606760391698,0.9215731874000073
T120_P03_H1000_I0600_CN100_F1,India,unlimited_useful_deadline,unlimited,central_only,targeted_central,all_useful,deadline,-1.0,0.0,0.0,1.0,none,0.0,0,applicable,773.0,0.0,,0.0,103452.0,30946107.0,729782.9639984148,92509.0,71023.5,9.732140033917574,100.0,22.0,100.0,100.0,100.0,100.0,98.57697283311772,98.57697283311772,98.57697283311772,98.57697283311772,98.57697283311772,11.0,0.0,0.0,11.0,762.0,11.0,84.73090277779605,161.6761111111436,169.644791666667,198.35208333334012,762.0,11.0,198.35208333334012,17880.0,442.8625,0.1280089913786886,0.0,,,11.0,0.0,0.0,395.0,100.0,100.0,367.0,100.0,100.0,COMPLETED,120,3,1000.0,60.0,100.0,120,e7279bbbc220250e,T120_P03_H1000_I0600_F1,0.9800998833479149,False,0.7183447020930818,190,0.0,0.0,0.7183791804822743,192,0.9857512953367875,0.9834586466165414,0.6344382630406671,0.0018068342967383355,0.9864408631206373
T120_P03_H1000_I0800_CN000_F1,India,unlimited_useful_deadline,unlimited,central_only,targeted_central,all_useful,deadline,-1.0,0.0,0.0,1.0,none,0.0,0,applicable,773.0,0.0,,0.0,1988.0,1192464.0,119246.4,10392.0,5309.0,4.452126018060084,0.0,1.0,34.41190742425811,34.41190742425811,34.41190742425811,34.41190742425811,0.517464424320828,0.517464424320828,0.517464424320828,0.517464424320828,34.67011642949547,11.0,356.0,138.0,367.0,4.0,769.0,334.1333333333333,341.32166666666666,342.2191666666667,343.1166666666667,4.0,769.0,343.1166666666667,5309.0,0.0,0.0,0.0,,,11.0,0.0,0.0,395.0,0.0,0.0,367.0,73.02452316076294,1.08991825613079,COMPLETED,120,3,1000.0,80.0,0.0,0,e64653d686e561d0,T120_P03_H1000_I0800_F1,0.7567708333333334,False,0.26952388874458777,560,0.0,0.0,0.2950248933309805,559,0.003886010362694301,0.24060150375939848,0.06622491284403065,0.6505059375982302,0.5139061020905489
T120_P03_H1000_I0800_CN010_F1,India,unlimited_useful_deadline,unlimited,central_only,targeted_central,all_useful,deadline,-1.0,0.0,0.0,1.0,none,0.0,0,applicable,773.0,0.0,,0.0,20850.0,4788672.0,188293.5935997981,23643.0,15109.5,8.024436578609226,79.44339653860155,9.0,69.07215477708509,69.07215477708509,69.07215477708509,69.07215477708509,39.32729624838293,39.32729624838293,39.32729624838293,39.32729624838293,69.85769728331177,11.0,112.0,110.0,123.0,304.0,469.0,286.8840277777779,342.7,347.3042708333447,356.38750000000084,304.0,469.0,356.38750000000084,5441.0,80.57083333333334,0.887692420403027,0.0,,,11.0,0.0,0.0,395.0,43.79746835443038,17.468354430379744,367.0,100.0,64.03269754768392,COMPLETED,120,3,1000.0,80.0,10.0,12,6ac1e2dea90f1800,T120_P03_H1000_I0800_F1,0.7623004995126704,False,0.42374259197268305,525,0.0,0.0,0.4303985468952257,527,0.39248704663212447,0.6496240601503759,0.014135758890730377,0.5701397237199192,0.525606145082979
T120_P03_H1000_I0800_CN020_F1,India,unlimited_useful_deadline,unlimited,central_only,targeted_central,all_useful,deadline,-1.0,0.0,0.0,1.0,none,0.0,0,applicable,773.0,0.0,,0.0,37872.0,8226402.0,254298.00959959335,33065.0,22836.5,8.980211852997735,92.06533400477306,12.0,83.1340116576337,83.1340116576337,83.1340116576337,83.1340116576337,74.25614489003881,74.25614489003881,74.25614489003881,74.25614489003881,82.92367399741268,11.0,40.0,81.0,51.0,574.0,199.0,187.70416666667887,307.4852083333337,311.4841666666666,326.3833333333333,574.0,199.0,326.3833333333333,6094.0,139.52083333333334,0.8041871982479718,0.0,,,11.0,0.0,0.0,395.0,69.36708860759494,52.40506329113924,367.0,100.0,100.0,COMPLETED,120,3,1000.0,80.0,20.0,24,e56378716e9c81de,T120_P03_H1000_I0800_F1,0.8794400890437476,False,0.5882022466521929,380,0.0,0.0,0.5897637496235577,385,0.7422279792746114,0.8015037593984963,0.13190467494024427,0.4997242958025296,0.7734580387019065
T120_P03_H1000_I0800_CN030_F1,India,unlimited_useful_deadline,unlimited,central_only,targeted_central,all_useful,deadline,-1.0,0.0,0.0,1.0,none,0.0,0,applicable,773.0,0.0,,0.0,55046.0,11932932.0,325463.3855993673,41525.0,29896.0,9.185672282288861,95.7954241370083,13.0,90.42914492147813,90.42914492147813,90.42914492147813,90.42914492147813,79.94825355756791,79.94825355756791,79.94825355756791,79.94825355756791,88.745148771022,11.0,2.0,74.0,13.0,618.0,155.0,159.58541666666707,269.6918055555635,282.09541666667997,309.8,618.0,155.0,309.8,6993.5,190.85416666666666,0.718528726849325,0.0,,,11.0,0.0,0.0,395.0,80.75949367088607,63.54430379746835,367.0,100.0,100.0,COMPLETED,120,3,1000.0,80.0,30.0,36,22aad65269aa89c5,T120_P03_H1000_I0800_F1,0.9252292340884575,False,0.6300931376134123,334,0.0,0.0,0.6336490886884605,333,0.7992227979274611,0.8691729323308272,0.19699567422882247,0.4325122195267677,0.8703418194284235
T120_P03_H1000_I0800_CN040_F1,India,unlimited_useful_deadline,unlimited,central_only,targeted_central,all_useful,deadline,-1.0,0.0,0.0,1.0,none,0.0,0,applicable,773.0,0.0,,0.0,71514.0,15850140.0,400673.7791991378,49984.0,36966.5,9.226084141040678,97.25697591062178,13.0,95.46295199942114,95.46295199942114,95.46295199942114,95.46295199942114,86.54592496765846,86.54592496765846,86.54592496765846,86.54592496765846,93.01423027166882,11.0,0.0,43.0,11.0,669.0,104.0,133.24097222226314,257.279722222228,264.1869444444638,271.95625000000075,669.0,104.0,271.95625000000075,8186.5,239.83333333333334,0.6335806115357887,0.0,,,11.0,0.0,0.0,395.0,89.1139240506329,76.45569620253164,367.0,100.0,100.0,COMPLETED,120,3,1000.0,80.0,40.0,48,b8089925ae90cfe9,T120_P03_H1000_I0800_F1,0.9287687538061231,False,0.6739118839747155,274,0.0,0.0,0.6745391840435013,277,0.8652849740932641,0.918796992481203,0.34553562423849604,0.36524735393556346,0.8778309754689798
T120_P03_H1000_I0800_CN050_F1,India,unlimited_useful_deadline,unlimited,central_only,targeted_central,all_useful,deadline,-1.0,0.0,0.0,1.0,none,0.0,0,applicable,773.0,0.0,,0.0,87364.0,19794480.0,476405.1071988841,57560.0,43140.5,9.055423493180605,98.07953083529398,15.0,98.41847071747611,98.41847071747611,98.41847071747611,98.41847071747611,91.84993531694697,91.84993531694697,91.84993531694697,91.84993531694697,96.63648124191462,11.0,0.0,15.0,11.0,710.0,63.0,118.56979166666781,227.66736111111157,249.31093750000116,267.35208333333355,710.0,63.0,267.35208333333355,9210.5,282.75,0.5515060418508695,0.0,,,11.0,0.0,0.0,395.0,96.20253164556962,86.83544303797468,367.0,100.0,100.0,COMPLETED,120,3,1000.0,80.0,50.0,60,5b76350d724525b2,T120_P03_H1000_I0800_F1,0.9211978351591027,False,0.6842291213352436,248,0.0,0.0,0.6814000278145059,263,0.9183937823834197,0.9609022556390978,0.3636073715284174,0.3022848175529273,0.8618119119686674
T120_P03_H1000_I0800_CN060_F1,India,unlimited_useful_deadline,unlimited,central_only,targeted_central,all_useful,deadline,-1.0,0.0,0.0,1.0,none,0.0,0,applicable,773.0,0.0,,0.0,102854.0,23972838.0,556629.580798648,64748.0,48927.0,8.78986702966808,98.67353404050932,15.0,99.96684624948197,99.96684624948197,99.96684624948197,99.96684624948197,98.05950840879689,98.05950840879689,98.05950840879689,98.05950840879689,98.1888745148771,11.0,0.0,3.0,11.0,758.0,15.0,110.9357638889007,217.01847222222239,225.85121527778514,247.82152777777875,758.0,15.0,247.82152777777875,10155.0,323.1,0.4701513549296743,0.0,,,11.0,0.0,0.0,395.0,99.24050632911391,98.9873417721519,367.0,100.0,100.0,COMPLETED,120,3,1000.0,80.0,60.0,72,70e88aea677555d1,T120_P03_H1000_I0800_F1,0.920753933352878,False,0.7063525367844592,216,0.0,0.0,0.700367673095138,225,0.9805699481865284,0.9789473684210526,0.4402664696855324,0.24118190478247203,0.8608726744001043
T120_P03_H1000_I0800_CN070_F1,India,unlimited_useful_deadline,unlimited,central_only,targeted_central,all_useful,deadline,-1.0,0.0,0.0,1.0,none,0.0,0,applicable,773.0,0.0,,0.0,118412.0,28267566.0,639088.3583983766,71739.0,54514.0,8.529962920403976,99.10848589353193,18.0,100.0,100.0,100.0,100.0,98.57697283311772,98.57697283311772,98.57697283311772,98.57697283311772,98.57697283311772,11.0,0.0,0.0,11.0,762.0,11.0,102.38750000000431,198.50624999999997,201.38309027777856,216.95625000000072,762.0,11.0,216.95625000000072,11033.5,362.3375,0.3826994284794334,0.0,,,11.0,0.0,0.0,395.0,100.0,100.0,367.0,100.0,100.0,COMPLETED,120,3,1000.0,80.0,70.0,84,3b63338254b32d0c,T120_P03_H1000_I0800_F1,0.9486220472440946,False,0.7295955850491628,167,0.0,0.0,0.7262999163392447,176,0.9857512953367875,0.9834586466165414,0.5614153203714694,0.18103639823299766,0.9198379211384283
T120_P03_H1000_I0800_CN080_F1,India,unlimited_useful_deadline,unlimited,central_only,targeted_central,all_useful,deadline,-1.0,0.0,0.0,1.0,none,0.0,0,applicable,773.0,0.0,,0.0,133238.0,32771016.0,725554.5983980993,78721.0,60103.0,8.28373221432228,99.44927873816614,16.0,100.0,100.0,100.0,100.0,98.57697283311772,98.57697283311772,98.57697283311772,98.57697283311772,98.57697283311772,11.0,0.0,0.0,11.0,762.0,11.0,95.66319444444937,167.9293055555563,175.50711805555622,193.2173611111315,762.0,11.0,193.2173611111315,11903.0,401.6666666666667,0.3076535269709544,0.0,,,11.0,0.0,0.0,395.0,100.0,100.0,367.0,100.0,100.0,COMPLETED,120,3,1000.0,80.0,80.0,96,7fe68a10f86e7302,T120_P03_H1000_I0800_F1,0.9718388500048606,False,0.7435685503365833,143,0.0,0.0,0.742729065975214,144,0.9857512953367875,0.9834586466165414,0.6545924861871693,0.12088129362617006,0.9689616081094021
T120_P03_H1000_I0800_CN090_F1,India,unlimited_useful_deadline,unlimited,central_only,targeted_central,all_useful,deadline,-1.0,0.0,0.0,1.0,none,0.0,0,applicable,773.0,0.0,,0.0,147580.0,37457274.0,815530.7519978163,85672.0,65656.0,8.050708062100865,99.75782868283173,20.0,100.0,100.0,100.0,100.0,98.57697283311772,98.57697283311772,98.57697283311772,98.57697283311772,98.57697283311772,11.0,0.0,0.0,11.0,762.0,11.0,86.91805555556566,145.90486111111687,160.20402777780313,176.38472222222856,762.0,11.0,176.38472222222856,12579.0,442.30833333333334,0.22338614968190873,0.0,,,11.0,0.0,0.0,395.0,100.0,100.0,367.0,100.0,100.0,COMPLETED,120,3,1000.0,80.0,90.0,108,798fc5619bc75f7c,T120_P03_H1000_I0800_F1,0.9815063915621659,False,0.7478542774801641,136,0.0,0.0,0.7480375551462227,138,0.9857512953367875,0.9834586466165414,0.7206620310681227,0.06089895405169995,0.9894168486579624
T120_P03_H1000_I0800_CN100_F1,India,unlimited_useful_deadline,unlimited,central_only,targeted_central,all_useful,deadline,-1.0,0.0,0.0,1.0,none,0.0,0,applicable,773.0,0.0,,0.0,160392.0,42027828.0,903285.3887975225,92646.0,71229.0,7.885547677774566,100.0,16.0,100.0,100.0,100.0,100.0,98.57697283311772,98.57697283311772,98.57697283311772,98.57697283311772,98.57697283311772,11.0,0.0,0.0,11.0,762.0,11.0,78.40277777779653,134.30868055555578,147.8963541666715,172.6868055555869,762.0,11.0,172.6868055555869,13373.5,482.12916666666666,0.1572723567047789,0.0,,,11.0,0.0,0.0,395.0,100.0,100.0,367.0,100.0,100.0,COMPLETED,120,3,1000.0,80.0,100.0,120,89af681e0fa19c29,T120_P03_H1000_I0800_F1,0.9853710994459025,False,0.7399681228674898,150,0.0,0.0,0.7405602610951668,148,0.9857512953367875,0.9834586466165414,0.7351766697284801,0.0008206339036979093,0.9975940598903271
T120_P03_H1000_I0986_CN000_F1,India,unlimited_useful_deadline,unlimited,central_only,targeted_central,all_useful,deadline,-1.0,0.0,0.0,1.0,none,0.0,0,applicable,773.0,0.0,,0.0,1949.0,1134006.0,113400.6,9858.0,5425.0,4.783925305509847,0.0,1.0,34.99556629277645,34.99556629277645,34.99556629277645,34.99556629277645,1.423027166882277,1.423027166882277,1.423027166882277,1.423027166882277,16.041397153945667,6.0,297.0,346.0,303.0,11.0,762.0,344.68333333333334,359.46666666666664,359.54999999999995,359.6333333333333,11.0,762.0,359.6333333333333,5425.0,0.0,0.0,0.0,,,11.0,0.0,0.0,395.0,0.0,0.25316455696202533,367.0,33.787465940054496,2.7247956403269753,COMPLETED,120,3,1000.0,98.6,0.0,0,d19fe1a9bbe0925e,T120_P03_H1000_I0986_F1,0.7544191919191919,False,0.21465889021894663,561,0.0,0.0,0.23945773880437002,561,0.012953367875647671,0.02406015037593986,0.001395585914401476,0.649949250271745,0.5089303395841162
T120_P03_H1000_I0986_CN010_F1,India,unlimited_useful_deadline,unlimited,central_only,targeted_central,all_useful,deadline,-1.0,0.0,0.0,1.0,none,0.0,0,applicable,773.0,0.0,,0.0,21305.0,4720734.0,182265.7775997886,22397.0,14117.5,7.745557167072034,76.17850185939437,9.0,65.50218058849265,65.50218058849265,65.50218058849265,65.50218058849265,43.07891332470893,43.07891332470893,43.07891332470893,43.07891332470893,59.76714100905562,6.0,138.0,167.0,144.0,333.0,440.0,235.5201388889012,317.98402777778244,333.95763888889036,356.9506944444447,333.0,440.0,356.9506944444447,5779.0,69.4875,0.884337210929224,0.0,,,11.0,0.0,0.0,395.0,24.050632911392405,21.012658227848103,367.0,100.0,68.11989100817438,COMPLETED,120,3,1000.0,98.6,10.0,12,90b3cae6053ca68e,T120_P03_H1000_I0986_F1,0.7668501835168501,False,0.4116291266283947,530,0.0,0.0,0.41688816971878373,536,0.4300518134715027,0.5323308270676691,0.011925172608360901,0.5749003601671022,0.5352326752792839
T120_P03_H1000_I0986_CN020_F1,India,unlimited_useful_deadline,unlimited,central_only,targeted_central,all_useful,deadline,-1.0,0.0,0.0,1.0,none,0.0,0,applicable,773.0,0.0,,0.0,39543.0,8234304.0,249726.32159955654,30722.0,20490.0,8.204982105513217,87.42801366520254,15.0,76.09963036095334,76.09963036095334,76.09963036095334,76.09963036095334,64.03622250970245,64.03622250970245,64.03622250970245,64.03622250970245,60.41397153945667,6.0,95.0,205.0,101.0,495.0,278.0,177.63333333333333,328.0448611111169,336.8187500000001,358.2173611111201,495.0,278.0,358.2173611111201,6959.0,112.75833333333334,0.8047508191067425,0.0,,,11.0,0.0,0.0,395.0,25.31645569620253,37.46835443037975,367.0,100.0,94.55040871934605,COMPLETED,120,3,1000.0,98.6,20.0,24,c04ef3b277f0c099,T120_P03_H1000_I0986_F1,0.8541432846988403,False,0.4795217424342607,496,0.0,0.0,0.48352359094204117,500,0.6398963730569949,0.5398496240601505,0.006953397788294513,0.5109852165921618,0.719933343212604
T120_P03_H1000_I0986_CN030_F1,India,unlimited_useful_deadline,unlimited,central_only,targeted_central,all_useful,deadline,-1.0,0.0,0.0,1.0,none,0.0,0,applicable,773.0,0.0,,0.0,56863.0,12047472.0,322939.1471993421,38551.0,26865.0,8.318904732666839,92.82337613995905,13.0,81.90764180292165,81.90764180292165,81.90764180292165,81.90764180292165,71.15135834411385,71.15135834411385,71.15135834411385,71.15135834411385,62.48382923673997,6.0,48.0,236.0,54.0,550.0,223.0,160.07638888889196,297.125,320.8901041666698,340.5548611111113,550.0,223.0,340.5548611111113,7904.5,158.00416666666666,0.7246374040768968,0.0,,,11.0,0.0,0.0,395.0,29.367088607594937,46.32911392405064,367.0,100.0,100.0,COMPLETED,120,3,1000.0,98.6,30.0,36,ddf4f17c1f77ed6b,T120_P03_H1000_I0986_F1,0.9206430976430976,False,0.5243303118495318,458,0.0,0.0,0.5318052250650338,461,0.711139896373057,0.5639097744360901,0.0762802183873953,0.44705807544552983,0.8606381606830967
T120_P03_H1000_I0986_CN040_F1,India,unlimited_useful_deadline,unlimited,central_only,targeted_central,all_useful,deadline,-1.0,0.0,0.0,1.0,none,0.0,0,applicable,773.0,0.0,,0.0,74495.0,16065960.0,400094.11679911363,46138.0,32994.0,8.246559650504986,95.74316542401648,15.0,85.85132975855545,85.85132975855545,85.85132975855545,85.85132975855545,74.38551099611902,74.38551099611902,74.38551099611902,74.38551099611902,63.38939197930142,6.0,28.0,249.0,34.0,575.0,198.0,149.4847222222224,279.9166666666667,289.53187500000644,311.2173611111114,575.0,198.0,311.2173611111114,8773.5,201.8375,0.647579357706626,0.0,,,11.0,0.0,0.0,395.0,31.139240506329113,52.65822784810127,367.0,100.0,100.0,COMPLETED,120,3,1000.0,98.6,40.0,48,63a9fa27fb7a9aca,T120_P03_H1000_I0986_F1,0.9457922705314009,False,0.5529944014283563,424,0.0,0.0,0.561510760001097,420,0.7435233160621763,0.5744360902255639,0.1914324108474148,0.3843114953533404,0.9138504875169898
T120_P03_H1000_I0986_CN050_F1,India,unlimited_useful_deadline,unlimited,central_only,targeted_central,all_useful,deadline,-1.0,0.0,0.0,1.0,none,0.0,0,applicable,773.0,0.0,,0.0,91545.0,20182914.0,479139.63359889924,53995.0,39398.5,8.222759554260033,97.6001624427326,11.0,90.07998097650193,90.07998097650193,90.07998097650193,90.07998097650193,76.71410090556274,76.71410090556274,76.71410090556274,76.71410090556274,64.68305304010349,6.0,10.0,257.0,16.0,593.0,180.0,146.13333333333333,270.2479166666991,273.66666666667516,283.98888888888956,593.0,180.0,283.98888888888956,9692.0,247.55416666666667,0.5740044266406343,0.0,,,11.0,0.0,0.0,395.0,33.67088607594937,57.21518987341773,367.0,100.0,100.0,COMPLETED,120,3,1000.0,98.6,50.0,60,0a3f4e7c7a1c235c,T120_P03_H1000_I0986_F1,0.952977640372244,False,0.5726725029172122,399,0.0,0.0,0.5807832230396236,397,0.766839378238342,0.5894736842105263,0.29830648920193037,0.320242782860749,0.9290537806865703
T120_P03_H1000_I0986_CN060_F1,India,unlimited_useful_deadline,unlimited,central_only,targeted_central,all_useful,deadline,-1.0,0.0,0.0,1.0,none,0.0,0,applicable,773.0,0.0,,0.0,106955.0,24320430.0,558579.940798599,61992.0,45966.5,8.229171268535335,98.49346806913731,11.0,93.71164963493243,93.71164963493243,93.71164963493243,93.71164963493243,79.81888745148771,79.81888745148771,79.81888745148771,79.81888745148771,65.58861578266495,6.0,4.0,256.0,10.0,617.0,156.0,146.33472222222238,258.62055555555736,262.7,270.6513888888889,617.0,156.0,270.6513888888889,10689.0,293.9791666666667,0.49215919022984433,0.0,,,11.0,0.0,0.0,395.0,35.44303797468354,63.29113924050633,367.0,100.0,100.0,COMPLETED,120,3,1000.0,98.6,60.0,72,a71d9fc69c0c4051,T120_P03_H1000_I0986_F1,0.9469708565940332,False,0.5781428472082943,392,0.0,0.0,0.5840636851461587,391,0.7979274611398963,0.6,0.3506573155141789,0.25538942917953406,0.916344219897184
T120_P03_H1000_I0986_CN070_F1,India,unlimited_useful_deadline,unlimited,central_only,targeted_central,all_useful,deadline,-1.0,0.0,0.0,1.0,none,0.0,0,applicable,773.0,0.0,,0.0,121799.0,28643598.0,641584.7663983332,69401.0,51927.0,8.093552515516038,99.12280701754386,14.0,96.05868559035376,96.05868559035376,96.05868559035376,96.05868559035376,82.40620957309184,82.40620957309184,82.40620957309184,82.40620957309184,66.7529107373868,6.0,3.0,248.0,9.0,637.0,136.0,143.38750000000002,247.40486111111215,256.54583333333335,265.3875000000001,637.0,136.0,265.3875000000001,11469.0,337.15,0.41189649348295365,0.0,,,11.0,0.0,0.0,395.0,37.721518987341774,68.35443037974683,367.0,100.0,100.0,COMPLETED,120,3,1000.0,98.6,70.0,84,aba0a10262b2467b,T120_P03_H1000_I0986_F1,0.945960520960521,False,0.578750291474275,389,0.0,0.0,0.5832689057894068,395,0.8238341968911916,0.613533834586466,0.371318528856198,0.19345148541935112,0.9142064831938276
T120_P03_H1000_I0986_CN080_F1,India,unlimited_useful_deadline,unlimited,central_only,targeted_central,all_useful,deadline,-1.0,0.0,0.0,1.0,none,0.0,0,applicable,773.0,0.0,,0.0,136897.0,33172356.0,728536.9199980506,76605.0,57675.0,7.916551435739774,99.48331166016472,10.0,97.57079376169474,97.57079376169474,97.57079376169474,97.57079376169474,84.99353169469599,84.99353169469599,84.99353169469599,84.99353169469599,66.7529107373868,6.0,3.0,248.0,9.0,657.0,116.0,144.20277777777713,242.3240277777851,253.6513888888892,259.0854166666787,657.0,116.0,259.0854166666787,12446.0,376.90833333333336,0.32427811802162343,0.0,,,11.0,0.0,0.0,395.0,37.721518987341774,73.41772151898735,367.0,100.0,100.0,COMPLETED,120,3,1000.0,98.6,80.0,96,53ab9e8766fb8d4b,T120_P03_H1000_I0986_F1,0.9462117368510062,False,0.5780703193597992,393,0.0,0.0,0.5813201738689031,396,0.8497409326424871,0.613533834586466,0.3960547440380542,0.13253333525294478,0.9147380228245637
T120_P03_H1000_I0986_CN090_F1,India,unlimited_useful_deadline,unlimited,central_only,targeted_central,all_useful,deadline,-1.0,0.0,0.0,1.0,none,0.0,0,applicable,773.0,0.0,,0.0,151161.0,37913760.0,819571.8767977695,83892.0,63531.0,7.751730116488168,99.80088460751445,12.0,98.76738783072413,98.76738783072413,98.76738783072413,98.76738783072413,90.55627425614489,90.55627425614489,90.55627425614489,90.55627425614489,68.04657179818886,6.0,3.0,238.0,9.0,700.0,73.0,140.84340277779773,230.51423611111437,241.08541666667892,260.21805555555574,700.0,73.0,260.21805555555574,13158.5,419.7708333333333,0.24008478501828057,0.0,,,11.0,0.0,0.0,395.0,40.25316455696203,84.30379746835443,367.0,100.0,100.0,COMPLETED,120,3,1000.0,98.6,90.0,108,6d2565cfae49410f,T120_P03_H1000_I0986_F1,0.9489715608465609,False,0.5827021921379871,385,0.0,0.0,0.583459043699573,393,0.905440414507772,0.6285714285714284,0.39160903968970584,0.07109688998946613,0.920577445739493
T120_P03_H1000_I0986_CN100_F1,India,unlimited_useful_deadline,unlimited,central_only,targeted_central,all_useful,deadline,-1.0,0.0,0.0,1.0,none,0.0,0,applicable,773.0,0.0,,0.0,164269.0,42626886.0,910063.8959974762,90954.0,69147.0,7.5980379294369635,100.0,10.0,99.35760195795878,99.35760195795878,99.35760195795878,99.35760195795878,97.80077619663649,97.80077619663649,97.80077619663649,97.80077619663649,68.82276843467011,6.0,3.0,232.0,9.0,756.0,17.0,136.41875000001284,223.56909722222335,240.21736111111517,251.08611111111628,756.0,17.0,251.08611111111628,14039.0,459.23333333333335,0.1491369976530934,0.0,,,11.0,0.0,0.0,395.0,41.77215189873418,98.48101265822785,367.0,100.0,100.0,COMPLETED,120,3,1000.0,98.6,100.0,120,bf4559ce4b9fecc2,T120_P03_H1000_I0986_F1,0.9537998481285518,False,0.5992856177875578,372,0.0,0.0,0.5969263272399569,380,0.9779792746113991,0.6375939849624059,0.4274527013582292,0.010812211608370462,0.9307934636593794
T120_P05_H0500_I0600_CN000_F1,India,unlimited_useful_deadline,unlimited,central_only,targeted_central,all_useful,deadline,-1.0,0.0,0.0,1.0,none,0.0,0,applicable,773.0,0.0,,0.0,2321.0,830406.0,83040.6,9311.0,5790.5,6.973095088426625,0.0,1.0,60.86245186972984,60.86245186972984,60.86245186972984,60.86245186972984,17.59379042690815,17.59379042690815,17.59379042690815,17.59379042690815,70.63389391979301,89.0,26.0,112.0,115.0,136.0,637.0,95.36666666666667,102.36666666666667,178.25833333333333,179.95,136.0,637.0,179.95,5790.5,0.0,0.0,0.0,,,11.0,54.54545454545454,0.0,395.0,43.79746835443038,34.43037974683544,367.0,100.0,0.0,COMPLETED,120,5,500.0,60.0,0.0,0,5a6a0e931e541ebe,T120_P05_H0500_I0600_F1,0.8380974264705882,True,0.5493169473257651,427,0.0,0.0,0.5748725453779442,407,0.1748704663212435,0.6586466165413534,0.7066680113718511,0.6481952052904493,0.6859824273648236
T120_P05_H0500_I0600_CN010_F1,India,unlimited_useful_deadline,unlimited,central_only,targeted_central,all_useful,deadline,-1.0,0.0,0.0,1.0,none,0.0,0,applicable,773.0,0.0,,0.0,18317.0,4195854.0,147657.20159983158,20291.0,13222.5,8.95486292353998,62.90792210247684,8.0,84.75599185781769,84.75599185781769,84.75599185781769,84.75599185781769,20.18111254851229,20.18111254851229,20.18111254851229,20.18111254851229,71.53945666235447,89.0,17.0,114.0,106.0,156.0,617.0,95.11666666666666,129.0194444444461,177.04270833333334,335.28333333333336,156.0,617.0,335.28333333333336,6974.0,52.07083333333333,0.7858412685711238,0.0,,,11.0,54.54545454545454,0.0,395.0,45.56962025316456,39.24050632911392,367.0,100.0,0.2724795640326975,COMPLETED,120,5,500.0,60.0,10.0,12,c334f127bd4d164e,T120_P05_H0500_I0600_F1,0.9071225071225072,True,0.44406682480054066,519,0.0,0.0,0.47562948357878054,510,0.20077720207253885,0.6691729323308271,0.09697141502054485,0.5791954908326554,0.8320303776373366
T120_P05_H0500_I0600_CN020_F1,India,unlimited_useful_deadline,unlimited,central_only,targeted_central,all_useful,deadline,-1.0,0.0,0.0,1.0,none,0.0,0,applicable,773.0,0.0,,0.0,33549.0,7865439.0,218113.2335996735,28949.0,19555.0,8.965526610774742,79.46560981846075,8.0,94.20415386181512,94.20415386181512,94.20415386181512,94.20415386181512,63.90685640362225,63.90685640362225,63.90685640362225,63.90685640362225,72.44501940491591,89.0,11.0,113.0,100.0,494.0,279.0,144.23506944444557,308.5211805555611,332.9359375000099,359.9506944444457,494.0,279.0,359.9506944444457,7308.0,102.05833333333334,0.6718910753653957,0.0,,,11.0,63.63636363636363,18.181818181818183,395.0,47.08860759493671,56.9620253164557,367.0,100.0,72.75204359673025,COMPLETED,120,5,500.0,60.0,20.0,24,3f8bb07b0330eea4,T120_P05_H0500_I0600_F1,0.8454490928175139,False,0.5039451909587438,473,0.0,0.0,0.5070920182436858,477,0.6386010362694301,0.6796992481203007,0.0001499164556495458,0.5154723084047789,0.7015375819682695
T120_P05_H0500_I0600_CN030_F1,India,unlimited_useful_deadline,unlimited,central_only,targeted_central,all_useful,deadline,-1.0,0.0,0.0,1.0,none,0.0,0,applicable,773.0,0.0,,0.0,47565.0,11253894.0,283171.5695995066,37809.0,26902.0,9.500247513564961,88.18675191435581,13.0,97.59973685385755,97.59973685385755,97.59973685385755,97.59973685385755,83.18240620957309,83.18240620957309,83.18240620957309,83.18240620957309,72.44501940491591,89.0,7.0,117.0,96.0,643.0,130.0,104.91875000000242,214.28597222224283,230.7753472222265,272.52222222222287,643.0,130.0,272.52222222222287,8071.5,156.92083333333332,0.6174572723330058,0.0,,,11.0,54.54545454545454,63.63636363636363,395.0,47.34177215189874,68.10126582278481,367.0,100.0,100.0,COMPLETED,120,5,500.0,60.0,30.0,36,02cff4de4a14d384,T120_P05_H0500_I0600_F1,0.9230912677841139,False,0.6317530580765047,329,0.0,0.0,0.6334636554567314,334,0.8316062176165803,0.6796992481203007,0.34331413494116847,0.4468805113844958,0.8658181652211118
T120_P05_H0500_I0600_CN040_F1,India,unlimited_useful_deadline,unlimited,central_only,targeted_central,all_useful,deadline,-1.0,0.0,0.0,1.0,none,0.0,0,applicable,773.0,0.0,,0.0,60574.0,15138048.0,357747.3263993631,46579.0,34062.5,9.521384923496283,92.23045871559633,14.0,98.68067523769278,98.68067523769278,98.68067523769278,98.68067523769278,86.28719275549805,86.28719275549805,86.28719275549805,86.28719275549805,72.3156532988357,89.0,3.0,122.0,92.0,667.0,106.0,96.95,196.21333333333982,207.90131944444857,244.65416666666715,667.0,106.0,244.65416666666715,8345.0,214.3125,0.5377759955931434,0.0,,,11.0,54.54545454545454,45.45454545454545,395.0,47.08860759493671,74.68354430379746,367.0,100.0,100.0,COMPLETED,120,5,500.0,60.0,40.0,48,c01c55e0a333bc66,T120_P05_H0500_I0600_F1,0.9450948137042591,False,0.6545453601682603,303,0.0,0.0,0.657029383193692,308,0.8626943005181347,0.6781954887218045,0.4526986324893536,0.3791837332123978,0.9123747610267695
T120_P05_H0500_I0600_CN050_F1,India,unlimited_useful_deadline,unlimited,central_only,targeted_central,all_useful,deadline,-1.0,0.0,0.0,1.0,none,0.0,0,applicable,773.0,0.0,,0.0,76365.0,20003664.0,451167.1535991611,54731.0,40805.5,9.044430578440025,94.97371677837546,14.0,99.8292643029485,99.8292643029485,99.8292643029485,99.8292643029485,88.09831824062096,88.09831824062096,88.09831824062096,88.09831824062096,71.79818887451488,89.0,1.0,128.0,90.0,681.0,92.0,91.36666666666666,174.68958333333367,181.1208333333342,196.48402777777787,681.0,92.0,196.48402777777787,8498.0,269.2291666666667,0.45632399597616646,0.0,,,11.0,54.54545454545454,72.72727272727273,395.0,46.07594936708861,77.46835443037975,367.0,100.0,100.0,COMPLETED,120,5,500.0,60.0,50.0,60,75d3d5a093eb7aa3,T120_P05_H0500_I0600_F1,0.9633055963452439,False,0.6883315177654588,238,0.0,0.0,0.6918353855321164,234,0.8808290155440415,0.6721804511278195,0.641770540598745,0.3134905495127786,0.9509063708771979
T120_P05_H0500_I0600_CN060_F1,India,unlimited_useful_deadline,unlimited,central_only,targeted_central,all_useful,deadline,-1.0,0.0,0.0,1.0,none,0.0,0,applicable,773.0,0.0,,0.0,88431.0,23207085.0,512672.8367990243,62069.0,46774.5,9.12365482283906,96.79953820992208,15.0,100.0,100.0,100.0,100.0,88.48641655886158,88.48641655886158,88.48641655886158,88.48641655886158,72.0569210866753,89.0,0.0,127.0,89.0,684.0,89.0,85.9770833333343,160.425,173.92378472222532,189.4840277777781,684.0,89.0,189.4840277777781,8940.0,315.2875,0.4127371622901497,0.0,,,11.0,63.63636363636363,100.0,395.0,46.32911392405064,77.46835443037975,367.0,100.0,100.0,COMPLETED,120,5,500.0,60.0,60.0,72,9c5682d9f59f09f1,T120_P05_H0500_I0600_F1,0.9645657353259692,False,0.6834038396895497,249,0.0,0.0,0.6868467213170312,247,0.8847150259067358,0.6751879699248121,0.6692461382883954,0.25151181400884465,0.953572658456368
T120_P05_H0500_I0600_CN070_F1,India,unlimited_useful_deadline,unlimited,central_only,targeted_central,all_useful,deadline,-1.0,0.0,0.0,1.0,none,0.0,0,applicable,773.0,0.0,,0.0,101519.0,27380520.0,592802.7887988477,69936.0,53041.5,8.947579364036741,97.85262483149987,12.0,99.8292643029485,99.8292643029485,99.8292643029485,99.8292643029485,88.09831824062096,88.09831824062096,88.09831824062096,88.09831824062096,70.2457956015524,89.0,1.0,140.0,90.0,681.0,92.0,82.20416666666715,158.4256944444445,166.95069444444442,179.6340277778211,681.0,92.0,179.6340277778211,9179.5,365.51666666666665,0.35730263857857225,0.0,,,11.0,54.54545454545454,72.72727272727273,395.0,43.037974683544306,77.46835443037975,367.0,100.0,100.0,COMPLETED,120,5,500.0,60.0,70.0,84,681a53fa1a19fbdb,T120_P05_H0500_I0600_F1,0.9695321422744331,False,0.6748486989127134,272,0.0,0.0,0.6790112941025389,268,0.8808290155440415,0.6541353383458648,0.70790822932295,0.18810296795928505,0.9640809193405534
T120_P05_H0500_I0600_CN080_F1,India,unlimited_useful_deadline,unlimited,central_only,targeted_central,all_useful,deadline,-1.0,0.0,0.0,1.0,none,0.0,0,applicable,773.0,0.0,,0.0,114339.0,32017860.0,681839.7167986827,77451.0,59089.5,8.666186281642865,98.83566454276986,14.0,100.0,100.0,100.0,100.0,88.48641655886158,88.48641655886158,88.48641655886158,88.48641655886158,72.0569210866753,89.0,0.0,127.0,89.0,684.0,89.0,76.4059027777889,147.87180555555943,154.38472222222515,169.68958333333407,684.0,89.0,169.68958333333407,9390.5,414.15833333333336,0.28773013541519954,0.0,,,11.0,54.54545454545454,100.0,395.0,46.58227848101266,77.46835443037975,367.0,100.0,100.0,COMPLETED,120,5,500.0,60.0,80.0,96,e07d85fde0ceb572,T120_P05_H0500_I0600_F1,0.9746960959497509,False,0.6770046513223893,268,0.0,0.0,0.6815192581768835,262,0.8847150259067358,0.6751879699248121,0.7469410228663516,0.12574510918989992,0.975007162996618
T120_P05_H0500_I0600_CN090_F1,India,unlimited_useful_deadline,unlimited,central_only,targeted_central,all_useful,deadline,-1.0,0.0,0.0,1.0,none,0.0,0,applicable,773.0,0.0,,0.0,125106.0,36358701.0,765183.8639985272,85247.0,65316.0,8.535987632918212,99.43199216118562,14.0,100.0,100.0,100.0,100.0,88.48641655886158,88.48641655886158,88.48641655886158,88.48641655886158,71.79818887451488,89.0,0.0,129.0,89.0,684.0,89.0,73.57881944446135,155.8784722222228,165.76215277777834,184.72777777777955,684.0,89.0,184.72777777777955,9717.5,463.3208333333333,0.24795805342470278,0.0,,,11.0,54.54545454545454,100.0,395.0,46.07594936708861,77.46835443037975,367.0,100.0,100.0,COMPLETED,120,5,500.0,60.0,90.0,108,02b956d4336ba7c6,T120_P05_H0500_I0600_F1,0.9787673272687893,False,0.6532471391715035,305,0.0,0.0,0.6581924554026581,305,0.8847150259067358,0.6721804511278195,0.6879148256471616,0.06253062380174253,0.9836213505298316
T120_P05_H0500_I0600_CN100_F1,India,unlimited_useful_deadline,unlimited,central_only,targeted_central,all_useful,deadline,-1.0,0.0,0.0,1.0,none,0.0,0,applicable,773.0,0.0,,0.0,136979.0,41066022.0,855564.4271983543,92722.0,71343.0,8.33870573997811,100.0,18.0,100.0,100.0,100.0,100.0,88.48641655886158,88.48641655886158,88.48641655886158,88.48641655886158,70.89262613195343,89.0,0.0,136.0,89.0,684.0,89.0,67.44687500000121,165.29590277777956,186.3764930555569,204.5194444444575,684.0,89.0,204.5194444444575,10222.0,509.34166666666664,0.169981539350905,0.0,,,11.0,54.54545454545454,100.0,395.0,44.303797468354425,77.46835443037975,367.0,100.0,100.0,COMPLETED,120,5,500.0,60.0,100.0,120,8e94028aa1f02972,T120_P05_H0500_I0600_F1,0.9784986192332683,False,0.6230683812628088,344,0.0,0.0,0.6279852699590452,344,0.8847150259067358,0.6616541353383459,0.6102308440841155,0.0002735446345659698,0.983052799831463
T120_P05_H0500_I0800_CN010_F1,India,unlimited_useful_deadline,unlimited,central_only,targeted_central,all_useful,deadline,-1.0,0.0,0.0,1.0,none,0.0,0,applicable,773.0,0.0,,0.0,31917.0,6113688.0,156404.84639969838,21999.0,13708.5,8.76475398017234,92.35510814458183,12.0,69.7041054337865,69.7041054337865,69.7041054337865,69.7041054337865,58.60284605433377,58.60284605433377,58.60284605433377,58.60284605433377,69.72833117723157,0.0,162.0,72.0,162.0,453.0,320.0,217.05069444444428,291.60000000000014,308.09166666666687,354.4840277777786,453.0,320.0,354.4840277777786,1908.0,98.3375,0.8816324873239836,0.0,,,11.0,72.72727272727273,0.0,395.0,41.51898734177215,28.354430379746837,367.0,100.0,92.91553133514986,COMPLETED,120,5,500.0,80.0,10.0,12,cee25a247a02d957,T120_P05_H0500_I0800_F1,0.752095086256234,True,0.47129308556558247,502,0.0,0.0,0.46721911612106126,519,0.5854922279792747,0.6481203007518798,0.021607049889473928,0.57686316289583,0.5040128390888479
T120_P05_H0500_I0800_CN020_F1,India,unlimited_useful_deadline,unlimited,central_only,targeted_central,all_useful,deadline,-1.0,0.0,0.0,1.0,none,0.0,0,applicable,773.0,0.0,,0.0,62963.0,12270525.0,274616.11679937533,30210.0,20386.0,7.423453596823408,96.81398999313254,12.0,81.52550378960089,81.52550378960089,81.52550378960089,81.52550378960089,78.13712807244502,78.13712807244502,78.13712807244502,78.13712807244502,76.58473479948253,0.0,100.0,81.0,100.0,604.0,169.0,140.19513888889998,242.22187500000024,266.2869791666676,301.6868055555557,604.0,169.0,301.6868055555557,2043.0,152.85833333333332,0.7771561358556398,0.0,,,11.0,90.9090909090909,72.72727272727273,395.0,54.43037974683544,57.974683544303794,367.0,100.0,100.0,COMPLETED,120,5,500.0,80.0,20.0,24,87fbc83a71e6a008,T120_P05_H0500_I0800_F1,0.9006254598969831,False,0.6116434472730666,356,0.0,0.0,0.6135032173366227,357,0.7810880829015544,0.7278195488721804,0.22884065516217467,0.5114843155745278,0.8182834841726763
T120_P05_H0500_I0800_CN030_F1,India,unlimited_useful_deadline,unlimited,central_only,targeted_central,all_useful,deadline,-1.0,0.0,0.0,1.0,none,0.0,0,applicable,773.0,0.0,,0.0,95089.0,18771750.0,399439.63679901476,37298.0,26091.0,6.531900591810361,98.46498792687133,13.0,85.56711248867477,85.56711248867477,85.56711248867477,85.56711248867477,81.37128072445019,81.37128072445019,81.37128072445019,81.37128072445019,81.24191461836999,0.0,60.0,85.0,60.0,629.0,144.0,102.65486111111143,227.84625000000594,246.21111111111114,262.12083333333345,629.0,144.0,262.12083333333345,2032.5,200.4875,0.6907657376810692,0.0,,,11.0,100.0,81.81818181818183,395.0,63.29113924050633,64.0506329113924,367.0,100.0,100.0,COMPLETED,120,5,500.0,80.0,30.0,36,51ab91f7e9d4770f,T120_P05_H0500_I0800_F1,0.9528035388329505,False,0.6660442634335191,286,0.0,0.0,0.6718049585456715,282,0.8134715025906735,0.7819548872180452,0.3841404744447018,0.450772523641215,0.9286854048337218
T120_P05_H0500_I0800_CN040_F1,India,unlimited_useful_deadline,unlimited,central_only,targeted_central,all_useful,deadline,-1.0,0.0,0.0,1.0,none,0.0,0,applicable,773.0,0.0,,0.0,125469.0,25461216.0,527877.3839986643,46494.0,33717.0,6.387278754887008,99.19328528635407,13.0,90.8098009993794,90.8098009993794,90.8098009993794,90.8098009993794,86.02846054333764,86.02846054333764,86.02846054333764,86.02846054333764,86.80465717981889,0.0,15.0,87.0,15.0,665.0,108.0,86.93611111111822,213.38472222222254,223.08680555555767,238.91805555555572,665.0,108.0,238.91805555555572,2191.5,262.7125,0.6098321200298171,0.0,,,11.0,100.0,100.0,395.0,74.17721518987341,72.65822784810126,367.0,100.0,100.0,COMPLETED,120,5,500.0,80.0,40.0,48,481458a718448d8c,T120_P05_H0500_I0800_F1,0.9522382344750766,False,0.6946836405312917,230,0.0,0.0,0.6980529239594899,228,0.8601036269430051,0.8466165413533835,0.4752133583739301,0.3808417976201617,0.9274892955069691
T120_P05_H0500_I0800_CN050_F1,India,unlimited_useful_deadline,unlimited,central_only,targeted_central,all_useful,deadline,-1.0,0.0,0.0,1.0,none,0.0,0,applicable,773.0,0.0,,0.0,154893.0,33252522.0,677470.4591983072,54333.0,40187.5,5.931992968011676,99.5035769828927,13.0,93.89068413048705,93.89068413048705,93.89068413048705,93.89068413048705,87.71021992238033,87.71021992238033,87.71021992238033,87.71021992238033,89.39197930142304,0.0,0.0,82.0,0.0,678.0,95.0,77.38611111111118,199.95069444444735,209.61996527777833,222.65416666667005,678.0,95.0,222.65416666667005,2289.0,315.8208333333333,0.5412438267125788,0.0,,,11.0,100.0,100.0,395.0,79.24050632911393,75.9493670886076,367.0,100.0,100.0,COMPLETED,120,5,500.0,80.0,50.0,60,ce9ac38564166b8c,T120_P05_H0500_I0800_F1,0.9562062984813723,False,0.7060582483911982,219,0.0,0.0,0.7090053578640344,215,0.8769430051813472,0.8766917293233084,0.5390505109425315,0.31645634923491484,0.9358851946380701
T120_P05_H0500_I0800_CN060_F1,India,unlimited_useful_deadline,unlimited,central_only,targeted_central,all_useful,deadline,-1.0,0.0,0.0,1.0,none,0.0,0,applicable,773.0,0.0,,0.0,185806.0,40407960.0,814854.8687979106,62106.0,46599.5,5.718748428016938,99.71566218521657,15.0,96.17767755923147,96.17767755923147,96.17767755923147,96.17767755923147,90.16817593790427,90.16817593790427,90.16817593790427,90.16817593790427,93.53169469598966,0.0,0.0,50.0,0.0,697.0,76.0,73.38750000000019,194.4263888889112,208.52847222222888,221.48402777777787,697.0,76.0,221.48402777777787,2395.0,368.37083333333334,0.46319633747695366,0.0,,,11.0,100.0,100.0,395.0,87.34177215189874,80.75949367088607,367.0,100.0,100.0,COMPLETED,120,5,500.0,80.0,60.0,72,6b2b33fcdbdb76de,T120_P05_H0500_I0800_F1,0.9541314628832563,False,0.7092742845548637,211,0.0,0.0,0.7107713201807888,212,0.9015544041450777,0.9248120300751881,0.5436434059928483,0.2523516440272489,0.9314951166635816
T120_P05_H0500_I0800_CN070_F1,India,unlimited_useful_deadline,unlimited,central_only,targeted_central,all_useful,deadline,-1.0,0.0,0.0,1.0,none,0.0,0,applicable,773.0,0.0,,0.0,216441.0,48662505.0,973342.1327975042,70648.0,53602.0,5.507005008191858,99.8134397970225,18.0,98.42143373752458,98.42143373752458,98.42143373752458,98.42143373752458,93.01423027166882,93.01423027166882,93.01423027166882,93.01423027166882,94.82535575679172,0.0,0.0,40.0,0.0,719.0,54.0,65.11944444444453,184.1472222222402,198.96770833333545,215.35208333335248,719.0,54.0,215.35208333335248,2462.5,426.1625,0.37772718088105406,0.0,,,11.0,100.0,100.0,395.0,89.87341772151899,86.32911392405063,367.0,100.0,100.0,COMPLETED,120,5,500.0,80.0,70.0,84,c3f6e63fc2895aa7,T120_P05_H0500_I0800_F1,0.9510141400092721,False,0.7098427539626515,210,0.0,0.0,0.7095851269570141,213,0.9300518134715026,0.9398496240601504,0.5677118115086087,0.18541311238605307,0.9248992733587559
T120_P05_H0500_I0800_CN080_F1,India,unlimited_useful_deadline,unlimited,central_only,targeted_central,all_useful,deadline,-1.0,0.0,0.0,1.0,none,0.0,0,applicable,773.0,0.0,,0.0,245206.0,57106542.0,1135467.6431971076,77908.0,59473.5,5.2377978673652,99.89491117892842,15.0,99.4749518210442,99.4749518210442,99.4749518210442,99.4749518210442,95.60155239327295,95.60155239327295,95.60155239327295,95.60155239327295,97.15394566623544,0.0,0.0,22.0,0.0,739.0,34.0,57.987500000001575,183.73305555555567,188.25277777777902,208.65416666667733,739.0,34.0,208.65416666667733,2426.5,475.39166666666665,0.29343304643539536,0.0,,,11.0,100.0,100.0,395.0,94.43037974683544,91.39240506329114,367.0,100.0,100.0,COMPLETED,120,5,500.0,80.0,80.0,96,db0c0e7d7834aebc,T120_P05_H0500_I0800_F1,0.9506258457374832,False,0.7145655477501273,198,0.0,0.0,0.712971504988265,208,0.9559585492227979,0.9669172932330827,0.5940017063218053,0.12390228217808714,0.9240776939855524
T120_P05_H0500_I0800_CN090_F1,India,unlimited_useful_deadline,unlimited,central_only,targeted_central,all_useful,deadline,-1.0,0.0,0.0,1.0,none,0.0,0,applicable,773.0,0.0,,0.0,274678.0,65870697.0,1303739.4191966772,85786.0,65826.5,5.049053440491981,99.97341496205935,16.0,99.85521051887766,99.85521051887766,99.85521051887766,99.85521051887766,98.70633893919793,98.70633893919793,98.70633893919793,98.70633893919793,97.15394566623544,0.0,0.0,22.0,0.0,763.0,10.0,52.25138888888966,180.7662500000003,185.8916666666686,212.78611111111144,763.0,10.0,212.78611111111144,2593.5,526.9416666666667,0.20948410376438464,0.0,,,11.0,100.0,100.0,395.0,94.43037974683544,97.46835443037975,367.0,100.0,100.0,COMPLETED,120,5,500.0,80.0,90.0,108,d560e4d68726ee88,T120_P05_H0500_I0800_F1,0.9499308286005533,False,0.7061090243586883,218,0.0,0.0,0.7028870492303436,220,0.9870466321243524,0.9669172932330827,0.5777834715744823,0.06008071966234033,0.9226071295574606
T120_P05_H0500_I0800_CN100_F1,India,unlimited_useful_deadline,unlimited,central_only,targeted_central,all_useful,deadline,-1.0,0.0,0.0,1.0,none,0.0,0,applicable,773.0,0.0,,0.0,304507.0,75181854.0,1482513.6335962284,92760.0,71400.0,4.816144579176681,100.0,17.0,100.0,100.0,100.0,100.0,100.0,100.0,100.0,100.0,97.80077619663649,0.0,0.0,17.0,0.0,773.0,0.0,47.65138888890403,167.71347222222215,181.39027777777954,195.12361111111437,773.0,0.0,195.12361111111437,2690.5,572.5791666666667,0.10735566648959272,0.0,,,11.0,100.0,100.0,395.0,95.69620253164557,100.0,367.0,100.0,100.0,COMPLETED,120,5,500.0,80.0,100.0,120,b38ecda6d37882c6,T120_P05_H0500_I0800_F1,0.9706895932154666,False,0.7192887663692291,188,0.0,0.0,0.7176152629990321,195,1.0,0.974436090225564,0.647110292173537,0.0,0.9665299325960596
T120_P05_H0500_I0986_CN010_F1,India,unlimited_useful_deadline,unlimited,central_only,targeted_central,all_useful,deadline,-1.0,0.0,0.0,1.0,none,0.0,0,applicable,773.0,0.0,,0.0,30683.0,6081462.0,153657.83519970183,21257.0,13835.0,9.00377125710466,90.49150704734369,12.0,63.692523997574504,63.692523997574504,63.692523997574504,63.692523997574504,40.10349288486417,40.10349288486417,40.10349288486417,40.10349288486417,58.73221216041398,0.0,135.0,184.0,135.0,310.0,463.0,212.99166666666667,342.79680555555603,353.590798611114,359.48472222222284,310.0,463.0,359.48472222222284,2367.5,95.5625,0.8946998764624665,0.0,,,11.0,0.0,0.0,395.0,40.0,24.556962025316455,367.0,80.65395095367847,58.03814713896458,COMPLETED,120,5,500.0,98.6,10.0,12,047a1e83db7d3168,T120_P05_H0500_I0986_F1,0.6748715651135005,False,0.37086462461337033,547,0.0,0.0,0.3678825748459923,553,0.400259067357513,0.5203007518796994,0.001978897214556241,0.5762560857682405,0.3406180720099524
T120_P05_H0500_I0986_CN020_F1,India,unlimited_useful_deadline,unlimited,central_only,targeted_central,all_useful,deadline,-1.0,0.0,0.0,1.0,none,0.0,0,applicable,773.0,0.0,,0.0,60931.0,12157425.0,270316.3247993763,32669.0,23176.5,8.573844001911894,97.01853170237094,10.0,82.10588611265938,82.10588611265938,82.10588611265938,82.10588611265938,67.39974126778783,67.39974126778783,67.39974126778783,67.39974126778783,80.85381630012937,0.0,31.0,117.0,31.0,521.0,252.0,145.25624999999977,330.78611111111144,353.9506944444486,359.8187500000001,521.0,252.0,359.8187500000001,2777.5,169.99166666666667,0.7926340343480889,0.0,,,11.0,81.81818181818183,36.36363636363637,395.0,73.67088607594937,56.9620253164557,367.0,88.5558583106267,79.56403269754769,COMPLETED,120,5,500.0,98.6,20.0,24,4f47b0677cb68b0d,T120_P05_H0500_I0986_F1,0.845085128314495,False,0.5287497135073014,455,0.0,0.0,0.5301093310891701,463,0.6735751295336787,0.7774436090225564,0.0006678096660740485,0.498092626052487,0.7007674811710546
T120_P05_H0500_I0986_CN030_F1,India,unlimited_useful_deadline,unlimited,central_only,targeted_central,all_useful,deadline,-1.0,0.0,0.0,1.0,none,0.0,0,applicable,773.0,0.0,,0.0,91396.0,18711177.0,396148.3631990601,43012.0,31550.5,7.964314113332895,99.50396982615173,13.0,94.39558599350755,94.39558599350755,94.39558599350755,94.39558599350755,85.38163001293661,85.38163001293661,85.38163001293661,85.38163001293661,96.89521345407503,0.0,0.0,24.0,0.0,660.0,113.0,141.6527777777826,320.7000000000001,335.8386805555565,354.08541666666673,660.0,113.0,354.08541666666673,2809.0,239.5125,0.7100935638942529,0.0,,,11.0,100.0,90.9090909090909,395.0,93.92405063291139,71.64556962025317,367.0,100.0,100.0,COMPLETED,120,5,500.0,98.6,30.0,36,b67117ed84c13c0e,T120_P05_H0500_I0986_F1,0.881631593714927,False,0.6124517084148208,354,0.0,0.0,0.6086751099155288,367,0.8536269430051814,0.9639097744360903,0.0231716325356931,0.4245722265813399,0.7780949730193386
T120_P05_H0500_I0986_CN040_F1,India,unlimited_useful_deadline,unlimited,central_only,targeted_central,all_useful,deadline,-1.0,0.0,0.0,1.0,none,0.0,0,applicable,773.0,0.0,,0.0,123062.0,25966635.0,535453.1567987173,51502.0,38466.0,7.183821686657791,99.96880361878023,11.0,99.2087160731984,99.2087160731984,99.2087160731984,99.2087160731984,94.30789133247089,94.30789133247089,94.30789133247089,94.30789133247089,99.48253557567918,0.0,0.0,4.0,0.0,729.0,44.0,123.78611111111144,237.33958333333752,244.8479166666668,297.43402777777777,729.0,44.0,297.43402777777777,3163.0,294.19166666666666,0.6213367135937455,0.0,,,11.0,100.0,90.9090909090909,395.0,98.9873417721519,89.1139240506329,367.0,100.0,100.0,COMPLETED,120,5,500.0,98.6,40.0,48,35b17f61af0064a5,T120_P05_H0500_I0986_F1,0.9153806584362139,False,0.6826906943153108,252,0.0,0.0,0.6780156119807171,271,0.9430051813471502,0.9939849624060151,0.24553317106013384,0.3580512104350079,0.849503534655279
T120_P05_H0500_I0986_CN050_F1,India,unlimited_useful_deadline,unlimited,central_only,targeted_central,all_useful,deadline,-1.0,0.0,0.0,1.0,none,0.0,0,applicable,773.0,0.0,,0.0,154064.0,33776394.0,685400.529598341,58187.0,43847.5,6.397354263162819,99.98175494612008,11.0,99.9353169469599,99.9353169469599,99.9353169469599,99.9353169469599,99.87063389391979,99.87063389391979,99.87063389391979,99.87063389391979,100.0,0.0,0.0,0.0,0.0,772.0,1.0,105.0461805555725,204.3608333333354,208.53538194444477,267.60416666666663,772.0,1.0,267.60416666666663,3247.5,338.3333333333333,0.5421678981937603,0.0,,,11.0,100.0,90.9090909090909,395.0,100.0,100.0,367.0,100.0,100.0,COMPLETED,120,5,500.0,98.6,50.0,60,7cddacee3525211c,T120_P05_H0500_I0986_F1,0.9304602043753598,False,0.7141896104499915,201,0.0,0.0,0.7083248703583495,216,0.9987046632124352,1.0,0.36261792292114237,0.298891904278574,0.881409861379596
T120_P05_H0500_I0986_CN060_F1,India,unlimited_useful_deadline,unlimited,central_only,targeted_central,all_useful,deadline,-1.0,0.0,0.0,1.0,none,0.0,0,applicable,773.0,0.0,,0.0,185389.0,41516904.0,834018.3215979894,64892.0,49231.5,5.902927876413055,99.98578146105643,13.0,99.9353169469599,99.9353169469599,99.9353169469599,99.9353169469599,99.87063389391979,99.87063389391979,99.87063389391979,99.87063389391979,100.0,0.0,0.0,0.0,0.0,772.0,1.0,96.65312500000097,175.30868055555578,195.59600694444862,254.90625000000003,772.0,1.0,254.90625000000003,3600.5,380.2583333333333,0.4705233284389998,0.0,,,11.0,100.0,90.9090909090909,395.0,100.0,100.0,367.0,100.0,100.0,COMPLETED,120,5,500.0,98.6,60.0,72,011ccfac4db75863,T120_P05_H0500_I0986_F1,0.9655698282479369,False,0.723466529882186,178,0.0,0.0,0.7213161560419119,185,0.9987046632124352,1.0,0.41245833003972066,0.2397206005504486,0.9556971864069549
T120_P05_H0500_I0986_CN070_F1,India,unlimited_useful_deadline,unlimited,central_only,targeted_central,all_useful,deadline,-1.0,0.0,0.0,1.0,none,0.0,0,applicable,773.0,0.0,,0.0,216965.0,49912779.0,995219.1215976021,72195.0,55030.5,5.529485799233923,99.99182271649359,12.0,99.9353169469599,99.9353169469599,99.9353169469599,99.9353169469599,99.87063389391979,99.87063389391979,99.87063389391979,99.87063389391979,100.0,0.0,0.0,0.0,0.0,772.0,1.0,86.54687500000824,155.78909722222224,169.71475694444814,234.34027777780202,772.0,1.0,234.34027777780202,3820.0,426.75416666666666,0.39914006893117615,0.0,,,11.0,100.0,90.9090909090909,395.0,100.0,100.0,367.0,100.0,100.0,COMPLETED,120,5,500.0,98.6,70.0,84,1627be1f35d23334,T120_P05_H0500_I0986_F1,0.9776500431778928,False,0.7312126099450366,166,0.0,0.0,0.7303402430355103,168,0.9987046632124352,1.0,0.49318152702167106,0.1785576999215359,0.9812573250219094
T120_P05_H0500_I0986_CN080_F1,India,unlimited_useful_deadline,unlimited,central_only,targeted_central,all_useful,deadline,-1.0,0.0,0.0,1.0,none,0.0,0,applicable,773.0,0.0,,0.0,249621.0,59014089.0,1169964.2735971878,78929.0,60387.5,5.161482394187284,99.99254812668184,15.0,99.9353169469599,99.9353169469599,99.9353169469599,99.9353169469599,99.87063389391979,99.87063389391979,99.87063389391979,99.87063389391979,100.0,0.0,0.0,0.0,0.0,772.0,1.0,80.25416666666669,134.91805555556203,158.90607638888915,213.77430555556046,772.0,1.0,213.77430555556046,3816.5,471.425,0.3451088013293031,0.0,,,11.0,100.0,90.9090909090909,395.0,100.0,100.0,367.0,100.0,100.0,COMPLETED,120,5,500.0,98.6,80.0,96,c38d7060c2796ec1,T120_P05_H0500_I0986_F1,0.9823858184609479,False,0.7370519445637724,159,0.0,0.0,0.7366805913919403,160,0.9987046632124352,1.0,0.5739047240037923,0.1195159699676785,0.9912775997757961
T120_P05_H0500_I0986_CN090_F1,India,unlimited_useful_deadline,unlimited,central_only,targeted_central,all_useful,deadline,-1.0,0.0,0.0,1.0,none,0.0,0,applicable,773.0,0.0,,0.0,282478.0,68575641.0,1353546.071996777,86252.0,66217.0,4.892112752565224,100.0,14.0,99.95148771021992,99.95148771021992,99.95148771021992,99.95148771021992,99.87063389391979,99.87063389391979,99.87063389391979,99.87063389391979,100.0,0.0,0.0,0.0,0.0,772.0,1.0,71.85104166666727,123.51840277782377,140.85861111111114,193.90625000000182,772.0,1.0,193.90625000000182,3953.5,518.8625,0.2570112639561435,0.0,,,11.0,100.0,90.9090909090909,395.0,100.0,100.0,367.0,100.0,100.0,COMPLETED,120,5,500.0,98.6,90.0,108,4798d6c7c7820ad1,T120_P05_H0500_I0986_F1,0.9817663356361542,False,0.7401902416873135,149,0.0,0.0,0.7397533513252779,150,0.9987046632124352,1.0,0.6518885384781019,0.058206698964129666,0.9899668559717232
T120_P05_H0500_I0986_CN100_F1,India,unlimited_useful_deadline,unlimited,central_only,targeted_central,all_useful,deadline,-1.0,0.0,0.0,1.0,none,0.0,0,applicable,773.0,0.0,,0.0,315496.0,78498084.0,1544056.9775963502,92740.0,71370.0,4.622238753851068,100.0,16.0,99.95148771021992,99.95148771021992,99.95148771021992,99.95148771021992,99.87063389391979,99.87063389391979,99.87063389391979,99.87063389391979,100.0,0.0,0.0,0.0,0.0,772.0,1.0,57.0201388888962,105.91805555555571,123.21736111111501,182.30208333333402,772.0,1.0,182.30208333333402,4024.0,561.2166666666667,0.15846239321315791,0.0,,,11.0,100.0,90.9090909090909,395.0,100.0,100.0,367.0,100.0,100.0,COMPLETED,120,5,500.0,98.6,100.0,120,b32878cf8b0a5197,T120_P05_H0500_I0986_F1,0.9855396037228937,True,0.7388847255680616,152,0.0,0.0,0.7388470220412258,152,0.9987046632124352,1.0,0.6974358834576768,0.00014397086029786324,0.997950592675719
T120_P05_H0800_I0600_CN000_F1,India,unlimited_useful_deadline,unlimited,central_only,targeted_central,all_useful,deadline,-1.0,0.0,0.0,1.0,none,0.0,0,applicable,773.0,0.0,,0.0,2412.0,1361472.0,136147.2,8946.0,5584.0,4.101443143891317,0.0,1.0,63.49262916314574,63.49262916314574,63.49262916314574,63.49262916314574,20.18111254851229,20.18111254851229,20.18111254851229,20.18111254851229,69.46959896507116,80.0,21.0,135.0,101.0,156.0,617.0,99.83333333333334,106.03333333333333,108.28333333333333,109.95,156.0,617.0,109.95,5584.0,0.0,0.0,0.0,,,11.0,54.54545454545454,0.0,395.0,41.51898734177215,39.49367088607595,367.0,100.0,0.0,COMPLETED,120,5,800.0,60.0,0.0,0,cd9543d75db85416,T120_P05_H0800_I0600_F1,0.8555778133903135,True,0.6137841879618194,352,0.0,1.16,0.6398937586770597,327,0.20077720207253885,0.6451127819548873,0.9814239882683623,0.6491862047121663,0.7229686163773439
T120_P05_H0800_I0600_CN010_F1,India,unlimited_useful_deadline,unlimited,central_only,targeted_central,all_useful,deadline,-1.0,0.0,0.0,1.0,none,0.0,0,applicable,773.0,0.0,,0.0,17403.0,4462110.0,195679.4495998317,19854.0,13041.0,6.664470912336016,64.35856146001073,7.0,87.2764324533908,87.2764324533908,87.2764324533908,87.2764324533908,23.673997412677878,23.673997412677878,23.673997412677878,23.673997412677878,71.66882276843467,80.0,8.0,131.0,88.0,183.0,590.0,99.71666666666667,109.08333333333333,141.1138888888985,338.15,183.0,590.0,338.15,7322.0,47.65833333333333,0.8005056245264324,0.0,,,11.0,54.54545454545454,0.0,395.0,45.822784810126585,45.56962025316456,367.0,100.0,0.8174386920980926,COMPLETED,120,5,800.0,60.0,10.0,12,99b2bc3abed0d56a,T120_P05_H0800_I0600_F1,0.9068457802064359,True,0.4509470948117907,516,0.0,0.0,0.4807317730473148,504,0.23575129533678754,0.6706766917293232,0.08571950358573555,0.5800665145374576,0.8314448600472703
T120_P05_H0800_I0600_CN020_F1,India,unlimited_useful_deadline,unlimited,central_only,targeted_central,all_useful,deadline,-1.0,0.0,0.0,1.0,none,0.0,0,applicable,773.0,0.0,,0.0,31702.0,7877043.0,261246.1631996634,28465.0,19379.5,7.418099375181549,80.59547459944787,9.0,95.48869652185857,95.48869652185857,95.48869652185857,95.48869652185857,63.0012936610608,63.0012936610608,63.0012936610608,63.0012936610608,71.66882276843467,80.0,5.0,134.0,85.0,487.0,286.0,133.38472222223885,289.97430555555604,317.05590277777895,358.3520833333343,487.0,286.0,358.3520833333343,8206.5,93.10833333333333,0.6827187565261494,0.0,,,11.0,54.54545454545454,0.0,395.0,45.822784810126585,63.037974683544306,367.0,100.0,64.85013623978202,COMPLETED,120,5,800.0,60.0,20.0,24,35af00915b8ee119,T120_P05_H0800_I0600_F1,0.8650011407711613,False,0.5075026557346136,468,0.0,0.0,0.513171328396635,474,0.6295336787564767,0.6706766917293232,0.006424601562949883,0.5163145379375215,0.7429071319969038
T120_P05_H0800_I0600_CN030_F1,India,unlimited_useful_deadline,unlimited,central_only,targeted_central,all_useful,deadline,-1.0,0.0,0.0,1.0,none,0.0,0,applicable,773.0,0.0,,0.0,44841.0,10985502.0,320928.5759994661,37643.0,26995.0,8.41152892537837,88.84423041303945,11.0,98.10669309914503,98.10669309914503,98.10669309914503,98.10669309914503,84.60543337645537,84.60543337645537,84.60543337645537,84.60543337645537,72.70375161707634,80.0,3.0,128.0,83.0,654.0,119.0,111.23506944444699,227.21513888889515,244.37204861114012,294.35208333333355,654.0,119.0,294.35208333333355,9406.5,146.57083333333333,0.629569747278051,0.0,,,11.0,54.54545454545454,27.27272727272727,395.0,47.848101265822784,71.89873417721519,367.0,100.0,100.0,COMPLETED,120,5,800.0,60.0,30.0,36,50298a1e8b362576,T120_P05_H0800_I0600_F1,0.9244237739268321,False,0.6191135733506927,349,0.0,0.0,0.620252705844357,351,0.8458549222797928,0.6827067669172934,0.2576300661540488,0.44643420171757237,0.8686375721530776
T120_P05_H0800_I0600_CN040_F1,India,unlimited_useful_deadline,unlimited,central_only,targeted_central,all_useful,deadline,-1.0,0.0,0.0,1.0,none,0.0,0,applicable,773.0,0.0,,0.0,57045.0,14623236.0,390773.0687992873,46211.0,33937.0,8.684580056726237,92.83378023985621,11.0,99.39631114746322,99.39631114746322,99.39631114746322,99.39631114746322,88.22768434670117,88.22768434670117,88.22768434670117,88.22768434670117,73.86804657179819,80.0,1.0,121.0,81.0,682.0,91.0,103.80000000000001,209.6352083333385,220.6678819444701,258.7861111111289,682.0,91.0,258.7861111111289,9934.0,200.025,0.5553406518629616,0.0,,,11.0,54.54545454545454,36.36363636363637,395.0,50.12658227848101,78.73417721518987,367.0,100.0,100.0,COMPLETED,120,5,800.0,60.0,40.0,48,34288c0441de1626,T120_P05_H0800_I0600_F1,0.9384829477571413,False,0.6499400583735861,310,0.0,0.0,0.6507530870729251,314,0.8821243523316062,0.6962406015037594,0.39722954389956344,0.37978601131131057,0.898384926318386
T120_P05_H0800_I0600_CN050_F1,India,unlimited_useful_deadline,unlimited,central_only,targeted_central,all_useful,deadline,-1.0,0.0,0.0,1.0,none,0.0,0,applicable,773.0,0.0,,0.0,71874.0,19126206.0,477230.09279901546,54215.0,40471.5,8.480500414931816,95.29421938895273,12.0,99.64088941361669,99.64088941361669,99.64088941361669,99.64088941361669,88.745148771022,88.745148771022,88.745148771022,88.745148771022,72.57438551099612,80.0,1.0,131.0,81.0,686.0,87.0,98.84236111111338,174.6072916666675,181.51267361111172,189.88333333333333,686.0,87.0,189.88333333333333,10204.0,252.22916666666666,0.4727139946587373,0.0,,,11.0,54.54545454545454,36.36363636363637,395.0,47.59493670886076,79.74683544303798,367.0,100.0,100.0,COMPLETED,120,5,800.0,60.0,50.0,60,a915336c922f542f,T120_P05_H0800_I0600_F1,0.9659877443040706,False,0.6981086936043455,224,0.0,0.0,0.7015724807083454,221,0.8873056994818653,0.681203007518797,0.6676788298884413,0.3150934250907616,0.9565814415618614
T120_P05_H0800_I0600_CN060_F1,India,unlimited_useful_deadline,unlimited,central_only,targeted_central,all_useful,deadline,-1.0,0.0,0.0,1.0,none,0.0,0,applicable,773.0,0.0,,0.0,83176.0,22083807.0,534016.0319988268,61712.0,46542.5,8.71556230733205,96.95976795402052,12.0,99.75250338886703,99.75250338886703,99.75250338886703,99.75250338886703,88.745148771022,88.745148771022,88.745148771022,88.745148771022,73.86804657179819,80.0,1.0,121.0,81.0,686.0,87.0,91.20937500000048,172.15868055555586,180.76215277779042,197.78611111111144,686.0,87.0,197.78611111111144,10915.0,296.8958333333333,0.4260738427712676,0.0,,,11.0,54.54545454545454,36.36363636363637,395.0,50.12658227848101,79.74683544303798,367.0,100.0,100.0,COMPLETED,120,5,800.0,60.0,60.0,72,a499855a72fd8fef,T120_P05_H0800_I0600_F1,0.9742583144368857,False,0.6850436646452033,246,0.0,0.0,0.689382423429116,239,0.8873056994818653,0.6962406015037594,0.6366597523380204,0.2526251886618149,0.9740808751601201
T120_P05_H0800_I0600_CN070_F1,India,unlimited_useful_deadline,unlimited,central_only,targeted_central,all_useful,deadline,-1.0,0.0,0.0,1.0,none,0.0,0,applicable,773.0,0.0,,0.0,95450.0,25930482.0,607872.191998567,69555.0,52777.0,8.68225273251592,98.02376035015253,14.0,99.63815645633828,99.63815645633828,99.63815645633828,99.63815645633828,88.8745148771022,88.8745148771022,88.8745148771022,88.8745148771022,71.53945666235447,80.0,2.0,138.0,82.0,687.0,86.0,92.21666666666667,160.93111111111267,167.16215277777812,181.29375000003623,687.0,86.0,181.29375000003623,11368.5,345.0708333333333,0.37398974043171496,0.0,,,11.0,54.54545454545454,45.45454545454545,395.0,45.56962025316456,79.74683544303798,367.0,100.0,100.0,COMPLETED,120,5,800.0,60.0,70.0,84,38af168275c4ae40,T120_P05_H0800_I0600_F1,0.9753463798587525,False,0.6805955049934626,259,0.0,0.0,0.6849846070712451,250,0.8886010362694301,0.6691729323308271,0.7013936778866419,0.18937231104424465,0.9763830778250817
T120_P05_H0800_I0600_CN080_F1,India,unlimited_useful_deadline,unlimited,central_only,targeted_central,all_useful,deadline,-1.0,0.0,0.0,1.0,none,0.0,0,applicable,773.0,0.0,,0.0,107480.0,30253896.0,690881.7407983154,77234.0,58938.0,8.530837699068007,98.99046455597407,15.0,99.91473173291355,99.91473173291355,99.91473173291355,99.91473173291355,89.39197930142304,89.39197930142304,89.39197930142304,89.39197930142304,74.1267787839586,80.0,0.0,120.0,80.0,691.0,82.0,84.21736111111095,153.5222222222539,162.03576388888914,177.55763888890078,691.0,82.0,177.55763888890078,11777.5,393.00416666666666,0.30148261433473644,0.0,,,11.0,54.54545454545454,81.81818181818183,395.0,50.63291139240506,79.74683544303798,367.0,100.0,100.0,COMPLETED,120,5,800.0,60.0,80.0,96,e4bccb3c7e5e111a,T120_P05_H0800_I0600_F1,0.9746160958353433,False,0.6780269829212816,265,0.0,0.0,0.6820797584165504,259,0.8937823834196892,0.6992481203007518,0.7160582330028409,0.12647216203440423,0.974837893325066
T120_P05_H0800_I0600_CN090_F1,India,unlimited_useful_deadline,unlimited,central_only,targeted_central,all_useful,deadline,-1.0,0.0,0.0,1.0,none,0.0,0,applicable,773.0,0.0,,0.0,117567.0,34282512.0,768231.1679980505,85081.0,65189.5,8.48566196160443,99.45313278978976,17.0,100.0,100.0,100.0,100.0,89.65071151358343,89.65071151358343,89.65071151358343,89.65071151358343,74.77360931435963,80.0,0.0,115.0,80.0,693.0,80.0,79.12361111111161,146.26527777777804,157.53125000000878,165.55763888890155,693.0,80.0,165.55763888890155,12124.5,442.2083333333333,0.2455697415119822,0.0,,,11.0,54.54545454545454,100.0,395.0,51.89873417721519,79.74683544303798,367.0,100.0,100.0,COMPLETED,120,5,800.0,60.0,90.0,108,76135bc4dc5c2b41,T120_P05_H0800_I0600_F1,0.9797211533322644,False,0.6785519674834037,263,0.0,0.0,0.683015290656147,256,0.8963730569948185,0.706766917293233,0.7631592576136683,0.06313770092933191,0.9856395204496832
T120_P05_H0800_I0600_CN100_F1,India,unlimited_useful_deadline,unlimited,central_only,targeted_central,all_useful,deadline,-1.0,0.0,0.0,1.0,none,0.0,0,applicable,773.0,0.0,,0.0,128714.0,38644398.0,851979.3791977577,92705.0,71317.5,8.37080118853981,100.0,16.0,100.0,100.0,100.0,100.0,89.65071151358343,89.65071151358343,89.65071151358343,89.65071151358343,74.25614489003881,80.0,0.0,119.0,80.0,693.0,80.0,73.24236111111192,148.30694444445237,154.695833333334,170.25555555556033,693.0,80.0,170.25555555556033,12768.0,487.9125,0.18273305778301552,0.0,,,11.0,54.54545454545454,100.0,395.0,50.8860759493671,79.74683544303798,367.0,100.0,100.0,COMPLETED,120,5,800.0,60.0,100.0,120,e143ad988815fd62,T120_P05_H0800_I0600_F1,0.976233899845011,False,0.6600058738025193,289,0.0,0.0,0.6641002685951116,293,0.8963730569948185,0.7007518796992481,0.7447195335690078,0.00039591986581914246,0.978260952846664
T120_P05_H0800_I0800_CN010_F1,India,unlimited_useful_deadline,unlimited,central_only,targeted_central,all_useful,deadline,-1.0,0.0,0.0,1.0,none,0.0,0,applicable,773.0,0.0,,0.0,29437.0,6051852.0,188480.20799967914,22258.0,14384.0,7.6315705254445,89.35970522803115,9.0,75.11341141847018,75.11341141847018,75.11341141847018,75.11341141847018,56.144890038809834,56.144890038809834,56.144890038809834,56.144890038809834,75.80853816300129,0.0,55.0,132.0,55.0,434.0,339.0,205.46840277777767,306.14166666666665,324.8322916666676,359.95069444445966,434.0,339.0,359.95069444445966,2899.5,95.70416666666667,0.8745327034989188,0.0,,,11.0,90.9090909090909,0.0,395.0,52.911392405063296,35.44303797468354,367.0,100.0,80.10899182561307,COMPLETED,120,5,800.0,80.0,10.0,12,1fa84830dc964bae,T120_P05_H0800_I0800_F1,0.7704887779484553,False,0.48017359189475034,495,0.0,0.0,0.47927612346015547,506,0.5608808290155441,0.7187969924812029,0.00014991645559458977,0.5736214190247894,0.5429314603236465
T120_P05_H0800_I0800_CN020_F1,India,unlimited_useful_deadline,unlimited,central_only,targeted_central,all_useful,deadline,-1.0,0.0,0.0,1.0,none,0.0,0,applicable,773.0,0.0,,0.0,57972.0,11680239.0,296545.23839929875,31288.0,21819.5,7.35789929313247,95.66213707921813,13.0,86.64643881598451,86.64643881598451,86.64643881598451,86.64643881598451,78.26649417852522,78.26649417852522,78.26649417852522,78.26649417852522,81.63001293661061,0.0,17.0,125.0,17.0,605.0,168.0,134.6541666666664,233.51361111111115,241.4312500000034,275.3520833333474,605.0,168.0,275.3520833333474,3221.5,154.98333333333332,0.7749363730867118,0.0,,,11.0,100.0,45.45454545454545,395.0,64.0506329113924,58.9873417721519,367.0,100.0,100.0,COMPLETED,120,5,800.0,80.0,20.0,24,be52695270f093aa,T120_P05_H0800_I0800_F1,0.9204369452096725,True,0.6492817026951869,311,0.0,0.0,0.6531726301793909,311,0.7823834196891191,0.7864661654135339,0.332206688454476,0.5046049079666276,0.8602019693731978
T120_P05_H0800_I0800_CN030_F1,India,unlimited_useful_deadline,unlimited,central_only,targeted_central,all_useful,deadline,-1.0,0.0,0.0,1.0,none,0.0,0,applicable,773.0,0.0,,0.0,87403.0,17590104.0,410014.64639884024,40181.0,29263.5,7.137184063306372,98.22133374340048,12.0,94.50004885026952,94.50004885026952,94.50004885026952,94.50004885026952,85.76972833117723,85.76972833117723,85.76972833117723,85.76972833117723,92.36739974126779,0.0,0.0,59.0,0.0,663.0,110.0,102.22083333334109,212.86527777779898,222.0719444444453,234.61666666666667,663.0,110.0,234.61666666666667,3236.5,216.89166666666668,0.6862940408037808,0.0,,,11.0,100.0,90.9090909090909,395.0,85.0632911392405,72.40506329113924,367.0,100.0,100.0,COMPLETED,120,5,800.0,80.0,30.0,36,3c99cfb8b2e37f5f,T120_P05_H0800_I0800_F1,0.9365608066588459,True,0.7163104233388456,193,0.0,0.0,0.7181506721569402,193,0.8575129533678757,0.9112781954887218,0.49209667703362303,0.43554760516471464,0.8943179297297658
T120_P05_H0800_I0800_CN040_F1,India,unlimited_useful_deadline,unlimited,central_only,targeted_central,all_useful,deadline,-1.0,0.0,0.0,1.0,none,0.0,0,applicable,773.0,0.0,,0.0,115193.0,23677365.0,526890.0575983487,48799.0,36285.0,6.8866359265523025,99.16081025217032,14.0,98.5221054786727,98.5221054786727,98.5221054786727,98.5221054786727,93.91979301423027,93.91979301423027,93.91979301423027,93.91979301423027,95.21345407503235,0.0,0.0,37.0,0.0,726.0,47.0,89.13750000000073,199.67048611111142,210.5456597222394,227.51944444444453,726.0,47.0,227.51944444444453,3299.0,274.8833333333333,0.6091450413306656,0.0,,,11.0,100.0,90.9090909090909,395.0,90.63291139240506,88.35443037974684,367.0,100.0,100.0,COMPLETED,120,5,800.0,80.0,40.0,48,73a9ab8e42a41856,T120_P05_H0800_I0800_F1,0.9354600295888176,False,0.7351446522768582,162,0.0,0.0,0.7327881352724807,164,0.9391191709844559,0.9443609022556392,0.5199538802467414,0.3685178919786635,0.8919888308969033
T120_P05_H0800_I0800_CN050_F1,India,unlimited_useful_deadline,unlimited,central_only,targeted_central,all_useful,deadline,-1.0,0.0,0.0,1.0,none,0.0,0,applicable,773.0,0.0,,0.0,143202.0,30835410.0,664324.5215978036,55928.0,42001.0,6.322361832885692,99.59405728435037,16.0,99.95773859349691,99.95773859349691,99.95773859349691,99.95773859349691,99.35316946959897,99.35316946959897,99.35316946959897,99.35316946959897,96.89521345407503,0.0,0.0,24.0,0.0,768.0,5.0,83.30277777777889,184.46555555555662,196.20017361111132,209.38749999999993,768.0,5.0,209.38749999999993,3213.0,323.23333333333335,0.5274451290777216,0.0,,,11.0,100.0,100.0,395.0,93.92405063291139,98.73417721518987,367.0,100.0,100.0,COMPLETED,120,5,800.0,80.0,50.0,60,ecb4187bc46d5c8e,T120_P05_H0800_I0800_F1,0.9450454523533951,False,0.7577786559630049,126,0.0,0.0,0.7537160061064225,132,0.9935233160621761,0.9639097744360903,0.5911233103734077,0.30775331072990825,0.9122703189305302
T120_P05_H0800_I0800_CN060_F1,India,unlimited_useful_deadline,unlimited,central_only,targeted_central,all_useful,deadline,-1.0,0.0,0.0,1.0,none,0.0,0,applicable,773.0,0.0,,0.0,171808.0,37299702.0,788438.9279971982,63146.0,47827.5,6.06610078493866,99.80241492864984,15.0,100.0,100.0,100.0,100.0,100.0,100.0,100.0,100.0,98.05950840879689,0.0,0.0,15.0,0.0,773.0,0.0,78.36736111111095,153.1333333333547,169.20513888889303,183.7861111111124,773.0,0.0,183.7861111111124,3295.0,371.1041666666667,0.45743249312300005,0.0,,,11.0,100.0,100.0,395.0,96.20253164556962,100.0,367.0,100.0,100.0,COMPLETED,120,5,800.0,80.0,60.0,72,fa06eeee98fa43ea,T120_P05_H0800_I0800_F1,0.9639068564036223,False,0.7759293823677534,102,0.0,0.0,0.7735383102535204,104,1.0,0.9774436090225563,0.6916109477173189,0.2464584368123892,0.9521785577153373
T120_P05_H0800_I0800_CN070_F1,India,unlimited_useful_deadline,unlimited,central_only,targeted_central,all_useful,deadline,-1.0,0.0,0.0,1.0,none,0.0,0,applicable,773.0,0.0,,0.0,201169.0,44818635.0,932802.4415965336,70762.0,53843.0,5.7721761435192285,99.87556414018535,16.0,100.0,100.0,100.0,100.0,100.0,100.0,100.0,100.0,98.31824062095731,0.0,0.0,13.0,0.0,773.0,0.0,72.46805555555572,141.06180555555596,146.30888888889473,158.78611111111144,773.0,0.0,158.78611111111144,3506.0,419.475,0.37759600294018325,0.0,,,11.0,100.0,100.0,395.0,96.70886075949367,100.0,367.0,100.0,100.0,COMPLETED,120,5,800.0,80.0,70.0,84,3593c037144e24e4,T120_P05_H0800_I0800_F1,0.9750766613961956,False,0.7872610097030446,78,0.0,0.0,0.7860516291628753,80,1.0,0.9804511278195489,0.7897380823232195,0.18425654647499348,0.9758123891966145
T120_P05_H0800_I0800_CN080_F1,India,unlimited_useful_deadline,unlimited,central_only,targeted_central,all_useful,deadline,-1.0,0.0,0.0,1.0,none,0.0,0,applicable,773.0,0.0,,0.0,228774.0,52526853.0,1080800.2271958354,78055.0,59698.5,5.52354621120772,99.95561027496504,15.0,100.0,100.0,100.0,100.0,100.0,100.0,100.0,100.0,98.44760672703752,0.0,0.0,12.0,0.0,773.0,0.0,61.506250000000485,127.61249999999991,141.484027777783,180.65416666666715,773.0,0.0,180.65416666666715,3784.0,465.95416666666665,0.31439541621582956,0.0,,,11.0,100.0,100.0,395.0,96.9620253164557,100.0,367.0,100.0,100.0,COMPLETED,120,5,800.0,80.0,80.0,96,b38df87dc4490b0f,T120_P05_H0800_I0800_F1,0.9811167409323942,False,0.7600251569164423,124,0.0,0.0,0.7594547768869665,125,1.0,0.9819548872180452,0.7039040970804497,0.12282250072585306,0.9885923994104849
T120_P05_H0800_I0800_CN090_F1,India,unlimited_useful_deadline,unlimited,central_only,targeted_central,all_useful,deadline,-1.0,0.0,0.0,1.0,none,0.0,0,applicable,773.0,0.0,,0.0,256919.0,60487950.0,1233653.2895950656,85511.0,65589.0,5.316647761019543,99.99008980164356,15.0,100.0,100.0,100.0,100.0,100.0,100.0,100.0,100.0,99.74126778783958,0.0,0.0,2.0,0.0,773.0,0.0,53.65138888892543,102.39027777778925,108.00569444444487,135.48402777780115,773.0,0.0,135.48402777780115,4049.0,512.8333333333334,0.2257121384465388,0.0,,,11.0,100.0,100.0,395.0,99.49367088607595,100.0,367.0,100.0,100.0,COMPLETED,120,5,800.0,80.0,90.0,108,4bfac8035ab26253,T120_P05_H0800_I0800_F1,0.9834824637056202,False,0.7869224372744387,80,0.0,0.0,0.7866023350850462,78,1.0,0.9969924812030074,0.8812007490370422,0.06122048897303186,0.9935979562121495
T120_P05_H0800_I0800_CN100_F1,India,unlimited_useful_deadline,unlimited,central_only,targeted_central,all_useful,deadline,-1.0,0.0,0.0,1.0,none,0.0,0,applicable,773.0,0.0,,0.0,285902.0,68948766.0,1396100.9567942359,92760.0,71400.0,5.114243325493493,100.0,17.0,100.0,100.0,100.0,100.0,100.0,100.0,100.0,100.0,100.0,0.0,0.0,0.0,0.0,773.0,0.0,47.400694444444525,86.66097222223966,94.9475000000031,106.48402777777785,773.0,0.0,106.48402777777785,4188.0,560.1,0.1289738687535955,0.0,,,11.0,100.0,100.0,395.0,100.0,100.0,367.0,100.0,100.0,COMPLETED,120,5,800.0,80.0,100.0,120,afc2196c13f50741,T120_P05_H0800_I0800_F1,0.984633582482871,False,0.7984106807528604,50,0.0,26.32,0.7982123593251488,49,1.0,1.0,0.995028225179974,0.0,0.9960335714457699
T120_P05_H0800_I0986_CN000_F1,India,unlimited_useful_deadline,unlimited,central_only,targeted_central,all_useful,deadline,-1.0,0.0,0.0,1.0,none,0.0,0,applicable,773.0,0.0,,0.0,1773.0,868992.0,86899.2,7470.0,3865.0,4.4476819119163356,0.0,1.0,27.13001295039298,27.13001295039298,27.13001295039298,27.13001295039298,0.129366106080207,0.129366106080207,0.129366106080207,0.129366106080207,14.489003880983182,0.0,346.0,315.0,346.0,1.0,772.0,173.95,173.95,173.95,173.95,1.0,772.0,173.95,3865.0,0.0,0.0,0.0,,,11.0,0.0,0.0,395.0,0.0,0.25316455696202533,367.0,30.517711171662125,0.0,COMPLETED,120,5,800.0,98.6,0.0,0,dd5c2b9395904bec,T120_P05_H0800_I0986_F1,0.5138888888888888,False,0.27873385925569716,559,0.0,0.0,0.27873385925569716,560,0.0,0.00601503759398496,0.7302185236772663,0.6574357350072345,0.0
T120_P05_H0800_I0986_CN010_F1,India,unlimited_useful_deadline,unlimited,central_only,targeted_central,all_useful,deadline,-1.0,0.0,0.0,1.0,none,0.0,0,applicable,773.0,0.0,,0.0,28503.0,6034413.0,186075.28319972072,22984.0,15111.5,8.121175332986235,89.15395559673097,11.0,71.18753160868705,71.18753160868705,71.18753160868705,71.18753160868705,47.994825355756795,47.994825355756795,47.994825355756795,47.994825355756795,71.28072445019404,0.0,100.0,122.0,100.0,371.0,402.0,179.38749999999902,346.8666666666667,347.7583333333333,358.6513888888889,371.0,402.0,358.6513888888889,3225.5,99.05,0.8827598294912782,0.0,,,11.0,9.090909090909092,0.0,395.0,46.835443037974684,30.632911392405067,367.0,99.45504087193461,68.11989100817438,COMPLETED,120,5,800.0,98.6,10.0,12,f57a8440f29b8ad7,T120_P05_H0800_I0986_F1,0.7329053109713487,False,0.4376391925532582,522,0.0,0.0,0.4368459524912943,525,0.4792746113989638,0.6661654135338345,0.005249801701421863,0.5701301256625659,0.46340981015968563
T120_P05_H0800_I0986_CN020_F1,India,unlimited_useful_deadline,unlimited,central_only,targeted_central,all_useful,deadline,-1.0,0.0,0.0,1.0,none,0.0,0,applicable,773.0,0.0,,0.0,56129.0,11585040.0,292647.3215993736,34175.0,24330.0,8.31376137906607,97.98602548294286,11.0,87.22162935061199,87.22162935061199,87.22162935061199,87.22162935061199,76.84346701164296,76.84346701164296,76.84346701164296,76.84346701164296,91.33247089262613,0.0,0.0,67.0,0.0,594.0,179.0,144.50208333333399,294.1286805555595,310.38472222222225,342.93333333333334,594.0,179.0,342.93333333333334,3512.0,173.48333333333332,0.7992662599673359,0.0,,,11.0,90.9090909090909,36.36363636363637,395.0,83.29113924050633,56.45569620253165,367.0,100.0,100.0,COMPLETED,120,5,800.0,98.6,20.0,24,55ae65daa825b26e,T120_P05_H0800_I0986_F1,0.8784122085048011,False,0.5994760713721947,371,0.0,0.0,0.5996334945857437,375,0.7681347150259068,0.8992481203007519,0.06694451183114047,0.49255694647403364,0.7712831792968857
T120_P05_H0800_I0986_CN030_F1,India,unlimited_useful_deadline,unlimited,central_only,targeted_central,all_useful,deadline,-1.0,0.0,0.0,1.0,none,0.0,0,applicable,773.0,0.0,,0.0,84677.0,17611011.0,408345.9647989727,42471.0,31307.5,7.666905687536933,99.43464026191808,12.0,94.97783517473,94.97783517473,94.97783517473,94.97783517473,85.51099611901681,85.51099611901681,85.51099611901681,85.51099611901681,98.31824062095731,0.0,0.0,13.0,0.0,661.0,112.0,110.46805555555572,259.3520833333343,265.6,276.91805555555715,661.0,112.0,276.91805555555715,3848.0,228.82916666666668,0.7132096056616715,0.0,,,11.0,100.0,100.0,395.0,96.70886075949367,71.64556962025317,367.0,100.0,100.0,COMPLETED,120,5,800.0,98.6,30.0,36,0871ee73817458eb,T120_P05_H0800_I0986_F1,0.9302088586317029,False,0.692312203426145,231,0.0,0.0,0.693609991786343,232,0.854922279792746,0.9804511278195489,0.3260601137729612,0.4257383905497527,0.8808780469967062
T120_P05_H0800_I0986_CN040_F1,India,unlimited_useful_deadline,unlimited,central_only,targeted_central,all_useful,deadline,-1.0,0.0,0.0,1.0,none,0.0,0,applicable,773.0,0.0,,0.0,114323.0,24276819.0,536329.4783985094,50745.0,37985.0,7.082400190536602,99.72620771357114,11.0,99.11228537386795,99.11228537386795,99.11228537386795,99.11228537386795,93.79042690815005,93.79042690815005,93.79042690815005,93.79042690815005,99.61190168175938,0.0,0.0,3.0,0.0,725.0,48.0,90.78611111111773,226.586111111119,240.9986111111125,254.68958333333407,725.0,48.0,254.68958333333407,4289.5,280.79583333333335,0.6268024167420971,0.0,,,11.0,100.0,100.0,395.0,99.24050632911391,87.84810126582279,367.0,100.0,100.0,COMPLETED,120,5,800.0,98.6,40.0,48,167a8f4953cf86b0,T120_P05_H0800_I0986_F1,0.9343946360153258,False,0.7217475544271914,182,0.0,0.0,0.7193430926607187,190,0.9378238341968911,0.9954887218045113,0.41330876520630233,0.36035954322845054,0.889734598867438
T120_P05_H0800_I0986_CN050_F1,India,unlimited_useful_deadline,unlimited,central_only,targeted_central,all_useful,deadline,-1.0,0.0,0.0,1.0,none,0.0,0,applicable,773.0,0.0,,0.0,142661.0,31437954.0,673823.2703980115,57485.0,43362.0,6.435218536514342,99.86624233199575,14.0,100.0,100.0,100.0,100.0,100.0,100.0,100.0,100.0,100.0,0.0,0.0,0.0,0.0,773.0,0.0,88.55347222222238,195.24625000000634,205.7412500000228,231.21736111111235,773.0,0.0,231.21736111111235,4549.5,323.4375,0.5460999463231349,0.0,,,11.0,100.0,100.0,395.0,100.0,100.0,367.0,100.0,100.0,COMPLETED,120,5,800.0,98.6,50.0,60,f5bcce5b8a387570,T120_P05_H0800_I0986_F1,0.9388876910545733,False,0.7462184113059309,139,0.0,0.0,0.7411804767887518,147,1.0,1.0,0.5054392415862812,0.3012218327010613,0.899241309656416
T120_P05_H0800_I0986_CN060_F1,India,unlimited_useful_deadline,unlimited,central_only,targeted_central,all_useful,deadline,-1.0,0.0,0.0,1.0,none,0.0,0,applicable,773.0,0.0,,0.0,172734.0,38542947.0,810239.1359974316,64391.0,48916.5,6.037291686704585,99.9028957509225,13.0,100.0,100.0,100.0,100.0,100.0,100.0,100.0,100.0,99.87063389391979,0.0,0.0,1.0,0.0,773.0,0.0,83.25138888888893,169.9562500000147,186.0618055555581,194.68958333333816,773.0,0.0,194.68958333333816,4612.0,369.20416666666665,0.4641672027295949,0.0,,,11.0,100.0,100.0,395.0,99.74683544303798,100.0,367.0,100.0,100.0,COMPLETED,120,5,800.0,98.6,60.0,72,304dad6bf2d62e7a,T120_P05_H0800_I0986_F1,0.9633660342101481,False,0.7703636221011423,110,0.0,0.0,0.7679153345718217,113,1.0,0.9984962406015037,0.6488138882604386,0.24123229458357628,0.9510342494135898
T120_P05_H0800_I0986_CN070_F1,India,unlimited_useful_deadline,unlimited,central_only,targeted_central,all_useful,deadline,-1.0,0.0,0.0,1.0,none,0.0,0,applicable,773.0,0.0,,0.0,202435.0,46230036.0,957831.2447968049,71769.0,54736.0,5.714576580931199,99.94519146448407,15.0,100.0,100.0,100.0,100.0,100.0,100.0,100.0,100.0,100.0,0.0,0.0,0.0,0.0,773.0,0.0,75.77013888889293,156.61791666666713,162.36625000000132,177.95625000000072,773.0,0.0,177.95625000000072,4898.5,415.3125,0.38301003260596933,0.0,,,11.0,100.0,100.0,395.0,100.0,100.0,367.0,100.0,100.0,COMPLETED,120,5,800.0,98.6,70.0,84,fcb23f0ff832a59c,T120_P05_H0800_I0986_F1,0.9747975660006709,False,0.7751762118772387,103,0.0,0.0,0.7739373048880875,102,1.0,1.0,0.7144936503566685,0.17997101386679337,0.9752218602169754
T120_P05_H0800_I0986_CN080_F1,India,unlimited_useful_deadline,unlimited,central_only,targeted_central,all_useful,deadline,-1.0,0.0,0.0,1.0,none,0.0,0,applicable,773.0,0.0,,0.0,233184.0,54565827.0,1117878.4319961155,78731.0,60279.5,5.392312641041228,99.9510613060825,16.0,100.0,100.0,100.0,100.0,100.0,100.0,100.0,100.0,100.0,0.0,0.0,0.0,0.0,773.0,0.0,74.51944444444513,142.2462500000079,147.92708333333331,175.08541666666682,773.0,0.0,175.08541666666682,5048.5,460.2583333333333,0.31087221548285093,0.0,,,11.0,100.0,100.0,395.0,100.0,100.0,367.0,100.0,100.0,COMPLETED,120,5,800.0,98.6,80.0,96,6b4ea18797adc54f,T120_P05_H0800_I0986_F1,0.9832806286234489,False,0.76813487125279,114,0.0,0.0,0.7677934162451423,114,1.0,1.0,0.7257619163139145,0.12003426506475086,0.9931708998470458
T120_P05_H0800_I0986_CN090_F1,India,unlimited_useful_deadline,unlimited,central_only,targeted_central,all_useful,deadline,-1.0,0.0,0.0,1.0,none,0.0,0,applicable,773.0,0.0,,0.0,264710.0,63349005.0,1286515.4495953743,85982.0,66007.0,5.130680709723311,100.0,17.0,100.0,100.0,100.0,100.0,100.0,100.0,100.0,100.0,100.0,0.0,0.0,0.0,0.0,773.0,0.0,64.85555555555571,118.51458333333542,121.95625000000072,144.2173611111167,773.0,0.0,144.2173611111167,5108.5,507.4875,0.2211890139603876,0.0,,,11.0,100.0,100.0,395.0,100.0,100.0,367.0,100.0,100.0,COMPLETED,120,5,800.0,98.6,90.0,108,af36ac818fe168d3,T120_P05_H0800_I0986_F1,0.9843592784246082,False,0.7805452100456036,98,0.0,0.0,0.780317869060738,96,1.0,1.0,0.8469216700147852,0.05921449498621478,0.9954531803026905
T120_P05_H0800_I0986_CN100_F1,India,unlimited_useful_deadline,unlimited,central_only,targeted_central,all_useful,deadline,-1.0,0.0,0.0,1.0,none,0.0,0,applicable,773.0,0.0,,0.0,296417.0,72446826.0,1461193.6127945757,92760.0,71400.0,4.886416103574762,100.0,15.0,100.0,100.0,100.0,100.0,100.0,100.0,100.0,100.0,100.0,0.0,0.0,0.0,0.0,773.0,0.0,47.38472222224276,90.2201388889116,97.32569444447203,113.65138888888966,773.0,0.0,113.65138888888966,5111.5,552.4041666666667,0.12757083305047878,0.0,,,11.0,100.0,100.0,395.0,100.0,100.0,367.0,100.0,100.0,COMPLETED,120,5,800.0,98.6,100.0,120,c87d721c7d6521e7,T120_P05_H0800_I0986_F1,0.9832075607301998,False,0.7923315888437668,69,0.0,0.0,0.7919824037357418,66,1.0,1.0,0.9668957208392084,0.0,0.9930162978395004
T120_P05_H1000_I0600_CN000_F1,India,unlimited_useful_deadline,unlimited,central_only,targeted_central,all_useful,deadline,-1.0,0.0,0.0,1.0,none,0.0,0,applicable,773.0,0.0,,0.0,2438.0,1661838.0,166183.8,8891.0,5524.0,3.32403038081931,0.0,1.0,66.15940527005846,66.15940527005846,66.15940527005846,66.15940527005846,22.121604139715394,22.121604139715394,22.121604139715394,22.121604139715394,68.5640362225097,83.0,19.0,141.0,102.0,171.0,602.0,102.88333333333334,109.88333333333334,110.41666666666667,349.53333333333336,171.0,602.0,349.53333333333336,5524.0,0.0,0.0,0.0,,,11.0,54.54545454545454,0.0,395.0,39.74683544303797,42.78481012658228,367.0,100.0,0.544959128065395,COMPLETED,120,5,1000.0,60.0,0.0,0,31b03ccecbce2e87,T120_P05_H1000_I0600_F1,0.8488060428849903,True,0.4263677923630083,524,0.0,0.0,0.450789451906319,521,0.22020725388601037,0.6345864661654135,0.04103894829518362,0.649474146432762,0.7086404447522258
T120_P05_H1000_I0600_CN010_F1,India,unlimited_useful_deadline,unlimited,central_only,targeted_central,all_useful,deadline,-1.0,0.0,0.0,1.0,none,0.0,0,applicable,773.0,0.0,,0.0,16741.0,4593639.0,222474.37919983608,19378.0,12777.5,5.743357974952567,65.2122872236353,8.0,88.8628515818414,88.8628515818414,88.8628515818414,88.8628515818414,29.75420439844761,29.75420439844761,29.75420439844761,29.75420439844761,70.5045278137128,83.0,6.0,139.0,89.0,230.0,543.0,103.80000000000001,203.21243055555564,328.14583333333337,349.53333333333336,230.0,543.0,349.53333333333336,7308.5,45.575,0.7979703784969829,0.0,,,11.0,54.54545454545454,0.0,395.0,43.54430379746835,52.151898734177216,367.0,100.0,6.539509536784741,COMPLETED,120,5,1000.0,60.0,10.0,12,66962c9b6749f8a7,T120_P05_H1000_I0600_F1,0.8837741545893719,True,0.4474548562039238,517,0.0,0.0,0.47175466742280203,516,0.2966321243523316,0.657142857142857,0.04103894829518362,0.5813310585937407,0.7826283487298972
T120_P05_H1000_I0600_CN020_F1,India,unlimited_useful_deadline,unlimited,central_only,targeted_central,all_useful,deadline,-1.0,0.0,0.0,1.0,none,0.0,0,applicable,773.0,0.0,,0.0,30434.0,7840317.0,284810.596799672,27979.0,19076.5,6.697960052876083,81.55846198201976,9.0,96.71435346474397,96.71435346474397,96.71435346474397,96.71435346474397,65.07115135834411,65.07115135834411,65.07115135834411,65.07115135834411,70.63389391979301,83.0,4.0,140.0,87.0,503.0,270.0,117.86805555555566,307.2380555555592,332.3086805555558,359.9180555555557,503.0,270.0,359.9180555555557,8455.5,88.50833333333334,0.6923500611995104,0.0,,,11.0,54.54545454545454,9.090909090909092,395.0,43.79746835443038,66.07594936708861,367.0,100.0,65.66757493188011,COMPLETED,120,5,1000.0,60.0,20.0,24,45a33d472fce5fd2,T120_P05_H1000_I0600_F1,0.8395865547456004,False,0.5012734081543339,475,0.0,0.0,0.5032171160881586,480,0.6502590673575129,0.6586466165413534,0.00027802688138911513,0.51776864362653,0.6891332260340076
T120_P05_H1000_I0600_CN030_F1,India,unlimited_useful_deadline,unlimited,central_only,targeted_central,all_useful,deadline,-1.0,0.0,0.0,1.0,none,0.0,0,applicable,773.0,0.0,,0.0,42679.0,10751847.0,340711.9727994822,37018.0,26530.0,7.786635668249202,89.44779494911421,9.0,98.851254664598,98.851254664598,98.851254664598,98.851254664598,84.86416558861578,84.86416558861578,84.86416558861578,84.86416558861578,70.89262613195343,83.0,4.0,138.0,87.0,656.0,117.0,119.43437500000485,213.65138888888896,226.05920138889655,265.38472222222236,656.0,117.0,265.38472222222236,9887.5,138.6875,0.6245097891943319,0.0,,,11.0,54.54545454545454,0.0,395.0,44.303797468354425,73.16455696202532,367.0,100.0,100.0,COMPLETED,120,5,1000.0,60.0,30.0,36,2de743ef742766bf,T120_P05_H1000_I0600_F1,0.9267466971544716,False,0.6394741480317858,322,0.0,0.0,0.640729496777612,326,0.8484455958549222,0.6616541353383459,0.37132943187115397,0.4486657500521894,0.873552570771449
T120_P05_H1000_I0600_CN040_F1,India,unlimited_useful_deadline,unlimited,central_only,targeted_central,all_useful,deadline,-1.0,0.0,0.0,1.0,none,0.0,0,applicable,773.0,0.0,,0.0,54187.0,14208549.0,407080.65119931055,45577.0,33448.0,8.216553624314495,93.03246830901698,12.0,99.38477640689035,99.38477640689035,99.38477640689035,99.38477640689035,87.1927554980595,87.1927554980595,87.1927554980595,87.1927554980595,72.1862871927555,83.0,1.0,131.0,84.0,674.0,99.0,108.41666666666667,202.49402777777857,213.63593750000078,241.78611111112306,674.0,99.0,241.78611111112306,10628.5,190.1625,0.5534252503341441,0.0,,,11.0,54.54545454545454,9.090909090909092,395.0,46.835443037974684,77.46835443037975,367.0,100.0,100.0,COMPLETED,120,5,1000.0,60.0,40.0,48,254c735f4f607992,T120_P05_H1000_I0600_F1,0.9530518463567427,False,0.6618781253373094,288,0.0,0.0,0.6647505819729961,292,0.871761658031088,0.6766917293233083,0.46395599543159627,0.382132736334166,0.929210790744822
T120_P05_H1000_I0600_CN050_F1,India,unlimited_useful_deadline,unlimited,central_only,targeted_central,all_useful,deadline,-1.0,0.0,0.0,1.0,none,0.0,0,applicable,773.0,0.0,,0.0,67450.0,18437604.0,488278.5071990463,53843.0,40222.5,8.237614272791108,95.77350985145131,13.0,99.64829453959888,99.64829453959888,99.64829453959888,99.64829453959888,88.48641655886158,88.48641655886158,88.48641655886158,88.48641655886158,71.66882276843467,83.0,1.0,135.0,84.0,684.0,89.0,103.35868055555619,187.80694444447062,192.8982638888904,224.51944444445883,684.0,89.0,224.51944444445883,11114.5,242.56666666666666,0.4683560647702809,0.0,,,11.0,54.54545454545454,45.45454545454545,395.0,45.822784810126585,78.9873417721519,367.0,100.0,100.0,COMPLETED,120,5,1000.0,60.0,50.0,60,d419ab145450de2d,T120_P05_H1000_I0600_F1,0.9702796729478016,False,0.6697669880696325,281,0.0,0.0,0.6738143665479487,278,0.8847150259067358,0.6706766917293232,0.5317291363993928,0.316288383231234,0.9656625954730574
T120_P05_H1000_I0600_CN060_F1,India,unlimited_useful_deadline,unlimited,central_only,targeted_central,all_useful,deadline,-1.0,0.0,0.0,1.0,none,0.0,0,applicable,773.0,0.0,,0.0,78145.0,21207528.0,541461.0479988654,61379.0,46311.5,8.553062158609245,97.2447448257992,12.0,99.69879959010393,99.69879959010393,99.69879959010393,99.69879959010393,88.61578266494179,88.61578266494179,88.61578266494179,88.61578266494179,72.44501940491591,83.0,0.0,130.0,83.0,685.0,88.0,100.38333333333334,170.1951388889023,182.9069444444448,204.42569444444794,685.0,88.0,204.42569444444794,11906.5,286.7083333333333,0.42626507775032696,0.0,,,11.0,54.54545454545454,54.54545454545454,395.0,47.34177215189874,78.9873417721519,367.0,100.0,100.0,COMPLETED,120,5,1000.0,60.0,60.0,72,a8761c1558b6f362,T120_P05_H1000_I0600_F1,0.9733759124087591,False,0.6761410316818972,270,0.0,0.0,0.6804512050002673,264,0.8860103626943006,0.6796992481203007,0.6105988208389252,0.2537337642861085,0.9722138290617014
T120_P05_H1000_I0600_CN070_F1,India,unlimited_useful_deadline,unlimited,central_only,targeted_central,all_useful,deadline,-1.0,0.0,0.0,1.0,none,0.0,0,applicable,773.0,0.0,,0.0,89107.0,24793752.0,610316.5487986151,69387.0,52668.0,8.629620170659791,98.1820080504291,12.0,99.66779597214381,99.66779597214381,99.66779597214381,99.66779597214381,88.61578266494179,88.61578266494179,88.61578266494179,88.61578266494179,71.79818887451488,83.0,1.0,134.0,84.0,685.0,88.0,95.41111111113666,161.82666666666708,173.51458333333642,181.727777777778,685.0,88.0,181.727777777778,12335.5,336.1041666666667,0.3616367073699871,0.0,,,11.0,54.54545454545454,54.54545454545454,395.0,46.07594936708861,78.9873417721519,367.0,100.0,100.0,COMPLETED,120,5,1000.0,60.0,70.0,84,76a91291d1c2dc69,T120_P05_H1000_I0600_F1,0.9754872938632063,False,0.680357963279012,260,0.0,0.0,0.6848915068062634,252,0.8860103626943006,0.6721804511278195,0.6996900817998752,0.1898954051699936,0.9766812332393283
T120_P05_H1000_I0600_CN080_F1,India,unlimited_useful_deadline,unlimited,central_only,targeted_central,all_useful,deadline,-1.0,0.0,0.0,1.0,none,0.0,0,applicable,773.0,0.0,,0.0,99918.0,28862787.0,688442.0207983726,77078.0,58825.5,8.544728273817631,98.97408436817366,12.0,99.96376811594203,99.96376811594203,99.96376811594203,99.96376811594203,89.13324708926261,89.13324708926261,89.13324708926261,89.13324708926261,73.35058214747735,83.0,0.0,123.0,83.0,689.0,84.0,93.070833333344,151.5245833333423,165.1861111111115,178.085416666667,689.0,84.0,178.085416666667,13214.0,380.09583333333336,0.2990597217806914,0.0,,,11.0,54.54545454545454,90.9090909090909,395.0,49.11392405063291,78.9873417721519,367.0,100.0,100.0,COMPLETED,120,5,1000.0,60.0,80.0,96,7720fbc38098cdfa,T120_P05_H1000_I0600_F1,0.9762867548244908,False,0.6757987008773556,271,0.0,0.0,0.6801577547350994,265,0.8911917098445595,0.6902255639097743,0.7139866601612062,0.12701205276052127,0.978372786999436
T120_P05_H1000_I0600_CN090_F1,India,unlimited_useful_deadline,unlimited,central_only,targeted_central,all_useful,deadline,-1.0,0.0,0.0,1.0,none,0.0,0,applicable,773.0,0.0,,0.0,108592.0,32623332.0,760644.4847981182,85037.0,65141.0,8.563921950645444,99.59165502525292,12.0,99.85507246376811,99.85507246376811,99.85507246376811,99.85507246376811,89.0038809831824,89.0038809831824,89.0038809831824,89.0038809831824,73.35058214747735,83.0,0.0,123.0,83.0,688.0,85.0,85.44687500000893,152.66576388890695,165.2218055555591,173.82152777777875,688.0,85.0,173.82152777777875,13649.0,429.1,0.24329378026360082,0.0,,,11.0,54.54545454545454,81.81818181818183,395.0,49.11392405063291,78.9873417721519,367.0,100.0,100.0,COMPLETED,120,5,1000.0,60.0,90.0,108,f1e725a62bfab202,T120_P05_H1000_I0600_F1,0.9783113964254952,False,0.666736353600267,285,0.0,0.0,0.6713743680028295,284,0.8898963730569948,0.6902255639097743,0.7307227881189872,0.06337045382014679,0.9826566611082442
T120_P05_H1000_I0600_CN100_F1,India,unlimited_useful_deadline,unlimited,central_only,targeted_central,all_useful,deadline,-1.0,0.0,0.0,1.0,none,0.0,0,applicable,773.0,0.0,,0.0,118244.0,36691326.0,838749.969597837,92670.0,71265.0,8.49657258815402,100.0,14.0,100.0,100.0,100.0,100.0,89.26261319534282,89.26261319534282,89.26261319534282,89.26261319534282,73.22121604139716,83.0,0.0,124.0,83.0,690.0,83.0,80.56111111111738,150.35590277778036,156.66736111113138,168.55763888889044,690.0,83.0,168.55763888889044,14087.0,476.48333333333335,0.16697083377056443,0.0,,,11.0,54.54545454545454,100.0,395.0,48.860759493670884,78.9873417721519,367.0,100.0,100.0,COMPLETED,120,5,1000.0,60.0,100.0,120,1f5cb5a76682d6c2,T120_P05_H1000_I0600_F1,0.9755615942028987,False,0.6577982630678612,295,0.0,0.0,0.66201583288329,298,0.8924870466321244,0.6887218045112782,0.7513840014610044,0.0006478688713404587,0.9768384429407025
T120_P05_H1000_I0800_CN010_F1,India,unlimited_useful_deadline,unlimited,central_only,targeted_central,all_useful,deadline,-1.0,0.0,0.0,1.0,none,0.0,0,applicable,773.0,0.0,,0.0,27155.0,5998581.0,210160.5887996919,22133.0,14486.0,6.892824236330478,82.77302222835841,9.0,78.80157540589022,78.80157540589022,78.80157540589022,78.80157540589022,55.886157826649416,55.886157826649416,55.886157826649416,55.886157826649416,76.06727037516171,0.0,20.0,165.0,20.0,432.0,341.0,218.8340277777795,318.2416666666667,331.41336805555693,358.3847222222418,432.0,341.0,358.3847222222418,4067.0,86.825,0.866407524714464,0.0,,,11.0,81.81818181818183,0.0,395.0,53.67088607594936,30.886075949367086,367.0,100.0,84.46866485013625,COMPLETED,120,5,1000.0,80.0,10.0,12,4030387a0c172121,T120_P05_H1000_I0800_F1,0.7860703875171469,False,0.48620413606557605,490,0.0,0.0,0.48708463266103863,498,0.5582901554404145,0.7218045112781956,0.006296491137141258,0.5731319180997766,0.5759000873496652
T120_P05_H1000_I0800_CN020_F1,India,unlimited_useful_deadline,unlimited,central_only,targeted_central,all_useful,deadline,-1.0,0.0,0.0,1.0,none,0.0,0,applicable,773.0,0.0,,0.0,53693.0,11252595.0,311037.6575993132,31468.0,22155.5,7.1230924805064255,92.53684186770779,12.0,90.24756560817363,90.24756560817363,90.24756560817363,90.24756560817363,78.26649417852522,78.26649417852522,78.26649417852522,78.26649417852522,87.06338939197931,0.0,1.0,99.0,1.0,605.0,168.0,140.38472222222245,235.03972222222313,246.27180555555574,296.6541666667079,605.0,168.0,296.6541666667079,4552.0,146.69583333333333,0.7596266367483739,0.0,,,11.0,100.0,36.36363636363637,395.0,74.68354430379746,59.24050632911393,367.0,100.0,100.0,COMPLETED,120,5,1000.0,80.0,20.0,24,2e158ec2e5796d2f,T120_P05_H1000_I0800_F1,0.9119046525864708,False,0.6421603071554585,316,0.0,0.0,0.6451485744493558,318,0.7823834196891191,0.8496240601503761,0.2485941925089281,0.5029924343312914,0.8421487655670645
T120_P05_H1000_I0800_CN030_F1,India,unlimited_useful_deadline,unlimited,central_only,targeted_central,all_useful,deadline,-1.0,0.0,0.0,1.0,none,0.0,0,applicable,773.0,0.0,,0.0,80437.0,16696953.0,415569.33119886945,40153.0,29423.5,7.080286679268801,96.17992421024012,13.0,97.23335472203517,97.23335472203517,97.23335472203517,97.23335472203517,89.78007761966364,89.78007761966364,89.78007761966364,89.78007761966364,94.04915912031048,0.0,0.0,46.0,0.0,694.0,79.0,113.28715277777798,216.61145833333697,224.95263888889374,235.38750000000923,694.0,79.0,235.38750000000923,4603.5,206.83333333333334,0.670299825409616,0.0,,,11.0,100.0,54.54545454545454,395.0,88.35443037974684,81.26582278481013,367.0,100.0,100.0,COMPLETED,120,5,1000.0,80.0,30.0,36,4481ee9c45f4870f,T120_P05_H1000_I0800_F1,0.9301326182089872,False,0.72746019202177,172,0.0,0.0,0.726612608949451,174,0.8976683937823834,0.9308270676691729,0.4890710903832385,0.43477976057645934,0.8807167323360007
T120_P05_H1000_I0800_CN040_F1,India,unlimited_useful_deadline,unlimited,central_only,targeted_central,all_useful,deadline,-1.0,0.0,0.0,1.0,none,0.0,0,applicable,773.0,0.0,,0.0,105464.0,22278141.0,522728.1407984006,48399.0,36045.0,6.895553766236089,97.7805520876682,11.0,99.26346023532311,99.26346023532311,99.26346023532311,99.26346023532311,95.86028460543338,95.86028460543338,95.86028460543338,95.86028460543338,96.3777490297542,0.0,0.0,28.0,0.0,741.0,32.0,96.50625000000049,202.12083333336912,212.13333333333333,231.48402777780163,741.0,32.0,231.48402777780163,4549.0,262.46666666666664,0.5940952819405638,0.0,,,11.0,100.0,90.9090909090909,395.0,92.91139240506328,92.15189873417722,367.0,100.0,100.0,COMPLETED,120,5,1000.0,80.0,40.0,48,bb3d4cb3b59a678b,T120_P05_H1000_I0800_F1,0.9319800569800569,False,0.7387225455708026,153,0.0,0.0,0.7350263678644435,162,0.9585492227979274,0.9578947368421052,0.5043925521503962,0.36966965886104647,0.8846256686707415
T120_P05_H1000_I0800_CN050_F1,India,unlimited_useful_deadline,unlimited,central_only,targeted_central,all_useful,deadline,-1.0,0.0,0.0,1.0,none,0.0,0,applicable,773.0,0.0,,0.0,131708.0,28880520.0,649493.8175978705,55538.0,41743.0,6.427004979721745,98.6716335673047,13.0,99.90128134047927,99.90128134047927,99.90128134047927,99.90128134047927,98.96507115135834,98.96507115135834,98.96507115135834,98.96507115135834,97.28331177231566,0.0,0.0,21.0,0.0,765.0,8.0,88.24097222222578,177.56875000000034,194.6201388889207,206.91805555555572,765.0,8.0,206.91805555555572,4504.0,310.325,0.5178535943500093,0.0,,,11.0,100.0,90.9090909090909,395.0,94.68354430379748,98.22784810126582,367.0,100.0,100.0,COMPLETED,120,5,1000.0,80.0,50.0,60,7f9b3134215ce6b5,T120_P05_H1000_I0800_F1,0.9491055434519486,False,0.7611841873951516,123,0.0,0.0,0.757745368871636,127,0.9896373056994818,0.968421052631579,0.6008160906694782,0.30899146012847,0.9208609352291718
T120_P05_H1000_I0800_CN060_F1,India,unlimited_useful_deadline,unlimited,central_only,targeted_central,all_useful,deadline,-1.0,0.0,0.0,1.0,none,0.0,0,applicable,773.0,0.0,,0.0,157563.0,34717227.0,761558.5919972912,62846.0,47618.5,6.252769058138258,99.27444165607905,14.0,99.98706338939198,99.98706338939198,99.98706338939198,99.98706338939198,99.87063389391979,99.87063389391979,99.87063389391979,99.87063389391979,97.80077619663649,0.0,0.0,17.0,0.0,772.0,1.0,82.17083333333777,145.9210416666674,177.61996527777876,189.39027777777858,772.0,1.0,189.39027777777858,4568.5,358.75,0.44540805265195504,0.0,,,11.0,100.0,90.9090909090909,395.0,95.69620253164557,100.0,367.0,100.0,100.0,COMPLETED,120,5,1000.0,80.0,60.0,72,012c5ecce2f98908,T120_P05_H1000_I0800_F1,0.9657395413548264,False,0.7713869351555174,106,0.0,0.0,0.7692545158407299,111,0.9987046632124352,0.974436090225564,0.6696141150431656,0.2474614338057977,0.9560562769166869
T120_P05_H1000_I0800_CN070_F1,India,unlimited_useful_deadline,unlimited,central_only,targeted_central,all_useful,deadline,-1.0,0.0,0.0,1.0,none,0.0,0,applicable,773.0,0.0,,0.0,184992.0,41565876.0,893052.652796645,70585.0,53772.5,6.021201530683367,99.62992235808267,16.0,99.98706338939198,99.98706338939198,99.98706338939198,99.98706338939198,99.87063389391979,99.87063389391979,99.87063389391979,99.87063389391979,98.57697283311772,0.0,0.0,11.0,0.0,772.0,1.0,78.07916666667442,138.763541666672,145.08666666666997,152.65416666666715,772.0,1.0,152.65416666666715,4815.5,407.975,0.3746195641072778,0.0,,,11.0,100.0,90.9090909090909,395.0,97.21518987341771,100.0,367.0,100.0,100.0,COMPLETED,120,5,1000.0,80.0,70.0,84,ec3503c9b4f6e154,T120_P05_H1000_I0800_F1,0.982813999232393,False,0.794875704350368,57,0.0,0.0,0.7945496498753467,57,0.9987046632124352,0.9834586466165414,0.8138064878390542,0.1845948779966935,0.9921835737120095
T120_P05_H1000_I0800_CN080_F1,India,unlimited_useful_deadline,unlimited,central_only,targeted_central,all_useful,deadline,-1.0,0.0,0.0,1.0,none,0.0,0,applicable,773.0,0.0,,0.0,210645.0,48552549.0,1027196.7743959746,77873.0,59575.5,5.799813773269717,99.85060973051003,19.0,100.0,100.0,100.0,100.0,100.0,100.0,100.0,100.0,99.35316946959897,0.0,0.0,5.0,0.0,773.0,0.0,72.83958333333479,136.0854166666679,141.86180555555615,150.95625000000072,773.0,0.0,150.95625000000072,5076.0,454.1625,0.30666772172221757,0.0,,,11.0,100.0,100.0,395.0,98.73417721518987,100.0,367.0,100.0,100.0,COMPLETED,120,5,1000.0,80.0,80.0,96,47bbc1b0343a90e9,T120_P05_H1000_I0800_F1,0.9829590101097216,False,0.7861465476335161,82,0.0,0.0,0.7857710675119127,81,1.0,0.9924812030075189,0.8204709557310371,0.12341278125307435,0.9924903975679332
T120_P05_H1000_I0800_CN090_F1,India,unlimited_useful_deadline,unlimited,central_only,targeted_central,all_useful,deadline,-1.0,0.0,0.0,1.0,none,0.0,0,applicable,773.0,0.0,,0.0,236311.0,55712430.0,1164666.4895952349,85468.0,65597.5,5.632299081842527,99.90929532375472,16.0,100.0,100.0,100.0,100.0,100.0,100.0,100.0,100.0,99.61190168175938,0.0,0.0,3.0,0.0,773.0,0.0,58.46805555557948,109.36666666666667,113.19375000001165,137.7861111111124,773.0,0.0,137.7861111111124,5373.0,501.87083333333334,0.2280234096311855,0.0,,,11.0,100.0,100.0,395.0,99.24050632911391,100.0,367.0,100.0,100.0,COMPLETED,120,5,1000.0,80.0,90.0,108,6a68a3698a62f078,T120_P05_H1000_I0800_F1,0.9841903837861147,False,0.7850310321197831,86,0.0,0.0,0.78478582319798,86,1.0,0.9954887218045113,0.8721648753921691,0.06117969722928077,0.9950958215639388
T120_P05_H1000_I0800_CN100_F1,India,unlimited_useful_deadline,unlimited,central_only,targeted_central,all_useful,deadline,-1.0,0.0,0.0,1.0,none,0.0,0,applicable,773.0,0.0,,0.0,263160.0,63324768.0,1310823.3791944347,92760.0,71400.0,5.446958082474757,100.0,16.0,100.0,100.0,100.0,100.0,100.0,100.0,100.0,100.0,99.74126778783958,0.0,0.0,2.0,0.0,773.0,0.0,51.02569444444792,91.89583333335034,101.48402777777868,113.38750000000012,773.0,0.0,113.38750000000012,5340.5,550.4958333333333,0.15151435448345807,0.0,,,11.0,100.0,100.0,395.0,99.49367088607595,100.0,367.0,100.0,100.0,COMPLETED,120,5,1000.0,80.0,100.0,120,99d2b80f56785f44,T120_P05_H1000_I0800_F1,0.9853708495040966,True,0.7926238273495854,67,0.0,0.32,0.7925035039019098,63,1.0,0.9969924812030074,0.9679315072600511,0.0,0.997593531046491
T120_P05_H1000_I0986_CN000_F1,India,unlimited_useful_deadline,unlimited,central_only,targeted_central,all_useful,deadline,-1.0,0.0,0.0,1.0,none,0.0,0,applicable,773.0,0.0,,0.0,1978.0,1148565.0,114856.5,8302.0,4452.0,3.876141097804652,0.0,1.0,33.34715903661924,33.34715903661924,33.34715903661924,33.34715903661924,0.646830530401035,0.646830530401035,0.646830530401035,0.646830530401035,15.782664941785251,0.0,334.0,317.0,334.0,5.0,768.0,177.95,179.86666666666667,179.9,179.93333333333334,5.0,768.0,179.93333333333334,4452.0,0.0,0.0,0.0,,,11.0,0.0,0.0,395.0,0.0,1.2658227848101267,367.0,33.2425068119891,0.0,COMPLETED,120,5,1000.0,98.6,0.0,0,c5c310a987ad1c85,T120_P05_H1000_I0986_F1,0.7848611111111112,False,0.363777502769185,552,0.0,0.0,0.3921855063245716,545,0.0051813471502590676,0.02105263157894736,0.7067334294615882,0.6546187051740727,0.5733414182579906
T120_P05_H1000_I0986_CN010_F1,India,unlimited_useful_deadline,unlimited,central_only,targeted_central,all_useful,deadline,-1.0,0.0,0.0,1.0,none,0.0,0,applicable,773.0,0.0,,0.0,27309.0,6029379.0,208568.12879971764,22742.0,14861.0,7.125249713617855,87.50084112778413,10.0,72.66087933785742,72.66087933785742,72.66087933785742,72.66087933785742,52.39327296248383,52.39327296248383,52.39327296248383,52.39327296248383,73.86804657179819,0.0,123.0,79.0,123.0,405.0,368.0,188.21736111112938,329.8281944444454,342.1640277777788,359.9506944444646,405.0,368.0,359.9506944444646,3665.0,93.3,0.8862510420388234,0.0,,,11.0,54.54545454545454,27.27272727272727,395.0,50.12658227848101,32.65822784810127,367.0,100.0,74.38692098092643,COMPLETED,120,5,1000.0,98.6,10.0,12,b5a489fa08c127eb,T120_P05_H1000_I0986_F1,0.772318244170096,False,0.4663939309728993,511,0.0,0.0,0.4675682463200177,518,0.5233160621761658,0.6962406015037594,0.00014991645557516087,0.5713322823460532,0.5468023691185353
T120_P05_H1000_I0986_CN020_F1,India,unlimited_useful_deadline,unlimited,central_only,targeted_central,all_useful,deadline,-1.0,0.0,0.0,1.0,none,0.0,0,applicable,773.0,0.0,,0.0,53379.0,11245215.0,308712.17999936023,33589.0,23987.0,7.770020606264939,97.43819568933172,10.0,87.92743035289104,87.92743035289104,87.92743035289104,87.92743035289104,77.23156532988357,77.23156532988357,77.23156532988357,77.23156532988357,92.23803363518758,0.0,0.0,60.0,0.0,597.0,176.0,138.6854166666669,276.37208333333353,289.57791666666805,312.22013888888927,597.0,176.0,312.22013888888927,4062.0,166.04166666666666,0.7949937264742786,0.0,,,11.0,100.0,90.9090909090909,395.0,84.81012658227847,55.69620253164557,367.0,100.0,100.0,COMPLETED,120,5,1000.0,98.6,20.0,24,1bb26dd0f6e00b46,T120_P05_H1000_I0986_F1,0.9174623115577889,False,0.6393861613581506,323,0.0,0.0,0.6434805269691505,321,0.772020725388601,0.9097744360902256,0.1874964224482224,0.4942030133101061,0.8539080376085972
T120_P05_H1000_I0986_CN030_F1,India,unlimited_useful_deadline,unlimited,central_only,targeted_central,all_useful,deadline,-1.0,0.0,0.0,1.0,none,0.0,0,applicable,773.0,0.0,,0.0,80419.0,16877298.0,416848.17359894037,41901.0,30873.0,7.406293695244459,99.25987108476663,11.0,94.349089933014,94.349089933014,94.349089933014,94.349089933014,83.69987063389392,83.69987063389392,83.69987063389392,83.69987063389392,98.57697283311772,0.0,0.0,11.0,0.0,647.0,126.0,108.7701388888905,255.82500000000005,264.275,273.78611111111144,647.0,126.0,273.78611111111144,4290.5,221.52083333333334,0.7101512586601462,0.0,,,11.0,100.0,100.0,395.0,97.21518987341771,68.10126582278481,367.0,100.0,100.0,COMPLETED,120,5,1000.0,98.6,30.0,36,4f8b15efb8fdb95d,T120_P05_H1000_I0986_F1,0.9442111740797984,False,0.6956997512948886,227,0.0,0.0,0.6993856278734483,226,0.8367875647668394,0.9834586466165414,0.3383532631360938,0.4278235685097336,0.9105050963380333
T120_P05_H1000_I0986_CN040_F1,India,unlimited_useful_deadline,unlimited,central_only,targeted_central,all_useful,deadline,-1.0,0.0,0.0,1.0,none,0.0,0,applicable,773.0,0.0,,0.0,109061.0,23090565.0,536142.8999984564,50081.0,37482.5,6.991139862172551,99.73987861001801,13.0,98.39744994900981,98.39744994900981,98.39744994900981,98.39744994900981,92.496765847348,92.496765847348,92.496765847348,92.496765847348,99.61190168175938,0.0,0.0,3.0,0.0,715.0,58.0,91.5194444444504,229.16625000000028,235.125,257.21736111111585,715.0,58.0,257.21736111111585,4674.5,273.4,0.6161291961310249,0.0,,,11.0,100.0,100.0,395.0,99.24050632911391,85.31645569620252,367.0,100.0,100.0,COMPLETED,120,5,1000.0,98.6,40.0,48,d593494fab8d2fb5,T120_P05_H1000_I0986_F1,0.9358780108780108,False,0.7174779598995797,191,0.0,0.0,0.7158780977873348,200,0.9248704663212436,0.9954887218045113,0.4033870215961347,0.36277105513844,0.8928732240763445
T120_P05_H1000_I0986_CN050_F1,India,unlimited_useful_deadline,unlimited,central_only,targeted_central,all_useful,deadline,-1.0,0.0,0.0,1.0,none,0.0,0,applicable,773.0,0.0,,0.0,136316.0,29773851.0,664461.9911979293,57025.0,43047.0,6.478474400378035,99.88617092944921,16.0,99.93653851545385,99.93653851545385,99.93653851545385,99.93653851545385,99.35316946959897,99.35316946959897,99.35316946959897,99.35316946959897,99.74126778783958,0.0,0.0,2.0,0.0,768.0,5.0,86.75381944444453,201.10763888889616,211.34034722222498,235.65138888888893,768.0,5.0,235.65138888888893,4870.5,318.1375,0.5335052322764005,0.0,,,11.0,100.0,100.0,395.0,99.49367088607595,98.73417721518987,367.0,100.0,100.0,COMPLETED,120,5,1000.0,98.6,50.0,60,59a3313fe2d17ae6,T120_P05_H1000_I0986_F1,0.9390082465277779,False,0.7408575497617516,148,0.0,0.0,0.7361562034140698,161,0.9935233160621761,0.9969924812030074,0.48803530396243455,0.302733526734189,0.8994963891085425
T120_P05_H1000_I0986_CN060_F1,India,unlimited_useful_deadline,unlimited,central_only,targeted_central,all_useful,deadline,-1.0,0.0,0.0,1.0,none,0.0,0,applicable,773.0,0.0,,0.0,165154.0,36309231.0,789941.2871973068,64054.0,48661.0,6.160078070187734,99.92293623230103,14.0,100.0,100.0,100.0,100.0,100.0,100.0,100.0,100.0,100.0,0.0,0.0,0.0,0.0,773.0,0.0,82.5222222222219,180.5222222222244,185.40277777778587,192.2201388888893,773.0,0.0,192.2201388888893,5127.5,362.77916666666664,0.4558203261090119,0.0,,,11.0,100.0,100.0,395.0,100.0,100.0,367.0,100.0,100.0,COMPLETED,120,5,1000.0,98.6,60.0,72,4fc43b0c68a9a9b2,T120_P05_H1000_I0986_F1,0.9547793589190743,False,0.7701229198535802,111,0.0,0.0,0.7667662188069752,116,1.0,1.0,0.6585066685565274,0.24245844641044653,0.932865979067902
T120_P05_H1000_I0986_CN070_F1,India,unlimited_useful_deadline,unlimited,central_only,targeted_central,all_useful,deadline,-1.0,0.0,0.0,1.0,none,0.0,0,applicable,773.0,0.0,,0.0,193435.0,43393950.0,925967.8919966377,71621.0,54640.0,5.900852553556836,99.92770863836017,15.0,100.0,100.0,100.0,100.0,100.0,100.0,100.0,100.0,100.0,0.0,0.0,0.0,0.0,773.0,0.0,79.6541666666686,163.83125000000234,177.28819444444574,189.5576388888891,773.0,0.0,189.5576388888891,5399.5,410.3375,0.37692422903910394,0.0,,,11.0,100.0,100.0,395.0,100.0,100.0,367.0,100.0,100.0,COMPLETED,120,5,1000.0,98.6,70.0,84,fab17237aab756a4,T120_P05_H1000_I0986_F1,0.9713304345742896,False,0.765060666037761,118,0.0,0.0,0.7634549594495613,120,1.0,1.0,0.6689572083920562,0.18043172061974658,0.9678858682360036
T120_P05_H1000_I0986_CN080_F1,India,unlimited_useful_deadline,unlimited,central_only,targeted_central,all_useful,deadline,-1.0,0.0,0.0,1.0,none,0.0,0,applicable,773.0,0.0,,0.0,223325.0,51058956.0,1073136.0071959011,78504.0,60127.5,5.6029710676760205,99.97172674732859,14.0,100.0,100.0,100.0,100.0,100.0,100.0,100.0,100.0,100.0,0.0,0.0,0.0,0.0,773.0,0.0,70.33472222222869,139.27236111111134,154.1270833333403,171.08819444446368,773.0,0.0,171.08819444446368,5581.0,454.5541666666667,0.3063749125363986,0.0,,,11.0,100.0,100.0,395.0,100.0,100.0,367.0,100.0,100.0,COMPLETED,120,5,1000.0,98.6,80.0,96,c70732c9cef6e957,T120_P05_H1000_I0986_F1,0.981122730103972,False,0.7707337752078118,108,0.0,0.0,0.7701640287931212,109,1.0,1.0,0.7414513548358269,0.12076371742359344,0.9886050717061853
T120_P05_H1000_I0986_CN090_F1,India,unlimited_useful_deadline,unlimited,central_only,targeted_central,all_useful,deadline,-1.0,0.0,0.0,1.0,none,0.0,0,applicable,773.0,0.0,,0.0,253996.0,59116104.0,1227833.2487951033,86026.0,66052.0,5.379557856477508,100.0,16.0,100.0,100.0,100.0,100.0,100.0,100.0,100.0,100.0,100.0,0.0,0.0,0.0,0.0,773.0,0.0,64.65208333333358,116.76736111111727,125.82777777777828,140.6895833333425,773.0,0.0,140.6895833333425,5859.0,501.60833333333335,0.23831328670554175,0.0,,,11.0,100.0,100.0,395.0,100.0,100.0,367.0,100.0,100.0,COMPLETED,120,5,1000.0,98.6,90.0,108,c7a98e59aacb746b,T120_P05_H1000_I0986_F1,0.983875353361123,False,0.7831177963624999,93,0.0,0.0,0.7828392593030047,90,1.0,1.0,0.8607684990091589,0.05899853869576795,0.9944292588100967
T120_P05_H1000_I0986_CN100_F1,India,unlimited_useful_deadline,unlimited,central_only,targeted_central,all_useful,deadline,-1.0,0.0,0.0,1.0,none,0.0,0,applicable,773.0,0.0,,0.0,284724.0,67448721.0,1387819.4951942393,92760.0,71400.0,5.144761278195393,100.0,19.0,100.0,100.0,100.0,100.0,100.0,100.0,100.0,100.0,100.0,0.0,0.0,0.0,0.0,773.0,0.0,49.25277777777786,83.94861111111511,91.4490277777832,105.21736111111274,773.0,0.0,105.21736111111274,5667.0,547.775,0.15309116679090673,0.0,,,11.0,100.0,100.0,395.0,100.0,100.0,367.0,100.0,100.0,COMPLETED,120,5,1000.0,98.6,100.0,120,8d6130604a5f1fcc,T120_P05_H1000_I0986_F1,0.9824750850462364,True,0.7987199714113009,49,4.84,26.57,0.7982932952150679,48,1.0,1.0,1.0,0.0,0.9914664760753394
T120_P10_H0500_I0600_CN010_F1,India,unlimited_useful_deadline,unlimited,central_only,targeted_central,all_useful,deadline,-1.0,0.0,0.0,1.0,none,0.0,0,applicable,773.0,0.0,,0.0,20536.0,3621498.0,137221.02239981058,21793.0,14507.5,10.572359647438413,61.86110632431501,10.0,72.95178714698,72.95178714698,72.95178714698,72.95178714698,3.2341526520051747,3.2341526520051747,3.2341526520051747,3.2341526520051747,97.28331177231566,3.0,7.0,11.0,10.0,25.0,748.0,112.98750000000085,280.8631944444521,358.4479166666664,359.7687499999995,25.0,748.0,359.7687499999995,7746.0,56.34583333333333,0.7613233010426681,0.0,,,11.0,45.45454545454545,0.0,395.0,96.20253164556962,5.5696202531645564,367.0,100.0,0.8174386920980926,COMPLETED,120,10,500.0,60.0,10.0,12,755cd0ac97071ca1,T120_P10_H0500_I0600_F1,0.7612037037037037,False,0.39472761234627896,538,0.0,0.0,0.4193374817048249,535,0.031088082901554407,0.968421052631579,0.0008640639352881507,0.5730287389832298,0.5232854700724731
T120_P10_H0500_I0600_CN020_F1,India,unlimited_useful_deadline,unlimited,central_only,targeted_central,all_useful,deadline,-1.0,0.0,0.0,1.0,none,0.0,0,applicable,773.0,0.0,,0.0,37111.0,6517014.0,192814.9295996317,30711.0,21251.0,11.021449451101319,78.1069126158769,10.0,83.0820359329614,83.0820359329614,83.0820359329614,83.0820359329614,36.481241914618366,36.481241914618366,36.481241914618366,36.481241914618366,97.41267787839585,3.0,5.0,12.0,8.0,282.0,491.0,226.85972222222216,345.29131944445794,356.03659722222386,359.9506944444503,282.0,491.0,359.9506944444503,8364.5,107.3875,0.6939306638730454,0.0,,,11.0,54.54545454545454,9.090909090909092,395.0,96.20253164556962,25.31645569620253,367.0,100.0,49.31880108991826,COMPLETED,120,10,500.0,60.0,20.0,24,6b296626244c5779,T120_P10_H0500_I0600_F1,0.7797560415024956,False,0.4708599510034149,503,0.0,0.0,0.4807874574134613,503,0.3639896373056995,0.9699248120300751,0.00014991645563144917,0.5073331557692723,0.5625397655066281
T120_P10_H0500_I0600_CN030_F1,India,unlimited_useful_deadline,unlimited,central_only,targeted_central,all_useful,deadline,-1.0,0.0,0.0,1.0,none,0.0,0,applicable,773.0,0.0,,0.0,53091.0,9516522.0,250405.48319945234,38435.0,27519.0,10.98977532296313,86.1350339765253,12.0,88.87411979821816,88.87411979821816,88.87411979821816,88.87411979821816,54.980595084087966,54.980595084087966,54.980595084087966,54.980595084087966,97.67141009055628,3.0,3.0,12.0,6.0,425.0,348.0,168.0708333333338,325.0118055555589,336.13388888889864,359.95069444444573,425.0,348.0,359.95069444444573,8872.0,155.39166666666668,0.6205605012423805,0.0,,,11.0,54.54545454545454,45.45454545454545,395.0,96.70886075949367,45.31645569620253,367.0,100.0,65.66757493188011,COMPLETED,120,10,500.0,60.0,30.0,36,a81a9c91db468d39,T120_P10_H0500_I0600_F1,0.897425925925926,False,0.5424331050339839,437,0.0,0.0,0.5555476497900667,430,0.5492227979274612,0.9729323308270678,0.00014991645564932377,0.44391951069103613,0.8115136930491194
T120_P10_H0500_I0600_CN040_F1,India,unlimited_useful_deadline,unlimited,central_only,targeted_central,all_useful,deadline,-1.0,0.0,0.0,1.0,none,0.0,0,applicable,773.0,0.0,,0.0,63490.0,12854145.0,314487.8447993363,47305.0,34688.0,11.029997048735922,90.89454566420665,13.0,93.20475877026176,93.20475877026176,93.20475877026176,93.20475877026176,80.07761966364812,80.07761966364812,80.07761966364812,80.07761966364812,97.67141009055628,3.0,1.0,14.0,4.0,619.0,154.0,140.25625000000508,280.2530555555569,292.0371527777802,325.9180555555644,619.0,154.0,325.9180555555644,9146.5,212.84583333333333,0.5539838759143616,0.0,,,11.0,45.45454545454545,45.45454545454545,395.0,96.9620253164557,62.53164556962025,367.0,100.0,100.0,COMPLETED,120,10,500.0,60.0,40.0,48,d58bec4d96a2c6a8,T120_P10_H0500_I0600_F1,0.9123496679231736,False,0.6231621278711305,343,0.0,0.0,0.6252907390963285,346,0.8005181347150259,0.9729323308270678,0.13373092994537472,0.37618194077518713,0.843090359218987
T120_P10_H0500_I0600_CN050_F1,India,unlimited_useful_deadline,unlimited,central_only,targeted_central,all_useful,deadline,-1.0,0.0,0.0,1.0,none,0.0,0,applicable,773.0,0.0,,0.0,78710.0,16530306.0,385070.13599913585,55848.0,41873.0,10.874122941617568,94.51197669142407,12.0,97.35280441015033,97.35280441015033,97.35280441015033,97.35280441015033,84.34670116429496,84.34670116429496,84.34670116429496,84.34670116429496,98.70633893919793,3.0,0.0,7.0,3.0,652.0,121.0,118.71909722222311,242.19125000000014,255.11336805555572,264.38472222222794,652.0,121.0,264.38472222222794,9193.0,272.3333333333333,0.4724066707466341,0.0,,,11.0,54.54545454545454,72.72727272727273,395.0,98.73417721518987,70.12658227848101,367.0,100.0,100.0,COMPLETED,120,10,500.0,60.0,50.0,60,ec5c1d2c25b3b36d,T120_P10_H0500_I0600_F1,0.9209306123608272,False,0.6737199396857589,275,0.0,0.0,0.674619052442329,275,0.8432642487046632,0.9849624060150376,0.37525451725536807,0.30836758640051254,0.8612465038360636
T120_P10_H0500_I0600_CN060_F1,India,unlimited_useful_deadline,unlimited,central_only,targeted_central,all_useful,deadline,-1.0,0.0,0.0,1.0,none,0.0,0,applicable,773.0,0.0,,0.0,91304.0,20135562.0,454291.05119898275,63533.0,48128.0,10.594089377939252,96.28490691489361,13.0,98.78582150563575,98.78582150563575,98.78582150563575,98.78582150563575,88.22768434670117,88.22768434670117,88.22768434670117,88.22768434670117,98.83570504527813,3.0,0.0,6.0,3.0,682.0,91.0,104.88194444445108,230.37652777778726,238.66510416666674,258.2173611111249,682.0,91.0,258.2173611111249,9607.0,321.0083333333333,0.41029438488097414,0.0,,,11.0,45.45454545454545,72.72727272727273,395.0,99.24050632911391,77.72151898734178,367.0,100.0,100.0,COMPLETED,120,10,500.0,60.0,60.0,72,b232eca8ff5a0f00,T120_P10_H0500_I0600_F1,0.9519692896709024,False,0.6857580107226078,243,0.0,0.0,0.6879978052978981,244,0.8821243523316062,0.9864661654135338,0.3994619362118633,0.24501632869507214,0.9269202438374151
T120_P10_H0500_I0600_CN070_F1,India,unlimited_useful_deadline,unlimited,central_only,targeted_central,all_useful,deadline,-1.0,0.0,0.0,1.0,none,0.0,0,applicable,773.0,0.0,,0.0,106158.0,24007542.0,528633.0671987705,70927.0,54051.0,10.224672528795171,97.78449982424007,15.0,99.67627178463091,99.67627178463091,99.67627178463091,99.67627178463091,94.56662354463131,94.56662354463131,94.56662354463131,94.56662354463131,99.35316946959897,3.0,0.0,2.0,3.0,731.0,42.0,93.80138888888857,216.25555555555573,223.06770833333397,241.0854166666678,731.0,42.0,241.0854166666678,9715.0,369.46666666666664,0.3312471806207147,0.0,,,11.0,54.54545454545454,72.72727272727273,395.0,100.0,90.12658227848101,367.0,100.0,100.0,COMPLETED,120,10,500.0,60.0,70.0,84,75dbcd375f3d10b8,T120_P10_H0500_I0600_F1,0.9467307594872575,False,0.70226356114654,221,0.0,0.0,0.7007755787076076,224,0.9455958549222798,0.9924812030075189,0.46670628095434274,0.18325834851026154,0.9158362061436357
T120_P10_H0500_I0600_CN080_F1,India,unlimited_useful_deadline,unlimited,central_only,targeted_central,all_useful,deadline,-1.0,0.0,0.0,1.0,none,0.0,0,applicable,773.0,0.0,,0.0,117027.0,28040034.0,606056.9135986096,78137.0,59781.0,9.863925096578116,98.75294826115321,14.0,99.87515468707419,99.87515468707419,99.87515468707419,99.87515468707419,97.54204398447607,97.54204398447607,97.54204398447607,97.54204398447607,99.35316946959897,3.0,0.0,2.0,3.0,754.0,19.0,83.65277777778758,216.25451388888894,227.73479166668903,242.38750000000812,754.0,19.0,242.38750000000812,10032.5,414.5708333333333,0.2813913149810212,0.0,,,11.0,54.54545454545454,72.72727272727273,395.0,100.0,95.9493670886076,367.0,100.0,100.0,COMPLETED,120,10,500.0,60.0,80.0,96,1a7776cdde71170c,T120_P10_H0500_I0600_F1,0.9451849395814914,False,0.6960326238924752,226,0.0,0.0,0.692891466614388,233,0.9753886010362695,0.9924812030075189,0.4615954926935917,0.12242658086003393,0.9125654554745264
T120_P10_H0500_I0600_CN090_F1,India,unlimited_useful_deadline,unlimited,central_only,targeted_central,all_useful,deadline,-1.0,0.0,0.0,1.0,none,0.0,0,applicable,773.0,0.0,,0.0,126124.0,32279088.0,687446.7503984577,85614.0,65717.0,9.55957679077094,99.30535477882435,14.0,100.0,100.0,100.0,100.0,99.61190168175938,99.61190168175938,99.61190168175938,99.61190168175938,99.35316946959897,3.0,0.0,2.0,3.0,770.0,3.0,81.94687500000583,176.16423611111125,191.7171875000068,207.82152777777836,770.0,3.0,207.82152777777836,10251.0,462.21666666666664,0.20874063991153746,0.0,,,11.0,54.54545454545454,72.72727272727273,395.0,100.0,100.0,367.0,100.0,100.0,COMPLETED,120,10,500.0,60.0,90.0,108,1303464efa0c1894,T120_P10_H0500_I0600_F1,0.9762241462241462,False,0.7258360050033607,177,0.0,0.0,0.7249423212951791,178,0.9961139896373057,0.9924812030075189,0.5972698850549689,0.06060621330242758,0.9782403154736746
T120_P10_H0500_I0600_CN100_F1,India,unlimited_useful_deadline,unlimited,central_only,targeted_central,all_useful,deadline,-1.0,0.0,0.0,1.0,none,0.0,0,applicable,773.0,0.0,,0.0,134942.0,36709602.0,772512.6191983016,92759.0,71398.5,9.242373292761995,100.0,15.0,100.0,100.0,100.0,100.0,99.61190168175938,99.61190168175938,99.61190168175938,99.61190168175938,99.35316946959897,3.0,0.0,2.0,3.0,770.0,3.0,76.92916666666751,178.8357638888947,191.45607638888913,207.95347222223762,770.0,3.0,207.95347222223762,10613.5,506.5416666666667,0.13013572427408082,0.0,,,11.0,54.54545454545454,72.72727272727273,395.0,100.0,100.0,367.0,100.0,100.0,COMPLETED,120,10,500.0,60.0,100.0,120,2418bfb41bfb5016,T120_P10_H0500_I0600_F1,0.9786718374218374,False,0.714389472082966,199,0.0,0.0,0.7137547379326455,205,0.9961139896373057,0.9924812030075189,0.5967519918444908,7.198543014896863e-06,0.9834193066308973
T120_P10_H0500_I0800_CN010_F1,India,unlimited_useful_deadline,unlimited,central_only,targeted_central,all_useful,deadline,-1.0,0.0,0.0,1.0,none,0.0,0,applicable,773.0,0.0,,0.0,34400.0,6912942.0,171517.81919969022,23727.0,15340.5,8.943968662602787,94.0810273459144,9.0,74.25234584683905,74.25234584683905,74.25234584683905,74.25234584683905,60.025873221216045,60.025873221216045,60.025873221216045,60.025873221216045,79.43078913324709,0.0,120.0,39.0,120.0,464.0,309.0,273.87118055555766,353.85833333333335,355.28760416666665,359.90069444445254,464.0,309.0,359.90069444445254,1685.0,113.79583333333333,0.8907457922937034,0.0,,,11.0,72.72727272727273,9.090909090909092,395.0,60.50632911392405,30.126582278481013,367.0,100.0,93.73297002724796,COMPLETED,120,10,500.0,80.0,10.0,12,4fd659638a8d482a,T120_P10_H0500_I0800_F1,0.7412156768837802,True,0.4881401650079339,488,0.0,0.0,0.4822027906942763,502,0.5997409326424872,0.7609022556390977,0.0003461707248343382,0.5690311480956255,0.4809934463693369
T120_P10_H0500_I0800_CN020_F1,India,unlimited_useful_deadline,unlimited,central_only,targeted_central,all_useful,deadline,-1.0,0.0,0.0,1.0,none,0.0,0,applicable,773.0,0.0,,0.0,67108.0,13434276.0,296727.4319993658,32849.0,22939.5,7.73083224743745,98.156019093703,10.0,86.76976085778989,86.76976085778989,86.76976085778989,86.76976085778989,79.5601552393273,79.5601552393273,79.5601552393273,79.5601552393273,88.09831824062096,0.0,63.0,29.0,63.0,615.0,158.0,133.38750000000022,282.82555555555706,296.78159722222364,308.52222222222287,615.0,158.0,308.52222222222287,2021.0,174.32083333333333,0.7829056815737265,0.0,,,11.0,100.0,36.36363636363637,395.0,76.70886075949367,61.77215189873417,367.0,100.0,100.0,COMPLETED,120,10,500.0,80.0,20.0,24,e2683aa3b9841e03,T120_P10_H0500_I0800_F1,0.9221507076181873,False,0.6409874449785088,317,0.0,0.0,0.644412008809652,320,0.7953367875647669,0.8616541353383458,0.20201106110867695,0.4992299958488402,0.8638280641876299
T120_P10_H0500_I0800_CN030_F1,India,unlimited_useful_deadline,unlimited,central_only,targeted_central,all_useful,deadline,-1.0,0.0,0.0,1.0,none,0.0,0,applicable,773.0,0.0,,0.0,98988.0,20085552.0,424431.9311990363,42063.0,30812.0,7.259585750995438,99.27463325976892,12.0,96.6886259301821,96.6886259301821,96.6886259301821,96.6886259301821,91.07373868046572,91.07373868046572,91.07373868046572,91.07373868046572,96.50711513583441,0.0,0.0,27.0,0.0,704.0,69.0,91.86145833333333,225.5239583333338,237.3600347222223,251.81875000000187,704.0,69.0,251.81875000000187,2243.5,238.07083333333333,0.6783758043532795,0.0,,,11.0,100.0,100.0,395.0,93.16455696202532,82.53164556962025,367.0,100.0,100.0,COMPLETED,120,10,500.0,80.0,30.0,36,9777e950f5254770,T120_P10_H0500_I0800_F1,0.9329611216329966,False,0.7230790285241614,179,0.0,0.0,0.721883014033601,184,0.9106217616580311,0.9593984962406015,0.4245770311635416,0.42811630925900596,0.8867014718468248
T120_P10_H0500_I0800_CN040_F1,India,unlimited_useful_deadline,unlimited,central_only,targeted_central,all_useful,deadline,-1.0,0.0,0.0,1.0,none,0.0,0,applicable,773.0,0.0,,0.0,128552.0,27217203.0,561359.630398757,50245.0,37461.5,6.673351265638668,99.53285372982928,11.0,99.98149112638116,99.98149112638116,99.98149112638116,99.98149112638116,99.61190168175938,99.61190168175938,99.61190168175938,99.61190168175938,100.0,0.0,0.0,0.0,0.0,770.0,3.0,82.86111111111356,191.14166666666665,197.91232638888926,222.28333333333333,770.0,3.0,222.28333333333333,2404.5,292.14166666666665,0.594687699080545,0.0,,,11.0,100.0,100.0,395.0,100.0,99.24050632911391,367.0,100.0,100.0,COMPLETED,120,10,500.0,80.0,40.0,48,7c003ee33a52a727,T120_P10_H0500_I0800_F1,0.9337157287157286,False,0.7629487951542746,120,0.0,0.0,0.7575580017087357,128,0.9961139896373057,1.0,0.5405060634391989,0.3628718347406485,0.8882981207265254
T120_P10_H0500_I0800_CN050_F1,India,unlimited_useful_deadline,unlimited,central_only,targeted_central,all_useful,deadline,-1.0,0.0,0.0,1.0,none,0.0,0,applicable,773.0,0.0,,0.0,155697.0,34140768.0,694292.0783984422,57178.0,43003.5,6.193862977552372,99.75932191565803,11.0,100.0,100.0,100.0,100.0,100.0,100.0,100.0,100.0,100.0,0.0,0.0,0.0,0.0,773.0,0.0,74.20416666666715,159.81138888888918,169.70694444444524,180.68958333333376,773.0,0.0,180.68958333333376,2364.5,338.65833333333336,0.5151568280059384,0.0,,,11.0,100.0,100.0,395.0,100.0,100.0,367.0,100.0,100.0,COMPLETED,120,10,500.0,80.0,50.0,60,46bb4f227c99c293,T120_P10_H0500_I0800_F1,0.9601684155047674,False,0.7929817502351464,65,0.0,0.0,0.7901951757721032,71,1.0,1.0,0.7037650836397582,0.3029422844816209,0.9442685107391372
T120_P10_H0500_I0800_CN060_F1,India,unlimited_useful_deadline,unlimited,central_only,targeted_central,all_useful,deadline,-1.0,0.0,0.0,1.0,none,0.0,0,applicable,773.0,0.0,,0.0,182059.0,41200158.0,829832.366398162,64333.0,48802.0,5.880946800354652,99.82480226220237,14.0,100.0,100.0,100.0,100.0,100.0,100.0,100.0,100.0,100.0,0.0,0.0,0.0,0.0,773.0,0.0,69.33611111111144,142.60027777777827,148.66152777777893,172.65138888889814,773.0,0.0,172.65138888889814,2580.5,385.1791666666667,0.47953216216118766,0.0,,,11.0,100.0,100.0,395.0,100.0,100.0,367.0,100.0,100.0,COMPLETED,120,10,500.0,80.0,60.0,72,6a6a31b292f60c23,T120_P10_H0500_I0800_F1,0.9793385558909491,False,0.7931439925298156,64,0.0,0.0,0.7923854922706671,64,1.0,1.0,0.7353156831692584,0.2417817833670465,0.984829994817031
T120_P10_H0500_I0800_CN070_F1,India,unlimited_useful_deadline,unlimited,central_only,targeted_central,all_useful,deadline,-1.0,0.0,0.0,1.0,none,0.0,0,applicable,773.0,0.0,,0.0,205202.0,48357597.0,967255.195197877,71586.0,54566.0,5.641324055006716,99.9001209544405,14.0,100.0,100.0,100.0,100.0,100.0,100.0,100.0,100.0,100.0,0.0,0.0,0.0,0.0,773.0,0.0,58.38472222222223,132.72569444444727,142.49930555555588,159.38750000000067,773.0,0.0,159.38750000000067,2674.0,432.43333333333334,0.40333721960995916,0.0,,,11.0,100.0,100.0,395.0,100.0,100.0,367.0,100.0,100.0,COMPLETED,120,10,500.0,80.0,70.0,84,240c7901d27b12b8,T120_P10_H0500_I0800_F1,0.9829063053998371,False,0.7924897178702681,68,0.0,0.0,0.7921086619385566,65,1.0,1.0,0.7873775795851986,0.1807868487418147,0.9923788813657696
T120_P10_H0500_I0800_CN080_F1,India,unlimited_useful_deadline,unlimited,central_only,targeted_central,all_useful,deadline,-1.0,0.0,0.0,1.0,none,0.0,0,applicable,773.0,0.0,,0.0,228539.0,55906302.0,1112190.3311976083,78523.0,60056.5,5.399840145645851,99.96503292732677,14.0,100.0,100.0,100.0,100.0,100.0,100.0,100.0,100.0,100.0,0.0,0.0,0.0,0.0,773.0,0.0,59.52013888888929,119.22013888891354,125.09166666666977,131.21736111111457,773.0,0.0,131.21736111111457,2822.0,476.95416666666665,0.3221574545655739,0.0,,,11.0,100.0,100.0,395.0,100.0,100.0,367.0,100.0,100.0,COMPLETED,120,10,500.0,80.0,80.0,96,166edc089239788f,T120_P10_H0500_I0800_F1,0.9839076948876432,True,0.8029850990749302,42,0.0,0.0,0.8027099835352741,40,1.0,1.0,0.8979477800098601,0.12110444845963175,0.9944976892068793
T120_P10_H0500_I0800_CN090_F1,India,unlimited_useful_deadline,unlimited,central_only,targeted_central,all_useful,deadline,-1.0,0.0,0.0,1.0,none,0.0,0,applicable,773.0,0.0,,0.0,250387.0,63625230.0,1260393.748797331,85646.0,65731.5,5.215155983018883,99.96653050668249,15.0,100.0,100.0,100.0,100.0,100.0,100.0,100.0,100.0,100.0,0.0,0.0,0.0,0.0,773.0,0.0,53.48472222225876,110.56736111111161,118.39375000000042,138.51944444445994,773.0,0.0,138.51944444445994,2862.0,523.9125,0.25362013111816273,0.0,,,11.0,100.0,100.0,395.0,100.0,100.0,367.0,100.0,100.0,COMPLETED,120,10,500.0,80.0,90.0,108,46b935fc257abe63,T120_P10_H0500_I0800_F1,0.9848767428489292,True,0.7854468313637392,85,0.0,0.0,0.7852742346962995,85,1.0,1.0,0.8692864794436738,0.06053662738661695,0.9965480666512069
T120_P10_H0500_I0800_CN100_F1,India,unlimited_useful_deadline,unlimited,central_only,targeted_central,all_useful,deadline,-1.0,0.0,0.0,1.0,none,0.0,0,applicable,773.0,0.0,,0.0,270647.0,71407644.0,1409816.097597064,92760.0,71400.0,5.06449033471078,100.0,15.0,100.0,100.0,100.0,100.0,100.0,100.0,100.0,100.0,100.0,0.0,0.0,0.0,0.0,773.0,0.0,48.22083333333382,93.33069444445638,102.42777777777879,118.38750000000012,773.0,0.0,118.38750000000012,2942.5,570.4791666666666,0.15382567042812445,0.0,,,11.0,100.0,100.0,395.0,100.0,100.0,367.0,100.0,100.0,COMPLETED,120,10,500.0,80.0,100.0,120,f46b90542c205253,T120_P10_H0500_I0800_F1,0.9843041780460927,False,0.7889617053451115,74,0.0,0.0,0.7887285351042237,73,1.0,1.0,0.9483060803388716,0.0,0.9953365951822469
T120_P10_H0500_I0986_CN010_F1,India,unlimited_useful_deadline,unlimited,central_only,targeted_central,all_useful,deadline,-1.0,0.0,0.0,1.0,none,0.0,0,applicable,773.0,0.0,,0.0,33683.0,8107374.0,194029.13759971282,24482.0,16075.5,8.285095836051273,94.61603060557992,11.0,74.75857646834923,74.75857646834923,74.75857646834923,74.75857646834923,52.13454075032341,52.13454075032341,52.13454075032341,52.13454075032341,79.30142302716689,0.0,60.0,100.0,60.0,403.0,370.0,219.31805555555522,324.1666666666667,331.1767361111115,359.51944444444814,403.0,370.0,359.51944444444814,1743.0,119.4375,0.897150125007268,0.0,,,11.0,18.181818181818183,18.181818181818183,395.0,61.77215189873417,32.151898734177216,367.0,100.0,74.65940054495913,COMPLETED,120,10,500.0,98.6,10.0,12,7562ba61f411a4f5,T120_P10_H0500_I0986_F1,0.7554854792758019,False,0.47220831011864756,499,0.0,0.0,0.47173136382562386,517,0.5207253886010362,0.7593984962406016,0.001842609527591521,0.5655038620183275,0.5111864627405627
T120_P10_H0500_I0986_CN020_F1,India,unlimited_useful_deadline,unlimited,central_only,targeted_central,all_useful,deadline,-1.0,0.0,0.0,1.0,none,0.0,0,applicable,773.0,0.0,,0.0,66977.0,16191201.0,349238.61599937023,33764.0,23689.0,6.7830414263360606,98.26501751867956,10.0,88.03030754705051,88.03030754705051,88.03030754705051,88.03030754705051,79.43078913324709,79.43078913324709,79.43078913324709,79.43078913324709,88.8745148771022,0.0,24.0,62.0,24.0,614.0,159.0,121.9284722222225,296.68854166666705,307.5366319444445,340.48402777777784,614.0,159.0,340.48402777777784,2099.0,179.91666666666666,0.7965786629612475,0.0,,,11.0,54.54545454545454,54.54545454545454,395.0,79.49367088607595,61.01265822784811,367.0,100.0,100.0,COMPLETED,120,10,500.0,98.6,20.0,24,dbe40b12085fdc4a,T120_P10_H0500_I0986_F1,0.9054364217637833,False,0.611353401435555,357,0.0,0.0,0.6130744710868576,358,0.794041450777202,0.8706766917293233,0.07655824526877908,0.49563312385573166,0.8284628438032521
T120_P10_H0500_I0986_CN030_F1,India,unlimited_useful_deadline,unlimited,central_only,targeted_central,all_useful,deadline,-1.0,0.0,0.0,1.0,none,0.0,0,applicable,773.0,0.0,,0.0,98352.0,24263583.0,504228.3503990477,42699.0,31242.5,6.196101424141383,99.35984636312715,12.0,96.70613950519632,96.70613950519632,96.70613950519632,96.70613950519632,89.65071151358343,89.65071151358343,89.65071151358343,89.65071151358343,97.15394566623544,0.0,0.0,22.0,0.0,693.0,80.0,91.46805555555572,243.05388888888908,254.6190277777779,268.6513888888889,693.0,80.0,268.6513888888889,2269.0,241.44583333333333,0.6889989990853711,0.0,,,11.0,100.0,100.0,395.0,94.43037974683544,79.74683544303798,367.0,100.0,100.0,COMPLETED,120,10,500.0,98.6,30.0,36,e1dff59cf6570cf6,T120_P10_H0500_I0986_F1,0.9322985142429587,False,0.7071832079587189,215,0.0,0.0,0.7066295292170184,217,0.8963730569948185,0.9669172932330827,0.3585074862826506,0.42605032741373144,0.8852994821608082
T120_P10_H0500_I0986_CN040_F1,India,unlimited_useful_deadline,unlimited,central_only,targeted_central,all_useful,deadline,-1.0,0.0,0.0,1.0,none,0.0,0,applicable,773.0,0.0,,0.0,126775.0,32131191.0,655286.4239988253,50291.0,37436.0,5.712921652115154,99.75291163585854,13.0,99.61972800467733,99.61972800467733,99.61972800467733,99.61972800467733,95.60155239327295,95.60155239327295,95.60155239327295,95.60155239327295,100.0,0.0,0.0,0.0,0.0,739.0,34.0,86.3347222222219,221.30638888888924,232.69479166666673,249.95347222222233,739.0,34.0,249.95347222222233,2572.0,290.53333333333336,0.6194498623221663,0.0,,,11.0,100.0,100.0,395.0,100.0,91.39240506329114,367.0,100.0,100.0,COMPLETED,120,10,500.0,98.6,40.0,48,027de8b417496f9c,T120_P10_H0500_I0986_F1,0.9424785746504285,False,0.733994032172874,163,0.0,0.0,0.7315380619555558,167,0.9559585492227979,1.0,0.43189840570664395,0.3629942099719017,0.9068391448764357
T120_P10_H0500_I0986_CN050_F1,India,unlimited_useful_deadline,unlimited,central_only,targeted_central,all_useful,deadline,-1.0,0.0,0.0,1.0,none,0.0,0,applicable,773.0,0.0,,0.0,154935.0,40248126.0,811131.5759985963,57531.0,43243.5,5.331255899730235,99.9294691687768,13.0,100.0,100.0,100.0,100.0,100.0,100.0,100.0,100.0,100.0,0.0,0.0,0.0,0.0,773.0,0.0,71.05069444444429,172.1208333333403,179.61902777778187,194.95347222222216,773.0,0.0,194.95347222222216,2507.0,339.47083333333336,0.5357145925644078,0.0,,,11.0,100.0,100.0,395.0,100.0,100.0,367.0,100.0,100.0,COMPLETED,120,10,500.0,98.6,50.0,60,10ba56913828f21f,T120_P10_H0500_I0986_F1,0.9694390541900244,False,0.7844963174758429,88,0.0,0.0,0.7826905153385336,91,1.0,1.0,0.6477781018396178,0.3017905175992379,0.9638839572538123
T120_P10_H0500_I0986_CN060_F1,India,unlimited_useful_deadline,unlimited,central_only,targeted_central,all_useful,deadline,-1.0,0.0,0.0,1.0,none,0.0,0,applicable,773.0,0.0,,0.0,182926.0,48928818.0,977800.8623982837,64532.0,48917.5,5.002808023713384,99.9560484489191,12.0,100.0,100.0,100.0,100.0,100.0,100.0,100.0,100.0,100.0,0.0,0.0,0.0,0.0,773.0,0.0,65.91805555555838,154.19152777777802,162.49930555555616,181.2173611111111,773.0,0.0,181.2173611111111,2736.5,384.84166666666664,0.47675902066506426,0.0,,,11.0,100.0,100.0,395.0,100.0,100.0,367.0,100.0,100.0,COMPLETED,120,10,500.0,98.6,60.0,72,ad4e9bda9d450a68,T120_P10_H0500_I0986_F1,0.9793810790091514,False,0.7863221964880716,81,0.0,0.0,0.7855681948938967,83,1.0,1.0,0.70169351079808,0.24122749555489967,0.9849199681165041
T120_P10_H0500_I0986_CN070_F1,India,unlimited_useful_deadline,unlimited,central_only,targeted_central,all_useful,deadline,-1.0,0.0,0.0,1.0,none,0.0,0,applicable,773.0,0.0,,0.0,211806.0,58188453.0,1155585.854397891,71968.0,54830.0,4.744779437315693,99.96808316614992,12.0,100.0,100.0,100.0,100.0,100.0,100.0,100.0,100.0,100.0,0.0,0.0,0.0,0.0,773.0,0.0,58.725000000000605,135.64625000000035,148.01555555556385,154.0881944444535,773.0,0.0,154.0881944444535,2795.0,433.625,0.40571282149835053,0.0,,,11.0,100.0,100.0,395.0,100.0,100.0,367.0,100.0,100.0,COMPLETED,120,10,500.0,98.6,70.0,84,ad94d28948191357,T120_P10_H0500_I0986_F1,0.9845688994298308,False,0.7969240489056447,52,0.0,0.0,0.7967188844382551,52,1.0,1.0,0.8081778063678767,0.17951990517119334,0.9958967106522051
T120_P10_H0500_I0986_CN080_F1,India,unlimited_useful_deadline,unlimited,central_only,targeted_central,all_useful,deadline,-1.0,0.0,0.0,1.0,none,0.0,0,applicable,773.0,0.0,,0.0,236236.0,66842562.0,1321744.7471976667,78583.0,60048.0,4.543085957202585,99.99333866240342,15.0,100.0,100.0,100.0,100.0,100.0,100.0,100.0,100.0,100.0,0.0,0.0,0.0,0.0,773.0,0.0,51.52013888889293,121.19569444445334,131.46486111111687,143.08541666667918,773.0,0.0,143.08541666667918,3017.0,475.2583333333333,0.33535197231914804,0.0,,,11.0,100.0,100.0,395.0,100.0,100.0,367.0,100.0,100.0,COMPLETED,120,10,500.0,98.6,80.0,96,db577cfb48ce7ba0,T120_P10_H0500_I0986_F1,0.9831931867184132,False,0.7934498604120322,60,0.0,0.0,0.7930991546285233,61,1.0,1.0,0.851364648609414,0.12114524020338284,0.9929858843298196
T120_P10_H0500_I0986_CN090_F1,India,unlimited_useful_deadline,unlimited,central_only,targeted_central,all_useful,deadline,-1.0,0.0,0.0,1.0,none,0.0,0,applicable,773.0,0.0,,0.0,258634.0,75411903.0,1486276.094397475,85251.0,65418.5,4.4015038825286465,99.98242087482899,16.0,100.0,100.0,100.0,100.0,100.0,100.0,100.0,100.0,100.0,0.0,0.0,0.0,0.0,773.0,0.0,50.109027777780526,112.24791666666879,118.9058333333335,128.78611111111144,773.0,0.0,128.78611111111144,3065.0,519.6125,0.28299514060958897,0.0,,,11.0,100.0,100.0,395.0,100.0,100.0,367.0,100.0,100.0,COMPLETED,120,10,500.0,98.6,90.0,108,fb8d685781a1b3ba,T120_P10_H0500_I0986_F1,0.9848246370562025,True,0.7933715460943295,61,0.0,0.0,0.7931934369782601,59,1.0,1.0,0.9074906438502958,0.06203872336239143,0.9964378176786132
T120_P10_H0500_I0986_CN100_F1,India,unlimited_useful_deadline,unlimited,central_only,targeted_central,all_useful,deadline,-1.0,0.0,0.0,1.0,none,0.0,0,applicable,773.0,0.0,,0.0,281925.0,84524448.0,1661236.9583972297,92760.0,71400.0,4.2980021386525795,100.0,14.0,100.0,100.0,100.0,100.0,100.0,100.0,100.0,100.0,100.0,0.0,0.0,0.0,0.0,773.0,0.0,46.10347222222141,104.86527777777842,112.50833333333546,120.38750000003922,773.0,0.0,120.38750000003922,3155.5,568.7041666666667,0.19080518088148746,0.0,,,11.0,100.0,100.0,395.0,100.0,100.0,367.0,100.0,100.0,COMPLETED,120,10,500.0,98.6,100.0,120,f7fd88c63b76eff1,T120_P10_H0500_I0986_F1,0.9858589669876863,True,0.7878851303859606,75,0.0,0.19,0.7878164465432642,75,1.0,1.0,0.9404559095702464,0.0,0.998626323146075
T120_P10_H0800_I0600_CN010_F1,India,unlimited_useful_deadline,unlimited,central_only,targeted_central,all_useful,deadline,-1.0,0.0,0.0,1.0,none,0.0,0,applicable,773.0,0.0,,0.0,18856.0,3848229.0,183742.64639981312,21400.0,14462.5,7.871063296068162,60.28694900605013,8.0,75.48321111815099,75.48321111815099,75.48321111815099,75.48321111815099,2.58732212160414,2.58732212160414,2.58732212160414,2.58732212160414,99.35316946959897,1.0,4.0,0.0,5.0,20.0,753.0,139.6763888888956,352.65,353.1166666666667,359.1333333333333,20.0,753.0,359.1333333333333,8674.0,48.2375,0.7605575710460395,0.0,,,11.0,54.54545454545454,0.0,395.0,100.0,3.79746835443038,367.0,100.0,1.3623978201634876,COMPLETED,120,10,800.0,60.0,10.0,12,2699c88211a293a1,T120_P10_H0800_I0600_F1,0.8066666666666666,True,0.41289151901041643,528,0.0,0.0,0.44263490369287684,524,0.024611398963730574,0.9924812030075189,0.003358128606519406,0.5732446952736766,0.6194790926129388
T120_P10_H0800_I0600_CN020_F1,India,unlimited_useful_deadline,unlimited,central_only,targeted_central,all_useful,deadline,-1.0,0.0,0.0,1.0,none,0.0,0,applicable,773.0,0.0,,0.0,33724.0,6454638.0,233785.6991996296,30547.0,21464.5,9.181271597657247,77.23217405483473,9.0,85.47227242242339,85.47227242242339,85.47227242242339,85.47227242242339,35.44631306597672,35.44631306597672,35.44631306597672,35.44631306597672,99.35316946959897,1.0,3.0,1.0,4.0,274.0,499.0,236.5350694444462,343.4159722222394,352.57916666666665,357.38472222222225,274.0,499.0,357.38472222222225,9885.0,96.49583333333334,0.6965920376527484,0.0,,,11.0,54.54545454545454,18.181818181818183,395.0,100.0,23.037974683544306,367.0,100.0,49.31880108991826,COMPLETED,120,10,800.0,60.0,20.0,24,301fcf1de02419e0,T120_P10_H0800_I0600_F1,0.7785769802649364,False,0.4742157584443149,498,0.0,0.0,0.4845366626800095,499,0.35362694300518144,0.9924812030075189,0.010221576521453946,0.506308563146819,0.5600450277190743
T120_P10_H0800_I0600_CN030_F1,India,unlimited_useful_deadline,unlimited,central_only,targeted_central,all_useful,deadline,-1.0,0.0,0.0,1.0,none,0.0,0,applicable,773.0,0.0,,0.0,47949.0,9159228.0,285713.82719943125,38572.0,27844.5,9.74559063974326,85.65246278439189,11.0,90.41074821048565,90.41074821048565,90.41074821048565,90.41074821048565,54.72186287192755,54.72186287192755,54.72186287192755,54.72186287192755,99.35316946959897,1.0,2.0,2.0,3.0,423.0,350.0,174.33472222222238,333.39791666666633,346.79743055555707,359.95069444445323,423.0,350.0,359.95069444445323,10783.0,142.17916666666667,0.6305006886850513,0.0,,,11.0,54.54545454545454,9.090909090909092,395.0,100.0,40.50632911392405,367.0,100.0,71.38964577656675,COMPLETED,120,10,800.0,60.0,30.0,36,d9df1f83b091a218,T120_P10_H0800_I0600_F1,0.8833464670344103,False,0.5409142531082605,440,0.0,0.0,0.5526688178093735,435,0.5466321243523315,0.9924812030075189,0.00014991645561979183,0.4423574268568042,0.7817234183745935
T120_P10_H0800_I0600_CN040_F1,India,unlimited_useful_deadline,unlimited,central_only,targeted_central,all_useful,deadline,-1.0,0.0,0.0,1.0,none,0.0,0,applicable,773.0,0.0,,0.0,57321.0,12281199.0,345655.6703992932,47648.0,35270.5,10.203940805963448,90.27515912731603,12.0,94.48983709018557,94.48983709018557,94.48983709018557,94.48983709018557,76.19663648124192,76.19663648124192,76.19663648124192,76.19663648124192,99.35316946959897,1.0,2.0,2.0,3.0,589.0,184.0,149.91805555555814,293.21791666666894,304.93763888888896,346.42291666670775,589.0,184.0,346.42291666670775,11477.5,198.275,0.5652870592190982,0.0,,,11.0,54.54545454545454,27.27272727272727,395.0,100.0,55.44303797468354,367.0,100.0,100.0,COMPLETED,120,10,800.0,60.0,40.0,48,60048066a3a9b68d,T120_P10_H0800_I0600_F1,0.9017048670062252,False,0.5973226745950104,373,0.0,0.0,0.6002681413902142,374,0.7616580310880829,0.9924812030075189,0.053247599292239545,0.37338650657107,0.8205673669921599
T120_P10_H0800_I0600_CN050_F1,India,unlimited_useful_deadline,unlimited,central_only,targeted_central,all_useful,deadline,-1.0,0.0,0.0,1.0,none,0.0,0,applicable,773.0,0.0,,0.0,70374.0,15595128.0,409283.1071990718,55514.0,41733.0,10.196609453441582,94.12455371049289,13.0,97.45507848853568,97.45507848853568,97.45507848853568,97.45507848853568,82.92367399741268,82.92367399741268,82.92367399741268,82.92367399741268,99.35316946959897,1.0,0.0,4.0,1.0,641.0,132.0,126.65138888888902,245.51944444444453,255.81875000000096,270.48402777777835,641.0,132.0,270.48402777777835,11645.0,250.73333333333332,0.49410506957369504,0.0,,,11.0,54.54545454545454,63.63636363636363,395.0,100.0,67.59493670886076,367.0,100.0,100.0,COMPLETED,120,10,800.0,60.0,50.0,60,b4b43061d859d4e6,T120_P10_H0800_I0600_F1,0.9306631709712834,False,0.670096757909715,280,0.0,0.0,0.672737946301557,281,0.8290155440414507,0.9924812030075189,0.3513142221652884,0.30903945041523595,0.8818393118782909
T120_P10_H0800_I0600_CN060_F1,India,unlimited_useful_deadline,unlimited,central_only,targeted_central,all_useful,deadline,-1.0,0.0,0.0,1.0,none,0.0,0,applicable,773.0,0.0,,0.0,82081.0,18929163.0,473296.5791988637,63358.0,48014.5,10.144696182100628,96.04390340417999,12.0,98.548251645445,98.548251645445,98.548251645445,98.548251645445,86.02846054333764,86.02846054333764,86.02846054333764,86.02846054333764,99.35316946959897,1.0,0.0,4.0,1.0,665.0,108.0,115.05069444444622,232.3245833333398,250.27236111111247,261.9888888889099,665.0,108.0,261.9888888889099,12399.5,296.7916666666667,0.4284730216669006,0.0,,,11.0,54.54545454545454,54.54545454545454,395.0,100.0,73.9240506329114,367.0,100.0,100.0,COMPLETED,120,10,800.0,60.0,60.0,72,8ea583fc7a419859,T120_P10_H0800_I0600_F1,0.9542516012252854,False,0.6793284215864246,261,0.0,0.0,0.6829107059153372,257,0.8601036269430051,0.9924812030075189,0.3846583676550397,0.24556101844986575,0.9317493135212567
T120_P10_H0800_I0600_CN070_F1,India,unlimited_useful_deadline,unlimited,central_only,targeted_central,all_useful,deadline,-1.0,0.0,0.0,1.0,none,0.0,0,applicable,773.0,0.0,,0.0,94738.0,22406811.0,540067.4207986128,70668.0,53845.0,9.97005150215836,97.42223047636735,14.0,99.26270660523093,99.26270660523093,99.26270660523093,99.26270660523093,91.59120310478654,91.59120310478654,91.59120310478654,91.59120310478654,99.35316946959897,1.0,0.0,4.0,1.0,708.0,65.0,103.80590277779095,216.31909722223455,229.2355902777779,245.3520833333343,708.0,65.0,245.3520833333343,12814.0,341.925,0.3583863420340718,0.0,,,11.0,54.54545454545454,63.63636363636363,395.0,100.0,84.55696202531645,367.0,100.0,100.0,COMPLETED,120,10,800.0,60.0,70.0,84,a137128fefdf3be1,T120_P10_H0800_I0600_F1,0.9448008213015275,False,0.6910511642756618,234,0.0,0.0,0.6908486444326595,236,0.9158031088082901,0.9924812030075189,0.44995924998160375,0.1842469484176403,0.9117527119482446
T120_P10_H0800_I0600_CN080_F1,India,unlimited_useful_deadline,unlimited,central_only,targeted_central,all_useful,deadline,-1.0,0.0,0.0,1.0,none,0.0,0,applicable,773.0,0.0,,0.0,104128.0,26114811.0,611261.0207983945,77991.0,59629.5,9.755161538374447,98.61142555278848,14.0,99.48495857073853,99.48495857073853,99.48495857073853,99.48495857073853,92.6261319534282,92.6261319534282,92.6261319534282,92.6261319534282,99.35316946959897,1.0,0.0,4.0,1.0,716.0,57.0,91.37916666669432,222.1527777777781,232.05104166666828,249.48402777778418,716.0,57.0,249.48402777778418,13108.0,387.6791666666667,0.30367133117662437,0.0,,,11.0,54.54545454545454,72.72727272727273,395.0,100.0,86.32911392405063,367.0,100.0,100.0,COMPLETED,120,10,800.0,60.0,80.0,96,664113f6d5cce483,T120_P10_H0800_I0600_F1,0.9548604645147941,False,0.6813722593352336,256,0.0,0.0,0.6817158485693853,261,0.9261658031088082,0.9924812030075189,0.43374101523421904,0.12315363370453818,0.9330375877918418
T120_P10_H0800_I0600_CN090_F1,India,unlimited_useful_deadline,unlimited,central_only,targeted_central,all_useful,deadline,-1.0,0.0,0.0,1.0,none,0.0,0,applicable,773.0,0.0,,0.0,111831.0,30041736.0,686657.9807981778,85532.0,65652.5,9.561164631580471,99.23156010814516,14.0,99.93523316062176,99.93523316062176,99.93523316062176,99.93523316062176,99.74126778783958,99.74126778783958,99.74126778783958,99.74126778783958,99.35316946959897,1.0,0.0,4.0,1.0,771.0,2.0,86.22083333333576,166.65416666667443,202.38611111112095,231.6513888888893,771.0,2.0,231.6513888888893,13030.0,438.5208333333333,0.23854664512961832,0.0,,,11.0,54.54545454545454,81.81818181818183,395.0,100.0,100.0,367.0,100.0,100.0,COMPLETED,120,10,800.0,60.0,90.0,108,190f3ccc635ef2bc,T120_P10_H0800_I0600_F1,0.9627143680645628,False,0.703227162931283,220,0.0,0.0,0.7008394671077972,223,0.9974093264248703,0.9924812030075189,0.5037356454993765,0.060915750652068,0.9496554099551519
T120_P10_H0800_I0600_CN100_F1,India,unlimited_useful_deadline,unlimited,central_only,targeted_central,all_useful,deadline,-1.0,0.0,0.0,1.0,none,0.0,0,applicable,773.0,0.0,,0.0,119260.0,34141224.0,765368.1503979493,92757.0,71395.5,9.328255946223823,100.0,12.0,100.0,100.0,100.0,100.0,99.87063389391979,99.87063389391979,99.87063389391979,99.87063389391979,99.35316946959897,1.0,0.0,4.0,1.0,772.0,1.0,79.52118055556274,158.37652777778766,166.85298611112515,191.21736111111213,772.0,1.0,191.21736111111213,13553.5,482.01666666666665,0.16166381406820873,0.0,,,11.0,54.54545454545454,90.9090909090909,395.0,100.0,100.0,367.0,100.0,100.0,COMPLETED,120,10,800.0,60.0,100.0,120,76b2309719fffc24,T120_P10_H0800_I0600_F1,0.9789339857992707,False,0.7282613536154884,171,0.0,0.0,0.7275248193528411,172,0.9987046632124352,0.9924812030075189,0.6624426569557171,2.159562904469059e-05,0.9839739779594898
T120_P10_H0800_I0800_CN010_F1,India,unlimited_useful_deadline,unlimited,central_only,targeted_central,all_useful,deadline,-1.0,0.0,0.0,1.0,none,0.0,0,applicable,773.0,0.0,,0.0,31541.0,6828819.0,202801.67039969857,23479.0,15499.5,7.642688528872707,91.44488531888125,9.0,75.7684353844148,75.7684353844148,75.7684353844148,75.7684353844148,57.309184993531694,57.309184993531694,57.309184993531694,57.309184993531694,82.14747736093143,0.0,29.0,109.0,29.0,443.0,330.0,266.8222222222229,330.9180555555557,339.2070138888914,359.7,443.0,330.0,359.7,2724.5,106.45833333333333,0.8852185257664711,0.0,,,11.0,45.45454545454545,18.181818181818183,395.0,66.58227848101265,29.11392405063291,367.0,100.0,88.8283378746594,COMPLETED,120,10,800.0,80.0,10.0,12,138159aade664859,T120_P10_H0800_I0800_F1,0.7355112448791906,True,0.48584990214312157,491,0.0,0.0,0.4806691402370774,505,0.572538860103627,0.7924812030075188,0.0011339135554524482,0.5682681025360466,0.46892362198274173
T120_P10_H0800_I0800_CN020_F1,India,unlimited_useful_deadline,unlimited,central_only,targeted_central,all_useful,deadline,-1.0,0.0,0.0,1.0,none,0.0,0,applicable,773.0,0.0,,0.0,61124.0,12823632.0,317902.0799993508,33056.0,23480.5,7.386079386472699,97.15295670875832,11.0,88.70549219541326,88.70549219541326,88.70549219541326,88.70549219541326,77.7490297542044,77.7490297542044,77.7490297542044,77.7490297542044,90.8150064683053,0.0,4.0,67.0,4.0,601.0,172.0,140.91805555555547,263.384722222226,279.4840277777808,298.78611111111144,601.0,172.0,298.78611111111144,3265.0,168.4625,0.7634568771487225,0.0,,,11.0,100.0,36.36363636363637,395.0,82.02531645569621,58.22784810126582,367.0,100.0,100.0,COMPLETED,120,10,800.0,80.0,20.0,24,59d4c8b347f4b989,T120_P10_H0800_I0800_F1,0.9326177050594687,False,0.6532153318120759,306,0.0,0.0,0.6586539705728021,302,0.7772020725388601,0.8932330827067668,0.24022612853019698,0.4966337213348018,0.8859748477533843
T120_P10_H0800_I0800_CN030_F1,India,unlimited_useful_deadline,unlimited,central_only,targeted_central,all_useful,deadline,-1.0,0.0,0.0,1.0,none,0.0,0,applicable,773.0,0.0,,0.0,89919.0,18920664.0,434965.09439896664,41531.0,30520.5,7.0167699415451095,99.04326600153995,12.0,97.01939605027168,97.01939605027168,97.01939605027168,97.01939605027168,88.61578266494179,88.61578266494179,88.61578266494179,88.61578266494179,100.0,0.0,0.0,0.0,0.0,685.0,88.0,98.33611111111144,226.8979166666667,237.94638888889068,253.08541666667438,685.0,88.0,253.08541666667438,3319.5,226.675,0.6665735328358027,0.0,,,11.0,100.0,63.63636363636363,395.0,100.0,78.73417721518987,367.0,100.0,100.0,COMPLETED,120,10,800.0,80.0,30.0,36,dff999bb498e9aeb,T120_P10_H0800_I0800_F1,0.941977561503109,True,0.7271935472543677,174,0.0,0.0,0.7281819824824687,171,0.8860103626943006,1.0,0.41960525634348667,0.4295152261182336,0.9057790672563226
T120_P10_H0800_I0800_CN040_F1,India,unlimited_useful_deadline,unlimited,central_only,targeted_central,all_useful,deadline,-1.0,0.0,0.0,1.0,none,0.0,0,applicable,773.0,0.0,,0.0,118282.0,25581666.0,562856.3327985839,49653.0,37130.0,6.596710001535478,99.49097764610826,13.0,99.91296570828689,99.91296570828689,99.91296570828689,99.91296570828689,98.31824062095731,98.31824062095731,98.31824062095731,98.31824062095731,100.0,0.0,0.0,0.0,0.0,760.0,13.0,86.49513888889038,199.42902777777908,207.12743055555657,235.21736111111113,760.0,13.0,235.21736111111113,3639.0,279.09166666666664,0.5876451882595324,0.0,,,11.0,100.0,100.0,395.0,100.0,96.70886075949367,367.0,100.0,100.0,COMPLETED,120,10,800.0,80.0,40.0,48,3726cf8194c5c3c2,T120_P10_H0800_I0800_F1,0.9316575292397661,False,0.7492219643879248,134,0.0,0.0,0.7442610954292597,142,0.9831606217616581,1.0,0.4897389000493424,0.36446271274694003,0.8839432425883579
T120_P10_H0800_I0800_CN050_F1,India,unlimited_useful_deadline,unlimited,central_only,targeted_central,all_useful,deadline,-1.0,0.0,0.0,1.0,none,0.0,0,applicable,773.0,0.0,,0.0,142581.0,31952988.0,685185.7151981718,56587.0,42631.5,6.221889781760843,99.74080198913948,12.0,99.98706338939198,99.98706338939198,99.98706338939198,99.98706338939198,99.87063389391979,99.87063389391979,99.87063389391979,99.87063389391979,100.0,0.0,0.0,0.0,0.0,772.0,1.0,79.72013888888893,168.1767361111177,179.84548611111137,189.91805555555572,772.0,1.0,189.91805555555572,3634.5,324.975,0.5030690394987649,0.0,,,11.0,100.0,90.9090909090909,395.0,100.0,100.0,367.0,100.0,100.0,COMPLETED,120,10,800.0,80.0,50.0,60,8cb8bdf2f3301fd4,T120_P10_H0800_I0800_F1,0.9551321723277683,False,0.7841720517167097,90,0.0,0.0,0.7809174428372349,94,0.9987046632124352,1.0,0.667542542201488,0.30472752314931456,0.9336124856229361
T120_P10_H0800_I0800_CN060_F1,India,unlimited_useful_deadline,unlimited,central_only,targeted_central,all_useful,deadline,-1.0,0.0,0.0,1.0,none,0.0,0,applicable,773.0,0.0,,0.0,167782.0,38503350.0,810952.6655977175,63968.0,48536.5,5.9851212110174,99.87947214982539,14.0,100.0,100.0,100.0,100.0,100.0,100.0,100.0,100.0,100.0,0.0,0.0,0.0,0.0,773.0,0.0,72.12083333333463,147.7923611111111,155.65416666667443,173.2173611111111,773.0,0.0,173.2173611111111,3914.5,371.85,0.4446752722872127,0.0,,,11.0,100.0,100.0,395.0,100.0,100.0,367.0,100.0,100.0,COMPLETED,120,10,800.0,80.0,60.0,72,cfb136d7c8da395d,T120_P10_H0800_I0800_F1,0.9786420152364524,False,0.7927334548945908,66,0.0,0.0,0.7919012652359444,68,1.0,1.0,0.7330941938719668,0.2430559254806827,0.9833562068270726
T120_P10_H0800_I0800_CN070_F1,India,unlimited_useful_deadline,unlimited,central_only,targeted_central,all_useful,deadline,-1.0,0.0,0.0,1.0,none,0.0,0,applicable,773.0,0.0,,0.0,189291.0,45137052.0,938319.7439972602,71194.0,54244.5,5.781025108660443,99.952068873342,18.0,100.0,100.0,100.0,100.0,100.0,100.0,100.0,100.0,100.0,0.0,0.0,0.0,0.0,773.0,0.0,66.38749999999999,127.69930555556695,137.091666666668,148.95347222222247,773.0,0.0,148.95347222222247,4234.0,416.75416666666666,0.3663141573602877,0.0,,,11.0,100.0,100.0,395.0,100.0,100.0,367.0,100.0,100.0,COMPLETED,120,10,800.0,80.0,70.0,84,960d97f4a1fc5a71,T120_P10_H0800_I0800_F1,0.982184011307556,False,0.8007599435708063,45,0.0,0.0,0.8003024736960211,44,1.0,1.0,0.8283320295144669,0.18232973646134024,0.9908506025042992
T120_P10_H0800_I0800_CN080_F1,India,unlimited_useful_deadline,unlimited,central_only,targeted_central,all_useful,deadline,-1.0,0.0,0.0,1.0,none,0.0,0,applicable,773.0,0.0,,0.0,211821.0,52177896.0,1073503.9487967577,78129.0,59753.0,5.566164900182663,99.98075410439642,14.0,100.0,100.0,100.0,100.0,100.0,100.0,100.0,100.0,100.0,0.0,0.0,0.0,0.0,773.0,0.0,56.48472222222772,124.17847222223082,129.38750000001798,135.95625000001382,773.0,0.0,135.95625000001382,4417.0,461.1333333333333,0.2941179039564359,0.0,,,11.0,100.0,100.0,395.0,100.0,100.0,367.0,100.0,100.0,COMPLETED,120,10,800.0,80.0,80.0,96,5079a59895f31b1a,T120_P10_H0800_I0800_F1,0.9831207177423219,True,0.7993065204642772,48,0.0,0.0,0.7989481479418694,47,1.0,1.0,0.8793472364945238,0.12256095366297859,0.9928325495518444
T120_P10_H0800_I0800_CN090_F1,India,unlimited_useful_deadline,unlimited,central_only,targeted_central,all_useful,deadline,-1.0,0.0,0.0,1.0,none,0.0,0,applicable,773.0,0.0,,0.0,233236.0,59358033.0,1211362.5791962314,85623.0,65719.0,5.425212989789247,99.99087022017986,14.0,100.0,100.0,100.0,100.0,100.0,100.0,100.0,100.0,100.0,0.0,0.0,0.0,0.0,773.0,0.0,55.40069444444477,108.15972222222531,113.14097222222821,117.82430555556978,773.0,0.0,117.82430555556978,4630.5,509.0708333333333,0.22731167350101367,0.0,,,11.0,100.0,100.0,395.0,100.0,100.0,367.0,100.0,100.0,COMPLETED,120,10,800.0,80.0,90.0,108,9b7b24b2d065c620,T120_P10_H0800_I0800_F1,0.9842724354367304,True,0.8015130711755076,44,0.0,0.0,0.8012765427762594,43,1.0,1.0,0.9505166666211879,0.06059661524507439,0.9952694320150345
T120_P10_H0800_I0800_CN100_F1,India,unlimited_useful_deadline,unlimited,central_only,targeted_central,all_useful,deadline,-1.0,0.0,0.0,1.0,none,0.0,0,applicable,773.0,0.0,,0.0,253369.0,66608310.0,1350567.8975956794,92760.0,71400.0,5.286664974571687,100.0,17.0,100.0,100.0,100.0,100.0,100.0,100.0,100.0,100.0,100.0,0.0,0.0,0.0,0.0,773.0,0.0,51.504861111124534,89.69236111111212,97.49930555556688,106.68958333333352,773.0,0.0,106.68958333333352,4758.5,555.3458333333333,0.13895914457707792,0.0,,,11.0,100.0,100.0,395.0,100.0,100.0,367.0,100.0,100.0,COMPLETED,120,10,800.0,80.0,100.0,120,a0dbfad92560e30c,T120_P10_H0800_I0800_F1,0.9838484020890231,False,0.7980001154365596,51,0.0,24.63,0.7977187271105318,50,1.0,1.0,0.994221402073214,0.0,0.9943722334794453
T120_P10_H0800_I0986_CN010_F1,India,unlimited_useful_deadline,unlimited,central_only,targeted_central,all_useful,deadline,-1.0,0.0,0.0,1.0,none,0.0,0,applicable,773.0,0.0,,0.0,31276.0,8056533.0,225602.94719970657,24607.0,16469.0,7.29999328662202,90.44872184103467,10.0,78.5160898288698,78.5160898288698,78.5160898288698,78.5160898288698,57.4385510996119,57.4385510996119,57.4385510996119,57.4385510996119,80.07761966364812,0.0,3.0,151.0,3.0,444.0,329.0,241.58576388889003,341.5083333333333,342.4475,354.12083333333345,444.0,329.0,354.12083333333345,2817.0,113.76666666666667,0.8902114464303155,0.0,,,11.0,18.181818181818183,9.090909090909092,395.0,63.29113924050633,29.620253164556964,367.0,100.0,88.8283378746594,COMPLETED,120,10,800.0,98.6,10.0,12,d887eb7c97db0b6e,T120_P10_H0800_I0986_F1,0.7755140557223891,True,0.49750701502930683,478,0.0,0.0,0.496493519389539,485,0.5738341968911918,0.7684210526315789,0.023032619095001206,0.5636154442340869,0.5535642840958364
T120_P10_H0800_I0986_CN020_F1,India,unlimited_useful_deadline,unlimited,central_only,targeted_central,all_useful,deadline,-1.0,0.0,0.0,1.0,none,0.0,0,applicable,773.0,0.0,,0.0,62101.0,15589515.0,370236.2015993391,34288.0,24534.5,6.6267155653651235,96.90435916770262,11.0,91.63392086203477,91.63392086203477,91.63392086203477,91.63392086203477,80.07761966364812,80.07761966364812,80.07761966364812,80.07761966364812,96.248382923674,0.0,0.0,29.0,0.0,619.0,154.0,125.78333333333333,245.57083333333347,255.375,283.78611111111144,619.0,154.0,283.78611111111144,3165.0,178.07916666666668,0.7784348019373406,0.0,,,11.0,100.0,36.36363636363637,395.0,92.65822784810128,62.78481012658228,367.0,100.0,100.0,COMPLETED,120,10,800.0,98.6,20.0,24,99aaafb738ab4cce,T120_P10_H0800_I0986_F1,0.9287732603362652,True,0.6812193966518552,257,0.0,0.0,0.6850855154506691,249,0.8005181347150259,0.956390977443609,0.2991024092937351,0.4915755451096698,0.8778405106913059
T120_P10_H0800_I0986_CN030_F1,India,unlimited_useful_deadline,unlimited,central_only,targeted_central,all_useful,deadline,-1.0,0.0,0.0,1.0,none,0.0,0,applicable,773.0,0.0,,0.0,90918.0,23127819.0,514971.63839896687,41920.0,30795.5,5.98003806495876,98.49166274293322,11.0,98.30685103280115,98.30685103280115,98.30685103280115,98.30685103280115,89.52134540750323,89.52134540750323,89.52134540750323,89.52134540750323,100.0,0.0,0.0,0.0,0.0,692.0,81.0,96.49513888889658,223.07826388889265,236.55934027777795,270.48402777777784,692.0,81.0,270.48402777777784,3125.0,230.5875,0.6728448769146445,0.0,,,11.0,100.0,81.81818181818183,395.0,100.0,80.0,367.0,100.0,100.0,COMPLETED,120,10,800.0,98.6,30.0,36,5a143dbba8fa8a8c,T120_P10_H0800_I0986_F1,0.9374511614215372,False,0.7141016435458629,202,0.0,0.0,0.7141578476736862,204,0.8950777202072538,1.0,0.3513142221652904,0.4281954932321698,0.8962018027637165
T120_P10_H0800_I0986_CN040_F1,India,unlimited_useful_deadline,unlimited,central_only,targeted_central,all_useful,deadline,-1.0,0.0,0.0,1.0,none,0.0,0,applicable,773.0,0.0,,0.0,117525.0,30611754.0,658663.1903986495,49675.0,37061.5,5.6267756480469,99.26878296884908,12.0,99.39719505328246,99.39719505328246,99.39719505328246,99.39719505328246,92.496765847348,92.496765847348,92.496765847348,92.496765847348,100.0,0.0,0.0,0.0,0.0,715.0,58.0,84.03402777777761,217.1123611111146,229.04826388888907,238.78611111111144,715.0,58.0,238.78611111111144,3443.0,280.15416666666664,0.6107794071716466,0.0,,,11.0,100.0,100.0,395.0,100.0,85.31645569620252,367.0,100.0,100.0,COMPLETED,120,10,800.0,98.6,40.0,48,1ab4266444554392,T120_P10_H0800_I0986_F1,0.948098938098938,False,0.7371318198354085,157,0.0,0.0,0.7368248510846699,158,0.9248704663212436,1.0,0.4757312515843495,0.36479144621128684,0.9187310913064691
T120_P10_H0800_I0986_CN050_F1,India,unlimited_useful_deadline,unlimited,central_only,targeted_central,all_useful,deadline,-1.0,0.0,0.0,1.0,none,0.0,0,applicable,773.0,0.0,,0.0,144206.0,38315802.0,806580.911998314,56944.0,42873.0,5.3153997772872685,99.46353182655751,11.0,100.0,100.0,100.0,100.0,100.0,100.0,100.0,100.0,100.0,0.0,0.0,0.0,0.0,773.0,0.0,76.48472222222239,171.59375000000045,179.7281944444598,190.48402777777883,773.0,0.0,190.48402777777883,3511.0,328.01666666666665,0.5264250207475907,0.0,,,11.0,100.0,100.0,395.0,100.0,100.0,367.0,100.0,100.0,COMPLETED,120,10,800.0,98.6,50.0,60,120d133053884988,T120_P10_H0800_I0986_F1,0.9673374538833789,False,0.7876935094294951,76,0.0,0.0,0.7856653718641219,82,1.0,1.0,0.6653210529041567,0.30356855772391667,0.9594372486925361
T120_P10_H0800_I0986_CN060_F1,India,unlimited_useful_deadline,unlimited,central_only,targeted_central,all_useful,deadline,-1.0,0.0,0.0,1.0,none,0.0,0,applicable,773.0,0.0,,0.0,170194.0,46438344.0,962533.7183978632,64024.0,48545.0,5.043459680644032,99.74147698012153,12.0,100.0,100.0,100.0,100.0,100.0,100.0,100.0,100.0,100.0,0.0,0.0,0.0,0.0,773.0,0.0,67.38472222222248,134.9023611111172,146.27430555555628,163.68958333333896,773.0,0.0,163.68958333333896,3706.0,373.65833333333336,0.46433777886809846,0.0,,,11.0,100.0,100.0,395.0,100.0,100.0,367.0,100.0,100.0,COMPLETED,120,10,800.0,98.6,60.0,72,96b7435dae49b667,T120_P10_H0800_I0986_F1,0.9800734272435437,False,0.8006590666066568,46,0.0,0.0,0.7999783108816303,45,1.0,1.0,0.7704915351717477,0.24301513373693165,0.9863848854994725
T120_P10_H0800_I0986_CN070_F1,India,unlimited_useful_deadline,unlimited,central_only,targeted_central,all_useful,deadline,-1.0,0.0,0.0,1.0,none,0.0,0,applicable,773.0,0.0,,0.0,197623.0,55012251.0,1127152.732797321,71252.0,54283.5,4.81598441990035,99.81486086932493,13.0,100.0,100.0,100.0,100.0,100.0,100.0,100.0,100.0,100.0,0.0,0.0,0.0,0.0,773.0,0.0,60.91874999999951,116.81222222223317,120.32569444444607,138.689583333338,773.0,0.0,138.689583333338,3930.5,419.60833333333335,0.3746152165710086,0.0,,,11.0,100.0,100.0,395.0,100.0,100.0,367.0,100.0,100.0,COMPLETED,120,10,800.0,98.6,70.0,84,9187d0fff97b2a77,T120_P10_H0800_I0986_F1,0.9810071390925207,True,0.8084063232839953,31,0.0,0.0,0.8078243481039535,29,1.0,1.0,0.8686186697776483,0.182142574342953,0.9883604963991672
T120_P10_H0800_I0986_CN080_F1,India,unlimited_useful_deadline,unlimited,central_only,targeted_central,all_useful,deadline,-1.0,0.0,0.0,1.0,none,0.0,0,applicable,773.0,0.0,,0.0,220848.0,63217569.0,1284694.8383968943,78097.0,59707.5,4.647601766230023,99.89281078591466,14.0,100.0,100.0,100.0,100.0,100.0,100.0,100.0,100.0,100.0,0.0,0.0,0.0,0.0,773.0,0.0,54.9388888889264,101.83125000000061,116.4291666666674,126.42569444445495,773.0,0.0,126.42569444445495,4300.0,461.7291666666667,0.29811525214697165,0.0,,,11.0,100.0,100.0,395.0,100.0,100.0,367.0,100.0,100.0,COMPLETED,120,10,800.0,98.6,80.0,96,b3139de795accf06,T120_P10_H0800_I0986_F1,0.9807567917205692,True,0.8060815772212453,38,0.0,0.0,0.8054731169431898,33,1.0,1.0,0.9167554808092959,0.12277930946776372,0.9878307944388899
T120_P10_H0800_I0986_CN090_F1,India,unlimited_useful_deadline,unlimited,central_only,targeted_central,all_useful,deadline,-1.0,0.0,0.0,1.0,none,0.0,0,applicable,773.0,0.0,,0.0,242283.0,71379120.0,1441396.6175964791,85331.0,65496.5,4.543960988975751,99.97709801287091,15.0,100.0,100.0,100.0,100.0,100.0,100.0,100.0,100.0,100.0,0.0,0.0,0.0,0.0,773.0,0.0,51.90069444444914,112.38472222222246,117.340972222235,135.51944444444453,773.0,0.0,135.51944444444453,4387.5,509.2416666666667,0.23001180949887368,0.0,,,11.0,100.0,100.0,395.0,100.0,100.0,367.0,100.0,100.0,COMPLETED,120,10,800.0,98.6,90.0,108,b15b391acf0ed770,T120_P10_H0800_I0986_F1,0.9815060370849503,False,0.7869576417390636,79,0.0,0.0,0.7864284466706142,79,1.0,1.0,0.8810617355964419,0.06166439912561698,0.9894160986310119
T120_P10_H0800_I0986_CN100_F1,India,unlimited_useful_deadline,unlimited,central_only,targeted_central,all_useful,deadline,-1.0,0.0,0.0,1.0,none,0.0,0,applicable,773.0,0.0,,0.0,264932.0,79993698.0,1606796.5151959895,92760.0,71400.0,4.443624275055822,100.0,14.0,100.0,100.0,100.0,100.0,100.0,100.0,100.0,100.0,100.0,0.0,0.0,0.0,0.0,773.0,0.0,48.65138888889448,89.56722222222288,100.29583333333663,113.40833333333318,773.0,0.0,113.40833333333318,4472.5,557.7291666666666,0.1554849775254319,0.0,,,11.0,100.0,100.0,395.0,100.0,100.0,367.0,100.0,100.0,COMPLETED,120,10,800.0,98.6,100.0,120,8c87f87f8e3d4794,T120_P10_H0800_I0986_F1,0.9855271668822768,True,0.7932585886242169,63,0.01,5.55,0.7931548025224304,60,1.0,1.0,0.9678497346478805,0.0,0.9979242779642719
T120_P10_H1000_I0600_CN010_F1,India,unlimited_useful_deadline,unlimited,central_only,targeted_central,all_useful,deadline,-1.0,0.0,0.0,1.0,none,0.0,0,applicable,773.0,0.0,,0.0,17079.0,3963186.0,210064.25759981672,21105.0,14270.0,6.793159466083511,59.36229852838122,9.0,76.2778444681155,76.2778444681155,76.2778444681155,76.2778444681155,3.4928848641655885,3.4928848641655885,3.4928848641655885,3.4928848641655885,99.22380336351875,1.0,4.0,1.0,5.0,27.0,746.0,166.25138888889245,335.56041666666835,339.9116666666667,348.95069444445505,27.0,746.0,348.95069444445505,8982.5,44.0625,0.7705161544523247,0.0,,,11.0,45.45454545454545,0.0,395.0,100.0,4.30379746835443,367.0,100.0,2.7247956403269753,COMPLETED,120,10,1000.0,60.0,10.0,12,4b9faf755c4bfa78,T120_P10_H1000_I0600_F1,0.738991769547325,True,0.40155724348024036,535,0.0,0.0,0.4236877032710858,532,0.03367875647668394,0.9909774436090225,0.04332585568220737,0.5741685082939213,0.476287952293594
T120_P10_H1000_I0600_CN020_F1,India,unlimited_useful_deadline,unlimited,central_only,targeted_central,all_useful,deadline,-1.0,0.0,0.0,1.0,none,0.0,0,applicable,773.0,0.0,,0.0,30374.0,6385617.0,256574.93279963965,30036.0,21147.5,8.242231526379923,77.15805650786145,10.0,85.71755627769598,85.71755627769598,85.71755627769598,85.71755627769598,36.222509702457955,36.222509702457955,36.222509702457955,36.222509702457955,99.22380336351875,1.0,3.0,2.0,4.0,280.0,493.0,265.1343750000012,350.9102083333337,355.6575347222234,359.8666666666667,280.0,493.0,359.8666666666667,10414.0,89.44583333333334,0.7082083352742969,0.0,,,11.0,45.45454545454545,9.090909090909092,395.0,100.0,23.544303797468356,367.0,100.0,50.68119891008175,COMPLETED,120,10,1000.0,60.0,20.0,24,71305ef5c807738c,T120_P10_H1000_I0600_F1,0.7634374999999999,False,0.4694089304156124,505,0.0,0.0,0.4777395766231137,507,0.36139896373056996,0.9909774436090225,0.0004797326580796568,0.5078298552373001,0.5280118878805964
T120_P10_H1000_I0600_CN030_F1,India,unlimited_useful_deadline,unlimited,central_only,targeted_central,all_useful,deadline,-1.0,0.0,0.0,1.0,none,0.0,0,applicable,773.0,0.0,,0.0,43000.0,8887218.0,304605.67199944844,38067.0,27565.5,9.049568847178234,85.77207016016398,10.0,90.13826813050687,90.13826813050687,90.13826813050687,90.13826813050687,55.10996119016818,55.10996119016818,55.10996119016818,55.10996119016818,99.22380336351875,1.0,2.0,3.0,3.0,426.0,347.0,205.18611111113424,346.57500000000005,351.6928819444595,359.9180555555562,426.0,347.0,359.9180555555562,11651.0,132.62083333333334,0.6444974184967587,0.0,,,11.0,45.45454545454545,18.181818181818183,395.0,100.0,37.21518987341772,367.0,100.0,75.47683923705722,COMPLETED,120,10,1000.0,60.0,30.0,36,5b9dfb67fcc21515,T120_P10_H1000_I0600_F1,0.8630466440619022,False,0.5354356502299553,446,0.0,0.0,0.544848327254738,446,0.550518134715026,0.9909774436090225,0.0002780268813873388,0.4436963558575744,0.7387716752106795
T120_P10_H1000_I0600_CN040_F1,India,unlimited_useful_deadline,unlimited,central_only,targeted_central,all_useful,deadline,-1.0,0.0,0.0,1.0,none,0.0,0,applicable,773.0,0.0,,0.0,52071.0,11870775.0,361889.9663993234,46933.0,34753.5,9.603333396000163,90.49016645805459,13.0,94.08916597077582,94.08916597077582,94.08916597077582,94.08916597077582,73.47994825355757,73.47994825355757,73.47994825355757,73.47994825355757,99.22380336351875,1.0,2.0,3.0,3.0,568.0,205.0,162.64479166666592,297.6496527777794,324.53006944444485,351.3847222222231,568.0,205.0,351.3847222222231,12369.0,186.5375,0.5751660375110754,0.0,,,11.0,45.45454545454545,18.181818181818183,395.0,100.0,55.69620253164557,367.0,100.0,94.27792915531336,COMPLETED,120,10,1000.0,60.0,40.0,48,97f33d0bc928c3a7,T120_P10_H1000_I0600_F1,0.8894423252477829,False,0.5829306343387439,384,0.0,0.0,0.585938908856245,387,0.7344559585492227,0.9909774436090225,0.033772088826865776,0.37586760439687006,0.7946214488992441
T120_P10_H1000_I0600_CN050_F1,India,unlimited_useful_deadline,unlimited,central_only,targeted_central,all_useful,deadline,-1.0,0.0,0.0,1.0,none,0.0,0,applicable,773.0,0.0,,0.0,64182.0,14965254.0,421303.96319911315,55073.0,41414.5,9.830076053765254,94.24235473083098,11.0,96.76795539473298,96.76795539473298,96.76795539473298,96.76795539473298,80.98318240620958,80.98318240620958,80.98318240620958,80.98318240620958,99.22380336351875,1.0,2.0,3.0,3.0,626.0,147.0,136.15277777777916,259.95347222222244,269.4446180555602,283.25277777777785,626.0,147.0,283.25277777777785,13090.5,236.03333333333333,0.5086401991244174,0.0,,,11.0,45.45454545454545,36.36363636363637,395.0,100.0,64.55696202531645,367.0,100.0,100.0,COMPLETED,120,10,1000.0,60.0,50.0,60,d2282f5e39558ee4,T120_P10_H1000_I0600_F1,0.941927730446101,False,0.6587956523202033,292,0.0,0.0,0.6636000592750015,295,0.8095854922279794,0.9909774436090225,0.30119578816532855,0.31056794104873175,0.9056736313239457
T120_P10_H1000_I0600_CN060_F1,India,unlimited_useful_deadline,unlimited,central_only,targeted_central,all_useful,deadline,-1.0,0.0,0.0,1.0,none,0.0,0,applicable,773.0,0.0,,0.0,74987.0,18084549.0,481194.42719891877,62740.0,47587.0,9.889349774270812,96.21009939689411,13.0,98.10474759170097,98.10474759170097,98.10474759170097,98.10474759170097,83.44113842173351,83.44113842173351,83.44113842173351,83.44113842173351,99.22380336351875,1.0,1.0,4.0,2.0,645.0,128.0,117.4680555555562,242.09763888889455,253.83833333334047,268.1208333333338,645.0,128.0,268.1208333333338,13717.0,282.25,0.44071326641078645,0.0,,,11.0,45.45454545454545,63.63636363636363,395.0,100.0,68.60759493670886,367.0,100.0,100.0,COMPLETED,120,10,1000.0,60.0,60.0,72,6e00d1a45f56d7b8,T120_P10_H1000_I0600_F1,0.9545607235142118,False,0.6682457309053865,282,0.0,0.0,0.6731560551177928,279,0.8341968911917099,0.9909774436090225,0.3605899621392852,0.2476126032091105,0.9324033754398355
T120_P10_H1000_I0600_CN070_F1,India,unlimited_useful_deadline,unlimited,central_only,targeted_central,all_useful,deadline,-1.0,0.0,0.0,1.0,none,0.0,0,applicable,773.0,0.0,,0.0,86400.0,21315033.0,543219.7199986835,70373.0,53636.0,9.873721079221863,97.58837348049818,14.0,98.78657580657934,98.78657580657934,98.78657580657934,98.78657580657934,87.96895213454074,87.96895213454074,87.96895213454074,87.96895213454074,99.22380336351875,1.0,1.0,4.0,2.0,680.0,93.0,109.73576388889069,226.83250000000012,235.2191319444458,249.38472222222225,680.0,93.0,249.38472222222225,14333.5,327.5208333333333,0.3725183936560439,0.0,,,11.0,45.45454545454545,63.63636363636363,395.0,100.0,77.46835443037975,367.0,100.0,100.0,COMPLETED,120,10,1000.0,60.0,70.0,84,92d8fed940f111da,T120_P10_H1000_I0600_F1,0.9543552559912855,False,0.6817503520934273,255,0.0,0.0,0.684372099821106,253,0.8795336787564766,0.9909774436090225,0.4341307980189285,0.1852499454110488,0.9319686333100539
T120_P10_H1000_I0600_CN080_F1,India,unlimited_useful_deadline,unlimited,central_only,targeted_central,all_useful,deadline,-1.0,0.0,0.0,1.0,none,0.0,0,applicable,773.0,0.0,,0.0,95356.0,24804330.0,610214.2223984847,77739.0,59466.0,9.745102263638696,98.41169744055426,13.0,99.46230370386496,99.46230370386496,99.46230370386496,99.46230370386496,91.84993531694697,91.84993531694697,91.84993531694697,91.84993531694697,99.22380336351875,1.0,0.0,5.0,1.0,710.0,63.0,97.58715277777803,212.41520833333817,224.47954861111265,236.68680555556082,710.0,63.0,236.68680555556082,14806.0,372.1666666666667,0.30632836990595624,0.0,,,11.0,45.45454545454545,81.81818181818183,395.0,100.0,84.55696202531645,367.0,100.0,100.0,COMPLETED,120,10,1000.0,60.0,80.0,96,b43162f81abeed89,T120_P10_H1000_I0600_F1,0.9497000521648409,False,0.6876936558906384,239,0.0,0.0,0.6878799086270837,245,0.9183937823834197,0.9909774436090225,0.4839712051374865,0.1239382748931616,0.922118837112328
T120_P10_H1000_I0600_CN090_F1,India,unlimited_useful_deadline,unlimited,central_only,targeted_central,all_useful,deadline,-1.0,0.0,0.0,1.0,none,0.0,0,applicable,773.0,0.0,,0.0,102902.0,28515540.0,681469.4543982889,85301.0,65478.5,9.608427725908124,99.38682162847347,14.0,99.78204235061901,99.78204235061901,99.78204235061901,99.78204235061901,97.80077619663649,97.80077619663649,97.80077619663649,97.80077619663649,99.22380336351875,1.0,0.0,5.0,1.0,756.0,17.0,92.92847222222674,206.05625000000086,231.19392361112006,248.65138888888904,756.0,17.0,248.65138888888904,14643.5,423.625,0.23706665355234247,0.0,,,11.0,45.45454545454545,72.72727272727273,395.0,100.0,96.45569620253166,367.0,100.0,100.0,COMPLETED,120,10,1000.0,60.0,90.0,108,244e327cab30808a,T120_P10_H1000_I0600_F1,0.9530368165784832,False,0.6818191509544768,254,0.0,0.0,0.6793791367099035,267,0.9779792746113991,0.9909774436090225,0.4370091939673677,0.061750781641795705,0.929178989719932
T120_P10_H1000_I0600_CN100_F1,India,unlimited_useful_deadline,unlimited,central_only,targeted_central,all_useful,deadline,-1.0,0.0,0.0,1.0,none,0.0,0,applicable,773.0,0.0,,0.0,110342.0,32383848.0,755740.967998082,92733.0,71359.5,9.442322571056,100.0,14.0,100.0,100.0,100.0,100.0,99.87063389391979,99.87063389391979,99.87063389391979,99.87063389391979,99.22380336351875,1.0,0.0,5.0,1.0,772.0,1.0,83.11770833333964,151.7877777777824,161.53940972222634,174.68958333334007,772.0,1.0,174.68958333334007,15133.0,468.5541666666667,0.1592617211931504,0.0,,,11.0,45.45454545454545,90.9090909090909,395.0,100.0,100.0,367.0,100.0,100.0,COMPLETED,120,10,1000.0,60.0,100.0,120,f18f65065c0f71e2,T120_P10_H1000_I0600_F1,0.978998752638649,False,0.7409902982513047,147,0.0,0.0,0.7402606158923767,149,0.9987046632124352,0.9909774436090225,0.7273155959451487,0.00019436066140214128,0.9841110160338751
T120_P10_H1000_I0800_CN010_F1,India,unlimited_useful_deadline,unlimited,central_only,targeted_central,all_useful,deadline,-1.0,0.0,0.0,1.0,none,0.0,0,applicable,773.0,0.0,,0.0,29983.0,6797040.0,225071.89199972636,22928.0,15130.0,6.722296536263353,87.69993390614673,9.0,76.16044693125166,76.16044693125166,76.16044693125166,76.16044693125166,54.075032341526516,54.075032341526516,54.075032341526516,54.075032341526516,80.72445019404915,0.0,18.0,131.0,18.0,418.0,355.0,251.675,324.8427083333415,343.1129513888911,356.9506944444489,418.0,355.0,356.9506944444489,3514.0,96.8,0.8797965449954086,0.0,,,11.0,63.63636363636363,9.090909090909092,395.0,63.29113924050633,26.83544303797468,367.0,100.0,84.74114441416893,COMPLETED,120,10,1000.0,80.0,10.0,12,1e3a775c277e852b,T120_P10_H1000_I0800_F1,0.7909578238525609,True,0.49455632180418896,483,0.0,0.0,0.4968606126260207,484,0.5401554404145078,0.77593984962406,0.01192517260834447,0.5700413436320488,0.5862412568511423
T120_P10_H1000_I0800_CN020_F1,India,unlimited_useful_deadline,unlimited,central_only,targeted_central,all_useful,deadline,-1.0,0.0,0.0,1.0,none,0.0,0,applicable,773.0,0.0,,0.0,57604.0,12439041.0,333398.3111994084,32596.0,23188.0,6.955044228202782,95.63567362428843,10.0,89.18490476692709,89.18490476692709,89.18490476692709,89.18490476692709,79.17205692108668,79.17205692108668,79.17205692108668,79.17205692108668,93.53169469598966,0.0,1.0,49.0,1.0,612.0,161.0,147.23020833334266,262.5416666666667,275.3847222222223,303.43402777777777,612.0,161.0,303.43402777777777,4017.5,159.75416666666666,0.7538451005451083,0.0,,,11.0,100.0,63.63636363636363,395.0,87.34177215189874,60.25316455696203,367.0,100.0,100.0,COMPLETED,120,10,1000.0,80.0,20.0,24,7d935a214969cfcf,T120_P10_H1000_I0800_F1,0.9213008351488742,False,0.6561335964616629,300,0.0,0.0,0.6596625499184332,301,0.7914507772020726,0.9248120300751881,0.22198265875471856,0.4980374372227061,0.8620298463374814
T120_P10_H1000_I0800_CN030_F1,India,unlimited_useful_deadline,unlimited,central_only,targeted_central,all_useful,deadline,-1.0,0.0,0.0,1.0,none,0.0,0,applicable,773.0,0.0,,0.0,84257.0,18159252.0,443226.3623990492,41169.0,30342.5,6.845824746471599,98.22031803575842,11.0,97.28090344192421,97.28090344192421,97.28090344192421,97.28090344192421,89.65071151358343,89.65071151358343,89.65071151358343,89.65071151358343,100.0,0.0,0.0,0.0,0.0,693.0,80.0,100.07222222222286,230.75000000000003,238.05,265.2173611111119,693.0,80.0,265.2173611111119,4063.0,218.99583333333334,0.6561031412317586,0.0,,,11.0,100.0,81.81818181818183,395.0,100.0,80.25316455696202,367.0,100.0,100.0,COMPLETED,120,10,1000.0,80.0,30.0,36,3a1626cd470761f4,T120_P10_H1000_I0800_F1,0.9405730586286142,False,0.7199855213106338,187,0.0,0.0,0.7203072346985404,189,0.8963730569948185,1.0,0.37198633852226304,0.4303694532226677,0.9028073247529531
T120_P10_H1000_I0800_CN040_F1,India,unlimited_useful_deadline,unlimited,central_only,targeted_central,all_useful,deadline,-1.0,0.0,0.0,1.0,none,0.0,0,applicable,773.0,0.0,,0.0,111114.0,24422958.0,563489.5175986653,49041.0,36654.5,6.5049124882047,99.14471620128498,11.0,99.77766372657412,99.77766372657412,99.77766372657412,99.77766372657412,97.67141009055628,97.67141009055628,97.67141009055628,97.67141009055628,100.0,0.0,0.0,0.0,0.0,755.0,18.0,91.3527777777781,216.23972222223983,222.03458333333384,246.95347222222233,755.0,18.0,246.95347222222233,4464.0,268.25416666666666,0.5756572850168011,0.0,,,11.0,100.0,72.72727272727273,395.0,100.0,96.20253164556962,367.0,100.0,100.0,COMPLETED,120,10,1000.0,80.0,40.0,48,ac140ff15109f091,T120_P10_H1000_I0800_F1,0.9294971792985037,False,0.7381604811387976,154,0.0,0.0,0.7332948956257513,163,0.9766839378238342,1.0,0.44367366185935164,0.3667446508826613,0.8793722275629094
T120_P10_H1000_I0800_CN050_F1,India,unlimited_useful_deadline,unlimited,central_only,targeted_central,all_useful,deadline,-1.0,0.0,0.0,1.0,none,0.0,0,applicable,773.0,0.0,,0.0,133351.0,30386205.0,677983.8599982939,56272.0,42426.5,6.257744837776339,99.55923774056309,11.0,100.0,100.0,100.0,100.0,100.0,100.0,100.0,100.0,100.0,0.0,0.0,0.0,0.0,773.0,0.0,81.65416666667224,169.99861111111161,182.14097222222418,194.65138888890112,773.0,0.0,194.65138888890112,4551.5,315.625,0.4813733773377338,0.0,,,11.0,100.0,100.0,395.0,100.0,100.0,367.0,100.0,100.0,COMPLETED,120,10,1000.0,80.0,50.0,60,093e6597b8ac56c3,T120_P10_H1000_I0800_F1,0.9574163911647741,False,0.7817018643785343,95,0.0,0.0,0.778624143921774,98,1.0,1.0,0.6489638047160575,0.30571132402801676,0.9384455908647956
T120_P10_H1000_I0800_CN060_F1,India,unlimited_useful_deadline,unlimited,central_only,targeted_central,all_useful,deadline,-1.0,0.0,0.0,1.0,none,0.0,0,applicable,773.0,0.0,,0.0,156586.0,36483504.0,795052.0007978386,63651.0,48360.0,6.082621004848803,99.73221670802316,11.0,100.0,100.0,100.0,100.0,100.0,100.0,100.0,100.0,100.0,0.0,0.0,0.0,0.0,773.0,0.0,75.5194444444726,156.29791666666685,167.9597222222279,184.08541666666665,773.0,0.0,184.08541666666665,4882.0,362.31666666666666,0.42411027799500123,0.0,,,11.0,100.0,100.0,395.0,100.0,100.0,367.0,100.0,100.0,COMPLETED,120,10,1000.0,80.0,60.0,72,21d47ae4f2ba6e97,T120_P10_H1000_I0800_F1,0.9788779885966173,False,0.7844461446712292,89,0.0,0.0,0.7836389194351128,88,1.0,1.0,0.6904361478557923,0.2439029540421019,0.9838554952776692
T120_P10_H1000_I0800_CN070_F1,India,unlimited_useful_deadline,unlimited,central_only,targeted_central,all_useful,deadline,-1.0,0.0,0.0,1.0,none,0.0,0,applicable,773.0,0.0,,0.0,176079.0,42648984.0,913429.2167974033,70895.0,54070.5,5.919506296238029,99.8501955779954,15.0,100.0,100.0,100.0,100.0,100.0,100.0,100.0,100.0,100.0,0.0,0.0,0.0,0.0,773.0,0.0,66.52291666666716,137.73333333333375,143.21847222222655,156.5222222222248,773.0,0.0,156.5222222222248,5069.0,408.34583333333336,0.35237110088466683,0.0,,,11.0,100.0,100.0,395.0,100.0,100.0,367.0,100.0,100.0,COMPLETED,120,10,1000.0,80.0,70.0,84,ca163821e8b96499,T120_P10_H1000_I0800_F1,0.9833201571558621,False,0.7953459419425183,56,0.0,0.0,0.7950086687924516,56,1.0,1.0,0.7986240395125225,0.1831647674510679,0.9932545369986681
T120_P10_H1000_I0800_CN080_F1,India,unlimited_useful_deadline,unlimited,central_only,targeted_central,all_useful,deadline,-1.0,0.0,0.0,1.0,none,0.0,0,applicable,773.0,0.0,,0.0,196696.0,49147974.0,1038209.82479691,77982.0,59652.5,5.745707522240887,99.8952265202632,14.0,100.0,100.0,100.0,100.0,100.0,100.0,100.0,100.0,100.0,0.0,0.0,0.0,0.0,773.0,0.0,58.38749999999998,119.1673611111114,136.32402777777781,142.65416666670063,773.0,0.0,142.65416666670063,5454.0,451.65416666666664,0.3008228241248989,0.0,,,11.0,100.0,100.0,395.0,100.0,100.0,367.0,100.0,100.0,COMPLETED,120,10,1000.0,80.0,80.0,96,68eed7542e42cf97,T120_P10_H1000_I0800_F1,0.9839178764793254,False,0.7943980043616871,58,0.0,0.0,0.7941239659671655,58,1.0,1.0,0.8530573416812816,0.1230432560449765,0.9945192321095699
T120_P10_H1000_I0800_CN090_F1,India,unlimited_useful_deadline,unlimited,central_only,targeted_central,all_useful,deadline,-1.0,0.0,0.0,1.0,none,0.0,0,applicable,773.0,0.0,,0.0,216203.0,55809165.0,1166104.6919963849,85453.0,65633.5,5.628439749061869,99.98781110256195,14.0,100.0,100.0,100.0,100.0,100.0,100.0,100.0,100.0,100.0,0.0,0.0,0.0,0.0,773.0,0.0,57.088888888897294,105.62013888889163,116.51180555555662,124.4256944444447,773.0,0.0,124.4256944444447,5741.5,499.1,0.23786510162737384,0.0,,,11.0,100.0,100.0,395.0,100.0,100.0,367.0,100.0,100.0,COMPLETED,120,10,1000.0,80.0,90.0,108,51c1b95220fdf29b,T120_P10_H1000_I0800_F1,0.9847671410090557,True,0.7965699413009296,54,0.0,0.0,0.7963857494829242,54,1.0,1.0,0.9246056515778079,0.061006932196923325,0.9963161636398892
T120_P10_H1000_I0800_CN100_F1,India,unlimited_useful_deadline,unlimited,central_only,targeted_central,all_useful,deadline,-1.0,0.0,0.0,1.0,none,0.0,0,applicable,773.0,0.0,,0.0,234343.0,62492007.0,1294415.2583958323,92760.0,71400.0,5.516004198566537,100.0,17.0,100.0,100.0,100.0,100.0,100.0,100.0,100.0,100.0,100.0,0.0,0.0,0.0,0.0,773.0,0.0,53.82222222222869,95.81666666667385,103.9180555555627,112.51944444445908,773.0,0.0,112.51944444445908,5673.5,547.7208333333333,0.15984096977626994,0.0,,,11.0,100.0,100.0,395.0,100.0,100.0,367.0,100.0,100.0,COMPLETED,120,10,1000.0,80.0,100.0,120,2bf44d2f7b7d30ea,T120_P10_H1000_I0800_F1,0.9835950601312827,False,0.7933431691924596,62,0.0,11.44,0.7930349789610255,62,1.0,1.0,0.9713386994338099,0.0,0.9938361953713176
T120_P10_H1000_I0986_CN010_F1,India,unlimited_useful_deadline,unlimited,central_only,targeted_central,all_useful,deadline,-1.0,0.0,0.0,1.0,none,0.0,0,applicable,773.0,0.0,,0.0,29557.0,8016510.0,247336.73999973136,24015.0,16066.0,6.495597863874752,86.86356280343583,10.0,79.0013159885551,79.0013159885551,79.0013159885551,79.0013159885551,58.47347994825356,58.47347994825356,58.47347994825356,58.47347994825356,87.71021992238033,0.0,9.0,86.0,9.0,452.0,321.0,255.74166666666667,325.77500000000003,333.98142361111684,356.3,452.0,321.0,356.3,3458.5,105.0625,0.8893909048846587,0.0,,,11.0,36.36363636363637,18.181818181818183,395.0,77.72151898734178,30.632911392405067,367.0,100.0,89.64577656675749,COMPLETED,120,10,1000.0,98.6,10.0,12,e8f5f60ed2bdbf60,T120_P10_H1000_I0986_F1,0.7696236889544411,True,0.5146486825046928,464,0.0,0.0,0.5124938902609978,475,0.5841968911917099,0.8571428571428571,0.014479203861854306,0.5655494527907551,0.5411010463178128
T120_P10_H1000_I0986_CN020_F1,India,unlimited_useful_deadline,unlimited,central_only,targeted_central,all_useful,deadline,-1.0,0.0,0.0,1.0,none,0.0,0,applicable,773.0,0.0,,0.0,58802.0,15182481.0,384923.383199375,33817.0,24313.5,6.316451808646443,95.24955271762602,11.0,92.68893409932004,92.68893409932004,92.68893409932004,92.68893409932004,78.65459249676586,78.65459249676586,78.65459249676586,78.65459249676586,97.28331177231566,0.0,0.0,21.0,0.0,608.0,165.0,133.9378472222544,262.2156250000003,268.3541666666667,285.3875000000001,608.0,165.0,285.3875000000001,3744.5,171.40833333333333,0.7663538982611373,0.0,,,11.0,100.0,54.54545454545454,395.0,94.68354430379748,59.49367088607595,367.0,100.0,100.0,COMPLETED,120,10,1000.0,98.6,20.0,24,911e3845ebb5d52d,T120_P10_H1000_I0986_F1,0.9376431530214423,False,0.6818333631061517,253,0.0,0.0,0.6873502931846099,246,0.7862694300518136,0.968421052631579,0.29281682117148045,0.4926361304471975,0.8966080316209791
T120_P10_H1000_I0986_CN030_F1,India,unlimited_useful_deadline,unlimited,central_only,targeted_central,all_useful,deadline,-1.0,0.0,0.0,1.0,none,0.0,0,applicable,773.0,0.0,,0.0,85997.0,22359294.0,522718.1927990171,41276.0,30368.0,5.809631349807709,97.57639620653319,12.0,97.78754134594533,97.78754134594533,97.78754134594533,97.78754134594533,87.45148771021992,87.45148771021992,87.45148771021992,87.45148771021992,100.0,0.0,0.0,0.0,0.0,676.0,97.0,101.41145833333648,232.0194444444446,243.627951388889,266.48402777778176,676.0,97.0,266.48402777778176,3822.0,221.21666666666667,0.6557055049097165,0.0,,,11.0,100.0,100.0,395.0,100.0,75.44303797468355,367.0,100.0,100.0,COMPLETED,120,10,1000.0,98.6,30.0,36,1971805edce309fb,T120_P10_H1000_I0986_F1,0.9464695649791803,False,0.7153329442017657,195,0.0,0.0,0.717379505275283,198,0.8743523316062176,1.0,0.3670145637022185,0.43024707799141454,0.9152835530765646
T120_P10_H1000_I0986_CN040_F1,India,unlimited_useful_deadline,unlimited,central_only,targeted_central,all_useful,deadline,-1.0,0.0,0.0,1.0,none,0.0,0,applicable,773.0,0.0,,0.0,111425.0,29523372.0,660268.4903986865,48957.0,36516.5,5.530553181168835,98.58009393014117,12.0,99.51398039527197,99.51398039527197,99.51398039527197,99.51398039527197,92.496765847348,92.496765847348,92.496765847348,92.496765847348,100.0,0.0,0.0,0.0,0.0,715.0,58.0,84.48472222222287,206.688472222226,219.97888888888903,241.38750000000013,715.0,58.0,241.38750000000013,4112.0,270.0375,0.5939389848117802,0.0,,,11.0,100.0,100.0,395.0,100.0,85.31645569620252,367.0,100.0,100.0,COMPLETED,120,10,1000.0,98.6,40.0,48,80cf777a07d700c3,T120_P10_H1000_I0986_F1,0.9536706811706811,False,0.7373811400804212,156,0.0,0.0,0.7376636249365365,153,0.9248704663212436,1.0,0.46552057807785896,0.36740691684003157,0.930520163443548
T120_P10_H1000_I0986_CN050_F1,India,unlimited_useful_deadline,unlimited,central_only,targeted_central,all_useful,deadline,-1.0,0.0,0.0,1.0,none,0.0,0,applicable,773.0,0.0,,0.0,137269.0,36913815.0,802164.9959983336,56513.0,42574.5,5.307449242037039,99.10509812211535,13.0,100.0,100.0,100.0,100.0,100.0,100.0,100.0,100.0,100.0,0.0,0.0,0.0,0.0,773.0,0.0,76.55347222222227,183.24625000000657,193.8672222222277,205.95347222222716,773.0,0.0,205.95347222222716,4421.5,317.94166666666666,0.5114800933085211,0.0,,,11.0,100.0,100.0,395.0,100.0,100.0,367.0,100.0,100.0,COMPLETED,120,10,1000.0,98.6,50.0,60,007d39d3348d1898,T120_P10_H1000_I0986_F1,0.961709429351732,False,0.7740500099428049,104,0.0,0.0,0.7714264645639477,107,1.0,1.0,0.6046021626130036,0.30500106778388053,0.9475290924228542
T120_P10_H1000_I0986_CN060_F1,India,unlimited_useful_deadline,unlimited,central_only,targeted_central,all_useful,deadline,-1.0,0.0,0.0,1.0,none,0.0,0,applicable,773.0,0.0,,0.0,162006.0,44602176.0,949781.5271978746,63683.0,48327.5,5.08827542083071,99.55408411359991,14.0,100.0,100.0,100.0,100.0,100.0,100.0,100.0,100.0,100.0,0.0,0.0,0.0,0.0,773.0,0.0,71.6541666666686,151.2220833333335,168.2201388888893,182.2201388888893,773.0,0.0,182.2201388888893,4537.5,364.9166666666667,0.43248705945040733,0.0,,,11.0,100.0,100.0,395.0,100.0,100.0,367.0,100.0,100.0,COMPLETED,120,10,1000.0,98.6,60.0,72,f871a5157769ab57,T120_P10_H1000_I0986_F1,0.9754575727085429,False,0.7848560410550697,87,0.0,0.0,0.7836869584152277,87,1.0,1.0,0.6977575223988861,0.24405892247409125,0.9766183472031611
T120_P10_H1000_I0986_CN070_F1,India,unlimited_useful_deadline,unlimited,central_only,targeted_central,all_useful,deadline,-1.0,0.0,0.0,1.0,none,0.0,0,applicable,773.0,0.0,,0.0,188594.0,52642287.0,1104151.6583973118,71112.0,54181.5,4.907070472424508,99.76375700192871,14.0,100.0,100.0,100.0,100.0,100.0,100.0,100.0,100.0,100.0,0.0,0.0,0.0,0.0,773.0,0.0,61.088888888889535,111.6890277777778,125.03888888888913,144.65138888888887,773.0,0.0,144.65138888888887,4715.0,412.22083333333336,0.3568862260317589,0.0,,,11.0,100.0,100.0,395.0,100.0,100.0,367.0,100.0,100.0,COMPLETED,120,10,1000.0,98.6,70.0,84,06c356880df12918,T120_P10_H1000_I0986_F1,0.9835064203919314,True,0.8046173266484157,40,0.0,0.0,0.8042997589181633,36,1.0,1.0,0.8452180739278994,0.18263207526796577,0.9936486453949512
T120_P10_H1000_I0986_CN080_F1,India,unlimited_useful_deadline,unlimited,central_only,targeted_central,all_useful,deadline,-1.0,0.0,0.0,1.0,none,0.0,0,applicable,773.0,0.0,,0.0,211163.0,60409884.0,1253289.520796852,77927.0,59584.0,4.754208745168155,99.79272959183673,19.0,100.0,100.0,100.0,100.0,100.0,100.0,100.0,100.0,100.0,0.0,0.0,0.0,0.0,773.0,0.0,56.384722222222415,103.27680555557076,107.10763888890452,139.63402777781693,773.0,0.0,139.63402777781693,4984.0,455.0,0.30765079365079373,0.0,,,11.0,100.0,100.0,395.0,100.0,100.0,367.0,100.0,100.0,COMPLETED,120,10,1000.0,98.6,80.0,96,35b5ba13d5749afb,T120_P10_H1000_I0986_F1,0.9841155191413925,True,0.7968973395204975,53,0.0,0.0,0.7966442104138818,53,1.0,1.0,0.8649116446924013,0.12337198950932331,0.994937417867684
T120_P10_H1000_I0986_CN090_F1,India,unlimited_useful_deadline,unlimited,central_only,targeted_central,all_useful,deadline,-1.0,0.0,0.0,1.0,none,0.0,0,applicable,773.0,0.0,,0.0,232086.0,68192262.0,1402711.1783963968,85493.0,65637.0,4.67929542523767,99.93220287337934,15.0,100.0,100.0,100.0,100.0,100.0,100.0,100.0,100.0,100.0,0.0,0.0,0.0,0.0,773.0,0.0,54.519444444444524,102.2794444444447,110.11208333333335,131.51944444444442,773.0,0.0,131.51944444444442,5158.0,503.9916666666667,0.24846337847296862,0.0,,,11.0,100.0,100.0,395.0,100.0,100.0,367.0,100.0,100.0,COMPLETED,120,10,1000.0,98.6,90.0,108,784a57a27e35e5a2,T120_P10_H1000_I0986_F1,0.9833962196349001,False,0.7905627638190977,72,0.0,0.0,0.7902335375768009,70,1.0,1.0,0.8967620771333858,0.06099013559655523,0.9934154751540636
T120_P10_H1000_I0986_CN100_F1,India,unlimited_useful_deadline,unlimited,central_only,targeted_central,all_useful,deadline,-1.0,0.0,0.0,1.0,none,0.0,0,applicable,773.0,0.0,,0.0,254491.0,76331799.0,1558990.2887958563,92760.0,71400.0,4.579887412586029,100.0,15.0,100.0,100.0,100.0,100.0,100.0,100.0,100.0,100.0,100.0,0.0,0.0,0.0,0.0,773.0,0.0,48.98750000000049,85.03958333333327,92.36736111112337,105.44652777777789,773.0,0.0,105.44652777777789,5183.5,551.8041666666667,0.17036079879385557,0.0,,,11.0,100.0,100.0,395.0,100.0,100.0,367.0,100.0,100.0,COMPLETED,120,10,1000.0,98.6,100.0,120,de94b775a21c8732,T120_P10_H1000_I0986_F1,0.984890517943558,True,0.7993066821929213,47,14.31,29.18,0.7991355428394872,46,1.0,1.0,0.9991005012661186,0.0,0.9965772129313174
