region,case_id,base_id,is_exact_pareto,rank1_acceptability_percent,top5_acceptability_percent,equal_family_score,equal_family_rank,reference_family_score,reference_family_rank,component_mission_success,component_observation_success,component_timeliness,component_resource_efficiency,component_robustness
California,T060_P10_H0800_I0986_CN040_F1,T060_P10_H0800_I0986_F1,True,43.44,62.98,0.9086003187437125,1,0.9186329641406255,1,1.0,0.96875,0.9151461582170327,0.859758343439788,0.7993470920617419
California,T060_P05_H0800_I0800_CN100_F1,T060_P05_H0800_I0800_F1,True,16.22,30.39,0.8896046631104813,10,0.8997703880277912,9,1.0,1.0,0.9811900350727485,0.6701477788258545,0.7966855016538036
California,T060_P10_H1000_I0600_CN000_F1,T060_P10_H1000_I0600_F1,True,11.32,14.85,0.72812178330166,326,0.683310592562961,395,0.0,0.78125,0.9715346884926185,0.9916004132417015,0.89622381477398
California,T060_P10_H0500_I0986_CN090_F1,T060_P10_H0500_I0986_F1,True,10.39,36.17,0.8943600014930734,6,0.903590293665069,6,1.0,1.0,0.9519387979474564,0.7044670529578224,0.8153941565600883
California,T060_P05_H0800_I0800_CN070_F1,T060_P05_H0800_I0800_F1,True,3.12,28.46,0.8960008812812978,3,0.9074017908733595,2,1.0,1.0,0.9461913086641097,0.761831289583614,0.7719818081587652
California,T060_P05_H0800_I0800_CN080_F1,T060_P05_H0800_I0800_F1,True,2.88,27.98,0.8941041771602147,7,0.9018806113459388,7,0.967741935483871,1.0,0.9588314309288916,0.7317342676189194,0.8122132517693922
California,T060_P05_H0800_I0800_CN050_F1,T060_P05_H0800_I0800_F1,True,2.84,21.43,0.8928012656197606,8,0.8998125043721168,8,0.9354838709677419,1.0,0.9080488797838615,0.8252144814265822,0.7952590959206172
California,T060_P10_H0800_I0986_CN030_F1,T060_P10_H0800_I0986_F1,True,2.02,23.46,0.8836470956159077,23,0.8918132406527183,26,0.9354838709677419,0.96875,0.853602304220695,0.8882383326595696,0.7721609702315323
California,T120_P05_H0800_I0800_CN100_F1,T120_P05_H0800_I0800_F1,True,1.92,4.69,0.7618178059536935,252,0.7713633544652702,244,1.0,1.0,1.0,0.0,0.8090890297684674
California,T120_P10_H0800_I0986_CN100_F1,T120_P10_H0800_I0986_F1,True,1.15,5.45,0.7626103904307974,250,0.7716442934076441,243,1.0,1.0,0.9937300116909218,0.0,0.8193219404630651
California,T120_P10_H0800_I0986_CN070_F1,T120_P10_H0800_I0986_F1,True,1.08,6.55,0.79858307843957,164,0.8076079371771665,155,1.0,1.0,0.9869462326731769,0.18646633427660245,0.8195028252480705
California,T120_P10_H1000_I0600_CN010_F1,T120_P10_H1000_I0600_F1,True,0.9,1.45,0.6212618698331249,474,0.571261869833125,506,0.0,0.78125,0.7598659789998792,0.5651933701657459,1.0
California,T060_P05_H0800_I0986_CN020_F1,T060_P05_H0800_I0986_F1,True,0.67,3.4,0.8240083123319979,118,0.8353084461325089,108,0.9032258064516129,0.90625,0.709392573111769,0.9239500516552127,0.6772231304413945
California,T060_P10_H1000_I0986_CN090_F1,T060_P10_H1000_I0986_F1,True,0.64,17.43,0.8895549498560749,11,0.8989648347788973,11,1.0,0.96875,0.965001273591381,0.7022211741454432,0.8118023015435502
California,T060_P10_H1000_I0986_CN100_F1,T060_P10_H1000_I0986_F1,True,0.61,12.11,0.8845356193958871,21,0.8938860707464935,21,1.0,0.96875,0.9698909936407574,0.6710461303508062,0.8129909729878718
California,T060_P05_H0500_I0800_CN060_F1,T060_P05_H0500_I0800_F1,True,0.61,10.98,0.8886528752483921,16,0.8966467046042977,15,0.967741935483871,1.0,0.8749202644715669,0.7927368279207654,0.8078653483657572
California,T060_P10_H0800_I0600_CN000_F1,T060_P10_H0800_I0600_F1,True,0.07,5.32,0.6912921977415479,389,0.6587609444072662,415,0.03225806451612903,0.78125,0.9676159457994408,0.9924538471904056,0.6828831312017639
California,T120_P10_H1000_I0986_CN100_F1,T120_P10_H1000_I0986_F1,True,0.06,0.92,0.760235267673199,261,0.7691619318132211,253,1.0,1.0,0.9797096211664365,0.0,0.8214667171995589
California,T060_P05_H0500_I0800_CN070_F1,T060_P05_H0500_I0800_F1,True,0.05,4.65,0.8849927270818639,19,0.8958574424898023,18,1.0,1.0,0.8811902527806802,0.7610676907874051,0.7827056918412348
California,T060_P05_H1000_I0800_CN090_F1,T060_P05_H1000_I0800_F1,True,0.01,9.95,0.8888204026563958,15,0.8966168425326273,16,0.967741935483871,1.0,0.9619664250834429,0.7025805147554238,0.8118131379592415
California,T060_P10_H0500_I0986_CN050_F1,T060_P10_H0500_I0986_F1,False,0.0,30.19,0.8960230679849976,2,0.9070699602121199,3,1.0,0.96875,0.905741175753426,0.8265620087140099,0.7790621554575522
California,T060_P10_H0500_I0986_CN100_F1,T060_P10_H0500_I0986_F1,True,0.0,22.79,0.8888784517293711,14,0.8988374511781033,12,1.0,1.0,0.9700107330008262,0.6735615146206712,0.800820011025358
California,T060_P10_H0800_I0986_CN060_F1,T060_P10_H0800_I0986_F1,True,0.0,21.0,0.895774231070563,4,0.9063882918478509,4,1.0,0.96875,0.9251737853530466,0.797228585545524,0.7877187844542446
California,T060_P10_H0800_I0986_CN070_F1,T060_P10_H0800_I0986_F1,True,0.0,17.51,0.8952416344288103,5,0.9052058020142568,5,1.0,0.96875,0.9413168281695611,0.7654246956834209,0.8007166482910694
California,T060_P10_H0800_I0800_CN090_F1,T060_P10_H0800_I0800_F1,True,0.0,12.65,0.8892390367270213,13,0.897102162238278,14,0.967741935483871,1.0,0.9633270996296831,0.7046467232628127,0.8104794252587401
California,T060_P05_H1000_I0986_CN030_F1,T060_P05_H1000_I0986_F1,True,0.0,9.94,0.8695828407022861,49,0.8791574752650063,48,0.9354838709677419,0.9375,0.839601507409695,0.8913376454206531,0.7439911797133405
California,T060_P10_H0800_I0986_CN050_F1,T060_P10_H0800_I0986_F1,False,0.0,9.91,0.8900263809389534,9,0.8986563912529981,13,0.967741935483871,0.96875,0.890588704006485,0.8279095360014374,0.7951417292029731
California,T060_P10_H0800_I0600_CN010_F1,T060_P10_H0800_I0600_F1,True,0.0,5.68,0.7049553149787495,376,0.6672765974768823,412,0.03225806451612903,0.78125,0.9676159457994408,0.9578201500247047,0.7858324145534729
California,T060_P10_H0800_I0986_CN100_F1,T060_P10_H0800_I0986_F1,True,0.0,4.89,0.8838180927104086,22,0.8932202254281594,22,1.0,0.96875,0.9650012735913783,0.6733818443156808,0.8119573456449836
California,T120_P10_H0500_I0986_CN090_F1,T120_P10_H0500_I0986_F1,True,0.0,4.28,0.7735199429290416,219,0.7827424828959656,217,1.0,1.0,0.9915420470205641,0.060508466963122655,0.8155492006615213
California,T060_P05_H0500_I0600_CN010_F1,T060_P05_H0500_I0600_F1,True,0.0,3.5,0.6761973902421663,407,0.6311588014880318,437,0.0,0.71875,0.81195477770924,0.9495103984189014,0.9007717750826901
California,T120_P10_H0500_I0986_CN100_F1,T120_P10_H0500_I0986_F1,False,0.0,2.99,0.7615870993613261,254,0.7708768251055378,246,1.0,1.0,0.993730011690864,0.0,0.8142054851157662
California,T060_P10_H1000_I0986_CN040_F1,T060_P10_H1000_I0986_F1,True,0.0,2.88,0.860451503375657,67,0.8614599383675362,77,0.8387096774193549,0.90625,0.8732939862539275,0.8654628756232313,0.8185409775817715
California,T060_P10_H0800_I0800_CN030_F1,T060_P10_H0800_I0800_F1,True,0.0,2.68,0.8377685779185142,103,0.8356949036289385,107,0.7741935483870968,0.90625,0.7971724094389374,0.8955598975879262,0.8156670341786106
California,T060_P05_H0800_I0800_CN090_F1,T060_P05_H0800_I0800_F1,False,0.0,2.17,0.8851282412015917,18,0.8955769216040174,19,1.0,1.0,0.9336513320459597,0.7009634820105107,0.791026391951488
California,T060_P05_H0800_I0986_CN050_F1,T060_P05_H0800_I0986_F1,True,0.0,1.75,0.8824119718120862,28,0.8890400793626784,32,0.9354838709677419,0.9375,0.9068972048479256,0.829257063288865,0.8029217199558983
California,T060_P05_H0800_I0600_CN000_F1,T060_P05_H0800_I0600_F1,True,0.0,1.7,0.6486997928710283,424,0.6179674956842729,469,0.06451612903225806,0.59375,0.9195460354297942,0.9865247271257243,0.6791620727673646
California,T120_P10_H0800_I0986_CN060_F1,T120_P10_H0800_I0986_F1,True,0.0,1.43,0.8077693449062094,139,0.8168213363615568,136,1.0,1.0,0.9727320820932777,0.24715447154471545,0.818960170893054
California,T060_P10_H0800_I0800_CN100_F1,T060_P10_H0800_I0800_F1,True,0.0,1.39,0.8826803919922266,26,0.8904248170731386,28,0.967741935483871,1.0,0.9592450759909579,0.6735615146206712,0.8128534338656328
California,T060_P10_H1000_I0800_CN050_F1,T060_P10_H1000_I0800_F1,True,0.0,1.39,0.8572114856203752,72,0.8561958633989433,92,0.8064516129032258,0.9375,0.8850066727479804,0.8303350851188069,0.8267640573318631
California,T060_P05_H0500_I0800_CN090_F1,T060_P05_H0500_I0800_F1,False,0.0,1.33,0.8794639486210624,33,0.8894759214711174,31,1.0,1.0,0.8968652235533892,0.7006939765530252,0.7997605429988973
California,T060_P05_H1000_I0986_CN020_F1,T060_P05_H1000_I0986_F1,True,0.0,1.09,0.8029604316486075,148,0.8141351181626127,145,0.8709677419354839,0.875,0.693772029320908,0.9275883753312671,0.6474740116553788
California,T120_P10_H0800_I0800_CN100_F1,T120_P10_H0800_I0800_F1,False,0.0,1.01,0.7609744553768559,257,0.7703727119920709,248,1.0,1.0,0.9928374091885794,0.0,0.8120348676957001
California,T060_P05_H0500_I0800_CN030_F1,T060_P05_H0500_I0800_F1,False,0.0,0.99,0.8522439941357828,84,0.8597646160935382,83,0.9032258064516129,0.9375,0.7812840848973761,0.8863967120334187,0.7528133672965059
California,T120_P10_H0500_I0986_CN080_F1,T120_P10_H0500_I0986_F1,False,0.0,0.86,0.7850787331123741,197,0.7942457156096177,190,1.0,1.0,0.986099348835585,0.1226339666711584,0.8166603500551268
California,T060_P05_H0800_I0986_CN030_F1,T060_P05_H0800_I0986_F1,True,0.0,0.84,0.8499000866124883,88,0.8551196030209651,93,0.8709677419354839,0.90625,0.8108640609930451,0.8948412163679649,0.7665774137659473
California,T060_P10_H0500_I0800_CN030_F1,T060_P10_H0500_I0800_F1,True,0.0,0.64,0.823718075282444,119,0.8215914792729124,131,0.7741935483870968,0.8125,0.8191173685207448,0.8960539909266497,0.8167254685777287
California,T060_P10_H1000_I0800_CN030_F1,T060_P10_H1000_I0800_F1,True,0.0,0.39,0.816978730976911,127,0.8148686730048658,142,0.7741935483870968,0.78125,0.8149351992354155,0.8981201994340386,0.8163947078280045
California,T060_P05_H1000_I0600_CN000_F1,T060_P05_H1000_I0600_F1,True,0.0,0.36,0.6320492620815346,455,0.6087500792028491,482,0.16129032258064516,0.5625,0.8235107144956524,0.9856712931770201,0.6272739801543551
California,T060_P05_H0500_I0800_CN080_F1,T060_P05_H0500_I0800_F1,False,0.0,0.35,0.879241334314887,34,0.8871631431849656,35,0.967741935483871,1.0,0.8878738861518221,0.7312850918564434,0.809305758082299
California,T120_P10_H0500_I0986_CN060_F1,T120_P10_H0500_I0986_F1,True,0.0,0.31,0.807090485611093,143,0.8162587601425153,138,1.0,1.0,0.9731457271553653,0.24567219152854514,0.8166345093715545
California,T060_P10_H0800_I0986_CN090_F1,T060_P10_H0800_I0986_F1,True,0.0,0.3,0.8865119645948161,17,0.8961544156697886,17,1.0,0.96875,0.9524612969731926,0.7041975475003369,0.8071509785005511
California,T120_P10_H0800_I0986_CN090_F1,T120_P10_H0800_I0986_F1,True,0.0,0.3,0.7731068145317741,221,0.7822983456784114,219,1.0,1.0,0.9884070528660175,0.060957642725598525,0.8161693770672548
California,T060_P10_H1000_I0986_CN020_F1,T060_P10_H1000_I0986_F1,True,0.0,0.27,0.7942207907675357,179,0.7993830796647537,177,0.8064516129032258,0.8125,0.7219869767117852,0.9269595292638009,0.7032058349588668
California,T060_P10_H1000_I0986_CN030_F1,T060_P10_H1000_I0986_F1,True,0.0,0.24,0.8246582135992295,115,0.8246587265656529,123,0.8064516129032258,0.8125,0.8003618305753417,0.89753627094282,0.8064413535747602
California,T060_P05_H0500_I0800_CN100_F1,T060_P05_H0500_I0800_F1,False,0.0,0.22,0.8734223806449221,46,0.8833994685721546,41,1.0,1.0,0.8968652235533892,0.6697884382158739,0.8004582414553469
California,T060_P10_H0500_I0986_CN030_F1,T060_P10_H0500_I0986_F1,True,0.0,0.22,0.8318245522855252,107,0.8296896872572505,115,0.7741935483870968,0.84375,0.834792339293436,0.8894960247945022,0.8168908489525909
California,T060_P10_H0800_I0986_CN020_F1,T060_P10_H0800_I0986_F1,True,0.0,0.15,0.7964823219702616,169,0.8009751383884701,173,0.8064516129032258,0.78125,0.7544341662112997,0.9236805461977271,0.7165952845390551
California,T060_P10_H0800_I0800_CN050_F1,T060_P10_H0800_I0800_F1,True,0.0,0.13,0.8753992825265391,41,0.8805632341425083,47,0.9032258064516129,0.96875,0.8755472633025039,0.8295265687463504,0.7999467741322279
California,T060_P05_H0800_I0986_CN080_F1,T060_P05_H0800_I0986_F1,True,0.0,0.11,0.8753174520125976,42,0.8813129796293417,46,0.9354838709677419,0.9375,0.951938797947455,0.7360912725149351,0.8155733186328555
California,T120_P10_H0800_I0986_CN080_F1,T120_P10_H0800_I0986_F1,False,0.0,0.11,0.7827924196618887,202,0.7918741279033441,195,1.0,1.0,0.9721986976711837,0.12339756546736735,0.8183658351708929
California,T060_P05_H0800_I0986_CN040_F1,T060_P05_H0800_I0986_F1,False,0.0,0.06,0.8692684721145456,50,0.8782532500069239,49,0.9354838709677419,0.9375,0.8589796900274591,0.8585904864573508,0.7557883131201762
California,T060_P05_H0800_I0600_CN010_F1,T060_P05_H0800_I0600_F1,True,0.0,0.05,0.6781946279379838,406,0.6496462408412096,420,0.12903225806451613,0.75,0.8620711425965211,0.949869739028882,0.7
California,T060_P05_H0800_I0986_CN010_F1,T060_P05_H0800_I0986_F1,True,0.0,0.04,0.6158050770167638,484,0.618172103245401,468,0.5161290322580645,0.84375,0.2924927775394791,0.9578650676009522,0.4687885076853231
California,T060_P05_H0500_I0986_CN020_F1,T060_P05_H0500_I0986_F1,True,0.0,0.03,0.7569406756659661,269,0.7625819958637111,267,0.7741935483870968,0.78125,0.6363515634694848,0.9315411220410547,0.6613671444321939
California,T060_P05_H0500_I0986_CN030_F1,T060_P05_H0500_I0986_F1,True,0.0,0.03,0.7980407496178759,165,0.7965244071915857,187,0.7741935483870968,0.78125,0.7250675438844737,0.9051722589049095,0.8045203969128994
California,T120_P10_H1000_I0800_CN100_F1,T120_P10_H1000_I0800_F1,True,0.0,0.03,0.7540130374486317,274,0.7613293407526827,270,0.967741935483871,1.0,0.979829360526493,0.0010780218299420625,0.8214158694028524
California,T060_P03_H0800_I0986_CN000_F1,T060_P03_H0800_I0986_F1,True,0.0,0.02,0.3770621903535482,539,0.35481730736460915,540,0.16129032258064516,0.0625,0.05533264682766925,1.0,0.6061879823594266
California,T060_P03_H0800_I0986_CN010_F1,T060_P03_H0800_I0986_F1,True,0.0,0.02,0.5045082760764892,534,0.4722199807391488,534,0.16129032258064516,0.53125,0.05533264682766925,0.9676121816466784,0.8070562293274531
California,T060_P05_H1000_I0800_CN020_F1,T060_P05_H1000_I0800_F1,True,0.0,0.02,0.7729868734601798,223,0.7795344781121696,227,0.7741935483870968,0.71875,0.8038560428100912,0.924893320756412,0.6432414553472987
California,T060_P05_H1000_I0986_CN060_F1,T060_P05_H1000_I0986_F1,True,0.0,0.02,0.8701071404772958,47,0.8763452259771713,52,0.9354838709677419,0.9375,0.8696909200554767,0.7971387503930288,0.8107221609702315
California,T060_P10_H0500_I0986_CN080_F1,T060_P10_H0500_I0986_F1,True,0.0,0.02,0.8801688713135102,32,0.8878746187261075,33,0.967741935483871,0.9375,0.9488038037929143,0.733171630058842,0.8136269872319236
California,T060_P10_H1000_I0986_CN080_F1,T060_P10_H1000_I0986_F1,True,0.0,0.02,0.8895282509540978,12,0.899703020110658,10,1.0,0.96875,0.9507871230115145,0.7315995148901765,0.7965046168687981
California,T060_P03_H1000_I0986_CN000_F1,T060_P03_H1000_I0986_F1,True,0.0,0.01,0.3751586830730479,540,0.3538016875594034,541,0.1935483870967742,0.0625,0.0,0.9990567308988006,0.6206882973696645
California,T060_P05_H0800_I0986_CN070_F1,T060_P05_H0800_I0986_F1,True,0.0,0.01,0.8778331216304984,37,0.8839912732825239,40,0.9354838709677419,0.9375,0.9386607914553344,0.765200107802183,0.8123208379272324
California,T060_P10_H0500_I0600_CN010_F1,T060_P10_H0500_I0600_F1,False,0.0,0.01,0.5051251042669509,533,0.47062951441028067,535,0.0,0.78125,0.09974288693772726,0.9547208372636212,0.6899117971334066
California,T060_P10_H0500_I0986_CN020_F1,T060_P10_H0500_I0986_F1,True,0.0,0.01,0.786423685138498,194,0.7900027120617117,199,0.7741935483870968,0.78125,0.7470125029662749,0.927049364416296,0.7026130099228225
California,T060_P10_H0800_I0800_CN080_F1,T060_P10_H0800_I0800_F1,True,0.0,0.01,0.8786764879668665,35,0.8859165029044488,37,0.9354838709677419,1.0,0.931977158084263,0.7352378385662309,0.7906835722160968
California,T060_P10_H0800_I0986_CN080_F1,T060_P10_H0800_I0986_F1,True,0.0,0.01,0.8849610916728237,20,0.8948994185746979,20,1.0,0.96875,0.9211113554277913,0.733710640973813,0.8012334619625137
California,T060_P10_H1000_I0600_CN010_F1,T060_P10_H1000_I0600_F1,True,0.0,0.01,0.6383763423370474,439,0.6094907926695865,481,0.06451612903225806,0.78125,0.7473260023817294,0.9565624578897722,0.6422271223814773
California,T060_P10_H1000_I0986_CN010_F1,T060_P10_H1000_I0986_F1,True,0.0,0.01,0.6358811706028547,445,0.640724770560176,425,0.45161290322580644,0.84375,0.5732336811580359,0.9560683645510487,0.35474090407938247
California,T060_P03_H0500_I0600_CN030_F1,T060_P03_H0500_I0600_F1,False,0.0,0.0,0.6821651621186562,400,0.6810081663509713,400,0.5483870967741935,0.59375,0.813999055147601,0.8831626465435924,0.571527012127894
California,T060_P03_H0500_I0600_CN040_F1,T060_P03_H0500_I0600_F1,False,0.0,0.0,0.68542067022563,395,0.6857064825175007,392,0.5806451612903226,0.59375,0.8228271116036212,0.8549521627812964,0.57492891545291
California,T060_P03_H0500_I0600_CN050_F1,T060_P03_H0500_I0600_F1,False,0.0,0.0,0.6973949531464096,384,0.6942317141993781,388,0.5806451612903226,0.59375,0.8427365015642292,0.8259331626465437,0.6439099402309524
California,T060_P03_H0500_I0600_CN060_F1,T060_P03_H0500_I0600_F1,False,0.0,0.0,0.7262418502806354,332,0.7153797196722566,350,0.5806451612903226,0.59375,0.8610239674657167,0.7979023491892377,0.7978877734579003
California,T060_P03_H0500_I0600_CN070_F1,T060_P03_H0500_I0600_F1,False,0.0,0.0,0.7170992129951392,352,0.7069573574404363,363,0.5806451612903226,0.59375,0.8588251173990048,0.7687935139019899,0.7834822723843786
California,T060_P03_H0500_I0600_CN080_F1,T060_P03_H0500_I0600_F1,False,0.0,0.0,0.7174163627202703,350,0.7062778728012664,364,0.5806451612903226,0.59375,0.868643744924688,0.7406279477159412,0.8034149596703997
California,T060_P03_H0500_I0600_CN090_F1,T060_P03_H0500_I0600_F1,False,0.0,0.0,0.7127834772202831,361,0.7008703108085037,371,0.5806451612903226,0.59375,0.8588251173990048,0.711788617886179,0.8189084895259094
California,T060_P03_H0500_I0600_CN100_F1,T060_P03_H0500_I0600_F1,False,0.0,0.0,0.7086415732848023,367,0.6975727172078456,381,0.5806451612903226,0.59375,0.8837962166715699,0.682994205632664,0.8020222828294548
California,T060_P03_H0500_I0800_CN000_F1,T060_P03_H0500_I0800_F1,True,0.0,0.0,0.3506327201671501,542,0.3395557916185851,542,0.25806451612903225,0.0,0.025602452262094233,0.9898935453442932,0.47960308710033067
California,T060_P03_H0500_I0800_CN010_F1,T060_P03_H0500_I0800_F1,True,0.0,0.0,0.550628816906716,520,0.5399753421405602,519,0.4838709677419355,0.5,0.11599478371806027,0.9563378700085344,0.6969404630650494
California,T060_P03_H0500_I0800_CN020_F1,T060_P03_H0500_I0800_F1,False,0.0,0.0,0.6841191594774039,396,0.6841618962713285,394,0.7096774193548387,0.59375,0.4856084174593087,0.922737277096528,0.7088226834763434
California,T060_P03_H0500_I0800_CN030_F1,T060_P03_H0500_I0800_F1,False,0.0,0.0,0.7033462155866145,379,0.6989460346866737,376,0.6774193548387096,0.625,0.5543170393463576,0.8945717109104793,0.7654229728375262
California,T060_P03_H0500_I0800_CN040_F1,T060_P03_H0500_I0800_F1,False,0.0,0.0,0.7011312907725855,382,0.6983841325470961,378,0.7096774193548387,0.59375,0.5732685144264191,0.8643399362170417,0.7646205838646278
California,T060_P03_H0500_I0800_CN050_F1,T060_P03_H0500_I0800_F1,False,0.0,0.0,0.7245742302848236,336,0.7206011001500298,344,0.7096774193548387,0.71875,0.5731270042736049,0.8321767057449581,0.7891400220507166
California,T060_P03_H0500_I0800_CN060_F1,T060_P03_H0500_I0800_F1,False,0.0,0.0,0.7389613739046803,309,0.7416175140443714,315,0.8064516129032258,0.75,0.5836205263742211,0.8014059201365494,0.7533288101094052
California,T060_P03_H0500_I0800_CN070_F1,T060_P03_H0500_I0800_F1,False,0.0,0.0,0.70415337523246,377,0.6993119981296396,375,0.7096774193548387,0.65625,0.5762619984281523,0.7720724969680636,0.8065049614112456
California,T060_P03_H0500_I0800_CN080_F1,T060_P03_H0500_I0800_F1,False,0.0,0.0,0.7104897218722682,364,0.7089736239599731,357,0.7419354838709677,0.71875,0.5773505380651458,0.7421551453083591,0.7722574421168686
California,T060_P03_H0500_I0800_CN090_F1,T060_P03_H0500_I0800_F1,False,0.0,0.0,0.7476861072442376,293,0.7483497319060217,301,0.8064516129032258,0.84375,0.5836205263742211,0.7114292772761982,0.793179119667543
California,T060_P03_H0500_I0800_CN100_F1,T060_P03_H0500_I0800_F1,False,0.0,0.0,0.7465321923350159,298,0.7491086782885512,300,0.8387096774193549,0.84375,0.5836205263742211,0.6794007995328571,0.7871799583486461
California,T060_P03_H0500_I0986_CN010_F1,T060_P03_H0500_I0986_F1,False,0.0,0.0,0.42882499400747187,536,0.40666491291773976,536,0.06451612903225806,0.53125,0.0710076176003801,0.9696334725778196,0.5077177508269017
California,T060_P03_H0500_I0986_CN020_F1,T060_P03_H0500_I0986_F1,True,0.0,0.0,0.6132620878009517,486,0.6065404896051774,485,0.5161290322580645,0.53125,0.42416253203026844,0.9442078785428739,0.6505609961735519
California,T060_P03_H0500_I0986_CN030_F1,T060_P03_H0500_I0986_F1,False,0.0,0.0,0.6009823894253087,493,0.5957711031823198,492,0.5161290322580645,0.53125,0.4147575495666549,0.9224206081839824,0.6203547571178414
California,T060_P03_H0500_I0986_CN040_F1,T060_P03_H0500_I0986_F1,True,0.0,0.0,0.6368945327855922,443,0.6225873259251833,457,0.5161290322580645,0.53125,0.4367025086484273,0.8981179535552263,0.8022731694662428
California,T060_P03_H0500_I0986_CN050_F1,T060_P03_H0500_I0986_F1,False,0.0,0.0,0.6474574667998965,427,0.6384575068112777,430,0.6129032258064516,0.53125,0.4367025086484273,0.8635291739657728,0.7929024255788312
California,T060_P03_H0500_I0986_CN060_F1,T060_P03_H0500_I0986_F1,True,0.0,0.0,0.6297531350550842,460,0.6149133061050457,472,0.5161290322580645,0.53125,0.4367025086484273,0.8517585231100929,0.8129256112588362
California,T060_P03_H0500_I0986_CN070_F1,T060_P03_H0500_I0986_F1,False,0.0,0.0,0.6414888553706074,433,0.633782996815285,436,0.6129032258064516,0.53125,0.48372742096654764,0.8125432331671383,0.7670203969128995
California,T060_P03_H0500_I0986_CN080_F1,T060_P03_H0500_I0986_F1,False,0.0,0.0,0.6427746099123637,431,0.6338676763846047,435,0.6129032258064516,0.53125,0.4931324034302076,0.7855455239635271,0.7910418963616317
California,T060_P03_H0500_I0986_CN090_F1,T060_P03_H0500_I0986_F1,False,0.0,0.0,0.6377487856290337,442,0.6289927616933364,442,0.6129032258064516,0.53125,0.49626739758474825,0.7602996002335715,0.7880237045203969
California,T060_P03_H0500_I0986_CN100_F1,T060_P03_H0500_I0986_F1,False,0.0,0.0,0.6326551974818063,451,0.6238226851227353,455,0.6129032258064516,0.53125,0.49626739758474825,0.73330189102996,0.7895534729878718
California,T060_P03_H0800_I0600_CN030_F1,T060_P03_H0800_I0600_F1,False,0.0,0.0,0.6821157053379092,401,0.6828737221211627,396,0.5806451612903226,0.59375,0.7857841077567214,0.8849144320172484,0.5654848256252538
California,T060_P03_H0800_I0600_CN040_F1,T060_P03_H0800_I0600_F1,False,0.0,0.0,0.6731070178919849,408,0.673447231622955,405,0.5806451612903226,0.59375,0.7596069065662807,0.857692134932399,0.5738408866709219
California,T060_P03_H0800_I0600_CN050_F1,T060_P03_H0800_I0600_F1,False,0.0,0.0,0.6834022457073754,397,0.6825760925840543,397,0.5806451612903226,0.59375,0.8171340493021431,0.8283137941876656,0.5971682237567457
California,T060_P03_H0800_I0600_CN060_F1,T060_P03_H0800_I0600_F1,False,0.0,0.0,0.7194655588287981,344,0.7086338930263151,358,0.5806451612903226,0.59375,0.826539031765759,0.7991151237479226,0.7972784773399871
California,T060_P03_H0800_I0600_CN070_F1,T060_P03_H0800_I0600_F1,False,0.0,0.0,0.7140831389113698,359,0.7032340646483748,368,0.5806451612903226,0.59375,0.8285223509843713,0.7698715357319319,0.797626646550223
California,T060_P03_H0800_I0600_CN080_F1,T060_P03_H0800_I0600_F1,False,0.0,0.0,0.7080831664156082,368,0.6976758318381003,380,0.5806451612903226,0.59375,0.8336363101989561,0.743592507748282,0.7887918528404801
California,T060_P03_H0800_I0600_CN090_F1,T060_P03_H0800_I0600_F1,False,0.0,0.0,0.7093488471691752,366,0.6973965117212444,382,0.5806451612903226,0.59375,0.8400151524717301,0.7126420518348829,0.8196918702489407
California,T060_P03_H0800_I0600_CN100_F1,T060_P03_H0800_I0600_F1,False,0.0,0.0,0.7071493830057467,371,0.6955669773436917,387,0.5806451612903226,0.59375,0.8649862517443824,0.6840722274626061,0.8122932745314222
California,T060_P03_H0800_I0800_CN000_F1,T060_P03_H0800_I0800_F1,True,0.0,0.0,0.40495800685791394,537,0.3869105400229031,537,0.22580645161290322,0.0,0.22624207815279318,0.9859857162107533,0.5867557883131199
California,T060_P03_H0800_I0800_CN010_F1,T060_P03_H0800_I0800_F1,True,0.0,0.0,0.5757970483084811,511,0.564650016486096,512,0.4838709677419355,0.5,0.23277331597475626,0.9555293536360777,0.7068116041896358
California,T060_P03_H0800_I0800_CN020_F1,T060_P03_H0800_I0800_F1,True,0.0,0.0,0.7111451245782676,363,0.7070775837504928,362,0.6774193548387096,0.59375,0.6013419516644859,0.9244441449939361,0.7587701713942064
California,T060_P03_H0800_I0800_CN030_F1,T060_P03_H0800_I0800_F1,False,0.0,0.0,0.7011288850116958,383,0.6959487852984845,384,0.6774193548387096,0.5625,0.5921982187137425,0.8925055024030902,0.7810213491029367
California,T060_P03_H0800_I0800_CN040_F1,T060_P03_H0800_I0800_F1,False,0.0,0.0,0.7170602969729954,353,0.7137397002737992,352,0.7096774193548387,0.625,0.6093862595818744,0.8651484525894982,0.7760893533387659
California,T060_P03_H0800_I0800_CN050_F1,T060_P03_H0800_I0800_F1,False,0.0,0.0,0.7173123880941698,351,0.7168362882257627,348,0.7741935483870968,0.59375,0.6016032011773675,0.8332996451511475,0.7837155457552369
California,T060_P03_H0800_I0800_CN060_F1,T060_P03_H0800_I0800_F1,False,0.0,0.0,0.7164342506688648,355,0.7138759118524904,351,0.7419354838709677,0.625,0.6204131661046174,0.8017203431702825,0.7931022601984564
California,T060_P03_H0800_I0800_CN070_F1,T060_P03_H0800_I0800_F1,False,0.0,0.0,0.7221716025783702,340,0.7208735622468982,342,0.7741935483870968,0.65625,0.6078731894864198,0.7723869200017967,0.800154355016538
California,T060_P03_H0800_I0800_CN080_F1,T060_P03_H0800_I0800_F1,False,0.0,0.0,0.7356219783305923,316,0.7387895459942833,319,0.8387096774193549,0.6875,0.6320061132385908,0.7445357768494812,0.7753583241455346
California,T060_P03_H0800_I0800_CN090_F1,T060_P03_H0800_I0800_F1,False,0.0,0.0,0.7228005676070426,339,0.7247737214522845,336,0.8387096774193549,0.65625,0.6078731894864198,0.7119233706149216,0.7992466005145165
California,T060_P03_H0800_I0800_CN100_F1,T060_P03_H0800_I0800_F1,False,0.0,0.0,0.7292020265275974,323,0.7308076684287009,327,0.8387096774193549,0.6875,0.6320061132385908,0.6811975025827607,0.8065968393972803
California,T060_P03_H0800_I0986_CN020_F1,T060_P03_H0800_I0986_F1,True,0.0,0.0,0.6691986749948556,412,0.6665105568392269,413,0.6774193548387096,0.53125,0.4711874443484101,0.9349548578358711,0.7311817179512878
California,T060_P03_H0800_I0986_CN030_F1,T060_P03_H0800_I0986_F1,True,0.0,0.0,0.7364176743286048,313,0.743721067293715,313,0.7741935483870968,0.53125,0.8490064898733184,0.8995126442977138,0.6281256890848952
California,T060_P03_H0800_I0986_CN040_F1,T060_P03_H0800_I0986_F1,False,0.0,0.0,0.6869698405427446,394,0.6851281500174397,393,0.7419354838709677,0.53125,0.50880737420292,0.8740870502627679,0.7787692943770671
California,T060_P03_H0800_I0986_CN050_F1,T060_P03_H0800_I0986_F1,False,0.0,0.0,0.7599065469276881,262,0.7598868968939008,272,0.7741935483870968,0.53125,0.8829689265475257,0.8365337106409738,0.7745865490628443
California,T060_P03_H0800_I0986_CN060_F1,T060_P03_H0800_I0986_F1,False,0.0,0.0,0.7617003329265667,253,0.7624037124861542,268,0.8064516129032258,0.53125,0.8734616213580242,0.8049544086601087,0.7923840217114746
California,T060_P03_H0800_I0986_CN070_F1,T060_P03_H0800_I0986_F1,False,0.0,0.0,0.7510997855671497,284,0.7504649205388751,297,0.7741935483870968,0.53125,0.8874537098519429,0.7757108206441181,0.7868908489525911
California,T060_P03_H0800_I0986_CN080_F1,T060_P03_H0800_I0986_F1,False,0.0,0.0,0.7528377806717425,280,0.7545191307172938,292,0.8064516129032258,0.53125,0.9080488797838661,0.7456137986794232,0.7728246119921971
California,T060_P03_H0800_I0986_CN090_F1,T060_P03_H0800_I0986_F1,False,0.0,0.0,0.7555415606163465,271,0.7554705147667236,288,0.8064516129032258,0.53125,0.9194916084479404,0.7126420518348829,0.8078725298956828
California,T060_P03_H0800_I0986_CN100_F1,T060_P03_H0800_I0986_F1,False,0.0,0.0,0.7494994490373961,287,0.7494920110242588,299,0.8064516129032258,0.53125,0.9226266026024864,0.6805686565152943,0.806600373165974
California,T060_P03_H1000_I0600_CN030_F1,T060_P03_H1000_I0600_F1,False,0.0,0.0,0.6688483598771227,413,0.6673606033597133,411,0.5483870967741935,0.5625,0.7669741428294684,0.8882383326595696,0.5781422271223815
California,T060_P03_H1000_I0600_CN040_F1,T060_P03_H1000_I0600_F1,False,0.0,0.0,0.6675819029264071,414,0.6676147270778695,410,0.5483870967741935,0.59375,0.7904844219092392,0.8575573822036563,0.5477306137449466
California,T060_P03_H1000_I0600_CN050_F1,T060_P03_H1000_I0600_F1,False,0.0,0.0,0.6875809588023024,393,0.6783786549835953,401,0.5161290322580645,0.59375,0.7983240843748901,0.8295265687463504,0.7001751086322069
California,T060_P03_H1000_I0600_CN060_F1,T060_P03_H1000_I0600_F1,False,0.0,0.0,0.7142455074699523,358,0.7014935098647076,370,0.5483870967741935,0.59375,0.8234040376112259,0.8022593540852535,0.8034270488790883
California,T060_P03_H1000_I0600_CN070_F1,T060_P03_H1000_I0600_F1,False,0.0,0.0,0.7147521493113389,357,0.7035831945864395,367,0.5806451612903226,0.59375,0.8231340797812527,0.7722072496968063,0.8040242557883128
California,T060_P03_H1000_I0600_CN080_F1,T060_P03_H1000_I0600_F1,False,0.0,0.0,0.7070089243938308,372,0.6967604420184932,383,0.5806451612903226,0.59375,0.8320709902009402,0.7429636616808158,0.7856148087970752
California,T060_P03_H1000_I0600_CN090_F1,T060_P03_H1000_I0600_F1,False,0.0,0.0,0.7074577157430106,370,0.6959340636351832,385,0.5806451612903226,0.59375,0.8359440142293946,0.7158311997484615,0.811118203446875
California,T060_P03_H1000_I0600_CN100_F1,T060_P03_H1000_I0600_F1,False,0.0,0.0,0.7051262032530958,375,0.6933871214464347,389,0.5806451612903226,0.59375,0.8493112809716334,0.6864977765799757,0.8154267974235476
California,T060_P03_H1000_I0800_CN000_F1,T060_P03_H1000_I0800_F1,True,0.0,0.0,0.39984140100470694,538,0.38128405897980083,538,0.1935483870967742,0.03125,0.22336833351112972,0.9863450568207339,0.5646952275948968
California,T060_P03_H1000_I0800_CN010_F1,T060_P03_H1000_I0800_F1,True,0.0,0.0,0.5978358020633057,498,0.5974066800019193,491,0.6129032258064516,0.5625,0.23878205477096193,0.9535080627049365,0.6214856670341784
California,T060_P03_H1000_I0800_CN020_F1,T060_P03_H1000_I0800_F1,True,0.0,0.0,0.7243370837471254,337,0.7220105669098724,341,0.7096774193548387,0.59375,0.6392231310318659,0.9228271122490229,0.7562077560998992
California,T060_P03_H1000_I0800_CN030_F1,T060_P03_H1000_I0800_F1,False,0.0,0.0,0.7102620630797964,365,0.7037795929145455,366,0.6774193548387096,0.5625,0.6110081836409955,0.893314018775547,0.8070687581437307
California,T060_P03_H1000_I0800_CN040_F1,T060_P03_H1000_I0800_F1,False,0.0,0.0,0.7218058989376713,341,0.7170777714393762,347,0.7096774193548387,0.59375,0.6392231310318659,0.8621389749809101,0.8042399693207419
California,T060_P03_H1000_I0800_CN050_F1,T060_P03_H1000_I0800_F1,False,0.0,0.0,0.7119453520141699,362,0.7072639624479011,361,0.7096774193548387,0.59375,0.6204131661046083,0.8325809639311862,0.8033052106802164
California,T060_P03_H1000_I0800_CN060_F1,T060_P03_H1000_I0800_F1,False,0.0,0.0,0.7182964267556456,346,0.7130164321368864,353,0.7096774193548387,0.625,0.6392231310318659,0.8023042716615011,0.8152773117300224
California,T060_P03_H1000_I0800_CN070_F1,T060_P03_H1000_I0800_F1,False,0.0,0.0,0.7228096240338797,338,0.7192727846662372,346,0.7419354838709677,0.625,0.663356054783999,0.7710843102906167,0.8126722712238146
California,T060_P03_H1000_I0800_CN080_F1,T060_P03_H1000_I0800_F1,False,0.0,0.0,0.7266758527286813,331,0.7300333015635105,329,0.8387096774193549,0.625,0.6566724214128803,0.7414364640883978,0.7715607007227736
California,T060_P03_H1000_I0800_CN090_F1,T060_P03_H1000_I0800_F1,False,0.0,0.0,0.7202237163793992,342,0.7192911666763726,345,0.7741935483870968,0.65625,0.6664910489385669,0.711339442123703,0.7928445424476294
California,T060_P03_H1000_I0800_CN100_F1,T060_P03_H1000_I0800_F1,False,0.0,0.0,0.725857425057389,333,0.7284721935051056,331,0.8387096774193549,0.65625,0.6664910489385669,0.6814220904639985,0.7864143084650249
California,T060_P03_H1000_I0986_CN010_F1,T060_P03_H1000_I0986_F1,True,0.0,0.0,0.5053214661013576,532,0.48542056095500496,533,0.2903225806451613,0.53125,0.050159906472674765,0.9665341598167364,0.6883406835722159
California,T060_P03_H1000_I0986_CN020_F1,T060_P03_H1000_I0986_F1,True,0.0,0.0,0.7178967624570862,347,0.7163569103132847,349,0.6774193548387096,0.53125,0.7407425146571907,0.9318555450747877,0.7082163977147438
California,T060_P03_H1000_I0986_CN030_F1,T060_P03_H1000_I0986_F1,True,0.0,0.0,0.7254743899271198,335,0.7241599290795125,338,0.7096774193548387,0.53125,0.7470125029662749,0.9034653910075012,0.7359666363069841
California,T060_P03_H1000_I0986_CN040_F1,T060_P03_H1000_I0986_F1,True,0.0,0.0,0.7576919727545799,266,0.7585901838012775,279,0.7741935483870968,0.53125,0.8589883983445545,0.8677985895881059,0.7562293274531421
California,T060_P03_H1000_I0986_CN050_F1,T060_P03_H1000_I0986_F1,False,0.0,0.0,0.7631345252595056,247,0.7620647098453434,269,0.7741935483870968,0.53125,0.8751858681430225,0.8394533530970669,0.7955898566703418
California,T060_P03_H1000_I0986_CN060_F1,T060_P03_H1000_I0986_F1,False,0.0,0.0,0.7515953427465172,283,0.7517774567700617,295,0.7741935483870968,0.53125,0.8751858681430225,0.8067960292862596,0.770551267916207
California,T060_P03_H1000_I0986_CN070_F1,T060_P03_H1000_I0986_F1,False,0.0,0.0,0.7475340318207524,294,0.7512540130256627,296,0.8064516129032258,0.53125,0.890588704006485,0.7773278533890311,0.7320519888050204
California,T060_P03_H1000_I0986_CN080_F1,T060_P03_H1000_I0986_F1,False,0.0,0.0,0.7539300949723914,275,0.7548195274536988,290,0.8064516129032258,0.53125,0.898480616374689,0.7448052823069667,0.7886629632770755
California,T060_P03_H1000_I0986_CN090_F1,T060_P03_H1000_I0986_F1,False,0.0,0.0,0.742138245604494,304,0.7441773897302763,311,0.8064516129032258,0.53125,0.8908608389157333,0.7164600458159277,0.7656687303875837
California,T060_P03_H1000_I0986_CN100_F1,T060_P03_H1000_I0986_F1,False,0.0,0.0,0.749495939395596,288,0.7501865973878865,298,0.8064516129032258,0.53125,0.9336513320459505,0.6834882989713874,0.7926384530574166
California,T060_P05_H0500_I0600_CN020_F1,T060_P05_H0500_I0600_F1,False,0.0,0.0,0.652421878892916,420,0.6400871258965082,429,0.2903225806451613,0.78125,0.7369805216717392,0.9165386515743611,0.5370176405733186
California,T060_P05_H0500_I0600_CN030_F1,T060_P05_H0500_I0600_F1,False,0.0,0.0,0.7473620286878498,295,0.7553087506272186,289,0.8064516129032258,0.75,0.645231869828069,0.8876094865921035,0.647517174115851
California,T060_P05_H0500_I0600_CN040_F1,T060_P05_H0500_I0600_F1,False,0.0,0.0,0.8117655180153008,135,0.8158886167337511,139,0.8387096774193549,0.8125,0.7940374152843817,0.8573327943224184,0.7562477030503492
California,T060_P05_H0500_I0600_CN050_F1,T060_P05_H0500_I0600_F1,False,0.0,0.0,0.8281409688108756,112,0.8357314497200812,106,0.9032258064516129,0.84375,0.813999055147601,0.8283137941876656,0.7514161882674979
California,T060_P05_H0500_I0600_CN060_F1,T060_P05_H0500_I0600_F1,False,0.0,0.0,0.8312960481582037,110,0.8366632256156645,105,0.8709677419354839,0.84375,0.8823920005399148,0.7957463055293537,0.7636241927862654
California,T060_P05_H0500_I0600_CN070_F1,T060_P05_H0500_I0600_F1,True,0.0,0.0,0.856825960303324,73,0.8579278045810051,89,0.8387096774193549,0.96875,0.8949319771580897,0.7650653550734402,0.8166727918657355
California,T060_P05_H0500_I0600_CN080_F1,T060_P05_H0500_I0600_F1,False,0.0,0.0,0.8417067227800062,102,0.8527827621867708,96,0.967741935483871,0.875,0.8792570063853726,0.7403135246822082,0.746221147348579
California,T060_P05_H0500_I0600_CN090_F1,T060_P05_H0500_I0600_F1,False,0.0,0.0,0.8500835707150273,87,0.8591577073583392,85,0.967741935483871,0.90625,0.8861039207020374,0.7040627947715942,0.7862592026176335
California,T060_P05_H0500_I0600_CN100_F1,T060_P05_H0500_I0600_F1,False,0.0,0.0,0.8681858987283343,53,0.87620640233825,54,0.967741935483871,0.96875,0.9237238505565633,0.6733818443156808,0.8073318632855567
California,T060_P05_H0500_I0800_CN010_F1,T060_P05_H0500_I0800_F1,False,0.0,0.0,0.5173833652570172,530,0.525753801736727,526,0.4838709677419355,0.71875,0.11338228858927502,0.9544513318061357,0.3164622381477396
California,T060_P05_H0500_I0800_CN020_F1,T060_P05_H0500_I0800_F1,False,0.0,0.0,0.7672988447347564,235,0.7716816202798004,241,0.7741935483870968,0.75,0.7056305801262996,0.9201320576741678,0.6865380374862181
California,T060_P05_H0500_I0800_CN040_F1,T060_P05_H0500_I0800_F1,False,0.0,0.0,0.832509684485103,106,0.8342362990678189,110,0.8387096774193549,0.84375,0.8201057625111225,0.8558055967300003,0.8041773857650374
California,T060_P05_H0500_I0800_CN050_F1,T060_P05_H0500_I0800_F1,False,0.0,0.0,0.8832401785323363,24,0.8926997581460931,24,0.967741935483871,0.96875,0.8780552586261301,0.8231033553429458,0.7785503432087348
California,T060_P05_H0500_I0986_CN010_F1,T060_P05_H0500_I0986_F1,True,0.0,0.0,0.6007880311134319,494,0.6122000257299124,478,0.5806451612903226,0.78125,0.33011270739400944,0.9595270179221128,0.35240526896071495
California,T060_P05_H0500_I0986_CN040_F1,T060_P05_H0500_I0986_F1,True,0.0,0.0,0.7920623843393141,184,0.7898530981423515,200,0.7741935483870968,0.78125,0.7093925731117674,0.877096527871356,0.8183792723263503
California,T060_P05_H0500_I0986_CN050_F1,T060_P05_H0500_I0986_F1,True,0.0,0.0,0.8072574023017521,141,0.8050861535910078,163,0.7741935483870968,0.78125,0.8097123860571183,0.8535125544625611,0.8176185226019845
California,T060_P05_H0500_I0986_CN060_F1,T060_P05_H0500_I0986_F1,True,0.0,0.0,0.8014434742601662,154,0.7990770767070843,178,0.7741935483870968,0.8125,0.7752274503571545,0.823774873107847,0.8215214994487322
California,T060_P05_H0500_I0986_CN070_F1,T060_P05_H0500_I0986_F1,False,0.0,0.0,0.7998664152041073,157,0.7976223991284236,185,0.7741935483870968,0.78125,0.8253873568298247,0.7994273009028433,0.8190738699007717
California,T060_P05_H0500_I0986_CN080_F1,T060_P05_H0500_I0986_F1,False,0.0,0.0,0.8018788579682565,153,0.7996960326312719,176,0.7741935483870968,0.8125,0.8352059843555129,0.7696447019718816,0.8178500551267914
California,T060_P05_H0500_I0986_CN090_F1,T060_P05_H0500_I0986_F1,False,0.0,0.0,0.7958026631198681,173,0.7936165301753864,191,0.7741935483870968,0.8125,0.8320709902009706,0.7423325697345371,0.8179162072767362
California,T060_P05_H0500_I0986_CN100_F1,T060_P05_H0500_I0986_F1,False,0.0,0.0,0.7914615781420079,185,0.789187793598849,203,0.7741935483870968,0.8125,0.8352059843555129,0.715739118717154,0.8196692392502757
California,T060_P05_H0800_I0600_CN020_F1,T060_P05_H0800_I0600_F1,False,0.0,0.0,0.6234665829987204,467,0.6259011421622158,450,0.45161290322580644,0.75,0.5952265359838416,0.9175717558280555,0.4029217199558984
California,T060_P05_H0800_I0600_CN030_F1,T060_P05_H0800_I0600_F1,False,0.0,0.0,0.7185261875287711,345,0.7333235459804626,323,0.9032258064516129,0.84375,0.35054241930111607,0.8878340744733414,0.6072786374177849
California,T060_P05_H0800_I0600_CN040_F1,T060_P05_H0800_I0600_F1,False,0.0,0.0,0.8203288079639657,121,0.825080238847163,122,0.8709677419354839,0.8125,0.7830627586642364,0.8591744149485695,0.7759391242715388
California,T060_P05_H0800_I0600_CN050_F1,T060_P05_H0800_I0600_F1,False,0.0,0.0,0.8189903650523789,123,0.8252435460338198,121,0.9032258064516129,0.8125,0.7732441311385436,0.8278197008489422,0.7781621868227959
California,T060_P05_H0800_I0600_CN060_F1,T060_P05_H0800_I0600_F1,False,0.0,0.0,0.8557120214662873,76,0.8660651885893802,70,0.967741935483871,0.90625,0.8457626417550752,0.7981269370704757,0.7606785930220149
California,T060_P05_H0800_I0600_CN070_F1,T060_P05_H0800_I0600_F1,False,0.0,0.0,0.8486106848691222,91,0.8585157245248464,88,0.967741935483871,0.90625,0.833636310198953,0.7657840362934015,0.7696411423693849
California,T060_P05_H0800_I0600_CN080_F1,T060_P05_H0800_I0600_F1,False,0.0,0.0,0.8493489226897906,90,0.8590205626229271,87,0.967741935483871,0.90625,0.8599267195116369,0.7385168216323047,0.7743091368211401
California,T060_P05_H0800_I0600_CN090_F1,T060_P05_H0800_I0600_F1,False,0.0,0.0,0.8529074832625841,82,0.8608466303977692,80,0.967741935483871,0.90625,0.8729870180762808,0.7085994699726003,0.8089589927801684
California,T060_P05_H0800_I0600_CN100_F1,T060_P05_H0800_I0600_F1,True,0.0,0.0,0.8547525592800215,80,0.8622662520637466,75,0.967741935483871,0.90625,0.905327530691381,0.6769752504154876,0.8174680798093678
California,T060_P05_H0800_I0800_CN010_F1,T060_P05_H0800_I0800_F1,False,0.0,0.0,0.5375062062198499,526,0.5287317103632507,523,0.3225806451612903,0.75,0.16040720090740757,0.9564726227372771,0.4980705622932745
California,T060_P05_H0800_I0800_CN020_F1,T060_P05_H0800_I0800_F1,True,0.0,0.0,0.7840386585616164,199,0.7884164726954146,206,0.7741935483870968,0.78125,0.7569922343582357,0.9211202443516148,0.6866372657111353
California,T060_P05_H0800_I0800_CN030_F1,T060_P05_H0800_I0800_F1,True,0.0,0.0,0.8294838204084002,111,0.8332899400750313,111,0.8387096774193549,0.84375,0.813999055147601,0.8883730853883125,0.7625872840867327
California,T060_P05_H0800_I0800_CN040_F1,T060_P05_H0800_I0800_F1,False,0.0,0.0,0.8550094568423916,79,0.8640879502805249,72,0.9354838709677419,0.875,0.8547539791566476,0.8558954318824957,0.7539140022050717
California,T060_P05_H0800_I0800_CN060_F1,T060_P05_H0800_I0800_F1,False,0.0,0.0,0.8832335611604251,25,0.8924504050626905,25,0.967741935483871,0.96875,0.9024559631289862,0.7938148497507074,0.7834050574385603
California,T060_P05_H0800_I0986_CN060_F1,T060_P05_H0800_I0986_F1,True,0.0,0.0,0.8764494627905579,39,0.8827509441007975,42,0.9354838709677419,0.9375,0.9033442114727782,0.796464986749315,0.8094542447629546
California,T060_P05_H0800_I0986_CN090_F1,T060_P05_H0800_I0986_F1,False,0.0,0.0,0.8653397821987593,56,0.8715241190768046,61,0.9354838709677419,0.9375,0.9399213203550136,0.7019965862642051,0.8117971334068356
California,T060_P05_H0800_I0986_CN100_F1,T060_P05_H0800_I0986_F1,True,0.0,0.0,0.8644351967643706,60,0.8705313307758228,65,0.9354838709677419,0.9375,0.963327099629674,0.6723038224857386,0.8135611907386989
California,T060_P05_H1000_I0600_CN010_F1,T060_P05_H1000_I0600_F1,True,0.0,0.0,0.6324532406420393,453,0.6147381276024786,474,0.25806451612903225,0.625,0.7156625614208532,0.951172348740062,0.6123667769202499
California,T060_P05_H1000_I0600_CN020_F1,T060_P05_H1000_I0600_F1,False,0.0,0.0,0.6496409748525391,422,0.6588836038670144,414,0.6451612903225806,0.6875,0.5355070744190995,0.9197277994879395,0.46030871003307594
California,T060_P05_H1000_I0600_CN030_F1,T060_P05_H1000_I0600_F1,False,0.0,0.0,0.7057397370772585,374,0.7125606003108346,354,0.8064516129032258,0.78125,0.380792935813148,0.8901697884382159,0.6700343482317022
California,T060_P05_H1000_I0600_CN040_F1,T060_P05_H1000_I0600_F1,False,0.0,0.0,0.8022043904965726,150,0.8041821382411162,165,0.8387096774193549,0.75,0.7607041545203825,0.8624533980146433,0.799154722528482
California,T060_P05_H1000_I0600_CN050_F1,T060_P05_H1000_I0600_F1,False,0.0,0.0,0.7946921645136065,177,0.795879761578253,189,0.8387096774193549,0.71875,0.7692709614635236,0.8317724475587297,0.8149577361264241
California,T060_P05_H1000_I0600_CN060_F1,T060_P05_H1000_I0600_F1,False,0.0,0.0,0.8077438799835249,140,0.8091734224113959,153,0.8387096774193549,0.78125,0.807729066838506,0.8009118267978259,0.8101188288619379
California,T060_P05_H1000_I0600_CN070_F1,T060_P05_H1000_I0600_F1,False,0.0,0.0,0.8182639888867694,124,0.823271114285197,127,0.9032258064516129,0.78125,0.834158809224725,0.7696020302744464,0.8030832984830626
California,T060_P05_H1000_I0600_CN080_F1,T060_P05_H1000_I0600_F1,False,0.0,0.0,0.8245078455117485,116,0.8324975848153727,112,0.9354838709677419,0.8125,0.8536567312025465,0.7452095404931951,0.775689084895259
California,T060_P05_H1000_I0600_CN090_F1,T060_P05_H1000_I0600_F1,False,0.0,0.0,0.8566746280851607,74,0.8670457864368696,69,1.0,0.90625,0.8749137332336872,0.7096325742262947,0.7925768329658213
California,T060_P05_H1000_I0600_CN100_F1,T060_P05_H1000_I0600_F1,False,0.0,0.0,0.8552756146784676,77,0.8655240297832085,71,1.0,0.90625,0.8949319771580897,0.6801643983290662,0.7950316979051818
California,T060_P05_H1000_I0800_CN010_F1,T060_P05_H1000_I0800_F1,False,0.0,0.0,0.5016506786719038,535,0.4936277299220372,532,0.3548387096774194,0.65625,0.025079953236337382,0.9567870457710103,0.5152976846747519
California,T060_P05_H1000_I0800_CN030_F1,T060_P05_H1000_I0800_F1,True,0.0,0.0,0.831463499074974,109,0.8347658211181824,109,0.8387096774193549,0.84375,0.8118002050808734,0.8903943763194538,0.7726632365551879
California,T060_P05_H1000_I0800_CN040_F1,T060_P05_H1000_I0800_F1,False,0.0,0.0,0.8155062086690386,129,0.8154940000681646,140,0.8064516129032258,0.78125,0.822252362675287,0.8608812828459776,0.8066957849207022
California,T060_P05_H1000_I0800_CN050_F1,T060_P05_H1000_I0800_F1,False,0.0,0.0,0.8422970204267847,101,0.8449531339682166,102,0.8387096774193549,0.875,0.8849522457661304,0.8272357723577235,0.7855874065907141
California,T060_P05_H1000_I0800_CN060_F1,T060_P05_H1000_I0800_F1,False,0.0,0.0,0.8812402009558185,31,0.8911145652194311,27,0.967741935483871,0.96875,0.9043369596217177,0.7951174594618875,0.7702546502116157
California,T060_P05_H1000_I0800_CN070_F1,T060_P05_H1000_I0800_F1,False,0.0,0.0,0.8647404490205904,58,0.8732166822602675,58,0.9354838709677419,0.9375,0.9212659280562348,0.7634932399047747,0.7659592061742004
California,T060_P05_H1000_I0800_CN080_F1,T060_P05_H1000_I0800_F1,False,0.0,0.0,0.847838758328972,93,0.8603298669109688,81,0.967741935483871,0.90625,0.9131671931570099,0.7341148991600414,0.7179197638439377
California,T060_P05_H1000_I0800_CN100_F1,T060_P05_H1000_I0800_F1,False,0.0,0.0,0.8818225102327816,30,0.8898096710251848,30,0.967741935483871,1.0,0.9619664250834429,0.671405470960787,0.8079987196358074
California,T060_P05_H1000_I0986_CN010_F1,T060_P05_H1000_I0986_F1,True,0.0,0.0,0.577654824293247,509,0.568822200791451,507,0.3548387096774194,0.8125,0.2300519668821046,0.9593922651933702,0.5314911797133405
California,T060_P05_H1000_I0986_CN040_F1,T060_P05_H1000_I0986_F1,True,0.0,0.0,0.8631639011151295,65,0.8678178757059973,68,0.8709677419354839,0.9375,0.8678186318798483,0.8616448816421866,0.7778882501181286
California,T060_P05_H1000_I0986_CN050_F1,T060_P05_H1000_I0986_F1,False,0.0,0.0,0.8678530461777626,54,0.8736842220647275,56,0.9032258064516129,0.9375,0.882230896673545,0.8297062390513408,0.7866022887123141
California,T060_P05_H1000_I0986_CN070_F1,T060_P05_H1000_I0986_F1,False,0.0,0.0,0.8648793961842494,57,0.8716466988836838,60,0.9354838709677419,0.9375,0.8849522457660802,0.7663230472083726,0.8001378169790516
California,T060_P05_H1000_I0986_CN080_F1,T060_P05_H1000_I0986_F1,False,0.0,0.0,0.8637897722372567,62,0.8714032711880695,62,0.9354838709677419,0.9375,0.9261208148371476,0.7366302834299061,0.7832138919514884
California,T060_P05_H1000_I0986_CN090_F1,T060_P05_H1000_I0986_F1,False,0.0,0.0,0.8674231192353219,55,0.873567489189442,57,0.9354838709677419,0.9375,0.9476521288569266,0.7038831244666038,0.8125964718853362
California,T060_P05_H1000_I0986_CN100_F1,T060_P05_H1000_I0986_F1,False,0.0,0.0,0.8631750530013708,64,0.8695013413678393,67,0.9354838709677419,0.9375,0.9601921054750817,0.6737411849256615,0.8089581036383682
California,T060_P10_H0500_I0600_CN020_F1,T060_P10_H0500_I0600_F1,False,0.0,0.0,0.690912823402732,390,0.7005866226802407,372,0.6451612903225806,0.78125,0.6548981018045843,0.9215694201140906,0.4516853047724047
California,T060_P10_H0500_I0600_CN030_F1,T060_P10_H0500_I0600_F1,False,0.0,0.0,0.7854000828921445,196,0.7883308187458984,207,0.7741935483870968,0.78125,0.7612266535461385,0.8947513812154696,0.7155788313120174
California,T060_P10_H0500_I0600_CN040_F1,T060_P10_H0500_I0600_F1,False,0.0,0.0,0.8244160191791641,117,0.8284885850052954,117,0.8387096774193549,0.90625,0.7612266535461385,0.8586354040335983,0.7572583608967288
California,T060_P10_H0500_I0600_CN050_F1,T060_P10_H0500_I0600_F1,False,0.0,0.0,0.8485480101034149,92,0.8510295554713811,99,0.8387096774193549,0.96875,0.8164504464101037,0.8297511566275885,0.7890787700600268
California,T060_P10_H0500_I0600_CN060_F1,T060_P10_H0500_I0600_F1,True,0.0,0.0,0.8584445321449141,70,0.8596872560011815,84,0.8387096774193549,0.96875,0.8692772749934196,0.8016305080177873,0.8138552002940096
California,T060_P10_H0500_I0600_CN070_F1,T060_P10_H0500_I0600_F1,False,0.0,0.0,0.8508409121257312,86,0.856274319697295,91,0.9032258064516129,0.90625,0.8818716785934374,0.7682994205632664,0.7945576550203397
California,T060_P10_H0500_I0600_CN080_F1,T060_P10_H0500_I0600_F1,False,0.0,0.0,0.8353337653474429,105,0.837504456862659,104,0.8387096774193549,0.90625,0.8974922223842945,0.738921079818533,0.7952958471150311
California,T060_P10_H0500_I0600_CN090_F1,T060_P10_H0500_I0600_F1,False,0.0,0.0,0.8475416574445072,94,0.8578591255243165,90,0.9354838709677419,0.96875,0.8974922223842945,0.7068476844989444,0.7291345093715547
California,T060_P10_H0500_I0600_CN100_F1,T060_P10_H0500_I0600_F1,False,0.0,0.0,0.8600747118262501,68,0.8701197913155272,66,0.967741935483871,0.96875,0.9194371814660942,0.6776040964829537,0.7668403456983319
California,T060_P10_H0500_I0800_CN010_F1,T060_P10_H0500_I0800_F1,False,0.0,0.0,0.5406208324479781,524,0.5466383872452643,518,0.5161290322580645,0.78125,0.05329490062721687,0.9566522930422674,0.3957779363123418
California,T060_P10_H0500_I0800_CN020_F1,T060_P10_H0500_I0800_F1,True,0.0,0.0,0.7835590201367195,200,0.7885007813487979,205,0.7741935483870968,0.78125,0.7613812261745933,0.9256120019763733,0.6753583241455346
California,T060_P10_H0500_I0800_CN040_F1,T060_P10_H0500_I0800_F1,True,0.0,0.0,0.8572281733072851,71,0.8598260974575621,82,0.8387096774193549,0.90625,0.8943572282297311,0.8600727664735212,0.7867511944138185
California,T060_P10_H0500_I0800_CN050_F1,T060_P10_H0500_I0800_F1,False,0.0,0.0,0.8734495854645834,45,0.884009478056254,39,0.967741935483871,0.9375,0.8766989382384444,0.8287629699501414,0.7565440836504606
California,T060_P10_H0500_I0800_CN060_F1,T060_P10_H0500_I0800_F1,False,0.0,0.0,0.8645780420098405,59,0.8766530322292807,51,0.967741935483871,0.9375,0.8943572282297311,0.7970489152405337,0.7262421310950669
California,T060_P10_H0500_I0800_CN070_F1,T060_P10_H0500_I0800_F1,False,0.0,0.0,0.854696693294682,81,0.8610838894074767,79,0.9032258064516129,0.9375,0.8912222340751904,0.7660535417508871,0.7754818841957191
California,T060_P10_H0500_I0800_CN080_F1,T060_P10_H0500_I0800_F1,False,0.0,0.0,0.87399281743792,43,0.8824681170787068,43,0.967741935483871,0.96875,0.9006272165388276,0.7346089924987648,0.7982359426681366
California,T060_P10_H0500_I0800_CN090_F1,T060_P10_H0500_I0800_F1,False,0.0,0.0,0.8689008456444374,51,0.8766812809682628,50,0.967741935483871,0.9375,0.9225721756206364,0.7045568881103176,0.8121332290073618
California,T060_P10_H0500_I0800_CN100_F1,T060_P10_H0500_I0800_F1,False,0.0,0.0,0.8683624222967173,52,0.8762722277524916,53,0.967741935483871,0.96875,0.9225721756206364,0.6732021740106905,0.8095458263683891
California,T060_P10_H0500_I0986_CN010_F1,T060_P10_H0500_I0986_F1,True,0.0,0.0,0.5733715988064436,513,0.5685028805932629,508,0.22580645161290322,0.78125,0.5792946698568173,0.9573260566859813,0.32318081587651576
California,T060_P10_H0500_I0986_CN040_F1,T060_P10_H0500_I0986_F1,False,0.0,0.0,0.8466731201316152,96,0.8463651350910841,101,0.8064516129032258,0.90625,0.8442517487389306,0.8638009253020708,0.8126113137138492
California,T060_P10_H0500_I0986_CN060_F1,T060_P10_H0500_I0986_F1,False,0.0,0.0,0.8699558254654498,48,0.8814346461077657,45,0.967741935483871,0.9375,0.906897204847924,0.7994744643579033,0.7381655226375501
California,T060_P10_H0500_I0986_CN070_F1,T060_P10_H0500_I0986_F1,False,0.0,0.0,0.8779179760970607,36,0.887378889423518,34,0.967741935483871,0.9375,0.940848756125762,0.764975519920945,0.7785236689547249
California,T060_P10_H0800_I0600_CN020_F1,T060_P10_H0800_I0600_F1,False,0.0,0.0,0.6904319777925859,391,0.7043792493643257,365,0.7096774193548387,0.78125,0.6070894409478071,0.9234110407402416,0.43073198792004197
California,T060_P10_H0800_I0600_CN030_F1,T060_P10_H0800_I0600_F1,False,0.0,0.0,0.7821545718331613,205,0.789268298997036,201,0.8387096774193549,0.875,0.6070894409478071,0.8935386066567848,0.6964351341418596
California,T060_P10_H0800_I0600_CN040_F1,T060_P10_H0800_I0600_F1,False,0.0,0.0,0.799380793656534,160,0.8117186586492431,149,0.9354838709677419,0.90625,0.6070894409478071,0.8593540852535598,0.6887265711135608
California,T060_P10_H0800_I0600_CN050_F1,T060_P10_H0800_I0600_F1,False,0.0,0.0,0.844570662434046,98,0.8513142817685264,98,0.9032258064516129,0.90625,0.8128473802116545,0.8321767057449581,0.7683534197620041
California,T060_P10_H0800_I0600_CN060_F1,T060_P10_H0800_I0600_F1,False,0.0,0.0,0.8369401918196744,104,0.8379930345048034,103,0.8387096774193549,0.90625,0.8171340493021371,0.8049544086601087,0.8176528237167706
California,T060_P10_H0800_I0600_CN070_F1,T060_P10_H0800_I0600_F1,False,0.0,0.0,0.8563206780398893,75,0.8636750810700846,73,0.9354838709677419,0.90625,0.8818716785934214,0.7696020302744464,0.7883958103638367
California,T060_P10_H0800_I0600_CN080_F1,T060_P10_H0800_I0600_F1,False,0.0,0.0,0.8452427052775665,97,0.8536582990464607,95,0.9354838709677419,0.90625,0.8756016902843508,0.7417059695458833,0.7671719955898565
California,T060_P10_H0800_I0600_CN090_F1,T060_P10_H0800_I0600_F1,False,0.0,0.0,0.8426544455167241,100,0.8513208661874927,97,0.9354838709677419,0.90625,0.8991663963459947,0.7102165027175134,0.7621554575523704
California,T060_P10_H0800_I0600_CN100_F1,T060_P10_H0800_I0600_F1,False,0.0,0.0,0.8498539011710033,89,0.8591374307082937,86,0.967741935483871,0.90625,0.913580838218991,0.6796253874140952,0.7820713447380588
California,T060_P10_H0800_I0800_CN010_F1,T060_P10_H0800_I0800_F1,True,0.0,0.0,0.5877848108099251,503,0.5930842597291965,496,0.5806451612903226,0.78125,0.14473223013469672,0.9576404797197142,0.4746561829048916
California,T060_P10_H0800_I0800_CN020_F1,T060_P10_H0800_I0800_F1,True,0.0,0.0,0.78408251007156,198,0.7886058589352369,204,0.7741935483870968,0.78125,0.7549566652370553,0.926285765620087,0.6837265711135613
California,T060_P10_H0800_I0800_CN040_F1,T060_P10_H0800_I0800_F1,True,0.0,0.0,0.863277738734938,63,0.8709266730525003,64,0.9032258064516129,0.9375,0.8630072866843124,0.8624084804383956,0.7502471201003688
California,T060_P10_H0800_I0800_CN060_F1,T060_P10_H0800_I0800_F1,False,0.0,0.0,0.8550875543972193,78,0.8614543971563026,78,0.8709677419354839,0.96875,0.8912222340752147,0.8008669092215784,0.7436308867538194
California,T060_P10_H0800_I0800_CN070_F1,T060_P10_H0800_I0800_F1,False,0.0,0.0,0.86424379148079,61,0.8709645997290825,63,0.9032258064516129,0.96875,0.9131671931570023,0.767266316309572,0.768809641485762
California,T060_P10_H0800_I0986_CN010_F1,T060_P10_H0800_I0986_F1,True,0.0,0.0,0.590921413956943,499,0.5878438274434459,498,0.2903225806451613,0.78125,0.5727111821322788,0.9584489960921708,0.3518743109151045
California,T060_P10_H1000_I0600_CN020_F1,T060_P10_H1000_I0600_F1,False,0.0,0.0,0.6833812943343298,398,0.6986426208411158,377,0.7096774193548387,0.78125,0.5982069575099465,0.9233212055877464,0.4044508892191171
California,T060_P10_H1000_I0600_CN030_F1,T060_P10_H1000_I0600_F1,False,0.0,0.0,0.7533694757874677,277,0.7594365861586914,276,0.8064516129032258,0.78125,0.5982069575099465,0.8958294030454117,0.6851094054787548
California,T060_P10_H1000_I0600_CN040_F1,T060_P10_H1000_I0600_F1,False,0.0,0.0,0.7604292614404968,258,0.7647598778756673,262,0.8064516129032258,0.8125,0.5982069575099465,0.8651484525894982,0.7198392841998135
California,T060_P10_H1000_I0600_CN050_F1,T060_P10_H1000_I0600_F1,False,0.0,0.0,0.8252613665915526,114,0.8275683437860534,118,0.8387096774193549,0.875,0.7857841077567214,0.834242914252347,0.7925701335293396
California,T060_P10_H1000_I0600_CN060_F1,T060_P10_H1000_I0600_F1,False,0.0,0.0,0.8257301607088567,113,0.8272546437222966,119,0.8387096774193549,0.84375,0.8305013160443987,0.8074697929299735,0.8082200171505569
California,T060_P10_H1000_I0600_CN070_F1,T060_P10_H1000_I0600_F1,False,0.0,0.0,0.8467365569620371,95,0.8544272334211189,94,0.9354838709677419,0.90625,0.8347923392934556,0.7754862327628801,0.7816703417861081
California,T060_P10_H1000_I0600_CN080_F1,T060_P10_H1000_I0600_F1,False,0.0,0.0,0.8439534712295085,99,0.8486683295861539,100,0.9032258064516129,0.90625,0.8567372983752448,0.7446256120019764,0.8089286393187088
California,T060_P10_H1000_I0600_CN090_F1,T060_P10_H1000_I0600_F1,False,0.0,0.0,0.8520664295623025,85,0.862666333534988,74,0.967741935483871,0.9375,0.8881416669025217,0.7112046893949602,0.7557438560301596
California,T060_P10_H1000_I0600_CN100_F1,T060_P10_H1000_I0600_F1,False,0.0,0.0,0.8528961969336439,83,0.862197064736041,76,0.967741935483871,0.9375,0.8952389453357174,0.6822755244127027,0.7817245794359283
California,T060_P10_H1000_I0800_CN010_F1,T060_P10_H1000_I0800_F1,True,0.0,0.0,0.5655501220067325,515,0.5726458070015754,504,0.6129032258064516,0.78125,0.006269988309084318,0.9563378700085344,0.47098952590959187
California,T060_P10_H1000_I0800_CN020_F1,T060_P10_H1000_I0800_F1,True,0.0,0.0,0.7658670138927566,239,0.773610318655,236,0.7741935483870968,0.78125,0.7271553629081823,0.9274087050262767,0.6193274531422268
California,T060_P10_H1000_I0800_CN040_F1,T060_P10_H1000_I0800_F1,True,0.0,0.0,0.8316367047320901,108,0.8293397669364504,116,0.7741935483870968,0.84375,0.8540159492827658,0.8660917216906977,0.8201323042998897
California,T060_P10_H1000_I0800_CN060_F1,T060_P10_H1000_I0800_F1,False,0.0,0.0,0.8736894581249761,44,0.8824523506810809,44,0.9354838709677419,0.96875,0.9055909572835323,0.7983964425279613,0.7602260198456449
California,T060_P10_H1000_I0800_CN070_F1,T060_P10_H1000_I0800_F1,False,0.0,0.0,0.8180946388526191,125,0.819309799313076,134,0.8387096774193549,0.8125,0.8567372983752478,0.7681197502582761,0.8144064682102168
California,T060_P10_H1000_I0800_CN080_F1,T060_P10_H1000_I0800_F1,False,0.0,0.0,0.8758613130379368,40,0.8863545199945824,36,0.967741935483871,1.0,0.9194371814660669,0.7342496518887841,0.757877796350962
California,T060_P10_H1000_I0800_CN090_F1,T060_P10_H1000_I0800_F1,False,0.0,0.0,0.8818290780305034,29,0.890149666998032,29,0.967741935483871,1.0,0.9351121522388006,0.7049611462965458,0.8013301561333
California,T060_P10_H1000_I0800_CN100_F1,T060_P10_H1000_I0800_F1,False,0.0,0.0,0.8769920764734402,38,0.8849699012769399,38,0.967741935483871,1.0,0.9351121522388006,0.6739208552306518,0.8081854394138779
California,T060_P10_H1000_I0986_CN050_F1,T060_P10_H1000_I0986_F1,False,0.0,0.0,0.8826169402382854,27,0.8929074228644546,23,0.967741935483871,0.96875,0.8878738861518221,0.8267865965952478,0.7619322829604864
California,T060_P10_H1000_I0986_CN060_F1,T060_P10_H1000_I0986_F1,False,0.0,0.0,0.8624117249933555,66,0.8744507049698822,55,0.967741935483871,0.9375,0.8818172516115882,0.7980371019179805,0.7269623359533375
California,T060_P10_H1000_I0986_CN070_F1,T060_P10_H1000_I0986_F1,False,0.0,0.0,0.8598798606808995,69,0.8731580959344828,59,1.0,0.875,0.9257071697751786,0.7642568387009837,0.734435294928335
California,T120_P03_H0500_I0600_CN010_F1,T120_P03_H0500_I0600_F1,False,0.0,0.0,0.3592158838204758,541,0.3646937753096105,539,0.22580645161290322,0.59375,0.31605748360114316,0.5442168620581233,0.11624862183020938
California,T120_P03_H0500_I0600_CN020_F1,T120_P03_H0500_I0600_F1,False,0.0,0.0,0.6391744313030834,436,0.6338786559433552,434,0.5806451612903226,0.59375,0.8531843050001033,0.48173202174010693,0.6865606684848835
California,T120_P03_H0500_I0600_CN030_F1,T120_P03_H0500_I0600_F1,False,0.0,0.0,0.6439936437169378,430,0.6288181898885025,443,0.5161290322580645,0.59375,0.8650951057080902,0.4253559717917621,0.8196381088267722
California,T120_P03_H0500_I0600_CN040_F1,T120_P03_H0500_I0600_F1,False,0.0,0.0,0.6398183865251057,435,0.630024700180639,440,0.5806451612903226,0.59375,0.8807700764807989,0.36740780667475176,0.7765188881796551
California,T120_P03_H0500_I0600_CN050_F1,T120_P03_H0500_I0600_F1,False,0.0,0.0,0.6352517561076177,446,0.6237455124603019,456,0.5806451612903226,0.59375,0.8805110040471957,0.31058258096393115,0.810770034236639
California,T120_P03_H0500_I0600_CN060_F1,T120_P03_H0500_I0600_F1,False,0.0,0.0,0.6203612947572513,476,0.6099735446978193,480,0.5806451612903226,0.59375,0.8867809923562769,0.2522301576606926,0.7884001624789646
California,T120_P03_H0500_I0600_CN070_F1,T120_P03_H0500_I0600_F1,True,0.0,0.0,0.6171964183132422,482,0.6052223222896715,488,0.5806451612903226,0.59375,0.8949319771580911,0.19652787135606165,0.820127081761736
California,T120_P03_H0500_I0600_CN080_F1,T120_P03_H0500_I0600_F1,False,0.0,0.0,0.6053454085661591,492,0.5933908970606643,495,0.5806451612903226,0.59375,0.8948253002736579,0.13777118986659478,0.8197353914002204
California,T120_P03_H0500_I0600_CN090_F1,T120_P03_H0500_I0600_F1,False,0.0,0.0,0.5900399629746432,501,0.5782791205923421,501,0.5806451612903226,0.59375,0.878682257457043,0.08126038718950723,0.8158620089363429
California,T120_P03_H0500_I0600_CN100_F1,T120_P03_H0500_I0600_F1,False,0.0,0.0,0.5840105228996969,505,0.5720320747609983,505,0.5806451612903226,0.59375,0.9027150355625886,0.02272829358127837,0.8202141240642952
California,T120_P03_H0500_I0800_CN000_F1,T120_P03_H0500_I0800_F1,False,0.0,0.0,0.2699457167335555,548,0.26156311012545364,548,0.25806451612903225,0.0,0.025602452262094233,0.6403449669855815,0.42571664829106937
California,T120_P03_H0500_I0800_CN010_F1,T120_P03_H0500_I0800_F1,False,0.0,0.0,0.6161353761613991,483,0.6132818776309081,476,0.6774193548387096,0.625,0.4793384291502182,0.5644297713695369,0.7344893254485313
California,T120_P03_H0500_I0800_CN020_F1,T120_P03_H0500_I0800_F1,False,0.0,0.0,0.6528176742070639,419,0.6471846577854232,421,0.6774193548387096,0.71875,0.5765232479410316,0.5013160849840542,0.7900796832715244
California,T120_P03_H0500_I0800_CN030_F1,T120_P03_H0500_I0800_F1,False,0.0,0.0,0.6317151733839749,456,0.6252684103451146,452,0.6774193548387096,0.65625,0.5762619984281465,0.4422898980371019,0.8063546156159165
California,T120_P03_H0500_I0800_CN040_F1,T120_P03_H0500_I0800_F1,False,0.0,0.0,0.6323975853831831,454,0.6261030474620934,448,0.6774193548387096,0.71875,0.582793236250116,0.3797152225665903,0.8033101132604992
California,T120_P03_H0500_I0800_CN050_F1,T120_P03_H0500_I0800_F1,False,0.0,0.0,0.6340050817421776,450,0.6273835417162471,447,0.6774193548387096,0.78125,0.5827932362501129,0.3187126622647442,0.8098501553573217
California,T120_P03_H0500_I0800_CN060_F1,T120_P03_H0500_I0800_F1,False,0.0,0.0,0.647424184805893,428,0.6441939882166409,422,0.7419354838709677,0.84375,0.5859282304046581,0.2589677940978305,0.8065394156560085
California,T120_P03_H0500_I0800_CN070_F1,T120_P03_H0500_I0800_F1,False,0.0,0.0,0.6197633463819944,477,0.6154756340124083,471,0.7096774193548387,0.8125,0.5827932362501129,0.19841440955846024,0.7954316667465603
California,T120_P03_H0500_I0800_CN080_F1,T120_P03_H0500_I0800_F1,False,0.0,0.0,0.6222986565563808,469,0.6195680465161917,466,0.7419354838709677,0.84375,0.5926118637757798,0.13664825046040516,0.7965476846747517
California,T120_P03_H0500_I0800_CN090_F1,T120_P03_H0500_I0800_F1,False,0.0,0.0,0.6100913154755753,489,0.6069231365268966,484,0.7419354838709677,0.84375,0.5827932362501129,0.07667879441225352,0.8052990628445423
California,T120_P03_H0500_I0800_CN100_F1,T120_P03_H0500_I0800_F1,False,0.0,0.0,0.615316355485421,485,0.6148636626168854,473,0.8064516129032258,0.84375,0.595333212868277,0.015541481381664632,0.8155054702739374
California,T120_P03_H0500_I0986_CN010_F1,T120_P03_H0500_I0986_F1,False,0.0,0.0,0.5306122815115271,527,0.5267532230394703,524,0.5161290322580645,0.53125,0.4178925437211971,0.5944796298791717,0.5933102016992021
California,T120_P03_H0500_I0986_CN020_F1,T120_P03_H0500_I0986_F1,True,0.0,0.0,0.5683768273580996,514,0.5535783435017765,516,0.5161290322580645,0.53125,0.43356751449390796,0.5488388806539999,0.8120987093845254
California,T120_P03_H0500_I0986_CN030_F1,T120_P03_H0500_I0986_F1,False,0.0,0.0,0.5751383255437496,512,0.5663223512221648,510,0.6129032258064516,0.53125,0.45551247357568936,0.4868032160984593,0.7892227122381477
California,T120_P03_H0500_I0986_CN040_F1,T120_P03_H0500_I0986_F1,False,0.0,0.0,0.5648400706089227,516,0.556069575890425,514,0.6129032258064516,0.53125,0.4555124735757031,0.4362215334860531,0.7883131201764056
California,T120_P03_H0500_I0986_CN050_F1,T120_P03_H0500_I0986_F1,False,0.0,0.0,0.5586250982337446,518,0.5495507170764378,517,0.6129032258064516,0.53125,0.4711874443484132,0.3833939720612676,0.7943908489525908
California,T120_P03_H0500_I0986_CN060_F1,T120_P03_H0500_I0986_F1,False,0.0,0.0,0.5470858729079003,521,0.5373768445620598,520,0.6129032258064516,0.53125,0.4555124735757031,0.3286798724340835,0.8070837927232635
California,T120_P03_H0500_I0986_CN070_F1,T120_P03_H0500_I0986_F1,False,0.0,0.0,0.539074318487911,525,0.5299668612556316,522,0.6129032258064516,0.53125,0.4837274209665826,0.27243857521448145,0.7950523704520394
California,T120_P03_H0500_I0986_CN080_F1,T120_P03_H0500_I0986_F1,False,0.0,0.0,0.526624864706919,528,0.5173995739575504,529,0.6129032258064516,0.53125,0.4711874443484132,0.22037461258590485,0.7974090407938258
California,T120_P03_H0500_I0986_CN090_F1,T120_P03_H0500_I0986_F1,False,0.0,0.0,0.5211439007460349,529,0.5113211733924766,530,0.6129032258064516,0.53125,0.4868624151211173,0.16534608992498764,0.8093577728776182
California,T120_P03_H0500_I0986_CN100_F1,T120_P03_H0500_I0986_F1,False,0.0,0.0,0.5163113001090301,531,0.5065981372538181,531,0.6129032258064516,0.53125,0.518212356666526,0.11202443516147868,0.8071664829106945
California,T120_P03_H0800_I0600_CN010_F1,T120_P03_H0800_I0600_F1,False,0.0,0.0,0.27875469339709014,547,0.2868192095261224,546,0.16129032258064516,0.53125,0.14938029438459244,0.551852850020213,0.0
California,T120_P03_H0800_I0600_CN020_F1,T120_P03_H0800_I0600_F1,False,0.0,0.0,0.6182369377900568,480,0.6133496957893692,475,0.5483870967741935,0.59375,0.8165571232945369,0.4863585320936082,0.6461319367879454
California,T120_P03_H0800_I0600_CN030_F1,T120_P03_H0800_I0600_F1,False,0.0,0.0,0.6325942236908273,452,0.6215764230719847,460,0.5483870967741935,0.59375,0.8228271116035939,0.42926380092530203,0.7687431091510472
California,T120_P03_H0800_I0600_CN040_F1,T120_P03_H0800_I0600_F1,False,0.0,0.0,0.6351317704588274,447,0.6244219638799268,454,0.5806451612903226,0.59375,0.8347923392934556,0.3716300588420249,0.7948412928683337
California,T120_P03_H0800_I0600_CN050_F1,T120_P03_H0800_I0600_F1,False,0.0,0.0,0.6289878492954071,464,0.6175642958355224,470,0.5806451612903226,0.59375,0.8477459609736815,0.3136818937250146,0.809116230488017
California,T120_P03_H0800_I0600_CN060_F1,T120_P03_H0800_I0600_F1,False,0.0,0.0,0.6193019023484676,479,0.6080393771483172,483,0.5806451612903226,0.59375,0.8610239674656499,0.2551947176930333,0.8058956652933325
California,T120_P03_H0800_I0600_CN070_F1,T120_P03_H0800_I0600_F1,False,0.0,0.0,0.6125482830562693,487,0.600552426457059,490,0.5806451612903226,0.59375,0.8677076008368719,0.2000763598796209,0.8205622932745312
California,T120_P03_H0800_I0600_CN080_F1,T120_P03_H0800_I0600_F1,False,0.0,0.0,0.5999534832831541,495,0.5880947183104741,497,0.5806451612903226,0.59375,0.8661422808388773,0.14140951354264922,0.8178204607439213
California,T120_P03_H0800_I0600_CN090_F1,T120_P03_H0800_I0600_F1,False,0.0,0.0,0.5901303340143729,500,0.5780757238609352,502,0.5806451612903226,0.59375,0.8704289499293585,0.08409019449310513,0.8217373643590784
California,T120_P03_H0800_I0600_CN100_F1,T120_P03_H0800_I0600_F1,False,0.0,0.0,0.5779884258522052,508,0.5663603229813069,509,0.5806451612903226,0.59375,0.8776350823262399,0.024704666936172126,0.8132072187082919
California,T120_P03_H0800_I0800_CN000_F1,T120_P03_H0800_I0800_F1,False,0.0,0.0,0.3073385504206293,544,0.2923427928972195,544,0.1935483870967742,0.0,0.21683709568916676,0.6328437317522346,0.49346353756497086
California,T120_P03_H0800_I0800_CN010_F1,T120_P03_H0800_I0800_F1,True,0.0,0.0,0.629170228576019,463,0.6245708394972669,453,0.6774193548387096,0.5625,0.5702532596319458,0.5662713919956879,0.7694071364137516
California,T120_P03_H0800_I0800_CN020_F1,T120_P03_H0800_I0800_F1,False,0.0,0.0,0.6360897004873881,444,0.629280228217296,441,0.6774193548387096,0.59375,0.5921982187137393,0.5034721286439384,0.8136088002405533
California,T120_P03_H0800_I0800_CN030_F1,T120_P03_H0800_I0800_F1,False,0.0,0.0,0.6377561633573834,441,0.6308358110632358,438,0.6774193548387096,0.65625,0.5953332128682847,0.44395184835826257,0.8158264007216596
California,T120_P03_H0800_I0800_CN040_F1,T120_P03_H0800_I0800_F1,False,0.0,0.0,0.6307412497535518,459,0.62588908697411,451,0.7096774193548387,0.65625,0.59846820702281,0.3825899474464358,0.8067206749436746
California,T120_P03_H0800_I0800_CN050_F1,T120_P03_H0800_I0800_F1,False,0.0,0.0,0.6262665368401354,466,0.6210656371832668,462,0.7096774193548387,0.6875,0.59846820702281,0.321991645330818,0.8136954124922101
California,T120_P03_H0800_I0800_CN060_F1,T120_P03_H0800_I0800_F1,False,0.0,0.0,0.6391506472976722,437,0.6356637665849363,433,0.7419354838709677,0.78125,0.59846820702281,0.2624264474688946,0.8116730981256889
California,T120_P03_H0800_I0800_CN070_F1,T120_P03_H0800_I0800_F1,False,0.0,0.0,0.6204137283975375,475,0.6131363048394829,477,0.6774193548387096,0.78125,0.6190524915583773,0.2013789695908009,0.8229678259997995
California,T120_P03_H0800_I0800_CN080_F1,T120_P03_H0800_I0800_F1,False,0.0,0.0,0.6104237284402151,488,0.606330158249815,486,0.7096774193548387,0.78125,0.6284574740219855,0.1411849256614113,0.7915488231628397
California,T120_P03_H0800_I0800_CN090_F1,T120_P03_H0800_I0800_F1,False,0.0,0.0,0.6223483490382831,468,0.621037078276822,463,0.7741935483870968,0.8125,0.6441324447947023,0.08049678839329828,0.8004189636163174
California,T120_P03_H0800_I0800_CN100_F1,T120_P03_H0800_I0800_F1,False,0.0,0.0,0.6193917971253772,478,0.6191633218804528,467,0.8064516129032258,0.8125,0.6472674389492568,0.019718815972690096,0.811021117801713
California,T120_P03_H0800_I0986_CN000_F1,T120_P03_H0800_I0986_F1,True,0.0,0.0,0.3045343322071,546,0.28603014815982813,547,0.1935483870967742,0.0625,0.042792670209500505,0.6601985356870143,0.5636320680422111
California,T120_P03_H0800_I0986_CN010_F1,T120_P03_H0800_I0986_F1,False,0.0,0.0,0.605873246819572,490,0.6044221674014264,489,0.7096774193548387,0.53125,0.46491745603932966,0.5848223509859408,0.7386990077177505
California,T120_P03_H0800_I0986_CN020_F1,T120_P03_H0800_I0986_F1,False,0.0,0.0,0.6971480678150177,385,0.6993287393769799,374,0.8064516129032258,0.53125,0.8677141320746969,0.5174864124331852,0.7628381816639808
California,T120_P03_H0800_I0986_CN030_F1,T120_P03_H0800_I0986_F1,False,0.0,0.0,0.6964168817964772,386,0.7000805905847548,373,0.8387096774193549,0.53125,0.8922715862852773,0.45441764362395004,0.7654355016538037
California,T120_P03_H0800_I0986_CN040_F1,T120_P03_H0800_I0986_F1,False,0.0,0.0,0.6886206229750091,392,0.6913226755094585,390,0.8387096774193549,0.53125,0.8955089031656943,0.3929659075596281,0.7846686267303684
California,T120_P03_H0800_I0986_CN050_F1,T120_P03_H0800_I0986_F1,False,0.0,0.0,0.6803943509243606,403,0.6822649076851971,399,0.8387096774193549,0.53125,0.9006816435206905,0.33003189147913575,0.8012985422026213
California,T120_P03_H0800_I0986_CN060_F1,T120_P03_H0800_I0986_F1,False,0.0,0.0,0.6697316756985597,411,0.671145905128758,407,0.8387096774193549,0.53125,0.9006816435206905,0.26759196873736696,0.8104250888153862
California,T120_P03_H0800_I0986_CN070_F1,T120_P03_H0800_I0986_F1,False,0.0,0.0,0.6572285304004565,417,0.6585386314464823,416,0.8387096774193549,0.53125,0.8971308272248176,0.20654449085927326,0.8125076564988363
California,T120_P03_H0800_I0986_CN080_F1,T120_P03_H0800_I0986_F1,False,0.0,0.0,0.6493131889117946,423,0.6503093735055357,418,0.8387096774193549,0.53125,0.9132216201388599,0.1445986614562278,0.81878598554453
California,T120_P03_H0800_I0986_CN090_F1,T120_P03_H0800_I0986_F1,False,0.0,0.0,0.6422270685757424,432,0.6434330412375959,423,0.8387096774193549,0.5625,0.9132216201388599,0.08211382113821138,0.8145902241822859
California,T120_P03_H0800_I0986_CN100_F1,T120_P03_H0800_I0986_F1,False,0.0,0.0,0.6293499312539297,462,0.6306217498057747,439,0.8387096774193549,0.5625,0.9132216201388599,0.019045052328976315,0.8132733063824574
California,T120_P03_H1000_I0600_CN020_F1,T120_P03_H1000_I0600_F1,False,0.0,0.0,0.5992920047515181,496,0.5953624164137113,493,0.5161290322580645,0.59375,0.8014590785294322,0.490401113955891,0.5947207990142032
California,T120_P03_H1000_I0600_CN030_F1,T120_P03_H1000_I0600_F1,False,0.0,0.0,0.6341493962210036,449,0.6200075697354569,465,0.5161290322580645,0.59375,0.8296740259203118,0.4322283609576427,0.7989655619689991
California,T120_P03_H1000_I0600_CN040_F1,T120_P03_H1000_I0600_F1,False,0.0,0.0,0.6311813024319595,457,0.620469319795495,464,0.5806451612903226,0.59375,0.8108640609930587,0.3757624758568028,0.7948848140196134
California,T120_P03_H1000_I0600_CN050_F1,T120_P03_H1000_I0600_F1,False,0.0,0.0,0.6221976904474238,470,0.6119426798993943,479,0.5806451612903226,0.59375,0.8328090200748525,0.3180388986210304,0.7857453722509136
California,T120_P03_H1000_I0600_CN060_F1,T120_P03_H1000_I0600_F1,False,0.0,0.0,0.6175523559652855,481,0.6060809292389933,487,0.5806451612903226,0.59375,0.8422140025384713,0.261078920181467,0.8100736958161666
California,T120_P03_H1000_I0600_CN070_F1,T120_P03_H1000_I0600_F1,False,0.0,0.0,0.6055519824166298,491,0.5944678939367255,494,0.5806451612903226,0.59375,0.8479070648399586,0.20313075506445674,0.8023269308884116
California,T120_P03_H1000_I0600_CN080_F1,T120_P03_H1000_I0600_F1,False,0.0,0.0,0.5985755708966248,497,0.5867276862117649,499,0.5806451612903226,0.59375,0.8547539791566324,0.14612585904864572,0.8176028549875237
California,T120_P03_H1000_I0600_CN090_F1,T120_P03_H1000_I0600_F1,False,0.0,0.0,0.5869199702358139,504,0.5748827685428879,503,0.5806451612903226,0.59375,0.8510420589944978,0.08777343574540715,0.821389195148842
California,T120_P03_H1000_I0600_CN100_F1,T120_P03_H1000_I0600_F1,False,0.0,0.0,0.5776091178693042,510,0.565602380982274,511,0.5806451612903226,0.59375,0.861023967465732,0.031846561559538245,0.8207798990309289
California,T120_P03_H1000_I0800_CN000_F1,T120_P03_H1000_I0800_F1,True,0.0,0.0,0.3246339094993897,543,0.3106330937117879,543,0.22580645161290322,0.03125,0.22650332766567183,0.633787000853434,0.5058227673649394
California,T120_P03_H1000_I0800_CN010_F1,T120_P03_H1000_I0800_F1,True,0.0,0.0,0.6459784920119352,429,0.6426213350670913,424,0.6774193548387096,0.65625,0.5859282304046581,0.5657323810807169,0.7445624937355918
California,T120_P03_H1000_I0800_CN020_F1,T120_P03_H1000_I0800_F1,False,0.0,0.0,0.658603191458021,416,0.6517241842575893,417,0.6774193548387096,0.6875,0.6078731894864533,0.5052239141175942,0.8149994988473488
California,T120_P03_H1000_I0800_CN030_F1,T120_P03_H1000_I0800_F1,False,0.0,0.0,0.6476479396864959,426,0.640396826642624,427,0.6774193548387096,0.65625,0.6378624564856272,0.44426627139199565,0.8224416157161469
California,T120_P03_H1000_I0800_CN040_F1,T120_P03_H1000_I0800_F1,False,0.0,0.0,0.6477576265876461,425,0.6403242192669376,428,0.6774193548387096,0.71875,0.6329531427227573,0.38357813412388264,0.8260875012528814
California,T120_P03_H1000_I0800_CN050_F1,T120_P03_H1000_I0800_F1,False,0.0,0.0,0.6348877034133593,448,0.627644107659254,446,0.6774193548387096,0.71875,0.6329531427227573,0.3230247495845124,0.8222912699208177
California,T120_P03_H1000_I0800_CN060_F1,T120_P03_H1000_I0800_F1,False,0.0,0.0,0.6309698190458368,458,0.6260942873003819,449,0.7096774193548387,0.71875,0.6566724214127707,0.26256120019763735,0.8071880542639374
California,T120_P03_H1000_I0800_CN070_F1,T120_P03_H1000_I0800_F1,False,0.0,0.0,0.6388478213484022,438,0.6373678626045818,432,0.7741935483870968,0.75,0.6629424097219615,0.20331042536944707,0.8037927232635058
California,T120_P03_H1000_I0800_CN080_F1,T120_P03_H1000_I0800_F1,False,0.0,0.0,0.6294547477005364,461,0.6280674019666388,445,0.7741935483870968,0.78125,0.647267438949202,0.14262228810133404,0.8019404630650495
California,T120_P03_H1000_I0800_CN090_F1,T120_P03_H1000_I0800_F1,False,0.0,0.0,0.6220253266263649,472,0.6218922631361686,459,0.8064516129032258,0.75,0.6629424097219615,0.08161972779948794,0.8091128827071491
California,T120_P03_H1000_I0800_CN100_F1,T120_P03_H1000_I0800_F1,False,0.0,0.0,0.6215188809775365,473,0.6215146233562233,461,0.8064516129032258,0.78125,0.6915710021748891,0.021785024480079056,0.8065367653294885
California,T120_P03_H1000_I0986_CN000_F1,T120_P03_H1000_I0986_F1,True,0.0,0.0,0.30670177081056593,545,0.28747507966286173,545,0.16129032258064516,0.0625,0.1054925533003439,0.6584018326371109,0.5458241455347298
California,T120_P03_H1000_I0986_CN010_F1,T120_P03_H1000_I0986_F1,False,0.0,0.0,0.6403975714052079,434,0.6405960925199008,426,0.6774193548387096,0.53125,0.7376075205026484,0.5822620491398284,0.673448932544853
California,T120_P03_H1000_I0986_CN020_F1,T120_P03_H1000_I0986_F1,False,0.0,0.0,0.6801097251899766,404,0.6763936536813273,403,0.7096774193548387,0.53125,0.856114653702891,0.5195077033643264,0.7839988495278272
California,T120_P03_H1000_I0986_CN030_F1,T120_P03_H1000_I0986_F1,False,0.0,0.0,0.6787716675357329,405,0.6765974935484655,402,0.7419354838709677,0.53125,0.8783208622975647,0.45693302789381485,0.7854189636163175
California,T120_P03_H1000_I0986_CN040_F1,T120_P03_H1000_I0986_F1,False,0.0,0.0,0.6818184011511559,402,0.6825138297311828,398,0.8064516129032258,0.53125,0.8839050706353433,0.3949422809145218,0.7925430413026883
California,T120_P03_H1000_I0986_CN050_F1,T120_P03_H1000_I0986_F1,False,0.0,0.0,0.6725114577648132,409,0.6725723981758978,406,0.8064516129032258,0.53125,0.8866264197278275,0.33299645151147644,0.8052328046815367
California,T120_P03_H1000_I0986_CN060_F1,T120_P03_H1000_I0986_F1,False,0.0,0.0,0.6706888687319632,410,0.6703172758549466,408,0.8064516129032258,0.5625,0.8984806163746586,0.2721286439383731,0.8138834704435587
California,T120_P03_H1000_I0986_CN070_F1,T120_P03_H1000_I0986_F1,False,0.0,0.0,0.6498549861413133,421,0.6500479128131053,419,0.8064516129032258,0.53125,0.8994711874443371,0.2095090508916139,0.8025930794673903
California,T120_P03_H1000_I0986_CN080_F1,T120_P03_H1000_I0986_F1,False,0.0,0.0,0.6381994638717786,440,0.6376942945381425,431,0.8064516129032258,0.53125,0.8897614138823697,0.14697929299734983,0.8165549995759478
California,T120_P03_H1000_I0986_CN090_F1,T120_P03_H1000_I0986_F1,False,0.0,0.0,0.6285836773113409,465,0.6281023609163868,444,0.8064516129032258,0.53125,0.9049138856293238,0.08422494722184788,0.8160779408023067
California,T120_P03_H1000_I0986_CN100_F1,T120_P03_H1000_I0986_F1,False,0.0,0.0,0.6221015749099967,471,0.6219875937707463,458,0.8064516129032258,0.53125,0.9414365675297386,0.022638458428783165,0.8087312356882366
California,T120_P05_H0500_I0600_CN010_F1,T120_P05_H0500_I0600_F1,False,0.0,0.0,0.5893055347510903,502,0.5599371810860478,513,0.03225806451612903,0.78125,0.9583524734885525,0.5550419979337915,0.6196251378169789
California,T120_P05_H0500_I0600_CN020_F1,T120_P05_H0500_I0600_F1,False,0.0,0.0,0.7198404846179404,343,0.7265912937369786,332,0.8387096774193549,0.78125,0.7867202518445325,0.48882899878722547,0.7036934950385887
California,T120_P05_H0500_I0600_CN030_F1,T120_P05_H0500_I0600_F1,False,0.0,0.0,0.7508121211278408,285,0.7593350051849765,277,0.9032258064516129,0.875,0.8145215541733508,0.4285451197053407,0.7327681253088999
California,T120_P05_H0500_I0600_CN040_F1,T120_P05_H0500_I0600_F1,False,0.0,0.0,0.7694302014653764,232,0.7775384633709852,230,0.9354838709677419,0.90625,0.8615464664914901,0.3705520370120829,0.7733186328555675
California,T120_P05_H0500_I0600_CN050_F1,T120_P05_H0500_I0600_F1,False,0.0,0.0,0.7691860629382439,233,0.7785949614693816,229,0.967741935483871,0.90625,0.8861039207020693,0.306270493644163,0.7795639648611158
California,T120_P05_H0500_I0600_CN060_F1,T120_P05_H0500_I0600_F1,False,0.0,0.0,0.7643157902521727,244,0.7725923667005846,240,0.967741935483871,0.90625,0.8972788686154463,0.24809774064591475,0.8022104065156309
California,T120_P05_H0500_I0600_CN070_F1,T120_P05_H0500_I0600_F1,False,0.0,0.0,0.7490890874348137,289,0.7573429907673174,283,0.967741935483871,0.875,0.9125401943260996,0.18749943853029694,0.8026638688338015
California,T120_P05_H0500_I0600_CN080_F1,T120_P05_H0500_I0600_F1,False,0.0,0.0,0.7467058735702548,297,0.7575615447389428,281,1.0,0.90625,0.918390006335306,0.12600278488972735,0.7828865766262403
California,T120_P05_H0500_I0600_CN090_F1,T120_P05_H0500_I0600_F1,False,0.0,0.0,0.7384425071291839,310,0.7459575336256096,308,0.967741935483871,0.90625,0.9331288330202019,0.06765036158648878,0.8174414055553578
California,T120_P05_H0500_I0600_CN100_F1,T120_P05_H0500_I0600_F1,False,0.0,0.0,0.7307236848836854,322,0.7384320997216837,320,0.967741935483871,0.90625,0.9587312852822956,0.00732156492835645,0.8135736387239038
California,T120_P05_H0500_I0800_CN010_F1,T120_P05_H0500_I0800_F1,False,0.0,0.0,0.683294400574243,399,0.6978134022184713,379,0.8064516129032258,0.84375,0.69309060350815,0.5571082064411804,0.5160715800186583
California,T120_P05_H0500_I0800_CN020_F1,T120_P05_H0500_I0800_F1,False,0.0,0.0,0.762060973506231,251,0.7683070260232383,257,0.9032258064516129,0.84375,0.7934104164534964,0.49161388851457577,0.7783047561114702
California,T120_P05_H0500_I0800_CN030_F1,T120_P05_H0500_I0800_F1,False,0.0,0.0,0.8065502678533403,144,0.8166100181823229,137,0.967741935483871,1.0,0.8690639212245644,0.4293985536540448,0.7665469289042214
California,T120_P05_H0500_I0800_CN040_F1,T120_P05_H0500_I0800_F1,False,0.0,0.0,0.7964154046011181,170,0.8044132350951253,164,0.967741935483871,1.0,0.8373003346170894,0.3692494273009029,0.8077853256037273
California,T120_P05_H0500_I0800_CN050_F1,T120_P05_H0500_I0800_F1,False,0.0,0.0,0.7906000641716509,188,0.7982978093080452,182,0.967741935483871,1.0,0.8655152820079693,0.3059560706104299,0.8137870327559836
California,T120_P05_H0500_I0800_CN060_F1,T120_P05_H0500_I0800_F1,False,0.0,0.0,0.7832546084917429,201,0.7907082842039455,198,0.967741935483871,1.0,0.8843252469352223,0.2455374387998024,0.8186684212398192
California,T120_P05_H0500_I0800_CN070_F1,T120_P05_H0500_I0800_F1,False,0.0,0.0,0.7715996273130046,226,0.7824023250803694,218,1.0,1.0,0.8905952352443067,0.18345685666801423,0.7839460446527012
California,T120_P05_H0500_I0800_CN080_F1,T120_P05_H0500_I0800_F1,False,0.0,0.0,0.763388670705948,246,0.7738102183906228,234,1.0,1.0,0.9035488569245329,0.12182545029870188,0.791569046306505
California,T120_P05_H0500_I0800_CN090_F1,T120_P05_H0500_I0800_F1,False,0.0,0.0,0.7532614472339325,278,0.763620977278034,265,1.0,1.0,0.9125401943260931,0.060957642725598525,0.7928093991179712
California,T120_P05_H0500_I0800_CN100_F1,T120_P05_H0500_I0800_F1,False,0.0,0.0,0.7458260534832312,301,0.7556235486596369,287,1.0,1.0,0.9250801709442705,0.0,0.8040500964718854
California,T120_P05_H0500_I0986_CN010_F1,T120_P05_H0500_I0986_F1,False,0.0,0.0,0.6640507579681355,415,0.6749412512640063,404,0.7741935483870968,0.78125,0.6332165693149427,0.5752099896689574,0.5563836824696801
California,T120_P05_H0500_I0986_CN020_F1,T120_P05_H0500_I0986_F1,False,0.0,0.0,0.7610974848729464,256,0.762784285661714,266,0.8387096774193549,0.84375,0.8034423977480339,0.5146116875533396,0.8049736616440033
California,T120_P05_H0500_I0986_CN030_F1,T120_P05_H0500_I0986_F1,False,0.0,0.0,0.7280657012830298,327,0.7258712993198049,334,0.7741935483870968,0.78125,0.7967544102183445,0.4700489601581099,0.8180815876515984
California,T120_P05_H0500_I0986_CN040_F1,T120_P05_H0500_I0986_F1,False,0.0,0.0,0.7464771694934844,299,0.7478944615232174,304,0.8387096774193549,0.84375,0.8379273334479583,0.4016349997754121,0.8103638368246968
California,T120_P05_H0500_I0986_CN050_F1,T120_P05_H0500_I0986_F1,False,0.0,0.0,0.7277382523948979,328,0.7254760444779793,335,0.7741935483870968,0.84375,0.8406443283819349,0.36066567847998926,0.8194377067254686
California,T120_P05_H0500_I0986_CN060_F1,T120_P05_H0500_I0986_F1,False,0.0,0.0,0.727338792320807,329,0.7287851790461176,330,0.8387096774193549,0.84375,0.8567372983752508,0.2877150428962853,0.8097819429131445
California,T120_P05_H0500_I0986_CN070_F1,T120_P05_H0500_I0986_F1,False,0.0,0.0,0.6932861814435476,388,0.691151316415273,391,0.7741935483870968,0.78125,0.8410623276025263,0.25303418227552443,0.8168908489525909
California,T120_P05_H0500_I0986_CN080_F1,T120_P05_H0500_I0986_F1,False,0.0,0.0,0.7065575943949758,373,0.7079840742233122,359,0.8387096774193549,0.84375,0.8657242816182721,0.1744239320846247,0.8101800808526277
California,T120_P05_H0500_I0986_CN090_F1,T120_P05_H0500_I0986_F1,False,0.0,0.0,0.6940485839506323,387,0.695597567760348,386,0.8387096774193549,0.84375,0.8625892874637056,0.1174639536450613,0.8077300012250397
California,T120_P05_H0500_I0986_CN100_F1,T120_P05_H0500_I0986_F1,False,0.0,0.0,0.7011551360935215,381,0.7026428679125475,369,0.8387096774193549,0.90625,0.8912222340751782,0.06063872793424067,0.8089550410388334
California,T120_P05_H0800_I0600_CN000_F1,T120_P05_H0800_I0600_F1,True,0.0,0.0,0.559241818236437,517,0.5355024545952235,521,0.0967741935483871,0.59375,0.89916857342527,0.6349548578358711,0.5715614663726568
California,T120_P05_H0800_I0600_CN010_F1,T120_P05_H0800_I0600_F1,False,0.0,0.0,0.5781789349871834,507,0.555427574600229,515,0.16129032258064516,0.78125,0.7750184507468516,0.5570183712886853,0.6163175303197352
California,T120_P05_H0800_I0600_CN020_F1,T120_P05_H0800_I0600_F1,False,0.0,0.0,0.7176464746107024,348,0.7223713741376789,339,0.8387096774193549,0.75,0.7612266535461403,0.494084355208193,0.7442116868798235
California,T120_P05_H0800_I0600_CN030_F1,T120_P05_H0800_I0600_F1,False,0.0,0.0,0.7525177248971286,281,0.759555036966278,275,0.9032258064516129,0.84375,0.8196921174490791,0.4334411355163275,0.7624795650686234
California,T120_P05_H0800_I0600_CN040_F1,T120_P05_H0800_I0600_F1,False,0.0,0.0,0.7716449197213519,225,0.7789056072057919,228,0.9354838709677419,0.90625,0.8510420589944916,0.37517854736558415,0.7902701212789416
California,T120_P05_H0800_I0600_CN050_F1,T120_P05_H0800_I0600_F1,False,0.0,0.0,0.7727622463581264,224,0.7808801109951788,222,0.967741935483871,0.90625,0.8708425949914171,0.3135920585725194,0.8053846427428246
California,T120_P05_H0800_I0600_CN060_F1,T120_P05_H0800_I0600_F1,False,0.0,0.0,0.7654351920939295,242,0.7736637548851235,235,0.967741935483871,0.90625,0.8960314021914365,0.25398194313434846,0.8031706796599921
California,T120_P05_H0800_I0600_CN070_F1,T120_P05_H0800_I0600_F1,False,0.0,0.0,0.7496993744388928,286,0.757689202656697,280,0.967741935483871,0.90625,0.8698520239217538,0.19670754166105198,0.8079453711277872
California,T120_P05_H0800_I0600_CN080_F1,T120_P05_H0800_I0600_F1,False,0.0,0.0,0.745263460308297,303,0.752970541433595,294,0.967741935483871,0.90625,0.9023013905005338,0.1364236625791672,0.8136003129779135
California,T120_P05_H0800_I0600_CN090_F1,T120_P05_H0800_I0600_F1,False,0.0,0.0,0.7362360343426974,315,0.7437937396455391,312,0.967741935483871,0.90625,0.913741942085335,0.07685846471724385,0.8165878294270369
California,T120_P05_H0800_I0600_CN100_F1,T120_P05_H0800_I0600_F1,False,0.0,0.0,0.7258164362137899,334,0.7332967861800026,324,0.967741935483871,0.90625,0.9226266026024803,0.01432870682297982,0.8181349361596186
California,T120_P05_H0800_I0800_CN010_F1,T120_P05_H0800_I0800_F1,False,0.0,0.0,0.7131502823092202,360,0.7206322860791814,343,0.7741935483870968,0.84375,0.7601272285127748,0.563127161658357,0.624553472987872
California,T120_P05_H0800_I0800_CN020_F1,T120_P05_H0800_I0800_F1,False,0.0,0.0,0.7749085384414558,218,0.781332969009643,220,0.8709677419354839,0.90625,0.8604470414581258,0.4943987782419261,0.7424791305717435
California,T120_P05_H0800_I0800_CN030_F1,T120_P05_H0800_I0800_F1,False,0.0,0.0,0.7998140290568279,158,0.8106406641885985,151,0.967741935483871,0.9375,0.9103456984179228,0.4322732785338903,0.7512092328484544
California,T120_P05_H0800_I0800_CN040_F1,T120_P05_H0800_I0800_F1,False,0.0,0.0,0.796026162155526,172,0.8064193406596338,159,0.967741935483871,0.96875,0.9118609455925345,0.3718995642995104,0.7598783654017143
California,T120_P05_H0800_I0800_CN050_F1,T120_P05_H0800_I0800_F1,False,0.0,0.0,0.807166981359319,142,0.8150247720197735,141,0.967741935483871,1.0,0.9482268777851924,0.3092799712527512,0.8105861222747803
California,T120_P05_H0800_I0800_CN060_F1,T120_P05_H0800_I0800_F1,False,0.0,0.0,0.7946099719401263,178,0.8023530633083378,170,0.967741935483871,1.0,0.9470251300260581,0.2454026860710596,0.812880108119643
California,T120_P05_H0800_I0800_CN070_F1,T120_P05_H0800_I0800_F1,False,0.0,0.0,0.789260085678446,191,0.7966977568382425,186,0.967741935483871,1.0,0.9744062560549969,0.1851637245654225,0.8189885122879396
California,T120_P05_H0800_I0800_CN080_F1,T120_P05_H0800_I0800_F1,False,0.0,0.0,0.7812410323691812,206,0.7909170763327976,197,1.0,1.0,0.9775412502095501,0.12218479090868255,0.8064791207276736
California,T120_P05_H0800_I0800_CN090_F1,T120_P05_H0800_I0800_F1,False,0.0,0.0,0.766777715899096,237,0.7769111399619404,231,1.0,1.0,0.9752400774167913,0.06131698333557922,0.7973315187431089
California,T120_P05_H0800_I0986_CN010_F1,T120_P05_H0800_I0986_F1,False,0.0,0.0,0.7320105812612816,321,0.7469875397866272,306,0.8709677419354839,0.90625,0.7438775088117328,0.5675290841306203,0.5714285714285713
California,T120_P05_H0800_I0986_CN020_F1,T120_P05_H0800_I0986_F1,False,0.0,0.0,0.798846998803498,163,0.8059370615094568,160,0.9032258064516129,0.96875,0.8554310508108584,0.5054035844225846,0.7614245523324333
California,T120_P05_H0800_I0986_CN030_F1,T120_P05_H0800_I0986_F1,False,0.0,0.0,0.8141043425299511,132,0.8225369633643218,130,0.967741935483871,0.96875,0.8943572282297341,0.44058303013969363,0.7990895187964573
California,T120_P05_H0800_I0986_CN040_F1,T120_P05_H0800_I0986_F1,False,0.0,0.0,0.8019131172146554,152,0.810135011442347,152,0.967741935483871,0.96875,0.8912222340752117,0.3785473655841531,0.8033040509300421
California,T120_P05_H0800_I0986_CN050_F1,T120_P05_H0800_I0986_F1,False,0.0,0.0,0.7971630637549192,168,0.8051702302378299,162,0.967741935483871,0.96875,0.9257071697751786,0.31601760768988907,0.8075986058256571
California,T120_P05_H0800_I0986_CN060_F1,T120_P05_H0800_I0986_F1,True,0.0,0.0,0.790988237540154,187,0.7985592799700006,181,0.967741935483871,0.96875,0.9476521288568902,0.25447603647307193,0.8163210868869365
California,T120_P05_H0800_I0986_CN070_F1,T120_P05_H0800_I0986_F1,False,0.0,0.0,0.7764997108791402,213,0.7843535004014932,214,0.967741935483871,0.96875,0.9445171347024012,0.19082333917261826,0.8106661450368104
California,T120_P05_H0800_I0986_CN080_F1,T120_P05_H0800_I0986_F1,False,0.0,0.0,0.7682100419812822,234,0.7757957552508344,233,0.967741935483871,0.96875,0.960192105475112,0.1283384988546018,0.8160276700928263
California,T120_P05_H0800_I0986_CN090_F1,T120_P05_H0800_I0986_F1,False,0.0,0.0,0.7573349474215092,268,0.7652767619820955,260,0.967741935483871,0.96875,0.9714258345289064,0.06985132282262048,0.8089056442721484
California,T120_P05_H0800_I0986_CN100_F1,T120_P05_H0800_I0986_F1,False,0.0,0.0,0.7469809684893003,296,0.7547854106417348,291,0.967741935483871,0.96875,0.9811900350727485,0.005569779454700607,0.8116530924351816
California,T120_P05_H1000_I0600_CN000_F1,T120_P05_H1000_I0600_F1,False,0.0,0.0,0.5462123593355231,522,0.5208342517849311,528,0.06451612903225806,0.5625,0.89916857342527,0.632798814175987,0.5720782800441013
California,T120_P05_H1000_I0600_CN010_F1,T120_P05_H1000_I0600_F1,False,0.0,0.0,0.5450039156061403,523,0.5262516609965752,525,0.1935483870967742,0.78125,0.6234414833747279,0.5581862282711225,0.5685934792880768
California,T120_P05_H1000_I0600_CN020_F1,T120_P05_H1000_I0600_F1,False,0.0,0.0,0.7325213417123986,320,0.7419809059961244,314,0.9032258064516129,0.78125,0.7674966418552247,0.49659973947805774,0.7140345207770976
California,T120_P05_H1000_I0600_CN030_F1,T120_P05_H1000_I0600_F1,False,0.0,0.0,0.7482003548202144,292,0.7556910372273482,286,0.9032258064516129,0.875,0.7737666301643094,0.43559717917621166,0.7534121583089379
California,T120_P05_H1000_I0600_CN040_F1,T120_P05_H1000_I0600_F1,False,0.0,0.0,0.7649422036115119,243,0.7699379234668455,251,0.9032258064516129,0.90625,0.8333315191006045,0.37859228316040067,0.8033114093449416
California,T120_P05_H1000_I0600_CN050_F1,T120_P05_H1000_I0600_F1,False,0.0,0.0,0.7760980589114175,214,0.7873981898375475,209,1.0,0.9375,0.8529753053898006,0.31601760768988907,0.7739973814773978
California,T120_P05_H1000_I0600_CN060_F1,T120_P05_H1000_I0600_F1,False,0.0,0.0,0.7613457758543763,255,0.769358277188089,252,0.967741935483871,0.90625,0.8671306748292673,0.25811436014912637,0.8074919088096167
California,T120_P05_H1000_I0600_CN070_F1,T120_P05_H1000_I0600_F1,False,0.0,0.0,0.7560374323870949,270,0.7641392924717413,263,0.967741935483871,0.9375,0.8713650940171696,0.19787539864348921,0.805704733790945
California,T120_P05_H1000_I0600_CN080_F1,T120_P05_H1000_I0600_F1,False,0.0,0.0,0.7459592483270151,300,0.7536810002920183,293,0.967741935483871,0.9375,0.8713650940171696,0.1398823159502313,0.8133068961838034
California,T120_P05_H1000_I0600_CN090_F1,T120_P05_H1000_I0600_F1,False,0.0,0.0,0.7397673035585696,308,0.747606422241217,305,0.967741935483871,0.9375,0.9017788914747772,0.08085612900327899,0.8109595618309206
California,T120_P05_H1000_I0600_CN100_F1,T120_P05_H1000_I0600_F1,False,0.0,0.0,0.7283380625506697,325,0.7360064660076531,322,0.967741935483871,0.9375,0.9027150355625632,0.019359475362709433,0.8143738663442044
California,T120_P05_H1000_I0800_CN010_F1,T120_P05_H1000_I0800_F1,True,0.0,0.0,0.7168440959953493,354,0.7242731780453546,337,0.7741935483870968,0.8125,0.8066318188844185,0.565283205318241,0.6256119073869898
California,T120_P05_H1000_I0800_CN020_F1,T120_P05_H1000_I0800_F1,False,0.0,0.0,0.7781670590995098,210,0.787109096865348,210,0.9032258064516129,0.90625,0.8570507977907058,0.4999236401203791,0.7243850511348513
California,T120_P05_H1000_I0800_CN030_F1,T120_P05_H1000_I0800_F1,False,0.0,0.0,0.7978541301842039,166,0.802209829456124,171,0.8709677419354839,1.0,0.8991663963459715,0.4352827561424785,0.7838537564970861
California,T120_P05_H1000_I0800_CN040_F1,T120_P05_H1000_I0800_F1,False,0.0,0.0,0.7892357107610364,192,0.7963572030966342,188,0.9354838709677419,0.9375,0.9055909572835338,0.374549701298118,0.7930540242557883
California,T120_P05_H1000_I0800_CN050_F1,T120_P05_H1000_I0800_F1,False,0.0,0.0,0.8052608418337629,146,0.814072237075076,146,0.967741935483871,1.0,0.9551630523522234,0.31188519067511117,0.7915140306576091
California,T120_P05_H1000_I0800_CN060_F1,T120_P05_H1000_I0800_F1,False,0.0,0.0,0.7927734438823771,181,0.8006258996920298,174,0.967741935483871,1.0,0.9371999712625373,0.2482324933746575,0.8106928192908202
California,T120_P05_H1000_I0800_CN070_F1,T120_P05_H1000_I0800_F1,False,0.0,0.0,0.7859200146799006,195,0.7935684124463767,192,0.967741935483871,1.0,0.9587312852822765,0.18835287247900104,0.814773980154355
California,T120_P05_H1000_I0800_CN080_F1,T120_P05_H1000_I0800_F1,False,0.0,0.0,0.7758345900986724,215,0.7834469776222345,216,0.967741935483871,1.0,0.9713714075470603,0.12456542244980458,0.8154941850126257
California,T120_P05_H1000_I0800_CN090_F1,T120_P05_H1000_I0800_F1,False,0.0,0.0,0.7635714412873735,245,0.7712331761808543,245,0.967741935483871,1.0,0.9713714075470694,0.06423662579167226,0.8145072376142546
California,T120_P05_H1000_I0800_CN100_F1,T120_P05_H1000_I0800_F1,False,0.0,0.0,0.7530658153969781,279,0.7607022097491495,271,0.967741935483871,1.0,0.9807763900106716,0.0017967030499034253,0.815014048440445
California,T120_P05_H1000_I0986_CN010_F1,T120_P05_H1000_I0986_F1,True,0.0,0.0,0.7578504990044397,265,0.7703216495285253,250,0.8709677419354839,0.9375,0.7909024211298653,0.5683376005030768,0.6215447314537722
California,T120_P05_H1000_I0986_CN020_F1,T120_P05_H1000_I0986_F1,False,0.0,0.0,0.7923509129701414,183,0.7989205977724392,179,0.9032258064516129,0.9375,0.8441973217570806,0.5049993262363562,0.771832110405657
California,T120_P05_H1000_I0986_CN030_F1,T120_P05_H1000_I0986_F1,False,0.0,0.0,0.7962516192293774,171,0.8033110939244017,166,0.9354838709677419,0.9375,0.87110602158357,0.4428738265283205,0.7942943770672545
California,T120_P05_H1000_I0986_CN040_F1,T120_P05_H1000_I0986_F1,False,0.0,0.0,0.7947288552692068,176,0.8010827070314859,172,0.9354838709677419,0.9375,0.9131671931570069,0.3790863764991241,0.8084068357221609
California,T120_P05_H1000_I0986_CN050_F1,T120_P05_H1000_I0986_F1,False,0.0,0.0,0.7805444795633284,207,0.7865813522737882,211,0.9354838709677419,0.9375,0.897492222384296,0.31749988770605936,0.8147464167585444
California,T120_P05_H1000_I0986_CN060_F1,T120_P05_H1000_I0986_F1,True,0.0,0.0,0.7705749204474251,230,0.7764546818017659,232,0.9354838709677419,0.9375,0.9068972048479196,0.25510488254053815,0.8178886438809259
California,T120_P05_H1000_I0986_CN070_F1,T120_P05_H1000_I0986_F1,True,0.0,0.0,0.763027398924522,248,0.7687872595070878,255,0.9354838709677419,0.9375,0.9288421639296903,0.19302430040874996,0.8202866593164277
California,T120_P05_H1000_I0986_CN080_F1,T120_P05_H1000_I0986_F1,False,0.0,0.0,0.7537023462825894,276,0.7597530006909545,273,0.9354838709677419,0.9375,0.950787123011516,0.13026995463324798,0.8144707828004409
California,T120_P05_H1000_I0986_CN090_F1,T120_P05_H1000_I0986_F1,False,0.0,0.0,0.7400609684886834,306,0.7465746879466626,307,0.9354838709677419,0.9375,0.9539221171660566,0.0681893725014598,0.8052094818081585
California,T120_P05_H1000_I0986_CN100_F1,T120_P05_H1000_I0986_F1,True,0.0,0.0,0.7351812935693901,317,0.7409342633030033,316,0.9354838709677419,0.9375,0.9771080114340187,0.005390109149710276,0.8204244762954797
California,T120_P10_H0500_I0600_CN020_F1,T120_P10_H0500_I0600_F1,False,0.0,0.0,0.7159174438382089,356,0.7265684734644138,333,0.8387096774193549,0.90625,0.7131023161945814,0.49583614068184884,0.6256890848952591
California,T120_P10_H0500_I0600_CN030_F1,T120_P10_H0500_I0600_F1,False,0.0,0.0,0.7575080907073376,267,0.7575181448492336,282,0.8064516129032258,0.90625,0.8312393459182909,0.43734896464986744,0.8062505300653039
California,T120_P10_H0500_I0600_CN040_F1,T120_P10_H0500_I0600_F1,False,0.0,0.0,0.7667675914870707,238,0.7684926747700194,256,0.8387096774193549,0.96875,0.8442517487389298,0.3779185195166869,0.8042080117603819
California,T120_P10_H0500_I0600_CN050_F1,T120_P10_H0500_I0600_F1,False,0.0,0.0,0.7768300783210552,212,0.7848873479444147,213,0.9354838709677419,0.96875,0.894770873291814,0.3108071688451691,0.774338478500551
California,T120_P10_H0500_I0600_CN060_F1,T120_P10_H0500_I0600_F1,False,0.0,0.0,0.7733172914368553,220,0.783997218171571,215,0.967741935483871,1.0,0.8975466493661323,0.24715447154471545,0.7541434007895579
California,T120_P10_H0500_I0600_CN070_F1,T120_P10_H0500_I0600_F1,False,0.0,0.0,0.7712327447759069,228,0.7807910191295009,223,0.967741935483871,1.0,0.9252891705545735,0.1865561694290976,0.7765764484119926
California,T120_P10_H0500_I0600_CN080_F1,T120_P10_H0500_I0600_F1,False,0.0,0.0,0.7602408436941019,260,0.769108254868836,254,0.967741935483871,1.0,0.9163021873115141,0.1267663836859363,0.7903937119891877
California,T120_P10_H0500_I0600_CN090_F1,T120_P10_H0500_I0600_F1,False,0.0,0.0,0.7602729351823212,259,0.7678386427613662,258,0.967741935483871,1.0,0.9542160228680191,0.06297893365673986,0.8164277839029765
California,T120_P10_H0500_I0600_CN100_F1,T120_P10_H0500_I0600_F1,False,0.0,0.0,0.74895132727099,290,0.7595770163558854,274,1.0,1.0,0.9542160228680191,0.0030543951848358195,0.7874862183020949
California,T120_P10_H0500_I0800_CN010_F1,T120_P10_H0500_I0800_F1,True,0.0,0.0,0.71748527124349,349,0.722174000482029,340,0.7741935483870968,0.8125,0.7519762437109591,0.5683376005030768,0.6804189636163174
California,T120_P10_H0500_I0800_CN020_F1,T120_P10_H0500_I0800_F1,False,0.0,0.0,0.7956333945822289,174,0.7986294566719887,180,0.8387096774193549,0.96875,0.8916358791372718,0.5002829807303598,0.7787884356241577
California,T120_P10_H0500_I0800_CN030_F1,T120_P10_H0500_I0800_F1,False,0.0,0.0,0.7993809059513601,159,0.8112091593212075,150,0.967741935483871,0.96875,0.8943572282297569,0.4348784979562503,0.7311768680869224
California,T120_P10_H0500_I0800_CN040_F1,T120_P10_H0500_I0800_F1,False,0.0,0.0,0.8010909755385095,155,0.8122630422597104,148,0.967741935483871,1.0,0.9198508265281484,0.373561514620671,0.7443006010598571
California,T120_P10_H0500_I0800_CN050_F1,T120_P10_H0500_I0800_F1,False,0.0,0.0,0.8029476566971487,149,0.81460955719329,143,1.0,1.0,0.9382471463933397,0.3097291470152271,0.7667619900771773
California,T120_P10_H0500_I0800_CN060_F1,T120_P10_H0500_I0800_F1,True,0.0,0.0,0.7993030508263332,161,0.8067527254004344,157,0.967741935483871,1.0,0.9614330406613079,0.24859183398463822,0.8187484440018494
California,T120_P10_H0500_I0800_CN070_F1,T120_P10_H0500_I0800_F1,False,0.0,0.0,0.7882056320115294,193,0.798235693340085,183,1.0,1.0,0.955163052352158,0.18646633427660245,0.7993987734288862
California,T120_P10_H0500_I0800_CN080_F1,T120_P10_H0500_I0800_F1,False,0.0,0.0,0.7795235971787462,209,0.7892293579284706,202,1.0,1.0,0.9686500584545844,0.12308314243363427,0.8058847850055125
California,T120_P10_H0500_I0800_CN090_F1,T120_P10_H0500_I0800_F1,False,0.0,0.0,0.7712700421729786,227,0.7806295377628353,224,1.0,1.0,0.981190035072753,0.06235008758927366,0.8128100882028664
California,T120_P10_H0500_I0800_CN100_F1,T120_P10_H0500_I0800_F1,False,0.0,0.0,0.7554804654209708,272,0.7655337833647415,259,1.0,1.0,0.978468685980268,0.0,0.7989336411245862
California,T120_P10_H0500_I0986_CN010_F1,T120_P10_H0500_I0986_F1,False,0.0,0.0,0.7079918513328588,369,0.7120570965581673,355,0.7741935483870968,0.78125,0.7223461947919947,0.5692808696042762,0.6928886438809261
California,T120_P10_H0500_I0986_CN020_F1,T120_P10_H0500_I0986_F1,True,0.0,0.0,0.7755800110302071,216,0.7732946498608079,237,0.7741935483870968,0.90625,0.8728259142099855,0.5047298207788707,0.8199007717750827
California,T120_P10_H0500_I0986_CN030_F1,T120_P10_H0500_I0986_F1,True,0.0,0.0,0.8198151858251087,122,0.8318181833444032,114,1.0,0.96875,0.939235540383731,0.4311503391277007,0.7599400496141122
California,T120_P10_H0500_I0986_CN040_F1,T120_P10_H0500_I0986_F1,False,0.0,0.0,0.8106921323032559,136,0.8215633078820873,132,1.0,0.96875,0.9288421639297209,0.3732920091631855,0.7825764884233735
California,T120_P10_H0500_I0986_CN050_F1,T120_P10_H0500_I0986_F1,False,0.0,0.0,0.8100570315933282,137,0.8209669681975179,133,1.0,1.0,0.9601921054751303,0.3082917845753043,0.781801267916207
California,T120_P10_H0500_I0986_CN070_F1,T120_P10_H0500_I0986_F1,False,0.0,0.0,0.7937162153130696,180,0.802973640202816,167,1.0,1.0,0.9681166740323779,0.18561290032789832,0.8148515022050716
California,T120_P10_H0800_I0600_CN010_F1,T120_P10_H0800_I0600_F1,False,0.0,0.0,0.552529765004635,519,0.5239676406670457,527,0.03225806451612903,0.8125,0.7526554924444482,0.5617347167946818,0.603500551267916
California,T120_P10_H0800_I0600_CN020_F1,T120_P10_H0800_I0600_F1,False,0.0,0.0,0.6533711712659476,418,0.6699207062754462,409,0.9032258064516129,0.90625,0.3870629241222536,0.49808201949422815,0.5722351062616431
California,T120_P10_H0800_I0600_CN030_F1,T120_P10_H0800_I0600_F1,False,0.0,0.0,0.7328621605470158,319,0.7305718379663706,328,0.7741935483870968,0.8125,0.8129018071935105,0.4447154471544715,0.8199999999999998
California,T120_P10_H0800_I0600_CN040_F1,T120_P10_H0800_I0600_F1,False,0.0,0.0,0.7400165292639099,307,0.7399963696834754,317,0.8064516129032258,0.90625,0.8003618305753417,0.3801643983290662,0.8068548045119156
California,T120_P10_H0800_I0600_CN050_F1,T120_P10_H0800_I0600_F1,False,0.0,0.0,0.7671552291358481,236,0.7729208231500229,239,0.9032258064516129,0.96875,0.8621146841819998,0.31377172887750976,0.7879139261681176
California,T120_P10_H0800_I0600_CN060_F1,T120_P10_H0800_I0600_F1,False,0.0,0.0,0.7629116312994556,249,0.7716579858180743,242,0.9354838709677419,0.96875,0.8984806163746737,0.2512868885594933,0.7605567805953692
California,T120_P10_H0800_I0600_CN070_F1,T120_P10_H0800_I0600_F1,False,0.0,0.0,0.7591321549912406,263,0.7636887614374575,264,0.9032258064516129,0.96875,0.9206781166521988,0.19091317432511343,0.8120936775272781
California,T120_P10_H0800_I0600_CN080_F1,T120_P10_H0800_I0600_F1,False,0.0,0.0,0.7486944233396186,291,0.7557993776377301,285,0.9354838709677419,0.96875,0.9163021873115521,0.12955127341328662,0.7933847850055125
California,T120_P10_H0800_I0600_CN090_F1,T120_P10_H0800_I0600_F1,False,0.0,0.0,0.7381632455393836,311,0.7482149935921631,302,0.967741935483871,0.96875,0.9225721756206364,0.06504514216412882,0.7667069744282817
California,T120_P10_H0800_I0600_CN100_F1,T120_P10_H0800_I0600_F1,False,0.0,0.0,0.7362933332390514,314,0.7450807216517555,310,0.967741935483871,0.96875,0.9488930640430662,0.004087499438530299,0.7919941672297898
California,T120_P10_H0800_I0800_CN010_F1,T120_P10_H0800_I0800_F1,True,0.0,0.0,0.7270478275073572,330,0.7318936681020153,326,0.7741935483870968,0.84375,0.7701091369840105,0.5699097156717423,0.6772767364939359
California,T120_P10_H0800_I0800_CN020_F1,T120_P10_H0800_I0800_F1,False,0.0,0.0,0.8021455231413419,151,0.8091600241243037,154,0.9032258064516129,0.96875,0.8709514489551027,0.5048645735076135,0.762935786792381
California,T120_P10_H0800_I0800_CN030_F1,T120_P10_H0800_I0800_F1,False,0.0,0.0,0.7755684399670889,217,0.7808854126678952,221,0.8709677419354839,0.90625,0.8993209689744495,0.4366752010061537,0.7646282879193573
California,T120_P10_H0800_I0800_CN040_F1,T120_P10_H0800_I0800_F1,False,0.0,0.0,0.8159338671878741,128,0.8246439002639492,124,0.967741935483871,1.0,0.9425338154838299,0.37585231100929795,0.7935412739623715
California,T120_P10_H0800_I0800_CN050_F1,T120_P10_H0800_I0800_F1,False,0.0,0.0,0.805769338846309,145,0.8144513639556733,144,0.967741935483871,1.0,0.9551630523522281,0.3118402730988636,0.7941014332965821
California,T120_P10_H0800_I0800_CN060_F1,T120_P10_H0800_I0800_F1,True,0.0,0.0,0.7990241450286852,162,0.806587185182329,158,0.967741935483871,1.0,0.9621710705351775,0.24872658671338096,0.8164811324109968
California,T120_P10_H0800_I0800_CN070_F1,T120_P10_H0800_I0800_F1,True,0.0,0.0,0.792735537204037,182,0.8028482887200238,168,1.0,1.0,0.9785231129621187,0.18740960337780174,0.7977449696802644
California,T120_P10_H0800_I0800_CN080_F1,T120_P10_H0800_I0800_F1,False,0.0,0.0,0.782268778785667,204,0.7918853891770672,194,1.0,1.0,0.979829360526496,0.12384674122984322,0.8076677921719956
California,T120_P10_H0800_I0800_CN090_F1,T120_P10_H0800_I0800_F1,False,0.0,0.0,0.7703191050175201,231,0.7799163348962412,226,1.0,1.0,0.9811900350727485,0.06235008758927366,0.8080554024255786
California,T120_P10_H0800_I0986_CN010_F1,T120_P10_H0800_I0986_F1,True,0.0,0.0,0.7290550999242741,324,0.7331186913458339,325,0.7741935483870968,0.875,0.7376075205026484,0.5655527107757266,0.6929217199558986
California,T120_P10_H0800_I0986_CN020_F1,T120_P10_H0800_I0986_F1,False,0.0,0.0,0.814748525071886,130,0.8227134573192809,129,0.9354838709677419,0.96875,0.8933100530989683,0.5000134752728743,0.7761852260198454
California,T120_P10_H0800_I0986_CN030_F1,T120_P10_H0800_I0986_F1,False,0.0,0.0,0.7895074211397037,189,0.7980445621257068,184,0.9032258064516129,0.96875,0.906897204847924,0.43618110766743023,0.7324829867315513
California,T120_P10_H0800_I0986_CN040_F1,T120_P10_H0800_I0986_F1,True,0.0,0.0,0.8225725115439158,120,0.8322175466872455,113,1.0,1.0,0.931977158084263,0.37378610250190897,0.8070992971334067
California,T120_P10_H0800_I0986_CN050_F1,T120_P10_H0800_I0986_F1,False,0.0,0.0,0.8129114137399329,133,0.823022873221741,128,1.0,1.0,0.9570571113206003,0.3097291470152271,0.7977708103638366
California,T120_P10_H1000_I0600_CN020_F1,T120_P10_H1000_I0600_F1,False,0.0,0.0,0.5805696146067543,506,0.5853814180801287,500,0.7096774193548387,0.84375,0.23089014240273154,0.5050891613888515,0.6134413498873494
California,T120_P10_H1000_I0600_CN030_F1,T120_P10_H1000_I0600_F1,False,0.0,0.0,0.7453337188750944,302,0.7458065200274222,309,0.8064516129032258,0.90625,0.7732441311385512,0.44372726047702465,0.7969955898566702
California,T120_P10_H1000_I0600_CN040_F1,T120_P10_H1000_I0600_F1,False,0.0,0.0,0.7378054634700787,312,0.7398046494113638,318,0.8387096774193549,0.875,0.7909024211298653,0.38568926020751926,0.798725958593654
California,T120_P10_H1000_I0600_CN050_F1,T120_P10_H1000_I0600_F1,False,0.0,0.0,0.7338860955964381,318,0.7367918109999307,321,0.8387096774193549,0.90625,0.8253873568298261,0.3184880743835063,0.7805953693495036
California,T120_P10_H1000_I0600_CN060_F1,T120_P10_H1000_I0600_F1,False,0.0,0.0,0.7655388124800686,241,0.7703591721103329,249,0.9032258064516129,0.96875,0.8928964080369115,0.2560032340654898,0.8068186138463291
California,T120_P10_H1000_I0600_CN070_F1,T120_P10_H1000_I0600_F1,False,0.0,0.0,0.7545879752669957,273,0.7573400755469484,284,0.8709677419354839,0.96875,0.9205888564020119,0.19670754166105198,0.8159257363364307
California,T120_P10_H1000_I0600_CN080_F1,T120_P10_H1000_I0600_F1,False,0.0,0.0,0.7581745970062286,264,0.7651403561554976,261,0.9354838709677419,1.0,0.9225721756206364,0.13664825046040516,0.7961686879823594
California,T120_P10_H1000_I0600_CN090_F1,T120_P10_H1000_I0600_F1,False,0.0,0.0,0.7524489726513257,282,0.7587601011500986,278,0.9354838709677419,1.0,0.9467050993727846,0.0707945919238198,0.8092613009922822
California,T120_P10_H1000_I0600_CN100_F1,T120_P10_H1000_I0600_F1,False,0.0,0.0,0.7420878004051048,305,0.7482142541519483,303,0.9354838709677419,1.0,0.9519387979474518,0.01006153707945919,0.8129547960308707
California,T120_P10_H1000_I0800_CN010_F1,T120_P10_H1000_I0800_F1,False,0.0,0.0,0.7039550094179156,378,0.7100015115340732,356,0.7741935483870968,0.8125,0.7114803921354578,0.5683376005030768,0.6532635060639469
California,T120_P10_H1000_I0800_CN020_F1,T120_P10_H1000_I0800_F1,False,0.0,0.0,0.7892903745636743,190,0.792543695014331,193,0.8387096774193549,0.96875,0.8572053704191063,0.5081435565736873,0.7736432684062232
California,T120_P10_H1000_I0800_CN030_F1,T120_P10_H1000_I0800_F1,False,0.0,0.0,0.8007454728561783,156,0.8068617873204919,156,0.9032258064516129,0.96875,0.9117063729641649,0.4391456676997709,0.7808995171653423
California,T120_P10_H1000_I0800_CN040_F1,T120_P10_H1000_I0800_F1,False,0.0,0.0,0.8142708870887464,131,0.8234850635656108,126,0.967741935483871,1.0,0.9413821405478895,0.37877195346539105,0.7834584059465802
California,T120_P10_H1000_I0800_CN050_F1,T120_P10_H1000_I0800_F1,False,0.0,0.0,0.795358789347358,175,0.8024981978902324,169,0.9354838709677419,1.0,0.9351121522387702,0.31350222342002426,0.7926957001102536
California,T120_P10_H1000_I0800_CN060_F1,T120_P10_H1000_I0800_F1,True,0.0,0.0,0.7974742138647277,167,0.8051866298408275,161,0.967741935483871,1.0,0.9551630523521337,0.25097246552576025,0.8134936159618734
California,T120_P10_H1000_I0800_CN070_F1,T120_P10_H1000_I0800_F1,False,0.0,0.0,0.7802881302627879,208,0.7880859038517197,208,0.967741935483871,0.96875,0.9633270996296649,0.18983515249517138,0.8117864637052318
California,T120_P10_H1000_I0800_CN080_F1,T120_P10_H1000_I0800_F1,False,0.0,0.0,0.7777273890445136,211,0.7852997651870608,212,0.967741935483871,1.0,0.9790020704022708,0.12559852670349905,0.8162944126329267
California,T120_P10_H1000_I0800_CN090_F1,T120_P10_H1000_I0800_F1,False,0.0,0.0,0.7655837323867023,240,0.773093424032326,238,0.967741935483871,1.0,0.979829360526493,0.06279926335174953,0.8175481025713979
California,T120_P10_H1000_I0986_CN010_F1,T120_P10_H1000_I0986_F1,False,0.0,0.0,0.7013009369538488,380,0.7075508569310868,360,0.7741935483870968,0.8125,0.6999875906481059,0.5706283968917037,0.6491951488423373
California,T120_P10_H1000_I0986_CN020_F1,T120_P10_H1000_I0986_F1,True,0.0,0.0,0.7730334898958503,222,0.7705265190241357,247,0.7741935483870968,0.90625,0.8513490271721269,0.509041908098639,0.824332965821389
California,T120_P10_H1000_I0986_CN030_F1,T120_P10_H1000_I0986_F1,True,0.0,0.0,0.8172312331097892,126,0.8255424860884143,120,0.967741935483871,0.96875,0.9120111640625226,0.43613619009118265,0.8015168759113703
California,T120_P10_H1000_I0986_CN040_F1,T120_P10_H1000_I0986_F1,False,0.0,0.0,0.8120285723437727,134,0.8241194281872126,125,1.0,1.0,0.9247601402909362,0.3771998382967255,0.7581828831312016
California,T120_P10_H1000_I0986_CN050_F1,T120_P10_H1000_I0986_F1,False,0.0,0.0,0.8083387059947633,138,0.8188455279352264,135,1.0,1.0,0.9413821405478895,0.3104478282351884,0.7898635611907386
California,T120_P10_H1000_I0986_CN060_F1,T120_P10_H1000_I0986_F1,True,0.0,0.0,0.8038985321701988,147,0.813206346392911,147,1.0,1.0,0.9570571113206003,0.24859183398463822,0.8138437155457552
California,T120_P10_H1000_I0986_CN070_F1,T120_P10_H1000_I0986_F1,False,0.0,0.0,0.7910776776644328,186,0.8003170140756786,175,1.0,1.0,0.9528553483217743,0.18731976822530658,0.8152132717750826
California,T120_P10_H1000_I0986_CN080_F1,T120_P10_H1000_I0986_F1,False,0.0,0.0,0.7825796773143543,203,0.7917996332129208,196,1.0,1.0,0.9727320820933005,0.12456542244980458,0.8156008820286658
California,T120_P10_H1000_I0986_CN090_F1,T120_P10_H1000_I0986_F1,False,0.0,0.0,0.770646477546438,229,0.7799736722818295,225,1.0,1.0,0.9780550409182109,0.06172124152180747,0.8134561052921718
India,T060_P10_H1000_I0986_CN100_F1,T060_P10_H1000_I0986_F1,True,49.52,69.2,0.9009524561575258,1,0.9011490034638392,1,1.0,1.0,0.8373679031594259,0.6713253237544721,0.9960690538737307
India,T120_P10_H1000_I0986_CN100_F1,T120_P10_H1000_I0986_F1,True,14.31,29.18,0.7991355428394872,46,0.7993066821929213,47,1.0,1.0,0.9991005012661186,0.0,0.9965772129313174
India,T060_P05_H0800_I0600_CN000_F1,T060_P05_H0800_I0600_F1,True,10.4,14.18,0.7148218268914011,202,0.6852686558677062,244,0.18134715025906734,0.6285714285714284,0.9958159680105605,0.9959640168829829,0.7724105707329665
India,T060_P10_H1000_I0986_CN090_F1,T060_P10_H1000_I0986_F1,True,6.42,62.91,0.8893005957421991,2,0.8897821429788149,2,1.0,1.0,0.7549302070755046,0.7012037163678072,0.9903690552676833
India,T060_P10_H0800_I0986_CN060_F1,T060_P10_H0800_I0986_F1,True,5.39,11.74,0.8373935048959382,14,0.8429812504353738,14,0.9987046632124352,1.0,0.5075108144279226,0.7938022944156103,0.8869497524237228
India,T120_P05_H1000_I0986_CN100_F1,T120_P05_H1000_I0986_F1,True,4.84,26.57,0.7982932952150679,48,0.7987199714113009,49,1.0,1.0,1.0,0.0,0.9914664760753394
India,T060_P10_H1000_I0986_CN070_F1,T060_P10_H1000_I0986_F1,True,4.0,17.36,0.8575096085959585,9,0.8601017266814787,8,1.0,1.0,0.5766086717129516,0.7627817329772454,0.9481576382895953
India,T060_P05_H1000_I0986_CN100_F1,T060_P05_H1000_I0986_F1,True,1.65,51.93,0.8853968327487373,3,0.8853968327487372,3,1.0,0.9984962406015037,0.7571625993877101,0.6713253237544721,1.0
India,T060_P10_H0800_I0986_CN040_F1,T060_P10_H0800_I0986_F1,True,1.05,4.18,0.7689332482230873,112,0.7662753129185866,116,0.8367875647668394,0.9954887218045113,0.267320120696382,0.8551235629908507,0.8899462708568534
India,T060_P03_H0800_I0600_CN010_F1,T060_P03_H0800_I0600_F1,True,0.65,7.93,0.6940812321600563,230,0.6580467602405039,294,0.15932642487046633,0.6586466165413534,0.808390415159559,0.9640268409673882,0.8800158632615146
India,T060_P10_H1000_I0986_CN040_F1,T060_P10_H1000_I0986_F1,True,0.63,3.56,0.7719431857304357,106,0.7669563341263953,115,0.8134715025906735,0.9804511278195489,0.29739881320682693,0.8551859503636464,0.9132085346714828
India,T060_P10_H1000_I0600_CN010_F1,T060_P10_H1000_I0600_F1,True,0.28,0.47,0.5328237454259879,458,0.5074262434273394,469,0.03367875647668394,0.9864661654135338,0.13982026379845325,0.9625247449916138,0.5416287964496549
India,T060_P10_H1000_I0986_CN030_F1,T060_P10_H1000_I0986_F1,True,0.18,1.31,0.6981480546003813,227,0.6921328163729098,232,0.7292746113989637,0.9819548872180452,0.041627711102819154,0.8883036873336837,0.8495793759483949
India,T060_P10_H1000_I0986_CN050_F1,T060_P10_H1000_I0986_F1,True,0.16,2.43,0.7876576758147539,76,0.7835345708065813,92,0.8523316062176167,0.9894736842105264,0.33717846327456313,0.8245109189899965,0.9347937063810664
India,T060_P03_H0800_I0600_CN000_F1,T060_P03_H0800_I0600_F1,True,0.14,11.06,0.6849053410969429,251,0.6522984150429239,308,0.14119170984455962,0.512781954887218,0.9834519490502175,0.9937708607777785,0.7933302309249406
India,T060_P05_H0500_I0600_CN000_F1,T060_P05_H0500_I0600_F1,True,0.13,4.62,0.666010595215821,291,0.6348049896332675,326,0.1709844559585492,0.6616541353383459,0.7069296837308001,0.9953881334417914,0.795096567609618
India,T060_P10_H0800_I0986_CN050_F1,T060_P10_H0800_I0986_F1,True,0.08,2.32,0.7796194042292739,97,0.7762712996911427,101,0.8588082901554405,0.9984962406015037,0.2907343453148268,0.8242877641565348,0.9257703809180634
India,T060_P03_H0800_I0600_CN020_F1,T060_P03_H0800_I0600_F1,True,0.06,0.69,0.6728561669311753,280,0.6351682782520703,325,0.15932642487046633,0.7398496240601503,0.6214882070264557,0.9305323802462381,0.9130841984525662
India,T060_P10_H0500_I0800_CN030_F1,T060_P10_H0500_I0800_F1,True,0.04,0.14,0.657543350842826,307,0.6559663637367258,301,0.7629533678756477,0.7548872180451127,0.0758904356025496,0.8994926226931669,0.7944931099976531
India,T060_P05_H1000_I0600_CN000_F1,T060_P05_H1000_I0600_F1,True,0.02,0.16,0.5203244788240372,472,0.4934977708980906,484,0.21891191709844557,0.593984962406015,0.03711386291094776,0.9961655760873999,0.7554460756173779
India,T060_P05_H0800_I0800_CN050_F1,T060_P05_H0800_I0800_F1,True,0.02,0.09,0.7600509043921203,124,0.7543506420685733,129,0.8212435233160621,0.7924812030075188,0.4180406736972927,0.8332403521527243,0.9352487697870042
India,T060_P10_H0800_I0986_CN090_F1,T060_P10_H0800_I0986_F1,True,0.01,26.55,0.8745736671736841,6,0.8750498920461058,6,1.0,1.0,0.6814002742108172,0.700992559106037,0.9904755025515667
India,T120_P10_H0800_I0986_CN100_F1,T120_P10_H0800_I0986_F1,True,0.01,5.55,0.7931548025224304,60,0.7932585886242169,63,1.0,1.0,0.9678497346478805,0.0,0.9979242779642719
India,T060_P10_H1000_I0986_CN060_F1,T060_P10_H1000_I0986_F1,True,0.01,3.22,0.8067765194272803,31,0.8077864838948439,33,0.9430051813471502,1.0,0.37329742607075067,0.7947740977226209,0.9228058919958804
India,T060_P10_H0800_I0986_CN100_F1,T060_P10_H0800_I0986_F1,False,0.0,42.87,0.8813769733805511,4,0.8816053281490727,4,1.0,1.0,0.740126638518714,0.6713253237544721,0.9954329046295698
India,T120_P05_H0800_I0800_CN100_F1,T120_P05_H0800_I0800_F1,False,0.0,26.32,0.7982123593251488,49,0.7984106807528604,50,1.0,1.0,0.995028225179974,0.0,0.9960335714457699
India,T120_P10_H0800_I0800_CN100_F1,T120_P10_H0800_I0800_F1,False,0.0,24.63,0.7977187271105318,50,0.7980001154365596,51,1.0,1.0,0.994221402073214,0.0,0.9943722334794453
India,T060_P05_H0800_I0986_CN100_F1,T060_P05_H0800_I0986_F1,False,0.0,23.37,0.8781597018158347,5,0.8787655642732717,5,1.0,0.9984962406015037,0.7330941938719365,0.6713253237544721,0.9878827508512618
India,T120_P10_H1000_I0800_CN100_F1,T120_P10_H1000_I0800_F1,False,0.0,11.44,0.7930349789610255,62,0.7933431691924596,62,1.0,1.0,0.9713386994338099,0.0,0.9938361953713176
India,T060_P10_H0800_I0986_CN070_F1,T060_P10_H0800_I0986_F1,False,0.0,4.63,0.8319709302899891,16,0.8360437625434648,16,0.9922279792746114,1.0,0.49439993894299916,0.7624553990272368,0.9107713342050983
India,T060_P05_H0500_I0600_CN010_F1,T060_P05_H0500_I0600_F1,True,0.0,3.89,0.6778953788207794,272,0.6442805091538197,315,0.18523316062176165,0.6751879699248121,0.7069296837308001,0.9645955258655649,0.8575305539609587
India,T060_P10_H0500_I0986_CN070_F1,T060_P10_H0500_I0986_F1,False,0.0,1.23,0.8083305779575396,28,0.8134387545103535,27,0.9909326424870467,0.9969924812030074,0.402719211930085,0.76223944273679,0.8887691114307685
India,T120_P05_H0800_I0600_CN000_F1,T120_P05_H0800_I0600_F1,True,0.0,1.16,0.6398937586770597,327,0.6137841879618194,352,0.20077720207253885,0.6451127819548873,0.9814239882683623,0.6491862047121663,0.7229686163773439
India,T120_P03_H0800_I0600_CN000_F1,T120_P03_H0800_I0600_F1,False,0.0,0.53,0.5982052275736124,378,0.5696737515617747,400,0.14119170984455962,0.512781954887218,0.9805081350120406,0.6447231080429321,0.7118212300813113
India,T120_P05_H1000_I0800_CN100_F1,T120_P05_H1000_I0800_F1,True,0.0,0.32,0.7925035039019098,63,0.7926238273495854,67,1.0,0.9969924812030074,0.9679315072600511,0.0,0.997593531046491
India,T060_P10_H0800_I0600_CN010_F1,T060_P10_H0800_I0600_F1,True,0.0,0.29,0.48862448418146176,495,0.4682419386195147,508,0.034974093264248704,0.9864661654135338,0.016357248188025975,0.9626999095383094,0.442625004503191
India,T060_P03_H0500_I0600_CN000_F1,T060_P03_H0500_I0600_F1,False,0.0,0.28,0.6112848502454652,360,0.5791788398800132,388,0.14119170984455962,0.5037593984962406,0.6351006211992836,0.9930606045336424,0.7833119171535995
India,T060_P03_H0500_I0600_CN010_F1,T060_P03_H0500_I0600_F1,True,0.0,0.21,0.6153853599011087,353,0.5785278912642563,390,0.1450777202072539,0.6631578947368421,0.42261721422512954,0.9638468773920158,0.8822270929443023
India,T060_P05_H0800_I0986_CN000_F1,T060_P05_H0800_I0986_F1,True,0.0,0.2,0.49063209601564484,494,0.4550737610032323,515,0.0,0.0,0.7419937798299739,1.0,0.7111667002482503
India,T060_P10_H1000_I0800_CN030_F1,T060_P10_H1000_I0800_F1,True,0.0,0.19,0.6770274436674371,273,0.6762231534430091,269,0.7629533678756477,0.806015037593985,0.14078518062202616,0.89634445988132,0.7790391723642061
India,T120_P10_H0500_I0986_CN100_F1,T120_P10_H0500_I0986_F1,True,0.0,0.19,0.7878164465432642,75,0.7878851303859606,75,1.0,1.0,0.9404559095702464,0.0,0.998626323146075
India,T060_P03_H0500_I0600_CN020_F1,T060_P03_H0500_I0600_F1,True,0.0,0.1,0.6299415378660644,341,0.5923760947457049,377,0.15155440414507773,0.7413533834586467,0.42261721422512954,0.9313194209491998,0.9028632665522682
India,T060_P05_H1000_I0986_CN050_F1,T060_P05_H1000_I0986_F1,True,0.0,0.1,0.7650683883153462,118,0.7590479628810476,125,0.8147668393782384,0.9593984962406015,0.2909360510915344,0.8250652068021432,0.9351753480642138
India,T060_P10_H1000_I0600_CN020_F1,T060_P10_H1000_I0600_F1,True,0.0,0.1,0.515274310555646,473,0.511818238702741,465,0.2914507772020726,0.9894736842105264,0.00360344644302657,0.9312714306624339,0.3605722142601703
India,T060_P10_H1000_I0600_CN030_F1,T060_P10_H1000_I0600_F1,True,0.0,0.1,0.6109582262338914,361,0.6105813141790745,358,0.5790155440414508,0.9894736842105264,0.00014991645564010891,0.8995982013240521,0.586553785137787
India,T060_P10_H0500_I0986_CN090_F1,T060_P10_H0500_I0986_F1,False,0.0,0.08,0.8536337557634182,11,0.855162351432281,11,1.0,1.0,0.5979376947210352,0.7008029974733114,0.9694280866227445
India,T060_P10_H0800_I0600_CN020_F1,T060_P10_H0800_I0600_F1,True,0.0,0.07,0.5042968911088609,479,0.5022797384309706,474,0.27849740932642486,0.9819548872180452,0.010545941216395294,0.9316457548992084,0.3188404628842306
India,T060_P05_H0500_I0800_CN040_F1,T060_P05_H0500_I0800_F1,True,0.0,0.05,0.7130704498876084,207,0.7085800506211916,214,0.7888601036269429,0.7142857142857142,0.3107495550207062,0.8727887875494001,0.8786680889552781
India,T060_P10_H0800_I0800_CN030_F1,T060_P10_H0800_I0800_F1,True,0.0,0.05,0.6504452143126824,315,0.6503123292472623,309,0.7655440414507771,0.7954887218045112,0.026567921694460983,0.8964236438544839,0.7682017427591787
India,T060_P10_H0500_I0600_CN010_F1,T060_P10_H0500_I0600_F1,True,0.0,0.04,0.4575003089865014,520,0.4382717090971933,521,0.015544041450777202,0.9067669172932331,0.002177877237509507,0.9628966697140499,0.400116039236937
India,T060_P03_H1000_I0600_CN010_F1,T060_P03_H1000_I0600_F1,True,0.0,0.03,0.5459513920686316,444,0.5102725032702584,467,0.15803108808290156,0.6902255639097743,0.04653406783311398,0.963357376467003,0.8716088640503652
India,T060_P10_H0500_I0986_CN100_F1,T060_P10_H0500_I0986_F1,False,0.0,0.03,0.8674961693110097,7,0.868225016398219,7,1.0,1.0,0.680732464544765,0.6713253237544721,0.9854230582558109
India,T060_P03_H1000_I0600_CN000_F1,T060_P03_H1000_I0600_F1,False,0.0,0.02,0.49285708966567376,489,0.4608840239762862,513,0.14378238341968913,0.512781954887218,0.03083372629617054,0.9936436865178487,0.7832436972074427
India,T060_P03_H1000_I0600_CN020_F1,T060_P03_H1000_I0600_F1,True,0.0,0.02,0.5576507810421607,424,0.5209994046146453,460,0.16191709844559585,0.7548872180451127,0.04653406783311398,0.9299708938910763,0.8949446269959046
India,T060_P05_H0800_I0800_CN020_F1,T060_P05_H0800_I0800_F1,True,0.0,0.02,0.5646474460790923,413,0.5668786585135884,405,0.6243523316062176,0.6857142857142856,0.0022214892973337896,0.9312210408613296,0.5797280829162949
India,T060_P05_H1000_I0986_CN000_F1,T060_P05_H1000_I0986_F1,True,0.0,0.02,0.49067638931220203,493,0.45560106837104763,514,0.006476683937823834,0.02105263157894736,0.7191628665116685,0.9987066617716573,0.7079831027609133
India,T060_P10_H1000_I0986_CN080_F1,T060_P10_H1000_I0986_F1,False,0.0,0.02,0.8221278785600366,20,0.8249233626770722,20,0.9870466321243524,1.0,0.4599027996216717,0.732553011270519,0.9311369497836399
India,T060_P05_H0500_I0800_CN020_F1,T060_P05_H0500_I0800_F1,True,0.0,0.01,0.5607967588229494,421,0.5604347330216722,417,0.5958549222797928,0.6075187969924812,0.062929476573513,0.9345851599636233,0.6030954383053365
India,T060_P05_H0500_I0800_CN030_F1,T060_P05_H0500_I0800_F1,True,0.0,0.01,0.6578760449694574,306,0.6549852653889282,302,0.7292746113989637,0.6842105263157895,0.18855401489891666,0.900250869224069,0.7870902030095484
India,T060_P05_H0500_I0986_CN080_F1,T060_P05_H0500_I0986_F1,False,0.0,0.01,0.7740568284920847,101,0.781225066316659,96,0.994818652849741,0.9969924812030074,0.2975950674760399,0.7294240445733783,0.8514538963582569
India,T060_P05_H0800_I0800_CN040_F1,T060_P05_H0800_I0800_F1,True,0.0,0.01,0.7190584269434244,191,0.7151063920100826,196,0.8031088082901555,0.7458646616541353,0.2996203025041545,0.864548855311685,0.8821495069569915
India,T060_P10_H1000_I0986_CN020_F1,T060_P10_H1000_I0986_F1,True,0.0,0.01,0.5981141876774787,379,0.5967743122115271,375,0.5906735751295338,0.8586466165413534,0.00013628768695717053,0.9236433745809848,0.617471084448564
India,T060_P03_H0500_I0600_CN030_F1,T060_P03_H0500_I0600_F1,False,0.0,0.0,0.576664777830992,402,0.5652817715970626,410,0.5012953367875648,0.7473684210526315,0.008517980434545769,0.8971866894140627,0.7289554614661553
India,T060_P03_H0500_I0600_CN040_F1,T060_P03_H0500_I0600_F1,False,0.0,0.0,0.5742117013966521,408,0.569373956177599,401,0.5518134715025907,0.7834586466165413,0.019775343376803423,0.8674426696036722,0.6485683758836525
India,T060_P03_H0500_I0600_CN050_F1,T060_P03_H0500_I0600_F1,False,0.0,0.0,0.5887447828118569,386,0.5969119478530013,374,0.7253886010362695,0.8015037593984963,0.01688604441343733,0.8379002089976989,0.5620453002133827
India,T060_P03_H0500_I0600_CN060_F1,T060_P03_H0500_I0600_F1,False,0.0,0.0,0.6280735344989153,343,0.6301516368677632,333,0.7577720207253885,0.837593984962406,0.023032619095001206,0.8057590743633488,0.7162099733484324
India,T060_P03_H0500_I0600_CN070_F1,T060_P03_H0500_I0600_F1,False,0.0,0.0,0.7231783379492593,183,0.7205496944312751,185,0.8160621761658031,0.855639097744361,0.3006560889249933,0.7748992803856499,0.8686350465254901
India,T060_P03_H0500_I0600_CN080_F1,T060_P03_H0500_I0600_F1,False,0.0,0.0,0.7117244503119398,211,0.708989983464609,213,0.822538860103627,0.8691729323308272,0.2440231034886976,0.7456591585863022,0.8772281970502454
India,T060_P03_H0500_I0600_CN090_F1,T060_P03_H0500_I0600_F1,False,0.0,0.0,0.7441506067126229,143,0.7445848971397828,141,0.8847150259067358,0.8827067669172932,0.3634792611026312,0.713822762272916,0.8760292173635383
India,T060_P03_H0500_I0600_CN100_F1,T060_P03_H0500_I0600_F1,False,0.0,0.0,0.7135493317921593,206,0.7147154353968137,197,0.9183937823834197,0.9022556390977443,0.16944648118821248,0.6825790460010893,0.8950717102903306
India,T060_P03_H0500_I0800_CN010_F1,T060_P03_H0500_I0800_F1,False,0.0,0.0,0.41410200270265446,538,0.3820266101630293,543,0.006476683937823834,0.33834586466165417,0.10737016553503176,0.9703327646484352,0.6479845347303272
India,T060_P03_H0500_I0800_CN020_F1,T060_P03_H0500_I0800_F1,True,0.0,0.0,0.47712520394464786,508,0.4702575416940031,504,0.42357512953367876,0.46466165413533833,0.0007959200917895259,0.9356649414158573,0.5609283745465755
India,T060_P03_H0500_I0800_CN030_F1,T060_P03_H0500_I0800_F1,True,0.0,0.0,0.528924829242994,465,0.5219122090096899,459,0.5207253886010362,0.5037593984962406,0.05286871952267225,0.9062928463279033,0.6609777932671177
India,T060_P03_H0500_I0800_CN040_F1,T060_P03_H0500_I0800_F1,False,0.0,0.0,0.5622550585697639,418,0.5512535639694484,426,0.555699481865285,0.544360902255639,0.05948139809358122,0.8760041367627193,0.7757293738715949
India,T060_P03_H0500_I0800_CN050_F1,T060_P03_H0500_I0800_F1,False,0.0,0.0,0.5737594004634576,409,0.5650620663548993,412,0.5919689119170986,0.6090225563909774,0.058636414434507844,0.8432535254864416,0.7659155940882623
India,T060_P03_H0500_I0800_CN060_F1,T060_P03_H0500_I0800_F1,False,0.0,0.0,0.600807440885936,372,0.5900337799404546,378,0.6373056994818652,0.6060150375939851,0.09480716655173638,0.8131303824106001,0.852778918391493
India,T060_P03_H0500_I0800_CN070_F1,T060_P03_H0500_I0800_F1,False,0.0,0.0,0.6150571401593277,354,0.6077635000712035,365,0.6904145077720207,0.6721804511278195,0.09651076263864478,0.7798926697236479,0.8362873095345058
India,T060_P03_H0500_I0800_CN080_F1,T060_P03_H0500_I0800_F1,False,0.0,0.0,0.5925401347390316,382,0.5846442564126699,382,0.699481865284974,0.6511278195488721,0.0040750018398783006,0.7506165552092257,0.8573994318122079
India,T060_P03_H0500_I0800_CN090_F1,T060_P03_H0500_I0800_F1,False,0.0,0.0,0.5846289156754481,388,0.5783955531090745,391,0.7215025906735751,0.6345864661654135,0.0001499164556535426,0.7207357630815524,0.8461698420010453
India,T060_P03_H0500_I0800_CN100_F1,T060_P03_H0500_I0800_F1,False,0.0,0.0,0.5766080184492116,403,0.5693413436281279,402,0.7189119170984456,0.6045112781954888,0.0040750018398783006,0.6912964815921258,0.8642454135201196
India,T060_P03_H0500_I0986_CN010_F1,T060_P03_H0500_I0986_F1,False,0.0,0.0,0.41052825695958417,540,0.37567140828401735,546,0.0012953367875647669,0.2992481203007519,0.08356070662440573,0.9701048107862968,0.6984323102989017
India,T060_P03_H0500_I0986_CN020_F1,T060_P03_H0500_I0986_F1,True,0.0,0.0,0.42850812745658606,529,0.42110386166273994,526,0.29922279792746115,0.45563909774436084,0.0008640639352537338,0.9395065638714724,0.447308113804382
India,T060_P03_H0500_I0986_CN030_F1,T060_P03_H0500_I0986_F1,False,0.0,0.0,0.4725547504853882,515,0.468185246884555,509,0.4313471502590674,0.49924812030075194,0.0008040973530266671,0.912637162238363,0.5187372222757319
India,T060_P03_H0500_I0986_CN040_F1,T060_P03_H0500_I0986_F1,True,0.0,0.0,0.5258227548426093,468,0.5149459120065857,463,0.5064766839378239,0.512781954887218,0.0009376592862405664,0.8849039354434662,0.7240135406582979
India,T060_P03_H0500_I0986_CN050_F1,T060_P03_H0500_I0986_F1,False,0.0,0.0,0.5406537701266825,452,0.5316110248052363,453,0.5738341968911918,0.512781954887218,0.004399366534836857,0.8575642290000504,0.7546891033201152
India,T060_P03_H0500_I0986_CN060_F1,T060_P03_H0500_I0986_F1,False,0.0,0.0,0.5550477127967459,431,0.5470636589252998,431,0.6347150259067359,0.512781954887218,0.0029002019783584965,0.830445277875758,0.7943961033356597
India,T060_P03_H0500_I0986_CN070_F1,T060_P03_H0500_I0986_F1,False,0.0,0.0,0.5625817531607249,417,0.5536871014546547,423,0.6502590673575129,0.512781954887218,0.01787821877445306,0.8038374233055229,0.8281521014789177
India,T060_P03_H0500_I0986_CN080_F1,T060_P03_H0500_I0986_F1,False,0.0,0.0,0.5758833160663188,405,0.5664938746162972,407,0.6917098445595854,0.512781954887218,0.01925472441267473,0.7761713829120986,0.8794986735600169
India,T060_P03_H0500_I0986_CN090_F1,T060_P03_H0500_I0986_F1,False,0.0,0.0,0.5835884076566039,392,0.5735394720450362,398,0.6968911917098446,0.512781954887218,0.05986845512455852,0.7505305326201976,0.8978699039412009
India,T060_P03_H0500_I0986_CN100_F1,T060_P03_H0500_I0986_F1,False,0.0,0.0,0.5922240348868505,383,0.5822630727975878,386,0.733160621761658,0.512781954887218,0.05986845512455852,0.7229292791139074,0.9323798635469104
India,T060_P03_H0800_I0600_CN030_F1,T060_P03_H0800_I0600_F1,False,0.0,0.0,0.5719236571562811,411,0.561288790104341,415,0.48834196891191717,0.7744360902255638,0.00014991645565110012,0.8956510002375518,0.7010393099507217
India,T060_P03_H0800_I0600_CN040_F1,T060_P03_H0800_I0600_F1,False,0.0,0.0,0.5730385150690138,410,0.566363309266852,408,0.5297927461139896,0.7984962406015038,0.008517980434545769,0.865088746037802,0.6632968621572275
India,T060_P03_H0800_I0600_CN050_F1,T060_P03_H0800_I0600_F1,False,0.0,0.0,0.5994893301670761,376,0.6065225864200962,366,0.7292746113989637,0.8330827067669172,0.012421259788855443,0.8340585865420839,0.58860948633856
India,T060_P03_H0800_I0600_CN060_F1,T060_P03_H0800_I0600_F1,False,0.0,0.0,0.6310901457364804,336,0.6315567249167917,330,0.7422279792746114,0.8691729323308272,0.009163984070693854,0.8019894373378827,0.7328963956683869
India,T060_P03_H0800_I0600_CN070_F1,T060_P03_H0800_I0600_F1,False,0.0,0.0,0.7160569877233552,199,0.7143145546259465,200,0.8251295336787564,0.8902255639097744,0.23511534026947212,0.7698363051318413,0.8599781956269321
India,T060_P03_H0800_I0600_CN080_F1,T060_P03_H0800_I0600_F1,False,0.0,0.0,0.7127311554635011,210,0.7105699120015285,209,0.8212435233160621,0.9082706766917292,0.2303943347934344,0.739278849960768,0.8644683925555114
India,T060_P03_H0800_I0600_CN090_F1,T060_P03_H0800_I0600_F1,False,0.0,0.0,0.7390483568366752,151,0.7367253703640609,160,0.8601036269430051,0.9097744360902256,0.3120633683229317,0.7067369964319221,0.906563356395292
India,T060_P03_H0800_I0600_CN100_F1,T060_P03_H0800_I0600_F1,False,0.0,0.0,0.7696133192358849,110,0.7718101319232215,105,0.9533678756476685,0.9383458646616541,0.3727740813528525,0.6741471526163104,0.9094316219009394
India,T060_P03_H0800_I0800_CN010_F1,T060_P03_H0800_I0800_F1,False,0.0,0.0,0.41651454574436125,537,0.3896249725269011,540,0.036269430051813475,0.41954887218045117,0.08714779854499399,0.9655457335435308,0.5740608944010168
India,T060_P03_H0800_I0800_CN020_F1,T060_P03_H0800_I0800_F1,False,0.0,0.0,0.5124204195402993,476,0.506182156165685,470,0.46761658031088094,0.5714285714285714,0.00014991645565420875,0.9305251817032233,0.5923818478031663
India,T060_P03_H0800_I0800_CN030_F1,T060_P03_H0800_I0800_F1,False,0.0,0.0,0.5627031990493168,415,0.5615276579123397,414,0.6036269430051815,0.6842105263157895,0.0006678096660740485,0.8978729505148157,0.6271377657447229
India,T060_P03_H0800_I0800_CN040_F1,T060_P03_H0800_I0800_F1,False,0.0,0.0,0.6107419717193039,362,0.6085863883192565,361,0.6904145077720207,0.7654135338345864,0.0001499164556330035,0.8642057247613083,0.7335261757729714
India,T060_P03_H0800_I0800_CN050_F1,T060_P03_H0800_I0800_F1,False,0.0,0.0,0.6299689769946494,340,0.6286690955640306,337,0.7383419689119171,0.8150375939849624,0.0001499164556330035,0.8319758080964412,0.7643395975242933
India,T060_P03_H0800_I0800_CN060_F1,T060_P03_H0800_I0800_F1,False,0.0,0.0,0.6563467002842619,309,0.6561609021295733,299,0.8134715025906735,0.8421052631578947,0.010221576521453501,0.7987476934668423,0.8171874656844459
India,T060_P03_H0800_I0800_CN070_F1,T060_P03_H0800_I0800_F1,False,0.0,0.0,0.6534405893263304,310,0.6572691535566599,297,0.8510362694300518,0.8751879699248121,0.0006678096660740485,0.7658459127872518,0.7744649848234624
India,T060_P03_H0800_I0800_CN080_F1,T060_P03_H0800_I0800_F1,False,0.0,0.0,0.6693945451860441,289,0.674803517662926,273,0.900259067357513,0.9022556390977443,0.018589640500345506,0.7337887611547423,0.7920796178198755
India,T060_P03_H0800_I0800_CN090_F1,T060_P03_H0800_I0800_F1,False,0.0,0.0,0.6899112796894883,238,0.6968205055744479,225,0.9507772020725388,0.9248120300751881,0.05902619721919233,0.7023482847071753,0.8125926843733466
India,T060_P03_H0800_I0800_CN100_F1,T060_P03_H0800_I0800_F1,False,0.0,0.0,0.7240323011148545,181,0.7289616762796188,169,0.9818652849740932,0.9428571428571428,0.14026728741157957,0.6718940086526487,0.8832777816788082
India,T060_P03_H0800_I0986_CN000_F1,T060_P03_H0800_I0986_F1,False,0.0,0.0,0.35364162631838014,556,0.3230616888500531,556,0.0025906735751295338,0.00601503759398496,0.1474741802977132,0.9979388171834022,0.6141894229416709
India,T060_P03_H0800_I0986_CN010_F1,T060_P03_H0800_I0986_F1,False,0.0,0.0,0.44377975632089506,523,0.4090465263549743,531,0.018134715025906734,0.4812030075187971,0.03999225885938751,0.9667694858560627,0.7127993143443211
India,T060_P03_H0800_I0986_CN020_F1,T060_P03_H0800_I0986_F1,True,0.0,0.0,0.47415158346449715,514,0.4674844345514614,510,0.3886010362694301,0.524812030075188,0.0001390134406976662,0.9352618230070234,0.5219440145301467
India,T060_P03_H0800_I0986_CN030_F1,T060_P03_H0800_I0986_F1,True,0.0,0.0,0.5218622683962244,470,0.5164287573049746,461,0.5310880829015544,0.5263157894736842,0.005906708352533374,0.9062424565267989,0.639758304726551
India,T060_P03_H0800_I0986_CN040_F1,T060_P03_H0800_I0986_F1,False,0.0,0.0,0.5556925132435389,428,0.5468059721324225,432,0.5932642487046633,0.5368421052631579,0.0013138133020738074,0.8760473280208085,0.7709950709269908
India,T060_P03_H0800_I0986_CN050_F1,T060_P03_H0800_I0986_F1,False,0.0,0.0,0.5834351711828382,394,0.5760633727140874,396,0.6748704663212435,0.5368421052631579,0.03612168854993136,0.8470351600835991,0.8223064356962587
India,T060_P03_H0800_I0986_CN060_F1,T060_P03_H0800_I0986_F1,False,0.0,0.0,0.5985824711134223,377,0.5887293874100822,379,0.6904145077720207,0.5383458646616541,0.05915430764492724,0.8175214936496853,0.8874761818388243
India,T060_P03_H0800_I0986_CN070_F1,T060_P03_H0800_I0986_F1,False,0.0,0.0,0.6310387805991431,337,0.619797327650893,348,0.7033678756476683,0.5383458646616541,0.19586448642703347,0.7894187416466907,0.9281969346126687
India,T060_P03_H0800_I0986_CN080_F1,T060_P03_H0800_I0986_F1,True,0.0,0.0,0.6347852038433561,331,0.6233136341148497,342,0.7124352331606217,0.5368421052631579,0.22334008411676443,0.7594419689454854,0.941866627730751
India,T060_P03_H0800_I0986_CN090_F1,T060_P03_H0800_I0986_F1,False,0.0,0.0,0.6415820618638878,325,0.6308686288015632,332,0.733160621761658,0.5398496240601505,0.2591837457853068,0.7282870347041759,0.9474292830081475
India,T060_P03_H0800_I0986_CN100_F1,T060_P03_H0800_I0986_F1,False,0.0,0.0,0.6446783727723976,319,0.6395593500392057,320,0.8121761658031088,0.5398496240601505,0.25867675558984493,0.6981326979419366,0.9145566204669472
India,T060_P03_H1000_I0600_CN030_F1,T060_P03_H1000_I0600_F1,False,0.0,0.0,0.5764679411908176,404,0.5654460167958032,409,0.4935233160621762,0.7729323308270677,0.006105688375484419,0.8958165667268946,0.7139618039624654
India,T060_P03_H1000_I0600_CN040_F1,T060_P03_H1000_I0600_F1,False,0.0,0.0,0.5769025355282629,401,0.5673664142369512,404,0.5090673575129534,0.8105263157894738,0.00027802688138911513,0.8648511941183105,0.6997897833391875
India,T060_P03_H1000_I0600_CN050_F1,T060_P03_H1000_I0600_F1,False,0.0,0.0,0.6064130966187465,369,0.612529150672565,353,0.733160621761658,0.8496240601503761,0.004721005476025497,0.8337202550203839,0.6108395406852892
India,T060_P03_H1000_I0600_CN060_F1,T060_P03_H1000_I0600_F1,False,0.0,0.0,0.6398619642857191,328,0.6380155476377841,324,0.7344559585492227,0.8902255639097744,0.001981622968297514,0.8012623844933785,0.771384291507922
India,T060_P03_H1000_I0600_CN070_F1,T060_P03_H1000_I0600_F1,False,0.0,0.0,0.7051544685275198,219,0.7018245897774686,222,0.8044041450777202,0.9022556390977443,0.1786104652589119,0.7695003731244796,0.8710017200787431
India,T060_P03_H1000_I0600_CN080_F1,T060_P03_H1000_I0600_F1,False,0.0,0.0,0.7157951148326878,201,0.7119150932755772,207,0.8018134715025906,0.9203007518796992,0.24007621207452579,0.7373712360618212,0.8794139026448021
India,T060_P03_H1000_I0600_CN090_F1,T060_P03_H1000_I0600_F1,False,0.0,0.0,0.7462378782161979,140,0.74597190853787,140,0.8808290155440415,0.9353383458646617,0.32317081480956966,0.7057028057521157,0.886148409110601
India,T060_P03_H1000_I0600_CN100_F1,T060_P03_H1000_I0600_F1,False,0.0,0.0,0.7745080851635887,100,0.7791248177664725,100,0.9740932642487046,0.9473684210526315,0.39590482758244794,0.6734153007431297,0.8817586121910292
India,T060_P03_H1000_I0800_CN000_F1,T060_P03_H1000_I0800_F1,True,0.0,0.0,0.3819517218699285,548,0.3485089599597253,555,0.009067357512953369,0.22406015037593982,0.002180602991248559,0.9965279027524829,0.6779225957170176
India,T060_P03_H1000_I0800_CN010_F1,T060_P03_H1000_I0800_F1,False,0.0,0.0,0.406741069553531,542,0.38967525277363674,539,0.12435233160621763,0.46015037593984964,0.020421347012987923,0.9631126260044968,0.4656686672041028
India,T060_P03_H1000_I0800_CN020_F1,T060_P03_H1000_I0800_F1,True,0.0,0.0,0.5469495418044429,440,0.5389496421566963,443,0.5025906735751297,0.6180451127819548,0.02265373932527215,0.9288695168097977,0.6625886665300599
India,T060_P03_H1000_I0800_CN030_F1,T060_P03_H1000_I0800_F1,False,0.0,0.0,0.5967542190142663,381,0.5946042270229944,376,0.6645077720207253,0.6992481203007518,0.015978368418323008,0.8965292224853689,0.7075076118461627
India,T060_P03_H1000_I0800_CN040_F1,T060_P03_H1000_I0800_F1,True,0.0,0.0,0.6630495600006421,296,0.6599776074415012,290,0.7396373056994817,0.7909774436090227,0.11927898362095213,0.8642777101914573,0.8010763568822963
India,T060_P03_H1000_I0800_CN050_F1,T060_P03_H1000_I0800_F1,False,0.0,0.0,0.6904788405428441,237,0.6885761977081363,237,0.7901554404145077,0.831578947368421,0.1708284383339168,0.8316230794887115,0.8282082971086637
India,T060_P03_H1000_I0800_CN060_F1,T060_P03_H1000_I0800_F1,False,0.0,0.0,0.737478574214285,154,0.7337640283265595,164,0.8277202072538861,0.8736842105263157,0.2861414502645385,0.7978358780182891,0.9020111250083953
India,T060_P03_H1000_I0800_CN070_F1,T060_P03_H1000_I0800_F1,False,0.0,0.0,0.7147687466205814,203,0.7124318886792663,206,0.8497409326424871,0.8842105263157896,0.1775010834871178,0.7659130991887242,0.8964780914687888
India,T060_P03_H1000_I0800_CN080_F1,T060_P03_H1000_I0800_F1,False,0.0,0.0,0.7618814033756575,121,0.7614477838586384,122,0.9028497409326425,0.9172932330827068,0.3439819446072323,0.7337599669826828,0.9115221312730226
India,T060_P03_H1000_I0800_CN090_F1,T060_P03_H1000_I0800_F1,False,0.0,0.0,0.7703593935523753,108,0.7704876733758776,109,0.917098445595855,0.9413533834586465,0.37641841410196364,0.702393875479603,0.9145328491258085
India,T060_P03_H1000_I0800_CN100_F1,T060_P03_H1000_I0800_F1,False,0.0,0.0,0.821778007334548,21,0.8231990622605332,21,0.9857512953367875,0.9578947368421052,0.5360221985384531,0.6718916091383104,0.9573301968170836
India,T060_P03_H1000_I0986_CN000_F1,T060_P03_H1000_I0986_F1,True,0.0,0.0,0.33159516761159535,557,0.30177913969371706,557,0.019430051813471506,0.02406015037593986,0.002442275350197587,0.9962927503473297,0.6157506101710383
India,T060_P03_H1000_I0986_CN010_F1,T060_P03_H1000_I0986_F1,False,0.0,0.0,0.42708668034148134,531,0.40047763553335297,536,0.07383419689119172,0.4496240601503759,0.040711857846497446,0.9652481937655818,0.60601509305376
India,T060_P03_H1000_I0986_CN020_F1,T060_P03_H1000_I0986_F1,True,0.0,0.0,0.5053851763408995,478,0.4959509449782216,482,0.43264248704663216,0.5293233082706768,0.010739469731873785,0.9328935023551232,0.6213271143001919
India,T060_P03_H1000_I0986_CN030_F1,T060_P03_H1000_I0986_F1,True,0.0,0.0,0.5460684423623837,443,0.5374014841736512,444,0.5453367875647669,0.5368421052631579,0.026289894813077197,0.9031974728314989,0.7186759513394178
India,T060_P03_H1000_I0986_CN040_F1,T060_P03_H1000_I0986_F1,False,0.0,0.0,0.5752535658690592,406,0.5667041927514243,406,0.6152849740932642,0.5458646616541353,0.05546908858965183,0.8733766685622829,0.7862724364459617
India,T060_P03_H1000_I0986_CN050_F1,T060_P03_H1000_I0986_F1,False,0.0,0.0,0.5919649981454099,384,0.5847704492675104,381,0.6865284974093264,0.5488721804511278,0.05117602645071728,0.8428288114485628,0.8304194749673154
India,T060_P03_H1000_I0986_CN060_F1,T060_P03_H1000_I0986_F1,False,0.0,0.0,0.6107056398810342,363,0.6002988619145317,370,0.6968911917098446,0.5518796992481203,0.08650179490884258,0.8132287624984702,0.9050267510398933
India,T060_P03_H1000_I0986_CN070_F1,T060_P03_H1000_I0986_F1,False,0.0,0.0,0.6343836815738677,332,0.6248386100930466,339,0.7292746113989637,0.5639097744360901,0.1774247623823506,0.7811332186365479,0.9201760410153864
India,T060_P03_H1000_I0986_CN080_F1,T060_P03_H1000_I0986_F1,False,0.0,0.0,0.6484573583499319,316,0.6408671774654207,318,0.7655440414507771,0.5669172932330827,0.24219957423727223,0.7502782236875257,0.9173476591410015
India,T060_P03_H1000_I0986_CN090_F1,T060_P03_H1000_I0986_F1,False,0.0,0.0,0.659754714622066,300,0.6533566428638506,304,0.7953367875647669,0.5744360902255639,0.2860296943612396,0.7196727782296864,0.9232982227290728
India,T060_P03_H1000_I0986_CN100_F1,T060_P03_H1000_I0986_F1,False,0.0,0.0,0.663737017194375,294,0.6624762491181686,287,0.8588082901554405,0.5789473684210525,0.30970286558482274,0.6872029101309894,0.88402365167957
India,T060_P05_H0500_I0600_CN020_F1,T060_P05_H0500_I0600_F1,True,0.0,0.0,0.5285648655420896,466,0.5051377142949591,472,0.2823834196891192,0.6691729323308271,0.005713179837060767,0.9346283512217127,0.7509264446317281
India,T060_P05_H0500_I0600_CN030_F1,T060_P05_H0500_I0600_F1,True,0.0,0.0,0.5499799296268656,437,0.532739818024128,450,0.4093264248704664,0.681203007518797,0.0014610040041386219,0.9037805548157053,0.7541286569252211
India,T060_P05_H0500_I0600_CN040_F1,T060_P05_H0500_I0600_F1,False,0.0,0.0,0.5841815862123577,390,0.5794368412762089,387,0.6373056994818652,0.6781954887218045,0.00013901344063227405,0.8730671312126427,0.732200598204844
India,T060_P05_H0500_I0600_CN050_F1,T060_P05_H0500_I0600_F1,False,0.0,0.0,0.603816331535883,371,0.6046948451955919,367,0.766839378238342,0.6541353383458648,0.008646090860272682,0.8401917451907733,0.7492691050441618
India,T060_P05_H0500_I0600_CN060_F1,T060_P05_H0500_I0600_F1,False,0.0,0.0,0.6263135297460879,345,0.6242621989921027,340,0.7992227979274611,0.6481203007518798,0.036639581760322226,0.8073355552836107,0.8402494130071656
India,T060_P05_H0500_I0600_CN070_F1,T060_P05_H0500_I0600_F1,False,0.0,0.0,0.6616479925663704,299,0.6597617252731225,291,0.8341968911917099,0.6541353383458648,0.17283186733210054,0.7751536289055094,0.8719222370566672
India,T060_P05_H0500_I0600_CN080_F1,T060_P05_H0500_I0600_F1,False,0.0,0.0,0.6826918849361352,258,0.6789442312805382,262,0.8393782383419689,0.6616541353383459,0.25750195572829604,0.7405937838181552,0.9143313114539101
India,T060_P05_H0500_I0600_CN090_F1,T060_P05_H0500_I0600_F1,False,0.0,0.0,0.6910416648063947,235,0.6862831834769594,241,0.8367875647668394,0.6240601503759399,0.35523930754950617,0.7071641099841393,0.9319571913555491
India,T060_P05_H0500_I0600_CN100_F1,T060_P05_H0500_I0600_F1,False,0.0,0.0,0.6858438202118758,248,0.6828775073244686,251,0.86139896373057,0.6330827067669174,0.3399178457823081,0.6740943633008678,0.9207252214787165
India,T060_P05_H0500_I0800_CN010_F1,T060_P05_H0500_I0800_F1,False,0.0,0.0,0.37986062901856565,550,0.3674637367828062,549,0.08031088082901555,0.5218045112781955,0.002308713416971475,0.9666303140244414,0.32824872554420437
India,T060_P05_H0500_I0800_CN050_F1,T060_P05_H0500_I0800_F1,True,0.0,0.0,0.7263082898688626,175,0.7223045714609094,181,0.8199481865284974,0.7293233082706767,0.3400568592230022,0.8421905406345754,0.9000225546875616
India,T060_P05_H0500_I0800_CN060_F1,T060_P05_H0500_I0800_F1,True,0.0,0.0,0.7515450501557378,133,0.7469605385530826,138,0.8406735751295337,0.7699248120300752,0.4054694974527808,0.8092935589836617,0.9323638071826379
India,T060_P05_H0500_I0800_CN070_F1,T060_P05_H0500_I0800_F1,True,0.0,0.0,0.7324221440874286,166,0.7272633156544555,173,0.8380829015544041,0.7894736842105263,0.3141458441795666,0.7791488202787754,0.9412594702138708
India,T060_P05_H0500_I0800_CN080_F1,T060_P05_H0500_I0800_F1,False,0.0,0.0,0.7606945762525177,123,0.7574117298683427,127,0.8730569948186528,0.8240601503759398,0.4235303417277426,0.7441114718381,0.9387139225021534
India,T060_P05_H0500_I0800_CN090_F1,T060_P05_H0500_I0800_F1,False,0.0,0.0,0.7370512134954266,157,0.7353778611344308,161,0.8989637305699482,0.8300751879699249,0.3107386520057501,0.7130477191416458,0.9324307777898638
India,T060_P05_H0500_I0800_CN100_F1,T060_P05_H0500_I0800_F1,False,0.0,0.0,0.7611046376927533,122,0.7617025481282408,121,0.9313471502590672,0.8646616541353382,0.41005148948813686,0.6800739530319063,0.9193889415493179
India,T060_P05_H0500_I0986_CN010_F1,T060_P05_H0500_I0986_F1,False,0.0,0.0,0.29871433275536224,558,0.2923960968785535,558,0.08937823834196891,0.21954887218045108,0.0011339135554524482,0.9677676838207946,0.2157429558781442
India,T060_P05_H0500_I0986_CN020_F1,T060_P05_H0500_I0986_F1,False,0.0,0.0,0.44466653744483847,522,0.4452141763205513,518,0.40673575129533684,0.48721804511278194,0.0002753011276526163,0.9333206159073404,0.3957829737810807
India,T060_P05_H0500_I0986_CN030_F1,T060_P05_H0500_I0986_F1,False,0.0,0.0,0.5394473032023962,453,0.5347547094794798,448,0.5375647668393783,0.6270676691729323,0.0052388986864637666,0.8959485400155008,0.6314166412977058
India,T060_P05_H0500_I0986_CN040_F1,T060_P05_H0500_I0986_F1,False,0.0,0.0,0.605051395694299,370,0.6033154382241481,368,0.6839378238341969,0.7548872180451127,0.004721005476044371,0.8630539578789254,0.7186569732372159
India,T060_P05_H0500_I0986_CN050_F1,T060_P05_H0500_I0986_F1,False,0.0,0.0,0.6585085993340932,303,0.6563341022788087,298,0.7707253886010361,0.8766917293233084,0.0030283124040902942,0.8278822366353049,0.8142153297067269
India,T060_P05_H0500_I0986_CN060_F1,T060_P05_H0500_I0986_F1,False,0.0,0.0,0.6745518156877073,276,0.6775242951012117,266,0.8354922279792746,0.9518796992481203,0.015321461767221378,0.7940230497347337,0.7760426397091863
India,T060_P05_H0500_I0986_CN070_F1,T060_P05_H0500_I0986_F1,False,0.0,0.0,0.72488917708198,179,0.7287173118826472,170,0.9028497409326425,0.98796992481203,0.1453780756723816,0.7619610990735475,0.826287044919298
India,T060_P05_H0500_I0986_CN090_F1,T060_P05_H0500_I0986_F1,False,0.0,0.0,0.7873346971054374,77,0.7905457441039757,73,0.9689119170984456,1.0,0.36261792292114237,0.70045266837992,0.9046909771276788
India,T060_P05_H0500_I0986_CN100_F1,T060_P05_H0500_I0986_F1,False,0.0,0.0,0.8312266121624372,17,0.8319182918331446,17,0.9987046632124352,1.0,0.5011816142458856,0.6713757135555763,0.984871069798289
India,T060_P05_H0800_I0600_CN010_F1,T060_P05_H0800_I0600_F1,True,0.0,0.0,0.5265965770744494,467,0.49714823852737156,479,0.21373056994818654,0.6511278195488721,0.0006732611735493776,0.9647538938118925,0.802697340889747
India,T060_P05_H0800_I0600_CN020_F1,T060_P05_H0800_I0600_F1,True,0.0,0.0,0.5297514276560957,464,0.5108483936282325,466,0.3251295336787565,0.6496240601503759,0.036650484775242576,0.934162845440083,0.7031902142360209
India,T060_P05_H0800_I0600_CN030_F1,T060_P05_H0800_I0600_F1,True,0.0,0.0,0.5446111271532962,447,0.5316254927082976,452,0.4520725388601037,0.6511278195488721,0.00420311226554515,0.9038669373318841,0.7117852277600759
India,T060_P05_H0800_I0600_CN040_F1,T060_P05_H0800_I0600_F1,False,0.0,0.0,0.580742661037897,398,0.5777124206803064,394,0.655440414507772,0.6511278195488721,0.009174887085643513,0.8719249623876127,0.7160452216595847
India,T060_P05_H0800_I0600_CN050_F1,T060_P05_H0800_I0600_F1,False,0.0,0.0,0.6147843836586028,355,0.6121514639490011,355,0.75,0.681203007518797,0.0006678096660632793,0.8393927069161201,0.8026583941920334
India,T060_P05_H0800_I0600_CN060_F1,T060_P05_H0800_I0600_F1,False,0.0,0.0,0.641941409501447,323,0.6406107273941718,319,0.8121761658031088,0.681203007518797,0.0709295637976084,0.8066085024391064,0.8387898079486146
India,T060_P05_H0800_I0600_CN070_F1,T060_P05_H0800_I0600_F1,False,0.0,0.0,0.6416050249259504,324,0.6394814226159353,321,0.8380829015544041,0.681203007518797,0.033772088826868774,0.7744121789749755,0.8805549477547064
India,T060_P05_H0800_I0600_CN080_F1,T060_P05_H0800_I0600_F1,False,0.0,0.0,0.6307701201149889,338,0.6276750046764689,338,0.8406735751295337,0.6496240601503759,0.021607049889475816,0.7393700315056234,0.902575883899936
India,T060_P05_H0800_I0600_CN090_F1,T060_P05_H0800_I0600_F1,False,0.0,0.0,0.7175967600764983,196,0.7133777739121927,205,0.8497409326424871,0.6781954887218045,0.42046386877131836,0.705462854318286,0.9341206559285953
India,T060_P05_H0800_I0600_CN100_F1,T060_P05_H0800_I0600_F1,False,0.0,0.0,0.7175109311835323,197,0.7140637410959545,203,0.871761658031088,0.6781954887218045,0.4245661281485823,0.6723259212335423,0.9407054597826444
India,T060_P05_H0800_I0800_CN010_F1,T060_P05_H0800_I0800_F1,False,0.0,0.0,0.4227748357491271,533,0.4018067541281108,534,0.07383419689119172,0.5112781954887218,0.07040894483347715,0.9651570122207266,0.49319582931151845
India,T060_P05_H0800_I0800_CN030_F1,T060_P05_H0800_I0800_F1,True,0.0,0.0,0.6369498889444685,330,0.6345300828829461,327,0.7124352331606217,0.7218045112781956,0.09198055992433574,0.89769778596812,0.7608313543910694
India,T060_P05_H0800_I0800_CN060_F1,T060_P05_H0800_I0800_F1,True,0.0,0.0,0.7824575482643228,92,0.7818990293909883,94,0.8886010362694301,0.8917293233082707,0.4342589084446489,0.7979270595631444,0.8997714137361206
India,T060_P05_H0800_I0800_CN070_F1,T060_P05_H0800_I0800_F1,True,0.0,0.0,0.7803694408338145,95,0.7838766028640216,91,0.9637305699481865,0.9007518796992481,0.3779938997631379,0.7657835254144562,0.8935873293440441
India,T060_P05_H0800_I0800_CN080_F1,T060_P05_H0800_I0800_F1,False,0.0,0.0,0.8063045444470767,32,0.8070016643886014,34,0.9391191709844559,0.9293233082706767,0.5054392415862861,0.7324642292400019,0.9251767721539632
India,T060_P05_H0800_I0800_CN090_F1,T060_P05_H0800_I0800_F1,False,0.0,0.0,0.8040319201189053,37,0.8065735236404927,35,0.961139896373057,0.9263157894736843,0.5211395831232274,0.7012565056832498,0.9103078259413082
India,T060_P05_H0800_I0800_CN100_F1,T060_P05_H0800_I0800_F1,False,0.0,0.0,0.8428839348612828,13,0.8446379073091774,13,1.0,0.9368421052631579,0.6413316942466774,0.6713253237544721,0.9649205510421064
India,T060_P05_H0800_I0986_CN010_F1,T060_P05_H0800_I0986_F1,False,0.0,0.0,0.38105391303960384,549,0.3651701151731876,550,0.06994818652849742,0.4812030075187971,0.002371405752982114,0.96412282154092,0.38762414385682253
India,T060_P05_H0800_I0986_CN020_F1,T060_P05_H0800_I0986_F1,True,0.0,0.0,0.5322519692748103,460,0.529380954090053,454,0.5025906735751297,0.6646616541353384,0.005767694911835042,0.9282288464814722,0.5600109772702765
India,T060_P05_H0800_I0986_CN030_F1,T060_P05_H0800_I0986_F1,False,0.0,0.0,0.6168474347184473,352,0.6153134792654487,350,0.6709844559585492,0.806015037593985,0.014664555116103872,0.8909095599050753,0.7016635650185229
India,T060_P05_H0800_I0986_CN040_F1,T060_P05_H0800_I0986_F1,False,0.0,0.0,0.6715258529029798,283,0.670747129325093,279,0.7681347150259068,0.8796992481203006,0.0695612354206312,0.8565248793644167,0.7837091865836435
India,T060_P05_H0800_I0986_CN050_F1,T060_P05_H0800_I0986_F1,False,0.0,0.0,0.7424454413426673,145,0.738045045963993,155,0.8251295336787564,0.9533834586466167,0.1964041856674268,0.8241725874682965,0.9131374412522403
India,T060_P05_H0800_I0986_CN060_F1,T060_P05_H0800_I0986_F1,False,0.0,0.0,0.7584630432362431,126,0.7530632786444567,130,0.8238341968911916,0.9819548872180452,0.2614270411125499,0.7932696022325082,0.9318294887269201
India,T060_P05_H0800_I0986_CN070_F1,T060_P05_H0800_I0986_F1,True,0.0,0.0,0.796068148607088,55,0.795435811024559,55,0.9093264248704663,0.98796992481203,0.39812631687964717,0.7629448999522497,0.9219731765210466
India,T060_P05_H0800_I0986_CN080_F1,T060_P05_H0800_I0986_F1,False,0.0,0.0,0.8158293210966294,24,0.8200618655931136,23,0.9844559585492229,0.9954887218045113,0.4687778537960212,0.7306190027138507,0.8998050686195402
India,T060_P05_H0800_I0986_CN090_F1,T060_P05_H0800_I0986_F1,False,0.0,0.0,0.7918750382758792,69,0.7937014186156113,59,0.9637305699481865,0.9939849624060151,0.3740688143788605,0.7003878814927859,0.9272029631535484
India,T060_P05_H1000_I0600_CN010_F1,T060_P05_H1000_I0600_F1,True,0.0,0.0,0.5369180892409965,456,0.5054602178169632,471,0.2344559585492228,0.5969924812030076,0.024095663053232186,0.9654329563696308,0.8636133870298889
India,T060_P05_H1000_I0600_CN020_F1,T060_P05_H1000_I0600_F1,True,0.0,0.0,0.5376376693313641,455,0.5155905848025297,462,0.3316062176165803,0.613533834586466,0.035800049608642026,0.9347003366518617,0.7725479081932709
India,T060_P05_H1000_I0600_CN030_F1,T060_P05_H1000_I0600_F1,True,0.0,0.0,0.5470666274040262,439,0.5359978259861323,445,0.4909326424870467,0.6210526315789473,0.008000087224042551,0.9030391048851714,0.7123086708449228
India,T060_P05_H1000_I0600_CN040_F1,T060_P05_H1000_I0600_F1,False,0.0,0.0,0.5842022753902378,389,0.5839116549008565,383,0.6865284974093264,0.6481203007518798,0.021468036448783145,0.8725536351442468,0.692340907196953
India,T060_P05_H1000_I0600_CN050_F1,T060_P05_H1000_I0600_F1,False,0.0,0.0,0.6114214367447296,359,0.6079531952238093,363,0.7564766839378239,0.6165413533834587,0.018199857715657464,0.8400477743304755,0.8258415143562328
India,T060_P05_H1000_I0600_CN060_F1,T060_P05_H1000_I0600_F1,False,0.0,0.0,0.6281545052859359,342,0.6290409858919432,335,0.8290155440414507,0.643609022556391,0.04932251390816422,0.8075395140023659,0.811285931921308
India,T060_P05_H1000_I0600_CN070_F1,T060_P05_H1000_I0600_F1,False,0.0,0.0,0.6318360114751415,335,0.6309737246215101,331,0.8497409326424871,0.6496240601503759,0.017681964505234293,0.7751464303624945,0.8669866697151156
India,T060_P05_H1000_I0600_CN080_F1,T060_P05_H1000_I0600_F1,False,0.0,0.0,0.6517139022407896,313,0.6488439169664169,312,0.8471502590673575,0.6511278195488721,0.11617707586587855,0.7395643921670253,0.9045499645548151
India,T060_P05_H1000_I0600_CN090_F1,T060_P05_H1000_I0600_F1,False,0.0,0.0,0.6886137239451064,242,0.6852623378954951,245,0.8601036269430051,0.6150375939849624,0.33391028454143856,0.7068857663208966,0.9271313479352293
India,T060_P05_H1000_I0600_CN100_F1,T060_P05_H1000_I0600_F1,False,0.0,0.0,0.724983931883326,177,0.7205101778511176,186,0.8639896373056994,0.6526315789473685,0.4818887292808698,0.6729449959328232,0.9534647179498691
India,T060_P05_H1000_I0800_CN010_F1,T060_P05_H1000_I0800_F1,False,0.0,0.0,0.42967780904349134,528,0.4144671466986298,527,0.13601036269430053,0.6060150375939851,0.0024995161787169096,0.9636405191589222,0.4402236095915318
India,T060_P05_H1000_I0800_CN020_F1,T060_P05_H1000_I0800_F1,True,0.0,0.0,0.5656589229861,412,0.5652091866153992,411,0.6010362694300518,0.6857142857142856,0.0007959200918085108,0.9307171428502871,0.610030996844067
India,T060_P05_H1000_I0800_CN030_F1,T060_P05_H1000_I0800_F1,False,0.0,0.0,0.6237682947031395,348,0.6216019652829691,347,0.7150259067357513,0.7488721804511278,0.0007959200918085108,0.8957949710978498,0.7583524951391605
India,T060_P05_H1000_I0800_CN040_F1,T060_P05_H1000_I0800_F1,True,0.0,0.0,0.7266832961111144,173,0.7224667240115283,180,0.7914507772020726,0.7894736842105263,0.3130991547437705,0.8636106452054104,0.8757822191937918
India,T060_P05_H1000_I0800_CN050_F1,T060_P05_H1000_I0800_F1,True,0.0,0.0,0.7549266524136878,131,0.7521562140162201,131,0.8523316062176167,0.8481203007518798,0.3365215566234514,0.8299194243085198,0.9077403741669716
India,T060_P05_H1000_I0800_CN060_F1,T060_P05_H1000_I0800_F1,True,0.0,0.0,0.7919605301898365,67,0.7911631060104168,71,0.9015544041450777,0.8887218045112781,0.4559777142374358,0.7960458403219187,0.9175028877334724
India,T060_P05_H1000_I0800_CN070_F1,T060_P05_H1000_I0800_F1,True,0.0,0.0,0.8085150651026822,27,0.8107037538979772,30,0.9455958549222798,0.918796992481203,0.5114358998122013,0.7649244992813454,0.901822079016382
India,T060_P05_H1000_I0800_CN080_F1,T060_P05_H1000_I0800_F1,False,0.0,0.0,0.819080517708805,23,0.8193447095951494,24,0.9455958549222798,0.9368421052631579,0.5400972003783363,0.7325554107848572,0.9403120171953934
India,T060_P05_H1000_I0800_CN090_F1,T060_P05_H1000_I0800_F1,False,0.0,0.0,0.8244326298128299,19,0.827623038154524,19,0.9974093264248703,0.9263157894736843,0.563786726124447,0.7010501474501561,0.9336011595909923
India,T060_P05_H1000_I0800_CN100_F1,T060_P05_H1000_I0800_F1,False,0.0,0.0,0.8566786924890474,10,0.8573640102405259,10,1.0,0.9353383458646617,0.6904361478556735,0.6713253237544721,0.9862936449704295
India,T060_P05_H1000_I0986_CN010_F1,T060_P05_H1000_I0986_F1,False,0.0,0.0,0.419795312811391,534,0.4026012402542766,533,0.11658031088082903,0.556390977443609,0.0025676600221877788,0.9629758536872136,0.4604617620231155
India,T060_P05_H1000_I0986_CN020_F1,T060_P05_H1000_I0986_F1,True,0.0,0.0,0.5597925258290607,422,0.5553125619065711,420,0.5401554404145078,0.6977443609022556,0.0023714057529687915,0.92893670321127,0.6297547188643015
India,T060_P05_H1000_I0986_CN030_F1,T060_P05_H1000_I0986_F1,False,0.0,0.0,0.6219876348317348,349,0.6216132671080282,346,0.7137305699481865,0.7729323308270677,0.010221576521442954,0.8918357724396583,0.7212179244223186
India,T060_P05_H1000_I0986_CN040_F1,T060_P05_H1000_I0986_F1,True,0.0,0.0,0.7092311050665124,214,0.706154206510957,217,0.7797927461139896,0.9097744360902256,0.15779933546123215,0.8574582904420146,0.8413307172251002
India,T060_P05_H1000_I0986_CN060_F1,T060_P05_H1000_I0986_F1,False,0.0,0.0,0.7738497348311502,103,0.771138240979019,107,0.854922279792746,0.9774436090225563,0.33376036808578835,0.7939702604192912,0.9091521568353684
India,T060_P05_H1000_I0986_CN070_F1,T060_P05_H1000_I0986_F1,False,0.0,0.0,0.7829699713119848,89,0.7809728425591556,97,0.8821243523316062,0.9789473684210526,0.36857914634844013,0.7631320620706369,0.922066927388188
India,T060_P05_H1000_I0986_CN080_F1,T060_P05_H1000_I0986_F1,False,0.0,0.0,0.8023215916672408,42,0.8065370913008282,36,0.9753886010362695,0.9849624060150376,0.4296769164091021,0.7305014265112741,0.89107860836452
India,T060_P05_H1000_I0986_CN090_F1,T060_P05_H1000_I0986_F1,False,0.0,0.0,0.8204514920046646,22,0.8221985555406998,22,0.9857512953367875,0.9984962406015037,0.4665672675136552,0.7006326319552922,0.9508100246160845
India,T060_P10_H0500_I0600_CN020_F1,T060_P10_H0500_I0600_F1,True,0.0,0.0,0.5008378043225747,482,0.4995203255878259,477,0.3186528497409326,0.9082706766917292,0.0003461707248667567,0.9319169000194361,0.34500242443590884
India,T060_P10_H0500_I0600_CN030_F1,T060_P10_H0500_I0600_F1,True,0.0,0.0,0.6006822154766251,373,0.6028024822422581,369,0.6165803108808291,0.9082706766917292,0.0034071921738217936,0.9009779220685733,0.5741749755681725
India,T060_P10_H0500_I0600_CN040_F1,T060_P10_H0500_I0600_F1,False,0.0,0.0,0.6136438415182749,356,0.6139082411254305,351,0.645077720207254,0.9082706766917292,0.005238898686281024,0.8698421839419702,0.6397897280641398
India,T060_P10_H0500_I0600_CN050_F1,T060_P10_H0500_I0600_F1,True,0.0,0.0,0.6891939500250459,240,0.6893665797151818,236,0.8044041450777202,0.8887218045112781,0.11173409727119088,0.8401581519900372,0.8009515512750035
India,T060_P10_H0500_I0600_CN060_F1,T060_P10_H0500_I0600_F1,False,0.0,0.0,0.7180910129010561,194,0.7156496639849762,194,0.8186528497409327,0.9142857142857143,0.18253555064314775,0.8075011217729532,0.8674798280625324
India,T060_P10_H0500_I0600_CN070_F1,T060_P10_H0500_I0600_F1,False,0.0,0.0,0.7460418693450086,141,0.7430875364965731,146,0.8471502590673575,0.9233082706766917,0.2793488719467948,0.7741650289981307,0.9062369160360679
India,T060_P10_H0500_I0600_CN080_F1,T060_P10_H0500_I0600_F1,False,0.0,0.0,0.7494976768732527,134,0.7503174555716375,133,0.900259067357513,0.9353383458646617,0.2861523532794653,0.7418751244748063,0.8838634933898175
India,T060_P10_H0500_I0600_CN090_F1,T060_P10_H0500_I0600_F1,False,0.0,0.0,0.7643597602606855,119,0.7660945667399055,117,0.9326424870466321,0.9473684210526315,0.3349569739772347,0.7088845617646987,0.8979463574622301
India,T060_P10_H0500_I0600_CN100_F1,T060_P10_H0500_I0600_F1,False,0.0,0.0,0.7554474613198569,130,0.7568336008001285,128,0.9455958549222798,0.9548872180451128,0.28155945822916784,0.6773217100858786,0.917873065316845
India,T060_P10_H0500_I0800_CN010_F1,T060_P10_H0500_I0800_F1,False,0.0,0.0,0.3725529981375632,552,0.3640470881712683,551,0.10103626943005181,0.48721804511278194,0.03868389706464226,0.9646723103243904,0.2711544687559498
India,T060_P10_H0500_I0800_CN020_F1,T060_P10_H0500_I0800_F1,True,0.0,0.0,0.5525359749943985,436,0.5542144279123143,421,0.5751295336787565,0.7022556390977445,0.013089069454912838,0.9306451574201381,0.5415604753204407
India,T060_P10_H0500_I0800_CN040_F1,T060_P10_H0500_I0800_F1,True,0.0,0.0,0.670968918360687,286,0.6681932417089194,283,0.7823834196891191,0.7819548872180452,0.08440841603722415,0.8682009161345743,0.837896952724472
India,T060_P10_H0500_I0800_CN050_F1,T060_P10_H0500_I0800_F1,True,0.0,0.0,0.7287891144465832,170,0.7262865927072742,176,0.844559585492228,0.8390977443609023,0.2300263580386629,0.8356518640627137,0.8946100202784094
India,T060_P10_H0500_I0800_CN060_F1,T060_P10_H0500_I0800_F1,True,0.0,0.0,0.7489648039261948,135,0.7481919788702529,135,0.8924870466321244,0.9022556390977443,0.24180161419134583,0.8003361719587955,0.9079435477509642
India,T060_P10_H0500_I0800_CN070_F1,T060_P10_H0500_I0800_F1,False,0.0,0.0,0.767104148993264,115,0.768981709159056,113,0.9274611398963731,0.9488721804511278,0.30185269481643384,0.7674247932218519,0.8899099365805331
India,T060_P10_H0500_I0800_CN080_F1,T060_P10_H0500_I0800_F1,False,0.0,0.0,0.7815734748259688,93,0.7858172854848928,84,0.9637305699481865,0.9819548872180452,0.34947161263769055,0.7338559475562146,0.878854356769707
India,T060_P10_H0500_I0800_CN090_F1,T060_P10_H0500_I0800_F1,False,0.0,0.0,0.8052037547453013,34,0.81146763628497,28,0.9961139896373057,1.0,0.4593740033962511,0.6996944218490176,0.8708363588439322
India,T060_P10_H0500_I0800_CN100_F1,T060_P10_H0500_I0800_F1,False,0.0,0.0,0.8340335905491794,15,0.8364629329964277,15,1.0,1.0,0.5474294779363924,0.6713253237544721,0.9514131510550321
India,T060_P10_H0500_I0986_CN010_F1,T060_P10_H0500_I0986_F1,False,0.0,0.0,0.3630478455765358,554,0.3590289989886466,553,0.07253886010362694,0.6195488721804512,0.007348632080492412,0.9628870716566967,0.15291579186141158
India,T060_P10_H0500_I0986_CN020_F1,T060_P10_H0500_I0986_F1,True,0.0,0.0,0.5558542215732135,427,0.5527724234308959,425,0.5427461139896373,0.7052631578947367,0.0006569066510476729,0.9262228524946551,0.6043820768359909
India,T060_P10_H0500_I0986_CN030_F1,T060_P10_H0500_I0986_F1,True,0.0,0.0,0.6383364938776832,329,0.6327922531060424,328,0.6709844559585492,0.8466165413533835,0.00021806029913062908,0.8919941403859859,0.7818692713913669
India,T060_P10_H0500_I0986_CN040_F1,T060_P10_H0500_I0986_F1,True,0.0,0.0,0.6819393507914471,260,0.6784462820423395,264,0.7966321243523315,0.8691729323308272,0.017681964505240955,0.8597162334343529,0.8664934993344826
India,T060_P10_H0500_I0986_CN050_F1,T060_P10_H0500_I0986_F1,True,0.0,0.0,0.748069900008444,137,0.7440178811850032,142,0.8419689119170984,0.9293233082706767,0.21994379495790672,0.8261041965106263,0.9230092883859115
India,T060_P10_H0500_I0986_CN060_F1,T060_P10_H0500_I0986_F1,True,0.0,0.0,0.7720256748350198,105,0.7701128312728653,112,0.8782383419689119,0.9533834586466167,0.31637823649183794,0.7956331238557316,0.9164952132120007
India,T060_P10_H0500_I0986_CN080_F1,T060_P10_H0500_I0986_F1,False,0.0,0.0,0.8034250350506446,39,0.8060346118052067,39,0.9650259067357513,1.0,0.406126404103901,0.7331384927690635,0.9128343716445065
India,T060_P10_H0800_I0600_CN030_F1,T060_P10_H0800_I0600_F1,True,0.0,0.0,0.6093659848068864,366,0.6081650117312941,362,0.5686528497409328,0.9849624060150376,0.00014991645565332057,0.9003924405700287,0.5926723112527797
India,T060_P10_H0800_I0600_CN040_F1,T060_P10_H0800_I0600_F1,True,0.0,0.0,0.6246231766124232,347,0.624250112833337,341,0.628238341968912,0.9849624060150376,0.00614657468156099,0.868068942845968,0.6356996175506372
India,T060_P10_H0800_I0600_CN050_F1,T060_P10_H0800_I0600_F1,False,0.0,0.0,0.7205876292569557,188,0.7190112492560808,189,0.778497409326425,0.9804511278195489,0.1965322960931506,0.8374323037017307,0.8100250093439234
India,T060_P10_H0800_I0600_CN060_F1,T060_P10_H0800_I0600_F1,False,0.0,0.0,0.7127603890156106,209,0.7090522780653974,212,0.7901554404145077,0.9819548872180452,0.12365926987960962,0.8037146881471191,0.8643176594187713
India,T060_P10_H0800_I0600_CN070_F1,T060_P10_H0800_I0600_F1,False,0.0,0.0,0.7464920948487495,139,0.743339947463789,144,0.8316062176165803,0.9819548872180452,0.254094763554496,0.770155440538835,0.8946491653157911
India,T060_P10_H0800_I0600_CN080_F1,T060_P10_H0800_I0600_F1,False,0.0,0.0,0.7485790068927994,136,0.7477584038008673,137,0.8782383419689119,0.9849624060150376,0.24743029566250363,0.7376135870099892,0.894650403807555
India,T060_P10_H0800_I0600_CN090_F1,T060_P10_H0800_I0600_F1,False,0.0,0.0,0.7774191448554125,99,0.7802037594243728,99,0.9339378238341969,0.9864661654135338,0.38479738109580885,0.7036488214785327,0.8782455324549903
India,T060_P10_H0800_I0600_CN100_F1,T060_P10_H0800_I0600_F1,False,0.0,0.0,0.7968159450611039,51,0.801891495566638,43,0.9961139896373057,0.98796992481203,0.43360200179345887,0.671790829536102,0.8946029795266227
India,T060_P10_H0800_I0800_CN010_F1,T060_P10_H0800_I0800_F1,False,0.0,0.0,0.3756756888060596,551,0.3696755887934721,548,0.14248704663212436,0.4766917293233082,0.03167598420151685,0.9650346369894733,0.26248904688387537
India,T060_P10_H0800_I0800_CN020_F1,T060_P10_H0800_I0800_F1,False,0.0,0.0,0.5306991244083643,462,0.5319790494606489,451,0.5207253886010362,0.6977443609022556,0.00955376685533238,0.9303452181278509,0.4951268875553465
India,T060_P10_H0800_I0800_CN040_F1,T060_P10_H0800_I0800_F1,True,0.0,0.0,0.6973828137571758,229,0.6947416860952099,229,0.7823834196891191,0.8541353383458646,0.1513747338982926,0.8638146039241658,0.8352059729284368
India,T060_P10_H0800_I0800_CN050_F1,T060_P10_H0800_I0800_F1,True,0.0,0.0,0.7371616959536792,155,0.7334925950791804,165,0.8354922279792746,0.8721804511278195,0.2368298393713345,0.832431715820718,0.9088742454692493
India,T060_P10_H0800_I0800_CN060_F1,T060_P10_H0800_I0800_F1,True,0.0,0.0,0.7881078388476035,74,0.7875157193327891,77,0.8963730569948185,0.9368421052631579,0.4022013187195679,0.7969072659693678,0.9082154472911051
India,T060_P10_H0800_I0800_CN070_F1,T060_P10_H0800_I0800_F1,True,0.0,0.0,0.8045102699264184,35,0.8038161931204006,41,0.9041450777202071,0.9894736842105264,0.44759874724346393,0.7633072266173326,0.9180266138405617
India,T060_P10_H0800_I0800_CN080_F1,T060_P10_H0800_I0800_F1,False,0.0,0.0,0.8072861256707666,30,0.8109008105699699,29,0.9650259067357513,0.9969924812030074,0.44944135677118724,0.7322386748922018,0.8927322087516854
India,T060_P10_H0800_I0800_CN090_F1,T060_P10_H0800_I0800_F1,False,0.0,0.0,0.8141983031403788,25,0.8182918316445693,25,0.9857512953367875,1.0,0.48084203984507434,0.7005174552670539,0.9038807252529784
India,T060_P10_H0800_I0800_CN100_F1,T060_P10_H0800_I0800_F1,False,0.0,0.0,0.8584950117833341,8,0.85960428118747,9,1.0,1.0,0.643335123244918,0.6713253237544721,0.9778146119172801
India,T060_P10_H0800_I0986_CN010_F1,T060_P10_H0800_I0986_F1,False,0.0,0.0,0.40231216821897514,544,0.38960681808489656,541,0.058290155440414514,0.6796992481203007,0.0005451507478169137,0.9606291286643582,0.3123971581219855
India,T060_P10_H0800_I0986_CN020_F1,T060_P10_H0800_I0986_F1,True,0.0,0.0,0.5776808413862212,400,0.5755863944177897,397,0.5699481865284974,0.7578947368421053,0.025911015043440955,0.9228131426199337,0.6118371258971287
India,T060_P10_H0800_I0986_CN030_F1,T060_P10_H0800_I0986_F1,False,0.0,0.0,0.6628516259414051,297,0.6576940566043177,296,0.689119170984456,0.9172932330827068,0.0276146111303488,0.8879605567833071,0.7922705577262074
India,T060_P10_H0800_I0986_CN080_F1,T060_P10_H0800_I0986_F1,False,0.0,0.0,0.812365819892596,26,0.8142424688684459,26,0.9715025906735751,1.0,0.4235303417277404,0.7328265559050848,0.9339696111565801
India,T060_P10_H1000_I0600_CN040_F1,T060_P10_H1000_I0600_F1,True,0.0,0.0,0.6307253783890213,339,0.6290357973219568,336,0.6217616580310881,0.9894736842105264,0.019369206069718592,0.8674690642613935,0.6555532793723802
India,T060_P10_H1000_I0600_CN050_F1,T060_P10_H1000_I0600_F1,False,0.0,0.0,0.7009557543610414,222,0.6990258386794128,223,0.7538860103626942,0.9864661654135338,0.1347667163661792,0.837175555667533,0.7924843239952668
India,T060_P10_H1000_I0600_CN060_F1,T060_P10_H1000_I0600_F1,False,0.0,0.0,0.7236837060613791,182,0.7171478941472579,192,0.766839378238342,0.9894736842105264,0.1605496209838838,0.8040002303533765,0.8975556165207665
India,T060_P10_H1000_I0600_CN070_F1,T060_P10_H1000_I0600_F1,False,0.0,0.0,0.7324604353442022,165,0.7271800677245793,175,0.8031088082901555,0.9894736842105264,0.1897179117455442,0.7712856117921731,0.9087161606826117
India,T060_P10_H1000_I0600_CN080_F1,T060_P10_H1000_I0600_F1,False,0.0,0.0,0.720973078112087,186,0.7137689096749409,204,0.8005181347150259,0.9864661654135338,0.13412071273007242,0.7391588742438531,0.9446015034579495
India,T060_P10_H1000_I0600_CN090_F1,T060_P10_H1000_I0600_F1,False,0.0,0.0,0.7652830607879582,117,0.763332619329613,119,0.871761658031088,0.9894736842105264,0.35051830207348567,0.7038911724267009,0.9107704871979904
India,T060_P10_H1000_I0600_CN100_F1,T060_P10_H1000_I0600_F1,False,0.0,0.0,0.8036965269944225,38,0.8079240648713106,32,0.9792746113989638,0.9894736842105264,0.4829245157017057,0.6720859697997126,0.8947238538612046
India,T060_P10_H1000_I0800_CN010_F1,T060_P10_H1000_I0800_F1,False,0.0,0.0,0.4108924007215447,539,0.4048407410582985,532,0.19689119170984457,0.5729323308270676,0.0030255866503542395,0.9636885094456882,0.3179243849747689
India,T060_P10_H1000_I0800_CN020_F1,T060_P10_H1000_I0800_F1,True,0.0,0.0,0.5548138696260179,433,0.5540169436328142,422,0.5349740932642488,0.756390977443609,0.0022214892973273503,0.9295701749965807,0.5509126131283234
India,T060_P10_H1000_I0800_CN040_F1,T060_P10_H1000_I0800_F1,True,0.0,0.0,0.7246178160508558,180,0.7212296468035162,183,0.7979274611398963,0.8421052631578947,0.2539012350390245,0.8634642748307743,0.8656908460866893
India,T060_P10_H1000_I0800_CN050_F1,T060_P10_H1000_I0800_F1,True,0.0,0.0,0.7562340556202181,129,0.7517523490025547,132,0.8264248704663213,0.8736842105263157,0.3320785780287948,0.8329236162600689,0.9160590028195897
India,T060_P10_H1000_I0800_CN060_F1,T060_P10_H1000_I0800_F1,True,0.0,0.0,0.7855083181539848,84,0.7858213730203831,83,0.8976683937823834,0.9458646616541354,0.393822351725747,0.7987788871532402,0.8914072964544184
India,T060_P10_H1000_I0800_CN070_F1,T060_P10_H1000_I0800_F1,True,0.0,0.0,0.7898973147888954,72,0.791544648295626,70,0.9248704663212436,0.968421052631579,0.3994619362119173,0.7648093225931071,0.8919237961866298
India,T060_P10_H1000_I0800_CN080_F1,T060_P10_H1000_I0800_F1,False,0.0,0.0,0.8023652908100651,41,0.806330631677689,37,0.9689119170984456,0.9864661654135338,0.43411989500384207,0.732723376788538,0.8896050997459657
India,T060_P10_H1000_I0800_CN090_F1,T060_P10_H1000_I0800_F1,False,0.0,0.0,0.8280993081109587,18,0.8313795730477008,18,0.9844559585492229,1.0,0.5360221985384563,0.7011677236527327,0.9188506598143819
India,T060_P10_H1000_I0800_CN100_F1,T060_P10_H1000_I0800_F1,False,0.0,0.0,0.8527513647817356,12,0.8540267046210255,12,1.0,1.0,0.6179310983969899,0.671332522297487,0.9744932032142012
India,T060_P10_H1000_I0986_CN010_F1,T060_P10_H1000_I0986_F1,False,0.0,0.0,0.4272008183373016,530,0.41247027708266193,529,0.07901554404145078,0.6857142857142856,0.037702625718583294,0.9599452670779435,0.3736263691342449
India,T120_P03_H0500_I0600_CN000_F1,T120_P03_H0500_I0600_F1,False,0.0,0.0,0.5241258928200013,469,0.49629691027226147,481,0.13860103626943004,0.5052631578947369,0.6380444352374605,0.6435401474741512,0.6951806872242281
India,T120_P03_H0500_I0600_CN010_F1,T120_P03_H0500_I0600_F1,True,0.0,0.0,0.5323024052289589,459,0.49982770460602577,476,0.1748704663212435,0.7503759398496241,0.3405856554483361,0.5713154857456851,0.8243644787799055
India,T120_P03_H0500_I0600_CN020_F1,T120_P03_H0500_I0600_F1,False,0.0,0.0,0.49312805170869006,488,0.4969796242396907,480,0.6269430051813472,0.7849624060150375,0.004075001839819348,0.49974829094591255,0.5499115545613334
India,T120_P03_H0500_I0600_CN030_F1,T120_P03_H0500_I0600_F1,False,0.0,0.0,0.5638154372897402,414,0.5674718128994555,403,0.7797927461139896,0.8526315789473684,0.04539742852392614,0.4345901989437338,0.7066652339196824
India,T120_P03_H0500_I0600_CN040_F1,T120_P03_H0500_I0600_F1,False,0.0,0.0,0.6216152118078024,350,0.6216551504542827,345,0.8134715025906735,0.8781954887218045,0.23224784733598935,0.3714884907294764,0.8126727296610681
India,T120_P03_H0500_I0600_CN050_F1,T120_P03_H0500_I0600_F1,False,0.0,0.0,0.6434688420411732,322,0.645537235959015,314,0.8756476683937824,0.905263157894737,0.2946594306990302,0.30749416318137207,0.8342797900369442
India,T120_P03_H0500_I0600_CN060_F1,T120_P03_H0500_I0600_F1,False,0.0,0.0,0.670055067062832,288,0.6721446741883275,277,0.911917098445596,0.9383458646616541,0.3888614799207408,0.24102593635048267,0.8701249559356867
India,T120_P03_H0500_I0600_CN070_F1,T120_P03_H0500_I0600_F1,False,0.0,0.0,0.6889702133268417,241,0.6915990955817316,233,0.9481865284974094,0.9473684210526315,0.47507434493323863,0.17861288875131676,0.8956088833996122
India,T120_P03_H0500_I0600_CN080_F1,T120_P03_H0500_I0600_F1,False,0.0,0.0,0.6880427176718441,243,0.6908898595380595,235,0.961139896373057,0.9639097744360903,0.4929961757675101,0.11797068273381466,0.9041970590487484
India,T120_P03_H0500_I0600_CN090_F1,T120_P03_H0500_I0600_F1,False,0.0,0.0,0.6787929771108218,269,0.6831796532815958,250,0.9818652849740932,0.9729323308270678,0.4858138146651063,0.05922169352922968,0.894131761558612
India,T120_P03_H0500_I0600_CN100_F1,T120_P03_H0500_I0600_F1,False,0.0,0.0,0.6940685300438997,231,0.695208569661695,228,0.9857512953367875,0.9804511278195489,0.5407650100444046,0.0004247140378787299,0.9629505029808784
India,T120_P03_H0500_I0800_CN010_F1,T120_P03_H0500_I0800_F1,False,0.0,0.0,0.3888036737496944,546,0.3819829623504729,544,0.36139896373056996,0.4947368421052631,0.011862480272363807,0.5782068909252768,0.4978131917149981
India,T120_P03_H0500_I0800_CN020_F1,T120_P03_H0500_I0800_F1,False,0.0,0.0,0.49208823549047864,490,0.48818085061735744,487,0.5971502590673575,0.6060150375939851,0.0712566542463211,0.5107212700149489,0.6752979565297802
India,T120_P03_H0500_I0800_CN030_F1,T120_P03_H0500_I0800_F1,False,0.0,0.0,0.5425011333203082,450,0.5345482612256435,449,0.6670984455958548,0.6857142857142856,0.09088208116749674,0.44265496663475307,0.8261558874891507
India,T120_P03_H0500_I0800_CN040_F1,T120_P03_H0500_I0800_F1,False,0.0,0.0,0.5555844649570055,429,0.548707079129561,428,0.716321243523316,0.7323308270676692,0.09873225193597224,0.3766690421858616,0.8538689600722088
India,T120_P03_H0500_I0800_CN050_F1,T120_P03_H0500_I0800_F1,False,0.0,0.0,0.5626997608946004,416,0.5584144652811177,418,0.7655440414507771,0.7789473684210527,0.10658242270441753,0.3111750181763211,0.8512499537204338
India,T120_P03_H0500_I0800_CN060_F1,T120_P03_H0500_I0800_F1,False,0.0,0.0,0.561997220075089,419,0.561810193987872,413,0.8186528497409327,0.8150375939849624,0.10658242270444018,0.24731986245983814,0.8223933714852714
India,T120_P03_H0500_I0800_CN070_F1,T120_P03_H0500_I0800_F1,False,0.0,0.0,0.5462771341509587,442,0.5446665203534449,436,0.8380829015544041,0.8330827067669172,0.0023714057529783394,0.1875534791758148,0.870295177504679
India,T120_P03_H0500_I0800_CN080_F1,T120_P03_H0500_I0800_F1,False,0.0,0.0,0.5408276906484687,451,0.5414316455440165,439,0.8782383419689119,0.8300751879699249,0.006814384347635816,0.12285129489791265,0.8661592440579584
India,T120_P03_H0500_I0800_CN090_F1,T120_P03_H0500_I0800_F1,False,0.0,0.0,0.5440693865694137,448,0.5470668964910081,430,0.9287564766839379,0.8496240601503761,0.010221576521451947,0.06293854123925317,0.8688062782520496
India,T120_P03_H0500_I0800_CN100_F1,T120_P03_H0500_I0800_F1,False,0.0,0.0,0.5207907450445682,471,0.5264433207036918,456,0.9378238341968911,0.837593984962406,0.00014991645564710332,0.003613668593476671,0.8247723210144203
India,T120_P03_H0500_I0986_CN010_F1,T120_P03_H0500_I0986_F1,False,0.0,0.0,0.3598853288993117,555,0.35205067981180244,554,0.2707253886010363,0.5082706766917293,0.00864336510654573,0.5843688437460258,0.4274183703512214
India,T120_P03_H0500_I0986_CN020_F1,T120_P03_H0500_I0986_F1,False,0.0,0.0,0.4337278402664067,526,0.42891562356674595,523,0.5155440414507773,0.512781954887218,0.004203112265624975,0.5243217172844217,0.6117883754439915
India,T120_P03_H0500_I0986_CN030_F1,T120_P03_H0500_I0986_F1,False,0.0,0.0,0.4745850193716404,512,0.46877941388961375,506,0.633419689119171,0.512781954887218,0.010028048005981338,0.46716360608612817,0.7495317987597031
India,T120_P03_H0500_I0986_CN040_F1,T120_P03_H0500_I0986_F1,False,0.0,0.0,0.49484060472260705,487,0.4854677423395457,493,0.6709844559585492,0.512781954887218,0.018927633963988222,0.4130672751835028,0.8584417036197773
India,T120_P03_H0500_I0986_CN050_F1,T120_P03_H0500_I0986_F1,False,0.0,0.0,0.4955553332113906,486,0.48582977048273623,492,0.6930051813471503,0.512781954887218,0.026123623835087484,0.3583494700672584,0.8875164359202389
India,T120_P03_H0500_I0986_CN060_F1,T120_P03_H0500_I0986_F1,False,0.0,0.0,0.4969148490510441,483,0.487184826349675,489,0.7098445595854922,0.512781954887218,0.05320398723257591,0.30429872993706075,0.9044450136128734
India,T120_P03_H0500_I0986_CN070_F1,T120_P03_H0500_I0986_F1,False,0.0,0.0,0.4910830838949723,491,0.48140546182937993,494,0.7227979274611398,0.512781954887218,0.05372188044298998,0.24976328791052693,0.9163503687729866
India,T120_P03_H0500_I0986_CN080_F1,T120_P03_H0500_I0986_F1,False,0.0,0.0,0.4871003425264062,497,0.476475125650985,497,0.7266839378238342,0.512781954887218,0.060386348334842244,0.19646119625387817,0.9391882753322586
India,T120_P03_H0500_I0986_CN090_F1,T120_P03_H0500_I0986_F1,False,0.0,0.0,0.4824009575872045,501,0.4712979138601436,501,0.7370466321243524,0.512781954887218,0.0610541580010191,0.1420145362578614,0.959107506665572
India,T120_P03_H0500_I0986_CN100_F1,T120_P03_H0500_I0986_F1,False,0.0,0.0,0.47639342426935194,509,0.4657858816540662,512,0.7474093264248703,0.512781954887218,0.0750509034510759,0.08716475785301055,0.959560178730585
India,T120_P03_H0800_I0600_CN010_F1,T120_P03_H0800_I0600_F1,True,0.0,0.0,0.5023379795678451,481,0.4685705815132661,507,0.1709844559585492,0.7533834586466166,0.16860149752902553,0.5723880686549042,0.84633241705013
India,T120_P03_H0800_I0600_CN020_F1,T120_P03_H0800_I0600_F1,False,0.0,0.0,0.49096110777312313,492,0.49346903927773755,485,0.5932642487046633,0.8150375939849624,0.003028312404083633,0.5003697651595317,0.5431056186123745
India,T120_P03_H0800_I0600_CN030_F1,T120_P03_H0800_I0600_F1,False,0.0,0.0,0.554840874375182,432,0.5573769507326523,419,0.7409326424870466,0.8766917293233084,0.0327144963761149,0.4336543883517976,0.6902111153376426
India,T120_P03_H0800_I0600_CN040_F1,T120_P03_H0800_I0600_F1,False,0.0,0.0,0.6077751209179487,368,0.6079187570744906,364,0.8069948186528497,0.9157894736842106,0.1436744795854712,0.3682947371452017,0.8041220955220104
India,T120_P03_H0800_I0600_CN050_F1,T120_P03_H0800_I0600_F1,False,0.0,0.0,0.6459122136880707,317,0.6483141939720845,313,0.8562176165803108,0.9368421052631579,0.32606011377296684,0.3022632219238826,0.8081780109000354
India,T120_P03_H0800_I0600_CN060_F1,T120_P03_H0800_I0600_F1,False,0.0,0.0,0.6668117157719099,290,0.6674682467692884,284,0.8886010362694301,0.956390977443609,0.3740579113639114,0.23953823746073796,0.875470416321861
India,T120_P03_H0800_I0600_CN070_F1,T120_P03_H0800_I0600_F1,False,0.0,0.0,0.6781899740966235,270,0.6810960542702444,258,0.9417098445595855,0.9639097744360903,0.4224836522919556,0.1792583581083189,0.8835882410871672
India,T120_P03_H0800_I0600_CN080_F1,T120_P03_H0800_I0600_F1,False,0.0,0.0,0.683856150115208,254,0.6870401429476888,240,0.9624352331606217,0.968421052631579,0.46996355667242895,0.11970553160040405,0.898755376511006
India,T120_P03_H0800_I0600_CN090_F1,T120_P03_H0800_I0600_F1,False,0.0,0.0,0.683638534527469,255,0.6860101199230956,242,0.9715025906735751,0.9774436090225563,0.48447819533288616,0.060697394847282905,0.9240708827610449
India,T120_P03_H0800_I0600_CN100_F1,T120_P03_H0800_I0600_F1,False,0.0,0.0,0.7209321044986376,187,0.7210059956907827,184,0.9857512953367875,0.9804511278195489,0.6528888901002852,0.0012957377426808803,0.9842734714938856
India,T120_P03_H0800_I0800_CN010_F1,T120_P03_H0800_I0800_F1,False,0.0,0.0,0.4064574609133514,543,0.4001712888806179,537,0.36917098445595853,0.5954887218045113,0.0011993316451895941,0.5715338415504702,0.4948944251106274
India,T120_P03_H0800_I0800_CN020_F1,T120_P03_H0800_I0800_F1,False,0.0,0.0,0.5429219506682976,449,0.5419677718302663,438,0.7059585492227979,0.7819548872180452,0.0023714057529378163,0.49928278516428276,0.7250421259834245
India,T120_P03_H0800_I0800_CN030_F1,T120_P03_H0800_I0800_F1,False,0.0,0.0,0.5783998737773747,399,0.5773565577729389,395,0.7901554404145077,0.8601503759398496,0.0,0.43067179202929323,0.8110217605032226
India,T120_P03_H0800_I0800_CN040_F1,T120_P03_H0800_I0800_F1,False,0.0,0.0,0.6093823851611103,365,0.6101135019542493,360,0.86139896373057,0.9082706766917292,0.06687636798766405,0.3635892895277995,0.8467766278677886
India,T120_P03_H0800_I0800_CN050_F1,T120_P03_H0800_I0800_F1,False,0.0,0.0,0.6797810476590851,266,0.6848327119708395,247,0.9339378238341969,0.9458646616541354,0.3859721809573151,0.3002260342506677,0.8329045375991104
India,T120_P03_H0800_I0800_CN060_F1,T120_P03_H0800_I0800_F1,False,0.0,0.0,0.7053755402778149,218,0.7116795254262518,208,0.9857512953367875,0.968421052631579,0.47337074884632935,0.23966301220632946,0.8596715923680494
India,T120_P03_H0800_I0800_CN070_F1,T120_P03_H0800_I0800_F1,False,0.0,0.0,0.7367369292610055,159,0.7396470053739814,151,0.9857512953367875,0.9729323308270678,0.6175522186272604,0.17989902843664443,0.9275497730772676
India,T120_P03_H0800_I0800_CN080_F1,T120_P03_H0800_I0800_F1,False,0.0,0.0,0.7419601730359788,146,0.7431621748580504,145,0.9857512953367875,0.9759398496240601,0.6662178258843018,0.12018063543938706,0.9617112588953575
India,T120_P03_H0800_I0800_CN090_F1,T120_P03_H0800_I0800_F1,False,0.0,0.0,0.7370854910785528,156,0.737088678510632,158,0.9857512953367875,0.9804511278195489,0.6731712236726237,0.0603662618685978,0.9856875466952065
India,T120_P03_H0800_I0800_CN100_F1,T120_P03_H0800_I0800_F1,False,0.0,0.0,0.7293297620503731,169,0.7292650738727888,168,0.9857512953367875,0.9804511278195489,0.6927966505938039,0.0006046776132510775,0.9870450588884745
India,T120_P03_H0800_I0986_CN010_F1,T120_P03_H0800_I0986_F1,False,0.0,0.0,0.38855233380853393,547,0.38468691401630717,542,0.37953367875647676,0.5233082706766917,0.004729182737252979,0.5783484622712364,0.45684207460101184
India,T120_P03_H0800_I0986_CN020_F1,T120_P03_H0800_I0986_F1,False,0.0,0.0,0.47425849941302084,513,0.47146049980803056,500,0.628238341968912,0.5323308270676691,0.012053283034096807,0.5144717109257086,0.6841983340687178
India,T120_P03_H0800_I0986_CN030_F1,T120_P03_H0800_I0986_F1,False,0.0,0.0,0.5338899682231325,457,0.525120950645769,457,0.6917098445595854,0.5368421052631579,0.11906637482930416,0.4547413203567598,0.8670901961068556
India,T120_P03_H0800_I0986_CN040_F1,T120_P03_H0800_I0986_F1,False,0.0,0.0,0.5577209620535033,423,0.5471729372402835,429,0.7098445595854922,0.5398496240601505,0.22283309392129913,0.39527247685068545,0.920805055849889
India,T120_P03_H0800_I0986_CN050_F1,T120_P03_H0800_I0986_F1,False,0.0,0.0,0.5560916068448345,426,0.5467376483652863,433,0.7383419689119171,0.5413533834586466,0.24297641405289727,0.33236512929783013,0.9254211385028815
India,T120_P03_H0800_I0986_CN060_F1,T120_P03_H0800_I0986_F1,False,0.0,0.0,0.5543322755261598,434,0.5462077248865522,434,0.7642487046632124,0.5413533834586466,0.26874841565563,0.27057115639794505,0.926739717455365
India,T120_P03_H0800_I0986_CN070_F1,T120_P03_H0800_I0986_F1,False,0.0,0.0,0.5467720693786322,441,0.5401066266336904,441,0.783678756476684,0.5458646616541353,0.2777842893005057,0.20954502808631534,0.916987611375521
India,T120_P03_H0800_I0986_CN080_F1,T120_P03_H0800_I0986_F1,False,0.0,0.0,0.5451727420479514,445,0.5390860774419699,442,0.8056994818652848,0.550375939849624,0.2928168211714718,0.14953869336846223,0.9274327739849141
India,T120_P03_H0800_I0986_CN090_F1,T120_P03_H0800_I0986_F1,False,0.0,0.0,0.5381736607460821,454,0.5348724922359375,447,0.8484455958549222,0.5488721804511278,0.2888917357872446,0.09018982557930273,0.9144689660578127
India,T120_P03_H0800_I0986_CN100_F1,T120_P03_H0800_I0986_F1,False,0.0,0.0,0.5475548467452844,438,0.545917677214979,435,0.9028497409326425,0.550375939849624,0.31925663244028946,0.029698788965113465,0.9355931315387527
India,T120_P03_H1000_I0600_CN000_F1,T120_P03_H1000_I0600_F1,False,0.0,0.0,0.4072475952307898,541,0.37901569424817194,545,0.13989637305699482,0.512781954887218,0.034431721231720114,0.6445935342686641,0.7045343927093521
India,T120_P03_H1000_I0600_CN010_F1,T120_P03_H1000_I0600_F1,True,0.0,0.0,0.475018078483029,511,0.43994936084003766,520,0.15544041450777205,0.7578947368421053,0.03214208809091568,0.5727983856067532,0.8568147673675988
India,T120_P03_H1000_I0600_CN020_F1,T120_P03_H1000_I0600_F1,False,0.0,0.0,0.48833724982286786,496,0.4926649116954628,486,0.6036269430051815,0.8120300751879699,0.007460387983711403,0.5014951373841935,0.5170737055532828
India,T120_P03_H1000_I0600_CN030_F1,T120_P03_H1000_I0600_F1,False,0.0,0.0,0.5573845447579683,425,0.5609449007077696,416,0.7474093264248703,0.8992481203007519,0.029307304202298434,0.4347557654330763,0.6762022074288446
India,T120_P03_H1000_I0600_CN040_F1,T120_P03_H1000_I0600_F1,False,0.0,0.0,0.6105255332463914,364,0.6101143120639151,359,0.7875647668393783,0.9248120300751881,0.17507516265936063,0.3693865161691274,0.7957891904889023
India,T120_P03_H1000_I0600_CN050_F1,T120_P03_H1000_I0600_F1,False,0.0,0.0,0.65241435422488,312,0.6523777048143187,307,0.844559585492228,0.9518796992481203,0.316896129702272,0.3034437829783252,0.8452925737034546
India,T120_P03_H1000_I0600_CN060_F1,T120_P03_H1000_I0600_F1,False,0.0,0.0,0.6583556875697644,304,0.6584679827740538,293,0.8782383419689119,0.9624060150375939,0.333782174115684,0.2413594688435061,0.8759924378831265
India,T120_P03_H1000_I0600_CN070_F1,T120_P03_H1000_I0600_F1,False,0.0,0.0,0.6769044874245057,274,0.6771748761363969,267,0.911917098445596,0.9714285714285714,0.413976574872308,0.18069086816828275,0.9065093242077701
India,T120_P03_H1000_I0600_CN080_F1,T120_P03_H1000_I0600_F1,False,0.0,0.0,0.6710753264061591,285,0.6727905872803733,276,0.9352331606217618,0.9729323308270678,0.4252339378146376,0.12104925962985091,0.9009279431374779
India,T120_P03_H1000_I0600_CN090_F1,T120_P03_H1000_I0600_F1,False,0.0,0.0,0.670298782081384,287,0.6715646822968759,278,0.9468911917098445,0.9819548872180452,0.43974857647510635,0.06132606760391698,0.9215731874000073
India,T120_P03_H1000_I0600_CN100_F1,T120_P03_H1000_I0600_F1,False,0.0,0.0,0.7183791804822743,192,0.7183447020930818,190,0.9857512953367875,0.9834586466165414,0.6344382630406671,0.0018068342967383355,0.9864408631206373
India,T120_P03_H1000_I0800_CN000_F1,T120_P03_H1000_I0800_F1,False,0.0,0.0,0.2950248933309805,559,0.26952388874458777,560,0.003886010362694301,0.24060150375939848,0.06622491284403065,0.6505059375982302,0.5139061020905489
India,T120_P03_H1000_I0800_CN010_F1,T120_P03_H1000_I0800_F1,False,0.0,0.0,0.4303985468952257,527,0.42374259197268305,525,0.39248704663212447,0.6496240601503759,0.014135758890730377,0.5701397237199192,0.525606145082979
India,T120_P03_H1000_I0800_CN020_F1,T120_P03_H1000_I0800_F1,False,0.0,0.0,0.5897637496235577,385,0.5882022466521929,380,0.7422279792746114,0.8015037593984963,0.13190467494024427,0.4997242958025296,0.7734580387019065
India,T120_P03_H1000_I0800_CN030_F1,T120_P03_H1000_I0800_F1,False,0.0,0.0,0.6336490886884605,333,0.6300931376134123,334,0.7992227979274611,0.8691729323308272,0.19699567422882247,0.4325122195267677,0.8703418194284235
India,T120_P03_H1000_I0800_CN040_F1,T120_P03_H1000_I0800_F1,False,0.0,0.0,0.6745391840435013,277,0.6739118839747155,274,0.8652849740932641,0.918796992481203,0.34553562423849604,0.36524735393556346,0.8778309754689798
India,T120_P03_H1000_I0800_CN050_F1,T120_P03_H1000_I0800_F1,False,0.0,0.0,0.6814000278145059,263,0.6842291213352436,248,0.9183937823834197,0.9609022556390978,0.3636073715284174,0.3022848175529273,0.8618119119686674
India,T120_P03_H1000_I0800_CN060_F1,T120_P03_H1000_I0800_F1,False,0.0,0.0,0.700367673095138,225,0.7063525367844592,216,0.9805699481865284,0.9789473684210526,0.4402664696855324,0.24118190478247203,0.8608726744001043
India,T120_P03_H1000_I0800_CN070_F1,T120_P03_H1000_I0800_F1,False,0.0,0.0,0.7262999163392447,176,0.7295955850491628,167,0.9857512953367875,0.9834586466165414,0.5614153203714694,0.18103639823299766,0.9198379211384283
India,T120_P03_H1000_I0800_CN080_F1,T120_P03_H1000_I0800_F1,False,0.0,0.0,0.742729065975214,144,0.7435685503365833,143,0.9857512953367875,0.9834586466165414,0.6545924861871693,0.12088129362617006,0.9689616081094021
India,T120_P03_H1000_I0800_CN090_F1,T120_P03_H1000_I0800_F1,False,0.0,0.0,0.7480375551462227,138,0.7478542774801641,136,0.9857512953367875,0.9834586466165414,0.7206620310681227,0.06089895405169995,0.9894168486579624
India,T120_P03_H1000_I0800_CN100_F1,T120_P03_H1000_I0800_F1,False,0.0,0.0,0.7405602610951668,148,0.7399681228674898,150,0.9857512953367875,0.9834586466165414,0.7351766697284801,0.0008206339036979093,0.9975940598903271
India,T120_P03_H1000_I0986_CN000_F1,T120_P03_H1000_I0986_F1,False,0.0,0.0,0.23945773880437002,561,0.21465889021894663,561,0.012953367875647671,0.02406015037593986,0.001395585914401476,0.649949250271745,0.5089303395841162
India,T120_P03_H1000_I0986_CN010_F1,T120_P03_H1000_I0986_F1,False,0.0,0.0,0.41688816971878373,536,0.4116291266283947,530,0.4300518134715027,0.5323308270676691,0.011925172608360901,0.5749003601671022,0.5352326752792839
India,T120_P03_H1000_I0986_CN020_F1,T120_P03_H1000_I0986_F1,False,0.0,0.0,0.48352359094204117,500,0.4795217424342607,496,0.6398963730569949,0.5398496240601505,0.006953397788294513,0.5109852165921618,0.719933343212604
India,T120_P03_H1000_I0986_CN030_F1,T120_P03_H1000_I0986_F1,False,0.0,0.0,0.5318052250650338,461,0.5243303118495318,458,0.711139896373057,0.5639097744360901,0.0762802183873953,0.44705807544552983,0.8606381606830967
India,T120_P03_H1000_I0986_CN040_F1,T120_P03_H1000_I0986_F1,False,0.0,0.0,0.561510760001097,420,0.5529944014283563,424,0.7435233160621763,0.5744360902255639,0.1914324108474148,0.3843114953533404,0.9138504875169898
India,T120_P03_H1000_I0986_CN050_F1,T120_P03_H1000_I0986_F1,False,0.0,0.0,0.5807832230396236,397,0.5726725029172122,399,0.766839378238342,0.5894736842105263,0.29830648920193037,0.320242782860749,0.9290537806865703
India,T120_P03_H1000_I0986_CN060_F1,T120_P03_H1000_I0986_F1,False,0.0,0.0,0.5840636851461587,391,0.5781428472082943,392,0.7979274611398963,0.6,0.3506573155141789,0.25538942917953406,0.916344219897184
India,T120_P03_H1000_I0986_CN070_F1,T120_P03_H1000_I0986_F1,False,0.0,0.0,0.5832689057894068,395,0.578750291474275,389,0.8238341968911916,0.613533834586466,0.371318528856198,0.19345148541935112,0.9142064831938276
India,T120_P03_H1000_I0986_CN080_F1,T120_P03_H1000_I0986_F1,False,0.0,0.0,0.5813201738689031,396,0.5780703193597992,393,0.8497409326424871,0.613533834586466,0.3960547440380542,0.13253333525294478,0.9147380228245637
India,T120_P03_H1000_I0986_CN090_F1,T120_P03_H1000_I0986_F1,False,0.0,0.0,0.583459043699573,393,0.5827021921379871,385,0.905440414507772,0.6285714285714284,0.39160903968970584,0.07109688998946613,0.920577445739493
India,T120_P03_H1000_I0986_CN100_F1,T120_P03_H1000_I0986_F1,False,0.0,0.0,0.5969263272399569,380,0.5992856177875578,372,0.9779792746113991,0.6375939849624059,0.4274527013582292,0.010812211608370462,0.9307934636593794
India,T120_P05_H0500_I0600_CN000_F1,T120_P05_H0500_I0600_F1,True,0.0,0.0,0.5748725453779442,407,0.5493169473257651,427,0.1748704663212435,0.6586466165413534,0.7066680113718511,0.6481952052904493,0.6859824273648236
India,T120_P05_H0500_I0600_CN010_F1,T120_P05_H0500_I0600_F1,True,0.0,0.0,0.47562948357878054,510,0.44406682480054066,519,0.20077720207253885,0.6691729323308271,0.09697141502054485,0.5791954908326554,0.8320303776373366
India,T120_P05_H0500_I0600_CN020_F1,T120_P05_H0500_I0600_F1,False,0.0,0.0,0.5070920182436858,477,0.5039451909587438,473,0.6386010362694301,0.6796992481203007,0.0001499164556495458,0.5154723084047789,0.7015375819682695
India,T120_P05_H0500_I0600_CN030_F1,T120_P05_H0500_I0600_F1,False,0.0,0.0,0.6334636554567314,334,0.6317530580765047,329,0.8316062176165803,0.6796992481203007,0.34331413494116847,0.4468805113844958,0.8658181652211118
India,T120_P05_H0500_I0600_CN040_F1,T120_P05_H0500_I0600_F1,False,0.0,0.0,0.657029383193692,308,0.6545453601682603,303,0.8626943005181347,0.6781954887218045,0.4526986324893536,0.3791837332123978,0.9123747610267695
India,T120_P05_H0500_I0600_CN050_F1,T120_P05_H0500_I0600_F1,False,0.0,0.0,0.6918353855321164,234,0.6883315177654588,238,0.8808290155440415,0.6721804511278195,0.641770540598745,0.3134905495127786,0.9509063708771979
India,T120_P05_H0500_I0600_CN060_F1,T120_P05_H0500_I0600_F1,False,0.0,0.0,0.6868467213170312,247,0.6834038396895497,249,0.8847150259067358,0.6751879699248121,0.6692461382883954,0.25151181400884465,0.953572658456368
India,T120_P05_H0500_I0600_CN070_F1,T120_P05_H0500_I0600_F1,False,0.0,0.0,0.6790112941025389,268,0.6748486989127134,272,0.8808290155440415,0.6541353383458648,0.70790822932295,0.18810296795928505,0.9640809193405534
India,T120_P05_H0500_I0600_CN080_F1,T120_P05_H0500_I0600_F1,False,0.0,0.0,0.6815192581768835,262,0.6770046513223893,268,0.8847150259067358,0.6751879699248121,0.7469410228663516,0.12574510918989992,0.975007162996618
India,T120_P05_H0500_I0600_CN090_F1,T120_P05_H0500_I0600_F1,False,0.0,0.0,0.6581924554026581,305,0.6532471391715035,305,0.8847150259067358,0.6721804511278195,0.6879148256471616,0.06253062380174253,0.9836213505298316
India,T120_P05_H0500_I0600_CN100_F1,T120_P05_H0500_I0600_F1,False,0.0,0.0,0.6279852699590452,344,0.6230683812628088,344,0.8847150259067358,0.6616541353383459,0.6102308440841155,0.0002735446345659698,0.983052799831463
India,T120_P05_H0500_I0800_CN010_F1,T120_P05_H0500_I0800_F1,True,0.0,0.0,0.46721911612106126,519,0.47129308556558247,502,0.5854922279792747,0.6481203007518798,0.021607049889473928,0.57686316289583,0.5040128390888479
India,T120_P05_H0500_I0800_CN020_F1,T120_P05_H0500_I0800_F1,False,0.0,0.0,0.6135032173366227,357,0.6116434472730666,356,0.7810880829015544,0.7278195488721804,0.22884065516217467,0.5114843155745278,0.8182834841726763
India,T120_P05_H0500_I0800_CN030_F1,T120_P05_H0500_I0800_F1,False,0.0,0.0,0.6718049585456715,282,0.6660442634335191,286,0.8134715025906735,0.7819548872180452,0.3841404744447018,0.450772523641215,0.9286854048337218
India,T120_P05_H0500_I0800_CN040_F1,T120_P05_H0500_I0800_F1,False,0.0,0.0,0.6980529239594899,228,0.6946836405312917,230,0.8601036269430051,0.8466165413533835,0.4752133583739301,0.3808417976201617,0.9274892955069691
India,T120_P05_H0500_I0800_CN050_F1,T120_P05_H0500_I0800_F1,False,0.0,0.0,0.7090053578640344,215,0.7060582483911982,219,0.8769430051813472,0.8766917293233084,0.5390505109425315,0.31645634923491484,0.9358851946380701
India,T120_P05_H0500_I0800_CN060_F1,T120_P05_H0500_I0800_F1,False,0.0,0.0,0.7107713201807888,212,0.7092742845548637,211,0.9015544041450777,0.9248120300751881,0.5436434059928483,0.2523516440272489,0.9314951166635816
India,T120_P05_H0500_I0800_CN070_F1,T120_P05_H0500_I0800_F1,False,0.0,0.0,0.7095851269570141,213,0.7098427539626515,210,0.9300518134715026,0.9398496240601504,0.5677118115086087,0.18541311238605307,0.9248992733587559
India,T120_P05_H0500_I0800_CN080_F1,T120_P05_H0500_I0800_F1,False,0.0,0.0,0.712971504988265,208,0.7145655477501273,198,0.9559585492227979,0.9669172932330827,0.5940017063218053,0.12390228217808714,0.9240776939855524
India,T120_P05_H0500_I0800_CN090_F1,T120_P05_H0500_I0800_F1,False,0.0,0.0,0.7028870492303436,220,0.7061090243586883,218,0.9870466321243524,0.9669172932330827,0.5777834715744823,0.06008071966234033,0.9226071295574606
India,T120_P05_H0500_I0800_CN100_F1,T120_P05_H0500_I0800_F1,False,0.0,0.0,0.7176152629990321,195,0.7192887663692291,188,1.0,0.974436090225564,0.647110292173537,0.0,0.9665299325960596
India,T120_P05_H0500_I0986_CN010_F1,T120_P05_H0500_I0986_F1,False,0.0,0.0,0.3678825748459923,553,0.37086462461337033,547,0.400259067357513,0.5203007518796994,0.001978897214556241,0.5762560857682405,0.3406180720099524
India,T120_P05_H0500_I0986_CN020_F1,T120_P05_H0500_I0986_F1,False,0.0,0.0,0.5301093310891701,463,0.5287497135073014,455,0.6735751295336787,0.7774436090225564,0.0006678096660740485,0.498092626052487,0.7007674811710546
India,T120_P05_H0500_I0986_CN030_F1,T120_P05_H0500_I0986_F1,False,0.0,0.0,0.6086751099155288,367,0.6124517084148208,354,0.8536269430051814,0.9639097744360903,0.0231716325356931,0.4245722265813399,0.7780949730193386
India,T120_P05_H0500_I0986_CN040_F1,T120_P05_H0500_I0986_F1,False,0.0,0.0,0.6780156119807171,271,0.6826906943153108,252,0.9430051813471502,0.9939849624060151,0.24553317106013384,0.3580512104350079,0.849503534655279
India,T120_P05_H0500_I0986_CN050_F1,T120_P05_H0500_I0986_F1,False,0.0,0.0,0.7083248703583495,216,0.7141896104499915,201,0.9987046632124352,1.0,0.36261792292114237,0.298891904278574,0.881409861379596
India,T120_P05_H0500_I0986_CN060_F1,T120_P05_H0500_I0986_F1,False,0.0,0.0,0.7213161560419119,185,0.723466529882186,178,0.9987046632124352,1.0,0.41245833003972066,0.2397206005504486,0.9556971864069549
India,T120_P05_H0500_I0986_CN070_F1,T120_P05_H0500_I0986_F1,False,0.0,0.0,0.7303402430355103,168,0.7312126099450366,166,0.9987046632124352,1.0,0.49318152702167106,0.1785576999215359,0.9812573250219094
India,T120_P05_H0500_I0986_CN080_F1,T120_P05_H0500_I0986_F1,False,0.0,0.0,0.7366805913919403,160,0.7370519445637724,159,0.9987046632124352,1.0,0.5739047240037923,0.1195159699676785,0.9912775997757961
India,T120_P05_H0500_I0986_CN090_F1,T120_P05_H0500_I0986_F1,False,0.0,0.0,0.7397533513252779,150,0.7401902416873135,149,0.9987046632124352,1.0,0.6518885384781019,0.058206698964129666,0.9899668559717232
India,T120_P05_H0500_I0986_CN100_F1,T120_P05_H0500_I0986_F1,True,0.0,0.0,0.7388470220412258,152,0.7388847255680616,152,0.9987046632124352,1.0,0.6974358834576768,0.00014397086029786324,0.997950592675719
India,T120_P05_H0800_I0600_CN010_F1,T120_P05_H0800_I0600_F1,True,0.0,0.0,0.4807317730473148,504,0.4509470948117907,516,0.23575129533678754,0.6706766917293232,0.08571950358573555,0.5800665145374576,0.8314448600472703
India,T120_P05_H0800_I0600_CN020_F1,T120_P05_H0800_I0600_F1,False,0.0,0.0,0.513171328396635,474,0.5075026557346136,468,0.6295336787564767,0.6706766917293232,0.006424601562949883,0.5163145379375215,0.7429071319969038
India,T120_P05_H0800_I0600_CN030_F1,T120_P05_H0800_I0600_F1,False,0.0,0.0,0.620252705844357,351,0.6191135733506927,349,0.8458549222797928,0.6827067669172934,0.2576300661540488,0.44643420171757237,0.8686375721530776
India,T120_P05_H0800_I0600_CN040_F1,T120_P05_H0800_I0600_F1,False,0.0,0.0,0.6507530870729251,314,0.6499400583735861,310,0.8821243523316062,0.6962406015037594,0.39722954389956344,0.37978601131131057,0.898384926318386
India,T120_P05_H0800_I0600_CN050_F1,T120_P05_H0800_I0600_F1,False,0.0,0.0,0.7015724807083454,221,0.6981086936043455,224,0.8873056994818653,0.681203007518797,0.6676788298884413,0.3150934250907616,0.9565814415618614
India,T120_P05_H0800_I0600_CN060_F1,T120_P05_H0800_I0600_F1,False,0.0,0.0,0.689382423429116,239,0.6850436646452033,246,0.8873056994818653,0.6962406015037594,0.6366597523380204,0.2526251886618149,0.9740808751601201
India,T120_P05_H0800_I0600_CN070_F1,T120_P05_H0800_I0600_F1,False,0.0,0.0,0.6849846070712451,250,0.6805955049934626,259,0.8886010362694301,0.6691729323308271,0.7013936778866419,0.18937231104424465,0.9763830778250817
India,T120_P05_H0800_I0600_CN080_F1,T120_P05_H0800_I0600_F1,False,0.0,0.0,0.6820797584165504,259,0.6780269829212816,265,0.8937823834196892,0.6992481203007518,0.7160582330028409,0.12647216203440423,0.974837893325066
India,T120_P05_H0800_I0600_CN090_F1,T120_P05_H0800_I0600_F1,False,0.0,0.0,0.683015290656147,256,0.6785519674834037,263,0.8963730569948185,0.706766917293233,0.7631592576136683,0.06313770092933191,0.9856395204496832
India,T120_P05_H0800_I0600_CN100_F1,T120_P05_H0800_I0600_F1,False,0.0,0.0,0.6641002685951116,293,0.6600058738025193,289,0.8963730569948185,0.7007518796992481,0.7447195335690078,0.00039591986581914246,0.978260952846664
India,T120_P05_H0800_I0800_CN010_F1,T120_P05_H0800_I0800_F1,False,0.0,0.0,0.47927612346015547,506,0.48017359189475034,495,0.5608808290155441,0.7187969924812029,0.00014991645559458977,0.5736214190247894,0.5429314603236465
India,T120_P05_H0800_I0800_CN020_F1,T120_P05_H0800_I0800_F1,True,0.0,0.0,0.6531726301793909,311,0.6492817026951869,311,0.7823834196891191,0.7864661654135339,0.332206688454476,0.5046049079666276,0.8602019693731978
India,T120_P05_H0800_I0800_CN030_F1,T120_P05_H0800_I0800_F1,True,0.0,0.0,0.7181506721569402,193,0.7163104233388456,193,0.8575129533678757,0.9112781954887218,0.49209667703362303,0.43554760516471464,0.8943179297297658
India,T120_P05_H0800_I0800_CN040_F1,T120_P05_H0800_I0800_F1,False,0.0,0.0,0.7327881352724807,164,0.7351446522768582,162,0.9391191709844559,0.9443609022556392,0.5199538802467414,0.3685178919786635,0.8919888308969033
India,T120_P05_H0800_I0800_CN050_F1,T120_P05_H0800_I0800_F1,False,0.0,0.0,0.7537160061064225,132,0.7577786559630049,126,0.9935233160621761,0.9639097744360903,0.5911233103734077,0.30775331072990825,0.9122703189305302
India,T120_P05_H0800_I0800_CN060_F1,T120_P05_H0800_I0800_F1,False,0.0,0.0,0.7735383102535204,104,0.7759293823677534,102,1.0,0.9774436090225563,0.6916109477173189,0.2464584368123892,0.9521785577153373
India,T120_P05_H0800_I0800_CN070_F1,T120_P05_H0800_I0800_F1,False,0.0,0.0,0.7860516291628753,80,0.7872610097030446,78,1.0,0.9804511278195489,0.7897380823232195,0.18425654647499348,0.9758123891966145
India,T120_P05_H0800_I0800_CN080_F1,T120_P05_H0800_I0800_F1,False,0.0,0.0,0.7594547768869665,125,0.7600251569164423,124,1.0,0.9819548872180452,0.7039040970804497,0.12282250072585306,0.9885923994104849
India,T120_P05_H0800_I0800_CN090_F1,T120_P05_H0800_I0800_F1,False,0.0,0.0,0.7866023350850462,78,0.7869224372744387,80,1.0,0.9969924812030074,0.8812007490370422,0.06122048897303186,0.9935979562121495
India,T120_P05_H0800_I0986_CN000_F1,T120_P05_H0800_I0986_F1,False,0.0,0.0,0.27873385925569716,560,0.27873385925569716,559,0.0,0.00601503759398496,0.7302185236772663,0.6574357350072345,0.0
India,T120_P05_H0800_I0986_CN010_F1,T120_P05_H0800_I0986_F1,False,0.0,0.0,0.4368459524912943,525,0.4376391925532582,522,0.4792746113989638,0.6661654135338345,0.005249801701421863,0.5701301256625659,0.46340981015968563
India,T120_P05_H0800_I0986_CN020_F1,T120_P05_H0800_I0986_F1,False,0.0,0.0,0.5996334945857437,375,0.5994760713721947,371,0.7681347150259068,0.8992481203007519,0.06694451183114047,0.49255694647403364,0.7712831792968857
India,T120_P05_H0800_I0986_CN030_F1,T120_P05_H0800_I0986_F1,False,0.0,0.0,0.693609991786343,232,0.692312203426145,231,0.854922279792746,0.9804511278195489,0.3260601137729612,0.4257383905497527,0.8808780469967062
India,T120_P05_H0800_I0986_CN040_F1,T120_P05_H0800_I0986_F1,False,0.0,0.0,0.7193430926607187,190,0.7217475544271914,182,0.9378238341968911,0.9954887218045113,0.41330876520630233,0.36035954322845054,0.889734598867438
India,T120_P05_H0800_I0986_CN050_F1,T120_P05_H0800_I0986_F1,False,0.0,0.0,0.7411804767887518,147,0.7462184113059309,139,1.0,1.0,0.5054392415862812,0.3012218327010613,0.899241309656416
India,T120_P05_H0800_I0986_CN060_F1,T120_P05_H0800_I0986_F1,False,0.0,0.0,0.7679153345718217,113,0.7703636221011423,110,1.0,0.9984962406015037,0.6488138882604386,0.24123229458357628,0.9510342494135898
India,T120_P05_H0800_I0986_CN070_F1,T120_P05_H0800_I0986_F1,False,0.0,0.0,0.7739373048880875,102,0.7751762118772387,103,1.0,1.0,0.7144936503566685,0.17997101386679337,0.9752218602169754
India,T120_P05_H0800_I0986_CN080_F1,T120_P05_H0800_I0986_F1,False,0.0,0.0,0.7677934162451423,114,0.76813487125279,114,1.0,1.0,0.7257619163139145,0.12003426506475086,0.9931708998470458
India,T120_P05_H0800_I0986_CN090_F1,T120_P05_H0800_I0986_F1,False,0.0,0.0,0.780317869060738,96,0.7805452100456036,98,1.0,1.0,0.8469216700147852,0.05921449498621478,0.9954531803026905
India,T120_P05_H0800_I0986_CN100_F1,T120_P05_H0800_I0986_F1,False,0.0,0.0,0.7919824037357418,66,0.7923315888437668,69,1.0,1.0,0.9668957208392084,0.0,0.9930162978395004
India,T120_P05_H1000_I0600_CN000_F1,T120_P05_H1000_I0600_F1,True,0.0,0.0,0.450789451906319,521,0.4263677923630083,524,0.22020725388601037,0.6345864661654135,0.04103894829518362,0.649474146432762,0.7086404447522258
India,T120_P05_H1000_I0600_CN010_F1,T120_P05_H1000_I0600_F1,True,0.0,0.0,0.47175466742280203,516,0.4474548562039238,517,0.2966321243523316,0.657142857142857,0.04103894829518362,0.5813310585937407,0.7826283487298972
India,T120_P05_H1000_I0600_CN020_F1,T120_P05_H1000_I0600_F1,False,0.0,0.0,0.5032171160881586,480,0.5012734081543339,475,0.6502590673575129,0.6586466165413534,0.00027802688138911513,0.51776864362653,0.6891332260340076
India,T120_P05_H1000_I0600_CN030_F1,T120_P05_H1000_I0600_F1,False,0.0,0.0,0.640729496777612,326,0.6394741480317858,322,0.8484455958549222,0.6616541353383459,0.37132943187115397,0.4486657500521894,0.873552570771449
India,T120_P05_H1000_I0600_CN040_F1,T120_P05_H1000_I0600_F1,False,0.0,0.0,0.6647505819729961,292,0.6618781253373094,288,0.871761658031088,0.6766917293233083,0.46395599543159627,0.382132736334166,0.929210790744822
India,T120_P05_H1000_I0600_CN050_F1,T120_P05_H1000_I0600_F1,False,0.0,0.0,0.6738143665479487,278,0.6697669880696325,281,0.8847150259067358,0.6706766917293232,0.5317291363993928,0.316288383231234,0.9656625954730574
India,T120_P05_H1000_I0600_CN060_F1,T120_P05_H1000_I0600_F1,False,0.0,0.0,0.6804512050002673,264,0.6761410316818972,270,0.8860103626943006,0.6796992481203007,0.6105988208389252,0.2537337642861085,0.9722138290617014
India,T120_P05_H1000_I0600_CN070_F1,T120_P05_H1000_I0600_F1,False,0.0,0.0,0.6848915068062634,252,0.680357963279012,260,0.8860103626943006,0.6721804511278195,0.6996900817998752,0.1898954051699936,0.9766812332393283
India,T120_P05_H1000_I0600_CN080_F1,T120_P05_H1000_I0600_F1,False,0.0,0.0,0.6801577547350994,265,0.6757987008773556,271,0.8911917098445595,0.6902255639097743,0.7139866601612062,0.12701205276052127,0.978372786999436
India,T120_P05_H1000_I0600_CN090_F1,T120_P05_H1000_I0600_F1,False,0.0,0.0,0.6713743680028295,284,0.666736353600267,285,0.8898963730569948,0.6902255639097743,0.7307227881189872,0.06337045382014679,0.9826566611082442
India,T120_P05_H1000_I0600_CN100_F1,T120_P05_H1000_I0600_F1,False,0.0,0.0,0.66201583288329,298,0.6577982630678612,295,0.8924870466321244,0.6887218045112782,0.7513840014610044,0.0006478688713404587,0.9768384429407025
India,T120_P05_H1000_I0800_CN010_F1,T120_P05_H1000_I0800_F1,False,0.0,0.0,0.48708463266103863,498,0.48620413606557605,490,0.5582901554404145,0.7218045112781956,0.006296491137141258,0.5731319180997766,0.5759000873496652
India,T120_P05_H1000_I0800_CN020_F1,T120_P05_H1000_I0800_F1,False,0.0,0.0,0.6451485744493558,318,0.6421603071554585,316,0.7823834196891191,0.8496240601503761,0.2485941925089281,0.5029924343312914,0.8421487655670645
India,T120_P05_H1000_I0800_CN030_F1,T120_P05_H1000_I0800_F1,False,0.0,0.0,0.726612608949451,174,0.72746019202177,172,0.8976683937823834,0.9308270676691729,0.4890710903832385,0.43477976057645934,0.8807167323360007
India,T120_P05_H1000_I0800_CN040_F1,T120_P05_H1000_I0800_F1,False,0.0,0.0,0.7350263678644435,162,0.7387225455708026,153,0.9585492227979274,0.9578947368421052,0.5043925521503962,0.36966965886104647,0.8846256686707415
India,T120_P05_H1000_I0800_CN050_F1,T120_P05_H1000_I0800_F1,False,0.0,0.0,0.757745368871636,127,0.7611841873951516,123,0.9896373056994818,0.968421052631579,0.6008160906694782,0.30899146012847,0.9208609352291718
India,T120_P05_H1000_I0800_CN060_F1,T120_P05_H1000_I0800_F1,False,0.0,0.0,0.7692545158407299,111,0.7713869351555174,106,0.9987046632124352,0.974436090225564,0.6696141150431656,0.2474614338057977,0.9560562769166869
India,T120_P05_H1000_I0800_CN070_F1,T120_P05_H1000_I0800_F1,False,0.0,0.0,0.7945496498753467,57,0.794875704350368,57,0.9987046632124352,0.9834586466165414,0.8138064878390542,0.1845948779966935,0.9921835737120095
India,T120_P05_H1000_I0800_CN080_F1,T120_P05_H1000_I0800_F1,False,0.0,0.0,0.7857710675119127,81,0.7861465476335161,82,1.0,0.9924812030075189,0.8204709557310371,0.12341278125307435,0.9924903975679332
India,T120_P05_H1000_I0800_CN090_F1,T120_P05_H1000_I0800_F1,False,0.0,0.0,0.78478582319798,86,0.7850310321197831,86,1.0,0.9954887218045113,0.8721648753921691,0.06117969722928077,0.9950958215639388
India,T120_P05_H1000_I0986_CN000_F1,T120_P05_H1000_I0986_F1,False,0.0,0.0,0.3921855063245716,545,0.363777502769185,552,0.0051813471502590676,0.02105263157894736,0.7067334294615882,0.6546187051740727,0.5733414182579906
India,T120_P05_H1000_I0986_CN010_F1,T120_P05_H1000_I0986_F1,False,0.0,0.0,0.4675682463200177,518,0.4663939309728993,511,0.5233160621761658,0.6962406015037594,0.00014991645557516087,0.5713322823460532,0.5468023691185353
India,T120_P05_H1000_I0986_CN020_F1,T120_P05_H1000_I0986_F1,False,0.0,0.0,0.6434805269691505,321,0.6393861613581506,323,0.772020725388601,0.9097744360902256,0.1874964224482224,0.4942030133101061,0.8539080376085972
India,T120_P05_H1000_I0986_CN030_F1,T120_P05_H1000_I0986_F1,False,0.0,0.0,0.6993856278734483,226,0.6956997512948886,227,0.8367875647668394,0.9834586466165414,0.3383532631360938,0.4278235685097336,0.9105050963380333
India,T120_P05_H1000_I0986_CN040_F1,T120_P05_H1000_I0986_F1,False,0.0,0.0,0.7158780977873348,200,0.7174779598995797,191,0.9248704663212436,0.9954887218045113,0.4033870215961347,0.36277105513844,0.8928732240763445
India,T120_P05_H1000_I0986_CN050_F1,T120_P05_H1000_I0986_F1,False,0.0,0.0,0.7361562034140698,161,0.7408575497617516,148,0.9935233160621761,0.9969924812030074,0.48803530396243455,0.302733526734189,0.8994963891085425
India,T120_P05_H1000_I0986_CN060_F1,T120_P05_H1000_I0986_F1,False,0.0,0.0,0.7667662188069752,116,0.7701229198535802,111,1.0,1.0,0.6585066685565274,0.24245844641044653,0.932865979067902
India,T120_P05_H1000_I0986_CN070_F1,T120_P05_H1000_I0986_F1,False,0.0,0.0,0.7634549594495613,120,0.765060666037761,118,1.0,1.0,0.6689572083920562,0.18043172061974658,0.9678858682360036
India,T120_P05_H1000_I0986_CN080_F1,T120_P05_H1000_I0986_F1,False,0.0,0.0,0.7701640287931212,109,0.7707337752078118,108,1.0,1.0,0.7414513548358269,0.12076371742359344,0.9886050717061853
India,T120_P05_H1000_I0986_CN090_F1,T120_P05_H1000_I0986_F1,False,0.0,0.0,0.7828392593030047,90,0.7831177963624999,93,1.0,1.0,0.8607684990091589,0.05899853869576795,0.9944292588100967
India,T120_P10_H0500_I0600_CN010_F1,T120_P10_H0500_I0600_F1,False,0.0,0.0,0.4193374817048249,535,0.39472761234627896,538,0.031088082901554407,0.968421052631579,0.0008640639352881507,0.5730287389832298,0.5232854700724731
India,T120_P10_H0500_I0600_CN020_F1,T120_P10_H0500_I0600_F1,False,0.0,0.0,0.4807874574134613,503,0.4708599510034149,503,0.3639896373056995,0.9699248120300751,0.00014991645563144917,0.5073331557692723,0.5625397655066281
India,T120_P10_H0500_I0600_CN030_F1,T120_P10_H0500_I0600_F1,False,0.0,0.0,0.5555476497900667,430,0.5424331050339839,437,0.5492227979274612,0.9729323308270678,0.00014991645564932377,0.44391951069103613,0.8115136930491194
India,T120_P10_H0500_I0600_CN040_F1,T120_P10_H0500_I0600_F1,False,0.0,0.0,0.6252907390963285,346,0.6231621278711305,343,0.8005181347150259,0.9729323308270678,0.13373092994537472,0.37618194077518713,0.843090359218987
India,T120_P10_H0500_I0600_CN050_F1,T120_P10_H0500_I0600_F1,False,0.0,0.0,0.674619052442329,275,0.6737199396857589,275,0.8432642487046632,0.9849624060150376,0.37525451725536807,0.30836758640051254,0.8612465038360636
India,T120_P10_H0500_I0600_CN060_F1,T120_P10_H0500_I0600_F1,False,0.0,0.0,0.6879978052978981,244,0.6857580107226078,243,0.8821243523316062,0.9864661654135338,0.3994619362118633,0.24501632869507214,0.9269202438374151
India,T120_P10_H0500_I0600_CN070_F1,T120_P10_H0500_I0600_F1,False,0.0,0.0,0.7007755787076076,224,0.70226356114654,221,0.9455958549222798,0.9924812030075189,0.46670628095434274,0.18325834851026154,0.9158362061436357
India,T120_P10_H0500_I0600_CN080_F1,T120_P10_H0500_I0600_F1,False,0.0,0.0,0.692891466614388,233,0.6960326238924752,226,0.9753886010362695,0.9924812030075189,0.4615954926935917,0.12242658086003393,0.9125654554745264
India,T120_P10_H0500_I0600_CN090_F1,T120_P10_H0500_I0600_F1,False,0.0,0.0,0.7249423212951791,178,0.7258360050033607,177,0.9961139896373057,0.9924812030075189,0.5972698850549689,0.06060621330242758,0.9782403154736746
India,T120_P10_H0500_I0600_CN100_F1,T120_P10_H0500_I0600_F1,False,0.0,0.0,0.7137547379326455,205,0.714389472082966,199,0.9961139896373057,0.9924812030075189,0.5967519918444908,7.198543014896863e-06,0.9834193066308973
India,T120_P10_H0500_I0800_CN010_F1,T120_P10_H0500_I0800_F1,True,0.0,0.0,0.4822027906942763,502,0.4881401650079339,488,0.5997409326424872,0.7609022556390977,0.0003461707248343382,0.5690311480956255,0.4809934463693369
India,T120_P10_H0500_I0800_CN020_F1,T120_P10_H0500_I0800_F1,False,0.0,0.0,0.644412008809652,320,0.6409874449785088,317,0.7953367875647669,0.8616541353383458,0.20201106110867695,0.4992299958488402,0.8638280641876299
India,T120_P10_H0500_I0800_CN030_F1,T120_P10_H0500_I0800_F1,False,0.0,0.0,0.721883014033601,184,0.7230790285241614,179,0.9106217616580311,0.9593984962406015,0.4245770311635416,0.42811630925900596,0.8867014718468248
India,T120_P10_H0500_I0800_CN040_F1,T120_P10_H0500_I0800_F1,False,0.0,0.0,0.7575580017087357,128,0.7629487951542746,120,0.9961139896373057,1.0,0.5405060634391989,0.3628718347406485,0.8882981207265254
India,T120_P10_H0500_I0800_CN050_F1,T120_P10_H0500_I0800_F1,False,0.0,0.0,0.7901951757721032,71,0.7929817502351464,65,1.0,1.0,0.7037650836397582,0.3029422844816209,0.9442685107391372
India,T120_P10_H0500_I0800_CN060_F1,T120_P10_H0500_I0800_F1,False,0.0,0.0,0.7923854922706671,64,0.7931439925298156,64,1.0,1.0,0.7353156831692584,0.2417817833670465,0.984829994817031
India,T120_P10_H0500_I0800_CN070_F1,T120_P10_H0500_I0800_F1,False,0.0,0.0,0.7921086619385566,65,0.7924897178702681,68,1.0,1.0,0.7873775795851986,0.1807868487418147,0.9923788813657696
India,T120_P10_H0500_I0800_CN080_F1,T120_P10_H0500_I0800_F1,True,0.0,0.0,0.8027099835352741,40,0.8029850990749302,42,1.0,1.0,0.8979477800098601,0.12110444845963175,0.9944976892068793
India,T120_P10_H0500_I0800_CN090_F1,T120_P10_H0500_I0800_F1,True,0.0,0.0,0.7852742346962995,85,0.7854468313637392,85,1.0,1.0,0.8692864794436738,0.06053662738661695,0.9965480666512069
India,T120_P10_H0500_I0800_CN100_F1,T120_P10_H0500_I0800_F1,False,0.0,0.0,0.7887285351042237,73,0.7889617053451115,74,1.0,1.0,0.9483060803388716,0.0,0.9953365951822469
India,T120_P10_H0500_I0986_CN010_F1,T120_P10_H0500_I0986_F1,False,0.0,0.0,0.47173136382562386,517,0.47220831011864756,499,0.5207253886010362,0.7593984962406016,0.001842609527591521,0.5655038620183275,0.5111864627405627
India,T120_P10_H0500_I0986_CN020_F1,T120_P10_H0500_I0986_F1,False,0.0,0.0,0.6130744710868576,358,0.611353401435555,357,0.794041450777202,0.8706766917293233,0.07655824526877908,0.49563312385573166,0.8284628438032521
India,T120_P10_H0500_I0986_CN030_F1,T120_P10_H0500_I0986_F1,False,0.0,0.0,0.7066295292170184,217,0.7071832079587189,215,0.8963730569948185,0.9669172932330827,0.3585074862826506,0.42605032741373144,0.8852994821608082
India,T120_P10_H0500_I0986_CN040_F1,T120_P10_H0500_I0986_F1,False,0.0,0.0,0.7315380619555558,167,0.733994032172874,163,0.9559585492227979,1.0,0.43189840570664395,0.3629942099719017,0.9068391448764357
India,T120_P10_H0500_I0986_CN050_F1,T120_P10_H0500_I0986_F1,False,0.0,0.0,0.7826905153385336,91,0.7844963174758429,88,1.0,1.0,0.6477781018396178,0.3017905175992379,0.9638839572538123
India,T120_P10_H0500_I0986_CN060_F1,T120_P10_H0500_I0986_F1,False,0.0,0.0,0.7855681948938967,83,0.7863221964880716,81,1.0,1.0,0.70169351079808,0.24122749555489967,0.9849199681165041
India,T120_P10_H0500_I0986_CN070_F1,T120_P10_H0500_I0986_F1,False,0.0,0.0,0.7967188844382551,52,0.7969240489056447,52,1.0,1.0,0.8081778063678767,0.17951990517119334,0.9958967106522051
India,T120_P10_H0500_I0986_CN080_F1,T120_P10_H0500_I0986_F1,False,0.0,0.0,0.7930991546285233,61,0.7934498604120322,60,1.0,1.0,0.851364648609414,0.12114524020338284,0.9929858843298196
India,T120_P10_H0500_I0986_CN090_F1,T120_P10_H0500_I0986_F1,True,0.0,0.0,0.7931934369782601,59,0.7933715460943295,61,1.0,1.0,0.9074906438502958,0.06203872336239143,0.9964378176786132
India,T120_P10_H0800_I0600_CN010_F1,T120_P10_H0800_I0600_F1,True,0.0,0.0,0.44263490369287684,524,0.41289151901041643,528,0.024611398963730574,0.9924812030075189,0.003358128606519406,0.5732446952736766,0.6194790926129388
India,T120_P10_H0800_I0600_CN020_F1,T120_P10_H0800_I0600_F1,False,0.0,0.0,0.4845366626800095,499,0.4742157584443149,498,0.35362694300518144,0.9924812030075189,0.010221576521453946,0.506308563146819,0.5600450277190743
India,T120_P10_H0800_I0600_CN030_F1,T120_P10_H0800_I0600_F1,False,0.0,0.0,0.5526688178093735,435,0.5409142531082605,440,0.5466321243523315,0.9924812030075189,0.00014991645561979183,0.4423574268568042,0.7817234183745935
India,T120_P10_H0800_I0600_CN040_F1,T120_P10_H0800_I0600_F1,False,0.0,0.0,0.6002681413902142,374,0.5973226745950104,373,0.7616580310880829,0.9924812030075189,0.053247599292239545,0.37338650657107,0.8205673669921599
India,T120_P10_H0800_I0600_CN050_F1,T120_P10_H0800_I0600_F1,False,0.0,0.0,0.672737946301557,281,0.670096757909715,280,0.8290155440414507,0.9924812030075189,0.3513142221652884,0.30903945041523595,0.8818393118782909
India,T120_P10_H0800_I0600_CN060_F1,T120_P10_H0800_I0600_F1,False,0.0,0.0,0.6829107059153372,257,0.6793284215864246,261,0.8601036269430051,0.9924812030075189,0.3846583676550397,0.24556101844986575,0.9317493135212567
India,T120_P10_H0800_I0600_CN070_F1,T120_P10_H0800_I0600_F1,False,0.0,0.0,0.6908486444326595,236,0.6910511642756618,234,0.9158031088082901,0.9924812030075189,0.44995924998160375,0.1842469484176403,0.9117527119482446
India,T120_P10_H0800_I0600_CN080_F1,T120_P10_H0800_I0600_F1,False,0.0,0.0,0.6817158485693853,261,0.6813722593352336,256,0.9261658031088082,0.9924812030075189,0.43374101523421904,0.12315363370453818,0.9330375877918418
India,T120_P10_H0800_I0600_CN090_F1,T120_P10_H0800_I0600_F1,False,0.0,0.0,0.7008394671077972,223,0.703227162931283,220,0.9974093264248703,0.9924812030075189,0.5037356454993765,0.060915750652068,0.9496554099551519
India,T120_P10_H0800_I0600_CN100_F1,T120_P10_H0800_I0600_F1,False,0.0,0.0,0.7275248193528411,172,0.7282613536154884,171,0.9987046632124352,0.9924812030075189,0.6624426569557171,2.159562904469059e-05,0.9839739779594898
India,T120_P10_H0800_I0800_CN010_F1,T120_P10_H0800_I0800_F1,True,0.0,0.0,0.4806691402370774,505,0.48584990214312157,491,0.572538860103627,0.7924812030075188,0.0011339135554524482,0.5682681025360466,0.46892362198274173
India,T120_P10_H0800_I0800_CN020_F1,T120_P10_H0800_I0800_F1,False,0.0,0.0,0.6586539705728021,302,0.6532153318120759,306,0.7772020725388601,0.8932330827067668,0.24022612853019698,0.4966337213348018,0.8859748477533843
India,T120_P10_H0800_I0800_CN030_F1,T120_P10_H0800_I0800_F1,True,0.0,0.0,0.7281819824824687,171,0.7271935472543677,174,0.8860103626943006,1.0,0.41960525634348667,0.4295152261182336,0.9057790672563226
India,T120_P10_H0800_I0800_CN040_F1,T120_P10_H0800_I0800_F1,False,0.0,0.0,0.7442610954292597,142,0.7492219643879248,134,0.9831606217616581,1.0,0.4897389000493424,0.36446271274694003,0.8839432425883579
India,T120_P10_H0800_I0800_CN050_F1,T120_P10_H0800_I0800_F1,False,0.0,0.0,0.7809174428372349,94,0.7841720517167097,90,0.9987046632124352,1.0,0.667542542201488,0.30472752314931456,0.9336124856229361
India,T120_P10_H0800_I0800_CN060_F1,T120_P10_H0800_I0800_F1,False,0.0,0.0,0.7919012652359444,68,0.7927334548945908,66,1.0,1.0,0.7330941938719668,0.2430559254806827,0.9833562068270726
India,T120_P10_H0800_I0800_CN070_F1,T120_P10_H0800_I0800_F1,False,0.0,0.0,0.8003024736960211,44,0.8007599435708063,45,1.0,1.0,0.8283320295144669,0.18232973646134024,0.9908506025042992
India,T120_P10_H0800_I0800_CN080_F1,T120_P10_H0800_I0800_F1,True,0.0,0.0,0.7989481479418694,47,0.7993065204642772,48,1.0,1.0,0.8793472364945238,0.12256095366297859,0.9928325495518444
India,T120_P10_H0800_I0800_CN090_F1,T120_P10_H0800_I0800_F1,True,0.0,0.0,0.8012765427762594,43,0.8015130711755076,44,1.0,1.0,0.9505166666211879,0.06059661524507439,0.9952694320150345
India,T120_P10_H0800_I0986_CN010_F1,T120_P10_H0800_I0986_F1,True,0.0,0.0,0.496493519389539,485,0.49750701502930683,478,0.5738341968911918,0.7684210526315789,0.023032619095001206,0.5636154442340869,0.5535642840958364
India,T120_P10_H0800_I0986_CN020_F1,T120_P10_H0800_I0986_F1,True,0.0,0.0,0.6850855154506691,249,0.6812193966518552,257,0.8005181347150259,0.956390977443609,0.2991024092937351,0.4915755451096698,0.8778405106913059
India,T120_P10_H0800_I0986_CN030_F1,T120_P10_H0800_I0986_F1,False,0.0,0.0,0.7141578476736862,204,0.7141016435458629,202,0.8950777202072538,1.0,0.3513142221652904,0.4281954932321698,0.8962018027637165
India,T120_P10_H0800_I0986_CN040_F1,T120_P10_H0800_I0986_F1,False,0.0,0.0,0.7368248510846699,158,0.7371318198354085,157,0.9248704663212436,1.0,0.4757312515843495,0.36479144621128684,0.9187310913064691
India,T120_P10_H0800_I0986_CN050_F1,T120_P10_H0800_I0986_F1,False,0.0,0.0,0.7856653718641219,82,0.7876935094294951,76,1.0,1.0,0.6653210529041567,0.30356855772391667,0.9594372486925361
India,T120_P10_H0800_I0986_CN060_F1,T120_P10_H0800_I0986_F1,False,0.0,0.0,0.7999783108816303,45,0.8006590666066568,46,1.0,1.0,0.7704915351717477,0.24301513373693165,0.9863848854994725
India,T120_P10_H0800_I0986_CN070_F1,T120_P10_H0800_I0986_F1,True,0.0,0.0,0.8078243481039535,29,0.8084063232839953,31,1.0,1.0,0.8686186697776483,0.182142574342953,0.9883604963991672
India,T120_P10_H0800_I0986_CN080_F1,T120_P10_H0800_I0986_F1,True,0.0,0.0,0.8054731169431898,33,0.8060815772212453,38,1.0,1.0,0.9167554808092959,0.12277930946776372,0.9878307944388899
India,T120_P10_H0800_I0986_CN090_F1,T120_P10_H0800_I0986_F1,False,0.0,0.0,0.7864284466706142,79,0.7869576417390636,79,1.0,1.0,0.8810617355964419,0.06166439912561698,0.9894160986310119
India,T120_P10_H1000_I0600_CN010_F1,T120_P10_H1000_I0600_F1,True,0.0,0.0,0.4236877032710858,532,0.40155724348024036,535,0.03367875647668394,0.9909774436090225,0.04332585568220737,0.5741685082939213,0.476287952293594
India,T120_P10_H1000_I0600_CN020_F1,T120_P10_H1000_I0600_F1,False,0.0,0.0,0.4777395766231137,507,0.4694089304156124,505,0.36139896373056996,0.9909774436090225,0.0004797326580796568,0.5078298552373001,0.5280118878805964
India,T120_P10_H1000_I0600_CN030_F1,T120_P10_H1000_I0600_F1,False,0.0,0.0,0.544848327254738,446,0.5354356502299553,446,0.550518134715026,0.9909774436090225,0.0002780268813873388,0.4436963558575744,0.7387716752106795
India,T120_P10_H1000_I0600_CN040_F1,T120_P10_H1000_I0600_F1,False,0.0,0.0,0.585938908856245,387,0.5829306343387439,384,0.7344559585492227,0.9909774436090225,0.033772088826865776,0.37586760439687006,0.7946214488992441
India,T120_P10_H1000_I0600_CN050_F1,T120_P10_H1000_I0600_F1,False,0.0,0.0,0.6636000592750015,295,0.6587956523202033,292,0.8095854922279794,0.9909774436090225,0.30119578816532855,0.31056794104873175,0.9056736313239457
India,T120_P10_H1000_I0600_CN060_F1,T120_P10_H1000_I0600_F1,False,0.0,0.0,0.6731560551177928,279,0.6682457309053865,282,0.8341968911917099,0.9909774436090225,0.3605899621392852,0.2476126032091105,0.9324033754398355
India,T120_P10_H1000_I0600_CN070_F1,T120_P10_H1000_I0600_F1,False,0.0,0.0,0.684372099821106,253,0.6817503520934273,255,0.8795336787564766,0.9909774436090225,0.4341307980189285,0.1852499454110488,0.9319686333100539
India,T120_P10_H1000_I0600_CN080_F1,T120_P10_H1000_I0600_F1,False,0.0,0.0,0.6878799086270837,245,0.6876936558906384,239,0.9183937823834197,0.9909774436090225,0.4839712051374865,0.1239382748931616,0.922118837112328
India,T120_P10_H1000_I0600_CN090_F1,T120_P10_H1000_I0600_F1,False,0.0,0.0,0.6793791367099035,267,0.6818191509544768,254,0.9779792746113991,0.9909774436090225,0.4370091939673677,0.061750781641795705,0.929178989719932
India,T120_P10_H1000_I0600_CN100_F1,T120_P10_H1000_I0600_F1,False,0.0,0.0,0.7402606158923767,149,0.7409902982513047,147,0.9987046632124352,0.9909774436090225,0.7273155959451487,0.00019436066140214128,0.9841110160338751
India,T120_P10_H1000_I0800_CN010_F1,T120_P10_H1000_I0800_F1,True,0.0,0.0,0.4968606126260207,484,0.49455632180418896,483,0.5401554404145078,0.77593984962406,0.01192517260834447,0.5700413436320488,0.5862412568511423
India,T120_P10_H1000_I0800_CN020_F1,T120_P10_H1000_I0800_F1,False,0.0,0.0,0.6596625499184332,301,0.6561335964616629,300,0.7914507772020726,0.9248120300751881,0.22198265875471856,0.4980374372227061,0.8620298463374814
India,T120_P10_H1000_I0800_CN030_F1,T120_P10_H1000_I0800_F1,False,0.0,0.0,0.7203072346985404,189,0.7199855213106338,187,0.8963730569948185,1.0,0.37198633852226304,0.4303694532226677,0.9028073247529531
India,T120_P10_H1000_I0800_CN040_F1,T120_P10_H1000_I0800_F1,False,0.0,0.0,0.7332948956257513,163,0.7381604811387976,154,0.9766839378238342,1.0,0.44367366185935164,0.3667446508826613,0.8793722275629094
India,T120_P10_H1000_I0800_CN050_F1,T120_P10_H1000_I0800_F1,False,0.0,0.0,0.778624143921774,98,0.7817018643785343,95,1.0,1.0,0.6489638047160575,0.30571132402801676,0.9384455908647956
India,T120_P10_H1000_I0800_CN060_F1,T120_P10_H1000_I0800_F1,False,0.0,0.0,0.7836389194351128,88,0.7844461446712292,89,1.0,1.0,0.6904361478557923,0.2439029540421019,0.9838554952776692
India,T120_P10_H1000_I0800_CN070_F1,T120_P10_H1000_I0800_F1,False,0.0,0.0,0.7950086687924516,56,0.7953459419425183,56,1.0,1.0,0.7986240395125225,0.1831647674510679,0.9932545369986681
India,T120_P10_H1000_I0800_CN080_F1,T120_P10_H1000_I0800_F1,False,0.0,0.0,0.7941239659671655,58,0.7943980043616871,58,1.0,1.0,0.8530573416812816,0.1230432560449765,0.9945192321095699
India,T120_P10_H1000_I0800_CN090_F1,T120_P10_H1000_I0800_F1,True,0.0,0.0,0.7963857494829242,54,0.7965699413009296,54,1.0,1.0,0.9246056515778079,0.061006932196923325,0.9963161636398892
India,T120_P10_H1000_I0986_CN010_F1,T120_P10_H1000_I0986_F1,True,0.0,0.0,0.5124938902609978,475,0.5146486825046928,464,0.5841968911917099,0.8571428571428571,0.014479203861854306,0.5655494527907551,0.5411010463178128
India,T120_P10_H1000_I0986_CN020_F1,T120_P10_H1000_I0986_F1,False,0.0,0.0,0.6873502931846099,246,0.6818333631061517,253,0.7862694300518136,0.968421052631579,0.29281682117148045,0.4926361304471975,0.8966080316209791
India,T120_P10_H1000_I0986_CN030_F1,T120_P10_H1000_I0986_F1,False,0.0,0.0,0.717379505275283,198,0.7153329442017657,195,0.8743523316062176,1.0,0.3670145637022185,0.43024707799141454,0.9152835530765646
India,T120_P10_H1000_I0986_CN040_F1,T120_P10_H1000_I0986_F1,False,0.0,0.0,0.7376636249365365,153,0.7373811400804212,156,0.9248704663212436,1.0,0.46552057807785896,0.36740691684003157,0.930520163443548
India,T120_P10_H1000_I0986_CN050_F1,T120_P10_H1000_I0986_F1,False,0.0,0.0,0.7714264645639477,107,0.7740500099428049,104,1.0,1.0,0.6046021626130036,0.30500106778388053,0.9475290924228542
India,T120_P10_H1000_I0986_CN060_F1,T120_P10_H1000_I0986_F1,False,0.0,0.0,0.7836869584152277,87,0.7848560410550697,87,1.0,1.0,0.6977575223988861,0.24405892247409125,0.9766183472031611
India,T120_P10_H1000_I0986_CN070_F1,T120_P10_H1000_I0986_F1,True,0.0,0.0,0.8042997589181633,36,0.8046173266484157,40,1.0,1.0,0.8452180739278994,0.18263207526796577,0.9936486453949512
India,T120_P10_H1000_I0986_CN080_F1,T120_P10_H1000_I0986_F1,True,0.0,0.0,0.7966442104138818,53,0.7968973395204975,53,1.0,1.0,0.8649116446924013,0.12337198950932331,0.994937417867684
India,T120_P10_H1000_I0986_CN090_F1,T120_P10_H1000_I0986_F1,False,0.0,0.0,0.7902335375768009,70,0.7905627638190977,72,1.0,1.0,0.8967620771333858,0.06099013559655523,0.9934154751540636
