case_id,region,scenario_id,family,topology,routing_policy,receiver_target,delivery_cutoff,max_forwarding_hops,max_observer_copies,max_cn_copies,task_size_multiplier,failure_type,failure_level_percent,replicate,applicability,n_tasks,n_failed_nodes,failed_nodes,removed_window_count,n_available_windows,available_window_duration_sec,available_window_capacity_mbits,n_transfer_events,total_transferred_data_mbits,used_capacity_percent,cn_related_traffic_share_percent,max_hops_seen,mean_original_coverage_deadline_percent,mean_original_coverage_sim_end_percent,mean_surviving_coverage_deadline_percent,mean_surviving_coverage_sim_end_percent,s100_original_before_deadline_percent,s100_original_by_sim_end_percent,s100_surviving_before_deadline_percent,s100_surviving_by_sim_end_percent,observation_success_percent,geometry_failure_count,communication_failure_count,routing_or_timing_failure_count,disconnected_task_count_original,t100_completed_task_count_surviving,t100_censored_task_count_surviving,median_t100_surviving_min,p90_t100_surviving_min,p95_t100_surviving_min,p100_t100_surviving_min,t100_completed_task_count_original,t100_censored_task_count_original,p100_t100_original_min,peak_node_sent_data_mbits,mean_node_sent_data_mbits,node_sent_data_gini,n_tasks_critical,critical_observation_success_percent,critical_s100_surviving_before_deadline_percent,n_tasks_high,high_observation_success_percent,high_s100_surviving_before_deadline_percent,n_tasks_medium,medium_observation_success_percent,medium_s100_surviving_before_deadline_percent,n_tasks_low,low_observation_success_percent,low_s100_surviving_before_deadline_percent,status,n_satellites,n_planes,altitude_km,inclination_deg,cn_fraction_percent,n_central_nodes,scenario_seed_hex,is_exact_pareto,performance_observation_score,performance_strict_s100_score,performance_coverage_score,performance_timeliness_score,resource_satellites_burden,resource_satellites_efficiency,resource_central_nodes_burden,resource_central_nodes_efficiency,resource_data_burden,resource_data_efficiency,resource_events_burden,resource_events_efficiency,performance_composite,resource_efficiency_composite,resource_burden_composite,is_weighting_pareto
T060_P03_H0500_I0600_CN000_F1,California,unlimited_useful_deadline,unlimited,central_only,targeted_central,all_useful,deadline,-1.0,0.0,0.0,1.0,none,0.0,0,applicable,32.0,0.0,,0.0,1159.0,420012.0,42001.2,293.0,216.5,0.515461463005819,0.0,1.0,45.16267030200641,45.16267030200641,45.16267030200641,45.16267030200641,0.0,0.0,0.0,0.0,53.125,13.0,2.0,0.0,15.0,0.0,32.0,,,,,0.0,32.0,,216.5,0.0,0.0,1.0,0.0,0.0,6.0,0.0,0.0,16.0,50.0,0.0,9.0,100.0,0.0,COMPLETED,60,3,500.0,60.0,0.0,0,20c5a3510aa1abf1,False,0.53125,0.0,0.30044027697449094,0.0,0.0,1.0,0.0,1.0,0.028762243989314335,0.9712377560106856,0.03546224417784051,0.9645377558221595,0.20792256924362273,0.987155102366569,0.012844897633430996,False
T060_P03_H0500_I0600_CN010_F1,California,unlimited_useful_deadline,unlimited,central_only,targeted_central,all_useful,deadline,-1.0,0.0,0.0,1.0,none,0.0,0,applicable,32.0,0.0,,0.0,4507.0,1129932.0,55631.66399996943,495.0,381.0,0.6848617722457652,53.6745406824147,5.0,63.98005400896617,63.98005400896617,63.98005400896617,63.98005400896617,0.0,0.0,0.0,0.0,53.125,13.0,2.0,0.0,15.0,0.0,32.0,,,,,0.0,32.0,,235.0,2.433333333333333,0.824543378995434,1.0,0.0,0.0,6.0,0.0,0.0,16.0,50.0,0.0,9.0,100.0,0.0,COMPLETED,60,3,500.0,60.0,10.0,6,d4170b9c8e15a31d,False,0.53125,0.0,0.5404936093778582,0.0,0.0,1.0,0.03333333333333333,0.9666666666666667,0.05805877114870882,0.9419412288512912,0.07110091743119266,0.9288990825688074,0.2679359023444645,0.967501395617353,0.032498604382646956,False
T060_P03_H0500_I0600_CN020_F1,California,unlimited_useful_deadline,unlimited,central_only,targeted_central,all_useful,deadline,-1.0,0.0,0.0,1.0,none,0.0,0,applicable,32.0,0.0,,0.0,6739.0,1749988.0,67536.73919994754,733.0,602.5,0.8921070326126554,80.33195020746888,6.0,80.06488807298187,80.06488807298187,80.06488807298187,80.06488807298187,0.0,0.0,0.0,0.0,59.375,13.0,0.0,0.0,13.0,0.0,32.0,,,,,0.0,32.0,,202.5,6.666666666666667,0.8187916666666668,1.0,0.0,0.0,6.0,33.33333333333333,0.0,16.0,50.0,0.0,9.0,100.0,0.0,COMPLETED,60,3,500.0,60.0,20.0,12,6c993f020975db30,False,0.59375,0.0,0.7456878105671586,0.0,0.0,1.0,0.06666666666666667,0.9333333333333333,0.097506678539626,0.902493321460374,0.11309103740296401,0.886908962597036,0.3348594526417896,0.9445471234781487,0.05545287652185127,False
T060_P03_H0500_I0600_CN030_F1,California,unlimited_useful_deadline,unlimited,central_only,targeted_central,all_useful,deadline,-1.0,0.0,0.0,1.0,none,0.0,0,applicable,32.0,0.0,,0.0,11551.0,2799252.0,87682.60799989989,953.0,813.5,0.9277780606171395,88.13767670559312,6.0,98.6842105263158,98.6842105263158,98.6842105263158,98.6842105263158,56.25,56.25,56.25,56.25,59.375,13.0,0.0,0.0,13.0,18.0,14.0,85.59305555555596,91.8211805555554,94.8256944444446,98.36736111111095,18.0,14.0,98.36736111111095,200.0,10.225,0.7115321923390383,1.0,0.0,0.0,6.0,33.33333333333333,16.666666666666664,16.0,50.0,50.0,9.0,100.0,100.0,COMPLETED,60,3,500.0,60.0,30.0,18,3f1878e7fb99e758,False,0.59375,0.5625,0.98321447589006,0.8003215028008559,0.0,1.0,0.1,0.9,0.1350845948352627,0.8649154051647373,0.15190543401552575,0.8480945659844743,0.734946494672729,0.9226019942298423,0.07739800577015765,False
T060_P03_H0500_I0600_CN040_F1,California,unlimited_useful_deadline,unlimited,central_only,targeted_central,all_useful,deadline,-1.0,0.0,0.0,1.0,none,0.0,0,applicable,32.0,0.0,,0.0,14159.0,3493604.0,101014.16639987381,1074.0,942.0,0.932542467628755,92.51592356687898,11.0,100.0,100.0,100.0,100.0,59.375,59.375,59.375,59.375,59.375,13.0,0.0,0.0,13.0,19.0,13.0,83.36736111111628,95.0784722222282,95.16076388888871,95.55138888888857,19.0,13.0,95.55138888888857,180.5,12.691666666666666,0.677620923615671,1.0,0.0,0.0,6.0,33.33333333333333,33.33333333333333,16.0,50.0,50.0,9.0,100.0,100.0,COMPLETED,60,3,500.0,60.0,40.0,24,ac14883e48276b78,False,0.59375,0.59375,1.0,0.8090012222243776,0.0,1.0,0.13333333333333333,0.8666666666666667,0.15796972395369546,0.8420302760463045,0.17325335215243473,0.8267466478475652,0.7491253055560945,0.9070887181121072,0.09291128188789277,False
T060_P03_H0500_I0600_CN050_F1,California,unlimited_useful_deadline,unlimited,central_only,targeted_central,all_useful,deadline,-1.0,0.0,0.0,1.0,none,0.0,0,applicable,32.0,0.0,,0.0,15087.0,4165388.0,113912.41919986495,1204.0,1079.5,0.9476578652113112,97.03566465956462,13.0,100.0,100.0,100.0,100.0,59.375,59.375,59.375,59.375,59.375,13.0,0.0,0.0,13.0,19.0,13.0,82.60277777778683,87.10624999999986,87.62819444444462,89.20069444444695,19.0,13.0,89.20069444444695,179.5,15.0,0.6061296296296297,1.0,0.0,0.0,6.0,33.33333333333333,33.33333333333333,16.0,50.0,50.0,9.0,100.0,100.0,COMPLETED,60,3,500.0,60.0,50.0,30,71243a39aa04cee2,False,0.59375,0.59375,1.0,0.8285760765099673,0.0,1.0,0.16666666666666666,0.8333333333333334,0.18245770258236865,0.8175422974176314,0.1961891319689485,0.8038108680310515,0.7540190191274918,0.8909372997564033,0.10906270024359666,False
T060_P03_H0500_I0600_CN060_F1,California,unlimited_useful_deadline,unlimited,central_only,targeted_central,all_useful,deadline,-1.0,0.0,0.0,1.0,none,0.0,0,applicable,32.0,0.0,,0.0,19353.0,5058180.0,131054.02559981801,1328.0,1206.0,0.9202311752579043,97.18076285240464,12.0,100.0,100.0,100.0,100.0,59.375,59.375,59.375,59.375,59.375,13.0,0.0,0.0,13.0,19.0,13.0,72.50277777777798,79.68125000000828,83.2173611111116,83.36736111111628,19.0,13.0,83.36736111111628,147.0,17.65,0.5816808309726158,1.0,0.0,0.0,6.0,33.33333333333333,33.33333333333333,16.0,50.0,50.0,9.0,100.0,100.0,COMPLETED,60,3,500.0,60.0,60.0,36,b72aa2e0abac17d6,False,0.59375,0.59375,1.0,0.8465562597793989,0.0,1.0,0.2,0.8,0.204986642920748,0.795013357079252,0.2180663373323924,0.7819336626676077,0.7585140649448497,0.875389403949372,0.12461059605062796,False
T060_P03_H0500_I0600_CN070_F1,California,unlimited_useful_deadline,unlimited,central_only,targeted_central,all_useful,deadline,-1.0,0.0,0.0,1.0,none,0.0,0,applicable,32.0,0.0,,0.0,22699.0,6122956.0,151497.72479978128,1455.0,1344.5,0.8874720737733093,97.50836742283377,11.0,100.0,100.0,100.0,100.0,59.375,59.375,59.375,59.375,59.375,13.0,0.0,0.0,13.0,19.0,13.0,78.86805555555772,83.56805555555688,83.67812500000016,84.06875000000024,19.0,13.0,84.06875000000024,180.5,19.4,0.5595504009163803,1.0,0.0,0.0,6.0,33.33333333333333,33.33333333333333,16.0,50.0,50.0,9.0,100.0,100.0,COMPLETED,60,3,500.0,60.0,70.0,42,5ae91951e2410e5b,False,0.59375,0.59375,1.0,0.8443943567910648,0.0,1.0,0.23333333333333334,0.7666666666666666,0.22965271593944792,0.7703472840605521,0.2404728299223712,0.7595271700776288,0.7579735891977661,0.8593082241609695,0.14069177583903048,False
T060_P03_H0500_I0600_CN080_F1,California,unlimited_useful_deadline,unlimited,central_only,targeted_central,all_useful,deadline,-1.0,0.0,0.0,1.0,none,0.0,0,applicable,32.0,0.0,,0.0,23817.0,6826644.0,165008.53439976726,1576.0,1472.5,0.8923780853859138,98.91341256366724,13.0,100.0,100.0,100.0,100.0,59.375,59.375,59.375,59.375,59.375,13.0,0.0,0.0,13.0,19.0,13.0,76.10347222224567,80.52277777778033,80.6361805555655,80.93680555555608,19.0,13.0,80.93680555555608,174.0,21.641666666666666,0.4908548324990374,1.0,0.0,0.0,6.0,33.33333333333333,33.33333333333333,16.0,50.0,50.0,9.0,100.0,100.0,COMPLETED,60,3,500.0,60.0,80.0,48,e17e293126212be8,False,0.59375,0.59375,1.0,0.8540480028083465,0.0,1.0,0.26666666666666666,0.7333333333333334,0.25244879786286734,0.7475512021371327,0.2618207480592802,0.7381792519407198,0.7603870007020866,0.8438127574822372,0.15618724251776284,False
T060_P03_H0500_I0600_CN090_F1,California,unlimited_useful_deadline,unlimited,central_only,targeted_central,all_useful,deadline,-1.0,0.0,0.0,1.0,none,0.0,0,applicable,32.0,0.0,,0.0,26783.0,7770348.0,183127.6511997329,1705.0,1608.0,0.878076024819536,99.53358208955224,12.0,100.0,100.0,100.0,100.0,59.375,59.375,59.375,59.375,59.375,13.0,0.0,0.0,13.0,19.0,13.0,75.15138888888904,83.2875000000001,83.67812500000016,84.06875000000024,19.0,13.0,84.06875000000024,154.0,24.233333333333334,0.4658413571756075,1.0,0.0,0.0,6.0,33.33333333333333,33.33333333333333,16.0,50.0,50.0,9.0,100.0,100.0,COMPLETED,60,3,500.0,60.0,90.0,54,5fc3e7e8ec1fa78f,False,0.59375,0.59375,1.0,0.8443943567910648,0.0,1.0,0.3,0.7,0.2765805877114871,0.7234194122885129,0.2845800988002823,0.7154199011997178,0.7579735891977661,0.8277678626976461,0.17223213730235387,False
T060_P03_H0500_I0600_CN100_F1,California,unlimited_useful_deadline,unlimited,central_only,targeted_central,all_useful,deadline,-1.0,0.0,0.0,1.0,none,0.0,0,applicable,32.0,0.0,,0.0,29013.0,8725204.0,201460.88639970438,1834.0,1743.0,0.8651803489744586,100.0,14.0,100.0,100.0,100.0,100.0,59.375,59.375,59.375,59.375,59.375,13.0,0.0,0.0,13.0,19.0,13.0,71.53750000002813,75.77513888889142,75.95347222222668,76.10347222224567,19.0,13.0,76.10347222224567,161.0,26.366666666666667,0.3607037505267594,1.0,0.0,0.0,6.0,33.33333333333333,33.33333333333333,16.0,50.0,50.0,9.0,100.0,100.0,COMPLETED,60,3,500.0,60.0,100.0,60,3fb6b57677f289a3,False,0.59375,0.59375,1.0,0.8689458689458116,0.0,1.0,0.3333333333333333,0.6666666666666667,0.3006233303650935,0.6993766696349065,0.3073394495412844,0.6926605504587156,0.7641114672364528,0.8117407773520577,0.18825922264794226,False
T060_P03_H0500_I0800_CN000_F1,California,unlimited_useful_deadline,unlimited,central_only,targeted_central,all_useful,deadline,-1.0,0.0,0.0,1.0,none,0.0,0,applicable,32.0,0.0,,0.0,688.0,241864.0,24186.4,238.0,182.0,0.7524890020838156,0.0,1.0,59.86678741210015,59.86678741210015,59.86678741210015,59.86678741210015,28.125,28.125,28.125,28.125,0.0,5.0,6.0,21.0,11.0,9.0,23.0,329.85,349.7833333333333,349.81666666666666,349.85,9.0,23.0,349.85,182.0,0.0,0.0,1.0,0.0,0.0,6.0,0.0,0.0,16.0,0.0,25.0,9.0,0.0,55.55555555555556,COMPLETED,60,3,500.0,80.0,0.0,0,b6cebb10bdd9247a,False,0.0,0.28125,0.48802067429730567,0.025172256577215557,0.0,1.0,0.0,1.0,0.022617987533392697,0.9773820124666073,0.025758645024700072,0.9742413549753,0.1986107327186303,0.9903246734883815,0.00967532651161851,True
T060_P03_H0500_I0800_CN010_F1,California,unlimited_useful_deadline,unlimited,central_only,targeted_central,all_useful,deadline,-1.0,0.0,0.0,1.0,none,0.0,0,applicable,32.0,0.0,,0.0,5710.0,1241344.0,43376.41599995786,431.0,370.0,0.8529980900228351,86.21621621621621,4.0,88.85634364758772,88.85634364758772,88.85634364758772,88.85634364758772,50.0,50.0,50.0,50.0,50.0,5.0,0.0,11.0,5.0,16.0,16.0,182.71666666666667,320.89166666666665,320.95416666666665,321.01666666666665,16.0,16.0,321.01666666666665,99.0,4.516666666666667,0.9241697416974171,1.0,0.0,0.0,6.0,0.0,0.0,16.0,43.75,50.0,9.0,100.0,88.88888888888889,COMPLETED,60,3,500.0,80.0,10.0,6,e42970d998a8561a,False,0.5,0.5,0.8578403945940092,0.11404573388044659,0.0,1.0,0.03333333333333333,0.9666666666666667,0.05609973285841496,0.943900267141585,0.05980945659844743,0.9401905434015526,0.49297153211861394,0.970151495441961,0.029848504558039002,True
T060_P03_H0500_I0800_CN020_F1,California,unlimited_useful_deadline,unlimited,central_only,targeted_central,all_useful,deadline,-1.0,0.0,0.0,1.0,none,0.0,0,applicable,32.0,0.0,,0.0,11824.0,2411248.0,65838.57279990317,609.0,558.5,0.8482869179096504,98.83616830796777,7.0,96.4292497625831,96.4292497625831,96.4292497625831,96.4292497625831,71.875,71.875,71.875,71.875,59.375,5.0,0.0,8.0,5.0,23.0,9.0,90.6027777777781,175.8006944444444,179.09756944444558,203.11736111111094,23.0,9.0,203.11736111111094,73.5,8.266666666666667,0.8549395161290323,1.0,0.0,100.0,6.0,0.0,33.33333333333333,16.0,62.5,68.75,9.0,100.0,100.0,COMPLETED,60,3,500.0,80.0,20.0,12,c6a63ed0c5930d2a,False,0.59375,0.71875,0.9544479452074408,0.47744878323391593,0.0,1.0,0.06666666666666667,0.9333333333333333,0.08967052537845058,0.9103294746215495,0.09121383203952012,0.9087861679604798,0.6860991821103392,0.9504897951830726,0.04951020481692736,False
T060_P03_H0500_I0800_CN030_F1,California,unlimited_useful_deadline,unlimited,central_only,targeted_central,all_useful,deadline,-1.0,0.0,0.0,1.0,none,0.0,0,applicable,32.0,0.0,,0.0,15054.0,3285816.0,82630.27839987303,750.0,686.5,0.8308092545420431,100.0,8.0,97.21069054402388,97.21069054402388,97.21069054402388,97.21069054402388,68.75,68.75,68.75,68.75,62.5,5.0,0.0,7.0,5.0,22.0,10.0,84.79305555555621,168.26423611111142,180.48663194444427,181.2006944444444,22.0,10.0,181.2006944444444,97.5,10.341666666666667,0.7841391351060973,1.0,0.0,0.0,6.0,33.33333333333333,33.33333333333333,16.0,56.25,68.75,9.0,100.0,100.0,COMPLETED,60,3,500.0,80.0,30.0,18,e20b802293789765,False,0.625,0.6875,0.9644167839462379,0.5450029003748107,0.0,1.0,0.1,0.9,0.11246660730187,0.88753339269813,0.11609033168666197,0.8839096683133381,0.7054799210802621,0.9342886122022936,0.06571138779770636,True
T060_P03_H0500_I0800_CN040_F1,California,unlimited_useful_deadline,unlimited,central_only,targeted_central,all_useful,deadline,-1.0,0.0,0.0,1.0,none,0.0,0,applicable,32.0,0.0,,0.0,20938.0,4430264.0,104603.67999981147,899.0,837.5,0.8006410481940114,100.0,7.0,97.67806267806269,97.67806267806269,97.67806267806269,97.67806267806269,71.875,71.875,71.875,71.875,59.375,5.0,0.0,8.0,5.0,23.0,9.0,80.47083333333381,174.0875,174.66944444444474,175.1555555555557,23.0,9.0,175.1555555555557,85.5,12.741666666666667,0.7530085022890778,1.0,0.0,100.0,6.0,16.666666666666664,33.33333333333333,16.0,56.25,68.75,9.0,100.0,100.0,COMPLETED,60,3,500.0,80.0,40.0,24,296ee4ab85150492,False,0.59375,0.71875,0.9703790494766471,0.5636359355367712,0.0,1.0,0.13333333333333333,0.8666666666666667,0.13935886019590382,0.8606411398040962,0.14237826393789696,0.857621736062103,0.7116287462533546,0.9169859085065732,0.08301409149342676,False
T060_P03_H0500_I0800_CN050_F1,California,unlimited_useful_deadline,unlimited,central_only,targeted_central,all_useful,deadline,-1.0,0.0,0.0,1.0,none,0.0,0,applicable,32.0,0.0,,0.0,26082.0,5552328.0,126147.30879975374,1071.0,1010.0,0.8006512462372655,100.0,7.0,98.11287477954146,98.11287477954146,98.11287477954146,98.11287477954146,71.875,71.875,71.875,71.875,71.875,5.0,0.0,4.0,5.0,23.0,9.0,77.73472222222287,171.5479166666666,173.63159722222235,175.2006944444462,23.0,9.0,175.2006944444462,84.0,15.633333333333333,0.6773454157782517,1.0,100.0,0.0,6.0,50.0,50.0,16.0,62.5,68.75,9.0,100.0,100.0,COMPLETED,60,3,500.0,80.0,50.0,30,e8c81870b55bb13a,False,0.71875,0.71875,0.975925946726273,0.5634968031662289,0.0,1.0,0.16666666666666666,0.8333333333333334,0.170080142475512,0.8299198575244879,0.17272406492589978,0.8272759350741002,0.7442306874731255,0.8981058251863844,0.10189417481361562,False
T060_P03_H0500_I0800_CN060_F1,California,unlimited_useful_deadline,unlimited,central_only,targeted_central,all_useful,deadline,-1.0,0.0,0.0,1.0,none,0.0,0,applicable,32.0,0.0,,0.0,31522.0,6867160.0,151392.08319969955,1229.0,1167.0,0.7708461204412015,100.0,6.0,99.69135802469137,99.69135802469137,99.69135802469137,99.69135802469137,81.25,81.25,81.25,81.25,75.0,5.0,0.0,3.0,5.0,26.0,6.0,68.80138888888905,165.8100694444459,168.52621527777924,171.8534722222253,26.0,6.0,171.8534722222253,109.0,18.358333333333334,0.648093508851566,1.0,0.0,100.0,6.0,83.33333333333334,83.33333333333334,16.0,62.5,68.75,9.0,100.0,100.0,COMPLETED,60,3,500.0,80.0,60.0,36,f0471cb6c8c8414d,False,0.75,0.8125,0.9960626548384093,0.57381400356607,0.0,1.0,0.2,0.8,0.19804096170970614,0.8019590382902939,0.2005998588567396,0.7994001411432604,0.7830941646011198,0.880271835886711,0.11972816411328902,False
T060_P03_H0500_I0800_CN070_F1,California,unlimited_useful_deadline,unlimited,central_only,targeted_central,all_useful,deadline,-1.0,0.0,0.0,1.0,none,0.0,0,applicable,32.0,0.0,,0.0,34380.0,7970664.0,172579.3599996681,1378.0,1308.0,0.7579121860241663,100.0,7.0,98.50698684032017,98.50698684032017,98.50698684032017,98.50698684032017,71.875,71.875,71.875,71.875,65.625,5.0,0.0,6.0,5.0,23.0,9.0,82.58750000000194,166.67847222222218,173.46909722222338,174.20069444444454,23.0,9.0,174.20069444444454,100.0,20.766666666666666,0.5846843231674692,1.0,0.0,0.0,6.0,33.33333333333333,50.0,16.0,62.5,68.75,9.0,100.0,100.0,COMPLETED,60,3,500.0,80.0,70.0,42,cf0e7b68ec87ffda,False,0.65625,0.71875,0.9809536336249196,0.5665791202981381,0.0,1.0,0.23333333333333334,0.7666666666666666,0.22315227070347285,0.7768477292965271,0.2268877911079746,0.7731122088920254,0.7306331884807644,0.8633253209710439,0.13667467902895614,False
T060_P03_H0500_I0800_CN080_F1,California,unlimited_useful_deadline,unlimited,central_only,targeted_central,all_useful,deadline,-1.0,0.0,0.0,1.0,none,0.0,0,applicable,32.0,0.0,,0.0,39898.0,9346152.0,198988.72959960235,1525.0,1455.5,0.7314484608895702,100.0,7.0,98.64197530864197,98.64197530864197,98.64197530864197,98.64197530864197,75.0,75.0,75.0,75.0,71.875,5.0,0.0,4.0,5.0,24.0,8.0,71.30208333333641,169.37569444444435,171.56961805555548,173.8534722222224,24.0,8.0,173.8534722222224,115.0,23.058333333333334,0.5603601975665584,1.0,100.0,100.0,6.0,50.0,50.0,16.0,62.5,68.75,9.0,100.0,100.0,COMPLETED,60,3,500.0,80.0,80.0,48,c489bd2f3393128e,False,0.71875,0.75,0.9826756812890001,0.5676493693022711,0.0,1.0,0.26666666666666666,0.7333333333333334,0.24942119323241319,0.7505788067675868,0.2528228652081863,0.7471771347918137,0.7547687626478178,0.8462178549785468,0.15378214502145315,False
T060_P03_H0500_I0800_CN090_F1,California,unlimited_useful_deadline,unlimited,central_only,targeted_central,all_useful,deadline,-1.0,0.0,0.0,1.0,none,0.0,0,applicable,32.0,0.0,,0.0,44360.0,10614672.0,223344.31359954522,1687.0,1612.0,0.7217555593961996,100.0,7.0,99.47089947089947,99.47089947089947,99.47089947089947,99.47089947089947,81.25,81.25,81.25,81.25,84.375,5.0,0.0,0.0,5.0,26.0,6.0,64.3857638888922,163.52708333333473,164.52621527778237,171.8534722222253,26.0,6.0,171.8534722222253,122.5,25.825,0.482322254490696,1.0,100.0,0.0,6.0,100.0,100.0,16.0,68.75,68.75,9.0,100.0,100.0,COMPLETED,60,3,500.0,80.0,90.0,54,1e2cbc6a74d389bf,False,0.84375,0.8125,0.9932502654372727,0.57381400356607,0.0,1.0,0.3,0.7,0.27729296527159397,0.722707034728406,0.28140437544107266,0.7185956245589273,0.8058285672508357,0.8282605318574667,0.17173946814253327,False
T060_P03_H0500_I0800_CN100_F1,California,unlimited_useful_deadline,unlimited,central_only,targeted_central,all_useful,deadline,-1.0,0.0,0.0,1.0,none,0.0,0,applicable,32.0,0.0,,0.0,49004.0,11954864.0,249075.99999948536,1854.0,1783.0,0.7158457659524338,100.0,7.0,100.0,100.0,100.0,100.0,84.375,84.375,84.375,84.375,84.375,5.0,0.0,0.0,5.0,27.0,5.0,64.03680555556203,163.39236111111228,164.50451388889334,171.8534722222253,27.0,5.0,171.8534722222253,153.0,28.908333333333335,0.4277553569712693,1.0,100.0,100.0,6.0,100.0,100.0,16.0,68.75,68.75,9.0,100.0,100.0,COMPLETED,60,3,500.0,80.0,100.0,60,54a29d466b9f7e8f,False,0.84375,0.84375,1.0,0.57381400356607,0.0,1.0,0.3333333333333333,0.6666666666666667,0.30774710596616206,0.6922528940338379,0.3108680310515173,0.6891319689484827,0.8153285008915175,0.8096103059297975,0.19038969407020245,False
T060_P03_H0500_I0986_CN000_F1,California,unlimited_useful_deadline,unlimited,central_only,targeted_central,all_useful,deadline,-1.0,0.0,0.0,1.0,none,0.0,0,applicable,32.0,0.0,,0.0,669.0,230940.0,23094.0,92.0,55.0,0.23815709708149302,0.0,1.0,23.00246115782553,23.00246115782553,23.00246115782553,23.00246115782553,0.0,0.0,0.0,0.0,0.0,6.0,13.0,13.0,19.0,0.0,32.0,,,,,0.0,32.0,,55.0,0.0,0.0,1.0,0.0,0.0,6.0,0.0,0.0,16.0,0.0,0.0,9.0,0.0,0.0,COMPLETED,60,3,500.0,98.6,0.0,0,8ae504034e939ed6,False,0.0,0.0,0.017742526072558544,0.0,0.0,1.0,0.0,1.0,0.0,1.0,0.0,1.0,0.004435631518139636,1.0,0.0,True
T060_P03_H0500_I0986_CN010_F1,California,unlimited_useful_deadline,unlimited,central_only,targeted_central,all_useful,deadline,-1.0,0.0,0.0,1.0,none,0.0,0,applicable,32.0,0.0,,0.0,5963.0,1228140.0,42240.23999994454,306.0,222.0,0.5255651956529874,90.54054054054055,4.0,57.9720411729521,57.9720411729521,57.9720411729521,57.9720411729521,9.375,9.375,9.375,9.375,53.125,6.0,9.0,0.0,15.0,3.0,29.0,170.93472222226058,302.48027777778543,318.92347222222605,335.3666666666667,3.0,29.0,335.3666666666667,59.5,2.841666666666667,0.94247311827957,1.0,0.0,0.0,6.0,0.0,0.0,16.0,50.0,12.5,9.0,100.0,11.11111111111111,COMPLETED,60,3,500.0,98.6,10.0,6,cf8b3a0c0f06bcfe,False,0.53125,0.09375,0.46384939970093286,0.06981448303762472,0.0,1.0,0.03333333333333333,0.9666666666666667,0.029741763134461266,0.9702582368655387,0.037755822159491886,0.9622441778405081,0.2896659706846394,0.9798338162745428,0.0201661837254572,False
T060_P03_H0500_I0986_CN020_F1,California,unlimited_useful_deadline,unlimited,central_only,targeted_central,all_useful,deadline,-1.0,0.0,0.0,1.0,none,0.0,0,applicable,32.0,0.0,,0.0,12157.0,2362276.0,64015.65119988571,433.0,319.5,0.499096695903908,94.67918622848201,6.0,65.38461538461539,65.38461538461539,65.38461538461539,65.38461538461539,53.125,53.125,53.125,53.125,53.125,6.0,9.0,0.0,15.0,17.0,15.0,80.93333333333334,107.97777777778033,139.83736111111213,222.7173611111153,17.0,15.0,222.7173611111153,59.0,4.341666666666667,0.8754638515674984,1.0,0.0,0.0,6.0,0.0,0.0,16.0,50.0,50.0,9.0,100.0,100.0,COMPLETED,60,3,500.0,98.6,20.0,12,0b21f01674b980b8,False,0.53125,0.53125,0.5584115964923446,0.4170353674485848,0.0,1.0,0.06666666666666667,0.9333333333333333,0.047105966162065895,0.9528940338379341,0.060162314749470716,0.9398376852505292,0.5094867409852324,0.9652130104843595,0.03478698951564052,True
T060_P03_H0500_I0986_CN030_F1,California,unlimited_useful_deadline,unlimited,central_only,targeted_central,all_useful,deadline,-1.0,0.0,0.0,1.0,none,0.0,0,applicable,32.0,0.0,,0.0,16097.0,3315100.0,82309.87199983787,509.0,376.5,0.45741779309381214,98.93758300132802,7.0,65.38461538461539,65.38461538461539,65.38461538461539,65.38461538461539,53.125,53.125,53.125,53.125,53.125,6.0,9.0,0.0,15.0,17.0,15.0,68.4,82.97500000000262,111.73180555555818,225.7173611111112,17.0,15.0,225.7173611111112,61.5,5.25,0.8093121693121694,1.0,0.0,0.0,6.0,0.0,0.0,16.0,50.0,50.0,9.0,100.0,100.0,COMPLETED,60,3,500.0,98.6,30.0,18,22f744d5a43c5d88,False,0.53125,0.53125,0.5584115964923446,0.4077884160528856,0.0,1.0,0.1,0.9,0.0572573463935886,0.9427426536064114,0.07357092448835569,0.9264290755116443,0.5071750031363076,0.9538343458236112,0.04616565417638885,False
T060_P03_H0500_I0986_CN040_F1,California,unlimited_useful_deadline,unlimited,central_only,targeted_central,all_useful,deadline,-1.0,0.0,0.0,1.0,none,0.0,0,applicable,32.0,0.0,,0.0,22197.0,4476700.0,104612.59199977248,613.0,461.5,0.4411514820328739,98.1581798483207,6.0,65.38461538461539,65.38461538461539,65.38461538461539,65.38461538461539,53.125,53.125,53.125,53.125,53.125,6.0,9.0,0.0,15.0,17.0,15.0,70.85,78.35694444444438,108.03736111111236,218.71736111111846,17.0,15.0,218.71736111111846,79.5,6.366666666666666,0.7609075043630018,1.0,0.0,0.0,6.0,0.0,0.0,16.0,50.0,50.0,9.0,100.0,100.0,COMPLETED,60,3,500.0,98.6,40.0,24,203cc4d64ab52438,False,0.53125,0.53125,0.5584115964923446,0.4293646359761909,0.0,1.0,0.13333333333333333,0.8666666666666667,0.0723953695458593,0.9276046304541407,0.0919195483415667,0.9080804516584333,0.5125690581171338,0.9404703497558482,0.0595296502441518,False
T060_P03_H0500_I0986_CN050_F1,California,unlimited_useful_deadline,unlimited,central_only,targeted_central,all_useful,deadline,-1.0,0.0,0.0,1.0,none,0.0,0,applicable,32.0,0.0,,0.0,27759.0,5700524.0,128110.01279972991,804.0,661.0,0.5159627928796785,99.62178517397882,7.0,76.92307692307692,76.92307692307692,76.92307692307692,76.92307692307692,62.5,62.5,62.5,62.5,53.125,6.0,6.0,3.0,12.0,20.0,12.0,55.76041666666812,70.94166666666668,78.40170138888936,218.71736111111846,20.0,12.0,218.71736111111846,59.5,10.025,0.6355361596009976,1.0,0.0,0.0,6.0,0.0,33.33333333333333,16.0,50.0,56.25,9.0,100.0,100.0,COMPLETED,60,3,500.0,98.6,50.0,30,47830e45bed0e091,False,0.53125,0.625,0.7056077309948964,0.4293646359761909,0.0,1.0,0.16666666666666666,0.8333333333333334,0.10792520035618879,0.8920747996438112,0.12561750176429076,0.8743824982357092,0.5728055917427718,0.9199581262425708,0.08004187375742922,False
T060_P03_H0500_I0986_CN060_F1,California,unlimited_useful_deadline,unlimited,central_only,targeted_central,all_useful,deadline,-1.0,0.0,0.0,1.0,none,0.0,0,applicable,32.0,0.0,,0.0,32577.0,6900892.0,151157.0783996624,798.0,606.5,0.40123823933431796,99.50535861500413,8.0,65.38461538461539,65.38461538461539,65.38461538461539,65.38461538461539,53.125,53.125,53.125,53.125,53.125,6.0,9.0,0.0,15.0,17.0,15.0,60.66944444444477,74.65694444444496,105.6373611111135,218.71736111111846,17.0,15.0,218.71736111111846,84.0,8.708333333333334,0.5859489633173844,1.0,0.0,0.0,6.0,0.0,0.0,16.0,50.0,50.0,9.0,100.0,100.0,COMPLETED,60,3,500.0,98.6,60.0,36,a67f156eb77f1366,False,0.53125,0.53125,0.5584115964923446,0.4293646359761909,0.0,1.0,0.2,0.8,0.09821905609973286,0.9017809439002671,0.1245589273112209,0.8754410726887791,0.5125690581171338,0.9154444033178093,0.0845555966821907,False
T060_P03_H0500_I0986_CN070_F1,California,unlimited_useful_deadline,unlimited,central_only,targeted_central,all_useful,deadline,-1.0,0.0,0.0,1.0,none,0.0,0,applicable,32.0,0.0,,0.0,35399.0,8053612.0,173289.3023996347,1028.0,857.5,0.494837239301973,100.0,8.0,76.92307692307692,76.92307692307692,76.92307692307692,76.92307692307692,62.5,62.5,62.5,62.5,53.125,6.0,6.0,3.0,12.0,20.0,12.0,56.70138888889075,64.7128472222315,72.03416666667808,203.71736111112236,20.0,12.0,203.71736111112236,79.0,12.975,0.573142795975166,1.0,0.0,0.0,6.0,0.0,33.33333333333333,16.0,50.0,56.25,9.0,100.0,100.0,COMPLETED,60,3,500.0,98.6,70.0,42,3db8d333d9fcb775,False,0.53125,0.625,0.7056077309948964,0.4755993929547383,0.0,1.0,0.23333333333333334,0.7666666666666666,0.1429207479964381,0.8570792520035619,0.1651376146788991,0.8348623853211009,0.5843642809874087,0.8917216607982659,0.10827833920173413,False
T060_P03_H0500_I0986_CN080_F1,California,unlimited_useful_deadline,unlimited,central_only,targeted_central,all_useful,deadline,-1.0,0.0,0.0,1.0,none,0.0,0,applicable,32.0,0.0,,0.0,40423.0,9418988.0,199504.5215995895,1158.0,972.5,0.487457623618091,99.84575835475579,8.0,76.92307692307692,76.92307692307692,76.92307692307692,76.92307692307692,62.5,62.5,62.5,62.5,53.125,6.0,6.0,3.0,12.0,20.0,12.0,52.65208333334134,70.94166666666668,77.501701388889,200.71736111111167,20.0,12.0,200.71736111111167,92.5,14.666666666666666,0.4973863636363638,1.0,0.0,0.0,6.0,0.0,33.33333333333333,16.0,50.0,56.25,9.0,100.0,100.0,COMPLETED,60,3,500.0,98.6,80.0,48,ce45c72178d4adfb,False,0.53125,0.625,0.7056077309948964,0.4848463443504831,0.0,1.0,0.26666666666666666,0.7333333333333334,0.16340160284951025,0.8365983971504898,0.18807339449541285,0.8119266055045872,0.5866760188363449,0.8763716671976821,0.12362833280231789,False
T060_P03_H0500_I0986_CN090_F1,California,unlimited_useful_deadline,unlimited,central_only,targeted_central,all_useful,deadline,-1.0,0.0,0.0,1.0,none,0.0,0,applicable,32.0,0.0,,0.0,44593.0,10709124.0,224275.1327995389,1266.0,1068.0,0.47620081043697227,100.0,8.0,76.92307692307692,76.92307692307692,76.92307692307692,76.92307692307692,62.5,62.5,62.5,62.5,53.125,6.0,6.0,3.0,12.0,20.0,12.0,43.65208333333746,58.25798611111081,69.23486111111112,199.71736111111215,20.0,12.0,199.71736111111215,93.0,16.25,0.4145299145299146,1.0,0.0,0.0,6.0,0.0,33.33333333333333,16.0,50.0,56.25,9.0,100.0,100.0,COMPLETED,60,3,500.0,98.6,90.0,54,ac50e989f19d6eab,False,0.53125,0.625,0.7056077309948964,0.4879286614823857,0.0,1.0,0.3,0.7,0.18040961709706144,0.8195903829029385,0.20712773465067044,0.7928722653493295,0.5874465981193204,0.8624925296504535,0.13750747034954647,False
T060_P03_H0500_I0986_CN100_F1,California,unlimited_useful_deadline,unlimited,central_only,targeted_central,all_useful,deadline,-1.0,0.0,0.0,1.0,none,0.0,0,applicable,32.0,0.0,,0.0,48955.0,12080404.0,250603.70879949082,1397.0,1183.0,0.47206005276902097,100.0,8.0,76.92307692307692,76.92307692307692,76.92307692307692,76.92307692307692,62.5,62.5,62.5,62.5,53.125,6.0,6.0,3.0,12.0,20.0,12.0,43.110416666672734,56.581388888891325,63.99468750000123,199.71736111111215,20.0,12.0,199.71736111111215,102.0,18.016666666666666,0.3124421831637374,1.0,0.0,0.0,6.0,0.0,33.33333333333333,16.0,50.0,56.25,9.0,100.0,100.0,COMPLETED,60,3,500.0,98.6,100.0,60,5ffbbe164b4c3c75,False,0.53125,0.625,0.7056077309948964,0.4879286614823857,0.0,1.0,0.3333333333333333,0.6666666666666667,0.20089047195013357,0.7991095280498665,0.23023994354269584,0.7697600564573042,0.5874465981193204,0.8471072502347676,0.15289274976523237,False
T060_P03_H0800_I0600_CN000_F1,California,unlimited_useful_deadline,unlimited,central_only,targeted_central,all_useful,deadline,-1.0,0.0,0.0,1.0,none,0.0,0,applicable,32.0,0.0,,0.0,1201.0,680536.0,68053.6,275.0,203.0,0.2982942856806987,0.0,1.0,45.48551241250732,45.48551241250732,45.48551241250732,45.48551241250732,0.0,0.0,0.0,0.0,53.125,13.0,2.0,0.0,15.0,0.0,32.0,,,,,0.0,32.0,,203.0,0.0,0.0,1.0,0.0,0.0,6.0,0.0,0.0,16.0,50.0,0.0,9.0,100.0,0.0,COMPLETED,60,3,800.0,60.0,0.0,0,e344899d5bc32bd3,False,0.53125,0.0,0.3045587732369238,0.0,0.0,1.0,0.0,1.0,0.026357969723953694,0.9736420302760463,0.03228652081863091,0.9677134791813691,0.20895219330923095,0.9882711018914832,0.01172889810851685,False
T060_P03_H0800_I0600_CN010_F1,California,unlimited_useful_deadline,unlimited,central_only,targeted_central,all_useful,deadline,-1.0,0.0,0.0,1.0,none,0.0,0,applicable,32.0,0.0,,0.0,4333.0,1340776.0,80730.2079999706,479.0,367.5,0.4552199345257897,52.244897959183675,5.0,65.71011524003885,65.71011524003885,65.71011524003885,65.71011524003885,0.0,0.0,0.0,0.0,53.125,13.0,2.0,0.0,15.0,0.0,32.0,,,,,0.0,32.0,,236.0,2.191666666666667,0.8118504435994931,1.0,0.0,0.0,6.0,0.0,0.0,16.0,50.0,0.0,9.0,100.0,0.0,COMPLETED,60,3,800.0,60.0,10.0,6,cb8eacf5c9ccb76a,False,0.53125,0.0,0.5625639976022989,0.0,0.0,1.0,0.03333333333333333,0.9666666666666667,0.05565449688334818,0.9443455031166518,0.06827805222300636,0.9317219477769937,0.27345349940057473,0.9685468235120624,0.03145317648793755,False
T060_P03_H0800_I0600_CN020_F1,California,unlimited_useful_deadline,unlimited,central_only,targeted_central,all_useful,deadline,-1.0,0.0,0.0,1.0,none,0.0,0,applicable,32.0,0.0,,0.0,6421.0,1923736.0,91923.03999994486,702.0,576.0,0.6266111303546374,77.69097222222223,6.0,76.77782142594137,76.77782142594137,76.77782142594137,76.77782142594137,0.0,0.0,0.0,0.0,53.125,13.0,2.0,0.0,15.0,0.0,32.0,,,,,0.0,32.0,,218.5,5.958333333333333,0.8301864801864802,1.0,0.0,0.0,6.0,0.0,0.0,16.0,50.0,0.0,9.0,100.0,0.0,COMPLETED,60,3,800.0,60.0,20.0,12,60ed61d225c9c754,False,0.53125,0.0,0.703754706861451,0.0,0.0,1.0,0.06666666666666667,0.9333333333333333,0.09278717720391808,0.907212822796082,0.10762173606210304,0.892378263937897,0.3087511767153628,0.9465848840134625,0.053415115986537476,False
T060_P03_H0800_I0600_CN030_F1,California,unlimited_useful_deadline,unlimited,central_only,targeted_central,all_useful,deadline,-1.0,0.0,0.0,1.0,none,0.0,0,applicable,32.0,0.0,,0.0,10953.0,2897568.0,110620.61439989068,924.0,794.0,0.717768568098628,88.66498740554157,6.0,100.0,100.0,100.0,100.0,59.375,59.375,59.375,59.375,59.375,13.0,0.0,0.0,13.0,19.0,13.0,89.20069444444695,100.20416666666648,101.23298611111079,107.36736111111095,19.0,13.0,107.36736111111095,196.0,9.966666666666667,0.7035395763656633,1.0,0.0,0.0,6.0,33.33333333333333,33.33333333333333,16.0,50.0,50.0,9.0,100.0,100.0,COMPLETED,60,3,800.0,60.0,30.0,18,49d015322cf61b82,False,0.59375,0.59375,1.0,0.7725806486137202,0.0,1.0,0.1,0.9,0.13161175422974175,0.8683882457702583,0.14678899082568808,0.8532110091743119,0.74002016215343,0.9243198509889141,0.07568014901108588,False
T060_P03_H0800_I0600_CN040_F1,California,unlimited_useful_deadline,unlimited,central_only,targeted_central,all_useful,deadline,-1.0,0.0,0.0,1.0,none,0.0,0,applicable,32.0,0.0,,0.0,13395.0,3546552.0,123081.10719985924,1041.0,911.5,0.7405685736316178,91.55238617663193,8.0,100.0,100.0,100.0,100.0,59.375,59.375,59.375,59.375,59.375,13.0,0.0,0.0,13.0,19.0,13.0,94.20069444444695,102.44083333333323,111.23298611111167,115.71736111111531,19.0,13.0,115.71736111111531,194.0,11.958333333333334,0.7135307781649245,1.0,0.0,0.0,6.0,33.33333333333333,33.33333333333333,16.0,50.0,50.0,9.0,100.0,100.0,COMPLETED,60,3,800.0,60.0,40.0,24,00c59de2ff708944,False,0.59375,0.59375,1.0,0.7468433005623087,0.0,1.0,0.13333333333333333,0.8666666666666667,0.15253784505788068,0.8474621549421193,0.16743119266055045,0.8325688073394495,0.7335858251405771,0.909339525789647,0.09066047421035295,False
T060_P03_H0800_I0600_CN050_F1,California,unlimited_useful_deadline,unlimited,central_only,targeted_central,all_useful,deadline,-1.0,0.0,0.0,1.0,none,0.0,0,applicable,32.0,0.0,,0.0,14263.0,4199944.0,135626.23359984273,1175.0,1053.0,0.7763984680919584,95.44159544159544,10.0,100.0,100.0,100.0,100.0,59.375,59.375,59.375,59.375,59.375,13.0,0.0,0.0,13.0,19.0,13.0,87.06875000000825,95.58805555555533,95.89798611111124,97.36736111111095,19.0,13.0,97.36736111111095,186.5,14.441666666666666,0.6251298326601271,1.0,0.0,0.0,6.0,33.33333333333333,33.33333333333333,16.0,50.0,50.0,9.0,100.0,100.0,COMPLETED,60,3,800.0,60.0,50.0,30,b04bbdbd80427b47,False,0.59375,0.59375,1.0,0.8034038199327598,0.0,1.0,0.16666666666666666,0.8333333333333334,0.17773820124666073,0.8222617987533393,0.1910726887791108,0.8089273112208892,0.7477259549831899,0.8929044886615124,0.1070955113384876,False
T060_P03_H0800_I0600_CN060_F1,California,unlimited_useful_deadline,unlimited,central_only,targeted_central,all_useful,deadline,-1.0,0.0,0.0,1.0,none,0.0,0,applicable,32.0,0.0,,0.0,18273.0,5012856.0,151234.14399978245,1308.0,1192.5,0.7885124142347878,96.56184486373165,9.0,100.0,100.0,100.0,100.0,59.375,59.375,59.375,59.375,59.375,13.0,0.0,0.0,13.0,19.0,13.0,80.86805555555571,88.68125000000025,89.71736111111368,94.36736111111435,19.0,13.0,94.36736111111435,170.0,17.041666666666668,0.5946780766096169,1.0,0.0,0.0,6.0,33.33333333333333,33.33333333333333,16.0,50.0,50.0,9.0,100.0,100.0,COMPLETED,60,3,800.0,60.0,60.0,36,e56867185c8cefed,False,0.59375,0.59375,1.0,0.8126507713284612,0.0,1.0,0.2,0.8,0.20258236865538737,0.7974176313446126,0.2145377558221595,0.7854622441778405,0.7500376928321153,0.8765759751044906,0.12342402489550941,False
T060_P03_H0800_I0600_CN070_F1,California,unlimited_useful_deadline,unlimited,central_only,targeted_central,all_useful,deadline,-1.0,0.0,0.0,1.0,none,0.0,0,applicable,32.0,0.0,,0.0,21407.0,6007784.0,170336.76159972954,1440.0,1332.5,0.7822738835033223,97.74859287054409,8.0,100.0,100.0,100.0,100.0,59.375,59.375,59.375,59.375,59.375,13.0,0.0,0.0,13.0,19.0,13.0,83.11736111111095,90.32847222222888,91.60409722222646,93.73472222222239,19.0,13.0,93.73472222222239,175.5,19.283333333333335,0.5767214059348891,1.0,0.0,0.0,6.0,33.33333333333333,33.33333333333333,16.0,50.0,50.0,9.0,100.0,100.0,COMPLETED,60,3,800.0,60.0,70.0,42,d2fee0fa1dba19ea,False,0.59375,0.59375,1.0,0.8146007650140017,0.0,1.0,0.23333333333333334,0.7666666666666666,0.22751558325912732,0.7724844167408726,0.23782639378969656,0.7621736062103035,0.7505251912535005,0.8602649379235686,0.13973506207643138,False
T060_P03_H0800_I0600_CN080_F1,California,unlimited_useful_deadline,unlimited,central_only,targeted_central,all_useful,deadline,-1.0,0.0,0.0,1.0,none,0.0,0,applicable,32.0,0.0,,0.0,22457.0,6677648.0,183198.1503997,1551.0,1439.5,0.7857612082105154,98.50642584230636,12.0,100.0,100.0,100.0,100.0,59.375,59.375,59.375,59.375,59.375,13.0,0.0,0.0,13.0,19.0,13.0,76.45347222222748,86.58958333333571,87.45347222222516,92.10347222222626,19.0,13.0,92.10347222222626,163.0,21.275,0.5451821386603997,1.0,0.0,0.0,6.0,33.33333333333333,33.33333333333333,16.0,50.0,50.0,9.0,100.0,100.0,COMPLETED,60,3,800.0,60.0,80.0,48,de9f7d6b3680f2f3,False,0.59375,0.59375,1.0,0.8196287948354081,0.0,1.0,0.26666666666666666,0.7333333333333334,0.24657168299198576,0.7534283170080143,0.25741002117148903,0.742589978828511,0.751782198708852,0.8458703258339717,0.1541296741660283,False
T060_P03_H0800_I0600_CN090_F1,California,unlimited_useful_deadline,unlimited,central_only,targeted_central,all_useful,deadline,-1.0,0.0,0.0,1.0,none,0.0,0,applicable,32.0,0.0,,0.0,25235.0,7561184.0,200162.0415996485,1697.0,1598.5,0.7986029654899398,99.4995308101345,12.0,100.0,100.0,100.0,100.0,59.375,59.375,59.375,59.375,59.375,13.0,0.0,0.0,13.0,19.0,13.0,76.45347222222748,89.28750000000286,89.67812500000501,90.06875000000716,19.0,13.0,90.06875000000716,170.5,23.8,0.4900210084033614,1.0,0.0,0.0,6.0,33.33333333333333,33.33333333333333,16.0,50.0,50.0,9.0,100.0,100.0,COMPLETED,60,3,800.0,60.0,90.0,54,09504b24e897b10c,False,0.59375,0.59375,1.0,0.8259004539996198,0.0,1.0,0.3,0.7,0.2748886910062333,0.7251113089937666,0.28316866619618913,0.7168313338038108,0.753350113499905,0.8283885285595155,0.1716114714404845,False
T060_P03_H0800_I0600_CN100_F1,California,unlimited_useful_deadline,unlimited,central_only,targeted_central,all_useful,deadline,-1.0,0.0,0.0,1.0,none,0.0,0,applicable,32.0,0.0,,0.0,27331.0,8456176.0,217345.8879995974,1824.0,1731.0,0.7964263855791034,100.0,10.0,100.0,100.0,100.0,100.0,59.375,59.375,59.375,59.375,59.375,13.0,0.0,0.0,13.0,19.0,13.0,76.01944444444865,81.5895833333352,81.95347222222449,82.10347222222481,19.0,13.0,82.10347222222481,172.5,25.975,0.4147631269382954,1.0,0.0,0.0,6.0,33.33333333333333,33.33333333333333,16.0,50.0,50.0,9.0,100.0,100.0,COMPLETED,60,3,800.0,60.0,100.0,60,e80fc9f54ff0e40e,False,0.59375,0.59375,1.0,0.8504519661544521,0.0,1.0,0.3333333333333333,0.6666666666666667,0.2984861976847729,0.7015138023152271,0.305575158786168,0.6944248412138321,0.759487991538613,0.8125210620391452,0.1874789379608548,False
T060_P03_H0800_I0800_CN000_F1,California,unlimited_useful_deadline,unlimited,central_only,targeted_central,all_useful,deadline,-1.0,0.0,0.0,1.0,none,0.0,0,applicable,32.0,0.0,,0.0,888.0,446232.0,44623.2,261.0,225.5,0.5053425124150667,0.0,1.0,73.11375776245058,73.11375776245058,73.11375776245058,73.11375776245058,25.0,25.0,25.0,25.0,0.0,5.0,3.0,24.0,8.0,8.0,24.0,190.89999999999998,284.39166666666665,285.12083333333334,285.85,8.0,24.0,285.85,225.5,0.0,0.0,1.0,0.0,0.0,6.0,0.0,0.0,16.0,0.0,25.0,9.0,0.0,44.44444444444444,COMPLETED,60,3,800.0,80.0,0.0,0,4e1c7576e3c60a84,False,0.0,0.25,0.6570122528489021,0.22244055301906918,0.0,1.0,0.0,1.0,0.030365093499554765,0.9696349065004453,0.02981651376146789,0.9701834862385321,0.2823632014669928,0.9879636785477954,0.012036321452204568,True
T060_P03_H0800_I0800_CN010_F1,California,unlimited_useful_deadline,unlimited,central_only,targeted_central,all_useful,deadline,-1.0,0.0,0.0,1.0,none,0.0,0,applicable,32.0,0.0,,0.0,5586.0,1376952.0,62493.02399995706,433.0,379.0,0.606467691498271,83.64116094986808,3.0,92.05592247258913,92.05592247258913,92.05592247258913,92.05592247258913,50.0,50.0,50.0,50.0,50.0,5.0,0.0,11.0,5.0,16.0,16.0,166.4840277777803,240.97500000000002,251.70416666666668,283.76666666666665,16.0,16.0,283.76666666666665,117.0,4.366666666666666,0.9201653944020356,1.0,0.0,0.0,6.0,0.0,0.0,16.0,43.75,50.0,9.0,100.0,88.88888888888889,COMPLETED,60,3,800.0,80.0,10.0,6,c78d64c9a0838bad,False,0.5,0.5,0.8986574163006327,0.22886204704386914,0.0,1.0,0.03333333333333333,0.9666666666666667,0.057702582368655386,0.9422974176313446,0.060162314749470716,0.9398376852505292,0.5318798658361255,0.9697603539097082,0.03023964609029184,True
T060_P03_H0800_I0800_CN020_F1,California,unlimited_useful_deadline,unlimited,central_only,targeted_central,all_useful,deadline,-1.0,0.0,0.0,1.0,none,0.0,0,applicable,32.0,0.0,,0.0,11338.0,2461072.0,83308.12799989671,599.0,539.5,0.6475958744393692,95.36607970342911,7.0,96.93228582117472,96.93228582117472,96.93228582117472,96.93228582117472,68.75,68.75,68.75,68.75,59.375,5.0,0.0,8.0,5.0,22.0,10.0,78.30208333333334,160.01736111111305,163.45885416666664,166.20069444444573,22.0,10.0,166.20069444444573,91.0,7.475,0.8503344481605353,1.0,0.0,0.0,6.0,16.666666666666664,33.33333333333333,16.0,56.25,68.75,9.0,100.0,100.0,COMPLETED,60,3,800.0,80.0,20.0,12,a5e8b77d24aa9342,False,0.59375,0.6875,0.9608651753635815,0.591237657353366,0.0,1.0,0.06666666666666667,0.9333333333333333,0.08628673196794301,0.913713268032057,0.08944954128440367,0.9105504587155964,0.7083382081792369,0.9515194120161974,0.048480587983802614,True
T060_P03_H0800_I0800_CN030_F1,California,unlimited_useful_deadline,unlimited,central_only,targeted_central,all_useful,deadline,-1.0,0.0,0.0,1.0,none,0.0,0,applicable,32.0,0.0,,0.0,14196.0,3281024.0,99051.20639986386,764.0,709.5,0.7162961722402355,99.57716701902748,6.0,97.26898615787505,97.26898615787505,97.26898615787505,97.26898615787505,68.75,68.75,68.75,68.75,56.25,5.0,0.0,9.0,5.0,22.0,10.0,81.23541666666691,160.09236111111215,160.61302083333396,169.11736111111094,22.0,10.0,169.11736111111094,102.0,10.125,0.7823731138545953,1.0,0.0,0.0,6.0,0.0,33.33333333333333,16.0,56.25,68.75,9.0,100.0,100.0,COMPLETED,60,3,800.0,80.0,30.0,18,16a8f2275869ec1b,False,0.5625,0.6875,0.9651604609944079,0.5822475657186506,0.0,1.0,0.1,0.9,0.11656277827248442,0.8834372217275156,0.11856033874382499,0.881439661256175,0.6993520066782646,0.9329753765967381,0.06702462340326187,True
T060_P03_H0800_I0800_CN040_F1,California,unlimited_useful_deadline,unlimited,central_only,targeted_central,all_useful,deadline,-1.0,0.0,0.0,1.0,none,0.0,0,applicable,32.0,0.0,,0.0,19406.0,4317264.0,118947.01439979284,900.0,828.5,0.6965286217402048,100.0,6.0,97.57762813318368,97.57762813318368,97.57762813318368,97.57762813318368,71.875,71.875,71.875,71.875,62.5,5.0,0.0,7.0,5.0,23.0,9.0,77.85138888889148,159.91736111111368,162.8923611111112,163.63472222222214,23.0,9.0,163.63472222222214,91.5,12.283333333333333,0.7351650836725465,1.0,0.0,0.0,6.0,16.666666666666664,50.0,16.0,62.5,68.75,9.0,100.0,100.0,COMPLETED,60,3,800.0,80.0,40.0,24,c383890adb00558b,False,0.625,0.71875,0.9690978061559986,0.5991467974939155,0.0,1.0,0.13333333333333333,0.8666666666666667,0.1377560106856634,0.8622439893143365,0.14255469301340862,0.8574453069865914,0.7279986509124785,0.9172711925935189,0.08272880740648114,False
T060_P03_H0800_I0800_CN050_F1,California,unlimited_useful_deadline,unlimited,central_only,targeted_central,all_useful,deadline,-1.0,0.0,0.0,1.0,none,0.0,0,applicable,32.0,0.0,,0.0,23910.0,5339064.0,138565.57439972114,1067.0,997.5,0.7198757731285437,100.0,6.0,99.2798353909465,99.2798353909465,99.2798353909465,99.2798353909465,78.125,78.125,78.125,78.125,59.375,5.0,0.0,8.0,5.0,25.0,7.0,77.86805555555557,153.8951388888888,157.20208333333332,166.11736111111142,25.0,7.0,166.11736111111142,90.0,15.133333333333333,0.6633076358296623,1.0,0.0,100.0,6.0,0.0,66.66666666666666,16.0,62.5,68.75,9.0,100.0,100.0,COMPLETED,60,3,800.0,80.0,50.0,30,475b38ef1aef73d7,False,0.59375,0.78125,0.9908128612896212,0.5914945171143611,0.0,1.0,0.16666666666666666,0.8333333333333334,0.1678539626001781,0.832146037399822,0.1720183486238532,0.8279816513761468,0.7393268446009955,0.8986922044218604,0.10130779557813963,False
T060_P03_H0800_I0800_CN060_F1,California,unlimited_useful_deadline,unlimited,central_only,targeted_central,all_useful,deadline,-1.0,0.0,0.0,1.0,none,0.0,0,applicable,32.0,0.0,,0.0,28862.0,6555040.0,161912.3135996494,1232.0,1163.5,0.7185988354640616,100.0,6.0,98.66255144032921,98.66255144032921,98.66255144032921,98.66255144032921,75.0,75.0,75.0,75.0,62.5,5.0,0.0,7.0,5.0,24.0,8.0,76.33472222222427,151.93854166666787,158.06006944445107,160.11736111111242,24.0,8.0,160.11736111111242,98.0,17.758333333333333,0.6049976536837167,1.0,0.0,0.0,6.0,16.666666666666664,66.66666666666666,16.0,62.5,68.75,9.0,100.0,100.0,COMPLETED,60,3,800.0,80.0,60.0,36,3d4a8ff1acf86db4,False,0.625,0.75,0.9829381709664393,0.6099884199057817,0.0,1.0,0.2,0.8,0.19741763134461265,0.8025823686553873,0.20112914608327453,0.7988708539167255,0.7419816477180552,0.8802906445144226,0.11970935548557737,False
T060_P03_H0800_I0800_CN070_F1,California,unlimited_useful_deadline,unlimited,central_only,targeted_central,all_useful,deadline,-1.0,0.0,0.0,1.0,none,0.0,0,applicable,32.0,0.0,,0.0,31382.0,7591752.0,181817.18399959823,1376.0,1304.5,0.7174789375259946,100.0,7.0,99.32659932659934,99.32659932659934,99.32659932659934,99.32659932659934,78.125,78.125,78.125,78.125,65.625,5.0,0.0,6.0,5.0,25.0,7.0,73.73611111111113,146.1215277777803,154.92291666667106,164.11736111112162,25.0,7.0,164.11736111112162,93.0,20.191666666666666,0.566604759939469,1.0,0.0,100.0,6.0,33.33333333333333,66.66666666666666,16.0,62.5,68.75,9.0,100.0,100.0,COMPLETED,60,3,800.0,80.0,70.0,42,040bbe2e4362b9a5,False,0.65625,0.78125,0.9914094287383473,0.5976591513781375,0.0,1.0,0.23333333333333334,0.7666666666666666,0.22252894033837933,0.7774710596616207,0.22653493295695132,0.7734650670430487,0.7566421450291212,0.8635205586742672,0.13647944132573275,False
T060_P03_H0800_I0800_CN080_F1,California,unlimited_useful_deadline,unlimited,central_only,targeted_central,all_useful,deadline,-1.0,0.0,0.0,1.0,none,0.0,0,applicable,32.0,0.0,,0.0,36236.0,8844920.0,205878.00959950796,1517.0,1429.0,0.6941003571871599,100.0,7.0,100.0,100.0,100.0,100.0,84.375,84.375,84.375,84.375,68.75,5.0,0.0,5.0,5.0,27.0,5.0,75.58750000000194,146.86111111111273,153.35000000000244,156.41944444444914,27.0,5.0,156.41944444444914,130.0,22.3,0.5449053313403089,1.0,0.0,100.0,6.0,50.0,100.0,16.0,62.5,68.75,9.0,100.0,100.0,COMPLETED,60,3,800.0,80.0,80.0,48,a9c3df7e23ccbfa9,False,0.6875,0.84375,1.0,0.6213865717997911,0.0,1.0,0.26666666666666666,0.7333333333333334,0.24470169189670526,0.7552983081032947,0.25141143260409315,0.7485885673959068,0.7881591429499477,0.847444041766507,0.152555958233493,False
T060_P03_H0800_I0800_CN090_F1,California,unlimited_useful_deadline,unlimited,central_only,targeted_central,all_useful,deadline,-1.0,0.0,0.0,1.0,none,0.0,0,applicable,32.0,0.0,,0.0,39950.0,9998488.0,228026.51519942522,1686.0,1606.5,0.7045233308043158,100.0,7.0,100.0,100.0,100.0,100.0,84.375,84.375,84.375,84.375,65.625,5.0,0.0,6.0,5.0,27.0,5.0,65.86805555555759,145.58194444444814,153.35000000000244,164.11736111112162,27.0,5.0,164.11736111112162,116.5,25.175,0.4785004965243298,1.0,0.0,100.0,6.0,33.33333333333333,100.0,16.0,62.5,68.75,9.0,100.0,100.0,COMPLETED,60,3,800.0,80.0,90.0,54,af7cfff6d8227cd2,False,0.65625,0.84375,1.0,0.5976591513781375,0.0,1.0,0.3,0.7,0.27631344612644704,0.723686553873553,0.28122794636556103,0.718772053634439,0.7744147878445344,0.8284917215015984,0.17150827849840156,False
T060_P03_H0800_I0800_CN100_F1,California,unlimited_useful_deadline,unlimited,central_only,targeted_central,all_useful,deadline,-1.0,0.0,0.0,1.0,none,0.0,0,applicable,32.0,0.0,,0.0,43842.0,11222640.0,251530.2335993354,1847.0,1763.0,0.7009097772350887,100.0,7.0,100.0,100.0,100.0,100.0,84.375,84.375,84.375,84.375,68.75,5.0,0.0,5.0,5.0,27.0,5.0,65.86805555555759,144.58194444444524,153.05000000000277,156.41944444444914,27.0,5.0,156.41944444444914,126.0,28.091666666666665,0.3837783051517849,1.0,0.0,100.0,6.0,50.0,100.0,16.0,62.5,68.75,9.0,100.0,100.0,COMPLETED,60,3,800.0,80.0,100.0,60,22904490ddcf4da1,False,0.6875,0.84375,1.0,0.6213865717997911,0.0,1.0,0.3333333333333333,0.6666666666666667,0.30418521816562777,0.6958147818343723,0.30963302752293576,0.6903669724770642,0.7881591429499477,0.8105696841956207,0.1894303158043793,False
T060_P03_H0800_I0986_CN000_F1,California,unlimited_useful_deadline,unlimited,central_only,targeted_central,all_useful,deadline,-1.0,0.0,0.0,1.0,none,0.0,0,applicable,32.0,0.0,,0.0,875.0,429480.0,42948.0,109.0,69.5,0.16182360063332402,0.0,1.0,45.016671362825214,45.016671362825214,45.016671362825214,45.016671362825214,18.75,18.75,18.75,18.75,6.25,6.0,8.0,16.0,14.0,6.0,26.0,134.75,240.7,290.53333333333336,340.3666666666667,6.0,26.0,340.3666666666667,69.5,0.0,0.0,1.0,0.0,0.0,6.0,0.0,0.0,16.0,6.25,31.25,9.0,11.11111111111111,11.11111111111111,COMPLETED,60,3,800.0,98.6,0.0,0,caf3bb886accf46e,False,0.0625,0.1875,0.29857776875211567,0.054402897378104886,0.0,1.0,0.0,1.0,0.0025823686553873553,0.9974176313446127,0.0029992942836979536,0.9970007057163021,0.15074516653255515,0.998883667412183,0.0011163325878169594,True
T060_P03_H0800_I0986_CN010_F1,California,unlimited_useful_deadline,unlimited,central_only,targeted_central,all_useful,deadline,-1.0,0.0,0.0,1.0,none,0.0,0,applicable,32.0,0.0,,0.0,5573.0,1340160.0,60433.05599995651,312.0,244.5,0.40457990408457245,89.77505112474438,4.0,72.68543956043956,72.68543956043956,72.68543956043956,72.68543956043956,18.75,18.75,18.75,18.75,53.125,6.0,3.0,6.0,9.0,6.0,26.0,70.23541666666675,232.05069444445036,286.20868055555854,340.3666666666667,6.0,26.0,340.3666666666667,67.0,2.9583333333333335,0.9342253521126762,1.0,0.0,0.0,6.0,0.0,0.0,16.0,50.0,31.25,9.0,100.0,11.11111111111111,COMPLETED,60,3,800.0,98.6,10.0,6,5b7426672b01b6be,False,0.53125,0.1875,0.6515481982638996,0.054402897378104886,0.0,1.0,0.03333333333333333,0.9666666666666667,0.03374888691006233,0.9662511130899377,0.03881439661256175,0.9611856033874382,0.3561752739105011,0.9788206766288086,0.02117932337119144,True
T060_P03_H0800_I0986_CN020_F1,California,unlimited_useful_deadline,unlimited,central_only,targeted_central,all_useful,deadline,-1.0,0.0,0.0,1.0,none,0.0,0,applicable,32.0,0.0,,0.0,11323.0,2382632.0,80448.5183998944,520.0,422.5,0.525180585551411,96.44970414201184,7.0,85.8974358974359,85.8974358974359,85.8974358974359,85.8974358974359,68.75,68.75,68.75,68.75,53.125,6.0,3.0,6.0,9.0,22.0,10.0,86.86805555555571,111.72472222222282,120.69822916666652,207.7173611111124,22.0,10.0,207.7173611111124,60.5,6.125,0.8576190476190477,1.0,0.0,0.0,6.0,0.0,0.0,16.0,50.0,81.25,9.0,100.0,100.0,COMPLETED,60,3,800.0,98.6,20.0,12,95f6a8d9f2472af2,False,0.53125,0.6875,0.82009361338577,0.4632701244271532,0.0,1.0,0.06666666666666667,0.9333333333333333,0.06544968833481746,0.9345503116651825,0.07551164431898377,0.9244883556810162,0.6255284344532308,0.9584744001359065,0.04152559986409354,True
T060_P03_H0800_I0986_CN030_F1,California,unlimited_useful_deadline,unlimited,central_only,targeted_central,all_useful,deadline,-1.0,0.0,0.0,1.0,none,0.0,0,applicable,32.0,0.0,,0.0,14423.0,3253240.0,97164.19199985835,709.0,631.5,0.6499307893188888,98.3372921615202,8.0,97.43589743589745,97.43589743589745,97.43589743589745,97.43589743589745,78.125,78.125,78.125,78.125,53.125,6.0,0.0,9.0,6.0,25.0,7.0,75.5375,84.60333333333332,84.91666666666667,87.20069444444538,25.0,7.0,87.20069444444538,92.0,8.991666666666667,0.7797188755020081,1.0,0.0,100.0,6.0,0.0,33.33333333333333,16.0,50.0,81.25,9.0,100.0,100.0,COMPLETED,60,3,800.0,98.6,30.0,18,f72f8077c41a447a,False,0.53125,0.78125,0.9672897478883219,0.8347407107737801,0.0,1.0,0.1,0.9,0.10267141585040071,0.8973285841495993,0.10885673959068455,0.8911432604093155,0.7786326146655256,0.9376943689117829,0.06230563108821707,True
T060_P03_H0800_I0986_CN040_F1,California,unlimited_useful_deadline,unlimited,central_only,targeted_central,all_useful,deadline,-1.0,0.0,0.0,1.0,none,0.0,0,applicable,32.0,0.0,,0.0,19891.0,4302896.0,117317.58719978452,829.0,729.0,0.6213902087489734,99.45130315500685,6.0,97.43589743589745,97.43589743589745,97.43589743589745,97.43589743589745,75.0,75.0,75.0,75.0,53.125,6.0,0.0,9.0,6.0,24.0,8.0,68.26805555555644,79.35000000000001,80.22225694444636,195.7173611111112,24.0,8.0,195.7173611111112,80.5,10.808333333333334,0.7199563094320227,1.0,0.0,100.0,6.0,0.0,16.666666666666664,16.0,50.0,81.25,9.0,100.0,100.0,COMPLETED,60,3,800.0,98.6,40.0,24,8e733739cf74fed1,False,0.53125,0.75,0.9672897478883219,0.5002579300100045,0.0,1.0,0.13333333333333333,0.8666666666666667,0.12003561887800535,0.8799643811219946,0.13002822865208186,0.8699717713479181,0.6871994194745816,0.923320563827316,0.07667943617268402,False
T060_P03_H0800_I0986_CN050_F1,California,unlimited_useful_deadline,unlimited,central_only,targeted_central,all_useful,deadline,-1.0,0.0,0.0,1.0,none,0.0,0,applicable,32.0,0.0,,0.0,25429.0,5453232.0,139404.0383997148,1042.0,961.5,0.6897217692094973,100.0,7.0,98.71794871794873,98.71794871794873,98.71794871794873,98.71794871794873,78.125,78.125,78.125,78.125,53.125,6.0,0.0,9.0,6.0,25.0,7.0,62.50277777777858,67.72777777777878,70.98805555555715,76.36736111111192,25.0,7.0,76.36736111111192,96.0,14.891666666666667,0.6386588323074054,1.0,0.0,100.0,6.0,0.0,33.33333333333333,16.0,50.0,81.25,9.0,100.0,100.0,COMPLETED,60,3,800.0,98.6,50.0,30,642344a9b438c7a0,False,0.53125,0.78125,0.9836448739441611,0.8681324797027401,0.0,1.0,0.16666666666666666,0.8333333333333334,0.16144256455921638,0.8385574354407836,0.1676076217360621,0.8323923782639379,0.7910693384117253,0.900856629407611,0.09914337059238898,False
T060_P03_H0800_I0986_CN060_F1,California,unlimited_useful_deadline,unlimited,central_only,targeted_central,all_useful,deadline,-1.0,0.0,0.0,1.0,none,0.0,0,applicable,32.0,0.0,,0.0,29155.0,6528320.0,160045.72799964307,1204.0,1127.5,0.7044861578576559,99.73392461197339,8.0,100.0,100.0,100.0,100.0,81.25,81.25,81.25,81.25,53.125,6.0,0.0,9.0,6.0,26.0,6.0,64.50277777777774,76.08437499999977,79.01684027777773,79.4,26.0,6.0,79.4,93.0,17.583333333333332,0.6056556082148499,1.0,0.0,100.0,6.0,0.0,50.0,16.0,50.0,81.25,9.0,100.0,100.0,COMPLETED,60,3,800.0,98.6,60.0,36,40ac00a4809c7c06,False,0.53125,0.8125,1.0,0.8587849249006421,0.0,1.0,0.2,0.8,0.19100623330365094,0.808993766696349,0.1961891319689485,0.8038108680310515,0.8006337312251606,0.8825609269454802,0.11743907305451984,False
T060_P03_H0800_I0986_CN070_F1,California,unlimited_useful_deadline,unlimited,central_only,targeted_central,all_useful,deadline,-1.0,0.0,0.0,1.0,none,0.0,0,applicable,32.0,0.0,,0.0,31569.0,7621320.0,181031.32799959695,1352.0,1267.5,0.7001550582465053,100.0,7.0,98.71794871794873,98.71794871794873,98.71794871794873,98.71794871794873,78.125,78.125,78.125,78.125,53.125,6.0,0.0,9.0,6.0,25.0,7.0,60.85138888888905,73.78819444444437,74.4159722222222,74.93680555555548,25.0,7.0,74.93680555555548,85.5,19.7,0.5677100958826848,1.0,0.0,100.0,6.0,0.0,33.33333333333333,16.0,50.0,81.25,9.0,100.0,100.0,COMPLETED,60,3,800.0,98.6,70.0,42,dd510532bfc2953d,False,0.53125,0.78125,0.9836448739441611,0.8725419055997721,0.0,1.0,0.23333333333333334,0.7666666666666666,0.21593944790739092,0.784060552092609,0.22230063514467185,0.7776993648553281,0.7921716948859833,0.8656853167229208,0.13431468327707918,False
T060_P03_H0800_I0986_CN080_F1,California,unlimited_useful_deadline,unlimited,central_only,targeted_central,all_useful,deadline,-1.0,0.0,0.0,1.0,none,0.0,0,applicable,32.0,0.0,,0.0,36335.0,8894032.0,205467.39839951307,1508.0,1417.0,0.6896471221408905,100.0,8.0,100.0,100.0,100.0,100.0,81.25,81.25,81.25,81.25,53.125,6.0,0.0,9.0,6.0,26.0,6.0,59.985416666672,66.3020833333337,67.45243055555669,68.36736111111095,26.0,6.0,68.36736111111095,114.5,22.35,0.4931643052448422,1.0,0.0,100.0,6.0,0.0,50.0,16.0,50.0,81.25,9.0,100.0,100.0,COMPLETED,60,3,800.0,98.6,80.0,48,b2ef69dc2d0d36bc,False,0.53125,0.8125,1.0,0.8927910167579748,0.0,1.0,0.26666666666666666,0.7333333333333334,0.24256455921638467,0.7574354407836154,0.24982357092448837,0.7501764290755116,0.8091352541894937,0.8481890406384921,0.1518109593615079,False
T060_P03_H0800_I0986_CN090_F1,California,unlimited_useful_deadline,unlimited,central_only,targeted_central,all_useful,deadline,-1.0,0.0,0.0,1.0,none,0.0,0,applicable,32.0,0.0,,0.0,39861.0,10076896.0,228178.38719943346,1679.0,1598.5,0.7005483821755967,100.0,8.0,100.0,100.0,100.0,100.0,81.25,81.25,81.25,81.25,53.125,6.0,0.0,9.0,6.0,26.0,6.0,52.65208333336001,61.48437500000121,64.4428819444484,64.71736111111241,26.0,6.0,64.71736111111241,105.5,25.4,0.47748250218722665,1.0,0.0,100.0,6.0,0.0,50.0,16.0,50.0,81.25,9.0,100.0,100.0,COMPLETED,60,3,800.0,98.6,90.0,54,1d23fc86b69ee3c7,False,0.53125,0.8125,1.0,0.9040414742894197,0.0,1.0,0.3,0.7,0.2748886910062333,0.7251113089937666,0.2799929428369795,0.7200070571630205,0.8119478685723549,0.8290236732313574,0.1709763267686426,False
T060_P03_H0800_I0986_CN100_F1,California,unlimited_useful_deadline,unlimited,central_only,targeted_central,all_useful,deadline,-1.0,0.0,0.0,1.0,none,0.0,0,applicable,32.0,0.0,,0.0,43731.0,11350000.0,252621.98399934662,1851.0,1770.0,0.7006516107499884,100.0,8.0,100.0,100.0,100.0,100.0,81.25,81.25,81.25,81.25,53.125,6.0,0.0,9.0,6.0,26.0,6.0,49.3343750000017,56.43506944446514,57.225868055556084,63.717361111111195,26.0,6.0,63.717361111111195,125.5,28.35,0.3773760533019792,1.0,0.0,100.0,6.0,0.0,50.0,16.0,50.0,81.25,9.0,100.0,100.0,COMPLETED,60,3,800.0,98.6,100.0,60,a3bc88b9184f025d,False,0.53125,0.8125,1.0,0.9071237914213274,0.0,1.0,0.3333333333333333,0.6666666666666667,0.3054318788958148,0.6945681211041852,0.31033874382498233,0.6896612561750177,0.8127184478553319,0.810179208789174,0.18982079121082596,False
T060_P03_H1000_I0600_CN000_F1,California,unlimited_useful_deadline,unlimited,central_only,targeted_central,all_useful,deadline,-1.0,0.0,0.0,1.0,none,0.0,0,applicable,32.0,0.0,,0.0,1212.0,830116.0,83011.6,262.0,194.0,0.23370227775395244,0.0,1.0,44.791804081914435,44.791804081914435,44.791804081914435,44.791804081914435,0.0,0.0,0.0,0.0,53.125,13.0,2.0,0.0,15.0,0.0,32.0,,,,,0.0,32.0,,194.0,0.0,0.0,1.0,0.0,0.0,6.0,0.0,0.0,16.0,50.0,0.0,9.0,100.0,0.0,COMPLETED,60,3,1000.0,60.0,0.0,0,e2c9fe44f6fae7c5,False,0.53125,0.0,0.2957091372265146,0.0,0.0,1.0,0.0,1.0,0.024755120213713268,0.9752448797862867,0.029992942836979536,0.9700070571630205,0.20673978430662865,0.9890503873898615,0.010949612610138493,False
T060_P03_H1000_I0600_CN010_F1,California,unlimited_useful_deadline,unlimited,central_only,targeted_central,all_useful,deadline,-1.0,0.0,0.0,1.0,none,0.0,0,applicable,32.0,0.0,,0.0,4218.0,1461196.0,95128.33599997111,459.0,353.5,0.3716032623550856,51.909476661951906,5.0,64.70448387450035,64.70448387450035,64.70448387450035,64.70448387450035,0.0,0.0,0.0,0.0,53.125,13.0,2.0,0.0,15.0,0.0,32.0,,,,,0.0,32.0,,231.5,2.033333333333333,0.8169398907103826,1.0,0.0,0.0,6.0,0.0,0.0,16.0,50.0,0.0,9.0,100.0,0.0,COMPLETED,60,3,1000.0,60.0,10.0,6,9a48af147fb24147,False,0.53125,0.0,0.5497351599580106,0.0,0.0,1.0,0.03333333333333333,0.9666666666666667,0.053161175422974175,0.9468388245770258,0.06474947071277347,0.9352505292872265,0.2702462899895026,0.9697512041061839,0.030248795893816127,False
T060_P03_H1000_I0600_CN020_F1,California,unlimited_useful_deadline,unlimited,central_only,targeted_central,all_useful,deadline,-1.0,0.0,0.0,1.0,none,0.0,0,applicable,32.0,0.0,,0.0,6222.0,2017996.0,105818.89599994678,701.0,588.5,0.5561388582246181,78.58963466440102,6.0,81.89569883798636,81.89569883798636,81.89569883798636,81.89569883798636,0.0,0.0,0.0,0.0,59.375,13.0,0.0,0.0,13.0,0.0,32.0,,,,,0.0,32.0,,218.0,6.175,0.8045209176788124,1.0,0.0,0.0,6.0,33.33333333333333,0.0,16.0,50.0,0.0,9.0,100.0,0.0,COMPLETED,60,3,1000.0,60.0,20.0,12,089077fd3d24c721,False,0.59375,0.0,0.7690434604270664,0.0,0.0,1.0,0.06666666666666667,0.9333333333333333,0.095013357079252,0.904986642920748,0.1074453069865914,0.8925546930134086,0.3406983651067666,0.946174933853498,0.053825066146501954,False
T060_P03_H1000_I0600_CN030_F1,California,unlimited_useful_deadline,unlimited,central_only,targeted_central,all_useful,deadline,-1.0,0.0,0.0,1.0,none,0.0,0,applicable,32.0,0.0,,0.0,10572.0,2936644.0,123456.93759989375,891.0,757.0,0.6131692675330475,87.51651254953765,7.0,98.6842105263158,98.6842105263158,98.6842105263158,98.6842105263158,56.25,56.25,56.25,56.25,56.25,13.0,0.0,1.0,13.0,18.0,14.0,97.37708333333333,112.76493055555659,113.11354166666777,113.36736111111095,18.0,14.0,113.36736111111095,192.0,9.416666666666666,0.6949557522123895,1.0,0.0,0.0,6.0,16.666666666666664,16.666666666666664,16.0,50.0,50.0,9.0,100.0,100.0,COMPLETED,60,3,1000.0,60.0,30.0,18,f3341ee93a2e6070,False,0.5625,0.5625,0.98321447589006,0.7540867458222964,0.0,1.0,0.1,0.9,0.12502226179875334,0.8749777382012467,0.1409668313338038,0.8590331686661962,0.7155753054280891,0.9268021813734887,0.07319781862651131,False
T060_P03_H1000_I0600_CN040_F1,California,unlimited_useful_deadline,unlimited,central_only,targeted_central,all_useful,deadline,-1.0,0.0,0.0,1.0,none,0.0,0,applicable,32.0,0.0,,0.0,12912.0,3554516.0,135320.07999986364,1037.0,913.0,0.6746966156101297,92.27820372398686,8.0,98.6842105263158,98.6842105263158,98.6842105263158,98.6842105263158,56.25,56.25,56.25,56.25,59.375,13.0,0.0,0.0,13.0,18.0,14.0,88.94375000000647,98.17118055555528,102.04246527777865,105.86805555556228,18.0,14.0,105.86805555556228,183.0,12.166666666666666,0.6595433789954339,1.0,0.0,0.0,6.0,33.33333333333333,16.666666666666664,16.0,50.0,50.0,9.0,100.0,100.0,COMPLETED,60,3,1000.0,60.0,40.0,24,ba3680be9217a666,False,0.59375,0.5625,0.98321447589006,0.7772019838135467,0.0,1.0,0.13333333333333333,0.8666666666666667,0.15280498664292075,0.8471950133570793,0.16672547635850388,0.8332745236414961,0.7291666149259017,0.9094272407330485,0.09057275926695152,False
T060_P03_H1000_I0600_CN050_F1,California,unlimited_useful_deadline,unlimited,central_only,targeted_central,all_useful,deadline,-1.0,0.0,0.0,1.0,none,0.0,0,applicable,32.0,0.0,,0.0,13746.0,4191964.0,147559.08159984695,1162.0,1039.5,0.7044635875539891,94.27609427609427,12.0,97.36842105263158,97.36842105263158,97.36842105263158,97.36842105263158,53.125,53.125,53.125,53.125,59.375,13.0,0.0,0.0,13.0,17.0,15.0,89.1513888888888,99.12430555555567,100.46125000000009,103.36736111111095,17.0,15.0,103.36736111111095,187.5,14.2,0.5845070422535212,1.0,0.0,0.0,6.0,33.33333333333333,0.0,16.0,50.0,50.0,9.0,100.0,100.0,COMPLETED,60,3,1000.0,60.0,50.0,30,328e2234048dec98,False,0.59375,0.53125,0.9664289517801197,0.7849099171413361,0.0,1.0,0.16666666666666666,0.8333333333333334,0.1753339269813001,0.8246660730186999,0.18877911079745943,0.8112208892025405,0.7190847172303639,0.8938440591109148,0.1061559408890852,False
T060_P03_H1000_I0600_CN060_F1,California,unlimited_useful_deadline,unlimited,central_only,targeted_central,all_useful,deadline,-1.0,0.0,0.0,1.0,none,0.0,0,applicable,32.0,0.0,,0.0,17592.0,4942708.0,161973.36639978885,1280.0,1157.5,0.7146236604992294,96.28509719222463,10.0,98.6842105263158,98.6842105263158,98.6842105263158,98.6842105263158,56.25,56.25,56.25,56.25,59.375,13.0,0.0,0.0,13.0,18.0,14.0,83.23645833333478,89.2623611111129,91.4862847222228,95.36736111111144,18.0,14.0,95.36736111111144,165.0,16.541666666666668,0.5233165407220823,1.0,0.0,0.0,6.0,33.33333333333333,16.666666666666664,16.0,50.0,50.0,9.0,100.0,100.0,COMPLETED,60,3,1000.0,60.0,60.0,36,ea0c23269f88996c,False,0.59375,0.5625,0.98321447589006,0.8095684541965663,0.0,1.0,0.2,0.8,0.19634906500445237,0.8036509349955476,0.20959774170783346,0.7904022582921666,0.7372582325216566,0.8788106386575429,0.12118936134245706,False
T060_P03_H1000_I0600_CN070_F1,California,unlimited_useful_deadline,unlimited,central_only,targeted_central,all_useful,deadline,-1.0,0.0,0.0,1.0,none,0.0,0,applicable,32.0,0.0,,0.0,20602.0,5884724.0,180060.07359973673,1420.0,1306.5,0.7255911729239182,97.20627631075392,9.0,100.0,100.0,100.0,100.0,59.375,59.375,59.375,59.375,59.375,13.0,0.0,0.0,13.0,19.0,13.0,83.6027777777781,94.79166666666677,95.06284722222208,95.45347222222215,19.0,13.0,95.45347222222215,173.5,18.883333333333333,0.4762724330685497,1.0,0.0,0.0,6.0,33.33333333333333,33.33333333333333,16.0,50.0,50.0,9.0,100.0,100.0,COMPLETED,60,3,1000.0,60.0,70.0,42,54f3f413bff4282d,False,0.59375,0.59375,1.0,0.8093030324435424,0.0,1.0,0.23333333333333334,0.7666666666666666,0.22288512911843278,0.7771148708815672,0.23429781227946367,0.7657021877205363,0.7492007581108856,0.861896745053754,0.13810325494624598,False
T060_P03_H1000_I0600_CN080_F1,California,unlimited_useful_deadline,unlimited,central_only,targeted_central,all_useful,deadline,-1.0,0.0,0.0,1.0,none,0.0,0,applicable,32.0,0.0,,0.0,21608.0,6526612.0,192384.32319970866,1556.0,1446.5,0.75188039022204,98.47908745247149,10.0,100.0,100.0,100.0,100.0,59.375,59.375,59.375,59.375,59.375,13.0,0.0,0.0,13.0,19.0,13.0,86.15138888889123,91.80847222223287,92.15340277780861,92.60277777778781,19.0,13.0,92.60277777778781,175.5,21.183333333333334,0.4681484395489117,1.0,0.0,0.0,6.0,33.33333333333333,33.33333333333333,16.0,50.0,50.0,9.0,100.0,100.0,COMPLETED,60,3,1000.0,60.0,80.0,48,e0ad753affd74dff,False,0.59375,0.59375,1.0,0.8180897767674459,0.0,1.0,0.26666666666666666,0.7333333333333334,0.24781834372217276,0.7521816562778272,0.2582921665490473,0.7417078334509527,0.7513974441918615,0.8454445646124227,0.15455543538757732,False
T060_P03_H1000_I0600_CN090_F1,California,unlimited_useful_deadline,unlimited,central_only,targeted_central,all_useful,deadline,-1.0,0.0,0.0,1.0,none,0.0,0,applicable,32.0,0.0,,0.0,24282.0,7358588.0,208358.26239965798,1672.0,1563.0,0.7501502373838983,99.23224568138195,12.0,100.0,100.0,100.0,100.0,59.375,59.375,59.375,59.375,59.375,13.0,0.0,0.0,13.0,19.0,13.0,82.73472222222239,88.10625000000394,88.74486111111543,91.36736111111144,19.0,13.0,91.36736111111144,144.5,23.641666666666666,0.35153918458465516,1.0,0.0,0.0,6.0,33.33333333333333,33.33333333333333,16.0,50.0,50.0,9.0,100.0,100.0,COMPLETED,60,3,1000.0,60.0,90.0,54,cd1301821cb30ac5,False,0.59375,0.59375,1.0,0.8218977227241822,0.0,1.0,0.3,0.7,0.26856634016028497,0.7314336598397151,0.27875793930839804,0.7212420606916019,0.7523494306810455,0.8305351441062634,0.1694648558937366,False
T060_P03_H1000_I0600_CN100_F1,California,unlimited_useful_deadline,unlimited,central_only,targeted_central,all_useful,deadline,-1.0,0.0,0.0,1.0,none,0.0,0,applicable,32.0,0.0,,0.0,26286.0,8201476.0,224541.7119996088,1807.0,1704.0,0.758879045156193,100.0,10.0,100.0,100.0,100.0,100.0,59.375,59.375,59.375,59.375,59.375,13.0,0.0,0.0,13.0,19.0,13.0,82.15138888888954,85.4041666666721,85.70659722222427,87.10347222223693,19.0,13.0,87.10347222223693,149.5,25.908333333333335,0.268762731853758,1.0,0.0,0.0,6.0,33.33333333333333,33.33333333333333,16.0,50.0,50.0,9.0,100.0,100.0,COMPLETED,60,3,1000.0,60.0,100.0,60,cfb70af60ca95eb2,False,0.59375,0.59375,1.0,0.8350403804948949,0.0,1.0,0.3333333333333333,0.6666666666666667,0.29367764915405165,0.7063223508459484,0.30257586450247,0.69742413549753,0.7556350951237237,0.814082630602029,0.185917369397971,False
T060_P03_H1000_I0800_CN000_F1,California,unlimited_useful_deadline,unlimited,central_only,targeted_central,all_useful,deadline,-1.0,0.0,0.0,1.0,none,0.0,0,applicable,32.0,0.0,,0.0,985.0,588616.0,58861.6,254.0,221.5,0.37630645446267175,0.0,1.0,73.50057773260389,73.50057773260389,73.50057773260389,73.50057773260389,21.875,21.875,21.875,21.875,3.125,5.0,2.0,24.0,7.0,7.0,25.0,276.76666666666665,283.81666666666666,285.2916666666667,286.76666666666665,7.0,25.0,286.76666666666665,221.5,0.0,0.0,1.0,0.0,0.0,6.0,0.0,16.666666666666664,16.0,0.0,12.5,9.0,11.11111111111111,44.44444444444444,COMPLETED,60,3,1000.0,80.0,0.0,0,5b293dbe25d9d803,False,0.03125,0.21875,0.6619469145596653,0.2196150956481573,0.0,1.0,0.0,1.0,0.029652715939447908,0.970347284060552,0.02858151023288638,0.9714184897671136,0.28289050255195564,0.9883531547655332,0.011646845234466796,True
T060_P03_H1000_I0800_CN010_F1,California,unlimited_useful_deadline,unlimited,central_only,targeted_central,all_useful,deadline,-1.0,0.0,0.0,1.0,none,0.0,0,applicable,32.0,0.0,,0.0,5509.0,1478328.0,75944.0703999576,447.0,401.5,0.528678536567121,77.21046077210461,3.0,95.43458550648093,95.43458550648093,95.43458550648093,95.43458550648093,62.5,62.5,62.5,62.5,56.25,5.0,0.0,9.0,5.0,20.0,12.0,105.30138888889398,241.65729166666668,281.7708333333333,281.85,20.0,12.0,281.85,149.5,4.2,0.9160052910052912,1.0,0.0,0.0,6.0,0.0,33.33333333333333,16.0,56.25,68.75,9.0,100.0,77.77777777777779,COMPLETED,60,3,1000.0,80.0,10.0,6,510c042c15169c1f,False,0.5625,0.625,0.9417590149598458,0.23476982154668502,0.0,1.0,0.03333333333333333,0.9666666666666667,0.06170970614425646,0.9382902938557436,0.06263232180663374,0.9373676781933663,0.5910072091266327,0.9684649277431554,0.0315350722568446,True
T060_P03_H1000_I0800_CN020_F1,California,unlimited_useful_deadline,unlimited,central_only,targeted_central,all_useful,deadline,-1.0,0.0,0.0,1.0,none,0.0,0,applicable,32.0,0.0,,0.0,10963.0,2500608.0,95571.84639989809,607.0,557.5,0.583330783071064,96.14349775784753,7.0,96.47399925177703,96.47399925177703,96.47399925177703,96.47399925177703,71.875,71.875,71.875,71.875,59.375,5.0,0.0,8.0,5.0,23.0,9.0,78.71736111111119,153.1840277777817,153.5913194444506,154.11736111111387,23.0,9.0,154.11736111111387,100.0,7.625,0.8240983606557377,1.0,0.0,0.0,6.0,0.0,50.0,16.0,62.5,68.75,9.0,100.0,100.0,COMPLETED,60,3,1000.0,80.0,20.0,12,1f70952532214afa,False,0.59375,0.71875,0.9550188143660677,0.6284823226972011,0.0,1.0,0.06666666666666667,0.9333333333333333,0.08949243098842387,0.9105075690115761,0.09086097388849683,0.9091390261115032,0.7240002842658172,0.9505959856912826,0.04940401430871744,True
T060_P03_H1000_I0800_CN030_F1,California,unlimited_useful_deadline,unlimited,central_only,targeted_central,all_useful,deadline,-1.0,0.0,0.0,1.0,none,0.0,0,applicable,32.0,0.0,,0.0,13637.0,3287704.0,110684.08959987061,757.0,700.5,0.6328822891640055,98.71520342612419,6.0,96.52076318742985,96.52076318742985,96.52076318742985,96.52076318742985,68.75,68.75,68.75,68.75,56.25,5.0,0.0,9.0,5.0,22.0,10.0,80.26875000000744,148.02534722222248,152.86493055556184,163.11736111111094,22.0,10.0,163.11736111111094,132.5,9.466666666666667,0.7570715962441315,1.0,0.0,0.0,6.0,0.0,33.33333333333333,16.0,56.25,68.75,9.0,100.0,100.0,COMPLETED,60,3,1000.0,80.0,30.0,18,a2b7e4527a1b2438,False,0.5625,0.6875,0.9556153818147936,0.6007414685100744,0.0,1.0,0.1,0.9,0.11495992876224399,0.885040071237756,0.11732533521524348,0.8826746647847565,0.701589212581217,0.9335429472045025,0.06645705279549752,False
T060_P03_H1000_I0800_CN040_F1,California,unlimited_useful_deadline,unlimited,central_only,targeted_central,all_useful,deadline,-1.0,0.0,0.0,1.0,none,0.0,0,applicable,32.0,0.0,,0.0,18437.0,4254192.0,129240.65919980907,919.0,862.0,0.6669727664165871,99.88399071925754,6.0,98.32585110362888,98.32585110362888,98.32585110362888,98.32585110362888,71.875,71.875,71.875,71.875,59.375,5.0,0.0,8.0,5.0,23.0,9.0,76.66944444445156,150.98194444444434,152.91250000000593,154.11736111111387,23.0,9.0,154.11736111111387,126.5,12.258333333333333,0.6930772716972582,1.0,0.0,0.0,6.0,0.0,50.0,16.0,62.5,68.75,9.0,100.0,100.0,COMPLETED,60,3,1000.0,80.0,40.0,24,e0cb3193ca2d056c,False,0.59375,0.71875,0.9786428853356129,0.6284823226972011,0.0,1.0,0.13333333333333333,0.8666666666666667,0.14372217275155832,0.8562778272484417,0.14590684544812985,0.8540931545518702,0.7299063020082035,0.9154075296933957,0.08459247030660433,False
T060_P03_H1000_I0800_CN050_F1,California,unlimited_useful_deadline,unlimited,central_only,targeted_central,all_useful,deadline,-1.0,0.0,0.0,1.0,none,0.0,0,applicable,32.0,0.0,,0.0,22443.0,5200880.0,147417.06879974593,1069.0,1005.5,0.6820784107204639,100.0,6.0,98.19491208380097,98.19491208380097,98.19491208380097,98.19491208380097,71.875,71.875,71.875,71.875,59.375,5.0,0.0,8.0,5.0,23.0,9.0,75.86805555555596,139.98194444444806,150.7937500000004,160.11736111111531,23.0,9.0,160.11736111111531,123.0,14.708333333333334,0.6146458923512748,1.0,0.0,100.0,6.0,0.0,33.33333333333333,16.0,62.5,68.75,9.0,100.0,100.0,COMPLETED,60,3,1000.0,80.0,50.0,30,2c9f8bd8776bde25,False,0.59375,0.71875,0.9769724964791805,0.6099884199057728,0.0,1.0,0.16666666666666666,0.8333333333333334,0.1692787177203918,0.8307212822796082,0.1723712067748765,0.8276287932251235,0.7248652290962383,0.898336681767613,0.10166331823238695,False
T060_P03_H1000_I0800_CN060_F1,California,unlimited_useful_deadline,unlimited,central_only,targeted_central,all_useful,deadline,-1.0,0.0,0.0,1.0,none,0.0,0,applicable,32.0,0.0,,0.0,27127.0,6345936.0,169402.14399968003,1225.0,1157.0,0.6829901751433473,100.0,7.0,98.32585110362888,98.32585110362888,98.32585110362888,98.32585110362888,71.875,71.875,71.875,71.875,62.5,5.0,0.0,7.0,5.0,23.0,9.0,75.80138888889245,139.087500000001,151.7256944444505,154.11736111111387,23.0,9.0,154.11736111111387,138.0,16.983333333333334,0.5874713771671574,1.0,0.0,0.0,6.0,16.666666666666664,50.0,16.0,62.5,68.75,9.0,100.0,100.0,COMPLETED,60,3,1000.0,80.0,60.0,36,103500a713a35efa,False,0.625,0.71875,0.9786428853356129,0.6284823226972011,0.0,1.0,0.2,0.8,0.196260017809439,0.803739982190561,0.199894142554693,0.800105857445307,0.7377188020082035,0.8807691679271736,0.11923083207282636,False
T060_P03_H1000_I0800_CN070_F1,California,unlimited_useful_deadline,unlimited,central_only,targeted_central,all_useful,deadline,-1.0,0.0,0.0,1.0,none,0.0,0,applicable,32.0,0.0,,0.0,29371.0,7330912.0,188313.68319963533,1386.0,1319.0,0.7004270627544893,100.0,7.0,98.91507669285447,98.91507669285447,98.91507669285447,98.91507669285447,75.0,75.0,75.0,75.0,62.5,5.0,0.0,7.0,5.0,24.0,8.0,74.79375000000205,139.93090277777947,145.8677083333391,146.4194444444535,24.0,8.0,146.4194444444535,139.0,19.666666666666668,0.51,1.0,0.0,100.0,6.0,16.666666666666664,50.0,16.0,62.5,68.75,9.0,100.0,100.0,COMPLETED,60,3,1000.0,80.0,70.0,42,910b7ee778a7ec9d,False,0.625,0.75,0.9861596351895593,0.6522097431188174,0.0,1.0,0.23333333333333334,0.7666666666666666,0.2251113089937667,0.7748886910062334,0.22829922371206776,0.7717007762879322,0.7533423445770941,0.8626512267921664,0.13734877320783356,False
T060_P03_H1000_I0800_CN080_F1,California,unlimited_useful_deadline,unlimited,central_only,targeted_central,all_useful,deadline,-1.0,0.0,0.0,1.0,none,0.0,0,applicable,32.0,0.0,,0.0,33715.0,8493368.0,210632.83839955382,1537.0,1463.5,0.6948109378955699,100.0,8.0,100.0,100.0,100.0,100.0,84.375,84.375,84.375,84.375,62.5,5.0,0.0,7.0,5.0,27.0,5.0,71.73611111111786,123.80833333333352,140.9027777777784,148.5513888888905,27.0,5.0,148.5513888888905,152.0,21.858333333333334,0.4749332825009531,1.0,0.0,100.0,6.0,16.666666666666664,100.0,16.0,62.5,68.75,9.0,100.0,100.0,COMPLETED,60,3,1000.0,80.0,80.0,48,f9cf8b0b8fb37180,False,0.625,0.84375,1.0,0.6456384142334617,0.0,1.0,0.26666666666666666,0.7333333333333334,0.2508459483526269,0.7491540516473731,0.25494001411432604,0.7450599858856739,0.7785971035583654,0.8455094741732762,0.15449052582672385,False
T060_P03_H1000_I0800_CN090_F1,California,unlimited_useful_deadline,unlimited,central_only,targeted_central,all_useful,deadline,-1.0,0.0,0.0,1.0,none,0.0,0,applicable,32.0,0.0,,0.0,36963.0,9564880.0,231205.86879948474,1691.0,1613.0,0.697646650742628,100.0,8.0,99.32659932659934,99.32659932659934,99.32659932659934,99.32659932659934,78.125,78.125,78.125,78.125,65.625,5.0,0.0,6.0,5.0,25.0,7.0,70.8013888888939,128.57430555556067,141.82847222222352,145.41944444444525,25.0,7.0,145.41944444444525,153.5,24.325,0.41856229302272463,1.0,0.0,100.0,6.0,33.33333333333333,66.66666666666666,16.0,62.5,68.75,9.0,100.0,100.0,COMPLETED,60,3,1000.0,80.0,90.0,54,7bcc3a79f632e25b,False,0.65625,0.78125,0.9914094287383473,0.6552920602507467,0.0,1.0,0.3,0.7,0.27747105966162067,0.7225289403383793,0.28211009174311924,0.7178899082568808,0.7710503722472735,0.8280837697190521,0.17191623028094793,False
T060_P03_H1000_I0800_CN100_F1,California,unlimited_useful_deadline,unlimited,central_only,targeted_central,all_useful,deadline,-1.0,0.0,0.0,1.0,none,0.0,0,applicable,32.0,0.0,,0.0,40305.0,10694320.0,252891.11679940918,1844.0,1760.5,0.6961494030636164,100.0,8.0,100.0,100.0,100.0,100.0,84.375,84.375,84.375,84.375,65.625,5.0,0.0,6.0,5.0,27.0,5.0,69.86805555555581,123.80833333333352,138.71041666666707,145.41944444444525,27.0,5.0,145.41944444444525,147.5,26.883333333333333,0.3503823103947097,1.0,0.0,100.0,6.0,33.33333333333333,100.0,16.0,62.5,68.75,9.0,100.0,100.0,COMPLETED,60,3,1000.0,80.0,100.0,60,d26f2aff5e83e1ad,False,0.65625,0.84375,1.0,0.6552920602507467,0.0,1.0,0.3333333333333333,0.6666666666666667,0.303739982190561,0.696260017809439,0.30910374029640086,0.6908962597035991,0.7888230150626867,0.810764588835941,0.18923541116405895,False
T060_P03_H1000_I0986_CN000_F1,California,unlimited_useful_deadline,unlimited,central_only,targeted_central,all_useful,deadline,-1.0,0.0,0.0,1.0,none,0.0,0,applicable,32.0,0.0,,0.0,972.0,567300.0,56730.0,132.0,80.0,0.14101886127269522,0.0,1.0,52.21481668552399,52.21481668552399,52.21481668552399,52.21481668552399,21.875,21.875,21.875,21.875,6.25,6.0,8.0,16.0,14.0,7.0,25.0,136.33333333333334,339.0266666666667,348.52166666666665,358.01666666666665,7.0,25.0,358.01666666666665,80.0,0.0,0.0,1.0,0.0,0.0,6.0,0.0,0.0,16.0,6.25,31.25,9.0,11.11111111111111,22.22222222222222,COMPLETED,60,3,1000.0,98.6,0.0,0,742c106a6c38f1ca,False,0.0625,0.21875,0.39040449656648557,0.0,0.0,1.0,0.0,1.0,0.004452359750667854,0.9955476402493322,0.007057163020465773,0.9929428369795342,0.1679136241416214,0.9976980954457734,0.0023019045542266303,True
T060_P03_H1000_I0986_CN010_F1,California,unlimited_useful_deadline,unlimited,central_only,targeted_central,all_useful,deadline,-1.0,0.0,0.0,1.0,none,0.0,0,applicable,32.0,0.0,,0.0,5436.0,1437348.0,73434.92159995668,328.0,256.5,0.34928885932132775,86.1598440545809,3.0,75.7134131150266,75.7134131150266,75.7134131150266,75.7134131150266,31.25,31.25,31.25,31.25,53.125,6.0,4.0,5.0,10.0,10.0,22.0,127.9840277777778,323.4316666666667,332.72416666666663,342.01666666666665,10.0,22.0,342.01666666666665,82.0,2.908333333333333,0.9378701050620821,1.0,0.0,0.0,6.0,0.0,0.0,16.0,50.0,43.75,9.0,100.0,33.33333333333333,COMPLETED,60,3,1000.0,98.6,10.0,6,ef77a7d59513ab32,False,0.53125,0.3125,0.6901760518235338,0.04931707411046338,0.0,1.0,0.03333333333333333,0.9666666666666667,0.0358860195903829,0.964113980409617,0.04163726182074806,0.9583627381792519,0.3958107814834993,0.9778286770511072,0.02217132294889279,True
T060_P03_H1000_I0986_CN020_F1,California,unlimited_useful_deadline,unlimited,central_only,targeted_central,all_useful,deadline,-1.0,0.0,0.0,1.0,none,0.0,0,applicable,32.0,0.0,,0.0,10876.0,2415468.0,92214.82559989544,536.0,457.0,0.49558191649447547,97.15536105032822,7.0,92.3076923076923,92.3076923076923,92.3076923076923,92.3076923076923,68.75,68.75,68.75,68.75,53.125,6.0,1.0,8.0,7.0,22.0,10.0,83.32569444444621,111.19062500000076,113.52968750000157,121.73472222222239,22.0,10.0,121.73472222222239,75.0,6.366666666666666,0.8453752181500873,1.0,0.0,0.0,6.0,0.0,0.0,16.0,50.0,81.25,9.0,100.0,100.0,COMPLETED,60,3,1000.0,98.6,20.0,12,bed9a498f903807a,False,0.53125,0.6875,0.9018692436649655,0.7282958853206907,0.0,1.0,0.06666666666666667,0.9333333333333333,0.07159394479073909,0.9284060552092609,0.07833450952717008,0.9216654904728299,0.7122287822464141,0.9566809758030849,0.043319024196915135,True
T060_P03_H1000_I0986_CN030_F1,California,unlimited_useful_deadline,unlimited,central_only,targeted_central,all_useful,deadline,-1.0,0.0,0.0,1.0,none,0.0,0,applicable,32.0,0.0,,0.0,13668.0,3250444.0,108246.36479986887,677.0,587.5,0.542743399361446,97.36170212765957,7.0,89.74358974358975,89.74358974358975,89.74358974358975,89.74358974358975,71.875,71.875,71.875,71.875,53.125,6.0,2.0,7.0,8.0,23.0,9.0,78.80138888888905,88.98333333333333,114.86291666666678,119.73472222222239,23.0,9.0,119.73472222222239,104.5,8.05,0.7702553485162182,1.0,0.0,100.0,6.0,0.0,0.0,16.0,50.0,81.25,9.0,100.0,100.0,COMPLETED,60,3,1000.0,98.6,30.0,18,feb0a07ce6870558,False,0.53125,0.71875,0.8691589915532874,0.7344605195844987,0.0,1.0,0.1,0.9,0.09483526268922529,0.9051647373107747,0.10321100917431193,0.8967889908256881,0.7134048777844465,0.9403907456272926,0.059609254372707365,True
T060_P03_H1000_I0986_CN040_F1,California,unlimited_useful_deadline,unlimited,central_only,targeted_central,all_useful,deadline,-1.0,0.0,0.0,1.0,none,0.0,0,applicable,32.0,0.0,,0.0,18784.0,4226900.0,126994.31999980024,873.0,799.0,0.6291619971674771,98.93617021276596,6.0,98.71794871794873,98.71794871794873,98.71794871794873,98.71794871794873,78.125,78.125,78.125,78.125,53.125,6.0,0.0,9.0,6.0,25.0,7.0,68.73472222222918,79.79374999999999,83.12013888888886,84.01666666666667,25.0,7.0,84.01666666666667,112.0,11.45,0.6933770014556042,1.0,0.0,100.0,6.0,0.0,33.33333333333333,16.0,50.0,81.25,9.0,100.0,100.0,COMPLETED,60,3,1000.0,98.6,40.0,24,e8cabfc938e3fb2a,False,0.53125,0.78125,0.9836448739441611,0.8445548941416855,0.0,1.0,0.13333333333333333,0.8666666666666667,0.13250222617987534,0.8674977738201246,0.1377911079745942,0.8622088920254058,0.7851749420214617,0.9192746665024394,0.08072533349756061,True
T060_P03_H1000_I0986_CN050_F1,California,unlimited_useful_deadline,unlimited,central_only,targeted_central,all_useful,deadline,-1.0,0.0,0.0,1.0,none,0.0,0,applicable,32.0,0.0,,0.0,24064.0,5307020.0,147732.62399972795,1017.0,929.0,0.6288387594074757,99.67707212055974,6.0,98.71794871794873,98.71794871794873,98.71794871794873,98.71794871794873,78.125,78.125,78.125,78.125,53.125,6.0,0.0,9.0,6.0,25.0,7.0,65.80138888890409,74.66041666666766,78.05347222222254,78.85,25.0,7.0,78.85,97.5,13.858333333333333,0.6261074363599921,1.0,0.0,100.0,6.0,0.0,33.33333333333333,16.0,50.0,81.25,9.0,100.0,100.0,COMPLETED,60,3,1000.0,98.6,50.0,30,4d5061cd7c5fc44a,False,0.53125,0.78125,0.9836448739441611,0.8604801993231893,0.0,1.0,0.16666666666666666,0.8333333333333334,0.15565449688334818,0.8443455031166518,0.163196894848271,0.8368031051517291,0.7891562683168376,0.9028963883203429,0.09710361167965709,False
T060_P03_H1000_I0986_CN060_F1,California,unlimited_useful_deadline,unlimited,central_only,targeted_central,all_useful,deadline,-1.0,0.0,0.0,1.0,none,0.0,0,applicable,32.0,0.0,,0.0,27464.0,6309396.0,166978.24319967118,1189.0,1107.0,0.6629606221669602,99.41282746160795,7.0,98.71794871794873,98.71794871794873,98.71794871794873,98.71794871794873,78.125,78.125,78.125,78.125,53.125,6.0,0.0,9.0,6.0,25.0,7.0,64.73472222222239,77.98333333333333,78.61666666666666,78.85,25.0,7.0,78.85,113.0,16.566666666666666,0.578588195841717,1.0,0.0,100.0,6.0,0.0,33.33333333333333,16.0,50.0,81.25,9.0,100.0,100.0,COMPLETED,60,3,1000.0,98.6,60.0,36,6c47dfbb1f338f9a,False,0.53125,0.78125,0.9836448739441611,0.8604801993231893,0.0,1.0,0.2,0.8,0.1873552983081033,0.8126447016918967,0.19354269583627381,0.8064573041637262,0.7891562683168376,0.8838204011711247,0.1161795988288753,False
T060_P03_H1000_I0986_CN070_F1,California,unlimited_useful_deadline,unlimited,central_only,targeted_central,all_useful,deadline,-1.0,0.0,0.0,1.0,none,0.0,0,applicable,32.0,0.0,,0.0,29712.0,7356908.0,187090.47359963512,1339.0,1249.5,0.6678586974309936,100.0,8.0,100.0,100.0,100.0,100.0,81.25,81.25,81.25,81.25,53.125,6.0,0.0,9.0,6.0,26.0,6.0,61.6430555555562,73.6347222222222,73.82916666666667,73.93680555555548,26.0,6.0,73.93680555555548,90.0,19.325,0.5480882564323704,1.0,0.0,100.0,6.0,0.0,50.0,16.0,50.0,81.25,9.0,100.0,100.0,COMPLETED,60,3,1000.0,98.6,70.0,42,46d8623b5c9f8dc0,False,0.53125,0.8125,1.0,0.8756242227316761,0.0,1.0,0.23333333333333334,0.7666666666666666,0.21273374888691007,0.7872662511130899,0.22000705716302046,0.7799929428369795,0.804843555682919,0.8667851721233473,0.13321482787665273,False
T060_P03_H1000_I0986_CN080_F1,California,unlimited_useful_deadline,unlimited,central_only,targeted_central,all_useful,deadline,-1.0,0.0,0.0,1.0,none,0.0,0,applicable,32.0,0.0,,0.0,34280.0,8545140.0,209904.52799955686,1512.0,1426.0,0.6793564739122782,100.0,8.0,100.0,100.0,100.0,100.0,81.25,81.25,81.25,81.25,53.125,6.0,0.0,9.0,6.0,26.0,6.0,58.61006944444459,67.37604166666648,69.80138888888894,71.41944444444476,26.0,6.0,71.41944444444476,110.5,21.925,0.4511022424933486,1.0,0.0,100.0,6.0,0.0,50.0,16.0,50.0,81.25,9.0,100.0,100.0,COMPLETED,60,3,1000.0,98.6,80.0,48,362f7445974aea52,False,0.53125,0.8125,1.0,0.8833835280116413,0.0,1.0,0.26666666666666666,0.7333333333333334,0.24416740872662512,0.7558325912733749,0.25052928722653495,0.749470712773465,0.8067833820029103,0.8477273274760346,0.15227267252396537,False
T060_P03_H1000_I0986_CN090_F1,California,unlimited_useful_deadline,unlimited,central_only,targeted_central,all_useful,deadline,-1.0,0.0,0.0,1.0,none,0.0,0,applicable,32.0,0.0,,0.0,37524.0,9650380.0,231125.1359994893,1653.0,1556.0,0.6732283761656448,100.0,8.0,100.0,100.0,100.0,100.0,81.25,81.25,81.25,81.25,53.125,6.0,0.0,9.0,6.0,26.0,6.0,56.8020833333397,61.17708333334036,70.80868055555608,73.85,26.0,6.0,73.85,93.5,24.375,0.451846153846154,1.0,0.0,100.0,6.0,0.0,50.0,16.0,50.0,81.25,9.0,100.0,100.0,COMPLETED,60,3,1000.0,98.6,90.0,54,49d2042730597854,False,0.53125,0.8125,1.0,0.8758917849827091,0.0,1.0,0.3,0.7,0.26731967943009793,0.7326803205699021,0.2754057868736768,0.7245942131263232,0.8049104462456773,0.8314549067392452,0.16854509326075484,False
T060_P03_H1000_I0986_CN100_F1,California,unlimited_useful_deadline,unlimited,central_only,targeted_central,all_useful,deadline,-1.0,0.0,0.0,1.0,none,0.0,0,applicable,32.0,0.0,,0.0,41084.0,10831780.0,253808.01599941563,1830.0,1737.5,0.6845725471507569,100.0,8.0,100.0,100.0,100.0,100.0,81.25,81.25,81.25,81.25,53.125,6.0,0.0,9.0,6.0,26.0,6.0,51.36805555556202,57.89305555555929,59.52621527779044,60.200694444447436,26.0,6.0,60.200694444447436,91.0,27.441666666666666,0.3239750986941998,1.0,0.0,100.0,6.0,0.0,50.0,16.0,50.0,81.25,9.0,100.0,100.0,COMPLETED,60,3,1000.0,98.6,100.0,60,71a02ff29e53ca39,False,0.53125,0.8125,1.0,0.9179632733351807,0.0,1.0,0.3333333333333333,0.6666666666666667,0.2996438112199466,0.7003561887800533,0.3066337332392378,0.6933662667607622,0.8154283183337951,0.8120778244414966,0.18792217555850343,False
T060_P05_H0500_I0600_CN000_F1,California,unlimited_useful_deadline,unlimited,central_only,targeted_central,all_useful,deadline,-1.0,0.0,0.0,1.0,none,0.0,0,applicable,32.0,0.0,,0.0,1153.0,415448.0,41544.8,229.0,186.0,0.4477094606304519,0.0,1.0,44.84571140144676,44.84571140144676,44.84571140144676,44.84571140144676,0.0,0.0,0.0,0.0,62.5,0.0,0.0,12.0,0.0,0.0,32.0,,,,,0.0,32.0,,186.0,0.0,0.0,1.0,0.0,0.0,6.0,0.0,0.0,16.0,68.75,0.0,9.0,100.0,0.0,COMPLETED,60,5,500.0,60.0,0.0,0,2324f78144779512,False,0.625,0.0,0.2963968328114158,0.0,0.0,1.0,0.0,1.0,0.023330365093499554,0.9766696349065005,0.024170783345095273,0.9758292166549047,0.23034920820285396,0.9904997703122811,0.009500229687718909,False
T060_P05_H0500_I0600_CN010_F1,California,unlimited_useful_deadline,unlimited,central_only,targeted_central,all_useful,deadline,-1.0,0.0,0.0,1.0,none,0.0,0,applicable,32.0,0.0,,0.0,5797.0,1078344.0,54272.403199949724,554.0,446.0,0.8217804513959927,62.780269058295964,6.0,78.8526451019819,78.8526451019819,78.8526451019819,78.8526451019819,3.125,3.125,3.125,3.125,71.875,0.0,0.0,9.0,0.0,1.0,31.0,99.01944444447193,99.01944444447193,99.01944444447193,99.01944444447193,1.0,31.0,99.01944444447193,220.0,3.7666666666666666,0.8402654867256638,1.0,0.0,0.0,6.0,0.0,0.0,16.0,87.5,6.25,9.0,100.0,0.0,COMPLETED,60,5,500.0,60.0,10.0,6,0512ebbdb2a57a41,False,0.71875,0.03125,0.7302232290183713,0.7983115751710084,0.0,1.0,0.03333333333333333,0.9666666666666667,0.06963490650044524,0.9303650934995548,0.08151023288637968,0.9184897671136203,0.5696337010473449,0.9631043054559685,0.03689569454403152,False
T060_P05_H0500_I0600_CN020_F1,California,unlimited_useful_deadline,unlimited,central_only,targeted_central,all_useful,deadline,-1.0,0.0,0.0,1.0,none,0.0,0,applicable,32.0,0.0,,0.0,9648.0,1756284.0,67288.85119990696,746.0,627.5,0.9325467574647308,79.60159362549801,7.0,89.81319289282999,89.81319289282999,89.81319289282999,89.81319289282999,31.25,31.25,31.25,31.25,78.125,0.0,0.0,7.0,0.0,10.0,22.0,95.8256944444455,116.63472222222252,119.78472222222257,122.93472222222263,10.0,22.0,122.93472222222263,224.0,6.725,0.7675547294506402,1.0,0.0,0.0,6.0,33.33333333333333,33.33333333333333,16.0,87.5,50.0,9.0,100.0,0.0,COMPLETED,60,5,500.0,60.0,20.0,12,d2e3248aae98f514,False,0.78125,0.3125,0.8700469188114592,0.7245971047624051,0.0,1.0,0.06666666666666667,0.9333333333333333,0.10195903829029386,0.8980409617097062,0.11538461538461539,0.8846153846153846,0.6720985058934661,0.9431979359316849,0.05680206406831512,True
T060_P05_H0500_I0600_CN030_F1,California,unlimited_useful_deadline,unlimited,central_only,targeted_central,all_useful,deadline,-1.0,0.0,0.0,1.0,none,0.0,0,applicable,32.0,0.0,,0.0,13603.0,2516084.0,81877.01119986066,888.0,764.0,0.9331068499008671,87.43455497382199,7.0,92.32142857142858,92.32142857142858,92.32142857142858,92.32142857142858,81.25,81.25,81.25,81.25,75.0,0.0,0.0,8.0,0.0,26.0,6.0,95.91736111111167,129.08437499999974,143.5678819444498,152.20069444444803,26.0,6.0,152.20069444444803,239.0,8.75,0.7112380952380952,1.0,0.0,0.0,6.0,16.666666666666664,16.666666666666664,16.0,87.5,100.0,9.0,100.0,100.0,COMPLETED,60,5,500.0,60.0,30.0,18,facc46aa58af506d,False,0.75,0.8125,0.9020444771584211,0.6343900972000144,0.0,1.0,0.1,0.9,0.12626892252894034,0.8737310774710596,0.14043754410726889,0.8595624558927311,0.7747336435896088,0.9266587066727581,0.07334129332724193,False
T060_P05_H0500_I0600_CN040_F1,California,unlimited_useful_deadline,unlimited,central_only,targeted_central,all_useful,deadline,-1.0,0.0,0.0,1.0,none,0.0,0,applicable,32.0,0.0,,0.0,16412.0,3381004.0,98483.47519982571,1033.0,915.5,0.9295975778092974,90.82468596395412,10.0,94.77678571428572,94.77678571428572,94.77678571428572,94.77678571428572,84.375,84.375,84.375,84.375,81.25,0.0,0.0,6.0,0.0,27.0,5.0,75.63472222223524,95.32500000000451,97.53277777777934,104.73472222223063,27.0,5.0,104.73472222223063,217.0,11.641666666666667,0.6719040801717968,1.0,0.0,0.0,6.0,50.0,33.33333333333333,16.0,87.5,100.0,9.0,100.0,100.0,COMPLETED,60,5,500.0,60.0,40.0,24,48edbcff62c9dfb2,False,0.8125,0.84375,0.9333674641135771,0.7806952765630326,0.0,1.0,0.13333333333333333,0.8666666666666667,0.15325022261798754,0.8467497773820125,0.1660197600564573,0.8339802399435428,0.8425781851691524,0.9094793367984444,0.0905206632015556,False
T060_P05_H0500_I0600_CN050_F1,California,unlimited_useful_deadline,unlimited,central_only,targeted_central,all_useful,deadline,-1.0,0.0,0.0,1.0,none,0.0,0,applicable,32.0,0.0,,0.0,20437.0,4364600.0,117368.51839977218,1164.0,1053.0,0.8971741437625952,93.77967711301045,9.0,96.33928571428572,96.33928571428572,96.33928571428572,96.33928571428572,90.625,90.625,90.625,90.625,84.375,0.0,0.0,5.0,0.0,29.0,3.0,71.60277777778683,89.54791666666702,93.561111111111,98.36736111111095,29.0,3.0,98.36736111111095,222.5,13.841666666666667,0.6114890628135661,1.0,0.0,0.0,6.0,66.66666666666666,66.66666666666666,16.0,87.5,100.0,9.0,100.0,100.0,COMPLETED,60,5,500.0,60.0,50.0,30,72585a15debce9c8,False,0.84375,0.90625,0.953300273994131,0.8003215028008559,0.0,1.0,0.16666666666666666,0.8333333333333334,0.17773820124666073,0.8222617987533393,0.18913196894848272,0.8108680310515173,0.8759054441987467,0.893292632627638,0.10670736737236197,False
T060_P05_H0500_I0600_CN060_F1,California,unlimited_useful_deadline,unlimited,central_only,targeted_central,all_useful,deadline,-1.0,0.0,0.0,1.0,none,0.0,0,applicable,32.0,0.0,,0.0,24023.0,5369552.0,136663.59679972386,1326.0,1230.0,0.9000202166510558,95.08130081300813,8.0,96.88988095238096,96.88988095238096,96.88988095238096,96.88988095238096,87.5,87.5,87.5,87.5,84.375,0.0,0.0,5.0,0.0,28.0,4.0,63.32638888889318,74.08256944444825,75.45472222222591,76.551388888891,28.0,4.0,76.551388888891,212.5,16.958333333333332,0.5637592137592138,1.0,100.0,0.0,6.0,50.0,50.0,16.0,87.5,100.0,9.0,100.0,100.0,COMPLETED,60,5,500.0,60.0,60.0,36,d785433c64a56816,False,0.84375,0.875,0.9603242165234691,0.8675652477305453,0.0,1.0,0.2,0.8,0.20926090828138913,0.7907390917186109,0.2177134791813691,0.7822865208186309,0.8866598660635037,0.8746051225074485,0.12539487749255152,False
T060_P05_H0500_I0600_CN070_F1,California,unlimited_useful_deadline,unlimited,central_only,targeted_central,all_useful,deadline,-1.0,0.0,0.0,1.0,none,0.0,0,applicable,32.0,0.0,,0.0,28642.0,6517776.0,158709.4975996559,1472.0,1386.0,0.8732936723775534,97.72727272727273,8.0,97.44047619047619,97.44047619047619,97.44047619047619,97.44047619047619,84.375,84.375,84.375,84.375,96.875,0.0,0.0,1.0,0.0,27.0,5.0,60.80138888888905,71.15069444445616,71.44618055557756,72.55138888888905,27.0,5.0,72.55138888888905,201.5,19.741666666666667,0.5445828056845365,1.0,100.0,0.0,6.0,100.0,33.33333333333333,16.0,93.75,100.0,9.0,100.0,100.0,COMPLETED,60,5,500.0,60.0,70.0,42,634f961657057b8c,False,0.96875,0.84375,0.9673481590528069,0.8798945162581673,0.0,1.0,0.23333333333333334,0.7666666666666666,0.23704363312555654,0.7629563668744435,0.24347212420606917,0.7565278757939309,0.9149356688277435,0.8572301818670082,0.14276981813299183,False
T060_P05_H0500_I0600_CN080_F1,California,unlimited_useful_deadline,unlimited,central_only,targeted_central,all_useful,deadline,-1.0,0.0,0.0,1.0,none,0.0,0,applicable,32.0,0.0,,0.0,31886.0,7684560.0,181111.75039960467,1568.0,1476.0,0.8149664484735838,98.9159891598916,10.0,98.125,98.125,98.125,98.125,96.875,96.875,96.875,96.875,87.5,0.0,0.0,4.0,0.0,31.0,1.0,59.851388888894384,75.11736111111095,75.45937500000073,77.551388888891,31.0,1.0,77.551388888891,171.0,21.75,0.5431928480204342,1.0,0.0,0.0,6.0,66.66666666666666,100.0,16.0,93.75,100.0,9.0,100.0,100.0,COMPLETED,60,5,500.0,60.0,80.0,48,bc5a7d578c03d283,False,0.875,0.96875,0.9760806281433353,0.8644829305986415,0.0,1.0,0.26666666666666666,0.7333333333333334,0.2530721282279608,0.7469278717720391,0.26040931545518703,0.739590684544813,0.9210783896854942,0.8439703779300372,0.15602962206996285,False
T060_P05_H0500_I0600_CN090_F1,California,unlimited_useful_deadline,unlimited,central_only,targeted_central,all_useful,deadline,-1.0,0.0,0.0,1.0,none,0.0,0,applicable,32.0,0.0,,0.0,34584.0,8925932.0,204946.09279955883,1759.0,1694.0,0.8265588169357121,99.35064935064935,10.0,99.375,99.375,99.375,99.375,96.875,96.875,96.875,96.875,90.625,0.0,0.0,3.0,0.0,31.0,1.0,54.634722222247,62.73472222222966,70.30138888889972,75.36736111112162,31.0,1.0,75.36736111112162,159.0,25.583333333333332,0.4495114006514658,1.0,100.0,0.0,6.0,66.66666666666666,100.0,16.0,93.75,100.0,9.0,100.0,100.0,COMPLETED,60,5,500.0,60.0,90.0,54,17c70de66b2950a9,False,0.90625,0.96875,0.9920268760477784,0.8712147968346141,0.0,1.0,0.3,0.7,0.2918967052537845,0.7081032947462155,0.29410726887791105,0.705892731122089,0.9345604182205981,0.822799205173661,0.177200794826339,False
T060_P05_H0500_I0600_CN100_F1,California,unlimited_useful_deadline,unlimited,central_only,targeted_central,all_useful,deadline,-1.0,0.0,0.0,1.0,none,0.0,0,applicable,32.0,0.0,,0.0,37597.0,10274808.0,230844.51199950572,1899.0,1850.0,0.8014052333217093,100.0,10.0,99.375,99.375,99.375,99.375,96.875,96.875,96.875,96.875,96.875,0.0,0.0,1.0,0.0,31.0,1.0,48.71736111111434,59.4194444444535,61.33437500000194,63.367361111115315,31.0,1.0,63.367361111115315,151.0,28.316666666666666,0.4198940553266628,1.0,100.0,0.0,6.0,100.0,100.0,16.0,93.75,100.0,9.0,100.0,100.0,COMPLETED,60,5,500.0,60.0,100.0,60,32862dfac83a8ac2,False,0.96875,0.96875,0.9920268760477784,0.9082026024174811,0.0,1.0,0.3333333333333333,0.6666666666666667,0.3196794300979519,0.680320569902048,0.31880733944954126,0.6811926605504588,0.9594323696163148,0.8056359794238348,0.1943640205761652,False
T060_P05_H0500_I0800_CN000_F1,California,unlimited_useful_deadline,unlimited,central_only,targeted_central,all_useful,deadline,-1.0,0.0,0.0,1.0,none,0.0,0,applicable,32.0,0.0,,0.0,687.0,242944.0,24294.4,197.0,126.0,0.5186380400421496,0.0,1.0,29.64763995062908,29.64763995062908,29.64763995062908,29.64763995062908,0.0,0.0,0.0,0.0,0.0,0.0,15.0,17.0,15.0,0.0,32.0,,,,,0.0,32.0,,126.0,0.0,0.0,1.0,0.0,0.0,6.0,0.0,0.0,16.0,0.0,0.0,9.0,0.0,0.0,COMPLETED,60,5,500.0,80.0,0.0,0,999bc6de7ac34693,False,0.0,0.0,0.1025150607920733,0.0,0.0,1.0,0.0,1.0,0.012644701691896706,0.9873552983081033,0.018525052928722655,0.9814749470712774,0.025628765198018325,0.9937660490758762,0.006233950924123821,False
T060_P05_H0500_I0800_CN010_F1,California,unlimited_useful_deadline,unlimited,central_only,targeted_central,all_useful,deadline,-1.0,0.0,0.0,1.0,none,0.0,0,applicable,32.0,0.0,,0.0,8065.0,1637356.0,51067.11039992103,506.0,391.0,0.7656591433076358,88.49104859335038,5.0,73.9813112745098,73.9813112745098,73.9813112745098,73.9813112745098,50.0,50.0,50.0,50.0,71.875,0.0,6.0,3.0,6.0,16.0,16.0,179.28576388889553,274.55833333333334,288.225,321.85,16.0,16.0,321.85,75.5,5.258333333333334,0.9096936080295828,1.0,0.0,0.0,6.0,16.666666666666664,0.0,16.0,81.25,43.75,9.0,100.0,100.0,COMPLETED,60,5,500.0,80.0,10.0,6,f3017fd1eb6639b1,False,0.71875,0.5,0.6680796315478355,0.11147713627052647,0.0,1.0,0.03333333333333333,0.9666666666666667,0.05983971504897596,0.940160284951024,0.07304163726182075,0.9269583627381792,0.4995766919545905,0.9667570628711739,0.03324293712882609,False
T060_P05_H0500_I0800_CN020_F1,California,unlimited_useful_deadline,unlimited,central_only,targeted_central,all_useful,deadline,-1.0,0.0,0.0,1.0,none,0.0,0,applicable,32.0,0.0,,0.0,15603.0,3080612.0,78777.62559983517,691.0,587.5,0.7457701289250704,99.31914893617021,6.0,83.70535714285714,83.70535714285714,83.70535714285714,83.70535714285714,78.125,78.125,78.125,78.125,75.0,0.0,2.0,6.0,2.0,25.0,7.0,91.80138888888905,108.27916666667001,116.0316666667071,132.93472222222832,25.0,7.0,132.93472222222832,87.0,9.033333333333333,0.8501845018450185,1.0,0.0,0.0,6.0,50.0,0.0,16.0,75.0,100.0,9.0,100.0,100.0,COMPLETED,60,5,500.0,80.0,20.0,12,644b92f4380f3231,False,0.75,0.78125,0.7921292683885094,0.693773933443348,0.0,1.0,0.06666666666666667,0.9333333333333333,0.09483526268922529,0.9051647373107747,0.10568101623147495,0.894318983768525,0.7542883004579644,0.9465634108825267,0.05343658911747329,False
T060_P05_H0500_I0800_CN030_F1,California,unlimited_useful_deadline,unlimited,central_only,targeted_central,all_useful,deadline,-1.0,0.0,0.0,1.0,none,0.0,0,applicable,32.0,0.0,,0.0,23031.0,4615208.0,108241.8687997453,862.0,777.5,0.7182987587163957,100.0,6.0,95.57291666666666,95.57291666666666,95.57291666666666,95.57291666666666,90.625,90.625,90.625,90.625,93.75,0.0,1.0,1.0,1.0,29.0,3.0,76.80486111111799,103.0722222222222,106.12861111111224,108.80277777778174,29.0,3.0,108.80277777778174,122.5,12.375,0.8082940516273851,1.0,0.0,0.0,6.0,100.0,66.66666666666666,16.0,93.75,100.0,9.0,100.0,100.0,COMPLETED,60,5,500.0,80.0,30.0,18,f17b25a796b0e663,False,0.9375,0.90625,0.9435237053384306,0.7681562392306204,0.0,1.0,0.1,0.9,0.12867319679430098,0.871326803205699,0.13585038814396613,0.8641496118560339,0.8888574861422628,0.9270952830123467,0.07290471698765333,False
T060_P05_H0500_I0800_CN040_F1,California,unlimited_useful_deadline,unlimited,central_only,targeted_central,all_useful,deadline,-1.0,0.0,0.0,1.0,none,0.0,0,applicable,32.0,0.0,,0.0,31844.0,6479480.0,144035.891199653,1013.0,932.5,0.6474080815783826,100.0,8.0,96.63318452380952,96.63318452380952,96.63318452380952,96.63318452380952,84.375,84.375,84.375,84.375,84.375,0.0,0.0,5.0,0.0,27.0,5.0,67.5027777777912,95.72500000000146,96.28923611111182,96.41944444444864,27.0,5.0,96.41944444444864,119.5,14.791666666666666,0.7229953051643192,1.0,100.0,0.0,6.0,66.66666666666666,33.33333333333333,16.0,81.25,100.0,9.0,100.0,100.0,COMPLETED,60,5,500.0,80.0,40.0,24,a24e63846777373a,False,0.84375,0.84375,0.9570495406145207,0.8063255997140304,0.0,1.0,0.13333333333333333,0.8666666666666667,0.15627782724844166,0.8437221727515584,0.1624911785462244,0.8375088214537756,0.8627187850821378,0.9095795321744001,0.09042046782559987,False
T060_P05_H0500_I0800_CN050_F1,California,unlimited_useful_deadline,unlimited,central_only,targeted_central,all_useful,deadline,-1.0,0.0,0.0,1.0,none,0.0,0,applicable,32.0,0.0,,0.0,40063.0,8282912.0,178661.7855995401,1169.0,1111.0,0.6218453466541756,100.0,10.0,99.21875,99.21875,99.21875,99.21875,96.875,96.875,96.875,96.875,96.875,0.0,0.0,1.0,0.0,31.0,1.0,54.3673611111124,69.11736111111435,73.67708333334365,77.9347222222248,31.0,1.0,77.9347222222248,118.5,17.616666666666667,0.6769788710186062,1.0,100.0,0.0,6.0,83.33333333333334,100.0,16.0,100.0,100.0,9.0,100.0,100.0,COMPLETED,60,5,500.0,80.0,50.0,30,a811e05fa1297b3f,False,0.96875,0.96875,0.9900335950597231,0.8633013756980767,0.0,1.0,0.16666666666666666,0.8333333333333334,0.18806767586821016,0.8119323241317898,0.19001411432604093,0.809985885673959,0.9477087426894499,0.8910503086278165,0.10894969137218347,False
T060_P05_H0500_I0800_CN060_F1,California,unlimited_useful_deadline,unlimited,central_only,targeted_central,all_useful,deadline,-1.0,0.0,0.0,1.0,none,0.0,0,applicable,32.0,0.0,,0.0,47369.0,10247288.0,216377.80479945778,1324.0,1263.5,0.5839323497948558,100.0,8.0,99.21875,99.21875,99.21875,99.21875,96.875,96.875,96.875,96.875,100.0,0.0,0.0,0.0,0.0,31.0,1.0,48.502777777779556,76.55138888889293,77.74305555555918,78.93472222223149,31.0,1.0,78.93472222223149,125.5,20.341666666666665,0.6470367335791343,1.0,100.0,0.0,6.0,100.0,100.0,16.0,100.0,100.0,9.0,100.0,100.0,COMPLETED,60,5,500.0,80.0,60.0,36,0ad8834554a51826,False,1.0,0.96875,0.9900335950597231,0.8602190585661522,0.0,1.0,0.2,0.8,0.21522707034728406,0.784772929652716,0.2173606210303458,0.7826393789696542,0.9547506634064689,0.8734824617244741,0.12651753827552592,True
T060_P05_H0500_I0800_CN070_F1,California,unlimited_useful_deadline,unlimited,central_only,targeted_central,all_useful,deadline,-1.0,0.0,0.0,1.0,none,0.0,0,applicable,32.0,0.0,,0.0,54000.0,12117144.0,252279.0399993605,1476.0,1430.5,0.5670308559932787,100.0,10.0,100.0,100.0,100.0,100.0,100.0,100.0,100.0,100.0,100.0,0.0,0.0,0.0,0.0,32.0,0.0,48.501041666690924,65.50798611111172,70.77388888889165,76.93472222222226,32.0,0.0,76.93472222222226,159.5,22.916666666666668,0.6480121212121213,1.0,100.0,100.0,6.0,100.0,100.0,16.0,100.0,100.0,9.0,100.0,100.0,COMPLETED,60,5,500.0,80.0,70.0,42,daba30d1363270af,False,1.0,1.0,1.0,0.8663836928299886,0.0,1.0,0.23333333333333334,0.7666666666666666,0.24496883348174534,0.7550311665182546,0.24417784050811575,0.7558221594918842,0.9665959232074972,0.8555039985353612,0.1444960014646388,False
T060_P05_H0500_I0800_CN080_F1,California,unlimited_useful_deadline,unlimited,central_only,targeted_central,all_useful,deadline,-1.0,0.0,0.0,1.0,none,0.0,0,applicable,32.0,0.0,,0.0,62010.0,14305196.0,294289.6383992528,1625.0,1576.5,0.5356967403185348,100.0,9.0,99.21875,99.21875,99.21875,99.21875,96.875,96.875,96.875,96.875,100.0,0.0,0.0,0.0,0.0,31.0,1.0,46.06875000000388,67.11736111111095,71.74305555555566,74.80277777777786,31.0,1.0,74.80277777777786,145.5,25.45,0.5459179218511243,1.0,100.0,0.0,6.0,100.0,100.0,16.0,100.0,100.0,9.0,100.0,100.0,COMPLETED,60,5,500.0,80.0,80.0,48,baa45480ed64d945,False,1.0,0.96875,0.9900335950597231,0.872955021715367,0.0,1.0,0.26666666666666666,0.7333333333333334,0.2709706144256456,0.7290293855743544,0.27046577275935074,0.7295342272406493,0.9579346541937726,0.8383793892296675,0.16162061077033252,False
T060_P05_H0500_I0800_CN090_F1,California,unlimited_useful_deadline,unlimited,central_only,targeted_central,all_useful,deadline,-1.0,0.0,0.0,1.0,none,0.0,0,applicable,32.0,0.0,,0.0,70444.0,16621856.0,338769.51039914007,1771.0,1731.5,0.5111144736608491,100.0,10.0,100.0,100.0,100.0,100.0,100.0,100.0,100.0,100.0,100.0,0.0,0.0,0.0,0.0,32.0,0.0,42.33576388889045,62.96076388888876,66.87388888889129,71.93472222222287,32.0,0.0,71.93472222222287,154.5,27.716666666666665,0.5101924233313291,1.0,100.0,100.0,6.0,100.0,100.0,16.0,100.0,100.0,9.0,100.0,100.0,COMPLETED,60,5,500.0,80.0,90.0,54,cf6a7515f230ee12,False,1.0,1.0,1.0,0.8817952784895065,0.0,1.0,0.3,0.7,0.29857524487978626,0.7014247551202137,0.2962244177840508,0.7037755822159493,0.9704488196223766,0.8210400674672326,0.17895993253276743,False
T060_P05_H0500_I0800_CN100_F1,California,unlimited_useful_deadline,unlimited,central_only,targeted_central,all_useful,deadline,-1.0,0.0,0.0,1.0,none,0.0,0,applicable,32.0,0.0,,0.0,78669.0,19019496.0,384804.19839902496,1920.0,1890.0,0.4911588823259546,100.0,11.0,100.0,100.0,100.0,100.0,100.0,100.0,100.0,100.0,100.0,0.0,0.0,0.0,0.0,32.0,0.0,36.96215277777834,58.351388888895166,64.60131944445413,71.93472222222287,32.0,0.0,71.93472222222287,166.0,30.358333333333334,0.4648412480556319,1.0,100.0,100.0,6.0,100.0,100.0,16.0,100.0,100.0,9.0,100.0,100.0,COMPLETED,60,5,500.0,80.0,100.0,60,44bf7c726e0c6eaf,False,1.0,1.0,1.0,0.8817952784895065,0.0,1.0,0.3333333333333333,0.6666666666666667,0.3268032056990205,0.6731967943009796,0.32251235003528583,0.6774876499647142,0.9704488196223766,0.8034702221864722,0.19652977781352776,False
T060_P05_H0500_I0986_CN000_F1,California,unlimited_useful_deadline,unlimited,central_only,targeted_central,all_useful,deadline,-1.0,0.0,0.0,1.0,none,0.0,0,applicable,32.0,0.0,,0.0,676.0,232084.0,23208.4,146.0,103.5,0.4459592216611227,0.0,1.0,30.00547875470476,30.00547875470476,30.00547875470476,30.00547875470476,0.0,0.0,0.0,0.0,0.0,2.0,12.0,18.0,14.0,0.0,32.0,,,,,0.0,32.0,,103.5,0.0,0.0,1.0,0.0,0.0,6.0,0.0,0.0,16.0,0.0,0.0,9.0,0.0,0.0,COMPLETED,60,5,500.0,98.6,0.0,0,8d8c385c898b7b3e,False,0.0,0.0,0.1070800098157695,0.0,0.0,1.0,0.0,1.0,0.008637577916295637,0.9913624220837044,0.009527170077628794,0.9904728299223712,0.026770002453942374,0.9963670504012151,0.003632949598784907,False
T060_P05_H0500_I0986_CN010_F1,California,unlimited_useful_deadline,unlimited,central_only,targeted_central,all_useful,deadline,-1.0,0.0,0.0,1.0,none,0.0,0,applicable,32.0,0.0,,0.0,7656.0,1610832.0,49680.361599929165,433.0,334.5,0.673304278043896,84.60388639760838,6.0,78.26984126984127,78.26984126984127,78.26984126984127,78.26984126984127,59.375,59.375,59.375,59.375,78.125,2.0,5.0,0.0,7.0,19.0,13.0,155.03333333333333,241.78333333333333,242.93673611111132,252.71736111111338,19.0,13.0,252.71736111111338,72.0,4.375,0.9196507936507936,1.0,0.0,0.0,6.0,0.0,0.0,16.0,100.0,62.5,9.0,100.0,100.0,COMPLETED,60,5,500.0,98.6,10.0,6,fc733ac430f38a5e,False,0.78125,0.59375,0.7227884015087921,0.32456585349147193,0.0,1.0,0.03333333333333333,0.9666666666666667,0.049777382012466606,0.9502226179875334,0.060162314749470716,0.9398376852505292,0.605588563750066,0.971345393980946,0.028654606019054008,True
T060_P05_H0500_I0986_CN020_F1,California,unlimited_useful_deadline,unlimited,central_only,targeted_central,all_useful,deadline,-1.0,0.0,0.0,1.0,none,0.0,0,applicable,32.0,0.0,,0.0,15393.0,3177100.0,79752.70719985157,575.0,460.5,0.5774098662833317,97.828447339848,6.0,83.33333333333333,83.33333333333333,83.33333333333333,83.33333333333333,78.125,78.125,78.125,78.125,78.125,2.0,5.0,0.0,7.0,25.0,7.0,90.98541666666763,150.0138888889004,150.73444444444445,155.03333333333333,25.0,7.0,155.03333333333333,67.0,7.025,0.8554567022538553,1.0,0.0,0.0,6.0,0.0,0.0,16.0,100.0,100.0,9.0,100.0,100.0,COMPLETED,60,5,500.0,98.6,20.0,12,42ca4ee669ec74a3,False,0.78125,0.78125,0.7873833612740918,0.6256590058243059,0.0,1.0,0.06666666666666667,0.9333333333333333,0.0722172751558326,0.9277827248441675,0.08521524347212421,0.9147847565278758,0.7438855917745995,0.9551801629410753,0.04481983705892467,True
T060_P05_H0500_I0986_CN030_F1,California,unlimited_useful_deadline,unlimited,central_only,targeted_central,all_useful,deadline,-1.0,0.0,0.0,1.0,none,0.0,0,applicable,32.0,0.0,,0.0,23029.0,4796052.0,110836.5855997643,702.0,568.5,0.5129172799069056,100.0,6.0,83.33333333333333,83.33333333333333,83.33333333333333,83.33333333333333,78.125,78.125,78.125,78.125,78.125,2.0,5.0,0.0,7.0,25.0,7.0,59.20069444444586,112.31666666667317,121.68194444445822,126.73472222222432,25.0,7.0,126.73472222222432,60.5,8.941666666666666,0.7936160298229264,1.0,0.0,0.0,6.0,0.0,0.0,16.0,100.0,100.0,9.0,100.0,100.0,COMPLETED,60,5,500.0,98.6,30.0,18,d74c6a3e0ea6ecb6,False,0.78125,0.78125,0.7873833612740918,0.712884299661165,0.0,1.0,0.1,0.9,0.09145146927871772,0.9085485307212823,0.10762173606210304,0.892378263937897,0.7656919152338142,0.9401853589318359,0.05981464106816414,False
T060_P05_H0500_I0986_CN040_F1,California,unlimited_useful_deadline,unlimited,central_only,targeted_central,all_useful,deadline,-1.0,0.0,0.0,1.0,none,0.0,0,applicable,32.0,0.0,,0.0,30250.0,6503484.0,143619.27999968838,836.0,695.5,0.48426645781924893,99.85621854780733,7.0,83.33333333333333,83.33333333333333,83.33333333333333,83.33333333333333,78.125,78.125,78.125,78.125,78.125,2.0,5.0,0.0,7.0,25.0,7.0,52.985416666666666,120.38805555555935,126.33472222222343,131.73472222222287,25.0,7.0,131.73472222222287,59.5,10.958333333333334,0.7130164765525984,1.0,0.0,0.0,6.0,0.0,0.0,16.0,100.0,100.0,9.0,100.0,100.0,COMPLETED,60,5,500.0,98.6,40.0,24,3bc5ce6920145ef1,False,0.78125,0.78125,0.7873833612740918,0.6974727140016497,0.0,1.0,0.13333333333333333,0.8666666666666667,0.11406945681211042,0.8859305431878896,0.13126323218066338,0.8687367678193366,0.7618390188189353,0.9242667955347785,0.07573320446522147,False
T060_P05_H0500_I0986_CN050_F1,California,unlimited_useful_deadline,unlimited,central_only,targeted_central,all_useful,deadline,-1.0,0.0,0.0,1.0,none,0.0,0,applicable,32.0,0.0,,0.0,37640.0,8337356.0,178829.62239960607,937.0,772.5,0.4319754130407993,100.0,8.0,83.33333333333333,83.33333333333333,83.33333333333333,83.33333333333333,78.125,78.125,78.125,78.125,78.125,2.0,5.0,0.0,7.0,25.0,7.0,54.63472222222505,96.98805555555566,98.42916666666696,99.73472222222239,25.0,7.0,99.73472222222239,52.0,12.416666666666666,0.6396868008948546,1.0,0.0,0.0,6.0,0.0,0.0,16.0,100.0,100.0,9.0,100.0,100.0,COMPLETED,60,5,500.0,98.6,50.0,30,a6a091087350020b,False,0.78125,0.78125,0.7873833612740918,0.7961068622225779,0.0,1.0,0.16666666666666666,0.8333333333333334,0.12778272484416742,0.8722172751558326,0.14908256880733944,0.8509174311926606,0.7864975558741674,0.9112936079363654,0.08870639206363462,False
T060_P05_H0500_I0986_CN060_F1,California,unlimited_useful_deadline,unlimited,central_only,targeted_central,all_useful,deadline,-1.0,0.0,0.0,1.0,none,0.0,0,applicable,32.0,0.0,,0.0,45633.0,10337884.0,217239.7599995076,1087.0,918.0,0.42257457842987894,100.0,8.0,84.0,84.0,84.0,84.0,78.125,78.125,78.125,78.125,81.25,2.0,4.0,0.0,6.0,25.0,7.0,51.200694444449255,100.7880555555557,109.42916666666696,110.73472222222239,25.0,7.0,110.73472222222239,63.5,14.658333333333333,0.6105457646389996,1.0,0.0,0.0,6.0,16.666666666666664,0.0,16.0,100.0,100.0,9.0,100.0,100.0,COMPLETED,60,5,500.0,98.6,60.0,36,36489842aa8a1aee,False,0.8125,0.78125,0.7958880268231282,0.7622013737716343,0.0,1.0,0.2,0.8,0.1536954585930543,0.8463045414069457,0.1755469301340861,0.8244530698659139,0.7879598501486906,0.894151522254572,0.10584847774542805,False
T060_P05_H0500_I0986_CN070_F1,California,unlimited_useful_deadline,unlimited,central_only,targeted_central,all_useful,deadline,-1.0,0.0,0.0,1.0,none,0.0,0,applicable,32.0,0.0,,0.0,54673.0,12584272.0,260370.40959940403,1196.0,1003.5,0.38541245971227944,100.0,9.0,83.33333333333333,83.33333333333333,83.33333333333333,83.33333333333333,78.125,78.125,78.125,78.125,78.125,2.0,5.0,0.0,7.0,25.0,7.0,43.55138888888857,90.58805555556178,93.22916666666977,94.73472222222384,25.0,7.0,94.73472222222384,88.0,16.091666666666665,0.5777058518902123,1.0,0.0,0.0,6.0,0.0,0.0,16.0,100.0,100.0,9.0,100.0,100.0,COMPLETED,60,5,500.0,98.6,70.0,42,0db530a2b7d4fd6d,False,0.78125,0.78125,0.7873833612740918,0.8115184478820932,0.0,1.0,0.23333333333333334,0.7666666666666666,0.16892252894033838,0.8310774710596616,0.19477769936485534,0.8052223006351447,0.7903504522890462,0.8805932876722946,0.11940671232770539,False
T060_P05_H0500_I0986_CN080_F1,California,unlimited_useful_deadline,unlimited,central_only,targeted_central,all_useful,deadline,-1.0,0.0,0.0,1.0,none,0.0,0,applicable,32.0,0.0,,0.0,62545.0,14797652.0,302867.30559930747,1349.0,1149.5,0.37953915089164,100.0,11.0,85.33333333333333,85.33333333333333,85.33333333333333,85.33333333333333,78.125,78.125,78.125,78.125,81.25,2.0,4.0,0.0,6.0,25.0,7.0,42.801388888889534,88.93527777778603,90.53472222222481,91.6027777777781,25.0,7.0,91.6027777777781,64.5,18.491666666666667,0.45178759200841223,1.0,0.0,0.0,6.0,16.666666666666664,0.0,16.0,100.0,100.0,9.0,100.0,100.0,COMPLETED,60,5,500.0,98.6,80.0,48,16b780438dc60bc0,False,0.8125,0.78125,0.8128973579212008,0.8211720938993797,0.0,1.0,0.26666666666666666,0.7333333333333334,0.19492430988423864,0.8050756901157614,0.2217713479181369,0.7782286520818631,0.8069548629551451,0.8633275351061915,0.13667246489380847,False
T060_P05_H0500_I0986_CN090_F1,California,unlimited_useful_deadline,unlimited,central_only,targeted_central,all_useful,deadline,-1.0,0.0,0.0,1.0,none,0.0,0,applicable,32.0,0.0,,0.0,70129.0,17050232.0,346116.8415992034,1477.0,1268.0,0.36635027470530296,100.0,9.0,84.66666666666667,84.66666666666667,84.66666666666667,84.66666666666667,78.125,78.125,78.125,78.125,81.25,2.0,4.0,0.0,6.0,25.0,7.0,44.851388888898754,80.78805555555651,90.33472222222257,92.6027777777781,25.0,7.0,92.6027777777781,59.0,20.416666666666668,0.4386938775510205,1.0,0.0,0.0,6.0,16.666666666666664,0.0,16.0,100.0,100.0,9.0,100.0,100.0,COMPLETED,60,5,500.0,98.6,90.0,54,d514c414a2d1fd7b,False,0.8125,0.78125,0.8043926923721646,0.8180897767674757,0.0,1.0,0.3,0.7,0.21602849510240427,0.7839715048975957,0.24435426958362738,0.7556457304163726,0.8040581172849101,0.8479234470627937,0.15207655293720634,False
T060_P05_H0500_I0986_CN100_F1,California,unlimited_useful_deadline,unlimited,central_only,targeted_central,all_useful,deadline,-1.0,0.0,0.0,1.0,none,0.0,0,applicable,32.0,0.0,,0.0,78662.0,19541108.0,393941.6607990953,1599.0,1378.5,0.34992490949136135,100.0,10.0,85.33333333333333,85.33333333333333,85.33333333333333,85.33333333333333,78.125,78.125,78.125,78.125,81.25,2.0,4.0,0.0,6.0,25.0,7.0,33.36736111111095,80.7352777777814,89.53472222222257,91.6027777777781,25.0,7.0,91.6027777777781,62.0,22.291666666666668,0.37108411214953274,1.0,0.0,0.0,6.0,16.666666666666664,0.0,16.0,100.0,100.0,9.0,100.0,100.0,COMPLETED,60,5,500.0,98.6,100.0,60,3bc7d2ca991214e7,False,0.8125,0.78125,0.8128973579212008,0.8211720938993797,0.0,1.0,0.3333333333333333,0.6666666666666667,0.2357079252003562,0.7642920747996438,0.26587861679604796,0.734121383203952,0.8069548629551451,0.8330160249340526,0.16698397506594742,False
T060_P05_H0800_I0600_CN000_F1,California,unlimited_useful_deadline,unlimited,central_only,targeted_central,all_useful,deadline,-1.0,0.0,0.0,1.0,none,0.0,0,applicable,32.0,0.0,,0.0,1198.0,676692.0,67669.2,257.0,219.5,0.3243720924733852,0.0,1.0,61.90936499436856,61.90936499436856,61.90936499436856,61.90936499436856,9.375,9.375,9.375,9.375,59.375,0.0,0.0,13.0,0.0,3.0,29.0,39.78333333333333,59.71666666666667,62.208333333333336,64.7,3.0,29.0,64.7,219.5,0.0,0.0,1.0,0.0,0.0,6.0,0.0,33.33333333333333,16.0,62.5,6.25,9.0,100.0,0.0,COMPLETED,60,5,800.0,60.0,0.0,0,b7fed4ea9188db45,False,0.59375,0.09375,0.5140778330900337,0.9040949867396304,0.0,1.0,0.0,1.0,0.02929652715939448,0.9707034728406055,0.029110797459421314,0.9708892025405786,0.526418204957416,0.9883185350762369,0.011681464923763096,True
T060_P05_H0800_I0600_CN010_F1,California,unlimited_useful_deadline,unlimited,central_only,targeted_central,all_useful,deadline,-1.0,0.0,0.0,1.0,none,0.0,0,applicable,32.0,0.0,,0.0,5423.0,1261040.0,78888.68159995033,542.0,442.0,0.5602831623443917,54.751131221719454,4.0,85.37650199274071,85.37650199274071,85.37650199274071,85.37650199274071,15.625,15.625,15.625,15.625,75.0,0.0,0.0,8.0,0.0,5.0,27.0,48.01944444444428,75.7,79.36666666666666,83.03333333333333,5.0,27.0,83.03333333333333,250.5,3.191666666666667,0.8253698868581376,1.0,0.0,0.0,6.0,0.0,33.33333333333333,16.0,93.75,18.75,9.0,100.0,0.0,COMPLETED,60,5,800.0,60.0,10.0,6,afcfd79b7c0590b4,False,0.75,0.15625,0.8134480604368909,0.8475858393213911,0.0,1.0,0.03333333333333333,0.9666666666666667,0.06892252894033837,0.9310774710596617,0.07939308398023995,0.9206069160197601,0.6418209749395705,0.9636702107492177,0.03632978925078234,True
T060_P05_H0800_I0600_CN020_F1,California,unlimited_useful_deadline,unlimited,central_only,targeted_central,all_useful,deadline,-1.0,0.0,0.0,1.0,none,0.0,0,applicable,32.0,0.0,,0.0,8931.0,1869152.0,90564.43199990451,728.0,616.0,0.6801787262362,75.08116883116882,6.0,93.14450379369735,93.14450379369735,93.14450379369735,93.14450379369735,46.875,46.875,46.875,46.875,75.0,0.0,0.0,8.0,0.0,15.0,17.0,107.80138888888905,149.5747222222248,157.406388888893,168.1513888888944,15.0,17.0,168.1513888888944,241.5,6.241666666666666,0.7547174009790834,1.0,0.0,0.0,6.0,0.0,33.33333333333333,16.0,93.75,75.0,9.0,100.0,11.11111111111111,COMPLETED,60,5,800.0,60.0,20.0,12,9526ad7f5b89b2ef,False,0.75,0.46875,0.912544446389063,0.585224998448132,0.0,1.0,0.06666666666666667,0.9333333333333333,0.09991095280498664,0.9000890471950134,0.1122088920254058,0.8877911079745942,0.6791298612092987,0.9442426977005882,0.05575730229941178,False
T060_P05_H0800_I0600_CN030_F1,California,unlimited_useful_deadline,unlimited,central_only,targeted_central,all_useful,deadline,-1.0,0.0,0.0,1.0,none,0.0,0,applicable,32.0,0.0,,0.0,12492.0,2550144.0,103639.4783998532,875.0,761.5,0.7347586187784969,84.0446487196323,7.0,97.38839285714286,97.38839285714286,97.38839285714286,97.38839285714286,90.625,90.625,90.625,90.625,84.375,0.0,0.0,5.0,0.0,29.0,3.0,96.93472222222614,195.28750000000372,223.23472222222472,246.20069444444454,29.0,3.0,246.20069444444454,254.5,8.45,0.713905325443787,1.0,0.0,0.0,6.0,50.0,83.33333333333334,16.0,93.75,93.75,9.0,100.0,100.0,COMPLETED,60,5,800.0,60.0,30.0,18,6030b4d0749e88b7,False,0.84375,0.90625,0.9666837320567886,0.34465228680105275,0.0,1.0,0.1,0.9,0.12582368655387355,0.8741763134461265,0.1381439661256175,0.8618560338743825,0.7653340047144603,0.9272064694641019,0.0727935305358981,False
T060_P05_H0800_I0600_CN040_F1,California,unlimited_useful_deadline,unlimited,central_only,targeted_central,all_useful,deadline,-1.0,0.0,0.0,1.0,none,0.0,0,applicable,32.0,0.0,,0.0,14883.0,3351700.0,119029.3535998144,1006.0,895.0,0.7519153661953479,88.37988826815642,8.0,96.74107142857143,96.74107142857143,96.74107142857143,96.74107142857143,87.5,87.5,87.5,87.5,81.25,0.0,0.0,6.0,0.0,28.0,4.0,85.24305555556373,104.34902777777768,107.14805555555567,108.23541666666667,28.0,4.0,108.23541666666667,239.0,10.933333333333334,0.6602896341463416,1.0,0.0,0.0,6.0,33.33333333333333,50.0,16.0,93.75,100.0,9.0,100.0,100.0,COMPLETED,60,5,800.0,60.0,40.0,24,025d3e2795ca1990,False,0.8125,0.875,0.9584258536777019,0.7699050261033864,0.0,1.0,0.13333333333333333,0.8666666666666667,0.1495992876224399,0.8504007123775601,0.16125617501764292,0.8387438249823571,0.8539577199452721,0.9111622408053168,0.08883775919468317,False
T060_P05_H0800_I0600_CN050_F1,California,unlimited_useful_deadline,unlimited,central_only,targeted_central,all_useful,deadline,-1.0,0.0,0.0,1.0,none,0.0,0,applicable,32.0,0.0,,0.0,18446.0,4235124.0,135991.09439974884,1158.0,1058.5,0.7783597923614879,92.01700519603212,9.0,97.1875,97.1875,97.1875,97.1875,90.625,90.625,90.625,90.625,81.25,0.0,0.0,6.0,0.0,29.0,3.0,77.55138888889245,103.20416666666705,105.50138888889244,111.36736111111387,29.0,3.0,111.36736111111387,255.0,13.391666666666667,0.6398361335822444,1.0,0.0,0.0,6.0,33.33333333333333,66.66666666666666,16.0,93.75,100.0,9.0,100.0,100.0,COMPLETED,60,5,800.0,60.0,50.0,30,b2635c7e6a78a8c9,False,0.8125,0.90625,0.964120942215003,0.7602513800860954,0.0,1.0,0.16666666666666666,0.8333333333333334,0.17871772039180767,0.8212822796081923,0.18807339449541285,0.8119266055045872,0.8607805805752746,0.8933084436892227,0.10669155631077731,False
T060_P05_H0800_I0600_CN060_F1,California,unlimited_useful_deadline,unlimited,central_only,targeted_central,all_useful,deadline,-1.0,0.0,0.0,1.0,none,0.0,0,applicable,32.0,0.0,,0.0,21578.0,5152800.0,153610.4735996895,1298.0,1203.5,0.7834752226181749,94.39135853759868,8.0,98.4375,98.4375,98.4375,98.4375,96.875,96.875,96.875,96.875,90.625,0.0,0.0,3.0,0.0,31.0,1.0,72.63472222226883,85.63472222222238,85.93506944444465,88.23541666666812,31.0,1.0,88.23541666666812,243.5,16.0,0.6002083333333335,1.0,0.0,0.0,6.0,66.66666666666666,100.0,16.0,100.0,100.0,9.0,100.0,100.0,COMPLETED,60,5,800.0,60.0,60.0,36,c6016bd906c8c08e,False,0.90625,0.96875,0.9800671901194461,0.8315513687414612,0.0,1.0,0.2,0.8,0.2045414069456812,0.7954585930543188,0.21277346506704306,0.7872265349329569,0.9216546397152268,0.8765370255974552,0.12346297440254483,False
T060_P05_H0800_I0600_CN070_F1,California,unlimited_useful_deadline,unlimited,central_only,targeted_central,all_useful,deadline,-1.0,0.0,0.0,1.0,none,0.0,0,applicable,32.0,0.0,,0.0,25611.0,6177520.0,173285.09759960443,1465.0,1378.0,0.7952212966310761,96.40783744557329,8.0,99.21875,99.21875,99.21875,99.21875,96.875,96.875,96.875,96.875,90.625,0.0,0.0,3.0,0.0,31.0,1.0,68.11736111111095,89.80277777777786,91.23541666666982,92.10347222222724,31.0,1.0,92.10347222222724,208.5,19.491666666666667,0.5857987744050164,1.0,0.0,0.0,6.0,66.66666666666666,100.0,16.0,100.0,100.0,9.0,100.0,100.0,COMPLETED,60,5,800.0,60.0,70.0,42,3899769d96ca6f54,False,0.90625,0.96875,0.9900335950597231,0.8196287948354051,0.0,1.0,0.23333333333333334,0.7666666666666666,0.23561887800534284,0.7643811219946571,0.24223712067748765,0.7577628793225124,0.921165597473782,0.8577621335967673,0.14223786640323266,False
T060_P05_H0800_I0600_CN080_F1,California,unlimited_useful_deadline,unlimited,central_only,targeted_central,all_useful,deadline,-1.0,0.0,0.0,1.0,none,0.0,0,applicable,32.0,0.0,,0.0,28371.0,7245168.0,193783.93919953587,1578.0,1496.0,0.7719938020558017,98.96390374331551,10.0,99.21875,99.21875,99.21875,99.21875,96.875,96.875,96.875,96.875,90.625,0.0,0.0,3.0,0.0,31.0,1.0,65.9347222222293,79.11736111111144,79.87604166667703,83.71736111111314,31.0,1.0,83.71736111111314,163.5,22.208333333333332,0.5946153846153848,1.0,0.0,0.0,6.0,66.66666666666666,100.0,16.0,100.0,100.0,9.0,100.0,100.0,COMPLETED,60,5,800.0,60.0,80.0,48,9627e5df5558562c,False,0.90625,0.96875,0.9900335950597231,0.8454774487832422,0.0,1.0,0.26666666666666666,0.7333333333333334,0.2566340160284951,0.7433659839715049,0.26217360621030344,0.7378263937896965,0.9276277609607413,0.8429051422189071,0.1570948577810929,False
T060_P05_H0800_I0600_CN090_F1,California,unlimited_useful_deadline,unlimited,central_only,targeted_central,all_useful,deadline,-1.0,0.0,0.0,1.0,none,0.0,0,applicable,32.0,0.0,,0.0,30586.0,8390284.0,215770.16639947036,1725.0,1643.5,0.7616901017526556,98.72223912382111,10.0,99.21875,99.21875,99.21875,99.21875,96.875,96.875,96.875,96.875,90.625,0.0,0.0,3.0,0.0,31.0,1.0,59.85138888894192,79.11736111111337,79.21805555555845,79.55138888889341,31.0,1.0,79.55138888889341,191.5,24.2,0.5347451790633608,1.0,0.0,0.0,6.0,66.66666666666666,100.0,16.0,100.0,100.0,9.0,100.0,100.0,COMPLETED,60,5,800.0,60.0,90.0,54,c8d6755a1dbf458f,False,0.90625,0.96875,0.9900335950597231,0.858318296334826,0.0,1.0,0.3,0.7,0.2829029385574354,0.7170970614425646,0.2881086803105152,0.7118913196894848,0.9308379728486373,0.8257976762264099,0.17420232377359013,False
T060_P05_H0800_I0600_CN100_F1,California,unlimited_useful_deadline,unlimited,central_only,targeted_central,all_useful,deadline,-1.0,0.0,0.0,1.0,none,0.0,0,applicable,32.0,0.0,,0.0,33088.0,9627988.0,239534.08319939434,1874.0,1810.0,0.7556335932758719,100.0,10.0,99.21875,99.21875,99.21875,99.21875,96.875,96.875,96.875,96.875,90.625,0.0,0.0,3.0,0.0,31.0,1.0,57.93472222222299,68.55138888888857,69.00104166666878,69.23541666666667,31.0,1.0,69.23541666666667,158.5,27.525,0.4936673730951662,1.0,0.0,0.0,6.0,66.66666666666666,100.0,16.0,100.0,100.0,9.0,100.0,100.0,COMPLETED,60,5,800.0,60.0,100.0,60,e7a87f8c603ccca3,False,0.90625,0.96875,0.9900335950597231,0.890115394247641,0.0,1.0,0.3333333333333333,0.6666666666666667,0.31255565449688333,0.6874443455031167,0.31439661256175017,0.6856033874382499,0.938787247326841,0.8079428799216066,0.19205712007839337,False
T060_P05_H0800_I0800_CN000_F1,California,unlimited_useful_deadline,unlimited,central_only,targeted_central,all_useful,deadline,-1.0,0.0,0.0,1.0,none,0.0,0,applicable,32.0,0.0,,0.0,878.0,443768.0,44376.8,234.0,145.5,0.32787402426493123,0.0,1.0,38.27554983393799,38.27554983393799,38.27554983393799,38.27554983393799,0.0,0.0,0.0,0.0,0.0,0.0,11.0,21.0,11.0,0.0,32.0,,,,,0.0,32.0,,145.5,0.0,0.0,1.0,0.0,0.0,6.0,0.0,0.0,16.0,0.0,0.0,9.0,0.0,0.0,COMPLETED,60,5,800.0,80.0,0.0,0,d66fd11285de216b,False,0.0,0.0,0.21258129270922424,0.0,0.0,1.0,0.0,1.0,0.01611754229741763,0.9838824577025824,0.025052928722653495,0.9749470712773465,0.05314532317730606,0.9917659057959858,0.00823409420401422,False
T060_P05_H0800_I0800_CN010_F1,California,unlimited_useful_deadline,unlimited,central_only,targeted_central,all_useful,deadline,-1.0,0.0,0.0,1.0,none,0.0,0,applicable,32.0,0.0,,0.0,7304.0,1706948.0,68629.85599992494,476.0,368.5,0.5369383260842089,85.21031207598372,7.0,70.47208000333,70.47208000333,70.47208000333,70.47208000333,34.375,34.375,34.375,34.375,75.0,0.0,5.0,3.0,5.0,11.0,21.0,299.76666666666665,305.93333333333334,306.39166666666665,306.85,11.0,21.0,306.85,85.5,4.716666666666667,0.9070671378091872,1.0,0.0,0.0,6.0,33.33333333333333,0.0,16.0,81.25,25.0,9.0,100.0,77.77777777777779,COMPLETED,60,5,800.0,80.0,10.0,6,73d87c7bd730de84,False,0.75,0.34375,0.6233123741044297,0.15771189324908597,0.0,1.0,0.03333333333333333,0.9666666666666667,0.055832591273374886,0.9441674087266251,0.06774876499647142,0.9322512350035286,0.4686935668383789,0.9686170620793642,0.031382937920635845,False
T060_P05_H0800_I0800_CN020_F1,California,unlimited_useful_deadline,unlimited,central_only,targeted_central,all_useful,deadline,-1.0,0.0,0.0,1.0,none,0.0,0,applicable,32.0,0.0,,0.0,13968.0,3009448.0,93637.85599983108,676.0,576.5,0.6156697991900199,97.83174327840416,6.0,83.66071428571428,83.66071428571428,83.66071428571428,83.66071428571428,78.125,78.125,78.125,78.125,78.125,0.0,2.0,5.0,2.0,25.0,7.0,89.93472222223438,101.07222222222403,113.17777777777806,116.55138888888857,25.0,7.0,116.55138888888857,67.0,8.725,0.8326488379496977,1.0,0.0,0.0,6.0,33.33333333333333,0.0,16.0,87.5,100.0,9.0,100.0,100.0,COMPLETED,60,5,800.0,80.0,20.0,12,088dc226365d5ac3,False,0.78125,0.78125,0.7915597595347792,0.7442725624543944,0.0,1.0,0.06666666666666667,0.9333333333333333,0.09287622439893144,0.9071237756010686,0.10303458009880029,0.8969654199011997,0.7745830804972934,0.9474845057671204,0.0525154942328796,True
T060_P05_H0800_I0800_CN030_F1,California,unlimited_useful_deadline,unlimited,central_only,targeted_central,all_useful,deadline,-1.0,0.0,0.0,1.0,none,0.0,0,applicable,32.0,0.0,,0.0,20552.0,4395664.0,120253.20319972374,842.0,755.5,0.6282576928493292,100.0,6.0,93.94345238095238,93.94345238095238,93.94345238095238,93.94345238095238,84.375,84.375,84.375,84.375,84.375,0.0,1.0,4.0,1.0,27.0,5.0,66.66944444444476,90.00777777778521,92.69618055555543,98.36736111111095,27.0,5.0,98.36736111111095,78.0,11.85,0.7820440693858417,1.0,0.0,0.0,6.0,66.66666666666666,33.33333333333333,16.0,87.5,100.0,9.0,100.0,100.0,COMPLETED,60,5,800.0,80.0,30.0,18,b5b03be44ccff74b,False,0.84375,0.84375,0.9227366321772815,0.8003215028008559,0.0,1.0,0.1,0.9,0.12475512021371327,0.8752448797862867,0.13232180663373325,0.8676781933662667,0.8526395337445344,0.9285846146305108,0.07141538536948921,False
T060_P05_H0800_I0800_CN040_F1,California,unlimited_useful_deadline,unlimited,central_only,targeted_central,all_useful,deadline,-1.0,0.0,0.0,1.0,none,0.0,0,applicable,32.0,0.0,,0.0,29210.0,6100884.0,152993.42719959025,1006.0,931.5,0.608849685277522,100.0,7.0,97.54464285714286,97.54464285714286,97.54464285714286,97.54464285714286,93.75,93.75,93.75,93.75,87.5,0.0,0.0,4.0,0.0,30.0,2.0,59.97256944447945,80.84131944444502,82.30069444444747,85.36736111111144,30.0,2.0,85.36736111111144,86.0,14.7,0.7217498110355254,1.0,100.0,0.0,6.0,66.66666666666666,83.33333333333334,16.0,87.5,100.0,9.0,100.0,100.0,COMPLETED,60,5,800.0,80.0,40.0,24,f674a1c992b88ffc,False,0.875,0.9375,0.968677013044844,0.8403916255156059,0.0,1.0,0.13333333333333333,0.8666666666666667,0.15609973285841497,0.8439002671415851,0.16125617501764292,0.8387438249823571,0.9053921596401124,0.9098621517581218,0.0901378482418782,False
T060_P05_H0800_I0800_CN050_F1,California,unlimited_useful_deadline,unlimited,central_only,targeted_central,all_useful,deadline,-1.0,0.0,0.0,1.0,none,0.0,0,applicable,32.0,0.0,,0.0,36378.0,7709424.0,183877.3951994412,1150.0,1087.5,0.5914266943038058,100.0,11.0,97.99107142857143,97.99107142857143,97.99107142857143,97.99107142857143,93.75,93.75,93.75,93.75,100.0,0.0,0.0,0.0,0.0,30.0,2.0,49.69340277777786,63.26076388888966,64.57100694444564,68.3673611111124,30.0,2.0,68.3673611111124,80.5,17.241666666666667,0.689681005316578,1.0,100.0,0.0,6.0,100.0,83.33333333333334,16.0,100.0,100.0,9.0,100.0,100.0,COMPLETED,60,5,800.0,80.0,50.0,30,b6cc787b10c5ed63,False,1.0,0.9375,0.974372101582145,0.8927910167579702,0.0,1.0,0.16666666666666666,0.8333333333333334,0.18388245770258238,0.8161175422974176,0.1866619618913197,0.8133380381086803,0.9511657795850288,0.8925577827478863,0.10744221725211367,True
T060_P05_H0800_I0800_CN060_F1,California,unlimited_useful_deadline,unlimited,central_only,targeted_central,all_useful,deadline,-1.0,0.0,0.0,1.0,none,0.0,0,applicable,32.0,0.0,,0.0,43691.0,9527120.0,218777.15839929436,1312.0,1251.5,0.5720432650084354,100.0,8.0,98.4375,98.4375,98.4375,98.4375,96.875,96.875,96.875,96.875,96.875,0.0,0.0,1.0,0.0,31.0,1.0,53.117361111111435,68.3673611111124,69.5260416666666,70.15138888889051,31.0,1.0,70.15138888889051,87.0,20.025,0.5954709391038979,1.0,100.0,0.0,6.0,83.33333333333334,100.0,16.0,100.0,100.0,9.0,100.0,100.0,COMPLETED,60,5,800.0,80.0,60.0,36,e1c93b0fa0173778,False,0.96875,0.96875,0.9800671901194461,0.8872920773747323,0.0,1.0,0.2,0.8,0.2130899376669635,0.7869100623330365,0.21524347212420608,0.784756527875794,0.9512148168735446,0.8743333180417662,0.12566668195823383,False
T060_P05_H0800_I0800_CN070_F1,California,unlimited_useful_deadline,unlimited,central_only,targeted_central,all_useful,deadline,-1.0,0.0,0.0,1.0,none,0.0,0,applicable,32.0,0.0,,0.0,49755.0,11219380.0,251268.55039913335,1467.0,1422.0,0.5659283653848407,100.0,10.0,100.0,100.0,100.0,100.0,100.0,100.0,100.0,100.0,100.0,0.0,0.0,0.0,0.0,32.0,0.0,46.79409722222505,51.5079861111191,52.009861111111086,56.20069444445047,32.0,0.0,56.20069444445047,111.0,22.783333333333335,0.5801633747866375,1.0,100.0,100.0,6.0,100.0,100.0,16.0,100.0,100.0,9.0,100.0,100.0,COMPLETED,60,5,800.0,80.0,70.0,42,f211c2382d3a42f6,False,1.0,1.0,1.0,0.9302925418627872,0.0,1.0,0.23333333333333334,0.7666666666666666,0.24345503116651826,0.7565449688334818,0.24258997882851094,0.757410021171489,0.9825731354656968,0.8561243313343275,0.14387566866567247,True
T060_P05_H0800_I0800_CN080_F1,California,unlimited_useful_deadline,unlimited,central_only,targeted_central,all_useful,deadline,-1.0,0.0,0.0,1.0,none,0.0,0,applicable,32.0,0.0,,0.0,57517.0,13205320.0,289398.5983989445,1619.0,1571.5,0.5430226713930525,100.0,15.0,99.21875,99.21875,99.21875,99.21875,96.875,96.875,96.875,96.875,100.0,0.0,0.0,0.0,0.0,31.0,1.0,43.58541666666763,50.20069444444477,51.98576388888923,52.16875000000291,31.0,1.0,52.16875000000291,122.0,25.258333333333333,0.5436984493566481,1.0,100.0,0.0,6.0,100.0,100.0,16.0,100.0,100.0,9.0,100.0,100.0,COMPLETED,60,5,800.0,80.0,80.0,48,4a9b2042b0c5e712,False,1.0,0.96875,0.9900335950597231,0.9427202732987929,0.0,1.0,0.26666666666666666,0.7333333333333334,0.27008014247551204,0.729919857524488,0.26940719830628085,0.7305928016937191,0.975375967089629,0.8387691985103082,0.16123080148969182,True
T060_P05_H0800_I0800_CN090_F1,California,unlimited_useful_deadline,unlimited,central_only,targeted_central,all_useful,deadline,-1.0,0.0,0.0,1.0,none,0.0,0,applicable,32.0,0.0,,0.0,65826.0,15315484.0,329913.74719873676,1767.0,1728.5,0.5239248181309549,100.0,13.0,100.0,100.0,100.0,100.0,100.0,100.0,100.0,100.0,100.0,0.0,0.0,0.0,0.0,32.0,0.0,40.18472222222602,47.07909722222229,51.18888888888878,60.20069444444452,32.0,0.0,60.20069444444452,116.0,27.708333333333332,0.46339348370927325,1.0,100.0,100.0,6.0,100.0,100.0,16.0,100.0,100.0,9.0,100.0,100.0,COMPLETED,60,5,800.0,80.0,90.0,54,7edfcd8a81b3d8ad,False,1.0,1.0,1.0,0.9179632733351897,0.0,1.0,0.3,0.7,0.2980409617097061,0.7019590382902938,0.2955187014820042,0.7044812985179958,0.9794908183337974,0.821288067361658,0.17871193263834195,False
T060_P05_H0800_I0800_CN100_F1,California,unlimited_useful_deadline,unlimited,central_only,targeted_central,all_useful,deadline,-1.0,0.0,0.0,1.0,none,0.0,0,applicable,32.0,0.0,,0.0,74024.0,17497832.0,371814.8287985151,1918.0,1886.0,0.5072417380701122,100.0,16.0,100.0,100.0,100.0,100.0,100.0,100.0,100.0,100.0,100.0,0.0,0.0,0.0,0.0,32.0,0.0,35.518402777783024,40.95000000000946,43.60920138888928,45.03680555555717,32.0,0.0,45.03680555555717,121.5,30.366666666666667,0.4060281741675815,1.0,100.0,100.0,6.0,100.0,100.0,16.0,100.0,100.0,9.0,100.0,100.0,COMPLETED,60,5,800.0,80.0,100.0,60,e25379ff93f83a35,False,1.0,1.0,1.0,0.9647031878436954,0.0,1.0,0.3333333333333333,0.6666666666666667,0.3260908281389136,0.6739091718610863,0.3221594918842625,0.6778405081157375,0.9911757969609238,0.8036832693286982,0.19631673067130184,True
T060_P05_H0800_I0986_CN000_F1,California,unlimited_useful_deadline,unlimited,central_only,targeted_central,all_useful,deadline,-1.0,0.0,0.0,1.0,none,0.0,0,applicable,32.0,0.0,,0.0,878.0,432184.0,43218.4,151.0,110.5,0.25567813708975806,0.0,1.0,34.384040008266005,34.384040008266005,34.384040008266005,34.384040008266005,0.0,0.0,0.0,0.0,46.875,2.0,8.0,7.0,10.0,0.0,32.0,,,,,0.0,32.0,,110.5,0.0,0.0,1.0,0.0,0.0,6.0,0.0,0.0,16.0,50.0,0.0,9.0,77.77777777777779,0.0,COMPLETED,60,5,800.0,98.6,0.0,0,5d406c9ef0d03a3d,False,0.46875,0.0,0.16293730838703094,0.0,0.0,1.0,0.0,1.0,0.009884238646482637,0.9901157613535173,0.010409315455187015,0.989590684544813,0.15792182709675773,0.9959412891796661,0.004058710820333933,True
T060_P05_H0800_I0986_CN010_F1,California,unlimited_useful_deadline,unlimited,central_only,targeted_central,all_useful,deadline,-1.0,0.0,0.0,1.0,none,0.0,0,applicable,32.0,0.0,,0.0,7009.0,1695844.0,67480.67199992677,439.0,353.0,0.5231127514562735,89.51841359773371,6.0,81.22222222222221,81.22222222222221,81.22222222222221,81.22222222222221,53.125,53.125,53.125,53.125,84.375,2.0,3.0,0.0,5.0,17.0,15.0,163.73472222223353,237.06666666666666,244.95680555555757,264.71736111112114,17.0,15.0,264.71736111112114,70.5,4.708333333333333,0.9123008849557523,1.0,0.0,0.0,6.0,33.33333333333333,0.0,16.0,100.0,50.0,9.0,100.0,100.0,COMPLETED,60,5,800.0,98.6,10.0,6,136eed3670d2cedb,False,0.84375,0.53125,0.76045192036881,0.2875780479086004,0.0,1.0,0.03333333333333333,0.9666666666666667,0.05307212822796082,0.9469278717720392,0.06122088920254058,0.9387791107974595,0.6057574920693526,0.9704747298472332,0.029525270152766847,True
T060_P05_H0800_I0986_CN020_F1,California,unlimited_useful_deadline,unlimited,central_only,targeted_central,all_useful,deadline,-1.0,0.0,0.0,1.0,none,0.0,0,applicable,32.0,0.0,,0.0,14133.0,3134552.0,95103.86559983705,624.0,545.0,0.5730576739048279,99.1743119266055,6.0,96.66666666666667,96.66666666666667,96.66666666666667,96.66666666666667,90.625,90.625,90.625,90.625,90.625,2.0,1.0,0.0,3.0,29.0,3.0,77.73611111111231,105.56805555555579,105.89513888888953,131.7347222222224,29.0,3.0,131.7347222222224,78.0,8.45,0.8434253780407628,1.0,0.0,0.0,6.0,66.66666666666666,66.66666666666666,16.0,100.0,100.0,9.0,100.0,100.0,COMPLETED,60,5,800.0,98.6,20.0,12,6b1f40becec9d0cd,False,0.90625,0.90625,0.9574766722548185,0.697472714001651,0.0,1.0,0.06666666666666667,0.9333333333333333,0.08726625111308994,0.9127337488869101,0.09386026817219478,0.9061397318278053,0.8668623465641174,0.9504413628096098,0.04955863719039022,True
T060_P05_H0800_I0986_CN030_F1,California,unlimited_useful_deadline,unlimited,central_only,targeted_central,all_useful,deadline,-1.0,0.0,0.0,1.0,none,0.0,0,applicable,32.0,0.0,,0.0,20975.0,4614712.0,123522.93759973062,770.0,683.5,0.5533385242300864,99.85369422092172,7.0,97.5,97.5,97.5,97.5,87.5,87.5,87.5,87.5,90.625,2.0,0.0,1.0,2.0,28.0,4.0,64.65208333333503,84.96736111111132,92.47388888889431,99.36736111111531,28.0,4.0,99.36736111111531,73.5,10.625,0.7864705882352943,1.0,0.0,0.0,6.0,66.66666666666666,50.0,16.0,100.0,100.0,9.0,100.0,100.0,COMPLETED,60,5,800.0,98.6,30.0,18,47731bc3a4865afd,False,0.90625,0.875,0.9681075041911138,0.7972391856689385,0.0,1.0,0.1,0.9,0.11193232413178984,0.8880676758682101,0.11961891319689485,0.8803810868031051,0.8866491724650131,0.9336897525342631,0.06631024746573688,True
T060_P05_H0800_I0986_CN040_F1,California,unlimited_useful_deadline,unlimited,central_only,targeted_central,all_useful,deadline,-1.0,0.0,0.0,1.0,none,0.0,0,applicable,32.0,0.0,,0.0,27677.0,6184536.0,153663.55839961866,967.0,901.5,0.5866713028052832,99.88907376594564,9.0,100.0,100.0,100.0,100.0,93.75,93.75,93.75,93.75,93.75,2.0,0.0,0.0,2.0,30.0,2.0,53.6100694444475,75.01597222222253,81.1638888888889,84.01944444444429,30.0,2.0,84.01944444444429,100.0,14.416666666666666,0.7335645472061658,1.0,0.0,0.0,6.0,83.33333333333334,83.33333333333334,16.0,100.0,100.0,9.0,100.0,100.0,COMPLETED,60,5,800.0,98.6,40.0,24,683497b99fe1feeb,False,0.9375,0.9375,1.0,0.8445463321496529,0.0,1.0,0.13333333333333333,0.8666666666666667,0.15075690115761353,0.8492430988423865,0.15437544107268877,0.8456245589273113,0.9298865830374132,0.912306864887273,0.08769313511272703,False
T060_P05_H0800_I0986_CN050_F1,California,unlimited_useful_deadline,unlimited,central_only,targeted_central,all_useful,deadline,-1.0,0.0,0.0,1.0,none,0.0,0,applicable,32.0,0.0,,0.0,34748.0,7876152.0,186142.58559950226,1107.0,1042.5,0.5600545391815959,100.0,8.0,100.0,100.0,100.0,100.0,93.75,93.75,93.75,93.75,93.75,2.0,0.0,0.0,2.0,30.0,2.0,49.834722222244196,59.68173611111219,64.00868055556387,68.73472222222239,30.0,2.0,68.73472222222239,82.0,16.758333333333333,0.6730896734626224,1.0,0.0,0.0,6.0,83.33333333333334,83.33333333333334,16.0,100.0,100.0,9.0,100.0,100.0,COMPLETED,60,5,800.0,98.6,50.0,30,6816329ba5b89e1c,False,0.9375,0.9375,1.0,0.8916586933116006,0.0,1.0,0.16666666666666666,0.8333333333333334,0.17586821015138024,0.8241317898486198,0.17907551164431898,0.820924488355681,0.9416646733279002,0.8956779223075269,0.10432207769247315,False
T060_P05_H0800_I0986_CN060_F1,California,unlimited_useful_deadline,unlimited,central_only,targeted_central,all_useful,deadline,-1.0,0.0,0.0,1.0,none,0.0,0,applicable,32.0,0.0,,0.0,42030.0,9703096.0,221219.9103993526,1282.0,1222.0,0.5523915084288797,100.0,9.0,100.0,100.0,100.0,100.0,93.75,93.75,93.75,93.75,93.75,2.0,0.0,0.0,2.0,30.0,2.0,43.044444444445254,61.82152777777795,66.52534722222377,69.86805555555559,30.0,2.0,69.86805555555559,98.0,19.633333333333333,0.6167091114883985,1.0,0.0,0.0,6.0,83.33333333333334,83.33333333333334,16.0,100.0,100.0,9.0,100.0,100.0,COMPLETED,60,5,800.0,98.6,60.0,36,a28b307afcba13da,False,0.9375,0.9375,1.0,0.8881654005621099,0.0,1.0,0.2,0.8,0.20783615316117543,0.7921638468388246,0.20995059985885675,0.7900494001411432,0.9407913501405275,0.8764426493959936,0.12355735060400641,False
T060_P05_H0800_I0986_CN070_F1,California,unlimited_useful_deadline,unlimited,central_only,targeted_central,all_useful,deadline,-1.0,0.0,0.0,1.0,none,0.0,0,applicable,32.0,0.0,,0.0,50770.0,11762744.0,260765.15199919025,1438.0,1384.5,0.5309375080932207,100.0,9.0,100.0,100.0,100.0,100.0,93.75,93.75,93.75,93.75,93.75,2.0,0.0,0.0,2.0,30.0,2.0,42.98541666666763,57.77638888889907,58.39010416666663,58.60277777780041,30.0,2.0,58.60277777780041,106.5,22.325,0.6051076272240887,1.0,0.0,0.0,6.0,83.33333333333334,83.33333333333334,16.0,100.0,100.0,9.0,100.0,100.0,COMPLETED,60,5,800.0,98.6,70.0,42,5708e9109c3109ac,False,0.9375,0.9375,1.0,0.9228885592521417,0.0,1.0,0.23333333333333334,0.7666666666666666,0.23677649154051647,0.7632235084594835,0.23747353563867327,0.7625264643613268,0.9494721398130355,0.8584833278974955,0.14151667210250451,True
T060_P05_H0800_I0986_CN080_F1,California,unlimited_useful_deadline,unlimited,central_only,targeted_central,all_useful,deadline,-1.0,0.0,0.0,1.0,none,0.0,0,applicable,32.0,0.0,,0.0,58374.0,13790180.0,299691.9231990245,1586.0,1523.0,0.5081885369959004,100.0,10.0,100.0,100.0,100.0,100.0,93.75,93.75,93.75,93.75,93.75,2.0,0.0,0.0,2.0,30.0,2.0,38.63472222222232,50.4230555555555,53.34472222222344,54.367361111111435,30.0,2.0,54.367361111111435,102.5,24.566666666666666,0.6085255540479422,1.0,0.0,0.0,6.0,83.33333333333334,83.33333333333334,16.0,100.0,100.0,9.0,100.0,100.0,COMPLETED,60,5,800.0,98.6,80.0,48,71c38750974ef80d,False,0.9375,0.9375,1.0,0.9359434566046287,0.0,1.0,0.26666666666666666,0.7333333333333334,0.2614425645592164,0.7385574354407836,0.2635850388143966,0.7364149611856035,0.9527358641511572,0.8416611459919441,0.15833885400805592,True
T060_P05_H0800_I0986_CN090_F1,California,unlimited_useful_deadline,unlimited,central_only,targeted_central,all_useful,deadline,-1.0,0.0,0.0,1.0,none,0.0,0,applicable,32.0,0.0,,0.0,65616.0,15851632.0,339271.8015988483,1763.0,1717.0,0.50608391027739,100.0,9.0,100.0,100.0,100.0,100.0,93.75,93.75,93.75,93.75,93.75,2.0,0.0,0.0,2.0,30.0,2.0,42.15138888890542,50.77298611111648,51.356076388922475,58.20069444445423,30.0,2.0,58.20069444445423,104.5,27.8,0.515867306155076,1.0,0.0,0.0,6.0,83.33333333333334,83.33333333333334,16.0,100.0,100.0,9.0,100.0,100.0,COMPLETED,60,5,800.0,98.6,90.0,54,172a056bbfe6f632,False,0.9375,0.9375,1.0,0.9241279075989677,0.0,1.0,0.3,0.7,0.2959928762243989,0.7040071237756012,0.29481298517995763,0.7051870148200423,0.949781976899742,0.8218388277191288,0.17816117228087125,False
T060_P05_H0800_I0986_CN100_F1,California,unlimited_useful_deadline,unlimited,central_only,targeted_central,all_useful,deadline,-1.0,0.0,0.0,1.0,none,0.0,0,applicable,32.0,0.0,,0.0,74020.0,18135672.0,383125.36959865375,1906.0,1862.0,0.4860027937984253,100.0,10.0,100.0,100.0,100.0,100.0,93.75,93.75,93.75,93.75,93.75,2.0,0.0,0.0,2.0,30.0,2.0,33.33437500001213,44.18493055555635,47.514236111114805,50.73472222222578,30.0,2.0,50.73472222222578,103.0,30.216666666666665,0.4583195440338299,1.0,0.0,0.0,6.0,83.33333333333334,83.33333333333334,16.0,100.0,100.0,9.0,100.0,100.0,COMPLETED,60,5,800.0,98.6,100.0,60,22b8da6aae5ab41f,False,0.9375,0.9375,1.0,0.9471404016858616,0.0,1.0,0.3333333333333333,0.6666666666666667,0.3218165627782725,0.6781834372217275,0.3200423429781228,0.6799576570218773,0.9555351004214654,0.8049615521820543,0.19503844781794566,False
T060_P05_H1000_I0600_CN000_F1,California,unlimited_useful_deadline,unlimited,central_only,targeted_central,all_useful,deadline,-1.0,0.0,0.0,1.0,none,0.0,0,applicable,32.0,0.0,,0.0,1203.0,824956.0,82495.6,275.0,229.0,0.27759056240575253,0.0,1.0,67.75527398459383,67.75527398459383,67.75527398459383,67.75527398459383,18.75,18.75,18.75,18.75,56.25,0.0,0.0,14.0,0.0,6.0,26.0,52.24166666666667,95.25,95.29166666666666,95.33333333333333,6.0,26.0,95.33333333333333,229.0,0.0,0.0,1.0,0.0,0.0,6.0,0.0,33.33333333333333,16.0,56.25,25.0,9.0,100.0,0.0,COMPLETED,60,5,1000.0,60.0,0.0,0,c8cf37f11917e9a7,False,0.5625,0.1875,0.5886540842779896,0.8096733385989724,0.0,1.0,0.0,1.0,0.030988423864648264,0.9690115761353517,0.03228652081863091,0.9677134791813691,0.5370818557192405,0.9873450110633442,0.012654988936655842,True
T060_P05_H1000_I0600_CN010_F1,California,unlimited_useful_deadline,unlimited,central_only,targeted_central,all_useful,deadline,-1.0,0.0,0.0,1.0,none,0.0,0,applicable,32.0,0.0,,0.0,4870.0,1359140.0,92751.93279995199,531.0,427.5,0.4609068372968949,53.333333333333336,4.0,87.85750758636789,87.85750758636789,87.85750758636789,87.85750758636789,28.125,28.125,28.125,28.125,62.5,0.0,0.0,12.0,0.0,9.0,23.0,90.5,110.86694444444448,120.30083333333343,129.7347222222224,9.0,23.0,129.7347222222224,248.5,2.9833333333333334,0.8378026070763502,1.0,0.0,0.0,6.0,0.0,33.33333333333333,16.0,68.75,43.75,9.0,100.0,0.0,COMPLETED,60,5,1000.0,60.0,10.0,6,5a12691b655397ef,False,0.625,0.28125,0.8450982446355221,0.703637348265459,0.0,1.0,0.03333333333333333,0.9666666666666667,0.06634016028495103,0.933659839715049,0.07745236414961186,0.9225476358503881,0.6137463982252453,0.9645748284464208,0.03542517155357916,True
T060_P05_H1000_I0600_CN020_F1,California,unlimited_useful_deadline,unlimited,central_only,targeted_central,all_useful,deadline,-1.0,0.0,0.0,1.0,none,0.0,0,applicable,32.0,0.0,,0.0,7976.0,1921292.0,103545.25119990789,706.0,592.0,0.5717307101385705,72.38175675675676,6.0,94.62053571428572,94.62053571428572,94.62053571428572,94.62053571428572,65.625,65.625,65.625,65.625,68.75,0.0,0.0,10.0,0.0,21.0,11.0,106.63472222222566,158.15138888889172,182.6347222222253,187.200694444446,21.0,11.0,187.200694444446,247.5,5.741666666666666,0.7264876632801163,1.0,0.0,0.0,6.0,0.0,33.33333333333333,16.0,81.25,93.75,9.0,100.0,44.44444444444444,COMPLETED,60,5,1000.0,60.0,20.0,12,b7896d315a1840f1,False,0.6875,0.65625,0.9313741831255217,0.5265089975833821,0.0,1.0,0.06666666666666667,0.9333333333333333,0.0956366874443455,0.9043633125556545,0.10832745236414962,0.8916725476358504,0.7004082951772259,0.9458738387049677,0.05412616129503234,False
T060_P05_H1000_I0600_CN030_F1,California,unlimited_useful_deadline,unlimited,central_only,targeted_central,all_useful,deadline,-1.0,0.0,0.0,1.0,none,0.0,0,applicable,32.0,0.0,,0.0,11179.0,2551464.0,115644.55359985858,845.0,735.5,0.6360005526459133,84.22841604350782,6.0,96.12103174603175,96.12103174603175,96.12103174603175,96.12103174603175,81.25,81.25,81.25,81.25,78.125,0.0,0.0,7.0,0.0,26.0,6.0,102.83472222222329,182.0843750000114,223.17986111111617,236.5513888888973,26.0,6.0,236.5513888888973,241.5,8.233333333333333,0.674122807017544,1.0,0.0,0.0,6.0,33.33333333333333,33.33333333333333,16.0,87.5,93.75,9.0,100.0,100.0,COMPLETED,60,5,1000.0,60.0,30.0,18,16c9494865cfa67e,False,0.78125,0.8125,0.9505160084870059,0.37439450662589213,0.0,1.0,0.1,0.9,0.12119323241317899,0.878806767586821,0.13285109386026817,0.8671489061397318,0.7296651287782245,0.9291911347453106,0.07080886525468943,False
T060_P05_H1000_I0600_CN040_F1,California,unlimited_useful_deadline,unlimited,central_only,targeted_central,all_useful,deadline,-1.0,0.0,0.0,1.0,none,0.0,0,applicable,32.0,0.0,,0.0,13463.0,3314332.0,130291.61919982536,979.0,858.5,0.6589065400156994,88.11881188118812,8.0,95.84821428571429,95.84821428571429,95.84821428571429,95.84821428571429,84.375,84.375,84.375,84.375,75.0,0.0,0.0,8.0,0.0,27.0,5.0,92.41944444445156,107.80833333333557,109.98159722222351,115.36736111111144,27.0,5.0,115.36736111111144,246.0,10.208333333333334,0.6532380952380954,1.0,0.0,0.0,6.0,16.666666666666664,33.33333333333333,16.0,87.5,100.0,9.0,100.0,100.0,COMPLETED,60,5,1000.0,60.0,40.0,24,3935dd06a83a065d,False,0.75,0.84375,0.9470356766030997,0.7479221115584871,0.0,1.0,0.13333333333333333,0.8666666666666667,0.14309884238646484,0.8569011576135351,0.1564925899788285,0.8435074100211715,0.8221769470403968,0.9134150468602746,0.08658495313972536,False
T060_P05_H1000_I0600_CN050_F1,California,unlimited_useful_deadline,unlimited,central_only,targeted_central,all_useful,deadline,-1.0,0.0,0.0,1.0,none,0.0,0,applicable,32.0,0.0,,0.0,16883.0,4133532.0,146020.25919976522,1122.0,1014.5,0.6947666067433136,91.47363233119763,9.0,95.40178571428572,95.40178571428572,95.40178571428572,95.40178571428572,84.375,84.375,84.375,84.375,71.875,0.0,0.0,9.0,0.0,27.0,5.0,87.55138888889148,109.56111111113663,112.317361111126,112.63472222222262,27.0,5.0,112.63472222222262,265.0,12.491666666666667,0.608394485212364,1.0,0.0,0.0,6.0,0.0,33.33333333333333,16.0,87.5,100.0,9.0,100.0,100.0,COMPLETED,60,5,1000.0,60.0,50.0,30,052ce0500fcba91e,False,0.71875,0.84375,0.9413405880657987,0.7563449712210161,0.0,1.0,0.16666666666666666,0.8333333333333334,0.17088156723063225,0.8291184327693677,0.18172194777699366,0.8182780522230063,0.8150463898217036,0.8961459636651415,0.10385403633485846,False
T060_P05_H1000_I0600_CN060_F1,California,unlimited_useful_deadline,unlimited,central_only,targeted_central,all_useful,deadline,-1.0,0.0,0.0,1.0,none,0.0,0,applicable,32.0,0.0,,0.0,19755.0,4989736.0,162459.37599971006,1274.0,1172.5,0.7217188868201073,94.7547974413646,8.0,96.29464285714286,96.29464285714286,96.29464285714286,96.29464285714286,84.375,84.375,84.375,84.375,78.125,0.0,0.0,7.0,0.0,27.0,5.0,79.63472222222323,99.3743055555555,99.93854166666655,100.36736111111435,27.0,5.0,100.36736111111435,237.0,15.591666666666667,0.5599946552645645,1.0,0.0,0.0,6.0,33.33333333333333,33.33333333333333,16.0,87.5,100.0,9.0,100.0,100.0,COMPLETED,60,5,1000.0,60.0,60.0,36,a9703041c81956f6,False,0.78125,0.84375,0.9527307651404008,0.7941568685370375,0.0,1.0,0.2,0.8,0.19902048085485308,0.800979519145147,0.2085391672547636,0.7914608327452364,0.8429719084193595,0.8784880703780766,0.12151192962192336,False
T060_P05_H1000_I0600_CN070_F1,California,unlimited_useful_deadline,unlimited,central_only,targeted_central,all_useful,deadline,-1.0,0.0,0.0,1.0,none,0.0,0,applicable,32.0,0.0,,0.0,23496.0,5930420.0,180520.508799631,1430.0,1335.5,0.7398051384191145,96.36840134780981,10.0,97.96875,97.96875,97.96875,97.96875,90.625,90.625,90.625,90.625,78.125,0.0,0.0,7.0,0.0,29.0,3.0,76.80138888889002,91.12847222222229,91.44861111111116,91.93680555555584,29.0,3.0,91.93680555555584,232.5,18.383333333333333,0.527546086430946,1.0,0.0,0.0,6.0,33.33333333333333,66.66666666666666,16.0,87.5,100.0,9.0,100.0,100.0,COMPLETED,60,5,1000.0,60.0,70.0,42,b65eec9aacbea46f,False,0.78125,0.90625,0.9740873471552799,0.8201425143574036,0.0,1.0,0.23333333333333334,0.7666666666666666,0.2280498664292075,0.7719501335707926,0.2360621030345801,0.7639378969654199,0.8704324653781709,0.8605109394405759,0.13948906055942412,False
T060_P05_H1000_I0600_CN080_F1,California,unlimited_useful_deadline,unlimited,central_only,targeted_central,all_useful,deadline,-1.0,0.0,0.0,1.0,none,0.0,0,applicable,32.0,0.0,,0.0,26248.0,6931056.0,199732.7199995701,1527.0,1421.5,0.7117011173747895,98.1005979599015,10.0,98.75,98.75,98.75,98.75,93.75,93.75,93.75,93.75,81.25,0.0,0.0,6.0,0.0,30.0,2.0,67.98680555556875,81.67638888889036,83.04010416666674,85.71736111111507,30.0,2.0,85.71736111111507,196.5,20.416666666666668,0.4791836734693877,1.0,100.0,100.0,6.0,33.33333333333333,66.66666666666666,16.0,87.5,100.0,9.0,100.0,100.0,COMPLETED,60,5,1000.0,60.0,80.0,48,ab701c7394e196ea,False,0.8125,0.9375,0.9840537520955569,0.8393128145194283,0.0,1.0,0.26666666666666666,0.7333333333333334,0.24336598397150488,0.7566340160284951,0.25317572335920957,0.7468242766407904,0.8933416416537463,0.8473583252005239,0.1526416747994761,False
T060_P05_H1000_I0600_CN090_F1,California,unlimited_useful_deadline,unlimited,central_only,targeted_central,all_useful,deadline,-1.0,0.0,0.0,1.0,none,0.0,0,applicable,32.0,0.0,,0.0,28640.0,8008580.0,220421.180799513,1712.0,1632.0,0.7404007156119934,99.35661764705883,10.0,100.0,100.0,100.0,100.0,100.0,100.0,100.0,100.0,90.625,0.0,0.0,3.0,0.0,32.0,0.0,65.00243055557172,75.48138888888968,78.26406250001911,78.93680555558325,32.0,0.0,78.93680555558325,193.5,23.975,0.39350596686363115,1.0,100.0,100.0,6.0,66.66666666666666,100.0,16.0,93.75,100.0,9.0,100.0,100.0,COMPLETED,60,5,1000.0,60.0,90.0,54,d090aa122f2d4063,False,0.90625,1.0,1.0,0.8602126370720706,0.0,1.0,0.3,0.7,0.2808548530721282,0.7191451469278718,0.2858151023288638,0.7141848976711362,0.9416156592680176,0.8266660089198017,0.1733339910801983,False
T060_P05_H1000_I0600_CN100_F1,California,unlimited_useful_deadline,unlimited,central_only,targeted_central,all_useful,deadline,-1.0,0.0,0.0,1.0,none,0.0,0,applicable,32.0,0.0,,0.0,31289.0,9171324.0,242745.86559944568,1851.0,1774.5,0.7310114203667213,100.0,10.0,100.0,100.0,100.0,100.0,100.0,100.0,100.0,100.0,90.625,0.0,0.0,3.0,0.0,32.0,0.0,62.04409722223184,70.47256944444918,71.69861111111267,72.55138888888905,32.0,0.0,72.55138888888905,179.0,26.591666666666665,0.3563511960722867,1.0,100.0,100.0,6.0,66.66666666666666,100.0,16.0,93.75,100.0,9.0,100.0,100.0,COMPLETED,60,5,1000.0,60.0,100.0,60,507d38a70bc01f62,False,0.90625,1.0,1.0,0.8798945162581673,0.0,1.0,0.3333333333333333,0.6666666666666667,0.306233303650935,0.693766696349065,0.31033874382498233,0.6896612561750177,0.9465361290645418,0.81001892383815,0.18998107616185,False
T060_P05_H1000_I0800_CN000_F1,California,unlimited_useful_deadline,unlimited,central_only,targeted_central,all_useful,deadline,-1.0,0.0,0.0,1.0,none,0.0,0,applicable,32.0,0.0,,0.0,963.0,582668.0,58266.8,231.0,142.0,0.24370653614064955,0.0,1.0,36.719760740784764,36.719760740784764,36.719760740784764,36.719760740784764,0.0,0.0,0.0,0.0,0.0,0.0,15.0,17.0,15.0,0.0,32.0,,,,,0.0,32.0,,142.0,0.0,0.0,1.0,0.0,0.0,6.0,0.0,0.0,16.0,0.0,0.0,9.0,0.0,0.0,COMPLETED,60,5,1000.0,80.0,0.0,0,48d812189528f3c2,False,0.0,0.0,0.19273409385606421,0.0,0.0,1.0,0.0,1.0,0.015494211932324132,0.9845057880676759,0.02452364149611856,0.9754763585038815,0.048183523464016054,0.9919964293143115,0.008003570685688466,False
T060_P05_H1000_I0800_CN010_F1,California,unlimited_useful_deadline,unlimited,central_only,targeted_central,all_useful,deadline,-1.0,0.0,0.0,1.0,none,0.0,0,applicable,32.0,0.0,,0.0,6992.0,1774240.0,81144.98239993466,471.0,365.0,0.4498121623849091,87.12328767123287,5.0,70.47098460749777,70.47098460749777,70.47098460749777,70.47098460749777,37.5,37.5,37.5,37.5,65.625,0.0,7.0,4.0,7.0,12.0,20.0,296.43333333333334,349.925,349.9708333333333,350.01666666666665,12.0,20.0,350.01666666666665,79.5,4.758333333333334,0.9153823701109165,1.0,0.0,0.0,6.0,0.0,0.0,16.0,75.0,31.25,9.0,100.0,77.77777777777779,COMPLETED,60,5,1000.0,80.0,10.0,6,afe79cf55c2de06c,False,0.65625,0.375,0.6232984001416343,0.02465853705523169,0.0,1.0,0.03333333333333333,0.9666666666666667,0.05520926090828139,0.9447907390917186,0.0668666196189132,0.9331333803810868,0.41980173429921647,0.9689181572278944,0.031081842772105572,False
T060_P05_H1000_I0800_CN020_F1,California,unlimited_useful_deadline,unlimited,central_only,targeted_central,all_useful,deadline,-1.0,0.0,0.0,1.0,none,0.0,0,applicable,32.0,0.0,,0.0,13094.0,2981272.0,104319.99679985315,642.0,534.5,0.5123658132634763,99.34518241347054,6.0,79.01785714285714,79.01785714285714,79.01785714285714,79.01785714285714,78.125,78.125,78.125,78.125,71.875,0.0,6.0,3.0,6.0,25.0,7.0,88.23541666666763,99.52111111111498,100.53472222222365,101.6027777777781,25.0,7.0,101.6027777777781,77.5,8.183333333333334,0.8493890020366599,1.0,0.0,0.0,6.0,16.666666666666664,0.0,16.0,81.25,100.0,9.0,100.0,100.0,COMPLETED,60,5,1000.0,80.0,20.0,12,071fa88e25163035,False,0.71875,0.78125,0.7323308387468477,0.7903489225803402,0.0,1.0,0.06666666666666667,0.9333333333333333,0.08539626001780944,0.9146037399821906,0.09703599153140438,0.9029640084685956,0.755669940331797,0.9501802163568239,0.049819783643176074,True
T060_P05_H1000_I0800_CN030_F1,California,unlimited_useful_deadline,unlimited,central_only,targeted_central,all_useful,deadline,-1.0,0.0,0.0,1.0,none,0.0,0,applicable,32.0,0.0,,0.0,19169.0,4255256.0,128780.48959975399,825.0,733.0,0.5691855981275911,100.0,7.0,92.7529761904762,92.7529761904762,92.7529761904762,92.7529761904762,84.375,84.375,84.375,84.375,84.375,0.0,1.0,4.0,1.0,27.0,5.0,75.73472222222239,96.7211111111112,98.50451388888882,99.06874999999988,27.0,5.0,99.06874999999988,65.0,11.466666666666667,0.777858527131783,1.0,0.0,0.0,6.0,83.33333333333334,33.33333333333333,16.0,81.25,100.0,9.0,100.0,100.0,COMPLETED,60,5,1000.0,80.0,30.0,18,19e11c75650edb55,False,0.84375,0.84375,0.9075497294111454,0.7981595998125064,0.0,1.0,0.1,0.9,0.1207479964381122,0.8792520035618878,0.12932251235003528,0.8706774876499648,0.8483023323059129,0.9299858982423705,0.07001410175762945,False
T060_P05_H1000_I0800_CN040_F1,California,unlimited_useful_deadline,unlimited,central_only,targeted_central,all_useful,deadline,-1.0,0.0,0.0,1.0,none,0.0,0,applicable,32.0,0.0,,0.0,27399.0,5826700.0,158952.21439961833,963.0,876.0,0.5511090256331173,100.0,8.0,91.83779761904762,91.83779761904762,91.83779761904762,91.83779761904762,81.25,81.25,81.25,81.25,78.125,0.0,0.0,7.0,0.0,26.0,6.0,66.43437499999999,79.68472222222226,84.05920138888884,95.73472222222239,26.0,6.0,95.73472222222239,78.0,13.858333333333333,0.7164060934054921,1.0,100.0,0.0,6.0,16.666666666666664,16.666666666666664,16.0,87.5,100.0,9.0,100.0,100.0,COMPLETED,60,5,1000.0,80.0,40.0,24,afd58c1e3315210e,False,0.78125,0.8125,0.8958747979096781,0.8084361307501937,0.0,1.0,0.13333333333333333,0.8666666666666667,0.14621549421193233,0.8537845057880676,0.1536697247706422,0.8463302752293578,0.8245152321649679,0.9133562895368185,0.08664371046318153,False
T060_P05_H1000_I0800_CN050_F1,California,unlimited_useful_deadline,unlimited,central_only,targeted_central,all_useful,deadline,-1.0,0.0,0.0,1.0,none,0.0,0,applicable,32.0,0.0,,0.0,33721.0,7278636.0,186829.38559948804,1134.0,1065.0,0.5700388065735407,100.0,11.0,95.54315476190476,95.54315476190476,95.54315476190476,95.54315476190476,84.375,84.375,84.375,84.375,87.5,0.0,0.0,4.0,0.0,27.0,5.0,55.20069444444901,70.06138888889372,70.6675694444468,75.73472222222239,27.0,5.0,75.73472222222239,66.5,16.9,0.6340729783037475,1.0,100.0,0.0,6.0,66.66666666666666,33.33333333333333,16.0,87.5,100.0,9.0,100.0,100.0,COMPLETED,60,5,1000.0,80.0,50.0,30,dfb1c927217a804d,False,0.875,0.84375,0.9431440327692772,0.8700824733882729,0.0,1.0,0.16666666666666666,0.8333333333333334,0.1798753339269813,0.8201246660730187,0.1838390966831334,0.8161609033168666,0.8829941265393876,0.8939237805446438,0.10607621945535617,False
T060_P05_H1000_I0800_CN060_F1,California,unlimited_useful_deadline,unlimited,central_only,targeted_central,all_useful,deadline,-1.0,0.0,0.0,1.0,none,0.0,0,applicable,32.0,0.0,,0.0,40694.0,8945700.0,218837.01439933217,1303.0,1237.0,0.5652608647560561,100.0,12.0,97.91666666666667,97.91666666666667,97.91666666666667,97.91666666666667,96.875,96.875,96.875,96.875,96.875,0.0,0.0,1.0,0.0,31.0,1.0,52.45347222222214,65.55138888888905,67.76840277777785,69.55138888888857,31.0,1.0,69.55138888888857,69.0,19.741666666666667,0.5519698888419868,1.0,100.0,0.0,6.0,83.33333333333334,100.0,16.0,100.0,100.0,9.0,100.0,100.0,COMPLETED,60,5,1000.0,80.0,60.0,36,8d84a8aba4c88b84,False,0.96875,0.96875,0.9734229201592616,0.8891414676538806,0.0,1.0,0.2,0.8,0.21050756901157613,0.7894924309884239,0.21365561044460127,0.7863443895553988,0.9500160969532855,0.8751673641087645,0.1248326358912355,False
T060_P05_H1000_I0800_CN070_F1,California,unlimited_useful_deadline,unlimited,central_only,targeted_central,all_useful,deadline,-1.0,0.0,0.0,1.0,none,0.0,0,applicable,32.0,0.0,,0.0,45983.0,10469612.0,248096.12479918497,1458.0,1403.5,0.5657081508774178,100.0,9.0,98.4375,98.4375,98.4375,98.4375,93.75,93.75,93.75,93.75,93.75,0.0,0.0,2.0,0.0,30.0,2.0,48.67708333333588,60.79798611111954,61.9017013888889,64.15138888889196,30.0,2.0,64.15138888889196,79.0,22.633333333333333,0.5222017673048602,1.0,0.0,0.0,6.0,83.33333333333334,83.33333333333334,16.0,100.0,100.0,9.0,100.0,100.0,COMPLETED,60,5,1000.0,80.0,70.0,42,00b8bd0ccdac8ac9,False,0.9375,0.9375,0.9800671901194461,0.9057859801661515,0.0,1.0,0.23333333333333334,0.7666666666666666,0.24016028495102404,0.759839715048976,0.24100211714890615,0.7589978828510938,0.9402132925713994,0.8571008529133473,0.14289914708665274,False
T060_P05_H1000_I0800_CN080_F1,California,unlimited_useful_deadline,unlimited,central_only,targeted_central,all_useful,deadline,-1.0,0.0,0.0,1.0,none,0.0,0,applicable,32.0,0.0,,0.0,53072.0,12268448.0,282633.77599899936,1601.0,1545.0,0.546643795328082,100.0,10.0,97.91666666666667,97.91666666666667,97.91666666666667,97.91666666666667,96.875,96.875,96.875,96.875,90.625,0.0,0.0,3.0,0.0,31.0,1.0,50.634722222222265,57.16875,62.81979166666691,66.73472222222239,31.0,1.0,66.73472222222239,87.0,24.841666666666665,0.45620597115062056,1.0,100.0,0.0,6.0,66.66666666666666,100.0,16.0,93.75,100.0,9.0,100.0,100.0,COMPLETED,60,5,1000.0,80.0,80.0,48,03f9b496f8481ef8,False,0.90625,0.96875,0.9734229201592616,0.8978233275754086,0.0,1.0,0.26666666666666666,0.7333333333333334,0.2653606411398041,0.7346393588601958,0.2662314749470713,0.7337685250529287,0.9365615619336676,0.8403482434492916,0.1596517565507084,False
T060_P05_H1000_I0800_CN090_F1,California,unlimited_useful_deadline,unlimited,central_only,targeted_central,all_useful,deadline,-1.0,0.0,0.0,1.0,none,0.0,0,applicable,32.0,0.0,,0.0,60724.0,14162660.0,319002.64639878826,1759.0,1710.5,0.5362024482585914,100.0,13.0,97.91666666666667,97.91666666666667,97.91666666666667,97.91666666666667,96.875,96.875,96.875,96.875,100.0,0.0,0.0,0.0,0.0,31.0,1.0,44.15138888889705,50.03680555556057,50.33437500000194,51.16875,31.0,1.0,51.16875,73.0,27.408333333333335,0.3851575960271614,1.0,100.0,0.0,6.0,100.0,100.0,16.0,100.0,100.0,9.0,100.0,100.0,COMPLETED,60,5,1000.0,80.0,90.0,54,8edabc13b13b5481,False,1.0,0.96875,0.9734229201592616,0.9458025904307058,0.0,1.0,0.3,0.7,0.2948352626892253,0.7051647373107748,0.29410726887791105,0.705892731122089,0.9719938776474918,0.8222114936865728,0.17778850631342724,False
T060_P05_H1000_I0800_CN100_F1,California,unlimited_useful_deadline,unlimited,central_only,targeted_central,all_useful,deadline,-1.0,0.0,0.0,1.0,none,0.0,0,applicable,32.0,0.0,,0.0,68157.0,16117844.0,356542.1791985672,1911.0,1872.0,0.5250430690158083,100.0,13.0,98.95833333333334,98.95833333333334,98.95833333333334,98.95833333333334,96.875,96.875,96.875,96.875,100.0,0.0,0.0,0.0,0.0,31.0,1.0,38.58541666666691,49.16875000000291,49.60277777778174,51.16875,31.0,1.0,51.16875,79.5,30.1,0.3300479881875231,1.0,100.0,0.0,6.0,100.0,100.0,16.0,100.0,100.0,9.0,100.0,100.0,COMPLETED,60,5,1000.0,80.0,100.0,60,776af3ca0a56af86,False,1.0,0.96875,0.9867114600796308,0.9458025904307058,0.0,1.0,0.3333333333333333,0.6666666666666667,0.32359750667853965,0.6764024933214603,0.320924488355681,0.679075511644319,0.9753160126275842,0.8044289343264892,0.1955710656735108,False
T060_P05_H1000_I0986_CN000_F1,California,unlimited_useful_deadline,unlimited,central_only,targeted_central,all_useful,deadline,-1.0,0.0,0.0,1.0,none,0.0,0,applicable,32.0,0.0,,0.0,978.0,570488.0,57048.8,161.0,121.0,0.21209911514352622,0.0,1.0,41.97048840392494,41.97048840392494,41.97048840392494,41.97048840392494,0.0,0.0,0.0,0.0,65.625,2.0,6.0,3.0,8.0,0.0,32.0,,,,,0.0,32.0,,121.0,0.0,0.0,1.0,0.0,0.0,6.0,0.0,0.0,16.0,75.0,0.0,9.0,100.0,0.0,COMPLETED,60,5,1000.0,98.6,0.0,0,0d02b43f3d860760,False,0.65625,0.0,0.2597176178521846,0.0,0.0,1.0,0.0,1.0,0.011754229741763135,0.9882457702582369,0.012173606210303459,0.9878263937896965,0.22899190446304615,0.9952144328095868,0.004785567190413231,True
T060_P05_H1000_I0986_CN010_F1,California,unlimited_useful_deadline,unlimited,central_only,targeted_central,all_useful,deadline,-1.0,0.0,0.0,1.0,none,0.0,0,applicable,32.0,0.0,,0.0,6538.0,1759652.0,79880.74879993757,419.0,336.0,0.42062700343673115,83.03571428571429,6.0,79.23200118594856,79.23200118594856,79.23200118594856,79.23200118594856,37.5,37.5,37.5,37.5,81.25,2.0,4.0,0.0,6.0,12.0,20.0,124.08437500000849,273.88229166669066,284.3960069444831,284.6347222222755,12.0,20.0,284.6347222222755,91.5,4.075,0.9182344921608725,1.0,0.0,0.0,6.0,16.666666666666664,0.0,16.0,100.0,37.5,9.0,100.0,66.66666666666666,COMPLETED,60,5,1000.0,98.6,10.0,6,ee3f2e4a4dcb5a27,False,0.8125,0.375,0.7350626739455641,0.22618642453337157,0.0,1.0,0.03333333333333333,0.9666666666666667,0.05004452359750668,0.9499554764024933,0.057692307692307696,0.9423076923076923,0.5371872746197339,0.9717859670753705,0.02821403292462954,True
T060_P05_H1000_I0986_CN020_F1,California,unlimited_useful_deadline,unlimited,central_only,targeted_central,all_useful,deadline,-1.0,0.0,0.0,1.0,none,0.0,0,applicable,32.0,0.0,,0.0,13262.0,3110564.0,105818.25919984857,592.0,504.5,0.47676081974397283,95.14370664023787,6.0,93.33333333333333,93.33333333333333,93.33333333333333,93.33333333333333,87.5,87.5,87.5,87.5,87.5,2.0,2.0,0.0,4.0,28.0,4.0,81.55173611111103,107.16854166666685,121.70555555555634,136.7173611111112,28.0,4.0,136.7173611111112,60.0,7.45,0.8333706189410888,1.0,0.0,0.0,6.0,50.0,50.0,16.0,100.0,100.0,9.0,100.0,100.0,COMPLETED,60,5,1000.0,98.6,20.0,12,3d7f7e3a7bf2a852,False,0.875,0.875,0.9149533445096367,0.6821146407923382,0.0,1.0,0.06666666666666667,0.9333333333333333,0.08005342831700801,0.919946571682992,0.08821453775582216,0.9117854622441779,0.8367669963254938,0.9530130734521007,0.046986926547899266,True
T060_P05_H1000_I0986_CN030_F1,California,unlimited_useful_deadline,unlimited,central_only,targeted_central,all_useful,deadline,-1.0,0.0,0.0,1.0,none,0.0,0,applicable,32.0,0.0,,0.0,19530.0,4477200.0,132057.67039974727,794.0,722.5,0.5471094543868182,98.6159169550173,6.0,100.0,100.0,100.0,100.0,93.75,93.75,93.75,93.75,93.75,2.0,0.0,0.0,2.0,30.0,2.0,66.67638888889462,78.35409722222526,80.21215277777803,90.20069444444441,30.0,2.0,90.20069444444441,71.5,11.25,0.7727901234567902,1.0,0.0,0.0,6.0,83.33333333333334,83.33333333333334,16.0,100.0,100.0,9.0,100.0,100.0,COMPLETED,60,5,1000.0,98.6,30.0,18,3a15b430fb458202,False,0.9375,0.9375,1.0,0.8254937593780712,0.0,1.0,0.1,0.9,0.1188780053428317,0.8811219946571683,0.12385321100917432,0.8761467889908257,0.9251234398445178,0.9314537567295988,0.06854624327040115,True
T060_P05_H1000_I0986_CN040_F1,California,unlimited_useful_deadline,unlimited,central_only,targeted_central,all_useful,deadline,-1.0,0.0,0.0,1.0,none,0.0,0,applicable,32.0,0.0,,0.0,25913.0,5940756.0,160157.94559962914,939.0,867.5,0.5416528020212122,99.30835734870317,8.0,96.66666666666667,96.66666666666667,96.66666666666667,96.66666666666667,87.5,87.5,87.5,87.5,93.75,2.0,0.0,0.0,2.0,28.0,4.0,59.12743055556542,71.61979166666667,79.39999999999999,81.2,28.0,4.0,81.2,74.5,13.616666666666667,0.7014483884128928,1.0,0.0,0.0,6.0,83.33333333333334,50.0,16.0,100.0,100.0,9.0,100.0,100.0,COMPLETED,60,5,1000.0,98.6,40.0,24,1d8b09fb1f1d4fe3,False,0.9375,0.875,0.9574766722548185,0.853236754063215,0.0,1.0,0.13333333333333333,0.8666666666666667,0.14470169189670526,0.8552983081032948,0.14943542695836273,0.8505645730416372,0.9058033565795083,0.9145059095623198,0.08549409043768019,True
T060_P05_H1000_I0986_CN050_F1,California,unlimited_useful_deadline,unlimited,central_only,targeted_central,all_useful,deadline,-1.0,0.0,0.0,1.0,none,0.0,0,applicable,32.0,0.0,,0.0,32800.0,7517504.0,190431.50719950278,1100.0,1037.5,0.5448153066987378,99.90361445783132,8.0,99.16666666666667,99.16666666666667,99.16666666666667,99.16666666666667,90.625,90.625,90.625,90.625,93.75,2.0,0.0,0.0,2.0,29.0,3.0,49.55138888889633,70.96250000001842,74.42916666669576,76.60277777781012,29.0,3.0,76.60277777781012,82.5,16.5,0.657929292929293,1.0,0.0,0.0,6.0,83.33333333333334,66.66666666666666,16.0,100.0,100.0,9.0,100.0,100.0,COMPLETED,60,5,1000.0,98.6,50.0,30,8fb59cdc7395df98,False,0.9375,0.90625,0.9893691680637047,0.8674068508778405,0.0,1.0,0.16666666666666666,0.8333333333333334,0.17497773820124665,0.8250222617987534,0.17784050811573748,0.8221594918842625,0.9251315047353863,0.8961030174032699,0.10389698259673008,False
T060_P05_H1000_I0986_CN060_F1,California,unlimited_useful_deadline,unlimited,central_only,targeted_central,all_useful,deadline,-1.0,0.0,0.0,1.0,none,0.0,0,applicable,32.0,0.0,,0.0,39628.0,9193768.0,222615.77599934893,1273.0,1214.5,0.5455588196963866,100.0,8.0,100.0,100.0,100.0,100.0,93.75,93.75,93.75,93.75,93.75,2.0,0.0,0.0,2.0,30.0,2.0,48.03437500000083,66.67395833333406,78.26597222222252,80.6027777777781,30.0,2.0,80.6027777777781,66.5,19.425,0.5964607464607465,1.0,0.0,0.0,6.0,83.33333333333334,83.33333333333334,16.0,100.0,100.0,9.0,100.0,100.0,COMPLETED,60,5,1000.0,98.6,60.0,36,3a903dd5fc0edc38,False,0.9375,0.9375,1.0,0.8550775823503234,0.0,1.0,0.2,0.8,0.20650044523597508,0.7934995547640249,0.20836273817925194,0.7916372618207481,0.9325193955875808,0.8770273633169547,0.12297263668304526,False
T060_P05_H1000_I0986_CN070_F1,California,unlimited_useful_deadline,unlimited,central_only,targeted_central,all_useful,deadline,-1.0,0.0,0.0,1.0,none,0.0,0,applicable,32.0,0.0,,0.0,48238.0,11096624.0,259150.61119917087,1430.0,1372.0,0.5294218653976261,100.0,8.0,100.0,100.0,100.0,100.0,93.75,93.75,93.75,93.75,93.75,2.0,0.0,0.0,2.0,30.0,2.0,44.310069444476056,64.64152777778305,73.32534722223686,75.73472222223839,30.0,2.0,75.73472222223839,76.0,21.991666666666667,0.5495958064923583,1.0,0.0,0.0,6.0,83.33333333333334,83.33333333333334,16.0,100.0,100.0,9.0,100.0,100.0,COMPLETED,60,5,1000.0,98.6,70.0,42,742506201178f7e2,False,0.9375,0.9375,1.0,0.8700824733882236,0.0,1.0,0.23333333333333334,0.7666666666666666,0.23455031166518256,0.7654496883348174,0.2360621030345801,0.7639378969654199,0.9362706183470559,0.8592108503933809,0.14078914960661915,False
T060_P05_H1000_I0986_CN080_F1,California,unlimited_useful_deadline,unlimited,central_only,targeted_central,all_useful,deadline,-1.0,0.0,0.0,1.0,none,0.0,0,applicable,32.0,0.0,,0.0,55708.0,12973768.0,295191.7759989869,1582.0,1517.0,0.5139032057604499,100.0,11.0,100.0,100.0,100.0,100.0,93.75,93.75,93.75,93.75,93.75,2.0,0.0,0.0,2.0,30.0,2.0,39.109375,56.38333333334321,60.265972222249246,62.60277777780623,30.0,2.0,62.60277777780623,87.5,24.3,0.4927869227251944,1.0,0.0,0.0,6.0,83.33333333333334,83.33333333333334,16.0,100.0,100.0,9.0,100.0,100.0,COMPLETED,60,5,1000.0,98.6,80.0,48,c5e0744e3d93f0c1,False,0.9375,0.9375,1.0,0.9105592907245079,0.0,1.0,0.26666666666666666,0.7333333333333334,0.2603739982190561,0.739626001780944,0.26287932251235,0.73712067748765,0.9463898226811269,0.8420160025203856,0.15798399747961445,False
T060_P05_H1000_I0986_CN090_F1,California,unlimited_useful_deadline,unlimited,central_only,targeted_central,all_useful,deadline,-1.0,0.0,0.0,1.0,none,0.0,0,applicable,32.0,0.0,,0.0,62762.0,14859012.0,331388.4607987952,1748.0,1696.0,0.5117860760485978,100.0,11.0,100.0,100.0,100.0,100.0,93.75,93.75,93.75,93.75,93.75,2.0,0.0,0.0,2.0,30.0,2.0,43.67638888889439,53.84805555555727,55.344722222234445,55.73472222223742,30.0,2.0,55.73472222223742,79.5,27.35,0.43497867154174297,1.0,0.0,0.0,6.0,83.33333333333334,83.33333333333334,16.0,100.0,100.0,9.0,100.0,100.0,COMPLETED,60,5,1000.0,98.6,90.0,54,33287c016e102345,False,0.9375,0.9375,1.0,0.9317288160263059,0.0,1.0,0.3,0.7,0.2922528940338379,0.7077471059661621,0.292166549047283,0.707833450952717,0.9516822040065764,0.8231161113837758,0.17688388861622417,False
T060_P05_H1000_I0986_CN100_F1,California,unlimited_useful_deadline,unlimited,central_only,targeted_central,all_useful,deadline,-1.0,0.0,0.0,1.0,none,0.0,0,applicable,32.0,0.0,,0.0,71172.0,16961800.0,371761.9903985733,1898.0,1846.0,0.49655425989646423,100.0,9.0,100.0,100.0,100.0,100.0,93.75,93.75,93.75,93.75,93.75,2.0,0.0,0.0,2.0,30.0,2.0,30.243055555556808,41.57222222222317,49.550868055570696,51.734722222241786,30.0,2.0,51.734722222241786,84.0,29.85,0.3858179787828029,1.0,0.0,0.0,6.0,83.33333333333334,83.33333333333334,16.0,100.0,100.0,9.0,100.0,100.0,COMPLETED,60,5,1000.0,98.6,100.0,60,01eb8b867f5df9bd,False,0.9375,0.9375,1.0,0.9440580845539083,0.0,1.0,0.3333333333333333,0.6666666666666667,0.3189670525378451,0.6810329474621549,0.31863091037402963,0.6813690896259703,0.9547645211384771,0.8058137407509585,0.19418625924904154,False
T060_P10_H0500_I0600_CN000_F1,California,unlimited_useful_deadline,unlimited,central_only,targeted_central,all_useful,deadline,-1.0,0.0,0.0,1.0,none,0.0,0,applicable,32.0,0.0,,0.0,1151.0,415148.0,41514.8,193.0,149.5,0.36011253817915534,0.0,1.0,41.33034251484987,41.33034251484987,41.33034251484987,41.33034251484987,0.0,0.0,0.0,0.0,78.125,0.0,0.0,7.0,0.0,0.0,32.0,,,,,0.0,32.0,,149.5,0.0,0.0,1.0,0.0,0.0,6.0,0.0,0.0,16.0,100.0,0.0,9.0,100.0,0.0,COMPLETED,60,10,500.0,60.0,0.0,0,270044b9aaf3168a,False,0.78125,0.0,0.2515512778184236,0.0,0.0,1.0,0.0,1.0,0.016829919857524488,0.9831700801424755,0.017819336626676077,0.9821806633733239,0.2582003194546059,0.9930701487031599,0.006929851296840095,True
T060_P10_H0500_I0600_CN010_F1,California,unlimited_useful_deadline,unlimited,central_only,targeted_central,all_useful,deadline,-1.0,0.0,0.0,1.0,none,0.0,0,applicable,32.0,0.0,,0.0,5174.0,1160960.0,55834.39039994252,505.0,388.0,0.6949122166835718,64.5618556701031,4.0,75.74736367173938,75.74736367173938,75.74736367173938,75.74736367173938,3.125,3.125,3.125,3.125,78.125,0.0,0.0,7.0,0.0,1.0,31.0,326.20069444444937,326.20069444444937,326.20069444444937,326.20069444444937,1.0,31.0,326.20069444444937,182.0,3.433333333333333,0.853074433656958,1.0,0.0,0.0,6.0,0.0,0.0,16.0,100.0,0.0,9.0,100.0,11.11111111111111,COMPLETED,60,10,500.0,60.0,10.0,6,a37ea69add68697c,False,0.78125,0.03125,0.6906091590186025,0.09806691624872088,0.0,1.0,0.03333333333333333,0.9666666666666667,0.059305431878895816,0.9406945681211042,0.07286520818630911,0.9271347918136909,0.40029401881683085,0.9668992053202925,0.0331007946797075,False
T060_P10_H0500_I0600_CN020_F1,California,unlimited_useful_deadline,unlimited,central_only,targeted_central,all_useful,deadline,-1.0,0.0,0.0,1.0,none,0.0,0,applicable,32.0,0.0,,0.0,9146.0,1970364.0,71374.94719989222,698.0,571.5,0.8007011177177626,82.32720909886264,6.0,86.41884157509156,86.41884157509156,86.41884157509156,86.41884157509156,65.625,65.625,65.625,65.625,78.125,0.0,0.0,7.0,0.0,21.0,11.0,111.11736111111871,129.9347222222345,130.73472222223597,149.11736111111142,21.0,11.0,149.11736111111142,200.0,6.191666666666666,0.7231718259309108,1.0,0.0,0.0,6.0,0.0,0.0,16.0,100.0,75.0,9.0,100.0,100.0,COMPLETED,60,10,500.0,60.0,20.0,12,88d14bca615686e2,False,0.78125,0.65625,0.8267451847415151,0.6438939083567283,0.0,1.0,0.06666666666666667,0.9333333333333333,0.09198575244879786,0.9080142475512021,0.10691601976005646,0.8930839802399435,0.7270347732745609,0.9468863122248958,0.05311368777510417,False
T060_P10_H0500_I0600_CN030_F1,California,unlimited_useful_deadline,unlimited,central_only,targeted_central,all_useful,deadline,-1.0,0.0,0.0,1.0,none,0.0,0,applicable,32.0,0.0,,0.0,12900.0,2828328.0,87847.85599984627,816.0,684.5,0.7791880544030555,89.9926953981008,6.0,88.91369047619048,88.91369047619048,88.91369047619048,88.91369047619048,78.125,78.125,78.125,78.125,78.125,0.0,0.0,7.0,0.0,25.0,7.0,89.41944444444476,109.19583333335459,112.9083333333533,115.20069444444513,25.0,7.0,115.20069444444513,195.5,8.15,0.6795160190865712,1.0,0.0,0.0,6.0,0.0,0.0,16.0,100.0,100.0,9.0,100.0,100.0,COMPLETED,60,10,500.0,60.0,30.0,18,6ae42fc493957d32,False,0.78125,0.78125,0.8585719679903558,0.74843583108047,0.0,1.0,0.1,0.9,0.11211041852181657,0.8878895814781834,0.1277346506704305,0.8722653493295696,0.7923769497677065,0.9320309861615507,0.06796901383844933,False
T060_P10_H0500_I0600_CN040_F1,California,unlimited_useful_deadline,unlimited,central_only,targeted_central,all_useful,deadline,-1.0,0.0,0.0,1.0,none,0.0,0,applicable,32.0,0.0,,0.0,16346.0,3705236.0,104684.48959979399,1008.0,901.0,0.860681466227231,94.50610432852386,7.0,94.41964285714286,94.41964285714286,94.41964285714286,94.41964285714286,84.375,84.375,84.375,84.375,90.625,0.0,0.0,3.0,0.0,27.0,5.0,78.80138888889341,86.06138888889139,96.40972222222273,115.20069444444513,27.0,5.0,115.20069444444513,222.0,11.316666666666666,0.6902061855670103,1.0,0.0,0.0,6.0,66.66666666666666,33.33333333333333,16.0,100.0,100.0,9.0,100.0,100.0,COMPLETED,60,10,500.0,60.0,40.0,24,70fe466ad18dcc93,False,0.90625,0.84375,0.9288113932837362,0.74843583108047,0.0,1.0,0.13333333333333333,0.8666666666666667,0.15066785396260018,0.8493321460373998,0.1616090331686662,0.8383909668313339,0.8568118060910516,0.9108779559070801,0.0891220440929199,False
T060_P10_H0500_I0600_CN050_F1,California,unlimited_useful_deadline,unlimited,central_only,targeted_central,all_useful,deadline,-1.0,0.0,0.0,1.0,none,0.0,0,applicable,32.0,0.0,,0.0,20611.0,4620368.0,122255.02399973298,1142.0,1037.0,0.8482268998632441,97.01060752169721,9.0,95.46130952380952,95.46130952380952,95.46130952380952,95.46130952380952,84.375,84.375,84.375,84.375,96.875,0.0,0.0,1.0,0.0,27.0,5.0,71.80277777777931,84.9423611111179,95.66618055555651,97.58541666666885,27.0,5.0,97.58541666666885,207.0,13.833333333333334,0.6227710843373495,1.0,0.0,0.0,6.0,100.0,33.33333333333333,16.0,100.0,100.0,9.0,100.0,100.0,COMPLETED,60,10,500.0,60.0,50.0,30,0e8b155461162653,False,0.96875,0.84375,0.9420999332041053,0.8027317035581569,0.0,1.0,0.16666666666666666,0.8333333333333334,0.1748886910062333,0.8251113089937667,0.18525052928722655,0.8147494707127735,0.8893329091905655,0.8946388226079748,0.10536117739202522,False
T060_P10_H0500_I0600_CN060_F1,California,unlimited_useful_deadline,unlimited,central_only,targeted_central,all_useful,deadline,-1.0,0.0,0.0,1.0,none,0.0,0,applicable,32.0,0.0,,0.0,23031.0,5689096.0,142774.60159971687,1269.0,1164.5,0.8156212568288541,96.77973379132675,9.0,94.49404761904762,94.49404761904762,94.49404761904762,94.49404761904762,84.375,84.375,84.375,84.375,96.875,0.0,0.0,1.0,0.0,27.0,5.0,70.9347222222225,79.14861111111745,79.97326388889952,80.73472222222239,27.0,5.0,80.73472222222239,220.0,15.741666666666667,0.6134727368978297,1.0,0.0,0.0,6.0,100.0,33.33333333333333,16.0,100.0,100.0,9.0,100.0,100.0,COMPLETED,60,10,500.0,60.0,60.0,36,04aae701970d88b2,False,0.96875,0.84375,0.9297605747066197,0.8546708877287532,0.0,1.0,0.2,0.8,0.19759572573463935,0.8024042742653607,0.20765702187720536,0.7923429781227946,0.8992328656088432,0.8789494504776312,0.12105054952236882,False
T060_P10_H0500_I0600_CN070_F1,California,unlimited_useful_deadline,unlimited,central_only,targeted_central,all_useful,deadline,-1.0,0.0,0.0,1.0,none,0.0,0,applicable,32.0,0.0,,0.0,26117.0,6776032.0,163643.77279968676,1441.0,1350.0,0.8249626471595161,97.74074074074075,12.0,96.94940476190476,96.94940476190476,96.94940476190476,96.94940476190476,90.625,90.625,90.625,90.625,90.625,0.0,0.0,3.0,0.0,29.0,3.0,63.200694444447436,71.82791666666797,73.37111111111109,76.71736111111143,29.0,3.0,76.71736111111143,226.5,18.725,0.5563788755377541,1.0,0.0,0.0,6.0,66.66666666666666,66.66666666666666,16.0,100.0,100.0,9.0,100.0,100.0,COMPLETED,60,10,500.0,60.0,70.0,42,78f7d3e3b1f0fbb2,False,0.90625,0.90625,0.9610835616617757,0.8670536687065752,0.0,1.0,0.23333333333333334,0.7666666666666666,0.23063223508459482,0.7693677649154052,0.23800282286520819,0.7619971771347918,0.9101593075920877,0.8596063217433727,0.1403936782566273,False
T060_P10_H0500_I0600_CN080_F1,California,unlimited_useful_deadline,unlimited,central_only,targeted_central,all_useful,deadline,-1.0,0.0,0.0,1.0,none,0.0,0,applicable,32.0,0.0,,0.0,29334.0,7879868.0,184837.4239996482,1580.0,1491.5,0.8069253334772934,99.02782433791485,13.0,95.9077380952381,95.9077380952381,95.9077380952381,95.9077380952381,84.375,84.375,84.375,84.375,90.625,0.0,0.0,3.0,0.0,27.0,5.0,54.93472222222372,67.85458333333479,68.68993055555575,71.73472222222384,27.0,5.0,71.73472222222384,222.5,21.15,0.5135933806146573,1.0,0.0,0.0,6.0,66.66666666666666,33.33333333333333,16.0,100.0,100.0,9.0,100.0,100.0,COMPLETED,60,10,500.0,60.0,80.0,48,64a3445bd3dc8528,False,0.90625,0.84375,0.9477950217414066,0.8824117419158843,0.0,1.0,0.26666666666666666,0.7333333333333334,0.2558325912733749,0.7441674087266251,0.26252646436132676,0.7374735356386732,0.8950516909143227,0.8429948555397264,0.15700514446027358,False
T060_P10_H0500_I0600_CN090_F1,California,unlimited_useful_deadline,unlimited,central_only,targeted_central,all_useful,deadline,-1.0,0.0,0.0,1.0,none,0.0,0,applicable,32.0,0.0,,0.0,31926.0,9096504.0,208196.8351996313,1735.0,1663.0,0.7987633425865567,99.63920625375827,13.0,97.65625,97.65625,97.65625,97.65625,93.75,93.75,93.75,93.75,96.875,0.0,0.0,1.0,0.0,30.0,2.0,52.201388888890506,65.36659722222365,68.20260416667058,71.73472222222384,30.0,2.0,71.73472222222384,196.0,24.45,0.4257327880027266,1.0,0.0,0.0,6.0,100.0,83.33333333333334,16.0,100.0,100.0,9.0,100.0,100.0,COMPLETED,60,10,500.0,60.0,90.0,54,f3b48257d9d516d7,False,0.96875,0.9375,0.9701007851791692,0.8824117419158843,0.0,1.0,0.3,0.7,0.28637577916295637,0.7136242208370436,0.2898729710656316,0.7101270289343684,0.9396906317737634,0.8247502499542825,0.17524975004571752,False
T060_P10_H0500_I0600_CN100_F1,California,unlimited_useful_deadline,unlimited,central_only,targeted_central,all_useful,deadline,-1.0,0.0,0.0,1.0,none,0.0,0,applicable,32.0,0.0,,0.0,34581.0,10334140.0,231959.4463996105,1872.0,1803.0,0.7772910428893952,100.0,13.0,98.4375,98.4375,98.4375,98.4375,96.875,96.875,96.875,96.875,96.875,0.0,0.0,1.0,0.0,31.0,1.0,47.66944444444477,62.05763888889511,62.59409722223209,64.73472222222239,31.0,1.0,64.73472222222239,195.5,26.791666666666668,0.3805443234836703,1.0,0.0,0.0,6.0,100.0,100.0,16.0,100.0,100.0,9.0,100.0,100.0,COMPLETED,60,10,500.0,60.0,100.0,60,6fbe0a011cd414de,False,0.96875,0.96875,0.9800671901194461,0.9039879618392166,0.0,1.0,0.3333333333333333,0.6666666666666667,0.31130899376669635,0.6886910062333036,0.3140437544107269,0.6859562455892732,0.9553887879896656,0.8082627836978487,0.19173721630215135,False
T060_P10_H0500_I0800_CN000_F1,California,unlimited_useful_deadline,unlimited,central_only,targeted_central,all_useful,deadline,-1.0,0.0,0.0,1.0,none,0.0,0,applicable,32.0,0.0,,0.0,676.0,238320.0,23832.0,170.0,112.5,0.47205438066465255,0.0,1.0,33.677790593909016,33.677790593909016,33.677790593909016,33.677790593909016,0.0,0.0,0.0,0.0,0.0,0.0,7.0,25.0,7.0,0.0,32.0,,,,,0.0,32.0,,112.5,0.0,0.0,1.0,0.0,0.0,6.0,0.0,0.0,16.0,0.0,0.0,9.0,0.0,0.0,COMPLETED,60,10,500.0,80.0,0.0,0,fd0cc029d936b467,False,0.0,0.0,0.15392768579206748,0.0,0.0,1.0,0.0,1.0,0.010240427426536063,0.9897595725734639,0.013761467889908258,0.9862385321100917,0.03848192144801687,0.9951996209367111,0.004800379063288895,False
T060_P10_H0500_I0800_CN010_F1,California,unlimited_useful_deadline,unlimited,central_only,targeted_central,all_useful,deadline,-1.0,0.0,0.0,1.0,none,0.0,0,applicable,32.0,0.0,,0.0,8244.0,1663092.0,51187.62239993133,470.0,366.5,0.7159934039063547,90.85948158253751,6.0,75.90199456975773,75.90199456975773,75.90199456975773,75.90199456975773,53.125,53.125,53.125,53.125,78.125,0.0,7.0,0.0,7.0,17.0,15.0,159.01666666666668,340.8833333333333,340.95,341.01666666666665,17.0,15.0,341.01666666666665,98.5,5.125,0.9180758807588076,1.0,0.0,0.0,6.0,0.0,0.0,16.0,100.0,68.75,9.0,100.0,66.66666666666666,COMPLETED,60,10,500.0,80.0,10.0,6,d73633eea3cad3e4,False,0.78125,0.53125,0.6925817851253924,0.052399391242367366,0.0,1.0,0.03333333333333333,0.9666666666666667,0.05547640249332146,0.9445235975066786,0.06669019054340156,0.9333098094565985,0.5143702940919399,0.9689000147259887,0.031099985274011255,False
T060_P10_H0500_I0800_CN020_F1,California,unlimited_useful_deadline,unlimited,central_only,targeted_central,all_useful,deadline,-1.0,0.0,0.0,1.0,none,0.0,0,applicable,32.0,0.0,,0.0,15690.0,3158536.0,79900.1471998622,634.0,526.5,0.6589474718776338,98.2905982905983,7.0,78.125,78.125,78.125,78.125,78.125,78.125,78.125,78.125,78.125,0.0,7.0,0.0,7.0,25.0,7.0,93.63472222222481,104.92194444444866,109.45416666666647,115.15138888888904,25.0,7.0,115.15138888888904,68.0,8.05,0.8258109040717736,1.0,0.0,0.0,6.0,0.0,0.0,16.0,100.0,100.0,9.0,100.0,100.0,COMPLETED,60,10,500.0,80.0,20.0,12,99cf17fcf7234d88,False,0.78125,0.78125,0.7209406616722456,0.7485878064390585,0.0,1.0,0.06666666666666667,0.9333333333333333,0.08397150489759572,0.9160284951024042,0.09562455892731123,0.9043754410726887,0.758007117027826,0.9507474539016854,0.04925254609831464,True
T060_P10_H0500_I0800_CN030_F1,California,unlimited_useful_deadline,unlimited,central_only,targeted_central,all_useful,deadline,-1.0,0.0,0.0,1.0,none,0.0,0,applicable,32.0,0.0,,0.0,24052.0,4766496.0,110772.97919977944,776.0,670.0,0.604840643304946,100.0,7.0,83.4375,83.4375,83.4375,83.4375,78.125,78.125,78.125,78.125,81.25,0.0,3.0,3.0,3.0,25.0,7.0,65.41944444444476,85.46111111112036,91.20916666666922,96.73472222222239,25.0,7.0,96.73472222222239,69.5,10.558333333333334,0.7549723756906077,1.0,0.0,0.0,6.0,16.666666666666664,0.0,16.0,100.0,100.0,9.0,100.0,100.0,COMPLETED,60,10,500.0,80.0,30.0,18,04299023ae768311,False,0.8125,0.78125,0.7887122152661288,0.8053538136182897,0.0,1.0,0.1,0.9,0.10952804986642921,0.8904719501335708,0.12067748764996472,0.8793225123500352,0.7969540072211047,0.9339588924967213,0.06604110750327874,True
T060_P10_H0500_I0800_CN040_F1,California,unlimited_useful_deadline,unlimited,central_only,targeted_central,all_useful,deadline,-1.0,0.0,0.0,1.0,none,0.0,0,applicable,32.0,0.0,,0.0,30002.0,6167160.0,137665.72799971414,965.0,885.0,0.6428615261467528,100.0,7.0,91.14583333333334,91.14583333333334,91.14583333333334,91.14583333333334,84.375,84.375,84.375,84.375,90.625,0.0,1.0,2.0,1.0,27.0,5.0,60.936805555556084,69.0077777777829,69.59715277778983,72.73472222223063,27.0,5.0,72.73472222223063,113.0,14.191666666666666,0.7462810726169506,1.0,0.0,0.0,6.0,66.66666666666666,33.33333333333333,16.0,100.0,100.0,9.0,100.0,100.0,COMPLETED,60,10,500.0,80.0,40.0,24,7ad1bd03b951e9d0,False,0.90625,0.84375,0.8870474106768614,0.8793294247839595,0.0,1.0,0.13333333333333333,0.8666666666666667,0.14781834372217276,0.8521816562778273,0.15402258292166549,0.8459774170783345,0.8790942088652052,0.9129651480045657,0.08703485199543426,True
T060_P10_H0500_I0800_CN050_F1,California,unlimited_useful_deadline,unlimited,central_only,targeted_central,all_useful,deadline,-1.0,0.0,0.0,1.0,none,0.0,0,applicable,32.0,0.0,,0.0,37335.0,7766144.0,168366.22079963208,1123.0,1048.0,0.6224526481753103,100.0,7.0,96.875,96.875,96.875,96.875,96.875,96.875,96.875,96.875,93.75,0.0,1.0,1.0,1.0,31.0,1.0,55.55138888889051,72.73472222223063,73.70208333334159,78.36736111111095,31.0,1.0,78.36736111111095,107.5,16.608333333333334,0.6697859173774878,1.0,0.0,0.0,6.0,83.33333333333334,100.0,16.0,100.0,100.0,9.0,100.0,100.0,COMPLETED,60,10,500.0,80.0,50.0,30,77ba70a1b5a04024,False,0.9375,0.96875,0.9601343802388922,0.8619678454389351,0.0,1.0,0.16666666666666666,0.8333333333333334,0.17684772929652717,0.8231522707034729,0.1818983768525053,0.8181016231474947,0.9320880564194569,0.8949174454368602,0.10508255456313975,False
T060_P10_H0500_I0800_CN060_F1,California,unlimited_useful_deadline,unlimited,central_only,targeted_central,all_useful,deadline,-1.0,0.0,0.0,1.0,none,0.0,0,applicable,32.0,0.0,,0.0,43182.0,9350748.0,198790.6175995712,1285.0,1215.5,0.6114473684308438,100.0,10.0,96.875,96.875,96.875,96.875,96.875,96.875,96.875,96.875,93.75,0.0,1.0,1.0,1.0,31.0,1.0,54.634722222222145,65.41944444444476,67.87708333334194,72.73472222223063,31.0,1.0,72.73472222223063,132.0,19.466666666666665,0.6233590182648403,1.0,0.0,0.0,6.0,83.33333333333334,100.0,16.0,100.0,100.0,9.0,100.0,100.0,COMPLETED,60,10,500.0,80.0,60.0,36,b587a05cb4347ce5,False,0.9375,0.96875,0.9601343802388922,0.8793294247839595,0.0,1.0,0.2,0.8,0.20667853962600177,0.7933214603739982,0.21047988708539167,0.7895201129146083,0.9364284512557128,0.8765683146577213,0.12343168534227866,False
T060_P10_H0500_I0800_CN070_F1,California,unlimited_useful_deadline,unlimited,central_only,targeted_central,all_useful,deadline,-1.0,0.0,0.0,1.0,none,0.0,0,applicable,32.0,0.0,,0.0,49360.0,10959144.0,229671.82079949253,1446.0,1375.0,0.5986803236085279,100.0,11.0,95.05208333333334,95.05208333333334,95.05208333333334,95.05208333333334,90.625,90.625,90.625,90.625,93.75,0.0,1.0,1.0,1.0,29.0,3.0,49.73472222222238,57.42916666666725,65.15000000000987,73.73472222223015,29.0,3.0,73.73472222223015,117.0,22.008333333333333,0.5499747570364761,1.0,0.0,0.0,6.0,83.33333333333334,66.66666666666666,16.0,100.0,100.0,9.0,100.0,100.0,COMPLETED,60,10,500.0,80.0,70.0,42,b51e6598fefe16b7,False,0.9375,0.90625,0.9368794353782461,0.8762471076520569,0.0,1.0,0.23333333333333334,0.7666666666666666,0.2350845948352627,0.7649154051647373,0.23888496824276642,0.7611150317572336,0.9142191357575757,0.8585394207177275,0.14146057928227251,False
T060_P10_H0500_I0800_CN080_F1,California,unlimited_useful_deadline,unlimited,central_only,targeted_central,all_useful,deadline,-1.0,0.0,0.0,1.0,none,0.0,0,applicable,32.0,0.0,,0.0,55240.0,12654672.0,262225.95839942654,1592.0,1539.5,0.5870890927034044,100.0,11.0,96.875,96.875,96.875,96.875,96.875,96.875,96.875,96.875,96.875,0.0,1.0,0.0,1.0,31.0,1.0,43.86805555555557,54.602777777799446,59.05104166666666,70.73472222222675,31.0,1.0,70.73472222222675,117.0,24.625,0.49345177664974615,1.0,0.0,0.0,6.0,100.0,100.0,16.0,100.0,100.0,9.0,100.0,100.0,COMPLETED,60,10,500.0,80.0,80.0,48,3d13d22a209ba1de,False,0.96875,0.96875,0.9601343802388922,0.8854940590477793,0.0,1.0,0.26666666666666666,0.7333333333333334,0.2643811219946572,0.7356188780053428,0.2646436132674665,0.7353563867325335,0.9457821098216679,0.840861719614242,0.15913828038575795,False
T060_P10_H0500_I0800_CN090_F1,California,unlimited_useful_deadline,unlimited,central_only,targeted_central,all_useful,deadline,-1.0,0.0,0.0,1.0,none,0.0,0,applicable,32.0,0.0,,0.0,61013.0,14404956.0,295831.4111993521,1741.0,1688.5,0.5707642718379792,100.0,11.0,96.875,96.875,96.875,96.875,96.875,96.875,96.875,96.875,93.75,0.0,1.0,1.0,1.0,31.0,1.0,43.86805555555557,55.36736111111871,57.668750000000244,63.73472222222238,31.0,1.0,63.73472222222238,137.0,27.091666666666665,0.42262380805905875,1.0,0.0,0.0,6.0,83.33333333333334,100.0,16.0,100.0,100.0,9.0,100.0,100.0,COMPLETED,60,10,500.0,80.0,90.0,54,b2ff8df909649515,False,0.9375,0.96875,0.9601343802388922,0.9070702789711205,0.0,1.0,0.3,0.7,0.2909171861086376,0.7090828138913624,0.2909315455187015,0.7090684544812985,0.9433636648025032,0.8236302536745321,0.17636974632546787,False
T060_P10_H0500_I0800_CN100_F1,California,unlimited_useful_deadline,unlimited,central_only,targeted_central,all_useful,deadline,-1.0,0.0,0.0,1.0,none,0.0,0,applicable,32.0,0.0,,0.0,66638.0,16168072.0,329683.23839927645,1901.0,1852.0,0.5617513371295689,100.0,11.0,96.875,96.875,96.875,96.875,96.875,96.875,96.875,96.875,96.875,0.0,1.0,0.0,1.0,31.0,1.0,41.068750000000605,46.47083333333333,53.12187500001092,63.73472222222238,31.0,1.0,63.73472222222238,143.0,29.75,0.36710550887021487,1.0,0.0,0.0,6.0,100.0,100.0,16.0,100.0,100.0,9.0,100.0,100.0,COMPLETED,60,10,500.0,80.0,100.0,60,ce46c1c98f5fa99e,False,0.96875,0.96875,0.9601343802388922,0.9070702789711205,0.0,1.0,0.3333333333333333,0.6666666666666667,0.32003561887800536,0.6799643811219946,0.3191601976005646,0.6808398023994354,0.9511761648025032,0.8054941700376195,0.19450582996238053,False
T060_P10_H0500_I0986_CN000_F1,California,unlimited_useful_deadline,unlimited,central_only,targeted_central,all_useful,deadline,-1.0,0.0,0.0,1.0,none,0.0,0,applicable,32.0,0.0,,0.0,683.0,236280.0,23628.0,173.0,115.0,0.4867106822414085,0.0,1.0,33.32561682533078,33.32561682533078,33.32561682533078,33.32561682533078,0.0,0.0,0.0,0.0,0.0,0.0,7.0,25.0,7.0,0.0,32.0,,,,,0.0,32.0,,115.0,0.0,0.0,1.0,0.0,0.0,6.0,0.0,0.0,16.0,0.0,0.0,9.0,0.0,0.0,COMPLETED,60,10,500.0,98.6,0.0,0,8a70264f164bd1a1,False,0.0,0.0,0.1494350056167151,0.0,0.0,1.0,0.0,1.0,0.01068566340160285,0.9893143365983972,0.01429075511644319,0.9857092448835568,0.037358751404178776,0.9950047162963909,0.004995283703609132,False
T060_P10_H0500_I0986_CN010_F1,California,unlimited_useful_deadline,unlimited,central_only,targeted_central,all_useful,deadline,-1.0,0.0,0.0,1.0,none,0.0,0,applicable,32.0,0.0,,0.0,9154.0,2924772.0,75247.04639990369,458.0,359.0,0.47709513818267224,91.22562674094708,5.0,73.32715950779453,73.32715950779453,73.32715950779453,73.32715950779453,25.0,25.0,25.0,25.0,78.125,0.0,6.0,1.0,6.0,8.0,24.0,99.95069444444447,143.68166666666667,158.45749999999998,173.23333333333332,8.0,24.0,173.23333333333332,69.5,4.983333333333333,0.9161649944258641,1.0,0.0,0.0,6.0,0.0,0.0,16.0,100.0,50.0,9.0,100.0,0.0,COMPLETED,60,10,500.0,98.6,10.0,6,6ba8b6578052ccb3,False,0.78125,0.25,0.6597346185564985,0.5695608340236538,0.0,1.0,0.03333333333333333,0.9666666666666667,0.0541406945681211,0.9458593054318789,0.06457304163726182,0.9354269583627381,0.5651363631450381,0.9695905860922567,0.03040941390774332,True
T060_P10_H0500_I0986_CN020_F1,California,unlimited_useful_deadline,unlimited,central_only,targeted_central,all_useful,deadline,-1.0,0.0,0.0,1.0,none,0.0,0,applicable,32.0,0.0,,0.0,16654.0,5461224.0,123946.92479984359,627.0,510.5,0.41186983930773907,100.0,8.0,79.6875,79.6875,79.6875,79.6875,78.125,78.125,78.125,78.125,78.125,0.0,6.0,1.0,6.0,25.0,7.0,80.66944444444476,115.02222222222238,117.308333333344,119.73472222222239,25.0,7.0,119.73472222222239,79.0,7.85,0.8538216560509555,1.0,0.0,0.0,6.0,0.0,0.0,16.0,100.0,100.0,9.0,100.0,100.0,COMPLETED,60,10,500.0,98.6,20.0,12,600966b10586c197,False,0.78125,0.78125,0.7408734715527994,0.7344605195844987,0.0,1.0,0.06666666666666667,0.9333333333333333,0.0811219946571683,0.9188780053428317,0.09438955539872972,0.9056104446012703,0.7594584977843245,0.9515643566554872,0.04843564334451278,True
T060_P10_H0500_I0986_CN030_F1,California,unlimited_useful_deadline,unlimited,central_only,targeted_central,all_useful,deadline,-1.0,0.0,0.0,1.0,none,0.0,0,applicable,32.0,0.0,,0.0,24637.0,8088888.0,174398.07359976816,830.0,743.0,0.4260368160402591,100.0,9.0,93.80208333333334,93.80208333333334,93.80208333333334,93.80208333333334,78.125,78.125,78.125,78.125,84.375,0.0,0.0,5.0,0.0,25.0,7.0,56.1034722222447,79.33194444444555,87.60416666666742,91.73472222222868,25.0,7.0,91.73472222222868,96.0,11.708333333333334,0.7723250296559905,1.0,0.0,0.0,6.0,33.33333333333333,0.0,16.0,100.0,100.0,9.0,100.0,100.0,COMPLETED,60,10,500.0,98.6,30.0,18,b095ce615a9d4890,False,0.84375,0.78125,0.920933187473803,0.8207653992777901,0.0,1.0,0.1,0.9,0.12252894033837934,0.8774710596616206,0.13020465772759351,0.8697953422724065,0.8416746466878983,0.9294532803868055,0.07054671961319448,False
T060_P10_H0500_I0986_CN040_F1,California,unlimited_useful_deadline,unlimited,central_only,targeted_central,all_useful,deadline,-1.0,0.0,0.0,1.0,none,0.0,0,applicable,32.0,0.0,,0.0,34095.0,11117400.0,232545.50399962915,942.0,843.5,0.3627247078495851,100.0,11.0,95.36458333333334,95.36458333333334,95.36458333333334,95.36458333333334,81.25,81.25,81.25,81.25,90.625,0.0,0.0,3.0,0.0,26.0,6.0,57.82743055555669,71.37708333333333,74.38576388888917,88.71736111111167,26.0,6.0,88.71736111111167,89.0,13.35,0.7327299209321683,1.0,0.0,100.0,6.0,66.66666666666666,0.0,16.0,100.0,100.0,9.0,100.0,100.0,COMPLETED,60,10,500.0,98.6,40.0,24,01777359b20f8083,False,0.90625,0.8125,0.9408659973543569,0.8300658631237269,0.0,1.0,0.13333333333333333,0.8666666666666667,0.1404274265360641,0.8595725734639359,0.14996471418489768,0.8500352858151023,0.872420465119521,0.915254905189141,0.08474509481085901,False
T060_P10_H0500_I0986_CN050_F1,California,unlimited_useful_deadline,unlimited,central_only,targeted_central,all_useful,deadline,-1.0,0.0,0.0,1.0,none,0.0,0,applicable,32.0,0.0,,0.0,40081.0,13456880.0,277463.51999961725,1144.0,1072.5,0.38653730047160056,100.0,6.0,100.0,100.0,100.0,100.0,100.0,100.0,100.0,100.0,96.875,0.0,0.0,1.0,0.0,32.0,0.0,54.89409722223069,65.67500000000064,66.67138888890929,69.10347222222626,32.0,0.0,69.10347222222626,111.0,16.95,0.6954932808915111,1.0,0.0,100.0,6.0,100.0,100.0,16.0,100.0,100.0,9.0,100.0,100.0,COMPLETED,60,10,500.0,98.6,50.0,30,7d28e7319a4cdcfe,False,0.96875,1.0,1.0,0.8905220888691991,0.0,1.0,0.16666666666666666,0.8333333333333334,0.18121104185218165,0.8187889581478184,0.18560338743824983,0.8143966125617501,0.9648180222172997,0.8933037808085804,0.10669621919141958,False
T060_P10_H0500_I0986_CN060_F1,California,unlimited_useful_deadline,unlimited,central_only,targeted_central,all_useful,deadline,-1.0,0.0,0.0,1.0,none,0.0,0,applicable,32.0,0.0,,0.0,48582.0,16513184.0,336144.5567994894,1269.0,1188.5,0.3535681229873199,100.0,11.0,98.95833333333334,98.95833333333334,98.95833333333334,98.95833333333334,96.875,96.875,96.875,96.875,93.75,0.0,0.0,2.0,0.0,31.0,1.0,47.20069444444489,65.45347222222578,66.94305555555778,68.73472222222287,31.0,1.0,68.73472222222287,130.0,18.95,0.6771474640867781,1.0,0.0,100.0,6.0,83.33333333333334,83.33333333333334,16.0,100.0,100.0,9.0,100.0,100.0,COMPLETED,60,10,500.0,98.6,60.0,36,c26712d01d413d56,False,0.9375,0.96875,0.9867114600796308,0.8916586933115992,0.0,1.0,0.2,0.8,0.2018699910952805,0.7981300089047195,0.20765702187720536,0.7923429781227946,0.9461550383478076,0.8780945974055029,0.12190540259449711,False
T060_P10_H0500_I0986_CN070_F1,California,unlimited_useful_deadline,unlimited,central_only,targeted_central,all_useful,deadline,-1.0,0.0,0.0,1.0,none,0.0,0,applicable,32.0,0.0,,0.0,54877.0,19119416.0,386184.2111994674,1451.0,1387.0,0.3591550249276252,100.0,10.0,98.4375,98.4375,98.4375,98.4375,96.875,96.875,96.875,96.875,93.75,0.0,0.0,2.0,0.0,31.0,1.0,44.58541666666667,54.93472222223415,56.41979166667868,57.90486111111144,31.0,1.0,57.90486111111144,111.0,22.108333333333334,0.597908028646815,1.0,0.0,0.0,6.0,83.33333333333334,100.0,16.0,100.0,100.0,9.0,100.0,100.0,COMPLETED,60,10,500.0,98.6,70.0,42,5932a081c983167c,False,0.9375,0.96875,0.9800671901194461,0.9250397597505184,0.0,1.0,0.23333333333333334,0.7666666666666666,0.23722172751558326,0.7627782724844168,0.23976711362032463,0.7602328863796753,0.9528392374674911,0.8579355651061518,0.14206443489384823,False
T060_P10_H0500_I0986_CN080_F1,California,unlimited_useful_deadline,unlimited,central_only,targeted_central,all_useful,deadline,-1.0,0.0,0.0,1.0,none,0.0,0,applicable,32.0,0.0,,0.0,60902.0,21732144.0,436348.58879939956,1610.0,1555.5,0.35648104289277366,100.0,11.0,98.4375,98.4375,98.4375,98.4375,96.875,96.875,96.875,96.875,93.75,0.0,0.0,2.0,0.0,31.0,1.0,38.73611111111127,50.73472222222238,51.419097222234754,55.36736111111095,31.0,1.0,55.36736111111095,114.5,24.925,0.5090437980608493,1.0,0.0,0.0,6.0,83.33333333333334,100.0,16.0,100.0,100.0,9.0,100.0,100.0,COMPLETED,60,10,500.0,98.6,80.0,48,5b9f5238b54056e7,False,0.9375,0.96875,0.9800671901194461,0.9328611394727262,0.0,1.0,0.26666666666666666,0.7333333333333334,0.2672306322350846,0.7327693677649154,0.26781933662667606,0.7321806633733239,0.954794582398043,0.8396566728943147,0.16034332710568533,True
T060_P10_H0500_I0986_CN090_F1,California,unlimited_useful_deadline,unlimited,central_only,targeted_central,all_useful,deadline,-1.0,0.0,0.0,1.0,none,0.0,0,applicable,32.0,0.0,,0.0,67116.0,24483796.0,489180.3071993518,1746.0,1689.5,0.3453736741106161,100.0,11.0,100.0,100.0,100.0,100.0,100.0,100.0,100.0,100.0,100.0,0.0,0.0,0.0,0.0,32.0,0.0,36.62916666667061,48.52263888888935,49.17881944444608,54.36736111111095,32.0,0.0,54.36736111111095,107.0,27.125,0.41776241679467496,1.0,100.0,100.0,6.0,100.0,100.0,16.0,100.0,100.0,9.0,100.0,100.0,COMPLETED,60,10,500.0,98.6,90.0,54,013b2b575d702844,False,1.0,1.0,1.0,0.9359434566046302,0.0,1.0,0.3,0.7,0.2910952804986643,0.7089047195013357,0.2918136908962597,0.7081863091037404,0.9839858641511575,0.8234182057210153,0.17658179427898468,True
T060_P10_H0500_I0986_CN100_F1,California,unlimited_useful_deadline,unlimited,central_only,targeted_central,all_useful,deadline,-1.0,0.0,0.0,1.0,none,0.0,0,applicable,32.0,0.0,,0.0,73133.0,27190848.0,541155.705599309,1899.0,1848.0,0.3414913639233299,100.0,11.0,100.0,100.0,100.0,100.0,100.0,100.0,100.0,100.0,100.0,0.0,0.0,0.0,0.0,32.0,0.0,35.8118055555576,41.382291666668316,45.93958333333367,48.6027777777781,32.0,0.0,48.6027777777781,119.0,29.683333333333334,0.3947875725247989,1.0,100.0,100.0,6.0,100.0,100.0,16.0,100.0,100.0,9.0,100.0,100.0,COMPLETED,60,10,500.0,98.6,100.0,60,10b5a86cf6dab903,False,1.0,1.0,1.0,0.9537117305712501,0.0,1.0,0.3333333333333333,0.6666666666666667,0.31932324131789847,0.6806767586821015,0.31880733944954126,0.6811926605504588,0.9884279326428125,0.8057072171798455,0.1942927828201545,True
T060_P10_H0800_I0600_CN000_F1,California,unlimited_useful_deadline,unlimited,central_only,targeted_central,all_useful,deadline,-1.0,0.0,0.0,1.0,none,0.0,0,applicable,32.0,0.0,,0.0,1193.0,674652.0,67465.2,195.0,153.5,0.22752470903517666,0.0,1.0,47.41919111484329,47.41919111484329,47.41919111484329,47.41919111484329,6.25,6.25,6.25,6.25,78.125,0.0,0.0,7.0,0.0,2.0,30.0,49.24166666666667,49.34166666666667,49.354166666666664,49.36666666666667,2.0,30.0,49.36666666666667,153.5,0.0,0.0,1.0,0.0,0.0,6.0,0.0,33.33333333333333,16.0,100.0,0.0,9.0,100.0,0.0,COMPLETED,60,10,800.0,60.0,0.0,0,fa56310857b46faf,False,0.78125,0.0625,0.3292267092009168,0.9513571827621577,0.0,1.0,0.0,1.0,0.017542297417631345,0.9824577025823686,0.018172194777699366,0.9818278052223006,0.5310834729907686,0.992857101560934,0.007142898439066014,True
T060_P10_H0800_I0600_CN010_F1,California,unlimited_useful_deadline,unlimited,central_only,targeted_central,all_useful,deadline,-1.0,0.0,0.0,1.0,none,0.0,0,applicable,32.0,0.0,,0.0,4395.0,1328904.0,80026.83839996159,446.0,353.5,0.4417268094901643,60.113154172560115,4.0,73.63401566730371,73.63401566730371,73.63401566730371,73.63401566730371,6.25,6.25,6.25,6.25,78.125,0.0,0.0,7.0,0.0,2.0,30.0,49.24166666666667,49.34166666666667,49.354166666666664,49.36666666666667,2.0,30.0,49.36666666666667,193.5,2.6666666666666665,0.8720833333333333,1.0,0.0,0.0,6.0,0.0,33.33333333333333,16.0,100.0,0.0,9.0,100.0,0.0,COMPLETED,60,10,800.0,60.0,10.0,6,f8026b0abd629f0b,False,0.78125,0.0625,0.6636491820689295,0.9513571827621577,0.0,1.0,0.03333333333333333,0.9666666666666667,0.053161175422974175,0.9468388245770258,0.06245589273112209,0.9375441072688779,0.6146890912077718,0.9702099197025142,0.029790080297485755,True
T060_P10_H0800_I0600_CN020_F1,California,unlimited_useful_deadline,unlimited,central_only,targeted_central,all_useful,deadline,-1.0,0.0,0.0,1.0,none,0.0,0,applicable,32.0,0.0,,0.0,7760.0,2056240.0,93991.68959991945,669.0,551.0,0.5862220397839004,80.8529945553539,6.0,89.08482142857144,89.08482142857144,89.08482142857144,89.08482142857144,71.875,71.875,71.875,71.875,78.125,0.0,0.0,7.0,0.0,23.0,9.0,115.66944444444476,146.98763888889417,158.69298611111745,164.36736111111435,23.0,9.0,164.36736111111435,202.0,5.816666666666666,0.7462273161413564,1.0,0.0,0.0,6.0,0.0,33.33333333333333,16.0,100.0,75.0,9.0,100.0,100.0,COMPLETED,60,10,800.0,60.0,20.0,12,8b6af33697182059,False,0.78125,0.71875,0.860755085262988,0.596888572095184,0.0,1.0,0.06666666666666667,0.9333333333333333,0.08833481745325023,0.9116651825467498,0.10179957657021878,0.8982004234297812,0.739410914339543,0.9486397878619729,0.051360212138027106,False
T060_P10_H0800_I0600_CN030_F1,California,unlimited_useful_deadline,unlimited,central_only,targeted_central,all_useful,deadline,-1.0,0.0,0.0,1.0,none,0.0,0,applicable,32.0,0.0,,0.0,11050.0,2838832.0,109017.45599987445,811.0,698.0,0.6402644361842418,90.97421203438395,9.0,93.4375,93.4375,93.4375,93.4375,84.375,84.375,84.375,84.375,87.5,0.0,0.0,4.0,0.0,27.0,5.0,90.41944444444962,116.14222222222249,146.91638888889344,164.36736111111435,27.0,5.0,164.36736111111435,202.5,8.258333333333333,0.694668684830138,1.0,0.0,0.0,6.0,50.0,33.33333333333333,16.0,100.0,100.0,9.0,100.0,100.0,COMPLETED,60,10,800.0,60.0,30.0,18,632126a7efe1a492,False,0.875,0.84375,0.9162821985016737,0.596888572095184,0.0,1.0,0.1,0.9,0.1145146927871772,0.8854853072128228,0.12685250529287226,0.8731474947071277,0.8079801926492144,0.9317265603839902,0.06827343961600985,False
T060_P10_H0800_I0600_CN040_F1,California,unlimited_useful_deadline,unlimited,central_only,targeted_central,all_useful,deadline,-1.0,0.0,0.0,1.0,none,0.0,0,applicable,32.0,0.0,,0.0,13938.0,3629168.0,124191.90719982734,990.0,893.0,0.7190484630879729,94.68085106382979,5.0,97.91666666666666,97.91666666666666,97.91666666666666,97.91666666666666,93.75,93.75,93.75,93.75,90.625,0.0,0.0,3.0,0.0,30.0,2.0,85.59305555555724,115.78763888888919,140.4738888888924,164.36736111111435,30.0,2.0,164.36736111111435,230.5,11.041666666666666,0.6876100628930819,1.0,0.0,0.0,6.0,66.66666666666666,83.33333333333334,16.0,100.0,100.0,9.0,100.0,100.0,COMPLETED,60,10,800.0,60.0,40.0,24,e9cb351a40161d10,False,0.90625,0.9375,0.9734229201592614,0.596888572095184,0.0,1.0,0.13333333333333333,0.8666666666666667,0.14924309884238646,0.8507569011576135,0.1584333098094566,0.8415666901905434,0.8535153730636114,0.9117980516029647,0.08820194839703532,False
T060_P10_H0800_I0600_CN050_F1,California,unlimited_useful_deadline,unlimited,central_only,targeted_central,all_useful,deadline,-1.0,0.0,0.0,1.0,none,0.0,0,applicable,32.0,0.0,,0.0,17411.0,4438564.0,139732.3103997702,1117.0,1010.0,0.7228106349278978,96.23762376237623,10.0,95.625,95.625,95.625,95.625,90.625,90.625,90.625,90.625,90.625,0.0,0.0,3.0,0.0,29.0,3.0,76.71736111111653,90.1555555555557,90.7631944444447,98.73472222222432,29.0,3.0,98.73472222222432,217.5,13.208333333333334,0.6036908517350159,1.0,0.0,0.0,6.0,66.66666666666666,66.66666666666666,16.0,100.0,100.0,9.0,100.0,100.0,COMPLETED,60,10,800.0,60.0,50.0,30,28678a9832d2f786,False,0.90625,0.90625,0.9441881323344491,0.7991891793544759,0.0,1.0,0.16666666666666666,0.8333333333333334,0.170080142475512,0.8299198575244879,0.18083980239943542,0.8191601976005646,0.8889693279222313,0.8964826776916772,0.10351732230832278,False
T060_P10_H0800_I0600_CN060_F1,California,unlimited_useful_deadline,unlimited,central_only,targeted_central,all_useful,deadline,-1.0,0.0,0.0,1.0,none,0.0,0,applicable,32.0,0.0,,0.0,20211.0,5472344.0,159580.8863997219,1239.0,1127.5,0.7065382486821209,97.64966740576497,8.0,95.20833333333334,95.20833333333334,95.20833333333334,95.20833333333334,84.375,84.375,84.375,84.375,90.625,0.0,0.0,3.0,0.0,27.0,5.0,77.01944444444817,87.95138888888934,91.52638888889142,97.36736111111288,27.0,5.0,97.36736111111288,245.0,14.708333333333334,0.6345136921624175,1.0,0.0,0.0,6.0,66.66666666666666,33.33333333333333,16.0,100.0,100.0,9.0,100.0,100.0,COMPLETED,60,10,800.0,60.0,60.0,36,df4348a545795659,False,0.90625,0.84375,0.9388727163663015,0.8034038199327539,0.0,1.0,0.2,0.8,0.19100623330365094,0.808993766696349,0.20236414961185603,0.797635850388144,0.8730691340747638,0.8813259234168986,0.11867407658310136,False
T060_P10_H0800_I0600_CN070_F1,California,unlimited_useful_deadline,unlimited,central_only,targeted_central,all_useful,deadline,-1.0,0.0,0.0,1.0,none,0.0,0,applicable,32.0,0.0,,0.0,23318.0,6500268.0,179317.02719966395,1427.0,1335.5,0.7447703215116109,98.951703481842,13.0,97.91666666666666,97.91666666666666,97.91666666666666,97.91666666666666,93.75,93.75,93.75,93.75,90.625,0.0,0.0,3.0,0.0,30.0,2.0,63.06770833333697,72.40409722222267,73.5138888888897,76.71736111111653,30.0,2.0,76.71736111111653,208.5,18.783333333333335,0.6311594202898552,1.0,0.0,0.0,6.0,66.66666666666666,83.33333333333334,16.0,100.0,100.0,9.0,100.0,100.0,COMPLETED,60,10,800.0,60.0,70.0,42,86e2a67dcf6774f0,False,0.90625,0.9375,0.9734229201592614,0.8670536687065594,0.0,1.0,0.23333333333333334,0.7666666666666666,0.2280498664292075,0.7719501335707926,0.23553281580804517,0.7644671841919548,0.9210566472164552,0.8606167968858828,0.13938320311411723,False
T060_P10_H0800_I0600_CN080_F1,California,unlimited_useful_deadline,unlimited,central_only,targeted_central,all_useful,deadline,-1.0,0.0,0.0,1.0,none,0.0,0,applicable,32.0,0.0,,0.0,26428.0,7528384.0,199056.85439960135,1559.0,1460.5,0.7337099766823829,98.59637110578569,11.0,97.91666666666666,97.91666666666666,97.91666666666666,97.91666666666666,93.75,93.75,93.75,93.75,90.625,0.0,0.0,3.0,0.0,30.0,2.0,59.501041666666794,71.25409722222298,72.18388888889271,78.71736111111217,30.0,2.0,78.71736111111217,225.0,20.591666666666665,0.5275664373398086,1.0,0.0,0.0,6.0,66.66666666666666,83.33333333333334,16.0,100.0,100.0,9.0,100.0,100.0,COMPLETED,60,10,800.0,60.0,80.0,48,dc0217c79112f713,False,0.90625,0.9375,0.9734229201592614,0.860889034442765,0.0,1.0,0.26666666666666666,0.7333333333333334,0.25031166518254677,0.7496883348174532,0.2588214537755822,0.7411785462244178,0.9195154886505066,0.8448400428750409,0.1551599571249591,False
T060_P10_H0800_I0600_CN090_F1,California,unlimited_useful_deadline,unlimited,central_only,targeted_central,all_useful,deadline,-1.0,0.0,0.0,1.0,none,0.0,0,applicable,32.0,0.0,,0.0,29481.0,8703740.0,221623.68959953834,1711.0,1625.5,0.7334504731588883,99.32328514303292,14.0,97.91666666666666,97.91666666666666,97.91666666666666,97.91666666666666,93.75,93.75,93.75,93.75,90.625,0.0,0.0,3.0,0.0,30.0,2.0,52.00104166666897,70.73472222223475,70.96388888889787,71.20069444444489,30.0,2.0,71.20069444444489,204.5,23.683333333333334,0.49211822660098536,1.0,0.0,0.0,6.0,66.66666666666666,83.33333333333334,16.0,100.0,100.0,9.0,100.0,100.0,COMPLETED,60,10,800.0,60.0,90.0,54,3168b32d5da602cd,False,0.90625,0.9375,0.9734229201592614,0.884057784884245,0.0,1.0,0.3,0.7,0.2796972395369546,0.7203027604630454,0.2856386732533521,0.7143613267466479,0.9253076762608766,0.8269328174419386,0.17306718255806142,False
T060_P10_H0800_I0600_CN100_F1,California,unlimited_useful_deadline,unlimited,central_only,targeted_central,all_useful,deadline,-1.0,0.0,0.0,1.0,none,0.0,0,applicable,32.0,0.0,,0.0,32551.0,9893444.0,244466.00639947085,1858.0,1780.5,0.7283221198003968,100.0,16.0,98.4375,98.4375,98.4375,98.4375,96.875,96.875,96.875,96.875,90.625,0.0,0.0,3.0,0.0,31.0,1.0,46.367361111111435,60.45347222223015,64.96215277780115,66.60277777780236,31.0,1.0,66.60277777780236,174.5,26.766666666666666,0.4381797426317975,1.0,0.0,0.0,6.0,66.66666666666666,100.0,16.0,100.0,100.0,9.0,100.0,100.0,COMPLETED,60,10,800.0,60.0,100.0,60,755dcebade4ef802,False,0.90625,0.96875,0.9800671901194461,0.8982300221969041,0.0,1.0,0.3333333333333333,0.6666666666666667,0.30730186999109527,0.6926981300089048,0.31157374735356386,0.6884262526464362,0.9383243030790875,0.8095582098644016,0.19044179013559837,False
T060_P10_H0800_I0800_CN000_F1,California,unlimited_useful_deadline,unlimited,central_only,targeted_central,all_useful,deadline,-1.0,0.0,0.0,1.0,none,0.0,0,applicable,32.0,0.0,,0.0,871.0,440164.0,44016.4,198.0,133.5,0.30329604420170664,0.0,1.0,41.70981430849852,41.70981430849852,41.70981430849852,41.70981430849852,0.0,0.0,0.0,0.0,0.0,0.0,7.0,25.0,7.0,0.0,32.0,,,,,0.0,32.0,,133.5,0.0,0.0,1.0,0.0,0.0,6.0,0.0,0.0,16.0,0.0,0.0,9.0,0.0,0.0,COMPLETED,60,10,800.0,80.0,0.0,0,c34928db7dc378a9,False,0.0,0.0,0.25639219885383574,0.0,0.0,1.0,0.0,1.0,0.013980409617097062,0.986019590382903,0.0187014820042343,0.9812985179957657,0.06409804971345893,0.9934636216757338,0.006536378324266234,False
T060_P10_H0800_I0800_CN010_F1,California,unlimited_useful_deadline,unlimited,central_only,targeted_central,all_useful,deadline,-1.0,0.0,0.0,1.0,none,0.0,0,applicable,32.0,0.0,,0.0,7564.0,1753576.0,69233.9103999309,458.0,355.5,0.5134767023073635,86.07594936708861,6.0,75.8447254499886,75.8447254499886,75.8447254499886,75.8447254499886,59.375,59.375,59.375,59.375,78.125,0.0,7.0,0.0,7.0,19.0,13.0,129.23333333333332,222.47999999999993,307.425,311.85,19.0,13.0,311.85,71.5,4.733333333333333,0.9049295774647887,1.0,0.0,0.0,6.0,0.0,0.0,16.0,100.0,75.0,9.0,100.0,77.77777777777779,COMPLETED,60,10,800.0,80.0,10.0,6,15f7f77c76b54867,False,0.78125,0.59375,0.6918512030605062,0.14230030758956613,0.0,1.0,0.03333333333333333,0.9666666666666667,0.053517364203027606,0.9464826357969724,0.06457304163726182,0.9354269583627381,0.5522878776625181,0.9697152521652754,0.030284747834724568,False
T060_P10_H0800_I0800_CN020_F1,California,unlimited_useful_deadline,unlimited,central_only,targeted_central,all_useful,deadline,-1.0,0.0,0.0,1.0,none,0.0,0,applicable,32.0,0.0,,0.0,14210.0,3133356.0,95725.6863998557,623.0,519.0,0.5421742267086866,97.01348747591523,7.0,78.125,78.125,78.125,78.125,78.125,78.125,78.125,78.125,78.125,0.0,7.0,0.0,7.0,25.0,7.0,89.63472222222238,106.45555555555562,108.68166666666662,117.20069444444476,25.0,7.0,117.20069444444476,64.0,7.675,0.8170285921100253,1.0,0.0,0.0,6.0,0.0,0.0,16.0,100.0,100.0,9.0,100.0,100.0,COMPLETED,60,10,800.0,80.0,20.0,12,0a7b92932f552baa,False,0.78125,0.78125,0.7209406616722456,0.7422711968166631,0.0,1.0,0.06666666666666667,0.9333333333333333,0.08263579697239537,0.9173642030276046,0.09368383909668314,0.9063161609033169,0.7564279646222272,0.951402739452851,0.04859726054714897,True
T060_P10_H0800_I0800_CN030_F1,California,unlimited_useful_deadline,unlimited,central_only,targeted_central,all_useful,deadline,-1.0,0.0,0.0,1.0,none,0.0,0,applicable,32.0,0.0,,0.0,21676.0,4601752.0,123918.88959975727,776.0,675.5,0.545114632790676,99.6299037749815,7.0,84.375,84.375,84.375,84.375,78.125,78.125,78.125,78.125,90.625,0.0,2.0,1.0,2.0,25.0,7.0,65.80138888888905,87.30138888888897,91.42916666666696,103.73472222222627,25.0,7.0,103.73472222222627,64.5,10.366666666666667,0.7636923901393355,1.0,0.0,0.0,6.0,66.66666666666666,0.0,16.0,100.0,100.0,9.0,100.0,100.0,COMPLETED,60,10,800.0,80.0,30.0,18,cde6eea29efb478b,False,0.90625,0.78125,0.8006719011944611,0.78377759369495,0.0,1.0,0.1,0.9,0.11050756901157613,0.8894924309884239,0.12067748764996472,0.8793225123500352,0.8179873737223529,0.9337629886676919,0.06623701133230808,True
T060_P10_H0800_I0800_CN040_F1,California,unlimited_useful_deadline,unlimited,central_only,targeted_central,all_useful,deadline,-1.0,0.0,0.0,1.0,none,0.0,0,applicable,32.0,0.0,,0.0,26976.0,5892260.0,148696.64319967153,949.0,859.0,0.5776862083204697,100.0,8.0,93.75,93.75,93.75,93.75,90.625,90.625,90.625,90.625,93.75,0.0,1.0,1.0,1.0,29.0,3.0,63.934722222230874,71.20416666666648,72.040972222222,82.73472222222966,29.0,3.0,82.73472222222966,98.0,13.641666666666667,0.7322235797189982,1.0,0.0,0.0,6.0,83.33333333333334,66.66666666666666,16.0,100.0,100.0,9.0,100.0,100.0,COMPLETED,60,10,800.0,80.0,40.0,24,ed31c0e53d126d8b,False,0.9375,0.90625,0.9202687604777844,0.8485062534649228,0.0,1.0,0.13333333333333333,0.8666666666666667,0.14318788958147818,0.8568121104185218,0.15119971771347918,0.8488002822865208,0.9031312534856768,0.9144558118743419,0.08554418812565812,True
T060_P10_H0800_I0800_CN050_F1,California,unlimited_useful_deadline,unlimited,central_only,targeted_central,all_useful,deadline,-1.0,0.0,0.0,1.0,none,0.0,0,applicable,32.0,0.0,,0.0,33497.0,7351720.0,176718.27519955987,1115.0,1039.5,0.5882243920874285,100.0,8.0,95.3125,95.3125,95.3125,95.3125,90.625,90.625,90.625,90.625,96.875,0.0,1.0,0.0,1.0,29.0,3.0,56.18958333333551,65.27083333333333,65.66138888888887,78.73472222222239,29.0,3.0,78.73472222222239,104.5,16.65,0.6523023023023025,1.0,0.0,0.0,6.0,100.0,66.66666666666666,16.0,100.0,100.0,9.0,100.0,100.0,COMPLETED,60,10,800.0,80.0,50.0,30,c00838bb243ab124,False,0.96875,0.90625,0.9402015703583383,0.8608355219925611,0.0,1.0,0.16666666666666666,0.8333333333333334,0.1753339269813001,0.8246660730186999,0.18048694424841213,0.8195130557515878,0.9190092730877248,0.8955024924207242,0.10449750757927578,False
T060_P10_H0800_I0800_CN060_F1,California,unlimited_useful_deadline,unlimited,central_only,targeted_central,all_useful,deadline,-1.0,0.0,0.0,1.0,none,0.0,0,applicable,32.0,0.0,,0.0,38885.0,8819864.0,204906.63999946372,1254.0,1173.0,0.5724558267136047,100.0,9.0,92.1875,92.1875,92.1875,92.1875,87.5,87.5,87.5,87.5,96.875,0.0,1.0,0.0,1.0,28.0,4.0,57.33437499999976,68.14965277777765,69.20052083333351,73.73472222222239,28.0,4.0,73.73472222222239,103.5,18.666666666666668,0.6402232142857143,1.0,0.0,0.0,6.0,100.0,50.0,16.0,100.0,100.0,9.0,100.0,100.0,COMPLETED,60,10,800.0,80.0,60.0,36,a370108d115afb7c,False,0.96875,0.875,0.9003359505972306,0.8762471076520809,0.0,1.0,0.2,0.8,0.19910952804986642,0.8008904719501335,0.2050105857445307,0.7949894142554693,0.9050832645623279,0.8791759772411207,0.12082402275887927,False
T060_P10_H0800_I0800_CN070_F1,California,unlimited_useful_deadline,unlimited,central_only,targeted_central,all_useful,deadline,-1.0,0.0,0.0,1.0,none,0.0,0,applicable,32.0,0.0,,0.0,44386.0,10285472.0,233046.31359934487,1433.0,1361.5,0.5842186383349972,100.0,9.0,93.75,93.75,93.75,93.75,90.625,90.625,90.625,90.625,96.875,0.0,1.0,0.0,1.0,29.0,3.0,42.55138888888857,58.04166666667338,61.05611111111869,66.7347222222248,29.0,3.0,66.7347222222248,118.5,21.683333333333334,0.5159364591339994,1.0,0.0,0.0,6.0,100.0,66.66666666666666,16.0,100.0,100.0,9.0,100.0,100.0,COMPLETED,60,10,800.0,80.0,70.0,42,2f18d35afb6f23b2,False,0.96875,0.90625,0.9202687604777844,0.8978233275754012,0.0,1.0,0.23333333333333334,0.7666666666666666,0.23268032056990204,0.7673196794300979,0.23659139026111503,0.763408609738885,0.9232730220132964,0.8594789911671299,0.1405210088328701,False
T060_P10_H0800_I0800_CN080_F1,California,unlimited_useful_deadline,unlimited,central_only,targeted_central,all_useful,deadline,-1.0,0.0,0.0,1.0,none,0.0,0,applicable,32.0,0.0,,0.0,49822.0,11856304.0,263206.2879992292,1585.0,1532.5,0.5822429287876617,100.0,11.0,97.65625,97.65625,97.65625,97.65625,93.75,93.75,93.75,93.75,100.0,0.0,0.0,0.0,0.0,30.0,2.0,42.97638888889863,55.44097222222877,57.04600694444508,60.73472222222238,30.0,2.0,60.73472222222238,96.0,24.458333333333332,0.44259511641113014,1.0,100.0,0.0,6.0,100.0,83.33333333333334,16.0,100.0,100.0,9.0,100.0,100.0,COMPLETED,60,10,800.0,80.0,80.0,48,0c82a821990b6148,False,1.0,0.9375,0.9701007851791692,0.9163172303668324,0.0,1.0,0.26666666666666666,0.7333333333333334,0.26313446126447015,0.7368655387355298,0.26340860973888497,0.736591390261115,0.9559795038865004,0.8413580524659957,0.1586419475340043,False
T060_P10_H0800_I0800_CN090_F1,California,unlimited_useful_deadline,unlimited,central_only,targeted_central,all_useful,deadline,-1.0,0.0,0.0,1.0,none,0.0,0,applicable,32.0,0.0,,0.0,55232.0,13465756.0,294107.766399099,1739.0,1687.5,0.5737692753444982,100.0,11.0,98.4375,98.4375,98.4375,98.4375,96.875,96.875,96.875,96.875,100.0,0.0,0.0,0.0,0.0,31.0,1.0,41.01944444444428,48.16875,49.334375000002666,50.73472222222287,31.0,1.0,50.73472222222287,112.5,27.091666666666665,0.4395621859940533,1.0,100.0,0.0,6.0,100.0,100.0,16.0,100.0,100.0,9.0,100.0,100.0,COMPLETED,60,10,800.0,80.0,90.0,54,fc89a11de578d09e,False,1.0,0.96875,0.9800671901194461,0.9471404016858705,0.0,1.0,0.3,0.7,0.29073909171861084,0.7092609082813892,0.29057868736767817,0.7094213126323219,0.9739893979513291,0.8237364441827423,0.17626355581725772,True
T060_P10_H0800_I0800_CN100_F1,California,unlimited_useful_deadline,unlimited,central_only,targeted_central,all_useful,deadline,-1.0,0.0,0.0,1.0,none,0.0,0,applicable,32.0,0.0,,0.0,60451.0,15080612.0,325113.00159896,1899.0,1848.0,0.5684177473405331,100.0,11.0,98.4375,98.4375,98.4375,98.4375,96.875,96.875,96.875,96.875,100.0,0.0,0.0,0.0,0.0,31.0,1.0,40.036805555555716,47.367361111111435,47.95173611111168,52.036805555555716,31.0,1.0,52.036805555555716,105.5,29.825,0.3656654559001584,1.0,100.0,0.0,6.0,100.0,100.0,16.0,100.0,100.0,9.0,100.0,100.0,COMPLETED,60,10,800.0,80.0,100.0,60,9cd25b583ac730ee,False,1.0,0.96875,0.9800671901194461,0.9431269679203721,0.0,1.0,0.3333333333333333,0.6666666666666667,0.31932324131789847,0.6806767586821015,0.31880733944954126,0.6811926605504588,0.9729860395099545,0.8057072171798455,0.1942927828201545,False
T060_P10_H0800_I0986_CN000_F1,California,unlimited_useful_deadline,unlimited,central_only,targeted_central,all_useful,deadline,-1.0,0.0,0.0,1.0,none,0.0,0,applicable,32.0,0.0,,0.0,884.0,435424.0,43542.4,181.0,123.5,0.2836315866833248,0.0,1.0,37.94234046289968,37.94234046289968,37.94234046289968,37.94234046289968,0.0,0.0,0.0,0.0,53.125,0.0,7.0,8.0,7.0,0.0,32.0,,,,,0.0,32.0,,123.5,0.0,0.0,1.0,0.0,0.0,6.0,0.0,0.0,16.0,62.5,0.0,9.0,77.77777777777779,0.0,COMPLETED,60,10,800.0,98.6,0.0,0,9917f4d7d2428dcb,False,0.53125,0.0,0.2083305413214959,0.0,0.0,1.0,0.0,1.0,0.01219946571682992,0.98780053428317,0.015702187720536345,0.9842978122794637,0.18489513533037397,0.9944196693125269,0.005580330687473101,False
T060_P10_H0800_I0986_CN010_F1,California,unlimited_useful_deadline,unlimited,central_only,targeted_central,all_useful,deadline,-1.0,0.0,0.0,1.0,none,0.0,0,applicable,32.0,0.0,,0.0,8407.0,2965356.0,92117.09439991254,437.0,346.5,0.37615168200564625,85.28138528138528,5.0,75.06152039663553,75.06152039663553,75.06152039663553,75.06152039663553,31.25,31.25,31.25,31.25,78.125,0.0,6.0,1.0,6.0,10.0,22.0,121.32638888888954,175.18333333333334,175.25833333333333,175.33333333333334,10.0,22.0,175.33333333333334,79.5,4.45,0.9152933832709114,1.0,0.0,100.0,6.0,0.0,0.0,16.0,100.0,56.25,9.0,100.0,0.0,COMPLETED,60,10,800.0,98.6,10.0,6,f57835ee1401aff0,False,0.78125,0.3125,0.6818598575078816,0.5630879680466554,0.0,1.0,0.03333333333333333,0.9666666666666667,0.05191451469278718,0.9480854853072128,0.06086803105151729,0.9391319689484827,0.5846744563886342,0.9707768241844725,0.02922317581552747,True
T060_P10_H0800_I0986_CN020_F1,California,unlimited_useful_deadline,unlimited,central_only,targeted_central,all_useful,deadline,-1.0,0.0,0.0,1.0,none,0.0,0,applicable,32.0,0.0,,0.0,15186.0,5399588.0,138854.34879984785,646.0,548.0,0.39465814699827423,98.17518248175182,11.0,83.59375,83.59375,83.59375,83.59375,81.25,81.25,81.25,81.25,78.125,0.0,3.0,4.0,3.0,26.0,6.0,80.61875000001098,116.2364583333337,116.97690972222226,117.36736111111095,26.0,6.0,117.36736111111095,76.0,8.15,0.8328902522154056,1.0,0.0,100.0,6.0,0.0,0.0,16.0,100.0,100.0,9.0,100.0,100.0,COMPLETED,60,10,800.0,98.6,20.0,12,56b34dc070942690,False,0.78125,0.8125,0.7907054962541842,0.7417574772946807,0.0,1.0,0.06666666666666667,0.9333333333333333,0.08780053428317008,0.91219946571683,0.09774170783345096,0.9022582921665491,0.7815532433872162,0.9495582182433424,0.05044178175665759,True
T060_P10_H0800_I0986_CN030_F1,California,unlimited_useful_deadline,unlimited,central_only,targeted_central,all_useful,deadline,-1.0,0.0,0.0,1.0,none,0.0,0,applicable,32.0,0.0,,0.0,22342.0,7897440.0,186813.10719976242,833.0,757.0,0.40521781974887183,99.60369881109644,9.0,98.4375,98.4375,98.4375,98.4375,93.75,93.75,93.75,93.75,96.875,0.0,0.0,1.0,0.0,30.0,2.0,57.33437499999976,76.25798611111081,81.10986111111308,85.73472222222675,30.0,2.0,85.73472222222675,95.0,11.691666666666666,0.7647540983606558,1.0,0.0,100.0,6.0,100.0,66.66666666666666,16.0,100.0,100.0,9.0,100.0,100.0,COMPLETED,60,10,800.0,98.6,30.0,18,334cad44a2186206,False,0.96875,0.9375,0.9800671901194461,0.8392593020692198,0.0,1.0,0.1,0.9,0.12502226179875334,0.8749777382012467,0.13073394495412843,0.8692660550458715,0.9313941230471665,0.9288487586494237,0.07115124135057627,True
T060_P10_H0800_I0986_CN040_F1,California,unlimited_useful_deadline,unlimited,central_only,targeted_central,all_useful,deadline,-1.0,0.0,0.0,1.0,none,0.0,0,applicable,32.0,0.0,,0.0,30841.0,10699004.0,240603.13599961362,964.0,888.5,0.3692803073029883,100.0,11.0,100.0,100.0,100.0,100.0,100.0,100.0,100.0,100.0,96.875,0.0,0.0,1.0,0.0,32.0,0.0,53.53437500000041,63.93437500000123,65.19201388889475,66.10347222223257,32.0,0.0,66.10347222223257,77.5,13.958333333333334,0.7170248756218907,1.0,0.0,100.0,6.0,100.0,100.0,16.0,100.0,100.0,9.0,100.0,100.0,COMPLETED,60,10,800.0,98.6,40.0,24,b61601c68bb1d296,False,0.96875,1.0,1.0,0.8997690402648916,0.0,1.0,0.13333333333333333,0.8666666666666667,0.14844167408726625,0.8515583259127337,0.15384615384615385,0.8461538461538461,0.9671297600662229,0.9128757677466492,0.08712423225335075,True
T060_P10_H0800_I0986_CN050_F1,California,unlimited_useful_deadline,unlimited,central_only,targeted_central,all_useful,deadline,-1.0,0.0,0.0,1.0,none,0.0,0,applicable,32.0,0.0,,0.0,36275.0,13010100.0,284976.17919957323,1132.0,1057.5,0.3710836474017768,99.71631205673759,7.0,99.21875,99.21875,99.21875,99.21875,96.875,96.875,96.875,96.875,96.875,0.0,0.0,1.0,0.0,31.0,1.0,50.6027777777781,73.06875,73.46111111112192,73.93680555555548,31.0,1.0,73.93680555555548,71.5,16.583333333333332,0.6425460636515914,1.0,0.0,100.0,6.0,100.0,83.33333333333334,16.0,100.0,100.0,9.0,100.0,100.0,COMPLETED,60,10,800.0,98.6,50.0,30,a034d9a10c31b226,False,0.96875,0.96875,0.9900335950597231,0.8756242227316761,0.0,1.0,0.16666666666666666,0.8333333333333334,0.17853962600178094,0.821460373998219,0.1834862385321101,0.8165137614678899,0.9507894544478498,0.8942614937598885,0.1057385062401115,False
T060_P10_H0800_I0986_CN060_F1,California,unlimited_useful_deadline,unlimited,central_only,targeted_central,all_useful,deadline,-1.0,0.0,0.0,1.0,none,0.0,0,applicable,32.0,0.0,,0.0,44338.0,15842936.0,339366.63039941445,1284.0,1213.5,0.35757787928995327,100.0,10.0,100.0,100.0,100.0,100.0,100.0,100.0,100.0,100.0,96.875,0.0,0.0,1.0,0.0,32.0,0.0,49.80138888889026,59.66875000000112,61.32065972222282,62.904861111112886,32.0,0.0,62.904861111112886,154.5,19.158333333333335,0.6512324198927071,1.0,0.0,100.0,6.0,100.0,100.0,16.0,100.0,100.0,9.0,100.0,100.0,COMPLETED,60,10,800.0,98.6,60.0,36,69baa36a3048ab7a,False,0.96875,1.0,1.0,0.9096281740909942,0.0,1.0,0.2,0.8,0.20632235084594835,0.7936776491540516,0.21030345800988004,0.78969654199012,0.9695945435227485,0.8766748382288343,0.1233251617711657,True
T060_P10_H0800_I0986_CN070_F1,California,unlimited_useful_deadline,unlimited,central_only,targeted_central,all_useful,deadline,-1.0,0.0,0.0,1.0,none,0.0,0,applicable,32.0,0.0,,0.0,50618.0,18395932.0,388384.1535993421,1447.0,1382.0,0.3558332612678307,99.78292329956585,11.0,100.0,100.0,100.0,100.0,100.0,100.0,100.0,100.0,96.875,0.0,0.0,1.0,0.0,32.0,0.0,45.034375000000225,52.536805555563696,55.83940972222263,57.7555555555904,32.0,0.0,57.7555555555904,152.5,22.158333333333335,0.6096840917638211,1.0,0.0,100.0,6.0,100.0,100.0,16.0,100.0,100.0,9.0,100.0,100.0,COMPLETED,60,10,800.0,98.6,70.0,42,899c1763f4aadc8a,False,0.96875,1.0,1.0,0.9254999668221894,0.0,1.0,0.23333333333333334,0.7666666666666666,0.23633125556544968,0.7636687444345504,0.23906139731827805,0.760938602681722,0.9735624917055473,0.8582548027565877,0.14174519724341228,True
T060_P10_H0800_I0986_CN080_F1,California,unlimited_useful_deadline,unlimited,central_only,targeted_central,all_useful,deadline,-1.0,0.0,0.0,1.0,none,0.0,0,applicable,32.0,0.0,,0.0,56270.0,20890512.0,436280.08959922445,1605.0,1549.5,0.35516174974278597,99.9677315262988,11.0,100.0,100.0,100.0,100.0,100.0,100.0,100.0,100.0,96.875,0.0,0.0,1.0,0.0,32.0,0.0,46.41909722222384,59.54472222222222,61.39600694444456,64.20069444444441,32.0,0.0,64.20069444444441,151.0,24.758333333333333,0.5305901492202401,1.0,0.0,100.0,6.0,100.0,100.0,16.0,100.0,100.0,9.0,100.0,100.0,COMPLETED,60,10,800.0,98.6,80.0,48,2732ec4b990afc3b,False,0.96875,1.0,1.0,0.9056340048075742,0.0,1.0,0.26666666666666666,0.7333333333333334,0.2661620658949243,0.7338379341050757,0.26693719124911786,0.7330628087508821,0.9685960012018935,0.8400468152378582,0.15995318476214182,False
T060_P10_H0800_I0986_CN090_F1,California,unlimited_useful_deadline,unlimited,central_only,targeted_central,all_useful,deadline,-1.0,0.0,0.0,1.0,none,0.0,0,applicable,32.0,0.0,,0.0,62453.0,23541028.0,487169.9967991146,1745.0,1692.5,0.3474146624628662,100.0,10.0,100.0,100.0,100.0,100.0,100.0,100.0,100.0,100.0,96.875,0.0,0.0,1.0,0.0,32.0,0.0,43.68472222223136,49.01597222225513,50.715659722229454,54.20069444445095,32.0,0.0,54.20069444445095,105.0,26.916666666666668,0.5128792569659444,1.0,0.0,100.0,6.0,100.0,100.0,16.0,100.0,100.0,9.0,100.0,100.0,COMPLETED,60,10,800.0,98.6,90.0,54,9ea01dc8d762640b,False,0.96875,1.0,1.0,0.9364571761265936,0.0,1.0,0.3,0.7,0.29162956366874443,0.7083704363312555,0.29163726182074806,0.7083627381792519,0.9763017940316484,0.8233466349021015,0.17665336509789853,True
T060_P10_H0800_I0986_CN100_F1,California,unlimited_useful_deadline,unlimited,central_only,targeted_central,all_useful,deadline,-1.0,0.0,0.0,1.0,none,0.0,0,applicable,32.0,0.0,,0.0,68444.0,26155168.0,537361.4847990024,1900.0,1850.0,0.3442747670484765,100.0,12.0,100.0,100.0,100.0,100.0,100.0,100.0,100.0,100.0,96.875,0.0,0.0,1.0,0.0,32.0,0.0,39.01840277777785,48.639236111114585,49.04618055557742,50.200694444445496,32.0,0.0,50.200694444445496,116.0,29.375,0.4415366430260048,1.0,0.0,100.0,6.0,100.0,100.0,16.0,100.0,100.0,9.0,100.0,100.0,COMPLETED,60,10,800.0,98.6,100.0,60,48731119e16388ed,False,0.96875,1.0,1.0,0.9487864446542263,0.0,1.0,0.3333333333333333,0.6666666666666667,0.3196794300979519,0.680320569902048,0.31898376852505295,0.681016231474947,0.9793841111635566,0.8056006936087324,0.19439930639126757,False
T060_P10_H1000_I0600_CN000_F1,California,unlimited_useful_deadline,unlimited,central_only,targeted_central,all_useful,deadline,-1.0,0.0,0.0,1.0,none,0.0,0,applicable,32.0,0.0,,0.0,1203.0,823388.0,82338.8,207.0,163.0,0.1979625644289205,0.0,1.0,50.37799873737374,50.37799873737374,50.37799873737374,50.37799873737374,3.125,3.125,3.125,3.125,78.125,0.0,0.0,7.0,0.0,1.0,31.0,48.11666666666667,48.11666666666667,48.11666666666667,48.11666666666667,1.0,31.0,48.11666666666667,163.0,0.0,0.0,1.0,0.0,0.0,6.0,0.0,16.666666666666664,16.0,100.0,0.0,9.0,100.0,0.0,COMPLETED,60,10,1000.0,60.0,0.0,0,fb806df049b4d879,False,0.78125,0.03125,0.366972213081258,0.9552100791770377,0.0,1.0,0.0,1.0,0.01923419412288513,0.9807658058771149,0.020289343683839098,0.9797106563161609,0.5336705730645739,0.9920952924386552,0.00790470756134476,True
T060_P10_H1000_I0600_CN010_F1,California,unlimited_useful_deadline,unlimited,central_only,targeted_central,all_useful,deadline,-1.0,0.0,0.0,1.0,none,0.0,0,applicable,32.0,0.0,,0.0,4212.0,1439780.0,94173.52639996614,460.0,367.5,0.3902370592338062,61.08843537414966,4.0,76.9971106791759,76.9971106791759,76.9971106791759,76.9971106791759,9.375,9.375,9.375,9.375,78.125,0.0,0.0,7.0,0.0,3.0,29.0,118.80277777777786,119.46833333333339,119.55152777777782,119.63472222222227,3.0,29.0,119.63472222222227,204.5,2.716666666666667,0.8799591002044991,1.0,0.0,0.0,6.0,0.0,16.666666666666664,16.0,100.0,12.5,9.0,100.0,0.0,COMPLETED,60,10,1000.0,60.0,10.0,6,292671332e185950,False,0.78125,0.09375,0.7065521794973375,0.7347687512976895,0.0,1.0,0.03333333333333333,0.9666666666666667,0.05565449688334818,0.9443455031166518,0.06492589978828511,0.9350741002117149,0.5790802326987567,0.9692172539990067,0.03078274600099329,True
T060_P10_H1000_I0600_CN020_F1,California,unlimited_useful_deadline,unlimited,central_only,targeted_central,all_useful,deadline,-1.0,0.0,0.0,1.0,none,0.0,0,applicable,32.0,0.0,,0.0,7386.0,2125172.0,107333.0527999285,671.0,552.0,0.5142870584599339,78.89492753623189,6.0,90.27680652680652,90.27680652680652,90.27680652680652,90.27680652680652,71.875,71.875,71.875,71.875,78.125,0.0,0.0,7.0,0.0,23.0,9.0,122.20069444444441,137.01666666667055,160.0815972222234,167.20069444444488,23.0,9.0,167.20069444444488,223.0,5.483333333333333,0.7363221884498481,1.0,0.0,0.0,6.0,0.0,16.666666666666664,16.0,100.0,81.25,9.0,100.0,100.0,COMPLETED,60,10,1000.0,60.0,20.0,12,de8ada6de8e64933,False,0.78125,0.71875,0.8759612371628749,0.5881553402214648,0.0,1.0,0.06666666666666667,0.9333333333333333,0.08851291184327693,0.9114870881567231,0.10215243472124207,0.897847565278758,0.7410291443460849,0.948533597353763,0.05146640264623703,False
T060_P10_H1000_I0600_CN030_F1,California,unlimited_useful_deadline,unlimited,central_only,targeted_central,all_useful,deadline,-1.0,0.0,0.0,1.0,none,0.0,0,applicable,32.0,0.0,,0.0,10477.0,2862464.0,121489.05919988886,798.0,672.5,0.5535477881127713,86.6914498141264,6.0,91.35416666666667,91.35416666666667,91.35416666666667,91.35416666666667,81.25,81.25,81.25,81.25,78.125,0.0,0.0,7.0,0.0,26.0,6.0,109.37708333334012,120.91909722222894,153.15972222222317,167.20069444444488,26.0,6.0,167.20069444444488,223.5,7.483333333333333,0.6640311804008909,1.0,0.0,0.0,6.0,0.0,16.666666666666664,16.0,100.0,100.0,9.0,100.0,100.0,COMPLETED,60,10,1000.0,60.0,30.0,18,73fba4ca667cf02c,False,0.78125,0.8125,0.8897051186609352,0.5881553402214648,0.0,1.0,0.1,0.9,0.10997328584149599,0.890026714158504,0.1245589273112209,0.8754410726887791,0.7679026147206,0.9330935573694566,0.06690644263054335,False
T060_P10_H1000_I0600_CN040_F1,California,unlimited_useful_deadline,unlimited,central_only,targeted_central,all_useful,deadline,-1.0,0.0,0.0,1.0,none,0.0,0,applicable,32.0,0.0,,0.0,13233.0,3604136.0,135729.16159984446,948.0,828.5,0.6104067764321542,91.85274592637296,6.0,92.5,92.5,92.5,92.5,81.25,81.25,81.25,81.25,81.25,0.0,0.0,6.0,0.0,26.0,6.0,101.5854166666669,125.88645833333479,153.50190972222327,167.20069444444488,26.0,6.0,167.20069444444488,237.0,9.858333333333333,0.6528176951253875,1.0,0.0,0.0,6.0,16.666666666666664,16.666666666666664,16.0,100.0,100.0,9.0,100.0,100.0,COMPLETED,60,10,1000.0,60.0,40.0,24,82b2804d29d481ba,False,0.8125,0.8125,0.9043225125733413,0.5881553402214648,0.0,1.0,0.13333333333333333,0.8666666666666667,0.1377560106856634,0.8622439893143365,0.15102328863796755,0.8489767113620325,0.7793694631987015,0.9155774734686071,0.08442252653139293,False
T060_P10_H1000_I0600_CN050_F1,California,unlimited_useful_deadline,unlimited,central_only,targeted_central,all_useful,deadline,-1.0,0.0,0.0,1.0,none,0.0,0,applicable,32.0,0.0,,0.0,16497.0,4355964.0,150164.25919979307,1101.0,987.0,0.6572802378272979,94.98480243161094,12.0,94.6875,94.6875,94.6875,94.6875,84.375,84.375,84.375,84.375,87.5,0.0,0.0,4.0,0.0,27.0,5.0,82.73472222222239,101.55097222222214,105.7302083333339,107.36736111111095,27.0,5.0,107.36736111111095,228.5,12.641666666666667,0.5729180399912108,1.0,0.0,0.0,6.0,50.0,33.33333333333333,16.0,100.0,100.0,9.0,100.0,100.0,COMPLETED,60,10,1000.0,60.0,50.0,30,4168b39e7db7083d,False,0.875,0.84375,0.9322284464061168,0.7725806486137202,0.0,1.0,0.16666666666666666,0.8333333333333334,0.1659839715048976,0.8340160284951024,0.1780169371912491,0.8219830628087509,0.8558897737549592,0.8978664849274374,0.10213351507256263,False
T060_P10_H1000_I0600_CN060_F1,California,unlimited_useful_deadline,unlimited,central_only,targeted_central,all_useful,deadline,-1.0,0.0,0.0,1.0,none,0.0,0,applicable,32.0,0.0,,0.0,19259.0,5343752.0,169129.78879974125,1222.0,1099.5,0.650092457279579,96.13460663938153,10.0,93.54166666666667,93.54166666666667,93.54166666666667,93.54166666666667,84.375,84.375,84.375,84.375,84.375,0.0,0.0,5.0,0.0,27.0,5.0,80.41944444444476,91.76138888889041,92.40902777778382,93.10347222223112,27.0,5.0,93.10347222223112,230.5,14.483333333333333,0.5355581127733027,1.0,0.0,0.0,6.0,33.33333333333333,33.33333333333333,16.0,100.0,100.0,9.0,100.0,100.0,COMPLETED,60,10,1000.0,60.0,60.0,36,c19b7ee27d7df16d,False,0.84375,0.84375,0.9176110524937107,0.8165464777034891,0.0,1.0,0.2,0.8,0.18601959038290294,0.8139804096170971,0.1993648553281581,0.8006351446718419,0.8554143825492999,0.882923110857788,0.11707688914221204,False
T060_P10_H1000_I0600_CN070_F1,California,unlimited_useful_deadline,unlimited,central_only,targeted_central,all_useful,deadline,-1.0,0.0,0.0,1.0,none,0.0,0,applicable,32.0,0.0,,0.0,22263.0,6314664.0,187771.29919968292,1378.0,1270.0,0.6763546960653636,97.24409448818898,14.0,97.1875,97.1875,97.1875,97.1875,93.75,93.75,93.75,93.75,90.625,0.0,0.0,3.0,0.0,30.0,2.0,63.86909722223669,77.97638888889092,80.47222222222399,91.73472222222239,30.0,2.0,91.73472222222239,223.0,17.45,0.48985991722381406,1.0,0.0,100.0,6.0,66.66666666666666,66.66666666666666,16.0,100.0,100.0,9.0,100.0,100.0,COMPLETED,60,10,1000.0,60.0,70.0,42,901c2d8dd1ac526e,False,0.90625,0.9375,0.964120942215003,0.8207653992778096,0.0,1.0,0.23333333333333334,0.7666666666666666,0.2163846838824577,0.7836153161175423,0.2268877911079746,0.7731122088920254,0.9071590853732032,0.8646788383352468,0.13532116166475316,False
T060_P10_H1000_I0600_CN080_F1,California,unlimited_useful_deadline,unlimited,central_only,targeted_central,all_useful,deadline,-1.0,0.0,0.0,1.0,none,0.0,0,applicable,32.0,0.0,,0.0,25276.0,7278948.0,206285.55199962022,1529.0,1428.0,0.6922443119053868,98.84453781512605,14.0,97.29166666666667,97.29166666666667,97.29166666666667,97.29166666666667,90.625,90.625,90.625,90.625,90.625,0.0,0.0,3.0,0.0,29.0,3.0,59.50277777777895,72.55902777777888,78.24861111111375,84.73472222222432,29.0,3.0,84.73472222222432,174.0,20.9,0.4708399787347157,1.0,0.0,100.0,6.0,66.66666666666666,50.0,16.0,100.0,100.0,9.0,100.0,100.0,COMPLETED,60,10,1000.0,60.0,80.0,48,c3831e1929097175,False,0.90625,0.90625,0.96544979620704,0.8423416192011314,0.0,1.0,0.26666666666666666,0.7333333333333334,0.24452359750667854,0.7554764024933215,0.2535285815102329,0.7464714184897672,0.9050728538520428,0.8470562308632844,0.1529437691367156,False
T060_P10_H1000_I0600_CN090_F1,California,unlimited_useful_deadline,unlimited,central_only,targeted_central,all_useful,deadline,-1.0,0.0,0.0,1.0,none,0.0,0,applicable,32.0,0.0,,0.0,28284.0,8391000.0,227636.95039955515,1700.0,1614.5,0.709243379498004,99.31867451223289,15.0,99.47916666666666,99.47916666666666,99.47916666666666,99.47916666666666,96.875,96.875,96.875,96.875,93.75,0.0,0.0,2.0,0.0,31.0,1.0,51.868055555557355,68.73472222222239,71.58541666666764,74.71736111111143,31.0,1.0,74.71736111111143,169.5,24.083333333333332,0.3780276816608996,1.0,0.0,100.0,6.0,83.33333333333334,83.33333333333334,16.0,100.0,100.0,9.0,100.0,100.0,COMPLETED,60,10,1000.0,60.0,90.0,54,764857d1e9999752,False,0.9375,0.96875,0.9933557300398153,0.873218302970383,0.0,1.0,0.3,0.7,0.2777382012466607,0.7222617987533393,0.2836979534227241,0.7163020465772759,0.9432060082525495,0.827712769066123,0.172287230933877,False
T060_P10_H1000_I0600_CN100_F1,California,unlimited_useful_deadline,unlimited,central_only,targeted_central,all_useful,deadline,-1.0,0.0,0.0,1.0,none,0.0,0,applicable,32.0,0.0,,0.0,31291.0,9511396.0,249148.55359948688,1837.0,1751.0,0.7027935642021749,100.0,16.0,99.47916666666666,99.47916666666666,99.47916666666666,99.47916666666666,96.875,96.875,96.875,96.875,93.75,0.0,0.0,2.0,0.0,31.0,1.0,47.66944444445156,68.73472222222239,71.58541666666764,72.45347222222384,31.0,1.0,72.45347222222384,154.0,26.616666666666667,0.3569087873095387,1.0,0.0,100.0,6.0,83.33333333333334,83.33333333333334,16.0,100.0,100.0,9.0,100.0,100.0,COMPLETED,60,10,1000.0,60.0,100.0,60,aa3dc1a67711bf92,False,0.9375,0.96875,0.9933557300398153,0.8801963264773284,0.0,1.0,0.3333333333333333,0.6666666666666667,0.3020480854853072,0.6979519145146929,0.30786873676781934,0.6921312632321807,0.944950514129286,0.8113499688827082,0.18865003111729184,False
T060_P10_H1000_I0800_CN000_F1,California,unlimited_useful_deadline,unlimited,central_only,targeted_central,all_useful,deadline,-1.0,0.0,0.0,1.0,none,0.0,0,applicable,32.0,0.0,,0.0,972.0,580272.0,58027.2,195.0,132.5,0.2283411917169879,0.0,1.0,43.86890870782125,43.86890870782125,43.86890870782125,43.86890870782125,0.0,0.0,0.0,0.0,0.0,0.0,5.0,27.0,5.0,0.0,32.0,,,,,0.0,32.0,,132.5,0.0,0.0,1.0,0.0,0.0,6.0,0.0,0.0,16.0,0.0,0.0,9.0,0.0,0.0,COMPLETED,60,10,1000.0,80.0,0.0,0,7c8c90b265d34164,False,0.0,0.0,0.28393576248639163,0.0,0.0,1.0,0.0,1.0,0.013802315227070348,0.9861976847729297,0.018172194777699366,0.9818278052223006,0.07098394062159791,0.9936050979990461,0.006394902000953939,False
T060_P10_H1000_I0800_CN010_F1,California,unlimited_useful_deadline,unlimited,central_only,targeted_central,all_useful,deadline,-1.0,0.0,0.0,1.0,none,0.0,0,applicable,32.0,0.0,,0.0,7083.0,1821144.0,81851.94239994606,459.0,370.0,0.45203569903338525,85.27027027027027,5.0,78.76578282828282,78.76578282828282,78.76578282828282,78.76578282828282,62.5,62.5,62.5,62.5,78.125,0.0,5.0,2.0,5.0,20.0,12.0,119.18472222222783,355.85833333333335,355.9375,356.01666666666665,20.0,12.0,356.01666666666665,93.5,4.608333333333333,0.9056359252561785,1.0,0.0,0.0,6.0,0.0,0.0,16.0,100.0,75.0,9.0,100.0,88.88888888888889,COMPLETED,60,10,1000.0,80.0,10.0,6,3a0e98770c7698b9,False,0.78125,0.625,0.729115127138412,0.006164634263807978,0.0,1.0,0.03333333333333333,0.9666666666666667,0.05609973285841496,0.943900267141585,0.06474947071277347,0.9352505292872265,0.5353824403505549,0.9691634926190957,0.030836507380904266,True
T060_P10_H1000_I0800_CN020_F1,California,unlimited_useful_deadline,unlimited,central_only,targeted_central,all_useful,deadline,-1.0,0.0,0.0,1.0,none,0.0,0,applicable,32.0,0.0,,0.0,13189.0,3123104.0,106849.57439988312,607.0,506.5,0.4740309007731097,96.05133267522211,6.0,80.46875,80.46875,80.46875,80.46875,78.125,78.125,78.125,78.125,78.125,0.0,5.0,2.0,5.0,25.0,7.0,107.20069444444768,119.82194444445122,121.3291666666866,126.0687500000166,25.0,7.0,126.0687500000166,81.0,7.091666666666667,0.8190560125342734,1.0,0.0,0.0,6.0,0.0,0.0,16.0,100.0,100.0,9.0,100.0,100.0,COMPLETED,60,10,1000.0,80.0,20.0,12,ad27a486362e2831,False,0.78125,0.78125,0.7508398764930764,0.714937037251048,0.0,1.0,0.06666666666666667,0.9333333333333333,0.08040961709706144,0.9195903829029386,0.09086097388849683,0.9091390261115032,0.7570692284360311,0.952412548469555,0.04758745153044497,True
T060_P10_H1000_I0800_CN030_F1,California,unlimited_useful_deadline,unlimited,central_only,targeted_central,all_useful,deadline,-1.0,0.0,0.0,1.0,none,0.0,0,applicable,32.0,0.0,,0.0,19987.0,4489388.0,133082.22719979894,749.0,647.0,0.4861655937187212,98.60896445131375,6.0,82.03125,82.03125,82.03125,82.03125,78.125,78.125,78.125,78.125,78.125,0.0,4.0,3.0,4.0,25.0,7.0,78.55138888888905,95.7215277777777,97.5479166666666,98.06874999999988,25.0,7.0,98.06874999999988,76.0,9.516666666666667,0.751401050788091,1.0,0.0,0.0,6.0,0.0,0.0,16.0,100.0,100.0,9.0,100.0,100.0,COMPLETED,60,10,1000.0,80.0,30.0,18,78370e949fc963ea,False,0.78125,0.78125,0.7707726863736303,0.8012419169444104,0.0,1.0,0.1,0.9,0.10543187889581478,0.8945681211041853,0.11591390261115032,0.8840860973888497,0.7836286508295102,0.9357308436986069,0.06426915630139307,True
T060_P10_H1000_I0800_CN040_F1,California,unlimited_useful_deadline,unlimited,central_only,targeted_central,all_useful,deadline,-1.0,0.0,0.0,1.0,none,0.0,0,applicable,32.0,0.0,,0.0,24754.0,5689048.0,156115.6991997226,914.0,818.0,0.5239703656923784,99.87775061124694,6.0,86.71875,86.71875,86.71875,86.71875,78.125,78.125,78.125,78.125,84.375,0.0,1.0,4.0,1.0,25.0,7.0,67.80138888888857,82.21875000000024,84.33125000000014,85.6027777777781,25.0,7.0,85.6027777777781,63.0,12.591666666666667,0.6963048753584824,1.0,0.0,0.0,6.0,33.33333333333333,0.0,16.0,100.0,100.0,9.0,100.0,100.0,COMPLETED,60,10,1000.0,80.0,40.0,24,30cf26cf3c068b63,False,0.84375,0.78125,0.8305711160152919,0.8396659966908036,0.0,1.0,0.13333333333333333,0.8666666666666667,0.1358860195903829,0.8641139804096171,0.14502470007057164,0.8549752999294283,0.8238092781765238,0.9171511894011424,0.08284881059885763,True
T060_P10_H1000_I0800_CN050_F1,California,unlimited_useful_deadline,unlimited,central_only,targeted_central,all_useful,deadline,-1.0,0.0,0.0,1.0,none,0.0,0,applicable,32.0,0.0,,0.0,30592.0,7026040.0,181785.9455996243,1105.0,1030.5,0.5668755065749866,99.90295972828724,8.0,92.96875,92.96875,92.96875,92.96875,81.25,81.25,81.25,81.25,93.75,0.0,1.0,1.0,1.0,26.0,6.0,60.30208333335215,72.85173611111647,73.88072916666877,75.71736111111119,26.0,6.0,75.71736111111119,76.0,15.908333333333333,0.5962545835515978,1.0,0.0,0.0,6.0,83.33333333333334,16.666666666666664,16.0,100.0,100.0,9.0,100.0,100.0,COMPLETED,60,10,1000.0,80.0,50.0,30,df67d3321815a937,False,0.9375,0.8125,0.9103023555375075,0.8701359858384798,0.0,1.0,0.16666666666666666,0.8333333333333334,0.17373107747105968,0.8262689225289404,0.1787226534932957,0.8212773465067043,0.8826095853439968,0.8961759204737957,0.10382407952620432,False
T060_P10_H1000_I0800_CN060_F1,California,unlimited_useful_deadline,unlimited,central_only,targeted_central,all_useful,deadline,-1.0,0.0,0.0,1.0,none,0.0,0,applicable,32.0,0.0,,0.0,35634.0,8399436.0,208155.14879952956,1269.0,1200.5,0.5767332717559533,100.0,9.0,96.09375,96.09375,96.09375,96.09375,93.75,93.75,93.75,93.75,96.875,0.0,1.0,0.0,1.0,30.0,2.0,56.019097222222506,62.34090277777777,65.87534722222271,69.15138888888929,30.0,2.0,69.15138888888929,72.5,18.908333333333335,0.5552152196268547,1.0,0.0,0.0,6.0,100.0,83.33333333333334,16.0,100.0,100.0,9.0,100.0,100.0,COMPLETED,60,10,1000.0,80.0,60.0,36,04dd76d2a30c66ad,False,0.96875,0.9375,0.9501679752986153,0.89037439450664,0.0,1.0,0.2,0.8,0.20400712377560107,0.795992876224399,0.20765702187720536,0.7923429781227946,0.9366980924513137,0.8776671708694388,0.1223328291305612,False
T060_P10_H1000_I0800_CN070_F1,California,unlimited_useful_deadline,unlimited,central_only,targeted_central,all_useful,deadline,-1.0,0.0,0.0,1.0,none,0.0,0,applicable,32.0,0.0,,0.0,40535.0,9743912.0,233969.08799942033,1424.0,1352.0,0.5778541137893181,100.0,9.0,93.75,93.75,93.75,93.75,84.375,84.375,84.375,84.375,81.25,0.0,1.0,5.0,1.0,27.0,5.0,53.2006944444444,60.56652777778776,74.64277777778688,84.73472222222335,27.0,5.0,84.73472222222335,107.0,21.316666666666666,0.4949569976544175,1.0,0.0,0.0,6.0,16.666666666666664,33.33333333333333,16.0,100.0,100.0,9.0,100.0,100.0,COMPLETED,60,10,1000.0,80.0,70.0,42,99088d74291f9c6a,False,0.8125,0.84375,0.9202687604777844,0.8423416192011344,0.0,1.0,0.23333333333333334,0.7666666666666666,0.23098842386464827,0.7690115761353518,0.23500352858151025,0.7649964714184898,0.8547150949197297,0.8601349428441016,0.13986505715589836,False
T060_P10_H1000_I0800_CN080_F1,California,unlimited_useful_deadline,unlimited,central_only,targeted_central,all_useful,deadline,-1.0,0.0,0.0,1.0,none,0.0,0,applicable,32.0,0.0,,0.0,45586.0,11196824.0,261864.9983993036,1594.0,1543.5,0.5894258528000758,100.0,11.0,98.4375,98.4375,98.4375,98.4375,96.875,96.875,96.875,96.875,100.0,0.0,0.0,0.0,0.0,31.0,1.0,50.01944444444574,56.63472222222263,61.45173611111798,64.73472222223111,31.0,1.0,64.73472222223111,72.0,24.525,0.44669271718201387,1.0,100.0,0.0,6.0,100.0,100.0,16.0,100.0,100.0,9.0,100.0,100.0,COMPLETED,60,10,1000.0,80.0,80.0,48,5209f2be76c5dd3b,False,1.0,0.96875,0.9800671901194461,0.9039879618391896,0.0,1.0,0.26666666666666666,0.7333333333333334,0.265093499554764,0.734906500445236,0.26499647141848975,0.7350035285815102,0.9632012879896589,0.8406486724720159,0.1593513275279841,False
T060_P10_H1000_I0800_CN090_F1,California,unlimited_useful_deadline,unlimited,central_only,targeted_central,all_useful,deadline,-1.0,0.0,0.0,1.0,none,0.0,0,applicable,32.0,0.0,,0.0,50610.0,12674584.0,290237.9903991728,1736.0,1684.0,0.5802134991645805,100.0,10.0,98.4375,98.4375,98.4375,98.4375,96.875,96.875,96.875,96.875,100.0,0.0,0.0,0.0,0.0,31.0,1.0,47.58541666666715,56.20069444444464,57.48680555557403,59.73472222222384,31.0,1.0,59.73472222222384,85.0,26.716666666666665,0.4148679559159909,1.0,100.0,0.0,6.0,100.0,100.0,16.0,100.0,100.0,9.0,100.0,100.0,COMPLETED,60,10,1000.0,80.0,90.0,54,ffeb73712fcb7810,False,1.0,0.96875,0.9800671901194461,0.9193995474987319,0.0,1.0,0.3,0.7,0.29011576135351735,0.7098842386464826,0.2900494001411433,0.7099505998588567,0.9670541844045445,0.8239669677010679,0.17603303229893208,False
T060_P10_H1000_I0800_CN100_F1,California,unlimited_useful_deadline,unlimited,central_only,targeted_central,all_useful,deadline,-1.0,0.0,0.0,1.0,none,0.0,0,applicable,32.0,0.0,,0.0,55386.0,14151872.0,318601.9199990335,1897.0,1844.0,0.5787786840724607,100.0,12.0,98.4375,98.4375,98.4375,98.4375,96.875,96.875,96.875,96.875,100.0,0.0,0.0,0.0,0.0,31.0,1.0,44.98541666669141,53.16875000000388,56.10277777778829,59.73472222222384,31.0,1.0,59.73472222222384,95.5,29.4,0.37514172335600904,1.0,100.0,0.0,6.0,100.0,100.0,16.0,100.0,100.0,9.0,100.0,100.0,COMPLETED,60,10,1000.0,80.0,100.0,60,a3aadf0b1b52fff6,False,1.0,0.96875,0.9800671901194461,0.9193995474987319,0.0,1.0,0.3333333333333333,0.6666666666666667,0.31861086375779163,0.6813891362422084,0.318454481298518,0.6815455187014821,0.9670541844045445,0.8059202643220715,0.19407973567792847,False
T060_P10_H1000_I0986_CN000_F1,California,unlimited_useful_deadline,unlimited,central_only,targeted_central,all_useful,deadline,-1.0,0.0,0.0,1.0,none,0.0,0,applicable,32.0,0.0,,0.0,984.0,572472.0,57247.2,199.0,138.0,0.24105982475998827,0.0,1.0,43.74288586048455,43.74288586048455,43.74288586048455,43.74288586048455,0.0,0.0,0.0,0.0,75.0,0.0,7.0,1.0,7.0,0.0,32.0,,,,,0.0,32.0,,138.0,0.0,0.0,1.0,0.0,0.0,6.0,0.0,0.0,16.0,93.75,0.0,9.0,100.0,0.0,COMPLETED,60,10,1000.0,98.6,0.0,0,645d6250e43037bf,False,0.75,0.0,0.2823280892341878,0.0,0.0,1.0,0.0,1.0,0.014781834372217275,0.9852181656277827,0.018877911079745943,0.9811220889202541,0.25808202230854693,0.9932680509096073,0.006731949090392653,True
T060_P10_H1000_I0986_CN010_F1,California,unlimited_useful_deadline,unlimited,central_only,targeted_central,all_useful,deadline,-1.0,0.0,0.0,1.0,none,0.0,0,applicable,32.0,0.0,,0.0,8101.0,3022664.0,104290.8863999232,456.0,373.0,0.3576534948314282,85.52278820375335,5.0,81.6104418242576,81.6104418242576,81.6104418242576,81.6104418242576,46.875,46.875,46.875,46.875,84.375,0.0,4.0,1.0,4.0,15.0,17.0,112.85138888888905,171.13333333333333,172.39,175.16666666666666,15.0,17.0,175.16666666666666,86.5,4.775,0.9070680628272252,1.0,0.0,100.0,6.0,33.33333333333333,0.0,16.0,100.0,87.5,9.0,100.0,0.0,COMPLETED,60,10,1000.0,98.6,10.0,6,c923eadbdfb0f307,False,0.84375,0.46875,0.7654044371811465,0.5636016875686394,0.0,1.0,0.03333333333333333,0.9666666666666667,0.056634016028495104,0.943365983971505,0.06422018348623854,0.9357798165137614,0.6603765311874465,0.9691624934303866,0.03083750656961337,True
T060_P10_H1000_I0986_CN020_F1,California,unlimited_useful_deadline,unlimited,central_only,targeted_central,all_useful,deadline,-1.0,0.0,0.0,1.0,none,0.0,0,applicable,32.0,0.0,,0.0,14545.0,5397672.0,149891.0399998626,615.0,511.5,0.34124788246213306,95.40566959921799,7.0,86.875,86.875,86.875,86.875,81.25,81.25,81.25,81.25,81.25,0.0,1.0,5.0,1.0,26.0,6.0,80.62638888890093,117.6347222222222,121.85121527777792,127.71736111111191,26.0,6.0,127.71736111111191,70.5,7.35,0.8153817082388513,1.0,0.0,100.0,6.0,16.666666666666664,0.0,16.0,100.0,100.0,9.0,100.0,100.0,COMPLETED,60,10,1000.0,98.6,20.0,12,17e889174ea959c5,False,0.8125,0.8125,0.8325643970033473,0.7098554949794716,0.0,1.0,0.06666666666666667,0.9333333333333333,0.08130008904719502,0.918699910952805,0.09227240649258998,0.9077275935074101,0.7918549729957047,0.9519521675587097,0.048047832441290295,True
T060_P10_H1000_I0986_CN030_F1,California,unlimited_useful_deadline,unlimited,central_only,targeted_central,all_useful,deadline,-1.0,0.0,0.0,1.0,none,0.0,0,applicable,32.0,0.0,,0.0,21322.0,7817800.0,196357.4975997814,759.0,653.5,0.3328113303480638,98.39326702371844,9.0,91.5625,91.5625,91.5625,91.5625,81.25,81.25,81.25,81.25,81.25,0.0,0.0,6.0,0.0,26.0,6.0,73.06770833333921,84.16875000000024,93.70173611111568,102.71736111111119,26.0,6.0,102.71736111111119,69.5,9.841666666666667,0.7500564493367203,1.0,0.0,100.0,6.0,16.666666666666664,0.0,16.0,100.0,100.0,9.0,100.0,100.0,COMPLETED,60,10,1000.0,98.6,30.0,18,1ac133a9a5916c9b,False,0.8125,0.8125,0.892362826645009,0.7869134232770729,0.0,1.0,0.1,0.9,0.10658949243098842,0.8934105075690115,0.11767819336626677,0.8823218066337333,0.8260690624805205,0.935146462840549,0.06485353715945097,True
T060_P10_H1000_I0986_CN040_F1,California,unlimited_useful_deadline,unlimited,central_only,targeted_central,all_useful,deadline,-1.0,0.0,0.0,1.0,none,0.0,0,applicable,32.0,0.0,,0.0,29199.0,10461792.0,247122.14399964156,918.0,825.0,0.33384300841983494,99.6969696969697,11.0,93.90625,93.90625,93.90625,93.90625,84.375,84.375,84.375,84.375,90.625,0.0,0.0,3.0,0.0,27.0,5.0,58.634722222222265,76.48944444444444,79.11180555555545,79.45347222222215,27.0,5.0,79.45347222222215,69.5,12.891666666666667,0.6747145011850895,1.0,0.0,100.0,6.0,66.66666666666666,16.666666666666664,16.0,100.0,100.0,9.0,100.0,100.0,COMPLETED,60,10,1000.0,98.6,40.0,24,6fb21c0040028347,False,0.90625,0.84375,0.9222620414658398,0.8586201065540058,0.0,1.0,0.13333333333333333,0.8666666666666667,0.1371326803205699,0.8628673196794301,0.14573041637261822,0.8542695836273818,0.8827205370049613,0.9167607139946958,0.08323928600530417,True
T060_P10_H1000_I0986_CN050_F1,California,unlimited_useful_deadline,unlimited,central_only,targeted_central,all_useful,deadline,-1.0,0.0,0.0,1.0,none,0.0,0,applicable,32.0,0.0,,0.0,34305.0,12721580.0,290510.0735995986,1131.0,1070.0,0.3683176926507372,99.4392523364486,9.0,99.375,99.375,99.375,99.375,96.875,96.875,96.875,96.875,96.875,0.0,0.0,1.0,0.0,31.0,1.0,57.06875,67.73472222222239,71.39305555555566,74.80277777777786,31.0,1.0,74.80277777777786,70.0,16.666666666666668,0.6120833333333333,1.0,0.0,100.0,6.0,100.0,83.33333333333334,16.0,100.0,100.0,9.0,100.0,100.0,COMPLETED,60,10,1000.0,98.6,50.0,30,67a94f7da2f15648,False,0.96875,0.96875,0.9920268760477784,0.872955021715367,0.0,1.0,0.16666666666666666,0.8333333333333334,0.18076580587711488,0.8192341941228851,0.18330980945659844,0.8166901905434015,0.9506204744407863,0.8938515435999241,0.10614845640007586,False
T060_P10_H1000_I0986_CN060_F1,California,unlimited_useful_deadline,unlimited,central_only,targeted_central,all_useful,deadline,-1.0,0.0,0.0,1.0,none,0.0,0,applicable,32.0,0.0,,0.0,41861.0,15406772.0,342065.75999943574,1271.0,1204.5,0.35212527556163087,99.79244499792445,10.0,99.375,99.375,99.375,99.375,96.875,96.875,96.875,96.875,93.75,0.0,0.0,2.0,0.0,31.0,1.0,51.15138888888881,61.15138888889026,68.97083333333478,76.73472222222239,31.0,1.0,76.73472222222239,73.0,19.083333333333332,0.536943231441048,1.0,0.0,100.0,6.0,83.33333333333334,83.33333333333334,16.0,100.0,100.0,9.0,100.0,100.0,COMPLETED,60,10,1000.0,98.6,60.0,36,ebbd040172983006,False,0.9375,0.96875,0.9920268760477784,0.867000156256369,0.0,1.0,0.2,0.8,0.20471950133570793,0.7952804986642921,0.20800988002822865,0.7919901199717714,0.9413192580760368,0.8774541237272127,0.12254587627278735,False
T060_P10_H1000_I0986_CN070_F1,California,unlimited_useful_deadline,unlimited,central_only,targeted_central,all_useful,deadline,-1.0,0.0,0.0,1.0,none,0.0,0,applicable,32.0,0.0,,0.0,47801.0,17893980.0,389820.15359935095,1449.0,1395.0,0.35785733167448086,99.71326164874552,9.0,100.0,100.0,100.0,100.0,100.0,100.0,100.0,100.0,87.5,0.0,0.0,4.0,0.0,32.0,0.0,44.684722222237056,59.097222222222314,59.55937500000167,62.73472222222238,32.0,0.0,62.73472222222238,82.0,22.216666666666665,0.4907851962990748,1.0,0.0,100.0,6.0,50.0,100.0,16.0,100.0,100.0,9.0,100.0,100.0,COMPLETED,60,10,1000.0,98.6,70.0,42,7b30ecd6147aa070,False,0.875,1.0,1.0,0.9101525961030245,0.0,1.0,0.23333333333333334,0.7666666666666666,0.23864648263579696,0.761353517364203,0.23941425546930134,0.7605857445306987,0.9462881490257561,0.8577211857123137,0.1422788142876863,False
T060_P10_H1000_I0986_CN080_F1,California,unlimited_useful_deadline,unlimited,central_only,targeted_central,all_useful,deadline,-1.0,0.0,0.0,1.0,none,0.0,0,applicable,32.0,0.0,,0.0,52894.0,20255044.0,435152.58239922964,1615.0,1573.0,0.36148240034040635,99.74570883661792,11.0,100.0,100.0,100.0,100.0,100.0,100.0,100.0,100.0,96.875,0.0,0.0,1.0,0.0,32.0,0.0,42.768750000000935,49.115972222235776,51.03177083335013,54.73472222222287,32.0,0.0,54.73472222222287,78.5,24.908333333333335,0.44798148767703805,1.0,0.0,100.0,6.0,100.0,100.0,16.0,100.0,100.0,9.0,100.0,100.0,COMPLETED,60,10,1000.0,98.6,80.0,48,d6e3ca0bcab173b4,False,0.96875,1.0,1.0,0.9348111331582547,0.0,1.0,0.26666666666666666,0.7333333333333334,0.2703472840605521,0.7296527159394479,0.26870148200423427,0.7312985179957657,0.9758902832895637,0.8388569134537094,0.16114308654629061,True
T060_P10_H1000_I0986_CN090_F1,California,unlimited_useful_deadline,unlimited,central_only,targeted_central,all_useful,deadline,-1.0,0.0,0.0,1.0,none,0.0,0,applicable,32.0,0.0,,0.0,58760.0,22799888.0,484013.58719910425,1755.0,1714.5,0.35422559311226975,100.0,11.0,100.0,100.0,100.0,100.0,100.0,100.0,100.0,100.0,96.875,0.0,0.0,1.0,0.0,32.0,0.0,40.98437500000267,46.294097222222554,49.125347222222345,50.20069444444464,32.0,0.0,50.20069444444464,87.0,27.216666666666665,0.3914472341294142,1.0,0.0,100.0,6.0,100.0,100.0,16.0,100.0,100.0,9.0,100.0,100.0,COMPLETED,60,10,1000.0,98.6,90.0,54,16c57290fcfb5c0b,False,0.96875,1.0,1.0,0.9487864446542289,0.0,1.0,0.3,0.7,0.29554764024933217,0.7044523597506678,0.2934015525758645,0.7065984474241356,0.9793841111635573,0.8222101614349607,0.17778983856503927,True
T060_P10_H1000_I0986_CN100_F1,California,unlimited_useful_deadline,unlimited,central_only,targeted_central,all_useful,deadline,-1.0,0.0,0.0,1.0,none,0.0,0,applicable,32.0,0.0,,0.0,64320.0,25308928.0,532187.1551989766,1913.0,1876.0,0.35250756837575165,100.0,10.0,100.0,100.0,100.0,100.0,100.0,100.0,100.0,100.0,96.875,0.0,0.0,1.0,0.0,32.0,0.0,40.161111111136414,45.15409722222487,45.83003472222212,48.64097222222238,32.0,0.0,48.64097222222238,84.0,29.933333333333334,0.3414996288047514,1.0,0.0,100.0,6.0,100.0,100.0,16.0,100.0,100.0,9.0,100.0,100.0,COMPLETED,60,10,1000.0,98.6,100.0,60,1d94f5b7d8ff37c9,False,0.96875,1.0,1.0,0.9535940031807959,0.0,1.0,0.3333333333333333,0.6666666666666667,0.3243098842386465,0.6756901157613535,0.3212773465067043,0.6787226534932957,0.980586000795199,0.8042158871842633,0.1957841128157367,False
T120_P03_H0500_I0600_CN000_F1,California,unlimited_useful_deadline,unlimited,central_only,targeted_central,all_useful,deadline,-1.0,0.0,0.0,1.0,none,0.0,0,applicable,32.0,0.0,,0.0,2320.0,840324.0,84032.4,585.0,432.5,0.5146824320143183,0.0,1.0,45.2768853748752,45.2768853748752,45.2768853748752,45.2768853748752,0.0,0.0,0.0,0.0,53.125,13.0,2.0,0.0,15.0,0.0,32.0,,,,,0.0,32.0,,432.5,0.0,0.0,1.0,0.0,0.0,6.0,0.0,0.0,16.0,50.0,0.0,9.0,100.0,0.0,COMPLETED,120,3,500.0,60.0,0.0,0,c9da34639bd23ec1,False,0.53125,0.0,0.3018973184676027,0.0,0.5,0.5,0.0,1.0,0.06723063223508459,0.9327693677649154,0.08697953422724065,0.9130204657727593,0.20828682961690068,0.769157966707535,0.230842033292465,False
T120_P03_H0500_I0600_CN010_F1,California,unlimited_useful_deadline,unlimited,central_only,targeted_central,all_useful,deadline,-1.0,0.0,0.0,1.0,none,0.0,0,applicable,32.0,0.0,,0.0,16456.0,3610940.0,137228.227199836,1353.0,1061.5,0.7735289026609743,77.86151672162035,6.0,90.78191329818344,90.78191329818344,90.78191329818344,90.78191329818344,25.0,25.0,25.0,25.0,59.375,13.0,0.0,0.0,13.0,8.0,24.0,162.87604166667134,254.00451388889397,255.6026041666707,257.20069444444744,8.0,24.0,257.20069444444744,330.0,6.095833333333333,0.9034347231715654,1.0,0.0,0.0,6.0,33.33333333333333,0.0,16.0,50.0,0.0,9.0,100.0,88.88888888888889,COMPLETED,120,3,500.0,60.0,10.0,12,6c71a5a6f3b8901a,False,0.59375,0.25,0.8824048833985462,0.3107467983501002,0.5,0.5,0.06666666666666667,0.9333333333333333,0.1792520035618878,0.8207479964381121,0.22247706422018348,0.7775229357798166,0.5092254204371616,0.7063208531102525,0.2936791468897475,False
T120_P03_H0500_I0600_CN020_F1,California,unlimited_useful_deadline,unlimited,central_only,targeted_central,all_useful,deadline,-1.0,0.0,0.0,1.0,none,0.0,0,applicable,32.0,0.0,,0.0,32288.0,6710444.0,196738.70399965136,1664.0,1386.0,0.7044877148334047,91.81096681096682,9.0,100.0,100.0,100.0,100.0,59.375,59.375,59.375,59.375,59.375,13.0,0.0,0.0,13.0,19.0,13.0,79.36736111111095,82.10625000000442,82.79493055556028,85.86805555555566,19.0,13.0,85.86805555555566,188.0,9.983333333333333,0.8347941012799109,1.0,0.0,0.0,6.0,33.33333333333333,33.33333333333333,16.0,50.0,50.0,9.0,100.0,100.0,COMPLETED,120,3,500.0,60.0,20.0,24,b358877cbe400e09,False,0.59375,0.59375,1.0,0.8388483264516463,0.5,0.5,0.13333333333333333,0.8666666666666667,0.23704363312555654,0.7629563668744435,0.2773465067043049,0.7226534932956952,0.7565870816129115,0.6704553053673611,0.3295446946326389,False
T120_P03_H0500_I0600_CN030_F1,California,unlimited_useful_deadline,unlimited,central_only,targeted_central,all_useful,deadline,-1.0,0.0,0.0,1.0,none,0.0,0,applicable,32.0,0.0,,0.0,45412.0,9846588.0,256952.66879951113,1907.0,1642.5,0.6392227828081328,94.00304414003044,14.0,98.75730994152048,98.75730994152048,98.75730994152048,98.75730994152048,53.125,53.125,53.125,53.125,59.375,13.0,0.0,0.0,13.0,17.0,15.0,76.73472222222239,81.3743055555555,81.72152777777768,82.06874999999988,17.0,15.0,82.06874999999988,206.0,11.970833333333333,0.7798903585102681,1.0,0.0,0.0,6.0,33.33333333333333,0.0,16.0,50.0,50.0,9.0,100.0,100.0,COMPLETED,120,3,500.0,60.0,30.0,36,91451af3ef8136f8,False,0.59375,0.53125,0.9841470050072789,0.8505589910548739,0.5,0.5,0.2,0.8,0.28272484416740873,0.7172751558325913,0.3202187720536344,0.6797812279463655,0.7399264990155382,0.6394112767557913,0.36058872324420865,False
T120_P03_H0500_I0600_CN040_F1,California,unlimited_useful_deadline,unlimited,central_only,targeted_central,all_useful,deadline,-1.0,0.0,0.0,1.0,none,0.0,0,applicable,32.0,0.0,,0.0,57894.0,13008636.0,317663.9903993658,2168.0,1916.5,0.6033104342706848,96.66057918079834,10.0,100.0,100.0,100.0,100.0,59.375,59.375,59.375,59.375,59.375,13.0,0.0,0.0,13.0,19.0,13.0,73.73472222222239,76.56805555555925,76.67812500000042,77.0687500000006,19.0,13.0,77.0687500000006,182.0,14.454166666666667,0.7295209954838091,1.0,0.0,0.0,6.0,33.33333333333333,33.33333333333333,16.0,50.0,50.0,9.0,100.0,100.0,COMPLETED,120,3,500.0,60.0,40.0,48,8ca1a521c5f23425,False,0.59375,0.59375,1.0,0.8659705767143914,0.5,0.5,0.26666666666666666,0.7333333333333334,0.3315227070347284,0.6684772929652716,0.3662667607621736,0.6337332392378263,0.7633676441785978,0.6071087731072863,0.3928912268927137,False
T120_P03_H0500_I0600_CN050_F1,California,unlimited_useful_deadline,unlimited,central_only,targeted_central,all_useful,deadline,-1.0,0.0,0.0,1.0,none,0.0,0,applicable,32.0,0.0,,0.0,70122.0,16315748.0,381160.54079921555,2417.0,2178.0,0.5714127688645788,97.70431588613407,12.0,100.0,100.0,100.0,100.0,59.375,59.375,59.375,59.375,59.375,13.0,0.0,0.0,13.0,19.0,13.0,72.58541666666885,76.20416666666648,76.61138888888861,77.15138888888904,19.0,13.0,77.15138888888904,172.5,16.7125,0.670882157400482,1.0,0.0,0.0,6.0,33.33333333333333,33.33333333333333,16.0,50.0,50.0,9.0,100.0,100.0,COMPLETED,120,3,500.0,60.0,50.0,60,8f1f04beced1f814,False,0.59375,0.59375,1.0,0.865715857451409,0.5,0.5,0.3333333333333333,0.6666666666666667,0.37809439002671413,0.6219056099732858,0.41019760056457305,0.5898023994354269,0.7633039643628523,0.575674935215076,0.42432506478492404,False
T120_P03_H0500_I0600_CN060_F1,California,unlimited_useful_deadline,unlimited,central_only,targeted_central,all_useful,deadline,-1.0,0.0,0.0,1.0,none,0.0,0,applicable,32.0,0.0,,0.0,82530.0,19709044.0,446311.82399907475,2677.0,2456.5,0.5503999374224718,98.69733360472216,11.0,100.0,100.0,100.0,100.0,59.375,59.375,59.375,59.375,59.375,13.0,0.0,0.0,13.0,19.0,13.0,69.73472222222239,74.268055555563,74.77638888890705,75.15138888889003,19.0,13.0,75.15138888889003,162.5,19.116666666666667,0.6223045626271433,1.0,0.0,0.0,6.0,33.33333333333333,33.33333333333333,16.0,50.0,50.0,9.0,100.0,100.0,COMPLETED,120,3,500.0,60.0,60.0,72,2cf27953e2a6b49e,False,0.59375,0.59375,1.0,0.871880491715214,0.5,0.5,0.4,0.6,0.42769367764915406,0.572306322350846,0.4560691601976006,0.5439308398023994,0.7648451229288035,0.5432474324306491,0.4567525675693509,False
T120_P03_H0500_I0600_CN070_F1,California,unlimited_useful_deadline,unlimited,central_only,targeted_central,all_useful,deadline,-1.0,0.0,0.0,1.0,none,0.0,0,applicable,32.0,0.0,,0.0,93448.0,23175412.0,512866.0895989464,2920.0,2705.5,0.5275256163096415,98.89114766216966,11.0,100.0,100.0,100.0,100.0,59.375,59.375,59.375,59.375,59.375,13.0,0.0,0.0,13.0,19.0,13.0,70.20069444445144,72.36736111111144,72.38576388888914,72.55138888888857,19.0,13.0,72.55138888888857,184.5,21.008333333333333,0.5616025386751289,1.0,0.0,0.0,6.0,33.33333333333333,33.33333333333333,16.0,50.0,50.0,9.0,100.0,100.0,COMPLETED,120,3,500.0,60.0,70.0,84,58dc5346d685c8d1,False,0.59375,0.59375,1.0,0.8798945162581687,0.5,0.5,0.4666666666666667,0.5333333333333333,0.47203918076580587,0.5279608192341941,0.49894142554693016,0.5010585744530698,0.7668486290645422,0.5124705454041195,0.4875294545958805,False
T120_P03_H0500_I0600_CN080_F1,California,unlimited_useful_deadline,unlimited,central_only,targeted_central,all_useful,deadline,-1.0,0.0,0.0,1.0,none,0.0,0,applicable,32.0,0.0,,0.0,103762.0,26668332.0,579930.1535988117,3187.0,2988.5,0.5153206780945221,99.19692153254141,10.0,100.0,100.0,100.0,100.0,59.375,59.375,59.375,59.375,59.375,13.0,0.0,0.0,13.0,19.0,13.0,67.8680555555562,70.83250000000277,72.19479166666812,72.58541666666885,19.0,13.0,72.58541666666885,208.5,23.2625,0.5342304018150337,1.0,0.0,0.0,6.0,33.33333333333333,33.33333333333333,16.0,50.0,50.0,9.0,100.0,100.0,COMPLETED,120,3,500.0,60.0,80.0,96,d1cfa63d3b46f3ab,False,0.59375,0.59375,1.0,0.879789631855756,0.5,0.5,0.5333333333333333,0.4666666666666667,0.522439893143366,0.47756010685663397,0.5460479887085392,0.4539520112914608,0.766822407963939,0.47963575696295235,0.5203642430370476,False
T120_P03_H0500_I0600_CN090_F1,California,unlimited_useful_deadline,unlimited,central_only,targeted_central,all_useful,deadline,-1.0,0.0,0.0,1.0,none,0.0,0,applicable,32.0,0.0,,0.0,112544.0,30271108.0,649103.4527987058,3431.0,3246.5,0.5001513989799675,99.76898198059449,10.0,100.0,100.0,100.0,100.0,59.375,59.375,59.375,59.375,59.375,13.0,0.0,0.0,13.0,19.0,13.0,65.41944444446514,71.43402777777781,72.90409722222262,77.73472222222335,19.0,13.0,77.73472222222335,202.0,25.370833333333334,0.49455712486998404,1.0,0.0,0.0,6.0,33.33333333333333,33.33333333333333,16.0,50.0,50.0,9.0,100.0,100.0,COMPLETED,120,3,500.0,60.0,90.0,108,147d163f2a74c012,False,0.59375,0.59375,1.0,0.8639178391244621,0.5,0.5,0.6,0.4,0.5683882457702583,0.43161175422974174,0.5890966831333804,0.41090331686661963,0.7628544597811155,0.4485030142192723,0.5514969857807277,False
T120_P03_H0500_I0600_CN100_F1,California,unlimited_useful_deadline,unlimited,central_only,targeted_central,all_useful,deadline,-1.0,0.0,0.0,1.0,none,0.0,0,applicable,32.0,0.0,,0.0,122456.0,34162660.0,723821.2511985871,3695.0,3527.0,0.48727499975437094,100.0,10.0,100.0,100.0,100.0,100.0,59.375,59.375,59.375,59.375,59.375,13.0,0.0,0.0,13.0,19.0,13.0,65.15138888891573,67.98125000000145,69.4375000000062,70.06875000000231,19.0,13.0,70.06875000000231,205.0,27.683333333333334,0.4360300020068233,1.0,0.0,0.0,6.0,33.33333333333333,33.33333333333333,16.0,50.0,50.0,9.0,100.0,100.0,COMPLETED,120,3,500.0,60.0,100.0,120,85114775b30da1a8,False,0.59375,0.59375,1.0,0.8875467966377139,0.5,0.5,0.6666666666666666,0.33333333333333337,0.6183437221727516,0.3816562778272484,0.6356739590684545,0.3643260409315455,0.7687616991594285,0.4158631304184255,0.5841368695815745,False
T120_P03_H0500_I0800_CN000_F1,California,unlimited_useful_deadline,unlimited,central_only,targeted_central,all_useful,deadline,-1.0,0.0,0.0,1.0,none,0.0,0,applicable,32.0,0.0,,0.0,1375.0,483372.0,48337.2,474.0,362.5,0.7499400047996161,0.0,1.0,59.92738448554573,59.92738448554573,59.92738448554573,59.92738448554573,28.125,28.125,28.125,28.125,0.0,5.0,6.0,21.0,11.0,9.0,23.0,330.85,349.7833333333333,349.81666666666666,349.85,9.0,23.0,349.85,362.5,0.0,0.0,1.0,0.0,0.0,6.0,0.0,0.0,16.0,0.0,25.0,9.0,0.0,55.55555555555556,COMPLETED,120,3,500.0,80.0,0.0,0,2cf23dcfe034991a,False,0.0,0.28125,0.48879371106166325,0.025172256577215557,0.5,0.5,0.0,1.0,0.054764024933214604,0.9452359750667854,0.06739590684544813,0.9326040931545518,0.1988039919097197,0.7755680136442675,0.22443198635573247,True
T120_P03_H0500_I0800_CN010_F1,California,unlimited_useful_deadline,unlimited,central_only,targeted_central,all_useful,deadline,-1.0,0.0,0.0,1.0,none,0.0,0,applicable,32.0,0.0,,0.0,24501.0,4634468.0,128038.24319977584,930.0,836.5,0.653320429189913,97.42976688583383,7.0,95.22730708848177,95.22730708848177,95.22730708848177,95.22730708848177,68.75,68.75,68.75,68.75,62.5,5.0,0.0,7.0,5.0,22.0,10.0,91.70208333333576,176.20069444444758,183.18385416666928,205.1173611111129,22.0,10.0,205.1173611111129,121.5,6.316666666666666,0.9298372911169746,1.0,0.0,0.0,6.0,16.666666666666664,33.33333333333333,16.0,62.5,68.75,9.0,100.0,100.0,COMPLETED,120,3,500.0,80.0,10.0,12,70418ae9465bff73,False,0.625,0.6875,0.9391147645289215,0.47128414897010196,0.5,0.5,0.06666666666666667,0.9333333333333333,0.13918076580587713,0.8608192341941229,0.14784756527875795,0.852152434721242,0.6807247283747558,0.7292610004497397,0.27073899955026026,False
T120_P03_H0500_I0800_CN020_F1,California,unlimited_useful_deadline,unlimited,central_only,targeted_central,all_useful,deadline,-1.0,0.0,0.0,1.0,none,0.0,0,applicable,32.0,0.0,,0.0,46161.0,8641244.0,204968.34239955642,1261.0,1168.0,0.5698440970572671,100.0,9.0,97.70595043287643,97.70595043287643,97.70595043287643,97.70595043287643,68.75,68.75,68.75,68.75,71.875,5.0,0.0,4.0,5.0,22.0,10.0,83.29305555555595,169.04409722223298,171.9715277777781,174.11736111111094,22.0,10.0,174.11736111111094,105.0,9.0875,0.8614206021702584,1.0,0.0,0.0,6.0,66.66666666666666,33.33333333333333,16.0,62.5,68.75,9.0,100.0,100.0,COMPLETED,120,3,500.0,80.0,20.0,24,2858e677247534e3,False,0.71875,0.6875,0.9707348135180538,0.5668359800591308,0.5,0.5,0.13333333333333333,0.8666666666666667,0.19821905609973287,0.8017809439002671,0.2062455892731122,0.7937544107268878,0.7359551983942962,0.6924404042587644,0.3075595957412356,False
T120_P03_H0500_I0800_CN030_F1,California,unlimited_useful_deadline,unlimited,central_only,targeted_central,all_useful,deadline,-1.0,0.0,0.0,1.0,none,0.0,0,applicable,32.0,0.0,,0.0,67457.0,12940172.0,287507.7599993362,1555.0,1454.0,0.5057254802455965,100.0,7.0,98.05520319440991,98.05520319440991,98.05520319440991,98.05520319440991,68.75,68.75,68.75,68.75,65.625,5.0,0.0,6.0,5.0,22.0,10.0,81.16111111112792,168.5697916666666,171.9432291666734,174.20069444444636,22.0,10.0,174.20069444444636,123.0,11.608333333333333,0.8146984924623115,1.0,0.0,0.0,6.0,33.33333333333333,33.33333333333333,16.0,62.5,68.75,9.0,100.0,100.0,COMPLETED,120,3,500.0,80.0,30.0,36,38966e7dff28132c,False,0.65625,0.6875,0.9751902304114332,0.5665791202981324,0.5,0.5,0.2,0.8,0.24915405164737311,0.7508459483526269,0.2581157374735356,0.7418842625264643,0.7213798376773913,0.6585460421758182,0.34145395782418175,False
T120_P03_H0500_I0800_CN040_F1,California,unlimited_useful_deadline,unlimited,central_only,targeted_central,all_useful,deadline,-1.0,0.0,0.0,1.0,none,0.0,0,applicable,32.0,0.0,,0.0,87833.0,17429324.0,373699.478399133,1882.0,1779.5,0.4761847695434537,100.0,7.0,98.62323419722351,98.62323419722351,98.62323419722351,98.62323419722351,68.75,68.75,68.75,68.75,71.875,5.0,0.0,4.0,5.0,22.0,10.0,81.85972222222256,168.0690972222238,169.14652777778727,172.11736111111094,22.0,10.0,172.11736111111094,140.5,14.35,0.7652729384436703,1.0,0.0,0.0,6.0,66.66666666666666,33.33333333333333,16.0,62.5,68.75,9.0,100.0,100.0,COMPLETED,120,3,500.0,80.0,40.0,48,8fcd26d769c00ce0,False,0.71875,0.6875,0.9824366009620532,0.5730006143229387,0.5,0.5,0.26666666666666666,0.7333333333333334,0.30712377560106857,0.6928762243989315,0.3158080451658433,0.6841919548341566,0.740421803821248,0.6220803025132844,0.3779196974867156,False
T120_P03_H0500_I0800_CN050_F1,California,unlimited_useful_deadline,unlimited,central_only,targeted_central,all_useful,deadline,-1.0,0.0,0.0,1.0,none,0.0,0,applicable,32.0,0.0,,0.0,108241.0,22002588.0,461506.147198925,2197.0,2087.5,0.45232333581468326,100.0,8.0,98.81816597110266,98.81816597110266,98.81816597110266,98.81816597110266,68.75,68.75,68.75,68.75,78.125,5.0,0.0,2.0,5.0,22.0,10.0,81.35972222222608,167.19236111111255,167.61302083333538,172.11736111111193,22.0,10.0,172.11736111111193,137.0,17.025,0.7039525208027411,1.0,100.0,0.0,6.0,66.66666666666666,33.33333333333333,16.0,68.75,68.75,9.0,100.0,100.0,COMPLETED,120,3,500.0,80.0,50.0,60,492086bd89714fae,False,0.78125,0.6875,0.984923345274637,0.5730006143229357,0.5,0.5,0.3333333333333333,0.6666666666666667,0.3619768477292965,0.6380231522707035,0.3713832039520113,0.6286167960479887,0.7566684898993932,0.5866613229970719,0.41333867700292815,False
T120_P03_H0500_I0800_CN060_F1,California,unlimited_useful_deadline,unlimited,central_only,targeted_central,all_useful,deadline,-1.0,0.0,0.0,1.0,none,0.0,0,applicable,32.0,0.0,,0.0,125401.0,26696876.0,551636.4767987562,2495.0,2381.5,0.4317154684585517,100.0,8.0,99.13351755457019,99.13351755457019,99.13351755457019,99.13351755457019,75.0,75.0,75.0,75.0,84.375,5.0,0.0,0.0,5.0,24.0,8.0,71.80138888889067,164.84062500000036,168.56840277778628,171.11736111111094,24.0,8.0,171.11736111111094,190.0,19.325,0.6593502946672416,1.0,100.0,0.0,6.0,100.0,66.66666666666666,16.0,68.75,68.75,9.0,100.0,100.0,COMPLETED,120,3,500.0,80.0,60.0,72,9459d701f0b0df76,False,0.84375,0.75,0.9889462848962626,0.5760829314548427,0.5,0.5,0.4,0.6,0.4143365983971505,0.5856634016028495,0.4239590684544813,0.5760409315455187,0.7896948040877763,0.5523408666296736,0.44765913337032637,False
T120_P03_H0500_I0800_CN070_F1,California,unlimited_useful_deadline,unlimited,central_only,targeted_central,all_useful,deadline,-1.0,0.0,0.0,1.0,none,0.0,0,applicable,32.0,0.0,,0.0,143343.0,31589268.0,645570.4031985705,2806.0,2684.5,0.41583380940316694,100.0,7.0,98.97248695875697,98.97248695875697,98.97248695875697,98.97248695875697,71.875,71.875,71.875,71.875,81.25,5.0,0.0,1.0,5.0,23.0,9.0,71.86805555555634,165.1840277777782,165.59131944444528,172.11736111111193,23.0,9.0,172.11736111111193,158.5,21.741666666666667,0.6131787402580811,1.0,0.0,0.0,6.0,100.0,50.0,16.0,68.75,68.75,9.0,100.0,100.0,COMPLETED,120,3,500.0,80.0,70.0,84,7214ce91e9620359,False,0.8125,0.71875,0.9868920178554323,0.5730006143229357,0.5,0.5,0.4666666666666667,0.5333333333333333,0.4682991985752449,0.5317008014247551,0.4788285109386027,0.5211714890613973,0.772785658044592,0.5172411247638972,0.48275887523610284,False
T120_P03_H0500_I0800_CN080_F1,California,unlimited_useful_deadline,unlimited,central_only,targeted_central,all_useful,deadline,-1.0,0.0,0.0,1.0,none,0.0,0,applicable,32.0,0.0,,0.0,160337.0,36667788.0,743077.9871984051,3126.0,3001.0,0.4038607052961616,100.0,7.0,99.4200981519822,99.4200981519822,99.4200981519822,99.4200981519822,75.0,75.0,75.0,75.0,84.375,5.0,0.0,0.0,5.0,24.0,8.0,67.30138888890812,167.17569444444658,167.5696180555575,168.98541666667296,24.0,8.0,168.98541666667296,184.0,24.366666666666667,0.5657119243046056,1.0,100.0,0.0,6.0,100.0,66.66666666666666,16.0,68.75,68.75,9.0,100.0,100.0,COMPLETED,120,3,500.0,80.0,80.0,96,46f0cb2d02a4373a,False,0.84375,0.75,0.9926021930970108,0.5826542603402014,0.5,0.5,0.5333333333333333,0.4666666666666667,0.5246660730186999,0.47533392698130006,0.5352858151023289,0.46471418489767113,0.792251613359303,0.48134295570912755,0.5186570442908724,False
T120_P03_H0500_I0800_CN090_F1,California,unlimited_useful_deadline,unlimited,central_only,targeted_central,all_useful,deadline,-1.0,0.0,0.0,1.0,none,0.0,0,applicable,32.0,0.0,,0.0,176259.0,41930948.0,844130.6591982456,3428.0,3297.5,0.39063857757896886,100.0,8.0,99.39806781912046,99.39806781912046,99.39806781912046,99.39806781912046,75.0,75.0,75.0,75.0,84.375,5.0,0.0,0.0,5.0,24.0,8.0,65.73472222222651,158.50451388889067,163.29496527777795,172.11736111111193,24.0,8.0,172.11736111111193,182.0,26.8625,0.5176193061372214,1.0,100.0,0.0,6.0,100.0,66.66666666666666,16.0,68.75,68.75,9.0,100.0,100.0,COMPLETED,120,3,500.0,80.0,90.0,108,6bbb3e2a6a72dda5,False,0.84375,0.75,0.9923211521776262,0.5730006143229357,0.5,0.5,0.6,0.4,0.5774710596616207,0.4225289403383793,0.5885673959068455,0.4114326040931545,0.7897679416251404,0.4467923088863068,0.5532076911136932,False
T120_P03_H0500_I0800_CN100_F1,California,unlimited_useful_deadline,unlimited,central_only,targeted_central,all_useful,deadline,-1.0,0.0,0.0,1.0,none,0.0,0,applicable,32.0,0.0,,0.0,191061.0,47102548.0,943425.3791980878,3741.0,3607.0,0.3823301852517421,100.0,7.0,99.73544973544975,99.73544973544975,99.73544973544975,99.73544973544975,81.25,81.25,81.25,81.25,84.375,5.0,0.0,0.0,5.0,26.0,6.0,60.7347222222333,155.41770833334328,161.99670138889206,168.11736111111338,26.0,6.0,168.11736111111338,201.0,29.358333333333334,0.45437600529851463,1.0,100.0,0.0,6.0,100.0,100.0,16.0,68.75,68.75,9.0,100.0,100.0,COMPLETED,120,3,500.0,80.0,100.0,120,898448e7aa7ccbaf,False,0.84375,0.8125,0.9966251327186365,0.5853298828505471,0.5,0.5,0.6666666666666666,0.33333333333333337,0.6325912733748887,0.36740872662511126,0.6437896965419901,0.35621030345800986,0.8095512538922959,0.41139047268329093,0.5886095273167091,False
T120_P03_H0500_I0986_CN000_F1,California,unlimited_useful_deadline,unlimited,central_only,targeted_central,all_useful,deadline,-1.0,0.0,0.0,1.0,none,0.0,0,applicable,32.0,0.0,,0.0,1343.0,462900.0,46290.0,177.0,107.0,0.23115143659537696,0.0,1.0,22.509542310320278,22.509542310320278,22.509542310320278,22.509542310320278,0.0,0.0,0.0,0.0,0.0,6.0,13.0,13.0,19.0,0.0,32.0,,,,,0.0,32.0,,107.0,0.0,0.0,1.0,0.0,0.0,6.0,0.0,0.0,16.0,0.0,0.0,9.0,0.0,0.0,COMPLETED,120,3,500.0,98.6,0.0,0,e4e3c95393c0a9c0,False,0.0,0.0,0.01145436116128564,0.0,0.5,0.5,0.0,1.0,0.009260908281389136,0.9907390917186109,0.014996471418489768,0.9850035285815102,0.00286359029032141,0.7951485240600242,0.20485147593997577,False
T120_P03_H0500_I0986_CN010_F1,California,unlimited_useful_deadline,unlimited,central_only,targeted_central,all_useful,deadline,-1.0,0.0,0.0,1.0,none,0.0,0,applicable,32.0,0.0,,0.0,24893.0,4601380.0,125748.81599977656,687.0,502.0,0.39920853012317187,93.52589641434263,6.0,65.38461538461539,65.38461538461539,65.38461538461539,65.38461538461539,53.125,53.125,53.125,53.125,53.125,6.0,9.0,0.0,15.0,17.0,15.0,83.93333333333334,104.44861111111241,140.23736111111324,224.7173611111112,17.0,15.0,224.7173611111112,79.5,3.558333333333333,0.9407298985167838,1.0,0.0,0.0,6.0,0.0,0.0,16.0,50.0,50.0,9.0,100.0,100.0,COMPLETED,120,3,500.0,98.6,10.0,12,8bf612fabb24c11e,False,0.53125,0.53125,0.5584115964923446,0.4108707331847896,0.5,0.5,0.06666666666666667,0.9333333333333333,0.07960819234194123,0.9203918076580587,0.10497529992942838,0.8950247000705717,0.5079455824192836,0.7497499682123928,0.2502500317876072,False
T120_P03_H0500_I0986_CN020_F1,California,unlimited_useful_deadline,unlimited,central_only,targeted_central,all_useful,deadline,-1.0,0.0,0.0,1.0,none,0.0,0,applicable,32.0,0.0,,0.0,47949.0,8725036.0,204923.0111995411,863.0,639.0,0.3118244243335767,98.51330203442879,6.0,65.38461538461539,65.38461538461539,65.38461538461539,65.38461538461539,53.125,53.125,53.125,53.125,53.125,6.0,9.0,0.0,15.0,17.0,15.0,73.76666666666667,82.16736111111231,110.63736111111362,219.7173611111112,17.0,15.0,219.7173611111112,86.5,4.604166666666667,0.8808823529411764,1.0,0.0,0.0,6.0,0.0,0.0,16.0,50.0,50.0,9.0,100.0,100.0,COMPLETED,120,3,500.0,98.6,20.0,24,d422326bbcc681c1,False,0.53125,0.53125,0.5584115964923446,0.42628231884430934,0.5,0.5,0.13333333333333333,0.8666666666666667,0.10400712377560106,0.8959928762243989,0.13602681721947776,0.8639731827805223,0.5117984788341635,0.7253265451343176,0.2746734548656824,False
T120_P03_H0500_I0986_CN030_F1,California,unlimited_useful_deadline,unlimited,central_only,targeted_central,all_useful,deadline,-1.0,0.0,0.0,1.0,none,0.0,0,applicable,32.0,0.0,,0.0,68927.0,13079500.0,288528.7199993357,1185.0,958.5,0.3322026313367372,99.68701095461658,6.0,76.92307692307692,76.92307692307692,76.92307692307692,76.92307692307692,62.5,62.5,62.5,62.5,53.125,6.0,6.0,3.0,12.0,20.0,12.0,61.61041666667103,73.125,81.74336805555588,212.71736111111557,20.0,12.0,212.71736111111557,108.0,7.0875,0.811106212032138,1.0,0.0,0.0,6.0,0.0,33.33333333333333,16.0,50.0,56.25,9.0,100.0,100.0,COMPLETED,120,3,500.0,98.6,30.0,36,e7df0cb55daa3b64,False,0.53125,0.625,0.7056077309948964,0.4478585387676236,0.5,0.5,0.2,0.8,0.16090828138913624,0.8390917186108637,0.19283697953422724,0.8071630204657727,0.5774290674406299,0.6892509478153274,0.31074905218467264,False
T120_P03_H0500_I0986_CN040_F1,California,unlimited_useful_deadline,unlimited,central_only,targeted_central,all_useful,deadline,-1.0,0.0,0.0,1.0,none,0.0,0,applicable,32.0,0.0,,0.0,88855.0,17622548.0,375755.2415991455,1404.0,1150.5,0.3061833535850844,100.0,8.0,76.92307692307692,76.92307692307692,76.92307692307692,76.92307692307692,62.5,62.5,62.5,62.5,53.125,6.0,6.0,3.0,12.0,20.0,12.0,60.43506944444556,65.62409722222354,75.17385416667649,212.7173611111112,20.0,12.0,212.7173611111112,94.5,8.8,0.7442234848484848,1.0,0.0,0.0,6.0,0.0,33.33333333333333,16.0,50.0,56.25,9.0,100.0,100.0,COMPLETED,120,3,500.0,98.6,40.0,48,db1a3549089b5169,False,0.53125,0.625,0.7056077309948964,0.44785853876763715,0.5,0.5,0.26666666666666666,0.7333333333333334,0.19510240427426537,0.8048975957257346,0.23147494707127736,0.7685250529287226,0.5774290674406334,0.6613511963975581,0.3386488036024419,False
T120_P03_H0500_I0986_CN050_F1,California,unlimited_useful_deadline,unlimited,central_only,targeted_central,all_useful,deadline,-1.0,0.0,0.0,1.0,none,0.0,0,applicable,32.0,0.0,,0.0,106855.0,22230484.0,464227.6127989717,1650.0,1367.5,0.2945753251847558,100.0,7.0,76.92307692307692,76.92307692307692,76.92307692307692,76.92307692307692,62.5,62.5,62.5,62.5,53.125,6.0,6.0,3.0,12.0,20.0,12.0,55.67638888888905,61.7157638888892,71.99468750000027,207.71736111111144,20.0,12.0,207.71736111111144,111.0,10.470833333333333,0.6711533359862052,1.0,0.0,0.0,6.0,0.0,33.33333333333333,16.0,50.0,56.25,9.0,100.0,100.0,COMPLETED,120,3,500.0,98.6,50.0,60,a3e4e6888edc2a1f,False,0.53125,0.625,0.7056077309948964,0.4632701244271561,0.5,0.5,0.3333333333333333,0.6666666666666667,0.23374888691006232,0.7662511130899377,0.27487649964714184,0.7251235003528582,0.5812819638555131,0.6316082560218925,0.3683917439781075,False
T120_P03_H0500_I0986_CN060_F1,California,unlimited_useful_deadline,unlimited,central_only,targeted_central,all_useful,deadline,-1.0,0.0,0.0,1.0,none,0.0,0,applicable,32.0,0.0,,0.0,127861.0,27084468.0,557424.1055987346,1914.0,1605.5,0.2880212721112082,100.0,7.0,76.92307692307692,76.92307692307692,76.92307692307692,76.92307692307692,62.5,62.5,62.5,62.5,53.125,6.0,6.0,3.0,12.0,20.0,12.0,57.851736111123444,60.88979166666739,68.80951388889453,212.7173611111112,20.0,12.0,212.7173611111112,119.5,12.383333333333333,0.6014973082099597,1.0,0.0,0.0,6.0,0.0,33.33333333333333,16.0,50.0,56.25,9.0,100.0,100.0,COMPLETED,120,3,500.0,98.6,60.0,72,a6deea293555171e,False,0.53125,0.625,0.7056077309948964,0.44785853876763715,0.5,0.5,0.4,0.6,0.2761353517364203,0.7238646482635798,0.32145377558221594,0.678546224417784,0.5774290674406334,0.6004821745362727,0.39951782546372727,False
T120_P03_H0500_I0986_CN070_F1,California,unlimited_useful_deadline,unlimited,central_only,targeted_central,all_useful,deadline,-1.0,0.0,0.0,1.0,none,0.0,0,applicable,32.0,0.0,,0.0,146225.0,32042052.0,652609.7183985284,2201.0,1860.5,0.285086162149956,100.0,8.0,76.92307692307692,76.92307692307692,76.92307692307692,76.92307692307692,62.5,62.5,62.5,62.5,53.125,6.0,6.0,3.0,12.0,20.0,12.0,56.13472222222335,61.581388888902055,68.94468750000348,203.7173611111112,20.0,12.0,203.7173611111112,134.5,14.383333333333333,0.55730494399382,1.0,0.0,0.0,6.0,0.0,33.33333333333333,16.0,50.0,56.25,9.0,100.0,100.0,COMPLETED,120,3,500.0,98.6,70.0,84,3abc7e5a6fd5b2c4,False,0.53125,0.625,0.7056077309948964,0.4755993929547728,0.5,0.5,0.4666666666666667,0.5333333333333333,0.32154942119323243,0.6784505788067676,0.3720889202540579,0.6279110797459422,0.5843642809874172,0.5679389983772086,0.4320610016227914,False
T120_P03_H0500_I0986_CN080_F1,California,unlimited_useful_deadline,unlimited,central_only,targeted_central,all_useful,deadline,-1.0,0.0,0.0,1.0,none,0.0,0,applicable,32.0,0.0,,0.0,163477.0,37188596.0,751423.3631983369,2437.0,2069.0,0.2753441137621231,100.0,8.0,76.92307692307692,76.92307692307692,76.92307692307692,76.92307692307692,62.5,62.5,62.5,62.5,53.125,6.0,6.0,3.0,12.0,20.0,12.0,51.43506944444501,56.997013888892354,71.04468750002884,207.71736111111144,20.0,12.0,207.71736111111144,134.0,16.125,0.5158354866494401,1.0,0.0,0.0,6.0,0.0,33.33333333333333,16.0,50.0,56.25,9.0,100.0,100.0,COMPLETED,120,3,500.0,98.6,80.0,96,8da734defe839994,False,0.53125,0.625,0.7056077309948964,0.4632701244271561,0.5,0.5,0.5333333333333333,0.4666666666666667,0.3586821015138023,0.6413178984861977,0.41372618207480594,0.5862738179251941,0.5812819638555131,0.5388516766156117,0.46114832338438827,False
T120_P03_H0500_I0986_CN090_F1,California,unlimited_useful_deadline,unlimited,central_only,targeted_central,all_useful,deadline,-1.0,0.0,0.0,1.0,none,0.0,0,applicable,32.0,0.0,,0.0,179461.0,42526028.0,853902.0575981622,2706.0,2310.5,0.27058138336133375,100.0,8.0,76.92307692307692,76.92307692307692,76.92307692307692,76.92307692307692,62.5,62.5,62.5,62.5,53.125,6.0,6.0,3.0,12.0,20.0,12.0,50.65208333334522,55.56076388888955,66.70968750000775,202.7173611111136,20.0,12.0,202.7173611111136,140.5,18.083333333333332,0.4258141321044546,1.0,0.0,0.0,6.0,0.0,33.33333333333333,16.0,50.0,56.25,9.0,100.0,100.0,COMPLETED,120,3,500.0,98.6,90.0,108,e8455b917e98f0a0,False,0.53125,0.625,0.7056077309948964,0.47868171008666927,0.5,0.5,0.6,0.4,0.4016918967052538,0.5983081032947462,0.46118560338743825,0.5388143966125618,0.5851348602703914,0.5074244999814617,0.49257550001853834,False
T120_P03_H0500_I0986_CN100_F1,California,unlimited_useful_deadline,unlimited,central_only,targeted_central,all_useful,deadline,-1.0,0.0,0.0,1.0,none,0.0,0,applicable,32.0,0.0,,0.0,194523.0,47867908.0,956466.1535979826,2956.0,2533.0,0.264829026147083,100.0,8.0,76.92307692307692,76.92307692307692,76.92307692307692,76.92307692307692,62.5,62.5,62.5,62.5,53.125,6.0,6.0,3.0,12.0,20.0,12.0,43.001041666684245,46.50638888889532,59.84468750000197,192.71736111111775,20.0,12.0,192.71736111111775,137.5,19.9625,0.3530317261532039,1.0,0.0,0.0,6.0,0.0,33.33333333333333,16.0,50.0,56.25,9.0,100.0,100.0,COMPLETED,120,3,500.0,98.6,100.0,120,cae589c6ab7e7954,False,0.53125,0.625,0.7056077309948964,0.5095048814056962,0.5,0.5,0.6666666666666666,0.33333333333333337,0.4413178984861977,0.5586821015138024,0.5052928722653494,0.49470712773465064,0.5928406531001481,0.47734451251635734,0.5226554874836427,False
T120_P03_H0800_I0600_CN000_F1,California,unlimited_useful_deadline,unlimited,central_only,targeted_central,all_useful,deadline,-1.0,0.0,0.0,1.0,none,0.0,0,applicable,32.0,0.0,,0.0,2406.0,1361492.0,136149.2,549.0,406.0,0.29820226633722413,0.0,1.0,45.24269536202903,45.24269536202903,45.24269536202903,45.24269536202903,0.0,0.0,0.0,0.0,53.125,13.0,2.0,0.0,15.0,0.0,32.0,,,,,0.0,32.0,,406.0,0.0,0.0,1.0,0.0,0.0,6.0,0.0,0.0,16.0,50.0,0.0,9.0,100.0,0.0,COMPLETED,120,3,800.0,60.0,0.0,0,ead056c41270ad94,False,0.53125,0.0,0.3014611565310419,0.0,0.5,0.5,0.0,1.0,0.06251113089937667,0.9374888691006233,0.08062808750882146,0.9193719124911786,0.20817778913276047,0.7713721563183604,0.22862784368163958,False
T120_P03_H0800_I0600_CN010_F1,California,unlimited_useful_deadline,unlimited,central_only,targeted_central,all_useful,deadline,-1.0,0.0,0.0,1.0,none,0.0,0,applicable,32.0,0.0,,0.0,14466.0,3869012.0,184293.5839998631,1257.0,976.5,0.5298610938081953,71.58218125960062,6.0,84.25066022625094,84.25066022625094,84.25066022625094,84.25066022625094,18.75,18.75,18.75,18.75,53.125,13.0,2.0,0.0,15.0,6.0,26.0,199.4177083333682,308.0843750000325,309.2258680555826,310.36736111113277,6.0,26.0,310.36736111113277,362.5,5.116666666666666,0.9062296416938111,1.0,0.0,0.0,6.0,0.0,0.0,16.0,50.0,0.0,9.0,100.0,66.66666666666666,COMPLETED,120,3,800.0,60.0,10.0,12,86bdb0027de1119d,False,0.53125,0.1875,0.7990856989091932,0.14687027083714876,0.5,0.5,0.06666666666666667,0.9333333333333333,0.1641139804096171,0.8358860195903829,0.20553987297106563,0.7944601270289344,0.4161764924365855,0.7127358959905301,0.2872641040094699,False
T120_P03_H0800_I0600_CN020_F1,California,unlimited_useful_deadline,unlimited,central_only,targeted_central,all_useful,deadline,-1.0,0.0,0.0,1.0,none,0.0,0,applicable,32.0,0.0,,0.0,28250.0,6677452.0,238215.6319997047,1600.0,1334.5,0.5602067290032647,86.174597227426,10.0,99.24812030075188,99.24812030075188,99.24812030075188,99.24812030075188,56.25,56.25,56.25,56.25,59.375,13.0,0.0,0.0,13.0,18.0,14.0,87.60347222223191,95.04118055555614,97.1824652777776,97.55138888888857,18.0,14.0,97.55138888888857,266.5,8.9,0.8283005617977528,1.0,0.0,0.0,6.0,33.33333333333333,16.666666666666664,16.0,50.0,50.0,9.0,100.0,100.0,COMPLETED,120,3,800.0,60.0,20.0,24,5fba02476547981e,False,0.59375,0.5625,0.9904082719371771,0.8028365879605697,0.5,0.5,0.13333333333333333,0.8666666666666667,0.22787177203918077,0.7721282279608193,0.26605504587155965,0.7339449541284404,0.7373737149744367,0.6745479697511854,0.32545203024881464,False
T120_P03_H0800_I0600_CN030_F1,California,unlimited_useful_deadline,unlimited,central_only,targeted_central,all_useful,deadline,-1.0,0.0,0.0,1.0,none,0.0,0,applicable,32.0,0.0,,0.0,39810.0,9571748.0,293786.11519954045,1852.0,1599.0,0.5442735096292601,91.18198874296435,12.0,99.24812030075188,99.24812030075188,99.24812030075188,99.24812030075188,56.25,56.25,56.25,56.25,59.375,13.0,0.0,0.0,13.0,18.0,14.0,87.6100694444447,94.0795138888906,95.18246527778261,95.55138888889729,18.0,14.0,95.55138888889729,255.5,11.195833333333333,0.7907548691229376,1.0,0.0,0.0,6.0,33.33333333333333,16.666666666666664,16.0,50.0,50.0,9.0,100.0,100.0,COMPLETED,120,3,800.0,60.0,30.0,36,caac0a572f9b8ce0,False,0.59375,0.5625,0.9904082719371771,0.8090012222243508,0.5,0.5,0.2,0.8,0.27497773820124666,0.7250222617987534,0.310515172900494,0.689484827099506,0.738914873540382,0.6429014177796519,0.35709858222034807,False
T120_P03_H0800_I0600_CN040_F1,California,unlimited_useful_deadline,unlimited,central_only,targeted_central,all_useful,deadline,-1.0,0.0,0.0,1.0,none,0.0,0,applicable,32.0,0.0,,0.0,50802.0,12486476.0,349748.89279938675,2113.0,1869.5,0.5345263526173135,93.68815191227601,13.0,100.0,100.0,100.0,100.0,59.375,59.375,59.375,59.375,59.375,13.0,0.0,0.0,13.0,19.0,13.0,82.63472222222238,86.10833333334556,88.01597222222252,91.73472222222239,19.0,13.0,91.73472222222239,254.5,13.458333333333334,0.7385345717234262,1.0,0.0,0.0,6.0,33.33333333333333,33.33333333333333,16.0,50.0,50.0,9.0,100.0,100.0,COMPLETED,120,3,800.0,60.0,40.0,48,cd111efd50b788ba,False,0.59375,0.59375,1.0,0.8207653992778096,0.5,0.5,0.26666666666666666,0.7333333333333334,0.32315227070347285,0.6768477292965271,0.3565631616090332,0.6434368383909668,0.7520663498194524,0.6107235802041655,0.3892764197958345,False
T120_P03_H0800_I0600_CN050_F1,California,unlimited_useful_deadline,unlimited,central_only,targeted_central,all_useful,deadline,-1.0,0.0,0.0,1.0,none,0.0,0,applicable,32.0,0.0,,0.0,61322.0,15524340.0,408075.8815992343,2375.0,2143.5,0.5252699550876917,95.28808024259389,12.0,100.0,100.0,100.0,100.0,59.375,59.375,59.375,59.375,59.375,13.0,0.0,0.0,13.0,19.0,13.0,81.20069444444901,86.44083333333789,86.82152777777796,87.6027777777781,19.0,13.0,87.6027777777781,264.5,15.658333333333333,0.6850762817101295,1.0,0.0,0.0,6.0,33.33333333333333,33.33333333333333,16.0,50.0,50.0,9.0,100.0,100.0,COMPLETED,120,3,800.0,60.0,50.0,60,1b600bfc31da0122,False,0.59375,0.59375,1.0,0.8335013624269956,0.5,0.5,0.3333333333333333,0.6666666666666667,0.37195013357079254,0.6280498664292075,0.40278757939308396,0.597212420606916,0.7552503406067489,0.5783857907405581,0.42161420925944193,False
T120_P03_H0800_I0600_CN060_F1,California,unlimited_useful_deadline,unlimited,central_only,targeted_central,all_useful,deadline,-1.0,0.0,0.0,1.0,none,0.0,0,applicable,32.0,0.0,,0.0,72598.0,18668388.0,468441.60319904407,2639.0,2423.5,0.5173537071535975,97.42108520734475,11.0,100.0,100.0,100.0,100.0,59.375,59.375,59.375,59.375,59.375,13.0,0.0,0.0,13.0,19.0,13.0,79.15138888893732,81.6423611111118,82.31736111111394,83.36736111113763,19.0,13.0,83.36736111113763,236.0,18.229166666666668,0.6562266666666667,1.0,0.0,0.0,6.0,33.33333333333333,33.33333333333333,16.0,50.0,50.0,9.0,100.0,100.0,COMPLETED,120,3,800.0,60.0,60.0,72,1307fb65930aa25d,False,0.59375,0.59375,1.0,0.8465562597793331,0.5,0.5,0.4,0.6,0.4218165627782725,0.5781834372217275,0.44936485532815806,0.5506351446718419,0.7585140649448333,0.5457637163787139,0.4542362836212861,False
T120_P03_H0800_I0600_CN070_F1,California,unlimited_useful_deadline,unlimited,central_only,targeted_central,all_useful,deadline,-1.0,0.0,0.0,1.0,none,0.0,0,applicable,32.0,0.0,,0.0,82200.0,21878420.0,530074.2175988603,2879.0,2666.0,0.5029484384425439,98.16204051012753,12.0,100.0,100.0,100.0,100.0,59.375,59.375,59.375,59.375,59.375,13.0,0.0,0.0,13.0,19.0,13.0,77.73472222222287,80.20416666667579,80.61979166668044,81.23541666666763,19.0,13.0,81.23541666666763,254.5,20.095833333333335,0.6206424079065589,1.0,0.0,0.0,6.0,33.33333333333333,33.33333333333333,16.0,50.0,50.0,9.0,100.0,100.0,COMPLETED,120,3,800.0,60.0,70.0,84,d35cdfc7aae906d8,False,0.59375,0.59375,1.0,0.8531275886647904,0.5,0.5,0.4666666666666667,0.5333333333333333,0.4650044523597507,0.5349955476402493,0.4917078334509527,0.5082921665490473,0.7601568971661976,0.5153242095045261,0.48467579049547393,False
T120_P03_H0800_I0600_CN080_F1,California,unlimited_useful_deadline,unlimited,central_only,targeted_central,all_useful,deadline,-1.0,0.0,0.0,1.0,none,0.0,0,applicable,32.0,0.0,,0.0,91230.0,25108284.0,592087.6063986863,3148.0,2948.0,0.4978992919529114,98.7449118046133,10.0,100.0,100.0,100.0,100.0,59.375,59.375,59.375,59.375,59.375,13.0,0.0,0.0,13.0,19.0,13.0,74.73472222222335,78.20416666666763,78.86972222222369,81.73472222222239,19.0,13.0,81.73472222222239,256.5,22.429166666666667,0.5775729147315622,1.0,0.0,0.0,6.0,33.33333333333333,33.33333333333333,16.0,50.0,50.0,9.0,100.0,100.0,COMPLETED,120,3,800.0,60.0,80.0,96,d38c727b3a255f35,False,0.59375,0.59375,1.0,0.8515885705968492,0.5,0.5,0.5333333333333333,0.4666666666666667,0.5152270703472841,0.4847729296527159,0.5391672547635851,0.46083274523641493,0.7597721426492123,0.4824544683111595,0.5175455316888404,False
T120_P03_H0800_I0600_CN090_F1,California,unlimited_useful_deadline,unlimited,central_only,targeted_central,all_useful,deadline,-1.0,0.0,0.0,1.0,none,0.0,0,applicable,32.0,0.0,,0.0,99248.0,28482388.0,656870.4031985021,3402.0,3215.0,0.4894420549845427,99.5800933125972,10.0,100.0,100.0,100.0,100.0,59.375,59.375,59.375,59.375,59.375,13.0,0.0,0.0,13.0,19.0,13.0,76.06875000000049,78.06875000000619,78.29861111111758,80.36736111111144,19.0,13.0,80.36736111111144,244.0,24.758333333333333,0.5320935711881523,1.0,0.0,0.0,6.0,33.33333333333333,33.33333333333333,16.0,50.0,50.0,9.0,100.0,100.0,COMPLETED,120,3,800.0,60.0,90.0,108,bd392b95eb48fb93,False,0.59375,0.59375,1.0,0.8558032111751257,0.5,0.5,0.6,0.4,0.5627782724844167,0.4372217275155833,0.5839802399435426,0.41601976005645736,0.7608258027937814,0.45064829751440816,0.5493517024855918,False
T120_P03_H0800_I0600_CN100_F1,California,unlimited_useful_deadline,unlimited,central_only,targeted_central,all_useful,deadline,-1.0,0.0,0.0,1.0,none,0.0,0,applicable,32.0,0.0,,0.0,108372.0,32127796.0,726862.2367982989,3676.0,3505.0,0.4822096709053028,100.0,8.0,100.0,100.0,100.0,100.0,59.375,59.375,59.375,59.375,59.375,13.0,0.0,0.0,13.0,19.0,13.0,73.15138888889318,76.82791666667814,77.28750000000274,78.06875000000595,19.0,13.0,78.06875000000595,245.5,27.1625,0.4892148591297234,1.0,0.0,0.0,6.0,33.33333333333333,33.33333333333333,16.0,50.0,50.0,9.0,100.0,100.0,COMPLETED,120,3,800.0,60.0,100.0,120,9f9b475fe792c16a,False,0.59375,0.59375,1.0,0.862888259582471,0.5,0.5,0.6666666666666666,0.33333333333333337,0.6144256455921638,0.38557435440783616,0.6323218066337333,0.3676781933662667,0.7625970648956177,0.41731717622148723,0.5826828237785128,False
T120_P03_H0800_I0800_CN000_F1,California,unlimited_useful_deadline,unlimited,central_only,targeted_central,all_useful,deadline,-1.0,0.0,0.0,1.0,none,0.0,0,applicable,32.0,0.0,,0.0,1772.0,891748.0,89174.8,520.0,446.0,0.5001412955229504,0.0,1.0,72.75250806507778,72.75250806507778,72.75250806507778,72.75250806507778,21.875,21.875,21.875,21.875,0.0,5.0,2.0,25.0,7.0,7.0,25.0,279.76666666666665,287.6,288.225,288.85,7.0,25.0,288.85,446.0,0.0,0.0,1.0,0.0,0.0,6.0,0.0,0.0,16.0,0.0,18.75,9.0,0.0,44.44444444444444,COMPLETED,120,3,800.0,80.0,0.0,0,98d7a9e70b313b9a,False,0.0,0.21875,0.6524037910651327,0.2131936016233572,0.5,0.5,0.0,1.0,0.06963490650044524,0.9303650934995548,0.07551164431898377,0.9244883556810162,0.2710868481721225,0.7709706898361142,0.22902931016388584,False
T120_P03_H0800_I0800_CN010_F1,California,unlimited_useful_deadline,unlimited,central_only,targeted_central,all_useful,deadline,-1.0,0.0,0.0,1.0,none,0.0,0,applicable,32.0,0.0,,0.0,22222.0,4692452.0,162148.3167997771,914.0,816.0,0.5032429667509948,92.6470588235294,7.0,96.20506752149265,96.20506752149265,96.20506752149265,96.20506752149265,68.75,68.75,68.75,68.75,56.25,5.0,0.0,9.0,5.0,22.0,10.0,90.32638888889196,157.84409722222446,160.0215277777782,176.11736111111142,22.0,10.0,176.11736111111142,122.0,5.795833333333333,0.9257428708363289,1.0,0.0,0.0,6.0,0.0,33.33333333333333,16.0,56.25,68.75,9.0,100.0,100.0,COMPLETED,120,3,800.0,80.0,10.0,12,cf65cb2dadb302ba,False,0.5625,0.6875,0.9515880527336793,0.5606713457953214,0.5,0.5,0.06666666666666667,0.9333333333333333,0.1355298308103295,0.8644701691896706,0.14502470007057164,0.8549752999294283,0.6905648496322502,0.7305557604904864,0.2694442395095136,False
T120_P03_H0800_I0800_CN020_F1,California,unlimited_useful_deadline,unlimited,central_only,targeted_central,all_useful,deadline,-1.0,0.0,0.0,1.0,none,0.0,0,applicable,32.0,0.0,,0.0,41032.0,8345196.0,232281.00159954623,1240.0,1144.0,0.49250691710562816,100.0,7.0,97.42296306305968,97.42296306305968,97.42296306305968,97.42296306305968,68.75,68.75,68.75,68.75,59.375,5.0,0.0,8.0,5.0,22.0,10.0,81.23541666666713,150.9440972222222,159.67152777777807,169.11736111111193,22.0,10.0,169.11736111111193,117.5,8.554166666666667,0.8560277642474428,1.0,0.0,0.0,6.0,0.0,33.33333333333333,16.0,62.5,68.75,9.0,100.0,100.0,COMPLETED,120,3,800.0,80.0,20.0,24,73c49aed3f384f70,False,0.59375,0.6875,0.9671247441157144,0.5822475657186476,0.5,0.5,0.13333333333333333,0.8666666666666667,0.1939447907390917,0.8060552092609083,0.2025405786873677,0.7974594213126323,0.7076555774585905,0.6940362594480415,0.3059637405519585,False
T120_P03_H0800_I0800_CN030_F1,California,unlimited_useful_deadline,unlimited,central_only,targeted_central,all_useful,deadline,-1.0,0.0,0.0,1.0,none,0.0,0,applicable,32.0,0.0,,0.0,59742.0,12280996.0,307848.36159929907,1542.0,1435.5,0.4663010036962524,100.0,6.0,98.0746552606456,98.0746552606456,98.0746552606456,98.0746552606456,68.75,68.75,68.75,68.75,65.625,5.0,0.0,6.0,5.0,22.0,10.0,79.80138888889341,150.74409722222885,159.67152777777844,168.11736111111094,22.0,10.0,168.11736111111094,94.5,11.1875,0.7962787088764742,1.0,0.0,0.0,6.0,33.33333333333333,33.33333333333333,16.0,62.5,68.75,9.0,100.0,100.0,COMPLETED,120,3,800.0,80.0,30.0,36,d622cd3106e88fcf,False,0.65625,0.6875,0.9754383803877914,0.5853298828505547,0.5,0.5,0.2,0.8,0.2458593054318789,0.754140694568121,0.25582215949188425,0.7441778405081158,0.7261295658095865,0.6596637070152475,0.34033629298475254,False
T120_P03_H0800_I0800_CN040_F1,California,unlimited_useful_deadline,unlimited,central_only,targeted_central,all_useful,deadline,-1.0,0.0,0.0,1.0,none,0.0,0,applicable,32.0,0.0,,0.0,77824.0,16425020.0,387413.622399049,1858.0,1747.5,0.45106828953991107,100.0,7.0,98.56567658500026,98.56567658500026,98.56567658500026,98.56567658500026,71.875,71.875,71.875,71.875,65.625,5.0,0.0,6.0,5.0,23.0,9.0,78.86805555555594,150.0875,156.52569444444734,167.11736111111628,23.0,9.0,167.11736111111628,133.5,13.741666666666667,0.7392611683848798,1.0,0.0,0.0,6.0,33.33333333333333,50.0,16.0,62.5,68.75,9.0,100.0,100.0,COMPLETED,120,3,800.0,80.0,40.0,48,5483a60b11167d21,False,0.65625,0.71875,0.9817023385994134,0.5884121999824421,0.5,0.5,0.26666666666666666,0.7333333333333334,0.3014247551202137,0.6985752448797863,0.31157374735356386,0.6884262526464362,0.7362786346454638,0.6240669661719112,0.37593303382808885,False
T120_P03_H0800_I0800_CN050_F1,California,unlimited_useful_deadline,unlimited,central_only,targeted_central,all_useful,deadline,-1.0,0.0,0.0,1.0,none,0.0,0,applicable,32.0,0.0,,0.0,95716.0,20624476.0,468043.17759877327,2168.0,2051.0,0.43820743430603004,100.0,8.0,98.72670718081346,98.72670718081346,98.72670718081346,98.72670718081346,71.875,71.875,71.875,71.875,68.75,5.0,0.0,5.0,5.0,23.0,9.0,78.80138888889729,149.2875000000001,156.42569444444734,167.11736111111628,23.0,9.0,167.11736111111628,131.0,16.3625,0.6878766658178423,1.0,0.0,0.0,6.0,33.33333333333333,50.0,16.0,68.75,68.75,9.0,100.0,100.0,COMPLETED,120,3,800.0,80.0,50.0,60,2fc76a4fdce13308,False,0.6875,0.71875,0.9837566056402434,0.5884121999824421,0.5,0.5,0.3333333333333333,0.6666666666666667,0.35547640249332146,0.6445235975066785,0.3662667607621736,0.6337332392378263,0.7446047014056714,0.5889847006822344,0.4110152993177656,False
T120_P03_H0800_I0800_CN060_F1,California,unlimited_useful_deadline,unlimited,central_only,targeted_central,all_useful,deadline,-1.0,0.0,0.0,1.0,none,0.0,0,applicable,32.0,0.0,,0.0,111760.0,25016196.0,552364.2015985306,2470.0,2343.0,0.42417665613003275,100.0,7.0,99.21736878258618,99.21736878258618,99.21736878258618,99.21736878258618,75.0,75.0,75.0,75.0,78.125,5.0,0.0,2.0,5.0,24.0,8.0,75.83472222222713,148.13090277777866,155.07986111111154,167.11736111111628,24.0,8.0,167.11736111111628,117.5,18.7625,0.6294673921089644,1.0,0.0,0.0,6.0,83.33333333333334,66.66666666666666,16.0,68.75,68.75,9.0,100.0,100.0,COMPLETED,120,3,800.0,80.0,60.0,72,fe58facf08303baa,False,0.78125,0.75,0.9900159748714905,0.5884121999824421,0.5,0.5,0.4,0.6,0.407479964381122,0.592520035618878,0.4195483415666902,0.5804516584333098,0.7774195437134832,0.5545943388104376,0.4454056611895624,False
T120_P03_H0800_I0800_CN070_F1,California,unlimited_useful_deadline,unlimited,central_only,targeted_central,all_useful,deadline,-1.0,0.0,0.0,1.0,none,0.0,0,applicable,32.0,0.0,,0.0,128276.0,29554540.0,639500.406398258,2787.0,2651.5,0.41462053400928417,100.0,7.0,98.7407363615093,98.7407363615093,98.7407363615093,98.7407363615093,68.75,68.75,68.75,68.75,78.125,5.0,0.0,2.0,5.0,22.0,10.0,77.2687500000115,150.24409722222978,159.67152777777844,160.55138888888953,22.0,10.0,160.55138888888953,114.5,21.404166666666665,0.5981652715592758,1.0,0.0,0.0,6.0,83.33333333333334,33.33333333333333,16.0,68.75,68.75,9.0,100.0,100.0,COMPLETED,120,3,800.0,80.0,70.0,84,ec934eb4e36cc3bb,False,0.78125,0.6875,0.9839355758748611,0.6086506086506172,0.5,0.5,0.4666666666666667,0.5333333333333333,0.46242208370436333,0.5375779162956367,0.4754763585038814,0.5245236414961185,0.7653340461313696,0.5190869782250178,0.4809130217749822,False
T120_P03_H0800_I0800_CN080_F1,California,unlimited_useful_deadline,unlimited,central_only,targeted_central,all_useful,deadline,-1.0,0.0,0.0,1.0,none,0.0,0,applicable,32.0,0.0,,0.0,144200.0,34309356.0,730792.8735979747,3094.0,2950.5,0.4037395692535359,100.0,7.0,98.89505734916364,98.89505734916364,98.89505734916364,98.89505734916364,71.875,71.875,71.875,71.875,78.125,5.0,0.0,2.0,5.0,23.0,9.0,74.86805555555638,139.98194444444604,155.41250000000306,157.55138888889536,23.0,9.0,157.55138888889536,202.0,23.866666666666667,0.5477799115456239,1.0,0.0,0.0,6.0,83.33333333333334,50.0,16.0,68.75,68.75,9.0,100.0,100.0,COMPLETED,120,3,800.0,80.0,80.0,96,8cd940d10fb9e4b7,False,0.78125,0.71875,0.9859042484556566,0.617897560046311,0.5,0.5,0.5333333333333333,0.4666666666666667,0.5156723063223508,0.48432769367764916,0.5296400846859562,0.47035991531404375,0.7759504521254919,0.4842708551316719,0.5157291448683281,False
T120_P03_H0800_I0800_CN090_F1,California,unlimited_useful_deadline,unlimited,central_only,targeted_central,all_useful,deadline,-1.0,0.0,0.0,1.0,none,0.0,0,applicable,32.0,0.0,,0.0,159312.0,39246132.0,825578.97279769,3405.0,3255.0,0.394268762559393,100.0,7.0,99.54674954674955,99.54674954674955,99.54674954674955,99.54674954674955,78.125,78.125,78.125,78.125,81.25,5.0,0.0,1.0,5.0,25.0,7.0,74.86805555555614,135.92152777779214,148.9340277777825,152.55138888889343,25.0,7.0,152.55138888889343,135.0,26.458333333333332,0.49762467191601045,1.0,0.0,0.0,6.0,100.0,83.33333333333334,16.0,68.75,68.75,9.0,100.0,100.0,COMPLETED,120,3,800.0,80.0,90.0,108,0aefbfba0f9a3665,False,0.8125,0.78125,0.9942178847277338,0.6333091457058369,0.5,0.5,0.6,0.4,0.5699020480854853,0.4300979519145147,0.5845095271700776,0.41549047282992235,0.8053192576083926,0.4491176849488875,0.5508823150511125,False
T120_P03_H0800_I0800_CN100_F1,California,unlimited_useful_deadline,unlimited,central_only,targeted_central,all_useful,deadline,-1.0,0.0,0.0,1.0,none,0.0,0,applicable,32.0,0.0,,0.0,173148.0,44086988.0,918523.4079973886,3716.0,3560.5,0.3876330171881828,100.0,7.0,99.71509971509971,99.71509971509971,99.71509971509971,99.71509971509971,81.25,81.25,81.25,81.25,81.25,5.0,0.0,1.0,5.0,26.0,6.0,63.95243055555922,135.41770833334414,147.38819444444835,151.55138888888953,26.0,6.0,151.55138888888953,143.5,28.958333333333332,0.436263788968825,1.0,0.0,0.0,6.0,100.0,100.0,16.0,68.75,68.75,9.0,100.0,100.0,COMPLETED,120,3,800.0,80.0,100.0,120,9698bf94a2853693,False,0.8125,0.8125,0.9963655275431468,0.6363914628377527,0.5,0.5,0.6666666666666666,0.33333333333333337,0.6243098842386465,0.37569011576135347,0.639378969654199,0.36062103034580095,0.8144392475952249,0.41392889588809756,0.5860711041119024,False
T120_P03_H0800_I0986_CN000_F1,California,unlimited_useful_deadline,unlimited,central_only,targeted_central,all_useful,deadline,-1.0,0.0,0.0,1.0,none,0.0,0,applicable,32.0,0.0,,0.0,1749.0,858480.0,85848.0,222.0,141.5,0.1648262044543845,0.0,1.0,47.091097830978576,47.091097830978576,47.091097830978576,47.091097830978576,21.875,21.875,21.875,21.875,6.25,5.0,8.0,17.0,13.0,7.0,25.0,134.33333333333334,221.76666666666674,283.06666666666655,344.3666666666667,7.0,25.0,344.3666666666667,141.5,0.0,0.0,1.0,0.0,0.0,6.0,0.0,0.0,16.0,6.25,37.5,9.0,11.11111111111111,11.11111111111111,COMPLETED,120,3,800.0,98.6,0.0,0,71d6b22512bc1e91,False,0.0625,0.21875,0.32504122372868516,0.04207362885048904,0.5,0.5,0.0,1.0,0.015405164737310774,0.9845948352626892,0.022935779816513763,0.9770642201834863,0.16209121314479355,0.7923318110892352,0.20766818891076477,True
T120_P03_H0800_I0986_CN010_F1,California,unlimited_useful_deadline,unlimited,central_only,targeted_central,all_useful,deadline,-1.0,0.0,0.0,1.0,none,0.0,0,applicable,32.0,0.0,,0.0,22675.0,4650792.0,158660.3903997731,777.0,609.5,0.38415385116868567,94.0935192780968,7.0,86.24338624338624,86.24338624338624,86.24338624338624,86.24338624338624,71.875,71.875,71.875,71.875,53.125,5.0,3.0,7.0,8.0,23.0,9.0,86.93333333333334,119.02791666666738,125.43472222222243,209.7173611111112,23.0,9.0,209.7173611111112,84.0,4.479166666666667,0.9273875968992249,1.0,0.0,0.0,6.0,0.0,0.0,16.0,50.0,87.5,9.0,100.0,100.0,COMPLETED,120,3,800.0,98.6,10.0,12,0474cf9df7d13a70,False,0.53125,0.71875,0.8245069013690917,0.457105490163349,0.5,0.5,0.06666666666666667,0.9333333333333333,0.098753339269813,0.901246660730187,0.12085391672547637,0.8791460832745236,0.6329030978831102,0.7427452154676089,0.25725478453239115,False
T120_P03_H0800_I0986_CN020_F1,California,unlimited_useful_deadline,unlimited,central_only,targeted_central,all_useful,deadline,-1.0,0.0,0.0,1.0,none,0.0,0,applicable,32.0,0.0,,0.0,42893.0,8392688.0,230504.79359952512,1135.0,988.0,0.4286244917390019,98.48178137651821,7.0,99.25925925925925,99.25925925925925,99.25925925925925,99.25925925925925,81.25,81.25,81.25,81.25,53.125,5.0,0.0,10.0,5.0,26.0,6.0,72.75937500000413,77.80833333333334,78.2625,81.23333333333333,26.0,6.0,81.23333333333333,124.0,7.591666666666667,0.8583241858763264,1.0,0.0,100.0,6.0,0.0,33.33333333333333,16.0,50.0,87.5,9.0,100.0,100.0,COMPLETED,120,3,800.0,98.6,20.0,24,50a78ef9e62257f2,False,0.53125,0.8125,0.9905503716121817,0.8531340101588182,0.5,0.5,0.13333333333333333,0.8666666666666667,0.1661620658949243,0.8338379341050757,0.18401552575864502,0.815984474241355,0.79685859544275,0.7032978150026195,0.29670218499738055,False
T120_P03_H0800_I0986_CN030_F1,California,unlimited_useful_deadline,unlimited,central_only,targeted_central,all_useful,deadline,-1.0,0.0,0.0,1.0,none,0.0,0,applicable,32.0,0.0,,0.0,61371.0,12410440.0,307645.6319992981,1466.0,1319.0,0.42874003814980516,99.35557240333586,8.0,100.0,100.0,100.0,100.0,84.375,84.375,84.375,84.375,53.125,5.0,0.0,10.0,5.0,27.0,5.0,66.50277777777761,73.00333333333333,73.23479166666837,73.4,27.0,5.0,73.4,114.5,10.395833333333334,0.7965230460921844,1.0,0.0,100.0,6.0,0.0,50.0,16.0,50.0,87.5,9.0,100.0,100.0,COMPLETED,120,3,800.0,98.6,30.0,36,d4be95c96033b193,False,0.53125,0.84375,1.0,0.8772788276920659,0.5,0.5,0.2,0.8,0.2251113089937667,0.7748886910062334,0.2424135497529993,0.7575864502470007,0.8130697069230165,0.6664950282506468,0.33350497174935323,False
T120_P03_H0800_I0986_CN040_F1,California,unlimited_useful_deadline,unlimited,central_only,targeted_central,all_useful,deadline,-1.0,0.0,0.0,1.0,none,0.0,0,applicable,32.0,0.0,,0.0,79975.0,16628392.0,388630.31039906875,1782.0,1632.0,0.4199363653144206,99.93872549019608,8.0,100.0,100.0,100.0,100.0,84.375,84.375,84.375,84.375,53.125,5.0,0.0,10.0,5.0,27.0,5.0,62.11736111111289,68.14861111111298,70.10298611111202,72.36736111111192,27.0,5.0,72.36736111111192,136.5,13.058333333333334,0.7354499042756861,1.0,0.0,100.0,6.0,0.0,50.0,16.0,50.0,87.5,9.0,100.0,100.0,COMPLETED,120,3,800.0,98.6,40.0,48,6ca0e6fea711af7a,False,0.53125,0.84375,1.0,0.880461748230356,0.5,0.5,0.26666666666666666,0.7333333333333334,0.2808548530721282,0.7191451469278718,0.2981651376146789,0.7018348623853211,0.813865437057589,0.6308626685293053,0.3691373314706947,False
T120_P03_H0800_I0986_CN050_F1,California,unlimited_useful_deadline,unlimited,central_only,targeted_central,all_useful,deadline,-1.0,0.0,0.0,1.0,none,0.0,0,applicable,32.0,0.0,,0.0,97105.0,20920128.0,471031.6415988611,2108.0,1961.5,0.4164263770777523,99.94901860820801,8.0,100.0,100.0,100.0,100.0,84.375,84.375,84.375,84.375,53.125,5.0,0.0,10.0,5.0,27.0,5.0,62.55138888889147,68.44111111111127,69.31736111111144,70.71736111111143,27.0,5.0,70.71736111111143,126.5,15.820833333333333,0.6885940654902993,1.0,0.0,100.0,6.0,0.0,50.0,16.0,50.0,87.5,9.0,100.0,100.0,COMPLETED,120,3,800.0,98.6,50.0,60,d4a84f0ed836580b,False,0.53125,0.84375,1.0,0.885547571497999,0.5,0.5,0.3333333333333333,0.6666666666666667,0.33953695458593053,0.6604630454140694,0.35568101623147497,0.644318983768525,0.8151368928744998,0.5942897391698523,0.4057102608301477,False
T120_P03_H0800_I0986_CN060_F1,California,unlimited_useful_deadline,unlimited,central_only,targeted_central,all_useful,deadline,-1.0,0.0,0.0,1.0,none,0.0,0,applicable,32.0,0.0,,0.0,115311.0,25356264.0,556205.4527985394,2434.0,2285.5,0.41090931210770065,99.95624589805294,8.0,100.0,100.0,100.0,100.0,84.375,84.375,84.375,84.375,53.125,5.0,0.0,10.0,5.0,27.0,5.0,56.934722222232814,67.02777777779275,67.57881944447887,70.71736111111143,27.0,5.0,70.71736111111143,132.5,18.416666666666668,0.6381598793363499,1.0,0.0,100.0,6.0,0.0,50.0,16.0,50.0,87.5,9.0,100.0,100.0,COMPLETED,120,3,800.0,98.6,60.0,72,9d5aa68ddc9fed46,False,0.53125,0.84375,1.0,0.885547571497999,0.5,0.5,0.4,0.6,0.3972395369545859,0.6027604630454141,0.413196894848271,0.5868031051517291,0.8151368928744998,0.5579127136394286,0.4420872863605714,False
T120_P03_H0800_I0986_CN070_F1,California,unlimited_useful_deadline,unlimited,central_only,targeted_central,all_useful,deadline,-1.0,0.0,0.0,1.0,none,0.0,0,applicable,32.0,0.0,,0.0,131395.0,29932536.0,644069.87519826,2748.0,2594.0,0.4027513317870216,99.98072474942174,9.0,100.0,100.0,100.0,100.0,84.375,84.375,84.375,84.375,53.125,5.0,0.0,10.0,5.0,27.0,5.0,61.11736111111192,67.24236111114561,67.65298611112674,71.85,27.0,5.0,71.85,156.5,21.079166666666666,0.5762288331027212,1.0,0.0,100.0,6.0,0.0,50.0,16.0,50.0,87.5,9.0,100.0,100.0,COMPLETED,120,3,800.0,98.6,70.0,84,f4a15c0d9b1ab548,False,0.53125,0.84375,1.0,0.882056419246517,0.5,0.5,0.4666666666666667,0.5333333333333333,0.45218165627782725,0.5478183437221728,0.46859562455892734,0.5314043754410727,0.8142641048116293,0.5225112104993158,0.4774887895006842,False
T120_P03_H0800_I0986_CN080_F1,California,unlimited_useful_deadline,unlimited,central_only,targeted_central,all_useful,deadline,-1.0,0.0,0.0,1.0,none,0.0,0,applicable,32.0,0.0,,0.0,147553.0,34709880.0,735794.879997978,3068.0,2912.5,0.3958304249151616,100.0,8.0,100.0,100.0,100.0,100.0,84.375,84.375,84.375,84.375,53.125,5.0,0.0,10.0,5.0,27.0,5.0,58.41944444444962,65.56944444444545,66.15798611111138,66.71736111111119,27.0,5.0,66.71736111111119,182.5,23.654166666666665,0.5313501849568434,1.0,0.0,100.0,6.0,0.0,50.0,16.0,50.0,87.5,9.0,100.0,100.0,COMPLETED,120,3,800.0,98.6,80.0,96,227e8f197ca68eb4,False,0.53125,0.84375,1.0,0.8978768400256155,0.5,0.5,0.5333333333333333,0.4666666666666667,0.5089047195013358,0.49109528049866424,0.5250529287226535,0.4749470712773465,0.8182192100064039,0.4865418036885355,0.5134581963114645,False
T120_P03_H0800_I0986_CN090_F1,California,unlimited_useful_deadline,unlimited,central_only,targeted_central,all_useful,deadline,-1.0,0.0,0.0,1.0,none,0.0,0,applicable,32.0,0.0,,0.0,162697.0,39699128.0,831588.4415976948,3394.0,3237.0,0.38925504950271944,100.0,8.0,100.0,100.0,100.0,100.0,84.375,84.375,84.375,84.375,56.25,5.0,0.0,9.0,5.0,27.0,5.0,49.80138888889147,59.37430555555601,60.03090277777794,66.71736111111119,27.0,5.0,66.71736111111119,137.5,26.420833333333334,0.46864716395941763,1.0,0.0,100.0,6.0,0.0,50.0,16.0,56.25,87.5,9.0,100.0,100.0,COMPLETED,120,3,800.0,98.6,90.0,108,fb05397636467474,False,0.5625,0.84375,1.0,0.8978768400256155,0.5,0.5,0.6,0.4,0.5666963490650044,0.43330365093499557,0.5825688073394495,0.4174311926605505,0.8260317100064039,0.4501469687191092,0.5498530312808908,False
T120_P03_H0800_I0986_CN100_F1,California,unlimited_useful_deadline,unlimited,central_only,targeted_central,all_useful,deadline,-1.0,0.0,0.0,1.0,none,0.0,0,applicable,32.0,0.0,,0.0,176777.0,44671504.0,927058.0607974007,3721.0,3568.0,0.38487341309896134,100.0,8.0,100.0,100.0,100.0,100.0,84.375,84.375,84.375,84.375,56.25,5.0,0.0,9.0,5.0,27.0,5.0,47.551388888893904,52.827777777787034,54.85833333333709,66.71736111111119,27.0,5.0,66.71736111111119,137.0,29.070833333333333,0.40828316850604374,1.0,0.0,100.0,6.0,0.0,50.0,16.0,56.25,87.5,9.0,100.0,100.0,COMPLETED,120,3,800.0,98.6,100.0,120,9fcb3da4bd442f23,False,0.5625,0.84375,1.0,0.8978768400256155,0.5,0.5,0.6666666666666666,0.33333333333333337,0.6256455921638469,0.37435440783615315,0.6402611150317572,0.3597388849682428,0.8260317100064039,0.4134853252275459,0.5865146747724541,False
T120_P03_H1000_I0600_CN000_F1,California,unlimited_useful_deadline,unlimited,central_only,targeted_central,all_useful,deadline,-1.0,0.0,0.0,1.0,none,0.0,0,applicable,32.0,0.0,,0.0,2427.0,1661012.0,166101.2,524.0,387.5,0.23329151144001367,0.0,1.0,45.05202227832654,45.05202227832654,45.05202227832654,45.05202227832654,0.0,0.0,0.0,0.0,53.125,13.0,2.0,0.0,15.0,0.0,32.0,,,,,0.0,32.0,,387.5,0.0,0.0,1.0,0.0,0.0,6.0,0.0,0.0,16.0,50.0,0.0,9.0,100.0,0.0,COMPLETED,120,3,1000.0,60.0,0.0,0,028e48a2d8a9c78b,False,0.53125,0.0,0.2990287403219022,0.0,0.5,0.5,0.0,1.0,0.059216384683882455,0.9407836153161175,0.07621736062103035,0.9237826393789696,0.20756968508047555,0.7729132509390175,0.22708674906098247,False
T120_P03_H1000_I0600_CN010_F1,California,unlimited_useful_deadline,unlimited,central_only,targeted_central,all_useful,deadline,-1.0,0.0,0.0,1.0,none,0.0,0,applicable,32.0,0.0,,0.0,13587.0,4026932.0,211526.86399987843,1194.0,954.0,0.4510065444928774,70.33542976939204,6.0,85.93836820133727,85.93836820133727,85.93836820133727,85.93836820133727,0.0,0.0,0.0,0.0,59.375,13.0,0.0,0.0,13.0,0.0,32.0,,,,,0.0,32.0,,372.5,4.845833333333333,0.895707939237604,1.0,0.0,0.0,6.0,33.33333333333333,0.0,16.0,50.0,0.0,9.0,100.0,0.0,COMPLETED,120,3,1000.0,60.0,10.0,12,11d11bd36957fa18,False,0.59375,0.0,0.820615786718019,0.0,0.5,0.5,0.06666666666666667,0.9333333333333333,0.16010685663401603,0.839893143365984,0.19442484121383205,0.8055751587861679,0.35359144667950476,0.7157603270970971,0.28423967290290286,False
T120_P03_H1000_I0600_CN020_F1,California,unlimited_useful_deadline,unlimited,central_only,targeted_central,all_useful,deadline,-1.0,0.0,0.0,1.0,none,0.0,0,applicable,32.0,0.0,,0.0,26665.0,6675188.0,262373.3791997291,1551.0,1289.5,0.4914751656334696,85.73090345094998,10.0,97.83834586466166,97.83834586466166,97.83834586466166,97.83834586466166,53.125,53.125,53.125,53.125,59.375,13.0,0.0,0.0,13.0,17.0,15.0,90.11736111111387,100.08194444444467,100.95569444444467,102.36736111111095,17.0,15.0,102.36736111111095,270.5,8.491666666666667,0.8167402682368334,1.0,0.0,0.0,6.0,33.33333333333333,0.0,16.0,50.0,50.0,9.0,100.0,100.0,COMPLETED,120,3,1000.0,60.0,20.0,24,5e1154a11548ada0,False,0.59375,0.53125,0.9724237818193842,0.78799223427324,0.5,0.5,0.13333333333333333,0.8666666666666667,0.21985752448797863,0.7801424755120214,0.25741002117148903,0.742589978828511,0.7213540040231561,0.6778798242014399,0.3221201757985601,False
T120_P03_H1000_I0600_CN030_F1,California,unlimited_useful_deadline,unlimited,central_only,targeted_central,all_useful,deadline,-1.0,0.0,0.0,1.0,none,0.0,0,applicable,32.0,0.0,,0.0,37169.0,9398956.0,314669.72479959164,1816.0,1566.0,0.4976646549004235,90.38952745849298,12.0,98.59022556390978,98.59022556390978,98.59022556390978,98.59022556390978,53.125,53.125,53.125,53.125,59.375,13.0,0.0,0.0,13.0,17.0,15.0,84.86805555555559,89.44097222222375,90.31458333333305,93.36736111111095,17.0,15.0,93.36736111111095,268.5,10.8125,0.7583782915863841,1.0,0.0,0.0,6.0,33.33333333333333,0.0,16.0,50.0,50.0,9.0,100.0,100.0,COMPLETED,120,3,1000.0,60.0,30.0,36,3b92ff7ec49632c9,False,0.59375,0.53125,0.9820155098822071,0.8157330884603757,0.5,0.5,0.2,0.8,0.2691006233303651,0.7308993766696349,0.3041637261820748,0.6958362738179251,0.7306871495856457,0.6453471300975121,0.3546528699024879,False
T120_P03_H1000_I0600_CN040_F1,California,unlimited_useful_deadline,unlimited,central_only,targeted_central,all_useful,deadline,-1.0,0.0,0.0,1.0,none,0.0,0,applicable,32.0,0.0,,0.0,47555.0,12158756.0,367657.88479944895,2068.0,1823.5,0.4959773951250054,93.17247052371812,12.0,100.0,100.0,100.0,100.0,59.375,59.375,59.375,59.375,59.375,13.0,0.0,0.0,13.0,19.0,13.0,84.63472222222238,94.84499999999971,95.45423611111094,99.36736111111095,19.0,13.0,99.36736111111095,266.5,12.975,0.7143331192464142,1.0,0.0,0.0,6.0,33.33333333333333,33.33333333333333,16.0,50.0,50.0,9.0,100.0,100.0,COMPLETED,120,3,1000.0,60.0,40.0,48,1f2369cb5cefcb4e,False,0.59375,0.59375,1.0,0.7972391856689519,0.5,0.5,0.26666666666666666,0.7333333333333334,0.314959928762244,0.685040071237756,0.3486238532110092,0.6513761467889908,0.746184796417238,0.6139499102720161,0.38605008972798394,False
T120_P03_H1000_I0600_CN050_F1,California,unlimited_useful_deadline,unlimited,central_only,targeted_central,all_useful,deadline,-1.0,0.0,0.0,1.0,none,0.0,0,applicable,32.0,0.0,,0.0,57803.0,15047092.0,423113.93599930254,2329.0,2095.0,0.4951385009458666,94.98806682577566,11.0,100.0,100.0,100.0,100.0,59.375,59.375,59.375,59.375,59.375,13.0,0.0,0.0,13.0,19.0,13.0,85.71736111111119,89.79166666667793,90.25423611112105,92.36736111111144,19.0,13.0,92.36736111111144,252.5,15.354166666666666,0.6384780642243328,1.0,0.0,0.0,6.0,33.33333333333333,33.33333333333333,16.0,50.0,50.0,9.0,100.0,100.0,COMPLETED,120,3,1000.0,60.0,50.0,60,5f56c81c6c54eedc,False,0.59375,0.59375,1.0,0.8188154055922782,0.5,0.5,0.3333333333333333,0.6666666666666667,0.3633125556544969,0.6366874443455031,0.39467184191954835,0.6053281580804517,0.7515788513980696,0.5817364538185243,0.41826354618147565,False
T120_P03_H1000_I0600_CN060_F1,California,unlimited_useful_deadline,unlimited,central_only,targeted_central,all_useful,deadline,-1.0,0.0,0.0,1.0,none,0.0,0,applicable,32.0,0.0,,0.0,68301.0,17996756.0,479747.4847991257,2585.0,2358.0,0.4915085695524416,96.81933842239185,12.0,100.0,100.0,100.0,100.0,59.375,59.375,59.375,59.375,59.375,13.0,0.0,0.0,13.0,19.0,13.0,80.06875000000024,85.13805555555687,87.37298611111676,89.36736111111387,19.0,13.0,89.36736111111387,233.0,17.708333333333332,0.595556862745098,1.0,0.0,0.0,6.0,33.33333333333333,33.33333333333333,16.0,50.0,50.0,9.0,100.0,100.0,COMPLETED,120,3,1000.0,60.0,60.0,72,44d97a2de1de39ec,False,0.59375,0.59375,1.0,0.8280623569879826,0.5,0.5,0.4,0.6,0.4101513802315227,0.5898486197684774,0.4398376852505293,0.5601623147494708,0.7538905892469956,0.5500021869035896,0.4499978130964104,False
T120_P03_H1000_I0600_CN070_F1,California,unlimited_useful_deadline,unlimited,central_only,targeted_central,all_useful,deadline,-1.0,0.0,0.0,1.0,none,0.0,0,applicable,32.0,0.0,,0.0,77263.0,21022548.0,537842.6911989634,2853.0,2632.0,0.4893624182440266,97.66337386018238,12.0,100.0,100.0,100.0,100.0,59.375,59.375,59.375,59.375,59.375,13.0,0.0,0.0,13.0,19.0,13.0,80.73472222222287,87.16736111111153,87.38576388889133,87.55138888888857,19.0,13.0,87.55138888888857,257.0,19.791666666666668,0.5513824561403509,1.0,0.0,0.0,6.0,33.33333333333333,33.33333333333333,16.0,50.0,50.0,9.0,100.0,100.0,COMPLETED,120,3,1000.0,60.0,70.0,84,dca5b451dedb0d18,False,0.59375,0.59375,1.0,0.8336597592796093,0.5,0.5,0.4666666666666667,0.5333333333333333,0.4589492430988424,0.5410507569011576,0.48712067748765,0.51287932251235,0.7552899398199023,0.5174526825493683,0.48254731745063173,False
T120_P03_H1000_I0600_CN080_F1,California,unlimited_useful_deadline,unlimited,central_only,targeted_central,all_useful,deadline,-1.0,0.0,0.0,1.0,none,0.0,0,applicable,32.0,0.0,,0.0,86177.0,24082876.0,596600.9887987929,3108.0,2895.5,0.48533275243640667,98.65308236919357,11.0,100.0,100.0,100.0,100.0,59.375,59.375,59.375,59.375,59.375,13.0,0.0,0.0,13.0,19.0,13.0,78.502777777781,84.20416666667404,84.63298611112268,85.36736111111628,19.0,13.0,85.36736111111628,244.5,22.091666666666665,0.5095498554004778,1.0,0.0,0.0,6.0,33.33333333333333,33.33333333333333,16.0,50.0,50.0,9.0,100.0,100.0,COMPLETED,120,3,1000.0,60.0,80.0,96,54f5bf126bbaffb5,False,0.59375,0.59375,1.0,0.840391625515591,0.5,0.5,0.5333333333333333,0.4666666666666667,0.5058771148708816,0.4941228851291184,0.5321100917431193,0.4678899082568807,0.7569729063788977,0.4857358920105332,0.5142641079894668,False
T120_P03_H1000_I0600_CN090_F1,California,unlimited_useful_deadline,unlimited,central_only,targeted_central,all_useful,deadline,-1.0,0.0,0.0,1.0,none,0.0,0,applicable,32.0,0.0,,0.0,93819.0,27274068.0,657871.8751986199,3375.0,3174.0,0.4824647655049441,99.40138626339004,10.0,100.0,100.0,100.0,100.0,59.375,59.375,59.375,59.375,59.375,13.0,0.0,0.0,13.0,19.0,13.0,77.15138888889366,82.2118055555595,86.16076388888925,86.55138888888953,19.0,13.0,86.55138888888953,246.5,24.395833333333332,0.4716581269570168,1.0,0.0,0.0,6.0,33.33333333333333,33.33333333333333,16.0,50.0,50.0,9.0,100.0,100.0,COMPLETED,120,3,1000.0,60.0,90.0,108,67cf6c5ce190ca47,False,0.59375,0.59375,1.0,0.8367420764115103,0.5,0.5,0.6,0.4,0.5554764024933214,0.4445235975066786,0.5792166549047283,0.4207833450952717,0.7560605191028775,0.45306138852039013,0.5469386114796099,False
T120_P03_H1000_I0600_CN100_F1,California,unlimited_useful_deadline,unlimited,central_only,targeted_central,all_useful,deadline,-1.0,0.0,0.0,1.0,none,0.0,0,applicable,32.0,0.0,,0.0,102721.0,30720412.0,724041.6799984258,3623.0,3425.5,0.4731081227267811,100.0,10.0,100.0,100.0,100.0,100.0,59.375,59.375,59.375,59.375,59.375,13.0,0.0,0.0,13.0,19.0,13.0,77.15138888889366,82.56805555555717,82.7079861111126,83.36736111111144,19.0,13.0,83.36736111111144,242.0,26.529166666666665,0.39423721271137646,1.0,0.0,0.0,6.0,33.33333333333333,33.33333333333333,16.0,50.0,50.0,9.0,100.0,100.0,COMPLETED,120,3,1000.0,60.0,100.0,120,e7279bbbc220250e,False,0.59375,0.59375,1.0,0.8465562597794138,0.5,0.5,0.6666666666666666,0.33333333333333337,0.60026714158504,0.39973285841496,0.6229710656316161,0.3770289343683839,0.7585140649448534,0.4220190252233355,0.5779809747766644,False
T120_P03_H1000_I0800_CN000_F1,California,unlimited_useful_deadline,unlimited,central_only,targeted_central,all_useful,deadline,-1.0,0.0,0.0,1.0,none,0.0,0,applicable,32.0,0.0,,0.0,1965.0,1177352.0,117735.2,504.0,435.5,0.3698978725139126,0.0,1.0,73.53229047179819,73.53229047179819,73.53229047179819,73.53229047179819,25.0,25.0,25.0,25.0,3.125,5.0,2.0,24.0,7.0,8.0,24.0,191.39999999999998,283.725,284.74583333333334,285.76666666666665,8.0,24.0,285.76666666666665,435.5,0.0,0.0,1.0,0.0,0.0,6.0,0.0,0.0,16.0,0.0,25.0,9.0,11.11111111111111,44.44444444444444,COMPLETED,120,3,1000.0,80.0,0.0,0,e64653d686e561d0,False,0.03125,0.25,0.6623514739204023,0.22269741278006128,0.5,0.5,0.0,1.0,0.06776491540516474,0.9322350845948353,0.07268877911079746,0.9273112208892025,0.2915747216751159,0.7719092610968077,0.2280907389031923,True
T120_P03_H1000_I0800_CN010_F1,California,unlimited_useful_deadline,unlimited,central_only,targeted_central,all_useful,deadline,-1.0,0.0,0.0,1.0,none,0.0,0,applicable,32.0,0.0,,0.0,20699.0,4747184.0,186275.97439979913,907.0,822.0,0.4412807409267732,93.55231143552311,7.0,95.85260103162916,95.85260103162916,95.85260103162916,95.85260103162916,68.75,68.75,68.75,68.75,65.625,5.0,0.0,6.0,5.0,22.0,10.0,86.32638888888954,145.35069444444477,155.57986111112112,171.11736111111094,22.0,10.0,171.11736111111094,131.5,5.754166666666666,0.9152365435674632,1.0,0.0,0.0,6.0,33.33333333333333,33.33333333333333,16.0,62.5,68.75,9.0,100.0,100.0,COMPLETED,120,3,1000.0,80.0,10.0,12,6ac1e2dea90f1800,False,0.65625,0.6875,0.9470916383133816,0.5760829314548427,0.5,0.5,0.06666666666666667,0.9333333333333333,0.13659839715048977,0.8634016028495102,0.14378969654199011,0.8562103034580099,0.716731142442056,0.7305890479281707,0.2694109520718293,False
T120_P03_H1000_I0800_CN020_F1,California,unlimited_useful_deadline,unlimited,central_only,targeted_central,all_useful,deadline,-1.0,0.0,0.0,1.0,none,0.0,0,applicable,32.0,0.0,,0.0,37605.0,8160520.0,251812.02559959597,1218.0,1124.5,0.44656326373707717,99.77767896843041,6.0,97.20715251405788,97.20715251405788,97.20715251405788,97.20715251405788,68.75,68.75,68.75,68.75,68.75,5.0,0.0,5.0,5.0,22.0,10.0,81.26875000000081,138.7440972222225,155.27152777778775,164.11736111111094,22.0,10.0,164.11736111111094,120.0,8.370833333333334,0.8434337149493945,1.0,0.0,0.0,6.0,50.0,33.33333333333333,16.0,62.5,68.75,9.0,100.0,100.0,COMPLETED,120,3,1000.0,80.0,20.0,24,e56378716e9c81de,False,0.6875,0.6875,0.9643716493038931,0.5976591513781704,0.5,0.5,0.13333333333333333,0.8666666666666667,0.1904719501335708,0.8095280498664292,0.19865913902611151,0.8013408609738885,0.734257700170516,0.6955071155013969,0.3044928844986031,False
T120_P03_H1000_I0800_CN030_F1,California,unlimited_useful_deadline,unlimited,central_only,targeted_central,all_useful,deadline,-1.0,0.0,0.0,1.0,none,0.0,0,applicable,32.0,0.0,,0.0,54659.0,11841696.0,322490.60479937115,1532.0,1432.0,0.44404394381996964,100.0,7.0,98.33041985642157,98.33041985642157,98.33041985642157,98.33041985642157,68.75,68.75,68.75,68.75,65.625,5.0,0.0,6.0,5.0,22.0,10.0,78.30208333334096,140.34409722222222,153.47152777777853,154.5513888888905,22.0,10.0,154.5513888888905,134.0,10.816666666666666,0.779731638418079,1.0,0.0,0.0,6.0,33.33333333333333,33.33333333333333,16.0,62.5,68.75,9.0,100.0,100.0,COMPLETED,120,3,1000.0,80.0,30.0,36,22aad65269aa89c5,False,0.65625,0.6875,0.9787011689073302,0.627144511442038,0.5,0.5,0.2,0.8,0.2452359750667854,0.7547640249332146,0.25405786873676783,0.7459421312632322,0.7373989200873421,0.6601412312392894,0.33985876876071064,False
T120_P03_H1000_I0800_CN040_F1,California,unlimited_useful_deadline,unlimited,central_only,targeted_central,all_useful,deadline,-1.0,0.0,0.0,1.0,none,0.0,0,applicable,32.0,0.0,,0.0,71009.0,15730752.0,397160.4799991434,1845.0,1736.5,0.437228799804992,100.0,8.0,98.5895470763331,98.5895470763331,98.5895470763331,98.5895470763331,68.75,68.75,68.75,68.75,71.875,5.0,0.0,4.0,5.0,22.0,10.0,76.3680555555568,136.6440972222228,151.7838541666673,156.11736111112162,22.0,10.0,156.11736111112162,140.0,13.304166666666667,0.7110423843825033,1.0,0.0,0.0,6.0,50.0,33.33333333333333,16.0,68.75,68.75,9.0,100.0,100.0,COMPLETED,120,3,1000.0,80.0,40.0,48,b8089925ae90cfe9,False,0.71875,0.6875,0.9820068544173289,0.6223176884333692,0.5,0.5,0.26666666666666666,0.7333333333333334,0.29946571682991985,0.7005342831700802,0.3092801693719125,0.6907198306280875,0.7526436357126746,0.6249174894263003,0.3750825105736997,False
T120_P03_H1000_I0800_CN050_F1,California,unlimited_useful_deadline,unlimited,central_only,targeted_central,all_useful,deadline,-1.0,0.0,0.0,1.0,none,0.0,0,applicable,32.0,0.0,,0.0,86741.0,19647328.0,472358.73919889174,2156.0,2039.5,0.4317692954001316,100.0,7.0,98.80741200008039,98.80741200008039,98.80741200008039,98.80741200008039,68.75,68.75,68.75,68.75,71.875,5.0,0.0,4.0,5.0,22.0,10.0,78.86805555555665,135.74409722222376,151.73385416666736,156.11736111112162,22.0,10.0,156.11736111112162,142.0,15.8125,0.6519696969696971,1.0,0.0,0.0,6.0,50.0,33.33333333333333,16.0,68.75,68.75,9.0,100.0,100.0,COMPLETED,120,3,1000.0,80.0,50.0,60,5b76350d724525b2,False,0.71875,0.6875,0.9847861568843344,0.6223176884333692,0.5,0.5,0.3333333333333333,0.6666666666666667,0.35342831700801425,0.6465716829919858,0.3641496118560339,0.6358503881439661,0.7533384613294258,0.5898177475605237,0.41018225243947626,False
T120_P03_H1000_I0800_CN060_F1,California,unlimited_useful_deadline,unlimited,central_only,targeted_central,all_useful,deadline,-1.0,0.0,0.0,1.0,none,0.0,0,applicable,32.0,0.0,,0.0,102115.0,23794832.0,551990.8159986571,2466.0,2341.5,0.4241918401783149,100.0,8.0,99.11605397538902,99.11605397538902,99.11605397538902,99.11605397538902,71.875,71.875,71.875,71.875,71.875,5.0,0.0,4.0,5.0,23.0,9.0,74.86805555560774,135.28750000000016,146.92569444446087,148.55138888892543,23.0,9.0,148.55138888892543,152.5,18.241666666666667,0.6092013095781941,1.0,0.0,100.0,6.0,50.0,33.33333333333333,16.0,68.75,68.75,9.0,100.0,100.0,COMPLETED,120,3,1000.0,80.0,60.0,72,70e88aea677555d1,False,0.71875,0.71875,0.9887235020459251,0.645638414233354,0.5,0.5,0.4,0.6,0.4072128227960819,0.5927871772039182,0.4188426252646436,0.5811573747353564,0.7679654790698198,0.5547889103878549,0.44521108961214506,False
T120_P03_H1000_I0800_CN070_F1,California,unlimited_useful_deadline,unlimited,central_only,targeted_central,all_useful,deadline,-1.0,0.0,0.0,1.0,none,0.0,0,applicable,32.0,0.0,,0.0,117567.0,28059344.0,633869.4463983879,2767.0,2630.0,0.4149119372993159,100.0,7.0,99.52300785634118,99.52300785634118,99.52300785634118,99.52300785634118,78.125,78.125,78.125,78.125,75.0,5.0,0.0,3.0,5.0,25.0,7.0,71.85138888889391,127.97430555556353,142.5340277777788,146.55138888889147,25.0,7.0,146.55138888889147,157.0,20.608333333333334,0.5703767354090847,1.0,0.0,0.0,6.0,66.66666666666666,83.33333333333334,16.0,68.75,68.75,9.0,100.0,100.0,COMPLETED,120,3,1000.0,80.0,70.0,84,3b63338254b32d0c,False,0.75,0.78125,0.9939150120229958,0.6518030484972666,0.5,0.5,0.4666666666666667,0.5333333333333333,0.45859305431878894,0.5414069456812111,0.47194777699364854,0.5280522230063515,0.7942420151300655,0.5205585004041793,0.4794414995958207,False
T120_P03_H1000_I0800_CN080_F1,California,unlimited_useful_deadline,unlimited,central_only,targeted_central,all_useful,deadline,-1.0,0.0,0.0,1.0,none,0.0,0,applicable,32.0,0.0,,0.0,132325.0,32533848.0,719779.923198112,3080.0,2934.5,0.40769406111822165,100.0,8.0,99.52300785634118,99.52300785634118,99.52300785634118,99.52300785634118,78.125,78.125,78.125,78.125,78.125,5.0,0.0,2.0,5.0,25.0,7.0,72.86805555555631,125.89513888889036,146.10763888889642,151.55138888890698,25.0,7.0,151.55138888890698,156.5,23.15,0.4892878569714423,1.0,0.0,0.0,6.0,83.33333333333334,83.33333333333334,16.0,68.75,68.75,9.0,100.0,100.0,COMPLETED,120,3,1000.0,80.0,80.0,96,7fe68a10f86e7302,False,0.78125,0.78125,0.9939150120229958,0.636391462837699,0.5,0.5,0.5333333333333333,0.4666666666666667,0.5128227960819234,0.4871772039180766,0.5271700776287932,0.4728299223712068,0.7982016187151737,0.48533475859119,0.51466524140881,False
T120_P03_H1000_I0800_CN090_F1,California,unlimited_useful_deadline,unlimited,central_only,targeted_central,all_useful,deadline,-1.0,0.0,0.0,1.0,none,0.0,0,applicable,32.0,0.0,,0.0,146525.0,37183312.0,809049.6319978313,3394.0,3242.5,0.40077887335454493,100.0,8.0,99.83164983164983,99.83164983164983,99.83164983164983,99.83164983164983,81.25,81.25,81.25,81.25,75.0,5.0,0.0,3.0,5.0,26.0,6.0,67.76805555555912,120.85173611111738,139.85520833333618,146.55138888889147,26.0,6.0,146.55138888889147,154.0,25.7375,0.44341239004910693,1.0,0.0,100.0,6.0,66.66666666666666,83.33333333333334,16.0,68.75,68.75,9.0,100.0,100.0,COMPLETED,120,3,1000.0,80.0,90.0,108,798fc5619bc75f7c,False,0.75,0.8125,0.9978523571845868,0.6518030484972666,0.5,0.5,0.6,0.4,0.5676758682101514,0.43232413178984863,0.5825688073394495,0.4174311926605505,0.8030388514204634,0.44995106489007985,0.5500489351099201,False
T120_P03_H1000_I0800_CN100_F1,California,unlimited_useful_deadline,unlimited,central_only,targeted_central,all_useful,deadline,-1.0,0.0,0.0,1.0,none,0.0,0,applicable,32.0,0.0,,0.0,159257.0,41722256.0,896197.3567975399,3700.0,3537.5,0.3947233244071213,100.0,8.0,99.83164983164983,99.83164983164983,99.83164983164983,99.83164983164983,81.25,81.25,81.25,81.25,78.125,5.0,0.0,2.0,5.0,26.0,6.0,67.30138888889242,120.85173611111738,133.00625000000514,137.4194444444501,26.0,6.0,137.4194444444501,150.0,28.229166666666668,0.3646728167281672,1.0,0.0,100.0,6.0,83.33333333333334,83.33333333333334,16.0,68.75,68.75,9.0,100.0,100.0,COMPLETED,120,3,1000.0,80.0,100.0,120,89af681e0fa19c29,False,0.78125,0.8125,0.9978523571845868,0.6799505973059634,0.5,0.5,0.6666666666666666,0.33333333333333337,0.6202137132680321,0.3797862867319679,0.6365561044460127,0.36344389555398726,0.8178882386226376,0.4153127031238577,0.5846872968761423,False
T120_P03_H1000_I0986_CN000_F1,California,unlimited_useful_deadline,unlimited,central_only,targeted_central,all_useful,deadline,-1.0,0.0,0.0,1.0,none,0.0,0,applicable,32.0,0.0,,0.0,1945.0,1133400.0,113340.0,264.0,161.5,0.1424916181401094,0.0,1.0,51.62631656393957,51.62631656393957,51.62631656393957,51.62631656393957,18.75,18.75,18.75,18.75,6.25,6.0,8.0,16.0,14.0,6.0,26.0,140.1,234.2,279.28333333333336,324.3666666666667,6.0,26.0,324.3666666666667,161.5,0.0,0.0,1.0,0.0,0.0,6.0,0.0,0.0,16.0,6.25,31.25,9.0,11.11111111111111,11.11111111111111,COMPLETED,120,3,1000.0,98.6,0.0,0,d19fe1a9bbe0925e,False,0.0625,0.1875,0.38289700150202144,0.10371997148856826,0.5,0.5,0.0,1.0,0.01896705253784506,0.981032947462155,0.030345800988002825,0.9696541990119971,0.18415424324764743,0.7901374292948304,0.20986257070516956,True
T120_P03_H1000_I0986_CN010_F1,California,unlimited_useful_deadline,unlimited,central_only,targeted_central,all_useful,deadline,-1.0,0.0,0.0,1.0,none,0.0,0,applicable,32.0,0.0,,0.0,21167.0,4693376.0,181691.53919979034,783.0,638.0,0.35114458428273154,95.37617554858934,8.0,91.41025641025642,91.41025641025642,91.41025641025642,91.41025641025642,68.75,68.75,68.75,68.75,53.125,6.0,1.0,8.0,7.0,22.0,10.0,85.91770833333709,112.3718750000105,118.49725694444932,122.73472222222239,22.0,10.0,122.73472222222239,83.0,4.625,0.9248798798798799,1.0,0.0,0.0,6.0,0.0,0.0,16.0,50.0,81.25,9.0,100.0,100.0,COMPLETED,120,3,1000.0,98.6,10.0,12,90b3cae6053ca68e,False,0.53125,0.6875,0.8904206554258782,0.7252135681887868,0.5,0.5,0.06666666666666667,0.9333333333333333,0.10382902938557435,0.8961709706144256,0.12191249117854623,0.8780875088214538,0.7085960559036663,0.7415183625538426,0.2584816374461574,False
T120_P03_H1000_I0986_CN020_F1,California,unlimited_useful_deadline,unlimited,central_only,targeted_central,all_useful,deadline,-1.0,0.0,0.0,1.0,none,0.0,0,applicable,32.0,0.0,,0.0,39279.0,8183016.0,248692.62719955939,1110.0,965.5,0.38823024665916217,98.13568099430347,7.0,95.25641025641026,95.25641025641026,95.25641025641026,95.25641025641026,71.875,71.875,71.875,71.875,53.125,6.0,0.0,9.0,6.0,23.0,9.0,75.23333333333333,82.85,84.64999999999999,84.93333333333334,23.0,9.0,84.93333333333334,92.5,7.275,0.8443203512791142,1.0,0.0,100.0,6.0,0.0,0.0,16.0,50.0,81.25,9.0,100.0,100.0,COMPLETED,120,3,1000.0,98.6,20.0,24,c04ef3b277f0c099,False,0.53125,0.71875,0.9394860335933954,0.8417294367707735,0.5,0.5,0.13333333333333333,0.8666666666666667,0.16215494211932324,0.8378450578806768,0.17960479887085393,0.8203952011291461,0.7578038675910422,0.704981385135298,0.29501861486470204,False
T120_P03_H1000_I0986_CN030_F1,California,unlimited_useful_deadline,unlimited,central_only,targeted_central,all_useful,deadline,-1.0,0.0,0.0,1.0,none,0.0,0,applicable,32.0,0.0,,0.0,56475.0,11968936.0,321382.2911993468,1437.0,1291.0,0.40170228271825326,99.41905499612703,7.0,96.53846153846153,96.53846153846153,96.53846153846153,96.53846153846153,75.0,75.0,75.0,75.0,53.125,6.0,0.0,9.0,6.0,24.0,8.0,69.41770833333727,77.82499999999999,77.85,77.85,24.0,8.0,77.85,104.0,9.891666666666667,0.778117101937658,1.0,0.0,100.0,6.0,0.0,16.666666666666664,16.0,50.0,81.25,9.0,100.0,100.0,COMPLETED,120,3,1000.0,98.6,30.0,36,ddf4f17c1f77ed6b,False,0.53125,0.75,0.9558411596492344,0.8635625164550933,0.5,0.5,0.2,0.8,0.2201246660730187,0.7798753339269813,0.2372971065631616,0.7627028934368384,0.7751634190260819,0.668515645472764,0.331484354527236,False
T120_P03_H1000_I0986_CN040_F1,California,unlimited_useful_deadline,unlimited,central_only,targeted_central,all_useful,deadline,-1.0,0.0,0.0,1.0,none,0.0,0,applicable,32.0,0.0,,0.0,73983.0,15959760.0,398006.1119991193,1761.0,1610.0,0.40451640099525976,99.8136645962733,8.0,100.0,100.0,100.0,100.0,81.25,81.25,81.25,81.25,53.125,6.0,0.0,9.0,6.0,26.0,6.0,68.33437499999977,73.8100694444446,75.52621527777771,76.06874999999988,26.0,6.0,76.06874999999988,101.5,12.570833333333333,0.712349464147608,1.0,0.0,100.0,6.0,0.0,50.0,16.0,50.0,81.25,9.0,100.0,100.0,COMPLETED,120,3,1000.0,98.6,40.0,48,63a9fa27fb7a9aca,False,0.53125,0.8125,1.0,0.8690528938462976,0.5,0.5,0.26666666666666666,0.7333333333333334,0.2769367764915405,0.7230632235084595,0.29446012702893437,0.7055398729710656,0.8032007234615743,0.6323872859625718,0.36761271403742823,False
T120_P03_H1000_I0986_CN050_F1,California,unlimited_useful_deadline,unlimited,central_only,targeted_central,all_useful,deadline,-1.0,0.0,0.0,1.0,none,0.0,0,applicable,32.0,0.0,,0.0,90913.0,20047232.0,476485.5743989069,2083.0,1928.5,0.4047341837017478,99.94814622763806,8.0,100.0,100.0,100.0,100.0,81.25,81.25,81.25,81.25,53.125,6.0,0.0,9.0,6.0,26.0,6.0,64.23541666667637,73.3760416666675,73.61388888889063,75.20069444444441,26.0,6.0,75.20069444444441,105.0,15.195833333333333,0.6561580294305822,1.0,0.0,100.0,6.0,0.0,50.0,16.0,50.0,81.25,9.0,100.0,100.0,COMPLETED,120,3,1000.0,98.6,50.0,60,0a3f4e7c7a1c235c,False,0.53125,0.8125,1.0,0.8717285163566306,0.5,0.5,0.3333333333333333,0.6666666666666667,0.333659839715049,0.666340160284951,0.3512702893436838,0.6487297106563161,0.8038696290891576,0.5963473075215868,0.4036526924784132,False
T120_P03_H1000_I0986_CN060_F1,California,unlimited_useful_deadline,unlimited,central_only,targeted_central,all_useful,deadline,-1.0,0.0,0.0,1.0,none,0.0,0,applicable,32.0,0.0,,0.0,106207.0,24155736.0,555368.8511986085,2397.0,2235.0,0.40243524554471805,100.0,8.0,100.0,100.0,100.0,100.0,81.25,81.25,81.25,81.25,56.25,6.0,0.0,8.0,6.0,26.0,6.0,66.0930555555576,68.01840277777785,69.97239583333709,71.41944444445447,26.0,6.0,71.41944444445447,103.0,17.829166666666666,0.5872848017449561,1.0,0.0,100.0,6.0,0.0,50.0,16.0,56.25,81.25,9.0,100.0,100.0,COMPLETED,120,3,1000.0,98.6,60.0,72,a71d9fc69c0c4051,False,0.5625,0.8125,1.0,0.8833835280116115,0.5,0.5,0.4,0.6,0.38824577025823687,0.6117542297417631,0.40666901905434016,0.5933309809456598,0.8145958820029029,0.5610170421374846,0.4389829578625154,False
T120_P03_H1000_I0986_CN070_F1,California,unlimited_useful_deadline,unlimited,central_only,targeted_central,all_useful,deadline,-1.0,0.0,0.0,1.0,none,0.0,0,applicable,32.0,0.0,,0.0,120961.0,28446800.0,637757.2799983451,2720.0,2561.0,0.4015634286458707,100.0,8.0,100.0,100.0,100.0,100.0,81.25,81.25,81.25,81.25,53.125,6.0,0.0,9.0,6.0,26.0,6.0,65.52013888890772,69.67638888888979,70.45243055555923,71.10347222222772,26.0,6.0,71.10347222222772,115.0,20.4875,0.5230577587960139,1.0,0.0,100.0,6.0,0.0,50.0,16.0,50.0,81.25,9.0,100.0,100.0,COMPLETED,120,3,1000.0,98.6,70.0,84,aba0a10262b2467b,False,0.53125,0.8125,1.0,0.8843574546053867,0.5,0.5,0.4666666666666667,0.5333333333333333,0.4463045414069457,0.5536954585930542,0.4636556104446013,0.5363443895553988,0.8070268636513467,0.5246746362963572,0.47532536370364276,False
T120_P03_H1000_I0986_CN080_F1,California,unlimited_useful_deadline,unlimited,central_only,targeted_central,all_useful,deadline,-1.0,0.0,0.0,1.0,none,0.0,0,applicable,32.0,0.0,,0.0,135961.0,32945256.0,724127.6351980652,3048.0,2886.0,0.3985485237296066,99.96534996534997,9.0,100.0,100.0,100.0,100.0,81.25,81.25,81.25,81.25,53.125,6.0,0.0,9.0,6.0,26.0,6.0,59.75937499999988,71.56770833333624,73.52621527777961,74.20069444444441,26.0,6.0,74.20069444444441,108.5,23.175,0.4478784609852571,1.0,0.0,100.0,6.0,0.0,50.0,16.0,50.0,81.25,9.0,100.0,100.0,COMPLETED,120,3,1000.0,98.6,80.0,96,53ab9e8766fb8d4b,False,0.53125,0.8125,1.0,0.8748108334885346,0.5,0.5,0.5333333333333333,0.4666666666666667,0.5041852181656278,0.4958147818343722,0.5215243472124206,0.4784756527875794,0.8046402083721337,0.48819142025772366,0.5118085797422763,False
T120_P03_H1000_I0986_CN090_F1,California,unlimited_useful_deadline,unlimited,central_only,targeted_central,all_useful,deadline,-1.0,0.0,0.0,1.0,none,0.0,0,applicable,32.0,0.0,,0.0,150105.0,37650792.0,814473.9263977858,3376.0,3213.5,0.3945491557001101,100.0,7.0,100.0,100.0,100.0,100.0,81.25,81.25,81.25,81.25,53.125,6.0,0.0,9.0,6.0,26.0,6.0,54.61041666669237,68.37604166667086,68.61388888888935,69.36736111111095,26.0,6.0,69.36736111111095,112.0,25.875,0.3618303811057435,1.0,0.0,100.0,6.0,0.0,50.0,16.0,50.0,81.25,9.0,100.0,100.0,COMPLETED,120,3,1000.0,98.6,90.0,108,6d2565cfae49410f,False,0.53125,0.8125,1.0,0.8897086996260708,0.5,0.5,0.6,0.4,0.5625111308993767,0.43748886910062335,0.5793930839802399,0.4206069160197601,0.8083646749065176,0.45161915702407673,0.5483808429759233,False
T120_P03_H1000_I0986_CN100_F1,California,unlimited_useful_deadline,unlimited,central_only,targeted_central,all_useful,deadline,-1.0,0.0,0.0,1.0,none,0.0,0,applicable,32.0,0.0,,0.0,163121.0,42330864.0,904331.3087974946,3695.0,3528.0,0.39012250993402453,100.0,8.0,100.0,100.0,100.0,100.0,81.25,81.25,81.25,81.25,53.125,6.0,0.0,9.0,6.0,26.0,6.0,53.868055555578515,55.593055555564206,55.96024305557445,57.71736111111144,26.0,6.0,57.71736111111144,119.5,28.566666666666666,0.3067386231038507,1.0,0.0,100.0,6.0,0.0,50.0,16.0,50.0,81.25,9.0,100.0,100.0,COMPLETED,120,3,1000.0,98.6,100.0,120,bf4559ce4b9fecc2,False,0.53125,0.8125,1.0,0.9256176942127504,0.5,0.5,0.6666666666666666,0.33333333333333337,0.6185218165627783,0.38147818343722173,0.6356739590684545,0.3643260409315455,0.8173419235531876,0.41582751154042014,0.5841724884595798,False
T120_P05_H0500_I0600_CN000_F1,California,unlimited_useful_deadline,unlimited,central_only,targeted_central,all_useful,deadline,-1.0,0.0,0.0,1.0,none,0.0,0,applicable,32.0,0.0,,0.0,2306.0,824592.0,82459.2,452.0,363.5,0.4408240681452161,0.0,1.0,43.855602421552796,43.855602421552796,43.855602421552796,43.855602421552796,0.0,0.0,0.0,0.0,65.625,0.0,0.0,11.0,0.0,0.0,32.0,,,,,0.0,32.0,,363.5,0.0,0.0,1.0,0.0,0.0,6.0,0.0,0.0,16.0,75.0,0.0,9.0,100.0,0.0,COMPLETED,120,5,500.0,60.0,0.0,0,5a6a0e931e541ebe,False,0.65625,0.0,0.28376601421477227,0.0,0.5,0.5,0.0,1.0,0.05494211932324132,0.9450578806767587,0.06351446718419196,0.936485532815808,0.23500400355369305,0.7763086826985134,0.22369131730148661,False
T120_P05_H0500_I0600_CN010_F1,California,unlimited_useful_deadline,unlimited,central_only,targeted_central,all_useful,deadline,-1.0,0.0,0.0,1.0,none,0.0,0,applicable,32.0,0.0,,0.0,18186.0,4166364.0,146621.2223998327,1155.0,941.0,0.6417897659002696,71.36025504782147,8.0,83.73108173410829,83.73108173410829,83.73108173410829,83.73108173410829,6.25,6.25,6.25,6.25,78.125,0.0,0.0,7.0,0.0,2.0,30.0,50.45347222223415,51.947916666687156,52.13472222224379,52.32152777780041,2.0,30.0,52.32152777780041,364.0,4.808333333333334,0.87683419988446,1.0,0.0,0.0,6.0,33.33333333333333,16.666666666666664,16.0,87.5,6.25,9.0,100.0,0.0,COMPLETED,120,5,500.0,60.0,10.0,12,c334f127bd4d164e,False,0.78125,0.0625,0.7924574369559744,0.9422493637369135,0.5,0.5,0.06666666666666667,0.9333333333333333,0.15779162956366874,0.8422083704363312,0.1875441072688779,0.8124558927311221,0.6446142001732219,0.7175995193001574,0.2824004806998426,True
T120_P05_H0500_I0600_CN020_F1,California,unlimited_useful_deadline,unlimited,central_only,targeted_central,all_useful,deadline,-1.0,0.0,0.0,1.0,none,0.0,0,applicable,32.0,0.0,,0.0,33317.0,7809600.0,216571.3535996759,1539.0,1307.0,0.6034962511320592,84.7742922723795,9.0,95.8120265151515,95.8120265151515,95.8120265151515,95.8120265151515,84.375,84.375,84.375,84.375,78.125,0.0,0.0,7.0,0.0,27.0,5.0,83.41944444444476,103.98194444444536,106.50451388888943,107.06875000000097,27.0,5.0,107.06875000000097,296.0,8.425,0.8173013517969008,1.0,0.0,0.0,6.0,33.33333333333333,33.33333333333333,16.0,87.5,100.0,9.0,100.0,100.0,COMPLETED,120,5,500.0,60.0,20.0,24,3f8bb07b0330eea4,False,0.78125,0.84375,0.946574029274697,0.7735010627572714,0.5,0.5,0.13333333333333333,0.8666666666666667,0.22297417631344613,0.7770258236865539,0.2552928722653493,0.7447071277346506,0.8362687730079921,0.6776799236175743,0.32232007638242566,False
T120_P05_H0500_I0600_CN030_F1,California,unlimited_useful_deadline,unlimited,central_only,targeted_central,all_useful,deadline,-1.0,0.0,0.0,1.0,none,0.0,0,applicable,32.0,0.0,,0.0,47226.0,11172820.0,281145.1775995101,1823.0,1607.0,0.571590810740906,90.3858120721842,11.0,97.00520833333333,97.00520833333333,97.00520833333333,97.00520833333333,90.625,90.625,90.625,90.625,87.5,0.0,0.0,4.0,0.0,29.0,3.0,71.8013888888905,83.44736111111133,87.46736111111142,98.20069444444658,29.0,3.0,98.20069444444658,267.0,11.166666666666666,0.762860696517413,1.0,0.0,0.0,6.0,66.66666666666666,66.66666666666666,16.0,93.75,100.0,9.0,100.0,100.0,COMPLETED,120,5,500.0,60.0,30.0,36,02cff4de4a14d384,False,0.875,0.90625,0.9617954477289383,0.8008352223228328,0.5,0.5,0.2,0.8,0.2764024933214604,0.7235975066785396,0.3053987297106563,0.6946012702893437,0.8859701675129428,0.6436397553935767,0.35636024460642335,False
T120_P05_H0500_I0600_CN040_F1,California,unlimited_useful_deadline,unlimited,central_only,targeted_central,all_useful,deadline,-1.0,0.0,0.0,1.0,none,0.0,0,applicable,32.0,0.0,,0.0,60151.0,15029284.0,355189.28639936814,2083.0,1881.5,0.5297175540042829,93.80813180972628,11.0,98.22916666666666,98.22916666666666,98.22916666666666,98.22916666666666,93.75,93.75,93.75,93.75,90.625,0.0,0.0,3.0,0.0,30.0,2.0,68.6760416666674,77.98472222222452,81.13767361111533,83.20069444444441,30.0,2.0,83.20069444444441,234.5,13.725,0.7171574580044526,1.0,100.0,0.0,6.0,66.66666666666666,83.33333333333334,16.0,93.75,100.0,9.0,100.0,100.0,COMPLETED,120,5,500.0,60.0,40.0,48,c01c55e0a333bc66,False,0.90625,0.9375,0.9774094821353722,0.8470699793013989,0.5,0.5,0.26666666666666666,0.7333333333333334,0.3252894033837934,0.6747105966162066,0.3512702893436838,0.6487297106563161,0.9170573653591928,0.6113547281211713,0.3886452718788287,False
T120_P05_H0500_I0600_CN050_F1,California,unlimited_useful_deadline,unlimited,central_only,targeted_central,all_useful,deadline,-1.0,0.0,0.0,1.0,none,0.0,0,applicable,32.0,0.0,,0.0,75840.0,19860968.0,447957.6191991671,2400.0,2226.0,0.4969220088229585,95.88948787061994,14.0,98.828125,98.828125,98.828125,98.828125,96.875,96.875,96.875,96.875,90.625,0.0,0.0,3.0,0.0,31.0,1.0,62.85138888888905,70.80138888888953,72.33437499999977,75.36736111111144,31.0,1.0,75.36736111111144,215.5,16.754166666666666,0.6785356047417723,1.0,100.0,0.0,6.0,66.66666666666666,100.0,16.0,93.75,100.0,9.0,100.0,100.0,COMPLETED,120,5,500.0,60.0,50.0,60,75d3d5a093eb7aa3,False,0.90625,0.96875,0.9850503925895846,0.8712147968346455,0.5,0.5,0.3333333333333333,0.6666666666666667,0.38664292074799644,0.6133570792520036,0.4071983062808751,0.592801693719125,0.9328162973560575,0.574565087927559,0.425434912072441,False
T120_P05_H0500_I0600_CN060_F1,California,unlimited_useful_deadline,unlimited,central_only,targeted_central,all_useful,deadline,-1.0,0.0,0.0,1.0,none,0.0,0,applicable,32.0,0.0,,0.0,87807.0,23039844.0,508992.03839903115,2669.0,2502.5,0.49165798503868374,96.86313686313686,12.0,98.828125,98.828125,98.828125,98.828125,96.875,96.875,96.875,96.875,90.625,0.0,0.0,3.0,0.0,31.0,1.0,58.06875,64.20069444444465,69.1510416666697,71.80277777777859,31.0,1.0,71.80277777777859,197.5,19.208333333333332,0.6286948662328271,1.0,100.0,0.0,6.0,66.66666666666666,100.0,16.0,93.75,100.0,9.0,100.0,100.0,COMPLETED,120,5,500.0,60.0,60.0,72,9c5682d9f59f09f1,False,0.90625,0.96875,0.9850503925895846,0.8822019731110767,0.5,0.5,0.4,0.6,0.4358860195903829,0.5641139804096171,0.4546577275935074,0.5453422724064926,0.9355630914251654,0.541891250563222,0.45810874943677804,False
T120_P05_H0500_I0600_CN070_F1,California,unlimited_useful_deadline,unlimited,central_only,targeted_central,all_useful,deadline,-1.0,0.0,0.0,1.0,none,0.0,0,applicable,32.0,0.0,,0.0,100804.0,27185264.0,588584.1023988563,2960.0,2806.0,0.476737307134827,98.37847469707769,11.0,98.4375,98.4375,98.4375,98.4375,96.875,96.875,96.875,96.875,87.5,0.0,0.0,4.0,0.0,31.0,1.0,53.33888888889051,64.06875000002752,64.33437500000048,66.93472222222299,31.0,1.0,66.93472222222299,188.0,21.816666666666666,0.5852654698242934,1.0,0.0,0.0,6.0,66.66666666666666,100.0,16.0,93.75,100.0,9.0,100.0,100.0,COMPLETED,120,5,500.0,60.0,70.0,84,681a53fa1a19fbdb,False,0.875,0.96875,0.9800671901194461,0.897206864149026,0.5,0.5,0.4666666666666667,0.5333333333333333,0.48993766696349067,0.5100623330365093,0.5059985885673959,0.4940014114326041,0.930256013567118,0.5074794155604894,0.49252058443951063,False
T120_P05_H0500_I0600_CN080_F1,California,unlimited_useful_deadline,unlimited,central_only,targeted_central,all_useful,deadline,-1.0,0.0,0.0,1.0,none,0.0,0,applicable,32.0,0.0,,0.0,113529.0,31790440.0,677003.4815986926,3244.0,3119.5,0.4607804959338667,99.07036384035904,12.0,100.0,100.0,100.0,100.0,100.0,100.0,100.0,100.0,90.625,0.0,0.0,3.0,0.0,32.0,0.0,53.48680555555651,63.91736111111107,64.39600694444455,65.06875000000024,32.0,0.0,65.06875000000024,179.0,24.504166666666666,0.5798177747548603,1.0,100.0,100.0,6.0,66.66666666666666,100.0,16.0,93.75,100.0,9.0,100.0,100.0,COMPLETED,120,5,500.0,60.0,80.0,96,e07d85fde0ceb572,False,0.90625,1.0,1.0,0.90295838229724,0.5,0.5,0.5333333333333333,0.4666666666666667,0.5457702582368655,0.45422974176313446,0.5561044460127029,0.4438955539872971,0.95230209557431,0.47295839248341964,0.5270416075165804,False
T120_P05_H0500_I0600_CN090_F1,California,unlimited_useful_deadline,unlimited,central_only,targeted_central,all_useful,deadline,-1.0,0.0,0.0,1.0,none,0.0,0,applicable,32.0,0.0,,0.0,124222.0,36097424.0,759697.5743985376,3514.0,3398.0,0.4472832498761419,99.51442024720424,12.0,99.609375,99.609375,99.609375,99.609375,96.875,96.875,96.875,96.875,90.625,0.0,0.0,3.0,0.0,31.0,1.0,44.47083333333333,55.80138888889487,56.69340277778525,60.367361111111435,31.0,1.0,60.367361111111435,142.0,27.133333333333333,0.48269860769860773,1.0,100.0,0.0,6.0,66.66666666666666,100.0,16.0,93.75,100.0,9.0,100.0,100.0,COMPLETED,120,5,500.0,60.0,90.0,108,02b956d4336ba7c6,False,0.90625,0.96875,0.9950167975298615,0.9174495538132049,0.5,0.5,0.6,0.4,0.5953695458593055,0.40463045414069454,0.6037402964008468,0.3962597035991532,0.9468665878357666,0.44017803154796953,0.5598219684520305,False
T120_P05_H0500_I0600_CN100_F1,California,unlimited_useful_deadline,unlimited,central_only,targeted_central,all_useful,deadline,-1.0,0.0,0.0,1.0,none,0.0,0,applicable,32.0,0.0,,0.0,136016.0,40773904.0,849485.9903983661,3799.0,3698.5,0.43538092938596784,100.0,11.0,99.609375,99.609375,99.609375,99.609375,96.875,96.875,96.875,96.875,90.625,0.0,0.0,3.0,0.0,31.0,1.0,42.63472222222578,48.55138888889535,50.84444444445774,52.20069444444501,31.0,1.0,52.20069444444501,145.5,29.608333333333334,0.44702833286424615,1.0,100.0,0.0,6.0,66.66666666666666,100.0,16.0,93.75,100.0,9.0,100.0,100.0,COMPLETED,120,5,500.0,60.0,100.0,120,8e94028aa1f02972,False,0.90625,0.96875,0.9950167975298615,0.9426218103904199,0.5,0.5,0.6666666666666666,0.33333333333333337,0.648886910062333,0.351113089937667,0.6540225829216655,0.3459774170783345,0.9531596519800704,0.406084768069867,0.5939152319301331,False
T120_P05_H0500_I0800_CN000_F1,California,unlimited_useful_deadline,unlimited,central_only,targeted_central,all_useful,deadline,-1.0,0.0,0.0,1.0,none,0.0,0,applicable,32.0,0.0,,0.0,1370.0,479592.0,47959.2,388.0,251.0,0.5233615239620344,0.0,1.0,29.29151197550788,29.29151197550788,29.29151197550788,29.29151197550788,0.0,0.0,0.0,0.0,0.0,0.0,15.0,17.0,15.0,0.0,32.0,,,,,0.0,32.0,,251.0,0.0,0.0,1.0,0.0,0.0,6.0,0.0,0.0,16.0,0.0,0.0,9.0,0.0,0.0,COMPLETED,120,5,500.0,80.0,0.0,0,5a3d1e375d51f3b9,False,0.0,0.0,0.0979719368104813,0.0,0.5,0.5,0.0,1.0,0.03490650044523597,0.965093499554764,0.05222300635144672,0.9477769936485533,0.024492984202620326,0.7825740986406635,0.21742590135933648,False
T120_P05_H0500_I0800_CN010_F1,California,unlimited_useful_deadline,unlimited,central_only,targeted_central,all_useful,deadline,-1.0,0.0,0.0,1.0,none,0.0,0,applicable,32.0,0.0,,0.0,31693.0,6071552.0,155324.8319997005,1113.0,918.0,0.5910194707320013,99.07407407407408,6.0,86.63690476190476,86.63690476190476,86.63690476190476,86.63690476190476,81.25,81.25,81.25,81.25,84.375,0.0,1.0,4.0,1.0,26.0,6.0,99.30138888889633,110.20243055555548,129.5559027777784,136.93472222222226,26.0,6.0,136.93472222222226,142.5,7.283333333333333,0.9213386727688788,1.0,0.0,0.0,6.0,66.66666666666666,16.666666666666664,16.0,87.5,100.0,9.0,100.0,100.0,COMPLETED,120,5,500.0,80.0,10.0,12,cee25a247a02d957,False,0.84375,0.8125,0.8295270164501201,0.6814446649157508,0.5,0.5,0.06666666666666667,0.9333333333333333,0.1536954585930543,0.8463045414069457,0.18013408609738885,0.8198659139026112,0.7918054203414677,0.7199007577285781,0.2800992422714219,False
T120_P05_H0500_I0800_CN020_F1,California,unlimited_useful_deadline,unlimited,central_only,targeted_central,all_useful,deadline,-1.0,0.0,0.0,1.0,none,0.0,0,applicable,32.0,0.0,,0.0,62517.0,12181756.0,272640.7487993799,1444.0,1276.0,0.46801514653223475,100.0,8.0,96.74479166666666,96.74479166666666,96.74479166666666,96.74479166666666,90.625,90.625,90.625,90.625,84.375,0.0,0.0,5.0,0.0,29.0,3.0,62.73472222222917,83.40069444444441,95.44111111111108,104.93472222222323,29.0,3.0,104.93472222222323,130.5,10.2,0.8568218954248366,1.0,0.0,0.0,6.0,50.0,66.66666666666666,16.0,93.75,100.0,9.0,100.0,100.0,COMPLETED,120,5,500.0,80.0,20.0,24,87fbc83a71e6a008,False,0.84375,0.90625,0.958473312748846,0.7800788131366747,0.5,0.5,0.13333333333333333,0.8666666666666667,0.217453250222618,0.782546749777382,0.23853211009174313,0.7614678899082569,0.8721380314713802,0.6821362612704611,0.3178637387295389,False
T120_P05_H0500_I0800_CN030_F1,California,unlimited_useful_deadline,unlimited,central_only,targeted_central,all_useful,deadline,-1.0,0.0,0.0,1.0,none,0.0,0,applicable,32.0,0.0,,0.0,94425.0,18639872.0,396636.5759990219,1748.0,1597.5,0.4027616454625555,100.0,8.0,98.046875,98.046875,98.046875,98.046875,96.875,96.875,96.875,96.875,100.0,0.0,0.0,0.0,0.0,31.0,1.0,52.16875,69.98541666666715,75.02604166666697,80.80277777777931,31.0,1.0,80.80277777777931,146.0,12.920833333333333,0.8044636138879933,1.0,100.0,0.0,6.0,100.0,100.0,16.0,100.0,100.0,9.0,100.0,100.0,COMPLETED,120,5,500.0,80.0,30.0,36,51ab91f7e9d4770f,False,1.0,0.96875,0.9750839876493076,0.8544611189239388,0.5,0.5,0.2,0.8,0.2747105966162066,0.7252894033837933,0.292166549047283,0.707833450952717,0.9495737766433117,0.6466245708673022,0.3533754291326978,False
T120_P05_H0500_I0800_CN040_F1,California,unlimited_useful_deadline,unlimited,central_only,targeted_central,all_useful,deadline,-1.0,0.0,0.0,1.0,none,0.0,0,applicable,32.0,0.0,,0.0,124588.0,25277736.0,524083.56479867455,2041.0,1896.0,0.3617743671714536,100.0,9.0,98.4375,98.4375,98.4375,98.4375,96.875,96.875,96.875,96.875,100.0,0.0,0.0,0.0,0.0,31.0,1.0,45.019444444445256,73.11736111111144,80.24305555555614,90.93472222222239,31.0,1.0,90.93472222222239,146.5,15.366666666666667,0.7550027114967461,1.0,100.0,0.0,6.0,100.0,100.0,16.0,100.0,100.0,9.0,100.0,100.0,COMPLETED,120,5,500.0,80.0,40.0,48,481458a718448d8c,False,1.0,0.96875,0.9800671901194461,0.8232312529833328,0.5,0.5,0.26666666666666666,0.7333333333333334,0.3278717720391808,0.6721282279608192,0.3438602681721948,0.6561397318278053,0.9430121107756947,0.6123202586243917,0.38767974137560834,False
T120_P05_H0500_I0800_CN050_F1,California,unlimited_useful_deadline,unlimited,central_only,targeted_central,all_useful,deadline,-1.0,0.0,0.0,1.0,none,0.0,0,applicable,32.0,0.0,,0.0,153808.0,33015424.0,672647.1743983182,2348.0,2229.5,0.3314516264777718,100.0,11.0,99.609375,99.609375,99.609375,99.609375,96.875,96.875,96.875,96.875,100.0,0.0,0.0,0.0,0.0,31.0,1.0,44.6027777777781,69.55138888888905,74.24305555555638,81.93472222222226,31.0,1.0,81.93472222222226,149.5,18.029166666666665,0.7035031969802019,1.0,100.0,0.0,6.0,100.0,100.0,16.0,100.0,100.0,9.0,100.0,100.0,COMPLETED,120,5,500.0,80.0,50.0,60,ce9ac38564166b8c,False,1.0,0.96875,0.9950167975298615,0.8509721071704688,0.5,0.5,0.3333333333333333,0.6666666666666667,0.38726625111308993,0.61273374888691,0.3980239943542696,0.6019760056457304,0.9536847261750825,0.5762752842398615,0.4237247157601385,False
T120_P05_H0500_I0800_CN060_F1,California,unlimited_useful_deadline,unlimited,central_only,targeted_central,all_useful,deadline,-1.0,0.0,0.0,1.0,none,0.0,0,applicable,32.0,0.0,,0.0,184511.0,40122236.0,809097.9647979257,2647.0,2531.0,0.3128174967826206,100.0,13.0,99.21875,99.21875,99.21875,99.21875,96.875,96.875,96.875,96.875,100.0,0.0,0.0,0.0,0.0,31.0,1.0,38.801388888889534,64.41944444444768,70.02604166667328,75.93472222222226,31.0,1.0,75.93472222222226,161.5,20.604166666666668,0.6813734411863837,1.0,100.0,0.0,6.0,100.0,100.0,16.0,100.0,100.0,9.0,100.0,100.0,COMPLETED,120,5,500.0,80.0,60.0,72,6b2b33fcdbdb76de,False,1.0,0.96875,0.9900335950597231,0.8694660099618925,0.5,0.5,0.4,0.6,0.44096170970614423,0.5590382902938558,0.4507762879322512,0.5492237120677488,0.9570624012554039,0.541652400472321,0.458347599527679,False
T120_P05_H0500_I0800_CN070_F1,California,unlimited_useful_deadline,unlimited,central_only,targeted_central,all_useful,deadline,-1.0,0.0,0.0,1.0,none,0.0,0,applicable,32.0,0.0,,0.0,214922.0,48315852.0,966415.3919975229,2946.0,2851.0,0.2950077185864303,100.0,12.0,100.0,100.0,100.0,100.0,100.0,100.0,100.0,100.0,100.0,0.0,0.0,0.0,0.0,32.0,0.0,41.36840277778053,60.860763888889394,65.77388888888987,73.93472222222226,32.0,0.0,73.93472222222226,168.0,23.1625,0.6067772980751933,1.0,100.0,100.0,6.0,100.0,100.0,16.0,100.0,100.0,9.0,100.0,100.0,COMPLETED,120,5,500.0,80.0,70.0,84,c3f6e63fc2895aa7,False,1.0,1.0,1.0,0.8756306442257005,0.5,0.5,0.4666666666666667,0.5333333333333333,0.4979519145146928,0.5020480854853072,0.5035285815102328,0.49647141848976717,0.9689076610564251,0.5063705674616816,0.49362943253831837,False
T120_P05_H0500_I0800_CN080_F1,California,unlimited_useful_deadline,unlimited,central_only,targeted_central,all_useful,deadline,-1.0,0.0,0.0,1.0,none,0.0,0,applicable,32.0,0.0,,0.0,243485.0,56699532.0,1127382.0479971291,3249.0,3166.0,0.2808276045928365,100.0,14.0,100.0,100.0,100.0,100.0,100.0,100.0,100.0,100.0,100.0,0.0,0.0,0.0,0.0,32.0,0.0,38.86909722222529,60.251388888897736,64.80131944446097,69.80277777777786,32.0,0.0,69.80277777777786,166.0,25.8625,0.5663457923849418,1.0,100.0,100.0,6.0,100.0,100.0,16.0,100.0,100.0,9.0,100.0,100.0,COMPLETED,120,5,500.0,80.0,80.0,96,db0c0e7d7834aebc,False,1.0,1.0,1.0,0.8883666073748868,0.5,0.5,0.5333333333333333,0.4666666666666667,0.5540516473731077,0.44594835262689225,0.5569865913902611,0.4430134086097389,0.9720916518437217,0.4711256855806596,0.5288743144193404,False
T120_P05_H0500_I0800_CN090_F1,California,unlimited_useful_deadline,unlimited,central_only,targeted_central,all_useful,deadline,-1.0,0.0,0.0,1.0,none,0.0,0,applicable,32.0,0.0,,0.0,272727.0,65402040.0,1294470.201596702,3547.0,3472.5,0.26825646474648424,100.0,14.0,100.0,100.0,100.0,100.0,100.0,100.0,100.0,100.0,100.0,0.0,0.0,0.0,0.0,32.0,0.0,33.26805555555572,51.25138888889032,57.09194444444625,66.93472222222505,32.0,0.0,66.93472222222505,124.0,28.320833333333333,0.4639902407925065,1.0,100.0,100.0,6.0,100.0,100.0,16.0,100.0,100.0,9.0,100.0,100.0,COMPLETED,120,5,500.0,80.0,90.0,108,d560e4d68726ee88,False,1.0,1.0,1.0,0.8972068641490196,0.5,0.5,0.6,0.4,0.6086375779162957,0.3913624220837043,0.6095624558927312,0.39043754410726883,0.9743017160372549,0.43635999323819463,0.5636400067618054,False
T120_P05_H0500_I0800_CN100_F1,California,unlimited_useful_deadline,unlimited,central_only,targeted_central,all_useful,deadline,-1.0,0.0,0.0,1.0,none,0.0,0,applicable,32.0,0.0,,0.0,302374.0,74646352.0,1471960.9919962557,3840.0,3780.0,0.2568002834690347,100.0,15.0,100.0,100.0,100.0,100.0,100.0,100.0,100.0,100.0,100.0,0.0,0.0,0.0,0.0,32.0,0.0,31.41909722222311,49.45138888888901,55.601319444444634,62.93472222222226,32.0,0.0,62.93472222222226,122.0,30.829166666666666,0.45105081767806454,1.0,100.0,100.0,6.0,100.0,100.0,16.0,100.0,100.0,9.0,100.0,100.0,COMPLETED,120,5,500.0,80.0,100.0,120,b38ecda6d37882c6,False,1.0,1.0,1.0,0.909536132676644,0.5,0.5,0.6666666666666666,0.33333333333333337,0.6634016028495102,0.3365983971504898,0.6612561750176429,0.3387438249823571,0.977384033169161,0.4017351110932361,0.5982648889067639,False
T120_P05_H0500_I0986_CN000_F1,California,unlimited_useful_deadline,unlimited,central_only,targeted_central,all_useful,deadline,-1.0,0.0,0.0,1.0,none,0.0,0,applicable,32.0,0.0,,0.0,1348.0,453604.0,45360.4,294.0,208.0,0.45854974823855166,0.0,1.0,29.708915790422797,29.708915790422797,29.708915790422797,29.708915790422797,0.0,0.0,0.0,0.0,0.0,2.0,12.0,18.0,14.0,0.0,32.0,,,,,0.0,32.0,,208.0,0.0,0.0,1.0,0.0,0.0,6.0,0.0,0.0,16.0,0.0,0.0,9.0,0.0,0.0,COMPLETED,120,5,500.0,98.6,0.0,0,48474a9167de32eb,False,0.0,0.0,0.10329675657759613,0.0,0.5,0.5,0.0,1.0,0.027248441674087267,0.9727515583259128,0.035638673253352154,0.9643613267466479,0.025824189144399032,0.7874225770145122,0.21257742298548776,False
T120_P05_H0500_I0986_CN010_F1,California,unlimited_useful_deadline,unlimited,central_only,targeted_central,all_useful,deadline,-1.0,0.0,0.0,1.0,none,0.0,0,applicable,32.0,0.0,,0.0,30474.0,6039620.0,152611.90719970426,914.0,716.5,0.46949154436711504,97.48778785764131,7.0,83.33333333333333,83.33333333333333,83.33333333333333,83.33333333333333,78.125,78.125,78.125,78.125,78.125,2.0,5.0,0.0,7.0,25.0,7.0,92.20069444444623,150.66722222222234,151.6277777777779,156.03333333333333,25.0,7.0,156.03333333333333,105.0,5.625,0.9301728395061728,1.0,0.0,0.0,6.0,0.0,0.0,16.0,100.0,100.0,9.0,100.0,100.0,COMPLETED,120,5,500.0,98.6,10.0,12,047a1e83db7d3168,False,0.78125,0.78125,0.7873833612740918,0.6225766886924018,0.5,0.5,0.06666666666666667,0.9333333333333333,0.11780943900267142,0.8821905609973286,0.14502470007057164,0.8549752999294283,0.7431150124916234,0.7340998388520181,0.2659001611479819,False
T120_P05_H0500_I0986_CN020_F1,California,unlimited_useful_deadline,unlimited,central_only,targeted_central,all_useful,deadline,-1.0,0.0,0.0,1.0,none,0.0,0,applicable,32.0,0.0,,0.0,60508.0,12069500.0,268385.60319938115,1220.0,1020.0,0.3800501919032712,100.0,8.0,90.0,90.0,90.0,90.0,84.375,84.375,84.375,84.375,84.375,2.0,3.0,0.0,5.0,27.0,5.0,58.41944444444477,95.86805555556153,97.2680555555607,101.73472222222239,27.0,5.0,101.73472222222239,98.5,8.204166666666667,0.8479304215337735,1.0,0.0,0.0,6.0,33.33333333333333,33.33333333333333,16.0,100.0,100.0,9.0,100.0,100.0,COMPLETED,120,5,500.0,98.6,20.0,24,4f47b0677cb68b0d,False,0.84375,0.84375,0.8724300167644551,0.78994222795877,0.5,0.5,0.13333333333333333,0.8666666666666667,0.17186108637577915,0.8281389136242209,0.1990119971771348,0.8009880028228652,0.8374680611808063,0.6991587166227506,0.30084128337724936,False
T120_P05_H0500_I0986_CN030_F1,California,unlimited_useful_deadline,unlimited,central_only,targeted_central,all_useful,deadline,-1.0,0.0,0.0,1.0,none,0.0,0,applicable,32.0,0.0,,0.0,90762.0,18578656.0,393361.398399067,1405.0,1145.0,0.29108092574919925,100.0,8.0,83.33333333333333,83.33333333333333,83.33333333333333,83.33333333333333,78.125,78.125,78.125,78.125,78.125,2.0,5.0,0.0,7.0,25.0,7.0,53.63472222223342,100.18805555555622,101.84138888888894,103.86805555555557,25.0,7.0,103.86805555555557,81.5,9.2625,0.7869733093417304,1.0,0.0,0.0,6.0,0.0,0.0,16.0,100.0,100.0,9.0,100.0,100.0,COMPLETED,120,5,500.0,98.6,30.0,36,b67117ed84c13c0e,False,0.78125,0.78125,0.7873833612740918,0.7833666180773753,0.5,0.5,0.2,0.8,0.19412288512911843,0.8058771148708815,0.231651376146789,0.768348623853211,0.7833124948378667,0.6748451477448185,0.3251548522551815,False
T120_P05_H0500_I0986_CN040_F1,California,unlimited_useful_deadline,unlimited,central_only,targeted_central,all_useful,deadline,-1.0,0.0,0.0,1.0,none,0.0,0,applicable,32.0,0.0,,0.0,122203.0,25782568.0,531676.5087987264,1770.0,1535.5,0.2888034311444979,100.0,11.0,90.37037037037038,90.37037037037038,90.37037037037038,90.37037037037038,84.375,84.375,84.375,84.375,84.375,2.0,2.0,1.0,4.0,27.0,5.0,47.55138888888857,84.98138888888896,85.75902777777806,90.73472222223499,27.0,5.0,90.73472222223499,70.5,12.445833333333333,0.730819662984042,1.0,0.0,0.0,6.0,33.33333333333333,33.33333333333333,16.0,100.0,100.0,9.0,100.0,100.0,COMPLETED,120,5,500.0,98.6,40.0,48,35b17f61af0064a5,False,0.84375,0.84375,0.8771548309583643,0.8238477164096747,0.5,0.5,0.26666666666666666,0.7333333333333334,0.2636687444345503,0.7363312555654498,0.29604798870853916,0.7039520112914608,0.8471256368420097,0.6347233200380489,0.3652766799619511,False
T120_P05_H0500_I0986_CN050_F1,California,unlimited_useful_deadline,unlimited,central_only,targeted_central,all_useful,deadline,-1.0,0.0,0.0,1.0,none,0.0,0,applicable,32.0,0.0,,0.0,152982.0,33536036.0,680543.0943983542,1923.0,1620.5,0.23811864573141114,100.0,10.0,84.81481481481481,84.81481481481481,84.81481481481481,84.81481481481481,78.125,78.125,78.125,78.125,84.375,2.0,3.0,0.0,5.0,25.0,7.0,41.36736111111386,87.53527777777789,89.53472222222588,89.86805555555557,25.0,7.0,89.86805555555557,62.0,13.1875,0.6525987361769352,1.0,0.0,0.0,6.0,33.33333333333333,0.0,16.0,100.0,100.0,9.0,100.0,100.0,COMPLETED,120,5,500.0,98.6,50.0,60,7cddacee3525211c,False,0.84375,0.78125,0.806282618049728,0.8265190579240307,0.5,0.5,0.3333333333333333,0.6666666666666667,0.278806767586821,0.721193232413179,0.3230416372618207,0.6769583627381792,0.8144504189934396,0.6129636523636051,0.38703634763639494,False
T120_P05_H0500_I0986_CN060_F1,California,unlimited_useful_deadline,unlimited,central_only,targeted_central,all_useful,deadline,-1.0,0.0,0.0,1.0,none,0.0,0,applicable,32.0,0.0,,0.0,184090.0,41221304.0,828100.2399980056,2323.0,2061.5,0.2489432921798169,100.0,11.0,90.74074074074073,90.74074074074073,90.74074074074073,90.74074074074073,84.375,84.375,84.375,84.375,84.375,2.0,1.0,2.0,3.0,27.0,5.0,38.93472222222226,81.66805555556245,83.47569444445779,84.73472222222239,27.0,5.0,84.73472222222239,73.5,16.7625,0.6059801971994365,1.0,0.0,0.0,6.0,33.33333333333333,33.33333333333333,16.0,100.0,100.0,9.0,100.0,100.0,COMPLETED,120,5,500.0,98.6,60.0,72,011ccfac4db75863,False,0.84375,0.84375,0.8818796451522731,0.8423416192011373,0.5,0.5,0.4,0.6,0.357346393588602,0.642653606411398,0.39361326746647846,0.6063867325335215,0.8529303160883526,0.5698080677889839,0.43019193221101615,False
T120_P05_H0500_I0986_CN070_F1,California,unlimited_useful_deadline,unlimited,central_only,targeted_central,all_useful,deadline,-1.0,0.0,0.0,1.0,none,0.0,0,applicable,32.0,0.0,,0.0,215440.0,49557792.0,988160.8095976193,2440.0,2076.5,0.21013786216087177,100.0,12.0,84.81481481481481,84.81481481481481,84.81481481481481,84.81481481481481,78.125,78.125,78.125,78.125,78.125,2.0,3.0,2.0,5.0,25.0,7.0,37.2006944444444,83.98805555555622,86.33472222223635,89.73472222222675,25.0,7.0,89.73472222222675,93.0,16.9125,0.5974562700172457,1.0,0.0,0.0,6.0,0.0,0.0,16.0,100.0,100.0,9.0,100.0,100.0,COMPLETED,120,5,500.0,98.6,70.0,84,1627be1f35d23334,False,0.78125,0.78125,0.806282618049728,0.8269300335416041,0.5,0.5,0.4666666666666667,0.5333333333333333,0.3600178094390027,0.6399821905609973,0.4142554693013409,0.5857445306986591,0.7989281628978331,0.551812010918598,0.448187989081402,False
T120_P05_H0500_I0986_CN080_F1,California,unlimited_useful_deadline,unlimited,central_only,targeted_central,all_useful,deadline,-1.0,0.0,0.0,1.0,none,0.0,0,applicable,32.0,0.0,,0.0,247879.0,58594956.0,1161674.358397208,2879.0,2580.5,0.22213626231368164,100.0,13.0,91.1111111111111,91.1111111111111,91.1111111111111,91.1111111111111,84.375,84.375,84.375,84.375,84.375,2.0,1.0,2.0,3.0,27.0,5.0,35.20069444444659,76.53527777777794,79.92847222222241,81.86805555555561,27.0,5.0,81.86805555555561,106.0,21.095833333333335,0.5444943709263284,1.0,0.0,0.0,6.0,33.33333333333333,33.33333333333333,16.0,100.0,100.0,9.0,100.0,100.0,COMPLETED,120,5,500.0,98.6,80.0,96,c38d7060c2796ec1,False,0.84375,0.84375,0.8866044593461821,0.8511775949792624,0.5,0.5,0.5333333333333333,0.4666666666666667,0.4497773820124666,0.5502226179875334,0.4917078334509527,0.5082921665490473,0.8563205135813612,0.5050362902406494,0.49496370975935056,False
T120_P05_H0500_I0986_CN090_F1,California,unlimited_useful_deadline,unlimited,central_only,targeted_central,all_useful,deadline,-1.0,0.0,0.0,1.0,none,0.0,0,applicable,32.0,0.0,,0.0,280472.0,68088256.0,1343945.718396801,3159.0,2843.5,0.211578485728726,100.0,14.0,92.96296296296298,92.96296296296298,92.96296296296298,92.96296296296298,84.375,84.375,84.375,84.375,84.375,2.0,1.0,2.0,3.0,27.0,5.0,34.502777777826125,79.53555555556737,81.52805555556093,82.8680555555634,27.0,5.0,82.8680555555634,101.5,23.258333333333333,0.46245670607906364,1.0,0.0,0.0,6.0,33.33333333333333,33.33333333333333,16.0,100.0,100.0,9.0,100.0,100.0,COMPLETED,120,5,500.0,98.6,90.0,108,4798d6c7c7820ad1,False,0.84375,0.84375,0.9102285303157278,0.8480952778473343,0.5,0.5,0.6,0.4,0.4966162065894924,0.5033837934105077,0.5411079745942131,0.4588920254057869,0.8614559520407655,0.4724551637632589,0.5275448362367411,False
T120_P05_H0500_I0986_CN100_F1,California,unlimited_useful_deadline,unlimited,central_only,targeted_central,all_useful,deadline,-1.0,0.0,0.0,1.0,none,0.0,0,applicable,32.0,0.0,,0.0,313288.0,77939964.0,1533098.5119963763,3430.0,3105.0,0.20253101648091215,100.0,13.0,92.96296296296298,92.96296296296298,92.96296296296298,92.96296296296298,84.375,84.375,84.375,84.375,90.625,2.0,1.0,0.0,3.0,27.0,5.0,24.068750000018795,67.6380555555572,70.47569444445038,73.73472222223403,27.0,5.0,73.73472222223403,109.5,25.458333333333332,0.39060283687943276,1.0,0.0,0.0,6.0,66.66666666666666,33.33333333333333,16.0,100.0,100.0,9.0,100.0,100.0,COMPLETED,120,5,500.0,98.6,100.0,120,b32878cf8b0a5197,False,0.90625,0.84375,0.9102285303157278,0.876247107652045,0.5,0.5,0.6666666666666666,0.33333333333333337,0.5431878895814782,0.45681211041852177,0.5889202540578687,0.41107974594213126,0.8841189094919433,0.4402450379387973,0.5597549620612027,False
T120_P05_H0800_I0600_CN000_F1,California,unlimited_useful_deadline,unlimited,central_only,targeted_central,all_useful,deadline,-1.0,0.0,0.0,1.0,none,0.0,0,applicable,32.0,0.0,,0.0,2398.0,1352656.0,135265.6,499.0,422.5,0.3123484463159887,0.0,1.0,60.99665317428124,60.99665317428124,60.99665317428124,60.99665317428124,12.5,12.5,12.5,12.5,59.375,0.0,0.0,13.0,0.0,4.0,28.0,42.65833333333333,62.675000000000004,66.93749999999999,71.2,4.0,28.0,71.2,422.5,0.0,0.0,1.0,0.0,0.0,6.0,0.0,33.33333333333333,16.0,62.5,12.5,9.0,100.0,0.0,COMPLETED,120,5,800.0,60.0,0.0,0,cd9543d75db85416,False,0.59375,0.125,0.5024343699312914,0.8840599253822546,0.5,0.5,0.0,1.0,0.06544968833481746,0.9345503116651825,0.07180663373323924,0.9281933662667607,0.5263110738283865,0.7725487355863887,0.2274512644136113,True
T120_P05_H0800_I0600_CN010_F1,California,unlimited_useful_deadline,unlimited,central_only,targeted_central,all_useful,deadline,-1.0,0.0,0.0,1.0,none,0.0,0,applicable,32.0,0.0,,0.0,17285.0,4429976.0,194350.14399983315,1123.0,919.0,0.4728578950786828,65.23394994559304,6.0,87.76408486433351,87.76408486433351,87.76408486433351,87.76408486433351,18.75,18.75,18.75,18.75,78.125,0.0,0.0,7.0,0.0,6.0,26.0,51.29375000000073,105.47569444444453,108.13854166666678,110.80138888888905,6.0,26.0,110.80138888888905,410.0,4.241666666666666,0.8687295350360185,1.0,0.0,0.0,6.0,16.666666666666664,33.33333333333333,16.0,93.75,25.0,9.0,100.0,0.0,COMPLETED,120,5,800.0,60.0,10.0,12,99b2bc3abed0d56a,False,0.78125,0.1875,0.8439064511271476,0.7619958859628407,0.5,0.5,0.06666666666666667,0.9333333333333333,0.15387355298308103,0.846126447016919,0.1818983768525053,0.8181016231474947,0.6436630842724971,0.7195122806995495,0.28048771930045047,False
T120_P05_H0800_I0600_CN020_F1,California,unlimited_useful_deadline,unlimited,central_only,targeted_central,all_useful,deadline,-1.0,0.0,0.0,1.0,none,0.0,0,applicable,32.0,0.0,,0.0,31478.0,7821404.0,259465.56159966608,1476.0,1248.5,0.4811813915891976,80.0961153384061,8.0,95.7711038961039,95.7711038961039,95.7711038961039,95.7711038961039,84.375,84.375,84.375,84.375,75.0,0.0,0.0,8.0,0.0,27.0,5.0,85.71736111111119,106.16736111111095,109.65451388888894,115.20069444444452,27.0,5.0,115.20069444444452,362.0,7.3875,0.8051466441060351,1.0,0.0,0.0,6.0,16.666666666666664,33.33333333333333,16.0,87.5,100.0,9.0,100.0,100.0,COMPLETED,120,5,800.0,60.0,20.0,24,35af00915b8ee119,False,0.75,0.84375,0.9460519794921113,0.7484358310804717,0.5,0.5,0.13333333333333333,0.8666666666666667,0.21255565449688335,0.7874443455031166,0.24417784050811575,0.7558221594918842,0.8220594526431457,0.6819866343323335,0.31801336566766647,False
T120_P05_H0800_I0600_CN030_F1,California,unlimited_useful_deadline,unlimited,central_only,targeted_central,all_useful,deadline,-1.0,0.0,0.0,1.0,none,0.0,0,applicable,32.0,0.0,,0.0,44541.0,10909416.0,318755.3919994701,1764.0,1552.5,0.4870505845443332,87.37520128824477,11.0,96.875,96.875,96.875,96.875,90.625,90.625,90.625,90.625,84.375,0.0,0.0,5.0,0.0,29.0,3.0,79.06875000000339,92.87847222222229,96.26736111111096,96.55138888888857,29.0,3.0,96.55138888888857,373.5,9.825,0.7767458297992649,1.0,0.0,0.0,6.0,66.66666666666666,66.66666666666666,16.0,87.5,100.0,9.0,100.0,100.0,COMPLETED,120,5,800.0,60.0,30.0,36,50298a1e8b362576,False,0.84375,0.90625,0.9601343802388922,0.8059189050924737,0.5,0.5,0.2,0.8,0.26669634906500445,0.7333036509349955,0.2949894142554693,0.7050105857445307,0.8790133213328415,0.6476628473359053,0.3523371526640947,False
T120_P05_H0800_I0600_CN040_F1,California,unlimited_useful_deadline,unlimited,central_only,targeted_central,all_useful,deadline,-1.0,0.0,0.0,1.0,none,0.0,0,applicable,32.0,0.0,,0.0,56654.0,14518616.0,388052.03199929337,2034.0,1830.0,0.47158624336319216,91.31147540983606,9.0,99.33035714285714,99.33035714285714,99.33035714285714,99.33035714285714,93.75,93.75,93.75,93.75,90.625,0.0,0.0,3.0,0.0,30.0,2.0,71.89305555556177,80.66701388888892,85.41267361111188,86.55138888889148,30.0,2.0,86.55138888889148,314.5,12.629166666666666,0.761967997360607,1.0,100.0,0.0,6.0,66.66666666666666,83.33333333333334,16.0,93.75,100.0,9.0,100.0,100.0,COMPLETED,120,5,800.0,60.0,40.0,48,34288c0441de1626,False,0.90625,0.9375,0.9914573671940483,0.8367420764115043,0.5,0.5,0.26666666666666666,0.7333333333333334,0.3161175422974176,0.6838824577025824,0.34262526464361326,0.6573747353563868,0.9179873609013882,0.6149181052784605,0.38508189472153953,False
T120_P05_H0800_I0600_CN050_F1,California,unlimited_useful_deadline,unlimited,central_only,targeted_central,all_useful,deadline,-1.0,0.0,0.0,1.0,none,0.0,0,applicable,32.0,0.0,,0.0,71358.0,18990960.0,473921.0367990223,2334.0,2144.5,0.45250154213125326,95.476801119142,10.0,98.66071428571428,98.66071428571428,98.66071428571428,98.66071428571428,96.875,96.875,96.875,96.875,90.625,0.0,0.0,3.0,0.0,31.0,1.0,68.9347222222225,75.66944444444428,78.11041666666934,80.23541666666667,31.0,1.0,80.23541666666667,246.0,15.820833333333333,0.7272825037310158,1.0,100.0,0.0,6.0,66.66666666666666,100.0,16.0,93.75,100.0,9.0,100.0,100.0,COMPLETED,120,5,800.0,60.0,50.0,60,a915336c922f542f,False,0.90625,0.96875,0.9829147343880965,0.8562099057966974,0.5,0.5,0.3333333333333333,0.6666666666666667,0.37212822796081924,0.6278717720391808,0.39555398729710656,0.6044460127028934,0.9285311600461985,0.5797968902817483,0.4202031097182517,False
T120_P05_H0800_I0600_CN060_F1,California,unlimited_useful_deadline,unlimited,central_only,targeted_central,all_useful,deadline,-1.0,0.0,0.0,1.0,none,0.0,0,applicable,32.0,0.0,,0.0,82599.0,21928452.0,530320.8831988364,2614.0,2437.0,0.45953310103503525,96.4710709889208,10.0,99.55357142857143,99.55357142857143,99.55357142857143,99.55357142857143,96.875,96.875,96.875,96.875,90.625,0.0,0.0,3.0,0.0,31.0,1.0,64.71736111111265,71.55138888888953,71.74409722222366,72.20069444444998,31.0,1.0,72.20069444444998,260.5,18.1375,0.6944310437246344,1.0,100.0,0.0,6.0,66.66666666666666,100.0,16.0,93.75,100.0,9.0,100.0,100.0,COMPLETED,120,5,800.0,60.0,60.0,72,a499855a72fd8fef,False,0.90625,0.96875,0.994304911462699,0.8809754677523254,0.5,0.5,0.4,0.6,0.4242208370436331,0.5757791629563669,0.44495412844036697,0.555045871559633,0.9375700948037561,0.5461650069032,0.4538349930968,False
T120_P05_H0800_I0600_CN070_F1,California,unlimited_useful_deadline,unlimited,central_only,targeted_central,all_useful,deadline,-1.0,0.0,0.0,1.0,none,0.0,0,applicable,32.0,0.0,,0.0,94787.0,25747424.0,603645.1455985778,2881.0,2703.5,0.44786246020734494,97.55872017754763,11.0,99.10714285714286,99.10714285714286,99.10714285714286,99.10714285714286,96.875,96.875,96.875,96.875,90.625,0.0,0.0,3.0,0.0,31.0,1.0,61.068750000008734,72.20069444444441,79.5260416666666,80.55138888888857,31.0,1.0,80.55138888888857,236.5,20.558333333333334,0.6411870017565193,1.0,100.0,0.0,6.0,66.66666666666666,100.0,16.0,93.75,100.0,9.0,100.0,100.0,COMPLETED,120,5,800.0,60.0,70.0,84,38af168275c4ae40,False,0.90625,0.96875,0.9886098229253978,0.855235979202937,0.5,0.5,0.4666666666666667,0.5333333333333333,0.4716829919857525,0.5283170080142475,0.492060691601976,0.5079393083980239,0.9297114505320837,0.513917929949121,0.486082070050879,False
T120_P05_H0800_I0600_CN080_F1,California,unlimited_useful_deadline,unlimited,central_only,targeted_central,all_useful,deadline,-1.0,0.0,0.0,1.0,none,0.0,0,applicable,32.0,0.0,,0.0,106723.0,30039172.0,686046.707198328,3162.0,3003.5,0.43779818028216605,98.65157316464125,11.0,99.10714285714286,99.10714285714286,99.10714285714286,99.10714285714286,96.875,96.875,96.875,96.875,90.625,0.0,0.0,3.0,0.0,31.0,1.0,57.634722222222386,65.8013888889264,67.15104166667916,70.20069444444586,31.0,1.0,70.20069444444586,227.5,23.133333333333333,0.586737512007685,1.0,100.0,0.0,6.0,66.66666666666666,100.0,16.0,93.75,100.0,9.0,100.0,100.0,COMPLETED,120,5,800.0,60.0,80.0,96,e4bccb3c7e5e111a,False,0.90625,0.96875,0.9886098229253978,0.887140102016146,0.5,0.5,0.5333333333333333,0.4666666666666667,0.5251113089937667,0.4748886910062333,0.541637261820748,0.458362738179252,0.9376874812353859,0.4799836191704304,0.5200163808295696,False
T120_P05_H0800_I0600_CN090_F1,California,unlimited_useful_deadline,unlimited,central_only,targeted_central,all_useful,deadline,-1.0,0.0,0.0,1.0,none,0.0,0,applicable,32.0,0.0,,0.0,116758.0,34036732.0,762799.8591980645,3442.0,3295.5,0.4320268233222508,99.66621150053103,11.0,99.55357142857143,99.55357142857143,99.55357142857143,99.55357142857143,96.875,96.875,96.875,96.875,90.625,0.0,0.0,3.0,0.0,31.0,1.0,48.47083333333333,66.1173611111124,66.45937500000025,66.55138888889148,31.0,1.0,66.55138888889148,208.0,25.729166666666668,0.5520364372469635,1.0,100.0,0.0,6.0,66.66666666666666,100.0,16.0,93.75,100.0,9.0,100.0,100.0,COMPLETED,120,5,800.0,60.0,90.0,108,76135bc4dc5c2b41,False,0.90625,0.96875,0.994304911462699,0.8983884190495836,0.5,0.5,0.6,0.4,0.5771148708815672,0.4228851291184328,0.5910374029640084,0.4089625970359916,0.9419233326280707,0.4463695452308849,0.5536304547691151,False
T120_P05_H0800_I0600_CN100_F1,California,unlimited_useful_deadline,unlimited,central_only,targeted_central,all_useful,deadline,-1.0,0.0,0.0,1.0,none,0.0,0,applicable,32.0,0.0,,0.0,127814.0,38369360.0,845986.3167977743,3749.0,3620.5,0.4279620045988816,100.0,12.0,99.55357142857143,99.55357142857143,99.55357142857143,99.55357142857143,96.875,96.875,96.875,96.875,90.625,0.0,0.0,3.0,0.0,31.0,1.0,45.934722222222746,54.551388888890024,55.37604166667085,63.717361111113135,31.0,1.0,63.717361111113135,209.5,28.425,0.5091468777484609,1.0,100.0,0.0,6.0,66.66666666666666,100.0,16.0,93.75,100.0,9.0,100.0,100.0,COMPLETED,120,5,800.0,60.0,100.0,120,e143ad988815fd62,False,0.90625,0.96875,0.994304911462699,0.9071237914213215,0.5,0.5,0.6666666666666666,0.33333333333333337,0.6349955476402493,0.36500445235975065,0.6452011291460833,0.3547988708539167,0.9441071757210051,0.41062733130940016,0.5893726686905998,False
T120_P05_H0800_I0800_CN000_F1,California,unlimited_useful_deadline,unlimited,central_only,targeted_central,all_useful,deadline,-1.0,0.0,0.0,1.0,none,0.0,0,applicable,32.0,0.0,,0.0,1756.0,887120.0,88712.0,470.0,295.0,0.33253674812877626,0.0,1.0,39.03523570503066,39.03523570503066,39.03523570503066,39.03523570503066,0.0,0.0,0.0,0.0,0.0,0.0,9.0,23.0,9.0,0.0,32.0,,,,,0.0,32.0,,295.0,0.0,0.0,1.0,0.0,0.0,6.0,0.0,0.0,16.0,0.0,0.0,9.0,0.0,0.0,COMPLETED,120,5,800.0,80.0,0.0,0,90f15946e277a5e3,False,0.0,0.0,0.22227260409318148,0.0,0.5,0.5,0.0,1.0,0.0427426536064114,0.9572573463935886,0.06669019054340156,0.9333098094565985,0.05556815102329537,0.7781134311700375,0.2218865688299625,False
T120_P05_H0800_I0800_CN010_F1,California,unlimited_useful_deadline,unlimited,central_only,targeted_central,all_useful,deadline,-1.0,0.0,0.0,1.0,none,0.0,0,applicable,32.0,0.0,,0.0,29193.0,6001380.0,186905.79199968168,1048.0,851.0,0.4553095925467357,97.06227967097533,8.0,82.72569444444444,82.72569444444444,82.72569444444444,82.72569444444444,78.125,78.125,78.125,78.125,84.375,0.0,3.0,2.0,3.0,25.0,7.0,87.1513888888888,103.94097222222227,112.934027777778,115.55138888888953,25.0,7.0,115.55138888888953,106.0,6.591666666666667,0.9156236831015592,1.0,0.0,0.0,6.0,33.33333333333333,0.0,16.0,100.0,100.0,9.0,100.0,100.0,COMPLETED,120,5,800.0,80.0,10.0,12,1fa84830dc964bae,False,0.84375,0.78125,0.7796317129872098,0.7473548795862954,0.5,0.5,0.06666666666666667,0.9333333333333333,0.14176313446126448,0.8582368655387356,0.16866619618913198,0.831333803810868,0.7879966481433763,0.7245808005365875,0.27541919946341253,False
T120_P05_H0800_I0800_CN020_F1,California,unlimited_useful_deadline,unlimited,central_only,targeted_central,all_useful,deadline,-1.0,0.0,0.0,1.0,none,0.0,0,applicable,32.0,0.0,,0.0,57568.0,11595664.0,294316.0447993033,1408.0,1245.0,0.4230146544844256,100.0,8.0,96.19724893162393,96.19724893162393,96.19724893162393,96.19724893162393,87.5,87.5,87.5,87.5,90.625,0.0,0.0,3.0,0.0,28.0,4.0,64.06840277777786,80.42166666666671,82.03472222223216,83.55138888888905,28.0,4.0,83.55138888888905,99.5,9.866666666666667,0.8521607545045045,1.0,0.0,0.0,6.0,66.66666666666666,50.0,16.0,100.0,100.0,9.0,100.0,100.0,COMPLETED,120,5,800.0,80.0,20.0,24,be52695270f093aa,False,0.90625,0.875,0.9514883109958314,0.8459890278072236,0.5,0.5,0.13333333333333333,0.8666666666666667,0.21193232413178986,0.7880676758682101,0.23218066337332394,0.7678193366266761,0.8946818347007637,0.6845107358323106,0.3154892641676894,False
T120_P05_H0800_I0800_CN030_F1,California,unlimited_useful_deadline,unlimited,central_only,targeted_central,all_useful,deadline,-1.0,0.0,0.0,1.0,none,0.0,0,applicable,32.0,0.0,,0.0,86776.0,17461928.0,406948.31359884876,1711.0,1565.5,0.3846925881460217,100.0,9.0,98.4375,98.4375,98.4375,98.4375,96.875,96.875,96.875,96.875,93.75,0.0,0.0,2.0,0.0,31.0,1.0,55.16875000000194,65.33888888888904,66.70069444444441,67.63472222222214,31.0,1.0,67.63472222222214,113.0,12.679166666666667,0.7863429729433673,1.0,100.0,0.0,6.0,66.66666666666666,100.0,16.0,100.0,100.0,9.0,100.0,100.0,COMPLETED,120,5,800.0,80.0,30.0,36,3c99cfb8b2e37f5f,False,0.9375,0.96875,0.9800671901194461,0.8950492421566958,0.5,0.5,0.2,0.8,0.26901157613535176,0.7309884238646482,0.2856386732533521,0.7143613267466479,0.9453416080690354,0.6490699501222592,0.3509300498777408,False
T120_P05_H0800_I0800_CN040_F1,California,unlimited_useful_deadline,unlimited,central_only,targeted_central,all_useful,deadline,-1.0,0.0,0.0,1.0,none,0.0,0,applicable,32.0,0.0,,0.0,114379.0,23507860.0,523030.2079983598,2010.0,1866.5,0.356862753136785,100.0,11.0,98.046875,98.046875,98.046875,98.046875,96.875,96.875,96.875,96.875,96.875,0.0,0.0,1.0,0.0,31.0,1.0,52.15138888889051,59.33888888888905,59.83472222222566,67.15138888891549,31.0,1.0,67.15138888891549,162.0,15.0125,0.7626214265889537,1.0,100.0,0.0,6.0,83.33333333333334,100.0,16.0,100.0,100.0,9.0,100.0,100.0,COMPLETED,120,5,800.0,80.0,40.0,48,73a9ab8e42a41856,False,0.96875,0.96875,0.9750839876493076,0.8965390287703672,0.5,0.5,0.26666666666666666,0.7333333333333334,0.3226179875333927,0.6773820124666072,0.3383909668313338,0.6616090331686661,0.9522807541049187,0.6144648757937214,0.38553512420627856,False
T120_P05_H0800_I0800_CN050_F1,California,unlimited_useful_deadline,unlimited,central_only,targeted_central,all_useful,deadline,-1.0,0.0,0.0,1.0,none,0.0,0,applicable,32.0,0.0,,0.0,142176.0,30615736.0,659501.4271978183,2313.0,2192.5,0.33244810542955155,100.0,12.0,98.828125,98.828125,98.828125,98.828125,96.875,96.875,96.875,96.875,100.0,0.0,0.0,0.0,0.0,31.0,1.0,42.585416666668365,49.200694444445254,53.06770833333346,55.55138888892543,31.0,1.0,55.55138888892543,128.0,17.866666666666667,0.6711753731343284,1.0,100.0,0.0,6.0,100.0,100.0,16.0,100.0,100.0,9.0,100.0,100.0,COMPLETED,120,5,800.0,80.0,50.0,60,ecb4187bc46d5c8e,False,1.0,0.96875,0.9850503925895846,0.9322939075004224,0.5,0.5,0.3333333333333333,0.6666666666666667,0.3806767586821015,0.6193232413178985,0.39184897671136204,0.608151023288638,0.9715235750225018,0.5788281862546407,0.4211718137453593,False
T120_P05_H0800_I0800_CN060_F1,California,unlimited_useful_deadline,unlimited,central_only,targeted_central,all_useful,deadline,-1.0,0.0,0.0,1.0,none,0.0,0,applicable,32.0,0.0,,0.0,170594.0,37028948.0,782635.0975972185,2634.0,2532.5,0.3235863057732872,100.0,12.0,99.21875,99.21875,99.21875,99.21875,96.875,96.875,96.875,96.875,100.0,0.0,0.0,0.0,0.0,31.0,1.0,39.55138888888857,46.5090277778009,47.56770833335892,55.934722222224686,31.0,1.0,55.934722222224686,125.0,20.579166666666666,0.6272879125329014,1.0,100.0,0.0,6.0,100.0,100.0,16.0,100.0,100.0,9.0,100.0,100.0,COMPLETED,120,5,800.0,80.0,60.0,72,fa06eeee98fa43ea,False,1.0,0.96875,0.9900335950597231,0.9311123525999643,0.5,0.5,0.4,0.6,0.44122885129118433,0.5587711487088156,0.44848270995059986,0.5515172900494001,0.9724739869149219,0.5420576877516432,0.4579423122483568,False
T120_P05_H0800_I0800_CN070_F1,California,unlimited_useful_deadline,unlimited,central_only,targeted_central,all_useful,deadline,-1.0,0.0,0.0,1.0,none,0.0,0,applicable,32.0,0.0,,0.0,199756.0,44498680.0,926053.9519965592,2929.0,2832.0,0.3058137157013636,100.0,12.0,99.609375,99.609375,99.609375,99.609375,96.875,96.875,96.875,96.875,100.0,0.0,0.0,0.0,0.0,31.0,1.0,38.634722222222145,46.16875,46.41770833334546,47.20069444444804,31.0,1.0,47.20069444444804,110.5,23.0625,0.5733047274917193,1.0,100.0,0.0,6.0,100.0,100.0,16.0,100.0,100.0,9.0,100.0,100.0,COMPLETED,120,5,800.0,80.0,70.0,84,3593c037144e24e4,False,1.0,0.96875,0.9950167975298615,0.9580333960499303,0.5,0.5,0.4666666666666667,0.5333333333333333,0.49456812110418524,0.5054318788958148,0.5005292872265349,0.4994707127734651,0.9804500483949479,0.5076471850005226,0.49235281499947736,False
T120_P05_H0800_I0800_CN080_F1,California,unlimited_useful_deadline,unlimited,central_only,targeted_central,all_useful,deadline,-1.0,0.0,0.0,1.0,none,0.0,0,applicable,32.0,0.0,,0.0,227170.0,52152344.0,1073004.300795866,3243.0,3162.0,0.2946866100773957,100.0,17.0,100.0,100.0,100.0,100.0,100.0,100.0,100.0,100.0,100.0,0.0,0.0,0.0,0.0,32.0,0.0,35.1847222222228,42.67812500000014,43.834722222231804,46.20069444444452,32.0,0.0,46.20069444444452,125.5,25.783333333333335,0.5167797888386123,1.0,100.0,100.0,6.0,100.0,100.0,16.0,100.0,100.0,9.0,100.0,100.0,COMPLETED,120,5,800.0,80.0,80.0,96,b38df87dc4490b0f,False,1.0,1.0,1.0,0.9611157131818452,0.5,0.5,0.5333333333333333,0.4666666666666667,0.5533392698130009,0.44666073018699914,0.5559280169371913,0.4440719830628087,0.9902789282954613,0.4714798759832949,0.5285201240167051,False
T120_P05_H0800_I0800_CN090_F1,California,unlimited_useful_deadline,unlimited,central_only,targeted_central,all_useful,deadline,-1.0,0.0,0.0,1.0,none,0.0,0,applicable,32.0,0.0,,0.0,255123.0,60049212.0,1224624.1663951015,3541.0,3468.5,0.28322975286451724,100.0,16.0,100.0,100.0,100.0,100.0,100.0,100.0,100.0,100.0,100.0,0.0,0.0,0.0,0.0,32.0,0.0,28.4593750000017,37.559375000010434,38.96701388889354,46.934722222271375,32.0,0.0,46.934722222271375,126.5,28.329166666666666,0.4627016227876648,1.0,100.0,100.0,6.0,100.0,100.0,16.0,100.0,100.0,9.0,100.0,100.0,COMPLETED,120,5,800.0,80.0,90.0,108,4bfac8035ab26253,False,1.0,1.0,1.0,0.9588532067869561,0.5,0.5,0.6,0.4,0.6079252003561888,0.3920747996438112,0.6085038814396613,0.3914961185603387,0.989713301696739,0.43671418364083003,0.56328581635917,False
T120_P05_H0800_I0800_CN100_F1,California,unlimited_useful_deadline,unlimited,central_only,targeted_central,all_useful,deadline,-1.0,0.0,0.0,1.0,none,0.0,0,applicable,32.0,0.0,,0.0,283892.0,68456184.0,1386038.028794278,3840.0,3780.0,0.2727197898955372,100.0,14.0,100.0,100.0,100.0,100.0,100.0,100.0,100.0,100.0,100.0,0.0,0.0,0.0,0.0,32.0,0.0,28.28402777777889,37.025347222228596,37.670034722228976,39.036805555557656,32.0,0.0,39.036805555557656,129.5,30.9,0.4045891765551961,1.0,100.0,100.0,6.0,100.0,100.0,16.0,100.0,100.0,9.0,100.0,100.0,COMPLETED,120,5,800.0,80.0,100.0,120,afc2196c13f50741,False,1.0,1.0,1.0,0.9831970906351176,0.5,0.5,0.6666666666666666,0.33333333333333337,0.6634016028495102,0.3365983971504898,0.6612561750176429,0.3387438249823571,0.9957992726587794,0.4017351110932361,0.5982648889067639,True
T120_P05_H0800_I0986_CN000_F1,California,unlimited_useful_deadline,unlimited,central_only,targeted_central,all_useful,deadline,-1.0,0.0,0.0,1.0,none,0.0,0,applicable,32.0,0.0,,0.0,1757.0,862268.0,86226.8,304.0,222.0,0.2574605575064829,0.0,1.0,33.548905189289925,33.548905189289925,33.548905189289925,33.548905189289925,0.0,0.0,0.0,0.0,56.25,1.0,9.0,4.0,10.0,0.0,32.0,,,,,0.0,32.0,,222.0,0.0,0.0,1.0,0.0,0.0,6.0,0.0,0.0,16.0,62.5,0.0,9.0,88.88888888888889,0.0,COMPLETED,120,5,800.0,98.6,0.0,0,dd5c2b9395904bec,False,0.5625,0.0,0.1522834949014111,0.0,0.5,0.5,0.0,1.0,0.029741763134461266,0.9702582368655387,0.0374029640084686,0.9625970359915315,0.17869587372535278,0.7865710545714141,0.21342894542858593,False
T120_P05_H0800_I0986_CN010_F1,California,unlimited_useful_deadline,unlimited,central_only,targeted_central,all_useful,deadline,-1.0,0.0,0.0,1.0,none,0.0,0,applicable,32.0,0.0,,0.0,28268.0,5983672.0,184557.75679972256,952.0,802.0,0.43455231246135606,98.56608478802993,7.0,93.18996415770609,93.18996415770609,93.18996415770609,93.18996415770609,87.5,87.5,87.5,87.5,90.625,1.0,2.0,0.0,3.0,28.0,4.0,87.63437500000134,109.33090277777772,111.30260416666708,120.73472222222239,28.0,4.0,120.73472222222239,113.5,6.320833333333334,0.9182212700505383,1.0,0.0,0.0,6.0,66.66666666666666,50.0,16.0,100.0,100.0,9.0,100.0,100.0,COMPLETED,120,5,800.0,98.6,10.0,12,f57a8440f29b8ad7,False,0.90625,0.875,0.9131243841765105,0.7313782024525947,0.5,0.5,0.06666666666666667,0.9333333333333333,0.13303650934995548,0.8669634906500445,0.15172900494001412,0.8482709950599858,0.8564381466572762,0.7297135638086727,0.2702864361913273,False
T120_P05_H0800_I0986_CN020_F1,California,unlimited_useful_deadline,unlimited,central_only,targeted_central,all_useful,deadline,-1.0,0.0,0.0,1.0,none,0.0,0,applicable,32.0,0.0,,0.0,55737.0,11501400.0,290498.1343993779,1272.0,1122.5,0.3864052353798537,99.9109131403118,8.0,97.67025089605735,97.67025089605735,97.67025089605735,97.67025089605735,90.625,90.625,90.625,90.625,96.875,1.0,0.0,0.0,1.0,29.0,3.0,60.36736111111095,76.90833333333353,79.48194444444466,85.15138888888904,29.0,3.0,85.15138888888904,115.0,9.020833333333334,0.8626058506543495,1.0,0.0,0.0,6.0,100.0,66.66666666666666,16.0,100.0,100.0,9.0,100.0,100.0,COMPLETED,120,5,800.0,98.6,20.0,24,55ae65daa825b26e,False,0.96875,0.90625,0.9702793945867011,0.8410573203961773,0.5,0.5,0.13333333333333333,0.8666666666666667,0.19011576135351738,0.8098842386464826,0.2081863091037403,0.7918136908962596,0.9215841787457196,0.6936729192418818,0.3063270807581182,False
T120_P05_H0800_I0986_CN030_F1,California,unlimited_useful_deadline,unlimited,central_only,targeted_central,all_useful,deadline,-1.0,0.0,0.0,1.0,none,0.0,0,applicable,32.0,0.0,,0.0,84072.0,17483168.0,405348.07999897975,1604.0,1473.0,0.36339138451172814,100.0,8.0,100.0,100.0,100.0,100.0,96.875,96.875,96.875,96.875,96.875,1.0,0.0,0.0,1.0,31.0,1.0,47.585416666676124,65.15138888888904,69.23472222225513,72.73472222222966,31.0,1.0,72.73472222222966,165.0,11.908333333333333,0.8139549801726149,1.0,0.0,0.0,6.0,100.0,100.0,16.0,100.0,100.0,9.0,100.0,100.0,COMPLETED,120,5,800.0,98.6,30.0,36,0871ee73817458eb,False,0.96875,0.96875,1.0,0.8793294247839625,0.5,0.5,0.2,0.8,0.2525378450578807,0.7474621549421193,0.2667607621736062,0.7332392378263938,0.9542073561959906,0.6561402785537027,0.3438597214462973,False
T120_P05_H0800_I0986_CN040_F1,California,unlimited_useful_deadline,unlimited,central_only,targeted_central,all_useful,deadline,-1.0,0.0,0.0,1.0,none,0.0,0,applicable,32.0,0.0,,0.0,113524.0,24102308.0,532435.5679985199,1922.0,1792.5,0.3366604539096049,100.0,10.0,100.0,100.0,100.0,100.0,96.875,96.875,96.875,96.875,96.875,1.0,0.0,0.0,1.0,31.0,1.0,46.551388888889534,64.71736111111119,70.16875000002183,73.73472222222335,31.0,1.0,73.73472222222335,140.5,14.608333333333333,0.7643088039551247,1.0,0.0,0.0,6.0,100.0,100.0,16.0,100.0,100.0,9.0,100.0,100.0,COMPLETED,120,5,800.0,98.6,40.0,48,167a8f4953cf86b0,False,0.96875,0.96875,1.0,0.8762471076520779,0.5,0.5,0.26666666666666666,0.7333333333333334,0.30943900267141583,0.6905609973285842,0.3228652081863091,0.677134791813691,0.9534367769130194,0.6202058244951217,0.37979417550487826,False
T120_P05_H0800_I0986_CN050_F1,California,unlimited_useful_deadline,unlimited,central_only,targeted_central,all_useful,deadline,-1.0,0.0,0.0,1.0,none,0.0,0,applicable,32.0,0.0,,0.0,141649.0,31213452.0,668969.5327980258,2231.0,2117.5,0.31653160513056017,100.0,10.0,100.0,100.0,100.0,100.0,96.875,96.875,96.875,96.875,96.875,1.0,0.0,0.0,1.0,31.0,1.0,43.934722222222504,54.71736111111144,59.37708333333394,62.73472222222238,31.0,1.0,62.73472222222238,118.5,17.166666666666668,0.715962783171521,1.0,0.0,0.0,6.0,100.0,100.0,16.0,100.0,100.0,9.0,100.0,100.0,COMPLETED,120,5,800.0,98.6,50.0,60,f5bcce5b8a387570,False,0.96875,0.96875,1.0,0.9101525961030245,0.5,0.5,0.3333333333333333,0.6666666666666667,0.36731967943009797,0.6326803205699021,0.3773817925194072,0.6226182074805928,0.9619131490257561,0.5843930389434324,0.4156069610565676,False
T120_P05_H0800_I0986_CN060_F1,California,unlimited_useful_deadline,unlimited,central_only,targeted_central,all_useful,deadline,-1.0,0.0,0.0,1.0,none,0.0,0,applicable,32.0,0.0,,0.0,171519.0,38264480.0,804349.2703974488,2547.0,2431.5,0.3022940517865499,100.0,13.0,100.0,100.0,100.0,100.0,96.875,96.875,96.875,96.875,96.875,1.0,0.0,0.0,1.0,31.0,1.0,39.801388888907965,49.86805555555926,51.72604166666739,55.73472222224906,31.0,1.0,55.73472222224906,117.0,19.870833333333334,0.6527521492975468,1.0,0.0,0.0,6.0,100.0,100.0,16.0,100.0,100.0,9.0,100.0,100.0,COMPLETED,120,5,800.0,98.6,60.0,72,304dad6bf2d62e7a,False,0.96875,0.96875,1.0,0.93172881602627,0.5,0.5,0.4,0.6,0.4232413178984862,0.5767586821015138,0.4331333803810868,0.5668666196189132,0.9673072040065676,0.5487250603440854,0.4512749396559146,False
T120_P05_H0800_I0986_CN070_F1,California,unlimited_useful_deadline,unlimited,central_only,targeted_central,all_useful,deadline,-1.0,0.0,0.0,1.0,none,0.0,0,applicable,32.0,0.0,,0.0,201023.0,45902916.0,951007.241596827,2874.0,2769.0,0.291164975289841,100.0,14.0,100.0,100.0,100.0,100.0,96.875,96.875,96.875,96.875,96.875,1.0,0.0,0.0,1.0,31.0,1.0,36.86805555556214,47.200694444445375,51.536805555555716,56.73472222223209,31.0,1.0,56.73472222223209,127.0,22.591666666666665,0.6045094061232017,1.0,0.0,0.0,6.0,100.0,100.0,16.0,100.0,100.0,9.0,100.0,100.0,COMPLETED,120,5,800.0,98.6,70.0,84,fcb23f0ff832a59c,False,0.96875,0.96875,1.0,0.9286464988944183,0.5,0.5,0.4666666666666667,0.5333333333333333,0.48334817453250223,0.5166518254674978,0.4908256880733945,0.5091743119266054,0.9665366247236046,0.5118318941454874,0.48816810585451265,False
T120_P05_H0800_I0986_CN080_F1,California,unlimited_useful_deadline,unlimited,central_only,targeted_central,all_useful,deadline,-1.0,0.0,0.0,1.0,none,0.0,0,applicable,32.0,0.0,,0.0,231561.0,54177428.0,1109877.8719961438,3192.0,3093.5,0.27872436040519133,100.0,13.0,100.0,100.0,100.0,100.0,96.875,96.875,96.875,96.875,96.875,1.0,0.0,0.0,1.0,31.0,1.0,30.200694444446587,40.6027777777781,41.98506944446078,51.73472222223209,31.0,1.0,51.73472222223209,109.5,25.4125,0.5568904738481719,1.0,0.0,0.0,6.0,100.0,100.0,16.0,100.0,100.0,9.0,100.0,100.0,COMPLETED,120,5,800.0,98.6,80.0,96,6b4ea18797adc54f,False,0.96875,0.96875,1.0,0.9440580845539381,0.5,0.5,0.5333333333333333,0.4666666666666667,0.541139804096171,0.458860195903829,0.5469301340860974,0.45306986591390264,0.9703895211384845,0.4757193456968797,0.5242806543031203,False
T120_P05_H0800_I0986_CN090_F1,California,unlimited_useful_deadline,unlimited,central_only,targeted_central,all_useful,deadline,-1.0,0.0,0.0,1.0,none,0.0,0,applicable,32.0,0.0,,0.0,262863.0,62889576.0,1277151.1135954075,3487.0,3373.5,0.2641425876772716,100.0,15.0,100.0,100.0,100.0,100.0,96.875,96.875,96.875,96.875,96.875,1.0,0.0,0.0,1.0,31.0,1.0,25.1173611111158,46.73472222222772,46.94305555556869,48.15138888889293,31.0,1.0,48.15138888889293,145.5,27.583333333333332,0.5380337361530716,1.0,0.0,0.0,6.0,100.0,100.0,16.0,100.0,100.0,9.0,100.0,100.0,COMPLETED,120,5,800.0,98.6,90.0,108,af36ac818fe168d3,False,0.96875,0.96875,1.0,0.9551030542766119,0.5,0.5,0.6,0.4,0.591006233303651,0.408993766696349,0.5989767113620325,0.40102328863796755,0.973150763569153,0.44200341106686336,0.5579965889331366,False
T120_P05_H0800_I0986_CN100_F1,California,unlimited_useful_deadline,unlimited,central_only,targeted_central,all_useful,deadline,-1.0,0.0,0.0,1.0,none,0.0,0,applicable,32.0,0.0,,0.0,294347.0,71929748.0,1450722.4159946144,3809.0,3718.0,0.2562861067705321,100.0,15.0,100.0,100.0,100.0,100.0,96.875,96.875,96.875,96.875,96.875,1.0,0.0,0.0,1.0,31.0,1.0,23.634722222233542,36.75555555555596,42.385763888898026,45.03680555555717,31.0,1.0,45.03680555555717,129.5,30.475,0.43822121957888993,1.0,0.0,0.0,6.0,100.0,100.0,16.0,100.0,100.0,9.0,100.0,100.0,COMPLETED,120,5,800.0,98.6,100.0,120,c87d721c7d6521e7,False,0.96875,0.96875,1.0,0.9647031878436954,0.5,0.5,0.6666666666666666,0.33333333333333337,0.652359750667854,0.347640249332146,0.6557868736767819,0.3442131263232181,0.9755507969609238,0.40503734179773954,0.5949626582022605,False
T120_P05_H1000_I0600_CN000_F1,California,unlimited_useful_deadline,unlimited,central_only,targeted_central,all_useful,deadline,-1.0,0.0,0.0,1.0,none,0.0,0,applicable,32.0,0.0,,0.0,2421.0,1650632.0,165063.2,546.0,446.5,0.2705024499706779,0.0,1.0,66.00157830363699,66.00157830363699,66.00157830363699,66.00157830363699,9.375,9.375,9.375,9.375,56.25,0.0,0.0,14.0,0.0,3.0,29.0,42.78333333333333,65.51666666666667,68.35833333333333,71.2,3.0,29.0,71.2,446.5,0.0,0.0,1.0,0.0,0.0,6.0,0.0,33.33333333333333,16.0,56.25,6.25,9.0,100.0,0.0,COMPLETED,120,5,1000.0,60.0,0.0,0,31b03ccecbce2e87,False,0.5625,0.09375,0.5662821914159984,0.8840599253822546,0.5,0.5,0.0,1.0,0.0697239536954586,0.9302760463045414,0.08009880028228653,0.9199011997177134,0.5266480291995632,0.770035449204451,0.229964550795549,True
T120_P05_H1000_I0600_CN010_F1,California,unlimited_useful_deadline,unlimited,central_only,targeted_central,all_useful,deadline,-1.0,0.0,0.0,1.0,none,0.0,0,applicable,32.0,0.0,,0.0,16626.0,4563084.0,220982.27839983755,1116.0,906.0,0.40998762731585,62.858719646799116,6.0,90.36028072238088,90.36028072238088,90.36028072238088,90.36028072238088,21.875,21.875,21.875,21.875,78.125,0.0,0.0,7.0,0.0,7.0,25.0,90.03333333333333,140.47222222222345,149.8118055555578,159.1513888888922,7.0,25.0,159.1513888888922,422.5,4.029166666666667,0.8526801103067907,1.0,0.0,0.0,6.0,16.666666666666664,33.33333333333333,16.0,93.75,31.25,9.0,100.0,0.0,COMPLETED,120,5,1000.0,60.0,10.0,12,66962c9b6749f8a7,False,0.78125,0.21875,0.877026117335877,0.6129658526352744,0.5,0.5,0.06666666666666667,0.9333333333333333,0.15155832591273374,0.8484416740872662,0.1806633733239238,0.8193366266760762,0.6224979924927878,0.7202223268193352,0.2797776731806648,False
T120_P05_H1000_I0600_CN020_F1,California,unlimited_useful_deadline,unlimited,central_only,targeted_central,all_useful,deadline,-1.0,0.0,0.0,1.0,none,0.0,0,applicable,32.0,0.0,,0.0,30221.0,7786012.0,282862.49599967414,1447.0,1220.5,0.43148173308963733,80.54076198279394,6.0,95.67307692307693,95.67307692307693,95.67307692307693,95.67307692307693,90.625,90.625,90.625,90.625,78.125,0.0,0.0,7.0,0.0,29.0,3.0,83.55138888888953,107.24236111111962,110.46111111111513,113.20069444444452,29.0,3.0,113.20069444444452,359.0,7.179166666666666,0.7903317856451926,1.0,0.0,0.0,6.0,16.666666666666664,66.66666666666666,16.0,93.75,100.0,9.0,100.0,100.0,COMPLETED,120,5,1000.0,60.0,20.0,24,45a33d472fce5fd2,False,0.78125,0.90625,0.9448014495615432,0.7546004653442797,0.5,0.5,0.13333333333333333,0.8666666666666667,0.20756901157613536,0.7924309884238646,0.23906139731827805,0.760938602681722,0.8467254787264558,0.6840072515544506,0.31599274844554937,False
T120_P05_H1000_I0600_CN030_F1,California,unlimited_useful_deadline,unlimited,central_only,targeted_central,all_useful,deadline,-1.0,0.0,0.0,1.0,none,0.0,0,applicable,32.0,0.0,,0.0,42374.0,10674656.0,338324.460799486,1735.0,1528.5,0.4517852467386012,86.71900556100752,9.0,97.30425824175825,97.30425824175825,97.30425824175825,97.30425824175825,90.625,90.625,90.625,90.625,87.5,0.0,0.0,4.0,0.0,29.0,3.0,79.6347222222225,91.76805555555566,99.0743055555554,111.20069444444441,29.0,3.0,111.20069444444441,368.0,9.670833333333333,0.7539027717937672,1.0,0.0,0.0,6.0,66.66666666666666,66.66666666666666,16.0,93.75,100.0,9.0,100.0,100.0,COMPLETED,120,5,1000.0,60.0,30.0,36,2de743ef742766bf,False,0.875,0.90625,0.9656104269093742,0.760765099608088,0.5,0.5,0.2,0.8,0.2624220837043633,0.7375779162956366,0.2898729710656316,0.7101270289343684,0.8769063816293656,0.6495409890460011,0.3504590109539989,False
T120_P05_H1000_I0600_CN040_F1,California,unlimited_useful_deadline,unlimited,central_only,targeted_central,all_useful,deadline,-1.0,0.0,0.0,1.0,none,0.0,0,applicable,32.0,0.0,,0.0,53806.0,14108424.0,404252.8063993163,2002.0,1792.0,0.4432869658868572,91.40625,7.0,97.06387362637363,97.06387362637363,97.06387362637363,97.06387362637363,90.625,90.625,90.625,90.625,90.625,0.0,0.0,3.0,0.0,29.0,3.0,77.66944444444476,89.72152777777941,90.24791666666745,92.20069444444634,29.0,3.0,92.20069444444634,328.0,12.2,0.7066655282331513,1.0,0.0,0.0,6.0,66.66666666666666,66.66666666666666,16.0,100.0,100.0,9.0,100.0,100.0,COMPLETED,120,5,1000.0,60.0,40.0,48,254c735f4f607992,False,0.90625,0.90625,0.9625438407739043,0.8193291251142574,0.5,0.5,0.26666666666666666,0.7333333333333334,0.3093499554764025,0.6906500445235975,0.33697953422724064,0.6630204657727594,0.8985932414720404,0.6174007687259381,0.3825992312740619,False
T120_P05_H1000_I0600_CN050_F1,California,unlimited_useful_deadline,unlimited,central_only,targeted_central,all_useful,deadline,-1.0,0.0,0.0,1.0,none,0.0,0,applicable,32.0,0.0,,0.0,66971.0,18308176.0,484888.0447990536,2303.0,2117.5,0.4366987437022768,95.0177095631641,10.0,100.0,100.0,100.0,100.0,100.0,100.0,100.0,100.0,93.75,0.0,0.0,2.0,0.0,32.0,0.0,72.1274305555562,82.10069444444454,82.90017361111131,85.93472222222226,32.0,0.0,85.93472222222226,291.5,15.216666666666667,0.6608935742971889,1.0,100.0,100.0,6.0,66.66666666666666,100.0,16.0,100.0,100.0,9.0,100.0,100.0,COMPLETED,120,5,1000.0,60.0,50.0,60,d419ab145450de2d,False,0.9375,1.0,1.0,0.8386428386428529,0.5,0.5,0.3333333333333333,0.6666666666666667,0.36731967943009797,0.6326803205699021,0.39008468595624557,0.6099153140437544,0.9440357096607133,0.5818524602560646,0.41814753974393537,False
T120_P05_H1000_I0600_CN060_F1,California,unlimited_useful_deadline,unlimited,central_only,targeted_central,all_useful,deadline,-1.0,0.0,0.0,1.0,none,0.0,0,applicable,32.0,0.0,,0.0,77590.0,21057356.0,537672.3007988743,2582.0,2391.0,0.44469465814910836,96.29861982434127,10.0,97.76785714285714,97.76785714285714,97.76785714285714,97.76785714285714,96.875,96.875,96.875,96.875,90.625,0.0,0.0,3.0,0.0,31.0,1.0,67.93472222222796,78.10347222222238,79.8760416666668,81.41944444444476,31.0,1.0,81.41944444444476,288.0,17.525,0.6078340466000951,1.0,0.0,0.0,6.0,66.66666666666666,100.0,16.0,100.0,100.0,9.0,100.0,100.0,COMPLETED,120,5,1000.0,60.0,60.0,72,a8761c1558b6f362,False,0.90625,0.96875,0.9715245573134944,0.8525603566926018,0.5,0.5,0.4,0.6,0.41602849510240425,0.5839715048975958,0.43930839802399435,0.5606916019760056,0.924771228501524,0.5489326213747203,0.4510673786252797,False
T120_P05_H1000_I0600_CN070_F1,California,unlimited_useful_deadline,unlimited,central_only,targeted_central,all_useful,deadline,-1.0,0.0,0.0,1.0,none,0.0,0,applicable,32.0,0.0,,0.0,88471.0,24618100.0,606038.5855986259,2865.0,2690.5,0.44394863032399307,97.6955956141981,11.0,99.10714285714286,99.10714285714286,99.10714285714286,99.10714285714286,96.875,96.875,96.875,96.875,93.75,0.0,0.0,2.0,0.0,31.0,1.0,61.20069444444513,75.50277777777968,76.74305555555571,80.06875000000146,31.0,1.0,80.06875000000146,276.0,20.120833333333334,0.5554065714088494,1.0,100.0,0.0,6.0,66.66666666666666,100.0,16.0,100.0,100.0,9.0,100.0,100.0,COMPLETED,120,5,1000.0,60.0,70.0,84,76a91291d1c2dc69,False,0.9375,0.96875,0.9886098229253978,0.8567236253186769,0.5,0.5,0.4666666666666667,0.5333333333333333,0.46936776491540516,0.5306322350845949,0.4892378263937897,0.5107621736062102,0.9378958620610187,0.5149455484048278,0.48505445159517224,False
T120_P05_H1000_I0600_CN080_F1,California,unlimited_useful_deadline,unlimited,central_only,targeted_central,all_useful,deadline,-1.0,0.0,0.0,1.0,none,0.0,0,applicable,32.0,0.0,,0.0,99218.0,28658084.0,683606.2783983853,3138.0,2965.0,0.433729193790711,98.66779089376054,11.0,99.10714285714286,99.10714285714286,99.10714285714286,99.10714285714286,96.875,96.875,96.875,96.875,93.75,0.0,0.0,2.0,0.0,31.0,1.0,62.93472222223779,74.63472222222323,75.71875000001364,80.06875000000146,31.0,1.0,80.06875000000146,282.0,22.358333333333334,0.5191421294570755,1.0,100.0,0.0,6.0,66.66666666666666,100.0,16.0,100.0,100.0,9.0,100.0,100.0,COMPLETED,120,5,1000.0,60.0,80.0,96,7720fbc38098cdfa,False,0.9375,0.96875,0.9886098229253978,0.8567236253186769,0.5,0.5,0.5333333333333333,0.4666666666666667,0.5182546749777382,0.48174532502226175,0.5374029640084685,0.46259703599153146,0.9378958620610187,0.482201805536092,0.5177981944639081,False
T120_P05_H1000_I0600_CN090_F1,California,unlimited_useful_deadline,unlimited,central_only,targeted_central,all_useful,deadline,-1.0,0.0,0.0,1.0,none,0.0,0,applicable,32.0,0.0,,0.0,107824.0,32392456.0,755306.2207981329,3416.0,3251.0,0.4304214516550207,99.2156259612427,10.0,99.55357142857143,99.55357142857143,99.55357142857143,99.55357142857143,96.875,96.875,96.875,96.875,93.75,0.0,0.0,2.0,0.0,31.0,1.0,60.85138888889972,69.55138888891427,69.93506944446429,70.3673611111124,31.0,1.0,70.3673611111124,282.0,24.741666666666667,0.4807342539575614,1.0,100.0,0.0,6.0,66.66666666666666,100.0,16.0,100.0,100.0,9.0,100.0,100.0,COMPLETED,120,5,1000.0,60.0,90.0,108,f1e725a62bfab202,False,0.9375,0.96875,0.994304911462699,0.8866263824941624,0.5,0.5,0.6,0.4,0.5691896705253785,0.4308103294746215,0.5864502470007057,0.4135497529992943,0.9467953234892152,0.4488720164947832,0.5511279835052167,False
T120_P05_H1000_I0600_CN100_F1,California,unlimited_useful_deadline,unlimited,central_only,targeted_central,all_useful,deadline,-1.0,0.0,0.0,1.0,none,0.0,0,applicable,32.0,0.0,,0.0,117407.0,36430640.0,832839.3535978536,3713.0,3564.5,0.42799370426018096,100.0,11.0,99.55357142857143,99.55357142857143,99.55357142857143,99.55357142857143,96.875,96.875,96.875,96.875,93.75,0.0,0.0,2.0,0.0,31.0,1.0,58.93472222223948,69.36736111112599,69.55138888890724,70.06875000001043,31.0,1.0,70.06875000001043,280.5,27.366666666666667,0.41723000406008937,1.0,100.0,0.0,6.0,66.66666666666666,100.0,16.0,100.0,100.0,9.0,100.0,100.0,COMPLETED,120,5,1000.0,60.0,100.0,120,1f5cb5a76682d6c2,False,0.9375,0.96875,0.994304911462699,0.8875467966376889,0.5,0.5,0.6666666666666666,0.33333333333333337,0.6250222617987533,0.3749777382012467,0.638849682427664,0.36115031757233595,0.947025427025097,0.41389227782138327,0.5861077221786167,False
T120_P05_H1000_I0800_CN000_F1,California,unlimited_useful_deadline,unlimited,central_only,targeted_central,all_useful,deadline,-1.0,0.0,0.0,1.0,none,0.0,0,applicable,32.0,0.0,,0.0,1945.0,1166480.0,116648.0,442.0,271.5,0.23275152595843907,0.0,1.0,36.390096344333465,36.390096344333465,36.390096344333465,36.390096344333465,0.0,0.0,0.0,0.0,0.0,0.0,14.0,18.0,14.0,0.0,32.0,,,,,0.0,32.0,,271.5,0.0,0.0,1.0,0.0,0.0,6.0,0.0,0.0,16.0,0.0,0.0,9.0,0.0,0.0,COMPLETED,120,5,1000.0,80.0,0.0,0,781a67f0327d78e1,False,0.0,0.0,0.18852856570319937,0.0,0.5,0.5,0.0,1.0,0.03855743544078361,0.9614425645592164,0.061750176429075515,0.9382498235709245,0.04713214142579984,0.7799384776260282,0.2200615223739718,False
T120_P05_H1000_I0800_CN010_F1,California,unlimited_useful_deadline,unlimited,central_only,targeted_central,all_useful,deadline,-1.0,0.0,0.0,1.0,none,0.0,0,applicable,32.0,0.0,,0.0,27008.0,5963516.0,208751.0911996938,1015.0,827.0,0.39616559379269634,98.9117291414752,7.0,83.65384615384616,83.65384615384616,83.65384615384616,83.65384615384616,78.125,78.125,78.125,78.125,81.25,0.0,4.0,2.0,4.0,25.0,7.0,90.63472222222227,99.52111111111178,99.96250000000049,100.71736111111362,25.0,7.0,100.71736111111362,136.0,6.479166666666667,0.9265862808145766,1.0,0.0,0.0,6.0,50.0,0.0,16.0,87.5,100.0,9.0,100.0,100.0,COMPLETED,120,5,1000.0,80.0,10.0,12,4030387a0c172121,False,0.8125,0.78125,0.7914721427880517,0.7930780575408733,0.5,0.5,0.06666666666666667,0.9333333333333333,0.13748886910062333,0.8625111308993767,0.1628440366972477,0.8371559633027523,0.7945750500822313,0.7266000855070925,0.27339991449290746,True
T120_P05_H1000_I0800_CN020_F1,California,unlimited_useful_deadline,unlimited,central_only,targeted_central,all_useful,deadline,-1.0,0.0,0.0,1.0,none,0.0,0,applicable,32.0,0.0,,0.0,53331.0,11175540.0,308821.9519993171,1354.0,1183.5,0.38323052889796416,100.0,7.0,94.2548076923077,94.2548076923077,94.2548076923077,94.2548076923077,90.625,90.625,90.625,90.625,90.625,0.0,1.0,2.0,1.0,29.0,3.0,59.93472222222396,79.00152777777788,82.5479166666666,84.63472222222214,29.0,3.0,84.63472222222214,87.5,9.475,0.8305775432424509,1.0,0.0,0.0,6.0,66.66666666666666,66.66666666666666,16.0,100.0,100.0,9.0,100.0,100.0,COMPLETED,120,5,1000.0,80.0,20.0,24,2e158ec2e5796d2f,False,0.90625,0.90625,0.9267085913622711,0.8426498509143285,0.5,0.5,0.13333333333333333,0.8666666666666667,0.20097951914514692,0.7990204808548531,0.22265349329569514,0.7773465067043048,0.8954646105691499,0.6886067308451649,0.3113932691548351,False
T120_P05_H1000_I0800_CN030_F1,California,unlimited_useful_deadline,unlimited,central_only,targeted_central,all_useful,deadline,-1.0,0.0,0.0,1.0,none,0.0,0,applicable,32.0,0.0,,0.0,79891.0,16579332.0,412574.7583988763,1682.0,1532.0,0.3713266429447596,100.0,9.0,96.52815934065934,96.52815934065934,96.52815934065934,96.52815934065934,87.5,87.5,87.5,87.5,100.0,0.0,0.0,0.0,0.0,28.0,4.0,58.54305555556354,68.72118055555606,69.17152777777852,71.20069444445228,28.0,4.0,71.20069444445228,72.0,12.429166666666667,0.7666862219242374,1.0,100.0,0.0,6.0,100.0,50.0,16.0,100.0,100.0,9.0,100.0,100.0,COMPLETED,120,5,1000.0,80.0,30.0,36,4481ee9c45f4870f,False,1.0,0.875,0.9557097345291429,0.8840577848842222,0.5,0.5,0.2,0.8,0.2630454140694568,0.7369545859305432,0.28052223006351446,0.7194777699364856,0.9286918798533412,0.6512864711734059,0.3487135288265941,False
T120_P05_H1000_I0800_CN040_F1,California,unlimited_useful_deadline,unlimited,central_only,targeted_central,all_useful,deadline,-1.0,0.0,0.0,1.0,none,0.0,0,applicable,32.0,0.0,,0.0,104732.0,22121608.0,518986.45759841136,1979.0,1837.0,0.3539591396085059,100.0,13.0,97.08104395604396,97.08104395604396,97.08104395604396,97.08104395604396,93.75,93.75,93.75,93.75,93.75,0.0,0.0,2.0,0.0,30.0,2.0,49.9013888888943,60.12569444444475,60.39357638888928,69.1513888888888,30.0,2.0,69.1513888888888,82.0,14.954166666666667,0.7073581313272035,1.0,100.0,0.0,6.0,66.66666666666666,83.33333333333334,16.0,100.0,100.0,9.0,100.0,100.0,COMPLETED,120,5,1000.0,80.0,40.0,48,bb3d4cb3b59a678b,False,0.9375,0.9375,0.9627628826407235,0.8903743945066415,0.5,0.5,0.26666666666666666,0.7333333333333334,0.31736420302760465,0.6826357969723953,0.3329216654904728,0.6670783345095272,0.9320343192868412,0.6166094929630512,0.38339050703694877,False
T120_P05_H1000_I0800_CN050_F1,California,unlimited_useful_deadline,unlimited,central_only,targeted_central,all_useful,deadline,-1.0,0.0,0.0,1.0,none,0.0,0,applicable,32.0,0.0,,0.0,130791.0,28675352.0,644818.3423978843,2289.0,2163.5,0.3355208525791307,100.0,12.0,97.76785714285714,97.76785714285714,97.76785714285714,97.76785714285714,96.875,96.875,96.875,96.875,100.0,0.0,0.0,0.0,0.0,31.0,1.0,47.168750000004366,52.63472222223548,53.118750000009946,53.338888888891475,31.0,1.0,53.338888888891475,82.0,17.641666666666666,0.6462368131002991,1.0,100.0,0.0,6.0,100.0,100.0,16.0,100.0,100.0,9.0,100.0,100.0,COMPLETED,120,5,1000.0,80.0,50.0,60,7f9b3134215ce6b5,False,1.0,0.96875,0.9715245573134944,0.9391135341548646,0.5,0.5,0.3333333333333333,0.6666666666666667,0.3755120213713268,0.6244879786286732,0.3876146788990826,0.6123853211009174,0.9698470228670898,0.5807079932792516,0.4192920067207484,False
T120_P05_H1000_I0800_CN060_F1,California,unlimited_useful_deadline,unlimited,central_only,targeted_central,all_useful,deadline,-1.0,0.0,0.0,1.0,none,0.0,0,applicable,32.0,0.0,,0.0,156467.0,34471224.0,756099.08479731,2608.0,2501.0,0.3307767527149503,100.0,13.0,98.21428571428572,98.21428571428572,98.21428571428572,98.21428571428572,96.875,96.875,96.875,96.875,100.0,0.0,0.0,0.0,0.0,31.0,1.0,45.41944444446514,51.47083333333333,58.41770833333691,59.06875000000716,31.0,1.0,59.06875000000716,98.0,20.3875,0.593904557531167,1.0,100.0,0.0,6.0,100.0,100.0,16.0,100.0,100.0,9.0,100.0,100.0,COMPLETED,120,5,1000.0,80.0,60.0,72,012c5ecce2f98908,False,1.0,0.96875,0.9772196458507957,0.9214522850886425,0.5,0.5,0.4,0.6,0.4356188780053428,0.5643811219946572,0.44389555398729713,0.5561044460127029,0.9668554827348596,0.5440971136014721,0.45590288639852794,False
T120_P05_H1000_I0800_CN070_F1,California,unlimited_useful_deadline,unlimited,central_only,targeted_central,all_useful,deadline,-1.0,0.0,0.0,1.0,none,0.0,0,applicable,32.0,0.0,,0.0,183706.0,41267940.0,886596.0319966674,2908.0,2796.5,0.3154198641857346,100.0,12.0,98.66071428571428,98.66071428571428,98.66071428571428,98.66071428571428,96.875,96.875,96.875,96.875,100.0,0.0,0.0,0.0,0.0,31.0,1.0,42.93472222222226,50.168750000002426,50.41770833333345,52.200694444451074,31.0,1.0,52.200694444451074,106.0,22.770833333333332,0.547516010978957,1.0,100.0,0.0,6.0,100.0,100.0,16.0,100.0,100.0,9.0,100.0,100.0,COMPLETED,120,5,1000.0,80.0,70.0,84,ec3503c9b4f6e154,False,1.0,0.96875,0.9829147343880965,0.9426218103904012,0.5,0.5,0.4666666666666667,0.5333333333333333,0.48824577025823684,0.5117542297417632,0.49682427664079043,0.5031757233592096,0.9735716361946245,0.5096526572868613,0.49034734271313873,False
T120_P05_H1000_I0800_CN080_F1,California,unlimited_useful_deadline,unlimited,central_only,targeted_central,all_useful,deadline,-1.0,0.0,0.0,1.0,none,0.0,0,applicable,32.0,0.0,,0.0,209186.0,48204636.0,1019780.5951960026,3223.0,3135.5,0.3074680980174323,100.0,14.0,98.66071428571428,98.66071428571428,98.66071428571428,98.66071428571428,96.875,96.875,96.875,96.875,100.0,0.0,0.0,0.0,0.0,31.0,1.0,36.55138888888905,45.06874999999988,45.81979166667831,48.16875000000291,31.0,1.0,48.16875000000291,123.0,25.675,0.48472357459699245,1.0,100.0,0.0,6.0,100.0,100.0,16.0,100.0,100.0,9.0,100.0,100.0,COMPLETED,120,5,1000.0,80.0,80.0,96,47bbc1b0343a90e9,False,1.0,0.96875,0.9829147343880965,0.9550495418264088,0.5,0.5,0.5333333333333333,0.4666666666666667,0.548619768477293,0.451380231522707,0.5523994354269584,0.44760056457304165,0.9766785690536264,0.47312949255248304,0.526870507447517,False
T120_P05_H1000_I0800_CN090_F1,California,unlimited_useful_deadline,unlimited,central_only,targeted_central,all_useful,deadline,-1.0,0.0,0.0,1.0,none,0.0,0,applicable,32.0,0.0,,0.0,234659.0,55322620.0,1156445.8879952687,3520.0,3436.0,0.2971172309632578,100.0,13.0,98.21428571428572,98.21428571428572,98.21428571428572,98.21428571428572,96.875,96.875,96.875,96.875,100.0,0.0,0.0,0.0,0.0,31.0,1.0,31.868055555591358,42.58541666666909,44.31979166667104,48.16875,31.0,1.0,48.16875,115.0,28.045833333333334,0.3938382112613281,1.0,100.0,0.0,6.0,100.0,100.0,16.0,100.0,100.0,9.0,100.0,100.0,COMPLETED,120,5,1000.0,80.0,90.0,108,6a68a3698a62f078,False,1.0,0.96875,0.9772196458507957,0.9550495418264178,0.5,0.5,0.6,0.4,0.6021371326803205,0.39786286731967946,0.6047988708539167,0.3952011291460833,0.9752547969193034,0.43861279929315256,0.5613872007068474,False
T120_P05_H1000_I0800_CN100_F1,California,unlimited_useful_deadline,unlimited,central_only,targeted_central,all_useful,deadline,-1.0,0.0,0.0,1.0,none,0.0,0,applicable,32.0,0.0,,0.0,261323.0,62873960.0,1301431.6159944735,3830.0,3760.0,0.28891260622455683,100.0,14.0,98.66071428571428,98.66071428571428,98.66071428571428,98.66071428571428,96.875,96.875,96.875,96.875,100.0,0.0,0.0,0.0,0.0,31.0,1.0,26.801388888889537,42.168750000002426,44.02812500000509,45.16875000000776,31.0,1.0,45.16875000000776,130.5,30.779166666666665,0.3447418889039304,1.0,100.0,0.0,6.0,100.0,100.0,16.0,100.0,100.0,9.0,100.0,100.0,COMPLETED,120,5,1000.0,80.0,100.0,120,99d2b80f56785f44,False,1.0,0.96875,0.9829147343880965,0.9642964932221058,0.5,0.5,0.6666666666666666,0.33333333333333337,0.659839715048976,0.340160284951024,0.6594918842625265,0.3405081157374735,0.9789903069025506,0.4028003468043662,0.5971996531956338,False
T120_P05_H1000_I0986_CN000_F1,California,unlimited_useful_deadline,unlimited,central_only,targeted_central,all_useful,deadline,-1.0,0.0,0.0,1.0,none,0.0,0,applicable,32.0,0.0,,0.0,1962.0,1139832.0,113983.2,330.0,248.0,0.21757592346942356,0.0,1.0,43.08501235340562,43.08501235340562,43.08501235340562,43.08501235340562,0.0,0.0,0.0,0.0,65.625,2.0,5.0,4.0,7.0,0.0,32.0,,,,,0.0,32.0,,248.0,0.0,0.0,1.0,0.0,0.0,6.0,0.0,0.0,16.0,75.0,0.0,9.0,100.0,0.0,COMPLETED,120,5,1000.0,98.6,0.0,0,c5c310a987ad1c85,False,0.65625,0.0,0.27393559800727096,0.0,0.5,0.5,0.0,1.0,0.03437221727515583,0.9656277827248442,0.04199011997177135,0.9580098800282286,0.23254639950181774,0.7847275325506146,0.21527246744938544,False
T120_P05_H1000_I0986_CN010_F1,California,unlimited_useful_deadline,unlimited,central_only,targeted_central,all_useful,deadline,-1.0,0.0,0.0,1.0,none,0.0,0,applicable,32.0,0.0,,0.0,27152.0,5993980.0,207182.84159971902,936.0,793.0,0.38275370386708485,95.33417402269862,6.0,98.5925925925926,98.5925925925926,98.5925925925926,98.5925925925926,87.5,87.5,87.5,87.5,93.75,2.0,0.0,0.0,2.0,28.0,4.0,85.0270833333343,101.41638888888939,104.25184027778768,105.73472222222239,28.0,4.0,105.73472222222239,98.5,6.020833333333333,0.9150461361014994,1.0,0.0,0.0,6.0,83.33333333333334,50.0,16.0,100.0,100.0,9.0,100.0,100.0,COMPLETED,120,5,1000.0,98.6,10.0,12,b5a489fa08c127eb,False,0.9375,0.875,0.9820457060631456,0.777612959431154,0.5,0.5,0.06666666666666667,0.9333333333333333,0.13143365983971506,0.868566340160285,0.1489061397318278,0.8510938602681721,0.8930396663735749,0.730598706752358,0.26940129324764195,True
T120_P05_H1000_I0986_CN020_F1,California,unlimited_useful_deadline,unlimited,central_only,targeted_central,all_useful,deadline,-1.0,0.0,0.0,1.0,none,0.0,0,applicable,32.0,0.0,,0.0,53008.0,11165796.0,306481.7087993644,1265.0,1127.0,0.3677217816407376,99.7338065661047,7.0,99.33333333333333,99.33333333333333,99.33333333333333,99.33333333333333,90.625,90.625,90.625,90.625,93.75,2.0,0.0,0.0,2.0,29.0,3.0,63.63472222222263,74.58916666666654,77.38888888888893,88.73472222222287,29.0,3.0,88.73472222222287,78.0,9.0,0.8404012345679013,1.0,0.0,0.0,6.0,83.33333333333334,66.66666666666666,16.0,100.0,100.0,9.0,100.0,100.0,COMPLETED,120,5,1000.0,98.6,20.0,24,1bb26dd0f6e00b46,False,0.9375,0.90625,0.9914953344509636,0.83001235067352,0.5,0.5,0.13333333333333333,0.8666666666666667,0.1909171861086376,0.8090828138913624,0.20695130557515878,0.7930486944248412,0.916314421281121,0.6937596349965741,0.3062403650034259,False
T120_P05_H1000_I0986_CN030_F1,California,unlimited_useful_deadline,unlimited,central_only,targeted_central,all_useful,deadline,-1.0,0.0,0.0,1.0,none,0.0,0,applicable,32.0,0.0,,0.0,79859.0,16757304.0,413838.6623989485,1578.0,1447.5,0.34977398960481415,100.0,8.0,100.0,100.0,100.0,100.0,93.75,93.75,93.75,93.75,93.75,2.0,0.0,0.0,2.0,30.0,2.0,51.21805555555554,69.33472222222413,74.73472222223226,80.1513888888888,30.0,2.0,80.1513888888888,90.0,11.604166666666666,0.7954548174745661,1.0,0.0,0.0,6.0,83.33333333333334,83.33333333333334,16.0,100.0,100.0,9.0,100.0,100.0,COMPLETED,120,5,1000.0,98.6,30.0,36,4f8b15efb8fdb95d,False,0.9375,0.9375,1.0,0.8564689060556979,0.5,0.5,0.2,0.8,0.24799643811219946,0.7520035618878005,0.26217360621030344,0.7378263937896965,0.9328672265139245,0.6579659911354994,0.34203400886450064,False
T120_P05_H1000_I0986_CN040_F1,California,unlimited_useful_deadline,unlimited,central_only,targeted_central,all_useful,deadline,-1.0,0.0,0.0,1.0,none,0.0,0,applicable,32.0,0.0,,0.0,108302.0,22926292.0,532283.2319984677,1910.0,1786.5,0.33562958451509944,100.0,11.0,100.0,100.0,100.0,100.0,93.75,93.75,93.75,93.75,93.75,2.0,0.0,0.0,2.0,30.0,2.0,48.85972222222293,56.119097222224234,63.034722222257756,66.73472222222335,30.0,2.0,66.73472222222335,79.0,14.545833333333333,0.7102716509118687,1.0,0.0,0.0,6.0,83.33333333333334,83.33333333333334,16.0,100.0,100.0,9.0,100.0,100.0,COMPLETED,120,5,1000.0,98.6,40.0,48,d593494fab8d2fb5,False,0.9375,0.9375,1.0,0.8978233275754056,0.5,0.5,0.26666666666666666,0.7333333333333334,0.30837043633125555,0.6916295636687444,0.32074805928016936,0.6792519407198306,0.9432058318938514,0.6208429675443817,0.37915703245561827,False
T120_P05_H1000_I0986_CN050_F1,California,unlimited_useful_deadline,unlimited,central_only,targeted_central,all_useful,deadline,-1.0,0.0,0.0,1.0,none,0.0,0,applicable,32.0,0.0,,0.0,135364.0,29561032.0,659670.2399979441,2219.0,2101.0,0.31849246375075946,100.0,10.0,100.0,100.0,100.0,100.0,93.75,93.75,93.75,93.75,93.75,2.0,0.0,0.0,2.0,30.0,2.0,43.851736111120104,50.86972222223671,65.41215277778258,71.73472222222335,30.0,2.0,71.73472222222335,89.5,16.995833333333334,0.690972051973523,1.0,0.0,0.0,6.0,83.33333333333334,83.33333333333334,16.0,100.0,100.0,9.0,100.0,100.0,COMPLETED,120,5,1000.0,98.6,50.0,60,59a3313fe2d17ae6,False,0.9375,0.9375,1.0,0.8824117419158858,0.5,0.5,0.3333333333333333,0.6666666666666667,0.36438112199465716,0.6356188780053429,0.37526464361326745,0.6247353563867326,0.9393529354789715,0.5854041802117484,0.41459581978825155,False
T120_P05_H1000_I0986_CN060_F1,California,unlimited_useful_deadline,unlimited,central_only,targeted_central,all_useful,deadline,-1.0,0.0,0.0,1.0,none,0.0,0,applicable,32.0,0.0,,0.0,164003.0,36051288.0,784283.1551973259,2538.0,2424.5,0.30913579922419665,100.0,15.0,100.0,100.0,100.0,100.0,93.75,93.75,93.75,93.75,93.75,2.0,0.0,0.0,2.0,30.0,2.0,40.735416666709355,51.34152777778178,65.22534722225195,68.73472222222432,30.0,2.0,68.73472222222432,91.5,19.7375,0.6281384139047217,1.0,0.0,0.0,6.0,83.33333333333334,83.33333333333334,16.0,100.0,100.0,9.0,100.0,100.0,COMPLETED,120,5,1000.0,98.6,60.0,72,4fc43b0c68a9a9b2,False,0.9375,0.9375,1.0,0.8916586933115948,0.5,0.5,0.4,0.6,0.4219946571682992,0.5780053428317008,0.431545518701482,0.5684544812985179,0.9416646733278987,0.5492919648260438,0.4507080351739562,False
T120_P05_H1000_I0986_CN070_F1,California,unlimited_useful_deadline,unlimited,central_only,targeted_central,all_useful,deadline,-1.0,0.0,0.0,1.0,none,0.0,0,applicable,32.0,0.0,,0.0,192069.0,43081372.0,919260.7679966628,2856.0,2744.5,0.2985551103177247,100.0,11.0,100.0,100.0,100.0,100.0,93.75,93.75,93.75,93.75,93.75,2.0,0.0,0.0,2.0,30.0,2.0,36.52604166666684,55.50972222222724,59.284722222244206,61.73472222223209,30.0,2.0,61.73472222223209,126.5,22.3375,0.598484424547659,1.0,0.0,0.0,6.0,83.33333333333334,83.33333333333334,16.0,100.0,100.0,9.0,100.0,100.0,COMPLETED,120,5,1000.0,98.6,70.0,84,fab17237aab756a4,False,0.9375,0.9375,1.0,0.9132349132348985,0.5,0.5,0.4666666666666667,0.5333333333333333,0.47898486197684775,0.5210151380231522,0.4876499647141849,0.512350035285815,0.9470587283087246,0.5133397013284602,0.4866602986715398,False
T120_P05_H1000_I0986_CN080_F1,California,unlimited_useful_deadline,unlimited,central_only,targeted_central,all_useful,deadline,-1.0,0.0,0.0,1.0,none,0.0,0,applicable,32.0,0.0,,0.0,221752.0,50693012.0,1065404.2559959306,3176.0,3072.0,0.2883412547595205,100.0,17.0,100.0,100.0,100.0,100.0,93.75,93.75,93.75,93.75,93.75,2.0,0.0,0.0,2.0,30.0,2.0,34.33437499999976,39.12548611111741,46.88534722224036,54.73472222222238,30.0,2.0,54.73472222222238,101.5,25.1375,0.5560155257196531,1.0,0.0,0.0,6.0,83.33333333333334,83.33333333333334,16.0,100.0,100.0,9.0,100.0,100.0,COMPLETED,120,5,1000.0,98.6,80.0,96,c70732c9cef6e957,False,0.9375,0.9375,1.0,0.9348111331582561,0.5,0.5,0.5333333333333333,0.4666666666666667,0.5373107747105966,0.46268922528940337,0.544107268877911,0.45589273112208895,0.9524527832895641,0.4770497246156318,0.5229502753843682,False
T120_P05_H1000_I0986_CN090_F1,California,unlimited_useful_deadline,unlimited,central_only,targeted_central,all_useful,deadline,-1.0,0.0,0.0,1.0,none,0.0,0,applicable,32.0,0.0,,0.0,252220.0,58700468.0,1219147.411195139,3495.0,3392.0,0.27822722411187323,100.0,17.0,100.0,100.0,100.0,100.0,93.75,93.75,93.75,93.75,93.75,2.0,0.0,0.0,2.0,30.0,2.0,34.35972222222233,42.05472222222224,45.167013888890374,53.73472222222287,30.0,2.0,53.73472222222287,122.5,27.758333333333333,0.4645251676173321,1.0,0.0,0.0,6.0,83.33333333333334,83.33333333333334,16.0,100.0,100.0,9.0,100.0,100.0,COMPLETED,120,5,1000.0,98.6,90.0,108,c7a98e59aacb746b,False,0.9375,0.9375,1.0,0.9378934502901586,0.5,0.5,0.6,0.4,0.5943009795191452,0.4056990204808548,0.6003881439661256,0.3996118560338744,0.9532233625725397,0.4410621753029459,0.5589378246970541,False
T120_P05_H1000_I0986_CN100_F1,California,unlimited_useful_deadline,unlimited,central_only,targeted_central,all_useful,deadline,-1.0,0.0,0.0,1.0,none,0.0,0,applicable,32.0,0.0,,0.0,282728.0,66967080.0,1377866.3615942816,3810.0,3720.0,0.26998264154556445,100.0,15.0,100.0,100.0,100.0,100.0,93.75,93.75,93.75,93.75,93.75,2.0,0.0,0.0,2.0,30.0,2.0,22.935069444451134,34.79513888892754,39.87222222222367,46.338888888891475,30.0,2.0,46.338888888891475,116.5,30.541666666666668,0.3667507958162801,1.0,0.0,0.0,6.0,83.33333333333334,83.33333333333334,16.0,100.0,100.0,9.0,100.0,100.0,COMPLETED,120,5,1000.0,98.6,100.0,120,8d6130604a5f1fcc,False,0.9375,0.9375,1.0,0.9606897540781923,0.5,0.5,0.6666666666666666,0.33333333333333337,0.6527159394479074,0.3472840605520926,0.6559633027522935,0.34403669724770647,0.9589224385195481,0.4049308182266265,0.5950691817733735,False
T120_P10_H0500_I0600_CN000_F1,California,unlimited_useful_deadline,unlimited,central_only,targeted_central,all_useful,deadline,-1.0,0.0,0.0,1.0,none,0.0,0,applicable,32.0,0.0,,0.0,2300.0,831916.0,83191.6,375.0,286.0,0.3437847090331235,0.0,1.0,39.642729076268985,39.642729076268985,39.642729076268985,39.642729076268985,0.0,0.0,0.0,0.0,78.125,0.0,0.0,7.0,0.0,0.0,32.0,,,,,0.0,32.0,,286.0,0.0,0.0,1.0,0.0,0.0,6.0,0.0,0.0,16.0,100.0,0.0,9.0,100.0,0.0,COMPLETED,120,10,500.0,60.0,0.0,0,4c40c6767b25e934,False,0.78125,0.0,0.23002239601163926,0.0,0.5,0.5,0.0,1.0,0.04113980409617097,0.958860195903829,0.049929428369795345,0.9500705716302047,0.2528180990029098,0.7817861535068067,0.2182138464931933,False
T120_P10_H0500_I0600_CN010_F1,California,unlimited_useful_deadline,unlimited,central_only,targeted_central,all_useful,deadline,-1.0,0.0,0.0,1.0,none,0.0,0,applicable,32.0,0.0,,0.0,20399.0,3595872.0,136259.55519981188,1111.0,881.0,0.6465601613832483,75.87968217934166,7.0,83.39417319146699,83.39417319146699,83.39417319146699,83.39417319146699,0.0,0.0,0.0,0.0,78.125,0.0,0.0,7.0,0.0,0.0,32.0,,,,,0.0,32.0,,285.5,4.9625,0.8362370556954941,1.0,0.0,0.0,6.0,0.0,0.0,16.0,100.0,0.0,9.0,100.0,0.0,COMPLETED,120,10,500.0,60.0,10.0,12,755cd0ac97071ca1,False,0.78125,0.0,0.7881594952423082,0.0,0.5,0.5,0.06666666666666667,0.9333333333333333,0.1471059661620659,0.852894033837934,0.17978122794636556,0.8202187720536345,0.3923523738105771,0.7212892278449804,0.2787107721550196,False
T120_P10_H0500_I0600_CN020_F1,California,unlimited_useful_deadline,unlimited,central_only,targeted_central,all_useful,deadline,-1.0,0.0,0.0,1.0,none,0.0,0,applicable,32.0,0.0,,0.0,36852.0,6470500.0,191452.41279963462,1452.0,1229.0,0.641934975918123,88.97477624084621,8.0,93.64583333333333,93.64583333333333,93.64583333333333,93.64583333333333,84.375,84.375,84.375,84.375,90.625,0.0,0.0,3.0,0.0,27.0,5.0,88.73472222222335,126.56763888889283,129.14256944445384,130.55138888890895,27.0,5.0,130.55138888890895,288.0,7.841666666666667,0.7916489550123982,1.0,0.0,0.0,6.0,66.66666666666666,33.33333333333333,16.0,100.0,100.0,9.0,100.0,100.0,COMPLETED,120,10,500.0,60.0,20.0,24,6b296626244c5779,False,0.90625,0.84375,0.9189399064857474,0.7011201226076762,0.5,0.5,0.13333333333333333,0.8666666666666667,0.20908281389136243,0.7909171861086376,0.2399435426958363,0.7600564573041637,0.8425150072733558,0.6835280620158937,0.31647193798410633,False
T120_P10_H0500_I0600_CN030_F1,California,unlimited_useful_deadline,unlimited,central_only,targeted_central,all_useful,deadline,-1.0,0.0,0.0,1.0,none,0.0,0,applicable,32.0,0.0,,0.0,52737.0,9451768.0,248692.75839945627,1727.0,1509.0,0.6067727945564897,93.00861497680583,9.0,93.33333333333333,93.33333333333333,93.33333333333333,93.33333333333333,81.25,81.25,81.25,81.25,90.625,0.0,0.0,3.0,0.0,26.0,6.0,72.02604166667365,82.00104166666674,82.22673611111146,92.86805555556114,26.0,6.0,92.86805555556114,326.5,9.854166666666666,0.7076356589147288,1.0,0.0,0.0,6.0,66.66666666666666,16.666666666666664,16.0,100.0,100.0,9.0,100.0,100.0,COMPLETED,120,10,500.0,60.0,30.0,36,a81a9c91db468d39,False,0.90625,0.8125,0.9149533445096367,0.8172721065283017,0.5,0.5,0.2,0.8,0.2589492430988424,0.7410507569011576,0.28846153846153844,0.7115384615384616,0.8627438627594846,0.6505178436879239,0.34948215631207613,False
T120_P10_H0500_I0600_CN040_F1,California,unlimited_useful_deadline,unlimited,central_only,targeted_central,all_useful,deadline,-1.0,0.0,0.0,1.0,none,0.0,0,applicable,32.0,0.0,,0.0,63047.0,12761336.0,312236.46399934107,2008.0,1799.5,0.5763260244978298,94.30397332592386,12.0,94.63541666666666,94.63541666666666,94.63541666666666,94.63541666666666,84.375,84.375,84.375,84.375,96.875,0.0,0.0,1.0,0.0,27.0,5.0,63.851388888905056,77.50069444444652,84.56784722222378,88.71736111111191,27.0,5.0,88.71736111111191,304.5,12.458333333333334,0.6953010033444815,1.0,0.0,0.0,6.0,100.0,33.33333333333333,16.0,100.0,100.0,9.0,100.0,100.0,COMPLETED,120,10,500.0,60.0,40.0,48,d58bec4d96a2c6a8,False,0.96875,0.84375,0.9315640194100981,0.8300658631237261,0.5,0.5,0.26666666666666666,0.7333333333333334,0.31068566340160286,0.6893143365983971,0.33803810868031053,0.6619618913196894,0.8935324706334561,0.616921912250284,0.38307808774971597,False
T120_P10_H0500_I0600_CN050_F1,California,unlimited_useful_deadline,unlimited,central_only,targeted_central,all_useful,deadline,-1.0,0.0,0.0,1.0,none,0.0,0,applicable,32.0,0.0,,0.0,78170.0,16413244.0,382353.0975991419,2350.0,2175.5,0.5689766903054593,97.08113077453459,10.0,97.86458333333334,97.86458333333334,97.86458333333334,97.86458333333334,93.75,93.75,93.75,93.75,96.875,0.0,0.0,1.0,0.0,30.0,2.0,58.21944444445544,68.00131944444445,70.5944097222223,72.6027777777781,30.0,2.0,72.6027777777781,253.5,16.016666666666666,0.6537504335761359,1.0,0.0,0.0,6.0,100.0,83.33333333333334,16.0,100.0,100.0,9.0,100.0,100.0,COMPLETED,120,10,500.0,60.0,50.0,60,ec5c1d2c25b3b36d,False,0.96875,0.9375,0.9727584931632431,0.8797361194055551,0.5,0.5,0.3333333333333333,0.6666666666666667,0.3776491540516474,0.6223508459483527,0.39837685250529287,0.6016231474947071,0.9396861531421996,0.5781281320219454,0.42187186797805465,False
T120_P10_H0500_I0600_CN060_F1,California,unlimited_useful_deadline,unlimited,central_only,targeted_central,all_useful,deadline,-1.0,0.0,0.0,1.0,none,0.0,0,applicable,32.0,0.0,,0.0,90678.0,19997336.0,451167.6639989896,2664.0,2513.0,0.5569991381309694,98.26900119379228,13.0,98.75,98.75,98.75,98.75,96.875,96.875,96.875,96.875,100.0,0.0,0.0,0.0,0.0,31.0,1.0,57.801388888900206,62.36736111111677,62.70972222222764,71.71736111111653,31.0,1.0,71.71736111111653,243.5,18.9125,0.585501578908717,1.0,100.0,0.0,6.0,100.0,100.0,16.0,100.0,100.0,9.0,100.0,100.0,COMPLETED,120,10,500.0,60.0,60.0,72,b232eca8ff5a0f00,False,1.0,0.96875,0.9840537520955569,0.8824652543660793,0.5,0.5,0.4,0.6,0.4377560106856634,0.5622439893143366,0.4537755822159492,0.5462244177840507,0.958817251615409,0.5416936814196774,0.45830631858032256,False
T120_P10_H0500_I0600_CN070_F1,California,unlimited_useful_deadline,unlimited,central_only,targeted_central,all_useful,deadline,-1.0,0.0,0.0,1.0,none,0.0,0,applicable,32.0,0.0,,0.0,105424.0,23840292.0,524952.4191987794,2951.0,2816.5,0.5365248157725889,99.20113616190307,13.0,99.375,99.375,99.375,99.375,96.875,96.875,96.875,96.875,100.0,0.0,0.0,0.0,0.0,31.0,1.0,50.71736111112041,59.117361111111435,59.81006944444483,62.86805555555556,31.0,1.0,62.86805555555556,260.0,21.304166666666667,0.5715708325184172,1.0,100.0,0.0,6.0,100.0,100.0,16.0,100.0,100.0,9.0,100.0,100.0,COMPLETED,120,10,500.0,60.0,70.0,84,75dbcd375f3d10b8,False,1.0,0.96875,0.9920268760477784,0.9097416204854378,0.5,0.5,0.4666666666666667,0.5333333333333333,0.49180765805877114,0.5081923419412289,0.5044107268877911,0.4955892731122089,0.967629624133304,0.5074229896773543,0.49257701032264567,False
T120_P10_H0500_I0600_CN080_F1,California,unlimited_useful_deadline,unlimited,central_only,targeted_central,all_useful,deadline,-1.0,0.0,0.0,1.0,none,0.0,0,applicable,32.0,0.0,,0.0,116218.0,27836032.0,601670.6271986192,3223.0,3111.0,0.5170603083093532,99.63034394085503,13.0,99.73958333333334,99.73958333333334,99.73958333333334,99.73958333333334,96.875,96.875,96.875,96.875,100.0,0.0,0.0,0.0,0.0,31.0,1.0,41.47083333333333,51.367361111111435,60.16006944445932,65.73472222223451,31.0,1.0,65.73472222223451,206.0,24.208333333333332,0.5046528973034998,1.0,100.0,100.0,6.0,100.0,83.33333333333334,16.0,100.0,100.0,9.0,100.0,100.0,COMPLETED,120,10,500.0,60.0,80.0,96,1a7776cdde71170c,False,1.0,0.96875,0.9966778650199078,0.9009056447072752,0.5,0.5,0.5333333333333333,0.4666666666666667,0.5442564559216385,0.4557435440783615,0.5523994354269584,0.44760056457304165,0.9665833774317958,0.474002155063614,0.525997844936386,False
T120_P10_H0500_I0600_CN090_F1,California,unlimited_useful_deadline,unlimited,central_only,targeted_central,all_useful,deadline,-1.0,0.0,0.0,1.0,none,0.0,0,applicable,32.0,0.0,,0.0,125249.0,32049452.0,682568.291198469,3545.0,3450.0,0.5054439305908001,99.78260869565217,14.0,99.375,99.375,99.375,99.375,96.875,96.875,96.875,96.875,100.0,0.0,0.0,0.0,0.0,31.0,1.0,41.06875000000182,46.16875000001164,48.59409722223087,53.64097222223111,31.0,1.0,53.64097222223111,249.0,26.675,0.43377069665729473,1.0,100.0,0.0,6.0,100.0,100.0,16.0,100.0,100.0,9.0,100.0,100.0,COMPLETED,120,10,500.0,60.0,90.0,108,1303464efa0c1894,False,1.0,0.96875,0.9920268760477784,0.9381824175212492,0.5,0.5,0.6,0.4,0.6046304541406946,0.3953695458593054,0.6092095977417078,0.3907904022582922,0.9747398233922568,0.43723198962351956,0.5627680103764805,False
T120_P10_H0500_I0600_CN100_F1,California,unlimited_useful_deadline,unlimited,central_only,targeted_central,all_useful,deadline,-1.0,0.0,0.0,1.0,none,0.0,0,applicable,32.0,0.0,,0.0,134000.0,36448356.0,767027.2479983139,3823.0,3746.0,0.48837899954347314,100.0,12.0,100.0,100.0,100.0,100.0,100.0,100.0,100.0,100.0,100.0,0.0,0.0,0.0,0.0,32.0,0.0,36.71805555556166,44.35069444444652,47.53593750002401,53.64097222223111,32.0,0.0,53.64097222223111,242.5,29.195833333333333,0.3841051805337521,1.0,100.0,100.0,6.0,100.0,100.0,16.0,100.0,100.0,9.0,100.0,100.0,COMPLETED,120,10,500.0,60.0,100.0,120,2418bfb41bfb5016,False,1.0,1.0,1.0,0.9381824175212492,0.5,0.5,0.6666666666666666,0.33333333333333337,0.6573463935886019,0.3426536064113981,0.658256880733945,0.34174311926605505,0.9845456043803122,0.4035460118021573,0.5964539881978427,False
T120_P10_H0500_I0800_CN000_F1,California,unlimited_useful_deadline,unlimited,central_only,targeted_central,all_useful,deadline,-1.0,0.0,0.0,1.0,none,0.0,0,applicable,32.0,0.0,,0.0,1355.0,476708.0,47670.8,340.0,229.0,0.48037792527081563,0.0,1.0,34.24452405814076,34.24452405814076,34.24452405814076,34.24452405814076,0.0,0.0,0.0,0.0,0.0,0.0,7.0,25.0,7.0,0.0,32.0,,,,,0.0,32.0,,229.0,0.0,0.0,1.0,0.0,0.0,6.0,0.0,0.0,16.0,0.0,0.0,9.0,0.0,0.0,COMPLETED,120,10,500.0,80.0,0.0,0,5de4fdc41ca3f0d4,False,0.0,0.0,0.1611575036451741,0.0,0.5,0.5,0.0,1.0,0.030988423864648264,0.9690115761353517,0.043754410726887794,0.9562455892731122,0.04028937591129352,0.7850514330816929,0.2149485669183071,False
T120_P10_H0500_I0800_CN010_F1,California,unlimited_useful_deadline,unlimited,central_only,targeted_central,all_useful,deadline,-1.0,0.0,0.0,1.0,none,0.0,0,applicable,32.0,0.0,,0.0,34154.0,6863828.0,170303.5039996926,991.0,793.0,0.4656392742227027,98.36065573770492,7.0,78.515625,78.515625,78.515625,78.515625,78.125,78.125,78.125,78.125,81.25,0.0,6.0,0.0,6.0,25.0,7.0,88.20069444444452,106.42916666666696,108.42916666666696,118.15138888889147,25.0,7.0,118.15138888889147,121.0,6.208333333333333,0.9123266219239374,1.0,0.0,0.0,6.0,16.666666666666664,0.0,16.0,100.0,100.0,9.0,100.0,100.0,COMPLETED,120,10,500.0,80.0,10.0,12,4fd659638a8d482a,False,0.8125,0.78125,0.725923864142384,0.7393408550433391,0.5,0.5,0.06666666666666667,0.9333333333333333,0.13143365983971506,0.868566340160285,0.15860973888496824,0.8413902611150318,0.7647536797964307,0.72865798692173,0.27134201307827,False
T120_P10_H0500_I0800_CN020_F1,California,unlimited_useful_deadline,unlimited,central_only,targeted_central,all_useful,deadline,-1.0,0.0,0.0,1.0,none,0.0,0,applicable,32.0,0.0,,0.0,66627.0,13338088.0,294609.29599936993,1342.0,1179.5,0.4003607544014913,100.0,8.0,93.75,93.75,93.75,93.75,84.375,84.375,84.375,84.375,96.875,0.0,1.0,0.0,1.0,27.0,5.0,64.50277777777798,71.78472222222224,73.00256944444438,73.6027777777781,27.0,5.0,73.6027777777781,123.5,9.558333333333334,0.8587983144434759,1.0,0.0,0.0,6.0,100.0,33.33333333333333,16.0,100.0,100.0,9.0,100.0,100.0,COMPLETED,120,10,500.0,80.0,20.0,24,e2683aa3b9841e03,False,0.96875,0.84375,0.9202687604777844,0.8766538022736511,0.5,0.5,0.13333333333333333,0.8666666666666667,0.20026714158504008,0.7997328584149599,0.2205363443895554,0.7794636556104446,0.9023556406878589,0.6891726361384143,0.3108273638615857,False
T120_P10_H0500_I0800_CN030_F1,California,unlimited_useful_deadline,unlimited,central_only,targeted_central,all_useful,deadline,-1.0,0.0,0.0,1.0,none,0.0,0,applicable,32.0,0.0,,0.0,98289.0,19939340.0,421353.3343990432,1674.0,1536.5,0.36465832225854794,100.0,10.0,96.875,96.875,96.875,96.875,96.875,96.875,96.875,96.875,96.875,0.0,1.0,0.0,1.0,31.0,1.0,53.16875000000534,59.55138888889099,64.37708333333346,72.73472222222239,31.0,1.0,72.73472222222239,188.0,12.441666666666666,0.8080709979906229,1.0,0.0,0.0,6.0,100.0,100.0,16.0,100.0,100.0,9.0,100.0,100.0,COMPLETED,120,10,500.0,80.0,30.0,36,9777e950f5254770,False,0.96875,0.96875,0.9601343802388922,0.8793294247839849,0.5,0.5,0.2,0.8,0.26384683882457705,0.736153161175423,0.2791107974594213,0.7208892025405786,0.9442409512557193,0.6514084727432004,0.34859152725679965,False
T120_P10_H0500_I0800_CN040_F1,California,unlimited_useful_deadline,unlimited,central_only,targeted_central,all_useful,deadline,-1.0,0.0,0.0,1.0,none,0.0,0,applicable,32.0,0.0,,0.0,127660.0,27024868.0,557395.4719987658,1984.0,1848.0,0.331541982817559,100.0,11.0,98.4375,98.4375,98.4375,98.4375,96.875,96.875,96.875,96.875,100.0,0.0,0.0,0.0,0.0,31.0,1.0,46.36736111111095,57.47083333333333,62.23472222222263,64.60277777777907,31.0,1.0,64.60277777777907,181.0,15.020833333333334,0.7337702265372168,1.0,100.0,0.0,6.0,100.0,100.0,16.0,100.0,100.0,9.0,100.0,100.0,COMPLETED,120,10,500.0,80.0,40.0,48,7c003ee33a52a727,False,1.0,0.96875,0.9800671901194461,0.9043946564607838,0.5,0.5,0.26666666666666666,0.7333333333333334,0.31932324131789847,0.6806767586821015,0.33380381086803107,0.666196189131969,0.9633029616450575,0.6160412562294808,0.3839587437705192,False
T120_P10_H0500_I0800_CN050_F1,California,unlimited_useful_deadline,unlimited,central_only,targeted_central,all_useful,deadline,-1.0,0.0,0.0,1.0,none,0.0,0,applicable,32.0,0.0,,0.0,154605.0,33897228.0,689344.7839984531,2295.0,2187.5,0.31733031869940265,100.0,12.0,100.0,100.0,100.0,100.0,100.0,100.0,100.0,100.0,100.0,0.0,0.0,0.0,0.0,32.0,0.0,43.23645833333333,52.34062500000368,55.56215277778375,58.73472222222481,32.0,0.0,58.73472222222481,155.5,17.75,0.6458059467918622,1.0,100.0,100.0,6.0,100.0,100.0,16.0,100.0,100.0,9.0,100.0,100.0,COMPLETED,120,10,500.0,80.0,50.0,60,46bb4f227c99c293,False,1.0,1.0,1.0,0.9224818646306329,0.5,0.5,0.3333333333333333,0.6666666666666667,0.37978628673196796,0.6202137132680321,0.3886732533521524,0.6113267466478476,0.9806204661576582,0.5796414253165093,0.4203585746834907,False
T120_P10_H0500_I0800_CN060_F1,California,unlimited_useful_deadline,unlimited,central_only,targeted_central,all_useful,deadline,-1.0,0.0,0.0,1.0,none,0.0,0,applicable,32.0,0.0,,0.0,180825.0,40906800.0,823928.5663981744,2608.0,2497.0,0.303060253259054,100.0,12.0,99.21875,99.21875,99.21875,99.21875,96.875,96.875,96.875,96.875,100.0,0.0,0.0,0.0,0.0,31.0,1.0,43.8875,48.168750000000486,49.75381944444598,51.338888888891475,31.0,1.0,51.338888888891475,143.0,20.375,0.6219972733469665,1.0,100.0,0.0,6.0,100.0,100.0,16.0,100.0,100.0,9.0,100.0,100.0,COMPLETED,120,10,500.0,80.0,60.0,72,6a6a31b292f60c23,False,1.0,0.96875,0.9900335950597231,0.9452781684186725,0.5,0.5,0.4,0.6,0.434906500445236,0.5650934995547641,0.44389555398729713,0.5561044460127029,0.9760154408695989,0.5442395891134935,0.45576041088650654,False
T120_P10_H0500_I0800_CN070_F1,California,unlimited_useful_deadline,unlimited,central_only,targeted_central,all_useful,deadline,-1.0,0.0,0.0,1.0,none,0.0,0,applicable,32.0,0.0,,0.0,203791.0,48015624.0,960417.9871978906,2908.0,2817.5,0.29336185260548064,100.0,13.0,100.0,100.0,100.0,100.0,100.0,100.0,100.0,100.0,100.0,0.0,0.0,0.0,0.0,32.0,0.0,38.00104166666812,45.45763888892519,48.085937500013245,53.33888888891234,32.0,0.0,53.33888888891234,172.0,23.029166666666665,0.6089816657620168,1.0,100.0,100.0,6.0,100.0,100.0,16.0,100.0,100.0,9.0,100.0,100.0,COMPLETED,120,10,500.0,80.0,70.0,84,240c7901d27b12b8,False,1.0,1.0,1.0,0.9391135341548004,0.5,0.5,0.4666666666666667,0.5333333333333333,0.4919857524487979,0.5080142475512022,0.49682427664079043,0.5031757233592096,0.9847783835387001,0.5089046608487491,0.4910953391512509,False
T120_P10_H0500_I0800_CN080_F1,California,unlimited_useful_deadline,unlimited,central_only,targeted_central,all_useful,deadline,-1.0,0.0,0.0,1.0,none,0.0,0,applicable,32.0,0.0,,0.0,226907.0,55507944.0,1104270.5311976266,3230.0,3152.0,0.28543730100100806,100.0,13.0,100.0,100.0,100.0,100.0,100.0,100.0,100.0,100.0,100.0,0.0,0.0,0.0,0.0,32.0,0.0,33.28576388888917,41.06875000001397,45.87065972223332,49.036805555555716,32.0,0.0,49.036805555555716,209.0,25.75,0.5101429341963324,1.0,100.0,100.0,6.0,100.0,100.0,16.0,100.0,100.0,9.0,100.0,100.0,COMPLETED,120,10,500.0,80.0,80.0,96,166edc089239788f,False,1.0,1.0,1.0,0.952373919316084,0.5,0.5,0.5333333333333333,0.4666666666666667,0.5515583259127338,0.4484416740872662,0.5536344389555399,0.4463655610444601,0.988093479829021,0.47229478035967865,0.5277052196403214,False
T120_P10_H0500_I0800_CN090_F1,California,unlimited_useful_deadline,unlimited,central_only,targeted_central,all_useful,deadline,-1.0,0.0,0.0,1.0,none,0.0,0,applicable,32.0,0.0,,0.0,248642.0,63174036.0,1251459.4975973496,3526.0,3457.0,0.27623746566604995,100.0,14.0,100.0,100.0,100.0,100.0,100.0,100.0,100.0,100.0,100.0,0.0,0.0,0.0,0.0,32.0,0.0,32.41909722222505,39.43597222222296,41.59888888890132,45.036805555555716,32.0,0.0,45.036805555555716,216.5,28.125,0.428125925925926,1.0,100.0,100.0,6.0,100.0,100.0,16.0,100.0,100.0,9.0,100.0,100.0,COMPLETED,120,10,500.0,80.0,90.0,108,46b935fc257abe63,False,1.0,1.0,1.0,0.9647031878436998,0.5,0.5,0.6,0.4,0.6058771148708816,0.3941228851291184,0.6058574453069866,0.3941425546930134,0.991175796960925,0.43765308796442637,0.5623469120355736,False
T120_P10_H0500_I0800_CN100_F1,California,unlimited_useful_deadline,unlimited,central_only,targeted_central,all_useful,deadline,-1.0,0.0,0.0,1.0,none,0.0,0,applicable,32.0,0.0,,0.0,268751.0,70899300.0,1399784.5663970853,3840.0,3780.0,0.27004155430355736,100.0,14.0,100.0,100.0,100.0,100.0,100.0,100.0,100.0,100.0,100.0,0.0,0.0,0.0,0.0,32.0,0.0,30.19340277777798,37.37083333333673,43.1480902777887,45.90486111111144,32.0,0.0,45.90486111111144,225.5,30.820833333333333,0.3839202829976116,1.0,100.0,100.0,6.0,100.0,100.0,16.0,100.0,100.0,9.0,100.0,100.0,COMPLETED,120,10,500.0,80.0,100.0,120,f46b90542c205253,False,1.0,1.0,1.0,0.962027565333366,0.5,0.5,0.6666666666666666,0.33333333333333337,0.6634016028495102,0.3365983971504898,0.6612561750176429,0.3387438249823571,0.9905068913333415,0.4017351110932361,0.5982648889067639,False
T120_P10_H0500_I0986_CN000_F1,California,unlimited_useful_deadline,unlimited,central_only,targeted_central,all_useful,deadline,-1.0,0.0,0.0,1.0,none,0.0,0,applicable,32.0,0.0,,0.0,1370.0,471668.0,47166.8,349.0,232.0,0.4918714010702443,0.0,1.0,34.0583666319466,34.0583666319466,34.0583666319466,34.0583666319466,0.0,0.0,0.0,0.0,0.0,0.0,7.0,25.0,7.0,0.0,32.0,,,,,0.0,32.0,,232.0,0.0,0.0,1.0,0.0,0.0,6.0,0.0,0.0,16.0,0.0,0.0,9.0,0.0,0.0,COMPLETED,120,10,500.0,98.6,0.0,0,b3cd8e8da73d4df6,False,0.0,0.0,0.15878269367129794,0.0,0.5,0.5,0.0,1.0,0.031522707034728405,0.9684772929652716,0.04534227240649259,0.9546577275935074,0.039695673417824484,0.7846270041117558,0.2153729958882442,False
T120_P10_H0500_I0986_CN010_F1,California,unlimited_useful_deadline,unlimited,central_only,targeted_central,all_useful,deadline,-1.0,0.0,0.0,1.0,none,0.0,0,applicable,32.0,0.0,,0.0,33443.0,8045712.0,192588.44479971507,989.0,782.5,0.4063068273975478,100.0,8.0,80.46875,80.46875,80.46875,80.46875,78.125,78.125,78.125,78.125,78.125,0.0,6.0,1.0,6.0,25.0,7.0,85.10347222222238,121.46388888888916,126.08194444444466,127.6027777777781,25.0,7.0,127.6027777777781,101.0,6.2,0.9209005376344086,1.0,0.0,0.0,6.0,0.0,0.0,16.0,100.0,100.0,9.0,100.0,100.0,COMPLETED,120,10,500.0,98.6,10.0,12,7562ba61f411a4f5,False,0.78125,0.78125,0.7508398764930764,0.7102086771508371,0.5,0.5,0.06666666666666667,0.9333333333333333,0.12956366874443456,0.8704363312555654,0.15825688073394495,0.841743119266055,0.7558871384109784,0.7291025567709908,0.2708974432290092,False
T120_P10_H0500_I0986_CN020_F1,California,unlimited_useful_deadline,unlimited,central_only,targeted_central,all_useful,deadline,-1.0,0.0,0.0,1.0,none,0.0,0,applicable,32.0,0.0,,0.0,66498.0,16070448.0,346663.37599937525,1314.0,1130.0,0.32596463261871556,100.0,8.0,90.32986111111111,90.32986111111111,90.32986111111111,90.32986111111111,78.125,78.125,78.125,78.125,90.625,0.0,0.0,3.0,0.0,25.0,7.0,61.934722222223236,75.50138888889099,78.13472222222732,79.60277777778877,25.0,7.0,79.60277777778877,137.5,9.058333333333334,0.8527138914443422,1.0,0.0,0.0,6.0,66.66666666666666,0.0,16.0,100.0,100.0,9.0,100.0,100.0,COMPLETED,120,10,500.0,98.6,20.0,24,dbe40b12085fdc4a,False,0.90625,0.78125,0.8766380544059054,0.8581598994821944,0.5,0.5,0.13333333333333333,0.8666666666666667,0.19145146927871773,0.8085485307212823,0.21559633027522937,0.7844036697247706,0.8555744884720249,0.6919237734225439,0.30807622657745615,False
T120_P10_H0500_I0986_CN030_F1,California,unlimited_useful_deadline,unlimited,central_only,targeted_central,all_useful,deadline,-1.0,0.0,0.0,1.0,none,0.0,0,applicable,32.0,0.0,,0.0,97668.0,24086360.0,500568.88639905467,1707.0,1578.0,0.31524132699330715,100.0,9.0,100.0,100.0,100.0,100.0,100.0,100.0,100.0,100.0,96.875,0.0,0.0,1.0,0.0,32.0,0.0,48.21805555555572,55.50798611111634,56.55222222222282,58.41944444444671,32.0,0.0,58.41944444444671,131.0,12.754166666666666,0.8054856800609822,1.0,0.0,100.0,6.0,100.0,100.0,16.0,100.0,100.0,9.0,100.0,100.0,COMPLETED,120,10,500.0,98.6,30.0,36,e1dff59cf6570cf6,False,0.96875,1.0,1.0,0.9234536507263869,0.5,0.5,0.2,0.8,0.27123775601068567,0.7287622439893143,0.28493295695130555,0.7150670430486945,0.9730509126815967,0.6487658574076018,0.35123414259239816,True
T120_P10_H0500_I0986_CN040_F1,California,unlimited_useful_deadline,unlimited,central_only,targeted_central,all_useful,deadline,-1.0,0.0,0.0,1.0,none,0.0,0,applicable,32.0,0.0,,0.0,125902.0,31903000.0,650648.3743988337,1992.0,1851.0,0.28448545678919596,100.0,12.0,100.0,100.0,100.0,100.0,100.0,100.0,100.0,100.0,96.875,0.0,0.0,1.0,0.0,32.0,0.0,45.31180555556162,56.067013888900384,58.25086805556784,61.73472222222238,32.0,0.0,61.73472222222238,121.0,14.9875,0.7296010564359188,1.0,0.0,100.0,6.0,100.0,100.0,16.0,100.0,100.0,9.0,100.0,100.0,COMPLETED,120,10,500.0,98.6,40.0,48,027de8b417496f9c,False,0.96875,1.0,1.0,0.9132349132349284,0.5,0.5,0.26666666666666666,0.7333333333333334,0.3198575244879786,0.6801424755120213,0.3352152434721242,0.6647847565278757,0.9704962283087322,0.6156521130746462,0.3843478869253538,False
T120_P10_H0500_I0986_CN050_F1,California,unlimited_useful_deadline,unlimited,central_only,targeted_central,all_useful,deadline,-1.0,0.0,0.0,1.0,none,0.0,0,applicable,32.0,0.0,,0.0,153852.0,39961788.0,805377.1039986066,2312.0,2203.5,0.273598540244051,100.0,12.0,100.0,100.0,100.0,100.0,100.0,100.0,100.0,100.0,100.0,0.0,0.0,0.0,0.0,32.0,0.0,41.86006944444938,49.59798611111124,50.922222222222764,51.73472222222627,32.0,0.0,51.73472222222627,132.0,17.9,0.6840316573556797,1.0,100.0,100.0,6.0,100.0,100.0,16.0,100.0,100.0,9.0,100.0,100.0,COMPLETED,120,10,500.0,98.6,50.0,60,10ba56913828f21f,False,1.0,1.0,1.0,0.9440580845539561,0.5,0.5,0.3333333333333333,0.6666666666666667,0.38263579697239536,0.6173642030276046,0.3916725476358504,0.6083274523641495,0.986014521138489,0.5784716644116843,0.4215283355883157,False
T120_P10_H0500_I0986_CN060_F1,California,unlimited_useful_deadline,unlimited,central_only,targeted_central,all_useful,deadline,-1.0,0.0,0.0,1.0,none,0.0,0,applicable,32.0,0.0,,0.0,181699.0,48585488.0,970952.1439982955,2633.0,2529.5,0.2605174740727943,100.0,12.0,100.0,100.0,100.0,100.0,100.0,100.0,100.0,100.0,100.0,0.0,0.0,0.0,0.0,32.0,0.0,35.51840277777889,42.56361111111109,45.63472222222287,47.602777777779075,32.0,0.0,47.602777777779075,147.0,20.695833333333333,0.6331873699751696,1.0,100.0,100.0,6.0,100.0,100.0,16.0,100.0,100.0,9.0,100.0,100.0,COMPLETED,120,10,500.0,98.6,60.0,72,ad4e9bda9d450a68,False,1.0,1.0,1.0,0.956794047703151,0.5,0.5,0.4,0.6,0.4406945681211042,0.5593054318788958,0.4483062808750882,0.5516937191249118,0.9891985119257878,0.5421998302007616,0.45780016979923843,False
T120_P10_H0500_I0986_CN070_F1,California,unlimited_useful_deadline,unlimited,central_only,targeted_central,all_useful,deadline,-1.0,0.0,0.0,1.0,none,0.0,0,applicable,32.0,0.0,,0.0,210357.0,57781072.0,1147507.3567979068,2918.0,2827.0,0.2463600763213126,100.0,10.0,100.0,100.0,100.0,100.0,100.0,100.0,100.0,100.0,100.0,0.0,0.0,0.0,0.0,32.0,0.0,36.86736111111095,43.62708333334789,48.00659722223395,49.20694444446999,32.0,0.0,49.20694444446999,195.0,23.125,0.6267687687687689,1.0,100.0,100.0,6.0,100.0,100.0,16.0,100.0,100.0,9.0,100.0,100.0,COMPLETED,120,10,500.0,98.6,70.0,84,ad94d28948191357,False,1.0,1.0,1.0,0.9518494973039804,0.5,0.5,0.4666666666666667,0.5333333333333333,0.49367764915405166,0.5063223508459483,0.49858856739590685,0.5014114326040932,0.9879623743259951,0.508213423356675,0.49178657664332504,False
T120_P10_H0500_I0986_CN080_F1,California,unlimited_useful_deadline,unlimited,central_only,targeted_central,all_useful,deadline,-1.0,0.0,0.0,1.0,none,0.0,0,applicable,32.0,0.0,,0.0,234551.0,66362904.0,1312278.5311976832,3235.0,3157.0,0.2405739273291842,100.0,12.0,100.0,100.0,100.0,100.0,100.0,100.0,100.0,100.0,100.0,0.0,0.0,0.0,0.0,32.0,0.0,31.334375000000485,39.37812500000714,41.258055555556766,43.47083333333673,32.0,0.0,43.47083333333673,162.0,25.7875,0.5211921689018151,1.0,100.0,100.0,6.0,100.0,100.0,16.0,100.0,100.0,9.0,100.0,100.0,COMPLETED,120,10,500.0,98.6,80.0,96,db577cfb48ce7ba0,False,1.0,1.0,1.0,0.9695300108523311,0.5,0.5,0.5333333333333333,0.4666666666666667,0.5524487978628673,0.44755120213713273,0.5545165843330981,0.44548341566690186,0.9923825027130828,0.4719402568941403,0.5280597431058597,False
T120_P10_H0500_I0986_CN090_F1,California,unlimited_useful_deadline,unlimited,central_only,targeted_central,all_useful,deadline,-1.0,0.0,0.0,1.0,none,0.0,0,applicable,32.0,0.0,,0.0,256839.0,74876716.0,1475743.7215974927,3546.0,3477.5,0.2356438959628848,100.0,15.0,100.0,100.0,100.0,100.0,100.0,100.0,100.0,100.0,100.0,0.0,0.0,0.0,0.0,32.0,0.0,30.018402777779315,38.83972222222593,40.11861111111939,41.73472222222238,32.0,0.0,41.73472222222238,157.0,28.379166666666666,0.44551093818822496,1.0,100.0,100.0,6.0,100.0,100.0,16.0,100.0,100.0,9.0,100.0,100.0,COMPLETED,120,10,500.0,98.6,90.0,108,fb8d685781a1b3ba,False,1.0,1.0,1.0,0.9748812558730077,0.5,0.5,0.6,0.4,0.6095280498664292,0.39047195013357083,0.6093860268172194,0.39061397318278057,0.9937203139682519,0.4362171846632703,0.5637828153367297,True
T120_P10_H0500_I0986_CN100_F1,California,unlimited_useful_deadline,unlimited,central_only,targeted_central,all_useful,deadline,-1.0,0.0,0.0,1.0,none,0.0,0,applicable,32.0,0.0,,0.0,279948.0,83922740.0,1649427.3823972493,3840.0,3780.0,0.22917044062323091,100.0,15.0,100.0,100.0,100.0,100.0,100.0,100.0,100.0,100.0,100.0,0.0,0.0,0.0,0.0,32.0,0.0,28.118750000002425,34.04062500000418,38.31822916667435,41.03680555557415,32.0,0.0,41.03680555557415,182.5,30.9125,0.4201431010468617,1.0,100.0,100.0,6.0,100.0,100.0,16.0,100.0,100.0,9.0,100.0,100.0,COMPLETED,120,10,500.0,98.6,100.0,120,f7fd88c63b76eff1,False,1.0,1.0,1.0,0.9770324563712588,0.5,0.5,0.6666666666666666,0.33333333333333337,0.6634016028495102,0.3365983971504898,0.6612561750176429,0.3387438249823571,0.9942581140928147,0.4017351110932361,0.5982648889067639,False
T120_P10_H0800_I0600_CN000_F1,California,unlimited_useful_deadline,unlimited,central_only,targeted_central,all_useful,deadline,-1.0,0.0,0.0,1.0,none,0.0,0,applicable,32.0,0.0,,0.0,2388.0,1350800.0,135080.0,405.0,324.5,0.24022801302931596,0.0,1.0,49.45601700805981,49.45601700805981,49.45601700805981,49.45601700805981,0.0,0.0,0.0,0.0,78.125,0.0,0.0,7.0,0.0,0.0,32.0,,,,,0.0,32.0,,324.5,0.0,0.0,1.0,0.0,0.0,6.0,0.0,0.0,16.0,100.0,0.0,9.0,100.0,0.0,COMPLETED,120,10,800.0,60.0,0.0,0,7a41e77333386334,False,0.78125,0.0,0.35521049370605234,0.0,0.5,0.5,0.0,1.0,0.04799643811219947,0.9520035618878006,0.055222300635144675,0.9447776993648553,0.28411512342651307,0.7793562522505313,0.2206437477494687,False
T120_P10_H0800_I0600_CN010_F1,California,unlimited_useful_deadline,unlimited,central_only,targeted_central,all_useful,deadline,-1.0,0.0,0.0,1.0,none,0.0,0,applicable,32.0,0.0,,0.0,18732.0,3823868.0,182562.90559981437,1077.0,866.5,0.47463092086154934,70.97518753606462,6.0,87.19796590188827,87.19796590188827,87.19796590188827,87.19796590188827,6.25,6.25,6.25,6.25,81.25,0.0,0.0,6.0,0.0,2.0,30.0,116.36875000000092,117.62152777777877,117.778125000001,117.93472222222323,2.0,30.0,117.93472222222323,329.5,4.475,0.8342954686530106,1.0,0.0,0.0,6.0,16.666666666666664,0.0,16.0,100.0,12.5,9.0,100.0,0.0,COMPLETED,120,10,800.0,60.0,10.0,12,2699c88211a293a1,False,0.8125,0.0625,0.8366844724723012,0.7400086904219232,0.5,0.5,0.06666666666666667,0.9333333333333333,0.14452359750667854,0.8554764024933215,0.17378263937896965,0.8262173606210304,0.6129232907235561,0.723005419289537,0.276994580710463,False
T120_P10_H0800_I0600_CN020_F1,California,unlimited_useful_deadline,unlimited,central_only,targeted_central,all_useful,deadline,-1.0,0.0,0.0,1.0,none,0.0,0,applicable,32.0,0.0,,0.0,33498.0,6411596.0,232247.28319963213,1414.0,1204.0,0.5184129533886005,86.12956810631229,7.0,95.05208333333333,95.05208333333333,95.05208333333333,95.05208333333333,90.625,90.625,90.625,90.625,90.625,0.0,0.0,3.0,0.0,29.0,3.0,98.86805555556671,147.23402777777855,210.6173611111126,234.5513888888905,29.0,3.0,234.5513888888905,337.0,7.225,0.7981449442522106,1.0,0.0,0.0,6.0,66.66666666666666,66.66666666666666,16.0,100.0,100.0,9.0,100.0,100.0,COMPLETED,120,10,800.0,60.0,20.0,24,301fcf1de02419e0,False,0.90625,0.90625,0.9368794353782459,0.380559140889721,0.5,0.5,0.13333333333333333,0.8666666666666667,0.20463045414069456,0.7953695458593054,0.2332392378263938,0.7667607621736062,0.7824846440669917,0.6857593949399157,0.31424060506008433,False
T120_P10_H0800_I0600_CN030_F1,California,unlimited_useful_deadline,unlimited,central_only,targeted_central,all_useful,deadline,-1.0,0.0,0.0,1.0,none,0.0,0,applicable,32.0,0.0,,0.0,47613.0,9092416.0,283719.0271994353,1653.0,1427.0,0.5029623899693254,90.43447792571828,8.0,92.13541666666666,92.13541666666666,92.13541666666666,92.13541666666666,78.125,78.125,78.125,78.125,81.25,0.0,0.0,6.0,0.0,25.0,7.0,84.36736111111095,93.4683333333343,94.8680555555562,98.71736111111119,25.0,7.0,98.71736111111119,320.5,9.220833333333333,0.7263480945925591,1.0,0.0,0.0,6.0,16.666666666666664,0.0,16.0,100.0,100.0,9.0,100.0,100.0,COMPLETED,120,10,800.0,60.0,30.0,36,d9df1f83b091a218,False,0.8125,0.78125,0.8996715236012119,0.7992426918046888,0.5,0.5,0.2,0.8,0.24434550311665182,0.7556544968833482,0.2754057868736768,0.7245942131263232,0.8231660538514751,0.6560497420019343,0.34395025799806567,False
T120_P10_H0800_I0600_CN040_F1,California,unlimited_useful_deadline,unlimited,central_only,targeted_central,all_useful,deadline,-1.0,0.0,0.0,1.0,none,0.0,0,applicable,32.0,0.0,,0.0,56921.0,12194248.0,343274.2015992984,1972.0,1774.5,0.5169336908316116,93.82924767540152,12.0,95.46875,95.46875,95.46875,95.46875,81.25,81.25,81.25,81.25,90.625,0.0,0.0,3.0,0.0,26.0,6.0,71.82638888889463,89.67604166666757,92.68888888889093,102.71736111111119,26.0,6.0,102.71736111111119,304.5,12.25,0.7437188208616781,1.0,0.0,0.0,6.0,66.66666666666666,16.666666666666664,16.0,100.0,100.0,9.0,100.0,100.0,COMPLETED,120,10,800.0,60.0,40.0,48,60048066a3a9b68d,False,0.90625,0.8125,0.9421948513463937,0.7869134232770729,0.5,0.5,0.26666666666666666,0.7333333333333334,0.306233303650935,0.693766696349065,0.33168666196189134,0.6683133380381087,0.8619645686558666,0.6190826735441014,0.3809173264558986,False
T120_P10_H0800_I0600_CN050_F1,California,unlimited_useful_deadline,unlimited,central_only,targeted_central,all_useful,deadline,-1.0,0.0,0.0,1.0,none,0.0,0,applicable,32.0,0.0,,0.0,69882.0,15484624.0,406449.4207990789,2309.0,2142.5,0.5271258588062073,96.82613768961494,10.0,97.86458333333334,97.86458333333334,97.86458333333334,97.86458333333334,90.625,90.625,90.625,90.625,96.875,0.0,0.0,1.0,0.0,29.0,3.0,60.55138888889778,74.18805555555852,81.58472222222257,83.01944444444477,29.0,3.0,83.01944444444477,277.5,15.541666666666666,0.680165326184093,1.0,0.0,0.0,6.0,100.0,66.66666666666666,16.0,100.0,100.0,9.0,100.0,100.0,COMPLETED,120,10,800.0,60.0,50.0,60,b4b43061d859d4e6,False,0.96875,0.90625,0.9727584931632431,0.8476286492815555,0.5,0.5,0.3333333333333333,0.6666666666666667,0.3717720391807658,0.6282279608192343,0.39114326040931546,0.6088567395906845,0.9238467856111996,0.5807502734153172,0.41924972658468285,False
T120_P10_H0800_I0600_CN060_F1,California,unlimited_useful_deadline,unlimited,central_only,targeted_central,all_useful,deadline,-1.0,0.0,0.0,1.0,none,0.0,0,applicable,32.0,0.0,,0.0,81495.0,18790988.0,469931.60959887237,2620.0,2467.0,0.524970006190007,97.81110660721524,12.0,97.91666666666666,97.91666666666666,97.91666666666666,97.91666666666666,93.75,93.75,93.75,93.75,96.875,0.0,0.0,1.0,0.0,30.0,2.0,56.8263888888893,67.88131944444689,69.94357638890061,71.41944444444962,30.0,2.0,71.41944444444962,273.5,18.279166666666665,0.6393302180685358,1.0,0.0,0.0,6.0,100.0,83.33333333333334,16.0,100.0,100.0,9.0,100.0,100.0,COMPLETED,120,10,800.0,60.0,60.0,72,8ea583fc7a419859,False,0.96875,0.9375,0.9734229201592614,0.8833835280116265,0.5,0.5,0.4,0.6,0.4295636687444345,0.5704363312555655,0.44601270289343686,0.5539872971065631,0.9407641120427219,0.5448847256724257,0.45511527432757426,False
T120_P10_H0800_I0600_CN070_F1,California,unlimited_useful_deadline,unlimited,central_only,targeted_central,all_useful,deadline,-1.0,0.0,0.0,1.0,none,0.0,0,applicable,32.0,0.0,,0.0,94073.0,22246308.0,536273.7535986227,2913.0,2768.0,0.5161542927330592,98.98843930635839,12.0,98.64583333333334,98.64583333333334,98.64583333333334,98.64583333333334,90.625,90.625,90.625,90.625,96.875,0.0,0.0,1.0,0.0,29.0,3.0,51.93472222222772,61.4313888889038,62.6613888888972,64.33888888891087,29.0,3.0,64.33888888891087,264.5,20.8625,0.5711021236934959,1.0,0.0,0.0,6.0,100.0,66.66666666666666,16.0,100.0,100.0,9.0,100.0,100.0,COMPLETED,120,10,800.0,60.0,70.0,84,a137128fefdf3be1,False,0.96875,0.90625,0.98272489810352,0.9052080457038613,0.5,0.5,0.4666666666666667,0.5333333333333333,0.48317008014247553,0.5168299198575245,0.49770642201834864,0.5022935779816513,0.9407332359518453,0.5104913662345019,0.48950863376549814,False
T120_P10_H0800_I0600_CN080_F1,California,unlimited_useful_deadline,unlimited,central_only,targeted_central,all_useful,deadline,-1.0,0.0,0.0,1.0,none,0.0,0,applicable,32.0,0.0,,0.0,103418.0,25930060.0,607001.7919984062,3203.0,3080.0,0.5074120110683441,99.8538961038961,12.0,98.90625,98.90625,98.90625,98.90625,93.75,93.75,93.75,93.75,96.875,0.0,0.0,1.0,0.0,30.0,2.0,44.71805555556239,61.196527777779266,61.62378472224193,65.73472222222239,30.0,2.0,65.73472222222239,213.5,23.8875,0.562560323274609,1.0,0.0,0.0,6.0,100.0,83.33333333333334,16.0,100.0,100.0,9.0,100.0,100.0,COMPLETED,120,10,800.0,60.0,80.0,96,664113f6d5cce483,False,0.96875,0.9375,0.9860470330836123,0.9009056447073126,0.5,0.5,0.5333333333333333,0.4666666666666667,0.5387355298308103,0.4612644701691897,0.5488708539167255,0.4511291460832745,0.9483006694477313,0.4758120565838262,0.5241879434161738,False
T120_P10_H0800_I0600_CN090_F1,California,unlimited_useful_deadline,unlimited,central_only,targeted_central,all_useful,deadline,-1.0,0.0,0.0,1.0,none,0.0,0,applicable,32.0,0.0,,0.0,111041.0,29830652.0,681893.1583981907,3527.0,3427.0,0.5025714010755343,99.54770936679311,12.0,99.21875,99.21875,99.21875,99.21875,96.875,96.875,96.875,96.875,96.875,0.0,0.0,1.0,0.0,31.0,1.0,43.470833333334305,55.16875000000388,59.41527777780247,63.73472222222238,31.0,1.0,63.73472222222238,252.0,26.458333333333332,0.5111706036745407,1.0,0.0,0.0,6.0,100.0,100.0,16.0,100.0,100.0,9.0,100.0,100.0,COMPLETED,120,10,800.0,60.0,90.0,108,190f3ccc635ef2bc,False,0.96875,0.96875,0.9900335950597231,0.9070702789711205,0.5,0.5,0.6,0.4,0.6005342831700802,0.3994657168299198,0.6060338743824982,0.3939661256175018,0.9586509685077109,0.4386863684894844,0.5613136315105156,False
T120_P10_H0800_I0600_CN100_F1,California,unlimited_useful_deadline,unlimited,central_only,targeted_central,all_useful,deadline,-1.0,0.0,0.0,1.0,none,0.0,0,applicable,32.0,0.0,,0.0,118426.0,33898784.0,760001.2927979641,3817.0,3734.5,0.4913807430841786,100.0,12.0,99.21875,99.21875,99.21875,99.21875,96.875,96.875,96.875,96.875,96.875,0.0,0.0,1.0,0.0,31.0,1.0,40.63472222222311,50.168750000004366,54.45173611111386,55.33888888891476,31.0,1.0,55.33888888891476,226.5,29.233333333333334,0.449425123527176,1.0,0.0,0.0,6.0,100.0,100.0,16.0,100.0,100.0,9.0,100.0,100.0,COMPLETED,120,10,800.0,60.0,100.0,120,76b2309719fffc24,False,0.96875,0.96875,0.9900335950597231,0.932948899890985,0.5,0.5,0.6666666666666666,0.33333333333333337,0.6552983081032947,0.3447016918967053,0.657198306280875,0.34280169371912494,0.965120623737677,0.40416734378983277,0.5958326562101672,False
T120_P10_H0800_I0800_CN000_F1,California,unlimited_useful_deadline,unlimited,central_only,targeted_central,all_useful,deadline,-1.0,0.0,0.0,1.0,none,0.0,0,applicable,32.0,0.0,,0.0,1746.0,879856.0,87985.6,399.0,270.5,0.30743667145532905,0.0,1.0,43.24382994802627,43.24382994802627,43.24382994802627,43.24382994802627,0.0,0.0,0.0,0.0,0.0,0.0,5.0,27.0,5.0,0.0,32.0,,,,,0.0,32.0,,270.5,0.0,0.0,1.0,0.0,0.0,6.0,0.0,0.0,16.0,0.0,0.0,9.0,0.0,0.0,COMPLETED,120,10,800.0,80.0,0.0,0,4c369d2e666a8765,False,0.0,0.0,0.2759616337955975,0.0,0.5,0.5,0.0,1.0,0.0383793410507569,0.9616206589492431,0.05416372618207481,0.9458362738179252,0.06899040844889938,0.7814913865534336,0.21850861344656636,False
T120_P10_H0800_I0800_CN010_F1,California,unlimited_useful_deadline,unlimited,central_only,targeted_central,all_useful,deadline,-1.0,0.0,0.0,1.0,none,0.0,0,applicable,32.0,0.0,,0.0,31263.0,6768424.0,201046.1055997015,961.0,775.5,0.38573241579923023,96.26047711154094,7.0,80.18973214285714,80.18973214285714,80.18973214285714,80.18973214285714,78.125,78.125,78.125,78.125,84.375,0.0,3.0,2.0,3.0,25.0,7.0,95.66944444444476,106.45555555555775,107.60166666666696,112.36736111111095,25.0,7.0,112.36736111111095,100.0,5.866666666666666,0.9009232954545454,1.0,0.0,0.0,6.0,33.33333333333333,0.0,16.0,100.0,100.0,9.0,100.0,100.0,COMPLETED,120,10,800.0,80.0,10.0,12,138159aade664859,False,0.84375,0.78125,0.7472804461572631,0.7571690629542004,0.5,0.5,0.06666666666666667,0.9333333333333333,0.12831700801424756,0.8716829919857525,0.1533168666196189,0.846683133380381,0.7823623772778658,0.7303398917398933,0.26966010826010667,True
T120_P10_H0800_I0800_CN020_F1,California,unlimited_useful_deadline,unlimited,central_only,targeted_central,all_useful,deadline,-1.0,0.0,0.0,1.0,none,0.0,0,applicable,32.0,0.0,,0.0,60649.0,12721132.0,315338.09919935616,1293.0,1128.5,0.3578698555186522,99.42401417811254,6.0,92.41071428571428,92.41071428571428,92.41071428571428,92.41071428571428,90.625,90.625,90.625,90.625,96.875,0.0,1.0,0.0,1.0,29.0,3.0,66.5513888888905,75.98125000000718,77.587777777778,80.20069444444889,29.0,3.0,80.20069444444889,119.0,8.979166666666666,0.8551469450889404,1.0,0.0,0.0,6.0,100.0,66.66666666666666,16.0,100.0,100.0,9.0,100.0,100.0,COMPLETED,120,10,800.0,80.0,20.0,24,59d4c8b347f4b989,False,0.96875,0.90625,0.903183494865881,0.856316930697097,0.5,0.5,0.13333333333333333,0.8666666666666667,0.19118432769367766,0.8088156723063223,0.21189131968948482,0.7881086803105152,0.9086251063907445,0.6927182038567009,0.3072817961432991,False
T120_P10_H0800_I0800_CN030_F1,California,unlimited_useful_deadline,unlimited,central_only,targeted_central,all_useful,deadline,-1.0,0.0,0.0,1.0,none,0.0,0,applicable,32.0,0.0,,0.0,89286.0,18785964.0,431782.87359897385,1648.0,1516.5,0.35121819153218126,100.0,10.0,96.42857142857143,96.42857142857143,96.42857142857143,96.42857142857143,87.5,87.5,87.5,87.5,90.625,0.0,0.0,3.0,0.0,28.0,4.0,56.93576388889275,67.92638888888888,70.2989583333336,71.1513888888888,28.0,4.0,71.1513888888888,145.0,12.270833333333334,0.8169071873231466,1.0,0.0,0.0,6.0,66.66666666666666,50.0,16.0,100.0,100.0,9.0,100.0,100.0,COMPLETED,120,10,800.0,80.0,30.0,36,dff999bb498e9aeb,False,0.90625,0.875,0.9544392917015911,0.8842097602428336,0.5,0.5,0.2,0.8,0.26028495102404275,0.7397150489759572,0.2745236414961186,0.7254763585038815,0.9049747629861062,0.6530382814959678,0.34696171850403223,False
T120_P10_H0800_I0800_CN040_F1,California,unlimited_useful_deadline,unlimited,central_only,targeted_central,all_useful,deadline,-1.0,0.0,0.0,1.0,none,0.0,0,applicable,32.0,0.0,,0.0,117423.0,25392636.0,558630.9759985941,1957.0,1822.5,0.3262439926003292,100.0,11.0,98.4375,98.4375,98.4375,98.4375,96.875,96.875,96.875,96.875,100.0,0.0,0.0,0.0,0.0,31.0,1.0,49.47083333333333,54.15138888888881,55.85312500000291,57.36736111111095,31.0,1.0,57.36736111111095,114.0,14.675,0.7553520726859739,1.0,100.0,0.0,6.0,100.0,100.0,16.0,100.0,100.0,9.0,100.0,100.0,COMPLETED,120,10,800.0,80.0,40.0,48,3726cf8194c5c3c2,False,1.0,0.96875,0.9800671901194461,0.9266965052089183,0.5,0.5,0.26666666666666666,0.7333333333333334,0.3147818343722173,0.6852181656277827,0.32904022582921666,0.6709597741707833,0.9688784238320911,0.6179022546263799,0.38209774537362007,False
T120_P10_H0800_I0800_CN050_F1,California,unlimited_useful_deadline,unlimited,central_only,targeted_central,all_useful,deadline,-1.0,0.0,0.0,1.0,none,0.0,0,applicable,32.0,0.0,,0.0,141598.0,31727736.0,680264.8959981849,2272.0,2164.0,0.31811137289756225,100.0,12.0,99.21875,99.21875,99.21875,99.21875,96.875,96.875,96.875,96.875,100.0,0.0,0.0,0.0,0.0,31.0,1.0,46.200694444449134,51.168750000000486,52.2680555555579,53.33888888889002,31.0,1.0,53.33888888889002,98.5,17.483333333333334,0.6679655227200509,1.0,100.0,0.0,6.0,100.0,100.0,16.0,100.0,100.0,9.0,100.0,100.0,COMPLETED,120,10,800.0,80.0,50.0,60,8cb8bdf2f3301fd4,False,1.0,0.96875,0.9900335950597231,0.9391135341548691,0.5,0.5,0.3333333333333333,0.6666666666666667,0.3756010685663402,0.6243989314336598,0.38461538461538464,0.6153846153846154,0.9744742823036481,0.5812900426969885,0.4187099573030115,False
T120_P10_H0800_I0800_CN060_F1,California,unlimited_useful_deadline,unlimited,central_only,targeted_central,all_useful,deadline,-1.0,0.0,0.0,1.0,none,0.0,0,applicable,32.0,0.0,,0.0,166626.0,38242276.0,805344.0639977341,2597.0,2495.5,0.30986755991126563,100.0,12.0,99.21875,99.21875,99.21875,99.21875,96.875,96.875,96.875,96.875,100.0,0.0,0.0,0.0,0.0,31.0,1.0,40.58541666666715,48.802777777778104,50.235416666670545,51.10347222222869,31.0,1.0,51.10347222222869,151.0,20.258333333333333,0.6288461538461538,1.0,100.0,0.0,6.0,100.0,100.0,16.0,100.0,100.0,9.0,100.0,100.0,COMPLETED,120,10,800.0,80.0,60.0,72,cfb136d7c8da395d,False,1.0,0.96875,0.9900335950597231,0.946003797243463,0.5,0.5,0.4,0.6,0.4346393588601959,0.5653606411398041,0.44195483415666903,0.558045165843331,0.9761968480757965,0.544681161396627,0.45531883860337297,False
T120_P10_H0800_I0800_CN070_F1,California,unlimited_useful_deadline,unlimited,central_only,targeted_central,all_useful,deadline,-1.0,0.0,0.0,1.0,none,0.0,0,applicable,32.0,0.0,,0.0,187964.0,44829468.0,931818.1503972798,2894.0,2807.0,0.30123903454802187,100.0,13.0,100.0,100.0,100.0,100.0,100.0,100.0,100.0,100.0,100.0,0.0,0.0,0.0,0.0,32.0,0.0,38.160069444444524,43.11041666666667,44.91302083333329,45.8875,32.0,0.0,45.8875,150.0,22.783333333333335,0.5867288466227749,1.0,100.0,100.0,6.0,100.0,100.0,16.0,100.0,100.0,9.0,100.0,100.0,COMPLETED,120,10,800.0,80.0,70.0,84,960d97f4a1fc5a71,False,1.0,1.0,1.0,0.9620810777835737,0.5,0.5,0.4666666666666667,0.5333333333333333,0.49011576135351737,0.5098842386464826,0.4943542695836274,0.5056457304163726,0.9905202694458934,0.5097726604792377,0.49022733952076225,False
T120_P10_H0800_I0800_CN080_F1,California,unlimited_useful_deadline,unlimited,central_only,targeted_central,all_useful,deadline,-1.0,0.0,0.0,1.0,none,0.0,0,applicable,32.0,0.0,,0.0,210321.0,51789840.0,1065457.292796782,3220.0,3143.5,0.29503763513115017,100.0,15.0,100.0,100.0,100.0,100.0,100.0,100.0,100.0,100.0,100.0,0.0,0.0,0.0,0.0,32.0,0.0,34.45937500000461,43.13819444444598,44.2453125000025,45.470833333338184,32.0,0.0,45.470833333338184,179.0,25.5625,0.5192189622385222,1.0,100.0,100.0,6.0,100.0,100.0,16.0,100.0,100.0,9.0,100.0,100.0,COMPLETED,120,10,800.0,80.0,80.0,96,5079a59895f31b1a,False,1.0,1.0,1.0,0.9633653765885187,0.5,0.5,0.5333333333333333,0.4666666666666667,0.5500445235975067,0.44995547640249334,0.5518701482004235,0.44812985179957654,0.9908413441471297,0.4729503989737473,0.5270496010262526,False
T120_P10_H0800_I0800_CN090_F1,California,unlimited_useful_deadline,unlimited,central_only,targeted_central,all_useful,deadline,-1.0,0.0,0.0,1.0,none,0.0,0,applicable,32.0,0.0,,0.0,231606.0,58933936.0,1202623.93599626,3526.0,3457.0,0.28745478087763177,100.0,13.0,100.0,100.0,100.0,100.0,100.0,100.0,100.0,100.0,100.0,0.0,0.0,0.0,0.0,32.0,0.0,31.21875000000382,40.32500000000172,42.602777777779586,45.03680555555717,32.0,0.0,45.03680555555717,119.5,28.1,0.41129646105179907,1.0,100.0,100.0,6.0,100.0,100.0,16.0,100.0,100.0,9.0,100.0,100.0,COMPLETED,120,10,800.0,80.0,90.0,108,9b7b24b2d065c620,False,1.0,1.0,1.0,0.9647031878436954,0.5,0.5,0.6,0.4,0.6058771148708816,0.3941228851291184,0.6058574453069866,0.3941425546930134,0.9911757969609238,0.43765308796442637,0.5623469120355736,False
T120_P10_H0800_I0800_CN100_F1,California,unlimited_useful_deadline,unlimited,central_only,targeted_central,all_useful,deadline,-1.0,0.0,0.0,1.0,none,0.0,0,applicable,32.0,0.0,,0.0,251590.0,66131672.0,1340820.467195711,3840.0,3780.0,0.2819169376125176,100.0,14.0,100.0,100.0,100.0,100.0,100.0,100.0,100.0,100.0,100.0,0.0,0.0,0.0,0.0,32.0,0.0,29.76805555555669,38.54375000001809,39.59218750000257,41.32152777778028,32.0,0.0,41.32152777778028,141.0,30.8,0.38718659812409806,1.0,100.0,100.0,6.0,100.0,100.0,16.0,100.0,100.0,9.0,100.0,100.0,COMPLETED,120,10,800.0,80.0,100.0,120,a0dbfad92560e30c,False,1.0,1.0,1.0,0.9761548521879191,0.5,0.5,0.6666666666666666,0.33333333333333337,0.6634016028495102,0.3365983971504898,0.6612561750176429,0.3387438249823571,0.9940387130469798,0.4017351110932361,0.5982648889067639,False
T120_P10_H0800_I0986_CN000_F1,California,unlimited_useful_deadline,unlimited,central_only,targeted_central,all_useful,deadline,-1.0,0.0,0.0,1.0,none,0.0,0,applicable,32.0,0.0,,0.0,1767.0,870796.0,87079.6,368.0,251.0,0.2882420222417191,0.0,1.0,38.95323253076839,38.95323253076839,38.95323253076839,38.95323253076839,0.0,0.0,0.0,0.0,50.0,0.0,7.0,9.0,7.0,0.0,32.0,,,,,0.0,32.0,,251.0,0.0,0.0,1.0,0.0,0.0,6.0,0.0,0.0,16.0,56.25,0.0,9.0,77.77777777777779,0.0,COMPLETED,120,10,800.0,98.6,0.0,0,e6fdf06c9310f796,False,0.5,0.0,0.22122648973659156,0.0,0.5,0.5,0.0,1.0,0.03490650044523597,0.965093499554764,0.048694424841213835,0.9513055751587862,0.18030662243414788,0.78327981494271,0.21672018505728996,False
T120_P10_H0800_I0986_CN010_F1,California,unlimited_useful_deadline,unlimited,central_only,targeted_central,all_useful,deadline,-1.0,0.0,0.0,1.0,none,0.0,0,applicable,32.0,0.0,,0.0,31009.0,7983260.0,223638.90879970914,999.0,824.0,0.36845109128035225,98.42233009708738,9.0,84.80902777777777,84.80902777777777,84.80902777777777,84.80902777777777,78.125,78.125,78.125,78.125,87.5,0.0,3.0,1.0,3.0,25.0,7.0,88.41944444444476,121.279861111111,122.18458333333358,122.73472222222239,25.0,7.0,122.73472222222239,105.5,6.370833333333334,0.9163887072160455,1.0,0.0,0.0,6.0,50.0,0.0,16.0,100.0,100.0,9.0,100.0,100.0,COMPLETED,120,10,800.0,98.6,10.0,12,d887eb7c97db0b6e,False,0.875,0.78125,0.8062087928279482,0.7252135681887868,0.5,0.5,0.06666666666666667,0.9333333333333333,0.1369545859305432,0.8630454140694568,0.1600211714890614,0.8399788285109386,0.7969180902541837,0.7272715151827458,0.2727284848172542,False
T120_P10_H0800_I0986_CN020_F1,California,unlimited_useful_deadline,unlimited,central_only,targeted_central,all_useful,deadline,-1.0,0.0,0.0,1.0,none,0.0,0,applicable,32.0,0.0,,0.0,61624.0,15464036.0,367269.80799934384,1329.0,1182.5,0.3219703809691083,99.66173361522199,8.0,98.828125,98.828125,98.828125,98.828125,93.75,93.75,93.75,93.75,96.875,0.0,0.0,1.0,0.0,30.0,2.0,58.94305555557075,67.6447222222225,68.1571527777781,73.06875000000036,30.0,2.0,73.06875000000036,97.5,9.429166666666667,0.8531484754750331,1.0,0.0,0.0,6.0,100.0,83.33333333333334,16.0,100.0,100.0,9.0,100.0,100.0,COMPLETED,120,10,800.0,98.6,20.0,24,99aaafb738ab4cce,False,0.96875,0.9375,0.9850503925895846,0.878299845242008,0.5,0.5,0.13333333333333333,0.8666666666666667,0.20080142475512022,0.7991985752448798,0.21824276640790402,0.7817572335920959,0.9424000594578982,0.6895244951007286,0.31047550489927145,False
T120_P10_H0800_I0986_CN030_F1,California,unlimited_useful_deadline,unlimited,central_only,targeted_central,all_useful,deadline,-1.0,0.0,0.0,1.0,none,0.0,0,applicable,32.0,0.0,,0.0,90286.0,22967960.0,511345.148798974,1654.0,1522.0,0.29764631649968903,99.73718791064388,11.0,98.48090277777777,98.48090277777777,98.48090277777777,98.48090277777777,90.625,90.625,90.625,90.625,96.875,0.0,0.0,1.0,0.0,29.0,3.0,54.86805555555556,62.01805555555566,64.70138888888896,68.73472222222287,29.0,3.0,68.73472222222287,132.5,12.054166666666667,0.7998185274801244,1.0,0.0,0.0,6.0,100.0,66.66666666666666,16.0,100.0,100.0,9.0,100.0,100.0,COMPLETED,120,10,800.0,98.6,30.0,36,5a143dbba8fa8a8c,False,0.96875,0.90625,0.9806208792827947,0.8916586933115992,0.5,0.5,0.2,0.8,0.2612644701691897,0.7387355298308103,0.2755822159491884,0.7244177840508116,0.9368198931485985,0.6526306627763245,0.34736933722367547,False
T120_P10_H0800_I0986_CN040_F1,California,unlimited_useful_deadline,unlimited,central_only,targeted_central,all_useful,deadline,-1.0,0.0,0.0,1.0,none,0.0,0,applicable,32.0,0.0,,0.0,116670.0,30383840.0,653730.0447986596,1978.0,1845.5,0.2823030721447704,99.9729070712544,13.0,100.0,100.0,100.0,100.0,100.0,100.0,100.0,100.0,100.0,0.0,0.0,0.0,0.0,32.0,0.0,41.78576388889257,50.09180555557273,53.258680555555756,60.73472222222238,32.0,0.0,60.73472222222238,135.0,14.895833333333334,0.7478764568764569,1.0,100.0,100.0,6.0,100.0,100.0,16.0,100.0,100.0,9.0,100.0,100.0,COMPLETED,120,10,800.0,98.6,40.0,48,1ab4266444554392,False,1.0,1.0,1.0,0.9163172303668324,0.5,0.5,0.26666666666666666,0.7333333333333334,0.3188780053428317,0.6811219946571683,0.3327452364149612,0.6672547635850388,0.9790793075917081,0.6163420183151082,0.38365798168489185,False
T120_P10_H0800_I0986_CN050_F1,California,unlimited_useful_deadline,unlimited,central_only,targeted_central,all_useful,deadline,-1.0,0.0,0.0,1.0,none,0.0,0,applicable,32.0,0.0,,0.0,143217.0,38045220.0,800828.5407983266,2290.0,2187.5,0.27315460033671307,99.88571428571429,10.0,100.0,100.0,100.0,100.0,100.0,100.0,100.0,100.0,100.0,0.0,0.0,0.0,0.0,32.0,0.0,40.95173611111119,47.87875000000005,50.31267361112002,52.73472222222238,32.0,0.0,52.73472222222238,85.5,17.525,0.66009272467903,1.0,100.0,100.0,6.0,100.0,100.0,16.0,100.0,100.0,9.0,100.0,100.0,COMPLETED,120,10,800.0,98.6,50.0,60,120d133053884988,False,1.0,1.0,1.0,0.9409757674220641,0.5,0.5,0.3333333333333333,0.6666666666666667,0.37978628673196796,0.6202137132680321,0.3877911079745942,0.6122088920254058,0.985243941855516,0.5798178543920209,0.42018214560797906,False
T120_P10_H0800_I0986_CN060_F1,California,unlimited_useful_deadline,unlimited,central_only,targeted_central,all_useful,deadline,-1.0,0.0,0.0,1.0,none,0.0,0,applicable,32.0,0.0,,0.0,169016.0,46124492.0,955950.5631978783,2616.0,2513.0,0.2628797028575858,99.98010346199761,13.0,100.0,100.0,100.0,100.0,100.0,100.0,100.0,100.0,100.0,0.0,0.0,0.0,0.0,32.0,0.0,37.30208333333342,43.28576388889357,43.77100694444461,47.73472222223305,32.0,0.0,47.73472222223305,126.5,20.3125,0.6198717948717949,1.0,100.0,100.0,6.0,100.0,100.0,16.0,100.0,100.0,9.0,100.0,100.0,COMPLETED,120,10,800.0,98.6,60.0,72,96b7435dae49b667,False,1.0,1.0,1.0,0.956387353081551,0.5,0.5,0.4,0.6,0.4377560106856634,0.5622439893143366,0.4453069865913903,0.5546930134086097,0.9890968382703877,0.5433874005445892,0.4566125994554108,False
T120_P10_H0800_I0986_CN070_F1,California,unlimited_useful_deadline,unlimited,central_only,targeted_central,all_useful,deadline,-1.0,0.0,0.0,1.0,none,0.0,0,applicable,32.0,0.0,,0.0,196239.0,54635396.0,1119359.9199973398,2903.0,2817.5,0.25170635017972554,100.0,11.0,100.0,100.0,100.0,100.0,100.0,100.0,100.0,100.0,100.0,0.0,0.0,0.0,0.0,32.0,0.0,34.41909722222214,41.1597222222234,42.34149305555582,43.2006944444444,32.0,0.0,43.2006944444444,140.0,22.766666666666666,0.6088701805758907,1.0,100.0,100.0,6.0,100.0,100.0,16.0,100.0,100.0,9.0,100.0,100.0,COMPLETED,120,10,800.0,98.6,70.0,84,9187d0fff97b2a77,False,1.0,1.0,1.0,0.9703626645775574,0.5,0.5,0.4666666666666667,0.5333333333333333,0.4919857524487979,0.5080142475512022,0.49594213126323217,0.5040578687367678,0.9925906661443893,0.5090810899242607,0.4909189100757393,True
T120_P10_H0800_I0986_CN080_F1,California,unlimited_useful_deadline,unlimited,central_only,targeted_central,all_useful,deadline,-1.0,0.0,0.0,1.0,none,0.0,0,applicable,32.0,0.0,,0.0,219280.0,62751792.0,1275194.7231969167,3222.0,3148.5,0.24690346836651753,100.0,13.0,100.0,100.0,100.0,100.0,100.0,100.0,100.0,100.0,100.0,0.0,0.0,0.0,0.0,32.0,0.0,31.143055555557414,45.234722222234076,46.24809027779243,47.90486111111144,32.0,0.0,47.90486111111144,162.5,25.5,0.5850871459694988,1.0,100.0,100.0,6.0,100.0,100.0,16.0,100.0,100.0,9.0,100.0,100.0,COMPLETED,120,10,800.0,98.6,80.0,96,b3139de795accf06,False,1.0,1.0,1.0,0.9558629310695581,0.5,0.5,0.5333333333333333,0.4666666666666667,0.5509349955476402,0.44906500445235975,0.5522230063514467,0.4477769936485533,0.9889657327673895,0.4727017329535159,0.5272982670464841,False
T120_P10_H0800_I0986_CN090_F1,California,unlimited_useful_deadline,unlimited,central_only,targeted_central,all_useful,deadline,-1.0,0.0,0.0,1.0,none,0.0,0,applicable,32.0,0.0,,0.0,240589.0,70875760.0,1431174.9087965046,3541.0,3472.5,0.24263281718096041,99.92800575953923,13.0,100.0,100.0,100.0,100.0,100.0,100.0,100.0,100.0,100.0,0.0,0.0,0.0,0.0,32.0,0.0,29.643750000003525,38.4402777777799,39.121527777779114,42.73472222222384,32.0,0.0,42.73472222222384,120.5,28.095833333333335,0.48978817539176434,1.0,100.0,100.0,6.0,100.0,100.0,16.0,100.0,100.0,9.0,100.0,100.0,COMPLETED,120,10,800.0,98.6,90.0,108,b15b391acf0ed770,False,1.0,1.0,1.0,0.9717989387410992,0.5,0.5,0.6,0.4,0.6086375779162957,0.3913624220837043,0.6085038814396613,0.3914961185603387,0.9929497346852748,0.43657170812880863,0.5634282918711914,True
T120_P10_H0800_I0986_CN100_F1,California,unlimited_useful_deadline,unlimited,central_only,targeted_central,all_useful,deadline,-1.0,0.0,0.0,1.0,none,0.0,0,applicable,32.0,0.0,,0.0,263069.0,79423404.0,1595289.673596018,3840.0,3780.0,0.23694756272566617,100.0,13.0,100.0,100.0,100.0,100.0,100.0,100.0,100.0,100.0,100.0,0.0,0.0,0.0,0.0,32.0,0.0,29.45937500000679,37.818055555563866,38.38090277778215,41.036805555555716,32.0,0.0,41.036805555555716,127.0,30.666666666666668,0.44754302536231894,1.0,100.0,100.0,6.0,100.0,100.0,16.0,100.0,100.0,9.0,100.0,100.0,COMPLETED,120,10,800.0,98.6,100.0,120,8c87f87f8e3d4794,False,1.0,1.0,1.0,0.9770324563713156,0.5,0.5,0.6666666666666666,0.33333333333333337,0.6634016028495102,0.3365983971504898,0.6612561750176429,0.3387438249823571,0.9942581140928289,0.4017351110932361,0.5982648889067639,False
T120_P10_H1000_I0600_CN000_F1,California,unlimited_useful_deadline,unlimited,central_only,targeted_central,all_useful,deadline,-1.0,0.0,0.0,1.0,none,0.0,0,applicable,32.0,0.0,,0.0,2407.0,1646848.0,164684.8,423.0,332.0,0.2015972330172548,0.0,1.0,52.35915614126594,52.35915614126594,52.35915614126594,52.35915614126594,0.0,0.0,0.0,0.0,78.125,0.0,0.0,7.0,0.0,0.0,32.0,,,,,0.0,32.0,,332.0,0.0,0.0,1.0,0.0,0.0,6.0,0.0,0.0,16.0,100.0,0.0,9.0,100.0,0.0,COMPLETED,120,10,1000.0,60.0,0.0,0,8f57c453938c38c4,False,0.78125,0.0,0.3922458347614084,0.0,0.5,0.5,0.0,1.0,0.04933214603739982,0.9506678539626002,0.05839802399435427,0.9416019760056458,0.2933739586903521,0.7784539659936492,0.22154603400635076,True
T120_P10_H1000_I0600_CN010_F1,California,unlimited_useful_deadline,unlimited,central_only,targeted_central,all_useful,deadline,-1.0,0.0,0.0,1.0,none,0.0,0,applicable,32.0,0.0,,0.0,16941.0,3932332.0,208566.09279981814,1038.0,828.0,0.39699645751848783,69.5048309178744,7.0,87.15959955002417,87.15959955002417,87.15959955002417,87.15959955002417,3.125,3.125,3.125,3.125,78.125,0.0,0.0,7.0,0.0,1.0,31.0,115.63472222222832,115.63472222222832,115.63472222222832,115.63472222222832,1.0,31.0,115.63472222222832,337.5,4.0875,0.8291454298335033,1.0,0.0,0.0,6.0,0.0,0.0,16.0,100.0,6.25,9.0,100.0,0.0,COMPLETED,120,10,1000.0,60.0,10.0,12,4b9faf755c4bfa78,False,0.78125,0.03125,0.83619503298589,0.7470980198252866,0.5,0.5,0.06666666666666667,0.9333333333333333,0.13766696349065005,0.86233303650935,0.16690190543401554,0.8330980945659845,0.5989482632027942,0.7257528928817336,0.2742471071182664,False
T120_P10_H1000_I0600_CN020_F1,California,unlimited_useful_deadline,unlimited,central_only,targeted_central,all_useful,deadline,-1.0,0.0,0.0,1.0,none,0.0,0,applicable,32.0,0.0,,0.0,30152.0,6337660.0,254748.39039964217,1344.0,1126.0,0.44200475545049084,82.54884547069271,8.0,92.75475543478261,92.75475543478261,92.75475543478261,92.75475543478261,71.875,71.875,71.875,71.875,84.375,0.0,0.0,5.0,0.0,23.0,9.0,119.20069444445241,220.8541666666702,274.93298611112584,284.3673611111192,23.0,9.0,284.3673611111192,354.0,6.433333333333334,0.7642379101899828,1.0,0.0,0.0,6.0,33.33333333333333,0.0,16.0,100.0,87.5,9.0,100.0,100.0,COMPLETED,120,10,1000.0,60.0,20.0,24,71305ef5c807738c,False,0.84375,0.71875,0.9075724272277794,0.22701051626669366,0.5,0.5,0.13333333333333333,0.8666666666666667,0.19073909171861086,0.8092609082813891,0.2208892025405787,0.7791107974594214,0.6742707358736183,0.6910076744814955,0.30899232551850453,False
T120_P10_H1000_I0600_CN030_F1,California,unlimited_useful_deadline,unlimited,central_only,targeted_central,all_useful,deadline,-1.0,0.0,0.0,1.0,none,0.0,0,applicable,32.0,0.0,,0.0,42679.0,8823612.0,302478.6687994525,1645.0,1438.0,0.47540542468910885,91.09874826147427,9.0,95.15625,95.15625,95.15625,95.15625,81.25,81.25,81.25,81.25,90.625,0.0,0.0,3.0,0.0,26.0,6.0,85.17708333333891,105.25937500000012,109.12690972222262,111.36736111111144,26.0,6.0,111.36736111111144,319.5,9.320833333333333,0.703527790195202,1.0,0.0,0.0,6.0,66.66666666666666,16.666666666666664,16.0,100.0,100.0,9.0,100.0,100.0,COMPLETED,120,10,1000.0,60.0,30.0,36,5b9dfb67fcc21515,False,0.90625,0.8125,0.9382082893702829,0.7602513800861028,0.5,0.5,0.2,0.8,0.2463045414069457,0.7536954585930543,0.27399435426958363,0.7260056457304164,0.8543024173640964,0.6559402208646943,0.3440597791353057,False
T120_P10_H1000_I0600_CN040_F1,California,unlimited_useful_deadline,unlimited,central_only,targeted_central,all_useful,deadline,-1.0,0.0,0.0,1.0,none,0.0,0,applicable,32.0,0.0,,0.0,51703.0,11787492.0,359385.1647993278,1926.0,1713.0,0.4766473877563919,93.46176298890835,10.0,94.84375,94.84375,94.84375,94.84375,84.375,84.375,84.375,84.375,87.5,0.0,0.0,4.0,0.0,27.0,5.0,80.1173611111124,86.67638888888884,90.0381944444443,105.73472222222239,27.0,5.0,105.73472222222239,294.5,11.820833333333333,0.70577781694278,1.0,0.0,0.0,6.0,50.0,33.33333333333333,16.0,100.0,100.0,9.0,100.0,100.0,COMPLETED,120,10,1000.0,60.0,40.0,48,97f33d0bc928c3a7,False,0.875,0.84375,0.9342217273941722,0.777612959431154,0.5,0.5,0.26666666666666666,0.7333333333333334,0.29528049866429207,0.7047195013357079,0.32357092448835567,0.6764290755116443,0.8576461717063315,0.6228963820361372,0.3771036179638628,False
T120_P10_H1000_I0600_CN050_F1,California,unlimited_useful_deadline,unlimited,central_only,targeted_central,all_useful,deadline,-1.0,0.0,0.0,1.0,none,0.0,0,applicable,32.0,0.0,,0.0,63761.0,14863328.0,418441.21599911875,2265.0,2090.0,0.49947278616177276,95.66985645933015,10.0,96.875,96.875,96.875,96.875,84.375,84.375,84.375,84.375,90.625,0.0,0.0,3.0,0.0,27.0,5.0,64.55138888894095,83.4613888888908,91.27138888889051,94.73472222222335,27.0,5.0,94.73472222222335,320.5,14.745833333333334,0.6365946124140529,1.0,0.0,0.0,6.0,66.66666666666666,33.33333333333333,16.0,100.0,100.0,9.0,100.0,100.0,COMPLETED,120,10,1000.0,60.0,50.0,60,d2282f5e39558ee4,False,0.90625,0.84375,0.9601343802388922,0.8115184478820947,0.5,0.5,0.3333333333333333,0.6666666666666667,0.3624220837043633,0.6375779162956368,0.3833803810868031,0.6166196189131969,0.8804132070302467,0.5841728403751001,0.4158271596248999,False
T120_P10_H1000_I0600_CN060_F1,California,unlimited_useful_deadline,unlimited,central_only,targeted_central,all_useful,deadline,-1.0,0.0,0.0,1.0,none,0.0,0,applicable,32.0,0.0,,0.0,74462.0,17957096.0,477841.5615989265,2579.0,2414.5,0.5052930079838046,97.57713812383517,12.0,98.38541666666666,98.38541666666666,98.38541666666666,98.38541666666666,90.625,90.625,90.625,90.625,96.875,0.0,0.0,1.0,0.0,29.0,3.0,59.1173611111124,68.67805555555678,69.38138888889381,73.20069444444452,29.0,3.0,73.20069444444452,292.5,17.683333333333334,0.5873468426013195,1.0,0.0,0.0,6.0,100.0,66.66666666666666,16.0,100.0,100.0,9.0,100.0,100.0,COMPLETED,120,10,1000.0,60.0,60.0,72,6e00d1a45f56d7b8,False,0.96875,0.90625,0.9794027631234276,0.8778931506204382,0.5,0.5,0.4,0.6,0.42021371326803203,0.579786286731968,0.4387791107974594,0.5612208892025405,0.9330739784359664,0.5482014351869018,0.4517985648130982,False
T120_P10_H1000_I0600_CN070_F1,California,unlimited_useful_deadline,unlimited,central_only,targeted_central,all_useful,deadline,-1.0,0.0,0.0,1.0,none,0.0,0,applicable,32.0,0.0,,0.0,85794.0,21165332.0,539439.6927986924,2858.0,2703.5,0.501168163205389,98.68688736822638,12.0,97.76041666666666,97.76041666666666,97.76041666666666,97.76041666666666,87.5,87.5,87.5,87.5,96.875,0.0,0.0,1.0,0.0,28.0,4.0,53.93506944444992,60.73472222222433,60.86472222223142,64.36736111111823,28.0,4.0,64.36736111111823,299.0,20.0375,0.5267051362029529,1.0,0.0,0.0,6.0,100.0,50.0,16.0,100.0,100.0,9.0,100.0,100.0,COMPLETED,120,10,1000.0,60.0,70.0,84,92d8fed940f111da,False,0.96875,0.875,0.971429639171206,0.9051202852855682,0.5,0.5,0.4666666666666667,0.5333333333333333,0.4716829919857525,0.5283170080142475,0.4880028228652082,0.5119971771347918,0.9300749811141935,0.5147295036964745,0.4852704963035255,False
T120_P10_H1000_I0600_CN080_F1,California,unlimited_useful_deadline,unlimited,central_only,targeted_central,all_useful,deadline,-1.0,0.0,0.0,1.0,none,0.0,0,applicable,32.0,0.0,,0.0,94676.0,24629376.0,605949.3375984955,3152.0,3001.0,0.49525592550255,99.18360546484506,13.0,99.16666666666666,99.16666666666666,99.16666666666666,99.16666666666666,93.75,93.75,93.75,93.75,100.0,0.0,0.0,0.0,0.0,30.0,2.0,49.83541666668762,62.28430555556289,63.21861111111228,63.73472222222238,30.0,2.0,63.73472222222238,255.5,22.879166666666666,0.47907333211922554,1.0,100.0,100.0,6.0,100.0,66.66666666666666,16.0,100.0,100.0,9.0,100.0,100.0,COMPLETED,120,10,1000.0,60.0,80.0,96,b43162f81abeed89,False,1.0,0.9375,0.9893691680637045,0.9070702789711205,0.5,0.5,0.5333333333333333,0.4666666666666667,0.5246660730186999,0.47533392698130006,0.5398729710656316,0.4601270289343684,0.9584848617587063,0.48042552451646703,0.519574475483533,False
T120_P10_H1000_I0600_CN090_F1,California,unlimited_useful_deadline,unlimited,central_only,targeted_central,all_useful,deadline,-1.0,0.0,0.0,1.0,none,0.0,0,applicable,32.0,0.0,,0.0,102179.0,28312768.0,676670.463998301,3482.0,3363.0,0.49699228486030744,99.77698483496877,12.0,99.42708333333334,99.42708333333334,99.42708333333334,99.42708333333334,93.75,93.75,93.75,93.75,100.0,0.0,0.0,0.0,0.0,30.0,2.0,46.37604166667934,50.30701388888954,53.10017361111472,56.03680555555717,30.0,2.0,56.03680555555717,245.0,25.983333333333334,0.4250962155227711,1.0,100.0,100.0,6.0,100.0,66.66666666666666,16.0,100.0,100.0,9.0,100.0,100.0,COMPLETED,120,10,1000.0,60.0,90.0,108,244e327cab30808a,False,1.0,0.9375,0.992691303043797,0.9307976993927517,0.5,0.5,0.6,0.4,0.5891362422083705,0.41086375779162954,0.5980945659844742,0.4019054340155258,0.9652472506091372,0.44255383836143114,0.5574461616385689,False
T120_P10_H1000_I0600_CN100_F1,California,unlimited_useful_deadline,unlimited,central_only,targeted_central,all_useful,deadline,-1.0,0.0,0.0,1.0,none,0.0,0,applicable,32.0,0.0,,0.0,109569.0,32154088.0,750423.8079980958,3778.0,3668.0,0.4887904622569368,100.0,12.0,99.42708333333334,99.42708333333334,99.42708333333334,99.42708333333334,93.75,93.75,93.75,93.75,100.0,0.0,0.0,0.0,0.0,30.0,2.0,43.00972222224608,49.8550000000015,51.95190972224573,54.3673611111124,30.0,2.0,54.3673611111124,233.0,28.625,0.37663027656477444,1.0,100.0,100.0,6.0,100.0,66.66666666666666,16.0,100.0,100.0,9.0,100.0,100.0,COMPLETED,120,10,1000.0,60.0,100.0,120,f18f65065c0f71e2,False,1.0,0.9375,0.992691303043797,0.9359434566046257,0.5,0.5,0.6666666666666666,0.33333333333333337,0.6434550311665183,0.35654496883348175,0.6503175723359209,0.3496824276640791,0.9665336899121056,0.40791214596617886,0.5920878540338211,False
T120_P10_H1000_I0800_CN000_F1,California,unlimited_useful_deadline,unlimited,central_only,targeted_central,all_useful,deadline,-1.0,0.0,0.0,1.0,none,0.0,0,applicable,32.0,0.0,,0.0,1942.0,1161316.0,116131.6,389.0,263.0,0.22646721478047319,0.0,1.0,43.51338987440961,43.51338987440961,43.51338987440961,43.51338987440961,0.0,0.0,0.0,0.0,12.5,0.0,5.0,23.0,5.0,0.0,32.0,,,,,0.0,32.0,,263.0,0.0,0.0,1.0,0.0,0.0,6.0,0.0,0.0,16.0,18.75,0.0,9.0,11.11111111111111,0.0,COMPLETED,120,10,1000.0,80.0,0.0,0,179b77c2da046d82,False,0.125,0.0,0.27940040932456733,0.0,0.5,0.5,0.0,1.0,0.037043633125556544,0.9629563668744434,0.052399435426958366,0.9476005645730416,0.10110010233114183,0.7821113862894971,0.21788861371050294,False
T120_P10_H1000_I0800_CN010_F1,California,unlimited_useful_deadline,unlimited,central_only,targeted_central,all_useful,deadline,-1.0,0.0,0.0,1.0,none,0.0,0,applicable,32.0,0.0,,0.0,29833.0,6759380.0,223614.42879972752,961.0,793.0,0.35462827879958625,97.60403530895334,6.0,85.9375,85.9375,85.9375,85.9375,78.125,78.125,78.125,78.125,81.25,0.0,3.0,3.0,3.0,25.0,7.0,83.15138888888929,122.47472222223341,126.32916666669183,131.06875000002097,25.0,7.0,131.06875000002097,107.0,6.0125,0.9135770385770385,1.0,0.0,0.0,6.0,16.666666666666664,0.0,16.0,100.0,100.0,9.0,100.0,100.0,COMPLETED,120,10,1000.0,80.0,10.0,12,1e3a775c277e852b,False,0.8125,0.78125,0.820604711075015,0.6995254515915147,0.5,0.5,0.06666666666666667,0.9333333333333333,0.13143365983971506,0.868566340160285,0.1533168666196189,0.846683133380381,0.7784700406666325,0.7297165613747999,0.2702834386252001,False
T120_P10_H1000_I0800_CN020_F1,California,unlimited_useful_deadline,unlimited,central_only,targeted_central,all_useful,deadline,-1.0,0.0,0.0,1.0,none,0.0,0,applicable,32.0,0.0,,0.0,57267.0,12362512.0,331194.56319941155,1259.0,1092.0,0.3297155573603148,99.58791208791209,8.0,90.84821428571428,90.84821428571428,90.84821428571428,90.84821428571428,84.375,84.375,84.375,84.375,96.875,0.0,1.0,0.0,1.0,27.0,5.0,64.55138888888953,78.98097222222273,83.85138888889675,84.5854166666834,27.0,5.0,84.5854166666834,103.0,8.604166666666666,0.8523446327683617,1.0,0.0,0.0,6.0,100.0,33.33333333333333,16.0,100.0,100.0,9.0,100.0,100.0,COMPLETED,120,10,1000.0,80.0,20.0,24,7d935a214969cfcf,False,0.96875,0.84375,0.8832506849853271,0.8428018262728636,0.5,0.5,0.13333333333333333,0.8666666666666667,0.1846838824577026,0.8153161175422974,0.20589273112208892,0.794107268877911,0.8846381278145476,0.6952180106173751,0.3047819893826249,False
T120_P10_H1000_I0800_CN030_F1,California,unlimited_useful_deadline,unlimited,central_only,targeted_central,all_useful,deadline,-1.0,0.0,0.0,1.0,none,0.0,0,applicable,32.0,0.0,,0.0,83671.0,18030108.0,440012.40639905573,1627.0,1489.0,0.3383995492730715,99.76494291470786,8.0,95.98214285714286,95.98214285714286,95.98214285714286,95.98214285714286,90.625,90.625,90.625,90.625,96.875,0.0,1.0,0.0,1.0,29.0,3.0,57.068750000000485,65.37777777777771,65.60861111111134,67.20069444444441,29.0,3.0,67.20069444444441,86.0,11.941666666666666,0.7869737148173994,1.0,0.0,0.0,6.0,100.0,66.66666666666666,16.0,100.0,100.0,9.0,100.0,100.0,COMPLETED,120,10,1000.0,80.0,30.0,36,3a1626cd470761f4,False,0.96875,0.90625,0.9487442031642901,0.8963870534118623,0.5,0.5,0.2,0.8,0.2553873552983081,0.7446126447016919,0.270818630910374,0.729181369089626,0.9300328141440382,0.6547588027582636,0.3452411972417364,False
T120_P10_H1000_I0800_CN040_F1,California,unlimited_useful_deadline,unlimited,central_only,targeted_central,all_useful,deadline,-1.0,0.0,0.0,1.0,none,0.0,0,applicable,32.0,0.0,,0.0,110371.0,24257300.0,559574.4927986742,1920.0,1790.0,0.3198859174311959,100.0,11.0,97.91666666666667,97.91666666666667,97.91666666666667,97.91666666666667,96.875,96.875,96.875,96.875,100.0,0.0,0.0,0.0,0.0,31.0,1.0,48.55138888888905,56.58541666666667,56.87708333333345,57.73472222222238,31.0,1.0,57.73472222222238,95.5,14.283333333333333,0.7166812524309607,1.0,100.0,0.0,6.0,100.0,100.0,16.0,100.0,100.0,9.0,100.0,100.0,COMPLETED,120,10,1000.0,80.0,40.0,48,ac140ff15109f091,False,1.0,0.96875,0.9734229201592616,0.9255641817625443,0.5,0.5,0.26666666666666666,0.7333333333333334,0.3089937666963491,0.6910062333036509,0.32251235003528583,0.6774876499647142,0.9669342754804514,0.6203654433203398,0.3796345566796602,False
T120_P10_H1000_I0800_CN050_F1,California,unlimited_useful_deadline,unlimited,central_only,targeted_central,all_useful,deadline,-1.0,0.0,0.0,1.0,none,0.0,0,applicable,32.0,0.0,,0.0,132450.0,30167636.0,673052.9439983054,2254.0,2145.5,0.31877135656736716,100.0,11.0,97.4702380952381,97.4702380952381,97.4702380952381,97.4702380952381,93.75,93.75,93.75,93.75,100.0,0.0,0.0,0.0,0.0,30.0,2.0,47.93506944445089,53.21256944446323,55.792847222227245,59.73472222223354,30.0,2.0,59.73472222223354,83.5,17.3,0.66041265253693,1.0,100.0,0.0,6.0,100.0,83.33333333333334,16.0,100.0,100.0,9.0,100.0,100.0,COMPLETED,120,10,1000.0,80.0,50.0,60,093e6597b8ac56c3,False,1.0,0.9375,0.9677278316219604,0.919399547498702,0.5,0.5,0.3333333333333333,0.6666666666666667,0.37230632235084593,0.6276936776491541,0.381439661256175,0.618560338743825,0.9561568447801656,0.5825841366119292,0.4174158633880708,False
T120_P10_H1000_I0800_CN060_F1,California,unlimited_useful_deadline,unlimited,central_only,targeted_central,all_useful,deadline,-1.0,0.0,0.0,1.0,none,0.0,0,applicable,32.0,0.0,,0.0,155480.0,36212616.0,789116.5599978535,2578.0,2470.5,0.3130716202441272,100.0,11.0,98.95833333333334,98.95833333333334,98.95833333333334,98.95833333333334,96.875,96.875,96.875,96.875,100.0,0.0,0.0,0.0,0.0,31.0,1.0,42.63472222222457,51.16875000001164,52.02812500001164,53.338888888920096,31.0,1.0,53.338888888920096,92.0,19.9,0.5946991903964267,1.0,100.0,0.0,6.0,100.0,100.0,16.0,100.0,100.0,9.0,100.0,100.0,COMPLETED,120,10,1000.0,80.0,60.0,72,21d47ae4f2ba6e97,False,1.0,0.96875,0.9867114600796308,0.9391135341547764,0.5,0.5,0.4,0.6,0.43018699910952807,0.5698130008904719,0.4386026817219478,0.5613973182780523,0.9736437485586018,0.5462420638337049,0.4537579361662951,False
T120_P10_H1000_I0800_CN070_F1,California,unlimited_useful_deadline,unlimited,central_only,targeted_central,all_useful,deadline,-1.0,0.0,0.0,1.0,none,0.0,0,applicable,32.0,0.0,,0.0,174827.0,42333980.0,906646.7487974212,2876.0,2780.0,0.30662438305628953,100.0,17.0,98.95833333333334,98.95833333333334,98.95833333333334,98.95833333333334,96.875,96.875,96.875,96.875,96.875,0.0,0.0,1.0,0.0,31.0,1.0,42.338888888891475,49.151388888889294,49.745138888906396,50.73472222222869,31.0,1.0,50.73472222222869,103.0,22.566666666666666,0.5617706794682422,1.0,0.0,0.0,6.0,100.0,100.0,16.0,100.0,100.0,9.0,100.0,100.0,COMPLETED,120,10,1000.0,80.0,70.0,84,ca163821e8b96499,False,0.96875,0.96875,0.9867114600796308,0.9471404016858526,0.5,0.5,0.4666666666666667,0.5333333333333333,0.4853072128227961,0.5146927871772039,0.4911785462244178,0.5088214537755822,0.9678379654413709,0.5113695148572239,0.48863048514277607,False
T120_P10_H1000_I0800_CN080_F1,California,unlimited_useful_deadline,unlimited,central_only,targeted_central,all_useful,deadline,-1.0,0.0,0.0,1.0,none,0.0,0,applicable,32.0,0.0,,0.0,195327.0,48809404.0,1030974.8895969314,3207.0,3124.0,0.3030141695518263,100.0,12.0,98.95833333333334,98.95833333333334,98.95833333333334,98.95833333333334,96.875,96.875,96.875,96.875,100.0,0.0,0.0,0.0,0.0,31.0,1.0,37.235416666672,45.16875000000097,45.52812500000291,45.73472222226216,31.0,1.0,45.73472222226216,113.5,25.295833333333334,0.4892919892384562,1.0,100.0,0.0,6.0,100.0,100.0,16.0,100.0,100.0,9.0,100.0,100.0,COMPLETED,120,10,1000.0,80.0,80.0,96,68eed7542e42cf97,False,1.0,0.96875,0.9867114600796308,0.9625519873452693,0.5,0.5,0.5333333333333333,0.4666666666666667,0.5465716829919858,0.4534283170080142,0.549576570218772,0.45042342978122796,0.979503361856225,0.47410368269118175,0.5258963173088183,False
T120_P10_H1000_I0800_CN090_F1,California,unlimited_useful_deadline,unlimited,central_only,targeted_central,all_useful,deadline,-1.0,0.0,0.0,1.0,none,0.0,0,applicable,32.0,0.0,,0.0,214671.0,55405284.0,1157615.7855964107,3523.0,3452.0,0.29819911260293575,100.0,15.0,98.95833333333334,98.95833333333334,98.95833333333334,98.95833333333334,96.875,96.875,96.875,96.875,100.0,0.0,0.0,0.0,0.0,31.0,1.0,39.2006944444461,44.41944444444477,44.45347222222384,45.47083333333915,31.0,1.0,45.47083333333915,88.5,28.041666666666668,0.4429197622585439,1.0,100.0,0.0,6.0,100.0,100.0,16.0,100.0,100.0,9.0,100.0,100.0,COMPLETED,120,10,1000.0,80.0,90.0,108,51c1b95220fdf29b,False,1.0,0.96875,0.9867114600796308,0.9633653765885157,0.5,0.5,0.6,0.4,0.604986642920748,0.395013357079252,0.6053281580804517,0.3946718419195483,0.9797067091670366,0.43793703979976006,0.5620629602002399,False
T120_P10_H1000_I0800_CN100_F1,California,unlimited_useful_deadline,unlimited,central_only,targeted_central,all_useful,deadline,-1.0,0.0,0.0,1.0,none,0.0,0,applicable,32.0,0.0,,0.0,232700.0,62046412.0,1285125.4431958615,3834.0,3768.0,0.29320094936644503,100.0,13.0,98.95833333333334,98.95833333333334,98.95833333333334,98.95833333333334,96.875,96.875,96.875,96.875,100.0,0.0,0.0,0.0,0.0,31.0,1.0,36.55138888889147,41.45347222222263,42.86006944444598,45.47083333333915,31.0,1.0,45.47083333333915,99.0,30.6,0.377398783587509,1.0,100.0,0.0,6.0,100.0,100.0,16.0,100.0,100.0,9.0,100.0,100.0,COMPLETED,120,10,1000.0,80.0,100.0,120,2bf44d2f7b7d30ea,False,1.0,0.96875,0.9867114600796308,0.9633653765885157,0.5,0.5,0.6666666666666666,0.33333333333333337,0.6612644701691897,0.33873552983081034,0.660197600564573,0.339802399435427,0.9797067091670366,0.40237425251991416,0.5976257474800859,False
T120_P10_H1000_I0986_CN000_F1,California,unlimited_useful_deadline,unlimited,central_only,targeted_central,all_useful,deadline,-1.0,0.0,0.0,1.0,none,0.0,0,applicable,32.0,0.0,,0.0,1964.0,1147220.0,114722.0,404.0,280.5,0.24450410557695995,0.0,1.0,45.30799072639574,45.30799072639574,45.30799072639574,45.30799072639574,0.0,0.0,0.0,0.0,75.0,0.0,7.0,1.0,7.0,0.0,32.0,,,,,0.0,32.0,,280.5,0.0,0.0,1.0,0.0,0.0,6.0,0.0,0.0,16.0,93.75,0.0,9.0,100.0,0.0,COMPLETED,120,10,1000.0,98.6,0.0,0,8451e142c0a3036a,False,0.75,0.0,0.30229412938480377,0.0,0.5,0.5,0.0,1.0,0.04016028495102404,0.9598397150489759,0.05504587155963303,0.944954128440367,0.26307353234620096,0.7809587686978686,0.21904123130213138,False
T120_P10_H1000_I0986_CN010_F1,California,unlimited_useful_deadline,unlimited,central_only,targeted_central,all_useful,deadline,-1.0,0.0,0.0,1.0,none,0.0,0,applicable,32.0,0.0,,0.0,29401.0,7977076.0,245855.23519973285,951.0,767.5,0.31217557737848567,93.9413680781759,6.0,84.11458333333333,84.11458333333333,84.11458333333333,84.11458333333333,78.125,78.125,78.125,78.125,81.25,0.0,1.0,5.0,1.0,25.0,7.0,84.41944444444476,119.25555555555582,121.40166666666686,134.734722222234,25.0,7.0,134.734722222234,107.5,5.6125,0.9087169017569909,1.0,0.0,0.0,6.0,16.666666666666664,0.0,16.0,100.0,100.0,9.0,100.0,100.0,COMPLETED,120,10,1000.0,98.6,10.0,12,e8f5f60ed2bdbf60,False,0.8125,0.78125,0.7973497662143687,0.6882257626059034,0.5,0.5,0.06666666666666667,0.9333333333333333,0.12689225289403383,0.8731077471059662,0.15155257586450246,0.8484474241354976,0.769831382205068,0.7309777009149594,0.2690222990850406,False
T120_P10_H1000_I0986_CN020_F1,California,unlimited_useful_deadline,unlimited,central_only,targeted_central,all_useful,deadline,-1.0,0.0,0.0,1.0,none,0.0,0,applicable,32.0,0.0,,0.0,58435.0,15090344.0,382429.9807993797,1257.0,1082.0,0.2829276087973893,98.93715341959334,7.0,92.91294642857143,92.91294642857143,92.91294642857143,92.91294642857143,78.125,78.125,78.125,78.125,90.625,0.0,0.0,3.0,0.0,25.0,7.0,64.63472222222227,84.58472222222306,85.8458333333345,86.45347222222384,25.0,7.0,86.45347222222384,88.0,8.516666666666667,0.8319390084801044,1.0,0.0,0.0,6.0,66.66666666666666,0.0,16.0,100.0,100.0,9.0,100.0,100.0,COMPLETED,120,10,1000.0,98.6,20.0,24,911e3845ebb5d52d,False,0.90625,0.78125,0.9095904694703448,0.8370438866306729,0.5,0.5,0.13333333333333333,0.8666666666666667,0.18290293855743545,0.8170970614425646,0.20553987297106563,0.7944601270289344,0.8585335890252545,0.6956447710276332,0.3043552289723668,False
T120_P10_H1000_I0986_CN030_F1,California,unlimited_useful_deadline,unlimited,central_only,targeted_central,all_useful,deadline,-1.0,0.0,0.0,1.0,none,0.0,0,applicable,32.0,0.0,,0.0,85388.0,22198932.0,518914.87039902445,1648.0,1522.5,0.29340072656412014,99.3431855500821,9.0,99.21875,99.21875,99.21875,99.21875,96.875,96.875,96.875,96.875,96.875,0.0,0.0,1.0,0.0,31.0,1.0,52.71736111111144,66.11736111111337,66.6104166666691,67.10347222222238,31.0,1.0,67.10347222222238,90.0,12.154166666666667,0.7728516740943892,1.0,0.0,0.0,6.0,100.0,100.0,16.0,100.0,100.0,9.0,100.0,100.0,COMPLETED,120,10,1000.0,98.6,30.0,36,1971805edce309fb,False,0.96875,0.96875,0.9900335950597231,0.8966867231330191,0.5,0.5,0.2,0.8,0.26135351736420304,0.738646482635797,0.2745236414961186,0.7254763585038815,0.9560550795481856,0.6528245682279358,0.3471754317720642,False
T120_P10_H1000_I0986_CN040_F1,California,unlimited_useful_deadline,unlimited,central_only,targeted_central,all_useful,deadline,-1.0,0.0,0.0,1.0,none,0.0,0,applicable,32.0,0.0,,0.0,110694.0,29324220.0,655720.3999986956,1947.0,1807.5,0.2756510244310831,99.86168741355463,11.0,100.0,100.0,100.0,100.0,100.0,100.0,100.0,100.0,100.0,0.0,0.0,0.0,0.0,32.0,0.0,48.28402777778004,57.32187500000126,59.88267361111163,63.03680555557415,32.0,0.0,63.03680555557415,88.5,14.529166666666667,0.7292395564477583,1.0,100.0,100.0,6.0,100.0,100.0,16.0,100.0,100.0,9.0,100.0,100.0,COMPLETED,120,10,1000.0,98.6,40.0,48,80cf777a07d700c3,False,1.0,1.0,1.0,0.9092214794693717,0.5,0.5,0.26666666666666666,0.7333333333333334,0.3121104185218166,0.6878895814781834,0.3272759350741002,0.6727240649258999,0.977305369867343,0.6187893959474834,0.3812106040525166,False
T120_P10_H1000_I0986_CN050_F1,California,unlimited_useful_deadline,unlimited,central_only,targeted_central,all_useful,deadline,-1.0,0.0,0.0,1.0,none,0.0,0,applicable,32.0,0.0,,0.0,136344.0,36649228.0,796360.5535983453,2281.0,2179.5,0.27368256628884446,99.88529479238358,11.0,100.0,100.0,100.0,100.0,100.0,100.0,100.0,100.0,100.0,0.0,0.0,0.0,0.0,32.0,0.0,43.99270833333354,52.39861111111112,53.580034722222244,57.73472222222238,32.0,0.0,57.73472222222238,83.5,17.4875,0.680631006274323,1.0,100.0,100.0,6.0,100.0,100.0,16.0,100.0,100.0,9.0,100.0,100.0,COMPLETED,120,10,1000.0,98.6,50.0,60,007d39d3348d1898,False,1.0,1.0,1.0,0.9255641817625443,0.5,0.5,0.3333333333333333,0.6666666666666667,0.37836153161175423,0.6216384683882458,0.3862032462949894,0.6137967537050106,0.981391045440636,0.5804203777519847,0.41957962224801526,False
T120_P10_H1000_I0986_CN060_F1,California,unlimited_useful_deadline,unlimited,central_only,targeted_central,all_useful,deadline,-1.0,0.0,0.0,1.0,none,0.0,0,applicable,32.0,0.0,,0.0,160882.0,44268988.0,942659.9455978896,2599.0,2497.0,0.26488873444349625,99.9199038846616,13.0,100.0,100.0,100.0,100.0,100.0,100.0,100.0,100.0,100.0,0.0,0.0,0.0,0.0,32.0,0.0,41.20381944445659,49.554930555556666,51.29965277777792,52.73472222222238,32.0,0.0,52.73472222222238,89.0,20.2375,0.644741266900007,1.0,100.0,100.0,6.0,100.0,100.0,16.0,100.0,100.0,9.0,100.0,100.0,COMPLETED,120,10,1000.0,98.6,60.0,72,f871a5157769ab57,False,1.0,1.0,1.0,0.9409757674220641,0.5,0.5,0.4,0.6,0.434906500445236,0.5650934995547641,0.4423076923076923,0.5576923076923077,0.985243941855516,0.5445571614494144,0.45544283855058565,False
T120_P10_H1000_I0986_CN070_F1,California,unlimited_useful_deadline,unlimited,central_only,targeted_central,all_useful,deadline,-1.0,0.0,0.0,1.0,none,0.0,0,applicable,32.0,0.0,,0.0,187269.0,52252868.0,1095950.4415973306,2898.0,2808.0,0.25621596501274124,99.98219373219374,13.0,100.0,100.0,100.0,100.0,100.0,100.0,100.0,100.0,100.0,0.0,0.0,0.0,0.0,32.0,0.0,37.98541666666691,45.24749999999986,51.125347222223866,54.0750000000097,32.0,0.0,54.0750000000097,117.0,22.804166666666667,0.5967065594737804,1.0,100.0,100.0,6.0,100.0,100.0,16.0,100.0,100.0,9.0,100.0,100.0,COMPLETED,120,10,1000.0,98.6,70.0,84,06c356880df12918,False,1.0,1.0,1.0,0.93684460626608,0.5,0.5,0.4666666666666667,0.5333333333333333,0.49029385574354406,0.5097061442564559,0.49505998588567396,0.5049400141143261,0.98421115156652,0.5095958983408231,0.4904041016591769,False
T120_P10_H1000_I0986_CN080_F1,California,unlimited_useful_deadline,unlimited,central_only,targeted_central,all_useful,deadline,-1.0,0.0,0.0,1.0,none,0.0,0,applicable,32.0,0.0,,0.0,209704.0,59993172.0,1244564.2783968758,3214.0,3135.5,0.25193556125834177,99.9840535799713,15.0,100.0,100.0,100.0,100.0,100.0,100.0,100.0,100.0,100.0,0.0,0.0,0.0,0.0,32.0,0.0,33.834722222222304,39.52534722223961,46.0331597222234,47.73472222222578,32.0,0.0,47.73472222222578,98.0,25.4625,0.4877175039546173,1.0,100.0,100.0,6.0,100.0,100.0,16.0,100.0,100.0,9.0,100.0,100.0,COMPLETED,120,10,1000.0,98.6,80.0,96,35b5ba13d5749afb,False,1.0,1.0,1.0,0.9563873530815734,0.5,0.5,0.5333333333333333,0.4666666666666667,0.548619768477293,0.451380231522707,0.5508115737473536,0.44918842625264643,0.9890968382703933,0.47344706488840405,0.526552935111596,False
T120_P10_H1000_I0986_CN090_F1,California,unlimited_useful_deadline,unlimited,central_only,targeted_central,all_useful,deadline,-1.0,0.0,0.0,1.0,none,0.0,0,applicable,32.0,0.0,,0.0,230440.0,67695084.0,1392440.9887964255,3534.0,3464.0,0.24877176324679678,99.95669745958429,15.0,100.0,100.0,100.0,100.0,100.0,100.0,100.0,100.0,100.0,0.0,0.0,0.0,0.0,32.0,0.0,35.30138888889536,40.16875000000087,45.03159722224486,46.036805555555716,32.0,0.0,46.036805555555716,94.0,28.104166666666668,0.48305782060785774,1.0,100.0,100.0,6.0,100.0,100.0,16.0,100.0,100.0,9.0,100.0,100.0,COMPLETED,120,10,1000.0,98.6,90.0,108,784a57a27e35e5a2,False,1.0,1.0,1.0,0.9616208707117958,0.5,0.5,0.6,0.4,0.6071237756010686,0.39287622439893144,0.6072688779110798,0.39273112208892025,0.990405217677949,0.43712146929757034,0.5628785307024297,False
T120_P10_H1000_I0986_CN100_F1,California,unlimited_useful_deadline,unlimited,central_only,targeted_central,all_useful,deadline,-1.0,0.0,0.0,1.0,none,0.0,0,applicable,32.0,0.0,,0.0,252714.0,75786108.0,1547788.6495958874,3840.0,3780.0,0.2442193900948247,100.0,15.0,100.0,100.0,100.0,100.0,100.0,100.0,100.0,100.0,100.0,0.0,0.0,0.0,0.0,32.0,0.0,30.59305555556208,38.08402777777871,44.56840277777868,45.50902777777956,32.0,0.0,45.50902777777956,109.0,30.7375,0.39508720798879393,1.0,100.0,100.0,6.0,100.0,100.0,16.0,100.0,100.0,9.0,100.0,100.0,COMPLETED,120,10,1000.0,98.6,100.0,120,de94b775a21c8732,False,1.0,1.0,1.0,0.9632476491980735,0.5,0.5,0.6666666666666666,0.33333333333333337,0.6634016028495102,0.3365983971504898,0.6612561750176429,0.3387438249823571,0.9908119122995184,0.4017351110932361,0.5982648889067639,False
T180_P03_H0500_I0600_CN000_F1,California,unlimited_useful_deadline,unlimited,central_only,targeted_central,all_useful,deadline,-1.0,0.0,0.0,1.0,none,0.0,0,applicable,32.0,0.0,,0.0,3480.0,1259492.0,125949.2,881.0,651.0,0.5168750575628904,0.0,1.0,45.358022211419396,45.358022211419396,45.358022211419396,45.358022211419396,0.0,0.0,0.0,0.0,53.125,13.0,2.0,0.0,15.0,0.0,32.0,,,,,0.0,32.0,,651.0,0.0,0.0,1.0,0.0,0.0,6.0,0.0,0.0,16.0,50.0,0.0,9.0,100.0,0.0,COMPLETED,180,3,500.0,60.0,0.0,0,8cf9a63e0619d2d1,False,0.53125,0.0,0.30293238095537556,0.0,1.0,0.0,0.0,1.0,0.10614425645592164,0.8938557435440784,0.13920254057868736,0.8607974594213126,0.2085455952388439,0.5509306405930783,0.4490693594069217,False
T180_P03_H0500_I0600_CN010_F1,California,unlimited_useful_deadline,unlimited,central_only,targeted_central,all_useful,deadline,-1.0,0.0,0.0,1.0,none,0.0,0,applicable,32.0,0.0,,0.0,38416.0,8073452.0,256777.23199964757,2127.0,1697.5,0.6610788607622072,81.76730486008836,9.0,97.64752791068581,97.64752791068581,97.64752791068581,97.64752791068581,53.125,53.125,53.125,53.125,59.375,13.0,0.0,0.0,13.0,17.0,15.0,97.80138888888857,106.99236111111139,108.42916666666696,111.73472222222239,17.0,15.0,111.73472222222239,401.5,7.2,0.9140089163237313,1.0,0.0,0.0,6.0,33.33333333333333,0.0,16.0,50.0,50.0,9.0,100.0,100.0,COMPLETED,180,3,500.0,60.0,10.0,18,8fe7709220802594,False,0.59375,0.53125,0.9699895175004102,0.7591190566397303,1.0,0.0,0.1,0.9,0.292520035618878,0.707479964381122,0.35903316866619617,0.6409668313338038,0.7135271435350351,0.44968935914298525,0.5503106408570148,False
T180_P03_H0500_I0600_CN020_F1,California,unlimited_useful_deadline,unlimited,central_only,targeted_central,all_useful,deadline,-1.0,0.0,0.0,1.0,none,0.0,0,applicable,32.0,0.0,,0.0,70858.0,14657436.0,383189.72479929077,2498.0,2087.0,0.5446388211722379,90.84810733109727,14.0,100.0,100.0,100.0,100.0,59.375,59.375,59.375,59.375,59.375,13.0,0.0,0.0,13.0,19.0,13.0,79.1513888888888,82.7812500000001,83.7506944444443,87.20069444444452,19.0,13.0,87.20069444444452,302.5,9.91388888888889,0.8579013729335949,1.0,0.0,0.0,6.0,33.33333333333333,33.33333333333333,16.0,50.0,50.0,9.0,100.0,100.0,COMPLETED,180,3,500.0,60.0,20.0,36,f18f57e6e7339591,False,0.59375,0.59375,1.0,0.8347407107737828,1.0,0.0,0.2,0.8,0.36188780053428315,0.6381121994657168,0.4244883556810162,0.5755116443189838,0.7555601776934457,0.4027247687569402,0.5972752312430598,False
T180_P03_H0500_I0600_CN030_F1,California,unlimited_useful_deadline,unlimited,central_only,targeted_central,all_useful,deadline,-1.0,0.0,0.0,1.0,none,0.0,0,applicable,32.0,0.0,,0.0,103058.0,21691764.0,518248.8223989369,2883.0,2489.5,0.48036770994988115,95.28017674231774,10.0,100.0,100.0,100.0,100.0,59.375,59.375,59.375,59.375,59.375,13.0,0.0,0.0,13.0,19.0,13.0,73.20069444444658,78.13402777777924,78.23576388888942,78.55138888889245,19.0,13.0,78.55138888889245,226.5,12.572222222222223,0.7960647125251632,1.0,0.0,0.0,6.0,33.33333333333333,33.33333333333333,16.0,50.0,50.0,9.0,100.0,100.0,COMPLETED,180,3,500.0,60.0,30.0,54,89d36800168b5f6f,False,0.59375,0.59375,1.0,0.861400613466733,1.0,0.0,0.3,0.7,0.4335707925200356,0.5664292074799644,0.4924135497529993,0.5075864502470007,0.7622251533666833,0.354803131545393,0.645196868454607,False
T180_P03_H0500_I0600_CN040_F1,California,unlimited_useful_deadline,unlimited,central_only,targeted_central,all_useful,deadline,-1.0,0.0,0.0,1.0,none,0.0,0,applicable,32.0,0.0,,0.0,132584.0,28980892.0,658200.0799986186,3267.0,2897.5,0.4402156863922109,97.32528041415013,13.0,100.0,100.0,100.0,100.0,59.375,59.375,59.375,59.375,59.375,13.0,0.0,0.0,13.0,19.0,13.0,70.80138888888953,75.41444444444477,75.72930555555587,76.86805555555576,19.0,13.0,76.86805555555576,206.5,14.95,0.7429621371650357,1.0,0.0,0.0,6.0,33.33333333333333,33.33333333333333,16.0,50.0,50.0,9.0,100.0,100.0,COMPLETED,180,3,500.0,60.0,40.0,72,0f4e3fca946cf03e,False,0.59375,0.59375,1.0,0.8665891806387817,1.0,0.0,0.4,0.6,0.506233303650935,0.493766696349065,0.5601623147494708,0.43983768525052924,0.7635222951596954,0.30672087631991884,0.6932791236800812,False
T180_P03_H0500_I0600_CN050_F1,California,unlimited_useful_deadline,unlimited,central_only,targeted_central,all_useful,deadline,-1.0,0.0,0.0,1.0,none,0.0,0,applicable,32.0,0.0,,0.0,161146.0,36327948.0,799263.555198283,3643.0,3292.0,0.4118791578309002,98.42041312272175,10.0,100.0,100.0,100.0,100.0,59.375,59.375,59.375,59.375,59.375,13.0,0.0,0.0,13.0,19.0,13.0,70.200694444445,73.81805555557385,74.20798611113352,74.71736111111119,19.0,13.0,74.71736111111119,210.0,17.122222222222224,0.672584541062802,1.0,0.0,0.0,6.0,33.33333333333333,33.33333333333333,16.0,50.0,50.0,9.0,100.0,100.0,COMPLETED,180,3,500.0,60.0,50.0,90,59785a9fd1491236,False,0.59375,0.59375,1.0,0.8732183029703838,1.0,0.0,0.5,0.5,0.5764915405164738,0.4235084594835262,0.626499647141849,0.373500352858151,0.765179575742596,0.25940176246833546,0.7405982375316645,False
T180_P03_H0500_I0600_CN060_F1,California,unlimited_useful_deadline,unlimited,central_only,targeted_central,all_useful,deadline,-1.0,0.0,0.0,1.0,none,0.0,0,applicable,32.0,0.0,,0.0,186804.0,43960588.0,945810.2431980043,4027.0,3695.5,0.39072319490901847,98.91760248951428,10.0,100.0,100.0,100.0,100.0,59.375,59.375,59.375,59.375,59.375,13.0,0.0,0.0,13.0,19.0,13.0,68.11736111111483,72.26805555555572,72.87638888889153,74.15138888891379,19.0,13.0,74.15138888891379,217.5,19.322222222222223,0.6402338508721488,1.0,0.0,0.0,6.0,33.33333333333333,33.33333333333333,16.0,50.0,50.0,9.0,100.0,100.0,COMPLETED,180,3,500.0,60.0,60.0,108,f95d9d96bf53cda3,False,0.59375,0.59375,1.0,0.8749628088470447,1.0,0.0,0.6,0.4,0.6483526268922529,0.3516473731077471,0.6942484121383204,0.30575158786167955,0.7656157022117611,0.21147979219388535,0.7885202078061146,False
T180_P03_H0500_I0600_CN070_F1,California,unlimited_useful_deadline,unlimited,central_only,targeted_central,all_useful,deadline,-1.0,0.0,0.0,1.0,none,0.0,0,applicable,32.0,0.0,,0.0,212628.0,51796572.0,1096261.1359977094,4413.0,4107.5,0.3746826248895302,99.14790018259282,8.0,100.0,100.0,100.0,100.0,59.375,59.375,59.375,59.375,59.375,13.0,0.0,0.0,13.0,19.0,13.0,68.71736111111241,71.8279166666668,72.20069444444455,72.20069444444586,19.0,13.0,72.20069444444586,244.0,21.46388888888889,0.5999144414247299,1.0,0.0,0.0,6.0,33.33333333333333,33.33333333333333,16.0,50.0,50.0,9.0,100.0,100.0,COMPLETED,180,3,500.0,60.0,70.0,126,101e6397f253382f,False,0.59375,0.59375,1.0,0.880975467752338,1.0,0.0,0.7,0.30000000000000004,0.7217275155832591,0.2782724844167409,0.7623500352858151,0.23764996471418487,0.7671188669380845,0.16318448982618516,0.8368155101738148,False
T180_P03_H0500_I0600_CN080_F1,California,unlimited_useful_deadline,unlimited,central_only,targeted_central,all_useful,deadline,-1.0,0.0,0.0,1.0,none,0.0,0,applicable,32.0,0.0,,0.0,235818.0,59914468.0,1252124.7391974204,4784.0,4494.5,0.3589498601298189,99.58838580487262,8.0,100.0,100.0,100.0,100.0,59.375,59.375,59.375,59.375,59.375,13.0,0.0,0.0,13.0,19.0,13.0,67.73472222222432,69.68208333333367,70.11215277777953,70.50277777778004,19.0,13.0,70.50277777778004,240.0,23.636111111111113,0.5561555738368524,1.0,0.0,0.0,6.0,33.33333333333333,33.33333333333333,16.0,50.0,50.0,9.0,100.0,100.0,COMPLETED,180,3,500.0,60.0,80.0,144,fc7e018da9613e74,False,0.59375,0.59375,1.0,0.8862089853825473,1.0,0.0,0.8,0.19999999999999996,0.7906500445235976,0.20934995547640245,0.8278052223006351,0.17219477769936486,0.7684272463456369,0.11630894663515345,0.8836910533648465,False
T180_P03_H0500_I0600_CN090_F1,California,unlimited_useful_deadline,unlimited,central_only,targeted_central,all_useful,deadline,-1.0,0.0,0.0,1.0,none,0.0,0,applicable,32.0,0.0,,0.0,257584.0,68308436.0,1413288.9247971629,5169.0,4898.5,0.3466028717873834,99.74481984280902,8.0,100.0,100.0,100.0,100.0,59.375,59.375,59.375,59.375,59.375,13.0,0.0,0.0,13.0,19.0,13.0,67.11736111112259,70.54916666666968,70.83472222222761,71.73472222222239,19.0,13.0,71.73472222222239,279.5,25.66111111111111,0.5201197950494336,1.0,0.0,0.0,6.0,33.33333333333333,33.33333333333333,16.0,50.0,50.0,9.0,100.0,100.0,COMPLETED,180,3,500.0,60.0,90.0,162,79dc48e72a10ae21,False,0.59375,0.59375,1.0,0.8824117419158888,1.0,0.0,0.9,0.09999999999999998,0.86260017809439,0.13739982190560995,0.8957304163726182,0.10426958362738181,0.7674779354789723,0.06833388110659835,0.9316661188934017,False
T180_P03_H0500_I0600_CN100_F1,California,unlimited_useful_deadline,unlimited,central_only,targeted_central,all_useful,deadline,-1.0,0.0,0.0,1.0,none,0.0,0,applicable,32.0,0.0,,0.0,277444.0,76539524.0,1571325.8143969136,5554.0,5309.5,0.33789936825023303,100.0,8.0,100.0,100.0,100.0,100.0,59.375,59.375,59.375,59.375,59.375,13.0,0.0,0.0,13.0,19.0,13.0,65.73472222222335,69.40208333333445,70.11215277777953,70.50277777778004,19.0,13.0,70.50277777778004,286.5,27.905555555555555,0.47301855907271007,1.0,0.0,0.0,6.0,33.33333333333333,33.33333333333333,16.0,50.0,50.0,9.0,100.0,100.0,COMPLETED,180,3,500.0,60.0,100.0,180,5f5b1e7ba9324de7,False,0.59375,0.59375,1.0,0.8862089853825473,1.0,0.0,1.0,0.0,0.9357969723953695,0.06420302760463048,0.9636556104446012,0.03634438955539876,0.7684272463456369,0.02010948343200585,0.9798905165679942,False
T180_P03_H0500_I0800_CN000_F1,California,unlimited_useful_deadline,unlimited,central_only,targeted_central,all_useful,deadline,-1.0,0.0,0.0,1.0,none,0.0,0,applicable,32.0,0.0,,0.0,2061.0,724700.0,72470.0,714.0,545.5,0.752725265627156,0.0,1.0,59.88570583569426,59.88570583569426,59.88570583569426,59.88570583569426,21.875,21.875,21.875,21.875,0.0,5.0,6.0,21.0,11.0,7.0,25.0,332.85,348.8,348.825,348.85,7.0,25.0,348.85,545.5,0.0,0.0,1.0,0.0,0.0,6.0,0.0,0.0,16.0,0.0,18.75,9.0,0.0,44.44444444444444,COMPLETED,180,3,500.0,80.0,0.0,0,b2f7fd55b5db26dd,False,0.0,0.21875,0.48826201659538,0.028254573709119546,1.0,0.0,0.0,1.0,0.08735529830810329,0.9126447016918967,0.10973888496824277,0.8902611150317572,0.18381664757612487,0.5605811633447308,0.43941883665526915,False
T180_P03_H0500_I0800_CN010_F1,California,unlimited_useful_deadline,unlimited,central_only,targeted_central,all_useful,deadline,-1.0,0.0,0.0,1.0,none,0.0,0,applicable,32.0,0.0,,0.0,50599.0,9579148.0,242475.40159953016,1411.0,1269.0,0.5233520561792355,99.64539007092199,7.0,97.05372947054737,97.05372947054737,97.05372947054737,97.05372947054737,68.75,68.75,68.75,68.75,59.375,5.0,0.0,8.0,5.0,22.0,10.0,89.79305555555572,172.77777777777942,176.99652777777783,181.2006944444444,22.0,10.0,181.2006944444444,153.0,6.75,0.9338408779149521,1.0,0.0,0.0,6.0,0.0,33.33333333333333,16.0,62.5,68.75,9.0,100.0,100.0,COMPLETED,180,3,500.0,80.0,10.0,18,9b6a80429fb6af91,False,0.59375,0.6875,0.9624144317950347,0.5450029003748107,1.0,0.0,0.1,0.9,0.216206589492431,0.783793410507569,0.23270995059985886,0.7672900494001411,0.6971668330424614,0.49021669198154205,0.509783308018458,False
T180_P03_H0500_I0800_CN020_F1,California,unlimited_useful_deadline,unlimited,central_only,targeted_central,all_useful,deadline,-1.0,0.0,0.0,1.0,none,0.0,0,applicable,32.0,0.0,,0.0,102455.0,18971572.0,422809.942398997,1890.0,1750.0,0.4138975517156976,100.0,7.0,98.14620629905968,98.14620629905968,98.14620629905968,98.14620629905968,68.75,68.75,68.75,68.75,68.75,5.0,0.0,5.0,5.0,22.0,10.0,83.8597222222298,172.71736111111272,173.19652777777978,176.20069444444513,22.0,10.0,176.20069444444513,144.0,9.45,0.8792181069958849,1.0,0.0,0.0,6.0,50.0,33.33333333333333,16.0,62.5,68.75,9.0,100.0,100.0,COMPLETED,180,3,500.0,80.0,20.0,36,bf66b45b2d0cfe6e,False,0.6875,0.6875,0.9763511568648885,0.5604144860343283,1.0,0.0,0.2,0.8,0.3018699910952805,0.6981300089047195,0.3172194777699365,0.6827805222300636,0.7279414107248041,0.4361821062269567,0.5638178937730434,False
T180_P03_H0500_I0800_CN030_F1,California,unlimited_useful_deadline,unlimited,central_only,targeted_central,all_useful,deadline,-1.0,0.0,0.0,1.0,none,0.0,0,applicable,32.0,0.0,,0.0,150415.0,28719068.0,609961.8655985284,2368.0,2223.0,0.36444901318849976,100.0,8.0,98.66486672193467,98.66486672193467,98.66486672193467,98.66486672193467,68.75,68.75,68.75,68.75,78.125,5.0,0.0,2.0,5.0,22.0,10.0,80.33472222222575,167.58298611111135,171.89322916666652,172.2006944444444,22.0,10.0,172.2006944444444,143.0,12.083333333333334,0.8189297573435506,1.0,100.0,0.0,6.0,83.33333333333334,33.33333333333333,16.0,62.5,68.75,9.0,100.0,100.0,COMPLETED,180,3,500.0,80.0,30.0,54,1333ffe412f505c9,False,0.78125,0.6875,0.9829677070099988,0.5727437545619464,1.0,0.0,0.3,0.7,0.3861086375779163,0.6138913624220836,0.4015525758645025,0.5984474241354976,0.7561153653929863,0.3824677573115163,0.6175322426884837,False
T180_P03_H0500_I0800_CN040_F1,California,unlimited_useful_deadline,unlimited,central_only,targeted_central,all_useful,deadline,-1.0,0.0,0.0,1.0,none,0.0,0,applicable,32.0,0.0,,0.0,194951.0,38667444.0,800970.6847980773,2836.0,2683.5,0.33503098814115817,100.0,7.0,98.86521326731047,98.86521326731047,98.86521326731047,98.86521326731047,68.75,68.75,68.75,68.75,75.0,5.0,0.0,3.0,5.0,22.0,10.0,78.85972222223135,167.9690972222246,172.86736111111279,173.20069444444476,22.0,10.0,173.20069444444476,188.5,14.608333333333333,0.7724947708689864,1.0,0.0,0.0,6.0,83.33333333333334,33.33333333333333,16.0,62.5,68.75,9.0,100.0,100.0,COMPLETED,180,3,500.0,80.0,40.0,72,5f12c9fb4b2248c7,False,0.75,0.6875,0.9855235275534877,0.5696614374300413,1.0,0.0,0.4,0.6,0.4681211041852182,0.5318788958147818,0.48412138320395204,0.515878616796048,0.7481712412458823,0.329551502522166,0.670448497477834,False
T180_P03_H0500_I0800_CN050_F1,California,unlimited_useful_deadline,unlimited,central_only,targeted_central,all_useful,deadline,-1.0,0.0,0.0,1.0,none,0.0,0,applicable,32.0,0.0,,0.0,241045.0,49068524.0,1000671.4207976391,3308.0,3145.0,0.314288979842465,100.0,8.0,99.15327911093185,99.15327911093185,99.15327911093185,99.15327911093185,68.75,68.75,68.75,68.75,81.25,5.0,0.0,1.0,5.0,22.0,10.0,78.79305555555572,167.5829861111113,170.07239583333342,173.1173611111129,22.0,10.0,173.1173611111129,174.0,17.119444444444444,0.7047911370724935,1.0,100.0,0.0,6.0,83.33333333333334,33.33333333333333,16.0,68.75,68.75,9.0,100.0,100.0,COMPLETED,180,3,500.0,80.0,50.0,90,f4179df7993e0d24,False,0.8125,0.6875,0.9891983830376391,0.5699182971910287,1.0,0.0,0.5,0.5,0.5503116651825467,0.4496883348174533,0.5673959068454482,0.43260409315455184,0.7647791700571669,0.27645848559440106,0.723541514405599,False
T180_P03_H0500_I0800_CN060_F1,California,unlimited_useful_deadline,unlimited,central_only,targeted_central,all_useful,deadline,-1.0,0.0,0.0,1.0,none,0.0,0,applicable,32.0,0.0,,0.0,281261.0,59688516.0,1204575.2671971535,3760.0,3592.0,0.2981963931866198,100.0,7.0,99.38387369018545,99.38387369018545,99.38387369018545,99.38387369018545,68.75,68.75,68.75,68.75,81.25,5.0,0.0,1.0,5.0,22.0,10.0,77.35972222223175,167.0690972222255,169.09652777780357,170.11736111111193,22.0,10.0,170.11736111111193,222.0,19.544444444444444,0.6812614490556503,1.0,100.0,0.0,6.0,83.33333333333334,33.33333333333333,16.0,68.75,68.75,9.0,100.0,100.0,COMPLETED,180,3,500.0,80.0,60.0,108,d2dbe9b015ab5761,False,0.8125,0.6875,0.992140077698598,0.5791652485867436,1.0,0.0,0.6,0.4,0.629919857524488,0.370080142475512,0.6471418489767113,0.35285815102328866,0.7678263315713354,0.22458765869976016,0.7754123413002398,False
T180_P03_H0500_I0800_CN070_F1,California,unlimited_useful_deadline,unlimited,central_only,targeted_central,all_useful,deadline,-1.0,0.0,0.0,1.0,none,0.0,0,applicable,32.0,0.0,,0.0,322289.0,70762252.0,1417190.9983967238,4225.0,4048.5,0.28567073912973556,100.0,8.0,99.38387369018545,99.38387369018545,99.38387369018545,99.38387369018545,68.75,68.75,68.75,68.75,84.375,5.0,0.0,0.0,5.0,22.0,10.0,76.79305555556638,165.5913194444492,166.09322916666676,171.11736111112404,22.0,10.0,171.11736111112404,217.0,22.002777777777776,0.6213840845011152,1.0,100.0,0.0,6.0,100.0,33.33333333333333,16.0,68.75,68.75,9.0,100.0,100.0,COMPLETED,180,3,500.0,80.0,70.0,126,881383fa22d14848,False,0.84375,0.6875,0.992140077698598,0.5760829314548024,1.0,0.0,0.7,0.30000000000000004,0.711219946571683,0.28878005342831703,0.7291813690896259,0.27081863091037406,0.7748682522883501,0.17191973686773823,0.8280802631322618,False
T180_P03_H0500_I0800_CN080_F1,California,unlimited_useful_deadline,unlimited,central_only,targeted_central,all_useful,deadline,-1.0,0.0,0.0,1.0,none,0.0,0,applicable,32.0,0.0,,0.0,360095.0,82058428.0,1634077.5775962914,4698.0,4515.5,0.2763332697240878,100.0,8.0,99.68710089399745,99.68710089399745,99.68710089399745,99.68710089399745,78.125,78.125,78.125,78.125,84.375,5.0,0.0,0.0,5.0,25.0,7.0,66.73472222223306,163.46111111112967,164.02083333333783,173.1173611111129,25.0,7.0,173.1173611111129,208.5,24.591666666666665,0.5718344064159042,1.0,100.0,0.0,6.0,100.0,83.33333333333334,16.0,68.75,68.75,9.0,100.0,100.0,COMPLETED,180,3,500.0,80.0,80.0,144,64da4d758d760723,False,0.84375,0.78125,0.9960083466292838,0.5699182971910287,1.0,0.0,0.8,0.19999999999999996,0.7943900267141585,0.20560997328584152,0.8126323218066337,0.1873676781933663,0.7977316609550781,0.11859553029584158,0.8814044697041584,False
T180_P03_H0500_I0800_CN090_F1,California,unlimited_useful_deadline,unlimited,central_only,targeted_central,all_useful,deadline,-1.0,0.0,0.0,1.0,none,0.0,0,applicable,32.0,0.0,,0.0,394549.0,93685660.0,1857320.4319959008,5162.0,4972.5,0.2677244009347642,100.0,8.0,100.0,100.0,100.0,100.0,84.375,84.375,84.375,84.375,84.375,5.0,0.0,0.0,5.0,27.0,5.0,64.73472222225101,160.37430555556162,162.37256944444727,169.98541666666813,27.0,5.0,169.98541666666813,261.0,27.04722222222222,0.5304799561808908,1.0,100.0,100.0,6.0,100.0,100.0,16.0,68.75,68.75,9.0,100.0,100.0,COMPLETED,180,3,500.0,80.0,90.0,162,f251e34badc4692b,False,0.84375,0.84375,1.0,0.5795719432083123,1.0,0.0,0.9,0.09999999999999998,0.8757791629563668,0.12422083704363318,0.8944954128440367,0.10550458715596334,0.8167679858020781,0.0659450848399193,0.9340549151600807,False
T180_P03_H0500_I0800_CN100_F1,California,unlimited_useful_deadline,unlimited,central_only,targeted_central,all_useful,deadline,-1.0,0.0,0.0,1.0,none,0.0,0,applicable,32.0,0.0,,0.0,431959.0,105846388.0,2090806.4095954746,5625.0,5429.0,0.25966057761657585,100.0,8.0,100.0,100.0,100.0,100.0,84.375,84.375,84.375,84.375,84.375,5.0,0.0,0.0,5.0,27.0,5.0,59.01944444445059,155.3743055555774,160.87256944445403,169.11736111111142,27.0,5.0,169.11736111111142,249.5,29.56111111111111,0.4859508446616134,1.0,100.0,100.0,6.0,100.0,100.0,16.0,68.75,68.75,9.0,100.0,100.0,COMPLETED,180,3,500.0,80.0,100.0,180,feb70c13c0fa2e13,False,0.84375,0.84375,1.0,0.5822475657186491,1.0,0.0,1.0,0.0,0.9570792520035619,0.04292074799643808,0.976182074805928,0.023817925194071998,0.8174368914296622,0.013347734638102017,0.986652265361898,False
T180_P03_H0500_I0986_CN000_F1,California,unlimited_useful_deadline,unlimited,central_only,targeted_central,all_useful,deadline,-1.0,0.0,0.0,1.0,none,0.0,0,applicable,32.0,0.0,,0.0,2016.0,694560.0,69456.0,265.0,159.5,0.22964178760654227,0.0,1.0,21.611653883060995,21.611653883060995,21.611653883060995,21.611653883060995,0.0,0.0,0.0,0.0,0.0,5.0,14.0,13.0,19.0,0.0,32.0,,,,,0.0,32.0,,159.5,0.0,0.0,1.0,0.0,0.0,6.0,0.0,0.0,16.0,0.0,0.0,9.0,0.0,0.0,COMPLETED,180,3,500.0,98.6,0.0,0,90a2156339d47099,False,0.0,0.0,0.0,0.0,1.0,0.0,0.0,1.0,0.01861086375779163,0.9813891362422084,0.03052223006351447,0.9694777699364855,0.0,0.5901733812357388,0.4098266187642612,False
T180_P03_H0500_I0986_CN010_F1,California,unlimited_useful_deadline,unlimited,central_only,targeted_central,all_useful,deadline,-1.0,0.0,0.0,1.0,none,0.0,0,applicable,32.0,0.0,,0.0,50768.0,9631224.0,241039.94879955088,1017.0,740.5,0.30721048676283974,98.04186360567185,6.0,62.96296296296296,62.96296296296296,62.96296296296296,62.96296296296296,53.125,53.125,53.125,53.125,53.125,5.0,10.0,0.0,15.0,17.0,15.0,70.4,84.38263888889051,113.58458333333367,228.71736111111264,17.0,15.0,228.71736111111264,93.0,3.7055555555555557,0.9455105780443112,1.0,0.0,0.0,6.0,0.0,0.0,16.0,50.0,50.0,9.0,100.0,100.0,COMPLETED,180,3,500.0,98.6,10.0,18,e278b65554160166,False,0.53125,0.53125,0.527518580609093,0.3985414646571692,1.0,0.0,0.1,0.9,0.12208370436331256,0.8779162956366875,0.163196894848271,0.8368031051517291,0.49714001131656554,0.5229438801576833,0.47705611984231666,False
T180_P03_H0500_I0986_CN020_F1,California,unlimited_useful_deadline,unlimited,central_only,targeted_central,all_useful,deadline,-1.0,0.0,0.0,1.0,none,0.0,0,applicable,32.0,0.0,,0.0,102794.0,19130912.0,423433.95839905634,1302.0,965.0,0.2278985850942442,100.0,7.0,62.96296296296296,62.96296296296296,62.96296296296296,62.96296296296296,53.125,53.125,53.125,53.125,53.125,5.0,10.0,0.0,15.0,17.0,15.0,60.80138888889681,67.87777777777791,99.0373611111126,209.7173611111158,17.0,15.0,209.7173611111158,100.0,4.805555555555555,0.8835709698137444,1.0,0.0,0.0,6.0,0.0,0.0,16.0,50.0,50.0,9.0,100.0,100.0,COMPLETED,180,3,500.0,98.6,20.0,36,37075f360dd97b31,False,0.53125,0.53125,0.527518580609093,0.4571054901633348,1.0,0.0,0.2,0.8,0.1620658949243099,0.8379341050756901,0.21347918136908964,0.7865208186309104,0.5117810176931069,0.4848909847413202,0.5151090152586798,False
T180_P03_H0500_I0986_CN030_F1,California,unlimited_useful_deadline,unlimited,central_only,targeted_central,all_useful,deadline,-1.0,0.0,0.0,1.0,none,0.0,0,applicable,32.0,0.0,,0.0,152596.0,29088656.0,614622.6431985896,1630.0,1234.5,0.20085494956311314,99.91899554475496,7.0,62.96296296296296,62.96296296296296,62.96296296296296,62.96296296296296,53.125,53.125,53.125,53.125,53.125,5.0,10.0,0.0,15.0,17.0,15.0,59.50277777777774,67.27083333333371,97.82347222222214,209.7173611111112,17.0,15.0,209.7173611111112,93.5,6.338888888888889,0.7981935923653716,1.0,0.0,0.0,6.0,0.0,0.0,16.0,50.0,50.0,9.0,100.0,100.0,COMPLETED,180,3,500.0,98.6,30.0,54,7e15807ce0cac014,False,0.53125,0.53125,0.527518580609093,0.457105490163349,1.0,0.0,0.3,0.7,0.21006233303650934,0.7899376669634907,0.27134791813690895,0.728652081863091,0.5117810176931105,0.4437179497653163,0.5562820502346837,False
T180_P03_H0500_I0986_CN040_F1,California,unlimited_useful_deadline,unlimited,central_only,targeted_central,all_useful,deadline,-1.0,0.0,0.0,1.0,none,0.0,0,applicable,32.0,0.0,,0.0,196402.0,39112304.0,807076.6847981433,2175.0,1792.5,0.22209785436291216,100.0,9.0,77.77777777777777,77.77777777777777,77.77777777777777,77.77777777777777,65.625,65.625,65.625,65.625,53.125,5.0,6.0,4.0,11.0,21.0,11.0,58.2006944444444,61.06875000000134,63.85138888889196,209.7173611111158,21.0,11.0,209.7173611111158,108.0,9.358333333333333,0.7471834702021702,1.0,0.0,0.0,6.0,0.0,33.33333333333333,16.0,50.0,62.5,9.0,100.0,100.0,COMPLETED,180,3,500.0,98.6,40.0,72,2b43e28488abb99e,False,0.53125,0.65625,0.7165111483654557,0.4571054901633348,1.0,0.0,0.4,0.6,0.30943900267141583,0.6905609973285842,0.3675017642907551,0.6324982357092449,0.5902791596321976,0.38461184660756587,0.6153881533924341,False
T180_P03_H0500_I0986_CN050_F1,California,unlimited_useful_deadline,unlimited,central_only,targeted_central,all_useful,deadline,-1.0,0.0,0.0,1.0,none,0.0,0,applicable,32.0,0.0,,0.0,241640.0,49647528.0,1009352.9855976476,2588.0,2164.5,0.21444430549916874,100.0,9.0,77.77777777777777,77.77777777777777,77.77777777777777,77.77777777777777,65.625,65.625,65.625,65.625,53.125,5.0,6.0,4.0,11.0,21.0,11.0,57.55138888889051,61.06875000000134,63.85138888889196,206.7173611111158,21.0,11.0,206.7173611111158,113.0,11.397222222222222,0.6593833780160858,1.0,0.0,0.0,6.0,0.0,33.33333333333333,16.0,50.0,62.5,9.0,100.0,100.0,COMPLETED,180,3,500.0,98.6,50.0,90,2751f062bced930d,False,0.53125,0.65625,0.7165111483654557,0.46635244155904665,1.0,0.0,0.5,0.5,0.3756901157613535,0.6243098842386465,0.44036697247706424,0.5596330275229358,0.5925908974811256,0.33678858235231646,0.6632114176476835,False
T180_P03_H0500_I0986_CN060_F1,California,unlimited_useful_deadline,unlimited,central_only,targeted_central,all_useful,deadline,-1.0,0.0,0.0,1.0,none,0.0,0,applicable,32.0,0.0,,0.0,283704.0,60413944.0,1216068.1727972291,2976.0,2509.5,0.20636178597023783,100.0,9.0,77.77777777777777,77.77777777777777,77.77777777777777,77.77777777777777,65.625,65.625,65.625,65.625,53.125,5.0,6.0,4.0,11.0,21.0,11.0,57.117361111111435,59.06874999999988,63.851388888890504,204.71736111113472,21.0,11.0,204.71736111113472,128.0,13.230555555555556,0.6141215853686985,1.0,0.0,0.0,6.0,0.0,33.33333333333333,16.0,50.0,62.5,9.0,100.0,100.0,COMPLETED,180,3,500.0,98.6,60.0,108,facfa6203b3e6f36,False,0.53125,0.65625,0.7165111483654557,0.47251707582279623,1.0,0.0,0.6,0.4,0.4371326803205699,0.56286731967943,0.5088214537755822,0.4911785462244178,0.594132056047063,0.2908091731807696,0.7091908268192304,False
T180_P03_H0500_I0986_CN070_F1,California,unlimited_useful_deadline,unlimited,central_only,targeted_central,all_useful,deadline,-1.0,0.0,0.0,1.0,none,0.0,0,applicable,32.0,0.0,,0.0,327352.0,71769592.0,1434096.6143967446,3417.0,2908.5,0.20281060360939948,100.0,11.0,77.77777777777777,77.77777777777777,77.77777777777777,77.77777777777777,65.625,65.625,65.625,65.625,53.125,5.0,6.0,4.0,11.0,21.0,11.0,52.985416666666666,57.55138888888905,61.85138888890845,201.71736111112065,21.0,11.0,201.71736111112065,118.5,15.511111111111111,0.55457258834766,1.0,0.0,0.0,6.0,0.0,33.33333333333333,16.0,50.0,62.5,9.0,100.0,100.0,COMPLETED,180,3,500.0,98.6,70.0,126,3ec7140e55d4c826,False,0.53125,0.65625,0.7165111483654557,0.4817640272185515,1.0,0.0,0.7,0.30000000000000004,0.5081923419412289,0.49180765805877114,0.5866266760762173,0.4133733239237827,0.5964437938960018,0.24103619639651078,0.7589638036034893,False
T180_P03_H0500_I0986_CN080_F1,California,unlimited_useful_deadline,unlimited,central_only,targeted_central,all_useful,deadline,-1.0,0.0,0.0,1.0,none,0.0,0,applicable,32.0,0.0,,0.0,365112.0,83189040.0,1653350.0159963015,3774.0,3225.5,0.19508875729839503,100.0,11.0,77.77777777777777,77.77777777777777,77.77777777777777,77.77777777777777,65.625,65.625,65.625,65.625,53.125,5.0,6.0,4.0,11.0,21.0,11.0,52.55138888891379,59.36736111111192,60.85138888888954,203.71736111111193,21.0,11.0,203.71736111111193,123.0,17.23611111111111,0.4968511057390994,1.0,0.0,0.0,6.0,0.0,33.33333333333333,16.0,50.0,62.5,9.0,100.0,100.0,COMPLETED,180,3,500.0,98.6,80.0,144,c7ebab1303375c83,False,0.53125,0.65625,0.7165111483654557,0.4755993929547705,1.0,0.0,0.8,0.19999999999999996,0.5646482635796972,0.4353517364203028,0.6496118560338744,0.3503881439661256,0.5949026353300565,0.19714797607728568,0.8028520239227144,False
T180_P03_H0500_I0986_CN090_F1,California,unlimited_useful_deadline,unlimited,central_only,targeted_central,all_useful,deadline,-1.0,0.0,0.0,1.0,none,0.0,0,applicable,32.0,0.0,,0.0,400362.0,94989008.0,1879909.401595882,4180.0,3588.5,0.19088685853444168,100.0,13.0,77.77777777777777,77.77777777777777,77.77777777777777,77.77777777777777,65.625,65.625,65.625,65.625,53.125,5.0,6.0,4.0,11.0,21.0,11.0,46.80138888889293,57.55138888888905,57.85138888888954,192.7173611111129,21.0,11.0,192.7173611111129,133.0,19.23611111111111,0.4273862815884477,1.0,0.0,0.0,6.0,0.0,33.33333333333333,16.0,50.0,62.5,9.0,100.0,100.0,COMPLETED,180,3,500.0,98.6,90.0,162,6b81e0b061dd7a29,False,0.53125,0.65625,0.7165111483654557,0.509504881405711,1.0,0.0,0.9,0.09999999999999998,0.6292965271593944,0.37070347284060556,0.721242060691602,0.278757939308398,0.6033790074427916,0.1498922824298007,0.8501077175701993,False
T180_P03_H0500_I0986_CN100_F1,California,unlimited_useful_deadline,unlimited,central_only,targeted_central,all_useful,deadline,-1.0,0.0,0.0,1.0,none,0.0,0,applicable,32.0,0.0,,0.0,438972.0,107390696.0,2118021.811195413,4611.0,3977.5,0.1877931558105672,100.0,13.0,77.77777777777777,77.77777777777777,77.77777777777777,77.77777777777777,65.625,65.625,65.625,65.625,53.125,5.0,6.0,4.0,11.0,21.0,11.0,42.63472222223051,44.551388888918154,52.851388888892444,192.7173611111129,21.0,11.0,192.7173611111129,127.0,21.391666666666666,0.33032001615951745,1.0,0.0,0.0,6.0,0.0,33.33333333333333,16.0,50.0,62.5,9.0,100.0,100.0,COMPLETED,180,3,500.0,98.6,100.0,180,e57bf4c551bd2714,False,0.53125,0.65625,0.7165111483654557,0.509504881405711,1.0,0.0,1.0,0.0,0.6985752448797863,0.3014247551202137,0.7972829922371206,0.20271700776287938,0.6033790074427916,0.10082835257661862,0.8991716474233814,False
T180_P03_H0800_I0600_CN000_F1,California,unlimited_useful_deadline,unlimited,central_only,targeted_central,all_useful,deadline,-1.0,0.0,0.0,1.0,none,0.0,0,applicable,32.0,0.0,,0.0,3609.0,2041728.0,204172.8,823.0,608.5,0.2980318632060686,0.0,1.0,45.32024499627482,45.32024499627482,45.32024499627482,45.32024499627482,0.0,0.0,0.0,0.0,53.125,13.0,2.0,0.0,15.0,0.0,32.0,,,,,0.0,32.0,,608.5,0.0,0.0,1.0,0.0,0.0,6.0,0.0,0.0,16.0,50.0,0.0,9.0,100.0,0.0,COMPLETED,180,3,800.0,60.0,0.0,0,c61e2a08cec85155,False,0.53125,0.0,0.3024504570851077,0.0,1.0,0.0,0.0,1.0,0.09857524487978629,0.9014247551202137,0.128969654199012,0.871030345800988,0.2084251142712769,0.5544910201842403,0.44550897981575965,False
T180_P03_H0800_I0600_CN010_F1,California,unlimited_useful_deadline,unlimited,central_only,targeted_central,all_useful,deadline,-1.0,0.0,0.0,1.0,none,0.0,0,applicable,32.0,0.0,,0.0,34679.0,8294800.0,324231.7823996398,2022.0,1619.0,0.4993341454738888,80.20382952439778,7.0,98.12599681020734,98.12599681020734,98.12599681020734,98.12599681020734,53.125,53.125,53.125,53.125,59.375,13.0,0.0,0.0,13.0,17.0,15.0,102.11736111111144,111.46111111111105,114.63402777777772,116.36736111111095,17.0,15.0,116.36736111111095,417.0,6.677777777777778,0.9104963948973932,1.0,0.0,0.0,6.0,33.33333333333333,0.0,16.0,50.0,50.0,9.0,100.0,100.0,COMPLETED,180,3,800.0,60.0,10.0,18,7a0373a36e3d0dd1,False,0.59375,0.53125,0.9760933444494793,0.7448397944265845,1.0,0.0,0.1,0.9,0.27853962600178095,0.721460373998219,0.3405081157374735,0.6594918842625265,0.711483284719016,0.4561904516521491,0.5438095483478509,False
T180_P03_H0800_I0600_CN020_F1,California,unlimited_useful_deadline,unlimited,central_only,targeted_central,all_useful,deadline,-1.0,0.0,0.0,1.0,none,0.0,0,applicable,32.0,0.0,,0.0,62983.0,14310104.0,439725.619199276,2404.0,2013.5,0.45789917896221477,87.63347405016141,13.0,99.52153110047847,99.52153110047847,99.52153110047847,99.52153110047847,56.25,56.25,56.25,56.25,59.375,13.0,0.0,0.0,13.0,18.0,14.0,84.68472222222505,94.24756944444928,94.6737847222291,95.36736111111483,18.0,14.0,95.36736111111483,369.5,9.133333333333333,0.8597188429305218,1.0,0.0,0.0,6.0,33.33333333333333,16.666666666666664,16.0,50.0,50.0,9.0,100.0,100.0,COMPLETED,180,3,800.0,60.0,20.0,36,de6967a3339012aa,False,0.59375,0.5625,0.9938961730509309,0.8095684541965558,1.0,0.0,0.2,0.8,0.3487978628673197,0.6512021371326804,0.4079040225829217,0.5920959774170783,0.7399286568118717,0.4086596229099518,0.5913403770900483,False
T180_P03_H0800_I0600_CN030_F1,California,unlimited_useful_deadline,unlimited,central_only,targeted_central,all_useful,deadline,-1.0,0.0,0.0,1.0,none,0.0,0,applicable,32.0,0.0,,0.0,91447.0,20761648.0,563595.2639988796,2798.0,2424.0,0.4300958781663607,92.38861386138613,10.0,100.0,100.0,100.0,100.0,59.375,59.375,59.375,59.375,59.375,13.0,0.0,0.0,13.0,19.0,13.0,79.63472222222286,84.9812499999999,86.6506944444443,89.20069444444441,19.0,13.0,89.20069444444441,319.0,11.694444444444445,0.8081789390340459,1.0,0.0,0.0,6.0,33.33333333333333,33.33333333333333,16.0,50.0,50.0,9.0,100.0,100.0,COMPLETED,180,3,800.0,60.0,30.0,54,abef85413207a2e3,False,0.59375,0.59375,1.0,0.8285760765099752,1.0,0.0,0.3,0.7,0.42190560997328586,0.5780943900267141,0.4774170783345095,0.5225829216654905,0.7540190191274938,0.3601354623384409,0.639864537661559,False
T180_P03_H0800_I0600_CN040_F1,California,unlimited_useful_deadline,unlimited,central_only,targeted_central,all_useful,deadline,-1.0,0.0,0.0,1.0,none,0.0,0,applicable,32.0,0.0,,0.0,117375.0,27493768.0,692851.9679984956,3187.0,2834.5,0.40910614834338677,94.49638384194743,10.0,100.0,100.0,100.0,100.0,59.375,59.375,59.375,59.375,59.375,13.0,0.0,0.0,13.0,19.0,13.0,77.06875000001698,82.13472222224217,83.79798611111129,84.36736111111144,19.0,13.0,84.36736111111144,332.0,13.902777777777779,0.7505461205461206,1.0,0.0,0.0,6.0,33.33333333333333,33.33333333333333,16.0,50.0,50.0,9.0,100.0,100.0,COMPLETED,180,3,800.0,60.0,40.0,72,a89e3b3c29ad30b6,False,0.59375,0.59375,1.0,0.8434739426475099,1.0,0.0,0.4,0.6,0.495013357079252,0.504986642920748,0.5460479887085392,0.4539520112914608,0.7577434856618774,0.31178773084244177,0.6882122691575583,False
T180_P03_H0800_I0600_CN050_F1,California,unlimited_useful_deadline,unlimited,central_only,targeted_central,all_useful,deadline,-1.0,0.0,0.0,1.0,none,0.0,0,applicable,32.0,0.0,,0.0,141815.0,34238568.0,822352.1279980838,3582.0,3244.0,0.3944782155421818,96.25462392108508,12.0,100.0,100.0,100.0,100.0,59.375,59.375,59.375,59.375,59.375,13.0,0.0,0.0,13.0,19.0,13.0,78.15138888889366,80.30750000000388,81.0979861111152,84.36736111111144,19.0,13.0,84.36736111111144,320.0,16.244444444444444,0.6990291077671378,1.0,0.0,0.0,6.0,33.33333333333333,33.33333333333333,16.0,50.0,50.0,9.0,100.0,100.0,COMPLETED,180,3,800.0,60.0,50.0,90,a225b5fb4f831c50,False,0.59375,0.59375,1.0,0.8434739426475099,1.0,0.0,0.5,0.5,0.5679430097951914,0.4320569902048086,0.6157374735356387,0.3842625264643613,0.7577434856618774,0.263263903333834,0.736736096666166,False
T180_P03_H0800_I0600_CN060_F1,California,unlimited_useful_deadline,unlimited,central_only,targeted_central,all_useful,deadline,-1.0,0.0,0.0,1.0,none,0.0,0,applicable,32.0,0.0,,0.0,165851.0,41367536.0,959228.3135976898,3960.0,3636.0,0.3790546993304219,97.31848184818482,10.0,100.0,100.0,100.0,100.0,59.375,59.375,59.375,59.375,59.375,13.0,0.0,0.0,13.0,19.0,13.0,73.8680555555567,80.12083333334186,81.83472222224465,82.73472222222239,19.0,13.0,82.73472222222239,325.0,18.394444444444446,0.6708144568609684,1.0,0.0,0.0,6.0,33.33333333333333,33.33333333333333,16.0,50.0,50.0,9.0,100.0,100.0,COMPLETED,180,3,800.0,60.0,60.0,108,fa56a9dc2a1e47da,False,0.59375,0.59375,1.0,0.8485062534649452,1.0,0.0,0.6,0.4,0.6377560106856635,0.36224398931433655,0.6824276640790402,0.3175723359209598,0.7590015633662364,0.2159632650470593,0.7840367349529407,False
T180_P03_H0800_I0600_CN070_F1,California,unlimited_useful_deadline,unlimited,central_only,targeted_central,all_useful,deadline,-1.0,0.0,0.0,1.0,none,0.0,0,applicable,32.0,0.0,,0.0,189447.0,48640912.0,1098877.13279725,4359.0,4055.5,0.3690585488549124,98.18764640611515,9.0,100.0,100.0,100.0,100.0,59.375,59.375,59.375,59.375,59.375,13.0,0.0,0.0,13.0,19.0,13.0,72.01944444444817,77.72152777778649,78.08194444445759,78.2006944444689,19.0,13.0,78.2006944444689,343.0,20.625,0.6505417134306024,1.0,0.0,0.0,6.0,33.33333333333333,33.33333333333333,16.0,50.0,50.0,9.0,100.0,100.0,COMPLETED,180,3,800.0,60.0,70.0,126,396d160c1fff14f9,False,0.59375,0.59375,1.0,0.8624815649608433,1.0,0.0,0.7,0.30000000000000004,0.71246660730187,0.28753339269813005,0.7528228652081863,0.2471771347918137,0.7624953912402108,0.16694210549798877,0.8330578945020113,False
T180_P03_H0800_I0600_CN080_F1,California,unlimited_useful_deadline,unlimited,central_only,targeted_central,all_useful,deadline,-1.0,0.0,0.0,1.0,none,0.0,0,applicable,32.0,0.0,,0.0,210515.0,56193944.0,1243895.3471968225,4747.0,4465.0,0.3589530268814085,99.19372900335946,8.0,100.0,100.0,100.0,100.0,59.375,59.375,59.375,59.375,59.375,13.0,0.0,0.0,13.0,19.0,13.0,72.15138888891475,78.13402777777907,78.23576388889032,78.55138888889148,19.0,13.0,78.55138888889148,332.0,22.961111111111112,0.6095357152458531,1.0,0.0,0.0,6.0,33.33333333333333,33.33333333333333,16.0,50.0,50.0,9.0,100.0,100.0,COMPLETED,180,3,800.0,60.0,80.0,144,d9e13321406ca2c0,False,0.59375,0.59375,1.0,0.861400613466736,1.0,0.0,0.8,0.19999999999999996,0.7853962600178095,0.2146037399821905,0.8212773465067043,0.17872265349329575,0.762225153366684,0.11866527869509726,0.8813347213049028,False
T180_P03_H0800_I0600_CN090_F1,California,unlimited_useful_deadline,unlimited,central_only,targeted_central,all_useful,deadline,-1.0,0.0,0.0,1.0,none,0.0,0,applicable,32.0,0.0,,0.0,230683.0,64052272.0,1394775.2447963809,5143.0,4878.0,0.34973376665515205,99.51824518245182,8.0,100.0,100.0,100.0,100.0,59.375,59.375,59.375,59.375,59.375,13.0,0.0,0.0,13.0,19.0,13.0,71.73472222222384,75.64236111114731,76.28750000000414,77.06875000000909,19.0,13.0,77.06875000000909,348.0,25.166666666666668,0.5777740986019131,1.0,0.0,0.0,6.0,33.33333333333333,33.33333333333333,16.0,50.0,50.0,9.0,100.0,100.0,COMPLETED,180,3,800.0,60.0,90.0,162,ab77aff945ca5406,False,0.59375,0.59375,1.0,0.8659705767143653,1.0,0.0,0.9,0.09999999999999998,0.8589492430988424,0.14105075690115765,0.8911432604093155,0.10885673959068454,0.7633676441785913,0.06998149929836844,0.9300185007016315,False
T180_P03_H0800_I0600_CN100_F1,California,unlimited_useful_deadline,unlimited,central_only,targeted_central,all_useful,deadline,-1.0,0.0,0.0,1.0,none,0.0,0,applicable,32.0,0.0,,0.0,248627.0,71739248.0,1542365.1839959258,5527.0,5277.0,0.34213687230208767,100.0,8.0,100.0,100.0,100.0,100.0,59.375,59.375,59.375,59.375,59.375,13.0,0.0,0.0,13.0,19.0,13.0,71.73472222222384,77.15555555556524,77.57256944445544,78.20069444444574,19.0,13.0,78.20069444444574,347.5,27.386111111111113,0.5349567794795507,1.0,0.0,0.0,6.0,33.33333333333333,33.33333333333333,16.0,50.0,50.0,9.0,100.0,100.0,COMPLETED,180,3,800.0,60.0,100.0,180,1f6bf8ce48d92507,False,0.59375,0.59375,1.0,0.8624815649609147,1.0,0.0,1.0,0.0,0.9300089047195014,0.06999109528049863,0.9588920254057869,0.041107974594213115,0.7624953912402287,0.02221981397494235,0.9777801860250577,False
T180_P03_H0800_I0800_CN000_F1,California,unlimited_useful_deadline,unlimited,central_only,targeted_central,all_useful,deadline,-1.0,0.0,0.0,1.0,none,0.0,0,applicable,32.0,0.0,,0.0,2658.0,1338224.0,133822.4,779.0,667.0,0.49842178887839406,0.0,1.0,72.35485847478334,72.35485847478334,72.35485847478334,72.35485847478334,21.875,21.875,21.875,21.875,0.0,5.0,2.0,25.0,7.0,7.0,25.0,281.76666666666665,288.0,288.925,289.85,7.0,25.0,289.85,667.0,0.0,0.0,1.0,0.0,0.0,6.0,0.0,0.0,16.0,0.0,18.75,9.0,0.0,44.44444444444444,COMPLETED,180,3,800.0,80.0,0.0,0,097e6c80b0e5e104,False,0.0,0.21875,0.6473309759083845,0.21011128449145333,1.0,0.0,0.0,1.0,0.10899376669634907,0.8910062333036509,0.12120677487649965,0.8787932251235003,0.2690480650999595,0.5539598916854303,0.44604010831456975,False
T180_P03_H0800_I0800_CN010_F1,California,unlimited_useful_deadline,unlimited,central_only,targeted_central,all_useful,deadline,-1.0,0.0,0.0,1.0,none,0.0,0,applicable,32.0,0.0,,0.0,45524.0,9455744.0,289678.7839995924,1398.0,1268.0,0.4377262229883512,98.73817034700315,6.0,96.7261866843337,96.7261866843337,96.7261866843337,96.7261866843337,68.75,68.75,68.75,68.75,59.375,5.0,0.0,8.0,5.0,22.0,10.0,82.23541666666836,161.59131944444437,168.74322916666648,171.11736111111094,22.0,10.0,171.11736111111094,123.0,6.402777777777778,0.9328681610026512,1.0,0.0,0.0,6.0,0.0,33.33333333333333,16.0,62.5,68.75,9.0,100.0,100.0,COMPLETED,180,3,800.0,80.0,10.0,18,36056d719a43b0d2,False,0.59375,0.6875,0.9582359690204146,0.5760829314548427,1.0,0.0,0.1,0.9,0.21602849510240427,0.7839715048975957,0.2304163726182075,0.7695836273817925,0.7038922251188143,0.4907110264558777,0.5092889735441223,False
T180_P03_H0800_I0800_CN020_F1,California,unlimited_useful_deadline,unlimited,central_only,targeted_central,all_useful,deadline,-1.0,0.0,0.0,1.0,none,0.0,0,applicable,32.0,0.0,,0.0,91524.0,18000352.0,453735.257599087,1873.0,1733.0,0.38194078396509584,100.0,6.0,98.17256770587811,98.17256770587811,98.17256770587811,98.17256770587811,68.75,68.75,68.75,68.75,65.625,5.0,0.0,6.0,5.0,22.0,10.0,82.23541666666836,150.144097222224,163.42152777777815,167.11736111111628,22.0,10.0,167.11736111111628,120.0,9.077777777777778,0.8685604515163878,1.0,0.0,0.0,6.0,33.33333333333333,33.33333333333333,16.0,62.5,68.75,9.0,100.0,100.0,COMPLETED,180,3,800.0,80.0,20.0,36,e3305bb5186638e4,False,0.65625,0.6875,0.9766874492874777,0.5884121999824421,1.0,0.0,0.2,0.8,0.29884238646482636,0.7011576135351736,0.31422018348623854,0.6857798165137614,0.7272124123174799,0.43738748600978705,0.562612513990213,False
T180_P03_H0800_I0800_CN030_F1,California,unlimited_useful_deadline,unlimited,central_only,targeted_central,all_useful,deadline,-1.0,0.0,0.0,1.0,none,0.0,0,applicable,32.0,0.0,,0.0,134512.0,26950224.0,625572.7999985788,2338.0,2190.0,0.35007915945274076,100.0,8.0,98.35613907681329,98.35613907681329,98.35613907681329,98.35613907681329,68.75,68.75,68.75,68.75,68.75,5.0,0.0,5.0,5.0,22.0,10.0,80.76805555555572,151.02534722222774,159.66493055555844,169.11736111111094,22.0,10.0,169.11736111111094,120.5,11.677777777777777,0.804818162596469,1.0,0.0,0.0,6.0,50.0,33.33333333333333,16.0,62.5,68.75,9.0,100.0,100.0,COMPLETED,180,3,800.0,80.0,30.0,54,1dec3cf939fc3c88,False,0.6875,0.6875,0.9790292689587504,0.5822475657186506,1.0,0.0,0.3,0.7,0.38023152270703475,0.6197684772929652,0.39625970359915313,0.6037402964008469,0.7340692086693503,0.38470175473876245,0.6152982452612376,False
T180_P03_H0800_I0800_CN040_F1,California,unlimited_useful_deadline,unlimited,central_only,targeted_central,all_useful,deadline,-1.0,0.0,0.0,1.0,none,0.0,0,applicable,32.0,0.0,,0.0,174160.0,36127016.0,801767.2063980637,2794.0,2630.5,0.3280877515329558,100.0,7.0,98.69429686537816,98.69429686537816,98.69429686537816,98.69429686537816,68.75,68.75,68.75,68.75,78.125,5.0,0.0,2.0,5.0,22.0,10.0,81.23541666666765,149.14409722222356,161.47152777778132,164.11736111111094,22.0,10.0,164.11736111111094,134.5,14.102777777777778,0.7543923576915501,1.0,0.0,0.0,6.0,83.33333333333334,33.33333333333333,16.0,68.75,68.75,9.0,100.0,100.0,COMPLETED,180,3,800.0,80.0,40.0,72,b5d99a8f087c0554,False,0.78125,0.6875,0.9833431473005694,0.5976591513781704,1.0,0.0,0.4,0.6,0.45868210151380234,0.5413178984861977,0.47671136203246295,0.523288637967537,0.7624380746696849,0.332921307290747,0.667078692709253,False
T180_P03_H0800_I0800_CN050_F1,California,unlimited_useful_deadline,unlimited,central_only,targeted_central,all_useful,deadline,-1.0,0.0,0.0,1.0,none,0.0,0,applicable,32.0,0.0,,0.0,215578.0,45738088.0,986299.788797447,3260.0,3086.5,0.31293730720182317,100.0,8.0,98.79717752381438,98.79717752381438,98.79717752381438,98.79717752381438,68.75,68.75,68.75,68.75,78.125,5.0,0.0,2.0,5.0,22.0,10.0,80.30138888889948,146.1440972222223,161.3215277777813,162.55138888889633,22.0,10.0,162.55138888889633,173.0,16.65277777777778,0.6948318042813455,1.0,0.0,0.0,6.0,83.33333333333334,33.33333333333333,16.0,68.75,68.75,9.0,100.0,100.0,COMPLETED,180,3,800.0,80.0,50.0,90,be1784581f9a65ee,False,0.78125,0.6875,0.9846555956877664,0.6024859743867883,1.0,0.0,0.5,0.5,0.5398931433659839,0.46010685663401607,0.5589273112208892,0.44107268877911077,0.7639728925186386,0.2802359090826254,0.7197640909173746,False
T180_P03_H0800_I0800_CN060_F1,California,unlimited_useful_deadline,unlimited,central_only,targeted_central,all_useful,deadline,-1.0,0.0,0.0,1.0,none,0.0,0,applicable,32.0,0.0,,0.0,250894.0,55499752.0,1173723.7375969202,3729.0,3545.0,0.3020301870402678,100.0,8.0,99.15221665880993,99.15221665880993,99.15221665880993,99.15221665880993,68.75,68.75,68.75,68.75,81.25,5.0,0.0,1.0,5.0,22.0,10.0,78.76805555555742,149.14409722222356,157.671527777785,158.55138888890409,22.0,10.0,158.55138888890409,192.0,19.177777777777777,0.6451075061156173,1.0,0.0,0.0,6.0,100.0,33.33333333333333,16.0,68.75,68.75,9.0,100.0,100.0,COMPLETED,180,3,800.0,80.0,60.0,108,118afcc37fb642b7,False,0.8125,0.6875,0.9891848293377009,0.6148152429143802,1.0,0.0,0.6,0.4,0.6215494211932324,0.3784505788067676,0.6416725476358504,0.35832745236414965,0.7760000180630203,0.2273556062341835,0.7726443937658165,False
T180_P03_H0800_I0800_CN070_F1,California,unlimited_useful_deadline,unlimited,central_only,targeted_central,all_useful,deadline,-1.0,0.0,0.0,1.0,none,0.0,0,applicable,32.0,0.0,,0.0,287502.0,65734576.0,1370232.358396292,4196.0,4005.0,0.29228619332033706,100.0,8.0,99.58720330237358,99.58720330237358,99.58720330237358,99.58720330237358,75.0,75.0,75.0,75.0,84.375,5.0,0.0,0.0,5.0,24.0,8.0,76.30138888889047,143.9385416667029,157.71006944445156,165.11736111111483,24.0,8.0,165.11736111111483,156.0,21.666666666666668,0.5993219373219374,1.0,100.0,0.0,6.0,100.0,66.66666666666666,16.0,68.75,68.75,9.0,100.0,100.0,COMPLETED,180,3,800.0,80.0,70.0,126,aff0d9593456d497,False,0.84375,0.75,0.9947339532204109,0.5945768342462545,1.0,0.0,0.7,0.30000000000000004,0.703472840605521,0.29652715939447905,0.7240649258997883,0.2759350741002117,0.7957651968666664,0.17449244669893815,0.8255075533010618,False
T180_P03_H0800_I0800_CN080_F1,California,unlimited_useful_deadline,unlimited,central_only,targeted_central,all_useful,deadline,-1.0,0.0,0.0,1.0,none,0.0,0,applicable,32.0,0.0,,0.0,320782.0,76195280.0,1571077.875195657,4660.0,4457.0,0.2836905840485431,100.0,8.0,99.34714843268908,99.34714843268908,99.34714843268908,99.34714843268908,68.75,68.75,68.75,68.75,84.375,5.0,0.0,0.0,5.0,22.0,10.0,75.80138888891476,142.591319444445,151.64322916666697,152.55138888888953,22.0,10.0,152.55138888888953,169.5,24.080555555555556,0.5447732020866178,1.0,100.0,0.0,6.0,100.0,33.33333333333333,16.0,68.75,68.75,9.0,100.0,100.0,COMPLETED,180,3,800.0,80.0,80.0,144,4c1de426dbf33717,False,0.84375,0.6875,0.9916715736502847,0.6333091457058488,1.0,0.0,0.8,0.19999999999999996,0.7839715048975957,0.2160284951024043,0.8059280169371913,0.1940719830628087,0.7890576798390334,0.12202009563304259,0.8779799043669574,False
T180_P03_H0800_I0800_CN090_F1,California,unlimited_useful_deadline,unlimited,central_only,targeted_central,all_useful,deadline,-1.0,0.0,0.0,1.0,none,0.0,0,applicable,32.0,0.0,,0.0,351506.0,87024440.0,1778997.7471950182,5123.0,4911.5,0.2760824181899084,100.0,8.0,99.78213507625271,99.78213507625271,99.78213507625271,99.78213507625271,78.125,78.125,78.125,78.125,84.375,5.0,0.0,0.0,5.0,25.0,7.0,70.86805555556144,138.46111111111924,147.82083333333884,150.55138888889923,25.0,7.0,150.55138888889923,163.5,26.586111111111112,0.48971952309639066,1.0,100.0,100.0,6.0,100.0,66.66666666666666,16.0,68.75,68.75,9.0,100.0,100.0,COMPLETED,180,3,800.0,80.0,90.0,162,003e96edd8d18450,False,0.84375,0.78125,0.9972206975329946,0.6394737799696268,1.0,0.0,0.9,0.09999999999999998,0.8649154051647373,0.1350845948352627,0.8876146788990825,0.11238532110091748,0.8154236193756553,0.06949398318723603,0.930506016812764,False
T180_P03_H0800_I0800_CN100_F1,California,unlimited_useful_deadline,unlimited,central_only,targeted_central,all_useful,deadline,-1.0,0.0,0.0,1.0,none,0.0,0,applicable,32.0,0.0,,0.0,385136.0,98299232.0,1995473.7535942825,5591.0,5366.0,0.2689085732315279,100.0,8.0,100.0,100.0,100.0,100.0,84.375,84.375,84.375,84.375,84.375,5.0,0.0,0.0,5.0,27.0,5.0,62.73472222224033,132.86111111111765,143.64236111112368,148.55138888891574,27.0,5.0,148.55138888891574,173.0,29.044444444444444,0.4377040295842898,1.0,100.0,100.0,6.0,100.0,100.0,16.0,68.75,68.75,9.0,100.0,100.0,COMPLETED,180,3,800.0,80.0,100.0,180,e3a601ca6a09028f,False,0.84375,0.84375,1.0,0.6456384142333839,1.0,0.0,1.0,0.0,0.9458593054318789,0.054140694568121095,0.9701834862385321,0.029816513761467878,0.833284603558346,0.016791441665917794,0.9832085583340822,False
T180_P03_H0800_I0986_CN000_F1,California,unlimited_useful_deadline,unlimited,central_only,targeted_central,all_useful,deadline,-1.0,0.0,0.0,1.0,none,0.0,0,applicable,32.0,0.0,,0.0,2621.0,1287420.0,128742.0,329.0,208.5,0.16195181059794006,0.0,1.0,45.01659155531334,45.01659155531334,45.01659155531334,45.01659155531334,18.75,18.75,18.75,18.75,6.25,6.0,8.0,16.0,14.0,6.0,26.0,135.75,241.7,292.53333333333336,343.3666666666667,6.0,26.0,343.3666666666667,208.5,0.0,0.0,1.0,0.0,0.0,6.0,0.0,0.0,16.0,6.25,31.25,9.0,11.11111111111111,11.11111111111111,COMPLETED,180,3,800.0,98.6,0.0,0,d12281835183ea6c,False,0.0625,0.1875,0.29857675064782047,0.04515594598239292,1.0,0.0,0.0,1.0,0.027337488869100625,0.9726625111308994,0.041813690896259706,0.9581863091037403,0.14843317415755336,0.586169764046928,0.413830235953072,False
T180_P03_H0800_I0986_CN010_F1,California,unlimited_useful_deadline,unlimited,central_only,targeted_central,all_useful,deadline,-1.0,0.0,0.0,1.0,none,0.0,0,applicable,32.0,0.0,,0.0,46541.0,9523484.0,286874.4287995562,1225.0,1018.5,0.35503338665003226,94.79626902307315,7.0,96.92307692307692,96.92307692307692,96.92307692307692,96.92307692307692,78.125,78.125,78.125,78.125,53.125,6.0,0.0,9.0,6.0,25.0,7.0,76.10347222222238,86.51666666666667,86.91666666666667,88.23333333333333,25.0,7.0,88.23333333333333,124.5,4.966666666666667,0.9286974894357445,1.0,0.0,100.0,6.0,0.0,33.33333333333333,16.0,50.0,81.25,9.0,100.0,100.0,COMPLETED,180,3,800.0,98.6,10.0,18,04e1345c1f7b69e7,False,0.53125,0.78125,0.9607476974659861,0.8315577902354905,1.0,0.0,0.1,0.9,0.17159394479073908,0.8284060552092609,0.199894142554693,0.800105857445307,0.7762013719253691,0.5057023825309136,0.4942976174690864,False
T180_P03_H0800_I0986_CN020_F1,California,unlimited_useful_deadline,unlimited,central_only,targeted_central,all_useful,deadline,-1.0,0.0,0.0,1.0,none,0.0,0,applicable,32.0,0.0,,0.0,93605.0,18224228.0,453928.71359901596,1722.0,1515.0,0.3337528459013271,99.3069306930693,8.0,100.0,100.0,100.0,100.0,81.25,81.25,81.25,81.25,53.125,6.0,0.0,9.0,6.0,26.0,6.0,68.7180555555602,73.2170138888913,73.33385416666655,75.23333333333333,26.0,6.0,75.23333333333333,150.0,8.030555555555555,0.8656808486106307,1.0,0.0,100.0,6.0,0.0,50.0,16.0,50.0,81.25,9.0,100.0,100.0,COMPLETED,180,3,800.0,98.6,20.0,36,3647efc0fc10fcc8,False,0.53125,0.8125,1.0,0.871627912950242,1.0,0.0,0.2,0.8,0.26001780943900266,0.7399821905609973,0.28757939308398023,0.7124206069160197,0.8038444782375604,0.45048055949540344,0.5495194405045966,False
T180_P03_H0800_I0986_CN030_F1,California,unlimited_useful_deadline,unlimited,central_only,targeted_central,all_useful,deadline,-1.0,0.0,0.0,1.0,none,0.0,0,applicable,32.0,0.0,,0.0,139035.0,27391684.0,629943.8687984583,2214.0,2008.5,0.31883793135902266,99.85063480209111,8.0,100.0,100.0,100.0,100.0,81.25,81.25,81.25,81.25,53.125,6.0,0.0,9.0,6.0,26.0,6.0,64.83437500000387,69.71701388888941,71.83385416666655,72.71736111111119,26.0,6.0,72.71736111111119,150.5,10.8,0.8035150891632374,1.0,0.0,100.0,6.0,0.0,50.0,16.0,50.0,81.25,9.0,100.0,100.0,COMPLETED,180,3,800.0,98.6,30.0,54,30c26708c61dcea2,False,0.53125,0.8125,1.0,0.8793829372341918,1.0,0.0,0.3,0.7,0.3479073909171861,0.6520926090828139,0.37438249823570924,0.6256175017642908,0.8057832343085479,0.3955420221694209,0.6044579778305791,False
T180_P03_H0800_I0986_CN040_F1,California,unlimited_useful_deadline,unlimited,central_only,targeted_central,all_useful,deadline,-1.0,0.0,0.0,1.0,none,0.0,0,applicable,32.0,0.0,,0.0,178155.0,36654852.0,807796.6943979459,2681.0,2469.5,0.3057081091227451,100.0,9.0,100.0,100.0,100.0,100.0,81.25,81.25,81.25,81.25,56.25,6.0,0.0,8.0,6.0,26.0,6.0,62.41770833334492,67.55138888888881,69.05138888888942,71.71736111111143,26.0,6.0,71.71736111111143,107.5,13.347222222222221,0.7556376459706324,1.0,0.0,100.0,6.0,0.0,50.0,16.0,56.25,81.25,9.0,100.0,100.0,COMPLETED,180,3,800.0,98.6,40.0,72,a129bd1475c9a164,False,0.5625,0.8125,1.0,0.882465254366095,1.0,0.0,0.4,0.6,0.4300089047195013,0.5699910952804987,0.45677487649964715,0.5432251235003529,0.8143663135915238,0.34264324375617033,0.6573567562438296,False
T180_P03_H0800_I0986_CN050_F1,California,unlimited_useful_deadline,unlimited,central_only,targeted_central,all_useful,deadline,-1.0,0.0,0.0,1.0,none,0.0,0,applicable,32.0,0.0,,0.0,218079.0,46339844.0,993748.5407973612,3171.0,2960.0,0.2978620725948401,99.96621621621621,8.0,100.0,100.0,100.0,100.0,81.25,81.25,81.25,81.25,53.125,6.0,0.0,9.0,6.0,26.0,6.0,62.15902777778423,66.78402777777774,67.50538194444452,71.71736111111143,26.0,6.0,71.71736111111143,128.0,16.038888888888888,0.6886348766501174,1.0,0.0,100.0,6.0,0.0,50.0,16.0,50.0,81.25,9.0,100.0,100.0,COMPLETED,180,3,800.0,98.6,50.0,90,f7b05a240faf66ec,False,0.53125,0.8125,1.0,0.882465254366095,1.0,0.0,0.5,0.5,0.5173642030276047,0.48263579697239534,0.5432251235003529,0.4567748764996471,0.8065538135915238,0.2878821346944085,0.7121178653055915,False
T180_P03_H0800_I0986_CN060_F1,California,unlimited_useful_deadline,unlimited,central_only,targeted_central,all_useful,deadline,-1.0,0.0,0.0,1.0,none,0.0,0,applicable,32.0,0.0,,0.0,256439.0,56332988.0,1185616.9055967599,3655.0,3437.5,0.2899334501535126,100.0,9.0,100.0,100.0,100.0,100.0,81.25,81.25,81.25,81.25,56.25,6.0,0.0,8.0,6.0,26.0,6.0,62.06770833333394,65.70069444444482,67.07569444444434,71.71736111111143,26.0,6.0,71.71736111111143,142.0,18.641666666666666,0.6360395039652975,1.0,0.0,100.0,6.0,0.0,50.0,16.0,56.25,81.25,9.0,100.0,100.0,COMPLETED,180,3,800.0,98.6,60.0,108,6dea52d16cc70059,False,0.5625,0.8125,1.0,0.882465254366095,1.0,0.0,0.6,0.4,0.6024042742653607,0.3975957257346393,0.6286167960479887,0.3713832039520113,0.8143663135915238,0.23379578593733016,0.7662042140626698,False
T180_P03_H0800_I0986_CN070_F1,California,unlimited_useful_deadline,unlimited,central_only,targeted_central,all_useful,deadline,-1.0,0.0,0.0,1.0,none,0.0,0,applicable,32.0,0.0,,0.0,295607.0,66804604.0,1386671.9327960815,4147.0,3932.5,0.2835926730030886,100.0,11.0,100.0,100.0,100.0,100.0,81.25,81.25,81.25,81.25,53.125,6.0,0.0,9.0,6.0,26.0,6.0,59.74305555555753,62.50104166666679,63.22586805555548,69.7173611111129,26.0,6.0,69.7173611111129,173.0,21.344444444444445,0.5853649719474812,1.0,0.0,100.0,6.0,0.0,50.0,16.0,50.0,81.25,9.0,100.0,100.0,COMPLETED,180,3,800.0,98.6,70.0,126,d57282f0cec35060,False,0.53125,0.8125,1.0,0.8886298886298984,1.0,0.0,0.7,0.30000000000000004,0.6905609973285841,0.3094390026714159,0.7154199011997178,0.28458009880028223,0.8080949721574746,0.17880382029433964,0.8211961797056604,False
T180_P03_H0800_I0986_CN080_F1,California,unlimited_useful_deadline,unlimited,central_only,targeted_central,all_useful,deadline,-1.0,0.0,0.0,1.0,none,0.0,0,applicable,32.0,0.0,,0.0,328477.0,77374140.0,1589607.0239954474,4618.0,4400.5,0.27682942598853305,100.0,9.0,100.0,100.0,100.0,100.0,81.25,81.25,81.25,81.25,53.125,6.0,0.0,9.0,6.0,26.0,6.0,57.11041666667151,62.39340277777762,65.55138888890056,67.71736111111822,26.0,6.0,67.71736111111822,136.0,23.958333333333332,0.53618615136876,1.0,0.0,100.0,6.0,0.0,50.0,16.0,50.0,81.25,9.0,100.0,100.0,COMPLETED,180,3,800.0,98.6,80.0,144,e1904af407db30c7,False,0.53125,0.8125,1.0,0.8947945228936899,1.0,0.0,0.8,0.19999999999999996,0.7739091718610864,0.22609082813891357,0.7985179957657021,0.20148200423429785,0.8096361307234224,0.1255145664746423,0.8744854335253577,False
T180_P03_H0800_I0986_CN090_F1,California,unlimited_useful_deadline,unlimited,central_only,targeted_central,all_useful,deadline,-1.0,0.0,0.0,1.0,none,0.0,0,applicable,32.0,0.0,,0.0,359687.0,88349572.0,1800335.3183948025,5117.0,4905.0,0.2724492459756524,100.0,10.0,100.0,100.0,100.0,100.0,81.25,81.25,81.25,81.25,56.25,6.0,0.0,8.0,6.0,26.0,6.0,51.71805555556463,57.218055555558806,57.69288194444622,66.7173611111141,26.0,6.0,66.7173611111141,158.5,26.708333333333332,0.4815467729820304,1.0,0.0,100.0,6.0,0.0,50.0,16.0,56.25,81.25,9.0,100.0,100.0,COMPLETED,180,3,800.0,98.6,90.0,162,3c50629037ab0850,False,0.5625,0.8125,1.0,0.8978768400256065,1.0,0.0,0.9,0.09999999999999998,0.8637577916295637,0.13624220837043632,0.8865561044460127,0.11344389555398726,0.8182192100064016,0.06993722078488472,0.9300627792151153,False
T180_P03_H0800_I0986_CN100_F1,California,unlimited_useful_deadline,unlimited,central_only,targeted_central,all_useful,deadline,-1.0,0.0,0.0,1.0,none,0.0,0,applicable,32.0,0.0,,0.0,394051.0,99819604.0,2020559.9327940582,5600.0,5381.0,0.2663123183165905,100.0,10.0,100.0,100.0,100.0,100.0,81.25,81.25,81.25,81.25,56.25,6.0,0.0,8.0,6.0,26.0,6.0,48.45937500000946,50.67638888889269,51.22586805556857,66.71736111111338,26.0,6.0,66.71736111111338,160.5,29.32777777777778,0.4131095956725812,1.0,0.0,100.0,6.0,0.0,50.0,16.0,56.25,81.25,9.0,100.0,100.0,COMPLETED,180,3,800.0,98.6,100.0,180,f02402dc1111a9cd,False,0.5625,0.8125,1.0,0.8978768400256087,1.0,0.0,1.0,0.0,0.9485307212822796,0.051469278717720446,0.9717713479181369,0.028228652081863093,0.8182192100064022,0.01593958615991671,0.9840604138400832,False
T180_P03_H1000_I0600_CN000_F1,California,unlimited_useful_deadline,unlimited,central_only,targeted_central,all_useful,deadline,-1.0,0.0,0.0,1.0,none,0.0,0,applicable,32.0,0.0,,0.0,3638.0,2489876.0,248987.6,789.0,583.5,0.2343490197905438,0.0,1.0,45.2052574221585,45.2052574221585,45.2052574221585,45.2052574221585,0.0,0.0,0.0,0.0,53.125,13.0,2.0,0.0,15.0,0.0,32.0,,,,,0.0,32.0,,583.5,0.0,0.0,1.0,0.0,0.0,6.0,0.0,0.0,16.0,50.0,0.0,9.0,100.0,0.0,COMPLETED,180,3,1000.0,60.0,0.0,0,f841c51f7f9f8a3b,False,0.53125,0.0,0.3009835607948762,0.0,1.0,0.0,0.0,1.0,0.09412288512911843,0.9058771148708815,0.1229710656316161,0.8770289343683839,0.20805839019871905,0.5565812098478531,0.4434187901521469,False
T180_P03_H1000_I0600_CN010_F1,California,unlimited_useful_deadline,unlimited,central_only,targeted_central,all_useful,deadline,-1.0,0.0,0.0,1.0,none,0.0,0,applicable,32.0,0.0,,0.0,32266.0,8373316.0,361949.6479996613,1952.0,1560.0,0.430999175885774,79.19871794871794,7.0,97.10526315789474,97.10526315789474,97.10526315789474,97.10526315789474,53.125,53.125,53.125,53.125,56.25,13.0,0.0,1.0,13.0,17.0,15.0,112.20069444444452,121.90138888889011,123.66458333333789,129.71736111113424,17.0,15.0,129.71736111113424,425.5,6.302777777777778,0.9068042701140981,1.0,0.0,0.0,6.0,16.666666666666664,0.0,16.0,50.0,50.0,9.0,100.0,100.0,COMPLETED,180,3,1000.0,60.0,10.0,18,65f9bc0bf2a3c389,False,0.5625,0.53125,0.9630718469581317,0.703690860715595,1.0,0.0,0.1,0.9,0.2680320569902048,0.7319679430097952,0.32815808045165845,0.6718419195483416,0.6901281769184318,0.4607619725116274,0.5392380274883726,False
T180_P03_H1000_I0600_CN020_F1,California,unlimited_useful_deadline,unlimited,central_only,targeted_central,all_useful,deadline,-1.0,0.0,0.0,1.0,none,0.0,0,applicable,32.0,0.0,,0.0,57924.0,14018668.0,470340.40639933053,2343.0,1962.0,0.41714468357503054,87.1559633027523,12.0,98.94736842105263,98.94736842105263,98.94736842105263,98.94736842105263,56.25,56.25,56.25,56.25,59.375,13.0,0.0,0.0,13.0,18.0,14.0,88.41770833333328,92.02763888889154,93.81736111111307,96.36736111111144,18.0,14.0,96.36736111111144,380.0,8.78888888888889,0.8354157887343727,1.0,0.0,0.0,6.0,33.33333333333333,16.666666666666664,16.0,50.0,50.0,9.0,100.0,100.0,COMPLETED,180,3,1000.0,60.0,20.0,36,f5d86d2695b435ab,False,0.59375,0.5625,0.9865715807120479,0.8064861370646623,1.0,0.0,0.2,0.8,0.3396260017809439,0.6603739982190562,0.39714184897671134,0.6028581510232887,0.7373269294441775,0.412646429848469,0.587353570151531,False
T180_P03_H1000_I0600_CN030_F1,California,unlimited_useful_deadline,unlimited,central_only,targeted_central,all_useful,deadline,-1.0,0.0,0.0,1.0,none,0.0,0,applicable,32.0,0.0,,0.0,84050.0,20068380.0,586494.8767989548,2728.0,2358.0,0.40204954779311763,91.41221374045801,10.0,100.0,100.0,100.0,100.0,59.375,59.375,59.375,59.375,59.375,13.0,0.0,0.0,13.0,19.0,13.0,79.63472222222214,88.58805555556852,88.99798611111125,91.36736111111095,19.0,13.0,91.36736111111095,328.0,11.277777777777779,0.7706212370005474,1.0,0.0,0.0,6.0,33.33333333333333,33.33333333333333,16.0,50.0,50.0,9.0,100.0,100.0,COMPLETED,180,3,1000.0,60.0,30.0,54,bd5f2b07f8a77816,False,0.59375,0.59375,1.0,0.8218977227241836,1.0,0.0,0.3,0.7,0.4101513802315227,0.5898486197684774,0.46506704304869445,0.5349329569513055,0.7523494306810459,0.36495631534395656,0.6350436846560434,False
T180_P03_H1000_I0600_CN040_F1,California,unlimited_useful_deadline,unlimited,central_only,targeted_central,all_useful,deadline,-1.0,0.0,0.0,1.0,none,0.0,0,applicable,32.0,0.0,,0.0,107664.0,26401140.0,708083.8687986247,3116.0,2758.0,0.3895018826907298,93.60043509789703,11.0,100.0,100.0,100.0,100.0,59.375,59.375,59.375,59.375,59.375,13.0,0.0,0.0,13.0,19.0,13.0,80.15138888889099,87.81125000000398,88.16076388888871,88.55138888888857,19.0,13.0,88.55138888888857,347.0,13.394444444444444,0.7062998294852298,1.0,0.0,0.0,6.0,33.33333333333333,33.33333333333333,16.0,50.0,50.0,9.0,100.0,100.0,COMPLETED,180,3,1000.0,60.0,40.0,72,d1d983e760d4e721,False,0.59375,0.59375,1.0,0.8305774421477053,1.0,0.0,0.4,0.6,0.48138913624220836,0.5186108637577916,0.5335215243472125,0.46647847565278755,0.7545193605369264,0.31701786788211583,0.6829821321178842,False
T180_P03_H1000_I0600_CN050_F1,California,unlimited_useful_deadline,unlimited,central_only,targeted_central,all_useful,deadline,-1.0,0.0,0.0,1.0,none,0.0,0,applicable,32.0,0.0,,0.0,129316.0,32707852.0,829172.7391983052,3511.0,3166.5,0.38188665042962766,95.46818253592295,12.0,100.0,100.0,100.0,100.0,59.375,59.375,59.375,59.375,59.375,13.0,0.0,0.0,13.0,19.0,13.0,81.45347222222748,85.16250000000088,85.89798611111608,87.3673611111158,19.0,13.0,87.3673611111158,339.5,15.705555555555556,0.6476771607121803,1.0,0.0,0.0,6.0,33.33333333333333,33.33333333333333,16.0,50.0,50.0,9.0,100.0,100.0,COMPLETED,180,3,1000.0,60.0,50.0,90,10455aa3b8a1f0b0,False,0.59375,0.59375,1.0,0.8342269912517846,1.0,0.0,0.5,0.5,0.5541406945681211,0.4458593054318789,0.6032110091743119,0.3967889908256881,0.7554317478129462,0.2685296592515134,0.7314703407484866,False
T180_P03_H1000_I0600_CN060_F1,California,unlimited_useful_deadline,unlimited,central_only,targeted_central,all_useful,deadline,-1.0,0.0,0.0,1.0,none,0.0,0,applicable,32.0,0.0,,0.0,152374.0,39444084.0,958508.3935979176,3888.0,3550.5,0.3704192914443471,96.85959723982538,11.0,100.0,100.0,100.0,100.0,59.375,59.375,59.375,59.375,59.375,13.0,0.0,0.0,13.0,19.0,13.0,79.01944444447241,84.58805555555533,85.03472222222287,87.73472222222723,19.0,13.0,87.73472222222723,341.0,17.830555555555556,0.6037224559034811,1.0,0.0,0.0,6.0,33.33333333333333,33.33333333333333,16.0,50.0,50.0,9.0,100.0,100.0,COMPLETED,180,3,1000.0,60.0,60.0,108,d1635b8a8ffc008d,False,0.59375,0.59375,1.0,0.8330946678054105,1.0,0.0,0.6,0.4,0.6225289403383794,0.37747105966162064,0.6697247706422018,0.3302752293577982,0.7551486669513526,0.2215492578038838,0.7784507421961162,False
T180_P03_H1000_I0600_CN070_F1,California,unlimited_useful_deadline,unlimited,central_only,targeted_central,all_useful,deadline,-1.0,0.0,0.0,1.0,none,0.0,0,applicable,32.0,0.0,,0.0,174488.0,46262460.0,1089421.2127975263,4294.0,3974.0,0.36478085366037255,97.92400603925516,10.0,100.0,100.0,100.0,100.0,59.375,59.375,59.375,59.375,59.375,13.0,0.0,0.0,13.0,19.0,13.0,80.06875000000521,82.41125000003551,85.16076388889351,85.55138888889729,19.0,13.0,85.55138888889729,335.5,20.21388888888889,0.5610164445055197,1.0,0.0,0.0,6.0,33.33333333333333,33.33333333333333,16.0,50.0,50.0,9.0,100.0,100.0,COMPLETED,180,3,1000.0,60.0,70.0,126,95e59ab1eee7c956,False,0.59375,0.59375,1.0,0.8398243935433903,1.0,0.0,0.7,0.30000000000000004,0.6979519145146927,0.30204808548530726,0.7413549752999294,0.25864502470007056,0.7568310983858476,0.17213862203707558,0.8278613779629245,False
T180_P03_H1000_I0600_CN080_F1,California,unlimited_useful_deadline,unlimited,central_only,targeted_central,all_useful,deadline,-1.0,0.0,0.0,1.0,none,0.0,0,applicable,32.0,0.0,,0.0,194086.0,53366852.0,1225825.5391971765,4681.0,4373.0,0.3567391818956543,98.73084838783444,8.0,100.0,100.0,100.0,100.0,59.375,59.375,59.375,59.375,59.375,13.0,0.0,0.0,13.0,19.0,13.0,78.73472222222675,81.56805555555795,81.7079861111126,82.36736111111144,19.0,13.0,82.36736111111144,347.0,22.366666666666667,0.5281365568250815,1.0,0.0,0.0,6.0,33.33333333333333,33.33333333333333,16.0,50.0,50.0,9.0,100.0,100.0,COMPLETED,180,3,1000.0,60.0,80.0,144,733d0ddaca3fd645,False,0.59375,0.59375,1.0,0.8496385769113177,1.0,0.0,0.8,0.19999999999999996,0.7690115761353518,0.23098842386464824,0.8096330275229358,0.19036697247706424,0.7592846442278294,0.1242710792683425,0.8757289207316575,False
T180_P03_H1000_I0600_CN090_F1,California,unlimited_useful_deadline,unlimited,central_only,targeted_central,all_useful,deadline,-1.0,0.0,0.0,1.0,none,0.0,0,applicable,32.0,0.0,,0.0,213144.0,60763636.0,1367843.7919968017,5066.0,4768.5,0.3486143686801299,99.39184229841669,9.0,100.0,100.0,100.0,100.0,59.375,59.375,59.375,59.375,59.375,13.0,0.0,0.0,13.0,19.0,13.0,78.15138888888929,82.40416666667191,82.56972222224465,82.73472222222239,19.0,13.0,82.73472222222239,340.0,24.602777777777778,0.47535972802428716,1.0,0.0,0.0,6.0,33.33333333333333,33.33333333333333,16.0,50.0,50.0,9.0,100.0,100.0,COMPLETED,180,3,1000.0,60.0,90.0,162,45fbb8f91f5252ef,False,0.59375,0.59375,1.0,0.8485062534649452,1.0,0.0,0.9,0.09999999999999998,0.8394479073909172,0.16055209260908276,0.8775582215949188,0.12244177840508119,0.7590015633662364,0.07659877420283279,0.9234012257971672,False
T180_P03_H1000_I0600_CN100_F1,California,unlimited_useful_deadline,unlimited,central_only,targeted_central,all_useful,deadline,-1.0,0.0,0.0,1.0,none,0.0,0,applicable,32.0,0.0,,0.0,229728.0,67975340.0,1506308.508796426,5456.0,5170.0,0.34322318235664384,100.0,9.0,100.0,100.0,100.0,100.0,59.375,59.375,59.375,59.375,59.375,13.0,0.0,0.0,13.0,19.0,13.0,76.15138888889003,82.16736111112114,82.38576388889167,82.55138888891379,19.0,13.0,82.55138888891379,341.0,26.82777777777778,0.43318722532845544,1.0,0.0,0.0,6.0,33.33333333333333,33.33333333333333,16.0,50.0,50.0,9.0,100.0,100.0,COMPLETED,180,3,1000.0,60.0,100.0,180,8dd8134b8f3fdb6f,False,0.59375,0.59375,1.0,0.8490713449390513,1.0,0.0,1.0,0.0,0.9109528049866429,0.08904719501335712,0.9463655610444601,0.053634438955539876,0.7591428362347629,0.0285363267937794,0.9714636732062206,False
T180_P03_H1000_I0800_CN000_F1,California,unlimited_useful_deadline,unlimited,central_only,targeted_central,all_useful,deadline,-1.0,0.0,0.0,1.0,none,0.0,0,applicable,32.0,0.0,,0.0,2950.0,1765132.0,176513.2,748.0,644.5,0.36512850030479305,0.0,1.0,73.14316081612007,73.14316081612007,73.14316081612007,73.14316081612007,21.875,21.875,21.875,21.875,3.125,5.0,2.0,24.0,7.0,7.0,25.0,281.76666666666665,284.4166666666667,285.59166666666664,286.76666666666665,7.0,25.0,286.76666666666665,644.5,0.0,0.0,1.0,0.0,0.0,6.0,0.0,0.0,16.0,0.0,18.75,9.0,11.11111111111111,44.44444444444444,COMPLETED,180,3,1000.0,80.0,0.0,0,a7c84a068eb3f91c,False,0.03125,0.21875,0.6573873475552713,0.2196150956481573,1.0,0.0,0.0,1.0,0.104986642920748,0.895013357079252,0.11573747353563868,0.8842625264643613,0.28175061080085717,0.5558551767087228,0.44414482329127725,False
T180_P03_H1000_I0800_CN010_F1,California,unlimited_useful_deadline,unlimited,central_only,targeted_central,all_useful,deadline,-1.0,0.0,0.0,1.0,none,0.0,0,applicable,32.0,0.0,,0.0,43028.0,9474500.0,324533.06559960055,1360.0,1231.5,0.3794682670392017,97.40154283394234,6.0,96.72186927088887,96.72186927088887,96.72186927088887,96.72186927088887,68.75,68.75,68.75,68.75,59.375,5.0,0.0,8.0,5.0,22.0,10.0,81.2927083333334,149.14409722222217,163.3715277777776,165.11736111111142,22.0,10.0,165.11736111111142,154.5,5.983333333333333,0.925528732074693,1.0,0.0,0.0,6.0,0.0,33.33333333333333,16.0,62.5,68.75,9.0,100.0,100.0,COMPLETED,180,3,1000.0,80.0,10.0,18,f6721ccbdd21a519,False,0.59375,0.6875,0.9581808917843369,0.594576834246265,1.0,0.0,0.1,0.9,0.2095280498664292,0.7904719501335709,0.223712067748765,0.776287932251235,0.7085019315076504,0.4933519764769613,0.5066480235230387,False
T180_P03_H1000_I0800_CN020_F1,California,unlimited_useful_deadline,unlimited,central_only,targeted_central,all_useful,deadline,-1.0,0.0,0.0,1.0,none,0.0,0,applicable,32.0,0.0,,0.0,86120.0,17516196.0,478933.6287991009,1831.0,1693.5,0.3535980557987452,100.0,6.0,97.83633215005764,97.83633215005764,97.83633215005764,97.83633215005764,68.75,68.75,68.75,68.75,62.5,5.0,0.0,7.0,5.0,22.0,10.0,77.86805555555603,137.04409722222294,153.2715277777813,154.55138888889633,22.0,10.0,154.55138888889633,131.5,8.677777777777777,0.8550967420685731,1.0,0.0,0.0,6.0,16.666666666666664,33.33333333333333,16.0,62.5,68.75,9.0,100.0,100.0,COMPLETED,180,3,1000.0,80.0,20.0,36,9f2f7bf0ac8b27af,False,0.625,0.6875,0.9723980928655566,0.62714451144202,1.0,0.0,0.2,0.8,0.2918076580587711,0.7081923419412288,0.30681016231474945,0.6931898376852506,0.7280106510768942,0.44027643592529586,0.5597235640747041,False
T180_P03_H1000_I0800_CN030_F1,California,unlimited_useful_deadline,unlimited,central_only,targeted_central,all_useful,deadline,-1.0,0.0,0.0,1.0,none,0.0,0,applicable,32.0,0.0,,0.0,125966.0,25952828.0,640916.9631986166,2290.0,2139.0,0.3337405815138545,100.0,6.0,98.17303248675798,98.17303248675798,98.17303248675798,98.17303248675798,68.75,68.75,68.75,68.75,65.625,5.0,0.0,6.0,5.0,22.0,10.0,77.33472222222231,142.1440972222226,153.52152777778133,154.55138888889633,22.0,10.0,154.55138888889633,140.0,11.105555555555556,0.7920543605135901,1.0,0.0,0.0,6.0,33.33333333333333,33.33333333333333,16.0,62.5,68.75,9.0,100.0,100.0,COMPLETED,180,3,1000.0,80.0,30.0,54,ed0ae8181f82a3a5,False,0.65625,0.6875,0.9766933784963829,0.62714451144202,1.0,0.0,0.3,0.7,0.3711487088156723,0.6288512911843277,0.3877911079745942,0.6122088920254058,0.7368969724846007,0.3882120366419467,0.6117879633580533,False
T180_P03_H1000_I0800_CN040_F1,California,unlimited_useful_deadline,unlimited,central_only,targeted_central,all_useful,deadline,-1.0,0.0,0.0,1.0,none,0.0,0,applicable,32.0,0.0,,0.0,162946.0,34609588.0,807126.7551981233,2765.0,2598.5,0.3219444756681561,100.0,7.0,98.52124394608055,98.52124394608055,98.52124394608055,98.52124394608055,68.75,68.75,68.75,68.75,68.75,5.0,0.0,5.0,5.0,22.0,10.0,76.83472222222332,136.02534722223126,151.31493055556322,152.55138888890409,22.0,10.0,152.55138888890409,152.5,13.588888888888889,0.7257654220041792,1.0,0.0,0.0,6.0,50.0,33.33333333333333,16.0,62.5,68.75,9.0,100.0,100.0,COMPLETED,180,3,1000.0,80.0,40.0,72,16842e95dce9b2f3,False,0.6875,0.6875,0.9811355114992034,0.633309145705804,1.0,0.0,0.4,0.6,0.4529830810329475,0.5470169189670525,0.4715949188426253,0.5284050811573747,0.7473611643012519,0.33508440002488543,0.6649155999751146,False
T180_P03_H1000_I0800_CN050_F1,California,unlimited_useful_deadline,unlimited,central_only,targeted_central,all_useful,deadline,-1.0,0.0,0.0,1.0,none,0.0,0,applicable,32.0,0.0,,0.0,200156.0,43590916.0,979568.2527975447,3222.0,3045.5,0.3109022767226653,100.0,9.0,98.95147215408653,98.95147215408653,98.95147215408653,98.95147215408653,68.75,68.75,68.75,68.75,71.875,5.0,0.0,4.0,5.0,22.0,10.0,77.83472222222623,137.54409722222644,144.7715277777847,145.55138888890312,22.0,10.0,145.55138888890312,162.5,16.016666666666666,0.66341580914942,1.0,0.0,0.0,6.0,66.66666666666666,33.33333333333333,16.0,62.5,68.75,9.0,100.0,100.0,COMPLETED,180,3,1000.0,80.0,50.0,90,7ac6bc417026f31a,False,0.71875,0.6875,0.9866239320274817,0.6548853656291347,1.0,0.0,0.5,0.5,0.5325912733748887,0.46740872662511135,0.5522230063514467,0.4477769936485533,0.7619398244141541,0.28303714405473296,0.716962855945267,False
T180_P03_H1000_I0800_CN060_F1,California,unlimited_useful_deadline,unlimited,central_only,targeted_central,all_useful,deadline,-1.0,0.0,0.0,1.0,none,0.0,0,applicable,32.0,0.0,,0.0,234790.0,52827580.0,1156912.2015970298,3688.0,3495.0,0.3020972546728625,100.0,8.0,98.88816097966426,98.88816097966426,98.88816097966426,98.88816097966426,68.75,68.75,68.75,68.75,78.125,5.0,0.0,2.0,5.0,22.0,10.0,75.30138888889172,132.02534722224533,148.26493055555798,149.55138888889147,22.0,10.0,149.55138888889147,155.0,18.555555555555557,0.6032002661343978,1.0,0.0,0.0,6.0,83.33333333333334,33.33333333333333,16.0,68.75,68.75,9.0,100.0,100.0,COMPLETED,180,3,1000.0,80.0,60.0,108,26e89b1594e34394,False,0.78125,0.6875,0.9858162714815145,0.6425560971015547,1.0,0.0,0.6,0.4,0.6126447016918967,0.38735529830810334,0.634438955539873,0.36556104446012705,0.7742805921457673,0.23058326855364608,0.7694167314463539,False
T180_P03_H1000_I0800_CN070_F1,California,unlimited_useful_deadline,unlimited,central_only,targeted_central,all_useful,deadline,-1.0,0.0,0.0,1.0,none,0.0,0,applicable,32.0,0.0,,0.0,268496.0,62428324.0,1341246.4863964312,4152.0,3951.0,0.29457672695309534,100.0,8.0,99.3150882039771,99.3150882039771,99.3150882039771,99.3150882039771,71.875,71.875,71.875,71.875,71.875,5.0,0.0,4.0,5.0,23.0,9.0,73.86805555556943,130.5479166666669,145.46909722222512,147.55138888889536,23.0,9.0,147.55138888889536,162.5,21.04722222222222,0.5497492411244556,1.0,0.0,0.0,6.0,50.0,50.0,16.0,68.75,68.75,9.0,100.0,100.0,COMPLETED,180,3,1000.0,80.0,70.0,126,9e9290fa4eb3019b,False,0.71875,0.71875,0.9912625813663531,0.6487207313653507,1.0,0.0,0.7,0.30000000000000004,0.6938557435440783,0.3061442564559217,0.7163020465772759,0.2836979534227241,0.7693708281829259,0.17796844197572917,0.8220315580242709,False
T180_P03_H1000_I0800_CN080_F1,California,unlimited_useful_deadline,unlimited,central_only,targeted_central,all_useful,deadline,-1.0,0.0,0.0,1.0,none,0.0,0,applicable,32.0,0.0,,0.0,299300.0,72244804.0,1529722.9023958286,4635.0,4423.0,0.28913733285111737,100.0,9.0,99.52084952084952,99.52084952084952,99.52084952084952,99.52084952084952,75.0,75.0,75.0,75.0,78.125,5.0,0.0,2.0,5.0,24.0,8.0,72.35972222223384,128.50451388889036,142.6449652777839,145.55138888890312,24.0,8.0,145.55138888890312,175.5,23.59722222222222,0.5114753776731411,1.0,0.0,100.0,6.0,83.33333333333334,50.0,16.0,68.75,68.75,9.0,100.0,100.0,COMPLETED,180,3,1000.0,80.0,80.0,144,2220cc86a3c7f563,False,0.78125,0.75,0.9938874781407471,0.6548853656291347,1.0,0.0,0.8,0.19999999999999996,0.7779162956366874,0.2220837043633126,0.8015172900494001,0.1984827099505999,0.7950057109424704,0.1241132828627825,0.8758867171372176,False
T180_P03_H1000_I0800_CN090_F1,California,unlimited_useful_deadline,unlimited,central_only,targeted_central,all_useful,deadline,-1.0,0.0,0.0,1.0,none,0.0,0,applicable,32.0,0.0,,0.0,328060.0,82423852.0,1725160.6239952308,5095.0,4870.5,0.2823215376154716,100.0,9.0,99.6330829664163,99.6330829664163,99.6330829664163,99.6330829664163,75.0,75.0,75.0,75.0,78.125,5.0,0.0,2.0,5.0,24.0,8.0,70.33472222223043,124.50451388889603,139.4949652777799,142.55138888889147,24.0,8.0,142.55138888889147,177.5,26.072222222222223,0.4413192224826574,1.0,0.0,100.0,6.0,83.33333333333334,50.0,16.0,68.75,68.75,9.0,100.0,100.0,COMPLETED,180,3,1000.0,80.0,90.0,162,5964d4336de8aaae,False,0.78125,0.75,0.9953192400176891,0.6641323170248825,1.0,0.0,0.9,0.09999999999999998,0.857613535173642,0.14238646482635797,0.8826746647847565,0.11732533521524346,0.797675389260643,0.07194236000832029,0.9280576399916797,False
T180_P03_H1000_I0800_CN100_F1,California,unlimited_useful_deadline,unlimited,central_only,targeted_central,all_useful,deadline,-1.0,0.0,0.0,1.0,none,0.0,0,applicable,32.0,0.0,,0.0,359232.0,92951476.0,1927291.004794539,5558.0,5320.0,0.27603511803694347,100.0,9.0,99.88776655443323,99.88776655443323,99.88776655443323,99.88776655443323,81.25,81.25,81.25,81.25,78.125,5.0,0.0,2.0,5.0,26.0,6.0,65.86805555556307,118.41770833336055,129.63819444445832,133.5513888889167,26.0,6.0,133.5513888889167,174.5,28.586111111111112,0.39059102344011487,1.0,0.0,100.0,6.0,83.33333333333334,83.33333333333334,16.0,68.75,68.75,9.0,100.0,100.0,COMPLETED,180,3,1000.0,80.0,100.0,180,34c488ccaecb9de2,False,0.78125,0.8125,0.998568238123058,0.6918731712119404,1.0,0.0,1.0,0.0,0.93766696349065,0.06233303650934996,0.9643613267466479,0.03563867325335213,0.8210478523337496,0.019594341952540416,0.9804056580474596,False
T180_P03_H1000_I0986_CN000_F1,California,unlimited_useful_deadline,unlimited,central_only,targeted_central,all_useful,deadline,-1.0,0.0,0.0,1.0,none,0.0,0,applicable,32.0,0.0,,0.0,2918.0,1700580.0,170058.0,399.0,243.0,0.1428924249373743,0.0,1.0,52.00278924511776,52.00278924511776,52.00278924511776,52.00278924511776,18.75,18.75,18.75,18.75,6.25,6.0,8.0,16.0,14.0,6.0,26.0,139.75,235.2,280.78333333333336,326.3666666666667,6.0,26.0,326.3666666666667,243.0,0.0,0.0,1.0,0.0,0.0,6.0,0.0,0.0,16.0,6.25,31.25,9.0,11.11111111111111,11.11111111111111,COMPLETED,180,3,1000.0,98.6,0.0,0,084f7f98ef050159,False,0.0625,0.1875,0.3876996628646757,0.09755533722476029,1.0,0.0,0.0,1.0,0.03348174532502226,0.9665182546749778,0.05416372618207481,0.9458362738179252,0.183813750022359,0.5824709056985806,0.4175290943014194,False
T180_P03_H1000_I0986_CN010_F1,California,unlimited_useful_deadline,unlimited,central_only,targeted_central,all_useful,deadline,-1.0,0.0,0.0,1.0,none,0.0,0,applicable,32.0,0.0,,0.0,43798.0,9490372.0,319622.00639957294,1174.0,958.5,0.299885483730347,93.89671361502347,7.0,89.74358974358975,89.74358974358975,89.74358974358975,89.74358974358975,71.875,71.875,71.875,71.875,53.125,6.0,2.0,7.0,8.0,23.0,9.0,78.80138888888905,89.85,92.54999999999998,121.73472222222239,23.0,9.0,121.73472222222239,145.5,4.516666666666667,0.9342695093617603,1.0,0.0,100.0,6.0,0.0,0.0,16.0,50.0,81.25,9.0,100.0,100.0,COMPLETED,180,3,1000.0,98.6,10.0,18,f5b882f7aeb4c53e,False,0.53125,0.71875,0.8691589915532874,0.7282958853206907,1.0,0.0,0.1,0.9,0.16090828138913624,0.8390917186108637,0.19089625970359916,0.8091037402964009,0.7118637192184945,0.509639091781453,0.49036090821854705,False
T180_P03_H1000_I0986_CN020_F1,California,unlimited_useful_deadline,unlimited,central_only,targeted_central,all_useful,deadline,-1.0,0.0,0.0,1.0,none,0.0,0,applicable,32.0,0.0,,0.0,87698.0,17647724.0,476243.1647990518,1692.0,1486.5,0.3121304639883326,98.99091826437942,7.0,98.9010989010989,98.9010989010989,98.9010989010989,98.9010989010989,78.125,78.125,78.125,78.125,53.125,6.0,0.0,9.0,6.0,25.0,7.0,70.80138888888905,77.81666666666666,77.85,78.85,25.0,7.0,78.85,97.0,7.719444444444444,0.8512234616768621,1.0,0.0,100.0,6.0,0.0,33.33333333333333,16.0,50.0,81.25,9.0,100.0,100.0,COMPLETED,180,3,1000.0,98.6,20.0,36,4bb4fdb026980ca0,False,0.53125,0.78125,0.9859813205235666,0.8604801993231893,1.0,0.0,0.2,0.8,0.25494211932324135,0.7450578806767587,0.2822865208186309,0.7177134791813691,0.789740379961689,0.45255427197162557,0.5474457280283744,False
T180_P03_H1000_I0986_CN030_F1,California,unlimited_useful_deadline,unlimited,central_only,targeted_central,all_useful,deadline,-1.0,0.0,0.0,1.0,none,0.0,0,applicable,32.0,0.0,,0.0,129856.0,26241556.0,641244.7391985438,2166.0,1950.5,0.3041740353983756,99.4873109459113,8.0,100.0,100.0,100.0,100.0,81.25,81.25,81.25,81.25,53.125,6.0,0.0,9.0,6.0,26.0,6.0,69.09305555555565,75.35,76.9125,77.01666666666667,26.0,6.0,77.01666666666667,104.5,10.269444444444444,0.7955023592702792,1.0,0.0,100.0,6.0,0.0,50.0,16.0,50.0,81.25,9.0,100.0,100.0,COMPLETED,180,3,1000.0,98.6,30.0,54,8f757616af45c4a8,False,0.53125,0.8125,1.0,0.8661311140650132,1.0,0.0,0.3,0.7,0.33757791629563666,0.6624220837043633,0.3659139026111503,0.6340860973888497,0.8024702785162533,0.39930163621864256,0.6006983637813574,False
T180_P03_H1000_I0986_CN040_F1,California,unlimited_useful_deadline,unlimited,central_only,targeted_central,all_useful,deadline,-1.0,0.0,0.0,1.0,none,0.0,0,applicable,32.0,0.0,,0.0,166198.0,34977188.0,808968.8735980811,2651.0,2432.5,0.3006914208183164,99.93833504624871,8.0,100.0,100.0,100.0,100.0,81.25,81.25,81.25,81.25,53.125,6.0,0.0,9.0,6.0,26.0,6.0,67.74305555555632,71.78402777777792,72.65121527777971,73.85,26.0,6.0,73.85,111.0,12.963888888888889,0.7337583029783588,1.0,0.0,100.0,6.0,0.0,50.0,16.0,50.0,81.25,9.0,100.0,100.0,COMPLETED,180,3,1000.0,98.6,40.0,72,f36fa99936af2e09,False,0.53125,0.8125,1.0,0.8758917849827091,1.0,0.0,0.4,0.6,0.42341941228851293,0.5765805877114871,0.4514820042342978,0.5485179957657023,0.8049104462456773,0.34501971669543785,0.6549802833045621,False
T180_P03_H1000_I0986_CN050_F1,California,unlimited_useful_deadline,unlimited,central_only,targeted_central,all_useful,deadline,-1.0,0.0,0.0,1.0,none,0.0,0,applicable,32.0,0.0,,0.0,203174.0,44069124.0,983534.0447975283,3141.0,2921.0,0.2969902277863011,99.9657651489216,8.0,100.0,100.0,100.0,100.0,81.25,81.25,81.25,81.25,53.125,6.0,0.0,9.0,6.0,26.0,6.0,66.02708333335298,70.67638888889755,71.10086805555584,71.36736111111095,26.0,6.0,71.36736111111095,117.5,15.805555555555555,0.6455594610427651,1.0,0.0,100.0,6.0,0.0,50.0,16.0,50.0,81.25,9.0,100.0,100.0,COMPLETED,180,3,1000.0,98.6,50.0,90,db69f6aeeb879412,False,0.53125,0.8125,1.0,0.8835440653622628,1.0,0.0,0.5,0.5,0.5104185218165628,0.4895814781834372,0.5379322512350035,0.46206774876499646,0.8068235163405657,0.29032984538968676,0.7096701546103132,False
T180_P03_H1000_I0986_CN060_F1,California,unlimited_useful_deadline,unlimited,central_only,targeted_central,all_useful,deadline,-1.0,0.0,0.0,1.0,none,0.0,0,applicable,32.0,0.0,,0.0,238714.0,53436852.0,1163394.4223969956,3618.0,3387.0,0.2911308439163398,99.97047534691467,8.0,100.0,100.0,100.0,100.0,81.25,81.25,81.25,81.25,53.125,6.0,0.0,9.0,6.0,26.0,6.0,65.33437500001286,68.3934027777781,68.83888888890523,71.20069444444452,26.0,6.0,71.20069444444452,131.5,18.316666666666666,0.5949246790011122,1.0,0.0,100.0,6.0,0.0,50.0,16.0,50.0,81.25,9.0,100.0,100.0,COMPLETED,180,3,1000.0,98.6,60.0,108,f60ed95a836390ff,False,0.53125,0.8125,1.0,0.8840577848842461,1.0,0.0,0.6,0.4,0.5934105075690116,0.4065894924309884,0.6220889202540578,0.3779110797459422,0.8069519462210615,0.23690011443538614,0.7630998855646138,False
T180_P03_H1000_I0986_CN070_F1,California,unlimited_useful_deadline,unlimited,central_only,targeted_central,all_useful,deadline,-1.0,0.0,0.0,1.0,none,0.0,0,applicable,32.0,0.0,,0.0,274728.0,63212532.0,1351087.4783963696,4117.0,3895.0,0.28828629250735466,99.97432605905007,8.0,100.0,100.0,100.0,100.0,81.25,81.25,81.25,81.25,53.125,6.0,0.0,9.0,6.0,26.0,6.0,65.17638888889196,68.71805555555596,69.00190972222256,69.36736111111095,26.0,6.0,69.36736111111095,129.0,21.194444444444443,0.5268035532255715,1.0,0.0,100.0,6.0,0.0,50.0,16.0,50.0,81.25,9.0,100.0,100.0,COMPLETED,180,3,1000.0,98.6,70.0,126,d9906fcfc80c596f,False,0.53125,0.8125,1.0,0.8897086996260708,1.0,0.0,0.7,0.30000000000000004,0.6838824577025824,0.3161175422974176,0.7101270289343684,0.2898729710656316,0.8083646749065176,0.18119810267260988,0.8188018973273901,False
T180_P03_H1000_I0986_CN080_F1,California,unlimited_useful_deadline,unlimited,central_only,targeted_central,all_useful,deadline,-1.0,0.0,0.0,1.0,none,0.0,0,applicable,32.0,0.0,,0.0,304968.0,73136340.0,1541624.5919957825,4590.0,4359.5,0.282786096085572,100.0,10.0,100.0,100.0,100.0,100.0,81.25,81.25,81.25,81.25,56.25,6.0,0.0,8.0,6.0,26.0,6.0,59.31006944445423,68.65104166667382,69.99236111111456,71.20069444444476,26.0,6.0,71.20069444444476,182.5,23.708333333333332,0.47529063333984256,1.0,0.0,100.0,6.0,0.0,50.0,16.0,56.25,81.25,9.0,100.0,100.0,COMPLETED,180,3,1000.0,98.6,80.0,144,de9ee77243855123,False,0.5625,0.8125,1.0,0.8840577848842454,1.0,0.0,0.8,0.19999999999999996,0.766607301869991,0.23339269813000896,0.7935779816513762,0.20642201834862384,0.8147644462210614,0.12796294329572655,0.8720370567042734,False
T180_P03_H1000_I0986_CN090_F1,California,unlimited_useful_deadline,unlimited,central_only,targeted_central,all_useful,deadline,-1.0,0.0,0.0,1.0,none,0.0,0,applicable,32.0,0.0,,0.0,333582.0,83436780.0,1739393.03999522,5078.0,4844.5,0.2785166945369238,99.97935803488492,8.0,100.0,100.0,100.0,100.0,81.25,81.25,81.25,81.25,56.25,6.0,0.0,8.0,6.0,26.0,6.0,55.36805555556851,61.051388888889534,66.11388888889604,68.0687500000143,26.0,6.0,68.0687500000143,141.5,26.416666666666668,0.3956595396658489,1.0,0.0,100.0,6.0,0.0,50.0,16.0,56.25,81.25,9.0,100.0,100.0,COMPLETED,180,3,1000.0,98.6,90.0,162,47676ff68e83af89,False,0.5625,0.8125,1.0,0.8937114309014849,1.0,0.0,0.9,0.09999999999999998,0.8529830810329475,0.1470169189670525,0.8796753705010586,0.1203246294989414,0.8171778577253712,0.07346830969319877,0.9265316903068013,False
T180_P03_H1000_I0986_CN100_F1,California,unlimited_useful_deadline,unlimited,central_only,targeted_central,all_useful,deadline,-1.0,0.0,0.0,1.0,none,0.0,0,applicable,32.0,0.0,,0.0,365140.0,94134604.0,1944791.260794557,5561.0,5320.0,0.27355120866938076,100.0,10.0,100.0,100.0,100.0,100.0,81.25,81.25,81.25,81.25,59.375,6.0,0.0,7.0,6.0,26.0,6.0,52.95937500001819,55.00104166667376,55.20069444445362,59.01944444445447,26.0,6.0,59.01944444445447,149.5,28.991666666666667,0.31080717106874056,1.0,0.0,100.0,6.0,0.0,50.0,16.0,62.5,81.25,9.0,100.0,100.0,COMPLETED,180,3,1000.0,98.6,100.0,180,5e5733488f223f8c,False,0.59375,0.8125,1.0,0.9216042604472205,1.0,0.0,1.0,0.0,0.93766696349065,0.06233303650934996,0.9648906139731828,0.035109386026817235,0.8319635651118051,0.01948848450723344,0.9805115154927666,False
T180_P05_H0500_I0600_CN000_F1,California,unlimited_useful_deadline,unlimited,central_only,targeted_central,all_useful,deadline,-1.0,0.0,0.0,1.0,none,0.0,0,applicable,32.0,0.0,,0.0,3456.0,1243520.0,124352.0,681.0,550.0,0.4422928461142563,0.0,1.0,44.11781508496871,44.11781508496871,44.11781508496871,44.11781508496871,0.0,0.0,0.0,0.0,65.625,0.0,0.0,11.0,0.0,0.0,32.0,,,,,0.0,32.0,,550.0,0.0,0.0,1.0,0.0,0.0,6.0,0.0,0.0,16.0,75.0,0.0,9.0,100.0,0.0,COMPLETED,180,5,500.0,60.0,0.0,0,ac8c59ef9b1f3621,False,0.65625,0.0,0.28711106072238385,0.0,1.0,0.0,0.0,1.0,0.0881567230632235,0.9118432769367765,0.10391672547635851,0.8960832745236414,0.23584026518059598,0.5615853102920836,0.4384146897079164,False
T180_P05_H0500_I0600_CN010_F1,California,unlimited_useful_deadline,unlimited,central_only,targeted_central,all_useful,deadline,-1.0,0.0,0.0,1.0,none,0.0,0,applicable,32.0,0.0,,0.0,40036.0,8877240.0,270919.42399958964,1877.0,1510.0,0.5573612913049333,75.62913907284768,8.0,91.41272862900101,91.41272862900101,91.41272862900101,91.41272862900101,78.125,78.125,78.125,78.125,75.0,0.0,0.0,8.0,0.0,25.0,7.0,113.1513888888939,153.3743055555647,170.88125000003436,179.3673611111318,25.0,7.0,179.3673611111318,476.5,5.741666666666666,0.8924877707896577,1.0,0.0,0.0,6.0,0.0,0.0,16.0,93.75,100.0,9.0,100.0,100.0,COMPLETED,180,5,500.0,60.0,10.0,18,154adc05337f64be,False,0.75,0.78125,0.8904521935162584,0.5506538151165707,1.0,0.0,0.1,0.9,0.2591273374888691,0.7408726625111308,0.3149258997882851,0.6850741002117149,0.7430890021582073,0.46518935254456917,0.5348106474554308,False
T180_P05_H0500_I0600_CN020_F1,California,unlimited_useful_deadline,unlimited,central_only,targeted_central,all_useful,deadline,-1.0,0.0,0.0,1.0,none,0.0,0,applicable,32.0,0.0,,0.0,74463.0,16743772.0,421956.8383991947,2338.0,2005.5,0.4752855784037999,86.13812016953378,11.0,97.48538372859025,97.48538372859025,97.48538372859025,97.48538372859025,90.625,90.625,90.625,90.625,87.5,0.0,0.0,4.0,0.0,29.0,3.0,73.85138888888905,89.07847222223198,89.37777777777752,99.20069444444465,29.0,3.0,99.20069444444465,422.0,8.797222222222222,0.841278111076027,1.0,0.0,0.0,6.0,66.66666666666666,66.66666666666666,16.0,93.75,100.0,9.0,100.0,100.0,COMPLETED,180,5,500.0,60.0,20.0,36,068dbd65c29d9edf,False,0.875,0.90625,0.9679210444412429,0.7977529051909348,1.0,0.0,0.2,0.8,0.34737310774710595,0.652626892252894,0.39625970359915313,0.6037402964008469,0.8867309874080445,0.41127343773074826,0.5887265622692517,False
T180_P05_H0500_I0600_CN030_F1,California,unlimited_useful_deadline,unlimited,central_only,targeted_central,all_useful,deadline,-1.0,0.0,0.0,1.0,none,0.0,0,applicable,32.0,0.0,,0.0,109308.0,25243044.0,585142.8607987954,2772.0,2473.5,0.42271728251513724,92.2175055589246,13.0,98.69791666666667,98.69791666666667,98.69791666666667,98.69791666666667,96.875,96.875,96.875,96.875,93.75,0.0,0.0,2.0,0.0,31.0,1.0,63.93472222222238,73.80138888888953,79.25937500000546,82.36736111111288,31.0,1.0,82.36736111111288,303.5,12.055555555555555,0.7945724526369689,1.0,100.0,0.0,6.0,66.66666666666666,100.0,16.0,100.0,100.0,9.0,100.0,100.0,COMPLETED,180,5,500.0,60.0,30.0,54,78f8beae8b543bc0,False,0.9375,0.96875,0.9833893250995385,0.8496385769113133,1.0,0.0,0.3,0.7,0.4307212822796082,0.5692787177203917,0.4728299223712068,0.5271700776287932,0.9348194755027129,0.35928975906983696,0.640710240930163,False
T180_P05_H0500_I0600_CN040_F1,California,unlimited_useful_deadline,unlimited,central_only,targeted_central,all_useful,deadline,-1.0,0.0,0.0,1.0,none,0.0,0,applicable,32.0,0.0,,0.0,138026.0,33263052.0,739127.0143984476,3188.0,2900.5,0.39242240420080254,94.10446474745733,11.0,98.17708333333333,98.17708333333333,98.17708333333333,98.17708333333333,96.875,96.875,96.875,96.875,90.625,0.0,0.0,3.0,0.0,31.0,1.0,59.602777777779075,72.20069444444452,73.30138888888929,74.23541666666763,31.0,1.0,74.23541666666763,295.5,14.472222222222221,0.75149498827042,1.0,0.0,0.0,6.0,66.66666666666666,100.0,16.0,100.0,100.0,9.0,100.0,100.0,COMPLETED,180,5,500.0,60.0,40.0,72,e815a0eb395a8980,False,0.90625,0.96875,0.9767450551393537,0.8747038085881181,1.0,0.0,0.4,0.6,0.5067675868210152,0.4932324131789848,0.5462244177840508,0.45377558221594916,0.9316122159318679,0.3094015990789868,0.6905984009210132,False
T180_P05_H0500_I0600_CN050_F1,California,unlimited_useful_deadline,unlimited,central_only,targeted_central,all_useful,deadline,-1.0,0.0,0.0,1.0,none,0.0,0,applicable,32.0,0.0,,0.0,174452.0,41655216.0,900256.5631980095,3603.0,3343.5,0.37139412659462107,96.57544489307612,12.0,99.21875,99.21875,99.21875,99.21875,96.875,96.875,96.875,96.875,93.75,0.0,0.0,2.0,0.0,31.0,1.0,49.9347222222259,60.80138888888905,63.334375000000726,64.36736111111144,31.0,1.0,64.36736111111144,255.5,17.155555555555555,0.6878022452504318,1.0,100.0,0.0,6.0,66.66666666666666,100.0,16.0,100.0,100.0,9.0,100.0,100.0,COMPLETED,180,5,500.0,60.0,50.0,90,f0494ad588856e85,False,0.9375,0.96875,0.9900335950597231,0.9051202852855891,1.0,0.0,0.5,0.5,0.5856634016028495,0.41433659839715054,0.6194424841213833,0.38055751587861675,0.9503509700863281,0.2589788228551535,0.7410211771448465,False
T180_P05_H0500_I0600_CN060_F1,California,unlimited_useful_deadline,unlimited,central_only,targeted_central,all_useful,deadline,-1.0,0.0,0.0,1.0,none,0.0,0,applicable,32.0,0.0,,0.0,196737.0,50719440.0,1074289.6639977219,4013.0,3773.0,0.3512088151308883,97.86641929499072,13.0,98.95833333333334,98.95833333333334,98.95833333333334,98.95833333333334,96.875,96.875,96.875,96.875,93.75,0.0,0.0,2.0,0.0,31.0,1.0,47.16875000000194,62.63472222223136,62.93506944445137,64.36736111111192,31.0,1.0,64.36736111111192,221.0,19.733333333333334,0.6442645770770772,1.0,100.0,0.0,6.0,66.66666666666666,100.0,16.0,100.0,100.0,9.0,100.0,100.0,COMPLETED,180,5,500.0,60.0,60.0,108,848810af41260d33,False,0.9375,0.96875,0.9867114600796308,0.9051202852855876,1.0,0.0,0.6,0.4,0.6621549421193232,0.33784505788067676,0.6917784050811574,0.3082215949188426,0.9495204363413047,0.20921333055990388,0.7907866694400961,False
T180_P05_H0500_I0600_CN070_F1,California,unlimited_useful_deadline,unlimited,central_only,targeted_central,all_useful,deadline,-1.0,0.0,0.0,1.0,none,0.0,0,applicable,32.0,0.0,,0.0,225128.0,60190576.0,1256135.4751973692,4440.0,4228.5,0.3366277032607172,98.64017973276576,12.0,98.95833333333334,98.95833333333334,98.95833333333334,98.95833333333334,96.875,96.875,96.875,96.875,93.75,0.0,0.0,2.0,0.0,31.0,1.0,48.80138888889147,58.551388888889534,62.05138888888905,62.71736111111216,31.0,1.0,62.71736111111216,230.5,22.211111111111112,0.6405397143015952,1.0,100.0,0.0,6.0,66.66666666666666,100.0,16.0,100.0,100.0,9.0,100.0,100.0,COMPLETED,180,5,500.0,60.0,70.0,126,b2608eef42484d5c,False,0.9375,0.96875,0.9867114600796308,0.9102061085532284,1.0,0.0,0.7,0.30000000000000004,0.7432769367764915,0.25672306322350846,0.7671136203246295,0.23288637967537051,0.9507918921582148,0.1579218885797758,0.8420781114202243,False
T180_P05_H0500_I0600_CN080_F1,California,unlimited_useful_deadline,unlimited,central_only,targeted_central,all_useful,deadline,-1.0,0.0,0.0,1.0,none,0.0,0,applicable,32.0,0.0,,0.0,247735.0,69158140.0,1428312.7039970607,4863.0,4661.5,0.3263641068902509,99.2169902391934,12.0,99.47916666666666,99.47916666666666,99.47916666666666,99.47916666666666,96.875,96.875,96.875,96.875,93.75,0.0,0.0,2.0,0.0,31.0,1.0,44.16875,55.20069444444489,55.8444444444489,56.851388888890504,31.0,1.0,56.851388888890504,220.0,24.675,0.5631474601923774,1.0,100.0,0.0,6.0,66.66666666666666,100.0,16.0,100.0,100.0,9.0,100.0,100.0,COMPLETED,180,5,500.0,60.0,80.0,144,9aea1f44c6a343a1,False,0.9375,0.96875,0.9933557300398153,0.9282868952290549,1.0,0.0,0.8,0.19999999999999996,0.8203918076580587,0.17960819234194125,0.841743119266055,0.15825688073394495,0.9569731563172175,0.10757301461517724,0.8924269853848228,False
T180_P05_H0500_I0600_CN090_F1,California,unlimited_useful_deadline,unlimited,central_only,targeted_central,all_useful,deadline,-1.0,0.0,0.0,1.0,none,0.0,0,applicable,32.0,0.0,,0.0,270709.0,78570812.0,1609036.0063967414,5280.0,5101.5,0.31705319083718,99.66676467705577,12.0,99.47916666666666,99.47916666666666,99.47916666666666,99.47916666666666,96.875,96.875,96.875,96.875,93.75,0.0,0.0,2.0,0.0,31.0,1.0,39.168750000000486,47.200694444445375,50.84444444445144,52.55138888889924,31.0,1.0,52.55138888889924,219.5,27.122222222222224,0.502789157449133,1.0,100.0,0.0,6.0,66.66666666666666,100.0,16.0,100.0,100.0,9.0,100.0,100.0,COMPLETED,180,5,500.0,60.0,90.0,162,39ef5f85cce18412,False,0.9375,0.96875,0.9933557300398153,0.9415408588962151,1.0,0.0,0.9,0.09999999999999998,0.898753339269813,0.10124666073018695,0.9153140437544107,0.08468595624558928,0.9602866472340076,0.057186523395155245,0.9428134766048447,False
T180_P05_H0500_I0600_CN100_F1,California,unlimited_useful_deadline,unlimited,central_only,targeted_central,all_useful,deadline,-1.0,0.0,0.0,1.0,none,0.0,0,applicable,32.0,0.0,,0.0,291784.0,88428088.0,1798295.7055964395,5702.0,5554.5,0.30887578626329104,100.0,12.0,99.47916666666666,99.47916666666666,99.47916666666666,99.47916666666666,96.875,96.875,96.875,96.875,93.75,0.0,0.0,2.0,0.0,31.0,1.0,38.85138888889148,42.200694444445375,44.959375000000975,47.321527777785136,31.0,1.0,47.321527777785136,212.5,29.677777777777777,0.4250426390448854,1.0,100.0,0.0,6.0,66.66666666666666,100.0,16.0,100.0,100.0,9.0,100.0,100.0,COMPLETED,180,5,500.0,60.0,100.0,180,d7407311ca810732,False,0.9375,0.96875,0.9933557300398153,0.9576609493964804,1.0,0.0,1.0,0.0,0.9794300979519145,0.02056990204808551,0.9897671136203247,0.010232886379675343,0.9643166698590739,0.006160557685552171,0.9938394423144479,False
T180_P05_H0500_I0800_CN000_F1,California,unlimited_useful_deadline,unlimited,central_only,targeted_central,all_useful,deadline,-1.0,0.0,0.0,1.0,none,0.0,0,applicable,32.0,0.0,,0.0,2059.0,726436.0,72643.6,587.0,378.5,0.5210369530144431,0.0,1.0,29.53908651149596,29.53908651149596,29.53908651149596,29.53908651149596,0.0,0.0,0.0,0.0,0.0,0.0,15.0,17.0,15.0,0.0,32.0,,,,,0.0,32.0,,378.5,0.0,0.0,1.0,0.0,0.0,6.0,0.0,0.0,16.0,0.0,0.0,9.0,0.0,0.0,COMPLETED,180,5,500.0,80.0,0.0,0,916cee5fd21994b1,False,0.0,0.0,0.101130244751036,0.0,1.0,0.0,0.0,1.0,0.05761353517364203,0.942386464826358,0.08733239237826394,0.912667607621736,0.025282561187759,0.5710108144896189,0.4289891855103811,False
T180_P05_H0500_I0800_CN010_F1,California,unlimited_useful_deadline,unlimited,central_only,targeted_central,all_useful,deadline,-1.0,0.0,0.0,1.0,none,0.0,0,applicable,32.0,0.0,,0.0,69655.0,13197836.0,312094.4799993075,1712.0,1446.5,0.4634814431845157,99.93086761147597,7.0,96.25836120401338,96.25836120401338,96.25836120401338,96.25836120401338,90.625,90.625,90.625,90.625,96.875,0.0,1.0,0.0,1.0,29.0,3.0,77.80138888889633,110.0280555555557,113.84430555555547,115.55138888888857,29.0,3.0,115.55138888888857,185.5,7.788888888888889,0.9232604216199081,1.0,0.0,0.0,6.0,100.0,66.66666666666666,16.0,100.0,100.0,9.0,100.0,100.0,COMPLETED,180,5,500.0,80.0,10.0,18,72bf6d103830c8ee,False,0.96875,0.90625,0.9522679201522523,0.7473548795862983,1.0,0.0,0.1,0.9,0.24781834372217276,0.7521816562778272,0.2858151023288638,0.7141848976711362,0.8936556999346377,0.47327331078979273,0.5267266892102073,False
T180_P05_H0500_I0800_CN020_F1,California,unlimited_useful_deadline,unlimited,central_only,targeted_central,all_useful,deadline,-1.0,0.0,0.0,1.0,none,0.0,0,applicable,32.0,0.0,,0.0,139652.0,26749336.0,572283.2799985497,2176.0,1941.0,0.3391676933152614,100.0,8.0,98.69791666666667,98.69791666666667,98.69791666666667,98.69791666666667,96.875,96.875,96.875,96.875,100.0,0.0,0.0,0.0,0.0,31.0,1.0,53.6027777777781,71.41944444444428,76.24305555555584,82.93472222225185,31.0,1.0,82.93472222225185,182.0,10.51388888888889,0.8694070159988259,1.0,100.0,0.0,6.0,100.0,100.0,16.0,100.0,100.0,9.0,100.0,100.0,COMPLETED,180,5,500.0,80.0,20.0,36,014b8afc7603cfae,False,1.0,0.96875,0.9833893250995385,0.8478897900384736,1.0,0.0,0.2,0.8,0.3358860195903829,0.6641139804096171,0.3676781933662668,0.6323218066337333,0.9500072787845031,0.4192871574086701,0.5807128425913299,False
T180_P05_H0500_I0800_CN030_F1,California,unlimited_useful_deadline,unlimited,central_only,targeted_central,all_useful,deadline,-1.0,0.0,0.0,1.0,none,0.0,0,applicable,32.0,0.0,,0.0,206726.0,41465648.0,854836.4703978088,2631.0,2418.0,0.282861118322988,100.0,10.0,99.21875,99.21875,99.21875,99.21875,96.875,96.875,96.875,96.875,100.0,0.0,0.0,0.0,0.0,31.0,1.0,44.66944444444574,70.55138888890312,75.74305555557967,82.93472222225185,31.0,1.0,82.93472222225185,130.5,13.127777777777778,0.8101401231955612,1.0,100.0,0.0,6.0,100.0,100.0,16.0,100.0,100.0,9.0,100.0,100.0,COMPLETED,180,5,500.0,80.0,30.0,54,67264faa76c68e8b,False,1.0,0.96875,0.9900335950597231,0.8478897900384736,1.0,0.0,0.3,0.7,0.4208370436331256,0.5791629563668744,0.4479534227240649,0.5520465772759351,0.9516683462745492,0.36624190672856194,0.6337580932714381,False
T180_P05_H0500_I0800_CN040_F1,California,unlimited_useful_deadline,unlimited,central_only,targeted_central,all_useful,deadline,-1.0,0.0,0.0,1.0,none,0.0,0,applicable,32.0,0.0,,0.0,276911.0,56277324.0,1139220.6495969896,3083.0,2895.0,0.25412109594608684,100.0,13.0,100.0,100.0,100.0,100.0,100.0,100.0,100.0,100.0,100.0,0.0,0.0,0.0,0.0,32.0,0.0,42.59513888888905,65.94756944444589,72.57388888888978,80.80277777777786,32.0,0.0,80.80277777777786,198.0,15.675,0.7564524386161813,1.0,100.0,100.0,6.0,100.0,100.0,16.0,100.0,100.0,9.0,100.0,100.0,COMPLETED,180,5,500.0,80.0,40.0,72,e9b0c5d3f958afdd,False,1.0,1.0,1.0,0.8544611189239433,1.0,0.0,0.4,0.6,0.5057880676758683,0.49421193232413174,0.5276993648553282,0.4723006351446718,0.9636152797309858,0.3133025134937607,0.6866974865062393,False
T180_P05_H0500_I0800_CN050_F1,California,unlimited_useful_deadline,unlimited,central_only,targeted_central,all_useful,deadline,-1.0,0.0,0.0,1.0,none,0.0,0,applicable,32.0,0.0,,0.0,347841.0,72760668.0,1455700.8543961272,3524.0,3351.0,0.2301983948061984,100.0,15.0,100.0,100.0,100.0,100.0,100.0,100.0,100.0,100.0,100.0,0.0,0.0,0.0,0.0,32.0,0.0,36.85312500000606,58.151388888890175,65.22388888888948,72.93472222222226,32.0,0.0,72.93472222222226,177.5,18.27777777777778,0.6792789598108748,1.0,100.0,100.0,6.0,100.0,100.0,16.0,100.0,100.0,9.0,100.0,100.0,COMPLETED,180,5,500.0,80.0,50.0,90,21b0417282afaa38,False,1.0,1.0,1.0,0.8787129613576045,1.0,0.0,0.5,0.5,0.5869991095280499,0.4130008904719501,0.6055045871559633,0.39449541284403666,0.9696782403394011,0.2614992606631974,0.7385007393368026,False
T180_P05_H0500_I0800_CN060_F1,California,unlimited_useful_deadline,unlimited,central_only,targeted_central,all_useful,deadline,-1.0,0.0,0.0,1.0,none,0.0,0,applicable,32.0,0.0,,0.0,416382.0,89787536.0,1782616.7199952388,3975.0,3817.0,0.2141234263757043,100.0,19.0,100.0,100.0,100.0,100.0,100.0,100.0,100.0,100.0,100.0,0.0,0.0,0.0,0.0,32.0,0.0,34.679166666668,59.5079861111191,63.42388888889112,73.93472222222226,32.0,0.0,73.93472222222226,184.5,20.66111111111111,0.6729571868184399,1.0,100.0,100.0,6.0,100.0,100.0,16.0,100.0,100.0,9.0,100.0,100.0,COMPLETED,180,5,500.0,80.0,60.0,108,5d43d472aa4ca7c9,False,1.0,1.0,1.0,0.8756306442257005,1.0,0.0,0.6,0.4,0.6699910952804987,0.3300089047195013,0.6850741002117149,0.3149258997882851,0.9689076610564251,0.20898696090155733,0.7910130390984427,False
T180_P05_H0500_I0800_CN070_F1,California,unlimited_useful_deadline,unlimited,central_only,targeted_central,all_useful,deadline,-1.0,0.0,0.0,1.0,none,0.0,0,applicable,32.0,0.0,,0.0,485801.0,108488424.0,2141673.769594309,4423.0,4278.5,0.19977365650840762,100.0,18.0,100.0,100.0,100.0,100.0,100.0,100.0,100.0,100.0,100.0,0.0,0.0,0.0,0.0,32.0,0.0,34.877083333342554,58.151388888892605,63.77388888889119,69.93472222222299,32.0,0.0,69.93472222222299,175.0,23.283333333333335,0.6099061480951244,1.0,100.0,100.0,6.0,100.0,100.0,16.0,100.0,100.0,9.0,100.0,100.0,COMPLETED,180,5,500.0,80.0,70.0,126,782efb39e58d4296,False,1.0,1.0,1.0,0.8879599127533141,1.0,0.0,0.7,0.30000000000000004,0.7521816562778273,0.2478183437221727,0.7641143260409315,0.23588567395906845,0.9719899781883286,0.15674080353624825,0.8432591964637517,False
T180_P05_H0500_I0800_CN080_F1,California,unlimited_useful_deadline,unlimited,central_only,targeted_central,all_useful,deadline,-1.0,0.0,0.0,1.0,none,0.0,0,applicable,32.0,0.0,,0.0,559057.0,127333032.0,2503490.243193279,4866.0,4740.5,0.18935564110500971,100.0,17.0,100.0,100.0,100.0,100.0,100.0,100.0,100.0,100.0,100.0,0.0,0.0,0.0,0.0,32.0,0.0,31.63611111112065,50.50798611111173,57.723888888898614,61.93472222224845,32.0,0.0,61.93472222224845,137.0,25.816666666666666,0.5787473399803935,1.0,100.0,100.0,6.0,100.0,100.0,16.0,100.0,100.0,9.0,100.0,100.0,COMPLETED,180,5,500.0,80.0,80.0,144,7cf03fa78e4b6ae9,False,1.0,1.0,1.0,0.9126184498084673,1.0,0.0,0.8,0.19999999999999996,0.8344612644701692,0.16553873552983078,0.8422724064925899,0.15772759350741006,0.9781546124521168,0.10465326580744817,0.8953467341925518,False
T180_P05_H0500_I0800_CN090_F1,California,unlimited_useful_deadline,unlimited,central_only,targeted_central,all_useful,deadline,-1.0,0.0,0.0,1.0,none,0.0,0,applicable,32.0,0.0,,0.0,629180.0,147230232.0,2885516.48319228,5325.0,5217.0,0.18079952169354352,100.0,17.0,100.0,100.0,100.0,100.0,100.0,100.0,100.0,100.0,100.0,0.0,0.0,0.0,0.0,32.0,0.0,29.036805555557656,52.2513888888944,56.423888888889266,64.93472222222493,32.0,0.0,64.93472222222493,160.5,28.427777777777777,0.5179195709291469,1.0,100.0,100.0,6.0,100.0,100.0,16.0,100.0,100.0,9.0,100.0,100.0,COMPLETED,180,5,500.0,80.0,90.0,162,9566e3ad74ce19fc,False,1.0,1.0,1.0,0.9033714984128279,1.0,0.0,0.9,0.09999999999999998,0.9193232413178984,0.08067675868210156,0.9232533521524348,0.07674664784756524,0.975842874603207,0.05148468130593336,0.9485153186940667,False
T180_P05_H0500_I0800_CN100_F1,California,unlimited_useful_deadline,unlimited,central_only,targeted_central,all_useful,deadline,-1.0,0.0,0.0,1.0,none,0.0,0,applicable,32.0,0.0,,0.0,701277.0,168373212.0,3291461.6991912173,5760.0,5670.0,0.1722638911883204,100.0,17.0,100.0,100.0,100.0,100.0,100.0,100.0,100.0,100.0,100.0,0.0,0.0,0.0,0.0,32.0,0.0,27.160069444447316,44.45138888889119,50.67388888889237,57.93472222223026,32.0,0.0,57.93472222223026,155.0,30.88888888888889,0.44988309352517986,1.0,100.0,100.0,6.0,100.0,100.0,16.0,100.0,100.0,9.0,100.0,100.0,COMPLETED,180,5,500.0,80.0,100.0,180,c2e20a26ed49a92e,False,1.0,1.0,1.0,0.9249477183361392,1.0,0.0,1.0,0.0,1.0,0.0,1.0,0.0,0.9812369295840349,0.0,1.0,False
T180_P05_H0500_I0986_CN000_F1,California,unlimited_useful_deadline,unlimited,central_only,targeted_central,all_useful,deadline,-1.0,0.0,0.0,1.0,none,0.0,0,applicable,32.0,0.0,,0.0,2025.0,697748.0,69774.8,441.0,312.5,0.4478694313706381,0.0,1.0,29.852685058930927,29.852685058930927,29.852685058930927,29.852685058930927,0.0,0.0,0.0,0.0,0.0,2.0,12.0,18.0,14.0,0.0,32.0,,,,,0.0,32.0,,312.5,0.0,0.0,1.0,0.0,0.0,6.0,0.0,0.0,16.0,0.0,0.0,9.0,0.0,0.0,COMPLETED,180,5,500.0,98.6,0.0,0,8653887c30becd09,False,0.0,0.0,0.105130820894933,0.0,1.0,0.0,0.0,1.0,0.0458593054318789,0.9541406945681211,0.06157374735356387,0.9384262526464361,0.02628270522373325,0.5785133894429115,0.42148661055708847,False
T180_P05_H0500_I0986_CN010_F1,California,unlimited_useful_deadline,unlimited,central_only,targeted_central,all_useful,deadline,-1.0,0.0,0.0,1.0,none,0.0,0,applicable,32.0,0.0,,0.0,69735.0,13471084.0,315022.85119928943,1369.0,1071.0,0.3399753370026053,99.81325863678805,7.0,83.33333333333333,83.33333333333333,83.33333333333333,83.33333333333333,78.125,78.125,78.125,78.125,78.125,2.0,5.0,0.0,7.0,25.0,7.0,80.63472222222286,124.38805555557691,131.37361111111355,132.03333333333333,25.0,7.0,132.03333333333333,125.0,5.763888888888889,0.9301445783132529,1.0,0.0,0.0,6.0,0.0,0.0,16.0,100.0,100.0,9.0,100.0,100.0,COMPLETED,180,5,500.0,98.6,10.0,18,b51ffbc79738991d,False,0.78125,0.78125,0.7873833612740918,0.696552299858097,1.0,0.0,0.1,0.9,0.18094390026714158,0.8190560997328584,0.2252999294283698,0.7747000705716303,0.7616089152830472,0.4987512340608977,0.5012487659391023,False
T180_P05_H0500_I0986_CN020_F1,California,unlimited_useful_deadline,unlimited,central_only,targeted_central,all_useful,deadline,-1.0,0.0,0.0,1.0,none,0.0,0,applicable,32.0,0.0,,0.0,139201.0,27275652.0,580070.5567985317,1744.0,1405.0,0.24221191431510292,100.0,8.0,83.33333333333333,83.33333333333333,83.33333333333333,83.33333333333333,78.125,78.125,78.125,78.125,78.125,2.0,5.0,0.0,7.0,25.0,7.0,56.634722222222145,99.45611111112429,102.41500000000318,104.73472222223015,25.0,7.0,104.73472222223015,94.5,7.605555555555555,0.8519763006249492,1.0,0.0,0.0,6.0,0.0,0.0,16.0,100.0,100.0,9.0,100.0,100.0,COMPLETED,180,5,500.0,98.6,20.0,36,f51a34483f1fe967,False,0.78125,0.78125,0.7873833612740918,0.7806952765630342,1.0,0.0,0.2,0.8,0.2404274265360641,0.7595725734639359,0.29146083274523643,0.7085391672547636,0.7826446594592815,0.4536223481437399,0.5463776518562601,False
T180_P05_H0500_I0986_CN030_F1,California,unlimited_useful_deadline,unlimited,central_only,targeted_central,all_useful,deadline,-1.0,0.0,0.0,1.0,none,0.0,0,applicable,32.0,0.0,,0.0,205910.0,42386324.0,870195.4591978657,2237.0,1908.5,0.21931854272823134,100.0,12.0,90.0,90.0,90.0,90.0,84.375,84.375,84.375,84.375,84.375,2.0,3.0,0.0,5.0,27.0,5.0,45.20069444444768,86.32486111111716,89.52847222223055,90.86805555555864,27.0,5.0,90.86805555555864,97.5,10.380555555555556,0.7907605625427407,1.0,0.0,0.0,6.0,33.33333333333333,33.33333333333333,16.0,100.0,100.0,9.0,100.0,100.0,COMPLETED,180,5,500.0,98.6,30.0,54,046ec179250e157c,False,0.84375,0.84375,0.8724300167644551,0.8234367407921174,1.0,0.0,0.3,0.7,0.3300979519145147,0.6699020480854854,0.37844036697247707,0.6215596330275229,0.8458416893891432,0.39829233622260163,0.6017076637773984,False
T180_P05_H0500_I0986_CN040_F1,California,unlimited_useful_deadline,unlimited,central_only,targeted_central,all_useful,deadline,-1.0,0.0,0.0,1.0,none,0.0,0,applicable,32.0,0.0,,0.0,275363.0,58030760.0,1170568.6303970367,2651.0,2304.5,0.19687013133252626,100.0,11.0,90.23809523809523,90.23809523809523,90.23809523809523,90.23809523809523,84.375,84.375,84.375,84.375,84.375,2.0,2.0,1.0,4.0,27.0,5.0,37.80138888888905,82.86805555555596,84.26805555555666,86.73472222222239,27.0,5.0,86.73472222222239,90.0,12.577777777777778,0.7201977817039655,1.0,0.0,0.0,6.0,33.33333333333333,33.33333333333333,16.0,100.0,100.0,9.0,100.0,100.0,COMPLETED,180,5,500.0,98.6,40.0,72,9791dfa083a39103,False,0.84375,0.84375,0.8754673973176822,0.8361769849373294,1.0,0.0,0.4,0.6,0.4006233303650935,0.5993766696349065,0.4514820042342978,0.5485179957657023,0.849786095563753,0.3495789330801218,0.6504210669198782,False
T180_P05_H0500_I0986_CN050_F1,California,unlimited_useful_deadline,unlimited,central_only,targeted_central,all_useful,deadline,-1.0,0.0,0.0,1.0,none,0.0,0,applicable,32.0,0.0,,0.0,337705.0,74146644.0,1479993.603196322,2920.0,2477.0,0.16736558824649356,100.0,11.0,85.71428571428572,85.71428571428572,85.71428571428572,85.71428571428572,78.125,78.125,78.125,78.125,84.375,2.0,3.0,0.0,5.0,25.0,7.0,38.85138888890166,86.41472222222642,89.96138888889718,90.73472222225973,25.0,7.0,90.73472222225973,112.5,13.5,0.6904229538180156,1.0,0.0,0.0,6.0,33.33333333333333,0.0,16.0,100.0,100.0,9.0,100.0,100.0,COMPLETED,180,5,500.0,98.6,50.0,90,f2805aae1a33794d,False,0.84375,0.78125,0.8177571668063646,0.8238477164095984,1.0,0.0,0.5,0.5,0.4313446126447017,0.5686553873552983,0.49894142554693016,0.5010585744530698,0.8166512208039908,0.3139427923616736,0.6860572076383264,False
T180_P05_H0500_I0986_CN060_F1,California,unlimited_useful_deadline,unlimited,central_only,targeted_central,all_useful,deadline,-1.0,0.0,0.0,1.0,none,0.0,0,applicable,32.0,0.0,,0.0,412078.0,92793880.0,1838020.5343954498,3491.0,3096.0,0.16844207896830254,100.0,13.0,90.71428571428572,90.71428571428572,90.71428571428572,90.71428571428572,84.375,84.375,84.375,84.375,84.375,2.0,1.0,2.0,3.0,27.0,5.0,32.80138888893028,78.26805555555751,79.56805555555641,82.73472222223936,27.0,5.0,82.73472222223936,114.0,16.875,0.6360246913580248,1.0,0.0,0.0,6.0,33.33333333333333,33.33333333333333,16.0,100.0,100.0,9.0,100.0,100.0,COMPLETED,180,5,500.0,98.6,60.0,108,114fc59e2d4d3a80,False,0.84375,0.84375,0.881542158424137,0.848506253464893,1.0,0.0,0.6,0.4,0.5415850400712378,0.45841495992876224,0.5996824276640791,0.4003175723359209,0.8543871029722575,0.25174650645293667,0.7482534935470633,False
T180_P05_H0500_I0986_CN070_F1,California,unlimited_useful_deadline,unlimited,central_only,targeted_central,all_useful,deadline,-1.0,0.0,0.0,1.0,none,0.0,0,applicable,32.0,0.0,,0.0,479632.0,111964436.0,2206095.209594704,3951.0,3557.5,0.16125777276192765,100.0,13.0,93.33333333333333,93.33333333333333,93.33333333333333,93.33333333333333,84.375,84.375,84.375,84.375,90.625,2.0,1.0,0.0,3.0,27.0,5.0,34.11736111112065,81.58805555556243,85.66805555557615,87.73611111116352,27.0,5.0,87.73611111116352,137.0,19.480555555555554,0.6135407259533883,1.0,0.0,0.0,6.0,66.66666666666666,33.33333333333333,16.0,100.0,100.0,9.0,100.0,100.0,COMPLETED,180,5,500.0,98.6,70.0,126,127165f62d4ce9f7,False,0.90625,0.84375,0.9149533445096367,0.8330903868092479,1.0,0.0,0.7,0.30000000000000004,0.6237756010685663,0.37622439893143367,0.6808398023994354,0.3191601976005646,0.8745109328297211,0.19907691930639967,0.8009230806936003,False
T180_P05_H0500_I0986_CN080_F1,California,unlimited_useful_deadline,unlimited,central_only,targeted_central,all_useful,deadline,-1.0,0.0,0.0,1.0,none,0.0,0,applicable,32.0,0.0,,0.0,549699.0,131614120.0,2583369.1423937976,4362.0,3940.0,0.15251401494829048,100.0,15.0,93.57142857142857,93.57142857142857,93.57142857142857,93.57142857142857,84.375,84.375,84.375,84.375,90.625,2.0,1.0,0.0,3.0,27.0,5.0,31.06875000000655,75.18805555558244,78.66805555556813,80.86805555555588,27.0,5.0,80.86805555555588,144.0,21.580555555555556,0.5872835056706855,1.0,0.0,0.0,6.0,66.66666666666666,33.33333333333333,16.0,100.0,100.0,9.0,100.0,100.0,COMPLETED,180,5,500.0,98.6,80.0,144,f59043b580fa7506,False,0.90625,0.84375,0.9179907250628639,0.8542599121111655,1.0,0.0,0.8,0.19999999999999996,0.6918967052537845,0.30810329474621545,0.7533521524347212,0.2466478475652788,0.8805626592935074,0.15095022846229886,0.8490497715377011,False
T180_P05_H0500_I0986_CN090_F1,California,unlimited_useful_deadline,unlimited,central_only,targeted_central,all_useful,deadline,-1.0,0.0,0.0,1.0,none,0.0,0,applicable,32.0,0.0,,0.0,617881.0,152655692.0,2987367.324792967,4772.0,4326.5,0.14482651544365535,100.0,17.0,93.80952380952381,93.80952380952381,93.80952380952381,93.80952380952381,84.375,84.375,84.375,84.375,90.625,2.0,1.0,0.0,3.0,27.0,5.0,26.551388888900206,69.06805555555678,71.47569444444525,80.73472222222868,27.0,5.0,80.73472222222868,143.5,23.71388888888889,0.5178861947340336,1.0,0.0,0.0,6.0,66.66666666666666,33.33333333333333,16.0,100.0,100.0,9.0,100.0,100.0,COMPLETED,180,5,500.0,98.6,90.0,162,337d7a1775727cb0,False,0.90625,0.84375,0.9210281056160913,0.8546708877287337,1.0,0.0,0.9,0.09999999999999998,0.7607301869991095,0.23926981300089045,0.8256880733944955,0.17431192660550454,0.8814247483362062,0.10271634792127901,0.897283652078721,False
T180_P05_H0500_I0986_CN100_F1,California,unlimited_useful_deadline,unlimited,central_only,targeted_central,all_useful,deadline,-1.0,0.0,0.0,1.0,none,0.0,0,applicable,32.0,0.0,,0.0,687205.0,174764212.0,3411850.9087921036,5203.0,4744.5,0.1390594175077742,100.0,16.0,94.28571428571428,94.28571428571428,94.28571428571428,94.28571428571428,84.375,84.375,84.375,84.375,90.625,2.0,1.0,0.0,3.0,27.0,5.0,23.634722222222383,67.7888888889054,68.56805555555653,72.73472222222723,27.0,5.0,72.73472222222723,130.0,26.019444444444446,0.41474146827515046,1.0,0.0,0.0,6.0,66.66666666666666,33.33333333333333,16.0,100.0,100.0,9.0,100.0,100.0,COMPLETED,180,5,500.0,98.6,100.0,180,1f9cb9d512eec5ec,False,0.90625,0.84375,0.9271028667225457,0.8793294247839699,1.0,0.0,1.0,0.0,0.835173642030276,0.164826357969724,0.9017290049400141,0.09827099505998593,0.889108072876629,0.05261947060594199,0.947380529394058,False
T180_P05_H0800_I0600_CN000_F1,California,unlimited_useful_deadline,unlimited,central_only,targeted_central,all_useful,deadline,-1.0,0.0,0.0,1.0,none,0.0,0,applicable,32.0,0.0,,0.0,3595.0,2027788.0,202778.8,751.0,636.5,0.31388882861522016,0.0,1.0,60.84528212733903,60.84528212733903,60.84528212733903,60.84528212733903,9.375,9.375,9.375,9.375,62.5,0.0,0.0,12.0,0.0,3.0,29.0,43.78333333333333,65.71666666666667,68.45833333333333,71.2,3.0,29.0,71.2,636.5,0.0,0.0,1.0,0.0,0.0,6.0,0.0,33.33333333333333,16.0,68.75,6.25,9.0,100.0,0.0,COMPLETED,180,5,800.0,60.0,0.0,0,6fa4bb2ac9b9899f,False,0.625,0.09375,0.500503329739215,0.8840599253822546,1.0,0.0,0.0,1.0,0.10356188780053428,0.8964381121994657,0.11626676076217361,0.8837332392378264,0.5258283137803674,0.5560342702874584,0.44396572971254156,True
T180_P05_H0800_I0600_CN010_F1,California,unlimited_useful_deadline,unlimited,central_only,targeted_central,all_useful,deadline,-1.0,0.0,0.0,1.0,none,0.0,0,applicable,32.0,0.0,,0.0,36114.0,9012424.0,336883.8111996217,1801.0,1462.0,0.43397751729117273,67.57865937072503,6.0,94.90553121577219,94.90553121577219,94.90553121577219,94.90553121577219,78.125,78.125,78.125,78.125,75.0,0.0,0.0,8.0,0.0,25.0,7.0,107.80138888888905,247.461111111119,324.43472222222755,348.2006944444467,25.0,7.0,348.2006944444467,589.0,4.85,0.8907661957490136,1.0,0.0,0.0,6.0,0.0,33.33333333333333,16.0,93.75,93.75,9.0,100.0,88.88888888888889,COMPLETED,180,5,800.0,60.0,10.0,18,cbf89c3d9e3d900f,False,0.75,0.78125,0.9350098702602051,0.03025593934684201,1.0,0.0,0.1,0.9,0.2505788067675868,0.7494211932324132,0.30151729004940014,0.6984827099505999,0.6241289524017618,0.46958078063660263,0.5304192193633974,False
T180_P05_H0800_I0600_CN020_F1,California,unlimited_useful_deadline,unlimited,central_only,targeted_central,all_useful,deadline,-1.0,0.0,0.0,1.0,none,0.0,0,applicable,32.0,0.0,,0.0,66999.0,16243400.0,475718.5503992302,2242.0,1923.5,0.40433571454923706,81.70002599428126,10.0,97.17261904761904,97.17261904761904,97.17261904761904,97.17261904761904,90.625,90.625,90.625,90.625,87.5,0.0,0.0,4.0,0.0,29.0,3.0,79.06875,97.98791666666763,98.56194444444637,106.36736111111095,29.0,3.0,106.36736111111095,539.0,7.691666666666666,0.8491091850246779,1.0,0.0,0.0,6.0,66.66666666666666,66.66666666666666,16.0,93.75,100.0,9.0,100.0,100.0,COMPLETED,180,5,800.0,60.0,20.0,36,78522c72f18dfd55,False,0.875,0.90625,0.9639311059304262,0.7756629657456242,1.0,0.0,0.2,0.8,0.3327693677649154,0.6672306322350846,0.3793225123500353,0.6206774876499648,0.8802110179190126,0.41758162397700993,0.5824183760229901,False
T180_P05_H0800_I0600_CN030_F1,California,unlimited_useful_deadline,unlimited,central_only,targeted_central,all_useful,deadline,-1.0,0.0,0.0,1.0,none,0.0,0,applicable,32.0,0.0,,0.0,98867.0,24083944.0,626256.9951987898,2661.0,2356.5,0.37628322207434783,89.56078930617441,10.0,98.4375,98.4375,98.4375,98.4375,96.875,96.875,96.875,96.875,93.75,0.0,0.0,2.0,0.0,31.0,1.0,67.9347222222385,82.55138888888905,84.65902777778004,86.55138888889536,31.0,1.0,86.55138888889536,401.0,10.863888888888889,0.8396786840535242,1.0,100.0,0.0,6.0,66.66666666666666,100.0,16.0,100.0,100.0,9.0,100.0,100.0,COMPLETED,180,5,800.0,60.0,30.0,54,7a2cc80726c8c5d9,False,0.9375,0.96875,0.9800671901194461,0.8367420764114923,1.0,0.0,0.3,0.7,0.40988423864648266,0.5901157613535173,0.45324629498941427,0.5467537050105857,0.9307648166327346,0.3673738932728206,0.6326261067271794,False
T180_P05_H0800_I0600_CN040_F1,California,unlimited_useful_deadline,unlimited,central_only,targeted_central,all_useful,deadline,-1.0,0.0,0.0,1.0,none,0.0,0,applicable,32.0,0.0,,0.0,124414.0,31505768.0,768756.0159984044,3108.0,2832.5,0.36845240115894967,92.60370697263902,10.0,99.47916666666666,99.47916666666666,99.47916666666666,99.47916666666666,96.875,96.875,96.875,96.875,93.75,0.0,0.0,2.0,0.0,31.0,1.0,63.717361111111195,79.06875,79.82743055555838,82.55138888888905,31.0,1.0,82.55138888888905,403.5,13.494444444444444,0.773503041946846,1.0,100.0,0.0,6.0,66.66666666666666,100.0,16.0,100.0,100.0,9.0,100.0,100.0,COMPLETED,180,5,800.0,60.0,40.0,72,b50edf8d6905de29,False,0.9375,0.96875,0.9933557300398153,0.8490713449391276,1.0,0.0,0.4,0.6,0.4946571682991986,0.5053428317008014,0.5321100917431193,0.4678899082568807,0.9371692687447357,0.31464654799153646,0.6853534520084635,False
T180_P05_H0800_I0600_CN050_F1,California,unlimited_useful_deadline,unlimited,central_only,targeted_central,all_useful,deadline,-1.0,0.0,0.0,1.0,none,0.0,0,applicable,32.0,0.0,,0.0,158521.0,39139444.0,915322.5951978415,3500.0,3220.5,0.3518431662122258,95.21813383015059,11.0,98.95833333333334,98.95833333333334,98.95833333333334,98.95833333333334,96.875,96.875,96.875,96.875,93.75,0.0,0.0,2.0,0.0,31.0,1.0,62.55138888888905,71.63472222222384,72.0184027777781,76.20069444444525,31.0,1.0,76.20069444444525,356.5,15.911111111111111,0.7252269553072626,1.0,100.0,0.0,6.0,66.66666666666666,100.0,16.0,100.0,100.0,9.0,100.0,100.0,COMPLETED,180,5,800.0,60.0,50.0,90,479f73f6b7562c31,False,0.9375,0.96875,0.9867114600796308,0.8686461992247241,1.0,0.0,0.5,0.5,0.5637577916295636,0.43624220837043637,0.6012702893436839,0.3987297106563161,0.9404019148260887,0.2669943838053505,0.7330056161946494,False
T180_P05_H0800_I0600_CN060_F1,California,unlimited_useful_deadline,unlimited,central_only,targeted_central,all_useful,deadline,-1.0,0.0,0.0,1.0,none,0.0,0,applicable,32.0,0.0,,0.0,177704.0,47664012.0,1078994.3007974667,3930.0,3674.5,0.34054860134888926,96.92475166689346,12.0,99.47916666666666,99.47916666666666,99.47916666666666,99.47916666666666,96.875,96.875,96.875,96.875,93.75,0.0,0.0,2.0,0.0,31.0,1.0,54.801388888890024,69.63472222222262,71.98541666666691,74.20069444444465,31.0,1.0,74.20069444444465,346.5,18.488888888888887,0.7155198317307692,1.0,100.0,0.0,6.0,66.66666666666666,100.0,16.0,100.0,100.0,9.0,100.0,100.0,COMPLETED,180,5,800.0,60.0,60.0,108,b92b27e812b9e382,False,0.9375,0.96875,0.9933557300398153,0.8748108334885338,1.0,0.0,0.6,0.4,0.6446126447016919,0.3553873552983081,0.6771347918136909,0.32286520818630915,0.9436041408820872,0.21565051269692348,0.7843494873030765,False
T180_P05_H0800_I0600_CN070_F1,California,unlimited_useful_deadline,unlimited,central_only,targeted_central,all_useful,deadline,-1.0,0.0,0.0,1.0,none,0.0,0,applicable,32.0,0.0,,0.0,204289.0,56475260.0,1248170.2623969293,4376.0,4160.0,0.3332878634691493,98.125,14.0,99.73958333333334,99.73958333333334,99.73958333333334,99.73958333333334,96.875,96.875,96.875,96.875,93.75,0.0,0.0,2.0,0.0,31.0,1.0,54.71736111111168,65.551388888891,66.01840277777785,66.85138888889439,31.0,1.0,66.85138888889439,318.0,21.344444444444445,0.668753253513795,1.0,100.0,0.0,6.0,66.66666666666666,100.0,16.0,100.0,100.0,9.0,100.0,100.0,COMPLETED,180,5,800.0,60.0,70.0,126,cbf199facddef8ef,False,0.9375,0.96875,0.9966778650199078,0.8974637239100034,1.0,0.0,0.7,0.30000000000000004,0.7310774710596616,0.2689225289403384,0.7558221594918842,0.24417784050811575,0.9500978972324778,0.16262007388969085,0.8373799261103092,False
T180_P05_H0800_I0600_CN080_F1,California,unlimited_useful_deadline,unlimited,central_only,targeted_central,all_useful,deadline,-1.0,0.0,0.0,1.0,none,0.0,0,applicable,32.0,0.0,,0.0,224938.0,64839480.0,1408763.2863964476,4802.0,4593.0,0.3260306429299904,98.70455040278685,12.0,99.73958333333334,99.73958333333334,99.73958333333334,99.73958333333334,96.875,96.875,96.875,96.875,93.75,0.0,0.0,2.0,0.0,31.0,1.0,49.9347222222253,62.36736111112017,64.33437500000025,67.55138888890215,31.0,1.0,67.55138888890215,338.0,23.63888888888889,0.6091487139313227,1.0,100.0,0.0,6.0,66.66666666666666,100.0,16.0,100.0,100.0,9.0,100.0,100.0,COMPLETED,180,5,800.0,60.0,80.0,144,bb873d9b6736a194,False,0.9375,0.96875,0.9966778650199078,0.8953061019176467,1.0,0.0,0.8,0.19999999999999996,0.8081923419412288,0.1918076580587712,0.8309809456598447,0.1690190543401553,0.9495584917343887,0.1121653424797853,0.8878346575202147,False
T180_P05_H0800_I0600_CN090_F1,California,unlimited_useful_deadline,unlimited,central_only,targeted_central,all_useful,deadline,-1.0,0.0,0.0,1.0,none,0.0,0,applicable,32.0,0.0,,0.0,246027.0,73606320.0,1577086.6143959227,5229.0,5024.0,0.3185620849318007,99.4327229299363,14.0,99.73958333333334,99.73958333333334,99.73958333333334,99.73958333333334,96.875,96.875,96.875,96.875,93.75,0.0,0.0,2.0,0.0,31.0,1.0,48.801388888906025,62.7173611111141,65.08437500000267,65.55138888889002,31.0,1.0,65.55138888889002,309.0,26.194444444444443,0.5821149994108636,1.0,100.0,0.0,6.0,66.66666666666666,100.0,16.0,100.0,100.0,9.0,100.0,100.0,COMPLETED,180,5,800.0,60.0,90.0,162,3e913aea06ebe9df,False,0.9375,0.96875,0.9966778650199078,0.901470736181492,1.0,0.0,0.9,0.09999999999999998,0.8849510240427426,0.11504897595725738,0.9063161609033169,0.0936838390966831,0.9510996503003499,0.0617465630107881,0.9382534369892119,False
T180_P05_H0800_I0600_CN100_F1,California,unlimited_useful_deadline,unlimited,central_only,targeted_central,all_useful,deadline,-1.0,0.0,0.0,1.0,none,0.0,0,applicable,32.0,0.0,,0.0,265845.0,82836796.0,1754311.7535953694,5673.0,5511.0,0.3141402882757581,100.0,12.0,99.73958333333334,99.73958333333334,99.73958333333334,99.73958333333334,96.875,96.875,96.875,96.875,93.75,0.0,0.0,2.0,0.0,31.0,1.0,46.801388888890024,60.117361111111435,60.56145833333612,62.36736111112017,31.0,1.0,62.36736111112017,323.5,28.819444444444443,0.5077874163319946,1.0,100.0,0.0,6.0,66.66666666666666,100.0,16.0,100.0,100.0,9.0,100.0,100.0,COMPLETED,180,5,800.0,60.0,100.0,180,9efabc69d82581d9,False,0.9375,0.96875,0.9966778650199078,0.9112849195493701,1.0,0.0,1.0,0.0,0.9716829919857525,0.028317008014247524,0.9846506704304869,0.01534932956951307,0.9535531961423195,0.00873326751675212,0.9912667324832479,False
T180_P05_H0800_I0800_CN000_F1,California,unlimited_useful_deadline,unlimited,central_only,targeted_central,all_useful,deadline,-1.0,0.0,0.0,1.0,none,0.0,0,applicable,32.0,0.0,,0.0,2631.0,1333348.0,133334.8,695.0,434.0,0.3254964195393851,0.0,1.0,38.37636504426697,38.37636504426697,38.37636504426697,38.37636504426697,0.0,0.0,0.0,0.0,0.0,0.0,7.0,25.0,7.0,0.0,32.0,,,,,0.0,32.0,,434.0,0.0,0.0,1.0,0.0,0.0,6.0,0.0,0.0,16.0,0.0,0.0,9.0,0.0,0.0,COMPLETED,180,5,800.0,80.0,0.0,0,b56bef5b24aff63d,False,0.0,0.0,0.21386739217837986,0.0,1.0,0.0,0.0,1.0,0.06749777382012466,0.9325022261798753,0.10638673253352153,0.8936132674664785,0.053466848044594964,0.5652230987292708,0.4347769012707292,False
T180_P05_H0800_I0800_CN010_F1,California,unlimited_useful_deadline,unlimited,central_only,targeted_central,all_useful,deadline,-1.0,0.0,0.0,1.0,none,0.0,0,applicable,32.0,0.0,,0.0,63599.0,12713872.0,351840.86079928133,1608.0,1342.0,0.3814224410863939,99.96274217585693,8.0,91.06684981684981,91.06684981684981,91.06684981684981,91.06684981684981,78.125,78.125,78.125,78.125,84.375,0.0,1.0,4.0,1.0,25.0,7.0,73.36736111111628,92.75736111111144,94.7712500000001,95.93472222222323,25.0,7.0,95.93472222222323,157.0,7.205555555555556,0.9198834918187271,1.0,0.0,0.0,6.0,66.66666666666666,0.0,16.0,87.5,100.0,9.0,100.0,100.0,COMPLETED,180,5,800.0,80.0,10.0,18,3ca6d97331b90a3f,False,0.84375,0.78125,0.8860398180894925,0.8078196673238103,1.0,0.0,0.1,0.9,0.22920747996438112,0.7707925200356189,0.2674664784756528,0.7325335215243471,0.8297148713533257,0.4806652083119932,0.5193347916880068,False
T180_P05_H0800_I0800_CN020_F1,California,unlimited_useful_deadline,unlimited,central_only,targeted_central,all_useful,deadline,-1.0,0.0,0.0,1.0,none,0.0,0,applicable,32.0,0.0,,0.0,126910.0,25030284.0,588315.9711984099,2112.0,1889.0,0.3210859627271505,100.0,9.0,98.4375,98.4375,98.4375,98.4375,96.875,96.875,96.875,96.875,96.875,0.0,0.0,1.0,0.0,31.0,1.0,53.47083333333721,61.93472222222287,63.98576388888905,69.15138888889099,31.0,1.0,69.15138888889099,145.5,10.244444444444444,0.8596981200289227,1.0,100.0,0.0,6.0,83.33333333333334,100.0,16.0,100.0,100.0,9.0,100.0,100.0,COMPLETED,180,5,800.0,80.0,20.0,36,d798a79975a04044,False,0.96875,0.96875,0.9800671901194461,0.8903743945066347,1.0,0.0,0.2,0.8,0.32662511130899374,0.6733748886910063,0.35638673253352154,0.6436132674664785,0.9519853961565201,0.423397631231497,0.576602368768503,False
T180_P05_H0800_I0800_CN030_F1,California,unlimited_useful_deadline,unlimited,central_only,targeted_central,all_useful,deadline,-1.0,0.0,0.0,1.0,none,0.0,0,applicable,32.0,0.0,,0.0,189062.0,38503108.0,846994.1919974436,2575.0,2374.0,0.2802852749676429,100.0,13.0,98.95833333333334,98.95833333333334,98.95833333333334,98.95833333333334,96.875,96.875,96.875,96.875,100.0,0.0,0.0,0.0,0.0,31.0,1.0,47.16875,55.20069444446417,56.63680555556572,63.15138888888905,31.0,1.0,63.15138888888905,172.0,12.9,0.8202650971384822,1.0,100.0,0.0,6.0,100.0,100.0,16.0,100.0,100.0,9.0,100.0,100.0,COMPLETED,180,5,800.0,80.0,30.0,54,8531d8ca6d68b29d,False,1.0,0.96875,0.9867114600796308,0.9088682972980645,1.0,0.0,0.3,0.7,0.41300089047195016,0.5869991095280498,0.4380733944954128,0.5619266055045872,0.9660824393444238,0.36978514300652743,0.6302148569934726,False
T180_P05_H0800_I0800_CN040_F1,California,unlimited_useful_deadline,unlimited,central_only,targeted_central,all_useful,deadline,-1.0,0.0,0.0,1.0,none,0.0,0,applicable,32.0,0.0,,0.0,254234.0,51917944.0,1104559.0431963159,3028.0,2843.0,0.25738777999345996,100.0,14.0,98.69791666666667,98.69791666666667,98.69791666666667,98.69791666666667,96.875,96.875,96.875,96.875,100.0,0.0,0.0,0.0,0.0,31.0,1.0,41.16875000000582,47.235416666666666,51.32604166667491,55.93472222223609,31.0,1.0,55.93472222223609,162.5,15.469444444444445,0.7571526904890167,1.0,100.0,0.0,6.0,100.0,100.0,16.0,100.0,100.0,9.0,100.0,100.0,COMPLETED,180,5,800.0,80.0,40.0,72,ff4f845ccdcdf787,False,1.0,0.96875,0.9833893250995385,0.9311123525999292,1.0,0.0,0.4,0.6,0.49652715939447906,0.5034728406055209,0.5179957657021877,0.48200423429781225,0.9708129194248669,0.3170954149806666,0.6829045850193334,False
T180_P05_H0800_I0800_CN050_F1,California,unlimited_useful_deadline,unlimited,central_only,targeted_central,all_useful,deadline,-1.0,0.0,0.0,1.0,none,0.0,0,applicable,32.0,0.0,,0.0,321263.0,66893044.0,1392080.9631950362,3472.0,3300.0,0.23705517762601977,100.0,15.0,99.21875,99.21875,99.21875,99.21875,96.875,96.875,96.875,96.875,100.0,0.0,0.0,0.0,0.0,31.0,1.0,38.734722222234026,43.2006944444444,43.61875000000133,46.93472222225767,31.0,1.0,46.93472222225767,130.5,17.994444444444444,0.6899849061781758,1.0,100.0,0.0,6.0,100.0,100.0,16.0,100.0,100.0,9.0,100.0,100.0,COMPLETED,180,5,800.0,80.0,50.0,90,8f65dfd55e1cab40,False,1.0,0.96875,0.9900335950597231,0.9588532067869984,1.0,0.0,0.5,0.5,0.5779162956366874,0.42208370436331255,0.5963302752293578,0.4036697247706422,0.9794092004616803,0.26515068582679097,0.7348493141732091,False
T180_P05_H0800_I0800_CN060_F1,California,unlimited_useful_deadline,unlimited,central_only,targeted_central,all_useful,deadline,-1.0,0.0,0.0,1.0,none,0.0,0,applicable,32.0,0.0,,0.0,383574.0,82329864.0,1688467.907193656,3947.0,3795.0,0.2247599722702185,100.0,17.0,100.0,100.0,100.0,100.0,100.0,100.0,100.0,100.0,100.0,0.0,0.0,0.0,0.0,32.0,0.0,37.184722222223414,41.364513888889775,42.40607638889131,42.734722222223354,32.0,0.0,42.734722222223354,175.0,20.683333333333334,0.6424493389441013,1.0,100.0,100.0,6.0,100.0,100.0,16.0,100.0,100.0,9.0,100.0,100.0,COMPLETED,180,5,800.0,80.0,60.0,108,035e1e10bf69e340,False,1.0,1.0,1.0,0.9717989387411007,1.0,0.0,0.6,0.4,0.666073018699911,0.333926981300089,0.6801340860973889,0.3198659139026111,0.9929497346852751,0.21075857904054004,0.7892414209594599,False
T180_P05_H0800_I0800_CN070_F1,California,unlimited_useful_deadline,unlimited,central_only,targeted_central,all_useful,deadline,-1.0,0.0,0.0,1.0,none,0.0,0,applicable,32.0,0.0,,0.0,448165.0,99332536.0,2014919.209592128,4397.0,4261.0,0.21147249873420668,100.0,15.0,100.0,100.0,100.0,100.0,100.0,100.0,100.0,100.0,100.0,0.0,0.0,0.0,0.0,32.0,0.0,33.76041666670159,38.16361111111391,38.34093750000747,41.73472222222238,32.0,0.0,41.73472222222238,142.5,23.244444444444444,0.6022625876354366,1.0,100.0,100.0,6.0,100.0,100.0,16.0,100.0,100.0,9.0,100.0,100.0,COMPLETED,180,5,800.0,80.0,70.0,126,4c3e257d314f4715,False,1.0,1.0,1.0,0.9748812558730077,1.0,0.0,0.7,0.30000000000000004,0.7490650044523598,0.2509349955476402,0.7595271700776288,0.24047282992237118,0.9937203139682519,0.1582815650940023,0.8417184349059977,False
T180_P05_H0800_I0800_CN080_F1,California,unlimited_useful_deadline,unlimited,central_only,targeted_central,all_useful,deadline,-1.0,0.0,0.0,1.0,none,0.0,0,applicable,32.0,0.0,,0.0,516201.0,116299756.0,2340689.8335904237,4853.0,4730.5,0.20209854087091095,100.0,17.0,99.73958333333334,99.73958333333334,99.73958333333334,99.73958333333334,96.875,96.875,96.875,96.875,100.0,0.0,0.0,0.0,0.0,31.0,1.0,30.73611111111339,36.73472222222238,37.59409722222796,38.16875000001504,31.0,1.0,38.16875000001504,191.0,25.8,0.547606230261269,1.0,100.0,0.0,6.0,100.0,100.0,16.0,100.0,100.0,9.0,100.0,100.0,COMPLETED,180,5,800.0,80.0,80.0,144,0856d4da952b06c3,False,1.0,0.96875,0.9966778650199078,0.985872713145411,1.0,0.0,0.8,0.19999999999999996,0.832680320569902,0.16731967943009796,0.8399788285109386,0.16002117148906136,0.9878251445413297,0.10546817018383187,0.8945318298161682,False
T180_P05_H0800_I0800_CN090_F1,California,unlimited_useful_deadline,unlimited,central_only,targeted_central,all_useful,deadline,-1.0,0.0,0.0,1.0,none,0.0,0,applicable,32.0,0.0,,0.0,582774.0,134328192.0,2686835.80478863,5318.0,5212.0,0.1939828251027056,100.0,18.0,100.0,100.0,100.0,100.0,100.0,100.0,100.0,100.0,100.0,0.0,0.0,0.0,0.0,32.0,0.0,26.417708333333998,33.472222222222314,35.32065972222238,39.0368055555562,32.0,0.0,39.0368055555562,160.0,28.497222222222224,0.4571611917990708,1.0,100.0,100.0,6.0,100.0,100.0,16.0,100.0,100.0,9.0,100.0,100.0,COMPLETED,180,5,800.0,80.0,90.0,162,96128e491c03532a,False,1.0,1.0,1.0,0.9831970906351221,1.0,0.0,0.9,0.09999999999999998,0.918432769367765,0.08156723063223503,0.9220183486238532,0.07798165137614677,0.9957992726587805,0.05190977640167636,0.9480902235983236,False
T180_P05_H0800_I0800_CN100_F1,California,unlimited_useful_deadline,unlimited,central_only,targeted_central,all_useful,deadline,-1.0,0.0,0.0,1.0,none,0.0,0,applicable,32.0,0.0,,0.0,651597.0,153462892.0,3054222.044786686,5760.0,5670.0,0.18564465572102848,100.0,16.0,100.0,100.0,100.0,100.0,100.0,100.0,100.0,100.0,100.0,0.0,0.0,0.0,0.0,32.0,0.0,22.784027777778466,31.530555555559065,32.01579861111792,34.168750000000486,32.0,0.0,34.168750000000486,165.5,30.966666666666665,0.3905154885779214,1.0,100.0,100.0,6.0,100.0,100.0,16.0,100.0,100.0,9.0,100.0,100.0,COMPLETED,180,5,800.0,80.0,100.0,180,7ce5f3e60e1ef2e7,False,1.0,1.0,1.0,0.9982019816730717,1.0,0.0,1.0,0.0,1.0,0.0,1.0,0.0,0.9995504954182679,0.0,1.0,False
T180_P05_H0800_I0986_CN000_F1,California,unlimited_useful_deadline,unlimited,central_only,targeted_central,all_useful,deadline,-1.0,0.0,0.0,1.0,none,0.0,0,applicable,32.0,0.0,,0.0,2636.0,1295420.0,129542.0,456.0,334.5,0.25821741211344584,0.0,1.0,33.68893317836006,33.68893317836006,33.68893317836006,33.68893317836006,0.0,0.0,0.0,0.0,56.25,1.0,9.0,4.0,10.0,0.0,32.0,,,,,0.0,32.0,,334.5,0.0,0.0,1.0,0.0,0.0,6.0,0.0,0.0,16.0,62.5,0.0,9.0,88.88888888888889,0.0,COMPLETED,180,5,800.0,98.6,0.0,0,bd324760eb7a5427,False,0.5625,0.0,0.15406983172322952,0.0,1.0,0.0,0.0,1.0,0.049777382012466606,0.9502226179875334,0.06422018348623854,0.9357798165137614,0.17914245793080738,0.5772004869002589,0.42279951309974106,False
T180_P05_H0800_I0986_CN010_F1,California,unlimited_useful_deadline,unlimited,central_only,targeted_central,all_useful,deadline,-1.0,0.0,0.0,1.0,none,0.0,0,applicable,32.0,0.0,,0.0,62910.0,12944816.0,353210.4031993262,1407.0,1173.0,0.33209667364696627,99.74424552429667,7.0,96.27791563275434,96.27791563275434,96.27791563275434,96.27791563275434,90.625,90.625,90.625,90.625,93.75,1.0,0.0,1.0,1.0,29.0,3.0,65.41944444444428,87.80416666666734,89.35138888888943,107.73472222222239,29.0,3.0,107.73472222222239,114.0,6.252777777777778,0.9255713510044918,1.0,0.0,0.0,6.0,83.33333333333334,66.66666666666666,16.0,100.0,100.0,9.0,100.0,100.0,COMPLETED,180,5,800.0,98.6,10.0,18,f0e3dd4328af0636,False,0.9375,0.90625,0.9525173759669188,0.7714483251673462,1.0,0.0,0.1,0.9,0.19910952804986642,0.8008904719501335,0.23200423429781228,0.7679957657021877,0.8919289252835663,0.4937772475304643,0.5062227524695357,False
T180_P05_H0800_I0986_CN020_F1,California,unlimited_useful_deadline,unlimited,central_only,targeted_central,all_useful,deadline,-1.0,0.0,0.0,1.0,none,0.0,0,applicable,32.0,0.0,,0.0,125237.0,25518792.0,594630.7423985209,1937.0,1744.5,0.29337534634743756,100.0,9.0,100.0,100.0,100.0,100.0,96.875,96.875,96.875,96.875,96.875,1.0,0.0,0.0,1.0,31.0,1.0,49.80138888888905,67.1513888888888,71.23472222222796,77.73472222222578,31.0,1.0,77.73472222222578,157.5,9.425,0.8789517634345221,1.0,0.0,0.0,6.0,100.0,100.0,16.0,100.0,100.0,9.0,100.0,100.0,COMPLETED,180,5,800.0,98.6,20.0,36,b51af3a8200d665a,False,0.96875,0.96875,1.0,0.8639178391244545,1.0,0.0,0.2,0.8,0.3008904719501336,0.6991095280498665,0.3255116443189838,0.6744883556810162,0.9503544597811137,0.43471957674617656,0.5652804232538234,False
T180_P05_H0800_I0986_CN030_F1,California,unlimited_useful_deadline,unlimited,central_only,targeted_central,all_useful,deadline,-1.0,0.0,0.0,1.0,none,0.0,0,applicable,32.0,0.0,,0.0,188368.0,39510404.0,863269.6927976483,2413.0,2228.5,0.2581464423681979,100.0,10.0,100.0,100.0,100.0,100.0,96.875,96.875,96.875,96.875,96.875,1.0,0.0,0.0,1.0,31.0,1.0,43.934722222225055,62.73472222223209,63.3684027777798,65.73472222222239,31.0,1.0,65.73472222222239,152.5,12.127777777777778,0.8241690843385758,1.0,0.0,0.0,6.0,100.0,100.0,16.0,100.0,100.0,9.0,100.0,100.0,COMPLETED,180,5,800.0,98.6,30.0,54,2176aec78d722cbb,False,0.96875,0.96875,1.0,0.9009056447073126,1.0,0.0,0.3,0.7,0.38708815672306324,0.6129118432769367,0.4094918842625265,0.5905081157374735,0.9596014111768282,0.38068399180288204,0.619316008197118,False
T180_P05_H0800_I0986_CN040_F1,California,unlimited_useful_deadline,unlimited,central_only,targeted_central,all_useful,deadline,-1.0,0.0,0.0,1.0,none,0.0,0,applicable,32.0,0.0,,0.0,250045.0,53736008.0,1136401.289596627,2875.0,2687.0,0.23644816532668386,100.0,12.0,100.0,100.0,100.0,100.0,96.875,96.875,96.875,96.875,96.875,1.0,0.0,0.0,1.0,31.0,1.0,44.20069444445071,51.71736111111168,55.301388888902125,60.73472222222578,31.0,1.0,60.73472222222578,129.5,14.625,0.7679782631634484,1.0,0.0,0.0,6.0,100.0,100.0,16.0,100.0,100.0,9.0,100.0,100.0,COMPLETED,180,5,800.0,98.6,40.0,72,5f7f06531ddc23a9,False,0.96875,0.96875,1.0,0.9163172303668219,1.0,0.0,0.4,0.6,0.4687444345503117,0.5312555654496883,0.4910021171489061,0.5089978828510939,0.9634543075917055,0.3280506896601565,0.6719493103398435,False
T180_P05_H0800_I0986_CN050_F1,California,unlimited_useful_deadline,unlimited,central_only,targeted_central,all_useful,deadline,-1.0,0.0,0.0,1.0,none,0.0,0,applicable,32.0,0.0,,0.0,308268.0,68620348.0,1422180.617595604,3350.0,3179.5,0.22356513375744014,100.0,14.0,100.0,100.0,100.0,100.0,96.875,96.875,96.875,96.875,96.875,1.0,0.0,0.0,1.0,31.0,1.0,37.200694444445254,46.734722222225294,47.30138888889092,50.73472222226507,31.0,1.0,50.73472222226507,156.5,17.333333333333332,0.6975195868945869,1.0,0.0,0.0,6.0,100.0,100.0,16.0,100.0,100.0,9.0,100.0,100.0,COMPLETED,180,5,800.0,98.6,50.0,90,7c27e17fc60dcb5f,False,0.96875,0.96875,1.0,0.9471404016857404,1.0,0.0,0.5,0.5,0.5564559216384684,0.44354407836153165,0.5748059280169372,0.4251940719830628,0.9711601004214351,0.2737476300689189,0.7262523699310811,False
T180_P05_H0800_I0986_CN060_F1,California,unlimited_useful_deadline,unlimited,central_only,targeted_central,all_useful,deadline,-1.0,0.0,0.0,1.0,none,0.0,0,applicable,32.0,0.0,,0.0,378086.0,85700620.0,1750121.8399942792,3833.0,3670.0,0.20969968582370221,100.0,15.0,100.0,100.0,100.0,100.0,96.875,96.875,96.875,96.875,96.875,1.0,0.0,0.0,1.0,31.0,1.0,37.200694444445254,49.58541666666885,51.73472222222311,54.602777777779075,31.0,1.0,54.602777777779075,139.0,20.044444444444444,0.6833333333333333,1.0,0.0,0.0,6.0,100.0,100.0,16.0,100.0,100.0,9.0,100.0,100.0,COMPLETED,180,5,800.0,98.6,60.0,108,d0f428a953d532e7,False,0.96875,0.96875,1.0,0.9352178277798233,1.0,0.0,0.6,0.4,0.6438112199465716,0.35618878005342836,0.6600211714890614,0.33997882851093864,0.9681794569449558,0.2192335217128734,0.7807664782871266,False
T180_P05_H0800_I0986_CN070_F1,California,unlimited_useful_deadline,unlimited,central_only,targeted_central,all_useful,deadline,-1.0,0.0,0.0,1.0,none,0.0,0,applicable,32.0,0.0,,0.0,444873.0,103487644.0,2091632.7007929473,4302.0,4150.5,0.1984335011795583,100.0,14.0,100.0,100.0,100.0,100.0,96.875,96.875,96.875,96.875,96.875,1.0,0.0,0.0,1.0,31.0,1.0,32.80138888889051,44.151388888911846,46.443055555556924,51.73472222222578,31.0,1.0,51.73472222222578,141.5,22.694444444444443,0.6129130966952265,1.0,0.0,0.0,6.0,100.0,100.0,16.0,100.0,100.0,9.0,100.0,100.0,COMPLETED,180,5,800.0,98.6,70.0,126,d94d53922e0538f7,False,0.96875,0.96875,1.0,0.9440580845539576,1.0,0.0,0.7,0.30000000000000004,0.7293855743544079,0.2706144256455921,0.7427664079040226,0.2572335920959774,0.9703895211384894,0.16556960354831393,0.834430396451686,False
T180_P05_H0800_I0986_CN080_F1,California,unlimited_useful_deadline,unlimited,central_only,targeted_central,all_useful,deadline,-1.0,0.0,0.0,1.0,none,0.0,0,applicable,32.0,0.0,,0.0,509994.0,121473060.0,2436952.6879914673,4794.0,4654.0,0.19097621480028895,100.0,14.0,100.0,100.0,100.0,100.0,96.875,96.875,96.875,96.875,96.875,1.0,0.0,0.0,1.0,31.0,1.0,30.851388888901663,42.73472222222238,44.443055555567355,45.73472222222238,31.0,1.0,45.73472222222238,161.0,25.483333333333334,0.5674066807160332,1.0,0.0,0.0,6.0,100.0,100.0,16.0,100.0,100.0,9.0,100.0,100.0,COMPLETED,180,5,800.0,98.6,80.0,144,c0111c4f3a3e8643,False,0.96875,0.96875,1.0,0.9625519873453918,1.0,0.0,0.8,0.19999999999999996,0.8190560997328584,0.18094390026714158,0.8295695130557516,0.17043048694424845,0.9750129968363479,0.11027487744227801,0.889725122557722,False
T180_P05_H0800_I0986_CN090_F1,California,unlimited_useful_deadline,unlimited,central_only,targeted_central,all_useful,deadline,-1.0,0.0,0.0,1.0,none,0.0,0,applicable,32.0,0.0,,0.0,576922.0,140933180.0,2810586.9919899153,5276.0,5167.5,0.18385839024827244,100.0,18.0,100.0,100.0,100.0,100.0,96.875,96.875,96.875,96.875,96.875,1.0,0.0,0.0,1.0,31.0,1.0,23.551388888889537,36.755555555577544,44.53680555555644,49.73472222224033,31.0,1.0,49.73472222224033,176.5,28.302777777777777,0.5120494869194447,1.0,0.0,0.0,6.0,100.0,100.0,16.0,100.0,100.0,9.0,100.0,100.0,COMPLETED,180,5,800.0,98.6,90.0,162,6e4e62ec8514f4b5,False,0.96875,0.96875,1.0,0.9502227188177207,1.0,0.0,0.9,0.09999999999999998,0.9105075690115761,0.08949243098842385,0.9146083274523642,0.0853916725476358,0.9719306797044301,0.05497682070721194,0.9450231792927881,False
T180_P05_H0800_I0986_CN100_F1,California,unlimited_useful_deadline,unlimited,central_only,targeted_central,all_useful,deadline,-1.0,0.0,0.0,1.0,none,0.0,0,applicable,32.0,0.0,,0.0,645306.0,161372820.0,3203028.0799882356,5754.0,5658.0,0.17664534492687872,100.0,16.0,100.0,100.0,100.0,100.0,96.875,96.875,96.875,96.875,96.875,1.0,0.0,0.0,1.0,31.0,1.0,21.06875000000388,34.62361111111628,35.896180555563845,37.90486111111822,31.0,1.0,37.90486111111822,155.5,31.0,0.45031362007168463,1.0,0.0,0.0,6.0,100.0,100.0,16.0,100.0,100.0,9.0,100.0,100.0,COMPLETED,180,5,800.0,98.6,100.0,180,dd80f46889204f4b,False,0.96875,0.96875,1.0,0.9866861023885768,1.0,0.0,1.0,0.0,0.9978628673196794,0.0021371326803205637,0.9989414255469301,0.0010585744530698937,0.9810465255971442,0.0006391414266780915,0.9993608585733219,False
T180_P05_H1000_I0600_CN000_F1,California,unlimited_useful_deadline,unlimited,central_only,targeted_central,all_useful,deadline,-1.0,0.0,0.0,1.0,none,0.0,0,applicable,32.0,0.0,,0.0,3627.0,2476120.0,247612.0,817.0,675.0,0.2726039125728963,0.0,1.0,66.20413021038343,66.20413021038343,66.20413021038343,66.20413021038343,9.375,9.375,9.375,9.375,56.25,0.0,0.0,14.0,0.0,3.0,29.0,43.78333333333333,64.91666666666667,67.55833333333334,70.2,3.0,29.0,70.2,675.0,0.0,0.0,1.0,0.0,0.0,6.0,0.0,33.33333333333333,16.0,56.25,6.25,9.0,100.0,0.0,COMPLETED,180,5,1000.0,60.0,0.0,0,ffbfe996586ccad3,False,0.5625,0.09375,0.5688661457507955,0.8871422425141586,1.0,0.0,0.0,1.0,0.11041852181656278,0.8895814781834372,0.12791107974594212,0.8720889202540578,0.5280645970662385,0.552334079687499,0.44766592031250096,True
T180_P05_H1000_I0600_CN010_F1,California,unlimited_useful_deadline,unlimited,central_only,targeted_central,all_useful,deadline,-1.0,0.0,0.0,1.0,none,0.0,0,applicable,32.0,0.0,,0.0,34150.0,9083476.0,374473.2351996328,1757.0,1432.0,0.38240383167480485,67.17877094972067,6.0,94.62879513157417,94.62879513157417,94.62879513157417,94.62879513157417,68.75,68.75,68.75,68.75,78.125,0.0,0.0,7.0,0.0,22.0,10.0,109.39305555556038,210.7440972222514,283.0213541666732,291.36736111111384,22.0,10.0,291.36736111111384,581.5,4.725,0.8773956496178719,1.0,0.0,0.0,6.0,16.666666666666664,33.33333333333333,16.0,93.75,75.0,9.0,100.0,88.88888888888889,COMPLETED,180,5,1000.0,60.0,10.0,18,5297de505ba42643,False,0.78125,0.6875,0.931479548498024,0.2054342963433824,1.0,0.0,0.1,0.9,0.2452359750667854,0.7547640249332146,0.2937544107268878,0.7062455892731122,0.6514159612103516,0.4722019228412654,0.5277980771587346,False
T180_P05_H1000_I0600_CN020_F1,California,unlimited_useful_deadline,unlimited,central_only,targeted_central,all_useful,deadline,-1.0,0.0,0.0,1.0,none,0.0,0,applicable,32.0,0.0,,0.0,63311.0,15919164.0,505718.4447992523,2177.0,1857.5,0.36729923915220153,81.04979811574697,9.0,96.24239042207793,96.24239042207793,96.24239042207793,96.24239042207793,84.375,84.375,84.375,84.375,84.375,0.0,0.0,5.0,0.0,27.0,5.0,89.28750000000097,103.10777777777827,103.67215277777842,111.20069444444549,27.0,5.0,111.20069444444549,525.5,7.4,0.8420045045045046,1.0,0.0,0.0,6.0,33.33333333333333,33.33333333333333,16.0,100.0,100.0,9.0,100.0,100.0,COMPLETED,180,5,1000.0,60.0,20.0,36,cd2889307d5a8595,False,0.84375,0.84375,0.9520641809138759,0.7607650996080847,1.0,0.0,0.2,0.8,0.3210151380231523,0.6789848619768477,0.3678546224417784,0.6321453775582215,0.8500823201304901,0.4222260479070139,0.5777739520929861,False
T180_P05_H1000_I0600_CN030_F1,California,unlimited_useful_deadline,unlimited,central_only,targeted_central,all_useful,deadline,-1.0,0.0,0.0,1.0,none,0.0,0,applicable,32.0,0.0,,0.0,93473.0,23317728.0,647770.8735988257,2615.0,2309.0,0.3564531988250523,88.60978778692075,8.0,98.01136363636364,98.01136363636364,98.01136363636364,98.01136363636364,96.875,96.875,96.875,96.875,90.625,0.0,0.0,3.0,0.0,31.0,1.0,75.63472222222227,84.63472222222214,88.56770833333734,92.20069444444441,31.0,1.0,92.20069444444441,456.5,10.291666666666666,0.7832523616734144,1.0,0.0,0.0,6.0,66.66666666666666,100.0,16.0,100.0,100.0,9.0,100.0,100.0,COMPLETED,180,5,1000.0,60.0,30.0,54,818fdc4e7ccd0625,False,0.90625,0.96875,0.9746309692429315,0.8193291251142633,1.0,0.0,0.3,0.7,0.4014247551202137,0.5985752448797863,0.4451305575158786,0.5548694424841214,0.9172400235892987,0.37068893747278153,0.6293110625272185,False
T180_P05_H1000_I0600_CN040_F1,California,unlimited_useful_deadline,unlimited,central_only,targeted_central,all_useful,deadline,-1.0,0.0,0.0,1.0,none,0.0,0,applicable,32.0,0.0,,0.0,117540.0,30354168.0,782870.5215984547,3029.0,2730.5,0.34878053581898844,91.35689434169566,10.0,98.29545454545455,98.29545454545455,98.29545454545455,98.29545454545455,96.875,96.875,96.875,96.875,93.75,0.0,0.0,2.0,0.0,31.0,1.0,70.80138888888905,83.36736111111435,85.28576388890232,85.93680555557475,31.0,1.0,85.93680555557475,444.0,12.702777777777778,0.7385462983210633,1.0,100.0,0.0,6.0,66.66666666666666,100.0,16.0,100.0,100.0,9.0,100.0,100.0,COMPLETED,180,5,1000.0,60.0,40.0,72,4b7851c7b3367ea5,False,0.9375,0.96875,0.9782551164939413,0.8386364171487691,1.0,0.0,0.4,0.6,0.47649154051647374,0.5235084594835262,0.5181721947776994,0.4818278052223006,0.9307853834106776,0.32106725294116534,0.6789327470588347,False
T180_P05_H1000_I0600_CN050_F1,California,unlimited_useful_deadline,unlimited,central_only,targeted_central,all_useful,deadline,-1.0,0.0,0.0,1.0,none,0.0,0,applicable,32.0,0.0,,0.0,149705.0,37416232.0,918462.1503979173,3454.0,3176.0,0.3457954145006433,94.89924433249371,13.0,98.57954545454545,98.57954545454545,98.57954545454545,98.57954545454545,96.875,96.875,96.875,96.875,93.75,0.0,0.0,2.0,0.0,31.0,1.0,64.85138888889391,73.71736111111338,75.87604166666674,78.36736111111144,31.0,1.0,78.36736111111144,388.5,15.48611111111111,0.6831041355256602,1.0,100.0,0.0,6.0,66.66666666666666,100.0,16.0,100.0,100.0,9.0,100.0,100.0,COMPLETED,180,5,1000.0,60.0,50.0,90,e75f39a0f1debcc1,False,0.9375,0.96875,0.981879263744951,0.8619678454389337,1.0,0.0,0.5,0.5,0.5558325912733749,0.4441674087266251,0.5931545518701482,0.4068454481298518,0.9375242772959711,0.2702025713712954,0.7297974286287046,False
T180_P05_H1000_I0600_CN060_F1,California,unlimited_useful_deadline,unlimited,central_only,targeted_central,all_useful,deadline,-1.0,0.0,0.0,1.0,none,0.0,0,applicable,32.0,0.0,,0.0,167665.0,45565696.0,1074931.8591975565,3871.0,3601.0,0.33499797863356373,96.50097195223549,10.0,99.14772727272728,99.14772727272728,99.14772727272728,99.14772727272728,96.875,96.875,96.875,96.875,93.75,0.0,0.0,2.0,0.0,31.0,1.0,61.551388888890024,75.55138888889876,77.78472222222511,80.20069444444731,31.0,1.0,80.20069444444731,373.0,17.933333333333334,0.6429660608563954,1.0,100.0,0.0,6.0,66.66666666666666,100.0,16.0,100.0,100.0,9.0,100.0,100.0,COMPLETED,180,5,1000.0,60.0,60.0,108,dc4f22fdcec41a82,False,0.9375,0.96875,0.9891275582469707,0.8563169306971019,1.0,0.0,0.6,0.4,0.6315227070347285,0.36847729296527154,0.6667254763585039,0.3332745236414961,0.9379236222360181,0.22035036332135355,0.7796496366786465,False
T180_P05_H1000_I0600_CN070_F1,California,unlimited_useful_deadline,unlimited,central_only,targeted_central,all_useful,deadline,-1.0,0.0,0.0,1.0,none,0.0,0,applicable,32.0,0.0,,0.0,192672.0,53838784.0,1233775.1487970399,4313.0,4066.0,0.3295576186604542,97.81111657648795,12.0,99.43181818181819,99.43181818181819,99.43181818181819,99.43181818181819,96.875,96.875,96.875,96.875,93.75,0.0,0.0,2.0,0.0,31.0,1.0,64.93472222222275,69.85138888889001,71.58437500000144,72.200694444445,31.0,1.0,72.200694444445,383.0,20.461111111111112,0.5983346909222553,1.0,100.0,0.0,6.0,66.66666666666666,100.0,16.0,100.0,100.0,9.0,100.0,100.0,COMPLETED,180,5,1000.0,60.0,70.0,126,b2fc8cd51bffd290,False,0.9375,0.96875,0.9927517054979804,0.8809754677523407,1.0,0.0,0.7,0.30000000000000004,0.7143365983971505,0.28566340160284953,0.7447071277346506,0.25529287226534936,0.9449942933125803,0.16819125477363978,0.8318087452263603,False
T180_P05_H1000_I0600_CN080_F1,California,unlimited_useful_deadline,unlimited,central_only,targeted_central,all_useful,deadline,-1.0,0.0,0.0,1.0,none,0.0,0,applicable,32.0,0.0,,0.0,212018.0,61715384.0,1385005.8687965842,4719.0,4468.0,0.32259791100251395,98.75783348254252,12.0,98.86363636363636,98.86363636363636,98.86363636363636,98.86363636363636,96.875,96.875,96.875,96.875,93.75,0.0,0.0,2.0,0.0,31.0,1.0,59.05763888889245,70.20069444444634,70.95937500000025,72.200694444445,31.0,1.0,72.200694444445,377.5,22.725,0.5352001249507667,1.0,100.0,0.0,6.0,66.66666666666666,100.0,16.0,100.0,100.0,9.0,100.0,100.0,COMPLETED,180,5,1000.0,60.0,80.0,144,a0a0044e1a67f7f2,False,0.9375,0.96875,0.9855034109959607,0.8809754677523407,1.0,0.0,0.8,0.19999999999999996,0.7859305431878896,0.21406945681211043,0.8163373323923783,0.18366266760762173,0.9431822196870754,0.11954642488394643,0.8804535751160536,False
T180_P05_H1000_I0600_CN090_F1,California,unlimited_useful_deadline,unlimited,central_only,targeted_central,all_useful,deadline,-1.0,0.0,0.0,1.0,none,0.0,0,applicable,32.0,0.0,,0.0,231700.0,69948988.0,1543091.0655960871,5148.0,4912.0,0.318322107457898,99.32817589576547,12.0,99.14772727272728,99.14772727272728,99.14772727272728,99.14772727272728,96.875,96.875,96.875,96.875,93.75,0.0,0.0,2.0,0.0,31.0,1.0,57.551388888922034,68.80138888889196,69.7180555555596,71.93472222222456,31.0,1.0,71.93472222222456,369.5,25.23611111111111,0.5022717544181496,1.0,100.0,0.0,6.0,66.66666666666666,100.0,16.0,100.0,100.0,9.0,100.0,100.0,COMPLETED,180,5,1000.0,60.0,90.0,162,e771d2933386c2d1,False,0.9375,0.96875,0.9891275582469707,0.8817952784895013,1.0,0.0,0.9,0.09999999999999998,0.8650044523597507,0.13499554764024935,0.8920254057868737,0.10797459421312627,0.9442932091841181,0.06859402837067513,0.9314059716293248,False
T180_P05_H1000_I0600_CN100_F1,California,unlimited_useful_deadline,unlimited,central_only,targeted_central,all_useful,deadline,-1.0,0.0,0.0,1.0,none,0.0,0,applicable,32.0,0.0,,0.0,250343.0,78621720.0,1709607.5199955609,5584.0,5370.0,0.3141071817474191,100.0,12.0,99.14772727272728,99.14772727272728,99.14772727272728,99.14772727272728,96.875,96.875,96.875,96.875,93.75,0.0,0.0,2.0,0.0,31.0,1.0,59.05763888889245,68.20069444444586,69.28402777777913,71.93472222222456,31.0,1.0,71.93472222222456,395.5,27.636111111111113,0.43727733663908164,1.0,100.0,0.0,6.0,66.66666666666666,100.0,16.0,100.0,100.0,9.0,100.0,100.0,COMPLETED,180,5,1000.0,60.0,100.0,180,7d5346476eec5dbf,False,0.9375,0.96875,0.9891275582469707,0.8817952784895013,1.0,0.0,1.0,0.0,0.9465716829919858,0.0534283170080142,0.9689484827099506,0.031051517290049402,0.9442932091841181,0.01689596685961272,0.9831040331403873,False
T180_P05_H1000_I0800_CN000_F1,California,unlimited_useful_deadline,unlimited,central_only,targeted_central,all_useful,deadline,-1.0,0.0,0.0,1.0,none,0.0,0,applicable,32.0,0.0,,0.0,2916.0,1750892.0,175089.2,668.0,412.0,0.23530863125766752,0.0,1.0,36.61160787379535,36.61160787379535,36.61160787379535,36.61160787379535,0.0,0.0,0.0,0.0,0.0,0.0,13.0,19.0,13.0,0.0,32.0,,,,,0.0,32.0,,412.0,0.0,0.0,1.0,0.0,0.0,6.0,0.0,0.0,16.0,0.0,0.0,9.0,0.0,0.0,COMPLETED,180,5,1000.0,80.0,0.0,0,2c4d5305fc199c2e,False,0.0,0.0,0.19135438791319265,0.0,1.0,0.0,0.0,1.0,0.06357969723953695,0.9364203027604631,0.10162314749470713,0.8983768525052929,0.04783859697829816,0.5669594310531512,0.43304056894684884,False
T180_P05_H1000_I0800_CN010_F1,California,unlimited_useful_deadline,unlimited,central_only,targeted_central,all_useful,deadline,-1.0,0.0,0.0,1.0,none,0.0,0,applicable,32.0,0.0,,0.0,59230.0,12379920.0,379166.5375993731,1591.0,1339.5,0.35327484552851396,99.70138111235535,8.0,93.63760964912281,93.63760964912281,93.63760964912281,93.63760964912281,84.375,84.375,84.375,84.375,93.75,0.0,1.0,1.0,1.0,27.0,5.0,77.11736111111775,98.66111111111115,100.50451388888924,102.20069444444441,27.0,5.0,102.20069444444441,121.5,7.213888888888889,0.9208381465793865,1.0,0.0,0.0,6.0,83.33333333333334,33.33333333333333,16.0,100.0,100.0,9.0,100.0,100.0,COMPLETED,180,5,1000.0,80.0,10.0,18,e29f8a49d8a4aeba,False,0.9375,0.84375,0.9188349969600604,0.7885059537952237,1.0,0.0,0.1,0.9,0.22876224398931433,0.7712377560106857,0.2644671841919548,0.7355328158080452,0.872147737688821,0.4813541143637462,0.5186458856362538,False
T180_P05_H1000_I0800_CN020_F1,California,unlimited_useful_deadline,unlimited,central_only,targeted_central,all_useful,deadline,-1.0,0.0,0.0,1.0,none,0.0,0,applicable,32.0,0.0,,0.0,117419.0,23788520.0,598211.6575985876,2067.0,1839.0,0.30741627593523213,100.0,10.0,96.92957535885168,96.92957535885168,96.92957535885168,96.92957535885168,90.625,90.625,90.625,90.625,100.0,0.0,0.0,0.0,0.0,29.0,3.0,59.58541666666667,67.26458333333458,69.9777777777778,71.36736111111192,29.0,3.0,71.36736111111192,109.5,9.98611111111111,0.8430458970792767,1.0,100.0,0.0,6.0,100.0,66.66666666666666,16.0,100.0,100.0,9.0,100.0,100.0,COMPLETED,180,5,1000.0,80.0,20.0,36,ce6ac3ea7c103cd5,False,1.0,0.90625,0.9608305980002705,0.8835440653622599,1.0,0.0,0.2,0.8,0.31772039180765804,0.6822796081923419,0.3484474241354975,0.6515525758645024,0.9376561658406326,0.42676643681136894,0.5732335631886311,False
T180_P05_H1000_I0800_CN030_F1,California,unlimited_useful_deadline,unlimited,central_only,targeted_central,all_useful,deadline,-1.0,0.0,0.0,1.0,none,0.0,0,applicable,32.0,0.0,,0.0,174998.0,36262876.0,837719.2927976842,2535.0,2328.0,0.27789738400619957,100.0,13.0,98.01136363636364,98.01136363636364,98.01136363636364,98.01136363636364,96.875,96.875,96.875,96.875,100.0,0.0,0.0,0.0,0.0,31.0,1.0,47.3673611111124,56.551388888898266,57.6187500000006,59.168750000008245,31.0,1.0,59.168750000008245,79.5,12.708333333333334,0.7740850030358228,1.0,100.0,0.0,6.0,100.0,100.0,16.0,100.0,100.0,9.0,100.0,100.0,COMPLETED,180,5,1000.0,80.0,30.0,54,2299005d5f5ec5ce,False,1.0,0.96875,0.9746309692429315,0.9211440533754488,1.0,0.0,0.3,0.7,0.4048085485307213,0.5951914514692787,0.43101623147494705,0.568983768525053,0.9661312556545951,0.37283504399886636,0.6271649560011336,False
T180_P05_H1000_I0800_CN040_F1,California,unlimited_useful_deadline,unlimited,central_only,targeted_central,all_useful,deadline,-1.0,0.0,0.0,1.0,none,0.0,0,applicable,32.0,0.0,,0.0,235242.0,48522068.0,1073095.7791966093,2987.0,2791.0,0.2600886196840256,100.0,12.0,98.29545454545455,98.29545454545455,98.29545454545455,98.29545454545455,96.875,96.875,96.875,96.875,96.875,0.0,0.0,1.0,0.0,31.0,1.0,46.16875,51.16875,51.985763888892265,52.58541666666667,31.0,1.0,52.58541666666667,100.5,15.238888888888889,0.7138412929882125,1.0,100.0,0.0,6.0,83.33333333333334,100.0,16.0,100.0,100.0,9.0,100.0,100.0,COMPLETED,180,5,1000.0,80.0,40.0,72,f91b7560b50b1be7,False,0.96875,0.96875,0.9782551164939413,0.9414359744938419,1.0,0.0,0.4,0.6,0.48726625111308997,0.51273374888691,0.5107621736062103,0.48923782639378965,0.9642977727469457,0.3203943150561399,0.6796056849438601,False
T180_P05_H1000_I0800_CN050_F1,California,unlimited_useful_deadline,unlimited,central_only,targeted_central,all_useful,deadline,-1.0,0.0,0.0,1.0,none,0.0,0,applicable,32.0,0.0,,0.0,297620.0,62199404.0,1335700.630395351,3447.0,3274.5,0.245152238868884,100.0,14.0,98.57954545454545,98.57954545454545,98.57954545454545,98.57954545454545,96.875,96.875,96.875,96.875,100.0,0.0,0.0,0.0,0.0,31.0,1.0,41.15138888888905,48.200694444445375,48.87708333333357,50.470833333334305,31.0,1.0,50.470833333334305,107.5,17.905555555555555,0.633066156444996,1.0,100.0,0.0,6.0,100.0,100.0,16.0,100.0,100.0,9.0,100.0,100.0,COMPLETED,180,5,1000.0,80.0,50.0,90,8c2aa0ce779967ee,False,1.0,0.96875,0.981879263744951,0.9479537909290109,1.0,0.0,0.5,0.5,0.5733748886910063,0.4266251113089937,0.5919195483415667,0.4080804516584333,0.9746457636684904,0.2669411125934854,0.7330588874065146,False
T180_P05_H1000_I0800_CN060_F1,California,unlimited_useful_deadline,unlimited,central_only,targeted_central,all_useful,deadline,-1.0,0.0,0.0,1.0,none,0.0,0,applicable,32.0,0.0,,0.0,352991.0,76193420.0,1604385.7375940853,3910.0,3739.5,0.23307985806503756,100.0,15.0,98.29545454545455,98.29545454545455,98.29545454545455,98.29545454545455,96.875,96.875,96.875,96.875,100.0,0.0,0.0,0.0,0.0,31.0,1.0,39.98541666669868,44.551388888910395,48.377083333333815,51.16875,31.0,1.0,51.16875,113.0,20.461111111111112,0.5934126768636678,1.0,100.0,0.0,6.0,100.0,100.0,16.0,100.0,100.0,9.0,100.0,100.0,COMPLETED,180,5,1000.0,80.0,60.0,108,af9cc6a9b49a896c,False,1.0,0.96875,0.9782551164939413,0.9458025904307058,1.0,0.0,0.6,0.4,0.6561887800534283,0.3438112199465717,0.673606210303458,0.326393789696542,0.9732019267311618,0.21404100192862274,0.7859589980713773,False
T180_P05_H1000_I0800_CN070_F1,California,unlimited_useful_deadline,unlimited,central_only,targeted_central,all_useful,deadline,-1.0,0.0,0.0,1.0,none,0.0,0,applicable,32.0,0.0,,0.0,411171.0,91624444.0,1900661.3983926298,4378.0,4244.5,0.22331699920825093,100.0,14.0,100.0,100.0,100.0,100.0,100.0,100.0,100.0,100.0,100.0,0.0,0.0,0.0,0.0,32.0,0.0,35.63472222222505,45.54375000003546,47.86562500000031,51.16875,32.0,0.0,51.16875,104.5,23.175,0.5090887903365429,1.0,100.0,100.0,6.0,100.0,100.0,16.0,100.0,100.0,9.0,100.0,100.0,COMPLETED,180,5,1000.0,80.0,70.0,126,b0eeb261f7054956,False,1.0,1.0,1.0,0.9458025904307058,1.0,0.0,0.7,0.30000000000000004,0.746126447016919,0.253873552983081,0.7561750176429075,0.2438249823570925,0.9864506476076764,0.15953970706803472,0.8404602929319653,False
T180_P05_H1000_I0800_CN080_F1,California,unlimited_useful_deadline,unlimited,central_only,targeted_central,all_useful,deadline,-1.0,0.0,0.0,1.0,none,0.0,0,applicable,32.0,0.0,,0.0,472258.0,106839996.0,2192799.996790997,4844.0,4722.0,0.2153411166960189,100.0,16.0,100.0,100.0,100.0,100.0,100.0,100.0,100.0,100.0,100.0,0.0,0.0,0.0,0.0,32.0,0.0,31.593055555565115,43.54375000002095,45.014062500029446,46.470833333352736,32.0,0.0,46.470833333352736,114.0,25.81111111111111,0.4529475773664322,1.0,100.0,100.0,6.0,100.0,100.0,16.0,100.0,100.0,9.0,100.0,100.0,COMPLETED,180,5,1000.0,80.0,80.0,144,e8c2619018a34698,False,1.0,1.0,1.0,0.9602830594565699,1.0,0.0,0.8,0.19999999999999996,0.831166518254675,0.16883348174532498,0.8383909668313339,0.16160903316866615,0.9900707648641425,0.10608850298279822,0.8939114970172017,False
T180_P05_H1000_I0800_CN090_F1,California,unlimited_useful_deadline,unlimited,central_only,targeted_central,all_useful,deadline,-1.0,0.0,0.0,1.0,none,0.0,0,applicable,32.0,0.0,,0.0,532289.0,123024304.0,2503538.710389259,5310.0,5203.5,0.20784579756671476,100.0,14.0,100.0,100.0,100.0,100.0,100.0,100.0,100.0,100.0,100.0,0.0,0.0,0.0,0.0,32.0,0.0,28.16944444445374,41.60416666667246,42.61875000000274,43.58541666668607,32.0,0.0,43.58541666668607,110.0,28.488888888888887,0.37789911596463854,1.0,100.0,100.0,6.0,100.0,100.0,16.0,100.0,100.0,9.0,100.0,100.0,COMPLETED,180,5,1000.0,80.0,90.0,162,208dac4cdbabf623,False,1.0,1.0,1.0,0.9691768286809178,1.0,0.0,0.9,0.09999999999999998,0.9169189670525378,0.08308103294746216,0.9206069160197601,0.07939308398023992,0.9922942071702294,0.052494823385540415,0.9475051766144595,False
T180_P05_H1000_I0800_CN100_F1,California,unlimited_useful_deadline,unlimited,central_only,targeted_central,all_useful,deadline,-1.0,0.0,0.0,1.0,none,0.0,0,applicable,32.0,0.0,,0.0,594408.0,140172396.0,2832782.076787349,5760.0,5670.0,0.20015658975187858,100.0,15.0,100.0,100.0,100.0,100.0,100.0,100.0,100.0,100.0,100.0,0.0,0.0,0.0,0.0,32.0,0.0,21.376041666671277,42.06875000000325,43.356250000008735,45.58541666670547,32.0,0.0,45.58541666670547,118.0,31.02777777777778,0.31194469312643003,1.0,100.0,100.0,6.0,100.0,100.0,16.0,100.0,100.0,9.0,100.0,100.0,COMPLETED,180,5,1000.0,80.0,100.0,180,03526090103feca7,False,1.0,1.0,1.0,0.96301219441705,1.0,0.0,1.0,0.0,1.0,0.0,1.0,0.0,0.9907530486042625,0.0,1.0,False
T180_P05_H1000_I0986_CN000_F1,California,unlimited_useful_deadline,unlimited,central_only,targeted_central,all_useful,deadline,-1.0,0.0,0.0,1.0,none,0.0,0,applicable,32.0,0.0,,0.0,2946.0,1710804.0,171080.4,490.0,368.5,0.215395802207617,0.0,1.0,41.240676521598665,41.240676521598665,41.240676521598665,41.240676521598665,0.0,0.0,0.0,0.0,65.625,1.0,6.0,4.0,7.0,0.0,32.0,,,,,0.0,32.0,,368.5,0.0,0.0,1.0,0.0,0.0,6.0,0.0,0.0,16.0,75.0,0.0,9.0,100.0,0.0,COMPLETED,180,5,1000.0,98.6,0.0,0,3bc30153c071392b,False,0.65625,0.0,0.2504074088928382,0.0,1.0,0.0,0.0,1.0,0.055832591273374886,0.9441674087266251,0.07021877205363444,0.9297812279463655,0.22666435222320955,0.5747897273345981,0.4252102726654019,False
T180_P05_H1000_I0986_CN010_F1,California,unlimited_useful_deadline,unlimited,central_only,targeted_central,all_useful,deadline,-1.0,0.0,0.0,1.0,none,0.0,0,applicable,32.0,0.0,,0.0,59139.0,12688276.0,381847.8623993834,1426.0,1224.5,0.3206774531368903,98.2033483054308,7.0,100.0,100.0,100.0,100.0,96.875,96.875,96.875,96.875,96.875,1.0,0.0,0.0,1.0,31.0,1.0,71.36736111111095,81.73472222222335,87.48506944444574,93.20069444444441,31.0,1.0,93.20069444444441,108.5,6.419444444444444,0.9195562286648398,1.0,0.0,0.0,6.0,100.0,100.0,16.0,100.0,100.0,9.0,100.0,100.0,COMPLETED,180,5,1000.0,98.6,10.0,18,eeeef6161a4f806e,False,0.96875,0.96875,1.0,0.8162468079823593,1.0,0.0,0.1,0.9,0.2082813891362422,0.7917186108637578,0.23535638673253353,0.7646436132674664,0.9384367019955898,0.4912724448262449,0.5087275551737551,True
T180_P05_H1000_I0986_CN020_F1,California,unlimited_useful_deadline,unlimited,central_only,targeted_central,all_useful,deadline,-1.0,0.0,0.0,1.0,none,0.0,0,applicable,32.0,0.0,,0.0,117417.0,24457868.0,607824.0287986097,1897.0,1708.0,0.2810023821164055,100.0,8.0,100.0,100.0,100.0,100.0,96.875,96.875,96.875,96.875,96.875,1.0,0.0,0.0,1.0,31.0,1.0,54.58541666666885,70.01944444444429,74.73472222222239,78.7347222222253,31.0,1.0,78.7347222222253,93.0,9.194444444444445,0.853286337697214,1.0,0.0,0.0,6.0,100.0,100.0,16.0,100.0,100.0,9.0,100.0,100.0,COMPLETED,180,5,1000.0,98.6,20.0,36,902963591bb5cff8,False,0.96875,0.96875,1.0,0.8608355219925521,1.0,0.0,0.2,0.8,0.2943900267141585,0.7056099732858415,0.318454481298518,0.6815455187014821,0.949583880498138,0.43743109839746475,0.5625689016025353,False
T180_P05_H1000_I0986_CN030_F1,California,unlimited_useful_deadline,unlimited,central_only,targeted_central,all_useful,deadline,-1.0,0.0,0.0,1.0,none,0.0,0,applicable,32.0,0.0,,0.0,178172.0,37597576.0,860106.4223976908,2381.0,2192.5,0.2549103160848443,100.0,10.0,100.0,100.0,100.0,100.0,96.875,96.875,96.875,96.875,96.875,1.0,0.0,0.0,1.0,31.0,1.0,46.36736111111095,59.20069444445217,68.23472222222311,69.6027777777781,31.0,1.0,69.6027777777781,101.0,11.927777777777777,0.8058531283962118,1.0,0.0,0.0,6.0,100.0,100.0,16.0,100.0,100.0,9.0,100.0,100.0,COMPLETED,180,5,1000.0,98.6,30.0,54,fed9d02d414b37a4,False,0.96875,0.96875,1.0,0.8889830708012669,1.0,0.0,0.3,0.7,0.3806767586821015,0.6193232413178985,0.40384615384615385,0.5961538461538461,0.9566207677003167,0.38309541749434894,0.6169045825056511,False
T180_P05_H1000_I0986_CN040_F1,California,unlimited_useful_deadline,unlimited,central_only,targeted_central,all_useful,deadline,-1.0,0.0,0.0,1.0,none,0.0,0,applicable,32.0,0.0,,0.0,236048.0,50815488.0,1113890.3327966898,2855.0,2680.5,0.24064307958126896,100.0,11.0,100.0,100.0,100.0,100.0,96.875,96.875,96.875,96.875,96.875,1.0,0.0,0.0,1.0,31.0,1.0,44.80138888888905,51.734722222243725,55.967708333338486,61.73472222222578,31.0,1.0,61.73472222222578,104.0,14.608333333333333,0.727636221503877,1.0,0.0,0.0,6.0,100.0,100.0,16.0,100.0,100.0,9.0,100.0,100.0,COMPLETED,180,5,1000.0,98.6,40.0,72,ff09e2bafd4de16a,False,0.96875,0.96875,1.0,0.913234913234918,1.0,0.0,0.4,0.6,0.46758682101513804,0.532413178984862,0.48747353563867324,0.5125264643613268,0.9626837283087295,0.32898792866923776,0.6710120713307622,False
T180_P05_H1000_I0986_CN050_F1,California,unlimited_useful_deadline,unlimited,central_only,targeted_central,all_useful,deadline,-1.0,0.0,0.0,1.0,none,0.0,0,applicable,32.0,0.0,,0.0,291612.0,64709940.0,1380663.811195589,3325.0,3155.5,0.22854948282214246,100.0,11.0,100.0,100.0,100.0,100.0,96.875,96.875,96.875,96.875,96.875,1.0,0.0,0.0,1.0,31.0,1.0,39.55138888892979,51.868055555555806,57.23472222223887,59.73472222222287,31.0,1.0,59.73472222222287,110.0,17.227777777777778,0.6837901752122972,1.0,0.0,0.0,6.0,100.0,100.0,16.0,100.0,100.0,9.0,100.0,100.0,COMPLETED,180,5,1000.0,98.6,50.0,90,21e145bb2a0a0560,False,0.96875,0.96875,1.0,0.9193995474987349,1.0,0.0,0.5,0.5,0.5521816562778272,0.4478183437221728,0.5703952011291461,0.4296047988708539,0.9642248868746837,0.27548462851860533,0.7245153714813947,False
T180_P05_H1000_I0986_CN060_F1,California,unlimited_useful_deadline,unlimited,central_only,targeted_central,all_useful,deadline,-1.0,0.0,0.0,1.0,none,0.0,0,applicable,32.0,0.0,,0.0,358891.0,80494640.0,1683730.0511941947,3822.0,3667.5,0.2178199526342602,100.0,14.0,100.0,100.0,100.0,100.0,96.875,96.875,96.875,96.875,96.875,1.0,0.0,0.0,1.0,31.0,1.0,38.93472222223208,47.151388888918156,49.23472222223208,51.602777777799446,31.0,1.0,51.602777777799446,113.5,20.069444444444443,0.6377093425605536,1.0,0.0,0.0,6.0,100.0,100.0,16.0,100.0,100.0,9.0,100.0,100.0,COMPLETED,180,5,1000.0,98.6,60.0,108,fd17509a2baa2d39,False,0.96875,0.96875,1.0,0.9444647791754724,1.0,0.0,0.6,0.4,0.6433659839715049,0.3566340160284951,0.6580804516584333,0.3419195483415667,0.9704911947938681,0.2197107128740124,0.7802892871259877,False
T180_P05_H1000_I0986_CN070_F1,California,unlimited_useful_deadline,unlimited,central_only,targeted_central,all_useful,deadline,-1.0,0.0,0.0,1.0,none,0.0,0,applicable,32.0,0.0,,0.0,424304.0,97004000.0,2000709.763192696,4296.0,4139.5,0.20690157443897617,100.0,15.0,100.0,100.0,100.0,100.0,96.875,96.875,96.875,96.875,96.875,1.0,0.0,0.0,1.0,31.0,1.0,34.80277777778174,40.717361111112645,44.23472222222384,51.734722222243725,31.0,1.0,51.734722222243725,127.5,22.68611111111111,0.5879045753234562,1.0,0.0,0.0,6.0,100.0,100.0,16.0,100.0,100.0,9.0,100.0,100.0,COMPLETED,180,5,1000.0,98.6,70.0,126,58812c4e30a2af0c,False,0.96875,0.96875,1.0,0.9440580845539023,1.0,0.0,0.7,0.30000000000000004,0.727426536064114,0.272573463935886,0.7417078334509527,0.2582921665490473,0.9703895211384755,0.16617312609698667,0.8338268739030134,False
T180_P05_H1000_I0986_CN080_F1,California,unlimited_useful_deadline,unlimited,central_only,targeted_central,all_useful,deadline,-1.0,0.0,0.0,1.0,none,0.0,0,applicable,32.0,0.0,,0.0,486596.0,113554404.0,2318477.519991115,4787.0,4657.5,0.20088614014328887,100.0,15.0,100.0,100.0,100.0,100.0,96.875,96.875,96.875,96.875,96.875,1.0,0.0,0.0,1.0,31.0,1.0,32.93472222224312,44.86805555556248,46.66875000002789,51.734722222227234,31.0,1.0,51.734722222227234,128.0,25.530555555555555,0.5111274314244612,1.0,0.0,0.0,6.0,100.0,100.0,16.0,100.0,100.0,9.0,100.0,100.0,COMPLETED,180,5,1000.0,98.6,80.0,144,438b372e9300a7c8,False,0.96875,0.96875,1.0,0.9440580845539531,1.0,0.0,0.8,0.19999999999999996,0.819679430097952,0.18032056990204803,0.82833450952717,0.17166549047282997,0.9703895211384883,0.1103972120749756,0.8896027879250243,False
T180_P05_H1000_I0986_CN090_F1,California,unlimited_useful_deadline,unlimited,central_only,targeted_central,all_useful,deadline,-1.0,0.0,0.0,1.0,none,0.0,0,applicable,32.0,0.0,,0.0,552409.0,131523728.0,2663488.5407893723,5280.0,5170.0,0.194106335387791,100.0,16.0,100.0,100.0,100.0,100.0,96.875,96.875,96.875,96.875,96.875,1.0,0.0,0.0,1.0,31.0,1.0,27.60416666666703,39.585416666690676,43.234722222226026,45.73472222226798,31.0,1.0,45.73472222226798,102.5,28.363888888888887,0.42919346238805645,1.0,0.0,0.0,6.0,100.0,100.0,16.0,100.0,100.0,9.0,100.0,100.0,COMPLETED,180,5,1000.0,98.6,90.0,162,6d2de99e8e3d6116,False,0.96875,0.96875,1.0,0.9625519873452513,1.0,0.0,0.9,0.09999999999999998,0.9109528049866429,0.08904719501335712,0.9153140437544107,0.08468595624558928,0.9750129968363128,0.054746630251789274,0.9452533697482107,False
T180_P05_H1000_I0986_CN100_F1,California,unlimited_useful_deadline,unlimited,central_only,targeted_central,all_useful,deadline,-1.0,0.0,0.0,1.0,none,0.0,0,applicable,32.0,0.0,,0.0,619642.0,150343028.0,3024819.1007874855,5758.0,5666.0,0.1873169869406374,100.0,18.0,100.0,100.0,100.0,100.0,96.875,96.875,96.875,96.875,96.875,1.0,0.0,0.0,1.0,31.0,1.0,20.117361111111435,31.887500000001697,37.81979166666788,40.03680555555814,31.0,1.0,40.03680555555814,111.0,31.083333333333332,0.36842816006354884,1.0,0.0,0.0,6.0,100.0,100.0,16.0,100.0,100.0,9.0,100.0,100.0,COMPLETED,180,5,1000.0,98.6,100.0,180,bb6496d0931ec42b,False,0.96875,0.96875,1.0,0.9801147735032122,1.0,0.0,1.0,0.0,0.9992876224398931,0.0007123775601068916,0.9996471418489767,0.0003528581510232609,0.979403693375803,0.0002130471422260305,0.999786952857774,False
T180_P10_H0500_I0600_CN000_F1,California,unlimited_useful_deadline,unlimited,central_only,targeted_central,all_useful,deadline,-1.0,0.0,0.0,1.0,none,0.0,0,applicable,32.0,0.0,,0.0,3452.0,1245140.0,124514.0,555.0,420.5,0.33771302825385097,0.0,1.0,38.55347467137589,38.55347467137589,38.55347467137589,38.55347467137589,0.0,0.0,0.0,0.0,78.125,0.0,0.0,7.0,0.0,0.0,32.0,,,,,0.0,32.0,,420.5,0.0,0.0,1.0,0.0,0.0,6.0,0.0,0.0,16.0,100.0,0.0,9.0,100.0,0.0,COMPLETED,180,10,500.0,60.0,0.0,0,63a5dbb0bb8dd4a3,False,0.78125,0.0,0.21612677939449368,0.0,1.0,0.0,0.0,1.0,0.06509349955476403,0.9349065004452359,0.08168666196189132,0.9183133380381087,0.2493441948486234,0.5706439676966689,0.4293560323033311,False
T180_P10_H0500_I0600_CN010_F1,California,unlimited_useful_deadline,unlimited,central_only,targeted_central,all_useful,deadline,-1.0,0.0,0.0,1.0,none,0.0,0,applicable,32.0,0.0,,0.0,42203.0,11501404.0,321434.26879940194,1702.0,1341.0,0.4171926051969525,79.53020134228188,8.0,86.39094480994152,86.39094480994152,86.39094480994152,86.39094480994152,78.125,78.125,78.125,78.125,78.125,0.0,0.0,7.0,0.0,25.0,7.0,107.36736111111288,118.46111111111124,118.98194444444466,123.86805555555557,25.0,7.0,123.86805555555557,394.5,5.258333333333334,0.8615571990373891,1.0,0.0,0.0,6.0,0.0,0.0,16.0,100.0,100.0,9.0,100.0,100.0,COMPLETED,180,10,500.0,60.0,10.0,18,2f9ba7f1b28e875a,False,0.78125,0.78125,0.8263893057552634,0.7217202754392961,1.0,0.0,0.1,0.9,0.2290293855743544,0.7709706144256456,0.28405081157374734,0.7159491884262527,0.7776523952986398,0.4773839605703797,0.5226160394296203,False
T180_P10_H0500_I0600_CN020_F1,California,unlimited_useful_deadline,unlimited,central_only,targeted_central,all_useful,deadline,-1.0,0.0,0.0,1.0,none,0.0,0,applicable,32.0,0.0,,0.0,78521.0,21894688.0,520985.32159887324,2156.0,1817.5,0.3488581970835953,90.06877579092159,11.0,92.5484283625731,92.5484283625731,92.5484283625731,92.5484283625731,78.125,78.125,78.125,78.125,90.625,0.0,0.0,3.0,0.0,25.0,7.0,78.73472222223403,87.4611111111157,87.98194444445248,89.55138888889536,25.0,7.0,89.55138888889536,399.0,7.8805555555555555,0.7898582226922022,1.0,0.0,0.0,6.0,66.66666666666666,0.0,16.0,100.0,100.0,9.0,100.0,100.0,COMPLETED,180,10,500.0,60.0,20.0,36,dadd899fbafdaa9d,False,0.90625,0.78125,0.9049403131134989,0.8274951250157805,1.0,0.0,0.2,0.8,0.3138913624220837,0.6861086375779163,0.3641496118560339,0.6358503881439661,0.8549838595323198,0.4243918051443765,0.5756081948556235,False
T180_P10_H0500_I0600_CN030_F1,California,unlimited_useful_deadline,unlimited,central_only,targeted_central,all_useful,deadline,-1.0,0.0,0.0,1.0,none,0.0,0,applicable,32.0,0.0,,0.0,112097.0,32342648.0,721586.1535984287,2650.0,2354.0,0.3262257719692927,94.77485131690739,15.0,96.86814692982456,96.86814692982456,96.86814692982456,96.86814692982456,90.625,90.625,90.625,90.625,96.875,0.0,0.0,1.0,0.0,29.0,3.0,61.2006944444444,66.91513888888892,67.40305555555581,69.20069444444853,29.0,3.0,69.20069444444853,313.5,11.33611111111111,0.7545141441367857,1.0,0.0,0.0,6.0,100.0,66.66666666666666,16.0,100.0,100.0,9.0,100.0,100.0,COMPLETED,180,10,500.0,60.0,30.0,54,149dcc07121f52af,False,0.96875,0.90625,0.960046955634153,0.8902224191480417,1.0,0.0,0.3,0.7,0.40943900267141586,0.5905609973285841,0.45130557515878617,0.5486944248412138,0.9313173436955486,0.3678510844339596,0.6321489155660405,False
T180_P10_H0500_I0600_CN040_F1,California,unlimited_useful_deadline,unlimited,central_only,targeted_central,all_useful,deadline,-1.0,0.0,0.0,1.0,none,0.0,0,applicable,32.0,0.0,,0.0,145549.0,43796288.0,941496.0415978493,3125.0,2873.0,0.3051526371926238,97.77236338322311,12.0,98.79385964912281,98.79385964912281,98.79385964912281,98.79385964912281,93.75,93.75,93.75,93.75,100.0,0.0,0.0,0.0,0.0,30.0,2.0,47.03437500000136,54.52493055556358,57.92763888890018,63.73472222222238,30.0,2.0,63.73472222222238,228.0,14.694444444444445,0.7292900651123713,1.0,100.0,0.0,6.0,100.0,83.33333333333334,16.0,100.0,100.0,9.0,100.0,100.0,COMPLETED,180,10,500.0,60.0,40.0,72,1d629615bab1843b,False,1.0,0.9375,0.9846132695658882,0.9070702789711205,1.0,0.0,0.4,0.6,0.5018699910952805,0.4981300089047195,0.5351093860268172,0.46489061397318276,0.9572958871342522,0.31260412457558046,0.6873958754244196,False
T180_P10_H0500_I0600_CN050_F1,California,unlimited_useful_deadline,unlimited,central_only,targeted_central,all_useful,deadline,-1.0,0.0,0.0,1.0,none,0.0,0,applicable,32.0,0.0,,0.0,175635.0,54269616.0,1142583.939197347,3544.0,3316.5,0.29026313833273426,98.58284335896276,13.0,99.31469298245614,99.31469298245614,99.31469298245614,99.31469298245614,93.75,93.75,93.75,93.75,100.0,0.0,0.0,0.0,0.0,30.0,2.0,44.001736111111434,48.663541666666795,56.115972222223895,71.73472222222239,30.0,2.0,71.73472222222239,217.0,17.219444444444445,0.6682735566668458,1.0,100.0,0.0,6.0,100.0,83.33333333333334,16.0,100.0,100.0,9.0,100.0,100.0,COMPLETED,180,10,500.0,60.0,50.0,90,0b4de46de98ea993,False,1.0,0.9375,0.9912575395260728,0.8824117419158888,1.0,0.0,0.5,0.5,0.5808548530721283,0.41914514692787175,0.6090331686661962,0.39096683133380383,0.9527923203604904,0.2620223956523351,0.7379776043476649,False
T180_P10_H0500_I0600_CN060_F1,California,unlimited_useful_deadline,unlimited,central_only,targeted_central,all_useful,deadline,-1.0,0.0,0.0,1.0,none,0.0,0,applicable,32.0,0.0,,0.0,205244.0,64800588.0,1344778.60159717,3976.0,3769.5,0.2803063638522379,99.2969889905823,13.0,100.0,100.0,100.0,100.0,100.0,100.0,100.0,100.0,100.0,0.0,0.0,0.0,0.0,32.0,0.0,38.7354166666754,47.01423611114636,47.89100694444496,51.33888888888905,32.0,0.0,51.33888888888905,224.0,19.697222222222223,0.6286944326924584,1.0,100.0,100.0,6.0,100.0,100.0,16.0,100.0,100.0,9.0,100.0,100.0,COMPLETED,180,10,500.0,60.0,60.0,108,4cc67f552e99add7,False,1.0,1.0,1.0,0.9452781684186801,1.0,0.0,0.6,0.4,0.6615316117542297,0.3384683882457703,0.6852505292872265,0.3147494707127735,0.98631954210467,0.21064357179170878,0.7893564282082912,False
T180_P10_H0500_I0600_CN070_F1,California,unlimited_useful_deadline,unlimited,central_only,targeted_central,all_useful,deadline,-1.0,0.0,0.0,1.0,none,0.0,0,applicable,32.0,0.0,,0.0,232494.0,73578164.0,1513308.060797107,4428.0,4239.5,0.28014785025111955,99.44568935015921,13.0,99.47916666666666,99.47916666666666,99.47916666666666,99.47916666666666,96.875,96.875,96.875,96.875,100.0,0.0,0.0,0.0,0.0,31.0,1.0,39.05763888889075,44.367361111111435,52.16006944444477,58.03680555555669,31.0,1.0,58.03680555555669,239.5,22.22222222222222,0.5504388888888889,1.0,100.0,0.0,6.0,100.0,100.0,16.0,100.0,100.0,9.0,100.0,100.0,COMPLETED,180,10,500.0,60.0,70.0,126,7c640e394f60e049,False,1.0,0.96875,0.9933557300398153,0.9246330651289453,1.0,0.0,0.7,0.30000000000000004,0.7452359750667854,0.2547640249332146,0.7649964714184898,0.2350035285815102,0.9716846987921901,0.15795351070294497,0.8420464892970551,False
T180_P10_H0500_I0600_CN080_F1,California,unlimited_useful_deadline,unlimited,central_only,targeted_central,all_useful,deadline,-1.0,0.0,0.0,1.0,none,0.0,0,applicable,32.0,0.0,,0.0,257506.0,83491228.0,1703638.889596963,4886.0,4742.0,0.2783453717191109,99.86292703500632,13.0,99.47916666666666,99.47916666666666,99.47916666666666,99.47916666666666,96.875,96.875,96.875,96.875,100.0,0.0,0.0,0.0,0.0,31.0,1.0,33.80138888889584,37.755555555557656,48.121875000008004,52.03680555556445,31.0,1.0,52.03680555556445,233.0,25.05,0.49572213597496373,1.0,100.0,0.0,6.0,100.0,100.0,16.0,100.0,100.0,9.0,100.0,100.0,COMPLETED,180,10,500.0,60.0,80.0,144,1adc17b7877a7511,False,1.0,0.96875,0.9933557300398153,0.9431269679203451,1.0,0.0,0.8,0.19999999999999996,0.8347284060552093,0.16527159394479074,0.8458009880028229,0.15419901199717712,0.9763081744900401,0.10389412118839357,0.8961058788116064,False
T180_P10_H0500_I0600_CN090_F1,California,unlimited_useful_deadline,unlimited,central_only,targeted_central,all_useful,deadline,-1.0,0.0,0.0,1.0,none,0.0,0,applicable,32.0,0.0,,0.0,282312.0,93919568.0,1903863.0175968073,5304.0,5170.5,0.27157941260535523,99.91296779808529,13.0,100.0,100.0,100.0,100.0,100.0,100.0,100.0,100.0,100.0,0.0,0.0,0.0,0.0,32.0,0.0,31.94375000000013,41.21006944444865,43.01336805556995,48.33888888891234,32.0,0.0,48.33888888891234,246.5,27.355555555555554,0.43106891416192794,1.0,100.0,100.0,6.0,100.0,100.0,16.0,100.0,100.0,9.0,100.0,100.0,COMPLETED,180,10,500.0,60.0,90.0,162,6c7ac7a0752a5d8d,False,1.0,1.0,1.0,0.9545251198143202,1.0,0.0,0.9,0.09999999999999998,0.9110418521816562,0.08895814781834377,0.9195483415666902,0.08045165843330981,0.98863127995358,0.053881961250330714,0.9461180387496693,False
T180_P10_H0500_I0600_CN100_F1,California,unlimited_useful_deadline,unlimited,central_only,targeted_central,all_useful,deadline,-1.0,0.0,0.0,1.0,none,0.0,0,applicable,32.0,0.0,,0.0,304364.0,104226860.0,2101763.0239967583,5755.0,5660.0,0.26929772459488893,100.0,14.0,100.0,100.0,100.0,100.0,100.0,100.0,100.0,100.0,100.0,0.0,0.0,0.0,0.0,32.0,0.0,28.751388888894766,37.051388888891765,41.7980902777853,45.73472222222821,32.0,0.0,45.73472222222821,261.0,29.994444444444444,0.3945998230124921,1.0,100.0,100.0,6.0,100.0,100.0,16.0,100.0,100.0,9.0,100.0,100.0,COMPLETED,180,10,500.0,60.0,100.0,180,86a17d9cefdaf671,False,1.0,1.0,1.0,0.9625519873453738,1.0,0.0,1.0,0.0,0.9982190560997328,0.0017809439002671734,0.9991178546224417,0.0008821453775582633,0.9906379968363435,0.0005326178555650874,0.9994673821444349,False
T180_P10_H0500_I0800_CN000_F1,California,unlimited_useful_deadline,unlimited,central_only,targeted_central,all_useful,deadline,-1.0,0.0,0.0,1.0,none,0.0,0,applicable,32.0,0.0,,0.0,2027.0,714668.0,71466.8,501.0,336.5,0.4708480021492497,0.0,1.0,33.439582860002574,33.439582860002574,33.439582860002574,33.439582860002574,0.0,0.0,0.0,0.0,0.0,0.0,7.0,25.0,7.0,0.0,32.0,,,,,0.0,32.0,,336.5,0.0,0.0,1.0,0.0,0.0,6.0,0.0,0.0,16.0,0.0,0.0,9.0,0.0,0.0,COMPLETED,180,10,500.0,80.0,0.0,0,a8fb737906026629,False,0.0,0.0,0.1508888701299653,0.0,1.0,0.0,0.0,1.0,0.05013357079252004,0.94986642920748,0.07215949188426253,0.9278405081157375,0.037722217532491324,0.5755413874646436,0.42445861253535644,False
T180_P10_H0500_I0800_CN010_F1,California,unlimited_useful_deadline,unlimited,central_only,targeted_central,all_useful,deadline,-1.0,0.0,0.0,1.0,none,0.0,0,applicable,32.0,0.0,,0.0,75454.0,15126992.0,348183.4207993231,1565.0,1312.0,0.37681288700882065,99.6189024390244,7.0,89.72537878787878,89.72537878787878,89.72537878787878,89.72537878787878,81.25,81.25,81.25,81.25,96.875,0.0,1.0,0.0,1.0,26.0,6.0,65.31006944444599,82.94305555556312,86.07586805555947,91.20069444444441,26.0,6.0,91.20069444444441,151.0,7.061111111111111,0.9181484395489117,1.0,0.0,0.0,6.0,100.0,16.666666666666664,16.0,100.0,100.0,9.0,100.0,100.0,COMPLETED,180,10,500.0,80.0,10.0,18,b3ba0712ae3bc45f,False,0.96875,0.8125,0.8689266744218123,0.8224114422461672,1.0,0.0,0.1,0.9,0.22386464826357969,0.7761353517364203,0.2598800282286521,0.7401199717713479,0.8681470291669948,0.48325106470155366,0.5167489352984463,False
T180_P10_H0500_I0800_CN020_F1,California,unlimited_useful_deadline,unlimited,central_only,targeted_central,all_useful,deadline,-1.0,0.0,0.0,1.0,none,0.0,0,applicable,32.0,0.0,,0.0,146520.0,29556928.0,625238.1919986263,2042.0,1810.5,0.28956964292481635,100.0,10.0,96.875,96.875,96.875,96.875,96.875,96.875,96.875,96.875,96.875,0.0,1.0,0.0,1.0,31.0,1.0,54.20069444444683,58.01944444444428,58.92604166666885,60.55138888888905,31.0,1.0,60.55138888888905,174.5,9.794444444444444,0.8634650532551837,1.0,0.0,0.0,6.0,100.0,100.0,16.0,100.0,100.0,9.0,100.0,100.0,COMPLETED,180,10,500.0,80.0,20.0,36,39cfee6ee5746a74,False,0.96875,0.96875,0.9601343802388922,0.9168823218410148,1.0,0.0,0.2,0.8,0.31264470169189673,0.6873552983081033,0.3440366972477064,0.6559633027522935,0.9536291755199768,0.4286637202120794,0.5713362797879207,False
T180_P10_H0500_I0800_CN030_F1,California,unlimited_useful_deadline,unlimited,central_only,targeted_central,all_useful,deadline,-1.0,0.0,0.0,1.0,none,0.0,0,applicable,32.0,0.0,,0.0,216002.0,44638940.0,914812.8223979374,2495.0,2280.5,0.24928596803248543,100.0,13.0,97.91666666666667,97.91666666666667,97.91666666666667,97.91666666666667,96.875,96.875,96.875,96.875,100.0,0.0,0.0,0.0,0.0,31.0,1.0,49.20069444444513,55.019444444444765,56.2680555555562,57.036805555555716,31.0,1.0,57.036805555555716,160.5,12.377777777777778,0.7845052862557351,1.0,100.0,0.0,6.0,100.0,100.0,16.0,100.0,100.0,9.0,100.0,100.0,COMPLETED,180,10,500.0,80.0,30.0,54,f6c70d0301cc9188,False,1.0,0.96875,0.9734229201592616,0.9277153822608523,1.0,0.0,0.3,0.7,0.3963490650044524,0.6036509349955477,0.4239590684544813,0.5760409315455187,0.9674720756050285,0.3759383733082133,0.6240616266917867,False
T180_P10_H0500_I0800_CN040_F1,California,unlimited_useful_deadline,unlimited,central_only,targeted_central,all_useful,deadline,-1.0,0.0,0.0,1.0,none,0.0,0,applicable,32.0,0.0,,0.0,280886.0,59922904.0,1208264.9311972538,2994.0,2806.0,0.23223383610244913,100.0,11.0,98.95833333333334,98.95833333333334,98.95833333333334,98.95833333333334,96.875,96.875,96.875,96.875,100.0,0.0,0.0,0.0,0.0,31.0,1.0,38.55138888889051,46.755555555555475,47.840624999999875,50.73472222222238,31.0,1.0,50.73472222222238,131.5,15.316666666666666,0.7343892314512555,1.0,100.0,0.0,6.0,100.0,100.0,16.0,100.0,100.0,9.0,100.0,100.0,COMPLETED,180,10,500.0,80.0,40.0,72,759725776136c4bf,False,1.0,0.96875,0.9867114600796308,0.947140401685872,1.0,0.0,0.4,0.6,0.48993766696349067,0.5100623330365093,0.5119971771347918,0.48800282286520824,0.9756504654413758,0.3196130311803435,0.6803869688196564,False
T180_P10_H0500_I0800_CN050_F1,California,unlimited_useful_deadline,unlimited,central_only,targeted_central,all_useful,deadline,-1.0,0.0,0.0,1.0,none,0.0,0,applicable,32.0,0.0,,0.0,349785.0,76846620.0,1533200.278396512,3449.0,3284.5,0.21422511111432058,100.0,12.0,100.0,100.0,100.0,100.0,100.0,100.0,100.0,100.0,100.0,0.0,0.0,0.0,0.0,32.0,0.0,33.26875000000258,41.02534722222268,42.97881944445371,44.73472222222772,32.0,0.0,44.73472222222772,118.5,17.872222222222224,0.6137360549856665,1.0,100.0,100.0,6.0,100.0,100.0,16.0,100.0,100.0,9.0,100.0,100.0,COMPLETED,180,10,500.0,80.0,50.0,90,78cd5661cb8e3a1c,False,1.0,1.0,1.0,0.9656343044772794,1.0,0.0,0.5,0.5,0.5751558325912733,0.42484416740872666,0.5922724064925899,0.40772759350741006,0.9914085761193199,0.2665143521832274,0.7334856478167726,False
T180_P10_H0500_I0800_CN060_F1,California,unlimited_useful_deadline,unlimited,central_only,targeted_central,all_useful,deadline,-1.0,0.0,0.0,1.0,none,0.0,0,applicable,32.0,0.0,,0.0,400459.0,92209888.0,1828175.0239959594,3904.0,3742.5,0.20471234706071947,100.0,13.0,98.95833333333334,98.95833333333334,98.95833333333334,98.95833333333334,96.875,96.875,96.875,96.875,100.0,0.0,0.0,0.0,0.0,31.0,1.0,32.86805555555589,39.45347222222627,39.88576388889875,40.6027777777781,31.0,1.0,40.6027777777781,132.5,20.40277777777778,0.5964684970879661,1.0,100.0,0.0,6.0,100.0,100.0,16.0,100.0,100.0,9.0,100.0,100.0,COMPLETED,180,10,500.0,80.0,60.0,108,1166deca7a11867e,False,1.0,0.96875,0.9867114600796308,0.9783702676264818,1.0,0.0,0.6,0.4,0.6567230632235085,0.3432769367764915,0.6725476358503881,0.3274523641496119,0.9834579319265282,0.2141458601852207,0.7858541398147794,True
T180_P10_H0500_I0800_CN070_F1,California,unlimited_useful_deadline,unlimited,central_only,targeted_central,all_useful,deadline,-1.0,0.0,0.0,1.0,none,0.0,0,applicable,32.0,0.0,,0.0,456756.0,108486220.0,2140680.598395313,4378.0,4246.5,0.19837149003841306,100.0,12.0,100.0,100.0,100.0,100.0,100.0,100.0,100.0,100.0,100.0,0.0,0.0,0.0,0.0,32.0,0.0,28.860069444448406,42.01041666666975,44.97604166666663,46.32152777777762,32.0,0.0,46.32152777777762,124.0,23.18888888888889,0.5239072565617846,1.0,100.0,100.0,6.0,100.0,100.0,16.0,100.0,100.0,9.0,100.0,100.0,COMPLETED,180,10,500.0,80.0,70.0,126,399b606d2f16d32b,False,1.0,1.0,1.0,0.9607432665284075,1.0,0.0,0.7,0.30000000000000004,0.7464826357969724,0.2535173642030276,0.7561750176429075,0.2438249823570925,0.9901858166321018,0.15946846931202405,0.8405315306879759,False
T180_P10_H0500_I0800_CN080_F1,California,unlimited_useful_deadline,unlimited,central_only,targeted_central,all_useful,deadline,-1.0,0.0,0.0,1.0,none,0.0,0,applicable,32.0,0.0,,0.0,508876.0,125114396.0,2459941.5775946807,4834.0,4710.5,0.19148828748225413,100.0,13.0,100.0,100.0,100.0,100.0,100.0,100.0,100.0,100.0,100.0,0.0,0.0,0.0,0.0,32.0,0.0,29.26805555555572,35.75729166667496,39.601388888890604,41.45347222222263,32.0,0.0,41.45347222222263,132.0,25.788888888888888,0.4865275982574562,1.0,100.0,100.0,6.0,100.0,100.0,16.0,100.0,100.0,9.0,100.0,100.0,COMPLETED,180,10,500.0,80.0,80.0,144,206556ce30c3cb1d,False,1.0,1.0,1.0,0.9757481575663549,1.0,0.0,0.8,0.19999999999999996,0.8291184327693678,0.1708815672306322,0.8366266760762173,0.16337332392378268,0.9939370393915887,0.10685097823088298,0.893149021769117,False
T180_P10_H0500_I0800_CN090_F1,California,unlimited_useful_deadline,unlimited,central_only,targeted_central,all_useful,deadline,-1.0,0.0,0.0,1.0,none,0.0,0,applicable,32.0,0.0,,0.0,557332.0,142423724.0,2792280.675194069,5312.0,5205.5,0.18642466877504024,100.0,14.0,100.0,100.0,100.0,100.0,100.0,100.0,100.0,100.0,100.0,0.0,0.0,0.0,0.0,32.0,0.0,25.268750000008573,34.83263888889284,36.54201388888948,37.05763888889075,32.0,0.0,37.05763888889075,118.0,28.497222222222224,0.4104878101612677,1.0,100.0,100.0,6.0,100.0,100.0,16.0,100.0,100.0,9.0,100.0,100.0,COMPLETED,180,10,500.0,80.0,90.0,162,31521e03c410295e,False,1.0,1.0,1.0,0.9892975099586783,1.0,0.0,0.9,0.09999999999999998,0.9172751558325912,0.08272484416740877,0.9209597741707833,0.07904022582921666,0.9973243774896696,0.052353013999325085,0.9476469860006749,False
T180_P10_H0500_I0800_CN100_F1,California,unlimited_useful_deadline,unlimited,central_only,targeted_central,all_useful,deadline,-1.0,0.0,0.0,1.0,none,0.0,0,applicable,32.0,0.0,,0.0,603681.0,160014596.0,3130025.417593448,5760.0,5670.0,0.18114868870168593,100.0,13.0,100.0,100.0,100.0,100.0,100.0,100.0,100.0,100.0,100.0,0.0,0.0,0.0,0.0,32.0,0.0,23.851736111111315,34.8194444444487,36.14618055555711,37.05763888889075,32.0,0.0,37.05763888889075,130.5,31.052777777777777,0.36403126894673554,1.0,100.0,100.0,6.0,100.0,100.0,16.0,100.0,100.0,9.0,100.0,100.0,COMPLETED,180,10,500.0,80.0,100.0,180,9ab535e48624df57,False,1.0,1.0,1.0,0.9892975099586783,1.0,0.0,1.0,0.0,1.0,0.0,1.0,0.0,0.9973243774896696,0.0,1.0,False
T180_P10_H0500_I0986_CN000_F1,California,unlimited_useful_deadline,unlimited,central_only,targeted_central,all_useful,deadline,-1.0,0.0,0.0,1.0,none,0.0,0,applicable,32.0,0.0,,0.0,2055.0,708136.0,70813.6,514.0,343.0,0.4843702339663567,0.0,1.0,33.38460808416899,33.38460808416899,33.38460808416899,33.38460808416899,0.0,0.0,0.0,0.0,0.0,0.0,7.0,25.0,7.0,0.0,32.0,,,,,0.0,32.0,,343.0,0.0,0.0,1.0,0.0,0.0,6.0,0.0,0.0,16.0,0.0,0.0,9.0,0.0,0.0,COMPLETED,180,10,500.0,98.6,0.0,0,84562be39e4406cc,False,0.0,0.0,0.15018755700681846,0.0,1.0,0.0,0.0,1.0,0.051291184327693674,0.9487088156723064,0.0744530698659139,0.9255469301340861,0.037546889251704615,0.5748511491612784,0.42514885083872156,False
T180_P10_H0500_I0986_CN010_F1,California,unlimited_useful_deadline,unlimited,central_only,targeted_central,all_useful,deadline,-1.0,0.0,0.0,1.0,none,0.0,0,applicable,32.0,0.0,,0.0,78369.0,16816532.0,380094.8031993109,1606.0,1362.0,0.358331655296483,100.0,9.0,94.33092948717947,94.33092948717947,94.33092948717947,94.33092948717947,84.375,84.375,84.375,84.375,96.875,0.0,0.0,1.0,0.0,27.0,5.0,61.66944444444865,79.2722222222222,83.64756944444505,91.73472222222239,27.0,5.0,91.73472222222239,137.5,7.358333333333333,0.9121827943458747,1.0,0.0,0.0,6.0,100.0,33.33333333333333,16.0,100.0,100.0,9.0,100.0,100.0,COMPLETED,180,10,500.0,98.6,10.0,18,194e29113c2f8367,False,0.96875,0.84375,0.9276796769718364,0.8207653992778096,1.0,0.0,0.1,0.9,0.2327693677649154,0.7672306322350846,0.2671136203246295,0.7328863796753705,0.8902362690624115,0.48002340238209107,0.5199765976179089,False
T180_P10_H0500_I0986_CN020_F1,California,unlimited_useful_deadline,unlimited,central_only,targeted_central,all_useful,deadline,-1.0,0.0,0.0,1.0,none,0.0,0,applicable,32.0,0.0,,0.0,153738.0,33625916.0,702834.975998539,2091.0,1877.5,0.2671324086187627,100.0,10.0,99.47916666666666,99.47916666666666,99.47916666666666,99.47916666666666,96.875,96.875,96.875,96.875,96.875,0.0,0.0,1.0,0.0,31.0,1.0,50.80138888888905,57.11736111111095,58.55138888888929,60.41944444444671,31.0,1.0,60.41944444444671,144.0,10.144444444444444,0.8592247778994768,1.0,0.0,0.0,6.0,100.0,100.0,16.0,100.0,100.0,9.0,100.0,100.0,COMPLETED,180,10,500.0,98.6,20.0,36,5a2a8a2b02a5c206,False,0.96875,0.96875,0.9933557300398153,0.917289016462579,1.0,0.0,0.2,0.8,0.3245770258236865,0.6754229741763135,0.35268172194777697,0.6473182780522231,0.9620361866255986,0.4245482504457074,0.5754517495542926,False
T180_P10_H0500_I0986_CN030_F1,California,unlimited_useful_deadline,unlimited,central_only,targeted_central,all_useful,deadline,-1.0,0.0,0.0,1.0,none,0.0,0,applicable,32.0,0.0,,0.0,226464.0,50934612.0,1035161.9391977824,2518.0,2299.5,0.22213915648618604,100.0,14.0,100.0,100.0,100.0,100.0,100.0,100.0,100.0,100.0,96.875,0.0,0.0,1.0,0.0,32.0,0.0,41.751388888892166,54.71979166667123,55.793923611111595,56.15138888888881,32.0,0.0,56.15138888888881,108.0,12.447222222222223,0.780910759007166,1.0,0.0,100.0,6.0,100.0,100.0,16.0,100.0,100.0,9.0,100.0,100.0,COMPLETED,180,10,500.0,98.6,30.0,54,c1f7b9fdf7ec149d,False,0.96875,1.0,1.0,0.930444517221393,1.0,0.0,0.3,0.7,0.3997328584149599,0.60026714158504,0.4280169371912491,0.5719830628087509,0.9747986293053482,0.37445004087875816,0.6255499591212419,False
T180_P10_H0500_I0986_CN040_F1,California,unlimited_useful_deadline,unlimited,central_only,targeted_central,all_useful,deadline,-1.0,0.0,0.0,1.0,none,0.0,0,applicable,32.0,0.0,,0.0,291171.0,67355656.0,1350445.983997237,2988.0,2781.0,0.20593196862035246,100.0,10.0,100.0,100.0,100.0,100.0,100.0,100.0,100.0,100.0,100.0,0.0,0.0,0.0,0.0,32.0,0.0,35.285763888888866,44.02076388888988,44.55138888888879,44.551388888890024,32.0,0.0,44.551388888890024,144.0,15.13888888888889,0.7374352701325178,1.0,100.0,100.0,6.0,100.0,100.0,16.0,100.0,100.0,9.0,100.0,100.0,COMPLETED,180,10,500.0,98.6,40.0,72,6d3096ae0f5e2e80,False,1.0,1.0,1.0,0.9661993959514752,1.0,0.0,0.4,0.6,0.4854853072128228,0.5145146927871772,0.510938602681722,0.489061397318278,0.9915498489878688,0.32071521802109104,0.679284781978909,True
T180_P10_H0500_I0986_CN050_F1,California,unlimited_useful_deadline,unlimited,central_only,targeted_central,all_useful,deadline,-1.0,0.0,0.0,1.0,none,0.0,0,applicable,32.0,0.0,,0.0,348800.0,83884360.0,1667797.1007967277,3470.0,3306.5,0.19825553110869681,100.0,14.0,100.0,100.0,100.0,100.0,100.0,100.0,100.0,100.0,100.0,0.0,0.0,0.0,0.0,32.0,0.0,32.159027777784466,37.95423611111095,40.34670138889301,41.73472222222238,32.0,0.0,41.73472222222238,132.0,18.01388888888889,0.649419172449242,1.0,100.0,100.0,6.0,100.0,100.0,16.0,100.0,100.0,9.0,100.0,100.0,COMPLETED,180,10,500.0,98.6,50.0,90,dead3dac6f251caf,False,1.0,1.0,1.0,0.9748812558730077,1.0,0.0,0.5,0.5,0.5790739091718611,0.4209260908281389,0.5959774170783345,0.4040225829216655,0.9937203139682519,0.2649897347499609,0.7350102652500391,True
T180_P10_H0500_I0986_CN060_F1,California,unlimited_useful_deadline,unlimited,central_only,targeted_central,all_useful,deadline,-1.0,0.0,0.0,1.0,none,0.0,0,applicable,32.0,0.0,,0.0,410496.0,102073896.0,2017036.1919960598,3930.0,3770.5,0.18693268940646582,100.0,13.0,100.0,100.0,100.0,100.0,100.0,100.0,100.0,100.0,100.0,0.0,0.0,0.0,0.0,32.0,0.0,30.56840277777786,37.80430555555545,39.34670138889087,39.73472222223209,32.0,0.0,39.73472222223209,133.0,20.57777777777778,0.6318769498440124,1.0,100.0,100.0,6.0,100.0,100.0,16.0,100.0,100.0,9.0,100.0,100.0,COMPLETED,180,10,500.0,98.6,60.0,108,4cc375507f9d68e3,False,1.0,1.0,1.0,0.9810458901367857,1.0,0.0,0.6,0.4,0.6617097061442565,0.3382902938557435,0.6771347918136909,0.32286520818630915,0.9952614725341964,0.21223110040841053,0.7877688995915895,True
T180_P10_H0500_I0986_CN070_F1,California,unlimited_useful_deadline,unlimited,central_only,targeted_central,all_useful,deadline,-1.0,0.0,0.0,1.0,none,0.0,0,applicable,32.0,0.0,,0.0,466052.0,120553068.0,2371836.2943954356,4390.0,4254.5,0.1793757861810797,100.0,15.0,100.0,100.0,100.0,100.0,100.0,100.0,100.0,100.0,100.0,0.0,0.0,0.0,0.0,32.0,0.0,27.117708333334036,32.693402777778125,33.36024305555823,33.90486111111144,32.0,0.0,33.90486111111144,138.5,23.275,0.5528616514832054,1.0,100.0,100.0,6.0,100.0,100.0,16.0,100.0,100.0,9.0,100.0,100.0,COMPLETED,180,10,500.0,98.6,70.0,126,c404f64e91e75226,False,1.0,1.0,1.0,0.9990153709162135,1.0,0.0,0.7,0.30000000000000004,0.747907390917186,0.25209260908281395,0.7582921665490473,0.2417078334509527,0.9997538427290533,0.15876008850675336,0.8412399114932466,True
T180_P10_H0500_I0986_CN080_F1,California,unlimited_useful_deadline,unlimited,central_only,targeted_central,all_useful,deadline,-1.0,0.0,0.0,1.0,none,0.0,0,applicable,32.0,0.0,,0.0,514136.0,138518552.0,2716773.5871949233,4840.0,4717.5,0.17364347261896168,100.0,14.0,100.0,100.0,100.0,100.0,100.0,100.0,100.0,100.0,100.0,0.0,0.0,0.0,0.0,32.0,0.0,26.13750000000161,33.735138888894994,34.45048611111144,35.551388888889534,32.0,0.0,35.551388888889534,141.5,25.805555555555557,0.5004604712354981,1.0,100.0,100.0,6.0,100.0,100.0,16.0,100.0,100.0,9.0,100.0,100.0,COMPLETED,180,10,500.0,98.6,80.0,144,148df4dc06c89be3,False,1.0,1.0,1.0,0.9939402501386123,1.0,0.0,0.8,0.19999999999999996,0.8303650934995548,0.16963490650044522,0.8376852505292872,0.16231474947071278,0.9984850625346531,0.1063899311942316,0.8936100688057684,False
T180_P10_H0500_I0986_CN090_F1,California,unlimited_useful_deadline,unlimited,central_only,targeted_central,all_useful,deadline,-1.0,0.0,0.0,1.0,none,0.0,0,applicable,32.0,0.0,,0.0,558872.0,156553964.0,3063053.4975945167,5302.0,5195.0,0.16960200022884836,100.0,17.0,100.0,100.0,100.0,100.0,100.0,100.0,100.0,100.0,100.0,0.0,0.0,0.0,0.0,32.0,0.0,23.80138888889172,32.33715277778162,32.71597222222252,33.90486111111144,32.0,0.0,33.90486111111144,158.5,28.441666666666666,0.4559706351531725,1.0,100.0,100.0,6.0,100.0,100.0,16.0,100.0,100.0,9.0,100.0,100.0,COMPLETED,180,10,500.0,98.6,90.0,162,a6b311421a59b671,False,1.0,1.0,1.0,0.9990153709162135,1.0,0.0,0.9,0.09999999999999998,0.9154051647373108,0.08459483526268918,0.9191954834156669,0.08080451658433307,0.9997538427290533,0.05307987036940445,0.9469201296305956,False
T180_P10_H0500_I0986_CN100_F1,California,unlimited_useful_deadline,unlimited,central_only,targeted_central,all_useful,deadline,-1.0,0.0,0.0,1.0,none,0.0,0,applicable,32.0,0.0,,0.0,601571.0,175230416.0,3421641.3759940425,5760.0,5670.0,0.16570994376500878,100.0,16.0,100.0,100.0,100.0,100.0,100.0,100.0,100.0,100.0,100.0,0.0,0.0,0.0,0.0,32.0,0.0,21.80208333333394,32.44201388888922,32.71597222222252,33.90486111111144,32.0,0.0,33.90486111111144,169.5,31.04722222222222,0.4000989134432813,1.0,100.0,100.0,6.0,100.0,100.0,16.0,100.0,100.0,9.0,100.0,100.0,COMPLETED,180,10,500.0,98.6,100.0,180,967bcab3e9a417c8,False,1.0,1.0,1.0,0.9990153709162135,1.0,0.0,1.0,0.0,1.0,0.0,1.0,0.0,0.9997538427290533,0.0,1.0,False
T180_P10_H0800_I0600_CN000_F1,California,unlimited_useful_deadline,unlimited,central_only,targeted_central,all_useful,deadline,-1.0,0.0,0.0,1.0,none,0.0,0,applicable,32.0,0.0,,0.0,3581.0,2025264.0,202526.4,592.0,469.0,0.23157474778596765,0.0,1.0,47.04008302024856,47.04008302024856,47.04008302024856,47.04008302024856,0.0,0.0,0.0,0.0,78.125,0.0,0.0,7.0,0.0,0.0,32.0,,,,,0.0,32.0,,469.0,0.0,0.0,1.0,0.0,0.0,6.0,0.0,0.0,16.0,100.0,0.0,9.0,100.0,0.0,COMPLETED,180,10,800.0,60.0,0.0,0,086f2ce5b6e87557,False,0.78125,0.0,0.3243904278737259,0.0,1.0,0.0,0.0,1.0,0.07373107747105966,0.9262689225289403,0.08821453775582216,0.9117854622441779,0.2764101069684315,0.5676108769546236,0.43238912304537636,False
T180_P10_H0800_I0600_CN010_F1,California,unlimited_useful_deadline,unlimited,central_only,targeted_central,all_useful,deadline,-1.0,0.0,0.0,1.0,none,0.0,0,applicable,32.0,0.0,,0.0,36271.0,11336052.0,381293.529599508,1656.0,1327.5,0.3481569701417018,75.1035781544256,7.0,90.58182565789474,90.58182565789474,90.58182565789474,90.58182565789474,78.125,78.125,78.125,78.125,84.375,0.0,0.0,5.0,0.0,25.0,7.0,115.6027777777946,125.80069444444456,137.02902777778124,143.86805555555776,25.0,7.0,143.86805555555776,474.0,4.741666666666666,0.8487437349476015,1.0,0.0,0.0,6.0,33.33333333333333,0.0,16.0,100.0,100.0,9.0,100.0,100.0,COMPLETED,180,10,800.0,60.0,10.0,18,1ea52a00735e29b6,False,0.84375,0.78125,0.8798523657068192,0.6600739328012101,1.0,0.0,0.1,0.9,0.22662511130899377,0.7733748886910062,0.27593507410021173,0.7240649258997882,0.7912315746270073,0.4794879629181589,0.520512037081841,False
T180_P10_H0800_I0600_CN020_F1,California,unlimited_useful_deadline,unlimited,central_only,targeted_central,all_useful,deadline,-1.0,0.0,0.0,1.0,none,0.0,0,applicable,32.0,0.0,,0.0,67922.0,20894552.0,564816.7295990214,2113.0,1803.5,0.31930711423515257,87.08067646243416,9.0,94.36472039473685,94.36472039473685,94.36472039473685,94.36472039473685,78.125,78.125,78.125,78.125,90.625,0.0,0.0,3.0,0.0,25.0,7.0,83.1513888888888,98.37861111111134,100.06416666666811,102.1513888888888,25.0,7.0,102.1513888888888,447.5,7.533333333333333,0.7991724024909865,1.0,0.0,0.0,6.0,66.66666666666666,0.0,16.0,100.0,100.0,9.0,100.0,100.0,COMPLETED,180,10,800.0,60.0,20.0,36,4357f092619c0e32,False,0.90625,0.78125,0.9281107475228971,0.7886579291538107,1.0,0.0,0.2,0.8,0.3113980409617097,0.6886019590382904,0.3565631616090332,0.6434368383909668,0.8510671691691769,0.4264077594858515,0.5735922405141485,False
T180_P10_H0800_I0600_CN030_F1,California,unlimited_useful_deadline,unlimited,central_only,targeted_central,all_useful,deadline,-1.0,0.0,0.0,1.0,none,0.0,0,applicable,32.0,0.0,,0.0,97457.0,30609696.0,751347.4943985667,2554.0,2270.5,0.3021904001712914,93.56969830433825,12.0,96.49054276315789,96.49054276315789,96.49054276315789,96.49054276315789,84.375,84.375,84.375,84.375,90.625,0.0,0.0,3.0,0.0,27.0,5.0,70.55138888888905,82.290972222222,83.42638888888857,88.36736111111095,27.0,5.0,88.36736111111095,336.0,10.747222222222222,0.7811105367450677,1.0,0.0,0.0,6.0,66.66666666666666,33.33333333333333,16.0,100.0,100.0,9.0,100.0,100.0,COMPLETED,180,10,800.0,60.0,30.0,54,56a6967f38e0824d,False,0.90625,0.84375,0.955229859913019,0.8311446741198956,1.0,0.0,0.3,0.7,0.3945681211041852,0.6054318788958148,0.4343683839096683,0.5656316160903316,0.8840936335082287,0.3742126989972293,0.6257873010027707,False
T180_P10_H0800_I0600_CN040_F1,California,unlimited_useful_deadline,unlimited,central_only,targeted_central,all_useful,deadline,-1.0,0.0,0.0,1.0,none,0.0,0,applicable,32.0,0.0,,0.0,127057.0,41096148.0,952687.3727979934,3054.0,2803.0,0.2942203371256758,97.1994291830182,13.0,96.81949013157895,96.81949013157895,96.81949013157895,96.81949013157895,84.375,84.375,84.375,84.375,100.0,0.0,0.0,0.0,0.0,27.0,5.0,51.93472222222348,69.77638888889565,72.34236111111633,73.15138888888929,27.0,5.0,73.15138888888929,247.5,14.197222222222223,0.7431020239570425,1.0,100.0,0.0,6.0,100.0,33.33333333333333,16.0,100.0,100.0,9.0,100.0,100.0,COMPLETED,180,10,800.0,60.0,40.0,72,a333c73240333a9f,False,1.0,0.84375,0.9594262409405041,0.8780451259790242,1.0,0.0,0.4,0.6,0.48940338379341053,0.5105966162065895,0.5225829216654905,0.4774170783345095,0.9203053417298821,0.3176027389082198,0.6823972610917802,False
T180_P10_H0800_I0600_CN050_F1,California,unlimited_useful_deadline,unlimited,central_only,targeted_central,all_useful,deadline,-1.0,0.0,0.0,1.0,none,0.0,0,applicable,32.0,0.0,,0.0,155160.0,50736604.0,1137784.1279974086,3491.0,3265.0,0.2869612890229592,98.39203675344564,13.0,99.21052631578948,99.21052631578948,99.21052631578948,99.21052631578948,93.75,93.75,93.75,93.75,100.0,0.0,0.0,0.0,0.0,30.0,2.0,47.85312500000654,56.84375000000044,59.407465277784354,63.73472222222821,30.0,2.0,63.73472222222821,270.5,16.636111111111113,0.6961290143040018,1.0,100.0,0.0,6.0,100.0,83.33333333333334,16.0,100.0,100.0,9.0,100.0,100.0,COMPLETED,180,10,800.0,60.0,50.0,90,9039ef1c45583af5,False,1.0,0.9375,0.989928685534036,0.9070702789711026,1.0,0.0,0.5,0.5,0.5716829919857525,0.42831700801424755,0.5996824276640791,0.4003175723359209,0.9586247411262847,0.26572691607003374,0.7342730839299663,False
T180_P10_H0800_I0600_CN060_F1,California,unlimited_useful_deadline,unlimited,central_only,targeted_central,all_useful,deadline,-1.0,0.0,0.0,1.0,none,0.0,0,applicable,32.0,0.0,,0.0,182495.0,60892028.0,1332768.268797082,3942.0,3742.5,0.28080650534829077,99.1182364729459,13.0,100.0,100.0,100.0,100.0,100.0,100.0,100.0,100.0,100.0,0.0,0.0,0.0,0.0,32.0,0.0,42.2611111111118,50.87013888889338,53.73194444444463,58.73472222222238,32.0,0.0,58.73472222222238,224.5,19.544444444444444,0.638950476912387,1.0,100.0,100.0,6.0,100.0,100.0,16.0,100.0,100.0,9.0,100.0,100.0,COMPLETED,180,10,800.0,60.0,60.0,108,fcfd22930d866018,False,1.0,1.0,1.0,0.9224818646306403,1.0,0.0,0.6,0.4,0.6567230632235085,0.3432769367764915,0.6792519407198306,0.32074805928016936,0.9806204661576601,0.2128049992113322,0.7871950007886678,False
T180_P10_H0800_I0600_CN070_F1,California,unlimited_useful_deadline,unlimited,central_only,targeted_central,all_useful,deadline,-1.0,0.0,0.0,1.0,none,0.0,0,applicable,32.0,0.0,,0.0,208766.0,69482872.0,1497712.4735967705,4373.0,4185.0,0.27942612976639525,99.62962962962963,14.0,99.375,99.375,99.375,99.375,96.875,96.875,96.875,96.875,100.0,0.0,0.0,0.0,0.0,31.0,1.0,40.16875000000145,51.15138888888881,51.726041666667754,53.73472222222238,31.0,1.0,53.73472222222238,216.5,22.04722222222222,0.5716216594571137,1.0,100.0,0.0,6.0,100.0,100.0,16.0,100.0,100.0,9.0,100.0,100.0,COMPLETED,180,10,800.0,60.0,70.0,126,b822e3da86ff5fc5,False,1.0,0.96875,0.9920268760477784,0.9378934502901601,1.0,0.0,0.7,0.30000000000000004,0.7355298308103295,0.2644701691896705,0.7552928722653494,0.24470712773465064,0.9746675815844846,0.16183545938486424,0.8381645406151358,False
T180_P10_H0800_I0600_CN080_F1,California,unlimited_useful_deadline,unlimited,central_only,targeted_central,all_useful,deadline,-1.0,0.0,0.0,1.0,none,0.0,0,applicable,32.0,0.0,,0.0,233494.0,79044956.0,1681304.4863964003,4877.0,4737.0,0.28174551595665936,99.7361199071142,14.0,100.0,100.0,100.0,100.0,100.0,100.0,100.0,100.0,100.0,0.0,0.0,0.0,0.0,32.0,0.0,37.17708333334049,46.023611111112025,50.254548611112185,52.73472222222627,32.0,0.0,52.73472222222627,233.5,25.019444444444446,0.5026417724485894,1.0,100.0,100.0,6.0,100.0,100.0,16.0,100.0,100.0,9.0,100.0,100.0,COMPLETED,180,10,800.0,60.0,80.0,144,4e2bf7c0058aaa5b,False,1.0,1.0,1.0,0.9409757674220521,1.0,0.0,0.8,0.19999999999999996,0.8338379341050757,0.16616206589492433,0.8442131263232181,0.1557868736767819,0.985243941855513,0.10438978791434125,0.8956102120856587,False
T180_P10_H0800_I0600_CN090_F1,California,unlimited_useful_deadline,unlimited,central_only,targeted_central,all_useful,deadline,-1.0,0.0,0.0,1.0,none,0.0,0,applicable,32.0,0.0,,0.0,258319.0,89114960.0,1874648.5631959573,5298.0,5167.5,0.2756516662083207,99.93226898887276,14.0,100.0,100.0,100.0,100.0,100.0,100.0,100.0,100.0,100.0,0.0,0.0,0.0,0.0,32.0,0.0,31.834375000002424,41.74409722222296,46.39270833334021,50.03680555556493,32.0,0.0,50.03680555556493,240.5,27.372222222222224,0.47467807771237847,1.0,100.0,100.0,6.0,100.0,100.0,16.0,100.0,100.0,9.0,100.0,100.0,COMPLETED,180,10,800.0,60.0,90.0,162,65708c4c938fe458,False,1.0,1.0,1.0,0.9492916021841515,1.0,0.0,0.9,0.09999999999999998,0.9105075690115761,0.08949243098842385,0.9184897671136203,0.08151023288637971,0.9873229005460379,0.054200532774960716,0.9457994672250393,False
T180_P10_H0800_I0600_CN100_F1,California,unlimited_useful_deadline,unlimited,central_only,targeted_central,all_useful,deadline,-1.0,0.0,0.0,1.0,none,0.0,0,applicable,32.0,0.0,,0.0,281715.0,99188344.0,2068057.535995565,5750.0,5650.0,0.2732032306480334,100.0,15.0,100.0,100.0,100.0,100.0,100.0,100.0,100.0,100.0,100.0,0.0,0.0,0.0,0.0,32.0,0.0,30.28576388888905,42.134722222242026,43.035243055562674,46.64097222223305,32.0,0.0,46.64097222223305,242.0,30.044444444444444,0.38702436719263655,1.0,100.0,100.0,6.0,100.0,100.0,16.0,100.0,100.0,9.0,100.0,100.0,COMPLETED,180,10,800.0,60.0,100.0,180,07577c818a3dd114,False,1.0,1.0,1.0,0.959758637444571,1.0,0.0,1.0,0.0,0.9964381121994658,0.003561887800534236,0.9982357092448836,0.0017642907551164155,0.9899396593611427,0.0010652357111301304,0.9989347642888698,False
T180_P10_H0800_I0800_CN000_F1,California,unlimited_useful_deadline,unlimited,central_only,targeted_central,all_useful,deadline,-1.0,0.0,0.0,1.0,none,0.0,0,applicable,32.0,0.0,,0.0,2615.0,1318400.0,131840.0,601.0,408.0,0.3094660194174757,0.0,1.0,43.2153778832455,43.2153778832455,43.2153778832455,43.2153778832455,0.0,0.0,0.0,0.0,0.0,0.0,5.0,27.0,5.0,0.0,32.0,,,,,0.0,32.0,,408.0,0.0,0.0,1.0,0.0,0.0,6.0,0.0,0.0,16.0,0.0,0.0,9.0,0.0,0.0,COMPLETED,180,10,800.0,80.0,0.0,0,e3aba61f516e5ddd,False,0.0,0.0,0.27559867085288764,0.0,1.0,0.0,0.0,1.0,0.0628673196794301,0.93713268032057,0.08980239943542696,0.910197600564573,0.06889966771322191,0.5694660561770286,0.4305339438229714,False
T180_P10_H0800_I0800_CN010_F1,California,unlimited_useful_deadline,unlimited,central_only,targeted_central,all_useful,deadline,-1.0,0.0,0.0,1.0,none,0.0,0,applicable,32.0,0.0,,0.0,69126.0,14651644.0,387838.28479935403,1492.0,1248.0,0.3217836012877496,98.95833333333333,7.0,85.7641317016317,85.7641317016317,85.7641317016317,85.7641317016317,78.125,78.125,78.125,78.125,96.875,0.0,1.0,0.0,1.0,25.0,7.0,72.66944444445156,88.8019444444446,89.28083333333399,90.11736111111095,25.0,7.0,90.11736111111095,170.0,6.605555555555555,0.926170451359686,1.0,0.0,0.0,6.0,100.0,0.0,16.0,100.0,100.0,9.0,100.0,100.0,COMPLETED,180,10,800.0,80.0,10.0,18,e766b24c38f99a68,False,0.96875,0.78125,0.8183930519833731,0.8257506191390636,1.0,0.0,0.1,0.9,0.21246660730187,0.78753339269813,0.24700070571630206,0.7529992942836979,0.8485359177806091,0.4881065373963656,0.5118934626036344,False
T180_P10_H0800_I0800_CN020_F1,California,unlimited_useful_deadline,unlimited,central_only,targeted_central,all_useful,deadline,-1.0,0.0,0.0,1.0,none,0.0,0,applicable,32.0,0.0,,0.0,133516.0,27981576.0,643772.9791986188,1997.0,1786.0,0.2774269902137315,100.0,10.0,95.27680652680652,95.27680652680652,95.27680652680652,95.27680652680652,81.25,81.25,81.25,81.25,93.75,0.0,0.0,2.0,0.0,26.0,6.0,57.26805555556227,68.94305555555584,69.47690972222287,70.73472222222239,26.0,6.0,70.73472222222239,170.5,9.63888888888889,0.8748222862632085,1.0,0.0,0.0,6.0,83.33333333333334,16.666666666666664,16.0,100.0,100.0,9.0,100.0,100.0,COMPLETED,180,10,800.0,80.0,20.0,36,da1425654e3fecb5,False,0.9375,0.8125,0.9397462287806473,0.8854940590477928,1.0,0.0,0.2,0.8,0.3082813891362422,0.6917186108637579,0.33609738884968243,0.6639026111503176,0.89381007195711,0.43112424440281516,0.5688757555971848,False
T180_P10_H0800_I0800_CN030_F1,California,unlimited_useful_deadline,unlimited,central_only,targeted_central,all_useful,deadline,-1.0,0.0,0.0,1.0,none,0.0,0,applicable,32.0,0.0,,0.0,197261.0,41925300.0,911492.4799978095,2452.0,2249.0,0.24673818482906243,100.0,10.0,98.4375,98.4375,98.4375,98.4375,96.875,96.875,96.875,96.875,100.0,0.0,0.0,0.0,0.0,31.0,1.0,48.16875,53.15138888888881,53.85312500000025,54.103472222222386,31.0,1.0,54.103472222222386,145.5,12.180555555555555,0.7979842898771063,1.0,100.0,0.0,6.0,100.0,100.0,16.0,100.0,100.0,9.0,100.0,100.0,COMPLETED,180,10,800.0,80.0,30.0,54,b788c39f2db7dc3c,False,1.0,0.96875,0.9800671901194461,0.9367568458477705,1.0,0.0,0.3,0.7,0.3907390917186109,0.6092609082813891,0.4163726182074806,0.5836273817925194,0.9713935089918041,0.37857765801478166,0.6214223419852183,False
T180_P10_H0800_I0800_CN040_F1,California,unlimited_useful_deadline,unlimited,central_only,targeted_central,all_useful,deadline,-1.0,0.0,0.0,1.0,none,0.0,0,applicable,32.0,0.0,,0.0,256692.0,56055064.0,1182783.948796939,2954.0,2768.0,0.23402414302421443,100.0,12.0,98.95833333333334,98.95833333333334,98.95833333333334,98.95833333333334,96.875,96.875,96.875,96.875,100.0,0.0,0.0,0.0,0.0,31.0,1.0,42.47083333333527,48.47083333333915,49.443055555555596,51.73472222222481,31.0,1.0,51.73472222222481,170.0,15.08611111111111,0.7429131119703758,1.0,100.0,0.0,6.0,100.0,100.0,16.0,100.0,100.0,9.0,100.0,100.0,COMPLETED,180,10,800.0,80.0,40.0,72,891dda7edcbf4ebc,False,1.0,0.96875,0.9867114600796308,0.9440580845539606,1.0,0.0,0.4,0.6,0.48317008014247553,0.5168299198575245,0.504940014114326,0.495059985885674,0.9748798861583978,0.3223779811486397,0.6776220188513603,False
T180_P10_H0800_I0800_CN050_F1,California,unlimited_useful_deadline,unlimited,central_only,targeted_central,all_useful,deadline,-1.0,0.0,0.0,1.0,none,0.0,0,applicable,32.0,0.0,,0.0,321527.0,71678464.0,1482753.228795913,3415.0,3257.5,0.21969265935406465,100.0,14.0,99.47916666666666,99.47916666666666,99.47916666666666,99.47916666666666,96.875,96.875,96.875,96.875,100.0,0.0,0.0,0.0,0.0,31.0,1.0,36.58541666666885,40.801388888902146,42.234722222223596,45.36736111111774,31.0,1.0,45.36736111111774,116.5,17.675,0.6640412453943807,1.0,100.0,0.0,6.0,100.0,100.0,16.0,100.0,100.0,9.0,100.0,100.0,COMPLETED,180,10,800.0,80.0,50.0,90,122933880a9e6af6,False,1.0,0.96875,0.9933557300398153,0.963684310791745,1.0,0.0,0.5,0.5,0.5703472840605521,0.42965271593944787,0.5862738179251941,0.41372618207480594,0.9814475102078901,0.2686757796028508,0.7313242203971493,False
T180_P10_H0800_I0800_CN060_F1,California,unlimited_useful_deadline,unlimited,central_only,targeted_central,all_useful,deadline,-1.0,0.0,0.0,1.0,none,0.0,0,applicable,32.0,0.0,,0.0,369398.0,86029284.0,1758288.9727950306,3878.0,3714.0,0.21122807783387906,100.0,14.0,98.95833333333334,98.95833333333334,98.95833333333334,98.95833333333334,96.875,96.875,96.875,96.875,100.0,0.0,0.0,0.0,0.0,31.0,1.0,34.45347222225876,38.755555555561294,39.401388888893266,41.36736111111968,31.0,1.0,41.36736111111968,133.0,20.25,0.6227069044352995,1.0,100.0,0.0,6.0,100.0,100.0,16.0,100.0,100.0,9.0,100.0,100.0,COMPLETED,180,10,800.0,80.0,60.0,108,308b032dda412f40,False,1.0,0.96875,0.9867114600796308,0.9760135793193548,1.0,0.0,0.6,0.4,0.6516473731077471,0.3483526268922529,0.6679604798870854,0.3320395201129146,0.9828687598497464,0.2160784294010335,0.7839215705989665,True
T180_P10_H0800_I0800_CN070_F1,California,unlimited_useful_deadline,unlimited,central_only,targeted_central,all_useful,deadline,-1.0,0.0,0.0,1.0,none,0.0,0,applicable,32.0,0.0,,0.0,423178.0,101113124.0,2047898.7007939476,4359.0,4231.0,0.2066020159278234,100.0,14.0,99.47916666666666,99.47916666666666,99.47916666666666,99.47916666666666,96.875,96.875,96.875,96.875,100.0,0.0,0.0,0.0,0.0,31.0,1.0,28.801388888888564,42.036805555555716,42.52812500000109,43.45347222222263,31.0,1.0,43.45347222222263,190.5,23.04722222222222,0.5883137144617199,1.0,100.0,0.0,6.0,100.0,100.0,16.0,100.0,100.0,9.0,100.0,100.0,COMPLETED,180,10,800.0,80.0,70.0,126,85d557f704293a03,False,1.0,0.96875,0.9933557300398153,0.9695835233025469,1.0,0.0,0.7,0.30000000000000004,0.7437221727515583,0.2562778272484417,0.7528228652081863,0.2471771347918137,0.9829223133355905,0.1606909924080511,0.8393090075919489,False
T180_P10_H0800_I0800_CN080_F1,California,unlimited_useful_deadline,unlimited,central_only,targeted_central,all_useful,deadline,-1.0,0.0,0.0,1.0,none,0.0,0,applicable,32.0,0.0,,0.0,473360.0,116544816.0,2344187.1871928032,4816.0,4699.5,0.20047460482998872,100.0,15.0,100.0,100.0,100.0,100.0,100.0,100.0,100.0,100.0,100.0,0.0,0.0,0.0,0.0,32.0,0.0,28.634375000001455,41.01354166666725,41.70277777777888,42.33888888889681,32.0,0.0,42.33888888889681,212.5,25.602777777777778,0.5387707497016383,1.0,100.0,100.0,6.0,100.0,100.0,16.0,100.0,100.0,9.0,100.0,100.0,COMPLETED,180,10,800.0,80.0,80.0,144,fe6f0720741ccc18,False,1.0,1.0,1.0,0.9730190226057918,1.0,0.0,0.8,0.19999999999999996,0.8271593944790739,0.17284060552092606,0.8334509527170078,0.16654904728299225,0.9932547556514479,0.10787793056078365,0.8921220694392163,False
T180_P10_H0800_I0800_CN090_F1,California,unlimited_useful_deadline,unlimited,central_only,targeted_central,all_useful,deadline,-1.0,0.0,0.0,1.0,none,0.0,0,applicable,32.0,0.0,,0.0,520947.0,132634000.0,2653099.5199916167,5307.0,5200.5,0.19601601676881056,100.0,15.0,100.0,100.0,100.0,100.0,100.0,100.0,100.0,100.0,100.0,0.0,0.0,0.0,0.0,32.0,0.0,25.08437500000873,33.50243055556823,34.17274305556782,34.45347222225294,32.0,0.0,34.45347222225294,148.0,28.35,0.44255013390815856,1.0,100.0,100.0,6.0,100.0,100.0,16.0,100.0,100.0,9.0,100.0,100.0,COMPLETED,180,10,800.0,80.0,90.0,162,0efb08763c0602dc,False,1.0,1.0,1.0,0.9973243774895892,1.0,0.0,0.9,0.09999999999999998,0.9163846838824578,0.08361531611754225,0.9200776287932251,0.07992237120677492,0.9993310943723973,0.05270753746486343,0.9472924625351365,False
T180_P10_H0800_I0800_CN100_F1,California,unlimited_useful_deadline,unlimited,central_only,targeted_central,all_useful,deadline,-1.0,0.0,0.0,1.0,none,0.0,0,applicable,32.0,0.0,,0.0,566943.0,148991232.0,2967158.374390344,5760.0,5670.0,0.1910919231321787,100.0,15.0,100.0,100.0,100.0,100.0,100.0,100.0,100.0,100.0,100.0,0.0,0.0,0.0,0.0,32.0,0.0,23.20277777778032,32.16701388888944,32.77708333334237,33.585416666672245,32.0,0.0,33.585416666672245,158.5,30.93611111111111,0.38105763570879847,1.0,100.0,100.0,6.0,100.0,100.0,16.0,100.0,100.0,9.0,100.0,100.0,COMPLETED,180,10,800.0,80.0,100.0,180,375740dfd3b3d1f4,False,1.0,1.0,1.0,1.0,1.0,0.0,1.0,0.0,1.0,0.0,1.0,0.0,1.0,0.0,1.0,True
T180_P10_H0800_I0986_CN000_F1,California,unlimited_useful_deadline,unlimited,central_only,targeted_central,all_useful,deadline,-1.0,0.0,0.0,1.0,none,0.0,0,applicable,32.0,0.0,,0.0,2649.0,1304296.0,130429.6,555.0,379.0,0.2905782123076357,0.0,1.0,39.07522663120113,39.07522663120113,39.07522663120113,39.07522663120113,0.0,0.0,0.0,0.0,65.625,0.0,7.0,4.0,7.0,0.0,32.0,,,,,0.0,32.0,,379.0,0.0,0.0,1.0,0.0,0.0,6.0,0.0,0.0,16.0,81.25,0.0,9.0,88.88888888888889,0.0,COMPLETED,180,10,800.0,98.6,0.0,0,ebe6ad686c0baa0b,False,0.65625,0.0,0.22278276827129562,0.0,1.0,0.0,0.0,1.0,0.057702582368655386,0.9422974176313446,0.08168666196189132,0.9183133380381087,0.2197581920678239,0.5721221511338906,0.42787784886610936,False
T180_P10_H0800_I0986_CN010_F1,California,unlimited_useful_deadline,unlimited,central_only,targeted_central,all_useful,deadline,-1.0,0.0,0.0,1.0,none,0.0,0,applicable,32.0,0.0,,0.0,71676.0,16306916.0,418479.90399930364,1557.0,1327.0,0.3171000536269976,99.2087415222306,9.0,95.52842990342991,95.52842990342991,95.52842990342991,95.52842990342991,78.125,78.125,78.125,78.125,96.875,0.0,0.0,1.0,0.0,25.0,7.0,66.11736111111095,82.25416666667317,85.42916666668617,91.73472222222239,25.0,7.0,91.73472222222239,143.5,7.022222222222222,0.9172336497890297,1.0,0.0,0.0,6.0,100.0,0.0,16.0,100.0,100.0,9.0,100.0,100.0,COMPLETED,180,10,800.0,98.6,10.0,18,c115def15f1fba52,False,0.96875,0.78125,0.9429561877743989,0.8207653992778096,1.0,0.0,0.1,0.9,0.22653606411398042,0.7734639358860196,0.25846859562455893,0.7415314043754411,0.8784303967630521,0.48299906805229215,0.5170009319477078,False
T180_P10_H0800_I0986_CN020_F1,California,unlimited_useful_deadline,unlimited,central_only,targeted_central,all_useful,deadline,-1.0,0.0,0.0,1.0,none,0.0,0,applicable,32.0,0.0,,0.0,140481.0,31909748.0,718054.2783984828,2032.0,1831.5,0.2550642834529025,99.8907998907999,10.0,98.30221861471861,98.30221861471861,98.30221861471861,98.30221861471861,84.375,84.375,84.375,84.375,96.875,0.0,0.0,1.0,0.0,27.0,5.0,56.16875000000291,67.3847222222236,67.93402777777874,68.73472222222239,27.0,5.0,68.73472222222239,160.5,9.780555555555555,0.8610385307204393,1.0,0.0,0.0,6.0,100.0,33.33333333333333,16.0,100.0,100.0,9.0,100.0,100.0,COMPLETED,180,10,800.0,98.6,20.0,36,241e913417e39e98,False,0.96875,0.84375,0.9783414057142034,0.8916586933116006,1.0,0.0,0.2,0.8,0.3163846838824577,0.6836153161175422,0.34227240649259,0.6577275935074101,0.920625024756451,0.4282685819249905,0.5717314180750095,False
T180_P10_H0800_I0986_CN030_F1,California,unlimited_useful_deadline,unlimited,central_only,targeted_central,all_useful,deadline,-1.0,0.0,0.0,1.0,none,0.0,0,applicable,32.0,0.0,,0.0,207198.0,47973660.0,1026481.3887976175,2474.0,2271.0,0.221241225100064,99.93394980184941,12.0,100.0,100.0,100.0,100.0,100.0,100.0,100.0,100.0,100.0,0.0,0.0,0.0,0.0,32.0,0.0,41.393402777779315,50.0399305555555,51.10260416666674,52.6027777777781,32.0,0.0,52.6027777777781,153.0,12.28888888888889,0.8143886879646374,1.0,100.0,100.0,6.0,100.0,100.0,16.0,100.0,100.0,9.0,100.0,100.0,COMPLETED,180,10,800.0,98.6,30.0,54,43cc12b2f1b7de1a,False,1.0,1.0,1.0,0.9413824620436343,1.0,0.0,0.3,0.7,0.39465716829919856,0.6053428317008014,0.42025405786873676,0.5797459421312632,0.9853456155109086,0.3770177547664129,0.6229822452335871,True
T180_P10_H0800_I0986_CN040_F1,California,unlimited_useful_deadline,unlimited,central_only,targeted_central,all_useful,deadline,-1.0,0.0,0.0,1.0,none,0.0,0,applicable,32.0,0.0,,0.0,265888.0,63452396.0,1323673.1199968844,2982.0,2793.5,0.21104152964944814,99.94630391981386,11.0,100.0,100.0,100.0,100.0,100.0,100.0,100.0,100.0,100.0,0.0,0.0,0.0,0.0,32.0,0.0,40.617708333333255,47.95138888888932,50.42743055555579,51.73472222222869,32.0,0.0,51.73472222222869,192.5,15.080555555555556,0.7529409958862896,1.0,100.0,100.0,6.0,100.0,100.0,16.0,100.0,100.0,9.0,100.0,100.0,COMPLETED,180,10,800.0,98.6,40.0,72,49a0f0ee85fa2d4f,False,1.0,1.0,1.0,0.9440580845539486,1.0,0.0,0.4,0.6,0.4877114870881567,0.5122885129118433,0.5098800282286521,0.4901199717713479,0.9860145211384872,0.32048169693663825,0.6795183030633618,False
T180_P10_H0800_I0986_CN050_F1,California,unlimited_useful_deadline,unlimited,central_only,targeted_central,all_useful,deadline,-1.0,0.0,0.0,1.0,none,0.0,0,applicable,32.0,0.0,,0.0,319077.0,79053988.0,1623223.6863961574,3438.0,3283.5,0.20228265688322652,99.9847723465814,12.0,100.0,100.0,100.0,100.0,100.0,100.0,100.0,100.0,100.0,0.0,0.0,0.0,0.0,32.0,0.0,35.32743055557003,44.68194444447295,45.895659722232494,47.71736111111628,32.0,0.0,47.71736111111628,117.0,17.897222222222222,0.7122501595185129,1.0,100.0,100.0,6.0,100.0,100.0,16.0,100.0,100.0,9.0,100.0,100.0,COMPLETED,180,10,800.0,98.6,50.0,90,11c74728e4608e97,False,1.0,1.0,1.0,0.9564408655317751,1.0,0.0,0.5,0.5,0.5749777382012466,0.42502226179875335,0.5903316866619619,0.4096683133380381,0.9891102163829437,0.2669381150273583,0.7330618849726417,False
T180_P10_H0800_I0986_CN060_F1,California,unlimited_useful_deadline,unlimited,central_only,targeted_central,all_useful,deadline,-1.0,0.0,0.0,1.0,none,0.0,0,applicable,32.0,0.0,,0.0,376218.0,96055396.0,1949650.719995182,3897.0,3735.0,0.19157277566154157,99.98661311914324,12.0,100.0,100.0,100.0,100.0,100.0,100.0,100.0,100.0,100.0,0.0,0.0,0.0,0.0,32.0,0.0,33.044097222225176,41.75347222222381,42.41388888889241,44.33888888890797,32.0,0.0,44.33888888890797,152.5,20.288888888888888,0.6530668127053669,1.0,100.0,100.0,6.0,100.0,100.0,16.0,100.0,100.0,9.0,100.0,100.0,COMPLETED,180,10,800.0,98.6,60.0,108,f42043e2b254a64d,False,1.0,1.0,1.0,0.9668543883419495,1.0,0.0,0.6,0.4,0.655387355298308,0.34461264470169195,0.6713126323218066,0.3286873676781934,0.9917135970854873,0.2146600024759771,0.785339997524023,False
T180_P10_H0800_I0986_CN070_F1,California,unlimited_useful_deadline,unlimited,central_only,targeted_central,all_useful,deadline,-1.0,0.0,0.0,1.0,none,0.0,0,applicable,32.0,0.0,,0.0,429389.0,113394904.0,2282569.273594199,4373.0,4246.0,0.18601845074844656,99.97644842204427,14.0,100.0,100.0,100.0,100.0,100.0,100.0,100.0,100.0,100.0,0.0,0.0,0.0,0.0,32.0,0.0,29.200694444446466,41.62361111111144,42.65434027777799,46.73472222223257,32.0,0.0,46.73472222223257,128.5,23.083333333333332,0.6039510629763338,1.0,100.0,100.0,6.0,100.0,100.0,16.0,100.0,100.0,9.0,100.0,100.0,COMPLETED,180,10,800.0,98.6,70.0,126,f3d824770eb38f65,False,1.0,1.0,1.0,0.9594696702134564,1.0,0.0,0.7,0.30000000000000004,0.746393588601959,0.25360641139804097,0.7552928722653494,0.24470712773465064,0.9898674175533642,0.15966270782653835,0.8403372921734616,False
T180_P10_H0800_I0986_CN080_F1,California,unlimited_useful_deadline,unlimited,central_only,targeted_central,all_useful,deadline,-1.0,0.0,0.0,1.0,none,0.0,0,applicable,32.0,0.0,,0.0,475072.0,130367424.0,2608441.657593282,4826.0,4709.0,0.1805292438223376,100.0,14.0,100.0,100.0,100.0,100.0,100.0,100.0,100.0,100.0,100.0,0.0,0.0,0.0,0.0,32.0,0.0,26.32708333333406,38.070138888890895,39.62690972222267,41.33888888891864,32.0,0.0,41.33888888891864,167.5,25.680555555555557,0.5459701940989123,1.0,100.0,100.0,6.0,100.0,100.0,16.0,100.0,100.0,9.0,100.0,100.0,COMPLETED,180,10,800.0,98.6,80.0,144,1f88807f230d1cb5,False,1.0,1.0,1.0,0.9761013397376285,1.0,0.0,0.8,0.19999999999999996,0.8288512911843277,0.17114870881567235,0.8352152434721242,0.16478475652787583,0.9940253349344071,0.10718669306870965,0.8928133069312904,False
T180_P10_H0800_I0986_CN090_F1,California,unlimited_useful_deadline,unlimited,central_only,targeted_central,all_useful,deadline,-1.0,0.0,0.0,1.0,none,0.0,0,applicable,32.0,0.0,,0.0,517867.0,147528388.0,2937932.1663923995,5300.0,5194.0,0.17679101169915415,99.98074701578744,15.0,100.0,100.0,100.0,100.0,100.0,100.0,100.0,100.0,100.0,0.0,0.0,0.0,0.0,32.0,0.0,23.459375000013097,35.44201388888883,36.62239583333878,44.73472222222238,32.0,0.0,44.73472222222238,154.0,28.28611111111111,0.4789000185494343,1.0,100.0,100.0,6.0,100.0,100.0,16.0,100.0,100.0,9.0,100.0,100.0,COMPLETED,180,10,800.0,98.6,90.0,162,ab619cdb81a20816,False,1.0,1.0,1.0,0.9656343044772958,1.0,0.0,0.9,0.09999999999999998,0.915227070347284,0.08477292965271599,0.9188426252646437,0.08115737473535634,0.991408576119324,0.05318606087761447,0.9468139391223855,False
T180_P10_H0800_I0986_CN100_F1,California,unlimited_useful_deadline,unlimited,central_only,targeted_central,all_useful,deadline,-1.0,0.0,0.0,1.0,none,0.0,0,applicable,32.0,0.0,,0.0,559129.0,165216616.0,3277546.143991394,5760.0,5670.0,0.1729952760663524,100.0,17.0,100.0,100.0,100.0,100.0,100.0,100.0,100.0,100.0,100.0,0.0,0.0,0.0,0.0,32.0,0.0,22.5440972222276,34.87222222222779,35.988368055556414,39.03680555555911,32.0,0.0,39.03680555555911,162.0,30.930555555555557,0.4164760764356634,1.0,100.0,100.0,6.0,100.0,100.0,16.0,100.0,100.0,9.0,100.0,100.0,COMPLETED,180,10,800.0,98.6,100.0,180,4f8e469156b96daf,False,1.0,1.0,1.0,0.9831970906351131,1.0,0.0,1.0,0.0,1.0,0.0,1.0,0.0,0.9957992726587783,0.0,1.0,False
T180_P10_H1000_I0600_CN000_F1,California,unlimited_useful_deadline,unlimited,central_only,targeted_central,all_useful,deadline,-1.0,0.0,0.0,1.0,none,0.0,0,applicable,32.0,0.0,,0.0,3613.0,2469640.0,246964.0,631.0,490.5,0.19861194344114932,0.0,1.0,50.96238809857233,50.96238809857233,50.96238809857233,50.96238809857233,0.0,0.0,0.0,0.0,78.125,0.0,0.0,7.0,0.0,0.0,32.0,,,,,0.0,32.0,,490.5,0.0,0.0,1.0,0.0,0.0,6.0,0.0,0.0,16.0,100.0,0.0,9.0,100.0,0.0,COMPLETED,180,10,1000.0,60.0,0.0,0,938ae1765986401a,False,0.78125,0.0,0.37442726718237157,0.0,1.0,0.0,0.0,1.0,0.07756010685663402,0.9224398931433659,0.0950952717007763,0.9049047282992237,0.2889193167955929,0.5654689242885179,0.4345310757114821,False
T180_P10_H1000_I0600_CN010_F1,California,unlimited_useful_deadline,unlimited,central_only,targeted_central,all_useful,deadline,-1.0,0.0,0.0,1.0,none,0.0,0,applicable,32.0,0.0,,0.0,33618.0,11300384.0,416514.2847995501,1598.0,1265.5,0.3038311160466031,72.61951797708416,7.0,90.31125992063492,90.31125992063492,90.31125992063492,90.31125992063492,78.125,78.125,78.125,78.125,78.125,0.0,0.0,7.0,0.0,25.0,7.0,121.55138888888905,136.5430555555571,140.08194444444533,141.60277777777907,25.0,7.0,141.60277777777907,486.0,4.330555555555556,0.8392880051314946,1.0,0.0,0.0,6.0,0.0,0.0,16.0,100.0,100.0,9.0,100.0,100.0,COMPLETED,180,10,1000.0,60.0,10.0,18,078ec961b2a696dd,False,0.78125,0.78125,0.8764007590501846,0.6670562373041786,1.0,0.0,0.1,0.9,0.2155832591273375,0.7844167408726626,0.26570218772053633,0.7342978122794637,0.7764892490885908,0.4837429106304253,0.5162570893695747,False
T180_P10_H1000_I0600_CN020_F1,California,unlimited_useful_deadline,unlimited,central_only,targeted_central,all_useful,deadline,-1.0,0.0,0.0,1.0,none,0.0,0,applicable,32.0,0.0,,0.0,62928.0,20353364.0,590331.5007990971,2054.0,1744.5,0.29551192806729315,86.21381484666094,9.0,94.10342261904762,94.10342261904762,94.10342261904762,94.10342261904762,78.125,78.125,78.125,78.125,90.625,0.0,0.0,3.0,0.0,25.0,7.0,87.86805555555581,106.34097222223693,110.36736111111502,111.5513888888905,25.0,7.0,111.5513888888905,464.5,7.111111111111111,0.7768315972222222,1.0,0.0,0.0,6.0,66.66666666666666,0.0,16.0,100.0,100.0,9.0,100.0,100.0,COMPLETED,180,10,1000.0,60.0,20.0,36,edcaa5aef5cb40f0,False,0.90625,0.78125,0.9247773722364812,0.7596841481139083,1.0,0.0,0.2,0.8,0.3008904719501336,0.6991095280498665,0.34615384615384615,0.6538461538461539,0.8429903800875973,0.4305911363792041,0.5694088636207959,False
T180_P10_H1000_I0600_CN030_F1,California,unlimited_useful_deadline,unlimited,central_only,targeted_central,all_useful,deadline,-1.0,0.0,0.0,1.0,none,0.0,0,applicable,32.0,0.0,,0.0,90293.0,29608172.0,768023.8143986668,2484.0,2180.5,0.28391046724342106,92.4787892685164,10.0,94.78422619047619,94.78422619047619,94.78422619047619,94.78422619047619,84.375,84.375,84.375,84.375,90.625,0.0,0.0,3.0,0.0,27.0,5.0,74.03333333333333,82.47430555555543,82.63472222222502,87.20069444444647,27.0,5.0,87.20069444444647,393.5,9.927777777777777,0.7407666480134303,1.0,0.0,0.0,6.0,66.66666666666666,33.33333333333333,16.0,100.0,100.0,9.0,100.0,100.0,COMPLETED,180,10,1000.0,60.0,30.0,54,3b6157b067895b35,False,0.90625,0.84375,0.9334623822558653,0.8347407107737768,1.0,0.0,0.3,0.7,0.3785396260017809,0.6214603739982191,0.42201834862385323,0.5779816513761468,0.8795507732574105,0.37988840507487315,0.6201115949251268,False
T180_P10_H1000_I0600_CN040_F1,California,unlimited_useful_deadline,unlimited,central_only,targeted_central,all_useful,deadline,-1.0,0.0,0.0,1.0,none,0.0,0,applicable,32.0,0.0,,0.0,118192.0,39516300.0,958259.8719981421,2984.0,2714.5,0.2832738883597187,96.2976607109965,12.0,96.55877976190476,96.55877976190476,96.55877976190476,96.55877976190476,84.375,84.375,84.375,84.375,100.0,0.0,0.0,0.0,0.0,27.0,5.0,55.470833333336245,64.10416666666663,67.66430555555719,70.73472222222578,27.0,5.0,70.73472222222578,283.0,13.508333333333333,0.7024961729156671,1.0,100.0,0.0,6.0,100.0,33.33333333333333,16.0,100.0,100.0,9.0,100.0,100.0,COMPLETED,180,10,1000.0,60.0,40.0,72,a614072c4d0af338,False,1.0,0.84375,0.9561003591916373,0.8854940590477823,1.0,0.0,0.4,0.6,0.4736420302760463,0.5263579697239538,0.5102328863796753,0.48976711362032466,0.9213361045598549,0.32322501666885567,0.6767749833311443,False
T180_P10_H1000_I0600_CN050_F1,California,unlimited_useful_deadline,unlimited,central_only,targeted_central,all_useful,deadline,-1.0,0.0,0.0,1.0,none,0.0,0,applicable,32.0,0.0,,0.0,144398.0,48568088.0,1132054.2015975849,3426.0,3177.5,0.2806844403311986,97.85995279307632,12.0,98.47222222222223,98.47222222222223,98.47222222222223,98.47222222222223,90.625,90.625,90.625,90.625,100.0,0.0,0.0,0.0,0.0,29.0,3.0,48.93472222222226,57.50402777778048,59.327777777778486,60.73472222222384,29.0,3.0,60.73472222222384,289.5,16.044444444444444,0.6409222068328717,1.0,100.0,0.0,6.0,100.0,66.66666666666666,16.0,100.0,100.0,9.0,100.0,100.0,COMPLETED,180,10,1000.0,60.0,50.0,90,90d2fc9970260ff9,False,1.0,0.90625,0.9805101414501252,0.9163172303668279,1.0,0.0,0.5,0.5,0.556099732858415,0.44390026714158504,0.5882145377558221,0.4117854622441779,0.9507693429542383,0.2711371458771526,0.7288628541228475,False
T180_P10_H1000_I0600_CN060_F1,California,unlimited_useful_deadline,unlimited,central_only,targeted_central,all_useful,deadline,-1.0,0.0,0.0,1.0,none,0.0,0,applicable,32.0,0.0,,0.0,170637.0,58392768.0,1320688.057597265,3902.0,3682.0,0.27879407092532377,99.10374796306355,14.0,99.375,99.375,99.375,99.375,96.875,96.875,96.875,96.875,100.0,0.0,0.0,0.0,0.0,31.0,1.0,44.15138888888881,56.86805555555556,57.45173611112429,58.47083333333527,31.0,1.0,58.47083333333527,242.0,19.11111111111111,0.6024967700258399,1.0,100.0,0.0,6.0,100.0,100.0,16.0,100.0,100.0,9.0,100.0,100.0,COMPLETED,180,10,1000.0,60.0,60.0,108,a20305c69605a39f,False,1.0,0.96875,0.9920268760477784,0.9232952538737762,1.0,0.0,0.6,0.4,0.6459483526268922,0.3540516473731078,0.6721947776993649,0.32780522230063514,0.9710180324803886,0.2163713739347486,0.7836286260652514,False
T180_P10_H1000_I0600_CN070_F1,California,unlimited_useful_deadline,unlimited,central_only,targeted_central,all_useful,deadline,-1.0,0.0,0.0,1.0,none,0.0,0,applicable,32.0,0.0,,0.0,195084.0,66674056.0,1479688.7871969389,4371.0,4182.0,0.28262699806776315,99.46197991391679,14.0,100.0,100.0,100.0,100.0,100.0,100.0,100.0,100.0,100.0,0.0,0.0,0.0,0.0,32.0,0.0,42.195138888891414,52.017361111112116,58.41406250000547,67.73472222222239,32.0,0.0,67.73472222222239,231.5,21.947222222222223,0.5385977864967866,1.0,100.0,100.0,6.0,100.0,100.0,16.0,100.0,100.0,9.0,100.0,100.0,COMPLETED,180,10,1000.0,60.0,70.0,126,fc8fa4cb729670c3,False,1.0,1.0,1.0,0.8947410104435046,1.0,0.0,0.7,0.30000000000000004,0.7349955476402493,0.2650044523597507,0.754940014114326,0.24505998588567401,0.9736852526108761,0.16201288764908495,0.837987112350915,False
T180_P10_H1000_I0600_CN080_F1,California,unlimited_useful_deadline,unlimited,central_only,targeted_central,all_useful,deadline,-1.0,0.0,0.0,1.0,none,0.0,0,applicable,32.0,0.0,,0.0,219085.0,75863448.0,1656125.1135965744,4834.0,4681.0,0.28264772761246065,99.82909634693442,14.0,100.0,100.0,100.0,100.0,100.0,100.0,100.0,100.0,100.0,0.0,0.0,0.0,0.0,32.0,0.0,38.63472222223008,46.85472222222322,47.94350694444456,50.03680555556105,32.0,0.0,50.03680555556105,220.5,24.780555555555555,0.4719581760888789,1.0,100.0,100.0,6.0,100.0,100.0,16.0,100.0,100.0,9.0,100.0,100.0,COMPLETED,180,10,1000.0,60.0,80.0,144,17d56b7d85c6bf34,False,1.0,1.0,1.0,0.9492916021841635,1.0,0.0,0.8,0.19999999999999996,0.8238646482635797,0.17613535173642025,0.8366266760762173,0.16337332392378268,0.9873229005460409,0.1079017351320406,0.8920982648679594,False
T180_P10_H1000_I0600_CN090_F1,California,unlimited_useful_deadline,unlimited,central_only,targeted_central,all_useful,deadline,-1.0,0.0,0.0,1.0,none,0.0,0,applicable,32.0,0.0,,0.0,242769.0,85491804.0,1840989.5487961276,5277.0,5129.5,0.27862732862086687,99.9122721512818,16.0,100.0,100.0,100.0,100.0,100.0,100.0,100.0,100.0,100.0,0.0,0.0,0.0,0.0,32.0,0.0,33.45347222223039,43.087500000052174,46.359375000000284,55.64097222223305,32.0,0.0,55.64097222223305,201.0,27.380555555555556,0.41495778521749904,1.0,100.0,100.0,6.0,100.0,100.0,16.0,100.0,100.0,9.0,100.0,100.0,COMPLETED,180,10,1000.0,60.0,90.0,162,95052154cc972497,False,1.0,1.0,1.0,0.9320177832574353,1.0,0.0,0.9,0.09999999999999998,0.903739982190561,0.09626001780943905,0.9147847565278758,0.08521524347212417,0.9830044458143589,0.05629505225631264,0.9437049477436874,False
T180_P10_H1000_I0600_CN100_F1,California,unlimited_useful_deadline,unlimited,central_only,targeted_central,all_useful,deadline,-1.0,0.0,0.0,1.0,none,0.0,0,applicable,32.0,0.0,,0.0,265593.0,95171528.0,2026840.2495957264,5729.0,5608.0,0.2766868282351592,100.0,15.0,100.0,100.0,100.0,100.0,100.0,100.0,100.0,100.0,100.0,0.0,0.0,0.0,0.0,32.0,0.0,32.80138888889208,40.30104166666667,41.95920138888989,42.943055555557656,32.0,0.0,42.943055555557656,201.5,30.03611111111111,0.3530374960181675,1.0,100.0,100.0,6.0,100.0,100.0,16.0,100.0,100.0,9.0,100.0,100.0,COMPLETED,180,10,1000.0,60.0,100.0,180,67872c4d0235883d,False,1.0,1.0,1.0,0.9711567893386177,1.0,0.0,1.0,0.0,0.9889581478183437,0.01104185218165632,0.994530698659139,0.005469301340860988,0.9927891973346544,0.0033022307045034614,0.9966977692954966,False
T180_P10_H1000_I0800_CN000_F1,California,unlimited_useful_deadline,unlimited,central_only,targeted_central,all_useful,deadline,-1.0,0.0,0.0,1.0,none,0.0,0,applicable,32.0,0.0,,0.0,2911.0,1741228.0,174122.8,578.0,391.5,0.22484131888529246,0.0,1.0,43.757597109967186,43.757597109967186,43.757597109967186,43.757597109967186,0.0,0.0,0.0,0.0,3.125,0.0,5.0,26.0,5.0,0.0,32.0,,,,,0.0,32.0,,391.5,0.0,0.0,1.0,0.0,0.0,6.0,0.0,0.0,16.0,0.0,0.0,9.0,11.11111111111111,0.0,COMPLETED,180,10,1000.0,80.0,0.0,0,11d9cdadf803bba8,False,0.03125,0.0,0.28251576061917516,0.0,1.0,0.0,0.0,1.0,0.05992876224398931,0.9400712377560106,0.08574453069865914,0.9142554693013408,0.07844144015479379,0.5708653414114703,0.4291346585885297,False
T180_P10_H1000_I0800_CN010_F1,California,unlimited_useful_deadline,unlimited,central_only,targeted_central,all_useful,deadline,-1.0,0.0,0.0,1.0,none,0.0,0,applicable,32.0,0.0,,0.0,65784.0,14446768.0,418069.1679993655,1424.0,1175.5,0.28117356886786354,99.4470438111442,8.0,86.32575757575758,86.32575757575758,86.32575757575758,86.32575757575758,78.125,78.125,78.125,78.125,90.625,0.0,1.0,2.0,1.0,25.0,7.0,82.11736111111823,90.29472222222229,93.5075,98.73472222222239,25.0,7.0,98.73472222222239,131.0,6.144444444444445,0.919399236487844,1.0,0.0,0.0,6.0,66.66666666666666,0.0,16.0,100.0,100.0,9.0,100.0,100.0,COMPLETED,180,10,1000.0,80.0,10.0,18,d41577b131f7793c,False,0.90625,0.78125,0.8255577123180617,0.7991891793544819,1.0,0.0,0.1,0.9,0.19955476402493322,0.8004452359750668,0.23500352858151025,0.7649964714184898,0.828061722918136,0.4930883414787114,0.5069116585212886,False
T180_P10_H1000_I0800_CN020_F1,California,unlimited_useful_deadline,unlimited,central_only,targeted_central,all_useful,deadline,-1.0,0.0,0.0,1.0,none,0.0,0,applicable,32.0,0.0,,0.0,125715.0,27015320.0,659385.3663986652,1951.0,1735.5,0.2631996535620286,99.85594929415154,8.0,94.5407196969697,94.5407196969697,94.5407196969697,94.5407196969697,87.5,87.5,87.5,87.5,96.875,0.0,1.0,0.0,1.0,28.0,4.0,58.64305555555596,62.74256944444691,64.05805555555858,67.36736111111483,28.0,4.0,67.36736111111483,119.0,9.316666666666666,0.8591764394089976,1.0,0.0,0.0,6.0,100.0,50.0,16.0,100.0,100.0,9.0,100.0,100.0,COMPLETED,180,10,1000.0,80.0,20.0,36,1aeed9ce13a6db57,False,0.96875,0.875,0.9303559703264285,0.8958733338898668,1.0,0.0,0.2,0.8,0.29928762243989315,0.7007123775601068,0.32798165137614677,0.6720183486238532,0.9174948260540738,0.434546145236792,0.565453854763208,False
T180_P10_H1000_I0800_CN030_F1,California,unlimited_useful_deadline,unlimited,central_only,targeted_central,all_useful,deadline,-1.0,0.0,0.0,1.0,none,0.0,0,applicable,32.0,0.0,,0.0,185326.0,40129764.0,911182.6911978816,2417.0,2216.0,0.24320040551766267,100.0,11.0,97.91666666666667,97.91666666666667,97.91666666666667,97.91666666666667,96.875,96.875,96.875,96.875,100.0,0.0,0.0,0.0,0.0,31.0,1.0,47.86805555555766,54.151388888901906,54.95173611111119,56.16875000000291,31.0,1.0,56.16875000000291,121.0,11.922222222222222,0.788837112975044,1.0,100.0,0.0,6.0,100.0,100.0,16.0,100.0,100.0,9.0,100.0,100.0,COMPLETED,180,10,1000.0,80.0,30.0,54,83870fbac3e5a3f1,False,1.0,0.96875,0.9734229201592616,0.9303910047711771,1.0,0.0,0.3,0.7,0.38486197684772927,0.6151380231522707,0.41019760056457305,0.5898023994354269,0.9681409812326096,0.3809880845175395,0.6190119154824605,False
T180_P10_H1000_I0800_CN040_F1,California,unlimited_useful_deadline,unlimited,central_only,targeted_central,all_useful,deadline,-1.0,0.0,0.0,1.0,none,0.0,0,applicable,32.0,0.0,,0.0,240467.0,53387652.0,1165734.1407970313,2911.0,2723.0,0.23358670769805548,100.0,13.0,97.63257575757575,97.63257575757575,97.63257575757575,97.63257575757575,93.75,93.75,93.75,93.75,100.0,0.0,0.0,0.0,0.0,30.0,2.0,42.45937500000146,51.67812500000017,52.673750000004375,54.03680555555717,30.0,2.0,54.03680555555717,88.0,14.75,0.692402176187487,1.0,100.0,0.0,6.0,100.0,83.33333333333334,16.0,100.0,100.0,9.0,100.0,100.0,COMPLETED,180,10,1000.0,80.0,40.0,72,ace5892457fa1106,False,1.0,0.9375,0.9697987729082516,0.9369623336565597,1.0,0.0,0.4,0.6,0.47515583259127336,0.5248441674087266,0.4973535638673253,0.5026464361326747,0.9610652766412028,0.32549812070828027,0.6745018792917197,False
T180_P10_H1000_I0800_CN050_F1,California,unlimited_useful_deadline,unlimited,central_only,targeted_central,all_useful,deadline,-1.0,0.0,0.0,1.0,none,0.0,0,applicable,32.0,0.0,,0.0,301633.0,67968908.0,1445694.2559960382,3377.0,3211.0,0.22210782028650458,100.0,13.0,98.4375,98.4375,98.4375,98.4375,96.875,96.875,96.875,96.875,100.0,0.0,0.0,0.0,0.0,31.0,1.0,38.717361111111195,47.16875000000339,48.10277777778077,49.47083333333333,31.0,1.0,49.47083333333333,87.5,17.377777777777776,0.6506766837169651,1.0,100.0,0.0,6.0,100.0,100.0,16.0,100.0,100.0,9.0,100.0,100.0,COMPLETED,180,10,1000.0,80.0,50.0,90,e28185ba97a2290c,False,1.0,0.96875,0.9800671901194461,0.9510361080609178,1.0,0.0,0.5,0.5,0.5620658949243099,0.4379341050756901,0.5795695130557516,0.42043048694424845,0.9749633245450909,0.2716729184039877,0.7283270815960123,False
T180_P10_H1000_I0800_CN060_F1,California,unlimited_useful_deadline,unlimited,central_only,targeted_central,all_useful,deadline,-1.0,0.0,0.0,1.0,none,0.0,0,applicable,32.0,0.0,,0.0,346301.0,81420908.0,1703972.6559951794,3834.0,3663.0,0.21496823831722114,100.0,15.0,98.95833333333334,98.95833333333334,98.95833333333334,98.95833333333334,96.875,96.875,96.875,96.875,100.0,0.0,0.0,0.0,0.0,31.0,1.0,38.55138888889099,44.5854166666771,48.81979166666667,50.33888888888905,31.0,1.0,50.33888888888905,85.0,19.880555555555556,0.6081357800444009,1.0,100.0,0.0,6.0,100.0,100.0,16.0,100.0,100.0,9.0,100.0,100.0,COMPLETED,180,10,1000.0,80.0,60.0,108,d51e2ed2fce31205,False,1.0,0.96875,0.9867114600796308,0.948360485550584,1.0,0.0,0.6,0.4,0.6425645592163847,0.35743544078361533,0.660197600564573,0.339802399435427,0.9759554864075537,0.2194475680438085,0.7805524319561915,False
T180_P10_H1000_I0800_CN070_F1,California,unlimited_useful_deadline,unlimited,central_only,targeted_central,all_useful,deadline,-1.0,0.0,0.0,1.0,none,0.0,0,applicable,32.0,0.0,,0.0,396152.0,95405808.0,1972482.7359941374,4329.0,4189.5,0.21239729623734724,100.0,15.0,98.4375,98.4375,98.4375,98.4375,96.875,96.875,96.875,96.875,100.0,0.0,0.0,0.0,0.0,31.0,1.0,32.11736111111386,40.73472222222238,41.68784722222432,47.168750000000486,31.0,1.0,47.168750000000486,103.5,22.852777777777778,0.5162614966978647,1.0,100.0,0.0,6.0,100.0,100.0,16.0,100.0,100.0,9.0,100.0,100.0,COMPLETED,180,10,1000.0,80.0,70.0,126,2eb4d5d8fd7a2799,False,1.0,0.96875,0.9800671901194461,0.9581318589583202,1.0,0.0,0.7,0.30000000000000004,0.7363312555654496,0.26366874443455035,0.747529992942837,0.25247000705716305,0.9767372622694416,0.1632277502983427,0.8367722497016573,False
T180_P10_H1000_I0800_CN080_F1,California,unlimited_useful_deadline,unlimited,central_only,targeted_central,all_useful,deadline,-1.0,0.0,0.0,1.0,none,0.0,0,applicable,32.0,0.0,,0.0,442310.0,109654736.0,2246062.153593034,4794.0,4665.0,0.20769683477090703,100.0,18.0,99.47916666666666,99.47916666666666,99.47916666666666,99.47916666666666,96.875,96.875,96.875,96.875,100.0,0.0,0.0,0.0,0.0,31.0,1.0,26.551388888889537,40.58541666666715,42.02812500000145,43.16875000000291,31.0,1.0,43.16875000000291,110.5,25.42222222222222,0.4464087995337995,1.0,100.0,0.0,6.0,100.0,100.0,16.0,100.0,100.0,9.0,100.0,100.0,COMPLETED,180,10,1000.0,80.0,80.0,144,f3398e583a6faab4,False,1.0,0.96875,0.9933557300398153,0.9704611274859286,1.0,0.0,0.8,0.19999999999999996,0.8210151380231523,0.1789848619768477,0.8295695130557516,0.17043048694424845,0.983141714381436,0.10988306978421924,0.8901169302157808,False
T180_P10_H1000_I0800_CN090_F1,California,unlimited_useful_deadline,unlimited,central_only,targeted_central,all_useful,deadline,-1.0,0.0,0.0,1.0,none,0.0,0,applicable,32.0,0.0,,0.0,486598.0,124561340.0,2532268.950391884,5281.0,5164.5,0.20394753089717277,100.0,16.0,98.95833333333334,98.95833333333334,98.95833333333334,98.95833333333334,96.875,96.875,96.875,96.875,100.0,0.0,0.0,0.0,0.0,31.0,1.0,25.367361111112405,39.03680555555863,39.81979166666885,40.5854166666834,31.0,1.0,40.5854166666834,103.0,28.18888888888889,0.3925195988262602,1.0,100.0,0.0,6.0,100.0,100.0,16.0,100.0,100.0,9.0,100.0,100.0,COMPLETED,180,10,1000.0,80.0,90.0,162,c147c0f75110ec9c,False,1.0,0.96875,0.9867114600796308,0.9784237800766379,1.0,0.0,0.9,0.09999999999999998,0.909973285841496,0.09002671415850405,0.9154904728299224,0.08450952717007765,0.9834713100390672,0.054907248265716344,0.9450927517342836,False
T180_P10_H1000_I0800_CN100_F1,California,unlimited_useful_deadline,unlimited,central_only,targeted_central,all_useful,deadline,-1.0,0.0,0.0,1.0,none,0.0,0,applicable,32.0,0.0,,0.0,528997.0,139593572.0,2820887.8047906556,5746.0,5642.0,0.2000079546027427,100.0,15.0,99.47916666666666,99.47916666666666,99.47916666666666,99.47916666666666,96.875,96.875,96.875,96.875,100.0,0.0,0.0,0.0,0.0,31.0,1.0,24.117361111111435,38.58541666666739,39.16875000000073,40.470833333336245,31.0,1.0,40.470833333336245,101.0,30.791666666666668,0.3302816619054778,1.0,100.0,0.0,6.0,100.0,100.0,16.0,100.0,100.0,9.0,100.0,100.0,COMPLETED,180,10,1000.0,80.0,100.0,180,7a645bfa9ba6430e,False,1.0,0.96875,0.9933557300398153,0.9787769622480444,1.0,0.0,1.0,0.0,0.995013357079252,0.004986642920748019,0.997529992942837,0.0024700070571630484,0.9852206730719649,0.0014913299955822135,0.9985086700044178,False
T180_P10_H1000_I0986_CN000_F1,California,unlimited_useful_deadline,unlimited,central_only,targeted_central,all_useful,deadline,-1.0,0.0,0.0,1.0,none,0.0,0,applicable,32.0,0.0,,0.0,2951.0,1720828.0,172082.8,613.0,429.0,0.24929859346779576,0.0,1.0,46.26186112281442,46.26186112281442,46.26186112281442,46.26186112281442,0.0,0.0,0.0,0.0,75.0,0.0,7.0,1.0,7.0,0.0,32.0,,,,,0.0,32.0,,429.0,0.0,0.0,1.0,0.0,0.0,6.0,0.0,0.0,16.0,93.75,0.0,9.0,100.0,0.0,COMPLETED,180,10,1000.0,98.6,0.0,0,532fdf7368a19a43,False,0.75,0.0,0.31446265243280525,0.0,1.0,0.0,0.0,1.0,0.0666073018699911,0.9333926981300089,0.0919195483415667,0.9080804516584333,0.26611566310820134,0.5682946299576885,0.43170537004231146,False
T180_P10_H1000_I0986_CN010_F1,California,unlimited_useful_deadline,unlimited,central_only,targeted_central,all_useful,deadline,-1.0,0.0,0.0,1.0,none,0.0,0,applicable,32.0,0.0,,0.0,67315.0,16046000.0,447126.1023993443,1470.0,1223.0,0.2735246261484629,96.68847097301717,8.0,90.92886280386281,90.92886280386281,90.92886280386281,90.92886280386281,78.125,78.125,78.125,78.125,96.875,0.0,0.0,1.0,0.0,25.0,7.0,78.5027777777781,88.86555555556095,89.36666666667404,96.03333333333333,25.0,7.0,96.03333333333333,122.5,6.311111111111111,0.9079665492957747,1.0,0.0,0.0,6.0,100.0,0.0,16.0,100.0,100.0,9.0,100.0,100.0,COMPLETED,180,10,1000.0,98.6,10.0,18,1958dd180ea688fb,False,0.96875,0.78125,0.8842795179961451,0.8075157166066396,1.0,0.0,0.1,0.9,0.20801424755120212,0.7919857524487979,0.24311926605504589,0.7568807339449541,0.8604488086506962,0.4897732972787504,0.5102267027212496,False
T180_P10_H1000_I0986_CN020_F1,California,unlimited_useful_deadline,unlimited,central_only,targeted_central,all_useful,deadline,-1.0,0.0,0.0,1.0,none,0.0,0,applicable,32.0,0.0,,0.0,131694.0,30799040.0,730384.4703985545,2003.0,1805.0,0.24713011751400626,99.08587257617728,8.0,98.95833333333334,98.95833333333334,98.95833333333334,98.95833333333334,96.875,96.875,96.875,96.875,96.875,0.0,0.0,1.0,0.0,31.0,1.0,56.63472222222251,63.11736111111095,63.45937499999976,64.73472222222239,31.0,1.0,64.73472222222239,100.5,9.680555555555555,0.841356607683724,1.0,0.0,0.0,6.0,100.0,100.0,16.0,100.0,100.0,9.0,100.0,100.0,COMPLETED,180,10,1000.0,98.6,20.0,36,58e97747fd1cf677,False,0.96875,0.96875,0.9867114600796308,0.9039879618392166,1.0,0.0,0.2,0.8,0.3116651825467498,0.6883348174532502,0.33715596330275227,0.6628440366972477,0.9570498554797119,0.4302357708300996,0.5697642291699003,False
T180_P10_H1000_I0986_CN030_F1,California,unlimited_useful_deadline,unlimited,central_only,targeted_central,all_useful,deadline,-1.0,0.0,0.0,1.0,none,0.0,0,applicable,32.0,0.0,,0.0,194499.0,45985344.0,1021961.5071977102,2467.0,2284.5,0.22354070910794463,99.75924710002188,12.0,99.47916666666666,99.47916666666666,99.47916666666666,99.47916666666666,96.875,96.875,96.875,96.875,96.875,0.0,0.0,1.0,0.0,31.0,1.0,46.15138888889051,53.634722222222145,53.893055555555534,55.73472222222238,31.0,1.0,55.73472222222238,105.5,12.366666666666667,0.7863956274333632,1.0,0.0,0.0,6.0,100.0,100.0,16.0,100.0,100.0,9.0,100.0,100.0,COMPLETED,180,10,1000.0,98.6,30.0,54,0fbee92a9d80cf61,False,0.96875,0.96875,0.9933557300398153,0.9317288160263522,1.0,0.0,0.3,0.7,0.3970614425645592,0.6029385574354408,0.41901905434015524,0.5809809456598447,0.9656461365165419,0.3767839006190571,0.6232160993809429,False
T180_P10_H1000_I0986_CN040_F1,California,unlimited_useful_deadline,unlimited,central_only,targeted_central,all_useful,deadline,-1.0,0.0,0.0,1.0,none,0.0,0,applicable,32.0,0.0,,0.0,249171.0,60742440.0,1305297.7503969828,2962.0,2795.5,0.21416569507990027,99.6959399034162,11.0,100.0,100.0,100.0,100.0,100.0,100.0,100.0,100.0,100.0,0.0,0.0,0.0,0.0,32.0,0.0,40.7180555555596,46.54694444444688,46.83003472222301,52.73472222223451,32.0,0.0,52.73472222223451,95.5,15.108333333333333,0.7194858123429553,1.0,100.0,100.0,6.0,100.0,100.0,16.0,100.0,100.0,9.0,100.0,100.0,COMPLETED,180,10,1000.0,98.6,40.0,72,3e2979a91e145137,False,1.0,1.0,1.0,0.9409757674220267,1.0,0.0,0.4,0.6,0.48806767586821015,0.5119323241317899,0.5063514467184191,0.49364855328158086,0.9852439418555067,0.3211161754826741,0.6788838245173259,False
T180_P10_H1000_I0986_CN050_F1,California,unlimited_useful_deadline,unlimited,central_only,targeted_central,all_useful,deadline,-1.0,0.0,0.0,1.0,none,0.0,0,applicable,32.0,0.0,,0.0,299904.0,75625020.0,1591043.2863962676,3410.0,3255.0,0.20458274314915809,99.89247311827957,12.0,100.0,100.0,100.0,100.0,100.0,100.0,100.0,100.0,100.0,0.0,0.0,0.0,0.0,32.0,0.0,36.685416666666825,41.02534722222246,42.17517361111123,48.73472222222627,32.0,0.0,48.73472222222627,86.0,17.719444444444445,0.6676342512758879,1.0,100.0,100.0,6.0,100.0,100.0,16.0,100.0,100.0,9.0,100.0,100.0,COMPLETED,180,10,1000.0,98.6,50.0,90,b1efe92bf3ba0007,False,1.0,1.0,1.0,0.953305035949668,1.0,0.0,0.5,0.5,0.5699020480854853,0.4300979519145147,0.5853916725476358,0.4146083274523642,0.988326258987417,0.2689412558733758,0.7310587441266242,False
T180_P10_H1000_I0986_CN060_F1,California,unlimited_useful_deadline,unlimited,central_only,targeted_central,all_useful,deadline,-1.0,0.0,0.0,1.0,none,0.0,0,applicable,32.0,0.0,,0.0,353840.0,91665172.0,1899014.2047952516,3891.0,3751.0,0.1975235356601467,99.90669154892029,15.0,100.0,100.0,100.0,100.0,100.0,100.0,100.0,100.0,100.0,0.0,0.0,0.0,0.0,32.0,0.0,34.401736111111376,40.5913194444446,41.810625000001046,48.73472222222627,32.0,0.0,48.73472222222627,132.5,20.330555555555556,0.645649071670386,1.0,100.0,100.0,6.0,100.0,100.0,16.0,100.0,100.0,9.0,100.0,100.0,COMPLETED,180,10,1000.0,98.6,60.0,108,f6ee7b858db14006,False,1.0,1.0,1.0,0.953305035949668,1.0,0.0,0.6,0.4,0.6582368655387355,0.3417631344612645,0.6702540578687368,0.3297459421312632,0.988326258987417,0.21430181531850556,0.7856981846814944,False
T180_P10_H1000_I0986_CN070_F1,California,unlimited_useful_deadline,unlimited,central_only,targeted_central,all_useful,deadline,-1.0,0.0,0.0,1.0,none,0.0,0,applicable,32.0,0.0,,0.0,405491.0,108054880.0,2213696.5983942132,4353.0,4231.0,0.19112826947780975,100.0,15.0,100.0,100.0,100.0,100.0,100.0,100.0,100.0,100.0,100.0,0.0,0.0,0.0,0.0,32.0,0.0,31.67638888889075,39.280555555555694,39.67190972222292,40.068750000000605,32.0,0.0,40.068750000000605,100.5,23.108333333333334,0.5313198701767039,1.0,100.0,100.0,6.0,100.0,100.0,16.0,100.0,100.0,9.0,100.0,100.0,COMPLETED,180,10,1000.0,98.6,70.0,126,4fe7e1fece578567,False,1.0,1.0,1.0,0.980016310594838,1.0,0.0,0.7,0.30000000000000004,0.7437221727515583,0.2562778272484417,0.7517642907551164,0.24823570924488358,0.9950040776487095,0.16090270729866507,0.8390972927013349,False
T180_P10_H1000_I0986_CN080_F1,California,unlimited_useful_deadline,unlimited,central_only,targeted_central,all_useful,deadline,-1.0,0.0,0.0,1.0,none,0.0,0,applicable,32.0,0.0,,0.0,449714.0,124110376.0,2521962.121593248,4818.0,4698.0,0.18628352740809767,99.98935717326522,15.0,100.0,100.0,100.0,100.0,100.0,100.0,100.0,100.0,100.0,0.0,0.0,0.0,0.0,32.0,0.0,24.802083333336782,34.95138888889143,35.73472222222643,36.602777777784894,32.0,0.0,36.602777777784894,91.5,25.677777777777777,0.4454288667724411,1.0,100.0,100.0,6.0,100.0,100.0,16.0,100.0,100.0,9.0,100.0,100.0,COMPLETED,180,10,1000.0,98.6,80.0,144,871c43ac9e219c42,False,1.0,1.0,1.0,0.9906995361540767,1.0,0.0,0.8,0.19999999999999996,0.8268922528940338,0.17310774710596621,0.833803810868031,0.16619618913196899,0.9976748840385192,0.10786078724758702,0.892139212752413,False
T180_P10_H1000_I0986_CN090_F1,California,unlimited_useful_deadline,unlimited,central_only,targeted_central,all_useful,deadline,-1.0,0.0,0.0,1.0,none,0.0,0,applicable,32.0,0.0,,0.0,491267.0,140446684.0,2835619.2351922984,5294.0,5191.5,0.18308170348011962,100.0,16.0,100.0,100.0,100.0,100.0,100.0,100.0,100.0,100.0,100.0,0.0,0.0,0.0,0.0,32.0,0.0,24.034375000002235,32.690972222222726,34.38680555557041,36.73472222222238,32.0,0.0,36.73472222222238,107.0,28.358333333333334,0.39205548481187624,1.0,100.0,100.0,6.0,100.0,100.0,16.0,100.0,100.0,9.0,100.0,100.0,COMPLETED,180,10,1000.0,98.6,90.0,162,7b6b5282dc3e4838,False,1.0,1.0,1.0,0.9902928415325275,1.0,0.0,0.9,0.09999999999999998,0.9147818343722173,0.08521816562778273,0.9177840508115738,0.08221594918842623,0.9975732103831318,0.053486822963241795,0.9465131770367582,False
